"sex","age","edu","arear","ethnicity","party_kmt","party_dpp","party_tpp","n","n_wt","n_sources","prop","prop_wt","cell"
"女性","30至39歲","大學及以上","中彰投區","本省閩南人","05","05","05",10,11.2965176898964,3,0.00178571428571429,0.00202642680871141,"女性 | 30至39歲 | 大學及以上 | 中彰投區 | 本省閩南人 | 05 | 05 | 05"
"男性","30至39歲","大學及以上","北北基宜蘭區","本省閩南人","05","05","05",9,10.3514849706255,3,0.00160714285714286,0.00185690203213776,"男性 | 30至39歲 | 大學及以上 | 北北基宜蘭區 | 本省閩南人 | 05 | 05 | 05"
"女性","40至49歲","大學及以上","北北基宜蘭區","本省閩南人","05","05","05",8,7.44672294965509,2,0.00142857142857143,0.00133583104426281,"女性 | 40至49歲 | 大學及以上 | 北北基宜蘭區 | 本省閩南人 | 05 | 05 | 05"
"女性","60歲及以上","小學及以下","高屏區","本省閩南人","00","10","00",8,8.06260992202783,3,0.00142857142857143,0.00144631198239018,"女性 | 60歲及以上 | 小學及以下 | 高屏區 | 本省閩南人 | 00 | 10 | 00"
"男性","20至29歲","大學及以上","中彰投區","本省閩南人","05","05","05",8,11.0895539373135,2,0.00142857142857143,0.00198930059794642,"男性 | 20至29歲 | 大學及以上 | 中彰投區 | 本省閩南人 | 05 | 05 | 05"
"女性","60歲及以上","國、初中","中彰投區","本省閩南人","05","05","05",7,7.11727590073518,3,0.00125,0.00127673315672714,"女性 | 60歲及以上 | 國、初中 | 中彰投區 | 本省閩南人 | 05 | 05 | 05"
"女性","20至29歲","大學及以上","中彰投區","本省閩南人","05","05","05",6,7.60129109987571,3,0.00107142857142857,0.0013635582653391,"女性 | 20至29歲 | 大學及以上 | 中彰投區 | 本省閩南人 | 05 | 05 | 05"
"女性","30至39歲","大學及以上","北北基宜蘭區","本省閩南人","05","05","05",6,7.4381571093249,2,0.00107142857142857,0.00133429446024986,"女性 | 30至39歲 | 大學及以上 | 北北基宜蘭區 | 本省閩南人 | 05 | 05 | 05"
"女性","30至39歲","大學及以上","雲嘉南區","本省閩南人","05","05","05",6,6.22887540946274,3,0.00107142857142857,0.00111736735730056,"女性 | 30至39歲 | 大學及以上 | 雲嘉南區 | 本省閩南人 | 05 | 05 | 05"
"女性","60歲及以上","小學及以下","中彰投區","本省閩南人","05","05","05",6,5.64815693336803,3,0.00107142857142857,0.00101319512293803,"女性 | 60歲及以上 | 小學及以下 | 中彰投區 | 本省閩南人 | 05 | 05 | 05"
"女性","60歲及以上","小學及以下","北北基宜蘭區","本省閩南人","00","10","00",6,6.22565840251101,3,0.00107142857142857,0.00111679027422861,"女性 | 60歲及以上 | 小學及以下 | 北北基宜蘭區 | 本省閩南人 | 00 | 10 | 00"
"女性","60歲及以上","高中、職","北北基宜蘭區","本省閩南人","00","10","00",6,5.75641038785925,2,0.00107142857142857,0.00103261417829106,"女性 | 60歲及以上 | 高中、職 | 北北基宜蘭區 | 本省閩南人 | 00 | 10 | 00"
"男性","30至39歲","大學及以上","中彰投區","本省閩南人","05","05","05",6,6.49712157357774,2,0.00107142857142857,0.00116548671879041,"男性 | 30至39歲 | 大學及以上 | 中彰投區 | 本省閩南人 | 05 | 05 | 05"
"男性","30至39歲","大學及以上","雲嘉南區","本省閩南人","05","05","05",6,5.72314316794314,3,0.00107142857142857,0.00102664653515183,"男性 | 30至39歲 | 大學及以上 | 雲嘉南區 | 本省閩南人 | 05 | 05 | 05"
"男性","40至49歲","高中、職","雲嘉南區","本省閩南人","05","05","05",6,6.24812459530327,3,0.00107142857142857,0.00112082037417743,"男性 | 40至49歲 | 高中、職 | 雲嘉南區 | 本省閩南人 | 05 | 05 | 05"
"男性","50至59歲","國、初中","北北基宜蘭區","本省閩南人","05","05","05",6,8.32571340517733,2,0.00107142857142857,0.00149350882360757,"男性 | 50至59歲 | 國、初中 | 北北基宜蘭區 | 本省閩南人 | 05 | 05 | 05"
"女性","20至29歲","大學及以上","雲嘉南區","本省閩南人","05","05","05",5,6.58774326180039,2,0.000892857142857143,0.00118174289821722,"女性 | 20至29歲 | 大學及以上 | 雲嘉南區 | 本省閩南人 | 05 | 05 | 05"
"女性","40至49歲","大學及以上","中彰投區","本省閩南人","05","05","05",5,4.54274181478572,2,0.000892857142857143,0.000814900135709037,"女性 | 40至49歲 | 大學及以上 | 中彰投區 | 本省閩南人 | 05 | 05 | 05"
"女性","40至49歲","大學及以上","北北基宜蘭區","本省閩南人","00","08","00",5,4.90348807382754,2,0.000892857142857143,0.000879612634775765,"女性 | 40至49歲 | 大學及以上 | 北北基宜蘭區 | 本省閩南人 | 00 | 08 | 00"
"女性","40至49歲","高中、職","北北基宜蘭區","本省閩南人","05","05","05",5,6.82670493671189,3,0.000892857142857143,0.00122460905906326,"女性 | 40至49歲 | 高中、職 | 北北基宜蘭區 | 本省閩南人 | 05 | 05 | 05"
"女性","40至49歲","高中、職","雲嘉南區","本省閩南人","05","05","05",5,5.63773562997189,2,0.000892857142857143,0.00101132569652156,"女性 | 40至49歲 | 高中、職 | 雲嘉南區 | 本省閩南人 | 05 | 05 | 05"
"男性","20至29歲","大學及以上","北北基宜蘭區","本省閩南人","05","05","05",5,6.59004257965192,2,0.000892857142857143,0.00118215536155008,"男性 | 20至29歲 | 大學及以上 | 北北基宜蘭區 | 本省閩南人 | 05 | 05 | 05"
"男性","30至39歲","大學及以上","高屏區","本省閩南人","05","05","05",5,5.76240972837458,2,0.000892857142857143,0.00103369037051141,"男性 | 30至39歲 | 大學及以上 | 高屏區 | 本省閩南人 | 05 | 05 | 05"
"男性","30至39歲","高中、職","中彰投區","本省閩南人","05","05","05",5,6.87870379919807,2,0.000892857142857143,0.00123393687953476,"男性 | 30至39歲 | 高中、職 | 中彰投區 | 本省閩南人 | 05 | 05 | 05"
"男性","40至49歲","大學及以上","雲嘉南區","本省閩南人","05","05","05",5,4.14067345360973,2,0.000892857142857143,0.000742775067755537,"男性 | 40至49歲 | 大學及以上 | 雲嘉南區 | 本省閩南人 | 05 | 05 | 05"
"男性","40至49歲","高中、職","中彰投區","本省閩南人","05","05","05",5,5.55776188996291,3,0.000892857142857143,0.000996979600211535,"男性 | 40至49歲 | 高中、職 | 中彰投區 | 本省閩南人 | 05 | 05 | 05"
"男性","60歲及以上","小學及以下","雲嘉南區","本省閩南人","00","10","00",5,3.8912600885396,3,0.000892857142857143,0.00069803402956099,"男性 | 60歲及以上 | 小學及以下 | 雲嘉南區 | 本省閩南人 | 00 | 10 | 00"
"男性","60歲及以上","高中、職","中彰投區","本省閩南人","00","10","00",5,3.735680348,3,0.000892857142857143,0.000670125344267309,"男性 | 60歲及以上 | 高中、職 | 中彰投區 | 本省閩南人 | 00 | 10 | 00"
"男性","60歲及以上","高中、職","中彰投區","本省閩南人","05","05","05",5,3.789821333,2,0.000892857142857143,0.000679837429572338,"男性 | 60歲及以上 | 高中、職 | 中彰投區 | 本省閩南人 | 05 | 05 | 05"
"女性","20至29歲","大學及以上","北北基宜蘭區","本省閩南人","05","05","05",4,6.48531618748248,2,0.000714285714285714,0.00116336900857853,"女性 | 20至29歲 | 大學及以上 | 北北基宜蘭區 | 本省閩南人 | 05 | 05 | 05"
"女性","20至29歲","大學及以上","桃竹苗區","本省客家人","05","05","05",4,5.71800562276386,2,0.000714285714285714,0.00102572493616283,"女性 | 20至29歲 | 大學及以上 | 桃竹苗區 | 本省客家人 | 05 | 05 | 05"
"女性","20至29歲","大學及以上","高屏區","本省閩南人","05","05","05",4,6.26070179366867,2,0.000714285714285714,0.00112307653600055,"女性 | 20至29歲 | 大學及以上 | 高屏區 | 本省閩南人 | 05 | 05 | 05"
"女性","30至39歲","大學及以上","高屏區","本省閩南人","05","05","05",4,4.39685937322578,2,0.000714285714285714,0.000788731001236584,"女性 | 30至39歲 | 大學及以上 | 高屏區 | 本省閩南人 | 05 | 05 | 05"
"女性","30至39歲","高中、職","桃竹苗區","本省閩南人","05","05","05",4,6.10936398035766,2,0.000714285714285714,0.00109592878919186,"女性 | 30至39歲 | 高中、職 | 桃竹苗區 | 本省閩南人 | 05 | 05 | 05"
"女性","40至49歲","大學及以上","北北基宜蘭區","本省閩南人","00","07","00",4,3.95873502388503,2,0.000714285714285714,0.00071013802670892,"女性 | 40至49歲 | 大學及以上 | 北北基宜蘭區 | 本省閩南人 | 00 | 07 | 00"
"女性","40至49歲","大學及以上","高屏區","本省閩南人","05","05","05",4,3.78214343038658,3,0.000714285714285714,0.000678460128343976,"女性 | 40至49歲 | 大學及以上 | 高屏區 | 本省閩南人 | 05 | 05 | 05"
"女性","50至59歲","大學及以上","北北基宜蘭區","本省閩南人","05","05","05",4,3.4576491472152,2,0.000714285714285714,0.000620250693123049,"女性 | 50至59歲 | 大學及以上 | 北北基宜蘭區 | 本省閩南人 | 05 | 05 | 05"
"女性","50至59歲","專科","北北基宜蘭區","本省閩南人","05","05","05",4,3.78146455387272,2,0.000714285714285714,0.000678338348021468,"女性 | 50至59歲 | 專科 | 北北基宜蘭區 | 本省閩南人 | 05 | 05 | 05"
"女性","50至59歲","高中、職","中彰投區","本省閩南人","05","05","05",4,4.62748993424773,2,0.000714285714285714,0.000830102684492659,"女性 | 50至59歲 | 高中、職 | 中彰投區 | 本省閩南人 | 05 | 05 | 05"
"女性","50至59歲","高中、職","高屏區","本省閩南人","05","05","05",4,5.19902882740695,3,0.000714285714285714,0.000932628238571591,"女性 | 50至59歲 | 高中、職 | 高屏區 | 本省閩南人 | 05 | 05 | 05"
"女性","60歲及以上","國、初中","高屏區","本省閩南人","05","05","05",4,4.60165123859837,2,0.000714285714285714,0.000825467607825375,"女性 | 60歲及以上 | 國、初中 | 高屏區 | 本省閩南人 | 05 | 05 | 05"
"女性","60歲及以上","小學及以下","北北基宜蘭區","本省閩南人","05","05","03",4,4.04307520851101,3,0.000714285714285714,0.000725267398066486,"女性 | 60歲及以上 | 小學及以下 | 北北基宜蘭區 | 本省閩南人 | 05 | 05 | 03"
"女性","60歲及以上","小學及以下","桃竹苗區","本省客家人","05","05","05",4,3.751848105,2,0.000714285714285714,0.00067302559876351,"女性 | 60歲及以上 | 小學及以下 | 桃竹苗區 | 本省客家人 | 05 | 05 | 05"
"女性","60歲及以上","小學及以下","雲嘉南區","本省閩南人","05","05","05",4,3.3191745216761,2,0.000714285714285714,0.000595410410372049,"女性 | 60歲及以上 | 小學及以下 | 雲嘉南區 | 本省閩南人 | 05 | 05 | 05"
"女性","60歲及以上","小學及以下","高屏區","本省閩南人","05","05","05",4,4.12658240401855,2,0.000714285714285714,0.000740247343598562,"女性 | 60歲及以上 | 小學及以下 | 高屏區 | 本省閩南人 | 05 | 05 | 05"
"女性","60歲及以上","高中、職","北北基宜蘭區","本省閩南人","05","05","05",4,3.6398456392395,3,0.000714285714285714,0.000652934026697734,"女性 | 60歲及以上 | 高中、職 | 北北基宜蘭區 | 本省閩南人 | 05 | 05 | 05"
"女性","60歲及以上","高中、職","高屏區","本省閩南人","00","10","00",4,3.87355886100894,2,0.000714285714285714,0.000694858693320219,"女性 | 60歲及以上 | 高中、職 | 高屏區 | 本省閩南人 | 00 | 10 | 00"
"男性","20至29歲","高中、職","高屏區","本省閩南人","05","05","05",4,7.05579519664661,3,0.000714285714285714,0.00126570443527478,"男性 | 20至29歲 | 高中、職 | 高屏區 | 本省閩南人 | 05 | 05 | 05"
"男性","30至39歲","大學及以上","高屏區","本省閩南人","05","05","07",4,4.58007540918729,2,0.000714285714285714,0.000821597225789156,"男性 | 30至39歲 | 大學及以上 | 高屏區 | 本省閩南人 | 05 | 05 | 07"
"男性","30至39歲","高中、職","雲嘉南區","本省閩南人","05","05","05",4,5.582372673061,3,0.000714285714285714,0.00100139440767897,"男性 | 30至39歲 | 高中、職 | 雲嘉南區 | 本省閩南人 | 05 | 05 | 05"
"男性","40至49歲","大學及以上","中彰投區","本省閩南人","05","05","05",4,3.41798222376382,2,0.000714285714285714,0.000613135038608307,"男性 | 40至49歲 | 大學及以上 | 中彰投區 | 本省閩南人 | 05 | 05 | 05"
"男性","40至49歲","大學及以上","北北基宜蘭區","本省閩南人","05","05","05",4,3.41208133199896,2,0.000714285714285714,0.000612076506625631,"男性 | 40至49歲 | 大學及以上 | 北北基宜蘭區 | 本省閩南人 | 05 | 05 | 05"
"男性","40至49歲","大學及以上","桃竹苗區","本省閩南人","05","05","05",4,3.21525426555676,1,0.000714285714285714,0.000576768666185986,"男性 | 40至49歲 | 大學及以上 | 桃竹苗區 | 本省閩南人 | 05 | 05 | 05"
"男性","50至59歲","大學及以上","雲嘉南區","本省閩南人","05","05","05",4,2.41967846023929,2,0.000714285714285714,0.000434054231126107,"男性 | 50至59歲 | 大學及以上 | 雲嘉南區 | 本省閩南人 | 05 | 05 | 05"
"男性","50至59歲","高中、職","高屏區","本省閩南人","05","05","05",4,4.73416790968702,3,0.000714285714285714,0.00084923912239888,"男性 | 50至59歲 | 高中、職 | 高屏區 | 本省閩南人 | 05 | 05 | 05"
"男性","60歲及以上","國、初中","中彰投區","本省閩南人","05","05","05",4,3.66048464494516,3,0.000714285714285714,0.000656636356532042,"男性 | 60歲及以上 | 國、初中 | 中彰投區 | 本省閩南人 | 05 | 05 | 05"
"男性","60歲及以上","國、初中","高屏區","本省閩南人","00","10","00",4,4.09822881398024,2,0.000714285714285714,0.000735161132382496,"男性 | 60歲及以上 | 國、初中 | 高屏區 | 本省閩南人 | 00 | 10 | 00"
"男性","60歲及以上","小學及以下","高屏區","本省閩南人","00","10","00",4,4.03381666452604,2,0.000714285714285714,0.000723606553348156,"男性 | 60歲及以上 | 小學及以下 | 高屏區 | 本省閩南人 | 00 | 10 | 00"
"男性","60歲及以上","高中、職","北北基宜蘭區","本省閩南人","00","10","00",4,3.51756598473306,3,0.000714285714285714,0.000630998880234551,"男性 | 60歲及以上 | 高中、職 | 北北基宜蘭區 | 本省閩南人 | 00 | 10 | 00"
"男性","60歲及以上","高中、職","雲嘉南區","本省閩南人","00","10","00",4,2.74998473429095,2,0.000714285714285714,0.000493306250836793,"男性 | 60歲及以上 | 高中、職 | 雲嘉南區 | 本省閩南人 | 00 | 10 | 00"
"男性","60歲及以上","高中、職","高屏區","本省閩南人","00","10","00",4,3.12807348247103,2,0.000714285714285714,0.000561129733826557,"男性 | 60歲及以上 | 高中、職 | 高屏區 | 本省閩南人 | 00 | 10 | 00"
"女性","30至39歲","大學及以上","北北基宜蘭區","本省客家人","05","05","05",3,3.96325038172996,2,0.000535714285714286,0.000710948014568813,"女性 | 30至39歲 | 大學及以上 | 北北基宜蘭區 | 本省客家人 | 05 | 05 | 05"
"女性","30至39歲","大學及以上","桃竹苗區","本省閩南人","05","05","05",3,3.3487264129167,2,0.000535714285714286,0.000600711578953552,"女性 | 30至39歲 | 大學及以上 | 桃竹苗區 | 本省閩南人 | 05 | 05 | 05"
"女性","40至49歲","大學及以上","桃竹苗區","本省閩南人","05","05","05",3,2.64987669541545,2,0.000535714285714286,0.000475348361572717,"女性 | 40至49歲 | 大學及以上 | 桃竹苗區 | 本省閩南人 | 05 | 05 | 05"
"女性","40至49歲","專科","中彰投區","本省閩南人","05","05","05",3,2.747695255,2,0.000535714285714286,0.000492895552394979,"女性 | 40至49歲 | 專科 | 中彰投區 | 本省閩南人 | 05 | 05 | 05"
"女性","40至49歲","專科","北北基宜蘭區","本省閩南人","05","03","06",3,2.96434630994944,1,0.000535714285714286,0.00053175952073788,"女性 | 40至49歲 | 專科 | 北北基宜蘭區 | 本省閩南人 | 05 | 03 | 06"
"女性","40至49歲","專科","桃竹苗區","本省閩南人","05","05","05",3,2.79079367837476,1,0.000535714285714286,0.000500626766822051,"女性 | 40至49歲 | 專科 | 桃竹苗區 | 本省閩南人 | 05 | 05 | 05"
"女性","50至59歲","專科","中彰投區","本省閩南人","05","05","05",3,2.584907617,2,0.000535714285714286,0.000463693877788206,"女性 | 50至59歲 | 專科 | 中彰投區 | 本省閩南人 | 05 | 05 | 05"
"女性","50至59歲","高中、職","桃竹苗區","本省客家人","05","05","05",3,3.50405595089482,3,0.000535714285714286,0.000628575381638971,"女性 | 50至59歲 | 高中、職 | 桃竹苗區 | 本省客家人 | 05 | 05 | 05"
"女性","60歲及以上","國、初中","北北基宜蘭區","本省客家人","05","05","03",3,4.182479663,2,0.000535714285714286,0.000750274478264567,"女性 | 60歲及以上 | 國、初中 | 北北基宜蘭區 | 本省客家人 | 05 | 05 | 03"
"女性","60歲及以上","國、初中","北北基宜蘭區","本省閩南人","00","10","00",3,2.88993418280827,1,0.000535714285714286,0.000518411094836066,"女性 | 60歲及以上 | 國、初中 | 北北基宜蘭區 | 本省閩南人 | 00 | 10 | 00"
"女性","60歲及以上","國、初中","北北基宜蘭區","本省閩南人","05","05","03",3,3.62062505926943,3,0.000535714285714286,0.000649486141287421,"女性 | 60歲及以上 | 國、初中 | 北北基宜蘭區 | 本省閩南人 | 05 | 05 | 03"
"女性","60歲及以上","國、初中","北北基宜蘭區","本省閩南人","05","05","05",3,3.15361194626943,2,0.000535714285714286,0.000565710953377132,"女性 | 60歲及以上 | 國、初中 | 北北基宜蘭區 | 本省閩南人 | 05 | 05 | 05"
"女性","60歲及以上","國、初中","桃竹苗區","本省客家人","05","05","05",3,3.53038461138268,2,0.000535714285714286,0.000633298350691441,"女性 | 60歲及以上 | 國、初中 | 桃竹苗區 | 本省客家人 | 05 | 05 | 05"
"女性","60歲及以上","國、初中","雲嘉南區","本省閩南人","00","10","00",3,2.61674616323667,2,0.000535714285714286,0.000469405238175141,"女性 | 60歲及以上 | 國、初中 | 雲嘉南區 | 本省閩南人 | 00 | 10 | 00"
"女性","60歲及以上","國、初中","雲嘉南區","本省閩南人","05","05","05",3,2.61674616323667,2,0.000535714285714286,0.000469405238175141,"女性 | 60歲及以上 | 國、初中 | 雲嘉南區 | 本省閩南人 | 05 | 05 | 05"
"女性","60歲及以上","國、初中","高屏區","本省閩南人","00","10","00",3,3.38440410006558,2,0.000535714285714286,0.000607111623967067,"女性 | 60歲及以上 | 國、初中 | 高屏區 | 本省閩南人 | 00 | 10 | 00"
"女性","60歲及以上","大學及以上","北北基宜蘭區","本省閩南人","05","05","05",3,2.18338397179762,2,0.000535714285714286,0.000391666523757028,"女性 | 60歲及以上 | 大學及以上 | 北北基宜蘭區 | 本省閩南人 | 05 | 05 | 05"
"女性","60歲及以上","專科","北北基宜蘭區","本省閩南人","00","10","00",3,2.69991569,2,0.000535714285714286,0.000484324610970157,"女性 | 60歲及以上 | 專科 | 北北基宜蘭區 | 本省閩南人 | 00 | 10 | 00"
"女性","60歲及以上","專科","北北基宜蘭區","本省閩南人","05","05","05",3,2.412040715,2,0.000535714285714286,0.000432684133531797,"女性 | 60歲及以上 | 專科 | 北北基宜蘭區 | 本省閩南人 | 05 | 05 | 05"
"女性","60歲及以上","小學及以下","北北基宜蘭區","本省閩南人","00","09","00",3,2.79073802176651,1,0.000535714285714286,0.000500616782856538,"女性 | 60歲及以上 | 小學及以下 | 北北基宜蘭區 | 本省閩南人 | 00 | 09 | 00"
"女性","60歲及以上","小學及以下","北北基宜蘭區","本省閩南人","05","05","05",3,2.79073802176651,1,0.000535714285714286,0.000500616782856538,"女性 | 60歲及以上 | 小學及以下 | 北北基宜蘭區 | 本省閩南人 | 05 | 05 | 05"
"女性","60歲及以上","小學及以下","雲嘉南區","本省閩南人","00","10","00",3,2.51393269622537,3,0.000535714285714286,0.000450962035449525,"女性 | 60歲及以上 | 小學及以下 | 雲嘉南區 | 本省閩南人 | 00 | 10 | 00"
"女性","60歲及以上","高中、職","中彰投區","本省閩南人","05","05","03",3,2.51334535103906,1,0.000535714285714286,0.000450856674482174,"女性 | 60歲及以上 | 高中、職 | 中彰投區 | 本省閩南人 | 05 | 05 | 03"
"女性","60歲及以上","高中、職","北北基宜蘭區","大陸各省市","05","05","05",3,3.16821977861975,3,0.000535714285714286,0.000568331380654322,"女性 | 60歲及以上 | 高中、職 | 北北基宜蘭區 | 大陸各省市 | 05 | 05 | 05"
"女性","60歲及以上","高中、職","北北基宜蘭區","本省閩南人","05","05","04",3,2.45455590185925,1,0.000535714285714286,0.000440310724025787,"女性 | 60歲及以上 | 高中、職 | 北北基宜蘭區 | 本省閩南人 | 05 | 05 | 04"
"女性","60歲及以上","高中、職","雲嘉南區","本省閩南人","05","05","05",3,2.271576722,3,0.000535714285714286,0.000407486987925728,"女性 | 60歲及以上 | 高中、職 | 雲嘉南區 | 本省閩南人 | 05 | 05 | 05"
"女性","60歲及以上","高中、職","高屏區","本省閩南人","05","05","05",3,2.54891910700447,2,0.000535714285714286,0.0004572380757913,"女性 | 60歲及以上 | 高中、職 | 高屏區 | 本省閩南人 | 05 | 05 | 05"
"男性","20至29歲","大學及以上","雲嘉南區","本省閩南人","05","05","05",3,3.088347164,2,0.000535714285714286,0.000554003424731047,"男性 | 20至29歲 | 大學及以上 | 雲嘉南區 | 本省閩南人 | 05 | 05 | 05"
"男性","20至29歲","大學及以上","高屏區","本省閩南人","05","05","05",3,4.64179249909735,2,0.000535714285714286,0.000832668351332673,"男性 | 20至29歲 | 大學及以上 | 高屏區 | 本省閩南人 | 05 | 05 | 05"
"男性","20至29歲","高中、職","中彰投區","本省閩南人","05","05","05",3,5.995572281896,1,0.000535714285714286,0.00107551625546231,"男性 | 20至29歲 | 高中、職 | 中彰投區 | 本省閩南人 | 05 | 05 | 05"
"男性","20至29歲","高中、職","雲嘉南區","本省閩南人","05","05","05",3,4.71319342937107,3,0.000535714285714286,0.000845476613422415,"男性 | 20至29歲 | 高中、職 | 雲嘉南區 | 本省閩南人 | 05 | 05 | 05"
"男性","20至29歲","高中、職","高屏區","本省閩南人","05","05","06",3,6.24877205064661,2,0.000535714285714286,0.00112093651801053,"男性 | 20至29歲 | 高中、職 | 高屏區 | 本省閩南人 | 05 | 05 | 06"
"男性","30至39歲","大學及以上","北北基宜蘭區","本省閩南人","05","03","05",3,3.48090264089299,2,0.000535714285714286,0.000624422023109725,"男性 | 30至39歲 | 大學及以上 | 北北基宜蘭區 | 本省閩南人 | 05 | 03 | 05"
"男性","40至49歲","大學及以上","中彰投區","本省閩南人","00","08","00",3,2.54373194350921,2,0.000535714285714286,0.000456307576016368,"男性 | 40至49歲 | 大學及以上 | 中彰投區 | 本省閩南人 | 00 | 08 | 00"
"男性","40至49歲","大學及以上","北北基宜蘭區","本省閩南人","03","08","00",3,2.68022812866632,3,0.000535714285714286,0.000480792956067301,"男性 | 40至49歲 | 大學及以上 | 北北基宜蘭區 | 本省閩南人 | 03 | 08 | 00"
"男性","40至49歲","專科","雲嘉南區","本省閩南人","05","05","05",3,2.51151617678032,2,0.000535714285714286,0.000450528547898614,"男性 | 40至49歲 | 專科 | 雲嘉南區 | 本省閩南人 | 05 | 05 | 05"
"男性","40至49歲","高中、職","北北基宜蘭區","本省閩南人","05","05","05",3,4.00957472629936,3,0.000535714285714286,0.000719257911150074,"男性 | 40至49歲 | 高中、職 | 北北基宜蘭區 | 本省閩南人 | 05 | 05 | 05"
"男性","50至59歲","專科","雲嘉南區","本省閩南人","05","05","05",3,2.20849150635788,1,0.000535714285714286,0.000396170441028726,"男性 | 50至59歲 | 專科 | 雲嘉南區 | 本省閩南人 | 05 | 05 | 05"
"男性","60歲及以上","國、初中","北北基宜蘭區","本省閩南人","00","10","00",3,3.00053689006777,2,0.000535714285714286,0.000538251571101347,"男性 | 60歲及以上 | 國、初中 | 北北基宜蘭區 | 本省閩南人 | 00 | 10 | 00"
"男性","60歲及以上","國、初中","雲嘉南區","本省閩南人","00","10","00",3,2.57772255116882,2,0.000535714285714286,0.000462404984128908,"男性 | 60歲及以上 | 國、初中 | 雲嘉南區 | 本省閩南人 | 00 | 10 | 00"
"男性","60歲及以上","國、初中","雲嘉南區","本省閩南人","05","05","05",3,2.38436793350647,1,0.000535714285714286,0.000427720049215773,"男性 | 60歲及以上 | 國、初中 | 雲嘉南區 | 本省閩南人 | 05 | 05 | 05"
"男性","60歲及以上","大學及以上","北北基宜蘭區","本省閩南人","00","09","00",3,1.62135909067625,2,0.000535714285714286,0.000290847641555319,"男性 | 60歲及以上 | 大學及以上 | 北北基宜蘭區 | 本省閩南人 | 00 | 09 | 00"
"男性","60歲及以上","大學及以上","北北基宜蘭區","本省閩南人","03","09","01",3,1.59357965133812,2,0.000535714285714286,0.000285864424412562,"男性 | 60歲及以上 | 大學及以上 | 北北基宜蘭區 | 本省閩南人 | 03 | 09 | 01"
"男性","60歲及以上","專科","北北基宜蘭區","本省閩南人","05","05","05",3,2.5775695810283,2,0.000535714285714286,0.000462377543566941,"男性 | 60歲及以上 | 專科 | 北北基宜蘭區 | 本省閩南人 | 05 | 05 | 05"
"男性","60歲及以上","專科","高屏區","本省閩南人","00","10","00",3,1.898854339,2,0.000535714285714286,0.00034062615082072,"男性 | 60歲及以上 | 專科 | 高屏區 | 本省閩南人 | 00 | 10 | 00"
"男性","60歲及以上","小學及以下","北北基宜蘭區","本省閩南人","05","05","05",3,2.981459018,2,0.000535714285714286,0.000534829285360505,"男性 | 60歲及以上 | 小學及以下 | 北北基宜蘭區 | 本省閩南人 | 05 | 05 | 05"
"男性","60歲及以上","小學及以下","桃竹苗區","本省客家人","05","05","05",3,2.52938500508174,3,0.000535714285714286,0.000453733949218229,"男性 | 60歲及以上 | 小學及以下 | 桃竹苗區 | 本省客家人 | 05 | 05 | 05"
"男性","60歲及以上","小學及以下","雲嘉南區","本省閩南人","05","05","05",3,2.0819778882698,2,0.000535714285714286,0.000373475784640052,"男性 | 60歲及以上 | 小學及以下 | 雲嘉南區 | 本省閩南人 | 05 | 05 | 05"
"男性","60歲及以上","高中、職","北北基宜蘭區","本省閩南人","05","05","05",3,2.55494590236653,2,0.000535714285714286,0.000458319193001714,"男性 | 60歲及以上 | 高中、職 | 北北基宜蘭區 | 本省閩南人 | 05 | 05 | 05"
"男性","60歲及以上","高中、職","雲嘉南區","本省閩南人","05","10","00",3,2.0114627,2,0.000535714285714286,0.000360826411456752,"男性 | 60歲及以上 | 高中、職 | 雲嘉南區 | 本省閩南人 | 05 | 10 | 00"
"男性","60歲及以上","高中、職","高屏區","本省閩南人","05","05","05",3,2.65411110994206,2,0.000535714285714286,0.000476107952391009,"男性 | 60歲及以上 | 高中、職 | 高屏區 | 本省閩南人 | 05 | 05 | 05"
"女性","20至29歲","大學及以上","中彰投區","本省閩南人","03","06","07",2,2.388124871,2,0.000357142857142857,0.000428393987774941,"女性 | 20至29歲 | 大學及以上 | 中彰投區 | 本省閩南人 | 03 | 06 | 07"
"女性","20至29歲","大學及以上","中彰投區","本省閩南人","07","06","07",2,2.388124871,2,0.000357142857142857,0.000428393987774941,"女性 | 20至29歲 | 大學及以上 | 中彰投區 | 本省閩南人 | 07 | 06 | 07"
"女性","20至29歲","大學及以上","北北基宜蘭區","本省閩南人","04","06","03",2,2.80790550874124,2,0.000357142857142857,0.000503696374001242,"女性 | 20至29歲 | 大學及以上 | 北北基宜蘭區 | 本省閩南人 | 04 | 06 | 03"
"女性","20至29歲","大學及以上","北北基宜蘭區","本省閩南人","05","05","06",2,2.99883007748248,1,0.000357142857142857,0.000537945394377225,"女性 | 20至29歲 | 大學及以上 | 北北基宜蘭區 | 本省閩南人 | 05 | 05 | 06"
"女性","20至29歲","大學及以上","桃竹苗區","本省閩南人","05","05","06",2,2.91092481092129,2,0.000357142857142857,0.000522176500486514,"女性 | 20至29歲 | 大學及以上 | 桃竹苗區 | 本省閩南人 | 05 | 05 | 06"
"女性","20至29歲","大學及以上","雲嘉南區","本省閩南人","03","06","05",2,2.3826748449501,2,0.000357142857142857,0.000427416334377773,"女性 | 20至29歲 | 大學及以上 | 雲嘉南區 | 本省閩南人 | 03 | 06 | 05"
"女性","20至29歲","大學及以上","雲嘉南區","本省閩南人","04","06","04",2,2.6191902199501,2,0.000357142857142857,0.000469843665501337,"女性 | 20至29歲 | 大學及以上 | 雲嘉南區 | 本省閩南人 | 04 | 06 | 04"
"女性","20至29歲","大學及以上","雲嘉南區","本省閩南人","05","06","06",2,2.6487479299501,2,0.000357142857142857,0.000475145877881502,"女性 | 20至29歲 | 大學及以上 | 雲嘉南區 | 本省閩南人 | 05 | 06 | 06"
"女性","20至29歲","大學及以上","高屏區","本省閩南人","04","06","05",2,2.47135875,1,0.000357142857142857,0.000443324904401531,"女性 | 20至29歲 | 大學及以上 | 高屏區 | 本省閩南人 | 04 | 06 | 05"
"女性","20至29歲","專科","中彰投區","本省閩南人","05","05","05",2,2.82295422514032,2,0.000357142857142857,0.000506395889301879,"女性 | 20至29歲 | 專科 | 中彰投區 | 本省閩南人 | 05 | 05 | 05"
"女性","20至29歲","專科","北北基宜蘭區","本省閩南人","05","05","05",2,3.74800357670771,2,0.000357142857142857,0.000672335947721285,"女性 | 20至29歲 | 專科 | 北北基宜蘭區 | 本省閩南人 | 05 | 05 | 05"
"女性","20至29歲","專科","高屏區","本省閩南人","05","05","05",2,3.24612165240719,2,0.000357142857142857,0.00058230581506192,"女性 | 20至29歲 | 專科 | 高屏區 | 本省閩南人 | 05 | 05 | 05"
"女性","30至39歲","大學及以上","中彰投區","本省閩南人","04","04","07",2,2.212331395,2,0.000357142857142857,0.000396859259786901,"女性 | 30至39歲 | 大學及以上 | 中彰投區 | 本省閩南人 | 04 | 04 | 07"
"女性","30至39歲","大學及以上","中彰投區","本省閩南人","04","07","05",2,1.871804706,1,0.000357142857142857,0.000335773850051428,"女性 | 30至39歲 | 大學及以上 | 中彰投區 | 本省閩南人 | 04 | 07 | 05"
"女性","30至39歲","大學及以上","北北基宜蘭區","本省閩南人","03","03","03",2,2.45186665572996,1,0.000357142857142857,0.000439828313374894,"女性 | 30至39歲 | 大學及以上 | 北北基宜蘭區 | 本省閩南人 | 03 | 03 | 03"
"女性","30至39歲","大學及以上","北北基宜蘭區","本省閩南人","03","05","04",2,2.45186665572996,1,0.000357142857142857,0.000439828313374894,"女性 | 30至39歲 | 大學及以上 | 北北基宜蘭區 | 本省閩南人 | 03 | 05 | 04"
"女性","30至39歲","大學及以上","北北基宜蘭區","本省閩南人","03","06","05",2,2.659735231,2,0.000357142857142857,0.000477116835836342,"女性 | 30至39歲 | 大學及以上 | 北北基宜蘭區 | 本省閩南人 | 03 | 06 | 05"
"女性","30至39歲","大學及以上","北北基宜蘭區","本省閩南人","04","01","07",2,2.37428483286498,2,0.000357142857142857,0.000425911291329869,"女性 | 30至39歲 | 大學及以上 | 北北基宜蘭區 | 本省閩南人 | 04 | 01 | 07"
"女性","30至39歲","大學及以上","北北基宜蘭區","本省閩南人","04","05","05",2,2.73731705386498,2,0.000357142857142857,0.000491033857881367,"女性 | 30至39歲 | 大學及以上 | 北北基宜蘭區 | 本省閩南人 | 04 | 05 | 05"
"女性","30至39歲","大學及以上","桃竹苗區","大陸各省市","05","05","05",2,2.33965358295835,2,0.000357142857142857,0.000419698961552105,"女性 | 30至39歲 | 大學及以上 | 桃竹苗區 | 大陸各省市 | 05 | 05 | 05"
"女性","30至39歲","大學及以上","桃竹苗區","本省客家人","05","05","05",2,2.45404135595835,2,0.000357142857142857,0.000440218422164584,"女性 | 30至39歲 | 大學及以上 | 桃竹苗區 | 本省客家人 | 05 | 05 | 05"
"女性","30至39歲","大學及以上","桃竹苗區","本省客家人","08","00","08",2,2.599764706,1,0.000357142857142857,0.000466359017991186,"女性 | 30至39歲 | 大學及以上 | 桃竹苗區 | 本省客家人 | 08 | 00 | 08"
"女性","30至39歲","大學及以上","雲嘉南區","本省閩南人","04","04","04",2,2.01169102615425,2,0.000357142857142857,0.000360867369763799,"女性 | 30至39歲 | 大學及以上 | 雲嘉南區 | 本省閩南人 | 04 | 04 | 04"
"女性","30至39歲","大學及以上","雲嘉南區","本省閩南人","05","08","08",2,1.989941641,1,0.000357142857142857,0.000356965854415491,"女性 | 30至39歲 | 大學及以上 | 雲嘉南區 | 本省閩南人 | 05 | 08 | 08"
"女性","30至39歲","專科","北北基宜蘭區","本省閩南人","05","05","05",2,2.65365365654707,1,0.000357142857142857,0.000476025892073946,"女性 | 30至39歲 | 專科 | 北北基宜蘭區 | 本省閩南人 | 05 | 05 | 05"
"女性","30至39歲","高中、職","北北基宜蘭區","本省閩南人","05","05","05",2,3.41278465069097,1,0.000357142857142857,0.000612202671510393,"女性 | 30至39歲 | 高中、職 | 北北基宜蘭區 | 本省閩南人 | 05 | 05 | 05"
"女性","30至39歲","高中、職","桃竹苗區","本省閩南人","05","05","06",2,3.76102042878589,2,0.000357142857142857,0.000674670976863925,"女性 | 30至39歲 | 高中、職 | 桃竹苗區 | 本省閩南人 | 05 | 05 | 06"
"女性","40至49歲","大學及以上","中彰投區","本省閩南人","04","07","02",2,1.86968966519048,1,0.000357142857142857,0.000335394443271783,"女性 | 40至49歲 | 大學及以上 | 中彰投區 | 本省閩南人 | 04 | 07 | 02"
"女性","40至49歲","大學及以上","中彰投區","本省閩南人","05","05","03",2,1.73714979659524,2,0.000357142857142857,0.00031161876741154,"女性 | 40至49歲 | 大學及以上 | 中彰投區 | 本省閩南人 | 05 | 05 | 03"
"女性","40至49歲","大學及以上","北北基宜蘭區","本省閩南人","03","06","02",2,1.82595591188503,1,0.000357142857142857,0.000327549260129814,"女性 | 40至49歲 | 大學及以上 | 北北基宜蘭區 | 本省閩南人 | 03 | 06 | 02"
"女性","40至49歲","大學及以上","北北基宜蘭區","本省閩南人","04","08","04",2,1.82595591188503,1,0.000357142857142857,0.000327549260129814,"女性 | 40至49歲 | 大學及以上 | 北北基宜蘭區 | 本省閩南人 | 04 | 08 | 04"
"女性","40至49歲","大學及以上","北北基宜蘭區","本省閩南人","05","05","03",2,1.82595591188503,1,0.000357142857142857,0.000327549260129814,"女性 | 40至49歲 | 大學及以上 | 北北基宜蘭區 | 本省閩南人 | 05 | 05 | 03"
"女性","40至49歲","大學及以上","北北基宜蘭區","本省閩南人","05","06","05",2,1.82595591188503,1,0.000357142857142857,0.000327549260129814,"女性 | 40至49歲 | 大學及以上 | 北北基宜蘭區 | 本省閩南人 | 05 | 06 | 05"
"女性","40至49歲","大學及以上","桃竹苗區","大陸各省市","05","05","05",2,1.971232845,2,0.000357142857142857,0.00035360977541718,"女性 | 40至49歲 | 大學及以上 | 桃竹苗區 | 大陸各省市 | 05 | 05 | 05"
"女性","40至49歲","大學及以上","桃竹苗區","本省閩南人","06","04","05",2,1.71905225741545,1,0.000357142857142857,0.000308372338771107,"女性 | 40至49歲 | 大學及以上 | 桃竹苗區 | 本省閩南人 | 06 | 04 | 05"
"女性","40至49歲","大學及以上","花東區","本省閩南人","00","07","00",2,1.44607498088177,1,0.000357142857142857,0.000259404286268376,"女性 | 40至49歲 | 大學及以上 | 花東區 | 本省閩南人 | 00 | 07 | 00"
"女性","40至49歲","大學及以上","雲嘉南區","本省閩南人","01","08","00",2,1.61093997796172,1,0.000357142857142857,0.000288978608114457,"女性 | 40至49歲 | 大學及以上 | 雲嘉南區 | 本省閩南人 | 01 | 08 | 00"
"女性","40至49歲","大學及以上","雲嘉南區","本省閩南人","02","06","05",2,1.61093997796172,1,0.000357142857142857,0.000288978608114457,"女性 | 40至49歲 | 大學及以上 | 雲嘉南區 | 本省閩南人 | 02 | 06 | 05"
"女性","40至49歲","大學及以上","雲嘉南區","本省閩南人","05","04","05",2,1.61029077198086,2,0.000357142857142857,0.000288862150243093,"女性 | 40至49歲 | 大學及以上 | 雲嘉南區 | 本省閩南人 | 05 | 04 | 05"
"女性","40至49歲","大學及以上","高屏區","本省閩南人","03","06","05",2,1.864770506,2,0.000357142857142857,0.000334512019472383,"女性 | 40至49歲 | 大學及以上 | 高屏區 | 本省閩南人 | 03 | 06 | 05"
"女性","40至49歲","專科","北北基宜蘭區","本省閩南人","00","10","05",2,2.14398,1,0.000357142857142857,0.000384598038847575,"女性 | 40至49歲 | 專科 | 北北基宜蘭區 | 本省閩南人 | 00 | 10 | 05"
"女性","40至49歲","專科","北北基宜蘭區","本省閩南人","05","05","05",2,2.23860995964981,2,0.000357142857142857,0.000401573242393104,"女性 | 40至49歲 | 專科 | 北北基宜蘭區 | 本省閩南人 | 05 | 05 | 05"
"女性","40至49歲","高中、職","中彰投區","本省閩南人","00","10","00",2,2.60244502938433,1,0.000357142857142857,0.000466839828034698,"女性 | 40至49歲 | 高中、職 | 中彰投區 | 本省閩南人 | 00 | 10 | 00"
"女性","40至49歲","高中、職","中彰投區","本省閩南人","05","05","05",2,2.155028549,1,0.000357142857142857,0.000386579983771273,"女性 | 40至49歲 | 高中、職 | 中彰投區 | 本省閩南人 | 05 | 05 | 05"
"女性","40至49歲","高中、職","雲嘉南區","本省閩南人","01","01","01",2,2.24228802048594,1,0.000357142857142857,0.00040223303165622,"女性 | 40至49歲 | 高中、職 | 雲嘉南區 | 本省閩南人 | 01 | 01 | 01"
"女性","50至59歲","國、初中","中彰投區","本省閩南人","05","05","05",2,2.9614187059119,2,0.000357142857142857,0.000531234352232875,"女性 | 50至59歲 | 國、初中 | 中彰投區 | 本省閩南人 | 05 | 05 | 05"
"女性","50至59歲","國、初中","北北基宜蘭區","本省閩南人","05","05","05",2,3.43233725508181,2,0.000357142857142857,0.000615710117150315,"女性 | 50至59歲 | 國、初中 | 北北基宜蘭區 | 本省閩南人 | 05 | 05 | 05"
"女性","50至59歲","國、初中","雲嘉南區","本省閩南人","05","05","05",2,2.53795812,1,0.000357142857142857,0.000455271838183788,"女性 | 50至59歲 | 國、初中 | 雲嘉南區 | 本省閩南人 | 05 | 05 | 05"
"女性","50至59歲","國、初中","高屏區","本省閩南人","05","05","05",2,3.047726918,2,0.000357142857142857,0.000546716758367971,"女性 | 50至59歲 | 國、初中 | 高屏區 | 本省閩南人 | 05 | 05 | 05"
"女性","50至59歲","大學及以上","中彰投區","本省閩南人","00","09","00",2,1.53119360733162,2,0.000357142857142857,0.00027467329848025,"女性 | 50至59歲 | 大學及以上 | 中彰投區 | 本省閩南人 | 00 | 09 | 00"
"女性","50至59歲","大學及以上","中彰投區","本省閩南人","05","05","05",2,1.53119360733162,2,0.000357142857142857,0.00027467329848025,"女性 | 50至59歲 | 大學及以上 | 中彰投區 | 本省閩南人 | 05 | 05 | 05"
"女性","50至59歲","大學及以上","北北基宜蘭區","本省客家人","05","05","05",2,1.64881436014346,1,0.000357142857142857,0.000295772707457576,"女性 | 50至59歲 | 大學及以上 | 北北基宜蘭區 | 本省客家人 | 05 | 05 | 05"
"女性","50至59歲","大學及以上","北北基宜蘭區","本省閩南人","05","04","03",2,1.83216393707173,2,0.000357142857142857,0.00032866288726809,"女性 | 50至59歲 | 大學及以上 | 北北基宜蘭區 | 本省閩南人 | 05 | 04 | 03"
"女性","50至59歲","大學及以上","雲嘉南區","本省閩南人","05","05","05",2,1.54357069585866,2,0.000357142857142857,0.000276893563582602,"女性 | 50至59歲 | 大學及以上 | 雲嘉南區 | 本省閩南人 | 05 | 05 | 05"
"女性","50至59歲","大學及以上","高屏區","本省客家人","05","05","05",2,1.79632977219242,2,0.000357142857142857,0.000322234772483286,"女性 | 50至59歲 | 大學及以上 | 高屏區 | 本省客家人 | 05 | 05 | 05"
"女性","50至59歲","大學及以上","高屏區","本省閩南人","05","05","05",2,2.08345356838484,1,0.000357142857142857,0.000373740499645888,"女性 | 50至59歲 | 大學及以上 | 高屏區 | 本省閩南人 | 05 | 05 | 05"
"女性","50至59歲","專科","北北基宜蘭區","本省客家人","06","00","03",2,1.78451068924848,1,0.000357142857142857,0.00032011460526101,"女性 | 50至59歲 | 專科 | 北北基宜蘭區 | 本省客家人 | 06 | 00 | 03"
"女性","50至59歲","專科","北北基宜蘭區","本省閩南人","05","06","05",2,1.96424534462424,2,0.000357142857142857,0.000352356322054292,"女性 | 50至59歲 | 專科 | 北北基宜蘭區 | 本省閩南人 | 05 | 06 | 05"
"女性","50至59歲","專科","桃竹苗區","本省客家人","05","05","05",2,1.7901249844604,2,0.000357142857142857,0.000321121726096099,"女性 | 50至59歲 | 專科 | 桃竹苗區 | 本省客家人 | 05 | 05 | 05"
"女性","50至59歲","專科","雲嘉南區","本省閩南人","05","05","05",2,1.67603206538197,2,0.000357142857142857,0.000300655157879998,"女性 | 50至59歲 | 專科 | 雲嘉南區 | 本省閩南人 | 05 | 05 | 05"
"女性","50至59歲","高中、職","北北基宜蘭區","本省閩南人","05","05","03",2,2.751358687,2,0.000357142857142857,0.000493552717463054,"女性 | 50至59歲 | 高中、職 | 北北基宜蘭區 | 本省閩南人 | 05 | 05 | 03"
"女性","50至59歲","高中、職","北北基宜蘭區","本省閩南人","05","06","05",2,2.498832632,1,0.000357142857142857,0.000448253309114602,"女性 | 50至59歲 | 高中、職 | 北北基宜蘭區 | 本省閩南人 | 05 | 06 | 05"
"女性","50至59歲","高中、職","桃竹苗區","本省客家人","05","04","05",2,2.263946592,1,0.000357142857142857,0.000406118256391781,"女性 | 50至59歲 | 高中、職 | 桃竹苗區 | 本省客家人 | 05 | 04 | 05"
"女性","50至59歲","高中、職","雲嘉南區","本省閩南人","03","03","03",2,2.00092776058773,2,0.000357142857142857,0.000358936600433638,"女性 | 50至59歲 | 高中、職 | 雲嘉南區 | 本省閩南人 | 03 | 03 | 03"
"女性","60歲及以上","國、初中","中彰投區","本省閩南人","05","05","03",2,2.26325484691173,2,0.000357142857142857,0.000405994167638932,"女性 | 60歲及以上 | 國、初中 | 中彰投區 | 本省閩南人 | 05 | 05 | 03"
"女性","60歲及以上","國、初中","北北基宜蘭區","本省閩南人","01","09","02",2,2.190300552,1,0.000357142857142857,0.000392907255098443,"女性 | 60歲及以上 | 國、初中 | 北北基宜蘭區 | 本省閩南人 | 01 | 09 | 02"
"女性","60歲及以上","國、初中","北北基宜蘭區","本省閩南人","03","08","00",2,1.92662278853885,1,0.000357142857142857,0.000345607396557378,"女性 | 60歲及以上 | 國、初中 | 北北基宜蘭區 | 本省閩南人 | 03 | 08 | 00"
"女性","60歲及以上","國、初中","桃竹苗區","本省閩南人","00","08","00",2,1.93264041338268,2,0.000357142857142857,0.000346686868713582,"女性 | 60歲及以上 | 國、初中 | 桃竹苗區 | 本省閩南人 | 00 | 08 | 00"
"女性","60歲及以上","國、初中","高屏區","本省閩南人","00","09","00",2,2.16715696153279,2,0.000357142857142857,0.00038875564010876,"女性 | 60歲及以上 | 國、初中 | 高屏區 | 本省閩南人 | 00 | 09 | 00"
"女性","60歲及以上","大學及以上","北北基宜蘭區","大陸各省市","05","05","05",2,1.25184381039881,2,0.000357142857142857,0.000224562110851248,"女性 | 60歲及以上 | 大學及以上 | 北北基宜蘭區 | 大陸各省市 | 05 | 05 | 05"
"女性","60歲及以上","大學及以上","北北基宜蘭區","本省閩南人","05","04","04",2,1.59557036439881,2,0.000357142857142857,0.000286221528648165,"女性 | 60歲及以上 | 大學及以上 | 北北基宜蘭區 | 本省閩南人 | 05 | 04 | 04"
"女性","60歲及以上","大學及以上","北北基宜蘭區","本省閩南人","08","02","05",2,1.31604174539881,2,0.000357142857142857,0.000236078263007081,"女性 | 60歲及以上 | 大學及以上 | 北北基宜蘭區 | 本省閩南人 | 08 | 02 | 05"
"女性","60歲及以上","大學及以上","高屏區","本省閩南人","06","02","04",2,1.35377326673607,2,0.000357142857142857,0.000242846735245184,"女性 | 60歲及以上 | 大學及以上 | 高屏區 | 本省閩南人 | 06 | 02 | 04"
"女性","60歲及以上","專科","北北基宜蘭區","大陸各省市","05","05","05",2,1.2723805554406,1,0.000357142857142857,0.00022824609664747,"女性 | 60歲及以上 | 專科 | 北北基宜蘭區 | 大陸各省市 | 05 | 05 | 05"
"女性","60歲及以上","專科","桃竹苗區","本省閩南人","05","03","04",2,1.19788689961503,1,0.000357142857142857,0.000214883045715511,"女性 | 60歲及以上 | 專科 | 桃竹苗區 | 本省閩南人 | 05 | 03 | 04"
"女性","60歲及以上","小學及以下","中彰投區","本省閩南人","02","08","02",2,1.785087085,1,0.000357142857142857,0.000320218002063048,"女性 | 60歲及以上 | 小學及以下 | 中彰投區 | 本省閩南人 | 02 | 08 | 02"
"女性","60歲及以上","小學及以下","中彰投區","本省閩南人","03","08","02",2,1.81491727568401,2,0.000357142857142857,0.000325569093414423,"女性 | 60歲及以上 | 小學及以下 | 中彰投區 | 本省閩南人 | 03 | 08 | 02"
"女性","60歲及以上","小學及以下","中彰投區","本省閩南人","05","08","05",2,1.81491727568401,2,0.000357142857142857,0.000325569093414423,"女性 | 60歲及以上 | 小學及以下 | 中彰投區 | 本省閩南人 | 05 | 08 | 05"
"女性","60歲及以上","小學及以下","北北基宜蘭區","本省閩南人","03","08","02",2,1.86049201451101,1,0.000357142857142857,0.000333744521904359,"女性 | 60歲及以上 | 小學及以下 | 北北基宜蘭區 | 本省閩南人 | 03 | 08 | 02"
"女性","60歲及以上","小學及以下","北北基宜蘭區","本省閩南人","05","05","04",2,1.9883988922555,2,0.000357142857142857,0.000356689108297725,"女性 | 60歲及以上 | 小學及以下 | 北北基宜蘭區 | 本省閩南人 | 05 | 05 | 04"
"女性","60歲及以上","小學及以下","桃竹苗區","本省客家人","04","09","03",2,1.925767075,2,0.000357142857142857,0.000345453894309756,"女性 | 60歲及以上 | 小學及以下 | 桃竹苗區 | 本省客家人 | 04 | 09 | 03"
"女性","60歲及以上","小學及以下","桃竹苗區","本省客家人","10","00","00",2,1.925767075,2,0.000357142857142857,0.000345453894309756,"女性 | 60歲及以上 | 小學及以下 | 桃竹苗區 | 本省客家人 | 10 | 00 | 00"
"女性","60歲及以上","小學及以下","桃竹苗區","本省閩南人","05","05","00",2,1.925767075,2,0.000357142857142857,0.000345453894309756,"女性 | 60歲及以上 | 小學及以下 | 桃竹苗區 | 本省閩南人 | 05 | 05 | 00"
"女性","60歲及以上","小學及以下","桃竹苗區","本省閩南人","05","05","04",2,1.751566386,1,0.000357142857142857,0.000314204888556299,"女性 | 60歲及以上 | 小學及以下 | 桃竹苗區 | 本省閩南人 | 05 | 05 | 04"
"女性","60歲及以上","小學及以下","桃竹苗區","本省閩南人","05","05","05",2,1.842861964,2,0.000357142857142857,0.000330581953759452,"女性 | 60歲及以上 | 小學及以下 | 桃竹苗區 | 本省閩南人 | 05 | 05 | 05"
"女性","60歲及以上","小學及以下","雲嘉南區","本省閩南人","05","05","01",2,1.64140927245073,1,0.000357142857142857,0.000294444345157499,"女性 | 60歲及以上 | 小學及以下 | 雲嘉南區 | 本省閩南人 | 05 | 05 | 01"
"女性","60歲及以上","小學及以下","雲嘉南區","本省閩南人","05","05","03",2,1.67776524922537,2,0.000357142857142857,0.000300966065214549,"女性 | 60歲及以上 | 小學及以下 | 雲嘉南區 | 本省閩南人 | 05 | 05 | 03"
"女性","60歲及以上","小學及以下","雲嘉南區","本省閩南人","10","10","10",2,1.69322806,2,0.000357142857142857,0.000303739862870775,"女性 | 60歲及以上 | 小學及以下 | 雲嘉南區 | 本省閩南人 | 10 | 10 | 10"
"女性","60歲及以上","小學及以下","高屏區","本省閩南人","00","00","00",2,2.35093096001855,1,0.000357142857142857,0.000421721954817293,"女性 | 60歲及以上 | 小學及以下 | 高屏區 | 本省閩南人 | 00 | 00 | 00"
"女性","60歲及以上","小學及以下","高屏區","本省閩南人","00","10","05",2,2.11183363800928,2,0.000357142857142857,0.000378831460904816,"女性 | 60歲及以上 | 小學及以下 | 高屏區 | 本省閩南人 | 00 | 10 | 05"
"女性","60歲及以上","小學及以下","高屏區","本省閩南人","01","08","00",2,2.35093096001855,1,0.000357142857142857,0.000421721954817293,"女性 | 60歲及以上 | 小學及以下 | 高屏區 | 本省閩南人 | 01 | 08 | 00"
"女性","60歲及以上","高中、職","中彰投區","大陸各省市","10","00","05",2,1.668955854,1,0.000357142857142857,0.000299385791085542,"女性 | 60歲及以上 | 高中、職 | 中彰投區 | 大陸各省市 | 10 | 00 | 05"
"女性","60歲及以上","高中、職","北北基宜蘭區","大陸各省市","09","00","00",2,2.003475038,2,0.000357142857142857,0.000359393544013876,"女性 | 60歲及以上 | 高中、職 | 北北基宜蘭區 | 大陸各省市 | 09 | 00 | 00"
"女性","60歲及以上","高中、職","北北基宜蘭區","本省客家人","05","05","05",2,1.72104217661975,2,0.000357142857142857,0.000308729300600713,"女性 | 60歲及以上 | 高中、職 | 北北基宜蘭區 | 本省客家人 | 05 | 05 | 05"
"女性","60歲及以上","高中、職","北北基宜蘭區","本省閩南人","00","08","00",2,1.91880346261975,2,0.000357142857142857,0.000344204726097021,"女性 | 60歲及以上 | 高中、職 | 北北基宜蘭區 | 本省閩南人 | 00 | 08 | 00"
"女性","60歲及以上","高中、職","北北基宜蘭區","本省閩南人","00","09","00",2,1.6363706012395,1,0.000357142857142857,0.000293540482683858,"女性 | 60歲及以上 | 高中、職 | 北北基宜蘭區 | 本省閩南人 | 00 | 09 | 00"
"女性","60歲及以上","高中、職","北北基宜蘭區","本省閩南人","05","02","01",2,1.72104217661975,2,0.000357142857142857,0.000308729300600713,"女性 | 60歲及以上 | 高中、職 | 北北基宜蘭區 | 本省閩南人 | 05 | 02 | 01"
"女性","60歲及以上","高中、職","北北基宜蘭區","本省閩南人","05","07","04",2,1.72104217661975,2,0.000357142857142857,0.000308729300600713,"女性 | 60歲及以上 | 高中、職 | 北北基宜蘭區 | 本省閩南人 | 05 | 07 | 04"
"女性","60歲及以上","高中、職","北北基宜蘭區","本省閩南人","08","03","05",2,1.91880346261975,2,0.000357142857142857,0.000344204726097021,"女性 | 60歲及以上 | 高中、職 | 北北基宜蘭區 | 本省閩南人 | 08 | 03 | 05"
"女性","60歲及以上","高中、職","雲嘉南區","大陸各省市","00","10","00",2,1.540299533,2,0.000357142857142857,0.000276306765748578,"女性 | 60歲及以上 | 高中、職 | 雲嘉南區 | 大陸各省市 | 00 | 10 | 00"
"女性","60歲及以上","高中、職","雲嘉南區","本省閩南人","00","10","00",2,1.453116858,2,0.000357142857142857,0.000260667494007943,"女性 | 60歲及以上 | 高中、職 | 雲嘉南區 | 本省閩南人 | 00 | 10 | 00"
"女性","60歲及以上","高中、職","雲嘉南區","本省閩南人","05","05","04",2,1.443679338,1,0.000357142857142857,0.000258974543661585,"女性 | 60歲及以上 | 高中、職 | 雲嘉南區 | 本省閩南人 | 05 | 05 | 04"
"女性","60歲及以上","高中、職","高屏區","本省閩南人","05","07","06",2,1.964840765,2,0.000357142857142857,0.000352463131590205,"女性 | 60歲及以上 | 高中、職 | 高屏區 | 本省閩南人 | 05 | 07 | 06"
"男性","20至29歲","大學及以上","中彰投區","本省閩南人","05","04","05",2,2.49282415547336,2,0.000357142857142857,0.000447175478030073,"男性 | 20至29歲 | 大學及以上 | 中彰投區 | 本省閩南人 | 05 | 04 | 05"
"男性","20至29歲","大學及以上","北北基宜蘭區","本省閩南人","01","03","03",2,2.77243021865192,2,0.000357142857142857,0.000497332636001866,"男性 | 20至29歲 | 大學及以上 | 北北基宜蘭區 | 本省閩南人 | 01 | 03 | 03"
"男性","20至29歲","大學及以上","北北基宜蘭區","本省閩南人","03","04","06",2,2.593908136,1,0.000357142857142857,0.000465308436672156,"男性 | 20至29歲 | 大學及以上 | 北北基宜蘭區 | 本省閩南人 | 03 | 04 | 06"
"男性","20至29歲","大學及以上","北北基宜蘭區","本省閩南人","04","05","06",2,2.69918037565192,2,0.000357142857142857,0.000484192706541847,"男性 | 20至29歲 | 大學及以上 | 北北基宜蘭區 | 本省閩南人 | 04 | 05 | 06"
"男性","20至29歲","大學及以上","北北基宜蘭區","本省閩南人","05","04","05",2,2.77243021865192,2,0.000357142857142857,0.000497332636001866,"男性 | 20至29歲 | 大學及以上 | 北北基宜蘭區 | 本省閩南人 | 05 | 04 | 05"
"男性","20至29歲","大學及以上","北北基宜蘭區","本省閩南人","06","04","07",2,2.80445261530383,1,0.000357142857142857,0.000503076976411536,"男性 | 20至29歲 | 大學及以上 | 北北基宜蘭區 | 本省閩南人 | 06 | 04 | 07"
"男性","20至29歲","大學及以上","桃竹苗區","本省客家人","05","05","05",2,2.49858970026433,2,0.000357142857142857,0.000448209730784061,"男性 | 20至29歲 | 大學及以上 | 桃竹苗區 | 本省客家人 | 05 | 05 | 05"
"男性","20至29歲","大學及以上","桃竹苗區","本省閩南人","05","05","05",2,2.64026122852865,1,0.000357142857142857,0.000473623490208587,"男性 | 20至29歲 | 大學及以上 | 桃竹苗區 | 本省閩南人 | 05 | 05 | 05"
"男性","20至29歲","大學及以上","雲嘉南區","本省閩南人","03","02","06",2,2.333140722,2,0.000357142857142857,0.000418530651422408,"男性 | 20至29歲 | 大學及以上 | 雲嘉南區 | 本省閩南人 | 03 | 02 | 06"
"男性","20至29歲","大學及以上","雲嘉南區","本省閩南人","04","04","04",2,2.47421353652963,1,0.000357142857142857,0.000443837010531543,"男性 | 20至29歲 | 大學及以上 | 雲嘉南區 | 本省閩南人 | 04 | 04 | 04"
"男性","20至29歲","大學及以上","高屏區","本省閩南人","04","05","05",2,2.86005106404868,2,0.000357142857142857,0.000513050508977249,"男性 | 20至29歲 | 大學及以上 | 高屏區 | 本省閩南人 | 04 | 05 | 05"
"男性","20至29歲","高中、職","桃竹苗區","本省閩南人","05","05","05",2,3.29432393064887,2,0.000357142857142857,0.000590952584938381,"男性 | 20至29歲 | 高中、職 | 桃竹苗區 | 本省閩南人 | 05 | 05 | 05"
"男性","30至39歲","國、初中","北北基宜蘭區","本省閩南人","05","05","05",2,3.539113506,1,0.000357142857142857,0.00063486418421187,"男性 | 30至39歲 | 國、初中 | 北北基宜蘭區 | 本省閩南人 | 05 | 05 | 05"
"男性","30至39歲","大學及以上","中彰投區","本省客家人","05","05","05",2,2.34786075278887,1,0.000357142857142857,0.000421171205426259,"男性 | 30至39歲 | 大學及以上 | 中彰投區 | 本省客家人 | 05 | 05 | 05"
"男性","30至39歲","大學及以上","中彰投區","本省閩南人","02","07","01",2,2.34786075278887,1,0.000357142857142857,0.000421171205426259,"男性 | 30至39歲 | 大學及以上 | 中彰投區 | 本省閩南人 | 02 | 07 | 01"
"男性","30至39歲","大學及以上","北北基宜蘭區","本省閩南人","02","06","04",2,2.326187481,2,0.000357142857142857,0.000417283343680622,"男性 | 30至39歲 | 大學及以上 | 北北基宜蘭區 | 本省閩南人 | 02 | 06 | 04"
"男性","30至39歲","大學及以上","北北基宜蘭區","本省閩南人","03","00","09",2,2.3344315709465,2,0.000357142857142857,0.000418762210472993,"男性 | 30至39歲 | 大學及以上 | 北北基宜蘭區 | 本省閩南人 | 03 | 00 | 09"
"男性","30至39歲","大學及以上","北北基宜蘭區","本省閩南人","03","05","07",2,2.484914569,2,0.000357142857142857,0.000445756616172337,"男性 | 30至39歲 | 大學及以上 | 北北基宜蘭區 | 本省閩南人 | 03 | 05 | 07"
"男性","30至39歲","大學及以上","北北基宜蘭區","本省閩南人","04","02","07",2,2.2846980499465,2,0.000357142857142857,0.000409840758481097,"男性 | 30至39歲 | 大學及以上 | 北北基宜蘭區 | 本省閩南人 | 04 | 02 | 07"
"男性","30至39歲","大學及以上","北北基宜蘭區","本省閩南人","04","05","05",2,2.593908136,1,0.000357142857142857,0.000465308436672156,"男性 | 30至39歲 | 大學及以上 | 北北基宜蘭區 | 本省閩南人 | 04 | 05 | 05"
"男性","30至39歲","大學及以上","北北基宜蘭區","本省閩南人","05","03","07",2,2.4434251379465,2,0.000357142857142857,0.000438314030972812,"男性 | 30至39歲 | 大學及以上 | 北北基宜蘭區 | 本省閩南人 | 05 | 03 | 07"
"男性","30至39歲","大學及以上","桃竹苗區","本省閩南人","00","06","07",2,2.062471138,1,0.000357142857142857,0.000369976564545623,"男性 | 30至39歲 | 大學及以上 | 桃竹苗區 | 本省閩南人 | 00 | 06 | 07"
"男性","30至39歲","大學及以上","桃竹苗區","本省閩南人","04","04","06",2,2.11058456533937,2,0.000357142857142857,0.000378607395895243,"男性 | 30至39歲 | 大學及以上 | 桃竹苗區 | 本省閩南人 | 04 | 04 | 06"
"男性","30至39歲","大學及以上","桃竹苗區","本省閩南人","05","05","05",2,2.11058456533937,2,0.000357142857142857,0.000378607395895243,"男性 | 30至39歲 | 大學及以上 | 桃竹苗區 | 本省閩南人 | 05 | 05 | 05"
"男性","30至39歲","大學及以上","雲嘉南區","本省閩南人","00","05","02",2,2.02293611596209,1,0.000357142857142857,0.000362884571177413,"男性 | 30至39歲 | 大學及以上 | 雲嘉南區 | 本省閩南人 | 00 | 05 | 02"
"男性","30至39歲","大學及以上","雲嘉南區","本省閩南人","00","08","02",2,2.02293611596209,1,0.000357142857142857,0.000362884571177413,"男性 | 30至39歲 | 大學及以上 | 雲嘉南區 | 本省閩南人 | 00 | 08 | 02"
"男性","30至39歲","大學及以上","雲嘉南區","本省閩南人","03","03","05",2,2.02293611596209,1,0.000357142857142857,0.000362884571177413,"男性 | 30至39歲 | 大學及以上 | 雲嘉南區 | 本省閩南人 | 03 | 03 | 05"
"男性","30至39歲","大學及以上","雲嘉南區","本省閩南人","05","01","04",2,1.972397174,1,0.000357142857142857,0.000353818638676153,"男性 | 30至39歲 | 大學及以上 | 雲嘉南區 | 本省閩南人 | 05 | 01 | 04"
"男性","30至39歲","大學及以上","高屏區","本省閩南人","03","03","05",2,2.40369957918729,2,0.000357142857142857,0.000431187858158272,"男性 | 30至39歲 | 大學及以上 | 高屏區 | 本省閩南人 | 03 | 03 | 05"
"男性","30至39歲","專科","中彰投區","本省閩南人","05","05","05",2,2.54108813672278,1,0.000357142857142857,0.000455833316505947,"男性 | 30至39歲 | 專科 | 中彰投區 | 本省閩南人 | 05 | 05 | 05"
"男性","30至39歲","高中、職","北北基宜蘭區","本省閩南人","05","10","05",2,3.938046484,1,0.000357142857142857,0.000706426811181535,"男性 | 30至39歲 | 高中、職 | 北北基宜蘭區 | 本省閩南人 | 05 | 10 | 05"
"男性","30至39歲","高中、職","高屏區","本省閩南人","05","05","05",2,4.03289763138213,1,0.000357142857142857,0.000723441692507671,"男性 | 30至39歲 | 高中、職 | 高屏區 | 本省閩南人 | 05 | 05 | 05"
"男性","40至49歲","國、初中","北北基宜蘭區","本省閩南人","05","05","05",2,3.470824638,2,0.000357142857142857,0.000622614179683879,"男性 | 40至49歲 | 國、初中 | 北北基宜蘭區 | 本省閩南人 | 05 | 05 | 05"
"男性","40至49歲","大學及以上","中彰投區","本省閩南人","03","08","05",2,1.5192268052546,2,0.000357142857142857,0.000272526632648433,"男性 | 40至49歲 | 大學及以上 | 中彰投區 | 本省閩南人 | 03 | 08 | 05"
"男性","40至49歲","大學及以上","中彰投區","本省閩南人","05","03","05",2,1.74850056050921,1,0.000357142857142857,0.000313654925183876,"男性 | 40至49歲 | 大學及以上 | 中彰投區 | 本省閩南人 | 05 | 03 | 05"
"男性","40至49歲","大學及以上","中彰投區","本省閩南人","06","06","03",2,1.5192268052546,2,0.000357142857142857,0.000272526632648433,"男性 | 40至49歲 | 大學及以上 | 中彰投區 | 本省閩南人 | 06 | 06 | 03"
"男性","40至49歲","大學及以上","中彰投區","本省閩南人","07","03","06",2,1.74850056050921,1,0.000357142857142857,0.000313654925183876,"男性 | 40至49歲 | 大學及以上 | 中彰投區 | 本省閩南人 | 07 | 03 | 06"
"男性","40至49歲","大學及以上","北北基宜蘭區","本省閩南人","00","10","00",2,1.70447980066632,2,0.000357142857142857,0.000305758257349216,"男性 | 40至49歲 | 大學及以上 | 北北基宜蘭區 | 本省閩南人 | 00 | 10 | 00"
"男性","40至49歲","大學及以上","北北基宜蘭區","本省閩南人","03","01","06",2,1.70760153133264,1,0.000357142857142857,0.000306318249276415,"男性 | 40至49歲 | 大學及以上 | 北北基宜蘭區 | 本省閩南人 | 03 | 01 | 06"
"男性","40至49歲","大學及以上","北北基宜蘭區","本省閩南人","03","03","03",2,1.82954909366632,2,0.000357142857142857,0.000328193823356293,"男性 | 40至49歲 | 大學及以上 | 北北基宜蘭區 | 本省閩南人 | 03 | 03 | 03"
"男性","40至49歲","大學及以上","北北基宜蘭區","本省閩南人","04","07","06",2,1.826427363,2,0.000357142857142857,0.000327633831429093,"男性 | 40至49歲 | 大學及以上 | 北北基宜蘭區 | 本省閩南人 | 04 | 07 | 06"
"男性","40至49歲","大學及以上","北北基宜蘭區","本省閩南人","05","00","10",2,1.82954909366632,2,0.000357142857142857,0.000328193823356293,"男性 | 40至49歲 | 大學及以上 | 北北基宜蘭區 | 本省閩南人 | 05 | 00 | 10"
"男性","40至49歲","大學及以上","北北基宜蘭區","本省閩南人","05","05","06",2,1.99202774566632,2,0.000357142857142857,0.000357340070482571,"男性 | 40至49歲 | 大學及以上 | 北北基宜蘭區 | 本省閩南人 | 05 | 05 | 06"
"男性","40至49歲","大學及以上","北北基宜蘭區","本省閩南人","06","05","06",2,1.988906015,2,0.000357142857142857,0.000356780078555371,"男性 | 40至49歲 | 大學及以上 | 北北基宜蘭區 | 本省閩南人 | 06 | 05 | 06"
"男性","40至49歲","大學及以上","北北基宜蘭區","本省閩南人","07","03","06",2,1.70447980066632,2,0.000357142857142857,0.000305758257349216,"男性 | 40至49歲 | 大學及以上 | 北北基宜蘭區 | 本省閩南人 | 07 | 03 | 06"
"男性","40至49歲","大學及以上","桃竹苗區","本省客家人","03","03","03",2,1.68784320238919,2,0.000357142857142857,0.000302773899719724,"男性 | 40至49歲 | 大學及以上 | 桃竹苗區 | 本省客家人 | 03 | 03 | 03"
"男性","40至49歲","大學及以上","桃竹苗區","本省客家人","04","03","05",2,1.60762713277838,1,0.000357142857142857,0.000288384333092993,"男性 | 40至49歲 | 大學及以上 | 桃竹苗區 | 本省客家人 | 04 | 03 | 05"
"男性","40至49歲","大學及以上","桃竹苗區","本省閩南人","06","03","05",2,1.463271896,1,0.000357142857142857,0.000262489156383162,"男性 | 40至49歲 | 大學及以上 | 桃竹苗區 | 本省閩南人 | 06 | 03 | 05"
"男性","40至49歲","大學及以上","雲嘉南區","本省閩南人","04","05","05",2,1.38585722580487,2,0.000357142857142857,0.000248602119034362,"男性 | 40至49歲 | 大學及以上 | 雲嘉南區 | 本省閩南人 | 04 | 05 | 05"
"男性","40至49歲","大學及以上","雲嘉南區","本省閩南人","06","02","06",2,1.422912289,2,0.000357142857142857,0.00025524924476978,"男性 | 40至49歲 | 大學及以上 | 雲嘉南區 | 本省閩南人 | 06 | 02 | 06"
"男性","40至49歲","大學及以上","高屏區","本省閩南人","00","08","00",2,2.03387929829178,2,0.000357142857142857,0.00036484761489179,"男性 | 40至49歲 | 大學及以上 | 高屏區 | 本省閩南人 | 00 | 08 | 00"
"男性","40至49歲","大學及以上","高屏區","本省閩南人","00","10","00",2,1.89755426629178,2,0.000357142857142857,0.000340392937164837,"男性 | 40至49歲 | 大學及以上 | 高屏區 | 本省閩南人 | 00 | 10 | 00"
"男性","40至49歲","大學及以上","高屏區","本省閩南人","02","08","00",2,1.78727080029178,2,0.000357142857142857,0.000320609728020669,"男性 | 40至49歲 | 大學及以上 | 高屏區 | 本省閩南人 | 02 | 08 | 00"
"男性","40至49歲","大學及以上","高屏區","本省閩南人","05","05","05",2,1.78727080029178,2,0.000357142857142857,0.000320609728020669,"男性 | 40至49歲 | 大學及以上 | 高屏區 | 本省閩南人 | 05 | 05 | 05"
"男性","40至49歲","專科","中彰投區","本省閩南人","05","05","05",2,1.731930484,1,0.000357142857142857,0.00031068250056751,"男性 | 40至49歲 | 專科 | 中彰投區 | 本省閩南人 | 05 | 05 | 05"
"男性","40至49歲","高中、職","中彰投區","本省閩南人","05","00","05",2,2.43376035996291,1,0.000357142857142857,0.000436580313933294,"男性 | 40至49歲 | 高中、職 | 中彰投區 | 本省閩南人 | 05 | 00 | 05"
"男性","40至49歲","高中、職","北北基宜蘭區","本省閩南人","04","05","05",2,2.59840149429936,2,0.000357142857142857,0.000466114478141653,"男性 | 40至49歲 | 高中、職 | 北北基宜蘭區 | 本省閩南人 | 04 | 05 | 05"
"男性","40至49歲","高中、職","北北基宜蘭區","本省閩南人","06","05","05",2,2.419464564,1,0.000357142857142857,0.000434015861330611,"男性 | 40至49歲 | 高中、職 | 北北基宜蘭區 | 本省閩南人 | 06 | 05 | 05"
"男性","40至49歲","高中、職","高屏區","本省閩南人","00","05","00",2,2.51669713665277,2,0.000357142857142857,0.000451457934836128,"男性 | 40至49歲 | 高中、職 | 高屏區 | 本省閩南人 | 00 | 05 | 00"
"男性","50至59歲","大學及以上","中彰投區","本省閩南人","02","08","00",2,1.32945662031247,2,0.000357142857142857,0.000238484691510696,"男性 | 50至59歲 | 大學及以上 | 中彰投區 | 本省閩南人 | 02 | 08 | 00"
"男性","50至59歲","大學及以上","北北基宜蘭區","本省閩南人","00","08","00",2,1.71112053,2,0.000357142857142857,0.000306949505158548,"男性 | 50至59歲 | 大學及以上 | 北北基宜蘭區 | 本省閩南人 | 00 | 08 | 00"
"男性","50至59歲","大學及以上","北北基宜蘭區","本省閩南人","00","09","00",2,1.48321968450053,2,0.000357142857142857,0.000266067492158987,"男性 | 50至59歲 | 大學及以上 | 北北基宜蘭區 | 本省閩南人 | 00 | 09 | 00"
"男性","50至59歲","大學及以上","北北基宜蘭區","本省閩南人","05","05","04",2,1.76984274450053,2,0.000357142857142857,0.000317483394716142,"男性 | 50至59歲 | 大學及以上 | 北北基宜蘭區 | 本省閩南人 | 05 | 05 | 04"
"男性","50至59歲","大學及以上","北北基宜蘭區","本省閩南人","05","05","05",2,1.76984274450053,2,0.000357142857142857,0.000317483394716142,"男性 | 50至59歲 | 大學及以上 | 北北基宜蘭區 | 本省閩南人 | 05 | 05 | 05"
"男性","50至59歲","大學及以上","雲嘉南區","本省閩南人","02","08","05",2,1.36037011223929,1,0.000357142857142857,0.000244030110949769,"男性 | 50至59歲 | 大學及以上 | 雲嘉南區 | 本省閩南人 | 02 | 08 | 05"
"男性","50至59歲","大學及以上","高屏區","本省閩南人","06","03","08",2,1.81229128366814,2,0.000357142857142857,0.000325098029608169,"男性 | 50至59歲 | 大學及以上 | 高屏區 | 本省閩南人 | 06 | 03 | 08"
"男性","50至59歲","專科","中彰投區","本省閩南人","05","05","05",2,1.316676868,1,0.000357142857142857,0.000236192194530158,"男性 | 50至59歲 | 專科 | 中彰投區 | 本省閩南人 | 05 | 05 | 05"
"男性","50至59歲","專科","北北基宜蘭區","本省閩南人","05","05","05",2,1.66884269538269,1,0.000357142857142857,0.00029936549211713,"男性 | 50至59歲 | 專科 | 北北基宜蘭區 | 本省閩南人 | 05 | 05 | 05"
"男性","50至59歲","高中、職","北北基宜蘭區","大陸各省市","08","00","05",2,2.14624870927227,1,0.000357142857142857,0.000385005011457781,"男性 | 50至59歲 | 高中、職 | 北北基宜蘭區 | 大陸各省市 | 08 | 00 | 05"
"男性","50至59歲","高中、職","北北基宜蘭區","本省閩南人","05","05","05",2,2.41894026,2,0.000357142857142857,0.000433921809011951,"男性 | 50至59歲 | 高中、職 | 北北基宜蘭區 | 本省閩南人 | 05 | 05 | 05"
"男性","50至59歲","高中、職","雲嘉南區","本省閩南人","00","10","00",2,1.89351661007308,1,0.000357142857142857,0.000339668641852729,"男性 | 50至59歲 | 高中、職 | 雲嘉南區 | 本省閩南人 | 00 | 10 | 00"
"男性","50至59歲","高中、職","雲嘉南區","本省閩南人","05","03","00",2,1.982887748,1,0.000357142857142857,0.000355700491205927,"男性 | 50至59歲 | 高中、職 | 雲嘉南區 | 本省閩南人 | 05 | 03 | 00"
"男性","50至59歲","高中、職","雲嘉南區","本省閩南人","05","05","05",2,1.89351661007308,1,0.000357142857142857,0.000339668641852729,"男性 | 50至59歲 | 高中、職 | 雲嘉南區 | 本省閩南人 | 05 | 05 | 05"
"男性","50至59歲","高中、職","高屏區","本省閩南人","00","10","00",2,2.33910061734351,2,0.000357142857142857,0.000419599767767174,"男性 | 50至59歲 | 高中、職 | 高屏區 | 本省閩南人 | 00 | 10 | 00"
"男性","60歲及以上","國、初中","中彰投區","本省閩南人","00","09","00",2,1.84489724189031,1,0.000357142857142857,0.000330947052260895,"男性 | 60歲及以上 | 國、初中 | 中彰投區 | 本省閩南人 | 00 | 09 | 00"
"男性","60歲及以上","國、初中","中彰投區","本省閩南人","05","02","05",2,1.83700988494516,2,0.000357142857142857,0.00032953217804901,"男性 | 60歲及以上 | 國、初中 | 中彰投區 | 本省閩南人 | 05 | 02 | 05"
"男性","60歲及以上","國、初中","北北基宜蘭區","本省閩南人","04","07","03",2,2.02303770703388,2,0.000357142857142857,0.000362902795100666,"男性 | 60歲及以上 | 國、初中 | 北北基宜蘭區 | 本省閩南人 | 04 | 07 | 03"
"男性","60歲及以上","國、初中","雲嘉南區","本省閩南人","03","05","03",2,1.70369793516882,2,0.000357142857142857,0.000305618002338917,"男性 | 60歲及以上 | 國、初中 | 雲嘉南區 | 本省閩南人 | 03 | 05 | 03"
"男性","60歲及以上","國、初中","雲嘉南區","本省閩南人","06","05","03",2,1.800375244,2,0.000357142857142857,0.000322960469795485,"男性 | 60歲及以上 | 國、初中 | 雲嘉南區 | 本省閩南人 | 06 | 05 | 03"
"男性","60歲及以上","國、初中","高屏區","本省客家人","05","05","05",2,1.883069746,1,0.000357142857142857,0.000337794630231999,"男性 | 60歲及以上 | 國、初中 | 高屏區 | 本省客家人 | 05 | 05 | 05"
"男性","60歲及以上","國、初中","高屏區","本省閩南人","05","05","00",2,2.44128866899012,2,0.000357142857142857,0.000437930780303177,"男性 | 60歲及以上 | 國、初中 | 高屏區 | 本省閩南人 | 05 | 05 | 00"
"男性","60歲及以上","國、初中","高屏區","本省閩南人","05","05","05",2,2.07988277299012,2,0.000357142857142857,0.000373099952203311,"男性 | 60歲及以上 | 國、初中 | 高屏區 | 本省閩南人 | 05 | 05 | 05"
"男性","60歲及以上","大學及以上","北北基宜蘭區","大陸各省市","06","00","04",2,1.27152050433812,2,0.000357142857142857,0.000228091816305619,"男性 | 60歲及以上 | 大學及以上 | 北北基宜蘭區 | 大陸各省市 | 06 | 00 | 04"
"男性","60歲及以上","大學及以上","北北基宜蘭區","大陸各省市","08","00","05",2,1.07164624733812,2,0.000357142857142857,0.000192237355322627,"男性 | 60歲及以上 | 大學及以上 | 北北基宜蘭區 | 大陸各省市 | 08 | 00 | 05"
"男性","60歲及以上","大學及以上","北北基宜蘭區","本省閩南人","00","10","00",2,1.243741065,2,0.000357142857142857,0.000223108599162863,"男性 | 60歲及以上 | 大學及以上 | 北北基宜蘭區 | 本省閩南人 | 00 | 10 | 00"
"男性","60歲及以上","大學及以上","北北基宜蘭區","本省閩南人","02","08","01",2,1.09942568667625,1,0.000357142857142857,0.000197220572465384,"男性 | 60歲及以上 | 大學及以上 | 北北基宜蘭區 | 本省閩南人 | 02 | 08 | 01"
"男性","60歲及以上","大學及以上","北北基宜蘭區","本省閩南人","02","08","02",2,1.09942568667625,1,0.000357142857142857,0.000197220572465384,"男性 | 60歲及以上 | 大學及以上 | 北北基宜蘭區 | 本省閩南人 | 02 | 08 | 02"
"男性","60歲及以上","大學及以上","北北基宜蘭區","本省閩南人","06","03","06",2,1.07164624733812,2,0.000357142857142857,0.000192237355322627,"男性 | 60歲及以上 | 大學及以上 | 北北基宜蘭區 | 本省閩南人 | 06 | 03 | 06"
"男性","60歲及以上","大學及以上","北北基宜蘭區","本省閩南人","08","03","05",2,1.09942568667625,1,0.000357142857142857,0.000197220572465384,"男性 | 60歲及以上 | 大學及以上 | 北北基宜蘭區 | 本省閩南人 | 08 | 03 | 05"
"男性","60歲及以上","大學及以上","桃竹苗區","本省閩南人","05","05","05",2,1.035057964,1,0.000357142857142857,0.000185673962932473,"男性 | 60歲及以上 | 大學及以上 | 桃竹苗區 | 本省閩南人 | 05 | 05 | 05"
"男性","60歲及以上","大學及以上","雲嘉南區","本省閩南人","00","09","00",2,0.969962516584739,1,0.000357142857142857,0.000173996810433935,"男性 | 60歲及以上 | 大學及以上 | 雲嘉南區 | 本省閩南人 | 00 | 09 | 00"
"男性","60歲及以上","大學及以上","雲嘉南區","本省閩南人","00","10","00",2,0.969962516584739,1,0.000357142857142857,0.000173996810433935,"男性 | 60歲及以上 | 大學及以上 | 雲嘉南區 | 本省閩南人 | 00 | 10 | 00"
"男性","60歲及以上","大學及以上","高屏區","本省閩南人","01","05","01",2,1.53270796491415,2,0.000357142857142857,0.000274944951646956,"男性 | 60歲及以上 | 大學及以上 | 高屏區 | 本省閩南人 | 01 | 05 | 01"
"男性","60歲及以上","專科","中彰投區","本省閩南人","00","10","00",2,1.19747432988951,2,0.000357142857142857,0.000214809036859401,"男性 | 60歲及以上 | 專科 | 中彰投區 | 本省閩南人 | 00 | 10 | 00"
"男性","60歲及以上","專科","中彰投區","本省閩南人","05","05","05",2,1.21840735577902,1,0.000357142857142857,0.000218564109529972,"男性 | 60歲及以上 | 專科 | 中彰投區 | 本省閩南人 | 05 | 05 | 05"
"男性","60歲及以上","專科","中彰投區","本省閩南人","07","05","06",2,1.21840735577902,1,0.000357142857142857,0.000218564109529972,"男性 | 60歲及以上 | 專科 | 中彰投區 | 本省閩南人 | 07 | 05 | 06"
"男性","60歲及以上","專科","北北基宜蘭區","本省閩南人","02","08","00",2,1.18990769205661,1,0.000357142857142857,0.000213451694873374,"男性 | 60歲及以上 | 專科 | 北北基宜蘭區 | 本省閩南人 | 02 | 08 | 00"
"男性","60歲及以上","專科","北北基宜蘭區","本省閩南人","07","05","06",2,1.3809645080283,2,0.000357142857142857,0.000247724438430299,"男性 | 60歲及以上 | 專科 | 北北基宜蘭區 | 本省閩南人 | 07 | 05 | 06"
"男性","60歲及以上","專科","雲嘉南區","本省閩南人","00","10","00",2,1.109804293,2,0.000357142857142857,0.000199082339663812,"男性 | 60歲及以上 | 專科 | 雲嘉南區 | 本省閩南人 | 00 | 10 | 00"
"男性","60歲及以上","專科","雲嘉南區","本省閩南人","05","05","05",2,1.109804293,2,0.000357142857142857,0.000199082339663812,"男性 | 60歲及以上 | 專科 | 雲嘉南區 | 本省閩南人 | 05 | 05 | 05"
"男性","60歲及以上","專科","高屏區","大陸各省市","08","02","05",2,1.28165694012131,2,0.000357142857142857,0.000229910141720556,"男性 | 60歲及以上 | 專科 | 高屏區 | 大陸各省市 | 08 | 02 | 05"
"男性","60歲及以上","專科","高屏區","本省閩南人","03","07","03",2,1.50357583424261,1,0.000357142857142857,0.000269719081851656,"男性 | 60歲及以上 | 專科 | 高屏區 | 本省閩南人 | 03 | 07 | 03"
"男性","60歲及以上","專科","高屏區","本省閩南人","05","05","05",2,1.41127719612131,2,0.000357142857142857,0.000253162082621367,"男性 | 60歲及以上 | 專科 | 高屏區 | 本省閩南人 | 05 | 05 | 05"
"男性","60歲及以上","小學及以下","中彰投區","本省閩南人","00","10","00",2,2.07368142,2,0.000357142857142857,0.0003719875219576,"男性 | 60歲及以上 | 小學及以下 | 中彰投區 | 本省閩南人 | 00 | 10 | 00"
"男性","60歲及以上","小學及以下","中彰投區","本省閩南人","05","05","05",2,1.781571674,1,0.000357142857142857,0.000319587389754938,"男性 | 60歲及以上 | 小學及以下 | 中彰投區 | 本省閩南人 | 05 | 05 | 05"
"男性","60歲及以上","小學及以下","北北基宜蘭區","本省客家人","05","05","04",2,1.91877314249339,2,0.000357142857142857,0.000344199287118516,"男性 | 60歲及以上 | 小學及以下 | 北北基宜蘭區 | 本省客家人 | 05 | 05 | 04"
"男性","60歲及以上","小學及以下","北北基宜蘭區","本省閩南人","00","10","00",2,2.32136155949339,2,0.000357142857142857,0.000416417645331256,"男性 | 60歲及以上 | 小學及以下 | 北北基宜蘭區 | 本省閩南人 | 00 | 10 | 00"
"男性","60歲及以上","小學及以下","北北基宜蘭區","本省閩南人","02","09","00",2,1.73989908098678,1,0.000357142857142857,0.000312111948031331,"男性 | 60歲及以上 | 小學及以下 | 北北基宜蘭區 | 本省閩南人 | 02 | 09 | 00"
"男性","60歲及以上","小學及以下","桃竹苗區","本省客家人","10","00","00",2,1.761013948,1,0.000357142857142857,0.000315899640287701,"男性 | 60歲及以上 | 小學及以下 | 桃竹苗區 | 本省客家人 | 10 | 00 | 00"
"男性","60歲及以上","小學及以下","桃竹苗區","本省閩南人","00","10","00",2,1.76925284208174,2,0.000357142857142857,0.000317377575019419,"男性 | 60歲及以上 | 小學及以下 | 桃竹苗區 | 本省閩南人 | 00 | 10 | 00"
"男性","60歲及以上","小學及以下","桃竹苗區","本省閩南人","05","05","05",2,1.63803376816347,1,0.000357142857142857,0.000293838830027227,"男性 | 60歲及以上 | 小學及以下 | 桃竹苗區 | 本省閩南人 | 05 | 05 | 05"
"男性","60歲及以上","小學及以下","高屏區","本省閩南人","05","05","05",2,1.97927257617535,2,0.000357142857142857,0.000355051983293607,"男性 | 60歲及以上 | 小學及以下 | 高屏區 | 本省閩南人 | 05 | 05 | 05"
"男性","60歲及以上","高中、職","中彰投區","本省閩南人","08","09","07",2,1.738629816,1,0.000357142857142857,0.000311884260821239,"男性 | 60歲及以上 | 高中、職 | 中彰投區 | 本省閩南人 | 08 | 09 | 07"
"男性","60歲及以上","高中、職","北北基宜蘭區","本省閩南人","00","05","00",2,1.53030471673306,1,0.000357142857142857,0.000274513844762884,"男性 | 60歲及以上 | 高中、職 | 北北基宜蘭區 | 本省閩南人 | 00 | 05 | 00"
"男性","60歲及以上","高中、職","北北基宜蘭區","本省閩南人","00","10","02",2,1.66004913036653,2,0.000357142857142857,0.000297788057691578,"男性 | 60歲及以上 | 高中、職 | 北北基宜蘭區 | 本省閩南人 | 00 | 10 | 02"
"男性","60歲及以上","高中、職","北北基宜蘭區","本省閩南人","02","08","02",2,1.63024762236653,2,0.000357142857142857,0.000292442111585971,"男性 | 60歲及以上 | 高中、職 | 北北基宜蘭區 | 本省閩南人 | 02 | 08 | 02"
"男性","60歲及以上","高中、職","北北基宜蘭區","本省閩南人","05","05","03",2,1.53030471673306,1,0.000357142857142857,0.000274513844762884,"男性 | 60歲及以上 | 高中、職 | 北北基宜蘭區 | 本省閩南人 | 05 | 05 | 03"
"男性","60歲及以上","高中、職","北北基宜蘭區","本省閩南人","05","08","03",2,1.63024762236653,2,0.000357142857142857,0.000292442111585971,"男性 | 60歲及以上 | 高中、職 | 北北基宜蘭區 | 本省閩南人 | 05 | 08 | 03"
"男性","60歲及以上","高中、職","北北基宜蘭區","本省閩南人","08","03","06",2,1.63024762236653,2,0.000357142857142857,0.000292442111585971,"男性 | 60歲及以上 | 高中、職 | 北北基宜蘭區 | 本省閩南人 | 08 | 03 | 06"
"男性","60歲及以上","高中、職","桃竹苗區","本省閩南人","05","05","05",2,1.554812776,2,0.000357142857142857,0.000278910225106929,"男性 | 60歲及以上 | 高中、職 | 桃竹苗區 | 本省閩南人 | 05 | 05 | 05"
"男性","60歲及以上","高中、職","桃竹苗區","本省閩南人","05","06","04",2,1.866027956,2,0.000357142857142857,0.000334737587250044,"男性 | 60歲及以上 | 高中、職 | 桃竹苗區 | 本省閩南人 | 05 | 06 | 04"
"男性","60歲及以上","高中、職","桃竹苗區","本省閩南人","06","04","05",2,1.46439001492711,2,0.000357142857142857,0.000262689730244189,"男性 | 60歲及以上 | 高中、職 | 桃竹苗區 | 本省閩南人 | 06 | 04 | 05"
"男性","60歲及以上","高中、職","雲嘉南區","本省閩南人","00","05","00",2,1.39988146476365,2,0.000357142857142857,0.000251117858360232,"男性 | 60歲及以上 | 高中、職 | 雲嘉南區 | 本省閩南人 | 00 | 05 | 00"
"男性","60歲及以上","高中、職","雲嘉南區","本省閩南人","05","05","05",2,1.368146265,2,0.000357142857142857,0.000245425036789352,"男性 | 60歲及以上 | 高中、職 | 雲嘉南區 | 本省閩南人 | 05 | 05 | 05"
"男性","60歲及以上","高中、職","高屏區","本省客家人","05","09","03",2,1.501696746,1,0.000357142857142857,0.000269382001443756,"男性 | 60歲及以上 | 高中、職 | 高屏區 | 本省客家人 | 05 | 09 | 03"
"男性","60歲及以上","高中、職","高屏區","本省閩南人","00","08","00",2,1.71770034247103,2,0.000357142857142857,0.000308129825391172,"男性 | 60歲及以上 | 高中、職 | 高屏區 | 本省閩南人 | 00 | 08 | 00"
"男性","60歲及以上","高中、職","高屏區","本省閩南人","00","10","05",2,2.00591168447103,2,0.000357142857142857,0.000359830642053094,"男性 | 60歲及以上 | 高中、職 | 高屏區 | 本省閩南人 | 00 | 10 | 05"
"男性","60歲及以上","高中、職","高屏區","本省閩南人","03","10","00",2,1.71770034247103,2,0.000357142857142857,0.000308129825391172,"男性 | 60歲及以上 | 高中、職 | 高屏區 | 本省閩南人 | 03 | 10 | 00"
"女性","18至19歲","大學及以上","中彰投區","本省閩南人","04","04","04",1,1.27101430787996,1,0.000178571428571429,0.000228001012209927,"女性 | 18至19歲 | 大學及以上 | 中彰投區 | 本省閩南人 | 04 | 04 | 04"
"女性","18至19歲","大學及以上","中彰投區","本省閩南人","04","04","05",1,1.27101430787996,1,0.000178571428571429,0.000228001012209927,"女性 | 18至19歲 | 大學及以上 | 中彰投區 | 本省閩南人 | 04 | 04 | 05"
"女性","18至19歲","大學及以上","中彰投區","本省閩南人","04","07","05",1,1.27101430787996,1,0.000178571428571429,0.000228001012209927,"女性 | 18至19歲 | 大學及以上 | 中彰投區 | 本省閩南人 | 04 | 07 | 05"
"女性","18至19歲","大學及以上","中彰投區","本省閩南人","05","00","05",1,1.27101430787996,1,0.000178571428571429,0.000228001012209927,"女性 | 18至19歲 | 大學及以上 | 中彰投區 | 本省閩南人 | 05 | 00 | 05"
"女性","18至19歲","大學及以上","中彰投區","本省閩南人","05","06","05",1,1.27101430787996,1,0.000178571428571429,0.000228001012209927,"女性 | 18至19歲 | 大學及以上 | 中彰投區 | 本省閩南人 | 05 | 06 | 05"
"女性","18至19歲","大學及以上","桃竹苗區","大陸各省市","05","04","06",1,1.16861105660858,1,0.000178571428571429,0.00020963139607051,"女性 | 18至19歲 | 大學及以上 | 桃竹苗區 | 大陸各省市 | 05 | 04 | 06"
"女性","18至19歲","大學及以上","雲嘉南區","本省閩南人","04","04","04",1,1.09511637104577,1,0.000178571428571429,0.000196447545506057,"女性 | 18至19歲 | 大學及以上 | 雲嘉南區 | 本省閩南人 | 04 | 04 | 04"
"女性","18至19歲","大學及以上","雲嘉南區","本省閩南人","05","05","05",1,1.09511637104577,1,0.000178571428571429,0.000196447545506057,"女性 | 18至19歲 | 大學及以上 | 雲嘉南區 | 本省閩南人 | 05 | 05 | 05"
"女性","18至19歲","大學及以上","高屏區","本省閩南人","03","04","04",1,1.56849545370894,1,0.000178571428571429,0.000281364693438276,"女性 | 18至19歲 | 大學及以上 | 高屏區 | 本省閩南人 | 03 | 04 | 04"
"女性","18至19歲","大學及以上","高屏區","本省閩南人","04","08","06",1,1.56849545370894,1,0.000178571428571429,0.000281364693438276,"女性 | 18至19歲 | 大學及以上 | 高屏區 | 本省閩南人 | 04 | 08 | 06"
"女性","18至19歲","大學及以上","高屏區","本省閩南人","05","05","05",1,1.56849545370894,1,0.000178571428571429,0.000281364693438276,"女性 | 18至19歲 | 大學及以上 | 高屏區 | 本省閩南人 | 05 | 05 | 05"
"女性","18至19歲","高中、職","北北基宜蘭區","本省閩南人","05","05","05",1,1.72775928897097,1,0.000178571428571429,0.000309934250384292,"女性 | 18至19歲 | 高中、職 | 北北基宜蘭區 | 本省閩南人 | 05 | 05 | 05"
"女性","18至19歲","高中、職","桃竹苗區","本省閩南人","06","01","07",1,1.62660472065279,1,0.000178571428571429,0.000291788629345083,"女性 | 18至19歲 | 高中、職 | 桃竹苗區 | 本省閩南人 | 06 | 01 | 07"
"女性","20至29歲","國、初中","中彰投區","本省閩南人","03","03","03",1,2.516101546,1,0.000178571428571429,0.000451351094755059,"女性 | 20至29歲 | 國、初中 | 中彰投區 | 本省閩南人 | 03 | 03 | 03"
"女性","20至29歲","國、初中","北北基宜蘭區","本省閩南人","05","05","05",1,2.457247626,1,0.000178571428571429,0.000440793579194983,"女性 | 20至29歲 | 國、初中 | 北北基宜蘭區 | 本省閩南人 | 05 | 05 | 05"
"女性","20至29歲","大學及以上","中彰投區","台灣人","00","01","00",1,1.53532776093785,1,0.000178571428571429,0.000275414903984615,"女性 | 20至29歲 | 大學及以上 | 中彰投區 | 台灣人 | 00 | 01 | 00"
"女性","20至29歲","大學及以上","中彰投區","大陸各省市","00","07","00",1,1.53532776093785,1,0.000178571428571429,0.000275414903984615,"女性 | 20至29歲 | 大學及以上 | 中彰投區 | 大陸各省市 | 00 | 07 | 00"
"女性","20至29歲","大學及以上","中彰投區","大陸各省市","03","05","06",1,1.066415035,1,0.000178571428571429,0.000191298953842185,"女性 | 20至29歲 | 大學及以上 | 中彰投區 | 大陸各省市 | 03 | 05 | 06"
"女性","20至29歲","大學及以上","中彰投區","本省客家人","05","05","05",1,1.53532776093785,1,0.000178571428571429,0.000275414903984615,"女性 | 20至29歲 | 大學及以上 | 中彰投區 | 本省客家人 | 05 | 05 | 05"
"女性","20至29歲","大學及以上","中彰投區","本省客家人","06","05","06",1,1.53532776093785,1,0.000178571428571429,0.000275414903984615,"女性 | 20至29歲 | 大學及以上 | 中彰投區 | 本省客家人 | 06 | 05 | 06"
"女性","20至29歲","大學及以上","中彰投區","本省客家人","07","04","07",1,1.066415035,1,0.000178571428571429,0.000191298953842185,"女性 | 20至29歲 | 大學及以上 | 中彰投區 | 本省客家人 | 07 | 04 | 07"
"女性","20至29歲","大學及以上","中彰投區","本省閩南人","00","06","01",1,1.066415035,1,0.000178571428571429,0.000191298953842185,"女性 | 20至29歲 | 大學及以上 | 中彰投區 | 本省閩南人 | 00 | 06 | 01"
"女性","20至29歲","大學及以上","中彰投區","本省閩南人","00","07","00",1,1.53532776093785,1,0.000178571428571429,0.000275414903984615,"女性 | 20至29歲 | 大學及以上 | 中彰投區 | 本省閩南人 | 00 | 07 | 00"
"女性","20至29歲","大學及以上","中彰投區","本省閩南人","02","07","00",1,1.321709836,1,0.000178571428571429,0.000237095033932756,"女性 | 20至29歲 | 大學及以上 | 中彰投區 | 本省閩南人 | 02 | 07 | 00"
"女性","20至29歲","大學及以上","中彰投區","本省閩南人","02","07","07",1,1.321709836,1,0.000178571428571429,0.000237095033932756,"女性 | 20至29歲 | 大學及以上 | 中彰投區 | 本省閩南人 | 02 | 07 | 07"
"女性","20至29歲","大學及以上","中彰投區","本省閩南人","03","04","06",1,1.066415035,1,0.000178571428571429,0.000191298953842185,"女性 | 20至29歲 | 大學及以上 | 中彰投區 | 本省閩南人 | 03 | 04 | 06"
"女性","20至29歲","大學及以上","中彰投區","本省閩南人","03","06","05",1,1.53532776093785,1,0.000178571428571429,0.000275414903984615,"女性 | 20至29歲 | 大學及以上 | 中彰投區 | 本省閩南人 | 03 | 06 | 05"
"女性","20至29歲","大學及以上","中彰投區","本省閩南人","03","07","06",1,1.321709836,1,0.000178571428571429,0.000237095033932756,"女性 | 20至29歲 | 大學及以上 | 中彰投區 | 本省閩南人 | 03 | 07 | 06"
"女性","20至29歲","大學及以上","中彰投區","本省閩南人","03","08","08",1,1.321709836,1,0.000178571428571429,0.000237095033932756,"女性 | 20至29歲 | 大學及以上 | 中彰投區 | 本省閩南人 | 03 | 08 | 08"
"女性","20至29歲","大學及以上","中彰投區","本省閩南人","04","03","04",1,1.53532776093785,1,0.000178571428571429,0.000275414903984615,"女性 | 20至29歲 | 大學及以上 | 中彰投區 | 本省閩南人 | 04 | 03 | 04"
"女性","20至29歲","大學及以上","中彰投區","本省閩南人","04","03","08",1,1.321709836,1,0.000178571428571429,0.000237095033932756,"女性 | 20至29歲 | 大學及以上 | 中彰投區 | 本省閩南人 | 04 | 03 | 08"
"女性","20至29歲","大學及以上","中彰投區","本省閩南人","04","05","06",1,1.321709836,1,0.000178571428571429,0.000237095033932756,"女性 | 20至29歲 | 大學及以上 | 中彰投區 | 本省閩南人 | 04 | 05 | 06"
"女性","20至29歲","大學及以上","中彰投區","本省閩南人","04","06","05",1,1.066415035,1,0.000178571428571429,0.000191298953842185,"女性 | 20至29歲 | 大學及以上 | 中彰投區 | 本省閩南人 | 04 | 06 | 05"
"女性","20至29歲","大學及以上","中彰投區","本省閩南人","05","04","06",1,1.53532776093785,1,0.000178571428571429,0.000275414903984615,"女性 | 20至29歲 | 大學及以上 | 中彰投區 | 本省閩南人 | 05 | 04 | 06"
"女性","20至29歲","大學及以上","中彰投區","本省閩南人","05","07","04",1,1.53532776093785,1,0.000178571428571429,0.000275414903984615,"女性 | 20至29歲 | 大學及以上 | 中彰投區 | 本省閩南人 | 05 | 07 | 04"
"女性","20至29歲","大學及以上","中彰投區","本省閩南人","06","04","03",1,1.066415035,1,0.000178571428571429,0.000191298953842185,"女性 | 20至29歲 | 大學及以上 | 中彰投區 | 本省閩南人 | 06 | 04 | 03"
"女性","20至29歲","大學及以上","中彰投區","本省閩南人","06","05","06",1,1.53532776093785,1,0.000178571428571429,0.000275414903984615,"女性 | 20至29歲 | 大學及以上 | 中彰投區 | 本省閩南人 | 06 | 05 | 06"
"女性","20至29歲","大學及以上","中彰投區","本省閩南人","06","07","06",1,1.066415035,1,0.000178571428571429,0.000191298953842185,"女性 | 20至29歲 | 大學及以上 | 中彰投區 | 本省閩南人 | 06 | 07 | 06"
"女性","20至29歲","大學及以上","中彰投區","本省閩南人","07","03","05",1,1.53532776093785,1,0.000178571428571429,0.000275414903984615,"女性 | 20至29歲 | 大學及以上 | 中彰投區 | 本省閩南人 | 07 | 03 | 05"
"女性","20至29歲","大學及以上","中彰投區","本省閩南人","07","04","06",1,1.334142869,1,0.000178571428571429,0.000239325334639258,"女性 | 20至29歲 | 大學及以上 | 中彰投區 | 本省閩南人 | 07 | 04 | 06"
"女性","20至29歲","大學及以上","中彰投區","本省閩南人","07","04","08",1,1.321709836,1,0.000178571428571429,0.000237095033932756,"女性 | 20至29歲 | 大學及以上 | 中彰投區 | 本省閩南人 | 07 | 04 | 08"
"女性","20至29歲","大學及以上","中彰投區","本省閩南人","07","05","07",1,1.321709836,1,0.000178571428571429,0.000237095033932756,"女性 | 20至29歲 | 大學及以上 | 中彰投區 | 本省閩南人 | 07 | 05 | 07"
"女性","20至29歲","大學及以上","北北基宜蘭區","原住民","05","04","05",1,1.743243055,1,0.000178571428571429,0.000312711807100652,"女性 | 20至29歲 | 大學及以上 | 北北基宜蘭區 | 原住民 | 05 | 04 | 05"
"女性","20至29歲","大學及以上","北北基宜蘭區","外國新住民","03","04","05",1,1.49941503874124,1,0.000178571428571429,0.000268972697188612,"女性 | 20至29歲 | 大學及以上 | 北北基宜蘭區 | 外國新住民 | 03 | 04 | 05"
"女性","20至29歲","大學及以上","北北基宜蘭區","大陸各省市","01","07","03",1,1.30849047,1,0.000178571428571429,0.00023472367681263,"女性 | 20至29歲 | 大學及以上 | 北北基宜蘭區 | 大陸各省市 | 01 | 07 | 03"
"女性","20至29歲","大學及以上","北北基宜蘭區","大陸各省市","01","08","07",1,1.743243055,1,0.000178571428571429,0.000312711807100652,"女性 | 20至29歲 | 大學及以上 | 北北基宜蘭區 | 大陸各省市 | 01 | 08 | 07"
"女性","20至29歲","大學及以上","北北基宜蘭區","大陸各省市","06","05","04",1,1.49941503874124,1,0.000178571428571429,0.000268972697188612,"女性 | 20至29歲 | 大學及以上 | 北北基宜蘭區 | 大陸各省市 | 06 | 05 | 04"
"女性","20至29歲","大學及以上","北北基宜蘭區","大陸各省市","06","06","04",1,1.30849047,1,0.000178571428571429,0.00023472367681263,"女性 | 20至29歲 | 大學及以上 | 北北基宜蘭區 | 大陸各省市 | 06 | 06 | 04"
"女性","20至29歲","大學及以上","北北基宜蘭區","本省客家人","01","08","03",1,1.743243055,1,0.000178571428571429,0.000312711807100652,"女性 | 20至29歲 | 大學及以上 | 北北基宜蘭區 | 本省客家人 | 01 | 08 | 03"
"女性","20至29歲","大學及以上","北北基宜蘭區","本省客家人","03","04","04",1,1.49941503874124,1,0.000178571428571429,0.000268972697188612,"女性 | 20至29歲 | 大學及以上 | 北北基宜蘭區 | 本省客家人 | 03 | 04 | 04"
"女性","20至29歲","大學及以上","北北基宜蘭區","本省客家人","04","04","07",1,1.636992328,1,0.000178571428571429,0.000293652011192887,"女性 | 20至29歲 | 大學及以上 | 北北基宜蘭區 | 本省客家人 | 04 | 04 | 07"
"女性","20至29歲","大學及以上","北北基宜蘭區","本省客家人","04","05","04",1,1.30849047,1,0.000178571428571429,0.00023472367681263,"女性 | 20至29歲 | 大學及以上 | 北北基宜蘭區 | 本省客家人 | 04 | 05 | 04"
"女性","20至29歲","大學及以上","北北基宜蘭區","本省客家人","05","01","06",1,1.49941503874124,1,0.000178571428571429,0.000268972697188612,"女性 | 20至29歲 | 大學及以上 | 北北基宜蘭區 | 本省客家人 | 05 | 01 | 06"
"女性","20至29歲","大學及以上","北北基宜蘭區","本省客家人","06","04","07",1,1.49941503874124,1,0.000178571428571429,0.000268972697188612,"女性 | 20至29歲 | 大學及以上 | 北北基宜蘭區 | 本省客家人 | 06 | 04 | 07"
"女性","20至29歲","大學及以上","北北基宜蘭區","本省客家人","06","05","03",1,1.49941503874124,1,0.000178571428571429,0.000268972697188612,"女性 | 20至29歲 | 大學及以上 | 北北基宜蘭區 | 本省客家人 | 06 | 05 | 03"
"女性","20至29歲","大學及以上","北北基宜蘭區","本省閩南人","00","00","01",1,1.49941503874124,1,0.000178571428571429,0.000268972697188612,"女性 | 20至29歲 | 大學及以上 | 北北基宜蘭區 | 本省閩南人 | 00 | 00 | 01"
"女性","20至29歲","大學及以上","北北基宜蘭區","本省閩南人","00","07","00",1,1.49941503874124,1,0.000178571428571429,0.000268972697188612,"女性 | 20至29歲 | 大學及以上 | 北北基宜蘭區 | 本省閩南人 | 00 | 07 | 00"
"女性","20至29歲","大學及以上","北北基宜蘭區","本省閩南人","00","07","03",1,1.30849047,1,0.000178571428571429,0.00023472367681263,"女性 | 20至29歲 | 大學及以上 | 北北基宜蘭區 | 本省閩南人 | 00 | 07 | 03"
"女性","20至29歲","大學及以上","北北基宜蘭區","本省閩南人","01","05","02",1,1.743243055,1,0.000178571428571429,0.000312711807100652,"女性 | 20至29歲 | 大學及以上 | 北北基宜蘭區 | 本省閩南人 | 01 | 05 | 02"
"女性","20至29歲","大學及以上","北北基宜蘭區","本省閩南人","01","07","04",1,1.743243055,1,0.000178571428571429,0.000312711807100652,"女性 | 20至29歲 | 大學及以上 | 北北基宜蘭區 | 本省閩南人 | 01 | 07 | 04"
"女性","20至29歲","大學及以上","北北基宜蘭區","本省閩南人","01","08","03",1,1.49941503874124,1,0.000178571428571429,0.000268972697188612,"女性 | 20至29歲 | 大學及以上 | 北北基宜蘭區 | 本省閩南人 | 01 | 08 | 03"
"女性","20至29歲","大學及以上","北北基宜蘭區","本省閩南人","02","02","02",1,1.49941503874124,1,0.000178571428571429,0.000268972697188612,"女性 | 20至29歲 | 大學及以上 | 北北基宜蘭區 | 本省閩南人 | 02 | 02 | 02"
"女性","20至29歲","大學及以上","北北基宜蘭區","本省閩南人","02","07","07",1,1.30849047,1,0.000178571428571429,0.00023472367681263,"女性 | 20至29歲 | 大學及以上 | 北北基宜蘭區 | 本省閩南人 | 02 | 07 | 07"
"女性","20至29歲","大學及以上","北北基宜蘭區","本省閩南人","02","09","07",1,1.30849047,1,0.000178571428571429,0.00023472367681263,"女性 | 20至29歲 | 大學及以上 | 北北基宜蘭區 | 本省閩南人 | 02 | 09 | 07"
"女性","20至29歲","大學及以上","北北基宜蘭區","本省閩南人","03","03","05",1,1.49941503874124,1,0.000178571428571429,0.000268972697188612,"女性 | 20至29歲 | 大學及以上 | 北北基宜蘭區 | 本省閩南人 | 03 | 03 | 05"
"女性","20至29歲","大學及以上","北北基宜蘭區","本省閩南人","03","03","07",1,1.30849047,1,0.000178571428571429,0.00023472367681263,"女性 | 20至29歲 | 大學及以上 | 北北基宜蘭區 | 本省閩南人 | 03 | 03 | 07"
"女性","20至29歲","大學及以上","北北基宜蘭區","本省閩南人","03","04","04",1,1.49941503874124,1,0.000178571428571429,0.000268972697188612,"女性 | 20至29歲 | 大學及以上 | 北北基宜蘭區 | 本省閩南人 | 03 | 04 | 04"
"女性","20至29歲","大學及以上","北北基宜蘭區","本省閩南人","03","07","01",1,1.30849047,1,0.000178571428571429,0.00023472367681263,"女性 | 20至29歲 | 大學及以上 | 北北基宜蘭區 | 本省閩南人 | 03 | 07 | 01"
"女性","20至29歲","大學及以上","北北基宜蘭區","本省閩南人","04","00","05",1,1.49941503874124,1,0.000178571428571429,0.000268972697188612,"女性 | 20至29歲 | 大學及以上 | 北北基宜蘭區 | 本省閩南人 | 04 | 00 | 05"
"女性","20至29歲","大學及以上","北北基宜蘭區","本省閩南人","04","02","08",1,1.30849047,1,0.000178571428571429,0.00023472367681263,"女性 | 20至29歲 | 大學及以上 | 北北基宜蘭區 | 本省閩南人 | 04 | 02 | 08"
"女性","20至29歲","大學及以上","北北基宜蘭區","本省閩南人","04","05","05",1,1.30849047,1,0.000178571428571429,0.00023472367681263,"女性 | 20至29歲 | 大學及以上 | 北北基宜蘭區 | 本省閩南人 | 04 | 05 | 05"
"女性","20至29歲","大學及以上","北北基宜蘭區","本省閩南人","04","06","01",1,1.743243055,1,0.000178571428571429,0.000312711807100652,"女性 | 20至29歲 | 大學及以上 | 北北基宜蘭區 | 本省閩南人 | 04 | 06 | 01"
"女性","20至29歲","大學及以上","北北基宜蘭區","本省閩南人","04","06","05",1,1.30849047,1,0.000178571428571429,0.00023472367681263,"女性 | 20至29歲 | 大學及以上 | 北北基宜蘭區 | 本省閩南人 | 04 | 06 | 05"
"女性","20至29歲","大學及以上","北北基宜蘭區","本省閩南人","04","06","06",1,1.30849047,1,0.000178571428571429,0.00023472367681263,"女性 | 20至29歲 | 大學及以上 | 北北基宜蘭區 | 本省閩南人 | 04 | 06 | 06"
"女性","20至29歲","大學及以上","北北基宜蘭區","本省閩南人","04","07","03",1,1.49941503874124,1,0.000178571428571429,0.000268972697188612,"女性 | 20至29歲 | 大學及以上 | 北北基宜蘭區 | 本省閩南人 | 04 | 07 | 03"
"女性","20至29歲","大學及以上","北北基宜蘭區","本省閩南人","05","05","02",1,1.49941503874124,1,0.000178571428571429,0.000268972697188612,"女性 | 20至29歲 | 大學及以上 | 北北基宜蘭區 | 本省閩南人 | 05 | 05 | 02"
"女性","20至29歲","大學及以上","北北基宜蘭區","本省閩南人","05","07","04",1,1.743243055,1,0.000178571428571429,0.000312711807100652,"女性 | 20至29歲 | 大學及以上 | 北北基宜蘭區 | 本省閩南人 | 05 | 07 | 04"
"女性","20至29歲","大學及以上","北北基宜蘭區","本省閩南人","07","03","05",1,1.30849047,1,0.000178571428571429,0.00023472367681263,"女性 | 20至29歲 | 大學及以上 | 北北基宜蘭區 | 本省閩南人 | 07 | 03 | 05"
"女性","20至29歲","大學及以上","北北基宜蘭區","本省閩南人","07","04","06",1,1.30849047,1,0.000178571428571429,0.00023472367681263,"女性 | 20至29歲 | 大學及以上 | 北北基宜蘭區 | 本省閩南人 | 07 | 04 | 06"
"女性","20至29歲","大學及以上","北北基宜蘭區","本省閩南人","07","05","05",1,1.30849047,1,0.000178571428571429,0.00023472367681263,"女性 | 20至29歲 | 大學及以上 | 北北基宜蘭區 | 本省閩南人 | 07 | 05 | 05"
"女性","20至29歲","大學及以上","北北基宜蘭區","本省閩南人","07","06","04",1,1.49941503874124,1,0.000178571428571429,0.000268972697188612,"女性 | 20至29歲 | 大學及以上 | 北北基宜蘭區 | 本省閩南人 | 07 | 06 | 04"
"女性","20至29歲","大學及以上","北北基宜蘭區","本省閩南人","08","07","00",1,1.49941503874124,1,0.000178571428571429,0.000268972697188612,"女性 | 20至29歲 | 大學及以上 | 北北基宜蘭區 | 本省閩南人 | 08 | 07 | 00"
"女性","20至29歲","大學及以上","桃竹苗區","外籍人士","02","03","04",1,1.499295543,1,0.000178571428571429,0.000268951261434673,"女性 | 20至29歲 | 大學及以上 | 桃竹苗區 | 外籍人士 | 02 | 03 | 04"
"女性","20至29歲","大學及以上","桃竹苗區","大陸各省市","02","02","03",1,1.18549458,1,0.000178571428571429,0.000212660048383114,"女性 | 20至29歲 | 大學及以上 | 桃竹苗區 | 大陸各省市 | 02 | 02 | 03"
"女性","20至29歲","大學及以上","桃竹苗區","大陸各省市","02","08","05",1,1.499295543,1,0.000178571428571429,0.000268951261434673,"女性 | 20至29歲 | 大學及以上 | 桃竹苗區 | 大陸各省市 | 02 | 08 | 05"
"女性","20至29歲","大學及以上","桃竹苗區","大陸各省市","03","06","07",1,1.18549458,1,0.000178571428571429,0.000212660048383114,"女性 | 20至29歲 | 大學及以上 | 桃竹苗區 | 大陸各省市 | 03 | 06 | 07"
"女性","20至29歲","大學及以上","桃竹苗區","本省客家人","03","04","07",1,1.499295543,1,0.000178571428571429,0.000268951261434673,"女性 | 20至29歲 | 大學及以上 | 桃竹苗區 | 本省客家人 | 03 | 04 | 07"
"女性","20至29歲","大學及以上","桃竹苗區","本省客家人","03","06","04",1,1.18549458,1,0.000178571428571429,0.000212660048383114,"女性 | 20至29歲 | 大學及以上 | 桃竹苗區 | 本省客家人 | 03 | 06 | 04"
"女性","20至29歲","大學及以上","桃竹苗區","本省客家人","03","06","05",1,1.499295543,1,0.000178571428571429,0.000268951261434673,"女性 | 20至29歲 | 大學及以上 | 桃竹苗區 | 本省客家人 | 03 | 06 | 05"
"女性","20至29歲","大學及以上","桃竹苗區","本省客家人","04","03","08",1,1.499295543,1,0.000178571428571429,0.000268951261434673,"女性 | 20至29歲 | 大學及以上 | 桃竹苗區 | 本省客家人 | 04 | 03 | 08"
"女性","20至29歲","大學及以上","桃竹苗區","本省客家人","05","05","06",1,1.41162926792129,1,0.000178571428571429,0.000253225239051841,"女性 | 20至29歲 | 大學及以上 | 桃竹苗區 | 本省客家人 | 05 | 05 | 06"
"女性","20至29歲","大學及以上","桃竹苗區","本省客家人","05","06","05",1,1.499295543,1,0.000178571428571429,0.000268951261434673,"女性 | 20至29歲 | 大學及以上 | 桃竹苗區 | 本省客家人 | 05 | 06 | 05"
"女性","20至29歲","大學及以上","桃竹苗區","本省客家人","06","06","06",1,1.41162926792129,1,0.000178571428571429,0.000253225239051841,"女性 | 20至29歲 | 大學及以上 | 桃竹苗區 | 本省客家人 | 06 | 06 | 06"
"女性","20至29歲","大學及以上","桃竹苗區","本省客家人","07","09","09",1,1.18549458,1,0.000178571428571429,0.000212660048383114,"女性 | 20至29歲 | 大學及以上 | 桃竹苗區 | 本省客家人 | 07 | 09 | 09"
"女性","20至29歲","大學及以上","桃竹苗區","本省閩南人","00","04","00",1,1.41162926792129,1,0.000178571428571429,0.000253225239051841,"女性 | 20至29歲 | 大學及以上 | 桃竹苗區 | 本省閩南人 | 00 | 04 | 00"
"女性","20至29歲","大學及以上","桃竹苗區","本省閩南人","00","06","00",1,1.41162926792129,1,0.000178571428571429,0.000253225239051841,"女性 | 20至29歲 | 大學及以上 | 桃竹苗區 | 本省閩南人 | 00 | 06 | 00"
"女性","20至29歲","大學及以上","桃竹苗區","本省閩南人","01","07","02",1,1.41162926792129,1,0.000178571428571429,0.000253225239051841,"女性 | 20至29歲 | 大學及以上 | 桃竹苗區 | 本省閩南人 | 01 | 07 | 02"
"女性","20至29歲","大學及以上","桃竹苗區","本省閩南人","02","07","05",1,1.18549458,1,0.000178571428571429,0.000212660048383114,"女性 | 20至29歲 | 大學及以上 | 桃竹苗區 | 本省閩南人 | 02 | 07 | 05"
"女性","20至29歲","大學及以上","桃竹苗區","本省閩南人","02","07","06",1,1.499295543,1,0.000178571428571429,0.000268951261434673,"女性 | 20至29歲 | 大學及以上 | 桃竹苗區 | 本省閩南人 | 02 | 07 | 06"
"女性","20至29歲","大學及以上","桃竹苗區","本省閩南人","03","03","03",1,1.499295543,1,0.000178571428571429,0.000268951261434673,"女性 | 20至29歲 | 大學及以上 | 桃竹苗區 | 本省閩南人 | 03 | 03 | 03"
"女性","20至29歲","大學及以上","桃竹苗區","本省閩南人","03","06","07",1,1.499295543,1,0.000178571428571429,0.000268951261434673,"女性 | 20至29歲 | 大學及以上 | 桃竹苗區 | 本省閩南人 | 03 | 06 | 07"
"女性","20至29歲","大學及以上","桃竹苗區","本省閩南人","04","06","05",1,1.41162926792129,1,0.000178571428571429,0.000253225239051841,"女性 | 20至29歲 | 大學及以上 | 桃竹苗區 | 本省閩南人 | 04 | 06 | 05"
"女性","20至29歲","大學及以上","桃竹苗區","本省閩南人","04","06","08",1,1.18549458,1,0.000178571428571429,0.000212660048383114,"女性 | 20至29歲 | 大學及以上 | 桃竹苗區 | 本省閩南人 | 04 | 06 | 08"
"女性","20至29歲","大學及以上","桃竹苗區","本省閩南人","05","03","07",1,1.41162926792129,1,0.000178571428571429,0.000253225239051841,"女性 | 20至29歲 | 大學及以上 | 桃竹苗區 | 本省閩南人 | 05 | 03 | 07"
"女性","20至29歲","大學及以上","桃竹苗區","本省閩南人","05","05","05",1,1.41162926792129,1,0.000178571428571429,0.000253225239051841,"女性 | 20至29歲 | 大學及以上 | 桃竹苗區 | 本省閩南人 | 05 | 05 | 05"
"女性","20至29歲","大學及以上","桃竹苗區","本省閩南人","06","00","03",1,1.18549458,1,0.000178571428571429,0.000212660048383114,"女性 | 20至29歲 | 大學及以上 | 桃竹苗區 | 本省閩南人 | 06 | 00 | 03"
"女性","20至29歲","大學及以上","桃竹苗區","本省閩南人","06","07","06",1,1.41162926792129,1,0.000178571428571429,0.000253225239051841,"女性 | 20至29歲 | 大學及以上 | 桃竹苗區 | 本省閩南人 | 06 | 07 | 06"
"女性","20至29歲","大學及以上","桃竹苗區","本省閩南人","07","03","07",1,1.499295543,1,0.000178571428571429,0.000268951261434673,"女性 | 20至29歲 | 大學及以上 | 桃竹苗區 | 本省閩南人 | 07 | 03 | 07"
"女性","20至29歲","大學及以上","桃竹苗區","本省閩南人","08","00","05",1,1.18549458,1,0.000178571428571429,0.000212660048383114,"女性 | 20至29歲 | 大學及以上 | 桃竹苗區 | 本省閩南人 | 08 | 00 | 05"
"女性","20至29歲","大學及以上","花東區","大陸各省市","00","00","00",1,1.18746929176574,1,0.000178571428571429,0.000213014282225031,"女性 | 20至29歲 | 大學及以上 | 花東區 | 大陸各省市 | 00 | 00 | 00"
"女性","20至29歲","大學及以上","花東區","本省閩南人","06","05","05",1,1.18746929176574,1,0.000178571428571429,0.000213014282225031,"女性 | 20至29歲 | 大學及以上 | 花東區 | 本省閩南人 | 06 | 05 | 05"
"女性","20至29歲","大學及以上","雲嘉南區","台灣人","04","05","04",1,1.3228510139501,1,0.000178571428571429,0.000237299744238628,"女性 | 20至29歲 | 大學及以上 | 雲嘉南區 | 台灣人 | 04 | 05 | 04"
"女性","20至29歲","大學及以上","雲嘉南區","本省閩南人","00","01","07",1,1.296339206,1,0.000178571428571429,0.000232543921262709,"女性 | 20至29歲 | 大學及以上 | 雲嘉南區 | 本省閩南人 | 00 | 01 | 07"
"女性","20至29歲","大學及以上","雲嘉南區","本省閩南人","00","07","00",1,1.296339206,1,0.000178571428571429,0.000232543921262709,"女性 | 20至29歲 | 大學及以上 | 雲嘉南區 | 本省閩南人 | 00 | 07 | 00"
"女性","20至29歲","大學及以上","雲嘉南區","本省閩南人","00","07","02",1,1.3228510139501,1,0.000178571428571429,0.000237299744238628,"女性 | 20至29歲 | 大學及以上 | 雲嘉南區 | 本省閩南人 | 00 | 07 | 02"
"女性","20至29歲","大學及以上","雲嘉南區","本省閩南人","01","01","01",1,1.3228510139501,1,0.000178571428571429,0.000237299744238628,"女性 | 20至29歲 | 大學及以上 | 雲嘉南區 | 本省閩南人 | 01 | 01 | 01"
"女性","20至29歲","大學及以上","雲嘉南區","本省閩南人","01","07","04",1,1.059823831,1,0.000178571428571429,0.000190116590139145,"女性 | 20至29歲 | 大學及以上 | 雲嘉南區 | 本省閩南人 | 01 | 07 | 04"
"女性","20至29歲","大學及以上","雲嘉南區","本省閩南人","01","10","03",1,1.059823831,1,0.000178571428571429,0.000190116590139145,"女性 | 20至29歲 | 大學及以上 | 雲嘉南區 | 本省閩南人 | 01 | 10 | 03"
"女性","20至29歲","大學及以上","雲嘉南區","本省閩南人","02","02","05",1,1.059823831,1,0.000178571428571429,0.000190116590139145,"女性 | 20至29歲 | 大學及以上 | 雲嘉南區 | 本省閩南人 | 02 | 02 | 05"
"女性","20至29歲","大學及以上","雲嘉南區","本省閩南人","02","07","02",1,1.296339206,1,0.000178571428571429,0.000232543921262709,"女性 | 20至29歲 | 大學及以上 | 雲嘉南區 | 本省閩南人 | 02 | 07 | 02"
"女性","20至29歲","大學及以上","雲嘉南區","本省閩南人","03","05","03",1,1.3228510139501,1,0.000178571428571429,0.000237299744238628,"女性 | 20至29歲 | 大學及以上 | 雲嘉南區 | 本省閩南人 | 03 | 05 | 03"
"女性","20至29歲","大學及以上","雲嘉南區","本省閩南人","03","05","04",1,1.059823831,1,0.000178571428571429,0.000190116590139145,"女性 | 20至29歲 | 大學及以上 | 雲嘉南區 | 本省閩南人 | 03 | 05 | 04"
"女性","20至29歲","大學及以上","雲嘉南區","本省閩南人","04","02","06",1,1.3228510139501,1,0.000178571428571429,0.000237299744238628,"女性 | 20至29歲 | 大學及以上 | 雲嘉南區 | 本省閩南人 | 04 | 02 | 06"
"女性","20至29歲","大學及以上","雲嘉南區","本省閩南人","04","04","04",1,1.3228510139501,1,0.000178571428571429,0.000237299744238628,"女性 | 20至29歲 | 大學及以上 | 雲嘉南區 | 本省閩南人 | 04 | 04 | 04"
"女性","20至29歲","大學及以上","雲嘉南區","本省閩南人","04","08","05",1,1.059823831,1,0.000178571428571429,0.000190116590139145,"女性 | 20至29歲 | 大學及以上 | 雲嘉南區 | 本省閩南人 | 04 | 08 | 05"
"女性","20至29歲","大學及以上","雲嘉南區","本省閩南人","04","09","02",1,1.3228510139501,1,0.000178571428571429,0.000237299744238628,"女性 | 20至29歲 | 大學及以上 | 雲嘉南區 | 本省閩南人 | 04 | 09 | 02"
"女性","20至29歲","大學及以上","雲嘉南區","本省閩南人","04","09","09",1,1.296339206,1,0.000178571428571429,0.000232543921262709,"女性 | 20至29歲 | 大學及以上 | 雲嘉南區 | 本省閩南人 | 04 | 09 | 09"
"女性","20至29歲","大學及以上","雲嘉南區","本省閩南人","05","00","08",1,1.3228510139501,1,0.000178571428571429,0.000237299744238628,"女性 | 20至29歲 | 大學及以上 | 雲嘉南區 | 本省閩南人 | 05 | 00 | 08"
"女性","20至29歲","大學及以上","雲嘉南區","本省閩南人","05","04","08",1,1.3228510139501,1,0.000178571428571429,0.000237299744238628,"女性 | 20至29歲 | 大學及以上 | 雲嘉南區 | 本省閩南人 | 05 | 04 | 08"
"女性","20至29歲","大學及以上","雲嘉南區","本省閩南人","05","05","06",1,1.3228510139501,1,0.000178571428571429,0.000237299744238628,"女性 | 20至29歲 | 大學及以上 | 雲嘉南區 | 本省閩南人 | 05 | 05 | 06"
"女性","20至29歲","大學及以上","雲嘉南區","本省閩南人","05","06","05",1,1.3228510139501,1,0.000178571428571429,0.000237299744238628,"女性 | 20至29歲 | 大學及以上 | 雲嘉南區 | 本省閩南人 | 05 | 06 | 05"
"女性","20至29歲","大學及以上","雲嘉南區","本省閩南人","06","00","05",1,1.3228510139501,1,0.000178571428571429,0.000237299744238628,"女性 | 20至29歲 | 大學及以上 | 雲嘉南區 | 本省閩南人 | 06 | 00 | 05"
"女性","20至29歲","大學及以上","雲嘉南區","本省閩南人","06","05","05",1,1.3228510139501,1,0.000178571428571429,0.000237299744238628,"女性 | 20至29歲 | 大學及以上 | 雲嘉南區 | 本省閩南人 | 06 | 05 | 05"
"女性","20至29歲","大學及以上","雲嘉南區","本省閩南人","06","05","07",1,1.3228510139501,1,0.000178571428571429,0.000237299744238628,"女性 | 20至29歲 | 大學及以上 | 雲嘉南區 | 本省閩南人 | 06 | 05 | 07"
"女性","20至29歲","大學及以上","雲嘉南區","本省閩南人","06","06","07",1,1.059823831,1,0.000178571428571429,0.000190116590139145,"女性 | 20至29歲 | 大學及以上 | 雲嘉南區 | 本省閩南人 | 06 | 06 | 07"
"女性","20至29歲","大學及以上","雲嘉南區","本省閩南人","06","07","05",1,1.3228510139501,1,0.000178571428571429,0.000237299744238628,"女性 | 20至29歲 | 大學及以上 | 雲嘉南區 | 本省閩南人 | 06 | 07 | 05"
"女性","20至29歲","大學及以上","雲嘉南區","本省閩南人","07","04","04",1,1.069444635,1,0.000178571428571429,0.00019184241890179,"女性 | 20至29歲 | 大學及以上 | 雲嘉南區 | 本省閩南人 | 07 | 04 | 04"
"女性","20至29歲","大學及以上","雲嘉南區","本省閩南人","07","07","06",1,1.069444635,1,0.000178571428571429,0.00019184241890179,"女性 | 20至29歲 | 大學及以上 | 雲嘉南區 | 本省閩南人 | 07 | 07 | 06"
"女性","20至29歲","大學及以上","高屏區","本省客家人","02","02","02",1,1.89467152183433,1,0.000178571428571429,0.00033987581579951,"女性 | 20至29歲 | 大學及以上 | 高屏區 | 本省客家人 | 02 | 02 | 02"
"女性","20至29歲","大學及以上","高屏區","本省客家人","04","05","05",1,1.373491407,1,0.000178571428571429,0.000246383875552102,"女性 | 20至29歲 | 大學及以上 | 高屏區 | 本省客家人 | 04 | 05 | 05"
"女性","20至29歲","大學及以上","高屏區","本省閩南人","00","05","04",1,1.89467152183433,1,0.000178571428571429,0.00033987581579951,"女性 | 20至29歲 | 大學及以上 | 高屏區 | 本省閩南人 | 00 | 05 | 04"
"女性","20至29歲","大學及以上","高屏區","本省閩南人","00","07","00",1,1.89467152183433,1,0.000178571428571429,0.00033987581579951,"女性 | 20至29歲 | 大學及以上 | 高屏區 | 本省閩南人 | 00 | 07 | 00"
"女性","20至29歲","大學及以上","高屏區","本省閩南人","02","08","07",1,1.107833496,1,0.000178571428571429,0.000198728808072488,"女性 | 20至29歲 | 大學及以上 | 高屏區 | 本省閩南人 | 02 | 08 | 07"
"女性","20至29歲","大學及以上","高屏區","本省閩南人","03","03","04",1,1.89467152183433,1,0.000178571428571429,0.00033987581579951,"女性 | 20至29歲 | 大學及以上 | 高屏區 | 本省閩南人 | 03 | 03 | 04"
"女性","20至29歲","大學及以上","高屏區","本省閩南人","04","04","04",1,1.89467152183433,1,0.000178571428571429,0.00033987581579951,"女性 | 20至29歲 | 大學及以上 | 高屏區 | 本省閩南人 | 04 | 04 | 04"
"女性","20至29歲","大學及以上","高屏區","本省閩南人","04","05","05",1,1.097867343,1,0.000178571428571429,0.000196941028849429,"女性 | 20至29歲 | 大學及以上 | 高屏區 | 本省閩南人 | 04 | 05 | 05"
"女性","20至29歲","大學及以上","高屏區","本省閩南人","04","06","06",1,1.451683821,1,0.000178571428571429,0.00026041042854101,"女性 | 20至29歲 | 大學及以上 | 高屏區 | 本省閩南人 | 04 | 06 | 06"
"女性","20至29歲","大學及以上","高屏區","本省閩南人","04","06","07",1,1.89467152183433,1,0.000178571428571429,0.00033987581579951,"女性 | 20至29歲 | 大學及以上 | 高屏區 | 本省閩南人 | 04 | 06 | 07"
"女性","20至29歲","大學及以上","高屏區","本省閩南人","05","00","08",1,1.451683821,1,0.000178571428571429,0.00026041042854101,"女性 | 20至29歲 | 大學及以上 | 高屏區 | 本省閩南人 | 05 | 00 | 08"
"女性","20至29歲","大學及以上","高屏區","本省閩南人","05","01","06",1,1.89467152183433,1,0.000178571428571429,0.00033987581579951,"女性 | 20至29歲 | 大學及以上 | 高屏區 | 本省閩南人 | 05 | 01 | 06"
"女性","20至29歲","大學及以上","高屏區","本省閩南人","05","06","05",1,1.097867343,1,0.000178571428571429,0.000196941028849429,"女性 | 20至29歲 | 大學及以上 | 高屏區 | 本省閩南人 | 05 | 06 | 05"
"女性","20至29歲","大學及以上","高屏區","本省閩南人","05","06","06",1,1.89467152183433,1,0.000178571428571429,0.00033987581579951,"女性 | 20至29歲 | 大學及以上 | 高屏區 | 本省閩南人 | 05 | 06 | 06"
"女性","20至29歲","大學及以上","高屏區","本省閩南人","06","06","07",1,1.097867343,1,0.000178571428571429,0.000196941028849429,"女性 | 20至29歲 | 大學及以上 | 高屏區 | 本省閩南人 | 06 | 06 | 07"
"女性","20至29歲","專科","中彰投區","原住民","00","00","10",1,1.611296511,1,0.000178571428571429,0.00028904256482455,"女性 | 20至29歲 | 專科 | 中彰投區 | 原住民 | 00 | 00 | 10"
"女性","20至29歲","專科","中彰投區","本省客家人","05","05","06",1,1.161270007,1,0.000178571428571429,0.000208314521247731,"女性 | 20至29歲 | 專科 | 中彰投區 | 本省客家人 | 05 | 05 | 06"
"女性","20至29歲","專科","中彰投區","本省閩南人","05","05","04",1,1.66168421814032,1,0.000178571428571429,0.000298081368054148,"女性 | 20至29歲 | 專科 | 中彰投區 | 本省閩南人 | 05 | 05 | 04"
"女性","20至29歲","專科","北北基宜蘭區","本省客家人","07","02","03",1,1.62281590270771,1,0.000178571428571429,0.00029110897190834,"女性 | 20至29歲 | 專科 | 北北基宜蘭區 | 本省客家人 | 07 | 02 | 03"
"女性","20至29歲","專科","北北基宜蘭區","本省閩南人","06","04","08",1,1.424877452,1,0.000178571428571429,0.000255601765705524,"女性 | 20至29歲 | 專科 | 北北基宜蘭區 | 本省閩南人 | 06 | 04 | 08"
"女性","20至29歲","專科","桃竹苗區","本省閩南人","05","05","05",1,1.5278054211284,1,0.000178571428571429,0.000274065508403379,"女性 | 20至29歲 | 專科 | 桃竹苗區 | 本省閩南人 | 05 | 05 | 05"
"女性","20至29歲","專科","雲嘉南區","本省閩南人","02","07","05",1,1.580367175,1,0.000178571428571429,0.000283494303195031,"女性 | 20至29歲 | 專科 | 雲嘉南區 | 本省閩南人 | 02 | 07 | 05"
"女性","20至29歲","專科","高屏區","本省閩南人","01","06","04",1,2.05060173240719,1,0.000178571428571429,0.000367847370190601,"女性 | 20至29歲 | 專科 | 高屏區 | 本省閩南人 | 01 | 06 | 04"
"女性","20至29歲","小學及以下","桃竹苗區","外籍人士","06","05","05",1,1.72258451,1,0.000178571428571429,0.000309005972208328,"女性 | 20至29歲 | 小學及以下 | 桃竹苗區 | 外籍人士 | 06 | 05 | 05"
"女性","20至29歲","高中、職","中彰投區","本省閩南人","05","03","06",1,2.190710368,1,0.000178571428571429,0.000392980769977261,"女性 | 20至29歲 | 高中、職 | 中彰投區 | 本省閩南人 | 05 | 03 | 06"
"女性","20至29歲","高中、職","北北基宜蘭區","本省閩南人","02","05","06",1,1.636992328,1,0.000178571428571429,0.000293652011192887,"女性 | 20至29歲 | 高中、職 | 北北基宜蘭區 | 本省閩南人 | 02 | 05 | 06"
"女性","20至29歲","高中、職","花東區","原住民","10","02","05",1,1.65285374008175,1,0.000178571428571429,0.000296497311979272,"女性 | 20至29歲 | 高中、職 | 花東區 | 原住民 | 10 | 02 | 05"
"女性","20至29歲","高中、職","花東區","原住民","10","07","08",1,1.65285374008175,1,0.000178571428571429,0.000296497311979272,"女性 | 20至29歲 | 高中、職 | 花東區 | 原住民 | 10 | 07 | 08"
"女性","20至29歲","高中、職","雲嘉南區","本省閩南人","06","00","05",1,1.84129329586882,1,0.000178571428571429,0.000330300558090251,"女性 | 20至29歲 | 高中、職 | 雲嘉南區 | 本省閩南人 | 06 | 00 | 05"
"女性","20至29歲","高中、職","雲嘉南區","本省閩南人","06","04","06",1,1.313969048,1,0.000178571428571429,0.00023570645200385,"女性 | 20至29歲 | 高中、職 | 雲嘉南區 | 本省閩南人 | 06 | 04 | 06"
"女性","20至29歲","高中、職","雲嘉南區","本省閩南人","10","01","01",1,1.84129329586882,1,0.000178571428571429,0.000330300558090251,"女性 | 20至29歲 | 高中、職 | 雲嘉南區 | 本省閩南人 | 10 | 01 | 01"
"女性","20至29歲","高中、職","高屏區","本省閩南人","04","05","07",1,2.40613992,1,0.000178571428571429,0.000431625618907294,"女性 | 20至29歲 | 高中、職 | 高屏區 | 本省閩南人 | 04 | 05 | 07"
"女性","20至29歲","高中、職","高屏區","本省閩南人","05","05","07",1,2.63721759611452,1,0.000178571428571429,0.000473077507943152,"女性 | 20至29歲 | 高中、職 | 高屏區 | 本省閩南人 | 05 | 05 | 07"
"女性","20至29歲","高中、職","高屏區","本省閩南人","05","06","06",1,2.63721759611452,1,0.000178571428571429,0.000473077507943152,"女性 | 20至29歲 | 高中、職 | 高屏區 | 本省閩南人 | 05 | 06 | 06"
"女性","20至29歲","高中、職","高屏區","本省閩南人","07","05","06",1,1.361135375,1,0.000178571428571429,0.000244167387676685,"女性 | 20至29歲 | 高中、職 | 高屏區 | 本省閩南人 | 07 | 05 | 06"
"女性","30至39歲","國、初中","北北基宜蘭區","外國新住民","05","10","08",1,1.785296955,1,0.000178571428571429,0.000320255649611259,"女性 | 30至39歲 | 國、初中 | 北北基宜蘭區 | 外國新住民 | 05 | 10 | 08"
"女性","30至39歲","國、初中","桃竹苗區","本省閩南人","05","05","05",1,1.89144059333436,1,0.000178571428571429,0.00033929623540942,"女性 | 30至39歲 | 國、初中 | 桃竹苗區 | 本省閩南人 | 05 | 05 | 05"
"女性","30至39歲","國、初中","雲嘉南區","本省閩南人","03","07","09",1,1.77248670283185,1,0.000178571428571429,0.000317957681411456,"女性 | 30至39歲 | 國、初中 | 雲嘉南區 | 本省閩南人 | 03 | 07 | 09"
"女性","30至39歲","大學及以上","中彰投區","大陸各省市","00","03","00",1,1.25529584717928,1,0.000178571428571429,0.000225181354769474,"女性 | 30至39歲 | 大學及以上 | 中彰投區 | 大陸各省市 | 00 | 03 | 00"
"女性","30至39歲","大學及以上","中彰投區","大陸各省市","05","05","05",1,0.935902353,1,0.000178571428571429,0.000167886925025714,"女性 | 30至39歲 | 大學及以上 | 中彰投區 | 大陸各省市 | 05 | 05 | 05"
"女性","30至39歲","大學及以上","中彰投區","大陸各省市","10","02","02",1,1.14591636,1,0.000178571428571429,0.000205560305944716,"女性 | 30至39歲 | 大學及以上 | 中彰投區 | 大陸各省市 | 10 | 02 | 02"
"女性","30至39歲","大學及以上","中彰投區","本省客家人","00","01","01",1,1.25529584717928,1,0.000178571428571429,0.000225181354769474,"女性 | 30至39歲 | 大學及以上 | 中彰投區 | 本省客家人 | 00 | 01 | 01"
"女性","30至39歲","大學及以上","中彰投區","本省客家人","00","08","00",1,1.25529584717928,1,0.000178571428571429,0.000225181354769474,"女性 | 30至39歲 | 大學及以上 | 中彰投區 | 本省客家人 | 00 | 08 | 00"
"女性","30至39歲","大學及以上","中彰投區","本省客家人","00","08","05",1,1.25529584717928,1,0.000178571428571429,0.000225181354769474,"女性 | 30至39歲 | 大學及以上 | 中彰投區 | 本省客家人 | 00 | 08 | 05"
"女性","30至39歲","大學及以上","中彰投區","本省客家人","06","05","05",1,0.935902353,1,0.000178571428571429,0.000167886925025714,"女性 | 30至39歲 | 大學及以上 | 中彰投區 | 本省客家人 | 06 | 05 | 05"
"女性","30至39歲","大學及以上","中彰投區","本省閩南人","00","00","04",1,1.066415035,1,0.000178571428571429,0.000191298953842185,"女性 | 30至39歲 | 大學及以上 | 中彰投區 | 本省閩南人 | 00 | 00 | 04"
"女性","30至39歲","大學及以上","中彰投區","本省閩南人","00","03","00",1,1.25529584717928,1,0.000178571428571429,0.000225181354769474,"女性 | 30至39歲 | 大學及以上 | 中彰投區 | 本省閩南人 | 00 | 03 | 00"
"女性","30至39歲","大學及以上","中彰投區","本省閩南人","00","06","00",1,1.25529584717928,1,0.000178571428571429,0.000225181354769474,"女性 | 30至39歲 | 大學及以上 | 中彰投區 | 本省閩南人 | 00 | 06 | 00"
"女性","30至39歲","大學及以上","中彰投區","本省閩南人","01","06","00",1,1.25529584717928,1,0.000178571428571429,0.000225181354769474,"女性 | 30至39歲 | 大學及以上 | 中彰投區 | 本省閩南人 | 01 | 06 | 00"
"女性","30至39歲","大學及以上","中彰投區","本省閩南人","02","03","03",1,1.25529584717928,1,0.000178571428571429,0.000225181354769474,"女性 | 30至39歲 | 大學及以上 | 中彰投區 | 本省閩南人 | 02 | 03 | 03"
"女性","30至39歲","大學及以上","中彰投區","本省閩南人","02","04","04",1,1.25529584717928,1,0.000178571428571429,0.000225181354769474,"女性 | 30至39歲 | 大學及以上 | 中彰投區 | 本省閩南人 | 02 | 04 | 04"
"女性","30至39歲","大學及以上","中彰投區","本省閩南人","02","06","06",1,1.14591636,1,0.000178571428571429,0.000205560305944716,"女性 | 30至39歲 | 大學及以上 | 中彰投區 | 本省閩南人 | 02 | 06 | 06"
"女性","30至39歲","大學及以上","中彰投區","本省閩南人","02","07","08",1,1.14591636,1,0.000178571428571429,0.000205560305944716,"女性 | 30至39歲 | 大學及以上 | 中彰投區 | 本省閩南人 | 02 | 07 | 08"
"女性","30至39歲","大學及以上","中彰投區","本省閩南人","03","01","08",1,1.14591636,1,0.000178571428571429,0.000205560305944716,"女性 | 30至39歲 | 大學及以上 | 中彰投區 | 本省閩南人 | 03 | 01 | 08"
"女性","30至39歲","大學及以上","中彰投區","本省閩南人","03","03","03",1,1.25529584717928,1,0.000178571428571429,0.000225181354769474,"女性 | 30至39歲 | 大學及以上 | 中彰投區 | 本省閩南人 | 03 | 03 | 03"
"女性","30至39歲","大學及以上","中彰投區","本省閩南人","03","03","05",1,1.14591636,1,0.000178571428571429,0.000205560305944716,"女性 | 30至39歲 | 大學及以上 | 中彰投區 | 本省閩南人 | 03 | 03 | 05"
"女性","30至39歲","大學及以上","中彰投區","本省閩南人","03","07","02",1,1.25529584717928,1,0.000178571428571429,0.000225181354769474,"女性 | 30至39歲 | 大學及以上 | 中彰投區 | 本省閩南人 | 03 | 07 | 02"
"女性","30至39歲","大學及以上","中彰投區","本省閩南人","03","08","01",1,1.14591636,1,0.000178571428571429,0.000205560305944716,"女性 | 30至39歲 | 大學及以上 | 中彰投區 | 本省閩南人 | 03 | 08 | 01"
"女性","30至39歲","大學及以上","中彰投區","本省閩南人","03","08","07",1,1.14591636,1,0.000178571428571429,0.000205560305944716,"女性 | 30至39歲 | 大學及以上 | 中彰投區 | 本省閩南人 | 03 | 08 | 07"
"女性","30至39歲","大學及以上","中彰投區","本省閩南人","03","10","05",1,1.066415035,1,0.000178571428571429,0.000191298953842185,"女性 | 30至39歲 | 大學及以上 | 中彰投區 | 本省閩南人 | 03 | 10 | 05"
"女性","30至39歲","大學及以上","中彰投區","本省閩南人","04","04","04",1,1.25529584717928,1,0.000178571428571429,0.000225181354769474,"女性 | 30至39歲 | 大學及以上 | 中彰投區 | 本省閩南人 | 04 | 04 | 04"
"女性","30至39歲","大學及以上","中彰投區","本省閩南人","04","04","06",1,1.25529584717928,1,0.000178571428571429,0.000225181354769474,"女性 | 30至39歲 | 大學及以上 | 中彰投區 | 本省閩南人 | 04 | 04 | 06"
"女性","30至39歲","大學及以上","中彰投區","本省閩南人","04","06","05",1,1.14591636,1,0.000178571428571429,0.000205560305944716,"女性 | 30至39歲 | 大學及以上 | 中彰投區 | 本省閩南人 | 04 | 06 | 05"
"女性","30至39歲","大學及以上","中彰投區","本省閩南人","04","07","07",1,0.935902353,1,0.000178571428571429,0.000167886925025714,"女性 | 30至39歲 | 大學及以上 | 中彰投區 | 本省閩南人 | 04 | 07 | 07"
"女性","30至39歲","大學及以上","中彰投區","本省閩南人","04","08","07",1,0.935902353,1,0.000178571428571429,0.000167886925025714,"女性 | 30至39歲 | 大學及以上 | 中彰投區 | 本省閩南人 | 04 | 08 | 07"
"女性","30至39歲","大學及以上","中彰投區","本省閩南人","05","03","07",1,1.25529584717928,1,0.000178571428571429,0.000225181354769474,"女性 | 30至39歲 | 大學及以上 | 中彰投區 | 本省閩南人 | 05 | 03 | 07"
"女性","30至39歲","大學及以上","中彰投區","本省閩南人","05","05","04",1,1.25529584717928,1,0.000178571428571429,0.000225181354769474,"女性 | 30至39歲 | 大學及以上 | 中彰投區 | 本省閩南人 | 05 | 05 | 04"
"女性","30至39歲","大學及以上","中彰投區","本省閩南人","05","05","06",1,1.25529584717928,1,0.000178571428571429,0.000225181354769474,"女性 | 30至39歲 | 大學及以上 | 中彰投區 | 本省閩南人 | 05 | 05 | 06"
"女性","30至39歲","大學及以上","中彰投區","本省閩南人","05","06","05",1,1.25529584717928,1,0.000178571428571429,0.000225181354769474,"女性 | 30至39歲 | 大學及以上 | 中彰投區 | 本省閩南人 | 05 | 06 | 05"
"女性","30至39歲","大學及以上","中彰投區","本省閩南人","05","06","07",1,1.14591636,1,0.000178571428571429,0.000205560305944716,"女性 | 30至39歲 | 大學及以上 | 中彰投區 | 本省閩南人 | 05 | 06 | 07"
"女性","30至39歲","大學及以上","中彰投區","本省閩南人","05","07","07",1,1.25529584717928,1,0.000178571428571429,0.000225181354769474,"女性 | 30至39歲 | 大學及以上 | 中彰投區 | 本省閩南人 | 05 | 07 | 07"
"女性","30至39歲","大學及以上","中彰投區","本省閩南人","06","04","04",1,1.25529584717928,1,0.000178571428571429,0.000225181354769474,"女性 | 30至39歲 | 大學及以上 | 中彰投區 | 本省閩南人 | 06 | 04 | 04"
"女性","30至39歲","大學及以上","中彰投區","本省閩南人","06","07","08",1,1.14591636,1,0.000178571428571429,0.000205560305944716,"女性 | 30至39歲 | 大學及以上 | 中彰投區 | 本省閩南人 | 06 | 07 | 08"
"女性","30至39歲","大學及以上","中彰投區","本省閩南人","07","00","10",1,1.25529584717928,1,0.000178571428571429,0.000225181354769474,"女性 | 30至39歲 | 大學及以上 | 中彰投區 | 本省閩南人 | 07 | 00 | 10"
"女性","30至39歲","大學及以上","中彰投區","本省閩南人","07","03","08",1,1.25529584717928,1,0.000178571428571429,0.000225181354769474,"女性 | 30至39歲 | 大學及以上 | 中彰投區 | 本省閩南人 | 07 | 03 | 08"
"女性","30至39歲","大學及以上","中彰投區","本省閩南人","07","04","06",1,1.25529584717928,1,0.000178571428571429,0.000225181354769474,"女性 | 30至39歲 | 大學及以上 | 中彰投區 | 本省閩南人 | 07 | 04 | 06"
"女性","30至39歲","大學及以上","中彰投區","本省閩南人","07","04","08",1,1.14591636,1,0.000178571428571429,0.000205560305944716,"女性 | 30至39歲 | 大學及以上 | 中彰投區 | 本省閩南人 | 07 | 04 | 08"
"女性","30至39歲","大學及以上","中彰投區","本省閩南人","07","06","06",1,1.25529584717928,1,0.000178571428571429,0.000225181354769474,"女性 | 30至39歲 | 大學及以上 | 中彰投區 | 本省閩南人 | 07 | 06 | 06"
"女性","30至39歲","大學及以上","中彰投區","本省閩南人","07","07","07",1,1.25529584717928,1,0.000178571428571429,0.000225181354769474,"女性 | 30至39歲 | 大學及以上 | 中彰投區 | 本省閩南人 | 07 | 07 | 07"
"女性","30至39歲","大學及以上","中彰投區","本省閩南人","07","07","08",1,1.14591636,1,0.000178571428571429,0.000205560305944716,"女性 | 30至39歲 | 大學及以上 | 中彰投區 | 本省閩南人 | 07 | 07 | 08"
"女性","30至39歲","大學及以上","中彰投區","本省閩南人","07","08","07",1,1.019148546,1,0.000178571428571429,0.000182820050600266,"女性 | 30至39歲 | 大學及以上 | 中彰投區 | 本省閩南人 | 07 | 08 | 07"
"女性","30至39歲","大學及以上","中彰投區","本省閩南人","07","09","03",1,1.14591636,1,0.000178571428571429,0.000205560305944716,"女性 | 30至39歲 | 大學及以上 | 中彰投區 | 本省閩南人 | 07 | 09 | 03"
"女性","30至39歲","大學及以上","北北基宜蘭區","原住民","03","05","04",1,1.22593332786498,1,0.000178571428571429,0.000219914156687447,"女性 | 30至39歲 | 大學及以上 | 北北基宜蘭區 | 原住民 | 03 | 05 | 04"
"女性","30至39歲","大學及以上","北北基宜蘭區","原住民","04","08","02",1,1.30849047,1,0.000178571428571429,0.00023472367681263,"女性 | 30至39歲 | 大學及以上 | 北北基宜蘭區 | 原住民 | 04 | 08 | 02"
"女性","30至39歲","大學及以上","北北基宜蘭區","大陸各省市","00","10","00",1,1.22593332786498,1,0.000178571428571429,0.000219914156687447,"女性 | 30至39歲 | 大學及以上 | 北北基宜蘭區 | 大陸各省市 | 00 | 10 | 00"
"女性","30至39歲","大學及以上","北北基宜蘭區","大陸各省市","01","01","05",1,1.511383726,1,0.000178571428571429,0.00027111970119392,"女性 | 30至39歲 | 大學及以上 | 北北基宜蘭區 | 大陸各省市 | 01 | 01 | 05"
"女性","30至39歲","大學及以上","北北基宜蘭區","大陸各省市","03","02","05",1,1.22593332786498,1,0.000178571428571429,0.000219914156687447,"女性 | 30至39歲 | 大學及以上 | 北北基宜蘭區 | 大陸各省市 | 03 | 02 | 05"
"女性","30至39歲","大學及以上","北北基宜蘭區","大陸各省市","04","03","06",1,1.22593332786498,1,0.000178571428571429,0.000219914156687447,"女性 | 30至39歲 | 大學及以上 | 北北基宜蘭區 | 大陸各省市 | 04 | 03 | 06"
"女性","30至39歲","大學及以上","北北基宜蘭區","大陸各省市","04","05","07",1,1.148351505,1,0.000178571428571429,0.000205997134642422,"女性 | 30至39歲 | 大學及以上 | 北北基宜蘭區 | 大陸各省市 | 04 | 05 | 07"
"女性","30至39歲","大學及以上","北北基宜蘭區","大陸各省市","05","01","08",1,1.30849047,1,0.000178571428571429,0.00023472367681263,"女性 | 30至39歲 | 大學及以上 | 北北基宜蘭區 | 大陸各省市 | 05 | 01 | 08"
"女性","30至39歲","大學及以上","北北基宜蘭區","大陸各省市","05","05","05",1,1.22593332786498,1,0.000178571428571429,0.000219914156687447,"女性 | 30至39歲 | 大學及以上 | 北北基宜蘭區 | 大陸各省市 | 05 | 05 | 05"
"女性","30至39歲","大學及以上","北北基宜蘭區","大陸各省市","06","03","04",1,1.22593332786498,1,0.000178571428571429,0.000219914156687447,"女性 | 30至39歲 | 大學及以上 | 北北基宜蘭區 | 大陸各省市 | 06 | 03 | 04"
"女性","30至39歲","大學及以上","北北基宜蘭區","本省客家人","00","09","00",1,1.22593332786498,1,0.000178571428571429,0.000219914156687447,"女性 | 30至39歲 | 大學及以上 | 北北基宜蘭區 | 本省客家人 | 00 | 09 | 00"
"女性","30至39歲","大學及以上","北北基宜蘭區","本省客家人","03","05","05",1,1.22593332786498,1,0.000178571428571429,0.000219914156687447,"女性 | 30至39歲 | 大學及以上 | 北北基宜蘭區 | 本省客家人 | 03 | 05 | 05"
"女性","30至39歲","大學及以上","北北基宜蘭區","本省客家人","03","07","07",1,1.22593332786498,1,0.000178571428571429,0.000219914156687447,"女性 | 30至39歲 | 大學及以上 | 北北基宜蘭區 | 本省客家人 | 03 | 07 | 07"
"女性","30至39歲","大學及以上","北北基宜蘭區","本省客家人","05","05","08",1,1.22593332786498,1,0.000178571428571429,0.000219914156687447,"女性 | 30至39歲 | 大學及以上 | 北北基宜蘭區 | 本省客家人 | 05 | 05 | 08"
"女性","30至39歲","大學及以上","北北基宜蘭區","本省閩南人","00","05","03",1,1.148351505,1,0.000178571428571429,0.000205997134642422,"女性 | 30至39歲 | 大學及以上 | 北北基宜蘭區 | 本省閩南人 | 00 | 05 | 03"
"女性","30至39歲","大學及以上","北北基宜蘭區","本省閩南人","00","06","00",1,1.22593332786498,1,0.000178571428571429,0.000219914156687447,"女性 | 30至39歲 | 大學及以上 | 北北基宜蘭區 | 本省閩南人 | 00 | 06 | 00"
"女性","30至39歲","大學及以上","北北基宜蘭區","本省閩南人","00","06","04",1,1.148351505,1,0.000178571428571429,0.000205997134642422,"女性 | 30至39歲 | 大學及以上 | 北北基宜蘭區 | 本省閩南人 | 00 | 06 | 04"
"女性","30至39歲","大學及以上","北北基宜蘭區","本省閩南人","00","06","06",1,1.30849047,1,0.000178571428571429,0.00023472367681263,"女性 | 30至39歲 | 大學及以上 | 北北基宜蘭區 | 本省閩南人 | 00 | 06 | 06"
"女性","30至39歲","大學及以上","北北基宜蘭區","本省閩南人","00","07","00",1,1.22593332786498,1,0.000178571428571429,0.000219914156687447,"女性 | 30至39歲 | 大學及以上 | 北北基宜蘭區 | 本省閩南人 | 00 | 07 | 00"
"女性","30至39歲","大學及以上","北北基宜蘭區","本省閩南人","00","08","00",1,1.22593332786498,1,0.000178571428571429,0.000219914156687447,"女性 | 30至39歲 | 大學及以上 | 北北基宜蘭區 | 本省閩南人 | 00 | 08 | 00"
"女性","30至39歲","大學及以上","北北基宜蘭區","本省閩南人","00","08","07",1,1.30849047,1,0.000178571428571429,0.00023472367681263,"女性 | 30至39歲 | 大學及以上 | 北北基宜蘭區 | 本省閩南人 | 00 | 08 | 07"
"女性","30至39歲","大學及以上","北北基宜蘭區","本省閩南人","00","10","00",1,1.22593332786498,1,0.000178571428571429,0.000219914156687447,"女性 | 30至39歲 | 大學及以上 | 北北基宜蘭區 | 本省閩南人 | 00 | 10 | 00"
"女性","30至39歲","大學及以上","北北基宜蘭區","本省閩南人","01","04","01",1,1.22593332786498,1,0.000178571428571429,0.000219914156687447,"女性 | 30至39歲 | 大學及以上 | 北北基宜蘭區 | 本省閩南人 | 01 | 04 | 01"
"女性","30至39歲","大學及以上","北北基宜蘭區","本省閩南人","01","05","06",1,1.148351505,1,0.000178571428571429,0.000205997134642422,"女性 | 30至39歲 | 大學及以上 | 北北基宜蘭區 | 本省閩南人 | 01 | 05 | 06"
"女性","30至39歲","大學及以上","北北基宜蘭區","本省閩南人","01","08","03",1,1.22593332786498,1,0.000178571428571429,0.000219914156687447,"女性 | 30至39歲 | 大學及以上 | 北北基宜蘭區 | 本省閩南人 | 01 | 08 | 03"
"女性","30至39歲","大學及以上","北北基宜蘭區","本省閩南人","01","10","02",1,1.511383726,1,0.000178571428571429,0.00027111970119392,"女性 | 30至39歲 | 大學及以上 | 北北基宜蘭區 | 本省閩南人 | 01 | 10 | 02"
"女性","30至39歲","大學及以上","北北基宜蘭區","本省閩南人","02","00","07",1,1.22593332786498,1,0.000178571428571429,0.000219914156687447,"女性 | 30至39歲 | 大學及以上 | 北北基宜蘭區 | 本省閩南人 | 02 | 00 | 07"
"女性","30至39歲","大學及以上","北北基宜蘭區","本省閩南人","02","01","02",1,1.30849047,1,0.000178571428571429,0.00023472367681263,"女性 | 30至39歲 | 大學及以上 | 北北基宜蘭區 | 本省閩南人 | 02 | 01 | 02"
"女性","30至39歲","大學及以上","北北基宜蘭區","本省閩南人","02","06","03",1,1.22593332786498,1,0.000178571428571429,0.000219914156687447,"女性 | 30至39歲 | 大學及以上 | 北北基宜蘭區 | 本省閩南人 | 02 | 06 | 03"
"女性","30至39歲","大學及以上","北北基宜蘭區","本省閩南人","02","06","08",1,1.148351505,1,0.000178571428571429,0.000205997134642422,"女性 | 30至39歲 | 大學及以上 | 北北基宜蘭區 | 本省閩南人 | 02 | 06 | 08"
"女性","30至39歲","大學及以上","北北基宜蘭區","本省閩南人","02","07","00",1,1.30849047,1,0.000178571428571429,0.00023472367681263,"女性 | 30至39歲 | 大學及以上 | 北北基宜蘭區 | 本省閩南人 | 02 | 07 | 00"
"女性","30至39歲","大學及以上","北北基宜蘭區","本省閩南人","03","00","07",1,1.148351505,1,0.000178571428571429,0.000205997134642422,"女性 | 30至39歲 | 大學及以上 | 北北基宜蘭區 | 本省閩南人 | 03 | 00 | 07"
"女性","30至39歲","大學及以上","北北基宜蘭區","本省閩南人","03","02","04",1,1.22593332786498,1,0.000178571428571429,0.000219914156687447,"女性 | 30至39歲 | 大學及以上 | 北北基宜蘭區 | 本省閩南人 | 03 | 02 | 04"
"女性","30至39歲","大學及以上","北北基宜蘭區","本省閩南人","03","03","06",1,1.511383726,1,0.000178571428571429,0.00027111970119392,"女性 | 30至39歲 | 大學及以上 | 北北基宜蘭區 | 本省閩南人 | 03 | 03 | 06"
"女性","30至39歲","大學及以上","北北基宜蘭區","本省閩南人","03","04","05",1,1.22593332786498,1,0.000178571428571429,0.000219914156687447,"女性 | 30至39歲 | 大學及以上 | 北北基宜蘭區 | 本省閩南人 | 03 | 04 | 05"
"女性","30至39歲","大學及以上","北北基宜蘭區","本省閩南人","03","05","07",1,1.148351505,1,0.000178571428571429,0.000205997134642422,"女性 | 30至39歲 | 大學及以上 | 北北基宜蘭區 | 本省閩南人 | 03 | 05 | 07"
"女性","30至39歲","大學及以上","北北基宜蘭區","本省閩南人","03","06","01",1,1.30849047,1,0.000178571428571429,0.00023472367681263,"女性 | 30至39歲 | 大學及以上 | 北北基宜蘭區 | 本省閩南人 | 03 | 06 | 01"
"女性","30至39歲","大學及以上","北北基宜蘭區","本省閩南人","03","07","00",1,1.22593332786498,1,0.000178571428571429,0.000219914156687447,"女性 | 30至39歲 | 大學及以上 | 北北基宜蘭區 | 本省閩南人 | 03 | 07 | 00"
"女性","30至39歲","大學及以上","北北基宜蘭區","本省閩南人","03","07","05",1,1.148351505,1,0.000178571428571429,0.000205997134642422,"女性 | 30至39歲 | 大學及以上 | 北北基宜蘭區 | 本省閩南人 | 03 | 07 | 05"
"女性","30至39歲","大學及以上","北北基宜蘭區","本省閩南人","03","07","06",1,1.511383726,1,0.000178571428571429,0.00027111970119392,"女性 | 30至39歲 | 大學及以上 | 北北基宜蘭區 | 本省閩南人 | 03 | 07 | 06"
"女性","30至39歲","大學及以上","北北基宜蘭區","本省閩南人","03","08","05",1,1.148351505,1,0.000178571428571429,0.000205997134642422,"女性 | 30至39歲 | 大學及以上 | 北北基宜蘭區 | 本省閩南人 | 03 | 08 | 05"
"女性","30至39歲","大學及以上","北北基宜蘭區","本省閩南人","04","03","04",1,1.22593332786498,1,0.000178571428571429,0.000219914156687447,"女性 | 30至39歲 | 大學及以上 | 北北基宜蘭區 | 本省閩南人 | 04 | 03 | 04"
"女性","30至39歲","大學及以上","北北基宜蘭區","本省閩南人","04","03","05",1,1.22593332786498,1,0.000178571428571429,0.000219914156687447,"女性 | 30至39歲 | 大學及以上 | 北北基宜蘭區 | 本省閩南人 | 04 | 03 | 05"
"女性","30至39歲","大學及以上","北北基宜蘭區","本省閩南人","04","04","05",1,1.22593332786498,1,0.000178571428571429,0.000219914156687447,"女性 | 30至39歲 | 大學及以上 | 北北基宜蘭區 | 本省閩南人 | 04 | 04 | 05"
"女性","30至39歲","大學及以上","北北基宜蘭區","本省閩南人","04","05","06",1,1.511383726,1,0.000178571428571429,0.00027111970119392,"女性 | 30至39歲 | 大學及以上 | 北北基宜蘭區 | 本省閩南人 | 04 | 05 | 06"
"女性","30至39歲","大學及以上","北北基宜蘭區","本省閩南人","04","06","01",1,1.22593332786498,1,0.000178571428571429,0.000219914156687447,"女性 | 30至39歲 | 大學及以上 | 北北基宜蘭區 | 本省閩南人 | 04 | 06 | 01"
"女性","30至39歲","大學及以上","北北基宜蘭區","本省閩南人","04","06","03",1,1.22593332786498,1,0.000178571428571429,0.000219914156687447,"女性 | 30至39歲 | 大學及以上 | 北北基宜蘭區 | 本省閩南人 | 04 | 06 | 03"
"女性","30至39歲","大學及以上","北北基宜蘭區","本省閩南人","04","06","04",1,1.22593332786498,1,0.000178571428571429,0.000219914156687447,"女性 | 30至39歲 | 大學及以上 | 北北基宜蘭區 | 本省閩南人 | 04 | 06 | 04"
"女性","30至39歲","大學及以上","北北基宜蘭區","本省閩南人","04","07","04",1,1.511383726,1,0.000178571428571429,0.00027111970119392,"女性 | 30至39歲 | 大學及以上 | 北北基宜蘭區 | 本省閩南人 | 04 | 07 | 04"
"女性","30至39歲","大學及以上","北北基宜蘭區","本省閩南人","04","07","05",1,1.22593332786498,1,0.000178571428571429,0.000219914156687447,"女性 | 30至39歲 | 大學及以上 | 北北基宜蘭區 | 本省閩南人 | 04 | 07 | 05"
"女性","30至39歲","大學及以上","北北基宜蘭區","本省閩南人","04","08","00",1,1.511383726,1,0.000178571428571429,0.00027111970119392,"女性 | 30至39歲 | 大學及以上 | 北北基宜蘭區 | 本省閩南人 | 04 | 08 | 00"
"女性","30至39歲","大學及以上","北北基宜蘭區","本省閩南人","05","00","02",1,1.22593332786498,1,0.000178571428571429,0.000219914156687447,"女性 | 30至39歲 | 大學及以上 | 北北基宜蘭區 | 本省閩南人 | 05 | 00 | 02"
"女性","30至39歲","大學及以上","北北基宜蘭區","本省閩南人","05","02","05",1,1.22593332786498,1,0.000178571428571429,0.000219914156687447,"女性 | 30至39歲 | 大學及以上 | 北北基宜蘭區 | 本省閩南人 | 05 | 02 | 05"
"女性","30至39歲","大學及以上","北北基宜蘭區","本省閩南人","05","03","06",1,1.22593332786498,1,0.000178571428571429,0.000219914156687447,"女性 | 30至39歲 | 大學及以上 | 北北基宜蘭區 | 本省閩南人 | 05 | 03 | 06"
"女性","30至39歲","大學及以上","北北基宜蘭區","本省閩南人","05","03","07",1,1.22593332786498,1,0.000178571428571429,0.000219914156687447,"女性 | 30至39歲 | 大學及以上 | 北北基宜蘭區 | 本省閩南人 | 05 | 03 | 07"
"女性","30至39歲","大學及以上","北北基宜蘭區","本省閩南人","05","04","05",1,1.22593332786498,1,0.000178571428571429,0.000219914156687447,"女性 | 30至39歲 | 大學及以上 | 北北基宜蘭區 | 本省閩南人 | 05 | 04 | 05"
"女性","30至39歲","大學及以上","北北基宜蘭區","本省閩南人","05","04","06",1,1.30849047,1,0.000178571428571429,0.00023472367681263,"女性 | 30至39歲 | 大學及以上 | 北北基宜蘭區 | 本省閩南人 | 05 | 04 | 06"
"女性","30至39歲","大學及以上","北北基宜蘭區","本省閩南人","05","05","00",1,1.511383726,1,0.000178571428571429,0.00027111970119392,"女性 | 30至39歲 | 大學及以上 | 北北基宜蘭區 | 本省閩南人 | 05 | 05 | 00"
"女性","30至39歲","大學及以上","北北基宜蘭區","本省閩南人","05","05","03",1,1.22593332786498,1,0.000178571428571429,0.000219914156687447,"女性 | 30至39歲 | 大學及以上 | 北北基宜蘭區 | 本省閩南人 | 05 | 05 | 03"
"女性","30至39歲","大學及以上","北北基宜蘭區","本省閩南人","05","06","04",1,1.22593332786498,1,0.000178571428571429,0.000219914156687447,"女性 | 30至39歲 | 大學及以上 | 北北基宜蘭區 | 本省閩南人 | 05 | 06 | 04"
"女性","30至39歲","大學及以上","北北基宜蘭區","本省閩南人","05","07","05",1,1.22593332786498,1,0.000178571428571429,0.000219914156687447,"女性 | 30至39歲 | 大學及以上 | 北北基宜蘭區 | 本省閩南人 | 05 | 07 | 05"
"女性","30至39歲","大學及以上","北北基宜蘭區","本省閩南人","05","07","07",1,1.511383726,1,0.000178571428571429,0.00027111970119392,"女性 | 30至39歲 | 大學及以上 | 北北基宜蘭區 | 本省閩南人 | 05 | 07 | 07"
"女性","30至39歲","大學及以上","北北基宜蘭區","本省閩南人","06","04","05",1,1.148351505,1,0.000178571428571429,0.000205997134642422,"女性 | 30至39歲 | 大學及以上 | 北北基宜蘭區 | 本省閩南人 | 06 | 04 | 05"
"女性","30至39歲","大學及以上","北北基宜蘭區","本省閩南人","06","06","06",1,1.22593332786498,1,0.000178571428571429,0.000219914156687447,"女性 | 30至39歲 | 大學及以上 | 北北基宜蘭區 | 本省閩南人 | 06 | 06 | 06"
"女性","30至39歲","大學及以上","北北基宜蘭區","本省閩南人","06","07","04",1,1.511383726,1,0.000178571428571429,0.00027111970119392,"女性 | 30至39歲 | 大學及以上 | 北北基宜蘭區 | 本省閩南人 | 06 | 07 | 04"
"女性","30至39歲","大學及以上","北北基宜蘭區","本省閩南人","06","07","08",1,1.22593332786498,1,0.000178571428571429,0.000219914156687447,"女性 | 30至39歲 | 大學及以上 | 北北基宜蘭區 | 本省閩南人 | 06 | 07 | 08"
"女性","30至39歲","大學及以上","北北基宜蘭區","本省閩南人","07","00","07",1,1.22593332786498,1,0.000178571428571429,0.000219914156687447,"女性 | 30至39歲 | 大學及以上 | 北北基宜蘭區 | 本省閩南人 | 07 | 00 | 07"
"女性","30至39歲","大學及以上","北北基宜蘭區","本省閩南人","07","03","06",1,1.22593332786498,1,0.000178571428571429,0.000219914156687447,"女性 | 30至39歲 | 大學及以上 | 北北基宜蘭區 | 本省閩南人 | 07 | 03 | 06"
"女性","30至39歲","大學及以上","北北基宜蘭區","本省閩南人","07","06","03",1,1.148351505,1,0.000178571428571429,0.000205997134642422,"女性 | 30至39歲 | 大學及以上 | 北北基宜蘭區 | 本省閩南人 | 07 | 06 | 03"
"女性","30至39歲","大學及以上","北北基宜蘭區","本省閩南人","07","06","07",1,1.148351505,1,0.000178571428571429,0.000205997134642422,"女性 | 30至39歲 | 大學及以上 | 北北基宜蘭區 | 本省閩南人 | 07 | 06 | 07"
"女性","30至39歲","大學及以上","北北基宜蘭區","本省閩南人","07","08","08",1,1.148351505,1,0.000178571428571429,0.000205997134642422,"女性 | 30至39歲 | 大學及以上 | 北北基宜蘭區 | 本省閩南人 | 07 | 08 | 08"
"女性","30至39歲","大學及以上","北北基宜蘭區","本省閩南人","07","09","06",1,1.148351505,1,0.000178571428571429,0.000205997134642422,"女性 | 30至39歲 | 大學及以上 | 北北基宜蘭區 | 本省閩南人 | 07 | 09 | 06"
"女性","30至39歲","大學及以上","北北基宜蘭區","本省閩南人","08","03","07",1,1.22593332786498,1,0.000178571428571429,0.000219914156687447,"女性 | 30至39歲 | 大學及以上 | 北北基宜蘭區 | 本省閩南人 | 08 | 03 | 07"
"女性","30至39歲","大學及以上","桃竹苗區","原住民","06","00","05",1,1.15415900295835,1,0.000178571428571429,0.000207038913168991,"女性 | 30至39歲 | 大學及以上 | 桃竹苗區 | 原住民 | 06 | 00 | 05"
"女性","30至39歲","大學及以上","桃竹苗區","原住民","06","08","05",1,1.040408407,1,0.000178571428571429,0.00018663375261557,"女性 | 30至39歲 | 大學及以上 | 桃竹苗區 | 原住民 | 06 | 08 | 05"
"女性","30至39歲","大學及以上","桃竹苗區","大陸各省市","00","07","05",1,1.299882353,1,0.000178571428571429,0.000233179508995593,"女性 | 30至39歲 | 大學及以上 | 桃竹苗區 | 大陸各省市 | 00 | 07 | 05"
"女性","30至39歲","大學及以上","桃竹苗區","大陸各省市","02","02","04",1,1.040408407,1,0.000178571428571429,0.00018663375261557,"女性 | 30至39歲 | 大學及以上 | 桃竹苗區 | 大陸各省市 | 02 | 02 | 04"
"女性","30至39歲","大學及以上","桃竹苗區","大陸各省市","05","08","05",1,1.15415900295835,1,0.000178571428571429,0.000207038913168991,"女性 | 30至39歲 | 大學及以上 | 桃竹苗區 | 大陸各省市 | 05 | 08 | 05"
"女性","30至39歲","大學及以上","桃竹苗區","大陸各省市","06","00","10",1,1.040408407,1,0.000178571428571429,0.00018663375261557,"女性 | 30至39歲 | 大學及以上 | 桃竹苗區 | 大陸各省市 | 06 | 00 | 10"
"女性","30至39歲","大學及以上","桃竹苗區","大陸各省市","06","01","05",1,1.15415900295835,1,0.000178571428571429,0.000207038913168991,"女性 | 30至39歲 | 大學及以上 | 桃竹苗區 | 大陸各省市 | 06 | 01 | 05"
"女性","30至39歲","大學及以上","桃竹苗區","大陸各省市","07","05","05",1,1.299882353,1,0.000178571428571429,0.000233179508995593,"女性 | 30至39歲 | 大學及以上 | 桃竹苗區 | 大陸各省市 | 07 | 05 | 05"
"女性","30至39歲","大學及以上","桃竹苗區","大陸各省市","08","00","02",1,1.299882353,1,0.000178571428571429,0.000233179508995593,"女性 | 30至39歲 | 大學及以上 | 桃竹苗區 | 大陸各省市 | 08 | 00 | 02"
"女性","30至39歲","大學及以上","桃竹苗區","大陸各省市","09","00","08",1,1.15415900295835,1,0.000178571428571429,0.000207038913168991,"女性 | 30至39歲 | 大學及以上 | 桃竹苗區 | 大陸各省市 | 09 | 00 | 08"
"女性","30至39歲","大學及以上","桃竹苗區","本省客家人","01","08","07",1,1.299882353,1,0.000178571428571429,0.000233179508995593,"女性 | 30至39歲 | 大學及以上 | 桃竹苗區 | 本省客家人 | 01 | 08 | 07"
"女性","30至39歲","大學及以上","桃竹苗區","本省客家人","02","05","02",1,1.040408407,1,0.000178571428571429,0.00018663375261557,"女性 | 30至39歲 | 大學及以上 | 桃竹苗區 | 本省客家人 | 02 | 05 | 02"
"女性","30至39歲","大學及以上","桃竹苗區","本省客家人","03","03","07",1,1.040408407,1,0.000178571428571429,0.00018663375261557,"女性 | 30至39歲 | 大學及以上 | 桃竹苗區 | 本省客家人 | 03 | 03 | 07"
"女性","30至39歲","大學及以上","桃竹苗區","本省客家人","03","03","08",1,1.18549458,1,0.000178571428571429,0.000212660048383114,"女性 | 30至39歲 | 大學及以上 | 桃竹苗區 | 本省客家人 | 03 | 03 | 08"
"女性","30至39歲","大學及以上","桃竹苗區","本省客家人","04","04","06",1,1.18549458,1,0.000178571428571429,0.000212660048383114,"女性 | 30至39歲 | 大學及以上 | 桃竹苗區 | 本省客家人 | 04 | 04 | 06"
"女性","30至39歲","大學及以上","桃竹苗區","本省客家人","04","05","07",1,1.040408407,1,0.000178571428571429,0.00018663375261557,"女性 | 30至39歲 | 大學及以上 | 桃竹苗區 | 本省客家人 | 04 | 05 | 07"
"女性","30至39歲","大學及以上","桃竹苗區","本省客家人","04","08","07",1,1.040408407,1,0.000178571428571429,0.00018663375261557,"女性 | 30至39歲 | 大學及以上 | 桃竹苗區 | 本省客家人 | 04 | 08 | 07"
"女性","30至39歲","大學及以上","桃竹苗區","本省客家人","05","03","05",1,1.15415900295835,1,0.000178571428571429,0.000207038913168991,"女性 | 30至39歲 | 大學及以上 | 桃竹苗區 | 本省客家人 | 05 | 03 | 05"
"女性","30至39歲","大學及以上","桃竹苗區","本省客家人","05","04","04",1,1.15415900295835,1,0.000178571428571429,0.000207038913168991,"女性 | 30至39歲 | 大學及以上 | 桃竹苗區 | 本省客家人 | 05 | 04 | 04"
"女性","30至39歲","大學及以上","桃竹苗區","本省客家人","05","04","08",1,1.299882353,1,0.000178571428571429,0.000233179508995593,"女性 | 30至39歲 | 大學及以上 | 桃竹苗區 | 本省客家人 | 05 | 04 | 08"
"女性","30至39歲","大學及以上","桃竹苗區","本省客家人","07","01","05",1,1.15415900295835,1,0.000178571428571429,0.000207038913168991,"女性 | 30至39歲 | 大學及以上 | 桃竹苗區 | 本省客家人 | 07 | 01 | 05"
"女性","30至39歲","大學及以上","桃竹苗區","本省客家人","10","02","10",1,1.299882353,1,0.000178571428571429,0.000233179508995593,"女性 | 30至39歲 | 大學及以上 | 桃竹苗區 | 本省客家人 | 10 | 02 | 10"
"女性","30至39歲","大學及以上","桃竹苗區","本省閩南人","00","08","05",1,1.18549458,1,0.000178571428571429,0.000212660048383114,"女性 | 30至39歲 | 大學及以上 | 桃竹苗區 | 本省閩南人 | 00 | 08 | 05"
"女性","30至39歲","大學及以上","桃竹苗區","本省閩南人","01","02","05",1,1.299882353,1,0.000178571428571429,0.000233179508995593,"女性 | 30至39歲 | 大學及以上 | 桃竹苗區 | 本省閩南人 | 01 | 02 | 05"
"女性","30至39歲","大學及以上","桃竹苗區","本省閩南人","02","05","04",1,1.15415900295835,1,0.000178571428571429,0.000207038913168991,"女性 | 30至39歲 | 大學及以上 | 桃竹苗區 | 本省閩南人 | 02 | 05 | 04"
"女性","30至39歲","大學及以上","桃竹苗區","本省閩南人","03","05","08",1,1.299882353,1,0.000178571428571429,0.000233179508995593,"女性 | 30至39歲 | 大學及以上 | 桃竹苗區 | 本省閩南人 | 03 | 05 | 08"
"女性","30至39歲","大學及以上","桃竹苗區","本省閩南人","03","06","03",1,1.18549458,1,0.000178571428571429,0.000212660048383114,"女性 | 30至39歲 | 大學及以上 | 桃竹苗區 | 本省閩南人 | 03 | 06 | 03"
"女性","30至39歲","大學及以上","桃竹苗區","本省閩南人","03","09","02",1,1.18549458,1,0.000178571428571429,0.000212660048383114,"女性 | 30至39歲 | 大學及以上 | 桃竹苗區 | 本省閩南人 | 03 | 09 | 02"
"女性","30至39歲","大學及以上","桃竹苗區","本省閩南人","04","07","05",1,1.15415900295835,1,0.000178571428571429,0.000207038913168991,"女性 | 30至39歲 | 大學及以上 | 桃竹苗區 | 本省閩南人 | 04 | 07 | 05"
"女性","30至39歲","大學及以上","桃竹苗區","本省閩南人","05","02","07",1,1.040408407,1,0.000178571428571429,0.00018663375261557,"女性 | 30至39歲 | 大學及以上 | 桃竹苗區 | 本省閩南人 | 05 | 02 | 07"
"女性","30至39歲","大學及以上","桃竹苗區","本省閩南人","05","03","02",1,1.15415900295835,1,0.000178571428571429,0.000207038913168991,"女性 | 30至39歲 | 大學及以上 | 桃竹苗區 | 本省閩南人 | 05 | 03 | 02"
"女性","30至39歲","大學及以上","桃竹苗區","本省閩南人","05","05","08",1,1.040408407,1,0.000178571428571429,0.00018663375261557,"女性 | 30至39歲 | 大學及以上 | 桃竹苗區 | 本省閩南人 | 05 | 05 | 08"
"女性","30至39歲","大學及以上","桃竹苗區","本省閩南人","06","01","03",1,1.15415900295835,1,0.000178571428571429,0.000207038913168991,"女性 | 30至39歲 | 大學及以上 | 桃竹苗區 | 本省閩南人 | 06 | 01 | 03"
"女性","30至39歲","大學及以上","桃竹苗區","本省閩南人","06","04","07",1,1.299882353,1,0.000178571428571429,0.000233179508995593,"女性 | 30至39歲 | 大學及以上 | 桃竹苗區 | 本省閩南人 | 06 | 04 | 07"
"女性","30至39歲","大學及以上","桃竹苗區","本省閩南人","06","08","09",1,1.040408407,1,0.000178571428571429,0.00018663375261557,"女性 | 30至39歲 | 大學及以上 | 桃竹苗區 | 本省閩南人 | 06 | 08 | 09"
"女性","30至39歲","大學及以上","桃竹苗區","本省閩南人","07","00","07",1,1.15415900295835,1,0.000178571428571429,0.000207038913168991,"女性 | 30至39歲 | 大學及以上 | 桃竹苗區 | 本省閩南人 | 07 | 00 | 07"
"女性","30至39歲","大學及以上","桃竹苗區","本省閩南人","08","05","05",1,1.15415900295835,1,0.000178571428571429,0.000207038913168991,"女性 | 30至39歲 | 大學及以上 | 桃竹苗區 | 本省閩南人 | 08 | 05 | 05"
"女性","30至39歲","大學及以上","花東區","本省客家人","03","06","03",1,0.739453032,1,0.000178571428571429,0.000132646846485085,"女性 | 30至39歲 | 大學及以上 | 花東區 | 本省客家人 | 03 | 06 | 03"
"女性","30至39歲","大學及以上","花東區","本省閩南人","05","01","05",1,0.739453032,1,0.000178571428571429,0.000132646846485085,"女性 | 30至39歲 | 大學及以上 | 花東區 | 本省閩南人 | 05 | 01 | 05"
"女性","30至39歲","大學及以上","花東區","本省閩南人","05","05","06",1,0.739453032,1,0.000178571428571429,0.000132646846485085,"女性 | 30至39歲 | 大學及以上 | 花東區 | 本省閩南人 | 05 | 05 | 06"
"女性","30至39歲","大學及以上","花東區","本省閩南人","07","05","07",1,0.739453032,1,0.000178571428571429,0.000132646846485085,"女性 | 30至39歲 | 大學及以上 | 花東區 | 本省閩南人 | 07 | 05 | 07"
"女性","30至39歲","大學及以上","雲嘉南區","大陸各省市","05","05","05",1,1.08157321615425,1,0.000178571428571429,0.000194018105487453,"女性 | 30至39歲 | 大學及以上 | 雲嘉南區 | 大陸各省市 | 05 | 05 | 05"
"女性","30至39歲","大學及以上","雲嘉南區","本省客家人","01","07","01",1,1.08157321615425,1,0.000178571428571429,0.000194018105487453,"女性 | 30至39歲 | 大學及以上 | 雲嘉南區 | 本省客家人 | 01 | 07 | 01"
"女性","30至39歲","大學及以上","雲嘉南區","本省客家人","03","07","05",1,0.93011781,1,0.000178571428571429,0.000166849264276346,"女性 | 30至39歲 | 大學及以上 | 雲嘉南區 | 本省客家人 | 03 | 07 | 05"
"女性","30至39歲","大學及以上","雲嘉南區","本省閩南人","00","06","00",1,1.08157321615425,1,0.000178571428571429,0.000194018105487453,"女性 | 30至39歲 | 大學及以上 | 雲嘉南區 | 本省閩南人 | 00 | 06 | 00"
"女性","30至39歲","大學及以上","雲嘉南區","本省閩南人","00","08","05",1,1.059823831,1,0.000178571428571429,0.000190116590139145,"女性 | 30至39歲 | 大學及以上 | 雲嘉南區 | 本省閩南人 | 00 | 08 | 05"
"女性","30至39歲","大學及以上","雲嘉南區","本省閩南人","00","09","00",1,0.93011781,1,0.000178571428571429,0.000166849264276346,"女性 | 30至39歲 | 大學及以上 | 雲嘉南區 | 本省閩南人 | 00 | 09 | 00"
"女性","30至39歲","大學及以上","雲嘉南區","本省閩南人","00","10","07",1,1.059823831,1,0.000178571428571429,0.000190116590139145,"女性 | 30至39歲 | 大學及以上 | 雲嘉南區 | 本省閩南人 | 00 | 10 | 07"
"女性","30至39歲","大學及以上","雲嘉南區","本省閩南人","01","01","02",1,0.93011781,1,0.000178571428571429,0.000166849264276346,"女性 | 30至39歲 | 大學及以上 | 雲嘉南區 | 本省閩南人 | 01 | 01 | 02"
"女性","30至39歲","大學及以上","雲嘉南區","本省閩南人","01","07","03",1,0.93011781,1,0.000178571428571429,0.000166849264276346,"女性 | 30至39歲 | 大學及以上 | 雲嘉南區 | 本省閩南人 | 01 | 07 | 03"
"女性","30至39歲","大學及以上","雲嘉南區","本省閩南人","01","10","00",1,0.93011781,1,0.000178571428571429,0.000166849264276346,"女性 | 30至39歲 | 大學及以上 | 雲嘉南區 | 本省閩南人 | 01 | 10 | 00"
"女性","30至39歲","大學及以上","雲嘉南區","本省閩南人","02","03","05",1,1.08157321615425,1,0.000178571428571429,0.000194018105487453,"女性 | 30至39歲 | 大學及以上 | 雲嘉南區 | 本省閩南人 | 02 | 03 | 05"
"女性","30至39歲","大學及以上","雲嘉南區","本省閩南人","02","08","05",1,1.08157321615425,1,0.000178571428571429,0.000194018105487453,"女性 | 30至39歲 | 大學及以上 | 雲嘉南區 | 本省閩南人 | 02 | 08 | 05"
"女性","30至39歲","大學及以上","雲嘉南區","本省閩南人","02","10","03",1,1.08157321615425,1,0.000178571428571429,0.000194018105487453,"女性 | 30至39歲 | 大學及以上 | 雲嘉南區 | 本省閩南人 | 02 | 10 | 03"
"女性","30至39歲","大學及以上","雲嘉南區","本省閩南人","03","05","05",1,1.08157321615425,1,0.000178571428571429,0.000194018105487453,"女性 | 30至39歲 | 大學及以上 | 雲嘉南區 | 本省閩南人 | 03 | 05 | 05"
"女性","30至39歲","大學及以上","雲嘉南區","本省閩南人","03","06","05",1,0.93011781,1,0.000178571428571429,0.000166849264276346,"女性 | 30至39歲 | 大學及以上 | 雲嘉南區 | 本省閩南人 | 03 | 06 | 05"
"女性","30至39歲","大學及以上","雲嘉南區","本省閩南人","03","07","00",1,1.08157321615425,1,0.000178571428571429,0.000194018105487453,"女性 | 30至39歲 | 大學及以上 | 雲嘉南區 | 本省閩南人 | 03 | 07 | 00"
"女性","30至39歲","大學及以上","雲嘉南區","本省閩南人","03","07","02",1,1.123920141,1,0.000178571428571429,0.000201614512285511,"女性 | 30至39歲 | 大學及以上 | 雲嘉南區 | 本省閩南人 | 03 | 07 | 02"
"女性","30至39歲","大學及以上","雲嘉南區","本省閩南人","03","07","03",1,1.08157321615425,1,0.000178571428571429,0.000194018105487453,"女性 | 30至39歲 | 大學及以上 | 雲嘉南區 | 本省閩南人 | 03 | 07 | 03"
"女性","30至39歲","大學及以上","雲嘉南區","本省閩南人","04","04","05",1,1.123920141,1,0.000178571428571429,0.000201614512285511,"女性 | 30至39歲 | 大學及以上 | 雲嘉南區 | 本省閩南人 | 04 | 04 | 05"
"女性","30至39歲","大學及以上","雲嘉南區","本省閩南人","04","05","05",1,0.93011781,1,0.000178571428571429,0.000166849264276346,"女性 | 30至39歲 | 大學及以上 | 雲嘉南區 | 本省閩南人 | 04 | 05 | 05"
"女性","30至39歲","大學及以上","雲嘉南區","本省閩南人","04","06","04",1,1.08157321615425,1,0.000178571428571429,0.000194018105487453,"女性 | 30至39歲 | 大學及以上 | 雲嘉南區 | 本省閩南人 | 04 | 06 | 04"
"女性","30至39歲","大學及以上","雲嘉南區","本省閩南人","04","06","07",1,0.93011781,1,0.000178571428571429,0.000166849264276346,"女性 | 30至39歲 | 大學及以上 | 雲嘉南區 | 本省閩南人 | 04 | 06 | 07"
"女性","30至39歲","大學及以上","雲嘉南區","本省閩南人","05","02","05",1,0.93011781,1,0.000178571428571429,0.000166849264276346,"女性 | 30至39歲 | 大學及以上 | 雲嘉南區 | 本省閩南人 | 05 | 02 | 05"
"女性","30至39歲","大學及以上","雲嘉南區","本省閩南人","05","03","08",1,1.123920141,1,0.000178571428571429,0.000201614512285511,"女性 | 30至39歲 | 大學及以上 | 雲嘉南區 | 本省閩南人 | 05 | 03 | 08"
"女性","30至39歲","大學及以上","雲嘉南區","本省閩南人","06","05","08",1,0.93011781,1,0.000178571428571429,0.000166849264276346,"女性 | 30至39歲 | 大學及以上 | 雲嘉南區 | 本省閩南人 | 06 | 05 | 08"
"女性","30至39歲","大學及以上","雲嘉南區","本省閩南人","06","07","04",1,1.08157321615425,1,0.000178571428571429,0.000194018105487453,"女性 | 30至39歲 | 大學及以上 | 雲嘉南區 | 本省閩南人 | 06 | 07 | 04"
"女性","30至39歲","大學及以上","雲嘉南區","本省閩南人","08","06","03",1,1.08157321615425,1,0.000178571428571429,0.000194018105487453,"女性 | 30至39歲 | 大學及以上 | 雲嘉南區 | 本省閩南人 | 08 | 06 | 03"
"女性","30至39歲","大學及以上","雲嘉南區","本省閩南人","08","07","08",1,0.93011781,1,0.000178571428571429,0.000166849264276346,"女性 | 30至39歲 | 大學及以上 | 雲嘉南區 | 本省閩南人 | 08 | 07 | 08"
"女性","30至39歲","大學及以上","高屏區","大陸各省市","02","02","04",1,1.54909808422578,1,0.000178571428571429,0.000277885094625776,"女性 | 30至39歲 | 大學及以上 | 高屏區 | 大陸各省市 | 02 | 02 | 04"
"女性","30至39歲","大學及以上","高屏區","大陸各省市","03","06","08",1,1.258603209,1,0.000178571428571429,0.000225774646157457,"女性 | 30至39歲 | 大學及以上 | 高屏區 | 大陸各省市 | 03 | 06 | 08"
"女性","30至39歲","大學及以上","高屏區","本省客家人","03","04","04",1,1.54909808422578,1,0.000178571428571429,0.000277885094625776,"女性 | 30至39歲 | 大學及以上 | 高屏區 | 本省客家人 | 03 | 04 | 04"
"女性","30至39歲","大學及以上","高屏區","本省客家人","05","00","05",1,0.963505386,1,0.000178571428571429,0.000172838497502157,"女性 | 30至39歲 | 大學及以上 | 高屏區 | 本省客家人 | 05 | 00 | 05"
"女性","30至39歲","大學及以上","高屏區","本省客家人","05","05","06",1,1.258603209,1,0.000178571428571429,0.000225774646157457,"女性 | 30至39歲 | 大學及以上 | 高屏區 | 本省客家人 | 05 | 05 | 06"
"女性","30至39歲","大學及以上","高屏區","本省閩南人","00","00","00",1,0.963505386,1,0.000178571428571429,0.000172838497502157,"女性 | 30至39歲 | 大學及以上 | 高屏區 | 本省閩南人 | 00 | 00 | 00"
"女性","30至39歲","大學及以上","高屏區","本省閩南人","00","07","00",1,1.54909808422578,1,0.000178571428571429,0.000277885094625776,"女性 | 30至39歲 | 大學及以上 | 高屏區 | 本省閩南人 | 00 | 07 | 00"
"女性","30至39歲","大學及以上","高屏區","本省閩南人","00","07","01",1,0.963505386,1,0.000178571428571429,0.000172838497502157,"女性 | 30至39歲 | 大學及以上 | 高屏區 | 本省閩南人 | 00 | 07 | 01"
"女性","30至39歲","大學及以上","高屏區","本省閩南人","00","08","00",1,1.54909808422578,1,0.000178571428571429,0.000277885094625776,"女性 | 30至39歲 | 大學及以上 | 高屏區 | 本省閩南人 | 00 | 08 | 00"
"女性","30至39歲","大學及以上","高屏區","本省閩南人","01","06","05",1,1.54909808422578,1,0.000178571428571429,0.000277885094625776,"女性 | 30至39歲 | 大學及以上 | 高屏區 | 本省閩南人 | 01 | 06 | 05"
"女性","30至39歲","大學及以上","高屏區","本省閩南人","01","07","00",1,0.963505386,1,0.000178571428571429,0.000172838497502157,"女性 | 30至39歲 | 大學及以上 | 高屏區 | 本省閩南人 | 01 | 07 | 00"
"女性","30至39歲","大學及以上","高屏區","本省閩南人","01","07","03",1,0.963505386,1,0.000178571428571429,0.000172838497502157,"女性 | 30至39歲 | 大學及以上 | 高屏區 | 本省閩南人 | 01 | 07 | 03"
"女性","30至39歲","大學及以上","高屏區","本省閩南人","01","07","08",1,0.963505386,1,0.000178571428571429,0.000172838497502157,"女性 | 30至39歲 | 大學及以上 | 高屏區 | 本省閩南人 | 01 | 07 | 08"
"女性","30至39歲","大學及以上","高屏區","本省閩南人","01","08","00",1,0.963505386,1,0.000178571428571429,0.000172838497502157,"女性 | 30至39歲 | 大學及以上 | 高屏區 | 本省閩南人 | 01 | 08 | 00"
"女性","30至39歲","大學及以上","高屏區","本省閩南人","02","03","04",1,1.258603209,1,0.000178571428571429,0.000225774646157457,"女性 | 30至39歲 | 大學及以上 | 高屏區 | 本省閩南人 | 02 | 03 | 04"
"女性","30至39歲","大學及以上","高屏區","本省閩南人","02","04","02",1,1.258603209,1,0.000178571428571429,0.000225774646157457,"女性 | 30至39歲 | 大學及以上 | 高屏區 | 本省閩南人 | 02 | 04 | 02"
"女性","30至39歲","大學及以上","高屏區","本省閩南人","02","04","05",1,0.963505386,1,0.000178571428571429,0.000172838497502157,"女性 | 30至39歲 | 大學及以上 | 高屏區 | 本省閩南人 | 02 | 04 | 05"
"女性","30至39歲","大學及以上","高屏區","本省閩南人","02","06","06",1,1.54909808422578,1,0.000178571428571429,0.000277885094625776,"女性 | 30至39歲 | 大學及以上 | 高屏區 | 本省閩南人 | 02 | 06 | 06"
"女性","30至39歲","大學及以上","高屏區","本省閩南人","02","07","05",1,1.54909808422578,1,0.000178571428571429,0.000277885094625776,"女性 | 30至39歲 | 大學及以上 | 高屏區 | 本省閩南人 | 02 | 07 | 05"
"女性","30至39歲","大學及以上","高屏區","本省閩南人","03","03","04",1,1.54909808422578,1,0.000178571428571429,0.000277885094625776,"女性 | 30至39歲 | 大學及以上 | 高屏區 | 本省閩南人 | 03 | 03 | 04"
"女性","30至39歲","大學及以上","高屏區","本省閩南人","03","03","05",1,1.258603209,1,0.000178571428571429,0.000225774646157457,"女性 | 30至39歲 | 大學及以上 | 高屏區 | 本省閩南人 | 03 | 03 | 05"
"女性","30至39歲","大學及以上","高屏區","本省閩南人","03","05","06",1,1.097867343,1,0.000178571428571429,0.000196941028849429,"女性 | 30至39歲 | 大學及以上 | 高屏區 | 本省閩南人 | 03 | 05 | 06"
"女性","30至39歲","大學及以上","高屏區","本省閩南人","03","05","07",1,0.963505386,1,0.000178571428571429,0.000172838497502157,"女性 | 30至39歲 | 大學及以上 | 高屏區 | 本省閩南人 | 03 | 05 | 07"
"女性","30至39歲","大學及以上","高屏區","本省閩南人","03","06","05",1,1.258603209,1,0.000178571428571429,0.000225774646157457,"女性 | 30至39歲 | 大學及以上 | 高屏區 | 本省閩南人 | 03 | 06 | 05"
"女性","30至39歲","大學及以上","高屏區","本省閩南人","03","08","00",1,0.963505386,1,0.000178571428571429,0.000172838497502157,"女性 | 30至39歲 | 大學及以上 | 高屏區 | 本省閩南人 | 03 | 08 | 00"
"女性","30至39歲","大學及以上","高屏區","本省閩南人","04","00","08",1,1.258603209,1,0.000178571428571429,0.000225774646157457,"女性 | 30至39歲 | 大學及以上 | 高屏區 | 本省閩南人 | 04 | 00 | 08"
"女性","30至39歲","大學及以上","高屏區","本省閩南人","04","05","05",1,1.097867343,1,0.000178571428571429,0.000196941028849429,"女性 | 30至39歲 | 大學及以上 | 高屏區 | 本省閩南人 | 04 | 05 | 05"
"女性","30至39歲","大學及以上","高屏區","本省閩南人","04","05","06",1,1.097867343,1,0.000178571428571429,0.000196941028849429,"女性 | 30至39歲 | 大學及以上 | 高屏區 | 本省閩南人 | 04 | 05 | 06"
"女性","30至39歲","大學及以上","高屏區","本省閩南人","04","08","03",1,1.097867343,1,0.000178571428571429,0.000196941028849429,"女性 | 30至39歲 | 大學及以上 | 高屏區 | 本省閩南人 | 04 | 08 | 03"
"女性","30至39歲","大學及以上","高屏區","本省閩南人","05","00","08",1,1.258603209,1,0.000178571428571429,0.000225774646157457,"女性 | 30至39歲 | 大學及以上 | 高屏區 | 本省閩南人 | 05 | 00 | 08"
"女性","30至39歲","大學及以上","高屏區","本省閩南人","05","03","07",1,0.963505386,1,0.000178571428571429,0.000172838497502157,"女性 | 30至39歲 | 大學及以上 | 高屏區 | 本省閩南人 | 05 | 03 | 07"
"女性","30至39歲","大學及以上","高屏區","本省閩南人","05","05","06",1,0.963505386,1,0.000178571428571429,0.000172838497502157,"女性 | 30至39歲 | 大學及以上 | 高屏區 | 本省閩南人 | 05 | 05 | 06"
"女性","30至39歲","大學及以上","高屏區","本省閩南人","05","06","07",1,0.963505386,1,0.000178571428571429,0.000172838497502157,"女性 | 30至39歲 | 大學及以上 | 高屏區 | 本省閩南人 | 05 | 06 | 07"
"女性","30至39歲","大學及以上","高屏區","本省閩南人","05","08","05",1,1.258603209,1,0.000178571428571429,0.000225774646157457,"女性 | 30至39歲 | 大學及以上 | 高屏區 | 本省閩南人 | 05 | 08 | 05"
"女性","30至39歲","大學及以上","高屏區","本省閩南人","05","08","07",1,1.258603209,1,0.000178571428571429,0.000225774646157457,"女性 | 30至39歲 | 大學及以上 | 高屏區 | 本省閩南人 | 05 | 08 | 07"
"女性","30至39歲","大學及以上","高屏區","本省閩南人","06","05","06",1,1.258603209,1,0.000178571428571429,0.000225774646157457,"女性 | 30至39歲 | 大學及以上 | 高屏區 | 本省閩南人 | 06 | 05 | 06"
"女性","30至39歲","大學及以上","高屏區","本省閩南人","06","07","05",1,1.258603209,1,0.000178571428571429,0.000225774646157457,"女性 | 30至39歲 | 大學及以上 | 高屏區 | 本省閩南人 | 06 | 07 | 05"
"女性","30至39歲","大學及以上","高屏區","本省閩南人","07","04","05",1,0.963505386,1,0.000178571428571429,0.000172838497502157,"女性 | 30至39歲 | 大學及以上 | 高屏區 | 本省閩南人 | 07 | 04 | 05"
"女性","30至39歲","大學及以上","高屏區","本省閩南人","07","05","10",1,0.963505386,1,0.000178571428571429,0.000172838497502157,"女性 | 30至39歲 | 大學及以上 | 高屏區 | 本省閩南人 | 07 | 05 | 10"
"女性","30至39歲","專科","中彰投區","本省閩南人","04","01","05",1,1.35860586346769,1,0.000178571428571429,0.000243713631030369,"女性 | 30至39歲 | 專科 | 中彰投區 | 本省閩南人 | 04 | 01 | 05"
"女性","30至39歲","專科","中彰投區","本省閩南人","04","05","07",1,1.019148546,1,0.000178571428571429,0.000182820050600266,"女性 | 30至39歲 | 專科 | 中彰投區 | 本省閩南人 | 04 | 05 | 07"
"女性","30至39歲","專科","北北基宜蘭區","本省客家人","02","05","07",1,1.32682682827354,1,0.000178571428571429,0.000238012946036974,"女性 | 30至39歲 | 專科 | 北北基宜蘭區 | 本省客家人 | 02 | 05 | 07"
"女性","30至39歲","專科","北北基宜蘭區","本省客家人","06","03","05",1,1.32682682827354,1,0.000178571428571429,0.000238012946036974,"女性 | 30至39歲 | 專科 | 北北基宜蘭區 | 本省客家人 | 06 | 03 | 05"
"女性","30至39歲","專科","北北基宜蘭區","本省閩南人","04","04","04",1,1.32682682827354,1,0.000178571428571429,0.000238012946036974,"女性 | 30至39歲 | 專科 | 北北基宜蘭區 | 本省閩南人 | 04 | 04 | 04"
"女性","30至39歲","專科","北北基宜蘭區","本省閩南人","04","04","05",1,1.250494523,1,0.000178571428571429,0.000224320068813811,"女性 | 30至39歲 | 專科 | 北北基宜蘭區 | 本省閩南人 | 04 | 04 | 05"
"女性","30至39歲","專科","北北基宜蘭區","本省閩南人","05","02","06",1,1.32682682827354,1,0.000178571428571429,0.000238012946036974,"女性 | 30至39歲 | 專科 | 北北基宜蘭區 | 本省閩南人 | 05 | 02 | 06"
"女性","30至39歲","專科","北北基宜蘭區","本省閩南人","06","02","08",1,1.32682682827354,1,0.000178571428571429,0.000238012946036974,"女性 | 30至39歲 | 專科 | 北北基宜蘭區 | 本省閩南人 | 06 | 02 | 08"
"女性","30至39歲","專科","桃竹苗區","本省閩南人","06","06","08",1,1.24914552399479,1,0.000178571428571429,0.000224078078509885,"女性 | 30至39歲 | 專科 | 桃竹苗區 | 本省閩南人 | 06 | 06 | 08"
"女性","30至39歲","專科","花東區","本省閩南人","05","05","05",1,1.05078718924178,1,0.000178571428571429,0.000188495551371069,"女性 | 30至39歲 | 專科 | 花東區 | 本省閩南人 | 05 | 05 | 05"
"女性","30至39歲","專科","雲嘉南區","外籍人士","03","08","08",1,1.154092532,1,0.000178571428571429,0.000207026989270344,"女性 | 30至39歲 | 專科 | 雲嘉南區 | 外籍人士 | 03 | 08 | 08"
"女性","30至39歲","專科","雲嘉南區","本省閩南人","05","05","05",1,1.012849482,1,0.000178571428571429,0.000181690092456544,"女性 | 30至39歲 | 專科 | 雲嘉南區 | 本省閩南人 | 05 | 05 | 05"
"女性","30至39歲","專科","高屏區","本省閩南人","01","06","02",1,1.6765878299087,1,0.000178571428571429,0.000300754853747981,"女性 | 30至39歲 | 專科 | 高屏區 | 本省閩南人 | 01 | 06 | 02"
"女性","30至39歲","專科","高屏區","本省閩南人","01","08","05",1,1.0492068,1,0.000178571428571429,0.000188212053109423,"女性 | 30至39歲 | 專科 | 高屏區 | 本省閩南人 | 01 | 08 | 05"
"女性","30至39歲","專科","高屏區","本省閩南人","05","05","05",1,1.0492068,1,0.000178571428571429,0.000188212053109423,"女性 | 30至39歲 | 專科 | 高屏區 | 本省閩南人 | 05 | 05 | 05"
"女性","30至39歲","專科","高屏區","本省閩南人","05","08","05",1,1.6765878299087,1,0.000178571428571429,0.000300754853747981,"女性 | 30至39歲 | 專科 | 高屏區 | 本省閩南人 | 05 | 08 | 05"
"女性","30至39歲","小學及以下","雲嘉南區","外籍人士","05","08","03",1,1.90318131,1,0.000178571428571429,0.000341402344890045,"女性 | 30至39歲 | 小學及以下 | 雲嘉南區 | 外籍人士 | 05 | 08 | 03"
"女性","30至39歲","高中、職","中彰投區","本省閩南人","00","08","00",1,1.160331262,1,0.000178571428571429,0.000208146124394225,"女性 | 30至39歲 | 高中、職 | 中彰投區 | 本省閩南人 | 00 | 08 | 00"
"女性","30至39歲","高中、職","中彰投區","本省閩南人","06","03","05",1,1.899335833,1,0.000178571428571429,0.000340712523663805,"女性 | 30至39歲 | 高中、職 | 中彰投區 | 本省閩南人 | 06 | 03 | 05"
"女性","30至39歲","高中、職","北北基宜蘭區","外國新住民","07","00","06",1,1.423725613,1,0.000178571428571429,0.000255395142966288,"女性 | 30至39歲 | 高中、職 | 北北基宜蘭區 | 外國新住民 | 07 | 00 | 06"
"女性","30至39歲","高中、職","北北基宜蘭區","大陸各省市","04","00","04",1,1.70639232534549,1,0.000178571428571429,0.000306101335755197,"女性 | 30至39歲 | 高中、職 | 北北基宜蘭區 | 大陸各省市 | 04 | 00 | 04"
"女性","30至39歲","高中、職","北北基宜蘭區","大陸各省市","06","03","06",1,1.70639232534549,1,0.000178571428571429,0.000306101335755197,"女性 | 30至39歲 | 高中、職 | 北北基宜蘭區 | 大陸各省市 | 06 | 03 | 06"
"女性","30至39歲","高中、職","北北基宜蘭區","本省客家人","04","06","05",1,1.423725613,1,0.000178571428571429,0.000255395142966288,"女性 | 30至39歲 | 高中、職 | 北北基宜蘭區 | 本省客家人 | 04 | 06 | 05"
"女性","30至39歲","高中、職","北北基宜蘭區","本省閩南人","00","09","00",1,1.70639232534549,1,0.000178571428571429,0.000306101335755197,"女性 | 30至39歲 | 高中、職 | 北北基宜蘭區 | 本省閩南人 | 00 | 09 | 00"
"女性","30至39歲","高中、職","北北基宜蘭區","本省閩南人","00","10","00",1,2.505091442,1,0.000178571428571429,0.00044937604629103,"女性 | 30至39歲 | 高中、職 | 北北基宜蘭區 | 本省閩南人 | 00 | 10 | 00"
"女性","30至39歲","高中、職","北北基宜蘭區","本省閩南人","05","05","08",1,1.70639232534549,1,0.000178571428571429,0.000306101335755197,"女性 | 30至39歲 | 高中、職 | 北北基宜蘭區 | 本省閩南人 | 05 | 05 | 08"
"女性","30至39歲","高中、職","北北基宜蘭區","本省閩南人","08","05","08",1,1.70639232534549,1,0.000178571428571429,0.000306101335755197,"女性 | 30至39歲 | 高中、職 | 北北基宜蘭區 | 本省閩南人 | 08 | 05 | 08"
"女性","30至39歲","高中、職","桃竹苗區","大陸各省市","07","04","04",1,1.60648872178589,1,0.000178571428571429,0.000288180119138052,"女性 | 30至39歲 | 高中、職 | 桃竹苗區 | 大陸各省市 | 07 | 04 | 04"
"女性","30至39歲","高中、職","桃竹苗區","本省客家人","05","00","05",1,1.289897815,1,0.000178571428571429,0.000231388431777709,"女性 | 30至39歲 | 高中、職 | 桃竹苗區 | 本省客家人 | 05 | 00 | 05"
"女性","30至39歲","高中、職","桃竹苗區","本省客家人","05","03","06",1,1.289897815,1,0.000178571428571429,0.000231388431777709,"女性 | 30至39歲 | 高中、職 | 桃竹苗區 | 本省客家人 | 05 | 03 | 06"
"女性","30至39歲","高中、職","桃竹苗區","本省閩南人","03","05","05",1,1.289897815,1,0.000178571428571429,0.000231388431777709,"女性 | 30至39歲 | 高中、職 | 桃竹苗區 | 本省閩南人 | 03 | 05 | 05"
"女性","30至39歲","高中、職","桃竹苗區","本省閩南人","06","02","07",1,1.040408407,1,0.000178571428571429,0.00018663375261557,"女性 | 30至39歲 | 高中、職 | 桃竹苗區 | 本省閩南人 | 06 | 02 | 07"
"女性","30至39歲","高中、職","花東區","本省閩南人","00","07","03",1,1.35138599633732,1,0.000178571428571429,0.000242418494536987,"女性 | 30至39歲 | 高中、職 | 花東區 | 本省閩南人 | 00 | 07 | 03"
"女性","30至39歲","高中、職","花東區","本省閩南人","05","05","05",1,1.35138599633732,1,0.000178571428571429,0.000242418494536987,"女性 | 30至39歲 | 高中、職 | 花東區 | 本省閩南人 | 05 | 05 | 05"
"女性","30至39歲","高中、職","雲嘉南區","大陸各省市","10","00","10",1,1.50545563400174,1,0.000178571428571429,0.000270056289895009,"女性 | 30至39歲 | 高中、職 | 雲嘉南區 | 大陸各省市 | 10 | 00 | 10"
"女性","30至39歲","高中、職","雲嘉南區","本省閩南人","00","02","04",1,1.153159589,1,0.000178571428571429,0.000206859633209114,"女性 | 30至39歲 | 高中、職 | 雲嘉南區 | 本省閩南人 | 00 | 02 | 04"
"女性","30至39歲","高中、職","雲嘉南區","本省閩南人","04","07","07",1,1.862877493,1,0.000178571428571429,0.000334172441170667,"女性 | 30至39歲 | 高中、職 | 雲嘉南區 | 本省閩南人 | 04 | 07 | 07"
"女性","30至39歲","高中、職","雲嘉南區","本省閩南人","05","00","10",1,1.50545563400174,1,0.000178571428571429,0.000270056289895009,"女性 | 30至39歲 | 高中、職 | 雲嘉南區 | 本省閩南人 | 05 | 00 | 10"
"女性","30至39歲","高中、職","雲嘉南區","本省閩南人","05","01","10",1,1.862877493,1,0.000178571428571429,0.000334172441170667,"女性 | 30至39歲 | 高中、職 | 雲嘉南區 | 本省閩南人 | 05 | 01 | 10"
"女性","30至39歲","高中、職","雲嘉南區","本省閩南人","05","05","05",1,1.153159589,1,0.000178571428571429,0.000206859633209114,"女性 | 30至39歲 | 高中、職 | 雲嘉南區 | 本省閩南人 | 05 | 05 | 05"
"女性","30至39歲","高中、職","雲嘉南區","本省閩南人","05","09","08",1,1.153159589,1,0.000178571428571429,0.000206859633209114,"女性 | 30至39歲 | 高中、職 | 雲嘉南區 | 本省閩南人 | 05 | 09 | 08"
"女性","30至39歲","高中、職","雲嘉南區","本省閩南人","06","08","04",1,1.50545563400174,1,0.000178571428571429,0.000270056289895009,"女性 | 30至39歲 | 高中、職 | 雲嘉南區 | 本省閩南人 | 06 | 08 | 04"
"女性","30至39歲","高中、職","高屏區","本省閩南人","00","06","06",1,1.194553488,1,0.000178571428571429,0.000214285081382909,"女性 | 30至39歲 | 高中、職 | 高屏區 | 本省閩南人 | 00 | 06 | 06"
"女性","30至39歲","高中、職","高屏區","本省閩南人","03","07","04",1,1.194553488,1,0.000178571428571429,0.000214285081382909,"女性 | 30至39歲 | 高中、職 | 高屏區 | 本省閩南人 | 03 | 07 | 04"
"女性","30至39歲","高中、職","高屏區","本省閩南人","04","04","04",1,1.194553488,1,0.000178571428571429,0.000214285081382909,"女性 | 30至39歲 | 高中、職 | 高屏區 | 本省閩南人 | 04 | 04 | 04"
"女性","30至39歲","高中、職","高屏區","本省閩南人","04","05","02",1,2.15620949528618,1,0.000178571428571429,0.000386791827923574,"女性 | 30至39歲 | 高中、職 | 高屏區 | 本省閩南人 | 04 | 05 | 02"
"女性","30至39歲","高中、職","高屏區","本省閩南人","05","04","05",1,2.15620949528618,1,0.000178571428571429,0.000386791827923574,"女性 | 30至39歲 | 高中、職 | 高屏區 | 本省閩南人 | 05 | 04 | 05"
"女性","30至39歲","高中、職","高屏區","本省閩南人","05","05","03",1,2.15620949528618,1,0.000178571428571429,0.000386791827923574,"女性 | 30至39歲 | 高中、職 | 高屏區 | 本省閩南人 | 05 | 05 | 03"
"女性","30至39歲","高中、職","高屏區","本省閩南人","05","05","05",1,1.194553488,1,0.000178571428571429,0.000214285081382909,"女性 | 30至39歲 | 高中、職 | 高屏區 | 本省閩南人 | 05 | 05 | 05"
"女性","40至49歲","國、初中","中彰投區","外國新住民","05","05","05",1,1.53202761517887,1,0.000178571428571429,0.000274822907050495,"女性 | 40至49歲 | 國、初中 | 中彰投區 | 外國新住民 | 05 | 05 | 05"
"女性","40至49歲","國、初中","中彰投區","外籍人士","10","10","10",1,1.884716055,1,0.000178571428571429,0.000338089953515209,"女性 | 40至49歲 | 國、初中 | 中彰投區 | 外籍人士 | 10 | 10 | 10"
"女性","40至49歲","國、初中","中彰投區","本省閩南人","10","00","05",1,1.247311998,1,0.000178571428571429,0.000223749171289774,"女性 | 40至49歲 | 國、初中 | 中彰投區 | 本省閩南人 | 10 | 00 | 05"
"女性","40至49歲","國、初中","中彰投區","本省閩南人","10","09","09",1,1.53202761517887,1,0.000178571428571429,0.000274822907050495,"女性 | 40至49歲 | 國、初中 | 中彰投區 | 本省閩南人 | 10 | 09 | 09"
"女性","40至49歲","國、初中","北北基宜蘭區","本省客家人","08","03","05",1,1.49619208641343,1,0.000178571428571429,0.000268394547604859,"女性 | 40至49歲 | 國、初中 | 北北基宜蘭區 | 本省客家人 | 08 | 03 | 05"
"女性","40至49歲","國、初中","北北基宜蘭區","本省閩南人","05","05","05",1,1.49619208641343,1,0.000178571428571429,0.000268394547604859,"女性 | 40至49歲 | 國、初中 | 北北基宜蘭區 | 本省閩南人 | 05 | 05 | 05"
"女性","40至49歲","國、初中","北北基宜蘭區","本省閩南人","08","07","07",1,1.220492847,1,0.000178571428571429,0.000218938215554106,"女性 | 40至49歲 | 國、初中 | 北北基宜蘭區 | 本省閩南人 | 08 | 07 | 07"
"女性","40至49歲","國、初中","北北基宜蘭區","本省閩南人","09","00","05",1,1.49619208641343,1,0.000178571428571429,0.000268394547604859,"女性 | 40至49歲 | 國、初中 | 北北基宜蘭區 | 本省閩南人 | 09 | 00 | 05"
"女性","40至49歲","國、初中","桃竹苗區","本省客家人","05","02","00",1,1.40859500874854,1,0.000178571428571429,0.000252680938206126,"女性 | 40至49歲 | 國、初中 | 桃竹苗區 | 本省客家人 | 05 | 02 | 00"
"女性","40至49歲","國、初中","桃竹苗區","本省閩南人","05","04","05",1,1.40859500874854,1,0.000178571428571429,0.000252680938206126,"女性 | 40至49歲 | 國、初中 | 桃竹苗區 | 本省閩南人 | 05 | 04 | 05"
"女性","40至49歲","國、初中","桃竹苗區","本省閩南人","05","05","01",1,1.40859500874854,1,0.000178571428571429,0.000252680938206126,"女性 | 40至49歲 | 國、初中 | 桃竹苗區 | 本省閩南人 | 05 | 05 | 01"
"女性","40至49歲","國、初中","桃竹苗區","本省閩南人","05","05","07",1,2.137947608,1,0.000178571428571429,0.000383515917683777,"女性 | 40至49歲 | 國、初中 | 桃竹苗區 | 本省閩南人 | 05 | 05 | 07"
"女性","40至49歲","國、初中","桃竹苗區","本省閩南人","10","00","05",1,2.137947608,1,0.000178571428571429,0.000383515917683777,"女性 | 40至49歲 | 國、初中 | 桃竹苗區 | 本省閩南人 | 10 | 00 | 05"
"女性","40至49歲","國、初中","雲嘉南區","大陸各省市","05","02","04",1,1.239602722,1,0.000178571428571429,0.000222366242143731,"女性 | 40至49歲 | 國、初中 | 雲嘉南區 | 大陸各省市 | 05 | 02 | 04"
"女性","40至49歲","國、初中","雲嘉南區","大陸各省市","06","06","06",1,1.848538347,1,0.000178571428571429,0.000331600212217809,"女性 | 40至49歲 | 國、初中 | 雲嘉南區 | 大陸各省市 | 06 | 06 | 06"
"女性","40至49歲","國、初中","雲嘉南區","本省閩南人","05","05","05",1,1.848538347,1,0.000178571428571429,0.000331600212217809,"女性 | 40至49歲 | 國、初中 | 雲嘉南區 | 本省閩南人 | 05 | 05 | 05"
"女性","40至49歲","國、初中","高屏區","外國新住民","05","08","00",1,1.28409959,1,0.000178571428571429,0.00023034831668158,"女性 | 40至49歲 | 國、初中 | 高屏區 | 外國新住民 | 05 | 08 | 00"
"女性","40至49歲","國、初中","高屏區","外籍人士","07","05","08",1,1.497923958,1,0.000178571428571429,0.000268705219540106,"女性 | 40至49歲 | 國、初中 | 高屏區 | 外籍人士 | 07 | 05 | 08"
"女性","40至49歲","大學及以上","中彰投區","台灣人","06","05","04",1,0.93484483259524,1,0.000178571428571429,0.000167697221635892,"女性 | 40至49歲 | 大學及以上 | 中彰投區 | 台灣人 | 06 | 05 | 04"
"女性","40至49歲","大學及以上","中彰投區","大陸各省市","02","09","00",1,0.802304964,1,0.000178571428571429,0.000143921545775648,"女性 | 40至49歲 | 大學及以上 | 中彰投區 | 大陸各省市 | 02 | 09 | 00"
"女性","40至49歲","大學及以上","中彰投區","大陸各省市","03","08","02",1,0.93484483259524,1,0.000178571428571429,0.000167697221635892,"女性 | 40至49歲 | 大學及以上 | 中彰投區 | 大陸各省市 | 03 | 08 | 02"
"女性","40至49歲","大學及以上","中彰投區","本省客家人","06","04","05",1,0.820571915,1,0.000178571428571429,0.000147198364370189,"女性 | 40至49歲 | 大學及以上 | 中彰投區 | 本省客家人 | 06 | 04 | 05"
"女性","40至49歲","大學及以上","中彰投區","本省客家人","07","08","08",1,0.802304964,1,0.000178571428571429,0.000143921545775648,"女性 | 40至49歲 | 大學及以上 | 中彰投區 | 本省客家人 | 07 | 08 | 08"
"女性","40至49歲","大學及以上","中彰投區","本省閩南人","00","02","07",1,0.935902353,1,0.000178571428571429,0.000167886925025714,"女性 | 40至49歲 | 大學及以上 | 中彰投區 | 本省閩南人 | 00 | 02 | 07"
"女性","40至49歲","大學及以上","中彰投區","本省閩南人","00","05","05",1,0.802304964,1,0.000178571428571429,0.000143921545775648,"女性 | 40至49歲 | 大學及以上 | 中彰投區 | 本省閩南人 | 00 | 05 | 05"
"女性","40至49歲","大學及以上","中彰投區","本省閩南人","00","06","00",1,0.93484483259524,1,0.000178571428571429,0.000167697221635892,"女性 | 40至49歲 | 大學及以上 | 中彰投區 | 本省閩南人 | 00 | 06 | 00"
"女性","40至49歲","大學及以上","中彰投區","本省閩南人","00","08","00",1,0.820571915,1,0.000178571428571429,0.000147198364370189,"女性 | 40至49歲 | 大學及以上 | 中彰投區 | 本省閩南人 | 00 | 08 | 00"
"女性","40至49歲","大學及以上","中彰投區","本省閩南人","02","04","03",1,0.93484483259524,1,0.000178571428571429,0.000167697221635892,"女性 | 40至49歲 | 大學及以上 | 中彰投區 | 本省閩南人 | 02 | 04 | 03"
"女性","40至49歲","大學及以上","中彰投區","本省閩南人","02","06","03",1,0.935902353,1,0.000178571428571429,0.000167886925025714,"女性 | 40至49歲 | 大學及以上 | 中彰投區 | 本省閩南人 | 02 | 06 | 03"
"女性","40至49歲","大學及以上","中彰投區","本省閩南人","02","06","04",1,0.93484483259524,1,0.000178571428571429,0.000167697221635892,"女性 | 40至49歲 | 大學及以上 | 中彰投區 | 本省閩南人 | 02 | 06 | 04"
"女性","40至49歲","大學及以上","中彰投區","本省閩南人","02","07","00",1,0.93484483259524,1,0.000178571428571429,0.000167697221635892,"女性 | 40至49歲 | 大學及以上 | 中彰投區 | 本省閩南人 | 02 | 07 | 00"
"女性","40至49歲","大學及以上","中彰投區","本省閩南人","02","08","05",1,0.93484483259524,1,0.000178571428571429,0.000167697221635892,"女性 | 40至49歲 | 大學及以上 | 中彰投區 | 本省閩南人 | 02 | 08 | 05"
"女性","40至49歲","大學及以上","中彰投區","本省閩南人","03","00","10",1,0.93484483259524,1,0.000178571428571429,0.000167697221635892,"女性 | 40至49歲 | 大學及以上 | 中彰投區 | 本省閩南人 | 03 | 00 | 10"
"女性","40至49歲","大學及以上","中彰投區","本省閩南人","03","01","04",1,0.93484483259524,1,0.000178571428571429,0.000167697221635892,"女性 | 40至49歲 | 大學及以上 | 中彰投區 | 本省閩南人 | 03 | 01 | 04"
"女性","40至49歲","大學及以上","中彰投區","本省閩南人","03","07","03",1,0.93484483259524,1,0.000178571428571429,0.000167697221635892,"女性 | 40至49歲 | 大學及以上 | 中彰投區 | 本省閩南人 | 03 | 07 | 03"
"女性","40至49歲","大學及以上","中彰投區","本省閩南人","04","04","05",1,0.820571915,1,0.000178571428571429,0.000147198364370189,"女性 | 40至49歲 | 大學及以上 | 中彰投區 | 本省閩南人 | 04 | 04 | 05"
"女性","40至49歲","大學及以上","中彰投區","本省閩南人","04","05","01",1,0.820571915,1,0.000178571428571429,0.000147198364370189,"女性 | 40至49歲 | 大學及以上 | 中彰投區 | 本省閩南人 | 04 | 05 | 01"
"女性","40至49歲","大學及以上","中彰投區","本省閩南人","04","05","03",1,0.93484483259524,1,0.000178571428571429,0.000167697221635892,"女性 | 40至49歲 | 大學及以上 | 中彰投區 | 本省閩南人 | 04 | 05 | 03"
"女性","40至49歲","大學及以上","中彰投區","本省閩南人","04","05","04",1,0.93484483259524,1,0.000178571428571429,0.000167697221635892,"女性 | 40至49歲 | 大學及以上 | 中彰投區 | 本省閩南人 | 04 | 05 | 04"
"女性","40至49歲","大學及以上","中彰投區","本省閩南人","04","06","06",1,0.935902353,1,0.000178571428571429,0.000167886925025714,"女性 | 40至49歲 | 大學及以上 | 中彰投區 | 本省閩南人 | 04 | 06 | 06"
"女性","40至49歲","大學及以上","中彰投區","本省閩南人","05","00","02",1,0.93484483259524,1,0.000178571428571429,0.000167697221635892,"女性 | 40至49歲 | 大學及以上 | 中彰投區 | 本省閩南人 | 05 | 00 | 02"
"女性","40至49歲","大學及以上","中彰投區","本省閩南人","05","02","05",1,0.820571915,1,0.000178571428571429,0.000147198364370189,"女性 | 40至49歲 | 大學及以上 | 中彰投區 | 本省閩南人 | 05 | 02 | 05"
"女性","40至49歲","大學及以上","中彰投區","本省閩南人","05","03","04",1,0.93484483259524,1,0.000178571428571429,0.000167697221635892,"女性 | 40至49歲 | 大學及以上 | 中彰投區 | 本省閩南人 | 05 | 03 | 04"
"女性","40至49歲","大學及以上","中彰投區","本省閩南人","05","03","05",1,0.820571915,1,0.000178571428571429,0.000147198364370189,"女性 | 40至49歲 | 大學及以上 | 中彰投區 | 本省閩南人 | 05 | 03 | 05"
"女性","40至49歲","大學及以上","中彰投區","本省閩南人","05","05","01",1,0.93484483259524,1,0.000178571428571429,0.000167697221635892,"女性 | 40至49歲 | 大學及以上 | 中彰投區 | 本省閩南人 | 05 | 05 | 01"
"女性","40至49歲","大學及以上","中彰投區","本省閩南人","05","06","02",1,0.93484483259524,1,0.000178571428571429,0.000167697221635892,"女性 | 40至49歲 | 大學及以上 | 中彰投區 | 本省閩南人 | 05 | 06 | 02"
"女性","40至49歲","大學及以上","中彰投區","本省閩南人","05","07","03",1,0.93484483259524,1,0.000178571428571429,0.000167697221635892,"女性 | 40至49歲 | 大學及以上 | 中彰投區 | 本省閩南人 | 05 | 07 | 03"
"女性","40至49歲","大學及以上","中彰投區","本省閩南人","05","08","08",1,0.820571915,1,0.000178571428571429,0.000147198364370189,"女性 | 40至49歲 | 大學及以上 | 中彰投區 | 本省閩南人 | 05 | 08 | 08"
"女性","40至49歲","大學及以上","中彰投區","本省閩南人","06","05","05",1,0.802304964,1,0.000178571428571429,0.000143921545775648,"女性 | 40至49歲 | 大學及以上 | 中彰投區 | 本省閩南人 | 06 | 05 | 05"
"女性","40至49歲","大學及以上","中彰投區","本省閩南人","07","03","06",1,0.820571915,1,0.000178571428571429,0.000147198364370189,"女性 | 40至49歲 | 大學及以上 | 中彰投區 | 本省閩南人 | 07 | 03 | 06"
"女性","40至49歲","大學及以上","中彰投區","本省閩南人","07","04","06",1,0.93484483259524,1,0.000178571428571429,0.000167697221635892,"女性 | 40至49歲 | 大學及以上 | 中彰投區 | 本省閩南人 | 07 | 04 | 06"
"女性","40至49歲","大學及以上","中彰投區","本省閩南人","07","05","06",1,0.820571915,1,0.000178571428571429,0.000147198364370189,"女性 | 40至49歲 | 大學及以上 | 中彰投區 | 本省閩南人 | 07 | 05 | 06"
"女性","40至49歲","大學及以上","中彰投區","本省閩南人","07","09","04",1,0.802304964,1,0.000178571428571429,0.000143921545775648,"女性 | 40至49歲 | 大學及以上 | 中彰投區 | 本省閩南人 | 07 | 09 | 04"
"女性","40至49歲","大學及以上","中彰投區","本省閩南人","08","02","06",1,0.93484483259524,1,0.000178571428571429,0.000167697221635892,"女性 | 40至49歲 | 大學及以上 | 中彰投區 | 本省閩南人 | 08 | 02 | 06"
"女性","40至49歲","大學及以上","中彰投區","本省閩南人","09","00","05",1,0.93484483259524,1,0.000178571428571429,0.000167697221635892,"女性 | 40至49歲 | 大學及以上 | 中彰投區 | 本省閩南人 | 09 | 00 | 05"
"女性","40至49歲","大學及以上","北北基宜蘭區","原住民","05","05","05",1,1.082277103,1,0.000178571428571429,0.000194144372290523,"女性 | 40至49歲 | 大學及以上 | 北北基宜蘭區 | 原住民 | 05 | 05 | 05"
"女性","40至49歲","大學及以上","北北基宜蘭區","原住民","09","08","07",1,1.082277103,1,0.000178571428571429,0.000194144372290523,"女性 | 40至49歲 | 大學及以上 | 北北基宜蘭區 | 原住民 | 09 | 08 | 07"
"女性","40至49歲","大學及以上","北北基宜蘭區","大陸各省市","02","00","08",1,0.912977955942515,1,0.000178571428571429,0.000163774630064907,"女性 | 40至49歲 | 大學及以上 | 北北基宜蘭區 | 大陸各省市 | 02 | 00 | 08"
"女性","40至49歲","大學及以上","北北基宜蘭區","大陸各省市","02","02","02",1,0.912977955942515,1,0.000178571428571429,0.000163774630064907,"女性 | 40至49歲 | 大學及以上 | 北北基宜蘭區 | 大陸各省市 | 02 | 02 | 02"
"女性","40至49歲","大學及以上","北北基宜蘭區","大陸各省市","02","04","07",1,0.912977955942515,1,0.000178571428571429,0.000163774630064907,"女性 | 40至49歲 | 大學及以上 | 北北基宜蘭區 | 大陸各省市 | 02 | 04 | 07"
"女性","40至49歲","大學及以上","北北基宜蘭區","大陸各省市","04","08","05",1,1.082277103,1,0.000178571428571429,0.000194144372290523,"女性 | 40至49歲 | 大學及以上 | 北北基宜蘭區 | 大陸各省市 | 04 | 08 | 05"
"女性","40至49歲","大學及以上","北北基宜蘭區","大陸各省市","05","05","04",1,0.912977955942515,1,0.000178571428571429,0.000163774630064907,"女性 | 40至49歲 | 大學及以上 | 北北基宜蘭區 | 大陸各省市 | 05 | 05 | 04"
"女性","40至49歲","大學及以上","北北基宜蘭區","大陸各省市","05","05","05",1,0.912977955942515,1,0.000178571428571429,0.000163774630064907,"女性 | 40至49歲 | 大學及以上 | 北北基宜蘭區 | 大陸各省市 | 05 | 05 | 05"
"女性","40至49歲","大學及以上","北北基宜蘭區","大陸各省市","05","09","02",1,0.912977955942515,1,0.000178571428571429,0.000163774630064907,"女性 | 40至49歲 | 大學及以上 | 北北基宜蘭區 | 大陸各省市 | 05 | 09 | 02"
"女性","40至49歲","大學及以上","北北基宜蘭區","大陸各省市","06","00","01",1,0.984427607,1,0.000178571428571429,0.000176591631936684,"女性 | 40至49歲 | 大學及以上 | 北北基宜蘭區 | 大陸各省市 | 06 | 00 | 01"
"女性","40至49歲","大學及以上","北北基宜蘭區","大陸各省市","06","00","10",1,0.912977955942515,1,0.000178571428571429,0.000163774630064907,"女性 | 40至49歲 | 大學及以上 | 北北基宜蘭區 | 大陸各省市 | 06 | 00 | 10"
"女性","40至49歲","大學及以上","北北基宜蘭區","大陸各省市","06","05","00",1,0.912977955942515,1,0.000178571428571429,0.000163774630064907,"女性 | 40至49歲 | 大學及以上 | 北北基宜蘭區 | 大陸各省市 | 06 | 05 | 00"
"女性","40至49歲","大學及以上","北北基宜蘭區","大陸各省市","07","01","06",1,0.912977955942515,1,0.000178571428571429,0.000163774630064907,"女性 | 40至49歲 | 大學及以上 | 北北基宜蘭區 | 大陸各省市 | 07 | 01 | 06"
"女性","40至49歲","大學及以上","北北基宜蘭區","大陸各省市","08","03","05",1,0.984427607,1,0.000178571428571429,0.000176591631936684,"女性 | 40至49歲 | 大學及以上 | 北北基宜蘭區 | 大陸各省市 | 08 | 03 | 05"
"女性","40至49歲","大學及以上","北北基宜蘭區","本省客家人","04","03","04",1,0.912977955942515,1,0.000178571428571429,0.000163774630064907,"女性 | 40至49歲 | 大學及以上 | 北北基宜蘭區 | 本省客家人 | 04 | 03 | 04"
"女性","40至49歲","大學及以上","北北基宜蘭區","本省客家人","05","05","08",1,0.984427607,1,0.000178571428571429,0.000176591631936684,"女性 | 40至49歲 | 大學及以上 | 北北基宜蘭區 | 本省客家人 | 05 | 05 | 08"
"女性","40至49歲","大學及以上","北北基宜蘭區","本省客家人","06","01","03",1,0.912977955942515,1,0.000178571428571429,0.000163774630064907,"女性 | 40至49歲 | 大學及以上 | 北北基宜蘭區 | 本省客家人 | 06 | 01 | 03"
"女性","40至49歲","大學及以上","北北基宜蘭區","本省客家人","06","02","02",1,1.082277103,1,0.000178571428571429,0.000194144372290523,"女性 | 40至49歲 | 大學及以上 | 北北基宜蘭區 | 本省客家人 | 06 | 02 | 02"
"女性","40至49歲","大學及以上","北北基宜蘭區","本省閩南人","00","03","09",1,0.984427607,1,0.000178571428571429,0.000176591631936684,"女性 | 40至49歲 | 大學及以上 | 北北基宜蘭區 | 本省閩南人 | 00 | 03 | 09"
"女性","40至49歲","大學及以上","北北基宜蘭區","本省閩南人","00","05","05",1,0.912977955942515,1,0.000178571428571429,0.000163774630064907,"女性 | 40至49歲 | 大學及以上 | 北北基宜蘭區 | 本省閩南人 | 00 | 05 | 05"
"女性","40至49歲","大學及以上","北北基宜蘭區","本省閩南人","00","08","01",1,0.912977955942515,1,0.000178571428571429,0.000163774630064907,"女性 | 40至49歲 | 大學及以上 | 北北基宜蘭區 | 本省閩南人 | 00 | 08 | 01"
"女性","40至49歲","大學及以上","北北基宜蘭區","本省閩南人","00","08","03",1,0.984427607,1,0.000178571428571429,0.000176591631936684,"女性 | 40至49歲 | 大學及以上 | 北北基宜蘭區 | 本省閩南人 | 00 | 08 | 03"
"女性","40至49歲","大學及以上","北北基宜蘭區","本省閩南人","01","00","10",1,0.912977955942515,1,0.000178571428571429,0.000163774630064907,"女性 | 40至49歲 | 大學及以上 | 北北基宜蘭區 | 本省閩南人 | 01 | 00 | 10"
"女性","40至49歲","大學及以上","北北基宜蘭區","本省閩南人","01","02","02",1,0.912977955942515,1,0.000178571428571429,0.000163774630064907,"女性 | 40至49歲 | 大學及以上 | 北北基宜蘭區 | 本省閩南人 | 01 | 02 | 02"
"女性","40至49歲","大學及以上","北北基宜蘭區","本省閩南人","01","06","07",1,0.984427607,1,0.000178571428571429,0.000176591631936684,"女性 | 40至49歲 | 大學及以上 | 北北基宜蘭區 | 本省閩南人 | 01 | 06 | 07"
"女性","40至49歲","大學及以上","北北基宜蘭區","本省閩南人","01","07","05",1,0.912977955942515,1,0.000178571428571429,0.000163774630064907,"女性 | 40至49歲 | 大學及以上 | 北北基宜蘭區 | 本省閩南人 | 01 | 07 | 05"
"女性","40至49歲","大學及以上","北北基宜蘭區","本省閩南人","01","09","00",1,1.082277103,1,0.000178571428571429,0.000194144372290523,"女性 | 40至49歲 | 大學及以上 | 北北基宜蘭區 | 本省閩南人 | 01 | 09 | 00"
"女性","40至49歲","大學及以上","北北基宜蘭區","本省閩南人","02","01","01",1,0.912977955942515,1,0.000178571428571429,0.000163774630064907,"女性 | 40至49歲 | 大學及以上 | 北北基宜蘭區 | 本省閩南人 | 02 | 01 | 01"
"女性","40至49歲","大學及以上","北北基宜蘭區","本省閩南人","02","05","04",1,0.912977955942515,1,0.000178571428571429,0.000163774630064907,"女性 | 40至49歲 | 大學及以上 | 北北基宜蘭區 | 本省閩南人 | 02 | 05 | 04"
"女性","40至49歲","大學及以上","北北基宜蘭區","本省閩南人","02","05","05",1,1.082277103,1,0.000178571428571429,0.000194144372290523,"女性 | 40至49歲 | 大學及以上 | 北北基宜蘭區 | 本省閩南人 | 02 | 05 | 05"
"女性","40至49歲","大學及以上","北北基宜蘭區","本省閩南人","02","08","00",1,1.148351505,1,0.000178571428571429,0.000205997134642422,"女性 | 40至49歲 | 大學及以上 | 北北基宜蘭區 | 本省閩南人 | 02 | 08 | 00"
"女性","40至49歲","大學及以上","北北基宜蘭區","本省閩南人","03","00","07",1,0.912977955942515,1,0.000178571428571429,0.000163774630064907,"女性 | 40至49歲 | 大學及以上 | 北北基宜蘭區 | 本省閩南人 | 03 | 00 | 07"
"女性","40至49歲","大學及以上","北北基宜蘭區","本省閩南人","03","02","01",1,0.912977955942515,1,0.000178571428571429,0.000163774630064907,"女性 | 40至49歲 | 大學及以上 | 北北基宜蘭區 | 本省閩南人 | 03 | 02 | 01"
"女性","40至49歲","大學及以上","北北基宜蘭區","本省閩南人","03","02","05",1,0.984427607,1,0.000178571428571429,0.000176591631936684,"女性 | 40至49歲 | 大學及以上 | 北北基宜蘭區 | 本省閩南人 | 03 | 02 | 05"
"女性","40至49歲","大學及以上","北北基宜蘭區","本省閩南人","03","04","03",1,1.082277103,1,0.000178571428571429,0.000194144372290523,"女性 | 40至49歲 | 大學及以上 | 北北基宜蘭區 | 本省閩南人 | 03 | 04 | 03"
"女性","40至49歲","大學及以上","北北基宜蘭區","本省閩南人","03","05","01",1,0.912977955942515,1,0.000178571428571429,0.000163774630064907,"女性 | 40至49歲 | 大學及以上 | 北北基宜蘭區 | 本省閩南人 | 03 | 05 | 01"
"女性","40至49歲","大學及以上","北北基宜蘭區","本省閩南人","03","05","04",1,1.082277103,1,0.000178571428571429,0.000194144372290523,"女性 | 40至49歲 | 大學及以上 | 北北基宜蘭區 | 本省閩南人 | 03 | 05 | 04"
"女性","40至49歲","大學及以上","北北基宜蘭區","本省閩南人","03","05","06",1,1.148351505,1,0.000178571428571429,0.000205997134642422,"女性 | 40至49歲 | 大學及以上 | 北北基宜蘭區 | 本省閩南人 | 03 | 05 | 06"
"女性","40至49歲","大學及以上","北北基宜蘭區","本省閩南人","03","06","01",1,0.912977955942515,1,0.000178571428571429,0.000163774630064907,"女性 | 40至49歲 | 大學及以上 | 北北基宜蘭區 | 本省閩南人 | 03 | 06 | 01"
"女性","40至49歲","大學及以上","北北基宜蘭區","本省閩南人","03","07","00",1,0.912977955942515,1,0.000178571428571429,0.000163774630064907,"女性 | 40至49歲 | 大學及以上 | 北北基宜蘭區 | 本省閩南人 | 03 | 07 | 00"
"女性","40至49歲","大學及以上","北北基宜蘭區","本省閩南人","03","07","04",1,1.148351505,1,0.000178571428571429,0.000205997134642422,"女性 | 40至49歲 | 大學及以上 | 北北基宜蘭區 | 本省閩南人 | 03 | 07 | 04"
"女性","40至49歲","大學及以上","北北基宜蘭區","本省閩南人","03","07","06",1,1.148351505,1,0.000178571428571429,0.000205997134642422,"女性 | 40至49歲 | 大學及以上 | 北北基宜蘭區 | 本省閩南人 | 03 | 07 | 06"
"女性","40至49歲","大學及以上","北北基宜蘭區","本省閩南人","03","08","00",1,0.912977955942515,1,0.000178571428571429,0.000163774630064907,"女性 | 40至49歲 | 大學及以上 | 北北基宜蘭區 | 本省閩南人 | 03 | 08 | 00"
"女性","40至49歲","大學及以上","北北基宜蘭區","本省閩南人","03","08","02",1,1.082277103,1,0.000178571428571429,0.000194144372290523,"女性 | 40至49歲 | 大學及以上 | 北北基宜蘭區 | 本省閩南人 | 03 | 08 | 02"
"女性","40至49歲","大學及以上","北北基宜蘭區","本省閩南人","04","00","07",1,0.912977955942515,1,0.000178571428571429,0.000163774630064907,"女性 | 40至49歲 | 大學及以上 | 北北基宜蘭區 | 本省閩南人 | 04 | 00 | 07"
"女性","40至49歲","大學及以上","北北基宜蘭區","本省閩南人","04","02","04",1,0.984427607,1,0.000178571428571429,0.000176591631936684,"女性 | 40至49歲 | 大學及以上 | 北北基宜蘭區 | 本省閩南人 | 04 | 02 | 04"
"女性","40至49歲","大學及以上","北北基宜蘭區","本省閩南人","04","02","05",1,0.912977955942515,1,0.000178571428571429,0.000163774630064907,"女性 | 40至49歲 | 大學及以上 | 北北基宜蘭區 | 本省閩南人 | 04 | 02 | 05"
"女性","40至49歲","大學及以上","北北基宜蘭區","本省閩南人","04","03","06",1,0.912977955942515,1,0.000178571428571429,0.000163774630064907,"女性 | 40至49歲 | 大學及以上 | 北北基宜蘭區 | 本省閩南人 | 04 | 03 | 06"
"女性","40至49歲","大學及以上","北北基宜蘭區","本省閩南人","04","03","08",1,0.912977955942515,1,0.000178571428571429,0.000163774630064907,"女性 | 40至49歲 | 大學及以上 | 北北基宜蘭區 | 本省閩南人 | 04 | 03 | 08"
"女性","40至49歲","大學及以上","北北基宜蘭區","本省閩南人","04","04","04",1,0.912977955942515,1,0.000178571428571429,0.000163774630064907,"女性 | 40至49歲 | 大學及以上 | 北北基宜蘭區 | 本省閩南人 | 04 | 04 | 04"
"女性","40至49歲","大學及以上","北北基宜蘭區","本省閩南人","04","05","05",1,0.912977955942515,1,0.000178571428571429,0.000163774630064907,"女性 | 40至49歲 | 大學及以上 | 北北基宜蘭區 | 本省閩南人 | 04 | 05 | 05"
"女性","40至49歲","大學及以上","北北基宜蘭區","本省閩南人","04","05","07",1,1.250494523,1,0.000178571428571429,0.000224320068813811,"女性 | 40至49歲 | 大學及以上 | 北北基宜蘭區 | 本省閩南人 | 04 | 05 | 07"
"女性","40至49歲","大學及以上","北北基宜蘭區","本省閩南人","04","06","03",1,1.082277103,1,0.000178571428571429,0.000194144372290523,"女性 | 40至49歲 | 大學及以上 | 北北基宜蘭區 | 本省閩南人 | 04 | 06 | 03"
"女性","40至49歲","大學及以上","北北基宜蘭區","本省閩南人","04","08","01",1,0.984427607,1,0.000178571428571429,0.000176591631936684,"女性 | 40至49歲 | 大學及以上 | 北北基宜蘭區 | 本省閩南人 | 04 | 08 | 01"
"女性","40至49歲","大學及以上","北北基宜蘭區","本省閩南人","05","02","08",1,0.984427607,1,0.000178571428571429,0.000176591631936684,"女性 | 40至49歲 | 大學及以上 | 北北基宜蘭區 | 本省閩南人 | 05 | 02 | 08"
"女性","40至49歲","大學及以上","北北基宜蘭區","本省閩南人","05","05","04",1,0.984427607,1,0.000178571428571429,0.000176591631936684,"女性 | 40至49歲 | 大學及以上 | 北北基宜蘭區 | 本省閩南人 | 05 | 05 | 04"
"女性","40至49歲","大學及以上","北北基宜蘭區","本省閩南人","05","06","06",1,0.912977955942515,1,0.000178571428571429,0.000163774630064907,"女性 | 40至49歲 | 大學及以上 | 北北基宜蘭區 | 本省閩南人 | 05 | 06 | 06"
"女性","40至49歲","大學及以上","北北基宜蘭區","本省閩南人","05","10","05",1,0.984427607,1,0.000178571428571429,0.000176591631936684,"女性 | 40至49歲 | 大學及以上 | 北北基宜蘭區 | 本省閩南人 | 05 | 10 | 05"
"女性","40至49歲","大學及以上","北北基宜蘭區","本省閩南人","06","00","05",1,0.912977955942515,1,0.000178571428571429,0.000163774630064907,"女性 | 40至49歲 | 大學及以上 | 北北基宜蘭區 | 本省閩南人 | 06 | 00 | 05"
"女性","40至49歲","大學及以上","北北基宜蘭區","本省閩南人","06","01","06",1,1.148351505,1,0.000178571428571429,0.000205997134642422,"女性 | 40至49歲 | 大學及以上 | 北北基宜蘭區 | 本省閩南人 | 06 | 01 | 06"
"女性","40至49歲","大學及以上","北北基宜蘭區","本省閩南人","06","01","07",1,0.912977955942515,1,0.000178571428571429,0.000163774630064907,"女性 | 40至49歲 | 大學及以上 | 北北基宜蘭區 | 本省閩南人 | 06 | 01 | 07"
"女性","40至49歲","大學及以上","北北基宜蘭區","本省閩南人","06","03","06",1,0.912977955942515,1,0.000178571428571429,0.000163774630064907,"女性 | 40至49歲 | 大學及以上 | 北北基宜蘭區 | 本省閩南人 | 06 | 03 | 06"
"女性","40至49歲","大學及以上","北北基宜蘭區","本省閩南人","06","06","09",1,0.984427607,1,0.000178571428571429,0.000176591631936684,"女性 | 40至49歲 | 大學及以上 | 北北基宜蘭區 | 本省閩南人 | 06 | 06 | 09"
"女性","40至49歲","大學及以上","北北基宜蘭區","本省閩南人","06","07","04",1,0.912977955942515,1,0.000178571428571429,0.000163774630064907,"女性 | 40至49歲 | 大學及以上 | 北北基宜蘭區 | 本省閩南人 | 06 | 07 | 04"
"女性","40至49歲","大學及以上","北北基宜蘭區","本省閩南人","06","08","05",1,0.984427607,1,0.000178571428571429,0.000176591631936684,"女性 | 40至49歲 | 大學及以上 | 北北基宜蘭區 | 本省閩南人 | 06 | 08 | 05"
"女性","40至49歲","大學及以上","北北基宜蘭區","本省閩南人","07","00","05",1,0.984427607,1,0.000178571428571429,0.000176591631936684,"女性 | 40至49歲 | 大學及以上 | 北北基宜蘭區 | 本省閩南人 | 07 | 00 | 05"
"女性","40至49歲","大學及以上","北北基宜蘭區","本省閩南人","07","02","05",1,0.912977955942515,1,0.000178571428571429,0.000163774630064907,"女性 | 40至49歲 | 大學及以上 | 北北基宜蘭區 | 本省閩南人 | 07 | 02 | 05"
"女性","40至49歲","大學及以上","北北基宜蘭區","本省閩南人","07","02","08",1,0.912977955942515,1,0.000178571428571429,0.000163774630064907,"女性 | 40至49歲 | 大學及以上 | 北北基宜蘭區 | 本省閩南人 | 07 | 02 | 08"
"女性","40至49歲","大學及以上","北北基宜蘭區","本省閩南人","07","03","09",1,0.984427607,1,0.000178571428571429,0.000176591631936684,"女性 | 40至49歲 | 大學及以上 | 北北基宜蘭區 | 本省閩南人 | 07 | 03 | 09"
"女性","40至49歲","大學及以上","北北基宜蘭區","本省閩南人","07","04","05",1,0.912977955942515,1,0.000178571428571429,0.000163774630064907,"女性 | 40至49歲 | 大學及以上 | 北北基宜蘭區 | 本省閩南人 | 07 | 04 | 05"
"女性","40至49歲","大學及以上","北北基宜蘭區","本省閩南人","07","04","06",1,1.148351505,1,0.000178571428571429,0.000205997134642422,"女性 | 40至49歲 | 大學及以上 | 北北基宜蘭區 | 本省閩南人 | 07 | 04 | 06"
"女性","40至49歲","大學及以上","北北基宜蘭區","本省閩南人","07","06","08",1,0.912977955942515,1,0.000178571428571429,0.000163774630064907,"女性 | 40至49歲 | 大學及以上 | 北北基宜蘭區 | 本省閩南人 | 07 | 06 | 08"
"女性","40至49歲","大學及以上","北北基宜蘭區","本省閩南人","07","08","05",1,0.984427607,1,0.000178571428571429,0.000176591631936684,"女性 | 40至49歲 | 大學及以上 | 北北基宜蘭區 | 本省閩南人 | 07 | 08 | 05"
"女性","40至49歲","大學及以上","北北基宜蘭區","本省閩南人","07","09","05",1,1.082277103,1,0.000178571428571429,0.000194144372290523,"女性 | 40至49歲 | 大學及以上 | 北北基宜蘭區 | 本省閩南人 | 07 | 09 | 05"
"女性","40至49歲","大學及以上","北北基宜蘭區","本省閩南人","08","00","09",1,1.082277103,1,0.000178571428571429,0.000194144372290523,"女性 | 40至49歲 | 大學及以上 | 北北基宜蘭區 | 本省閩南人 | 08 | 00 | 09"
"女性","40至49歲","大學及以上","北北基宜蘭區","本省閩南人","08","01","07",1,0.984427607,1,0.000178571428571429,0.000176591631936684,"女性 | 40至49歲 | 大學及以上 | 北北基宜蘭區 | 本省閩南人 | 08 | 01 | 07"
"女性","40至49歲","大學及以上","北北基宜蘭區","本省閩南人","08","02","06",1,0.912977955942515,1,0.000178571428571429,0.000163774630064907,"女性 | 40至49歲 | 大學及以上 | 北北基宜蘭區 | 本省閩南人 | 08 | 02 | 06"
"女性","40至49歲","大學及以上","北北基宜蘭區","本省閩南人","08","04","06",1,0.984427607,1,0.000178571428571429,0.000176591631936684,"女性 | 40至49歲 | 大學及以上 | 北北基宜蘭區 | 本省閩南人 | 08 | 04 | 06"
"女性","40至49歲","大學及以上","北北基宜蘭區","本省閩南人","08","05","06",1,0.912977955942515,1,0.000178571428571429,0.000163774630064907,"女性 | 40至49歲 | 大學及以上 | 北北基宜蘭區 | 本省閩南人 | 08 | 05 | 06"
"女性","40至49歲","大學及以上","北北基宜蘭區","本省閩南人","08","08","00",1,0.912977955942515,1,0.000178571428571429,0.000163774630064907,"女性 | 40至49歲 | 大學及以上 | 北北基宜蘭區 | 本省閩南人 | 08 | 08 | 00"
"女性","40至49歲","大學及以上","北北基宜蘭區","本省閩南人","08","08","08",1,0.912977955942515,1,0.000178571428571429,0.000163774630064907,"女性 | 40至49歲 | 大學及以上 | 北北基宜蘭區 | 本省閩南人 | 08 | 08 | 08"
"女性","40至49歲","大學及以上","桃竹苗區","大陸各省市","03","00","08",1,0.859526128707727,1,0.000178571428571429,0.000154186169385554,"女性 | 40至49歲 | 大學及以上 | 桃竹苗區 | 大陸各省市 | 03 | 00 | 08"
"女性","40至49歲","大學及以上","桃竹苗區","大陸各省市","04","04","04",1,0.859526128707727,1,0.000178571428571429,0.000154186169385554,"女性 | 40至49歲 | 大學及以上 | 桃竹苗區 | 大陸各省市 | 04 | 04 | 04"
"女性","40至49歲","大學及以上","桃竹苗區","大陸各省市","04","07","06",1,1.040408407,1,0.000178571428571429,0.00018663375261557,"女性 | 40至49歲 | 大學及以上 | 桃竹苗區 | 大陸各省市 | 04 | 07 | 06"
"女性","40至49歲","大學及以上","桃竹苗區","大陸各省市","05","00","06",1,0.930824438,1,0.000178571428571429,0.00016697602280161,"女性 | 40至49歲 | 大學及以上 | 桃竹苗區 | 大陸各省市 | 05 | 00 | 06"
"女性","40至49歲","大學及以上","桃竹苗區","大陸各省市","05","02","06",1,0.859526128707727,1,0.000178571428571429,0.000154186169385554,"女性 | 40至49歲 | 大學及以上 | 桃竹苗區 | 大陸各省市 | 05 | 02 | 06"
"女性","40至49歲","大學及以上","桃竹苗區","大陸各省市","07","01","08",1,0.930824438,1,0.000178571428571429,0.00016697602280161,"女性 | 40至49歲 | 大學及以上 | 桃竹苗區 | 大陸各省市 | 07 | 01 | 08"
"女性","40至49歲","大學及以上","桃竹苗區","大陸各省市","07","05","00",1,0.930824438,1,0.000178571428571429,0.00016697602280161,"女性 | 40至49歲 | 大學及以上 | 桃竹苗區 | 大陸各省市 | 07 | 05 | 00"
"女性","40至49歲","大學及以上","桃竹苗區","大陸各省市","09","03","02",1,0.891893077,1,0.000178571428571429,0.00015999231722121,"女性 | 40至49歲 | 大學及以上 | 桃竹苗區 | 大陸各省市 | 09 | 03 | 02"
"女性","40至49歲","大學及以上","桃竹苗區","本省客家人","03","06","00",1,0.859526128707727,1,0.000178571428571429,0.000154186169385554,"女性 | 40至49歲 | 大學及以上 | 桃竹苗區 | 本省客家人 | 03 | 06 | 00"
"女性","40至49歲","大學及以上","桃竹苗區","本省客家人","03","06","07",1,0.891893077,1,0.000178571428571429,0.00015999231722121,"女性 | 40至49歲 | 大學及以上 | 桃竹苗區 | 本省客家人 | 03 | 06 | 07"
"女性","40至49歲","大學及以上","桃竹苗區","本省客家人","03","07","05",1,0.891893077,1,0.000178571428571429,0.00015999231722121,"女性 | 40至49歲 | 大學及以上 | 桃竹苗區 | 本省客家人 | 03 | 07 | 05"
"女性","40至49歲","大學及以上","桃竹苗區","本省客家人","03","08","01",1,0.930824438,1,0.000178571428571429,0.00016697602280161,"女性 | 40至49歲 | 大學及以上 | 桃竹苗區 | 本省客家人 | 03 | 08 | 01"
"女性","40至49歲","大學及以上","桃竹苗區","本省客家人","04","04","04",1,0.859526128707727,1,0.000178571428571429,0.000154186169385554,"女性 | 40至49歲 | 大學及以上 | 桃竹苗區 | 本省客家人 | 04 | 04 | 04"
"女性","40至49歲","大學及以上","桃竹苗區","本省客家人","04","07","07",1,0.930824438,1,0.000178571428571429,0.00016697602280161,"女性 | 40至49歲 | 大學及以上 | 桃竹苗區 | 本省客家人 | 04 | 07 | 07"
"女性","40至49歲","大學及以上","桃竹苗區","本省客家人","05","01","05",1,0.859526128707727,1,0.000178571428571429,0.000154186169385554,"女性 | 40至49歲 | 大學及以上 | 桃竹苗區 | 本省客家人 | 05 | 01 | 05"
"女性","40至49歲","大學及以上","桃竹苗區","本省客家人","05","04","04",1,0.859526128707727,1,0.000178571428571429,0.000154186169385554,"女性 | 40至49歲 | 大學及以上 | 桃竹苗區 | 本省客家人 | 05 | 04 | 04"
"女性","40至49歲","大學及以上","桃竹苗區","本省客家人","05","05","05",1,0.930824438,1,0.000178571428571429,0.00016697602280161,"女性 | 40至49歲 | 大學及以上 | 桃竹苗區 | 本省客家人 | 05 | 05 | 05"
"女性","40至49歲","大學及以上","桃竹苗區","本省客家人","07","07","08",1,0.859526128707727,1,0.000178571428571429,0.000154186169385554,"女性 | 40至49歲 | 大學及以上 | 桃竹苗區 | 本省客家人 | 07 | 07 | 08"
"女性","40至49歲","大學及以上","桃竹苗區","本省客家人","08","07","05",1,0.891893077,1,0.000178571428571429,0.00015999231722121,"女性 | 40至49歲 | 大學及以上 | 桃竹苗區 | 本省客家人 | 08 | 07 | 05"
"女性","40至49歲","大學及以上","桃竹苗區","本省閩南人","02","04","05",1,0.859526128707727,1,0.000178571428571429,0.000154186169385554,"女性 | 40至49歲 | 大學及以上 | 桃竹苗區 | 本省閩南人 | 02 | 04 | 05"
"女性","40至49歲","大學及以上","桃竹苗區","本省閩南人","02","05","09",1,0.930824438,1,0.000178571428571429,0.00016697602280161,"女性 | 40至49歲 | 大學及以上 | 桃竹苗區 | 本省閩南人 | 02 | 05 | 09"
"女性","40至49歲","大學及以上","桃竹苗區","本省閩南人","02","08","00",1,1.040408407,1,0.000178571428571429,0.00018663375261557,"女性 | 40至49歲 | 大學及以上 | 桃竹苗區 | 本省閩南人 | 02 | 08 | 00"
"女性","40至49歲","大學及以上","桃竹苗區","本省閩南人","03","03","03",1,0.930824438,1,0.000178571428571429,0.00016697602280161,"女性 | 40至49歲 | 大學及以上 | 桃竹苗區 | 本省閩南人 | 03 | 03 | 03"
"女性","40至49歲","大學及以上","桃竹苗區","本省閩南人","03","05","02",1,0.859526128707727,1,0.000178571428571429,0.000154186169385554,"女性 | 40至49歲 | 大學及以上 | 桃竹苗區 | 本省閩南人 | 03 | 05 | 02"
"女性","40至49歲","大學及以上","桃竹苗區","本省閩南人","03","05","03",1,0.859526128707727,1,0.000178571428571429,0.000154186169385554,"女性 | 40至49歲 | 大學及以上 | 桃竹苗區 | 本省閩南人 | 03 | 05 | 03"
"女性","40至49歲","大學及以上","桃竹苗區","本省閩南人","03","07","02",1,0.891893077,1,0.000178571428571429,0.00015999231722121,"女性 | 40至49歲 | 大學及以上 | 桃竹苗區 | 本省閩南人 | 03 | 07 | 02"
"女性","40至49歲","大學及以上","桃竹苗區","本省閩南人","03","07","03",1,0.859526128707727,1,0.000178571428571429,0.000154186169385554,"女性 | 40至49歲 | 大學及以上 | 桃竹苗區 | 本省閩南人 | 03 | 07 | 03"
"女性","40至49歲","大學及以上","桃竹苗區","本省閩南人","03","07","06",1,0.891893077,1,0.000178571428571429,0.00015999231722121,"女性 | 40至49歲 | 大學及以上 | 桃竹苗區 | 本省閩南人 | 03 | 07 | 06"
"女性","40至49歲","大學及以上","桃竹苗區","本省閩南人","03","08","06",1,0.859526128707727,1,0.000178571428571429,0.000154186169385554,"女性 | 40至49歲 | 大學及以上 | 桃竹苗區 | 本省閩南人 | 03 | 08 | 06"
"女性","40至49歲","大學及以上","桃竹苗區","本省閩南人","04","02","06",1,0.859526128707727,1,0.000178571428571429,0.000154186169385554,"女性 | 40至49歲 | 大學及以上 | 桃竹苗區 | 本省閩南人 | 04 | 02 | 06"
"女性","40至49歲","大學及以上","桃竹苗區","本省閩南人","04","03","06",1,0.930824438,1,0.000178571428571429,0.00016697602280161,"女性 | 40至49歲 | 大學及以上 | 桃竹苗區 | 本省閩南人 | 04 | 03 | 06"
"女性","40至49歲","大學及以上","桃竹苗區","本省閩南人","04","06","04",1,1.040408407,1,0.000178571428571429,0.00018663375261557,"女性 | 40至49歲 | 大學及以上 | 桃竹苗區 | 本省閩南人 | 04 | 06 | 04"
"女性","40至49歲","大學及以上","桃竹苗區","本省閩南人","04","06","06",1,1.040408407,1,0.000178571428571429,0.00018663375261557,"女性 | 40至49歲 | 大學及以上 | 桃竹苗區 | 本省閩南人 | 04 | 06 | 06"
"女性","40至49歲","大學及以上","桃竹苗區","本省閩南人","05","05","08",1,0.930824438,1,0.000178571428571429,0.00016697602280161,"女性 | 40至49歲 | 大學及以上 | 桃竹苗區 | 本省閩南人 | 05 | 05 | 08"
"女性","40至49歲","大學及以上","桃竹苗區","本省閩南人","06","03","05",1,1.040408407,1,0.000178571428571429,0.00018663375261557,"女性 | 40至49歲 | 大學及以上 | 桃竹苗區 | 本省閩南人 | 06 | 03 | 05"
"女性","40至49歲","大學及以上","桃竹苗區","本省閩南人","06","05","07",1,0.859526128707727,1,0.000178571428571429,0.000154186169385554,"女性 | 40至49歲 | 大學及以上 | 桃竹苗區 | 本省閩南人 | 06 | 05 | 07"
"女性","40至49歲","大學及以上","桃竹苗區","本省閩南人","06","08","08",1,0.930824438,1,0.000178571428571429,0.00016697602280161,"女性 | 40至49歲 | 大學及以上 | 桃竹苗區 | 本省閩南人 | 06 | 08 | 08"
"女性","40至49歲","大學及以上","桃竹苗區","本省閩南人","07","03","07",1,1.040408407,1,0.000178571428571429,0.00018663375261557,"女性 | 40至49歲 | 大學及以上 | 桃竹苗區 | 本省閩南人 | 07 | 03 | 07"
"女性","40至49歲","大學及以上","桃竹苗區","本省閩南人","07","05","06",1,0.859526128707727,1,0.000178571428571429,0.000154186169385554,"女性 | 40至49歲 | 大學及以上 | 桃竹苗區 | 本省閩南人 | 07 | 05 | 06"
"女性","40至49歲","大學及以上","桃竹苗區","本省閩南人","07","07","07",1,0.859526128707727,1,0.000178571428571429,0.000154186169385554,"女性 | 40至49歲 | 大學及以上 | 桃竹苗區 | 本省閩南人 | 07 | 07 | 07"
"女性","40至49歲","大學及以上","桃竹苗區","本省閩南人","07","08","04",1,0.859526128707727,1,0.000178571428571429,0.000154186169385554,"女性 | 40至49歲 | 大學及以上 | 桃竹苗區 | 本省閩南人 | 07 | 08 | 04"
"女性","40至49歲","大學及以上","桃竹苗區","本省閩南人","08","00","09",1,0.891893077,1,0.000178571428571429,0.00015999231722121,"女性 | 40至49歲 | 大學及以上 | 桃竹苗區 | 本省閩南人 | 08 | 00 | 09"
"女性","40至49歲","大學及以上","桃竹苗區","本省閩南人","08","02","05",1,0.891893077,1,0.000178571428571429,0.00015999231722121,"女性 | 40至49歲 | 大學及以上 | 桃竹苗區 | 本省閩南人 | 08 | 02 | 05"
"女性","40至49歲","大學及以上","花東區","大陸各省市","00","09","00",1,0.723037490440886,1,0.000178571428571429,0.000129702143134188,"女性 | 40至49歲 | 大學及以上 | 花東區 | 大陸各省市 | 00 | 09 | 00"
"女性","40至49歲","大學及以上","花東區","本省閩南人","03","05","05",1,0.723037490440886,1,0.000178571428571429,0.000129702143134188,"女性 | 40至49歲 | 大學及以上 | 花東區 | 本省閩南人 | 03 | 05 | 05"
"女性","40至49歲","大學及以上","花東區","本省閩南人","03","07","03",1,0.723037490440886,1,0.000178571428571429,0.000129702143134188,"女性 | 40至49歲 | 大學及以上 | 花東區 | 本省閩南人 | 03 | 07 | 03"
"女性","40至49歲","大學及以上","花東區","本省閩南人","05","05","05",1,0.739453032,1,0.000178571428571429,0.000132646846485085,"女性 | 40至49歲 | 大學及以上 | 花東區 | 本省閩南人 | 05 | 05 | 05"
"女性","40至49歲","大學及以上","花東區","本省閩南人","05","07","05",1,0.98640623,1,0.000178571428571429,0.000176946567395699,"女性 | 40至49歲 | 大學及以上 | 花東區 | 本省閩南人 | 05 | 07 | 05"
"女性","40至49歲","大學及以上","花東區","本省閩南人","06","03","06",1,0.633898223,1,0.000178571428571429,0.000113711887888302,"女性 | 40至49歲 | 大學及以上 | 花東區 | 本省閩南人 | 06 | 03 | 06"
"女性","40至49歲","大學及以上","花東區","本省閩南人","06","06","05",1,0.739453032,1,0.000178571428571429,0.000132646846485085,"女性 | 40至49歲 | 大學及以上 | 花東區 | 本省閩南人 | 06 | 06 | 05"
"女性","40至49歲","大學及以上","花東區","本省閩南人","07","08","09",1,0.723037490440886,1,0.000178571428571429,0.000129702143134188,"女性 | 40至49歲 | 大學及以上 | 花東區 | 本省閩南人 | 07 | 08 | 09"
"女性","40至49歲","大學及以上","雲嘉南區","大陸各省市","06","05","06",1,0.805469988980862,1,0.000178571428571429,0.000144489304057229,"女性 | 40至49歲 | 大學及以上 | 雲嘉南區 | 大陸各省市 | 06 | 05 | 06"
"女性","40至49歲","大學及以上","雲嘉南區","大陸各省市","06","06","06",1,0.797346149,1,0.000178571428571429,0.000143032008315407,"女性 | 40至49歲 | 大學及以上 | 雲嘉南區 | 大陸各省市 | 06 | 06 | 06"
"女性","40至49歲","大學及以上","雲嘉南區","本省客家人","01","10","00",1,0.804820783,1,0.000178571428571429,0.000144372846185864,"女性 | 40至49歲 | 大學及以上 | 雲嘉南區 | 本省客家人 | 01 | 10 | 00"
"女性","40至49歲","大學及以上","雲嘉南區","本省客家人","06","05","05",1,0.804820783,1,0.000178571428571429,0.000144372846185864,"女性 | 40至49歲 | 大學及以上 | 雲嘉南區 | 本省客家人 | 06 | 05 | 05"
"女性","40至49歲","大學及以上","雲嘉南區","本省閩南人","00","00","00",1,0.804820783,1,0.000178571428571429,0.000144372846185864,"女性 | 40至49歲 | 大學及以上 | 雲嘉南區 | 本省閩南人 | 00 | 00 | 00"
"女性","40至49歲","大學及以上","雲嘉南區","本省閩南人","00","06","00",1,0.93011781,1,0.000178571428571429,0.000166849264276346,"女性 | 40至49歲 | 大學及以上 | 雲嘉南區 | 本省閩南人 | 00 | 06 | 00"
"女性","40至49歲","大學及以上","雲嘉南區","本省閩南人","00","06","01",1,0.805469988980862,1,0.000178571428571429,0.000144489304057229,"女性 | 40至49歲 | 大學及以上 | 雲嘉南區 | 本省閩南人 | 00 | 06 | 01"
"女性","40至49歲","大學及以上","雲嘉南區","本省閩南人","00","06","08",1,0.804820783,1,0.000178571428571429,0.000144372846185864,"女性 | 40至49歲 | 大學及以上 | 雲嘉南區 | 本省閩南人 | 00 | 06 | 08"
"女性","40至49歲","大學及以上","雲嘉南區","本省閩南人","00","08","00",1,0.805469988980862,1,0.000178571428571429,0.000144489304057229,"女性 | 40至49歲 | 大學及以上 | 雲嘉南區 | 本省閩南人 | 00 | 08 | 00"
"女性","40至49歲","大學及以上","雲嘉南區","本省閩南人","01","09","03",1,0.805469988980862,1,0.000178571428571429,0.000144489304057229,"女性 | 40至49歲 | 大學及以上 | 雲嘉南區 | 本省閩南人 | 01 | 09 | 03"
"女性","40至49歲","大學及以上","雲嘉南區","本省閩南人","02","02","02",1,0.805469988980862,1,0.000178571428571429,0.000144489304057229,"女性 | 40至49歲 | 大學及以上 | 雲嘉南區 | 本省閩南人 | 02 | 02 | 02"
"女性","40至49歲","大學及以上","雲嘉南區","本省閩南人","02","08","01",1,0.804820783,1,0.000178571428571429,0.000144372846185864,"女性 | 40至49歲 | 大學及以上 | 雲嘉南區 | 本省閩南人 | 02 | 08 | 01"
"女性","40至49歲","大學及以上","雲嘉南區","本省閩南人","02","08","05",1,0.797346149,1,0.000178571428571429,0.000143032008315407,"女性 | 40至49歲 | 大學及以上 | 雲嘉南區 | 本省閩南人 | 02 | 08 | 05"
"女性","40至49歲","大學及以上","雲嘉南區","本省閩南人","02","08","08",1,0.93011781,1,0.000178571428571429,0.000166849264276346,"女性 | 40至49歲 | 大學及以上 | 雲嘉南區 | 本省閩南人 | 02 | 08 | 08"
"女性","40至49歲","大學及以上","雲嘉南區","本省閩南人","03","05","00",1,0.805469988980862,1,0.000178571428571429,0.000144489304057229,"女性 | 40至49歲 | 大學及以上 | 雲嘉南區 | 本省閩南人 | 03 | 05 | 00"
"女性","40至49歲","大學及以上","雲嘉南區","本省閩南人","03","05","07",1,0.797346149,1,0.000178571428571429,0.000143032008315407,"女性 | 40至49歲 | 大學及以上 | 雲嘉南區 | 本省閩南人 | 03 | 05 | 07"
"女性","40至49歲","大學及以上","雲嘉南區","本省閩南人","03","06","07",1,0.93011781,1,0.000178571428571429,0.000166849264276346,"女性 | 40至49歲 | 大學及以上 | 雲嘉南區 | 本省閩南人 | 03 | 06 | 07"
"女性","40至49歲","大學及以上","雲嘉南區","本省閩南人","04","03","05",1,0.805469988980862,1,0.000178571428571429,0.000144489304057229,"女性 | 40至49歲 | 大學及以上 | 雲嘉南區 | 本省閩南人 | 04 | 03 | 05"
"女性","40至49歲","大學及以上","雲嘉南區","本省閩南人","04","05","05",1,0.93011781,1,0.000178571428571429,0.000166849264276346,"女性 | 40至49歲 | 大學及以上 | 雲嘉南區 | 本省閩南人 | 04 | 05 | 05"
"女性","40至49歲","大學及以上","雲嘉南區","本省閩南人","04","06","04",1,0.804820783,1,0.000178571428571429,0.000144372846185864,"女性 | 40至49歲 | 大學及以上 | 雲嘉南區 | 本省閩南人 | 04 | 06 | 04"
"女性","40至49歲","大學及以上","雲嘉南區","本省閩南人","04","07","04",1,0.93011781,1,0.000178571428571429,0.000166849264276346,"女性 | 40至49歲 | 大學及以上 | 雲嘉南區 | 本省閩南人 | 04 | 07 | 04"
"女性","40至49歲","大學及以上","雲嘉南區","本省閩南人","04","08","00",1,0.797346149,1,0.000178571428571429,0.000143032008315407,"女性 | 40至49歲 | 大學及以上 | 雲嘉南區 | 本省閩南人 | 04 | 08 | 00"
"女性","40至49歲","大學及以上","雲嘉南區","本省閩南人","04","08","06",1,0.93011781,1,0.000178571428571429,0.000166849264276346,"女性 | 40至49歲 | 大學及以上 | 雲嘉南區 | 本省閩南人 | 04 | 08 | 06"
"女性","40至49歲","大學及以上","雲嘉南區","本省閩南人","04","08","07",1,0.805469988980862,1,0.000178571428571429,0.000144489304057229,"女性 | 40至49歲 | 大學及以上 | 雲嘉南區 | 本省閩南人 | 04 | 08 | 07"
"女性","40至49歲","大學及以上","雲嘉南區","本省閩南人","05","00","05",1,0.805469988980862,1,0.000178571428571429,0.000144489304057229,"女性 | 40至49歲 | 大學及以上 | 雲嘉南區 | 本省閩南人 | 05 | 00 | 05"
"女性","40至49歲","大學及以上","雲嘉南區","本省閩南人","05","03","05",1,0.804820783,1,0.000178571428571429,0.000144372846185864,"女性 | 40至49歲 | 大學及以上 | 雲嘉南區 | 本省閩南人 | 05 | 03 | 05"
"女性","40至49歲","大學及以上","雲嘉南區","本省閩南人","05","04","06",1,0.804820783,1,0.000178571428571429,0.000144372846185864,"女性 | 40至49歲 | 大學及以上 | 雲嘉南區 | 本省閩南人 | 05 | 04 | 06"
"女性","40至49歲","大學及以上","雲嘉南區","本省閩南人","05","05","07",1,0.93011781,1,0.000178571428571429,0.000166849264276346,"女性 | 40至49歲 | 大學及以上 | 雲嘉南區 | 本省閩南人 | 05 | 05 | 07"
"女性","40至49歲","大學及以上","雲嘉南區","本省閩南人","05","06","05",1,0.805469988980862,1,0.000178571428571429,0.000144489304057229,"女性 | 40至49歲 | 大學及以上 | 雲嘉南區 | 本省閩南人 | 05 | 06 | 05"
"女性","40至49歲","大學及以上","雲嘉南區","本省閩南人","05","06","08",1,0.797346149,1,0.000178571428571429,0.000143032008315407,"女性 | 40至49歲 | 大學及以上 | 雲嘉南區 | 本省閩南人 | 05 | 06 | 08"
"女性","40至49歲","大學及以上","雲嘉南區","本省閩南人","05","09","06",1,0.805469988980862,1,0.000178571428571429,0.000144489304057229,"女性 | 40至49歲 | 大學及以上 | 雲嘉南區 | 本省閩南人 | 05 | 09 | 06"
"女性","40至49歲","大學及以上","雲嘉南區","本省閩南人","05","10","00",1,0.804820783,1,0.000178571428571429,0.000144372846185864,"女性 | 40至49歲 | 大學及以上 | 雲嘉南區 | 本省閩南人 | 05 | 10 | 00"
"女性","40至49歲","大學及以上","雲嘉南區","本省閩南人","06","03","06",1,0.805469988980862,1,0.000178571428571429,0.000144489304057229,"女性 | 40至49歲 | 大學及以上 | 雲嘉南區 | 本省閩南人 | 06 | 03 | 06"
"女性","40至49歲","大學及以上","雲嘉南區","本省閩南人","06","05","05",1,0.797346149,1,0.000178571428571429,0.000143032008315407,"女性 | 40至49歲 | 大學及以上 | 雲嘉南區 | 本省閩南人 | 06 | 05 | 05"
"女性","40至49歲","大學及以上","雲嘉南區","本省閩南人","06","06","05",1,0.804820783,1,0.000178571428571429,0.000144372846185864,"女性 | 40至49歲 | 大學及以上 | 雲嘉南區 | 本省閩南人 | 06 | 06 | 05"
"女性","40至49歲","大學及以上","雲嘉南區","本省閩南人","06","07","05",1,0.805469988980862,1,0.000178571428571429,0.000144489304057229,"女性 | 40至49歲 | 大學及以上 | 雲嘉南區 | 本省閩南人 | 06 | 07 | 05"
"女性","40至49歲","大學及以上","雲嘉南區","本省閩南人","06","08","05",1,0.797346149,1,0.000178571428571429,0.000143032008315407,"女性 | 40至49歲 | 大學及以上 | 雲嘉南區 | 本省閩南人 | 06 | 08 | 05"
"女性","40至49歲","大學及以上","雲嘉南區","本省閩南人","07","03","07",1,0.804820783,1,0.000178571428571429,0.000144372846185864,"女性 | 40至49歲 | 大學及以上 | 雲嘉南區 | 本省閩南人 | 07 | 03 | 07"
"女性","40至49歲","大學及以上","雲嘉南區","本省閩南人","07","05","05",1,0.804820783,1,0.000178571428571429,0.000144372846185864,"女性 | 40至49歲 | 大學及以上 | 雲嘉南區 | 本省閩南人 | 07 | 05 | 05"
"女性","40至49歲","大學及以上","雲嘉南區","本省閩南人","07","08","03",1,0.805469988980862,1,0.000178571428571429,0.000144489304057229,"女性 | 40至49歲 | 大學及以上 | 雲嘉南區 | 本省閩南人 | 07 | 08 | 03"
"女性","40至49歲","大學及以上","雲嘉南區","本省閩南人","07","08","04",1,0.804820783,1,0.000178571428571429,0.000144372846185864,"女性 | 40至49歲 | 大學及以上 | 雲嘉南區 | 本省閩南人 | 07 | 08 | 04"
"女性","40至49歲","大學及以上","雲嘉南區","本省閩南人","08","06","06",1,0.804820783,1,0.000178571428571429,0.000144372846185864,"女性 | 40至49歲 | 大學及以上 | 雲嘉南區 | 本省閩南人 | 08 | 06 | 06"
"女性","40至49歲","大學及以上","雲嘉南區","本省閩南人","08","08","07",1,0.804820783,1,0.000178571428571429,0.000144372846185864,"女性 | 40至49歲 | 大學及以上 | 雲嘉南區 | 本省閩南人 | 08 | 08 | 07"
"女性","40至49歲","大學及以上","雲嘉南區","本省閩南人","08","09","08",1,0.93011781,1,0.000178571428571429,0.000166849264276346,"女性 | 40至49歲 | 大學及以上 | 雲嘉南區 | 本省閩南人 | 08 | 09 | 08"
"女性","40至49歲","大學及以上","雲嘉南區","本省閩南人","10","08","06",1,0.804820783,1,0.000178571428571429,0.000144372846185864,"女性 | 40至49歲 | 大學及以上 | 雲嘉南區 | 本省閩南人 | 10 | 08 | 06"
"女性","40至49歲","大學及以上","高屏區","原住民","04","04","04",1,0.90126512,1,0.000178571428571429,0.000161673521970226,"女性 | 40至49歲 | 大學及以上 | 高屏區 | 原住民 | 04 | 04 | 04"
"女性","40至49歲","大學及以上","高屏區","本省客家人","00","10","00",1,0.90126512,1,0.000178571428571429,0.000161673521970226,"女性 | 40至49歲 | 大學及以上 | 高屏區 | 本省客家人 | 00 | 10 | 00"
"女性","40至49歲","大學及以上","高屏區","本省客家人","01","10","02",1,1.15364544738658,1,0.000178571428571429,0.000206946788958065,"女性 | 40至49歲 | 大學及以上 | 高屏區 | 本省客家人 | 01 | 10 | 02"
"女性","40至49歲","大學及以上","高屏區","本省客家人","02","07","06",1,0.963505386,1,0.000178571428571429,0.000172838497502157,"女性 | 40至49歲 | 大學及以上 | 高屏區 | 本省客家人 | 02 | 07 | 06"
"女性","40至49歲","大學及以上","高屏區","本省閩南人","00","03","07",1,0.963505386,1,0.000178571428571429,0.000172838497502157,"女性 | 40至49歲 | 大學及以上 | 高屏區 | 本省閩南人 | 00 | 03 | 07"
"女性","40至49歲","大學及以上","高屏區","本省閩南人","00","05","03",1,0.90126512,1,0.000178571428571429,0.000161673521970226,"女性 | 40至49歲 | 大學及以上 | 高屏區 | 本省閩南人 | 00 | 05 | 03"
"女性","40至49歲","大學及以上","高屏區","本省閩南人","00","06","05",1,0.825967743,1,0.000178571428571429,0.00014816629544546,"女性 | 40至49歲 | 大學及以上 | 高屏區 | 本省閩南人 | 00 | 06 | 05"
"女性","40至49歲","大學及以上","高屏區","本省閩南人","01","06","08",1,0.899435525,1,0.000178571428571429,0.000161345319911958,"女性 | 40至49歲 | 大學及以上 | 高屏區 | 本省閩南人 | 01 | 06 | 08"
"女性","40至49歲","大學及以上","高屏區","本省閩南人","02","07","00",1,1.15364544738658,1,0.000178571428571429,0.000206946788958065,"女性 | 40至49歲 | 大學及以上 | 高屏區 | 本省閩南人 | 02 | 07 | 00"
"女性","40至49歲","大學及以上","高屏區","本省閩南人","02","07","05",1,0.825967743,1,0.000178571428571429,0.00014816629544546,"女性 | 40至49歲 | 大學及以上 | 高屏區 | 本省閩南人 | 02 | 07 | 05"
"女性","40至49歲","大學及以上","高屏區","本省閩南人","03","08","06",1,1.15364544738658,1,0.000178571428571429,0.000206946788958065,"女性 | 40至49歲 | 大學及以上 | 高屏區 | 本省閩南人 | 03 | 08 | 06"
"女性","40至49歲","大學及以上","高屏區","本省閩南人","04","03","06",1,0.90126512,1,0.000178571428571429,0.000161673521970226,"女性 | 40至49歲 | 大學及以上 | 高屏區 | 本省閩南人 | 04 | 03 | 06"
"女性","40至49歲","大學及以上","高屏區","本省閩南人","04","04","04",1,0.90126512,1,0.000178571428571429,0.000161673521970226,"女性 | 40至49歲 | 大學及以上 | 高屏區 | 本省閩南人 | 04 | 04 | 04"
"女性","40至49歲","大學及以上","高屏區","本省閩南人","04","04","06",1,1.15364544738658,1,0.000178571428571429,0.000206946788958065,"女性 | 40至49歲 | 大學及以上 | 高屏區 | 本省閩南人 | 04 | 04 | 06"
"女性","40至49歲","大學及以上","高屏區","本省閩南人","04","07","06",1,0.825967743,1,0.000178571428571429,0.00014816629544546,"女性 | 40至49歲 | 大學及以上 | 高屏區 | 本省閩南人 | 04 | 07 | 06"
"女性","40至49歲","大學及以上","高屏區","本省閩南人","05","02","05",1,1.15364544738658,1,0.000178571428571429,0.000206946788958065,"女性 | 40至49歲 | 大學及以上 | 高屏區 | 本省閩南人 | 05 | 02 | 05"
"女性","40至49歲","大學及以上","高屏區","本省閩南人","05","03","02",1,1.15364544738658,1,0.000178571428571429,0.000206946788958065,"女性 | 40至49歲 | 大學及以上 | 高屏區 | 本省閩南人 | 05 | 03 | 02"
"女性","40至49歲","大學及以上","高屏區","本省閩南人","05","03","07",1,0.825967743,1,0.000178571428571429,0.00014816629544546,"女性 | 40至49歲 | 大學及以上 | 高屏區 | 本省閩南人 | 05 | 03 | 07"
"女性","40至49歲","大學及以上","高屏區","本省閩南人","05","04","06",1,0.963505386,1,0.000178571428571429,0.000172838497502157,"女性 | 40至49歲 | 大學及以上 | 高屏區 | 本省閩南人 | 05 | 04 | 06"
"女性","40至49歲","大學及以上","高屏區","本省閩南人","05","05","04",1,0.825967743,1,0.000178571428571429,0.00014816629544546,"女性 | 40至49歲 | 大學及以上 | 高屏區 | 本省閩南人 | 05 | 05 | 04"
"女性","40至49歲","大學及以上","高屏區","本省閩南人","05","06","06",1,0.825967743,1,0.000178571428571429,0.00014816629544546,"女性 | 40至49歲 | 大學及以上 | 高屏區 | 本省閩南人 | 05 | 06 | 06"
"女性","40至49歲","大學及以上","高屏區","本省閩南人","05","09","03",1,0.90126512,1,0.000178571428571429,0.000161673521970226,"女性 | 40至49歲 | 大學及以上 | 高屏區 | 本省閩南人 | 05 | 09 | 03"
"女性","40至49歲","大學及以上","高屏區","本省閩南人","06","06","03",1,1.15364544738658,1,0.000178571428571429,0.000206946788958065,"女性 | 40至49歲 | 大學及以上 | 高屏區 | 本省閩南人 | 06 | 06 | 03"
"女性","40至49歲","大學及以上","高屏區","本省閩南人","06","06","06",1,0.90126512,1,0.000178571428571429,0.000161673521970226,"女性 | 40至49歲 | 大學及以上 | 高屏區 | 本省閩南人 | 06 | 06 | 06"
"女性","40至49歲","大學及以上","高屏區","本省閩南人","06","07","09",1,0.963505386,1,0.000178571428571429,0.000172838497502157,"女性 | 40至49歲 | 大學及以上 | 高屏區 | 本省閩南人 | 06 | 07 | 09"
"女性","40至49歲","大學及以上","高屏區","本省閩南人","07","07","05",1,1.15364544738658,1,0.000178571428571429,0.000206946788958065,"女性 | 40至49歲 | 大學及以上 | 高屏區 | 本省閩南人 | 07 | 07 | 05"
"女性","40至49歲","大學及以上","高屏區","本省閩南人","07","09","06",1,1.15364544738658,1,0.000178571428571429,0.000206946788958065,"女性 | 40至49歲 | 大學及以上 | 高屏區 | 本省閩南人 | 07 | 09 | 06"
"女性","40至49歲","大學及以上","高屏區","本省閩南人","08","01","05",1,1.15364544738658,1,0.000178571428571429,0.000206946788958065,"女性 | 40至49歲 | 大學及以上 | 高屏區 | 本省閩南人 | 08 | 01 | 05"
"女性","40至49歲","大學及以上","高屏區","本省閩南人","08","01","06",1,0.963505386,1,0.000178571428571429,0.000172838497502157,"女性 | 40至49歲 | 大學及以上 | 高屏區 | 本省閩南人 | 08 | 01 | 06"
"女性","40至49歲","大學及以上","高屏區","本省閩南人","08","09","08",1,0.825967743,1,0.000178571428571429,0.00014816629544546,"女性 | 40至49歲 | 大學及以上 | 高屏區 | 本省閩南人 | 08 | 09 | 08"
"女性","40至49歲","大學及以上","高屏區","本省閩南人","10","00","00",1,0.963505386,1,0.000178571428571429,0.000172838497502157,"女性 | 40至49歲 | 大學及以上 | 高屏區 | 本省閩南人 | 10 | 00 | 00"
"女性","40至49歲","專科","中彰投區","大陸各省市","05","03","05",1,1.01178194275901,1,0.000178571428571429,0.000181498591836913,"女性 | 40至49歲 | 專科 | 中彰投區 | 大陸各省市 | 05 | 03 | 05"
"女性","40至49歲","專科","中彰投區","本省客家人","05","00","10",1,0.873668001,1,0.000178571428571429,0.000156723010377187,"女性 | 40至49歲 | 專科 | 中彰投區 | 本省客家人 | 05 | 00 | 10"
"女性","40至49歲","專科","中彰投區","本省閩南人","00","05","03",1,1.01178194275901,1,0.000178571428571429,0.000181498591836913,"女性 | 40至49歲 | 專科 | 中彰投區 | 本省閩南人 | 00 | 05 | 03"
"女性","40至49歲","專科","中彰投區","本省閩南人","00","05","05",1,0.873668001,1,0.000178571428571429,0.000156723010377187,"女性 | 40至49歲 | 專科 | 中彰投區 | 本省閩南人 | 00 | 05 | 05"
"女性","40至49歲","專科","中彰投區","本省閩南人","00","09","01",1,0.873668001,1,0.000178571428571429,0.000156723010377187,"女性 | 40至49歲 | 專科 | 中彰投區 | 本省閩南人 | 00 | 09 | 01"
"女性","40至49歲","專科","中彰投區","本省閩南人","01","09","00",1,1.000359253,1,0.000178571428571429,0.000179449531640605,"女性 | 40至49歲 | 專科 | 中彰投區 | 本省閩南人 | 01 | 09 | 00"
"女性","40至49歲","專科","中彰投區","本省閩南人","02","05","04",1,1.01178194275901,1,0.000178571428571429,0.000181498591836913,"女性 | 40至49歲 | 專科 | 中彰投區 | 本省閩南人 | 02 | 05 | 04"
"女性","40至49歲","專科","中彰投區","本省閩南人","02","06","05",1,0.873668001,1,0.000178571428571429,0.000156723010377187,"女性 | 40至49歲 | 專科 | 中彰投區 | 本省閩南人 | 02 | 06 | 05"
"女性","40至49歲","專科","中彰投區","本省閩南人","03","08","02",1,1.01178194275901,1,0.000178571428571429,0.000181498591836913,"女性 | 40至49歲 | 專科 | 中彰投區 | 本省閩南人 | 03 | 08 | 02"
"女性","40至49歲","專科","中彰投區","本省閩南人","03","09","06",1,1.01178194275901,1,0.000178571428571429,0.000181498591836913,"女性 | 40至49歲 | 專科 | 中彰投區 | 本省閩南人 | 03 | 09 | 06"
"女性","40至49歲","專科","中彰投區","本省閩南人","04","03","03",1,1.01178194275901,1,0.000178571428571429,0.000181498591836913,"女性 | 40至49歲 | 專科 | 中彰投區 | 本省閩南人 | 04 | 03 | 03"
"女性","40至49歲","專科","中彰投區","本省閩南人","04","06","05",1,0.873668001,1,0.000178571428571429,0.000156723010377187,"女性 | 40至49歲 | 專科 | 中彰投區 | 本省閩南人 | 04 | 06 | 05"
"女性","40至49歲","專科","中彰投區","本省閩南人","04","07","03",1,0.873668001,1,0.000178571428571429,0.000156723010377187,"女性 | 40至49歲 | 專科 | 中彰投區 | 本省閩南人 | 04 | 07 | 03"
"女性","40至49歲","專科","中彰投區","本省閩南人","05","05","06",1,1.000359253,1,0.000178571428571429,0.000179449531640605,"女性 | 40至49歲 | 專科 | 中彰投區 | 本省閩南人 | 05 | 05 | 06"
"女性","40至49歲","專科","中彰投區","本省閩南人","05","06","04",1,1.000359253,1,0.000178571428571429,0.000179449531640605,"女性 | 40至49歲 | 專科 | 中彰投區 | 本省閩南人 | 05 | 06 | 04"
"女性","40至49歲","專科","中彰投區","本省閩南人","06","00","07",1,1.01178194275901,1,0.000178571428571429,0.000181498591836913,"女性 | 40至49歲 | 專科 | 中彰投區 | 本省閩南人 | 06 | 00 | 07"
"女性","40至49歲","專科","中彰投區","本省閩南人","06","04","05",1,1.01178194275901,1,0.000178571428571429,0.000181498591836913,"女性 | 40至49歲 | 專科 | 中彰投區 | 本省閩南人 | 06 | 04 | 05"
"女性","40至49歲","專科","中彰投區","本省閩南人","06","05","06",1,1.000359253,1,0.000178571428571429,0.000179449531640605,"女性 | 40至49歲 | 專科 | 中彰投區 | 本省閩南人 | 06 | 05 | 06"
"女性","40至49歲","專科","中彰投區","本省閩南人","07","05","05",1,1.000359253,1,0.000178571428571429,0.000179449531640605,"女性 | 40至49歲 | 專科 | 中彰投區 | 本省閩南人 | 07 | 05 | 05"
"女性","40至49歲","專科","中彰投區","本省閩南人","08","00","06",1,0.873668001,1,0.000178571428571429,0.000156723010377187,"女性 | 40至49歲 | 專科 | 中彰投區 | 本省閩南人 | 08 | 00 | 06"
"女性","40至49歲","專科","中彰投區","本省閩南人","09","01","01",1,1.000359253,1,0.000178571428571429,0.000179449531640605,"女性 | 40至49歲 | 專科 | 中彰投區 | 本省閩南人 | 09 | 01 | 01"
"女性","40至49歲","專科","中彰投區","本省閩南人","10","04","05",1,1.000359253,1,0.000178571428571429,0.000179449531640605,"女性 | 40至49歲 | 專科 | 中彰投區 | 本省閩南人 | 10 | 04 | 05"
"女性","40至49歲","專科","北北基宜蘭區","大陸各省市","05","05","05",1,0.988115436649813,1,0.000178571428571429,0.000177253173579293,"女性 | 40至49歲 | 專科 | 北北基宜蘭區 | 大陸各省市 | 05 | 05 | 05"
"女性","40至49歲","專科","北北基宜蘭區","大陸各省市","07","05","03",1,1.07199,1,0.000178571428571429,0.000192299019423787,"女性 | 40至49歲 | 專科 | 北北基宜蘭區 | 大陸各省市 | 07 | 05 | 03"
"女性","40至49歲","專科","北北基宜蘭區","本省客家人","02","09","05",1,1.07199,1,0.000178571428571429,0.000192299019423787,"女性 | 40至49歲 | 專科 | 北北基宜蘭區 | 本省客家人 | 02 | 09 | 05"
"女性","40至49歲","專科","北北基宜蘭區","本省客家人","03","09","00",1,1.319404057,1,0.000178571428571429,0.000236681411566215,"女性 | 40至49歲 | 專科 | 北北基宜蘭區 | 本省客家人 | 03 | 09 | 00"
"女性","40至49歲","專科","北北基宜蘭區","本省客家人","04","05","06",1,1.250494523,1,0.000178571428571429,0.000224320068813811,"女性 | 40至49歲 | 專科 | 北北基宜蘭區 | 本省客家人 | 04 | 05 | 06"
"女性","40至49歲","專科","北北基宜蘭區","本省客家人","05","04","06",1,0.988115436649813,1,0.000178571428571429,0.000177253173579293,"女性 | 40至49歲 | 專科 | 北北基宜蘭區 | 本省客家人 | 05 | 04 | 06"
"女性","40至49歲","專科","北北基宜蘭區","本省客家人","05","07","06",1,1.07199,1,0.000178571428571429,0.000192299019423787,"女性 | 40至49歲 | 專科 | 北北基宜蘭區 | 本省客家人 | 05 | 07 | 06"
"女性","40至49歲","專科","北北基宜蘭區","本省客家人","08","03","05",1,0.988115436649813,1,0.000178571428571429,0.000177253173579293,"女性 | 40至49歲 | 專科 | 北北基宜蘭區 | 本省客家人 | 08 | 03 | 05"
"女性","40至49歲","專科","北北基宜蘭區","本省閩南人","00","04","03",1,1.319404057,1,0.000178571428571429,0.000236681411566215,"女性 | 40至49歲 | 專科 | 北北基宜蘭區 | 本省閩南人 | 00 | 04 | 03"
"女性","40至49歲","專科","北北基宜蘭區","本省閩南人","00","08","00",1,1.319404057,1,0.000178571428571429,0.000236681411566215,"女性 | 40至49歲 | 專科 | 北北基宜蘭區 | 本省閩南人 | 00 | 08 | 00"
"女性","40至49歲","專科","北北基宜蘭區","本省閩南人","00","10","00",1,0.988115436649813,1,0.000178571428571429,0.000177253173579293,"女性 | 40至49歲 | 專科 | 北北基宜蘭區 | 本省閩南人 | 00 | 10 | 00"
"女性","40至49歲","專科","北北基宜蘭區","本省閩南人","01","05","01",1,0.988115436649813,1,0.000178571428571429,0.000177253173579293,"女性 | 40至49歲 | 專科 | 北北基宜蘭區 | 本省閩南人 | 01 | 05 | 01"
"女性","40至49歲","專科","北北基宜蘭區","本省閩南人","02","02","08",1,1.319404057,1,0.000178571428571429,0.000236681411566215,"女性 | 40至49歲 | 專科 | 北北基宜蘭區 | 本省閩南人 | 02 | 02 | 08"
"女性","40至49歲","專科","北北基宜蘭區","本省閩南人","02","04","07",1,0.988115436649813,1,0.000178571428571429,0.000177253173579293,"女性 | 40至49歲 | 專科 | 北北基宜蘭區 | 本省閩南人 | 02 | 04 | 07"
"女性","40至49歲","專科","北北基宜蘭區","本省閩南人","02","08","01",1,0.988115436649813,1,0.000178571428571429,0.000177253173579293,"女性 | 40至49歲 | 專科 | 北北基宜蘭區 | 本省閩南人 | 02 | 08 | 01"
"女性","40至49歲","專科","北北基宜蘭區","本省閩南人","02","08","02",1,1.319404057,1,0.000178571428571429,0.000236681411566215,"女性 | 40至49歲 | 專科 | 北北基宜蘭區 | 本省閩南人 | 02 | 08 | 02"
"女性","40至49歲","專科","北北基宜蘭區","本省閩南人","04","02","06",1,0.988115436649813,1,0.000178571428571429,0.000177253173579293,"女性 | 40至49歲 | 專科 | 北北基宜蘭區 | 本省閩南人 | 04 | 02 | 06"
"女性","40至49歲","專科","北北基宜蘭區","本省閩南人","04","07","00",1,1.250494523,1,0.000178571428571429,0.000224320068813811,"女性 | 40至49歲 | 專科 | 北北基宜蘭區 | 本省閩南人 | 04 | 07 | 00"
"女性","40至49歲","專科","北北基宜蘭區","本省閩南人","04","07","06",1,1.250494523,1,0.000178571428571429,0.000224320068813811,"女性 | 40至49歲 | 專科 | 北北基宜蘭區 | 本省閩南人 | 04 | 07 | 06"
"女性","40至49歲","專科","北北基宜蘭區","本省閩南人","04","07","07",1,1.319404057,1,0.000178571428571429,0.000236681411566215,"女性 | 40至49歲 | 專科 | 北北基宜蘭區 | 本省閩南人 | 04 | 07 | 07"
"女性","40至49歲","專科","北北基宜蘭區","本省閩南人","05","04","05",1,0.988115436649813,1,0.000178571428571429,0.000177253173579293,"女性 | 40至49歲 | 專科 | 北北基宜蘭區 | 本省閩南人 | 05 | 04 | 05"
"女性","40至49歲","專科","北北基宜蘭區","本省閩南人","05","05","04",1,0.988115436649813,1,0.000178571428571429,0.000177253173579293,"女性 | 40至49歲 | 專科 | 北北基宜蘭區 | 本省閩南人 | 05 | 05 | 04"
"女性","40至49歲","專科","北北基宜蘭區","本省閩南人","05","06","06",1,0.988115436649813,1,0.000178571428571429,0.000177253173579293,"女性 | 40至49歲 | 專科 | 北北基宜蘭區 | 本省閩南人 | 05 | 06 | 06"
"女性","40至49歲","專科","北北基宜蘭區","本省閩南人","06","03","05",1,0.988115436649813,1,0.000178571428571429,0.000177253173579293,"女性 | 40至49歲 | 專科 | 北北基宜蘭區 | 本省閩南人 | 06 | 03 | 05"
"女性","40至49歲","專科","北北基宜蘭區","本省閩南人","06","06","07",1,1.07199,1,0.000178571428571429,0.000192299019423787,"女性 | 40至49歲 | 專科 | 北北基宜蘭區 | 本省閩南人 | 06 | 06 | 07"
"女性","40至49歲","專科","北北基宜蘭區","本省閩南人","06","07","06",1,0.988115436649813,1,0.000178571428571429,0.000177253173579293,"女性 | 40至49歲 | 專科 | 北北基宜蘭區 | 本省閩南人 | 06 | 07 | 06"
"女性","40至49歲","專科","北北基宜蘭區","本省閩南人","07","04","03",1,0.988115436649813,1,0.000178571428571429,0.000177253173579293,"女性 | 40至49歲 | 專科 | 北北基宜蘭區 | 本省閩南人 | 07 | 04 | 03"
"女性","40至49歲","專科","北北基宜蘭區","本省閩南人","07","04","05",1,1.07199,1,0.000178571428571429,0.000192299019423787,"女性 | 40至49歲 | 專科 | 北北基宜蘭區 | 本省閩南人 | 07 | 04 | 05"
"女性","40至49歲","專科","北北基宜蘭區","本省閩南人","07","05","05",1,1.07199,1,0.000178571428571429,0.000192299019423787,"女性 | 40至49歲 | 專科 | 北北基宜蘭區 | 本省閩南人 | 07 | 05 | 05"
"女性","40至49歲","專科","北北基宜蘭區","本省閩南人","08","02","05",1,0.988115436649813,1,0.000178571428571429,0.000177253173579293,"女性 | 40至49歲 | 專科 | 北北基宜蘭區 | 本省閩南人 | 08 | 02 | 05"
"女性","40至49歲","專科","桃竹苗區","大陸各省市","04","05","05",1,0.971224754,1,0.000178571428571429,0.000174223237002499,"女性 | 40至49歲 | 專科 | 桃竹苗區 | 大陸各省市 | 04 | 05 | 05"
"女性","40至49歲","專科","桃竹苗區","大陸各省市","06","03","03",1,0.971224754,1,0.000178571428571429,0.000174223237002499,"女性 | 40至49歲 | 專科 | 桃竹苗區 | 大陸各省市 | 06 | 03 | 03"
"女性","40至49歲","專科","桃竹苗區","大陸各省市","06","06","05",1,0.971224754,1,0.000178571428571429,0.000174223237002499,"女性 | 40至49歲 | 專科 | 桃竹苗區 | 大陸各省市 | 06 | 06 | 05"
"女性","40至49歲","專科","桃竹苗區","本省客家人","06","04","05",1,0.971224754,1,0.000178571428571429,0.000174223237002499,"女性 | 40至49歲 | 專科 | 桃竹苗區 | 本省客家人 | 06 | 04 | 05"
"女性","40至49歲","專科","桃竹苗區","本省客家人","06","04","08",1,0.971224754,1,0.000178571428571429,0.000174223237002499,"女性 | 40至49歲 | 專科 | 桃竹苗區 | 本省客家人 | 06 | 04 | 08"
"女性","40至49歲","專科","桃竹苗區","本省客家人","08","00","08",1,0.930264559458253,1,0.000178571428571429,0.000166875588940684,"女性 | 40至49歲 | 專科 | 桃竹苗區 | 本省客家人 | 08 | 00 | 08"
"女性","40至49歲","專科","桃竹苗區","本省閩南人","00","05","05",1,0.930264559458253,1,0.000178571428571429,0.000166875588940684,"女性 | 40至49歲 | 專科 | 桃竹苗區 | 本省閩南人 | 00 | 05 | 05"
"女性","40至49歲","專科","桃竹苗區","本省閩南人","00","07","07",1,1.132950154,1,0.000178571428571429,0.000203234361953217,"女性 | 40至49歲 | 專科 | 桃竹苗區 | 本省閩南人 | 00 | 07 | 07"
"女性","40至49歲","專科","桃竹苗區","本省閩南人","03","08","05",1,1.132950154,1,0.000178571428571429,0.000203234361953217,"女性 | 40至49歲 | 專科 | 桃竹苗區 | 本省閩南人 | 03 | 08 | 05"
"女性","40至49歲","專科","桃竹苗區","本省閩南人","04","05","06",1,1.134768108,1,0.000178571428571429,0.000203560475789687,"女性 | 40至49歲 | 專科 | 桃竹苗區 | 本省閩南人 | 04 | 05 | 06"
"女性","40至49歲","專科","桃竹苗區","本省閩南人","04","06","02",1,0.930264559458253,1,0.000178571428571429,0.000166875588940684,"女性 | 40至49歲 | 專科 | 桃竹苗區 | 本省閩南人 | 04 | 06 | 02"
"女性","40至49歲","專科","桃竹苗區","本省閩南人","05","06","02",1,0.930264559458253,1,0.000178571428571429,0.000166875588940684,"女性 | 40至49歲 | 專科 | 桃竹苗區 | 本省閩南人 | 05 | 06 | 02"
"女性","40至49歲","專科","桃竹苗區","本省閩南人","07","05","04",1,1.134768108,1,0.000178571428571429,0.000203560475789687,"女性 | 40至49歲 | 專科 | 桃竹苗區 | 本省閩南人 | 07 | 05 | 04"
"女性","40至49歲","專科","花東區","本省客家人","00","05","10",1,1.202527872,1,0.000178571428571429,0.0002157155669506,"女性 | 40至49歲 | 專科 | 花東區 | 本省客家人 | 00 | 05 | 10"
"女性","40至49歲","專科","花東區","本省閩南人","04","00","07",1,0.690281897,1,0.000178571428571429,0.000123826278154733,"女性 | 40至49歲 | 專科 | 花東區 | 本省閩南人 | 04 | 00 | 07"
"女性","40至49歲","專科","雲嘉南區","本省閩南人","00","07","04",1,0.871759635,1,0.000178571428571429,0.00015638067797623,"女性 | 40至49歲 | 專科 | 雲嘉南區 | 本省閩南人 | 00 | 07 | 04"
"女性","40至49歲","專科","雲嘉南區","本省閩南人","00","08","00",1,0.981157047,1,0.000178571428571429,0.000176004942246512,"女性 | 40至49歲 | 專科 | 雲嘉南區 | 本省閩南人 | 00 | 08 | 00"
"女性","40至49歲","專科","雲嘉南區","本省閩南人","00","09","05",1,0.981157047,1,0.000178571428571429,0.000176004942246512,"女性 | 40至49歲 | 專科 | 雲嘉南區 | 本省閩南人 | 00 | 09 | 05"
"女性","40至49歲","專科","雲嘉南區","本省閩南人","00","10","00",1,0.981157047,1,0.000178571428571429,0.000176004942246512,"女性 | 40至49歲 | 專科 | 雲嘉南區 | 本省閩南人 | 00 | 10 | 00"
"女性","40至49歲","專科","雲嘉南區","本省閩南人","02","00","05",1,0.871759635,1,0.000178571428571429,0.00015638067797623,"女性 | 40至49歲 | 專科 | 雲嘉南區 | 本省閩南人 | 02 | 00 | 05"
"女性","40至49歲","專科","雲嘉南區","本省閩南人","02","05","04",1,0.871759635,1,0.000178571428571429,0.00015638067797623,"女性 | 40至49歲 | 專科 | 雲嘉南區 | 本省閩南人 | 02 | 05 | 04"
"女性","40至49歲","專科","雲嘉南區","本省閩南人","02","07","02",1,0.871759635,1,0.000178571428571429,0.00015638067797623,"女性 | 40至49歲 | 專科 | 雲嘉南區 | 本省閩南人 | 02 | 07 | 02"
"女性","40至49歲","專科","雲嘉南區","本省閩南人","03","08","03",1,0.871759635,1,0.000178571428571429,0.00015638067797623,"女性 | 40至49歲 | 專科 | 雲嘉南區 | 本省閩南人 | 03 | 08 | 03"
"女性","40至49歲","專科","雲嘉南區","本省閩南人","04","05","07",1,0.868268111,1,0.000178571428571429,0.000155754350639693,"女性 | 40至49歲 | 專科 | 雲嘉南區 | 本省閩南人 | 04 | 05 | 07"
"女性","40至49歲","專科","雲嘉南區","本省閩南人","05","06","04",1,0.871759635,1,0.000178571428571429,0.00015638067797623,"女性 | 40至49歲 | 專科 | 雲嘉南區 | 本省閩南人 | 05 | 06 | 04"
"女性","40至49歲","專科","雲嘉南區","本省閩南人","05","06","06",1,0.868268111,1,0.000178571428571429,0.000155754350639693,"女性 | 40至49歲 | 專科 | 雲嘉南區 | 本省閩南人 | 05 | 06 | 06"
"女性","40至49歲","專科","雲嘉南區","本省閩南人","05","08","00",1,0.868268111,1,0.000178571428571429,0.000155754350639693,"女性 | 40至49歲 | 專科 | 雲嘉南區 | 本省閩南人 | 05 | 08 | 00"
"女性","40至49歲","專科","雲嘉南區","本省閩南人","05","08","05",1,0.868268111,1,0.000178571428571429,0.000155754350639693,"女性 | 40至49歲 | 專科 | 雲嘉南區 | 本省閩南人 | 05 | 08 | 05"
"女性","40至49歲","專科","雲嘉南區","本省閩南人","06","07","05",1,0.871759635,1,0.000178571428571429,0.00015638067797623,"女性 | 40至49歲 | 專科 | 雲嘉南區 | 本省閩南人 | 06 | 07 | 05"
"女性","40至49歲","專科","雲嘉南區","本省閩南人","07","03","06",1,0.981157047,1,0.000178571428571429,0.000176004942246512,"女性 | 40至49歲 | 專科 | 雲嘉南區 | 本省閩南人 | 07 | 03 | 06"
"女性","40至49歲","專科","雲嘉南區","本省閩南人","08","03","08",1,0.981157047,1,0.000178571428571429,0.000176004942246512,"女性 | 40至49歲 | 專科 | 雲嘉南區 | 本省閩南人 | 08 | 03 | 08"
"女性","40至49歲","專科","雲嘉南區","本省閩南人","08","08","10",1,0.868268111,1,0.000178571428571429,0.000155754350639693,"女性 | 40至49歲 | 專科 | 雲嘉南區 | 本省閩南人 | 08 | 08 | 10"
"女性","40至49歲","專科","高屏區","本省客家人","05","05","05",1,1.24858970313982,1,0.000178571428571429,0.000223978372537454,"女性 | 40至49歲 | 專科 | 高屏區 | 本省客家人 | 05 | 05 | 05"
"女性","40至49歲","專科","高屏區","本省閩南人","03","07","05",1,1.24858970313982,1,0.000178571428571429,0.000223978372537454,"女性 | 40至49歲 | 專科 | 高屏區 | 本省閩南人 | 03 | 07 | 05"
"女性","40至49歲","專科","高屏區","本省閩南人","04","05","05",1,0.899435525,1,0.000178571428571429,0.000161345319911958,"女性 | 40至49歲 | 專科 | 高屏區 | 本省閩南人 | 04 | 05 | 05"
"女性","40至49歲","專科","高屏區","本省閩南人","04","06","00",1,1.24858970313982,1,0.000178571428571429,0.000223978372537454,"女性 | 40至49歲 | 專科 | 高屏區 | 本省閩南人 | 04 | 06 | 00"
"女性","40至49歲","專科","高屏區","本省閩南人","05","05","05",1,1.24858970313982,1,0.000178571428571429,0.000223978372537454,"女性 | 40至49歲 | 專科 | 高屏區 | 本省閩南人 | 05 | 05 | 05"
"女性","40至49歲","專科","高屏區","本省閩南人","05","05","07",1,0.899435525,1,0.000178571428571429,0.000161345319911958,"女性 | 40至49歲 | 專科 | 高屏區 | 本省閩南人 | 05 | 05 | 07"
"女性","40至49歲","專科","高屏區","本省閩南人","05","08","06",1,0.899435525,1,0.000178571428571429,0.000161345319911958,"女性 | 40至49歲 | 專科 | 高屏區 | 本省閩南人 | 05 | 08 | 06"
"女性","40至49歲","專科","高屏區","本省閩南人","06","07","06",1,1.24858970313982,1,0.000178571428571429,0.000223978372537454,"女性 | 40至49歲 | 專科 | 高屏區 | 本省閩南人 | 06 | 07 | 06"
"女性","40至49歲","專科","高屏區","本省閩南人","08","01","08",1,0.899435525,1,0.000178571428571429,0.000161345319911958,"女性 | 40至49歲 | 專科 | 高屏區 | 本省閩南人 | 08 | 01 | 08"
"女性","40至49歲","專科","高屏區","本省閩南人","08","10","08",1,0.899435525,1,0.000178571428571429,0.000161345319911958,"女性 | 40至49歲 | 專科 | 高屏區 | 本省閩南人 | 08 | 10 | 08"
"女性","40至49歲","小學及以下","北北基宜蘭區","大陸各省市","05","07","03",1,1.430423871,1,0.000178571428571429,0.000256596710560433,"女性 | 40至49歲 | 小學及以下 | 北北基宜蘭區 | 大陸各省市 | 05 | 07 | 03"
"女性","40至49歲","小學及以下","桃竹苗區","外籍人士","00","05","00",1,1.36024538952135,1,0.000178571428571429,0.000244007737554159,"女性 | 40至49歲 | 小學及以下 | 桃竹苗區 | 外籍人士 | 00 | 05 | 00"
"女性","40至49歲","小學及以下","桃竹苗區","外籍人士","05","05","05",1,1.36024538952135,1,0.000178571428571429,0.000244007737554159,"女性 | 40至49歲 | 小學及以下 | 桃竹苗區 | 外籍人士 | 05 | 05 | 05"
"女性","40至49歲","小學及以下","雲嘉南區","外籍人士","06","07","09",1,1.27469870003403,1,0.000178571428571429,0.000228661937217064,"女性 | 40至49歲 | 小學及以下 | 雲嘉南區 | 外籍人士 | 06 | 07 | 09"
"女性","40至49歲","小學及以下","高屏區","大陸各省市","05","05","05",1,1.526150185,1,0.000178571428571429,0.000273768583726464,"女性 | 40至49歲 | 小學及以下 | 高屏區 | 大陸各省市 | 05 | 05 | 05"
"女性","40至49歲","高中、職","中彰投區","原住民","04","04","04",1,1.30122251469217,1,0.000178571428571429,0.00023341991401735,"女性 | 40至49歲 | 高中、職 | 中彰投區 | 原住民 | 04 | 04 | 04"
"女性","40至49歲","高中、職","中彰投區","大陸各省市","01","01","00",1,1.30122251469217,1,0.000178571428571429,0.00023341991401735,"女性 | 40至49歲 | 高中、職 | 中彰投區 | 大陸各省市 | 01 | 01 | 00"
"女性","40至49歲","高中、職","中彰投區","本省客家人","04","08","05",1,1.30122251469217,1,0.000178571428571429,0.00023341991401735,"女性 | 40至49歲 | 高中、職 | 中彰投區 | 本省客家人 | 04 | 08 | 05"
"女性","40至49歲","高中、職","中彰投區","本省客家人","05","07","04",1,1.30122251469217,1,0.000178571428571429,0.00023341991401735,"女性 | 40至49歲 | 高中、職 | 中彰投區 | 本省客家人 | 05 | 07 | 04"
"女性","40至49歲","高中、職","中彰投區","本省閩南人","02","07","07",1,1.160331262,1,0.000178571428571429,0.000208146124394225,"女性 | 40至49歲 | 高中、職 | 中彰投區 | 本省閩南人 | 02 | 07 | 07"
"女性","40至49歲","高中、職","中彰投區","本省閩南人","03","06","05",1,1.30122251469217,1,0.000178571428571429,0.00023341991401735,"女性 | 40至49歲 | 高中、職 | 中彰投區 | 本省閩南人 | 03 | 06 | 05"
"女性","40至49歲","高中、職","中彰投區","本省閩南人","04","02","03",1,1.30122251469217,1,0.000178571428571429,0.00023341991401735,"女性 | 40至49歲 | 高中、職 | 中彰投區 | 本省閩南人 | 04 | 02 | 03"
"女性","40至49歲","高中、職","中彰投區","本省閩南人","05","00","09",1,0.994697287,1,0.000178571428571429,0.000178433859377048,"女性 | 40至49歲 | 高中、職 | 中彰投區 | 本省閩南人 | 05 | 00 | 09"
"女性","40至49歲","高中、職","中彰投區","本省閩南人","05","03","06",1,1.360083245,1,0.000178571428571429,0.000243978651245089,"女性 | 40至49歲 | 高中、職 | 中彰投區 | 本省閩南人 | 05 | 03 | 06"
"女性","40至49歲","高中、職","中彰投區","本省閩南人","05","05","03",1,0.994697287,1,0.000178571428571429,0.000178433859377048,"女性 | 40至49歲 | 高中、職 | 中彰投區 | 本省閩南人 | 05 | 05 | 03"
"女性","40至49歲","高中、職","中彰投區","本省閩南人","05","07","05",1,1.30122251469217,1,0.000178571428571429,0.00023341991401735,"女性 | 40至49歲 | 高中、職 | 中彰投區 | 本省閩南人 | 05 | 07 | 05"
"女性","40至49歲","高中、職","中彰投區","本省閩南人","05","10","04",1,0.994697287,1,0.000178571428571429,0.000178433859377048,"女性 | 40至49歲 | 高中、職 | 中彰投區 | 本省閩南人 | 05 | 10 | 04"
"女性","40至49歲","高中、職","中彰投區","本省閩南人","06","01","05",1,1.30122251469217,1,0.000178571428571429,0.00023341991401735,"女性 | 40至49歲 | 高中、職 | 中彰投區 | 本省閩南人 | 06 | 01 | 05"
"女性","40至49歲","高中、職","中彰投區","本省閩南人","06","05","05",1,1.30122251469217,1,0.000178571428571429,0.00023341991401735,"女性 | 40至49歲 | 高中、職 | 中彰投區 | 本省閩南人 | 06 | 05 | 05"
"女性","40至49歲","高中、職","中彰投區","本省閩南人","06","06","06",1,1.30122251469217,1,0.000178571428571429,0.00023341991401735,"女性 | 40至49歲 | 高中、職 | 中彰投區 | 本省閩南人 | 06 | 06 | 06"
"女性","40至49歲","高中、職","中彰投區","本省閩南人","08","03","05",1,1.30122251469217,1,0.000178571428571429,0.00023341991401735,"女性 | 40至49歲 | 高中、職 | 中彰投區 | 本省閩南人 | 08 | 03 | 05"
"女性","40至49歲","高中、職","中彰投區","本省閩南人","08","05","03",1,0.994697287,1,0.000178571428571429,0.000178433859377048,"女性 | 40至49歲 | 高中、職 | 中彰投區 | 本省閩南人 | 08 | 05 | 03"
"女性","40至49歲","高中、職","中彰投區","本省閩南人","08","05","05",1,1.360083245,1,0.000178571428571429,0.000243978651245089,"女性 | 40至49歲 | 高中、職 | 中彰投區 | 本省閩南人 | 08 | 05 | 05"
"女性","40至49歲","高中、職","北北基宜蘭區","原住民","07","03","05",1,1.27078572857063,1,0.000178571428571429,0.000227960008490635,"女性 | 40至49歲 | 高中、職 | 北北基宜蘭區 | 原住民 | 07 | 03 | 05"
"女性","40至49歲","高中、職","北北基宜蘭區","原住民","07","04","02",1,1.220492847,1,0.000178571428571429,0.000218938215554106,"女性 | 40至49歲 | 高中、職 | 北北基宜蘭區 | 原住民 | 07 | 04 | 02"
"女性","40至49歲","高中、職","北北基宜蘭區","原住民","08","07","01",1,1.793854904,1,0.000178571428571429,0.000321790818037251,"女性 | 40至49歲 | 高中、職 | 北北基宜蘭區 | 原住民 | 08 | 07 | 01"
"女性","40至49歲","高中、職","北北基宜蘭區","外國新住民","04","07","05",1,1.793854904,1,0.000178571428571429,0.000321790818037251,"女性 | 40至49歲 | 高中、職 | 北北基宜蘭區 | 外國新住民 | 04 | 07 | 05"
"女性","40至49歲","高中、職","北北基宜蘭區","外籍人士","05","05","05",1,1.220492847,1,0.000178571428571429,0.000218938215554106,"女性 | 40至49歲 | 高中、職 | 北北基宜蘭區 | 外籍人士 | 05 | 05 | 05"
"女性","40至49歲","高中、職","北北基宜蘭區","大陸各省市","05","00","05",1,1.27078572857063,1,0.000178571428571429,0.000227960008490635,"女性 | 40至49歲 | 高中、職 | 北北基宜蘭區 | 大陸各省市 | 05 | 00 | 05"
"女性","40至49歲","高中、職","北北基宜蘭區","大陸各省市","07","00","05",1,1.793854904,1,0.000178571428571429,0.000321790818037251,"女性 | 40至49歲 | 高中、職 | 北北基宜蘭區 | 大陸各省市 | 07 | 00 | 05"
"女性","40至49歲","高中、職","北北基宜蘭區","大陸各省市","07","00","09",1,1.220492847,1,0.000178571428571429,0.000218938215554106,"女性 | 40至49歲 | 高中、職 | 北北基宜蘭區 | 大陸各省市 | 07 | 00 | 09"
"女性","40至49歲","高中、職","北北基宜蘭區","大陸新住民","05","04","08",1,1.530450912,1,0.000178571428571429,0.000274540070013565,"女性 | 40至49歲 | 高中、職 | 北北基宜蘭區 | 大陸新住民 | 05 | 04 | 08"
"女性","40至49歲","高中、職","北北基宜蘭區","本省客家人","03","03","03",1,1.27078572857063,1,0.000178571428571429,0.000227960008490635,"女性 | 40至49歲 | 高中、職 | 北北基宜蘭區 | 本省客家人 | 03 | 03 | 03"
"女性","40至49歲","高中、職","北北基宜蘭區","本省閩南人","00","05","06",1,1.220492847,1,0.000178571428571429,0.000218938215554106,"女性 | 40至49歲 | 高中、職 | 北北基宜蘭區 | 本省閩南人 | 00 | 05 | 06"
"女性","40至49歲","高中、職","北北基宜蘭區","本省閩南人","00","07","00",1,1.220492847,1,0.000178571428571429,0.000218938215554106,"女性 | 40至49歲 | 高中、職 | 北北基宜蘭區 | 本省閩南人 | 00 | 07 | 00"
"女性","40至49歲","高中、職","北北基宜蘭區","本省閩南人","00","08","04",1,1.27078572857063,1,0.000178571428571429,0.000227960008490635,"女性 | 40至49歲 | 高中、職 | 北北基宜蘭區 | 本省閩南人 | 00 | 08 | 04"
"女性","40至49歲","高中、職","北北基宜蘭區","本省閩南人","00","10","03",1,1.220492847,1,0.000178571428571429,0.000218938215554106,"女性 | 40至49歲 | 高中、職 | 北北基宜蘭區 | 本省閩南人 | 00 | 10 | 03"
"女性","40至49歲","高中、職","北北基宜蘭區","本省閩南人","03","03","09",1,1.220492847,1,0.000178571428571429,0.000218938215554106,"女性 | 40至49歲 | 高中、職 | 北北基宜蘭區 | 本省閩南人 | 03 | 03 | 09"
"女性","40至49歲","高中、職","北北基宜蘭區","本省閩南人","03","05","05",1,1.423725613,1,0.000178571428571429,0.000255395142966288,"女性 | 40至49歲 | 高中、職 | 北北基宜蘭區 | 本省閩南人 | 03 | 05 | 05"
"女性","40至49歲","高中、職","北北基宜蘭區","本省閩南人","03","06","04",1,1.793854904,1,0.000178571428571429,0.000321790818037251,"女性 | 40至49歲 | 高中、職 | 北北基宜蘭區 | 本省閩南人 | 03 | 06 | 04"
"女性","40至49歲","高中、職","北北基宜蘭區","本省閩南人","03","07","02",1,1.220492847,1,0.000178571428571429,0.000218938215554106,"女性 | 40至49歲 | 高中、職 | 北北基宜蘭區 | 本省閩南人 | 03 | 07 | 02"
"女性","40至49歲","高中、職","北北基宜蘭區","本省閩南人","04","04","05",1,1.220492847,1,0.000178571428571429,0.000218938215554106,"女性 | 40至49歲 | 高中、職 | 北北基宜蘭區 | 本省閩南人 | 04 | 04 | 05"
"女性","40至49歲","高中、職","北北基宜蘭區","本省閩南人","05","06","05",1,1.793854904,1,0.000178571428571429,0.000321790818037251,"女性 | 40至49歲 | 高中、職 | 北北基宜蘭區 | 本省閩南人 | 05 | 06 | 05"
"女性","40至49歲","高中、職","北北基宜蘭區","本省閩南人","05","06","07",1,1.220492847,1,0.000178571428571429,0.000218938215554106,"女性 | 40至49歲 | 高中、職 | 北北基宜蘭區 | 本省閩南人 | 05 | 06 | 07"
"女性","40至49歲","高中、職","北北基宜蘭區","本省閩南人","05","08","07",1,1.220492847,1,0.000178571428571429,0.000218938215554106,"女性 | 40至49歲 | 高中、職 | 北北基宜蘭區 | 本省閩南人 | 05 | 08 | 07"
"女性","40至49歲","高中、職","北北基宜蘭區","本省閩南人","05","08","08",1,1.220492847,1,0.000178571428571429,0.000218938215554106,"女性 | 40至49歲 | 高中、職 | 北北基宜蘭區 | 本省閩南人 | 05 | 08 | 08"
"女性","40至49歲","高中、職","北北基宜蘭區","本省閩南人","07","06","09",1,1.220492847,1,0.000178571428571429,0.000218938215554106,"女性 | 40至49歲 | 高中、職 | 北北基宜蘭區 | 本省閩南人 | 07 | 06 | 09"
"女性","40至49歲","高中、職","北北基宜蘭區","本省閩南人","09","00","08",1,1.27078572857063,1,0.000178571428571429,0.000227960008490635,"女性 | 40至49歲 | 高中、職 | 北北基宜蘭區 | 本省閩南人 | 09 | 00 | 08"
"女性","40至49歲","高中、職","桃竹苗區","外籍人士","05","05","05",1,1.19638544456173,1,0.000178571428571429,0.000214613707070134,"女性 | 40至49歲 | 高中、職 | 桃竹苗區 | 外籍人士 | 05 | 05 | 05"
"女性","40至49歲","高中、職","桃竹苗區","大陸各省市","04","05","04",1,1.542824826,1,0.000178571428571429,0.000276759765653108,"女性 | 40至49歲 | 高中、職 | 桃竹苗區 | 大陸各省市 | 04 | 05 | 04"
"女性","40至49歲","高中、職","桃竹苗區","大陸各省市","08","05","05",1,1.19638544456173,1,0.000178571428571429,0.000214613707070134,"女性 | 40至49歲 | 高中、職 | 桃竹苗區 | 大陸各省市 | 08 | 05 | 05"
"女性","40至49歲","高中、職","桃竹苗區","本省客家人","04","06","03",1,1.105768584,1,0.000178571428571429,0.0001983583936537,"女性 | 40至49歲 | 高中、職 | 桃竹苗區 | 本省客家人 | 04 | 06 | 03"
"女性","40至49歲","高中、職","桃竹苗區","本省客家人","07","04","08",1,1.105768584,1,0.000178571428571429,0.0001983583936537,"女性 | 40至49歲 | 高中、職 | 桃竹苗區 | 本省客家人 | 07 | 04 | 08"
"女性","40至49歲","高中、職","桃竹苗區","本省客家人","07","05","06",1,1.19638544456173,1,0.000178571428571429,0.000214613707070134,"女性 | 40至49歲 | 高中、職 | 桃竹苗區 | 本省客家人 | 07 | 05 | 06"
"女性","40至49歲","高中、職","桃竹苗區","本省閩南人","03","08","02",1,1.19638544456173,1,0.000178571428571429,0.000214613707070134,"女性 | 40至49歲 | 高中、職 | 桃竹苗區 | 本省閩南人 | 03 | 08 | 02"
"女性","40至49歲","高中、職","桃竹苗區","本省閩南人","05","00","02",1,1.105768584,1,0.000178571428571429,0.0001983583936537,"女性 | 40至49歲 | 高中、職 | 桃竹苗區 | 本省閩南人 | 05 | 00 | 02"
"女性","40至49歲","高中、職","桃竹苗區","本省閩南人","05","02","05",1,1.19638544456173,1,0.000178571428571429,0.000214613707070134,"女性 | 40至49歲 | 高中、職 | 桃竹苗區 | 本省閩南人 | 05 | 02 | 05"
"女性","40至49歲","高中、職","桃竹苗區","本省閩南人","05","05","03",1,1.19638544456173,1,0.000178571428571429,0.000214613707070134,"女性 | 40至49歲 | 高中、職 | 桃竹苗區 | 本省閩南人 | 05 | 05 | 03"
"女性","40至49歲","高中、職","桃竹苗區","本省閩南人","05","05","05",1,1.19638544456173,1,0.000178571428571429,0.000214613707070134,"女性 | 40至49歲 | 高中、職 | 桃竹苗區 | 本省閩南人 | 05 | 05 | 05"
"女性","40至49歲","高中、職","桃竹苗區","本省閩南人","05","05","06",1,1.105768584,1,0.000178571428571429,0.0001983583936537,"女性 | 40至49歲 | 高中、職 | 桃竹苗區 | 本省閩南人 | 05 | 05 | 06"
"女性","40至49歲","高中、職","桃竹苗區","本省閩南人","05","06","06",1,1.105768584,1,0.000178571428571429,0.0001983583936537,"女性 | 40至49歲 | 高中、職 | 桃竹苗區 | 本省閩南人 | 05 | 06 | 06"
"女性","40至49歲","高中、職","桃竹苗區","本省閩南人","06","02","06",1,1.19638544456173,1,0.000178571428571429,0.000214613707070134,"女性 | 40至49歲 | 高中、職 | 桃竹苗區 | 本省閩南人 | 06 | 02 | 06"
"女性","40至49歲","高中、職","桃竹苗區","本省閩南人","07","00","07",1,1.542824826,1,0.000178571428571429,0.000276759765653108,"女性 | 40至49歲 | 高中、職 | 桃竹苗區 | 本省閩南人 | 07 | 00 | 07"
"女性","40至49歲","高中、職","桃竹苗區","本省閩南人","07","05","06",1,1.19638544456173,1,0.000178571428571429,0.000214613707070134,"女性 | 40至49歲 | 高中、職 | 桃竹苗區 | 本省閩南人 | 07 | 05 | 06"
"女性","40至49歲","高中、職","桃竹苗區","本省閩南人","08","00","03",1,0.971224754,1,0.000178571428571429,0.000174223237002499,"女性 | 40至49歲 | 高中、職 | 桃竹苗區 | 本省閩南人 | 08 | 00 | 03"
"女性","40至49歲","高中、職","桃竹苗區","本省閩南人","09","00","03",1,1.105768584,1,0.000178571428571429,0.0001983583936537,"女性 | 40至49歲 | 高中、職 | 桃竹苗區 | 本省閩南人 | 09 | 00 | 03"
"女性","40至49歲","高中、職","花東區","原住民","00","10","05",1,1.00640515807991,1,0.000178571428571429,0.000180534076849419,"女性 | 40至49歲 | 高中、職 | 花東區 | 原住民 | 00 | 10 | 05"
"女性","40至49歲","高中、職","花東區","本省閩南人","08","00","04",1,0.785906695,1,0.000178571428571429,0.000140979940864271,"女性 | 40至49歲 | 高中、職 | 花東區 | 本省閩南人 | 08 | 00 | 04"
"女性","40至49歲","高中、職","雲嘉南區","大陸各省市","05","05","05",1,1.12114401024297,1,0.000178571428571429,0.00020111651582811,"女性 | 40至49歲 | 高中、職 | 雲嘉南區 | 大陸各省市 | 05 | 05 | 05"
"女性","40至49歲","高中、職","雲嘉南區","大陸各省市","07","01","00",1,0.98854935,1,0.000178571428571429,0.000177331011163371,"女性 | 40至49歲 | 高中、職 | 雲嘉南區 | 大陸各省市 | 07 | 01 | 00"
"女性","40至49歲","高中、職","雲嘉南區","本省客家人","02","07","02",1,1.12114401024297,1,0.000178571428571429,0.00020111651582811,"女性 | 40至49歲 | 高中、職 | 雲嘉南區 | 本省客家人 | 02 | 07 | 02"
"女性","40至49歲","高中、職","雲嘉南區","本省閩南人","00","10","07",1,0.98854935,1,0.000178571428571429,0.000177331011163371,"女性 | 40至49歲 | 高中、職 | 雲嘉南區 | 本省閩南人 | 00 | 10 | 07"
"女性","40至49歲","高中、職","雲嘉南區","本省閩南人","03","03","03",1,1.12114401024297,1,0.000178571428571429,0.00020111651582811,"女性 | 40至49歲 | 高中、職 | 雲嘉南區 | 本省閩南人 | 03 | 03 | 03"
"女性","40至49歲","高中、職","雲嘉南區","本省閩南人","03","07","03",1,1.153159589,1,0.000178571428571429,0.000206859633209114,"女性 | 40至49歲 | 高中、職 | 雲嘉南區 | 本省閩南人 | 03 | 07 | 03"
"女性","40至49歲","高中、職","雲嘉南區","本省閩南人","04","08","03",1,1.12114401024297,1,0.000178571428571429,0.00020111651582811,"女性 | 40至49歲 | 高中、職 | 雲嘉南區 | 本省閩南人 | 04 | 08 | 03"
"女性","40至49歲","高中、職","雲嘉南區","本省閩南人","05","02","03",1,1.12114401024297,1,0.000178571428571429,0.00020111651582811,"女性 | 40至49歲 | 高中、職 | 雲嘉南區 | 本省閩南人 | 05 | 02 | 03"
"女性","40至49歲","高中、職","雲嘉南區","本省閩南人","05","04","03",1,0.98854935,1,0.000178571428571429,0.000177331011163371,"女性 | 40至49歲 | 高中、職 | 雲嘉南區 | 本省閩南人 | 05 | 04 | 03"
"女性","40至49歲","高中、職","雲嘉南區","本省閩南人","05","05","07",1,1.12114401024297,1,0.000178571428571429,0.00020111651582811,"女性 | 40至49歲 | 高中、職 | 雲嘉南區 | 本省閩南人 | 05 | 05 | 07"
"女性","40至49歲","高中、職","雲嘉南區","本省閩南人","05","09","05",1,1.12114401024297,1,0.000178571428571429,0.00020111651582811,"女性 | 40至49歲 | 高中、職 | 雲嘉南區 | 本省閩南人 | 05 | 09 | 05"
"女性","40至49歲","高中、職","雲嘉南區","本省閩南人","05","10","05",1,0.98854935,1,0.000178571428571429,0.000177331011163371,"女性 | 40至49歲 | 高中、職 | 雲嘉南區 | 本省閩南人 | 05 | 10 | 05"
"女性","40至49歲","高中、職","雲嘉南區","本省閩南人","06","05","05",1,1.12114401024297,1,0.000178571428571429,0.00020111651582811,"女性 | 40至49歲 | 高中、職 | 雲嘉南區 | 本省閩南人 | 06 | 05 | 05"
"女性","40至49歲","高中、職","雲嘉南區","本省閩南人","07","05","05",1,1.333976026,1,0.000178571428571429,0.000239295405493186,"女性 | 40至49歲 | 高中、職 | 雲嘉南區 | 本省閩南人 | 07 | 05 | 05"
"女性","40至49歲","高中、職","雲嘉南區","本省閩南人","07","07","06",1,1.12114401024297,1,0.000178571428571429,0.00020111651582811,"女性 | 40至49歲 | 高中、職 | 雲嘉南區 | 本省閩南人 | 07 | 07 | 06"
"女性","40至49歲","高中、職","雲嘉南區","本省閩南人","08","07","05",1,1.12114401024297,1,0.000178571428571429,0.00020111651582811,"女性 | 40至49歲 | 高中、職 | 雲嘉南區 | 本省閩南人 | 08 | 07 | 05"
"女性","40至49歲","高中、職","雲嘉南區","本省閩南人","10","00","10",1,0.98854935,1,0.000178571428571429,0.000177331011163371,"女性 | 40至49歲 | 高中、職 | 雲嘉南區 | 本省閩南人 | 10 | 00 | 10"
"女性","40至49歲","高中、職","高屏區","外籍人士","05","10","05",1,1.60577389719764,1,0.000178571428571429,0.000288051890267092,"女性 | 40至49歲 | 高中、職 | 高屏區 | 外籍人士 | 05 | 10 | 05"
"女性","40至49歲","高中、職","高屏區","大陸各省市","05","05","04",1,1.60577389719764,1,0.000178571428571429,0.000288051890267092,"女性 | 40至49歲 | 高中、職 | 高屏區 | 大陸各省市 | 05 | 05 | 04"
"女性","40至49歲","高中、職","高屏區","本省閩南人","00","02","01",1,1.60577389719764,1,0.000178571428571429,0.000288051890267092,"女性 | 40至49歲 | 高中、職 | 高屏區 | 本省閩南人 | 00 | 02 | 01"
"女性","40至49歲","高中、職","高屏區","本省閩南人","00","07","00",1,1.024034389,1,0.000178571428571429,0.000183696497971937,"女性 | 40至49歲 | 高中、職 | 高屏區 | 本省閩南人 | 00 | 07 | 00"
"女性","40至49歲","高中、職","高屏區","本省閩南人","00","10","00",1,1.024034389,1,0.000178571428571429,0.000183696497971937,"女性 | 40至49歲 | 高中、職 | 高屏區 | 本省閩南人 | 00 | 10 | 00"
"女性","40至49歲","高中、職","高屏區","本省閩南人","01","07","01",1,1.60577389719764,1,0.000178571428571429,0.000288051890267092,"女性 | 40至49歲 | 高中、職 | 高屏區 | 本省閩南人 | 01 | 07 | 01"
"女性","40至49歲","高中、職","高屏區","本省閩南人","02","08","02",1,1.60577389719764,1,0.000178571428571429,0.000288051890267092,"女性 | 40至49歲 | 高中、職 | 高屏區 | 本省閩南人 | 02 | 08 | 02"
"女性","40至49歲","高中、職","高屏區","本省閩南人","03","01","00",1,1.024034389,1,0.000178571428571429,0.000183696497971937,"女性 | 40至49歲 | 高中、職 | 高屏區 | 本省閩南人 | 03 | 01 | 00"
"女性","40至49歲","高中、職","高屏區","本省閩南人","03","03","05",1,1.194553488,1,0.000178571428571429,0.000214285081382909,"女性 | 40至49歲 | 高中、職 | 高屏區 | 本省閩南人 | 03 | 03 | 05"
"女性","40至49歲","高中、職","高屏區","本省閩南人","03","07","03",1,1.60577389719764,1,0.000178571428571429,0.000288051890267092,"女性 | 40至49歲 | 高中、職 | 高屏區 | 本省閩南人 | 03 | 07 | 03"
"女性","40至49歲","高中、職","高屏區","本省閩南人","03","08","06",1,1.194553488,1,0.000178571428571429,0.000214285081382909,"女性 | 40至49歲 | 高中、職 | 高屏區 | 本省閩南人 | 03 | 08 | 06"
"女性","40至49歲","高中、職","高屏區","本省閩南人","04","07","00",1,1.60577389719764,1,0.000178571428571429,0.000288051890267092,"女性 | 40至49歲 | 高中、職 | 高屏區 | 本省閩南人 | 04 | 07 | 00"
"女性","40至49歲","高中、職","高屏區","本省閩南人","05","05","05",1,1.493830785,1,0.000178571428571429,0.000267970965345355,"女性 | 40至49歲 | 高中、職 | 高屏區 | 本省閩南人 | 05 | 05 | 05"
"女性","40至49歲","高中、職","高屏區","本省閩南人","06","03","03",1,1.024034389,1,0.000178571428571429,0.000183696497971937,"女性 | 40至49歲 | 高中、職 | 高屏區 | 本省閩南人 | 06 | 03 | 03"
"女性","40至49歲","高中、職","高屏區","本省閩南人","08","02","05",1,1.60577389719764,1,0.000178571428571429,0.000288051890267092,"女性 | 40至49歲 | 高中、職 | 高屏區 | 本省閩南人 | 08 | 02 | 05"
"女性","40至49歲","高中、職","高屏區","本省閩南人","10","00","03",1,0.899435525,1,0.000178571428571429,0.000161345319911958,"女性 | 40至49歲 | 高中、職 | 高屏區 | 本省閩南人 | 10 | 00 | 03"
"女性","50至59歲","國、初中","中彰投區","大陸各省市","06","01","03",1,1.3834009439119,1,0.000178571428571429,0.000248161498693272,"女性 | 50至59歲 | 國、初中 | 中彰投區 | 大陸各省市 | 06 | 01 | 03"
"女性","50至59歲","國、初中","中彰投區","大陸各省市","06","02","08",1,1.276871032,1,0.000178571428571429,0.000229051621175794,"女性 | 50至59歲 | 國、初中 | 中彰投區 | 大陸各省市 | 06 | 02 | 08"
"女性","50至59歲","國、初中","中彰投區","本省閩南人","00","05","00",1,1.3834009439119,1,0.000178571428571429,0.000248161498693272,"女性 | 50至59歲 | 國、初中 | 中彰投區 | 本省閩南人 | 00 | 05 | 00"
"女性","50至59歲","國、初中","中彰投區","本省閩南人","00","06","00",1,1.276871032,1,0.000178571428571429,0.000229051621175794,"女性 | 50至59歲 | 國、初中 | 中彰投區 | 本省閩南人 | 00 | 06 | 00"
"女性","50至59歲","國、初中","中彰投區","本省閩南人","03","06","03",1,1.578017762,1,0.000178571428571429,0.000283072853539603,"女性 | 50至59歲 | 國、初中 | 中彰投區 | 本省閩南人 | 03 | 06 | 03"
"女性","50至59歲","國、初中","中彰投區","本省閩南人","03","08","00",1,1.3834009439119,1,0.000178571428571429,0.000248161498693272,"女性 | 50至59歲 | 國、初中 | 中彰投區 | 本省閩南人 | 03 | 08 | 00"
"女性","50至59歲","國、初中","中彰投區","本省閩南人","05","03","08",1,1.3834009439119,1,0.000178571428571429,0.000248161498693272,"女性 | 50至59歲 | 國、初中 | 中彰投區 | 本省閩南人 | 05 | 03 | 08"
"女性","50至59歲","國、初中","中彰投區","本省閩南人","06","00","10",1,1.3834009439119,1,0.000178571428571429,0.000248161498693272,"女性 | 50至59歲 | 國、初中 | 中彰投區 | 本省閩南人 | 06 | 00 | 10"
"女性","50至59歲","國、初中","中彰投區","本省閩南人","10","00","05",1,1.276871032,1,0.000178571428571429,0.000229051621175794,"女性 | 50至59歲 | 國、初中 | 中彰投區 | 本省閩南人 | 10 | 00 | 05"
"女性","50至59歲","國、初中","北北基宜蘭區","大陸各省市","01","07","00",1,1.35104192908181,1,0.000178571428571429,0.00024235677400242,"女性 | 50至59歲 | 國、初中 | 北北基宜蘭區 | 大陸各省市 | 01 | 07 | 00"
"女性","50至59歲","國、初中","北北基宜蘭區","本省客家人","00","08","00",1,1.35104192908181,1,0.000178571428571429,0.00024235677400242,"女性 | 50至59歲 | 國、初中 | 北北基宜蘭區 | 本省客家人 | 00 | 08 | 00"
"女性","50至59歲","國、初中","北北基宜蘭區","本省客家人","03","09","02",1,1.566719825,1,0.000178571428571429,0.000281046172127826,"女性 | 50至59歲 | 國、初中 | 北北基宜蘭區 | 本省客家人 | 03 | 09 | 02"
"女性","50至59歲","國、初中","北北基宜蘭區","本省閩南人","00","05","05",1,1.35104192908181,1,0.000178571428571429,0.00024235677400242,"女性 | 50至59歲 | 國、初中 | 北北基宜蘭區 | 本省閩南人 | 00 | 05 | 05"
"女性","50至59歲","國、初中","北北基宜蘭區","本省閩南人","00","06","00",1,1.35104192908181,1,0.000178571428571429,0.00024235677400242,"女性 | 50至59歲 | 國、初中 | 北北基宜蘭區 | 本省閩南人 | 00 | 06 | 00"
"女性","50至59歲","國、初中","北北基宜蘭區","本省閩南人","01","01","01",1,1.35104192908181,1,0.000178571428571429,0.00024235677400242,"女性 | 50至59歲 | 國、初中 | 北北基宜蘭區 | 本省閩南人 | 01 | 01 | 01"
"女性","50至59歲","國、初中","北北基宜蘭區","本省閩南人","02","10","01",1,1.566719825,1,0.000178571428571429,0.000281046172127826,"女性 | 50至59歲 | 國、初中 | 北北基宜蘭區 | 本省閩南人 | 02 | 10 | 01"
"女性","50至59歲","國、初中","北北基宜蘭區","本省閩南人","05","05","04",1,1.566719825,1,0.000178571428571429,0.000281046172127826,"女性 | 50至59歲 | 國、初中 | 北北基宜蘭區 | 本省閩南人 | 05 | 05 | 04"
"女性","50至59歲","國、初中","北北基宜蘭區","本省閩南人","05","06","00",1,1.35104192908181,1,0.000178571428571429,0.00024235677400242,"女性 | 50至59歲 | 國、初中 | 北北基宜蘭區 | 本省閩南人 | 05 | 06 | 00"
"女性","50至59歲","國、初中","北北基宜蘭區","本省閩南人","05","10","05",1,2.081295326,1,0.000178571428571429,0.000373353343147895,"女性 | 50至59歲 | 國、初中 | 北北基宜蘭區 | 本省閩南人 | 05 | 10 | 05"
"女性","50至59歲","國、初中","北北基宜蘭區","本省閩南人","06","03","04",1,1.35104192908181,1,0.000178571428571429,0.00024235677400242,"女性 | 50至59歲 | 國、初中 | 北北基宜蘭區 | 本省閩南人 | 06 | 03 | 04"
"女性","50至59歲","國、初中","北北基宜蘭區","本省閩南人","06","07","06",1,2.081295326,1,0.000178571428571429,0.000373353343147895,"女性 | 50至59歲 | 國、初中 | 北北基宜蘭區 | 本省閩南人 | 06 | 07 | 06"
"女性","50至59歲","國、初中","桃竹苗區","大陸各省市","05","05","01",1,1.419450813,1,0.000178571428571429,0.000254628307596338,"女性 | 50至59歲 | 國、初中 | 桃竹苗區 | 大陸各省市 | 05 | 05 | 01"
"女性","50至59歲","國、初中","桃竹苗區","本省客家人","07","02","02",1,1.27194291107136,1,0.000178571428571429,0.000228167589774214,"女性 | 50至59歲 | 國、初中 | 桃竹苗區 | 本省客家人 | 07 | 02 | 02"
"女性","50至59歲","國、初中","桃竹苗區","本省客家人","09","06","09",1,1.419450813,1,0.000178571428571429,0.000254628307596338,"女性 | 50至59歲 | 國、初中 | 桃竹苗區 | 本省客家人 | 09 | 06 | 09"
"女性","50至59歲","國、初中","桃竹苗區","本省閩南人","03","03","03",1,1.27194291107136,1,0.000178571428571429,0.000228167589774214,"女性 | 50至59歲 | 國、初中 | 桃竹苗區 | 本省閩南人 | 03 | 03 | 03"
"女性","50至59歲","國、初中","桃竹苗區","本省閩南人","04","06","03",1,1.419450813,1,0.000178571428571429,0.000254628307596338,"女性 | 50至59歲 | 國、初中 | 桃竹苗區 | 本省閩南人 | 04 | 06 | 03"
"女性","50至59歲","國、初中","桃竹苗區","本省閩南人","06","08","02",1,1.27194291107136,1,0.000178571428571429,0.000228167589774214,"女性 | 50至59歲 | 國、初中 | 桃竹苗區 | 本省閩南人 | 06 | 08 | 02"
"女性","50至59歲","國、初中","花東區","本省閩南人","08","03","04",1,1.896928865,1,0.000178571428571429,0.000340280749499695,"女性 | 50至59歲 | 國、初中 | 花東區 | 本省閩南人 | 08 | 03 | 04"
"女性","50至59歲","國、初中","雲嘉南區","大陸各省市","05","05","03",1,1.547727222,1,0.000178571428571429,0.000277639182386125,"女性 | 50至59歲 | 國、初中 | 雲嘉南區 | 大陸各省市 | 05 | 05 | 03"
"女性","50至59歲","國、初中","雲嘉南區","大陸各省市","10","00","10",1,1.1919496200834,1,0.000178571428571429,0.000213817986310128,"女性 | 50至59歲 | 國、初中 | 雲嘉南區 | 大陸各省市 | 10 | 00 | 10"
"女性","50至59歲","國、初中","雲嘉南區","本省閩南人","00","00","01",1,1.547727222,1,0.000178571428571429,0.000277639182386125,"女性 | 50至59歲 | 國、初中 | 雲嘉南區 | 本省閩南人 | 00 | 00 | 01"
"女性","50至59歲","國、初中","雲嘉南區","本省閩南人","00","10","00",1,1.26897906,1,0.000178571428571429,0.000227635919091894,"女性 | 50至59歲 | 國、初中 | 雲嘉南區 | 本省閩南人 | 00 | 10 | 00"
"女性","50至59歲","國、初中","雲嘉南區","本省閩南人","02","07","09",1,1.26897906,1,0.000178571428571429,0.000227635919091894,"女性 | 50至59歲 | 國、初中 | 雲嘉南區 | 本省閩南人 | 02 | 07 | 09"
"女性","50至59歲","國、初中","雲嘉南區","本省閩南人","04","06","02",1,1.1919496200834,1,0.000178571428571429,0.000213817986310128,"女性 | 50至59歲 | 國、初中 | 雲嘉南區 | 本省閩南人 | 04 | 06 | 02"
"女性","50至59歲","國、初中","雲嘉南區","本省閩南人","04","06","03",1,1.26897906,1,0.000178571428571429,0.000227635919091894,"女性 | 50至59歲 | 國、初中 | 雲嘉南區 | 本省閩南人 | 04 | 06 | 03"
"女性","50至59歲","國、初中","雲嘉南區","本省閩南人","05","07","02",1,1.26897906,1,0.000178571428571429,0.000227635919091894,"女性 | 50至59歲 | 國、初中 | 雲嘉南區 | 本省閩南人 | 05 | 07 | 02"
"女性","50至59歲","國、初中","雲嘉南區","本省閩南人","05","07","03",1,1.547727222,1,0.000178571428571429,0.000277639182386125,"女性 | 50至59歲 | 國、初中 | 雲嘉南區 | 本省閩南人 | 05 | 07 | 03"
"女性","50至59歲","國、初中","雲嘉南區","本省閩南人","05","07","06",1,1.011976179,1,0.000178571428571429,0.000181533434921903,"女性 | 50至59歲 | 國、初中 | 雲嘉南區 | 本省閩南人 | 05 | 07 | 06"
"女性","50至59歲","國、初中","雲嘉南區","本省閩南人","05","09","08",1,1.239602722,1,0.000178571428571429,0.000222366242143731,"女性 | 50至59歲 | 國、初中 | 雲嘉南區 | 本省閩南人 | 05 | 09 | 08"
"女性","50至59歲","國、初中","雲嘉南區","本省閩南人","06","07","05",1,1.547727222,1,0.000178571428571429,0.000277639182386125,"女性 | 50至59歲 | 國、初中 | 雲嘉南區 | 本省閩南人 | 06 | 07 | 05"
"女性","50至59歲","國、初中","雲嘉南區","本省閩南人","09","05","00",1,1.186041267,1,0.000178571428571429,0.000212758115878177,"女性 | 50至59歲 | 國、初中 | 雲嘉南區 | 本省閩南人 | 09 | 05 | 00"
"女性","50至59歲","國、初中","高屏區","本省閩南人","00","10","02",1,1.733196495,1,0.000178571428571429,0.000310909604060901,"女性 | 50至59歲 | 國、初中 | 高屏區 | 本省閩南人 | 00 | 10 | 02"
"女性","50至59歲","國、初中","高屏區","本省閩南人","06","06","03",1,1.70718620375074,1,0.000178571428571429,0.000306243745701999,"女性 | 50至59歲 | 國、初中 | 高屏區 | 本省閩南人 | 06 | 06 | 03"
"女性","50至59歲","大學及以上","中彰投區","大陸各省市","08","02","05",1,0.687040923,1,0.000178571428571429,0.000123244895751746,"女性 | 50至59歲 | 大學及以上 | 中彰投區 | 大陸各省市 | 08 | 02 | 05"
"女性","50至59歲","大學及以上","中彰投區","本省客家人","03","00","10",1,0.844152684331624,1,0.000178571428571429,0.000151428402728504,"女性 | 50至59歲 | 大學及以上 | 中彰投區 | 本省客家人 | 03 | 00 | 10"
"女性","50至59歲","大學及以上","中彰投區","本省閩南人","00","06","07",1,0.821318138,1,0.000178571428571429,0.000147332225647973,"女性 | 50至59歲 | 大學及以上 | 中彰投區 | 本省閩南人 | 00 | 06 | 07"
"女性","50至59歲","大學及以上","中彰投區","本省閩南人","01","00","00",1,0.821318138,1,0.000178571428571429,0.000147332225647973,"女性 | 50至59歲 | 大學及以上 | 中彰投區 | 本省閩南人 | 01 | 00 | 00"
"女性","50至59歲","大學及以上","中彰投區","本省閩南人","01","05","07",1,0.802304964,1,0.000178571428571429,0.000143921545775648,"女性 | 50至59歲 | 大學及以上 | 中彰投區 | 本省閩南人 | 01 | 05 | 07"
"女性","50至59歲","大學及以上","中彰投區","本省閩南人","02","07","07",1,0.802304964,1,0.000178571428571429,0.000143921545775648,"女性 | 50至59歲 | 大學及以上 | 中彰投區 | 本省閩南人 | 02 | 07 | 07"
"女性","50至59歲","大學及以上","中彰投區","本省閩南人","02","09","01",1,0.894372349,1,0.000178571428571429,0.000160437061644651,"女性 | 50至59歲 | 大學及以上 | 中彰投區 | 本省閩南人 | 02 | 09 | 01"
"女性","50至59歲","大學及以上","中彰投區","本省閩南人","03","05","02",1,0.821318138,1,0.000178571428571429,0.000147332225647973,"女性 | 50至59歲 | 大學及以上 | 中彰投區 | 本省閩南人 | 03 | 05 | 02"
"女性","50至59歲","大學及以上","中彰投區","本省閩南人","03","09","07",1,0.802304964,1,0.000178571428571429,0.000143921545775648,"女性 | 50至59歲 | 大學及以上 | 中彰投區 | 本省閩南人 | 03 | 09 | 07"
"女性","50至59歲","大學及以上","中彰投區","本省閩南人","05","01","04",1,0.844152684331624,1,0.000178571428571429,0.000151428402728504,"女性 | 50至59歲 | 大學及以上 | 中彰投區 | 本省閩南人 | 05 | 01 | 04"
"女性","50至59歲","大學及以上","中彰投區","本省閩南人","05","04","05",1,0.687040923,1,0.000178571428571429,0.000123244895751746,"女性 | 50至59歲 | 大學及以上 | 中彰投區 | 本省閩南人 | 05 | 04 | 05"
"女性","50至59歲","大學及以上","中彰投區","本省閩南人","05","07","06",1,0.844152684331624,1,0.000178571428571429,0.000151428402728504,"女性 | 50至59歲 | 大學及以上 | 中彰投區 | 本省閩南人 | 05 | 07 | 06"
"女性","50至59歲","大學及以上","中彰投區","本省閩南人","06","02","08",1,0.844152684331624,1,0.000178571428571429,0.000151428402728504,"女性 | 50至59歲 | 大學及以上 | 中彰投區 | 本省閩南人 | 06 | 02 | 08"
"女性","50至59歲","大學及以上","中彰投區","本省閩南人","06","05","06",1,0.844152684331624,1,0.000178571428571429,0.000151428402728504,"女性 | 50至59歲 | 大學及以上 | 中彰投區 | 本省閩南人 | 06 | 05 | 06"
"女性","50至59歲","大學及以上","中彰投區","本省閩南人","06","06","06",1,0.687040923,1,0.000178571428571429,0.000123244895751746,"女性 | 50至59歲 | 大學及以上 | 中彰投區 | 本省閩南人 | 06 | 06 | 06"
"女性","50至59歲","大學及以上","中彰投區","本省閩南人","07","05","05",1,0.821318138,1,0.000178571428571429,0.000147332225647973,"女性 | 50至59歲 | 大學及以上 | 中彰投區 | 本省閩南人 | 07 | 05 | 05"
"女性","50至59歲","大學及以上","中彰投區","本省閩南人","07","08","06",1,0.821318138,1,0.000178571428571429,0.000147332225647973,"女性 | 50至59歲 | 大學及以上 | 中彰投區 | 本省閩南人 | 07 | 08 | 06"
"女性","50至59歲","大學及以上","中彰投區","本省閩南人","08","02","05",1,0.821318138,1,0.000178571428571429,0.000147332225647973,"女性 | 50至59歲 | 大學及以上 | 中彰投區 | 本省閩南人 | 08 | 02 | 05"
"女性","50至59歲","大學及以上","中彰投區","本省閩南人","08","05","04",1,0.821318138,1,0.000178571428571429,0.000147332225647973,"女性 | 50至59歲 | 大學及以上 | 中彰投區 | 本省閩南人 | 08 | 05 | 04"
"女性","50至59歲","大學及以上","中彰投區","本省閩南人","09","03","05",1,0.844152684331624,1,0.000178571428571429,0.000151428402728504,"女性 | 50至59歲 | 大學及以上 | 中彰投區 | 本省閩南人 | 09 | 03 | 05"
"女性","50至59歲","大學及以上","中彰投區","本省閩南人","09","04","04",1,0.821318138,1,0.000178571428571429,0.000147332225647973,"女性 | 50至59歲 | 大學及以上 | 中彰投區 | 本省閩南人 | 09 | 04 | 04"
"女性","50至59歲","大學及以上","北北基宜蘭區","原住民","05","05","05",1,0.90615904,1,0.000178571428571429,0.000162551418235245,"女性 | 50至59歲 | 大學及以上 | 北北基宜蘭區 | 原住民 | 05 | 05 | 05"
"女性","50至59歲","大學及以上","北北基宜蘭區","原住民","05","05","06",1,1.007756757,1,0.000178571428571429,0.000180776533539302,"女性 | 50至59歲 | 大學及以上 | 北北基宜蘭區 | 原住民 | 05 | 05 | 06"
"女性","50至59歲","大學及以上","北北基宜蘭區","大陸各省市","05","03","02",1,0.824407180071732,1,0.000178571428571429,0.000147886353728788,"女性 | 50至59歲 | 大學及以上 | 北北基宜蘭區 | 大陸各省市 | 05 | 03 | 02"
"女性","50至59歲","大學及以上","北北基宜蘭區","大陸各省市","05","03","03",1,0.824407180071732,1,0.000178571428571429,0.000147886353728788,"女性 | 50至59歲 | 大學及以上 | 北北基宜蘭區 | 大陸各省市 | 05 | 03 | 03"
"女性","50至59歲","大學及以上","北北基宜蘭區","大陸各省市","05","05","04",1,0.824407180071732,1,0.000178571428571429,0.000147886353728788,"女性 | 50至59歲 | 大學及以上 | 北北基宜蘭區 | 大陸各省市 | 05 | 05 | 04"
"女性","50至59歲","大學及以上","北北基宜蘭區","大陸各省市","05","07","02",1,0.984427607,1,0.000178571428571429,0.000176591631936684,"女性 | 50至59歲 | 大學及以上 | 北北基宜蘭區 | 大陸各省市 | 05 | 07 | 02"
"女性","50至59歲","大學及以上","北北基宜蘭區","大陸各省市","06","03","03",1,0.984427607,1,0.000178571428571429,0.000176591631936684,"女性 | 50至59歲 | 大學及以上 | 北北基宜蘭區 | 大陸各省市 | 06 | 03 | 03"
"女性","50至59歲","大學及以上","北北基宜蘭區","大陸各省市","06","04","05",1,0.824407180071732,1,0.000178571428571429,0.000147886353728788,"女性 | 50至59歲 | 大學及以上 | 北北基宜蘭區 | 大陸各省市 | 06 | 04 | 05"
"女性","50至59歲","大學及以上","北北基宜蘭區","大陸各省市","07","00","04",1,0.824407180071732,1,0.000178571428571429,0.000147886353728788,"女性 | 50至59歲 | 大學及以上 | 北北基宜蘭區 | 大陸各省市 | 07 | 00 | 04"
"女性","50至59歲","大學及以上","北北基宜蘭區","大陸各省市","07","00","07",1,0.824407180071732,1,0.000178571428571429,0.000147886353728788,"女性 | 50至59歲 | 大學及以上 | 北北基宜蘭區 | 大陸各省市 | 07 | 00 | 07"
"女性","50至59歲","大學及以上","北北基宜蘭區","大陸各省市","07","02","04",1,0.824407180071732,1,0.000178571428571429,0.000147886353728788,"女性 | 50至59歲 | 大學及以上 | 北北基宜蘭區 | 大陸各省市 | 07 | 02 | 04"
"女性","50至59歲","大學及以上","北北基宜蘭區","大陸各省市","07","04","03",1,0.90615904,1,0.000178571428571429,0.000162551418235245,"女性 | 50至59歲 | 大學及以上 | 北北基宜蘭區 | 大陸各省市 | 07 | 04 | 03"
"女性","50至59歲","大學及以上","北北基宜蘭區","大陸各省市","08","00","06",1,0.824407180071732,1,0.000178571428571429,0.000147886353728788,"女性 | 50至59歲 | 大學及以上 | 北北基宜蘭區 | 大陸各省市 | 08 | 00 | 06"
"女性","50至59歲","大學及以上","北北基宜蘭區","大陸各省市","08","02","05",1,1.007756757,1,0.000178571428571429,0.000180776533539302,"女性 | 50至59歲 | 大學及以上 | 北北基宜蘭區 | 大陸各省市 | 08 | 02 | 05"
"女性","50至59歲","大學及以上","北北基宜蘭區","本省客家人","01","07","00",1,0.824407180071732,1,0.000178571428571429,0.000147886353728788,"女性 | 50至59歲 | 大學及以上 | 北北基宜蘭區 | 本省客家人 | 01 | 07 | 00"
"女性","50至59歲","大學及以上","北北基宜蘭區","本省客家人","05","00","09",1,0.824407180071732,1,0.000178571428571429,0.000147886353728788,"女性 | 50至59歲 | 大學及以上 | 北北基宜蘭區 | 本省客家人 | 05 | 00 | 09"
"女性","50至59歲","大學及以上","北北基宜蘭區","本省客家人","05","04","04",1,1.007756757,1,0.000178571428571429,0.000180776533539302,"女性 | 50至59歲 | 大學及以上 | 北北基宜蘭區 | 本省客家人 | 05 | 04 | 04"
"女性","50至59歲","大學及以上","北北基宜蘭區","本省客家人","05","05","06",1,0.90615904,1,0.000178571428571429,0.000162551418235245,"女性 | 50至59歲 | 大學及以上 | 北北基宜蘭區 | 本省客家人 | 05 | 05 | 06"
"女性","50至59歲","大學及以上","北北基宜蘭區","本省客家人","06","04","07",1,0.90615904,1,0.000178571428571429,0.000162551418235245,"女性 | 50至59歲 | 大學及以上 | 北北基宜蘭區 | 本省客家人 | 06 | 04 | 07"
"女性","50至59歲","大學及以上","北北基宜蘭區","本省客家人","07","03","03",1,0.824407180071732,1,0.000178571428571429,0.000147886353728788,"女性 | 50至59歲 | 大學及以上 | 北北基宜蘭區 | 本省客家人 | 07 | 03 | 03"
"女性","50至59歲","大學及以上","北北基宜蘭區","本省客家人","07","03","05",1,0.984427607,1,0.000178571428571429,0.000176591631936684,"女性 | 50至59歲 | 大學及以上 | 北北基宜蘭區 | 本省客家人 | 07 | 03 | 05"
"女性","50至59歲","大學及以上","北北基宜蘭區","本省客家人","08","00","05",1,0.824407180071732,1,0.000178571428571429,0.000147886353728788,"女性 | 50至59歲 | 大學及以上 | 北北基宜蘭區 | 本省客家人 | 08 | 00 | 05"
"女性","50至59歲","大學及以上","北北基宜蘭區","本省客家人","08","02","00",1,0.824407180071732,1,0.000178571428571429,0.000147886353728788,"女性 | 50至59歲 | 大學及以上 | 北北基宜蘭區 | 本省客家人 | 08 | 02 | 00"
"女性","50至59歲","大學及以上","北北基宜蘭區","本省客家人","10","00","00",1,0.984427607,1,0.000178571428571429,0.000176591631936684,"女性 | 50至59歲 | 大學及以上 | 北北基宜蘭區 | 本省客家人 | 10 | 00 | 00"
"女性","50至59歲","大學及以上","北北基宜蘭區","本省閩南人","00","06","00",1,0.824407180071732,1,0.000178571428571429,0.000147886353728788,"女性 | 50至59歲 | 大學及以上 | 北北基宜蘭區 | 本省閩南人 | 00 | 06 | 00"
"女性","50至59歲","大學及以上","北北基宜蘭區","本省閩南人","00","06","05",1,0.824407180071732,1,0.000178571428571429,0.000147886353728788,"女性 | 50至59歲 | 大學及以上 | 北北基宜蘭區 | 本省閩南人 | 00 | 06 | 05"
"女性","50至59歲","大學及以上","北北基宜蘭區","本省閩南人","00","07","00",1,0.824407180071732,1,0.000178571428571429,0.000147886353728788,"女性 | 50至59歲 | 大學及以上 | 北北基宜蘭區 | 本省閩南人 | 00 | 07 | 00"
"女性","50至59歲","大學及以上","北北基宜蘭區","本省閩南人","00","08","04",1,1.007756757,1,0.000178571428571429,0.000180776533539302,"女性 | 50至59歲 | 大學及以上 | 北北基宜蘭區 | 本省閩南人 | 00 | 08 | 04"
"女性","50至59歲","大學及以上","北北基宜蘭區","本省閩南人","01","07","01",1,0.824407180071732,1,0.000178571428571429,0.000147886353728788,"女性 | 50至59歲 | 大學及以上 | 北北基宜蘭區 | 本省閩南人 | 01 | 07 | 01"
"女性","50至59歲","大學及以上","北北基宜蘭區","本省閩南人","02","03","02",1,0.824407180071732,1,0.000178571428571429,0.000147886353728788,"女性 | 50至59歲 | 大學及以上 | 北北基宜蘭區 | 本省閩南人 | 02 | 03 | 02"
"女性","50至59歲","大學及以上","北北基宜蘭區","本省閩南人","02","05","00",1,0.824407180071732,1,0.000178571428571429,0.000147886353728788,"女性 | 50至59歲 | 大學及以上 | 北北基宜蘭區 | 本省閩南人 | 02 | 05 | 00"
"女性","50至59歲","大學及以上","北北基宜蘭區","本省閩南人","02","05","02",1,0.824407180071732,1,0.000178571428571429,0.000147886353728788,"女性 | 50至59歲 | 大學及以上 | 北北基宜蘭區 | 本省閩南人 | 02 | 05 | 02"
"女性","50至59歲","大學及以上","北北基宜蘭區","本省閩南人","02","07","03",1,0.984427607,1,0.000178571428571429,0.000176591631936684,"女性 | 50至59歲 | 大學及以上 | 北北基宜蘭區 | 本省閩南人 | 02 | 07 | 03"
"女性","50至59歲","大學及以上","北北基宜蘭區","本省閩南人","02","08","05",1,1.007756757,1,0.000178571428571429,0.000180776533539302,"女性 | 50至59歲 | 大學及以上 | 北北基宜蘭區 | 本省閩南人 | 02 | 08 | 05"
"女性","50至59歲","大學及以上","北北基宜蘭區","本省閩南人","03","03","04",1,0.90615904,1,0.000178571428571429,0.000162551418235245,"女性 | 50至59歲 | 大學及以上 | 北北基宜蘭區 | 本省閩南人 | 03 | 03 | 04"
"女性","50至59歲","大學及以上","北北基宜蘭區","本省閩南人","03","03","08",1,0.984427607,1,0.000178571428571429,0.000176591631936684,"女性 | 50至59歲 | 大學及以上 | 北北基宜蘭區 | 本省閩南人 | 03 | 03 | 08"
"女性","50至59歲","大學及以上","北北基宜蘭區","本省閩南人","03","07","00",1,0.824407180071732,1,0.000178571428571429,0.000147886353728788,"女性 | 50至59歲 | 大學及以上 | 北北基宜蘭區 | 本省閩南人 | 03 | 07 | 00"
"女性","50至59歲","大學及以上","北北基宜蘭區","本省閩南人","03","07","05",1,0.824407180071732,1,0.000178571428571429,0.000147886353728788,"女性 | 50至59歲 | 大學及以上 | 北北基宜蘭區 | 本省閩南人 | 03 | 07 | 05"
"女性","50至59歲","大學及以上","北北基宜蘭區","本省閩南人","03","08","01",1,1.09739422,1,0.000178571428571429,0.000196856157638907,"女性 | 50至59歲 | 大學及以上 | 北北基宜蘭區 | 本省閩南人 | 03 | 08 | 01"
"女性","50至59歲","大學及以上","北北基宜蘭區","本省閩南人","04","01","05",1,0.824407180071732,1,0.000178571428571429,0.000147886353728788,"女性 | 50至59歲 | 大學及以上 | 北北基宜蘭區 | 本省閩南人 | 04 | 01 | 05"
"女性","50至59歲","大學及以上","北北基宜蘭區","本省閩南人","04","05","08",1,1.007756757,1,0.000178571428571429,0.000180776533539302,"女性 | 50至59歲 | 大學及以上 | 北北基宜蘭區 | 本省閩南人 | 04 | 05 | 08"
"女性","50至59歲","大學及以上","北北基宜蘭區","本省閩南人","04","07","03",1,0.824407180071732,1,0.000178571428571429,0.000147886353728788,"女性 | 50至59歲 | 大學及以上 | 北北基宜蘭區 | 本省閩南人 | 04 | 07 | 03"
"女性","50至59歲","大學及以上","北北基宜蘭區","本省閩南人","04","08","00",1,0.90615904,1,0.000178571428571429,0.000162551418235245,"女性 | 50至59歲 | 大學及以上 | 北北基宜蘭區 | 本省閩南人 | 04 | 08 | 00"
"女性","50至59歲","大學及以上","北北基宜蘭區","本省閩南人","04","09","00",1,1.007756757,1,0.000178571428571429,0.000180776533539302,"女性 | 50至59歲 | 大學及以上 | 北北基宜蘭區 | 本省閩南人 | 04 | 09 | 00"
"女性","50至59歲","大學及以上","北北基宜蘭區","本省閩南人","04","09","02",1,0.90615904,1,0.000178571428571429,0.000162551418235245,"女性 | 50至59歲 | 大學及以上 | 北北基宜蘭區 | 本省閩南人 | 04 | 09 | 02"
"女性","50至59歲","大學及以上","北北基宜蘭區","本省閩南人","05","02","05",1,0.824407180071732,1,0.000178571428571429,0.000147886353728788,"女性 | 50至59歲 | 大學及以上 | 北北基宜蘭區 | 本省閩南人 | 05 | 02 | 05"
"女性","50至59歲","大學及以上","北北基宜蘭區","本省閩南人","05","03","02",1,0.824407180071732,1,0.000178571428571429,0.000147886353728788,"女性 | 50至59歲 | 大學及以上 | 北北基宜蘭區 | 本省閩南人 | 05 | 03 | 02"
"女性","50至59歲","大學及以上","北北基宜蘭區","本省閩南人","05","03","03",1,0.824407180071732,1,0.000178571428571429,0.000147886353728788,"女性 | 50至59歲 | 大學及以上 | 北北基宜蘭區 | 本省閩南人 | 05 | 03 | 03"
"女性","50至59歲","大學及以上","北北基宜蘭區","本省閩南人","05","04","07",1,0.824407180071732,1,0.000178571428571429,0.000147886353728788,"女性 | 50至59歲 | 大學及以上 | 北北基宜蘭區 | 本省閩南人 | 05 | 04 | 07"
"女性","50至59歲","大學及以上","北北基宜蘭區","本省閩南人","05","06","02",1,0.984427607,1,0.000178571428571429,0.000176591631936684,"女性 | 50至59歲 | 大學及以上 | 北北基宜蘭區 | 本省閩南人 | 05 | 06 | 02"
"女性","50至59歲","大學及以上","北北基宜蘭區","本省閩南人","05","06","05",1,0.90615904,1,0.000178571428571429,0.000162551418235245,"女性 | 50至59歲 | 大學及以上 | 北北基宜蘭區 | 本省閩南人 | 05 | 06 | 05"
"女性","50至59歲","大學及以上","北北基宜蘭區","本省閩南人","05","07","07",1,0.824407180071732,1,0.000178571428571429,0.000147886353728788,"女性 | 50至59歲 | 大學及以上 | 北北基宜蘭區 | 本省閩南人 | 05 | 07 | 07"
"女性","50至59歲","大學及以上","北北基宜蘭區","本省閩南人","06","00","06",1,0.824407180071732,1,0.000178571428571429,0.000147886353728788,"女性 | 50至59歲 | 大學及以上 | 北北基宜蘭區 | 本省閩南人 | 06 | 00 | 06"
"女性","50至59歲","大學及以上","北北基宜蘭區","本省閩南人","06","00","08",1,0.824407180071732,1,0.000178571428571429,0.000147886353728788,"女性 | 50至59歲 | 大學及以上 | 北北基宜蘭區 | 本省閩南人 | 06 | 00 | 08"
"女性","50至59歲","大學及以上","北北基宜蘭區","本省閩南人","06","03","05",1,0.824407180071732,1,0.000178571428571429,0.000147886353728788,"女性 | 50至59歲 | 大學及以上 | 北北基宜蘭區 | 本省閩南人 | 06 | 03 | 05"
"女性","50至59歲","大學及以上","北北基宜蘭區","本省閩南人","06","04","04",1,1.007756757,1,0.000178571428571429,0.000180776533539302,"女性 | 50至59歲 | 大學及以上 | 北北基宜蘭區 | 本省閩南人 | 06 | 04 | 04"
"女性","50至59歲","大學及以上","北北基宜蘭區","本省閩南人","06","05","03",1,1.007756757,1,0.000178571428571429,0.000180776533539302,"女性 | 50至59歲 | 大學及以上 | 北北基宜蘭區 | 本省閩南人 | 06 | 05 | 03"
"女性","50至59歲","大學及以上","北北基宜蘭區","本省閩南人","06","05","04",1,0.90615904,1,0.000178571428571429,0.000162551418235245,"女性 | 50至59歲 | 大學及以上 | 北北基宜蘭區 | 本省閩南人 | 06 | 05 | 04"
"女性","50至59歲","大學及以上","北北基宜蘭區","本省閩南人","07","03","00",1,0.728228138,1,0.000178571428571429,0.000130633267898218,"女性 | 50至59歲 | 大學及以上 | 北北基宜蘭區 | 本省閩南人 | 07 | 03 | 00"
"女性","50至59歲","大學及以上","北北基宜蘭區","本省閩南人","07","03","05",1,0.824407180071732,1,0.000178571428571429,0.000147886353728788,"女性 | 50至59歲 | 大學及以上 | 北北基宜蘭區 | 本省閩南人 | 07 | 03 | 05"
"女性","50至59歲","大學及以上","北北基宜蘭區","本省閩南人","07","06","05",1,0.824407180071732,1,0.000178571428571429,0.000147886353728788,"女性 | 50至59歲 | 大學及以上 | 北北基宜蘭區 | 本省閩南人 | 07 | 06 | 05"
"女性","50至59歲","大學及以上","北北基宜蘭區","本省閩南人","08","01","07",1,0.824407180071732,1,0.000178571428571429,0.000147886353728788,"女性 | 50至59歲 | 大學及以上 | 北北基宜蘭區 | 本省閩南人 | 08 | 01 | 07"
"女性","50至59歲","大學及以上","桃竹苗區","外籍人士","06","05","05",1,0.779352143,1,0.000178571428571429,0.00013980415198344,"女性 | 50至59歲 | 大學及以上 | 桃竹苗區 | 外籍人士 | 06 | 05 | 05"
"女性","50至59歲","大學及以上","桃竹苗區","大陸各省市","04","06","05",1,0.776140877612304,1,0.000178571428571429,0.000139228098862456,"女性 | 50至59歲 | 大學及以上 | 桃竹苗區 | 大陸各省市 | 04 | 06 | 05"
"女性","50至59歲","大學及以上","桃竹苗區","大陸各省市","06","06","05",1,0.776140877612304,1,0.000178571428571429,0.000139228098862456,"女性 | 50至59歲 | 大學及以上 | 桃竹苗區 | 大陸各省市 | 06 | 06 | 05"
"女性","50至59歲","大學及以上","桃竹苗區","大陸各省市","07","00","07",1,0.891893077,1,0.000178571428571429,0.00015999231722121,"女性 | 50至59歲 | 大學及以上 | 桃竹苗區 | 大陸各省市 | 07 | 00 | 07"
"女性","50至59歲","大學及以上","桃竹苗區","大陸各省市","08","02","06",1,0.776140877612304,1,0.000178571428571429,0.000139228098862456,"女性 | 50至59歲 | 大學及以上 | 桃竹苗區 | 大陸各省市 | 08 | 02 | 06"
"女性","50至59歲","大學及以上","桃竹苗區","本省客家人","00","07","07",1,0.891893077,1,0.000178571428571429,0.00015999231722121,"女性 | 50至59歲 | 大學及以上 | 桃竹苗區 | 本省客家人 | 00 | 07 | 07"
"女性","50至59歲","大學及以上","桃竹苗區","本省客家人","00","09","00",1,0.913029327,1,0.000178571428571429,0.000163783845266523,"女性 | 50至59歲 | 大學及以上 | 桃竹苗區 | 本省客家人 | 00 | 09 | 00"
"女性","50至59歲","大學及以上","桃竹苗區","本省客家人","05","04","05",1,0.779352143,1,0.000178571428571429,0.00013980415198344,"女性 | 50至59歲 | 大學及以上 | 桃竹苗區 | 本省客家人 | 05 | 04 | 05"
"女性","50至59歲","大學及以上","桃竹苗區","本省客家人","05","05","03",1,0.776140877612304,1,0.000178571428571429,0.000139228098862456,"女性 | 50至59歲 | 大學及以上 | 桃竹苗區 | 本省客家人 | 05 | 05 | 03"
"女性","50至59歲","大學及以上","桃竹苗區","本省客家人","05","05","04",1,0.779352143,1,0.000178571428571429,0.00013980415198344,"女性 | 50至59歲 | 大學及以上 | 桃竹苗區 | 本省客家人 | 05 | 05 | 04"
"女性","50至59歲","大學及以上","桃竹苗區","本省客家人","06","03","03",1,0.779352143,1,0.000178571428571429,0.00013980415198344,"女性 | 50至59歲 | 大學及以上 | 桃竹苗區 | 本省客家人 | 06 | 03 | 03"
"女性","50至59歲","大學及以上","桃竹苗區","本省客家人","07","03","05",1,0.776140877612304,1,0.000178571428571429,0.000139228098862456,"女性 | 50至59歲 | 大學及以上 | 桃竹苗區 | 本省客家人 | 07 | 03 | 05"
"女性","50至59歲","大學及以上","桃竹苗區","本省閩南人","00","07","00",1,0.776140877612304,1,0.000178571428571429,0.000139228098862456,"女性 | 50至59歲 | 大學及以上 | 桃竹苗區 | 本省閩南人 | 00 | 07 | 00"
"女性","50至59歲","大學及以上","桃竹苗區","本省閩南人","03","04","01",1,0.776140877612304,1,0.000178571428571429,0.000139228098862456,"女性 | 50至59歲 | 大學及以上 | 桃竹苗區 | 本省閩南人 | 03 | 04 | 01"
"女性","50至59歲","大學及以上","桃竹苗區","本省閩南人","03","08","00",1,0.776140877612304,1,0.000178571428571429,0.000139228098862456,"女性 | 50至59歲 | 大學及以上 | 桃竹苗區 | 本省閩南人 | 03 | 08 | 00"
"女性","50至59歲","大學及以上","桃竹苗區","本省閩南人","05","03","02",1,0.913029327,1,0.000178571428571429,0.000163783845266523,"女性 | 50至59歲 | 大學及以上 | 桃竹苗區 | 本省閩南人 | 05 | 03 | 02"
"女性","50至59歲","大學及以上","桃竹苗區","本省閩南人","05","07","06",1,0.891893077,1,0.000178571428571429,0.00015999231722121,"女性 | 50至59歲 | 大學及以上 | 桃竹苗區 | 本省閩南人 | 05 | 07 | 06"
"女性","50至59歲","大學及以上","桃竹苗區","本省閩南人","06","04","06",1,0.776140877612304,1,0.000178571428571429,0.000139228098862456,"女性 | 50至59歲 | 大學及以上 | 桃竹苗區 | 本省閩南人 | 06 | 04 | 06"
"女性","50至59歲","大學及以上","桃竹苗區","本省閩南人","07","00","09",1,0.776140877612304,1,0.000178571428571429,0.000139228098862456,"女性 | 50至59歲 | 大學及以上 | 桃竹苗區 | 本省閩南人 | 07 | 00 | 09"
"女性","50至59歲","大學及以上","桃竹苗區","本省閩南人","07","05","07",1,0.776140877612304,1,0.000178571428571429,0.000139228098862456,"女性 | 50至59歲 | 大學及以上 | 桃竹苗區 | 本省閩南人 | 07 | 05 | 07"
"女性","50至59歲","大學及以上","桃竹苗區","本省閩南人","08","03","05",1,0.913029327,1,0.000178571428571429,0.000163783845266523,"女性 | 50至59歲 | 大學及以上 | 桃竹苗區 | 本省閩南人 | 08 | 03 | 05"
"女性","50至59歲","大學及以上","花東區","原住民","08","00","03",1,0.65289341840149,1,0.000178571428571429,0.00011711934266817,"女性 | 50至59歲 | 大學及以上 | 花東區 | 原住民 | 08 | 00 | 03"
"女性","50至59歲","大學及以上","花東區","本省客家人","05","01","04",1,0.825889156,1,0.000178571428571429,0.000148152198109627,"女性 | 50至59歲 | 大學及以上 | 花東區 | 本省客家人 | 05 | 01 | 04"
"女性","50至59歲","大學及以上","花東區","本省客家人","08","03","02",1,0.648920462,1,0.000178571428571429,0.000116406653538402,"女性 | 50至59歲 | 大學及以上 | 花東區 | 本省客家人 | 08 | 03 | 02"
"女性","50至59歲","大學及以上","花東區","本省閩南人","01","08","02",1,0.825889156,1,0.000178571428571429,0.000148152198109627,"女性 | 50至59歲 | 大學及以上 | 花東區 | 本省閩南人 | 01 | 08 | 02"
"女性","50至59歲","大學及以上","雲嘉南區","大陸各省市","07","01","06",1,0.816241807,1,0.000178571428571429,0.000146421607569847,"女性 | 50至59歲 | 大學及以上 | 雲嘉南區 | 大陸各省市 | 07 | 01 | 06"
"女性","50至59歲","大學及以上","雲嘉南區","大陸各省市","08","06","03",1,0.727328888858662,1,0.000178571428571429,0.000130471956012755,"女性 | 50至59歲 | 大學及以上 | 雲嘉南區 | 大陸各省市 | 08 | 06 | 03"
"女性","50至59歲","大學及以上","雲嘉南區","本省閩南人","00","07","03",1,0.673852959,1,0.000178571428571429,0.000120879171682122,"女性 | 50至59歲 | 大學及以上 | 雲嘉南區 | 本省閩南人 | 00 | 07 | 03"
"女性","50至59歲","大學及以上","雲嘉南區","本省閩南人","00","08","00",1,0.727328888858662,1,0.000178571428571429,0.000130471956012755,"女性 | 50至59歲 | 大學及以上 | 雲嘉南區 | 本省閩南人 | 00 | 08 | 00"
"女性","50至59歲","大學及以上","雲嘉南區","本省閩南人","02","06","01",1,0.727328888858662,1,0.000178571428571429,0.000130471956012755,"女性 | 50至59歲 | 大學及以上 | 雲嘉南區 | 本省閩南人 | 02 | 06 | 01"
"女性","50至59歲","大學及以上","雲嘉南區","本省閩南人","03","02","08",1,0.673852959,1,0.000178571428571429,0.000120879171682122,"女性 | 50至59歲 | 大學及以上 | 雲嘉南區 | 本省閩南人 | 03 | 02 | 08"
"女性","50至59歲","大學及以上","雲嘉南區","本省閩南人","03","07","02",1,0.673852959,1,0.000178571428571429,0.000120879171682122,"女性 | 50至59歲 | 大學及以上 | 雲嘉南區 | 本省閩南人 | 03 | 07 | 02"
"女性","50至59歲","大學及以上","雲嘉南區","本省閩南人","03","09","03",1,0.727328888858662,1,0.000178571428571429,0.000130471956012755,"女性 | 50至59歲 | 大學及以上 | 雲嘉南區 | 本省閩南人 | 03 | 09 | 03"
"女性","50至59歲","大學及以上","雲嘉南區","本省閩南人","04","02","02",1,0.727328888858662,1,0.000178571428571429,0.000130471956012755,"女性 | 50至59歲 | 大學及以上 | 雲嘉南區 | 本省閩南人 | 04 | 02 | 02"
"女性","50至59歲","大學及以上","雲嘉南區","本省閩南人","04","06","04",1,0.727328888858662,1,0.000178571428571429,0.000130471956012755,"女性 | 50至59歲 | 大學及以上 | 雲嘉南區 | 本省閩南人 | 04 | 06 | 04"
"女性","50至59歲","大學及以上","雲嘉南區","本省閩南人","06","04","07",1,0.673852959,1,0.000178571428571429,0.000120879171682122,"女性 | 50至59歲 | 大學及以上 | 雲嘉南區 | 本省閩南人 | 06 | 04 | 07"
"女性","50至59歲","大學及以上","雲嘉南區","本省閩南人","06","06","04",1,0.816241807,1,0.000178571428571429,0.000146421607569847,"女性 | 50至59歲 | 大學及以上 | 雲嘉南區 | 本省閩南人 | 06 | 06 | 04"
"女性","50至59歲","大學及以上","雲嘉南區","本省閩南人","07","03","01",1,0.816241807,1,0.000178571428571429,0.000146421607569847,"女性 | 50至59歲 | 大學及以上 | 雲嘉南區 | 本省閩南人 | 07 | 03 | 01"
"女性","50至59歲","大學及以上","雲嘉南區","本省閩南人","09","04","03",1,0.673852959,1,0.000178571428571429,0.000120879171682122,"女性 | 50至59歲 | 大學及以上 | 雲嘉南區 | 本省閩南人 | 09 | 04 | 03"
"女性","50至59歲","大學及以上","高屏區","大陸各省市","04","04","04",1,1.04172678419242,1,0.000178571428571429,0.000186870249822944,"女性 | 50至59歲 | 大學及以上 | 高屏區 | 大陸各省市 | 04 | 04 | 04"
"女性","50至59歲","大學及以上","高屏區","大陸各省市","05","03","05",1,1.04172678419242,1,0.000178571428571429,0.000186870249822944,"女性 | 50至59歲 | 大學及以上 | 高屏區 | 大陸各省市 | 05 | 03 | 05"
"女性","50至59歲","大學及以上","高屏區","大陸各省市","05","05","05",1,0.825967743,1,0.000178571428571429,0.00014816629544546,"女性 | 50至59歲 | 大學及以上 | 高屏區 | 大陸各省市 | 05 | 05 | 05"
"女性","50至59歲","大學及以上","高屏區","大陸各省市","06","04","07",1,0.845541682,1,0.000178571428571429,0.000151677568196102,"女性 | 50至59歲 | 大學及以上 | 高屏區 | 大陸各省市 | 06 | 04 | 07"
"女性","50至59歲","大學及以上","高屏區","本省閩南人","00","07","03",1,1.04172678419242,1,0.000178571428571429,0.000186870249822944,"女性 | 50至59歲 | 大學及以上 | 高屏區 | 本省閩南人 | 00 | 07 | 03"
"女性","50至59歲","大學及以上","高屏區","本省閩南人","00","08","03",1,0.825967743,1,0.000178571428571429,0.00014816629544546,"女性 | 50至59歲 | 大學及以上 | 高屏區 | 本省閩南人 | 00 | 08 | 03"
"女性","50至59歲","大學及以上","高屏區","本省閩南人","00","10","00",1,1.04172678419242,1,0.000178571428571429,0.000186870249822944,"女性 | 50至59歲 | 大學及以上 | 高屏區 | 本省閩南人 | 00 | 10 | 00"
"女性","50至59歲","大學及以上","高屏區","本省閩南人","00","10","02",1,0.825967743,1,0.000178571428571429,0.00014816629544546,"女性 | 50至59歲 | 大學及以上 | 高屏區 | 本省閩南人 | 00 | 10 | 02"
"女性","50至59歲","大學及以上","高屏區","本省閩南人","01","00","00",1,0.754602988,1,0.000178571428571429,0.000135364522660342,"女性 | 50至59歲 | 大學及以上 | 高屏區 | 本省閩南人 | 01 | 00 | 00"
"女性","50至59歲","大學及以上","高屏區","本省閩南人","01","07","01",1,1.04172678419242,1,0.000178571428571429,0.000186870249822944,"女性 | 50至59歲 | 大學及以上 | 高屏區 | 本省閩南人 | 01 | 07 | 01"
"女性","50至59歲","大學及以上","高屏區","本省閩南人","01","07","02",1,0.845541682,1,0.000178571428571429,0.000151677568196102,"女性 | 50至59歲 | 大學及以上 | 高屏區 | 本省閩南人 | 01 | 07 | 02"
"女性","50至59歲","大學及以上","高屏區","本省閩南人","01","09","01",1,0.825967743,1,0.000178571428571429,0.00014816629544546,"女性 | 50至59歲 | 大學及以上 | 高屏區 | 本省閩南人 | 01 | 09 | 01"
"女性","50至59歲","大學及以上","高屏區","本省閩南人","02","09","00",1,0.845541682,1,0.000178571428571429,0.000151677568196102,"女性 | 50至59歲 | 大學及以上 | 高屏區 | 本省閩南人 | 02 | 09 | 00"
"女性","50至59歲","大學及以上","高屏區","本省閩南人","03","06","03",1,1.04172678419242,1,0.000178571428571429,0.000186870249822944,"女性 | 50至59歲 | 大學及以上 | 高屏區 | 本省閩南人 | 03 | 06 | 03"
"女性","50至59歲","大學及以上","高屏區","本省閩南人","03","10","02",1,0.845541682,1,0.000178571428571429,0.000151677568196102,"女性 | 50至59歲 | 大學及以上 | 高屏區 | 本省閩南人 | 03 | 10 | 02"
"女性","50至59歲","大學及以上","高屏區","本省閩南人","05","00","06",1,0.754602988,1,0.000178571428571429,0.000135364522660342,"女性 | 50至59歲 | 大學及以上 | 高屏區 | 本省閩南人 | 05 | 00 | 06"
"女性","50至59歲","大學及以上","高屏區","本省閩南人","05","04","04",1,0.825967743,1,0.000178571428571429,0.00014816629544546,"女性 | 50至59歲 | 大學及以上 | 高屏區 | 本省閩南人 | 05 | 04 | 04"
"女性","50至59歲","大學及以上","高屏區","本省閩南人","05","05","03",1,1.04172678419242,1,0.000178571428571429,0.000186870249822944,"女性 | 50至59歲 | 大學及以上 | 高屏區 | 本省閩南人 | 05 | 05 | 03"
"女性","50至59歲","大學及以上","高屏區","本省閩南人","05","05","04",1,0.825967743,1,0.000178571428571429,0.00014816629544546,"女性 | 50至59歲 | 大學及以上 | 高屏區 | 本省閩南人 | 05 | 05 | 04"
"女性","50至59歲","大學及以上","高屏區","本省閩南人","06","00","03",1,1.04172678419242,1,0.000178571428571429,0.000186870249822944,"女性 | 50至59歲 | 大學及以上 | 高屏區 | 本省閩南人 | 06 | 00 | 03"
"女性","50至59歲","大學及以上","高屏區","本省閩南人","06","07","05",1,0.845541682,1,0.000178571428571429,0.000151677568196102,"女性 | 50至59歲 | 大學及以上 | 高屏區 | 本省閩南人 | 06 | 07 | 05"
"女性","50至59歲","大學及以上","高屏區","本省閩南人","07","00","05",1,1.04172678419242,1,0.000178571428571429,0.000186870249822944,"女性 | 50至59歲 | 大學及以上 | 高屏區 | 本省閩南人 | 07 | 00 | 05"
"女性","50至59歲","大學及以上","高屏區","本省閩南人","07","08","04",1,1.04172678419242,1,0.000178571428571429,0.000186870249822944,"女性 | 50至59歲 | 大學及以上 | 高屏區 | 本省閩南人 | 07 | 08 | 04"
"女性","50至59歲","專科","中彰投區","大陸各省市","05","04","06",1,0.837571615,1,0.000178571428571429,0.000150247857033832,"女性 | 50至59歲 | 專科 | 中彰投區 | 大陸各省市 | 05 | 04 | 06"
"女性","50至59歲","專科","中彰投區","大陸各省市","07","03","02",1,0.837571615,1,0.000178571428571429,0.000150247857033832,"女性 | 50至59歲 | 專科 | 中彰投區 | 大陸各省市 | 07 | 03 | 02"
"女性","50至59歲","專科","中彰投區","大陸各省市","10","00","06",1,0.913625890798589,1,0.000178571428571429,0.00016389085991544,"女性 | 50至59歲 | 專科 | 中彰投區 | 大陸各省市 | 10 | 00 | 06"
"女性","50至59歲","專科","中彰投區","本省客家人","03","04","02",1,0.913625890798589,1,0.000178571428571429,0.00016389085991544,"女性 | 50至59歲 | 專科 | 中彰投區 | 本省客家人 | 03 | 04 | 02"
"女性","50至59歲","專科","中彰投區","本省客家人","07","04","05",1,0.913625890798589,1,0.000178571428571429,0.00016389085991544,"女性 | 50至59歲 | 專科 | 中彰投區 | 本省客家人 | 07 | 04 | 05"
"女性","50至59歲","專科","中彰投區","本省閩南人","00","00","10",1,0.894372349,1,0.000178571428571429,0.000160437061644651,"女性 | 50至59歲 | 專科 | 中彰投區 | 本省閩南人 | 00 | 00 | 10"
"女性","50至59歲","專科","中彰投區","本省閩南人","00","08","02",1,0.894372349,1,0.000178571428571429,0.000160437061644651,"女性 | 50至59歲 | 專科 | 中彰投區 | 本省閩南人 | 00 | 08 | 02"
"女性","50至59歲","專科","中彰投區","本省閩南人","03","00","08",1,0.821318138,1,0.000178571428571429,0.000147332225647973,"女性 | 50至59歲 | 專科 | 中彰投區 | 本省閩南人 | 03 | 00 | 08"
"女性","50至59歲","專科","中彰投區","本省閩南人","04","04","04",1,0.894372349,1,0.000178571428571429,0.000160437061644651,"女性 | 50至59歲 | 專科 | 中彰投區 | 本省閩南人 | 04 | 04 | 04"
"女性","50至59歲","專科","中彰投區","本省閩南人","05","01","03",1,0.913625890798589,1,0.000178571428571429,0.00016389085991544,"女性 | 50至59歲 | 專科 | 中彰投區 | 本省閩南人 | 05 | 01 | 03"
"女性","50至59歲","專科","中彰投區","本省閩南人","05","04","01",1,0.837571615,1,0.000178571428571429,0.000150247857033832,"女性 | 50至59歲 | 專科 | 中彰投區 | 本省閩南人 | 05 | 04 | 01"
"女性","50至59歲","專科","中彰投區","本省閩南人","05","04","05",1,0.894372349,1,0.000178571428571429,0.000160437061644651,"女性 | 50至59歲 | 專科 | 中彰投區 | 本省閩南人 | 05 | 04 | 05"
"女性","50至59歲","專科","中彰投區","本省閩南人","05","07","02",1,0.837571615,1,0.000178571428571429,0.000150247857033832,"女性 | 50至59歲 | 專科 | 中彰投區 | 本省閩南人 | 05 | 07 | 02"
"女性","50至59歲","專科","中彰投區","本省閩南人","05","07","04",1,0.913625890798589,1,0.000178571428571429,0.00016389085991544,"女性 | 50至59歲 | 專科 | 中彰投區 | 本省閩南人 | 05 | 07 | 04"
"女性","50至59歲","專科","中彰投區","本省閩南人","05","08","08",1,0.873668001,1,0.000178571428571429,0.000156723010377187,"女性 | 50至59歲 | 專科 | 中彰投區 | 本省閩南人 | 05 | 08 | 08"
"女性","50至59歲","專科","中彰投區","本省閩南人","07","03","03",1,0.913625890798589,1,0.000178571428571429,0.00016389085991544,"女性 | 50至59歲 | 專科 | 中彰投區 | 本省閩南人 | 07 | 03 | 03"
"女性","50至59歲","專科","中彰投區","本省閩南人","07","04","03",1,0.837571615,1,0.000178571428571429,0.000150247857033832,"女性 | 50至59歲 | 專科 | 中彰投區 | 本省閩南人 | 07 | 04 | 03"
"女性","50至59歲","專科","北北基宜蘭區","大陸各省市","02","00","02",1,1.09739422,1,0.000178571428571429,0.000196856157638907,"女性 | 50至59歲 | 專科 | 北北基宜蘭區 | 大陸各省市 | 02 | 00 | 02"
"女性","50至59歲","專科","北北基宜蘭區","大陸各省市","03","02","03",1,1.10469852,1,0.000178571428571429,0.000198166440129954,"女性 | 50至59歲 | 專科 | 北北基宜蘭區 | 大陸各省市 | 03 | 02 | 03"
"女性","50至59歲","專科","北北基宜蘭區","大陸各省市","05","04","04",1,0.892255344624238,1,0.000178571428571429,0.000160057302630504,"女性 | 50至59歲 | 專科 | 北北基宜蘭區 | 大陸各省市 | 05 | 04 | 04"
"女性","50至59歲","專科","北北基宜蘭區","大陸各省市","07","00","05",1,0.892255344624238,1,0.000178571428571429,0.000160057302630504,"女性 | 50至59歲 | 專科 | 北北基宜蘭區 | 大陸各省市 | 07 | 00 | 05"
"女性","50至59歲","專科","北北基宜蘭區","大陸各省市","09","01","07",1,0.892255344624238,1,0.000178571428571429,0.000160057302630504,"女性 | 50至59歲 | 專科 | 北北基宜蘭區 | 大陸各省市 | 09 | 01 | 07"
"女性","50至59歲","專科","北北基宜蘭區","本省客家人","05","05","04",1,0.892255344624238,1,0.000178571428571429,0.000160057302630504,"女性 | 50至59歲 | 專科 | 北北基宜蘭區 | 本省客家人 | 05 | 05 | 04"
"女性","50至59歲","專科","北北基宜蘭區","本省客家人","07","00","10",1,1.10469852,1,0.000178571428571429,0.000198166440129954,"女性 | 50至59歲 | 專科 | 北北基宜蘭區 | 本省客家人 | 07 | 00 | 10"
"女性","50至59歲","專科","北北基宜蘭區","本省客家人","07","03","03",1,1.10469852,1,0.000178571428571429,0.000198166440129954,"女性 | 50至59歲 | 專科 | 北北基宜蘭區 | 本省客家人 | 07 | 03 | 03"
"女性","50至59歲","專科","北北基宜蘭區","本省閩南人","00","08","03",1,1.09739422,1,0.000178571428571429,0.000196856157638907,"女性 | 50至59歲 | 專科 | 北北基宜蘭區 | 本省閩南人 | 00 | 08 | 03"
"女性","50至59歲","專科","北北基宜蘭區","本省閩南人","01","08","00",1,1.10469852,1,0.000178571428571429,0.000198166440129954,"女性 | 50至59歲 | 專科 | 北北基宜蘭區 | 本省閩南人 | 01 | 08 | 00"
"女性","50至59歲","專科","北北基宜蘭區","本省閩南人","03","06","01",1,1.10469852,1,0.000178571428571429,0.000198166440129954,"女性 | 50至59歲 | 專科 | 北北基宜蘭區 | 本省閩南人 | 03 | 06 | 01"
"女性","50至59歲","專科","北北基宜蘭區","本省閩南人","03","06","05",1,1.10469852,1,0.000178571428571429,0.000198166440129954,"女性 | 50至59歲 | 專科 | 北北基宜蘭區 | 本省閩南人 | 03 | 06 | 05"
"女性","50至59歲","專科","北北基宜蘭區","本省閩南人","03","08","00",1,1.09739422,1,0.000178571428571429,0.000196856157638907,"女性 | 50至59歲 | 專科 | 北北基宜蘭區 | 本省閩南人 | 03 | 08 | 00"
"女性","50至59歲","專科","北北基宜蘭區","本省閩南人","04","06","05",1,1.07199,1,0.000178571428571429,0.000192299019423787,"女性 | 50至59歲 | 專科 | 北北基宜蘭區 | 本省閩南人 | 04 | 06 | 05"
"女性","50至59歲","專科","北北基宜蘭區","本省閩南人","05","02","02",1,1.07199,1,0.000178571428571429,0.000192299019423787,"女性 | 50至59歲 | 專科 | 北北基宜蘭區 | 本省閩南人 | 05 | 02 | 02"
"女性","50至59歲","專科","北北基宜蘭區","本省閩南人","05","04","04",1,1.09739422,1,0.000178571428571429,0.000196856157638907,"女性 | 50至59歲 | 專科 | 北北基宜蘭區 | 本省閩南人 | 05 | 04 | 04"
"女性","50至59歲","專科","北北基宜蘭區","本省閩南人","05","06","02",1,0.892255344624238,1,0.000178571428571429,0.000160057302630504,"女性 | 50至59歲 | 專科 | 北北基宜蘭區 | 本省閩南人 | 05 | 06 | 02"
"女性","50至59歲","專科","北北基宜蘭區","本省閩南人","05","06","07",1,1.10469852,1,0.000178571428571429,0.000198166440129954,"女性 | 50至59歲 | 專科 | 北北基宜蘭區 | 本省閩南人 | 05 | 06 | 07"
"女性","50至59歲","專科","北北基宜蘭區","本省閩南人","05","07","03",1,0.892255344624238,1,0.000178571428571429,0.000160057302630504,"女性 | 50至59歲 | 專科 | 北北基宜蘭區 | 本省閩南人 | 05 | 07 | 03"
"女性","50至59歲","專科","北北基宜蘭區","本省閩南人","05","07","05",1,1.07199,1,0.000178571428571429,0.000192299019423787,"女性 | 50至59歲 | 專科 | 北北基宜蘭區 | 本省閩南人 | 05 | 07 | 05"
"女性","50至59歲","專科","北北基宜蘭區","本省閩南人","05","10","00",1,1.10469852,1,0.000178571428571429,0.000198166440129954,"女性 | 50至59歲 | 專科 | 北北基宜蘭區 | 本省閩南人 | 05 | 10 | 00"
"女性","50至59歲","專科","北北基宜蘭區","本省閩南人","06","01","04",1,1.10469852,1,0.000178571428571429,0.000198166440129954,"女性 | 50至59歲 | 專科 | 北北基宜蘭區 | 本省閩南人 | 06 | 01 | 04"
"女性","50至59歲","專科","北北基宜蘭區","本省閩南人","06","05","05",1,1.10469852,1,0.000178571428571429,0.000198166440129954,"女性 | 50至59歲 | 專科 | 北北基宜蘭區 | 本省閩南人 | 06 | 05 | 05"
"女性","50至59歲","專科","北北基宜蘭區","本省閩南人","06","05","06",1,0.892255344624238,1,0.000178571428571429,0.000160057302630504,"女性 | 50至59歲 | 專科 | 北北基宜蘭區 | 本省閩南人 | 06 | 05 | 06"
"女性","50至59歲","專科","北北基宜蘭區","本省閩南人","07","00","05",1,0.892255344624238,1,0.000178571428571429,0.000160057302630504,"女性 | 50至59歲 | 專科 | 北北基宜蘭區 | 本省閩南人 | 07 | 00 | 05"
"女性","50至59歲","專科","北北基宜蘭區","本省閩南人","07","08","08",1,1.07199,1,0.000178571428571429,0.000192299019423787,"女性 | 50至59歲 | 專科 | 北北基宜蘭區 | 本省閩南人 | 07 | 08 | 08"
"女性","50至59歲","專科","北北基宜蘭區","本省閩南人","07","09","01",1,1.09739422,1,0.000178571428571429,0.000196856157638907,"女性 | 50至59歲 | 專科 | 北北基宜蘭區 | 本省閩南人 | 07 | 09 | 01"
"女性","50至59歲","專科","桃竹苗區","大陸各省市","09","02","03",1,1.131973296,1,0.000178571428571429,0.00020305912819589,"女性 | 50至59歲 | 專科 | 桃竹苗區 | 大陸各省市 | 09 | 02 | 03"
"女性","50至59歲","專科","桃竹苗區","大陸各省市","09","02","06",1,0.950108227,1,0.000178571428571429,0.000170435246969256,"女性 | 50至59歲 | 專科 | 桃竹苗區 | 大陸各省市 | 09 | 02 | 06"
"女性","50至59歲","專科","桃竹苗區","大陸各省市","09","05","05",1,0.950108227,1,0.000178571428571429,0.000170435246969256,"女性 | 50至59歲 | 專科 | 桃竹苗區 | 大陸各省市 | 09 | 05 | 05"
"女性","50至59歲","專科","桃竹苗區","本省客家人","05","06","02",1,0.840016757460395,1,0.000178571428571429,0.000150686479126842,"女性 | 50至59歲 | 專科 | 桃竹苗區 | 本省客家人 | 05 | 06 | 02"
"女性","50至59歲","專科","桃竹苗區","本省閩南人","00","05","05",1,0.840016757460395,1,0.000178571428571429,0.000150686479126842,"女性 | 50至59歲 | 專科 | 桃竹苗區 | 本省閩南人 | 00 | 05 | 05"
"女性","50至59歲","專科","桃竹苗區","本省閩南人","03","03","03",1,0.840016757460395,1,0.000178571428571429,0.000150686479126842,"女性 | 50至59歲 | 專科 | 桃竹苗區 | 本省閩南人 | 03 | 03 | 03"
"女性","50至59歲","專科","桃竹苗區","本省閩南人","04","03","02",1,0.840016757460395,1,0.000178571428571429,0.000150686479126842,"女性 | 50至59歲 | 專科 | 桃竹苗區 | 本省閩南人 | 04 | 03 | 02"
"女性","50至59歲","專科","桃竹苗區","本省閩南人","05","04","05",1,0.840016757460395,1,0.000178571428571429,0.000150686479126842,"女性 | 50至59歲 | 專科 | 桃竹苗區 | 本省閩南人 | 05 | 04 | 05"
"女性","50至59歲","專科","桃竹苗區","本省閩南人","05","05","04",1,0.971224754,1,0.000178571428571429,0.000174223237002499,"女性 | 50至59歲 | 專科 | 桃竹苗區 | 本省閩南人 | 05 | 05 | 04"
"女性","50至59歲","專科","桃竹苗區","本省閩南人","05","05","05",1,0.891893077,1,0.000178571428571429,0.00015999231722121,"女性 | 50至59歲 | 專科 | 桃竹苗區 | 本省閩南人 | 05 | 05 | 05"
"女性","50至59歲","專科","桃竹苗區","本省閩南人","05","06","04",1,0.950108227,1,0.000178571428571429,0.000170435246969256,"女性 | 50至59歲 | 專科 | 桃竹苗區 | 本省閩南人 | 05 | 06 | 04"
"女性","50至59歲","專科","桃竹苗區","本省閩南人","07","07","06",1,0.840016757460395,1,0.000178571428571429,0.000150686479126842,"女性 | 50至59歲 | 專科 | 桃竹苗區 | 本省閩南人 | 07 | 07 | 06"
"女性","50至59歲","專科","桃竹苗區","本省閩南人","08","02","04",1,0.950108227,1,0.000178571428571429,0.000170435246969256,"女性 | 50至59歲 | 專科 | 桃竹苗區 | 本省閩南人 | 08 | 02 | 04"
"女性","50至59歲","專科","花東區","大陸各省市","07","05","06",1,1.006841501,1,0.000178571428571429,0.000180612350262105,"女性 | 50至59歲 | 專科 | 花東區 | 大陸各省市 | 07 | 05 | 06"
"女性","50至59歲","專科","花東區","本省客家人","05","05","05",1,1.006841501,1,0.000178571428571429,0.000180612350262105,"女性 | 50至59歲 | 專科 | 花東區 | 本省客家人 | 05 | 05 | 05"
"女性","50至59歲","專科","花東區","本省閩南人","03","08","05",1,0.706640327,1,0.000178571428571429,0.000126760736543629,"女性 | 50至59歲 | 專科 | 花東區 | 本省閩南人 | 03 | 08 | 05"
"女性","50至59歲","專科","花東區","本省閩南人","06","08","04",1,0.70662611403752,1,0.000178571428571429,0.000126758186950118,"女性 | 50至59歲 | 專科 | 花東區 | 本省閩南人 | 06 | 08 | 04"
"女性","50至59歲","專科","花東區","本省閩南人","08","00","05",1,0.70662611403752,1,0.000178571428571429,0.000126758186950118,"女性 | 50至59歲 | 專科 | 花東區 | 本省閩南人 | 08 | 00 | 05"
"女性","50至59歲","專科","花東區","本省閩南人","10","00","00",1,0.706640327,1,0.000178571428571429,0.000126760736543629,"女性 | 50至59歲 | 專科 | 花東區 | 本省閩南人 | 10 | 00 | 00"
"女性","50至59歲","專科","雲嘉南區","大陸各省市","05","07","04",1,0.888844491,1,0.000178571428571429,0.000159445446356342,"女性 | 50至59歲 | 專科 | 雲嘉南區 | 大陸各省市 | 05 | 07 | 04"
"女性","50至59歲","專科","雲嘉南區","本省閩南人","00","08","00",1,0.787187574381973,1,0.000178571428571429,0.000141209711523655,"女性 | 50至59歲 | 專科 | 雲嘉南區 | 本省閩南人 | 00 | 08 | 00"
"女性","50至59歲","專科","雲嘉南區","本省閩南人","01","07","01",1,0.787187574381973,1,0.000178571428571429,0.000141209711523655,"女性 | 50至59歲 | 專科 | 雲嘉南區 | 本省閩南人 | 01 | 07 | 01"
"女性","50至59歲","專科","雲嘉南區","本省閩南人","03","08","05",1,0.821494168,1,0.000178571428571429,0.00014736380280484,"女性 | 50至59歲 | 專科 | 雲嘉南區 | 本省閩南人 | 03 | 08 | 05"
"女性","50至59歲","專科","雲嘉南區","本省閩南人","04","06","03",1,0.888844491,1,0.000178571428571429,0.000159445446356342,"女性 | 50至59歲 | 專科 | 雲嘉南區 | 本省閩南人 | 04 | 06 | 03"
"女性","50至59歲","專科","雲嘉南區","本省閩南人","05","00","05",1,0.888844491,1,0.000178571428571429,0.000159445446356342,"女性 | 50至59歲 | 專科 | 雲嘉南區 | 本省閩南人 | 05 | 00 | 05"
"女性","50至59歲","專科","雲嘉南區","本省閩南人","05","02","04",1,0.888844491,1,0.000178571428571429,0.000159445446356342,"女性 | 50至59歲 | 專科 | 雲嘉南區 | 本省閩南人 | 05 | 02 | 04"
"女性","50至59歲","專科","雲嘉南區","本省閩南人","05","05","09",1,0.868268111,1,0.000178571428571429,0.000155754350639693,"女性 | 50至59歲 | 專科 | 雲嘉南區 | 本省閩南人 | 05 | 05 | 09"
"女性","50至59歲","專科","雲嘉南區","本省閩南人","06","06","05",1,0.787187574381973,1,0.000178571428571429,0.000141209711523655,"女性 | 50至59歲 | 專科 | 雲嘉南區 | 本省閩南人 | 06 | 06 | 05"
"女性","50至59歲","專科","高屏區","大陸各省市","04","05","00",1,0.919936531,1,0.000178571428571429,0.000165022894657059,"女性 | 50至59歲 | 專科 | 高屏區 | 大陸各省市 | 04 | 05 | 00"
"女性","50至59歲","專科","高屏區","大陸各省市","05","05","05",1,1.12746020813772,1,0.000178571428571429,0.000202249547537032,"女性 | 50至59歲 | 專科 | 高屏區 | 大陸各省市 | 05 | 05 | 05"
"女性","50至59歲","專科","高屏區","大陸各省市","07","00","05",1,0.919936531,1,0.000178571428571429,0.000165022894657059,"女性 | 50至59歲 | 專科 | 高屏區 | 大陸各省市 | 07 | 00 | 05"
"女性","50至59歲","專科","高屏區","大陸各省市","07","05","06",1,0.899435525,1,0.000178571428571429,0.000161345319911958,"女性 | 50至59歲 | 專科 | 高屏區 | 大陸各省市 | 07 | 05 | 06"
"女性","50至59歲","專科","高屏區","本省客家人","02","03","00",1,1.12746020813772,1,0.000178571428571429,0.000202249547537032,"女性 | 50至59歲 | 專科 | 高屏區 | 本省客家人 | 02 | 03 | 00"
"女性","50至59歲","專科","高屏區","本省閩南人","00","10","00",1,0.919936531,1,0.000178571428571429,0.000165022894657059,"女性 | 50至59歲 | 專科 | 高屏區 | 本省閩南人 | 00 | 10 | 00"
"女性","50至59歲","專科","高屏區","本省閩南人","03","07","00",1,1.12746020813772,1,0.000178571428571429,0.000202249547537032,"女性 | 50至59歲 | 專科 | 高屏區 | 本省閩南人 | 03 | 07 | 00"
"女性","50至59歲","專科","高屏區","本省閩南人","04","05","02",1,1.12746020813772,1,0.000178571428571429,0.000202249547537032,"女性 | 50至59歲 | 專科 | 高屏區 | 本省閩南人 | 04 | 05 | 02"
"女性","50至59歲","專科","高屏區","本省閩南人","05","05","05",1,1.12746020813772,1,0.000178571428571429,0.000202249547537032,"女性 | 50至59歲 | 專科 | 高屏區 | 本省閩南人 | 05 | 05 | 05"
"女性","50至59歲","專科","高屏區","本省閩南人","05","06","05",1,1.12746020813772,1,0.000178571428571429,0.000202249547537032,"女性 | 50至59歲 | 專科 | 高屏區 | 本省閩南人 | 05 | 06 | 05"
"女性","50至59歲","專科","高屏區","本省閩南人","05","07","02",1,1.12746020813772,1,0.000178571428571429,0.000202249547537032,"女性 | 50至59歲 | 專科 | 高屏區 | 本省閩南人 | 05 | 07 | 02"
"女性","50至59歲","專科","高屏區","本省閩南人","05","07","04",1,0.920750517,1,0.000178571428571429,0.000165168911606494,"女性 | 50至59歲 | 專科 | 高屏區 | 本省閩南人 | 05 | 07 | 04"
"女性","50至59歲","專科","高屏區","本省閩南人","06","04","05",1,0.920750517,1,0.000178571428571429,0.000165168911606494,"女性 | 50至59歲 | 專科 | 高屏區 | 本省閩南人 | 06 | 04 | 05"
"女性","50至59歲","專科","高屏區","本省閩南人","06","05","03",1,0.899435525,1,0.000178571428571429,0.000161345319911958,"女性 | 50至59歲 | 專科 | 高屏區 | 本省閩南人 | 06 | 05 | 03"
"女性","50至59歲","專科","高屏區","本省閩南人","07","02","00",1,0.920750517,1,0.000178571428571429,0.000165168911606494,"女性 | 50至59歲 | 專科 | 高屏區 | 本省閩南人 | 07 | 02 | 00"
"女性","50至59歲","專科","高屏區","本省閩南人","07","06","08",1,0.919936531,1,0.000178571428571429,0.000165022894657059,"女性 | 50至59歲 | 專科 | 高屏區 | 本省閩南人 | 07 | 06 | 08"
"女性","50至59歲","專科","高屏區","本省閩南人","08","01","04",1,1.12746020813772,1,0.000178571428571429,0.000202249547537032,"女性 | 50至59歲 | 專科 | 高屏區 | 本省閩南人 | 08 | 01 | 04"
"女性","50至59歲","專科","高屏區","本省閩南人","08","01","05",1,0.920750517,1,0.000178571428571429,0.000165168911606494,"女性 | 50至59歲 | 專科 | 高屏區 | 本省閩南人 | 08 | 01 | 05"
"女性","50至59歲","小學及以下","中彰投區","本省閩南人","05","00","05",1,1.16339533,1,0.000178571428571429,0.00020869577249901,"女性 | 50至59歲 | 小學及以下 | 中彰投區 | 本省閩南人 | 05 | 00 | 05"
"女性","50至59歲","小學及以下","北北基宜蘭區","本省閩南人","05","05","00",1,1.534437267,1,0.000178571428571429,0.000275255162652092,"女性 | 50至59歲 | 小學及以下 | 北北基宜蘭區 | 本省閩南人 | 05 | 05 | 00"
"女性","50至59歲","小學及以下","北北基宜蘭區","本省閩南人","05","07","00",1,1.30466780278902,1,0.000178571428571429,0.000234037947322378,"女性 | 50至59歲 | 小學及以下 | 北北基宜蘭區 | 本省閩南人 | 05 | 07 | 00"
"女性","50至59歲","小學及以下","桃竹苗區","本省閩南人","03","02","01",1,1.22828383586019,1,0.000178571428571429,0.000220335802768685,"女性 | 50至59歲 | 小學及以下 | 桃竹苗區 | 本省閩南人 | 03 | 02 | 01"
"女性","50至59歲","小學及以下","桃竹苗區","本省閩南人","06","06","05",1,1.22828383586019,1,0.000178571428571429,0.000220335802768685,"女性 | 50至59歲 | 小學及以下 | 桃竹苗區 | 本省閩南人 | 06 | 06 | 05"
"女性","50至59歲","小學及以下","雲嘉南區","本省閩南人","00","09","01",1,1.141063596,1,0.000178571428571429,0.000204689792452337,"女性 | 50至59歲 | 小學及以下 | 雲嘉南區 | 本省閩南人 | 00 | 09 | 01"
"女性","50至59歲","小學及以下","雲嘉南區","本省閩南人","05","08","06",1,1.141063596,1,0.000178571428571429,0.000204689792452337,"女性 | 50至59歲 | 小學及以下 | 雲嘉南區 | 本省閩南人 | 05 | 08 | 06"
"女性","50至59歲","小學及以下","高屏區","本省閩南人","04","07","03",1,1.277801021,1,0.000178571428571429,0.000229218447333477,"女性 | 50至59歲 | 小學及以下 | 高屏區 | 本省閩南人 | 04 | 07 | 03"
"女性","50至59歲","高中、職","中彰投區","大陸各省市","00","00","10",1,0.994697287,1,0.000178571428571429,0.000178433859377048,"女性 | 50至59歲 | 高中、職 | 中彰投區 | 大陸各省市 | 00 | 00 | 10"
"女性","50至59歲","高中、職","中彰投區","本省客家人","03","08","04",1,1.17498695012387,1,0.000178571428571429,0.000210775136283516,"女性 | 50至59歲 | 高中、職 | 中彰投區 | 本省客家人 | 03 | 08 | 04"
"女性","50至59歲","高中、職","中彰投區","本省客家人","05","00","08",1,0.994697287,1,0.000178571428571429,0.000178433859377048,"女性 | 50至59歲 | 高中、職 | 中彰投區 | 本省客家人 | 05 | 00 | 08"
"女性","50至59歲","高中、職","中彰投區","本省客家人","08","09","06",1,1.138758017,1,0.000178571428571429,0.000204276205962814,"女性 | 50至59歲 | 高中、職 | 中彰投區 | 本省客家人 | 08 | 09 | 06"
"女性","50至59歲","高中、職","中彰投區","本省閩南人","00","07","01",1,1.138758017,1,0.000178571428571429,0.000204276205962814,"女性 | 50至59歲 | 高中、職 | 中彰投區 | 本省閩南人 | 00 | 07 | 01"
"女性","50至59歲","高中、職","中彰投區","本省閩南人","00","08","00",1,1.17498695012387,1,0.000178571428571429,0.000210775136283516,"女性 | 50至59歲 | 高中、職 | 中彰投區 | 本省閩南人 | 00 | 08 | 00"
"女性","50至59歲","高中、職","中彰投區","本省閩南人","02","08","00",1,1.17498695012387,1,0.000178571428571429,0.000210775136283516,"女性 | 50至59歲 | 高中、職 | 中彰投區 | 本省閩南人 | 02 | 08 | 00"
"女性","50至59歲","高中、職","中彰投區","本省閩南人","03","03","01",1,1.17498695012387,1,0.000178571428571429,0.000210775136283516,"女性 | 50至59歲 | 高中、職 | 中彰投區 | 本省閩南人 | 03 | 03 | 01"
"女性","50至59歲","高中、職","中彰投區","本省閩南人","03","07","02",1,1.018269811,1,0.000178571428571429,0.000182662418645832,"女性 | 50至59歲 | 高中、職 | 中彰投區 | 本省閩南人 | 03 | 07 | 02"
"女性","50至59歲","高中、職","中彰投區","本省閩南人","03","08","04",1,0.994697287,1,0.000178571428571429,0.000178433859377048,"女性 | 50至59歲 | 高中、職 | 中彰投區 | 本省閩南人 | 03 | 08 | 04"
"女性","50至59歲","高中、職","中彰投區","本省閩南人","03","08","06",1,1.018269811,1,0.000178571428571429,0.000182662418645832,"女性 | 50至59歲 | 高中、職 | 中彰投區 | 本省閩南人 | 03 | 08 | 06"
"女性","50至59歲","高中、職","中彰投區","本省閩南人","04","05","08",1,1.018269811,1,0.000178571428571429,0.000182662418645832,"女性 | 50至59歲 | 高中、職 | 中彰投區 | 本省閩南人 | 04 | 05 | 08"
"女性","50至59歲","高中、職","中彰投區","本省閩南人","04","06","04",1,1.018269811,1,0.000178571428571429,0.000182662418645832,"女性 | 50至59歲 | 高中、職 | 中彰投區 | 本省閩南人 | 04 | 06 | 04"
"女性","50至59歲","高中、職","中彰投區","本省閩南人","04","06","05",1,1.138758017,1,0.000178571428571429,0.000204276205962814,"女性 | 50至59歲 | 高中、職 | 中彰投區 | 本省閩南人 | 04 | 06 | 05"
"女性","50至59歲","高中、職","中彰投區","本省閩南人","05","00","05",1,1.17498695012387,1,0.000178571428571429,0.000210775136283516,"女性 | 50至59歲 | 高中、職 | 中彰投區 | 本省閩南人 | 05 | 00 | 05"
"女性","50至59歲","高中、職","中彰投區","本省閩南人","05","01","05",1,0.994697287,1,0.000178571428571429,0.000178433859377048,"女性 | 50至59歲 | 高中、職 | 中彰投區 | 本省閩南人 | 05 | 01 | 05"
"女性","50至59歲","高中、職","中彰投區","本省閩南人","05","03","02",1,1.17498695012387,1,0.000178571428571429,0.000210775136283516,"女性 | 50至59歲 | 高中、職 | 中彰投區 | 本省閩南人 | 05 | 03 | 02"
"女性","50至59歲","高中、職","中彰投區","本省閩南人","05","05","03",1,1.17498695012387,1,0.000178571428571429,0.000210775136283516,"女性 | 50至59歲 | 高中、職 | 中彰投區 | 本省閩南人 | 05 | 05 | 03"
"女性","50至59歲","高中、職","中彰投區","本省閩南人","05","06","02",1,0.994697287,1,0.000178571428571429,0.000178433859377048,"女性 | 50至59歲 | 高中、職 | 中彰投區 | 本省閩南人 | 05 | 06 | 02"
"女性","50至59歲","高中、職","中彰投區","本省閩南人","05","07","04",1,1.018269811,1,0.000178571428571429,0.000182662418645832,"女性 | 50至59歲 | 高中、職 | 中彰投區 | 本省閩南人 | 05 | 07 | 04"
"女性","50至59歲","高中、職","中彰投區","本省閩南人","05","08","00",1,1.17498695012387,1,0.000178571428571429,0.000210775136283516,"女性 | 50至59歲 | 高中、職 | 中彰投區 | 本省閩南人 | 05 | 08 | 00"
"女性","50至59歲","高中、職","中彰投區","本省閩南人","05","08","05",1,1.17498695012387,1,0.000178571428571429,0.000210775136283516,"女性 | 50至59歲 | 高中、職 | 中彰投區 | 本省閩南人 | 05 | 08 | 05"
"女性","50至59歲","高中、職","中彰投區","本省閩南人","06","00","03",1,1.17498695012387,1,0.000178571428571429,0.000210775136283516,"女性 | 50至59歲 | 高中、職 | 中彰投區 | 本省閩南人 | 06 | 00 | 03"
"女性","50至59歲","高中、職","中彰投區","本省閩南人","06","00","06",1,1.17498695012387,1,0.000178571428571429,0.000210775136283516,"女性 | 50至59歲 | 高中、職 | 中彰投區 | 本省閩南人 | 06 | 00 | 06"
"女性","50至59歲","高中、職","中彰投區","本省閩南人","06","03","05",1,1.17498695012387,1,0.000178571428571429,0.000210775136283516,"女性 | 50至59歲 | 高中、職 | 中彰投區 | 本省閩南人 | 06 | 03 | 05"
"女性","50至59歲","高中、職","中彰投區","本省閩南人","06","04","05",1,1.018269811,1,0.000178571428571429,0.000182662418645832,"女性 | 50至59歲 | 高中、職 | 中彰投區 | 本省閩南人 | 06 | 04 | 05"
"女性","50至59歲","高中、職","中彰投區","本省閩南人","06","04","06",1,1.138758017,1,0.000178571428571429,0.000204276205962814,"女性 | 50至59歲 | 高中、職 | 中彰投區 | 本省閩南人 | 06 | 04 | 06"
"女性","50至59歲","高中、職","中彰投區","本省閩南人","06","08","07",1,1.018269811,1,0.000178571428571429,0.000182662418645832,"女性 | 50至59歲 | 高中、職 | 中彰投區 | 本省閩南人 | 06 | 08 | 07"
"女性","50至59歲","高中、職","中彰投區","本省閩南人","07","00","03",1,1.17498695012387,1,0.000178571428571429,0.000210775136283516,"女性 | 50至59歲 | 高中、職 | 中彰投區 | 本省閩南人 | 07 | 00 | 03"
"女性","50至59歲","高中、職","中彰投區","本省閩南人","07","00","05",1,1.17498695012387,1,0.000178571428571429,0.000210775136283516,"女性 | 50至59歲 | 高中、職 | 中彰投區 | 本省閩南人 | 07 | 00 | 05"
"女性","50至59歲","高中、職","中彰投區","本省閩南人","07","00","08",1,1.17498695012387,1,0.000178571428571429,0.000210775136283516,"女性 | 50至59歲 | 高中、職 | 中彰投區 | 本省閩南人 | 07 | 00 | 08"
"女性","50至59歲","高中、職","中彰投區","本省閩南人","07","02","02",1,1.17498695012387,1,0.000178571428571429,0.000210775136283516,"女性 | 50至59歲 | 高中、職 | 中彰投區 | 本省閩南人 | 07 | 02 | 02"
"女性","50至59歲","高中、職","中彰投區","本省閩南人","07","05","05",1,1.17498695012387,1,0.000178571428571429,0.000210775136283516,"女性 | 50至59歲 | 高中、職 | 中彰投區 | 本省閩南人 | 07 | 05 | 05"
"女性","50至59歲","高中、職","中彰投區","本省閩南人","07","05","07",1,0.994697287,1,0.000178571428571429,0.000178433859377048,"女性 | 50至59歲 | 高中、職 | 中彰投區 | 本省閩南人 | 07 | 05 | 07"
"女性","50至59歲","高中、職","中彰投區","本省閩南人","08","02","03",1,1.138758017,1,0.000178571428571429,0.000204276205962814,"女性 | 50至59歲 | 高中、職 | 中彰投區 | 本省閩南人 | 08 | 02 | 03"
"女性","50至59歲","高中、職","中彰投區","本省閩南人","08","05","03",1,1.018269811,1,0.000178571428571429,0.000182662418645832,"女性 | 50至59歲 | 高中、職 | 中彰投區 | 本省閩南人 | 08 | 05 | 03"
"女性","50至59歲","高中、職","中彰投區","本省閩南人","08","05","06",1,1.138758017,1,0.000178571428571429,0.000204276205962814,"女性 | 50至59歲 | 高中、職 | 中彰投區 | 本省閩南人 | 08 | 05 | 06"
"女性","50至59歲","高中、職","中彰投區","本省閩南人","10","00","04",1,1.17498695012387,1,0.000178571428571429,0.000210775136283516,"女性 | 50至59歲 | 高中、職 | 中彰投區 | 本省閩南人 | 10 | 00 | 04"
"女性","50至59歲","高中、職","中彰投區","本省閩南人","10","00","05",1,1.17498695012387,1,0.000178571428571429,0.000210775136283516,"女性 | 50至59歲 | 高中、職 | 中彰投區 | 本省閩南人 | 10 | 00 | 05"
"女性","50至59歲","高中、職","北北基宜蘭區","原住民","08","00","06",1,1.14750292944891,1,0.000178571428571429,0.000205844912843356,"女性 | 50至59歲 | 高中、職 | 北北基宜蘭區 | 原住民 | 08 | 00 | 06"
"女性","50至59歲","高中、職","北北基宜蘭區","大陸各省市","00","09","00",1,1.249416316,1,0.000178571428571429,0.000224126654557301,"女性 | 50至59歲 | 高中、職 | 北北基宜蘭區 | 大陸各省市 | 00 | 09 | 00"
"女性","50至59歲","高中、職","北北基宜蘭區","大陸各省市","01","10","02",1,1.14750292944891,1,0.000178571428571429,0.000205844912843356,"女性 | 50至59歲 | 高中、職 | 北北基宜蘭區 | 大陸各省市 | 01 | 10 | 02"
"女性","50至59歲","高中、職","北北基宜蘭區","大陸各省市","05","03","02",1,1.14750292944891,1,0.000178571428571429,0.000205844912843356,"女性 | 50至59歲 | 高中、職 | 北北基宜蘭區 | 大陸各省市 | 05 | 03 | 02"
"女性","50至59歲","高中、職","北北基宜蘭區","大陸各省市","07","03","08",1,1.249416316,1,0.000178571428571429,0.000224126654557301,"女性 | 50至59歲 | 高中、職 | 北北基宜蘭區 | 大陸各省市 | 07 | 03 | 08"
"女性","50至59歲","高中、職","北北基宜蘭區","大陸各省市","07","07","05",1,1.14750292944891,1,0.000178571428571429,0.000205844912843356,"女性 | 50至59歲 | 高中、職 | 北北基宜蘭區 | 大陸各省市 | 07 | 07 | 05"
"女性","50至59歲","高中、職","北北基宜蘭區","大陸各省市","10","00","05",1,1.14750292944891,1,0.000178571428571429,0.000205844912843356,"女性 | 50至59歲 | 高中、職 | 北北基宜蘭區 | 大陸各省市 | 10 | 00 | 05"
"女性","50至59歲","高中、職","北北基宜蘭區","大陸各省市","10","00","10",1,1.14750292944891,1,0.000178571428571429,0.000205844912843356,"女性 | 50至59歲 | 高中、職 | 北北基宜蘭區 | 大陸各省市 | 10 | 00 | 10"
"女性","50至59歲","高中、職","北北基宜蘭區","本省客家人","00","08","00",1,1.14750292944891,1,0.000178571428571429,0.000205844912843356,"女性 | 50至59歲 | 高中、職 | 北北基宜蘭區 | 本省客家人 | 00 | 08 | 00"
"女性","50至59歲","高中、職","北北基宜蘭區","本省客家人","05","05","05",1,1.14750292944891,1,0.000178571428571429,0.000205844912843356,"女性 | 50至59歲 | 高中、職 | 北北基宜蘭區 | 本省客家人 | 05 | 05 | 05"
"女性","50至59歲","高中、職","北北基宜蘭區","本省客家人","05","06","03",1,1.501942371,1,0.000178571428571429,0.000269426062905753,"女性 | 50至59歲 | 高中、職 | 北北基宜蘭區 | 本省客家人 | 05 | 06 | 03"
"女性","50至59歲","高中、職","北北基宜蘭區","本省客家人","05","08","02",1,1.501942371,1,0.000178571428571429,0.000269426062905753,"女性 | 50至59歲 | 高中、職 | 北北基宜蘭區 | 本省客家人 | 05 | 08 | 02"
"女性","50至59歲","高中、職","北北基宜蘭區","本省客家人","07","00","05",1,1.14750292944891,1,0.000178571428571429,0.000205844912843356,"女性 | 50至59歲 | 高中、職 | 北北基宜蘭區 | 本省客家人 | 07 | 00 | 05"
"女性","50至59歲","高中、職","北北基宜蘭區","本省客家人","07","05","00",1,1.249416316,1,0.000178571428571429,0.000224126654557301,"女性 | 50至59歲 | 高中、職 | 北北基宜蘭區 | 本省客家人 | 07 | 05 | 00"
"女性","50至59歲","高中、職","北北基宜蘭區","本省客家人","08","03","05",1,1.249416316,1,0.000178571428571429,0.000224126654557301,"女性 | 50至59歲 | 高中、職 | 北北基宜蘭區 | 本省客家人 | 08 | 03 | 05"
"女性","50至59歲","高中、職","北北基宜蘭區","本省客家人","08","07","07",1,1.14750292944891,1,0.000178571428571429,0.000205844912843356,"女性 | 50至59歲 | 高中、職 | 北北基宜蘭區 | 本省客家人 | 08 | 07 | 07"
"女性","50至59歲","高中、職","北北基宜蘭區","本省客家人","09","00","05",1,1.14750292944891,1,0.000178571428571429,0.000205844912843356,"女性 | 50至59歲 | 高中、職 | 北北基宜蘭區 | 本省客家人 | 09 | 00 | 05"
"女性","50至59歲","高中、職","北北基宜蘭區","本省閩南人","00","07","00",1,1.14750292944891,1,0.000178571428571429,0.000205844912843356,"女性 | 50至59歲 | 高中、職 | 北北基宜蘭區 | 本省閩南人 | 00 | 07 | 00"
"女性","50至59歲","高中、職","北北基宜蘭區","本省閩南人","00","10","00",1,1.14750292944891,1,0.000178571428571429,0.000205844912843356,"女性 | 50至59歲 | 高中、職 | 北北基宜蘭區 | 本省閩南人 | 00 | 10 | 00"
"女性","50至59歲","高中、職","北北基宜蘭區","本省閩南人","03","05","00",1,1.501942371,1,0.000178571428571429,0.000269426062905753,"女性 | 50至59歲 | 高中、職 | 北北基宜蘭區 | 本省閩南人 | 03 | 05 | 00"
"女性","50至59歲","高中、職","北北基宜蘭區","本省閩南人","03","06","01",1,1.14750292944891,1,0.000178571428571429,0.000205844912843356,"女性 | 50至59歲 | 高中、職 | 北北基宜蘭區 | 本省閩南人 | 03 | 06 | 01"
"女性","50至59歲","高中、職","北北基宜蘭區","本省閩南人","03","06","02",1,1.220492847,1,0.000178571428571429,0.000218938215554106,"女性 | 50至59歲 | 高中、職 | 北北基宜蘭區 | 本省閩南人 | 03 | 06 | 02"
"女性","50至59歲","高中、職","北北基宜蘭區","本省閩南人","03","07","00",1,1.249416316,1,0.000178571428571429,0.000224126654557301,"女性 | 50至59歲 | 高中、職 | 北北基宜蘭區 | 本省閩南人 | 03 | 07 | 00"
"女性","50至59歲","高中、職","北北基宜蘭區","本省閩南人","03","07","02",1,1.14750292944891,1,0.000178571428571429,0.000205844912843356,"女性 | 50至59歲 | 高中、職 | 北北基宜蘭區 | 本省閩南人 | 03 | 07 | 02"
"女性","50至59歲","高中、職","北北基宜蘭區","本省閩南人","03","08","00",1,1.14750292944891,1,0.000178571428571429,0.000205844912843356,"女性 | 50至59歲 | 高中、職 | 北北基宜蘭區 | 本省閩南人 | 03 | 08 | 00"
"女性","50至59歲","高中、職","北北基宜蘭區","本省閩南人","03","08","05",1,1.501942371,1,0.000178571428571429,0.000269426062905753,"女性 | 50至59歲 | 高中、職 | 北北基宜蘭區 | 本省閩南人 | 03 | 08 | 05"
"女性","50至59歲","高中、職","北北基宜蘭區","本省閩南人","04","05","02",1,1.14750292944891,1,0.000178571428571429,0.000205844912843356,"女性 | 50至59歲 | 高中、職 | 北北基宜蘭區 | 本省閩南人 | 04 | 05 | 02"
"女性","50至59歲","高中、職","北北基宜蘭區","本省閩南人","04","05","04",1,1.14750292944891,1,0.000178571428571429,0.000205844912843356,"女性 | 50至59歲 | 高中、職 | 北北基宜蘭區 | 本省閩南人 | 04 | 05 | 04"
"女性","50至59歲","高中、職","北北基宜蘭區","本省閩南人","04","06","06",1,1.249416316,1,0.000178571428571429,0.000224126654557301,"女性 | 50至59歲 | 高中、職 | 北北基宜蘭區 | 本省閩南人 | 04 | 06 | 06"
"女性","50至59歲","高中、職","北北基宜蘭區","本省閩南人","04","08","06",1,1.501942371,1,0.000178571428571429,0.000269426062905753,"女性 | 50至59歲 | 高中、職 | 北北基宜蘭區 | 本省閩南人 | 04 | 08 | 06"
"女性","50至59歲","高中、職","北北基宜蘭區","本省閩南人","05","05","02",1,1.14750292944891,1,0.000178571428571429,0.000205844912843356,"女性 | 50至59歲 | 高中、職 | 北北基宜蘭區 | 本省閩南人 | 05 | 05 | 02"
"女性","50至59歲","高中、職","北北基宜蘭區","本省閩南人","05","05","04",1,1.249416316,1,0.000178571428571429,0.000224126654557301,"女性 | 50至59歲 | 高中、職 | 北北基宜蘭區 | 本省閩南人 | 05 | 05 | 04"
"女性","50至59歲","高中、職","北北基宜蘭區","本省閩南人","05","05","05",1,1.14750292944891,1,0.000178571428571429,0.000205844912843356,"女性 | 50至59歲 | 高中、職 | 北北基宜蘭區 | 本省閩南人 | 05 | 05 | 05"
"女性","50至59歲","高中、職","北北基宜蘭區","本省閩南人","06","00","03",1,1.14750292944891,1,0.000178571428571429,0.000205844912843356,"女性 | 50至59歲 | 高中、職 | 北北基宜蘭區 | 本省閩南人 | 06 | 00 | 03"
"女性","50至59歲","高中、職","北北基宜蘭區","本省閩南人","06","00","07",1,1.14750292944891,1,0.000178571428571429,0.000205844912843356,"女性 | 50至59歲 | 高中、職 | 北北基宜蘭區 | 本省閩南人 | 06 | 00 | 07"
"女性","50至59歲","高中、職","北北基宜蘭區","本省閩南人","06","03","05",1,1.14750292944891,1,0.000178571428571429,0.000205844912843356,"女性 | 50至59歲 | 高中、職 | 北北基宜蘭區 | 本省閩南人 | 06 | 03 | 05"
"女性","50至59歲","高中、職","北北基宜蘭區","本省閩南人","06","07","04",1,1.14750292944891,1,0.000178571428571429,0.000205844912843356,"女性 | 50至59歲 | 高中、職 | 北北基宜蘭區 | 本省閩南人 | 06 | 07 | 04"
"女性","50至59歲","高中、職","北北基宜蘭區","本省閩南人","07","04","05",1,1.220492847,1,0.000178571428571429,0.000218938215554106,"女性 | 50至59歲 | 高中、職 | 北北基宜蘭區 | 本省閩南人 | 07 | 04 | 05"
"女性","50至59歲","高中、職","北北基宜蘭區","本省閩南人","07","05","06",1,1.14750292944891,1,0.000178571428571429,0.000205844912843356,"女性 | 50至59歲 | 高中、職 | 北北基宜蘭區 | 本省閩南人 | 07 | 05 | 06"
"女性","50至59歲","高中、職","北北基宜蘭區","本省閩南人","08","02","03",1,1.14750292944891,1,0.000178571428571429,0.000205844912843356,"女性 | 50至59歲 | 高中、職 | 北北基宜蘭區 | 本省閩南人 | 08 | 02 | 03"
"女性","50至59歲","高中、職","北北基宜蘭區","本省閩南人","08","05","08",1,1.220492847,1,0.000178571428571429,0.000218938215554106,"女性 | 50至59歲 | 高中、職 | 北北基宜蘭區 | 本省閩南人 | 08 | 05 | 08"
"女性","50至59歲","高中、職","桃竹苗區","大陸各省市","00","10","03",1,1.131973296,1,0.000178571428571429,0.00020305912819589,"女性 | 50至59歲 | 高中、職 | 桃竹苗區 | 大陸各省市 | 00 | 10 | 03"
"女性","50至59歲","高中、職","桃竹苗區","大陸各省市","04","00","02",1,1.105768584,1,0.000178571428571429,0.0001983583936537,"女性 | 50至59歲 | 高中、職 | 桃竹苗區 | 大陸各省市 | 04 | 00 | 02"
"女性","50至59歲","高中、職","桃竹苗區","大陸各省市","05","05","04",1,1.08032044389482,1,0.000178571428571429,0.000193793376826691,"女性 | 50至59歲 | 高中、職 | 桃竹苗區 | 大陸各省市 | 05 | 05 | 04"
"女性","50至59歲","高中、職","桃竹苗區","大陸各省市","05","05","05",1,1.08032044389482,1,0.000178571428571429,0.000193793376826691,"女性 | 50至59歲 | 高中、職 | 桃竹苗區 | 大陸各省市 | 05 | 05 | 05"
"女性","50至59歲","高中、職","桃竹苗區","大陸各省市","06","05","04",1,1.131973296,1,0.000178571428571429,0.00020305912819589,"女性 | 50至59歲 | 高中、職 | 桃竹苗區 | 大陸各省市 | 06 | 05 | 04"
"女性","50至59歲","高中、職","桃竹苗區","大陸各省市","07","05","05",1,1.08032044389482,1,0.000178571428571429,0.000193793376826691,"女性 | 50至59歲 | 高中、職 | 桃竹苗區 | 大陸各省市 | 07 | 05 | 05"
"女性","50至59歲","高中、職","桃竹苗區","大陸各省市","08","03","05",1,1.08032044389482,1,0.000178571428571429,0.000193793376826691,"女性 | 50至59歲 | 高中、職 | 桃竹苗區 | 大陸各省市 | 08 | 03 | 05"
"女性","50至59歲","高中、職","桃竹苗區","大陸各省市","08","05","06",1,1.08032044389482,1,0.000178571428571429,0.000193793376826691,"女性 | 50至59歲 | 高中、職 | 桃竹苗區 | 大陸各省市 | 08 | 05 | 06"
"女性","50至59歲","高中、職","桃竹苗區","本省客家人","03","09","03",1,1.08032044389482,1,0.000178571428571429,0.000193793376826691,"女性 | 50至59歲 | 高中、職 | 桃竹苗區 | 本省客家人 | 03 | 09 | 03"
"女性","50至59歲","高中、職","桃竹苗區","本省客家人","05","00","02",1,1.131973296,1,0.000178571428571429,0.00020305912819589,"女性 | 50至59歲 | 高中、職 | 桃竹苗區 | 本省客家人 | 05 | 00 | 02"
"女性","50至59歲","高中、職","桃竹苗區","本省客家人","05","04","08",1,1.131973296,1,0.000178571428571429,0.00020305912819589,"女性 | 50至59歲 | 高中、職 | 桃竹苗區 | 本省客家人 | 05 | 04 | 08"
"女性","50至59歲","高中、職","桃竹苗區","本省客家人","05","10","04",1,1.131973296,1,0.000178571428571429,0.00020305912819589,"女性 | 50至59歲 | 高中、職 | 桃竹苗區 | 本省客家人 | 05 | 10 | 04"
"女性","50至59歲","高中、職","桃竹苗區","本省客家人","06","00","06",1,1.291762211,1,0.000178571428571429,0.00023172287661639,"女性 | 50至59歲 | 高中、職 | 桃竹苗區 | 本省客家人 | 06 | 00 | 06"
"女性","50至59歲","高中、職","桃竹苗區","本省閩南人","00","00","00",1,1.08032044389482,1,0.000178571428571429,0.000193793376826691,"女性 | 50至59歲 | 高中、職 | 桃竹苗區 | 本省閩南人 | 00 | 00 | 00"
"女性","50至59歲","高中、職","桃竹苗區","本省閩南人","00","05","05",1,1.08032044389482,1,0.000178571428571429,0.000193793376826691,"女性 | 50至59歲 | 高中、職 | 桃竹苗區 | 本省閩南人 | 00 | 05 | 05"
"女性","50至59歲","高中、職","桃竹苗區","本省閩南人","03","03","03",1,1.08032044389482,1,0.000178571428571429,0.000193793376826691,"女性 | 50至59歲 | 高中、職 | 桃竹苗區 | 本省閩南人 | 03 | 03 | 03"
"女性","50至59歲","高中、職","桃竹苗區","本省閩南人","03","09","02",1,1.08032044389482,1,0.000178571428571429,0.000193793376826691,"女性 | 50至59歲 | 高中、職 | 桃竹苗區 | 本省閩南人 | 03 | 09 | 02"
"女性","50至59歲","高中、職","桃竹苗區","本省閩南人","05","08","03",1,1.08032044389482,1,0.000178571428571429,0.000193793376826691,"女性 | 50至59歲 | 高中、職 | 桃竹苗區 | 本省閩南人 | 05 | 08 | 03"
"女性","50至59歲","高中、職","桃竹苗區","本省閩南人","05","08","04",1,1.291762211,1,0.000178571428571429,0.00023172287661639,"女性 | 50至59歲 | 高中、職 | 桃竹苗區 | 本省閩南人 | 05 | 08 | 04"
"女性","50至59歲","高中、職","桃竹苗區","本省閩南人","05","10","07",1,1.131973296,1,0.000178571428571429,0.00020305912819589,"女性 | 50至59歲 | 高中、職 | 桃竹苗區 | 本省閩南人 | 05 | 10 | 07"
"女性","50至59歲","高中、職","桃竹苗區","本省閩南人","06","07","05",1,1.08032044389482,1,0.000178571428571429,0.000193793376826691,"女性 | 50至59歲 | 高中、職 | 桃竹苗區 | 本省閩南人 | 06 | 07 | 05"
"女性","50至59歲","高中、職","桃竹苗區","本省閩南人","07","00","09",1,1.08032044389482,1,0.000178571428571429,0.000193793376826691,"女性 | 50至59歲 | 高中、職 | 桃竹苗區 | 本省閩南人 | 07 | 00 | 09"
"女性","50至59歲","高中、職","桃竹苗區","本省閩南人","07","06","07",1,1.105768584,1,0.000178571428571429,0.0001983583936537,"女性 | 50至59歲 | 高中、職 | 桃竹苗區 | 本省閩南人 | 07 | 06 | 07"
"女性","50至59歲","高中、職","桃竹苗區","本省閩南人","08","09","04",1,1.08032044389482,1,0.000178571428571429,0.000193793376826691,"女性 | 50至59歲 | 高中、職 | 桃竹苗區 | 本省閩南人 | 08 | 09 | 04"
"女性","50至59歲","高中、職","桃竹苗區","本省閩南人","10","00","05",1,1.291762211,1,0.000178571428571429,0.00023172287661639,"女性 | 50至59歲 | 高中、職 | 桃竹苗區 | 本省閩南人 | 10 | 00 | 05"
"女性","50至59歲","高中、職","花東區","大陸各省市","05","07","00",1,0.90877072439912,1,0.000178571428571429,0.000163019915468424,"女性 | 50至59歲 | 高中、職 | 花東區 | 大陸各省市 | 05 | 07 | 00"
"女性","50至59歲","高中、職","花東區","大陸各省市","07","02","02",1,0.90877072439912,1,0.000178571428571429,0.000163019915468424,"女性 | 50至59歲 | 高中、職 | 花東區 | 大陸各省市 | 07 | 02 | 02"
"女性","50至59歲","高中、職","花東區","本省閩南人","05","08","04",1,0.90877072439912,1,0.000178571428571429,0.000163019915468424,"女性 | 50至59歲 | 高中、職 | 花東區 | 本省閩南人 | 05 | 08 | 04"
"女性","50至59歲","高中、職","花東區","本省閩南人","06","05","06",1,0.90877072439912,1,0.000178571428571429,0.000163019915468424,"女性 | 50至59歲 | 高中、職 | 花東區 | 本省閩南人 | 06 | 05 | 06"
"女性","50至59歲","高中、職","花東區","本省閩南人","08","03","06",1,0.804531259,1,0.000178571428571429,0.000144320909897933,"女性 | 50至59歲 | 高中、職 | 花東區 | 本省閩南人 | 08 | 03 | 06"
"女性","50至59歲","高中、職","花東區","本省閩南人","08","09","08",1,0.785906695,1,0.000178571428571429,0.000140979940864271,"女性 | 50至59歲 | 高中、職 | 花東區 | 本省閩南人 | 08 | 09 | 08"
"女性","50至59歲","高中、職","雲嘉南區","原住民","05","04","04",1,1.011976179,1,0.000178571428571429,0.000181533434921903,"女性 | 50至59歲 | 高中、職 | 雲嘉南區 | 原住民 | 05 | 04 | 04"
"女性","50至59歲","高中、職","雲嘉南區","本省閩南人","00","01","05",1,1.116899205,1,0.000178571428571429,0.00020035506107026,"女性 | 50至59歲 | 高中、職 | 雲嘉南區 | 本省閩南人 | 00 | 01 | 05"
"女性","50至59歲","高中、職","雲嘉南區","本省閩南人","00","08","00",1,1.01237841058773,1,0.000178571428571429,0.000181605589270266,"女性 | 50至59歲 | 高中、職 | 雲嘉南區 | 本省閩南人 | 00 | 08 | 00"
"女性","50至59歲","高中、職","雲嘉南區","本省閩南人","00","08","03",1,1.011976179,1,0.000178571428571429,0.000181533434921903,"女性 | 50至59歲 | 高中、職 | 雲嘉南區 | 本省閩南人 | 00 | 08 | 03"
"女性","50至59歲","高中、職","雲嘉南區","本省閩南人","02","08","00",1,0.98854935,1,0.000178571428571429,0.000177331011163371,"女性 | 50至59歲 | 高中、職 | 雲嘉南區 | 本省閩南人 | 02 | 08 | 00"
"女性","50至59歲","高中、職","雲嘉南區","本省閩南人","03","03","05",1,1.011976179,1,0.000178571428571429,0.000181533434921903,"女性 | 50至59歲 | 高中、職 | 雲嘉南區 | 本省閩南人 | 03 | 03 | 05"
"女性","50至59歲","高中、職","雲嘉南區","本省閩南人","03","07","02",1,1.011976179,1,0.000178571428571429,0.000181533434921903,"女性 | 50至59歲 | 高中、職 | 雲嘉南區 | 本省閩南人 | 03 | 07 | 02"
"女性","50至59歲","高中、職","雲嘉南區","本省閩南人","03","08","05",1,1.011976179,1,0.000178571428571429,0.000181533434921903,"女性 | 50至59歲 | 高中、職 | 雲嘉南區 | 本省閩南人 | 03 | 08 | 05"
"女性","50至59歲","高中、職","雲嘉南區","本省閩南人","05","02","10",1,1.116899205,1,0.000178571428571429,0.00020035506107026,"女性 | 50至59歲 | 高中、職 | 雲嘉南區 | 本省閩南人 | 05 | 02 | 10"
"女性","50至59歲","高中、職","雲嘉南區","本省閩南人","05","03","05",1,1.01237841058773,1,0.000178571428571429,0.000181605589270266,"女性 | 50至59歲 | 高中、職 | 雲嘉南區 | 本省閩南人 | 05 | 03 | 05"
"女性","50至59歲","高中、職","雲嘉南區","本省閩南人","05","04","04",1,1.01237841058773,1,0.000178571428571429,0.000181605589270266,"女性 | 50至59歲 | 高中、職 | 雲嘉南區 | 本省閩南人 | 05 | 04 | 04"
"女性","50至59歲","高中、職","雲嘉南區","本省閩南人","05","05","03",1,1.011976179,1,0.000178571428571429,0.000181533434921903,"女性 | 50至59歲 | 高中、職 | 雲嘉南區 | 本省閩南人 | 05 | 05 | 03"
"女性","50至59歲","高中、職","雲嘉南區","本省閩南人","05","05","05",1,1.01237841058773,1,0.000178571428571429,0.000181605589270266,"女性 | 50至59歲 | 高中、職 | 雲嘉南區 | 本省閩南人 | 05 | 05 | 05"
"女性","50至59歲","高中、職","雲嘉南區","本省閩南人","05","07","03",1,1.01237841058773,1,0.000178571428571429,0.000181605589270266,"女性 | 50至59歲 | 高中、職 | 雲嘉南區 | 本省閩南人 | 05 | 07 | 03"
"女性","50至59歲","高中、職","雲嘉南區","本省閩南人","05","07","05",1,1.01237841058773,1,0.000178571428571429,0.000181605589270266,"女性 | 50至59歲 | 高中、職 | 雲嘉南區 | 本省閩南人 | 05 | 07 | 05"
"女性","50至59歲","高中、職","雲嘉南區","本省閩南人","06","00","02",1,1.116899205,1,0.000178571428571429,0.00020035506107026,"女性 | 50至59歲 | 高中、職 | 雲嘉南區 | 本省閩南人 | 06 | 00 | 02"
"女性","50至59歲","高中、職","雲嘉南區","本省閩南人","06","04","05",1,1.01237841058773,1,0.000178571428571429,0.000181605589270266,"女性 | 50至59歲 | 高中、職 | 雲嘉南區 | 本省閩南人 | 06 | 04 | 05"
"女性","50至59歲","高中、職","雲嘉南區","本省閩南人","06","06","05",1,1.011976179,1,0.000178571428571429,0.000181533434921903,"女性 | 50至59歲 | 高中、職 | 雲嘉南區 | 本省閩南人 | 06 | 06 | 05"
"女性","50至59歲","高中、職","雲嘉南區","本省閩南人","06","06","06",1,1.01237841058773,1,0.000178571428571429,0.000181605589270266,"女性 | 50至59歲 | 高中、職 | 雲嘉南區 | 本省閩南人 | 06 | 06 | 06"
"女性","50至59歲","高中、職","雲嘉南區","本省閩南人","07","08","04",1,1.01237841058773,1,0.000178571428571429,0.000181605589270266,"女性 | 50至59歲 | 高中、職 | 雲嘉南區 | 本省閩南人 | 07 | 08 | 04"
"女性","50至59歲","高中、職","雲嘉南區","本省閩南人","10","00","05",1,1.116899205,1,0.000178571428571429,0.00020035506107026,"女性 | 50至59歲 | 高中、職 | 雲嘉南區 | 本省閩南人 | 10 | 00 | 05"
"女性","50至59歲","高中、職","雲嘉南區","本省閩南人","10","00","08",1,0.98854935,1,0.000178571428571429,0.000177331011163371,"女性 | 50至59歲 | 高中、職 | 雲嘉南區 | 本省閩南人 | 10 | 00 | 08"
"女性","50至59歲","高中、職","高屏區","大陸各省市","05","03","05",1,1.250740931,1,0.000178571428571429,0.00022436427073433,"女性 | 50至59歲 | 高中、職 | 高屏區 | 大陸各省市 | 05 | 03 | 05"
"女性","50至59歲","高中、職","高屏區","大陸各省市","05","05","05",1,1.44999287420348,1,0.000178571428571429,0.000260107097902787,"女性 | 50至59歲 | 高中、職 | 高屏區 | 大陸各省市 | 05 | 05 | 05"
"女性","50至59歲","高中、職","高屏區","大陸各省市","05","08","04",1,1.250740931,1,0.000178571428571429,0.00022436427073433,"女性 | 50至59歲 | 高中、職 | 高屏區 | 大陸各省市 | 05 | 08 | 04"
"女性","50至59歲","高中、職","高屏區","大陸各省市","06","06","07",1,1.250740931,1,0.000178571428571429,0.00022436427073433,"女性 | 50至59歲 | 高中、職 | 高屏區 | 大陸各省市 | 06 | 06 | 07"
"女性","50至59歲","高中、職","高屏區","大陸各省市","08","00","07",1,1.048302148,1,0.000178571428571429,0.000188049772031689,"女性 | 50至59歲 | 高中、職 | 高屏區 | 大陸各省市 | 08 | 00 | 07"
"女性","50至59歲","高中、職","高屏區","大陸各省市","08","09","07",1,1.024034389,1,0.000178571428571429,0.000183696497971937,"女性 | 50至59歲 | 高中、職 | 高屏區 | 大陸各省市 | 08 | 09 | 07"
"女性","50至59歲","高中、職","高屏區","大陸新住民","08","05","02",1,0.899435525,1,0.000178571428571429,0.000161345319911958,"女性 | 50至59歲 | 高中、職 | 高屏區 | 大陸新住民 | 08 | 05 | 02"
"女性","50至59歲","高中、職","高屏區","本省客家人","04","08","02",1,1.048302148,1,0.000178571428571429,0.000188049772031689,"女性 | 50至59歲 | 高中、職 | 高屏區 | 本省客家人 | 04 | 08 | 02"
"女性","50至59歲","高中、職","高屏區","本省客家人","08","05","06",1,1.44999287420348,1,0.000178571428571429,0.000260107097902787,"女性 | 50至59歲 | 高中、職 | 高屏區 | 本省客家人 | 08 | 05 | 06"
"女性","50至59歲","高中、職","高屏區","本省閩南人","00","07","00",1,1.44999287420348,1,0.000178571428571429,0.000260107097902787,"女性 | 50至59歲 | 高中、職 | 高屏區 | 本省閩南人 | 00 | 07 | 00"
"女性","50至59歲","高中、職","高屏區","本省閩南人","00","08","00",1,1.44999287420348,1,0.000178571428571429,0.000260107097902787,"女性 | 50至59歲 | 高中、職 | 高屏區 | 本省閩南人 | 00 | 08 | 00"
"女性","50至59歲","高中、職","高屏區","本省閩南人","00","10","00",1,1.250740931,1,0.000178571428571429,0.00022436427073433,"女性 | 50至59歲 | 高中、職 | 高屏區 | 本省閩南人 | 00 | 10 | 00"
"女性","50至59歲","高中、職","高屏區","本省閩南人","01","06","01",1,1.44999287420348,1,0.000178571428571429,0.000260107097902787,"女性 | 50至59歲 | 高中、職 | 高屏區 | 本省閩南人 | 01 | 06 | 01"
"女性","50至59歲","高中、職","高屏區","本省閩南人","02","00","05",1,1.44999287420348,1,0.000178571428571429,0.000260107097902787,"女性 | 50至59歲 | 高中、職 | 高屏區 | 本省閩南人 | 02 | 00 | 05"
"女性","50至59歲","高中、職","高屏區","本省閩南人","02","02","02",1,1.44999287420348,1,0.000178571428571429,0.000260107097902787,"女性 | 50至59歲 | 高中、職 | 高屏區 | 本省閩南人 | 02 | 02 | 02"
"女性","50至59歲","高中、職","高屏區","本省閩南人","02","03","00",1,1.44999287420348,1,0.000178571428571429,0.000260107097902787,"女性 | 50至59歲 | 高中、職 | 高屏區 | 本省閩南人 | 02 | 03 | 00"
"女性","50至59歲","高中、職","高屏區","本省閩南人","02","08","03",1,1.44999287420348,1,0.000178571428571429,0.000260107097902787,"女性 | 50至59歲 | 高中、職 | 高屏區 | 本省閩南人 | 02 | 08 | 03"
"女性","50至59歲","高中、職","高屏區","本省閩南人","02","08","05",1,1.44999287420348,1,0.000178571428571429,0.000260107097902787,"女性 | 50至59歲 | 高中、職 | 高屏區 | 本省閩南人 | 02 | 08 | 05"
"女性","50至59歲","高中、職","高屏區","本省閩南人","02","10","02",1,1.048302148,1,0.000178571428571429,0.000188049772031689,"女性 | 50至59歲 | 高中、職 | 高屏區 | 本省閩南人 | 02 | 10 | 02"
"女性","50至59歲","高中、職","高屏區","本省閩南人","03","08","01",1,1.250740931,1,0.000178571428571429,0.00022436427073433,"女性 | 50至59歲 | 高中、職 | 高屏區 | 本省閩南人 | 03 | 08 | 01"
"女性","50至59歲","高中、職","高屏區","本省閩南人","05","03","04",1,1.048302148,1,0.000178571428571429,0.000188049772031689,"女性 | 50至59歲 | 高中、職 | 高屏區 | 本省閩南人 | 05 | 03 | 04"
"女性","50至59歲","高中、職","高屏區","本省閩南人","05","03","05",1,1.250740931,1,0.000178571428571429,0.00022436427073433,"女性 | 50至59歲 | 高中、職 | 高屏區 | 本省閩南人 | 05 | 03 | 05"
"女性","50至59歲","高中、職","高屏區","本省閩南人","05","04","02",1,1.250740931,1,0.000178571428571429,0.00022436427073433,"女性 | 50至59歲 | 高中、職 | 高屏區 | 本省閩南人 | 05 | 04 | 02"
"女性","50至59歲","高中、職","高屏區","本省閩南人","05","04","06",1,1.250740931,1,0.000178571428571429,0.00022436427073433,"女性 | 50至59歲 | 高中、職 | 高屏區 | 本省閩南人 | 05 | 04 | 06"
"女性","50至59歲","高中、職","高屏區","本省閩南人","05","05","03",1,1.44999287420348,1,0.000178571428571429,0.000260107097902787,"女性 | 50至59歲 | 高中、職 | 高屏區 | 本省閩南人 | 05 | 05 | 03"
"女性","50至59歲","高中、職","高屏區","本省閩南人","05","05","04",1,1.314530423,1,0.000178571428571429,0.00023580715430707,"女性 | 50至59歲 | 高中、職 | 高屏區 | 本省閩南人 | 05 | 05 | 04"
"女性","50至59歲","高中、職","高屏區","本省閩南人","05","06","04",1,1.44999287420348,1,0.000178571428571429,0.000260107097902787,"女性 | 50至59歲 | 高中、職 | 高屏區 | 本省閩南人 | 05 | 06 | 04"
"女性","50至59歲","高中、職","高屏區","本省閩南人","05","09","00",1,1.44999287420348,1,0.000178571428571429,0.000260107097902787,"女性 | 50至59歲 | 高中、職 | 高屏區 | 本省閩南人 | 05 | 09 | 00"
"女性","50至59歲","高中、職","高屏區","本省閩南人","06","07","03",1,1.44999287420348,1,0.000178571428571429,0.000260107097902787,"女性 | 50至59歲 | 高中、職 | 高屏區 | 本省閩南人 | 06 | 07 | 03"
"女性","50至59歲","高中、職","高屏區","本省閩南人","07","03","04",1,1.250740931,1,0.000178571428571429,0.00022436427073433,"女性 | 50至59歲 | 高中、職 | 高屏區 | 本省閩南人 | 07 | 03 | 04"
"女性","50至59歲","高中、職","高屏區","本省閩南人","07","05","05",1,1.44999287420348,1,0.000178571428571429,0.000260107097902787,"女性 | 50至59歲 | 高中、職 | 高屏區 | 本省閩南人 | 07 | 05 | 05"
"女性","50至59歲","高中、職","高屏區","本省閩南人","07","06","03",1,1.250740931,1,0.000178571428571429,0.00022436427073433,"女性 | 50至59歲 | 高中、職 | 高屏區 | 本省閩南人 | 07 | 06 | 03"
"女性","50至59歲","高中、職","高屏區","本省閩南人","08","00","02",1,1.048302148,1,0.000178571428571429,0.000188049772031689,"女性 | 50至59歲 | 高中、職 | 高屏區 | 本省閩南人 | 08 | 00 | 02"
"女性","50至59歲","高中、職","高屏區","本省閩南人","08","00","05",1,1.44999287420348,1,0.000178571428571429,0.000260107097902787,"女性 | 50至59歲 | 高中、職 | 高屏區 | 本省閩南人 | 08 | 00 | 05"
"女性","50至59歲","高中、職","高屏區","本省閩南人","08","01","08",1,1.250740931,1,0.000178571428571429,0.00022436427073433,"女性 | 50至59歲 | 高中、職 | 高屏區 | 本省閩南人 | 08 | 01 | 08"
"女性","50至59歲","高中、職","高屏區","本省閩南人","08","03","02",1,1.048302148,1,0.000178571428571429,0.000188049772031689,"女性 | 50至59歲 | 高中、職 | 高屏區 | 本省閩南人 | 08 | 03 | 02"
"女性","50至59歲","高中、職","高屏區","本省閩南人","08","03","07",1,1.048302148,1,0.000178571428571429,0.000188049772031689,"女性 | 50至59歲 | 高中、職 | 高屏區 | 本省閩南人 | 08 | 03 | 07"
"女性","50至59歲","高中、職","高屏區","本省閩南人","08","05","03",1,1.048302148,1,0.000178571428571429,0.000188049772031689,"女性 | 50至59歲 | 高中、職 | 高屏區 | 本省閩南人 | 08 | 05 | 03"
"女性","50至59歲","高中、職","高屏區","本省閩南人","10","00","05",1,1.048302148,1,0.000178571428571429,0.000188049772031689,"女性 | 50至59歲 | 高中、職 | 高屏區 | 本省閩南人 | 10 | 00 | 05"
"女性","60歲及以上","國、初中","中彰投區","大陸各省市","08","00","02",1,0.922696283,1,0.000178571428571429,0.000165517953009705,"女性 | 60歲及以上 | 國、初中 | 中彰投區 | 大陸各省市 | 08 | 00 | 02"
"女性","60歲及以上","國、初中","中彰投區","本省客家人","00","10","08",1,0.986383814911727,1,0.000178571428571429,0.000176942546463138,"女性 | 60歲及以上 | 國、初中 | 中彰投區 | 本省客家人 | 00 | 10 | 08"
"女性","60歲及以上","國、初中","中彰投區","本省客家人","01","08","01",1,0.986383814911727,1,0.000178571428571429,0.000176942546463138,"女性 | 60歲及以上 | 國、初中 | 中彰投區 | 本省客家人 | 01 | 08 | 01"
"女性","60歲及以上","國、初中","中彰投區","本省客家人","02","10","01",1,0.986383814911727,1,0.000178571428571429,0.000176942546463138,"女性 | 60歲及以上 | 國、初中 | 中彰投區 | 本省客家人 | 02 | 10 | 01"
"女性","60歲及以上","國、初中","中彰投區","本省客家人","03","10","03",1,0.922696283,1,0.000178571428571429,0.000165517953009705,"女性 | 60歲及以上 | 國、初中 | 中彰投區 | 本省客家人 | 03 | 10 | 03"
"女性","60歲及以上","國、初中","中彰投區","本省閩南人","01","05","00",1,0.986383814911727,1,0.000178571428571429,0.000176942546463138,"女性 | 60歲及以上 | 國、初中 | 中彰投區 | 本省閩南人 | 01 | 05 | 00"
"女性","60歲及以上","國、初中","中彰投區","本省閩南人","03","02","01",1,1.276871032,1,0.000178571428571429,0.000229051621175794,"女性 | 60歲及以上 | 國、初中 | 中彰投區 | 本省閩南人 | 03 | 02 | 01"
"女性","60歲及以上","國、初中","中彰投區","本省閩南人","03","05","03",1,0.986383814911727,1,0.000178571428571429,0.000176942546463138,"女性 | 60歲及以上 | 國、初中 | 中彰投區 | 本省閩南人 | 03 | 05 | 03"
"女性","60歲及以上","國、初中","中彰投區","本省閩南人","03","07","03",1,0.986383814911727,1,0.000178571428571429,0.000176942546463138,"女性 | 60歲及以上 | 國、初中 | 中彰投區 | 本省閩南人 | 03 | 07 | 03"
"女性","60歲及以上","國、初中","中彰投區","本省閩南人","04","04","04",1,0.986383814911727,1,0.000178571428571429,0.000176942546463138,"女性 | 60歲及以上 | 國、初中 | 中彰投區 | 本省閩南人 | 04 | 04 | 04"
"女性","60歲及以上","國、初中","中彰投區","本省閩南人","04","04","08",1,0.922696283,1,0.000178571428571429,0.000165517953009705,"女性 | 60歲及以上 | 國、初中 | 中彰投區 | 本省閩南人 | 04 | 04 | 08"
"女性","60歲及以上","國、初中","中彰投區","本省閩南人","05","03","02",1,0.986383814911727,1,0.000178571428571429,0.000176942546463138,"女性 | 60歲及以上 | 國、初中 | 中彰投區 | 本省閩南人 | 05 | 03 | 02"
"女性","60歲及以上","國、初中","中彰投區","本省閩南人","05","05","00",1,0.986383814911727,1,0.000178571428571429,0.000176942546463138,"女性 | 60歲及以上 | 國、初中 | 中彰投區 | 本省閩南人 | 05 | 05 | 00"
"女性","60歲及以上","國、初中","中彰投區","本省閩南人","05","05","01",1,0.986383814911727,1,0.000178571428571429,0.000176942546463138,"女性 | 60歲及以上 | 國、初中 | 中彰投區 | 本省閩南人 | 05 | 05 | 01"
"女性","60歲及以上","國、初中","中彰投區","本省閩南人","05","09","04",1,0.922696283,1,0.000178571428571429,0.000165517953009705,"女性 | 60歲及以上 | 國、初中 | 中彰投區 | 本省閩南人 | 05 | 09 | 04"
"女性","60歲及以上","國、初中","中彰投區","本省閩南人","06","00","03",1,0.922696283,1,0.000178571428571429,0.000165517953009705,"女性 | 60歲及以上 | 國、初中 | 中彰投區 | 本省閩南人 | 06 | 00 | 03"
"女性","60歲及以上","國、初中","中彰投區","本省閩南人","06","02","03",1,0.922696283,1,0.000178571428571429,0.000165517953009705,"女性 | 60歲及以上 | 國、初中 | 中彰投區 | 本省閩南人 | 06 | 02 | 03"
"女性","60歲及以上","國、初中","中彰投區","本省閩南人","06","03","04",1,0.986383814911727,1,0.000178571428571429,0.000176942546463138,"女性 | 60歲及以上 | 國、初中 | 中彰投區 | 本省閩南人 | 06 | 03 | 04"
"女性","60歲及以上","國、初中","中彰投區","本省閩南人","06","04","03",1,0.986383814911727,1,0.000178571428571429,0.000176942546463138,"女性 | 60歲及以上 | 國、初中 | 中彰投區 | 本省閩南人 | 06 | 04 | 03"
"女性","60歲及以上","國、初中","中彰投區","本省閩南人","06","06","01",1,0.986383814911727,1,0.000178571428571429,0.000176942546463138,"女性 | 60歲及以上 | 國、初中 | 中彰投區 | 本省閩南人 | 06 | 06 | 01"
"女性","60歲及以上","國、初中","中彰投區","本省閩南人","06","06","05",1,1.156365945,1,0.000178571428571429,0.000207434805659158,"女性 | 60歲及以上 | 國、初中 | 中彰投區 | 本省閩南人 | 06 | 06 | 05"
"女性","60歲及以上","國、初中","中彰投區","本省閩南人","06","08","06",1,0.862390802,1,0.000178571428571429,0.000154700049053343,"女性 | 60歲及以上 | 國、初中 | 中彰投區 | 本省閩南人 | 06 | 08 | 06"
"女性","60歲及以上","國、初中","中彰投區","本省閩南人","07","03","06",1,0.922696283,1,0.000178571428571429,0.000165517953009705,"女性 | 60歲及以上 | 國、初中 | 中彰投區 | 本省閩南人 | 07 | 03 | 06"
"女性","60歲及以上","國、初中","中彰投區","本省閩南人","08","02","00",1,1.156365945,1,0.000178571428571429,0.000207434805659158,"女性 | 60歲及以上 | 國、初中 | 中彰投區 | 本省閩南人 | 08 | 02 | 00"
"女性","60歲及以上","國、初中","中彰投區","本省閩南人","08","03","05",1,0.922696283,1,0.000178571428571429,0.000165517953009705,"女性 | 60歲及以上 | 國、初中 | 中彰投區 | 本省閩南人 | 08 | 03 | 05"
"女性","60歲及以上","國、初中","中彰投區","本省閩南人","09","00","02",1,1.156365945,1,0.000178571428571429,0.000207434805659158,"女性 | 60歲及以上 | 國、初中 | 中彰投區 | 本省閩南人 | 09 | 00 | 02"
"女性","60歲及以上","國、初中","中彰投區","本省閩南人","10","00","00",1,0.986383814911727,1,0.000178571428571429,0.000176942546463138,"女性 | 60歲及以上 | 國、初中 | 中彰投區 | 本省閩南人 | 10 | 00 | 00"
"女性","60歲及以上","國、初中","中彰投區","本省閩南人","10","01","02",1,1.156365945,1,0.000178571428571429,0.000207434805659158,"女性 | 60歲及以上 | 國、初中 | 中彰投區 | 本省閩南人 | 10 | 01 | 02"
"女性","60歲及以上","國、初中","中彰投區","本省閩南人","10","02","01",1,1.156365945,1,0.000178571428571429,0.000207434805659158,"女性 | 60歲及以上 | 國、初中 | 中彰投區 | 本省閩南人 | 10 | 02 | 01"
"女性","60歲及以上","國、初中","北北基宜蘭區","原住民","09","09","05",1,1.525165998,1,0.000178571428571429,0.000273592035255835,"女性 | 60歲及以上 | 國、初中 | 北北基宜蘭區 | 原住民 | 09 | 09 | 05"
"女性","60歲及以上","國、初中","北北基宜蘭區","台灣僑胞/華僑","10","00","00",1,0.963311394269425,1,0.000178571428571429,0.000172803698278689,"女性 | 60歲及以上 | 國、初中 | 北北基宜蘭區 | 台灣僑胞/華僑 | 10 | 00 | 00"
"女性","60歲及以上","國、初中","北北基宜蘭區","大陸各省市","00","00","00",1,0.963311394269425,1,0.000178571428571429,0.000172803698278689,"女性 | 60歲及以上 | 國、初中 | 北北基宜蘭區 | 大陸各省市 | 00 | 00 | 00"
"女性","60歲及以上","國、初中","北北基宜蘭區","大陸各省市","05","02","03",1,1.249416316,1,0.000178571428571429,0.000224126654557301,"女性 | 60歲及以上 | 國、初中 | 北北基宜蘭區 | 大陸各省市 | 05 | 02 | 03"
"女性","60歲及以上","國、初中","北北基宜蘭區","大陸各省市","05","05","05",1,1.132147667,1,0.000178571428571429,0.000203090407752897,"女性 | 60歲及以上 | 國、初中 | 北北基宜蘭區 | 大陸各省市 | 05 | 05 | 05"
"女性","60歲及以上","國、初中","北北基宜蘭區","大陸各省市","05","08","00",1,0.963311394269425,1,0.000178571428571429,0.000172803698278689,"女性 | 60歲及以上 | 國、初中 | 北北基宜蘭區 | 大陸各省市 | 05 | 08 | 00"
"女性","60歲及以上","國、初中","北北基宜蘭區","大陸各省市","08","00","00",1,1.132147667,1,0.000178571428571429,0.000203090407752897,"女性 | 60歲及以上 | 國、初中 | 北北基宜蘭區 | 大陸各省市 | 08 | 00 | 00"
"女性","60歲及以上","國、初中","北北基宜蘭區","大陸各省市","10","00","04",1,0.963311394269425,1,0.000178571428571429,0.000172803698278689,"女性 | 60歲及以上 | 國、初中 | 北北基宜蘭區 | 大陸各省市 | 10 | 00 | 04"
"女性","60歲及以上","國、初中","北北基宜蘭區","本省客家人","00","10","06",1,1.566719825,1,0.000178571428571429,0.000281046172127826,"女性 | 60歲及以上 | 國、初中 | 北北基宜蘭區 | 本省客家人 | 00 | 10 | 06"
"女性","60歲及以上","國、初中","北北基宜蘭區","本省客家人","02","05","01",1,1.132147667,1,0.000178571428571429,0.000203090407752897,"女性 | 60歲及以上 | 國、初中 | 北北基宜蘭區 | 本省客家人 | 02 | 05 | 01"
"女性","60歲及以上","國、初中","北北基宜蘭區","本省客家人","02","08","00",1,1.525165998,1,0.000178571428571429,0.000273592035255835,"女性 | 60歲及以上 | 國、初中 | 北北基宜蘭區 | 本省客家人 | 02 | 08 | 00"
"女性","60歲及以上","國、初中","北北基宜蘭區","本省客家人","04","08","02",1,1.132147667,1,0.000178571428571429,0.000203090407752897,"女性 | 60歲及以上 | 國、初中 | 北北基宜蘭區 | 本省客家人 | 04 | 08 | 02"
"女性","60歲及以上","國、初中","北北基宜蘭區","本省客家人","05","05","04",1,0.963311394269425,1,0.000178571428571429,0.000172803698278689,"女性 | 60歲及以上 | 國、初中 | 北北基宜蘭區 | 本省客家人 | 05 | 05 | 04"
"女性","60歲及以上","國、初中","北北基宜蘭區","本省客家人","05","05","05",1,0.963311394269425,1,0.000178571428571429,0.000172803698278689,"女性 | 60歲及以上 | 國、初中 | 北北基宜蘭區 | 本省客家人 | 05 | 05 | 05"
"女性","60歲及以上","國、初中","北北基宜蘭區","本省客家人","06","04","03",1,0.963311394269425,1,0.000178571428571429,0.000172803698278689,"女性 | 60歲及以上 | 國、初中 | 北北基宜蘭區 | 本省客家人 | 06 | 04 | 03"
"女性","60歲及以上","國、初中","北北基宜蘭區","本省閩南人","00","00","10",1,1.132147667,1,0.000178571428571429,0.000203090407752897,"女性 | 60歲及以上 | 國、初中 | 北北基宜蘭區 | 本省閩南人 | 00 | 00 | 10"
"女性","60歲及以上","國、初中","北北基宜蘭區","本省閩南人","00","09","00",1,0.963311394269425,1,0.000178571428571429,0.000172803698278689,"女性 | 60歲及以上 | 國、初中 | 北北基宜蘭區 | 本省閩南人 | 00 | 09 | 00"
"女性","60歲及以上","國、初中","北北基宜蘭區","本省閩南人","00","10","05",1,1.525165998,1,0.000178571428571429,0.000273592035255835,"女性 | 60歲及以上 | 國、初中 | 北北基宜蘭區 | 本省閩南人 | 00 | 10 | 05"
"女性","60歲及以上","國、初中","北北基宜蘭區","本省閩南人","02","08","00",1,0.963311394269425,1,0.000178571428571429,0.000172803698278689,"女性 | 60歲及以上 | 國、初中 | 北北基宜蘭區 | 本省閩南人 | 02 | 08 | 00"
"女性","60歲及以上","國、初中","北北基宜蘭區","本省閩南人","03","01","01",1,1.525165998,1,0.000178571428571429,0.000273592035255835,"女性 | 60歲及以上 | 國、初中 | 北北基宜蘭區 | 本省閩南人 | 03 | 01 | 01"
"女性","60歲及以上","國、初中","北北基宜蘭區","本省閩南人","03","08","07",1,1.132147667,1,0.000178571428571429,0.000203090407752897,"女性 | 60歲及以上 | 國、初中 | 北北基宜蘭區 | 本省閩南人 | 03 | 08 | 07"
"女性","60歲及以上","國、初中","北北基宜蘭區","本省閩南人","03","10","00",1,1.132147667,1,0.000178571428571429,0.000203090407752897,"女性 | 60歲及以上 | 國、初中 | 北北基宜蘭區 | 本省閩南人 | 03 | 10 | 00"
"女性","60歲及以上","國、初中","北北基宜蘭區","本省閩南人","04","05","04",1,1.132147667,1,0.000178571428571429,0.000203090407752897,"女性 | 60歲及以上 | 國、初中 | 北北基宜蘭區 | 本省閩南人 | 04 | 05 | 04"
"女性","60歲及以上","國、初中","北北基宜蘭區","本省閩南人","05","03","00",1,0.963311394269425,1,0.000178571428571429,0.000172803698278689,"女性 | 60歲及以上 | 國、初中 | 北北基宜蘭區 | 本省閩南人 | 05 | 03 | 00"
"女性","60歲及以上","國、初中","北北基宜蘭區","本省閩南人","05","05","04",1,1.525165998,1,0.000178571428571429,0.000273592035255835,"女性 | 60歲及以上 | 國、初中 | 北北基宜蘭區 | 本省閩南人 | 05 | 05 | 04"
"女性","60歲及以上","國、初中","北北基宜蘭區","本省閩南人","05","08","00",1,0.963311394269425,1,0.000178571428571429,0.000172803698278689,"女性 | 60歲及以上 | 國、初中 | 北北基宜蘭區 | 本省閩南人 | 05 | 08 | 00"
"女性","60歲及以上","國、初中","北北基宜蘭區","本省閩南人","05","08","03",1,1.132147667,1,0.000178571428571429,0.000203090407752897,"女性 | 60歲及以上 | 國、初中 | 北北基宜蘭區 | 本省閩南人 | 05 | 08 | 03"
"女性","60歲及以上","國、初中","北北基宜蘭區","本省閩南人","05","08","05",1,1.132147667,1,0.000178571428571429,0.000203090407752897,"女性 | 60歲及以上 | 國、初中 | 北北基宜蘭區 | 本省閩南人 | 05 | 08 | 05"
"女性","60歲及以上","國、初中","北北基宜蘭區","本省閩南人","06","02","02",1,0.963311394269425,1,0.000178571428571429,0.000172803698278689,"女性 | 60歲及以上 | 國、初中 | 北北基宜蘭區 | 本省閩南人 | 06 | 02 | 02"
"女性","60歲及以上","國、初中","北北基宜蘭區","本省閩南人","06","03","01",1,1.132147667,1,0.000178571428571429,0.000203090407752897,"女性 | 60歲及以上 | 國、初中 | 北北基宜蘭區 | 本省閩南人 | 06 | 03 | 01"
"女性","60歲及以上","國、初中","北北基宜蘭區","本省閩南人","06","05","05",1,0.963311394269425,1,0.000178571428571429,0.000172803698278689,"女性 | 60歲及以上 | 國、初中 | 北北基宜蘭區 | 本省閩南人 | 06 | 05 | 05"
"女性","60歲及以上","國、初中","北北基宜蘭區","本省閩南人","06","06","05",1,0.963311394269425,1,0.000178571428571429,0.000172803698278689,"女性 | 60歲及以上 | 國、初中 | 北北基宜蘭區 | 本省閩南人 | 06 | 06 | 05"
"女性","60歲及以上","國、初中","北北基宜蘭區","本省閩南人","06","09","02",1,0.963311394269425,1,0.000178571428571429,0.000172803698278689,"女性 | 60歲及以上 | 國、初中 | 北北基宜蘭區 | 本省閩南人 | 06 | 09 | 02"
"女性","60歲及以上","國、初中","北北基宜蘭區","本省閩南人","06","10","05",1,1.132147667,1,0.000178571428571429,0.000203090407752897,"女性 | 60歲及以上 | 國、初中 | 北北基宜蘭區 | 本省閩南人 | 06 | 10 | 05"
"女性","60歲及以上","國、初中","北北基宜蘭區","本省閩南人","07","05","04",1,1.525165998,1,0.000178571428571429,0.000273592035255835,"女性 | 60歲及以上 | 國、初中 | 北北基宜蘭區 | 本省閩南人 | 07 | 05 | 04"
"女性","60歲及以上","國、初中","北北基宜蘭區","本省閩南人","07","07","05",1,0.963311394269425,1,0.000178571428571429,0.000172803698278689,"女性 | 60歲及以上 | 國、初中 | 北北基宜蘭區 | 本省閩南人 | 07 | 07 | 05"
"女性","60歲及以上","國、初中","北北基宜蘭區","本省閩南人","09","00","05",1,0.963311394269425,1,0.000178571428571429,0.000172803698278689,"女性 | 60歲及以上 | 國、初中 | 北北基宜蘭區 | 本省閩南人 | 09 | 00 | 05"
"女性","60歲及以上","國、初中","北北基宜蘭區","本省閩南人","10","00","00",1,1.132147667,1,0.000178571428571429,0.000203090407752897,"女性 | 60歲及以上 | 國、初中 | 北北基宜蘭區 | 本省閩南人 | 10 | 00 | 00"
"女性","60歲及以上","國、初中","北北基宜蘭區","本省閩南人","10","02","07",1,0.963311394269425,1,0.000178571428571429,0.000172803698278689,"女性 | 60歲及以上 | 國、初中 | 北北基宜蘭區 | 本省閩南人 | 10 | 02 | 07"
"女性","60歲及以上","國、初中","桃竹苗區","大陸各省市","06","05","07",1,0.906912711382679,1,0.000178571428571429,0.000162686615641804,"女性 | 60歲及以上 | 國、初中 | 桃竹苗區 | 大陸各省市 | 06 | 05 | 07"
"女性","60歲及以上","國、初中","桃竹苗區","大陸各省市","07","03","00",1,1.025727702,1,0.000178571428571429,0.000184000253071778,"女性 | 60歲及以上 | 國、初中 | 桃竹苗區 | 大陸各省市 | 07 | 03 | 00"
"女性","60歲及以上","國、初中","桃竹苗區","大陸各省市","10","03","05",1,0.906912711382679,1,0.000178571428571429,0.000162686615641804,"女性 | 60歲及以上 | 國、初中 | 桃竹苗區 | 大陸各省市 | 10 | 03 | 05"
"女性","60歲及以上","國、初中","桃竹苗區","大陸新住民","06","05","01",1,1.131973296,1,0.000178571428571429,0.00020305912819589,"女性 | 60歲及以上 | 國、初中 | 桃竹苗區 | 大陸新住民 | 06 | 05 | 01"
"女性","60歲及以上","國、初中","桃竹苗區","本省客家人","03","04","03",1,1.419450813,1,0.000178571428571429,0.000254628307596338,"女性 | 60歲及以上 | 國、初中 | 桃竹苗區 | 本省客家人 | 03 | 04 | 03"
"女性","60歲及以上","國、初中","桃竹苗區","本省客家人","03","05","02",1,0.906912711382679,1,0.000178571428571429,0.000162686615641804,"女性 | 60歲及以上 | 國、初中 | 桃竹苗區 | 本省客家人 | 03 | 05 | 02"
"女性","60歲及以上","國、初中","桃竹苗區","本省客家人","03","08","00",1,1.025727702,1,0.000178571428571429,0.000184000253071778,"女性 | 60歲及以上 | 國、初中 | 桃竹苗區 | 本省客家人 | 03 | 08 | 00"
"女性","60歲及以上","國、初中","桃竹苗區","本省客家人","05","00","01",1,1.025727702,1,0.000178571428571429,0.000184000253071778,"女性 | 60歲及以上 | 國、初中 | 桃竹苗區 | 本省客家人 | 05 | 00 | 01"
"女性","60歲及以上","國、初中","桃竹苗區","本省客家人","05","05","02",1,0.906912711382679,1,0.000178571428571429,0.000162686615641804,"女性 | 60歲及以上 | 國、初中 | 桃竹苗區 | 本省客家人 | 05 | 05 | 02"
"女性","60歲及以上","國、初中","桃竹苗區","本省客家人","05","05","03",1,0.906912711382679,1,0.000178571428571429,0.000162686615641804,"女性 | 60歲及以上 | 國、初中 | 桃竹苗區 | 本省客家人 | 05 | 05 | 03"
"女性","60歲及以上","國、初中","桃竹苗區","本省客家人","05","09","03",1,1.025727702,1,0.000178571428571429,0.000184000253071778,"女性 | 60歲及以上 | 國、初中 | 桃竹苗區 | 本省客家人 | 05 | 09 | 03"
"女性","60歲及以上","國、初中","桃竹苗區","本省客家人","06","03","04",1,0.906912711382679,1,0.000178571428571429,0.000162686615641804,"女性 | 60歲及以上 | 國、初中 | 桃竹苗區 | 本省客家人 | 06 | 03 | 04"
"女性","60歲及以上","國、初中","桃竹苗區","本省客家人","06","04","04",1,1.025727702,1,0.000178571428571429,0.000184000253071778,"女性 | 60歲及以上 | 國、初中 | 桃竹苗區 | 本省客家人 | 06 | 04 | 04"
"女性","60歲及以上","國、初中","桃竹苗區","本省客家人","08","08","07",1,0.906912711382679,1,0.000178571428571429,0.000162686615641804,"女性 | 60歲及以上 | 國、初中 | 桃竹苗區 | 本省客家人 | 08 | 08 | 07"
"女性","60歲及以上","國、初中","桃竹苗區","本省客家人","09","00","03",1,0.817989857,1,0.000178571428571429,0.000146735181671195,"女性 | 60歲及以上 | 國、初中 | 桃竹苗區 | 本省客家人 | 09 | 00 | 03"
"女性","60歲及以上","國、初中","桃竹苗區","本省客家人","09","04","03",1,1.31173595,1,0.000178571428571429,0.000235305867524819,"女性 | 60歲及以上 | 國、初中 | 桃竹苗區 | 本省客家人 | 09 | 04 | 03"
"女性","60歲及以上","國、初中","桃竹苗區","本省客家人","10","00","04",1,1.31173595,1,0.000178571428571429,0.000235305867524819,"女性 | 60歲及以上 | 國、初中 | 桃竹苗區 | 本省客家人 | 10 | 00 | 04"
"女性","60歲及以上","國、初中","桃竹苗區","本省客家人","10","05","05",1,0.906912711382679,1,0.000178571428571429,0.000162686615641804,"女性 | 60歲及以上 | 國、初中 | 桃竹苗區 | 本省客家人 | 10 | 05 | 05"
"女性","60歲及以上","國、初中","桃竹苗區","本省閩南人","00","09","00",1,0.906912711382679,1,0.000178571428571429,0.000162686615641804,"女性 | 60歲及以上 | 國、初中 | 桃竹苗區 | 本省閩南人 | 00 | 09 | 00"
"女性","60歲及以上","國、初中","桃竹苗區","本省閩南人","01","10","01",1,0.906912711382679,1,0.000178571428571429,0.000162686615641804,"女性 | 60歲及以上 | 國、初中 | 桃竹苗區 | 本省閩南人 | 01 | 10 | 01"
"女性","60歲及以上","國、初中","桃竹苗區","本省閩南人","03","07","05",1,0.906912711382679,1,0.000178571428571429,0.000162686615641804,"女性 | 60歲及以上 | 國、初中 | 桃竹苗區 | 本省閩南人 | 03 | 07 | 05"
"女性","60歲及以上","國、初中","桃竹苗區","本省閩南人","05","05","05",1,0.906912711382679,1,0.000178571428571429,0.000162686615641804,"女性 | 60歲及以上 | 國、初中 | 桃竹苗區 | 本省閩南人 | 05 | 05 | 05"
"女性","60歲及以上","國、初中","桃竹苗區","本省閩南人","05","05","06",1,0.906912711382679,1,0.000178571428571429,0.000162686615641804,"女性 | 60歲及以上 | 國、初中 | 桃竹苗區 | 本省閩南人 | 05 | 05 | 06"
"女性","60歲及以上","國、初中","桃竹苗區","本省閩南人","05","08","02",1,0.906912711382679,1,0.000178571428571429,0.000162686615641804,"女性 | 60歲及以上 | 國、初中 | 桃竹苗區 | 本省閩南人 | 05 | 08 | 02"
"女性","60歲及以上","國、初中","桃竹苗區","本省閩南人","05","10","00",1,1.419450813,1,0.000178571428571429,0.000254628307596338,"女性 | 60歲及以上 | 國、初中 | 桃竹苗區 | 本省閩南人 | 05 | 10 | 00"
"女性","60歲及以上","國、初中","桃竹苗區","本省閩南人","07","04","06",1,1.31173595,1,0.000178571428571429,0.000235305867524819,"女性 | 60歲及以上 | 國、初中 | 桃竹苗區 | 本省閩南人 | 07 | 04 | 06"
"女性","60歲及以上","國、初中","桃竹苗區","本省閩南人","07","08","06",1,1.025727702,1,0.000178571428571429,0.000184000253071778,"女性 | 60歲及以上 | 國、初中 | 桃竹苗區 | 本省閩南人 | 07 | 08 | 06"
"女性","60歲及以上","國、初中","桃竹苗區","本省閩南人","08","05","04",1,1.419450813,1,0.000178571428571429,0.000254628307596338,"女性 | 60歲及以上 | 國、初中 | 桃竹苗區 | 本省閩南人 | 08 | 05 | 04"
"女性","60歲及以上","國、初中","桃竹苗區","本省閩南人","09","01","03",1,0.906912711382679,1,0.000178571428571429,0.000162686615641804,"女性 | 60歲及以上 | 國、初中 | 桃竹苗區 | 本省閩南人 | 09 | 01 | 03"
"女性","60歲及以上","國、初中","桃竹苗區","本省閩南人","10","00","00",1,1.025727702,1,0.000178571428571429,0.000184000253071778,"女性 | 60歲及以上 | 國、初中 | 桃竹苗區 | 本省閩南人 | 10 | 00 | 00"
"女性","60歲及以上","國、初中","花東區","本省客家人","00","03","01",1,0.729018964,1,0.000178571428571429,0.000130775130289038,"女性 | 60歲及以上 | 國、初中 | 花東區 | 本省客家人 | 00 | 03 | 01"
"女性","60歲及以上","國、初中","花東區","本省客家人","05","05","05",1,1.00885114,1,0.000178571428571429,0.000180972849528979,"女性 | 60歲及以上 | 國、初中 | 花東區 | 本省客家人 | 05 | 05 | 05"
"女性","60歲及以上","國、初中","花東區","本省客家人","07","05","04",1,0.762899310429278,1,0.000178571428571429,0.000136852759181181,"女性 | 60歲及以上 | 國、初中 | 花東區 | 本省客家人 | 07 | 05 | 04"
"女性","60歲及以上","國、初中","花東區","本省客家人","08","05","06",1,0.729018964,1,0.000178571428571429,0.000130775130289038,"女性 | 60歲及以上 | 國、初中 | 花東區 | 本省客家人 | 08 | 05 | 06"
"女性","60歲及以上","國、初中","花東區","本省閩南人","00","08","00",1,1.390062895,1,0.000178571428571429,0.000249356553368866,"女性 | 60歲及以上 | 國、初中 | 花東區 | 本省閩南人 | 00 | 08 | 00"
"女性","60歲及以上","國、初中","花東區","本省閩南人","01","09","03",1,0.762899310429278,1,0.000178571428571429,0.000136852759181181,"女性 | 60歲及以上 | 國、初中 | 花東區 | 本省閩南人 | 01 | 09 | 03"
"女性","60歲及以上","國、初中","雲嘉南區","本省客家人","05","05","05",1,0.849876399618336,1,0.000178571428571429,0.000152455151893231,"女性 | 60歲及以上 | 國、初中 | 雲嘉南區 | 本省客家人 | 05 | 05 | 05"
"女性","60歲及以上","國、初中","雲嘉南區","本省閩南人","00","06","00",1,0.849876399618336,1,0.000178571428571429,0.000152455151893231,"女性 | 60歲及以上 | 國、初中 | 雲嘉南區 | 本省閩南人 | 00 | 06 | 00"
"女性","60歲及以上","國、初中","雲嘉南區","本省閩南人","00","06","05",1,0.916993364,1,0.000178571428571429,0.000164494934388679,"女性 | 60歲及以上 | 國、初中 | 雲嘉南區 | 本省閩南人 | 00 | 06 | 05"
"女性","60歲及以上","國、初中","雲嘉南區","本省閩南人","00","10","08",1,0.916993364,1,0.000178571428571429,0.000164494934388679,"女性 | 60歲及以上 | 國、初中 | 雲嘉南區 | 本省閩南人 | 00 | 10 | 08"
"女性","60歲及以上","國、初中","雲嘉南區","本省閩南人","01","05","02",1,0.849876399618336,1,0.000178571428571429,0.000152455151893231,"女性 | 60歲及以上 | 國、初中 | 雲嘉南區 | 本省閩南人 | 01 | 05 | 02"
"女性","60歲及以上","國、初中","雲嘉南區","本省閩南人","01","10","05",1,1.26897906,1,0.000178571428571429,0.000227635919091894,"女性 | 60歲及以上 | 國、初中 | 雲嘉南區 | 本省閩南人 | 01 | 10 | 05"
"女性","60歲及以上","國、初中","雲嘉南區","本省閩南人","02","05","02",1,0.849876399618336,1,0.000178571428571429,0.000152455151893231,"女性 | 60歲及以上 | 國、初中 | 雲嘉南區 | 本省閩南人 | 02 | 05 | 02"
"女性","60歲及以上","國、初中","雲嘉南區","本省閩南人","02","09","00",1,0.916993364,1,0.000178571428571429,0.000164494934388679,"女性 | 60歲及以上 | 國、初中 | 雲嘉南區 | 本省閩南人 | 02 | 09 | 00"
"女性","60歲及以上","國、初中","雲嘉南區","本省閩南人","02","09","03",1,0.916993364,1,0.000178571428571429,0.000164494934388679,"女性 | 60歲及以上 | 國、初中 | 雲嘉南區 | 本省閩南人 | 02 | 09 | 03"
"女性","60歲及以上","國、初中","雲嘉南區","本省閩南人","03","07","02",1,0.849876399618336,1,0.000178571428571429,0.000152455151893231,"女性 | 60歲及以上 | 國、初中 | 雲嘉南區 | 本省閩南人 | 03 | 07 | 02"
"女性","60歲及以上","國、初中","雲嘉南區","本省閩南人","03","07","03",1,0.916993364,1,0.000178571428571429,0.000164494934388679,"女性 | 60歲及以上 | 國、初中 | 雲嘉南區 | 本省閩南人 | 03 | 07 | 03"
"女性","60歲及以上","國、初中","雲嘉南區","本省閩南人","03","10","02",1,0.849876399618336,1,0.000178571428571429,0.000152455151893231,"女性 | 60歲及以上 | 國、初中 | 雲嘉南區 | 本省閩南人 | 03 | 10 | 02"
"女性","60歲及以上","國、初中","雲嘉南區","本省閩南人","04","07","02",1,0.916993364,1,0.000178571428571429,0.000164494934388679,"女性 | 60歲及以上 | 國、初中 | 雲嘉南區 | 本省閩南人 | 04 | 07 | 02"
"女性","60歲及以上","國、初中","雲嘉南區","本省閩南人","04","09","02",1,0.849876399618336,1,0.000178571428571429,0.000152455151893231,"女性 | 60歲及以上 | 國、初中 | 雲嘉南區 | 本省閩南人 | 04 | 09 | 02"
"女性","60歲及以上","國、初中","雲嘉南區","本省閩南人","05","06","05",1,0.916993364,1,0.000178571428571429,0.000164494934388679,"女性 | 60歲及以上 | 國、初中 | 雲嘉南區 | 本省閩南人 | 05 | 06 | 05"
"女性","60歲及以上","國、初中","雲嘉南區","本省閩南人","05","06","06",1,1.26897906,1,0.000178571428571429,0.000227635919091894,"女性 | 60歲及以上 | 國、初中 | 雲嘉南區 | 本省閩南人 | 05 | 06 | 06"
"女性","60歲及以上","國、初中","雲嘉南區","本省閩南人","05","07","04",1,0.916993364,1,0.000178571428571429,0.000164494934388679,"女性 | 60歲及以上 | 國、初中 | 雲嘉南區 | 本省閩南人 | 05 | 07 | 04"
"女性","60歲及以上","國、初中","雲嘉南區","本省閩南人","05","08","00",1,0.849876399618336,1,0.000178571428571429,0.000152455151893231,"女性 | 60歲及以上 | 國、初中 | 雲嘉南區 | 本省閩南人 | 05 | 08 | 00"
"女性","60歲及以上","國、初中","雲嘉南區","本省閩南人","05","08","05",1,0.849876399618336,1,0.000178571428571429,0.000152455151893231,"女性 | 60歲及以上 | 國、初中 | 雲嘉南區 | 本省閩南人 | 05 | 08 | 05"
"女性","60歲及以上","國、初中","雲嘉南區","本省閩南人","06","02","05",1,1.134169142,1,0.000178571428571429,0.000203453030221661,"女性 | 60歲及以上 | 國、初中 | 雲嘉南區 | 本省閩南人 | 06 | 02 | 05"
"女性","60歲及以上","國、初中","雲嘉南區","本省閩南人","06","06","06",1,0.849876399618336,1,0.000178571428571429,0.000152455151893231,"女性 | 60歲及以上 | 國、初中 | 雲嘉南區 | 本省閩南人 | 06 | 06 | 06"
"女性","60歲及以上","國、初中","雲嘉南區","本省閩南人","06","08","05",1,0.849876399618336,1,0.000178571428571429,0.000152455151893231,"女性 | 60歲及以上 | 國、初中 | 雲嘉南區 | 本省閩南人 | 06 | 08 | 05"
"女性","60歲及以上","國、初中","雲嘉南區","本省閩南人","07","02","01",1,0.849876399618336,1,0.000178571428571429,0.000152455151893231,"女性 | 60歲及以上 | 國、初中 | 雲嘉南區 | 本省閩南人 | 07 | 02 | 01"
"女性","60歲及以上","國、初中","雲嘉南區","本省閩南人","07","03","05",1,0.849876399618336,1,0.000178571428571429,0.000152455151893231,"女性 | 60歲及以上 | 國、初中 | 雲嘉南區 | 本省閩南人 | 07 | 03 | 05"
"女性","60歲及以上","國、初中","雲嘉南區","本省閩南人","07","09","06",1,0.849876399618336,1,0.000178571428571429,0.000152455151893231,"女性 | 60歲及以上 | 國、初中 | 雲嘉南區 | 本省閩南人 | 07 | 09 | 06"
"女性","60歲及以上","國、初中","雲嘉南區","本省閩南人","09","00","08",1,0.916993364,1,0.000178571428571429,0.000164494934388679,"女性 | 60歲及以上 | 國、初中 | 雲嘉南區 | 本省閩南人 | 09 | 00 | 08"
"女性","60歲及以上","國、初中","高屏區","大陸各省市","09","00","06",1,1.21724713853279,1,0.000178571428571429,0.000218355983858307,"女性 | 60歲及以上 | 國、初中 | 高屏區 | 大陸各省市 | 09 | 00 | 06"
"女性","60歲及以上","國、初中","高屏區","大陸各省市","09","02","07",1,0.949909823,1,0.000178571428571429,0.000170399656250453,"女性 | 60歲及以上 | 國、初中 | 高屏區 | 大陸各省市 | 09 | 02 | 07"
"女性","60歲及以上","國、初中","高屏區","大陸新住民","05","00","03",1,1.21724713853279,1,0.000178571428571429,0.000218355983858307,"女性 | 60歲及以上 | 國、初中 | 高屏區 | 大陸新住民 | 05 | 00 | 03"
"女性","60歲及以上","國、初中","高屏區","本省閩南人","00","07","00",1,1.21724713853279,1,0.000178571428571429,0.000218355983858307,"女性 | 60歲及以上 | 國、初中 | 高屏區 | 本省閩南人 | 00 | 07 | 00"
"女性","60歲及以上","國、初中","高屏區","本省閩南人","00","08","00",1,1.21724713853279,1,0.000178571428571429,0.000218355983858307,"女性 | 60歲及以上 | 國、初中 | 高屏區 | 本省閩南人 | 00 | 08 | 00"
"女性","60歲及以上","國、初中","高屏區","本省閩南人","00","10","02",1,1.21724713853279,1,0.000178571428571429,0.000218355983858307,"女性 | 60歲及以上 | 國、初中 | 高屏區 | 本省閩南人 | 00 | 10 | 02"
"女性","60歲及以上","國、初中","高屏區","本省閩南人","01","01","01",1,1.270080382,1,0.000178571428571429,0.00022783347983469,"女性 | 60歲及以上 | 國、初中 | 高屏區 | 本省閩南人 | 01 | 01 | 01"
"女性","60歲及以上","國、初中","高屏區","本省閩南人","02","10","03",1,0.949909823,1,0.000178571428571429,0.000170399656250453,"女性 | 60歲及以上 | 國、初中 | 高屏區 | 本省閩南人 | 02 | 10 | 03"
"女性","60歲及以上","國、初中","高屏區","本省閩南人","03","02","01",1,1.21724713853279,1,0.000178571428571429,0.000218355983858307,"女性 | 60歲及以上 | 國、初中 | 高屏區 | 本省閩南人 | 03 | 02 | 01"
"女性","60歲及以上","國、初中","高屏區","本省閩南人","03","08","03",1,1.21724713853279,1,0.000178571428571429,0.000218355983858307,"女性 | 60歲及以上 | 國、初中 | 高屏區 | 本省閩南人 | 03 | 08 | 03"
"女性","60歲及以上","國、初中","高屏區","本省閩南人","03","08","08",1,1.270080382,1,0.000178571428571429,0.00022783347983469,"女性 | 60歲及以上 | 國、初中 | 高屏區 | 本省閩南人 | 03 | 08 | 08"
"女性","60歲及以上","國、初中","高屏區","本省閩南人","05","04","05",1,0.949909823,1,0.000178571428571429,0.000170399656250453,"女性 | 60歲及以上 | 國、初中 | 高屏區 | 本省閩南人 | 05 | 04 | 05"
"女性","60歲及以上","國、初中","高屏區","本省閩南人","05","05","03",1,0.949909823,1,0.000178571428571429,0.000170399656250453,"女性 | 60歲及以上 | 國、初中 | 高屏區 | 本省閩南人 | 05 | 05 | 03"
"女性","60歲及以上","國、初中","高屏區","本省閩南人","05","05","06",1,1.21724713853279,1,0.000178571428571429,0.000218355983858307,"女性 | 60歲及以上 | 國、初中 | 高屏區 | 本省閩南人 | 05 | 05 | 06"
"女性","60歲及以上","國、初中","高屏區","本省閩南人","05","08","05",1,1.21724713853279,1,0.000178571428571429,0.000218355983858307,"女性 | 60歲及以上 | 國、初中 | 高屏區 | 本省閩南人 | 05 | 08 | 05"
"女性","60歲及以上","國、初中","高屏區","本省閩南人","05","10","02",1,0.887825722,1,0.000178571428571429,0.000159262694390634,"女性 | 60歲及以上 | 國、初中 | 高屏區 | 本省閩南人 | 05 | 10 | 02"
"女性","60歲及以上","國、初中","高屏區","本省閩南人","05","10","04",1,0.949909823,1,0.000178571428571429,0.000170399656250453,"女性 | 60歲及以上 | 國、初中 | 高屏區 | 本省閩南人 | 05 | 10 | 04"
"女性","60歲及以上","國、初中","高屏區","本省閩南人","06","02","02",1,1.270080382,1,0.000178571428571429,0.00022783347983469,"女性 | 60歲及以上 | 國、初中 | 高屏區 | 本省閩南人 | 06 | 02 | 02"
"女性","60歲及以上","國、初中","高屏區","本省閩南人","06","04","08",1,1.270080382,1,0.000178571428571429,0.00022783347983469,"女性 | 60歲及以上 | 國、初中 | 高屏區 | 本省閩南人 | 06 | 04 | 08"
"女性","60歲及以上","國、初中","高屏區","本省閩南人","07","04","03",1,0.949909823,1,0.000178571428571429,0.000170399656250453,"女性 | 60歲及以上 | 國、初中 | 高屏區 | 本省閩南人 | 07 | 04 | 03"
"女性","60歲及以上","國、初中","高屏區","本省閩南人","07","09","04",1,1.21724713853279,1,0.000178571428571429,0.000218355983858307,"女性 | 60歲及以上 | 國、初中 | 高屏區 | 本省閩南人 | 07 | 09 | 04"
"女性","60歲及以上","國、初中","高屏區","本省閩南人","08","05","07",1,0.949909823,1,0.000178571428571429,0.000170399656250453,"女性 | 60歲及以上 | 國、初中 | 高屏區 | 本省閩南人 | 08 | 05 | 07"
"女性","60歲及以上","國、初中","高屏區","本省閩南人","08","10","02",1,1.21724713853279,1,0.000178571428571429,0.000218355983858307,"女性 | 60歲及以上 | 國、初中 | 高屏區 | 本省閩南人 | 08 | 10 | 02"
"女性","60歲及以上","國、初中","高屏區","本省閩南人","09","03","02",1,1.270080382,1,0.000178571428571429,0.00022783347983469,"女性 | 60歲及以上 | 國、初中 | 高屏區 | 本省閩南人 | 09 | 03 | 02"
"女性","60歲及以上","大學及以上","中彰投區","大陸各省市","03","07","00",1,0.503461206,1,0.000178571428571429,9.03134322444402e-05,"女性 | 60歲及以上 | 大學及以上 | 中彰投區 | 大陸各省市 | 03 | 07 | 00"
"女性","60歲及以上","大學及以上","中彰投區","大陸各省市","06","00","02",1,0.503461206,1,0.000178571428571429,9.03134322444402e-05,"女性 | 60歲及以上 | 大學及以上 | 中彰投區 | 大陸各省市 | 06 | 00 | 02"
"女性","60歲及以上","大學及以上","中彰投區","大陸各省市","07","05","04",1,0.593503317,1,0.000178571428571429,0.000106465644160734,"女性 | 60歲及以上 | 大學及以上 | 中彰投區 | 大陸各省市 | 07 | 05 | 04"
"女性","60歲及以上","大學及以上","中彰投區","本省客家人","07","06","06",1,0.503461206,1,0.000178571428571429,9.03134322444402e-05,"女性 | 60歲及以上 | 大學及以上 | 中彰投區 | 本省客家人 | 07 | 06 | 06"
"女性","60歲及以上","大學及以上","中彰投區","本省閩南人","00","09","03",1,0.503461206,1,0.000178571428571429,9.03134322444402e-05,"女性 | 60歲及以上 | 大學及以上 | 中彰投區 | 本省閩南人 | 00 | 09 | 03"
"女性","60歲及以上","大學及以上","中彰投區","本省閩南人","01","09","03",1,0.593503317,1,0.000178571428571429,0.000106465644160734,"女性 | 60歲及以上 | 大學及以上 | 中彰投區 | 本省閩南人 | 01 | 09 | 03"
"女性","60歲及以上","大學及以上","中彰投區","本省閩南人","03","02","04",1,0.601892422296937,1,0.000178571428571429,0.000107970524544361,"女性 | 60歲及以上 | 大學及以上 | 中彰投區 | 本省閩南人 | 03 | 02 | 04"
"女性","60歲及以上","大學及以上","中彰投區","本省閩南人","03","07","01",1,0.601892422296937,1,0.000178571428571429,0.000107970524544361,"女性 | 60歲及以上 | 大學及以上 | 中彰投區 | 本省閩南人 | 03 | 07 | 01"
"女性","60歲及以上","大學及以上","中彰投區","本省閩南人","03","07","04",1,0.503461206,1,0.000178571428571429,9.03134322444402e-05,"女性 | 60歲及以上 | 大學及以上 | 中彰投區 | 本省閩南人 | 03 | 07 | 04"
"女性","60歲及以上","大學及以上","中彰投區","本省閩南人","03","08","02",1,0.601892422296937,1,0.000178571428571429,0.000107970524544361,"女性 | 60歲及以上 | 大學及以上 | 中彰投區 | 本省閩南人 | 03 | 08 | 02"
"女性","60歲及以上","大學及以上","中彰投區","本省閩南人","04","02","05",1,0.601892422296937,1,0.000178571428571429,0.000107970524544361,"女性 | 60歲及以上 | 大學及以上 | 中彰投區 | 本省閩南人 | 04 | 02 | 05"
"女性","60歲及以上","大學及以上","中彰投區","本省閩南人","05","02","01",1,0.601892422296937,1,0.000178571428571429,0.000107970524544361,"女性 | 60歲及以上 | 大學及以上 | 中彰投區 | 本省閩南人 | 05 | 02 | 01"
"女性","60歲及以上","大學及以上","中彰投區","本省閩南人","05","02","05",1,0.601892422296937,1,0.000178571428571429,0.000107970524544361,"女性 | 60歲及以上 | 大學及以上 | 中彰投區 | 本省閩南人 | 05 | 02 | 05"
"女性","60歲及以上","大學及以上","中彰投區","本省閩南人","05","04","05",1,0.601892422296937,1,0.000178571428571429,0.000107970524544361,"女性 | 60歲及以上 | 大學及以上 | 中彰投區 | 本省閩南人 | 05 | 04 | 05"
"女性","60歲及以上","大學及以上","中彰投區","本省閩南人","05","07","03",1,0.503461206,1,0.000178571428571429,9.03134322444402e-05,"女性 | 60歲及以上 | 大學及以上 | 中彰投區 | 本省閩南人 | 05 | 07 | 03"
"女性","60歲及以上","大學及以上","中彰投區","本省閩南人","06","00","02",1,0.821318138,1,0.000178571428571429,0.000147332225647973,"女性 | 60歲及以上 | 大學及以上 | 中彰投區 | 本省閩南人 | 06 | 00 | 02"
"女性","60歲及以上","大學及以上","中彰投區","本省閩南人","06","04","05",1,0.503461206,1,0.000178571428571429,9.03134322444402e-05,"女性 | 60歲及以上 | 大學及以上 | 中彰投區 | 本省閩南人 | 06 | 04 | 05"
"女性","60歲及以上","大學及以上","中彰投區","本省閩南人","07","05","06",1,0.601892422296937,1,0.000178571428571429,0.000107970524544361,"女性 | 60歲及以上 | 大學及以上 | 中彰投區 | 本省閩南人 | 07 | 05 | 06"
"女性","60歲及以上","大學及以上","中彰投區","本省閩南人","08","00","05",1,0.503461206,1,0.000178571428571429,9.03134322444402e-05,"女性 | 60歲及以上 | 大學及以上 | 中彰投區 | 本省閩南人 | 08 | 00 | 05"
"女性","60歲及以上","大學及以上","中彰投區","本省閩南人","08","02","04",1,0.593503317,1,0.000178571428571429,0.000106465644160734,"女性 | 60歲及以上 | 大學及以上 | 中彰投區 | 本省閩南人 | 08 | 02 | 04"
"女性","60歲及以上","大學及以上","中彰投區","本省閩南人","09","00","09",1,0.601892422296937,1,0.000178571428571429,0.000107970524544361,"女性 | 60歲及以上 | 大學及以上 | 中彰投區 | 本省閩南人 | 09 | 00 | 09"
"女性","60歲及以上","大學及以上","北北基宜蘭區","大陸各省市","00","10","00",1,0.664030203,1,0.000178571428571429,0.000119117115742384,"女性 | 60歲及以上 | 大學及以上 | 北北基宜蘭區 | 大陸各省市 | 00 | 10 | 00"
"女性","60歲及以上","大學及以上","北北基宜蘭區","大陸各省市","04","00","04",1,0.587813607398812,1,0.000178571428571429,0.000105444995108864,"女性 | 60歲及以上 | 大學及以上 | 北北基宜蘭區 | 大陸各省市 | 04 | 00 | 04"
"女性","60歲及以上","大學及以上","北北基宜蘭區","大陸各省市","04","02","03",1,0.587813607398812,1,0.000178571428571429,0.000105444995108864,"女性 | 60歲及以上 | 大學及以上 | 北北基宜蘭區 | 大陸各省市 | 04 | 02 | 03"
"女性","60歲及以上","大學及以上","北北基宜蘭區","大陸各省市","05","00","02",1,0.587813607398812,1,0.000178571428571429,0.000105444995108864,"女性 | 60歲及以上 | 大學及以上 | 北北基宜蘭區 | 大陸各省市 | 05 | 00 | 02"
"女性","60歲及以上","大學及以上","北北基宜蘭區","大陸各省市","05","00","04",1,0.587813607398812,1,0.000178571428571429,0.000105444995108864,"女性 | 60歲及以上 | 大學及以上 | 北北基宜蘭區 | 大陸各省市 | 05 | 00 | 04"
"女性","60歲及以上","大學及以上","北北基宜蘭區","大陸各省市","05","00","05",1,0.587813607398812,1,0.000178571428571429,0.000105444995108864,"女性 | 60歲及以上 | 大學及以上 | 北北基宜蘭區 | 大陸各省市 | 05 | 00 | 05"
"女性","60歲及以上","大學及以上","北北基宜蘭區","大陸各省市","05","00","06",1,0.587813607398812,1,0.000178571428571429,0.000105444995108864,"女性 | 60歲及以上 | 大學及以上 | 北北基宜蘭區 | 大陸各省市 | 05 | 00 | 06"
"女性","60歲及以上","大學及以上","北北基宜蘭區","大陸各省市","05","03","03",1,0.587813607398812,1,0.000178571428571429,0.000105444995108864,"女性 | 60歲及以上 | 大學及以上 | 北北基宜蘭區 | 大陸各省市 | 05 | 03 | 03"
"女性","60歲及以上","大學及以上","北北基宜蘭區","大陸各省市","05","03","04",1,1.007756757,1,0.000178571428571429,0.000180776533539302,"女性 | 60歲及以上 | 大學及以上 | 北北基宜蘭區 | 大陸各省市 | 05 | 03 | 04"
"女性","60歲及以上","大學及以上","北北基宜蘭區","大陸各省市","05","06","04",1,0.587813607398812,1,0.000178571428571429,0.000105444995108864,"女性 | 60歲及以上 | 大學及以上 | 北北基宜蘭區 | 大陸各省市 | 05 | 06 | 04"
"女性","60歲及以上","大學及以上","北北基宜蘭區","大陸各省市","06","00","04",1,1.007756757,1,0.000178571428571429,0.000180776533539302,"女性 | 60歲及以上 | 大學及以上 | 北北基宜蘭區 | 大陸各省市 | 06 | 00 | 04"
"女性","60歲及以上","大學及以上","北北基宜蘭區","大陸各省市","06","00","05",1,0.587813607398812,1,0.000178571428571429,0.000105444995108864,"女性 | 60歲及以上 | 大學及以上 | 北北基宜蘭區 | 大陸各省市 | 06 | 00 | 05"
"女性","60歲及以上","大學及以上","北北基宜蘭區","大陸各省市","06","02","03",1,1.007756757,1,0.000178571428571429,0.000180776533539302,"女性 | 60歲及以上 | 大學及以上 | 北北基宜蘭區 | 大陸各省市 | 06 | 02 | 03"
"女性","60歲及以上","大學及以上","北北基宜蘭區","大陸各省市","06","03","05",1,0.587813607398812,1,0.000178571428571429,0.000105444995108864,"女性 | 60歲及以上 | 大學及以上 | 北北基宜蘭區 | 大陸各省市 | 06 | 03 | 05"
"女性","60歲及以上","大學及以上","北北基宜蘭區","大陸各省市","06","07","07",1,0.728228138,1,0.000178571428571429,0.000130633267898218,"女性 | 60歲及以上 | 大學及以上 | 北北基宜蘭區 | 大陸各省市 | 06 | 07 | 07"
"女性","60歲及以上","大學及以上","北北基宜蘭區","大陸各省市","07","00","04",1,0.728228138,1,0.000178571428571429,0.000130633267898218,"女性 | 60歲及以上 | 大學及以上 | 北北基宜蘭區 | 大陸各省市 | 07 | 00 | 04"
"女性","60歲及以上","大學及以上","北北基宜蘭區","大陸各省市","07","02","04",1,0.728228138,1,0.000178571428571429,0.000130633267898218,"女性 | 60歲及以上 | 大學及以上 | 北北基宜蘭區 | 大陸各省市 | 07 | 02 | 04"
"女性","60歲及以上","大學及以上","北北基宜蘭區","大陸各省市","08","01","01",1,0.728228138,1,0.000178571428571429,0.000130633267898218,"女性 | 60歲及以上 | 大學及以上 | 北北基宜蘭區 | 大陸各省市 | 08 | 01 | 01"
"女性","60歲及以上","大學及以上","北北基宜蘭區","大陸各省市","08","02","10",1,0.587813607398812,1,0.000178571428571429,0.000105444995108864,"女性 | 60歲及以上 | 大學及以上 | 北北基宜蘭區 | 大陸各省市 | 08 | 02 | 10"
"女性","60歲及以上","大學及以上","北北基宜蘭區","大陸各省市","08","04","05",1,0.664030203,1,0.000178571428571429,0.000119117115742384,"女性 | 60歲及以上 | 大學及以上 | 北北基宜蘭區 | 大陸各省市 | 08 | 04 | 05"
"女性","60歲及以上","大學及以上","北北基宜蘭區","大陸各省市","10","00","05",1,0.587813607398812,1,0.000178571428571429,0.000105444995108864,"女性 | 60歲及以上 | 大學及以上 | 北北基宜蘭區 | 大陸各省市 | 10 | 00 | 05"
"女性","60歲及以上","大學及以上","北北基宜蘭區","本省客家人","00","00","00",1,0.587813607398812,1,0.000178571428571429,0.000105444995108864,"女性 | 60歲及以上 | 大學及以上 | 北北基宜蘭區 | 本省客家人 | 00 | 00 | 00"
"女性","60歲及以上","大學及以上","北北基宜蘭區","本省客家人","00","00","10",1,0.664030203,1,0.000178571428571429,0.000119117115742384,"女性 | 60歲及以上 | 大學及以上 | 北北基宜蘭區 | 本省客家人 | 00 | 00 | 10"
"女性","60歲及以上","大學及以上","北北基宜蘭區","本省客家人","05","03","08",1,0.664030203,1,0.000178571428571429,0.000119117115742384,"女性 | 60歲及以上 | 大學及以上 | 北北基宜蘭區 | 本省客家人 | 05 | 03 | 08"
"女性","60歲及以上","大學及以上","北北基宜蘭區","本省客家人","06","09","02",1,0.728228138,1,0.000178571428571429,0.000130633267898218,"女性 | 60歲及以上 | 大學及以上 | 北北基宜蘭區 | 本省客家人 | 06 | 09 | 02"
"女性","60歲及以上","大學及以上","北北基宜蘭區","本省客家人","07","04","03",1,0.728228138,1,0.000178571428571429,0.000130633267898218,"女性 | 60歲及以上 | 大學及以上 | 北北基宜蘭區 | 本省客家人 | 07 | 04 | 03"
"女性","60歲及以上","大學及以上","北北基宜蘭區","本省閩南人","00","08","00",1,0.587813607398812,1,0.000178571428571429,0.000105444995108864,"女性 | 60歲及以上 | 大學及以上 | 北北基宜蘭區 | 本省閩南人 | 00 | 08 | 00"
"女性","60歲及以上","大學及以上","北北基宜蘭區","本省閩南人","00","09","00",1,0.728228138,1,0.000178571428571429,0.000130633267898218,"女性 | 60歲及以上 | 大學及以上 | 北北基宜蘭區 | 本省閩南人 | 00 | 09 | 00"
"女性","60歲及以上","大學及以上","北北基宜蘭區","本省閩南人","00","10","00",1,0.664030203,1,0.000178571428571429,0.000119117115742384,"女性 | 60歲及以上 | 大學及以上 | 北北基宜蘭區 | 本省閩南人 | 00 | 10 | 00"
"女性","60歲及以上","大學及以上","北北基宜蘭區","本省閩南人","01","06","00",1,0.587813607398812,1,0.000178571428571429,0.000105444995108864,"女性 | 60歲及以上 | 大學及以上 | 北北基宜蘭區 | 本省閩南人 | 01 | 06 | 00"
"女性","60歲及以上","大學及以上","北北基宜蘭區","本省閩南人","01","10","00",1,0.728228138,1,0.000178571428571429,0.000130633267898218,"女性 | 60歲及以上 | 大學及以上 | 北北基宜蘭區 | 本省閩南人 | 01 | 10 | 00"
"女性","60歲及以上","大學及以上","北北基宜蘭區","本省閩南人","02","06","01",1,0.587813607398812,1,0.000178571428571429,0.000105444995108864,"女性 | 60歲及以上 | 大學及以上 | 北北基宜蘭區 | 本省閩南人 | 02 | 06 | 01"
"女性","60歲及以上","大學及以上","北北基宜蘭區","本省閩南人","02","09","01",1,1.007756757,1,0.000178571428571429,0.000180776533539302,"女性 | 60歲及以上 | 大學及以上 | 北北基宜蘭區 | 本省閩南人 | 02 | 09 | 01"
"女性","60歲及以上","大學及以上","北北基宜蘭區","本省閩南人","03","00","07",1,0.664030203,1,0.000178571428571429,0.000119117115742384,"女性 | 60歲及以上 | 大學及以上 | 北北基宜蘭區 | 本省閩南人 | 03 | 00 | 07"
"女性","60歲及以上","大學及以上","北北基宜蘭區","本省閩南人","03","07","03",1,0.587813607398812,1,0.000178571428571429,0.000105444995108864,"女性 | 60歲及以上 | 大學及以上 | 北北基宜蘭區 | 本省閩南人 | 03 | 07 | 03"
"女性","60歲及以上","大學及以上","北北基宜蘭區","本省閩南人","03","08","00",1,0.728228138,1,0.000178571428571429,0.000130633267898218,"女性 | 60歲及以上 | 大學及以上 | 北北基宜蘭區 | 本省閩南人 | 03 | 08 | 00"
"女性","60歲及以上","大學及以上","北北基宜蘭區","本省閩南人","04","00","04",1,0.587813607398812,1,0.000178571428571429,0.000105444995108864,"女性 | 60歲及以上 | 大學及以上 | 北北基宜蘭區 | 本省閩南人 | 04 | 00 | 04"
"女性","60歲及以上","大學及以上","北北基宜蘭區","本省閩南人","04","05","05",1,0.664030203,1,0.000178571428571429,0.000119117115742384,"女性 | 60歲及以上 | 大學及以上 | 北北基宜蘭區 | 本省閩南人 | 04 | 05 | 05"
"女性","60歲及以上","大學及以上","北北基宜蘭區","本省閩南人","04","07","02",1,0.664030203,1,0.000178571428571429,0.000119117115742384,"女性 | 60歲及以上 | 大學及以上 | 北北基宜蘭區 | 本省閩南人 | 04 | 07 | 02"
"女性","60歲及以上","大學及以上","北北基宜蘭區","本省閩南人","05","03","08",1,0.587813607398812,1,0.000178571428571429,0.000105444995108864,"女性 | 60歲及以上 | 大學及以上 | 北北基宜蘭區 | 本省閩南人 | 05 | 03 | 08"
"女性","60歲及以上","大學及以上","北北基宜蘭區","本省閩南人","05","05","03",1,0.587813607398812,1,0.000178571428571429,0.000105444995108864,"女性 | 60歲及以上 | 大學及以上 | 北北基宜蘭區 | 本省閩南人 | 05 | 05 | 03"
"女性","60歲及以上","大學及以上","北北基宜蘭區","本省閩南人","05","07","07",1,1.007756757,1,0.000178571428571429,0.000180776533539302,"女性 | 60歲及以上 | 大學及以上 | 北北基宜蘭區 | 本省閩南人 | 05 | 07 | 07"
"女性","60歲及以上","大學及以上","北北基宜蘭區","本省閩南人","05","08","04",1,0.587813607398812,1,0.000178571428571429,0.000105444995108864,"女性 | 60歲及以上 | 大學及以上 | 北北基宜蘭區 | 本省閩南人 | 05 | 08 | 04"
"女性","60歲及以上","大學及以上","北北基宜蘭區","本省閩南人","05","10","02",1,0.664030203,1,0.000178571428571429,0.000119117115742384,"女性 | 60歲及以上 | 大學及以上 | 北北基宜蘭區 | 本省閩南人 | 05 | 10 | 02"
"女性","60歲及以上","大學及以上","北北基宜蘭區","本省閩南人","06","01","06",1,0.587813607398812,1,0.000178571428571429,0.000105444995108864,"女性 | 60歲及以上 | 大學及以上 | 北北基宜蘭區 | 本省閩南人 | 06 | 01 | 06"
"女性","60歲及以上","大學及以上","北北基宜蘭區","本省閩南人","06","05","08",1,1.007756757,1,0.000178571428571429,0.000180776533539302,"女性 | 60歲及以上 | 大學及以上 | 北北基宜蘭區 | 本省閩南人 | 06 | 05 | 08"
"女性","60歲及以上","大學及以上","北北基宜蘭區","本省閩南人","06","06","05",1,0.728228138,1,0.000178571428571429,0.000130633267898218,"女性 | 60歲及以上 | 大學及以上 | 北北基宜蘭區 | 本省閩南人 | 06 | 06 | 05"
"女性","60歲及以上","大學及以上","北北基宜蘭區","本省閩南人","07","01","03",1,0.664030203,1,0.000178571428571429,0.000119117115742384,"女性 | 60歲及以上 | 大學及以上 | 北北基宜蘭區 | 本省閩南人 | 07 | 01 | 03"
"女性","60歲及以上","大學及以上","北北基宜蘭區","本省閩南人","07","02","06",1,0.587813607398812,1,0.000178571428571429,0.000105444995108864,"女性 | 60歲及以上 | 大學及以上 | 北北基宜蘭區 | 本省閩南人 | 07 | 02 | 06"
"女性","60歲及以上","大學及以上","北北基宜蘭區","本省閩南人","08","00","05",1,0.587813607398812,1,0.000178571428571429,0.000105444995108864,"女性 | 60歲及以上 | 大學及以上 | 北北基宜蘭區 | 本省閩南人 | 08 | 00 | 05"
"女性","60歲及以上","大學及以上","北北基宜蘭區","本省閩南人","09","00","00",1,0.728228138,1,0.000178571428571429,0.000130633267898218,"女性 | 60歲及以上 | 大學及以上 | 北北基宜蘭區 | 本省閩南人 | 09 | 00 | 00"
"女性","60歲及以上","大學及以上","北北基宜蘭區","本省閩南人","09","00","04",1,0.728228138,1,0.000178571428571429,0.000130633267898218,"女性 | 60歲及以上 | 大學及以上 | 北北基宜蘭區 | 本省閩南人 | 09 | 00 | 04"
"女性","60歲及以上","大學及以上","北北基宜蘭區","本省閩南人","10","00","03",1,0.728228138,1,0.000178571428571429,0.000130633267898218,"女性 | 60歲及以上 | 大學及以上 | 北北基宜蘭區 | 本省閩南人 | 10 | 00 | 03"
"女性","60歲及以上","大學及以上","桃竹苗區","大陸各省市","00","05","00",1,0.553399072869879,1,0.000178571428571429,9.92715408379843e-05,"女性 | 60歲及以上 | 大學及以上 | 桃竹苗區 | 大陸各省市 | 00 | 05 | 00"
"女性","60歲及以上","大學及以上","桃竹苗區","大陸各省市","00","06","03",1,0.571106548,1,0.000178571428571429,0.000102447997804927,"女性 | 60歲及以上 | 大學及以上 | 桃竹苗區 | 大陸各省市 | 00 | 06 | 03"
"女性","60歲及以上","大學及以上","桃竹苗區","大陸各省市","03","08","00",1,0.553399072869879,1,0.000178571428571429,9.92715408379843e-05,"女性 | 60歲及以上 | 大學及以上 | 桃竹苗區 | 大陸各省市 | 03 | 08 | 00"
"女性","60歲及以上","大學及以上","桃竹苗區","大陸各省市","05","03","04",1,0.553399072869879,1,0.000178571428571429,9.92715408379843e-05,"女性 | 60歲及以上 | 大學及以上 | 桃竹苗區 | 大陸各省市 | 05 | 03 | 04"
"女性","60歲及以上","大學及以上","桃竹苗區","大陸各省市","05","05","04",1,0.553399072869879,1,0.000178571428571429,9.92715408379843e-05,"女性 | 60歲及以上 | 大學及以上 | 桃竹苗區 | 大陸各省市 | 05 | 05 | 04"
"女性","60歲及以上","大學及以上","桃竹苗區","大陸各省市","06","02","04",1,0.913029327,1,0.000178571428571429,0.000163783845266523,"女性 | 60歲及以上 | 大學及以上 | 桃竹苗區 | 大陸各省市 | 06 | 02 | 04"
"女性","60歲及以上","大學及以上","桃竹苗區","大陸各省市","07","00","04",1,0.553399072869879,1,0.000178571428571429,9.92715408379843e-05,"女性 | 60歲及以上 | 大學及以上 | 桃竹苗區 | 大陸各省市 | 07 | 00 | 04"
"女性","60歲及以上","大學及以上","桃竹苗區","大陸各省市","10","00","02",1,0.571106548,1,0.000178571428571429,0.000102447997804927,"女性 | 60歲及以上 | 大學及以上 | 桃竹苗區 | 大陸各省市 | 10 | 00 | 02"
"女性","60歲及以上","大學及以上","桃竹苗區","本省客家人","05","00","05",1,0.553399072869879,1,0.000178571428571429,9.92715408379843e-05,"女性 | 60歲及以上 | 大學及以上 | 桃竹苗區 | 本省客家人 | 05 | 00 | 05"
"女性","60歲及以上","大學及以上","桃竹苗區","本省客家人","05","08","06",1,0.659775925,1,0.000178571428571429,0.00011835396171319,"女性 | 60歲及以上 | 大學及以上 | 桃竹苗區 | 本省客家人 | 05 | 08 | 06"
"女性","60歲及以上","大學及以上","桃竹苗區","本省客家人","05","09","02",1,0.553399072869879,1,0.000178571428571429,9.92715408379843e-05,"女性 | 60歲及以上 | 大學及以上 | 桃竹苗區 | 本省客家人 | 05 | 09 | 02"
"女性","60歲及以上","大學及以上","桃竹苗區","本省客家人","07","00","06",1,0.553399072869879,1,0.000178571428571429,9.92715408379843e-05,"女性 | 60歲及以上 | 大學及以上 | 桃竹苗區 | 本省客家人 | 07 | 00 | 06"
"女性","60歲及以上","大學及以上","桃竹苗區","本省客家人","08","02","05",1,0.571106548,1,0.000178571428571429,0.000102447997804927,"女性 | 60歲及以上 | 大學及以上 | 桃竹苗區 | 本省客家人 | 08 | 02 | 05"
"女性","60歲及以上","大學及以上","桃竹苗區","本省閩南人","00","00","06",1,0.553399072869879,1,0.000178571428571429,9.92715408379843e-05,"女性 | 60歲及以上 | 大學及以上 | 桃竹苗區 | 本省閩南人 | 00 | 00 | 06"
"女性","60歲及以上","大學及以上","桃竹苗區","本省閩南人","01","09","00",1,0.553399072869879,1,0.000178571428571429,9.92715408379843e-05,"女性 | 60歲及以上 | 大學及以上 | 桃竹苗區 | 本省閩南人 | 01 | 09 | 00"
"女性","60歲及以上","大學及以上","桃竹苗區","本省閩南人","05","02","01",1,0.553399072869879,1,0.000178571428571429,9.92715408379843e-05,"女性 | 60歲及以上 | 大學及以上 | 桃竹苗區 | 本省閩南人 | 05 | 02 | 01"
"女性","60歲及以上","大學及以上","桃竹苗區","本省閩南人","06","03","04",1,0.553399072869879,1,0.000178571428571429,9.92715408379843e-05,"女性 | 60歲及以上 | 大學及以上 | 桃竹苗區 | 本省閩南人 | 06 | 03 | 04"
"女性","60歲及以上","大學及以上","桃竹苗區","本省閩南人","08","00","03",1,0.553399072869879,1,0.000178571428571429,9.92715408379843e-05,"女性 | 60歲及以上 | 大學及以上 | 桃竹苗區 | 本省閩南人 | 08 | 00 | 03"
"女性","60歲及以上","大學及以上","花東區","本省客家人","04","08","00",1,0.465521946914786,1,0.000178571428571429,8.35076949523463e-05,"女性 | 60歲及以上 | 大學及以上 | 花東區 | 本省客家人 | 04 | 08 | 00"
"女性","60歲及以上","大學及以上","花東區","本省客家人","05","05","05",1,0.465521946914786,1,0.000178571428571429,8.35076949523463e-05,"女性 | 60歲及以上 | 大學及以上 | 花東區 | 本省客家人 | 05 | 05 | 05"
"女性","60歲及以上","大學及以上","花東區","本省客家人","05","07","04",1,0.465521946914786,1,0.000178571428571429,8.35076949523463e-05,"女性 | 60歲及以上 | 大學及以上 | 花東區 | 本省客家人 | 05 | 07 | 04"
"女性","60歲及以上","大學及以上","花東區","本省閩南人","04","10","00",1,0.648920462,1,0.000178571428571429,0.000116406653538402,"女性 | 60歲及以上 | 大學及以上 | 花東區 | 本省閩南人 | 04 | 10 | 00"
"女性","60歲及以上","大學及以上","雲嘉南區","本省閩南人","00","09","00",1,0.493797112,1,0.000178571428571429,8.85798379013779e-05,"女性 | 60歲及以上 | 大學及以上 | 雲嘉南區 | 本省閩南人 | 00 | 09 | 00"
"女性","60歲及以上","大學及以上","雲嘉南區","本省閩南人","02","07","03",1,0.816241807,1,0.000178571428571429,0.000146421607569847,"女性 | 60歲及以上 | 大學及以上 | 雲嘉南區 | 本省閩南人 | 02 | 07 | 03"
"女性","60歲及以上","大學及以上","雲嘉南區","本省閩南人","03","10","03",1,0.589835045,1,0.000178571428571429,0.000105807610868838,"女性 | 60歲及以上 | 大學及以上 | 雲嘉南區 | 本省閩南人 | 03 | 10 | 03"
"女性","60歲及以上","大學及以上","雲嘉南區","本省閩南人","04","05","02",1,0.816241807,1,0.000178571428571429,0.000146421607569847,"女性 | 60歲及以上 | 大學及以上 | 雲嘉南區 | 本省閩南人 | 04 | 05 | 02"
"女性","60歲及以上","大學及以上","雲嘉南區","本省閩南人","05","01","03",1,0.518595457,1,0.000178571428571429,9.30282911769055e-05,"女性 | 60歲及以上 | 大學及以上 | 雲嘉南區 | 本省閩南人 | 05 | 01 | 03"
"女性","60歲及以上","大學及以上","雲嘉南區","本省閩南人","05","02","07",1,0.493797112,1,0.000178571428571429,8.85798379013779e-05,"女性 | 60歲及以上 | 大學及以上 | 雲嘉南區 | 本省閩南人 | 05 | 02 | 07"
"女性","60歲及以上","大學及以上","雲嘉南區","本省閩南人","06","09","05",1,0.589835045,1,0.000178571428571429,0.000105807610868838,"女性 | 60歲及以上 | 大學及以上 | 雲嘉南區 | 本省閩南人 | 06 | 09 | 05"
"女性","60歲及以上","大學及以上","高屏區","大陸各省市","07","04","08",1,0.611007806,1,0.000178571428571429,0.000109605688443064,"女性 | 60歲及以上 | 大學及以上 | 高屏區 | 大陸各省市 | 07 | 04 | 08"
"女性","60歲及以上","大學及以上","高屏區","本省客家人","07","03","04",1,0.742765460736075,1,0.000178571428571429,0.00013324104680212,"女性 | 60歲及以上 | 大學及以上 | 高屏區 | 本省客家人 | 07 | 03 | 04"
"女性","60歲及以上","大學及以上","高屏區","本省閩南人","00","05","00",1,0.742765460736075,1,0.000178571428571429,0.00013324104680212,"女性 | 60歲及以上 | 大學及以上 | 高屏區 | 本省閩南人 | 00 | 05 | 00"
"女性","60歲及以上","大學及以上","高屏區","本省閩南人","02","09","01",1,0.552970453,1,0.000178571428571429,9.91946528253319e-05,"女性 | 60歲及以上 | 大學及以上 | 高屏區 | 本省閩南人 | 02 | 09 | 01"
"女性","60歲及以上","大學及以上","高屏區","本省閩南人","03","05","01",1,0.742765460736075,1,0.000178571428571429,0.00013324104680212,"女性 | 60歲及以上 | 大學及以上 | 高屏區 | 本省閩南人 | 03 | 05 | 01"
"女性","60歲及以上","大學及以上","高屏區","本省閩南人","03","05","02",1,0.742765460736075,1,0.000178571428571429,0.00013324104680212,"女性 | 60歲及以上 | 大學及以上 | 高屏區 | 本省閩南人 | 03 | 05 | 02"
"女性","60歲及以上","大學及以上","高屏區","本省閩南人","03","08","03",1,0.611007806,1,0.000178571428571429,0.000109605688443064,"女性 | 60歲及以上 | 大學及以上 | 高屏區 | 本省閩南人 | 03 | 08 | 03"
"女性","60歲及以上","大學及以上","高屏區","本省閩南人","03","09","01",1,0.742765460736075,1,0.000178571428571429,0.00013324104680212,"女性 | 60歲及以上 | 大學及以上 | 高屏區 | 本省閩南人 | 03 | 09 | 01"
"女性","60歲及以上","大學及以上","高屏區","本省閩南人","03","10","01",1,0.611007806,1,0.000178571428571429,0.000109605688443064,"女性 | 60歲及以上 | 大學及以上 | 高屏區 | 本省閩南人 | 03 | 10 | 01"
"女性","60歲及以上","大學及以上","高屏區","本省閩南人","05","01","08",1,0.742765460736075,1,0.000178571428571429,0.00013324104680212,"女性 | 60歲及以上 | 大學及以上 | 高屏區 | 本省閩南人 | 05 | 01 | 08"
"女性","60歲及以上","大學及以上","高屏區","本省閩南人","05","05","04",1,0.611007806,1,0.000178571428571429,0.000109605688443064,"女性 | 60歲及以上 | 大學及以上 | 高屏區 | 本省閩南人 | 05 | 05 | 04"
"女性","60歲及以上","大學及以上","高屏區","本省閩南人","06","03","03",1,0.742765460736075,1,0.000178571428571429,0.00013324104680212,"女性 | 60歲及以上 | 大學及以上 | 高屏區 | 本省閩南人 | 06 | 03 | 03"
"女性","60歲及以上","大學及以上","高屏區","本省閩南人","07","05","06",1,0.552970453,1,0.000178571428571429,9.91946528253319e-05,"女性 | 60歲及以上 | 大學及以上 | 高屏區 | 本省閩南人 | 07 | 05 | 06"
"女性","60歲及以上","大學及以上","高屏區","本省閩南人","08","05","02",1,0.611007806,1,0.000178571428571429,0.000109605688443064,"女性 | 60歲及以上 | 大學及以上 | 高屏區 | 本省閩南人 | 08 | 05 | 02"
"女性","60歲及以上","專科","中彰投區","大陸各省市","05","00","00",1,0.613769575,1,0.000178571428571429,0.00011010110861543,"女性 | 60歲及以上 | 專科 | 中彰投區 | 大陸各省市 | 05 | 00 | 00"
"女性","60歲及以上","專科","中彰投區","大陸各省市","06","02","03",1,0.613769575,1,0.000178571428571429,0.00011010110861543,"女性 | 60歲及以上 | 專科 | 中彰投區 | 大陸各省市 | 06 | 02 | 03"
"女性","60歲及以上","專科","中彰投區","大陸各省市","06","03","03",1,0.65142776975395,1,0.000178571428571429,0.000116856427158005,"女性 | 60歲及以上 | 專科 | 中彰投區 | 大陸各省市 | 06 | 03 | 03"
"女性","60歲及以上","專科","中彰投區","本省客家人","08","02","05",1,0.646293965,1,0.000178571428571429,0.000115935499145525,"女性 | 60歲及以上 | 專科 | 中彰投區 | 本省客家人 | 08 | 02 | 05"
"女性","60歲及以上","專科","中彰投區","本省閩南人","03","05","04",1,0.613769575,1,0.000178571428571429,0.00011010110861543,"女性 | 60歲及以上 | 專科 | 中彰投區 | 本省閩南人 | 03 | 05 | 04"
"女性","60歲及以上","專科","中彰投區","本省閩南人","05","05","03",1,0.65142776975395,1,0.000178571428571429,0.000116856427158005,"女性 | 60歲及以上 | 專科 | 中彰投區 | 本省閩南人 | 05 | 05 | 03"
"女性","60歲及以上","專科","中彰投區","本省閩南人","05","08","05",1,0.65142776975395,1,0.000178571428571429,0.000116856427158005,"女性 | 60歲及以上 | 專科 | 中彰投區 | 本省閩南人 | 05 | 08 | 05"
"女性","60歲及以上","專科","中彰投區","本省閩南人","06","06","02",1,0.735825112,1,0.000178571428571429,0.00013199605174022,"女性 | 60歲及以上 | 專科 | 中彰投區 | 本省閩南人 | 06 | 06 | 02"
"女性","60歲及以上","專科","中彰投區","本省閩南人","07","06","05",1,0.65142776975395,1,0.000178571428571429,0.000116856427158005,"女性 | 60歲及以上 | 專科 | 中彰投區 | 本省閩南人 | 07 | 06 | 05"
"女性","60歲及以上","專科","中彰投區","本省閩南人","08","02","01",1,0.646293965,1,0.000178571428571429,0.000115935499145525,"女性 | 60歲及以上 | 專科 | 中彰投區 | 本省閩南人 | 08 | 02 | 01"
"女性","60歲及以上","專科","北北基宜蘭區","大陸各省市","04","04","02",1,0.636190277720298,1,0.000178571428571429,0.000114123048323735,"女性 | 60歲及以上 | 專科 | 北北基宜蘭區 | 大陸各省市 | 04 | 04 | 02"
"女性","60歲及以上","專科","北北基宜蘭區","大陸各省市","05","00","02",1,0.809519245,1,0.000178571428571429,0.000145215680200547,"女性 | 60歲及以上 | 專科 | 北北基宜蘭區 | 大陸各省市 | 05 | 00 | 02"
"女性","60歲及以上","專科","北北基宜蘭區","大陸各省市","05","01","03",1,0.636190277720298,1,0.000178571428571429,0.000114123048323735,"女性 | 60歲及以上 | 專科 | 北北基宜蘭區 | 大陸各省市 | 05 | 01 | 03"
"女性","60歲及以上","專科","北北基宜蘭區","大陸各省市","05","03","03",1,0.636190277720298,1,0.000178571428571429,0.000114123048323735,"女性 | 60歲及以上 | 專科 | 北北基宜蘭區 | 大陸各省市 | 05 | 03 | 03"
"女性","60歲及以上","專科","北北基宜蘭區","大陸各省市","06","03","02",1,0.793002225,1,0.000178571428571429,0.000142252773130702,"女性 | 60歲及以上 | 專科 | 北北基宜蘭區 | 大陸各省市 | 06 | 03 | 02"
"女性","60歲及以上","專科","北北基宜蘭區","大陸各省市","07","04","05",1,0.636190277720298,1,0.000178571428571429,0.000114123048323735,"女性 | 60歲及以上 | 專科 | 北北基宜蘭區 | 大陸各省市 | 07 | 04 | 05"
"女性","60歲及以上","專科","北北基宜蘭區","大陸各省市","08","00","05",1,0.793002225,1,0.000178571428571429,0.000142252773130702,"女性 | 60歲及以上 | 專科 | 北北基宜蘭區 | 大陸各省市 | 08 | 00 | 05"
"女性","60歲及以上","專科","北北基宜蘭區","大陸各省市","08","02","05",1,0.809519245,1,0.000178571428571429,0.000145215680200547,"女性 | 60歲及以上 | 專科 | 北北基宜蘭區 | 大陸各省市 | 08 | 02 | 05"
"女性","60歲及以上","專科","北北基宜蘭區","大陸各省市","08","03","05",1,0.793002225,1,0.000178571428571429,0.000142252773130702,"女性 | 60歲及以上 | 專科 | 北北基宜蘭區 | 大陸各省市 | 08 | 03 | 05"
"女性","60歲及以上","專科","北北基宜蘭區","本省客家人","02","07","05",1,0.636190277720298,1,0.000178571428571429,0.000114123048323735,"女性 | 60歲及以上 | 專科 | 北北基宜蘭區 | 本省客家人 | 02 | 07 | 05"
"女性","60歲及以上","專科","北北基宜蘭區","本省客家人","03","04","00",1,0.636190277720298,1,0.000178571428571429,0.000114123048323735,"女性 | 60歲及以上 | 專科 | 北北基宜蘭區 | 本省客家人 | 03 | 04 | 00"
"女性","60歲及以上","專科","北北基宜蘭區","本省客家人","03","08","01",1,0.793002225,1,0.000178571428571429,0.000142252773130702,"女性 | 60歲及以上 | 專科 | 北北基宜蘭區 | 本省客家人 | 03 | 08 | 01"
"女性","60歲及以上","專科","北北基宜蘭區","本省客家人","05","02","01",1,0.809519245,1,0.000178571428571429,0.000145215680200547,"女性 | 60歲及以上 | 專科 | 北北基宜蘭區 | 本省客家人 | 05 | 02 | 01"
"女性","60歲及以上","專科","北北基宜蘭區","本省客家人","07","04","02",1,0.793002225,1,0.000178571428571429,0.000142252773130702,"女性 | 60歲及以上 | 專科 | 北北基宜蘭區 | 本省客家人 | 07 | 04 | 02"
"女性","60歲及以上","專科","北北基宜蘭區","本省閩南人","00","00","00",1,0.809519245,1,0.000178571428571429,0.000145215680200547,"女性 | 60歲及以上 | 專科 | 北北基宜蘭區 | 本省閩南人 | 00 | 00 | 00"
"女性","60歲及以上","專科","北北基宜蘭區","本省閩南人","00","01","00",1,0.636190277720298,1,0.000178571428571429,0.000114123048323735,"女性 | 60歲及以上 | 專科 | 北北基宜蘭區 | 本省閩南人 | 00 | 01 | 00"
"女性","60歲及以上","專科","北北基宜蘭區","本省閩南人","00","09","00",1,0.636190277720298,1,0.000178571428571429,0.000114123048323735,"女性 | 60歲及以上 | 專科 | 北北基宜蘭區 | 本省閩南人 | 00 | 09 | 00"
"女性","60歲及以上","專科","北北基宜蘭區","本省閩南人","02","07","02",1,0.809519245,1,0.000178571428571429,0.000145215680200547,"女性 | 60歲及以上 | 專科 | 北北基宜蘭區 | 本省閩南人 | 02 | 07 | 02"
"女性","60歲及以上","專科","北北基宜蘭區","本省閩南人","03","06","01",1,0.636190277720298,1,0.000178571428571429,0.000114123048323735,"女性 | 60歲及以上 | 專科 | 北北基宜蘭區 | 本省閩南人 | 03 | 06 | 01"
"女性","60歲及以上","專科","北北基宜蘭區","本省閩南人","03","06","06",1,0.793002225,1,0.000178571428571429,0.000142252773130702,"女性 | 60歲及以上 | 專科 | 北北基宜蘭區 | 本省閩南人 | 03 | 06 | 06"
"女性","60歲及以上","專科","北北基宜蘭區","本省閩南人","03","07","00",1,0.636190277720298,1,0.000178571428571429,0.000114123048323735,"女性 | 60歲及以上 | 專科 | 北北基宜蘭區 | 本省閩南人 | 03 | 07 | 00"
"女性","60歲及以上","專科","北北基宜蘭區","本省閩南人","03","10","01",1,0.728228138,1,0.000178571428571429,0.000130633267898218,"女性 | 60歲及以上 | 專科 | 北北基宜蘭區 | 本省閩南人 | 03 | 10 | 01"
"女性","60歲及以上","專科","北北基宜蘭區","本省閩南人","04","04","08",1,0.793002225,1,0.000178571428571429,0.000142252773130702,"女性 | 60歲及以上 | 專科 | 北北基宜蘭區 | 本省閩南人 | 04 | 04 | 08"
"女性","60歲及以上","專科","北北基宜蘭區","本省閩南人","04","07","04",1,1.09739422,1,0.000178571428571429,0.000196856157638907,"女性 | 60歲及以上 | 專科 | 北北基宜蘭區 | 本省閩南人 | 04 | 07 | 04"
"女性","60歲及以上","專科","北北基宜蘭區","本省閩南人","05","03","03",1,0.793002225,1,0.000178571428571429,0.000142252773130702,"女性 | 60歲及以上 | 專科 | 北北基宜蘭區 | 本省閩南人 | 05 | 03 | 03"
"女性","60歲及以上","專科","北北基宜蘭區","本省閩南人","05","04","06",1,0.809519245,1,0.000178571428571429,0.000145215680200547,"女性 | 60歲及以上 | 專科 | 北北基宜蘭區 | 本省閩南人 | 05 | 04 | 06"
"女性","60歲及以上","專科","北北基宜蘭區","本省閩南人","05","05","09",1,0.793002225,1,0.000178571428571429,0.000142252773130702,"女性 | 60歲及以上 | 專科 | 北北基宜蘭區 | 本省閩南人 | 05 | 05 | 09"
"女性","60歲及以上","專科","北北基宜蘭區","本省閩南人","05","06","07",1,0.809519245,1,0.000178571428571429,0.000145215680200547,"女性 | 60歲及以上 | 專科 | 北北基宜蘭區 | 本省閩南人 | 05 | 06 | 07"
"女性","60歲及以上","專科","北北基宜蘭區","本省閩南人","05","07","04",1,0.636190277720298,1,0.000178571428571429,0.000114123048323735,"女性 | 60歲及以上 | 專科 | 北北基宜蘭區 | 本省閩南人 | 05 | 07 | 04"
"女性","60歲及以上","專科","北北基宜蘭區","本省閩南人","05","08","04",1,0.793002225,1,0.000178571428571429,0.000142252773130702,"女性 | 60歲及以上 | 專科 | 北北基宜蘭區 | 本省閩南人 | 05 | 08 | 04"
"女性","60歲及以上","專科","北北基宜蘭區","本省閩南人","05","08","06",1,0.793002225,1,0.000178571428571429,0.000142252773130702,"女性 | 60歲及以上 | 專科 | 北北基宜蘭區 | 本省閩南人 | 05 | 08 | 06"
"女性","60歲及以上","專科","北北基宜蘭區","本省閩南人","05","09","08",1,0.902856876,1,0.000178571428571429,0.000161959059258784,"女性 | 60歲及以上 | 專科 | 北北基宜蘭區 | 本省閩南人 | 05 | 09 | 08"
"女性","60歲及以上","專科","北北基宜蘭區","本省閩南人","05","10","03",1,0.793002225,1,0.000178571428571429,0.000142252773130702,"女性 | 60歲及以上 | 專科 | 北北基宜蘭區 | 本省閩南人 | 05 | 10 | 03"
"女性","60歲及以上","專科","北北基宜蘭區","本省閩南人","06","03","03",1,0.636190277720298,1,0.000178571428571429,0.000114123048323735,"女性 | 60歲及以上 | 專科 | 北北基宜蘭區 | 本省閩南人 | 06 | 03 | 03"
"女性","60歲及以上","專科","北北基宜蘭區","本省閩南人","06","05","02",1,0.793002225,1,0.000178571428571429,0.000142252773130702,"女性 | 60歲及以上 | 專科 | 北北基宜蘭區 | 本省閩南人 | 06 | 05 | 02"
"女性","60歲及以上","專科","北北基宜蘭區","本省閩南人","06","05","06",1,0.636190277720298,1,0.000178571428571429,0.000114123048323735,"女性 | 60歲及以上 | 專科 | 北北基宜蘭區 | 本省閩南人 | 06 | 05 | 06"
"女性","60歲及以上","專科","北北基宜蘭區","本省閩南人","06","08","04",1,1.09739422,1,0.000178571428571429,0.000196856157638907,"女性 | 60歲及以上 | 專科 | 北北基宜蘭區 | 本省閩南人 | 06 | 08 | 04"
"女性","60歲及以上","專科","北北基宜蘭區","本省閩南人","07","00","02",1,0.636190277720298,1,0.000178571428571429,0.000114123048323735,"女性 | 60歲及以上 | 專科 | 北北基宜蘭區 | 本省閩南人 | 07 | 00 | 02"
"女性","60歲及以上","專科","北北基宜蘭區","本省閩南人","07","05","05",1,0.809519245,1,0.000178571428571429,0.000145215680200547,"女性 | 60歲及以上 | 專科 | 北北基宜蘭區 | 本省閩南人 | 07 | 05 | 05"
"女性","60歲及以上","專科","北北基宜蘭區","本省閩南人","07","05","08",1,0.793002225,1,0.000178571428571429,0.000142252773130702,"女性 | 60歲及以上 | 專科 | 北北基宜蘭區 | 本省閩南人 | 07 | 05 | 08"
"女性","60歲及以上","專科","北北基宜蘭區","本省閩南人","08","00","05",1,0.809519245,1,0.000178571428571429,0.000145215680200547,"女性 | 60歲及以上 | 專科 | 北北基宜蘭區 | 本省閩南人 | 08 | 00 | 05"
"女性","60歲及以上","專科","北北基宜蘭區","本省閩南人","08","06","08",1,0.636190277720298,1,0.000178571428571429,0.000114123048323735,"女性 | 60歲及以上 | 專科 | 北北基宜蘭區 | 本省閩南人 | 08 | 06 | 08"
"女性","60歲及以上","專科","北北基宜蘭區","本省閩南人","08","10","05",1,0.793002225,1,0.000178571428571429,0.000142252773130702,"女性 | 60歲及以上 | 專科 | 北北基宜蘭區 | 本省閩南人 | 08 | 10 | 05"
"女性","60歲及以上","專科","北北基宜蘭區","本省閩南人","09","01","01",1,0.809519245,1,0.000178571428571429,0.000145215680200547,"女性 | 60歲及以上 | 專科 | 北北基宜蘭區 | 本省閩南人 | 09 | 01 | 01"
"女性","60歲及以上","專科","北北基宜蘭區","本省閩南人","10","00","03",1,0.793002225,1,0.000178571428571429,0.000142252773130702,"女性 | 60歲及以上 | 專科 | 北北基宜蘭區 | 本省閩南人 | 10 | 00 | 03"
"女性","60歲及以上","專科","北北基宜蘭區","本省閩南人","10","00","05",1,0.636190277720298,1,0.000178571428571429,0.000114123048323735,"女性 | 60歲及以上 | 專科 | 北北基宜蘭區 | 本省閩南人 | 10 | 00 | 05"
"女性","60歲及以上","專科","桃竹苗區","大陸各省市","06","02","05",1,0.598943449807514,1,0.000178571428571429,0.000107441522857756,"女性 | 60歲及以上 | 專科 | 桃竹苗區 | 大陸各省市 | 06 | 02 | 05"
"女性","60歲及以上","專科","桃竹苗區","大陸各省市","06","03","04",1,0.598943449807514,1,0.000178571428571429,0.000107441522857756,"女性 | 60歲及以上 | 專科 | 桃竹苗區 | 大陸各省市 | 06 | 03 | 04"
"女性","60歲及以上","專科","桃竹苗區","大陸各省市","08","00","03",1,0.598943449807514,1,0.000178571428571429,0.000107441522857756,"女性 | 60歲及以上 | 專科 | 桃竹苗區 | 大陸各省市 | 08 | 00 | 03"
"女性","60歲及以上","專科","桃竹苗區","大陸各省市","09","03","06",1,0.598943449807514,1,0.000178571428571429,0.000107441522857756,"女性 | 60歲及以上 | 專科 | 桃竹苗區 | 大陸各省市 | 09 | 03 | 06"
"女性","60歲及以上","專科","桃竹苗區","本省客家人","01","09","00",1,0.598943449807514,1,0.000178571428571429,0.000107441522857756,"女性 | 60歲及以上 | 專科 | 桃竹苗區 | 本省客家人 | 01 | 09 | 00"
"女性","60歲及以上","專科","桃竹苗區","本省客家人","02","02","02",1,0.598943449807514,1,0.000178571428571429,0.000107441522857756,"女性 | 60歲及以上 | 專科 | 桃竹苗區 | 本省客家人 | 02 | 02 | 02"
"女性","60歲及以上","專科","桃竹苗區","本省客家人","05","03","01",1,0.696236014,1,0.000178571428571429,0.000124894357950845,"女性 | 60歲及以上 | 專科 | 桃竹苗區 | 本省客家人 | 05 | 03 | 01"
"女性","60歲及以上","專科","桃竹苗區","本省閩南人","04","07","01",1,0.696236014,1,0.000178571428571429,0.000124894357950845,"女性 | 60歲及以上 | 專科 | 桃竹苗區 | 本省閩南人 | 04 | 07 | 01"
"女性","60歲及以上","專科","桃竹苗區","本省閩南人","05","00","05",1,0.598943449807514,1,0.000178571428571429,0.000107441522857756,"女性 | 60歲及以上 | 專科 | 桃竹苗區 | 本省閩南人 | 05 | 00 | 05"
"女性","60歲及以上","專科","桃竹苗區","本省閩南人","05","05","05",1,0.598943449807514,1,0.000178571428571429,0.000107441522857756,"女性 | 60歲及以上 | 專科 | 桃竹苗區 | 本省閩南人 | 05 | 05 | 05"
"女性","60歲及以上","專科","桃竹苗區","本省閩南人","06","00","10",1,0.696236014,1,0.000178571428571429,0.000124894357950845,"女性 | 60歲及以上 | 專科 | 桃竹苗區 | 本省閩南人 | 06 | 00 | 10"
"女性","60歲及以上","專科","桃竹苗區","本省閩南人","06","02","02",1,0.696236014,1,0.000178571428571429,0.000124894357950845,"女性 | 60歲及以上 | 專科 | 桃竹苗區 | 本省閩南人 | 06 | 02 | 02"
"女性","60歲及以上","專科","桃竹苗區","本省閩南人","06","10","08",1,0.99424102,1,0.000178571428571429,0.000178352011881553,"女性 | 60歲及以上 | 專科 | 桃竹苗區 | 本省閩南人 | 06 | 10 | 08"
"女性","60歲及以上","專科","桃竹苗區","本省閩南人","08","00","05",1,0.598943449807514,1,0.000178571428571429,0.000107441522857756,"女性 | 60歲及以上 | 專科 | 桃竹苗區 | 本省閩南人 | 08 | 00 | 05"
"女性","60歲及以上","專科","桃竹苗區","本省閩南人","10","00","03",1,0.598943449807514,1,0.000178571428571429,0.000107441522857756,"女性 | 60歲及以上 | 專科 | 桃竹苗區 | 本省閩南人 | 10 | 00 | 03"
"女性","60歲及以上","專科","花東區","本省閩南人","00","10","00",1,0.503834095,1,0.000178571428571429,9.03803229701502e-05,"女性 | 60歲及以上 | 專科 | 花東區 | 本省閩南人 | 00 | 10 | 00"
"女性","60歲及以上","專科","花東區","本省閩南人","04","07","02",1,0.737809961,1,0.000178571428571429,0.000132352104050787,"女性 | 60歲及以上 | 專科 | 花東區 | 本省閩南人 | 04 | 07 | 02"
"女性","60歲及以上","專科","雲嘉南區","大陸各省市","05","04","07",1,0.601988078,1,0.000178571428571429,0.000107987683750978,"女性 | 60歲及以上 | 專科 | 雲嘉南區 | 大陸各省市 | 05 | 04 | 07"
"女性","60歲及以上","專科","雲嘉南區","大陸各省市","06","00","02",1,0.561275519,1,0.000178571428571429,0.000100684457812365,"女性 | 60歲及以上 | 專科 | 雲嘉南區 | 大陸各省市 | 06 | 00 | 02"
"女性","60歲及以上","專科","雲嘉南區","本省閩南人","00","08","01",1,0.561275519,1,0.000178571428571429,0.000100684457812365,"女性 | 60歲及以上 | 專科 | 雲嘉南區 | 本省閩南人 | 00 | 08 | 01"
"女性","60歲及以上","專科","雲嘉南區","本省閩南人","02","06","02",1,0.561275519,1,0.000178571428571429,0.000100684457812365,"女性 | 60歲及以上 | 專科 | 雲嘉南區 | 本省閩南人 | 02 | 06 | 02"
"女性","60歲及以上","專科","雲嘉南區","本省閩南人","02","09","02",1,0.589835045,1,0.000178571428571429,0.000105807610868838,"女性 | 60歲及以上 | 專科 | 雲嘉南區 | 本省閩南人 | 02 | 09 | 02"
"女性","60歲及以上","專科","雲嘉南區","本省閩南人","05","02","03",1,0.561275519,1,0.000178571428571429,0.000100684457812365,"女性 | 60歲及以上 | 專科 | 雲嘉南區 | 本省閩南人 | 05 | 02 | 03"
"女性","60歲及以上","專科","雲嘉南區","本省閩南人","05","05","02",1,0.561275519,1,0.000178571428571429,0.000100684457812365,"女性 | 60歲及以上 | 專科 | 雲嘉南區 | 本省閩南人 | 05 | 05 | 02"
"女性","60歲及以上","專科","雲嘉南區","本省閩南人","05","05","05",1,0.888844491,1,0.000178571428571429,0.000159445446356342,"女性 | 60歲及以上 | 專科 | 雲嘉南區 | 本省閩南人 | 05 | 05 | 05"
"女性","60歲及以上","專科","雲嘉南區","本省閩南人","05","08","03",1,0.561275519,1,0.000178571428571429,0.000100684457812365,"女性 | 60歲及以上 | 專科 | 雲嘉南區 | 本省閩南人 | 05 | 08 | 03"
"女性","60歲及以上","專科","雲嘉南區","本省閩南人","06","01","05",1,0.642299409,1,0.000178571428571429,0.000115218935369899,"女性 | 60歲及以上 | 專科 | 雲嘉南區 | 本省閩南人 | 06 | 01 | 05"
"女性","60歲及以上","專科","雲嘉南區","本省閩南人","08","02","06",1,0.601988078,1,0.000178571428571429,0.000107987683750978,"女性 | 60歲及以上 | 專科 | 雲嘉南區 | 本省閩南人 | 08 | 02 | 06"
"女性","60歲及以上","專科","高屏區","大陸各省市","06","00","00",1,0.674126301,1,0.000178571428571429,0.000120928205160575,"女性 | 60歲及以上 | 專科 | 高屏區 | 大陸各省市 | 06 | 00 | 00"
"女性","60歲及以上","專科","高屏區","大陸各省市","07","02","05",1,0.674126301,1,0.000178571428571429,0.000120928205160575,"女性 | 60歲及以上 | 專科 | 高屏區 | 大陸各省市 | 07 | 02 | 05"
"女性","60歲及以上","專科","高屏區","大陸各省市","10","00","05",1,0.920750517,1,0.000178571428571429,0.000165168911606494,"女性 | 60歲及以上 | 專科 | 高屏區 | 大陸各省市 | 10 | 00 | 05"
"女性","60歲及以上","專科","高屏區","大陸各省市","10","00","07",1,0.674126301,1,0.000178571428571429,0.000120928205160575,"女性 | 60歲及以上 | 專科 | 高屏區 | 大陸各省市 | 10 | 00 | 07"
"女性","60歲及以上","專科","高屏區","本省客家人","08","04","03",1,0.674126301,1,0.000178571428571429,0.000120928205160575,"女性 | 60歲及以上 | 專科 | 高屏區 | 本省客家人 | 08 | 04 | 03"
"女性","60歲及以上","專科","高屏區","本省閩南人","01","10","00",1,0.674126301,1,0.000178571428571429,0.000120928205160575,"女性 | 60歲及以上 | 專科 | 高屏區 | 本省閩南人 | 01 | 10 | 00"
"女性","60歲及以上","專科","高屏區","本省閩南人","02","09","01",1,0.674126301,1,0.000178571428571429,0.000120928205160575,"女性 | 60歲及以上 | 專科 | 高屏區 | 本省閩南人 | 02 | 09 | 01"
"女性","60歲及以上","專科","高屏區","本省閩南人","03","00","02",1,0.803894565894468,1,0.000178571428571429,0.000144206696649798,"女性 | 60歲及以上 | 專科 | 高屏區 | 本省閩南人 | 03 | 00 | 02"
"女性","60歲及以上","專科","高屏區","本省閩南人","03","01","03",1,0.803894565894468,1,0.000178571428571429,0.000144206696649798,"女性 | 60歲及以上 | 專科 | 高屏區 | 本省閩南人 | 03 | 01 | 03"
"女性","60歲及以上","專科","高屏區","本省閩南人","05","05","04",1,0.674126301,1,0.000178571428571429,0.000120928205160575,"女性 | 60歲及以上 | 專科 | 高屏區 | 本省閩南人 | 05 | 05 | 04"
"女性","60歲及以上","專科","高屏區","本省閩南人","05","05","05",1,0.611007806,1,0.000178571428571429,0.000109605688443064,"女性 | 60歲及以上 | 專科 | 高屏區 | 本省閩南人 | 05 | 05 | 05"
"女性","60歲及以上","專科","高屏區","本省閩南人","06","02","05",1,0.803894565894468,1,0.000178571428571429,0.000144206696649798,"女性 | 60歲及以上 | 專科 | 高屏區 | 本省閩南人 | 06 | 02 | 05"
"女性","60歲及以上","專科","高屏區","本省閩南人","07","03","05",1,0.803894565894468,1,0.000178571428571429,0.000144206696649798,"女性 | 60歲及以上 | 專科 | 高屏區 | 本省閩南人 | 07 | 03 | 05"
"女性","60歲及以上","專科","高屏區","本省閩南人","09","05","07",1,0.665355434,1,0.000178571428571429,0.000119354842420628,"女性 | 60歲及以上 | 專科 | 高屏區 | 本省閩南人 | 09 | 05 | 07"
"女性","60歲及以上","專科","高屏區","本省閩南人","10","00","03",1,0.803894565894468,1,0.000178571428571429,0.000144206696649798,"女性 | 60歲及以上 | 專科 | 高屏區 | 本省閩南人 | 10 | 00 | 03"
"女性","60歲及以上","小學及以下","中彰投區","原住民","10","00","10",1,0.862390802,1,0.000178571428571429,0.000154700049053343,"女性 | 60歲及以上 | 小學及以下 | 中彰投區 | 原住民 | 10 | 00 | 10"
"女性","60歲及以上","小學及以下","中彰投區","大陸各省市","10","00","00",1,0.862390802,1,0.000178571428571429,0.000154700049053343,"女性 | 60歲及以上 | 小學及以下 | 中彰投區 | 大陸各省市 | 10 | 00 | 00"
"女性","60歲及以上","小學及以下","中彰投區","大陸各省市","10","03","00",1,0.922696283,1,0.000178571428571429,0.000165517953009705,"女性 | 60歲及以上 | 小學及以下 | 中彰投區 | 大陸各省市 | 10 | 03 | 00"
"女性","60歲及以上","小學及以下","中彰投區","本省客家人","05","05","05",1,0.952526473684014,1,0.000178571428571429,0.00017086904436108,"女性 | 60歲及以上 | 小學及以下 | 中彰投區 | 本省客家人 | 05 | 05 | 05"
"女性","60歲及以上","小學及以下","中彰投區","本省閩南人","00","06","02",1,0.952526473684014,1,0.000178571428571429,0.00017086904436108,"女性 | 60歲及以上 | 小學及以下 | 中彰投區 | 本省閩南人 | 00 | 06 | 02"
"女性","60歲及以上","小學及以下","中彰投區","本省閩南人","00","07","00",1,0.862390802,1,0.000178571428571429,0.000154700049053343,"女性 | 60歲及以上 | 小學及以下 | 中彰投區 | 本省閩南人 | 00 | 07 | 00"
"女性","60歲及以上","小學及以下","中彰投區","本省閩南人","00","08","00",1,0.952526473684014,1,0.000178571428571429,0.00017086904436108,"女性 | 60歲及以上 | 小學及以下 | 中彰投區 | 本省閩南人 | 00 | 08 | 00"
"女性","60歲及以上","小學及以下","中彰投區","本省閩南人","00","10","05",1,0.862390802,1,0.000178571428571429,0.000154700049053343,"女性 | 60歲及以上 | 小學及以下 | 中彰投區 | 本省閩南人 | 00 | 10 | 05"
"女性","60歲及以上","小學及以下","中彰投區","本省閩南人","01","03","01",1,0.862390802,1,0.000178571428571429,0.000154700049053343,"女性 | 60歲及以上 | 小學及以下 | 中彰投區 | 本省閩南人 | 01 | 03 | 01"
"女性","60歲及以上","小學及以下","中彰投區","本省閩南人","02","06","02",1,0.862390802,1,0.000178571428571429,0.000154700049053343,"女性 | 60歲及以上 | 小學及以下 | 中彰投區 | 本省閩南人 | 02 | 06 | 02"
"女性","60歲及以上","小學及以下","中彰投區","本省閩南人","02","10","01",1,0.862390802,1,0.000178571428571429,0.000154700049053343,"女性 | 60歲及以上 | 小學及以下 | 中彰投區 | 本省閩南人 | 02 | 10 | 01"
"女性","60歲及以上","小學及以下","中彰投區","本省閩南人","03","05","00",1,0.862390802,1,0.000178571428571429,0.000154700049053343,"女性 | 60歲及以上 | 小學及以下 | 中彰投區 | 本省閩南人 | 03 | 05 | 00"
"女性","60歲及以上","小學及以下","中彰投區","本省閩南人","03","05","05",1,0.952526473684014,1,0.000178571428571429,0.00017086904436108,"女性 | 60歲及以上 | 小學及以下 | 中彰投區 | 本省閩南人 | 03 | 05 | 05"
"女性","60歲及以上","小學及以下","中彰投區","本省閩南人","03","06","00",1,0.952526473684014,1,0.000178571428571429,0.00017086904436108,"女性 | 60歲及以上 | 小學及以下 | 中彰投區 | 本省閩南人 | 03 | 06 | 00"
"女性","60歲及以上","小學及以下","中彰投區","本省閩南人","03","08","08",1,0.862390802,1,0.000178571428571429,0.000154700049053343,"女性 | 60歲及以上 | 小學及以下 | 中彰投區 | 本省閩南人 | 03 | 08 | 08"
"女性","60歲及以上","小學及以下","中彰投區","本省閩南人","03","10","06",1,0.952526473684014,1,0.000178571428571429,0.00017086904436108,"女性 | 60歲及以上 | 小學及以下 | 中彰投區 | 本省閩南人 | 03 | 10 | 06"
"女性","60歲及以上","小學及以下","中彰投區","本省閩南人","04","06","03",1,0.852532064,1,0.000178571428571429,0.000152931538479405,"女性 | 60歲及以上 | 小學及以下 | 中彰投區 | 本省閩南人 | 04 | 06 | 03"
"女性","60歲及以上","小學及以下","中彰投區","本省閩南人","04","08","03",1,0.852532064,1,0.000178571428571429,0.000152931538479405,"女性 | 60歲及以上 | 小學及以下 | 中彰投區 | 本省閩南人 | 04 | 08 | 03"
"女性","60歲及以上","小學及以下","中彰投區","本省閩南人","04","08","06",1,0.862390802,1,0.000178571428571429,0.000154700049053343,"女性 | 60歲及以上 | 小學及以下 | 中彰投區 | 本省閩南人 | 04 | 08 | 06"
"女性","60歲及以上","小學及以下","中彰投區","本省閩南人","04","08","07",1,0.952526473684014,1,0.000178571428571429,0.00017086904436108,"女性 | 60歲及以上 | 小學及以下 | 中彰投區 | 本省閩南人 | 04 | 08 | 07"
"女性","60歲及以上","小學及以下","中彰投區","本省閩南人","05","03","08",1,0.952526473684014,1,0.000178571428571429,0.00017086904436108,"女性 | 60歲及以上 | 小學及以下 | 中彰投區 | 本省閩南人 | 05 | 03 | 08"
"女性","60歲及以上","小學及以下","中彰投區","本省閩南人","05","04","06",1,0.952526473684014,1,0.000178571428571429,0.00017086904436108,"女性 | 60歲及以上 | 小學及以下 | 中彰投區 | 本省閩南人 | 05 | 04 | 06"
"女性","60歲及以上","小學及以下","中彰投區","本省閩南人","05","05","02",1,0.952526473684014,1,0.000178571428571429,0.00017086904436108,"女性 | 60歲及以上 | 小學及以下 | 中彰投區 | 本省閩南人 | 05 | 05 | 02"
"女性","60歲及以上","小學及以下","中彰投區","本省閩南人","05","05","03",1,0.952526473684014,1,0.000178571428571429,0.00017086904436108,"女性 | 60歲及以上 | 小學及以下 | 中彰投區 | 本省閩南人 | 05 | 05 | 03"
"女性","60歲及以上","小學及以下","中彰投區","本省閩南人","05","08","02",1,0.852532064,1,0.000178571428571429,0.000152931538479405,"女性 | 60歲及以上 | 小學及以下 | 中彰投區 | 本省閩南人 | 05 | 08 | 02"
"女性","60歲及以上","小學及以下","中彰投區","本省閩南人","05","10","05",1,0.862390802,1,0.000178571428571429,0.000154700049053343,"女性 | 60歲及以上 | 小學及以下 | 中彰投區 | 本省閩南人 | 05 | 10 | 05"
"女性","60歲及以上","小學及以下","中彰投區","本省閩南人","05","10","10",1,0.952526473684014,1,0.000178571428571429,0.00017086904436108,"女性 | 60歲及以上 | 小學及以下 | 中彰投區 | 本省閩南人 | 05 | 10 | 10"
"女性","60歲及以上","小學及以下","中彰投區","本省閩南人","06","00","02",1,0.852532064,1,0.000178571428571429,0.000152931538479405,"女性 | 60歲及以上 | 小學及以下 | 中彰投區 | 本省閩南人 | 06 | 00 | 02"
"女性","60歲及以上","小學及以下","中彰投區","本省閩南人","06","03","02",1,0.852532064,1,0.000178571428571429,0.000152931538479405,"女性 | 60歲及以上 | 小學及以下 | 中彰投區 | 本省閩南人 | 06 | 03 | 02"
"女性","60歲及以上","小學及以下","中彰投區","本省閩南人","06","04","04",1,0.952526473684014,1,0.000178571428571429,0.00017086904436108,"女性 | 60歲及以上 | 小學及以下 | 中彰投區 | 本省閩南人 | 06 | 04 | 04"
"女性","60歲及以上","小學及以下","中彰投區","本省閩南人","06","05","06",1,0.952526473684014,1,0.000178571428571429,0.00017086904436108,"女性 | 60歲及以上 | 小學及以下 | 中彰投區 | 本省閩南人 | 06 | 05 | 06"
"女性","60歲及以上","小學及以下","中彰投區","本省閩南人","06","06","07",1,0.862390802,1,0.000178571428571429,0.000154700049053343,"女性 | 60歲及以上 | 小學及以下 | 中彰投區 | 本省閩南人 | 06 | 06 | 07"
"女性","60歲及以上","小學及以下","中彰投區","本省閩南人","06","08","00",1,0.952526473684014,1,0.000178571428571429,0.00017086904436108,"女性 | 60歲及以上 | 小學及以下 | 中彰投區 | 本省閩南人 | 06 | 08 | 00"
"女性","60歲及以上","小學及以下","中彰投區","本省閩南人","06","08","04",1,0.862390802,1,0.000178571428571429,0.000154700049053343,"女性 | 60歲及以上 | 小學及以下 | 中彰投區 | 本省閩南人 | 06 | 08 | 04"
"女性","60歲及以上","小學及以下","中彰投區","本省閩南人","06","09","05",1,0.862390802,1,0.000178571428571429,0.000154700049053343,"女性 | 60歲及以上 | 小學及以下 | 中彰投區 | 本省閩南人 | 06 | 09 | 05"
"女性","60歲及以上","小學及以下","中彰投區","本省閩南人","07","04","04",1,0.952526473684014,1,0.000178571428571429,0.00017086904436108,"女性 | 60歲及以上 | 小學及以下 | 中彰投區 | 本省閩南人 | 07 | 04 | 04"
"女性","60歲及以上","小學及以下","中彰投區","本省閩南人","08","05","03",1,0.862390802,1,0.000178571428571429,0.000154700049053343,"女性 | 60歲及以上 | 小學及以下 | 中彰投區 | 本省閩南人 | 08 | 05 | 03"
"女性","60歲及以上","小學及以下","中彰投區","本省閩南人","08","05","05",1,0.862390802,1,0.000178571428571429,0.000154700049053343,"女性 | 60歲及以上 | 小學及以下 | 中彰投區 | 本省閩南人 | 08 | 05 | 05"
"女性","60歲及以上","小學及以下","中彰投區","本省閩南人","08","07","07",1,0.852532064,1,0.000178571428571429,0.000152931538479405,"女性 | 60歲及以上 | 小學及以下 | 中彰投區 | 本省閩南人 | 08 | 07 | 07"
"女性","60歲及以上","小學及以下","中彰投區","本省閩南人","10","00","05",1,0.852532064,1,0.000178571428571429,0.000152931538479405,"女性 | 60歲及以上 | 小學及以下 | 中彰投區 | 本省閩南人 | 10 | 00 | 05"
"女性","60歲及以上","小學及以下","中彰投區","本省閩南人","10","00","06",1,0.952526473684014,1,0.000178571428571429,0.00017086904436108,"女性 | 60歲及以上 | 小學及以下 | 中彰投區 | 本省閩南人 | 10 | 00 | 06"
"女性","60歲及以上","小學及以下","中彰投區","本省閩南人","10","01","04",1,0.952526473684014,1,0.000178571428571429,0.00017086904436108,"女性 | 60歲及以上 | 小學及以下 | 中彰投區 | 本省閩南人 | 10 | 01 | 04"
"女性","60歲及以上","小學及以下","中彰投區","本省閩南人","10","10","10",1,0.952526473684014,1,0.000178571428571429,0.00017086904436108,"女性 | 60歲及以上 | 小學及以下 | 中彰投區 | 本省閩南人 | 10 | 10 | 10"
"女性","60歲及以上","小學及以下","北北基宜蘭區","原住民","08","06","03",1,0.930246007255504,1,0.000178571428571429,0.000166872260952179,"女性 | 60歲及以上 | 小學及以下 | 北北基宜蘭區 | 原住民 | 08 | 06 | 03"
"女性","60歲及以上","小學及以下","北北基宜蘭區","大陸各省市","01","01","00",1,1.058152885,1,0.000178571428571429,0.000189816847345546,"女性 | 60歲及以上 | 小學及以下 | 北北基宜蘭區 | 大陸各省市 | 01 | 01 | 00"
"女性","60歲及以上","小學及以下","北北基宜蘭區","大陸各省市","05","03","01",1,1.124430309,1,0.000178571428571429,0.000201706028816581,"女性 | 60歲及以上 | 小學及以下 | 北北基宜蘭區 | 大陸各省市 | 05 | 03 | 01"
"女性","60歲及以上","小學及以下","北北基宜蘭區","大陸各省市","08","02","05",1,0.930246007255504,1,0.000178571428571429,0.000166872260952179,"女性 | 60歲及以上 | 小學及以下 | 北北基宜蘭區 | 大陸各省市 | 08 | 02 | 05"
"女性","60歲及以上","小學及以下","北北基宜蘭區","大陸各省市","10","01","05",1,0.930246007255504,1,0.000178571428571429,0.000166872260952179,"女性 | 60歲及以上 | 小學及以下 | 北北基宜蘭區 | 大陸各省市 | 10 | 01 | 05"
"女性","60歲及以上","小學及以下","北北基宜蘭區","本省客家人","00","03","05",1,1.058152885,1,0.000178571428571429,0.000189816847345546,"女性 | 60歲及以上 | 小學及以下 | 北北基宜蘭區 | 本省客家人 | 00 | 03 | 05"
"女性","60歲及以上","小學及以下","北北基宜蘭區","本省客家人","00","07","00",1,0.930246007255504,1,0.000178571428571429,0.000166872260952179,"女性 | 60歲及以上 | 小學及以下 | 北北基宜蘭區 | 本省客家人 | 00 | 07 | 00"
"女性","60歲及以上","小學及以下","北北基宜蘭區","本省客家人","05","10","02",1,1.058152885,1,0.000178571428571429,0.000189816847345546,"女性 | 60歲及以上 | 小學及以下 | 北北基宜蘭區 | 本省客家人 | 05 | 10 | 02"
"女性","60歲及以上","小學及以下","北北基宜蘭區","本省客家人","08","01","00",1,1.058152885,1,0.000178571428571429,0.000189816847345546,"女性 | 60歲及以上 | 小學及以下 | 北北基宜蘭區 | 本省客家人 | 08 | 01 | 00"
"女性","60歲及以上","小學及以下","北北基宜蘭區","本省客家人","08","08","00",1,0.930246007255504,1,0.000178571428571429,0.000166872260952179,"女性 | 60歲及以上 | 小學及以下 | 北北基宜蘭區 | 本省客家人 | 08 | 08 | 00"
"女性","60歲及以上","小學及以下","北北基宜蘭區","本省客家人","10","00","00",1,0.930246007255504,1,0.000178571428571429,0.000166872260952179,"女性 | 60歲及以上 | 小學及以下 | 北北基宜蘭區 | 本省客家人 | 10 | 00 | 00"
"女性","60歲及以上","小學及以下","北北基宜蘭區","本省客家人","10","02","00",1,1.058152885,1,0.000178571428571429,0.000189816847345546,"女性 | 60歲及以上 | 小學及以下 | 北北基宜蘭區 | 本省客家人 | 10 | 02 | 00"
"女性","60歲及以上","小學及以下","北北基宜蘭區","本省閩南人","00","03","00",1,0.930246007255504,1,0.000178571428571429,0.000166872260952179,"女性 | 60歲及以上 | 小學及以下 | 北北基宜蘭區 | 本省閩南人 | 00 | 03 | 00"
"女性","60歲及以上","小學及以下","北北基宜蘭區","本省閩南人","00","05","00",1,1.058152885,1,0.000178571428571429,0.000189816847345546,"女性 | 60歲及以上 | 小學及以下 | 北北基宜蘭區 | 本省閩南人 | 00 | 05 | 00"
"女性","60歲及以上","小學及以下","北北基宜蘭區","本省閩南人","00","06","03",1,0.930246007255504,1,0.000178571428571429,0.000166872260952179,"女性 | 60歲及以上 | 小學及以下 | 北北基宜蘭區 | 本省閩南人 | 00 | 06 | 03"
"女性","60歲及以上","小學及以下","北北基宜蘭區","本省閩南人","00","07","00",1,0.930246007255504,1,0.000178571428571429,0.000166872260952179,"女性 | 60歲及以上 | 小學及以下 | 北北基宜蘭區 | 本省閩南人 | 00 | 07 | 00"
"女性","60歲及以上","小學及以下","北北基宜蘭區","本省閩南人","02","05","02",1,1.058152885,1,0.000178571428571429,0.000189816847345546,"女性 | 60歲及以上 | 小學及以下 | 北北基宜蘭區 | 本省閩南人 | 02 | 05 | 02"
"女性","60歲及以上","小學及以下","北北基宜蘭區","本省閩南人","02","08","00",1,0.930246007255504,1,0.000178571428571429,0.000166872260952179,"女性 | 60歲及以上 | 小學及以下 | 北北基宜蘭區 | 本省閩南人 | 02 | 08 | 00"
"女性","60歲及以上","小學及以下","北北基宜蘭區","本省閩南人","02","09","02",1,1.058152885,1,0.000178571428571429,0.000189816847345546,"女性 | 60歲及以上 | 小學及以下 | 北北基宜蘭區 | 本省閩南人 | 02 | 09 | 02"
"女性","60歲及以上","小學及以下","北北基宜蘭區","本省閩南人","02","09","05",1,0.930246007255504,1,0.000178571428571429,0.000166872260952179,"女性 | 60歲及以上 | 小學及以下 | 北北基宜蘭區 | 本省閩南人 | 02 | 09 | 05"
"女性","60歲及以上","小學及以下","北北基宜蘭區","本省閩南人","02","10","01",1,1.058152885,1,0.000178571428571429,0.000189816847345546,"女性 | 60歲及以上 | 小學及以下 | 北北基宜蘭區 | 本省閩南人 | 02 | 10 | 01"
"女性","60歲及以上","小學及以下","北北基宜蘭區","本省閩南人","03","05","05",1,1.058152885,1,0.000178571428571429,0.000189816847345546,"女性 | 60歲及以上 | 小學及以下 | 北北基宜蘭區 | 本省閩南人 | 03 | 05 | 05"
"女性","60歲及以上","小學及以下","北北基宜蘭區","本省閩南人","03","09","01",1,0.930246007255504,1,0.000178571428571429,0.000166872260952179,"女性 | 60歲及以上 | 小學及以下 | 北北基宜蘭區 | 本省閩南人 | 03 | 09 | 01"
"女性","60歲及以上","小學及以下","北北基宜蘭區","本省閩南人","04","03","02",1,0.930246007255504,1,0.000178571428571429,0.000166872260952179,"女性 | 60歲及以上 | 小學及以下 | 北北基宜蘭區 | 本省閩南人 | 04 | 03 | 02"
"女性","60歲及以上","小學及以下","北北基宜蘭區","本省閩南人","04","06","02",1,0.930246007255504,1,0.000178571428571429,0.000166872260952179,"女性 | 60歲及以上 | 小學及以下 | 北北基宜蘭區 | 本省閩南人 | 04 | 06 | 02"
"女性","60歲及以上","小學及以下","北北基宜蘭區","本省閩南人","04","07","03",1,0.930246007255504,1,0.000178571428571429,0.000166872260952179,"女性 | 60歲及以上 | 小學及以下 | 北北基宜蘭區 | 本省閩南人 | 04 | 07 | 03"
"女性","60歲及以上","小學及以下","北北基宜蘭區","本省閩南人","04","08","02",1,0.930246007255504,1,0.000178571428571429,0.000166872260952179,"女性 | 60歲及以上 | 小學及以下 | 北北基宜蘭區 | 本省閩南人 | 04 | 08 | 02"
"女性","60歲及以上","小學及以下","北北基宜蘭區","本省閩南人","04","08","03",1,1.058152885,1,0.000178571428571429,0.000189816847345546,"女性 | 60歲及以上 | 小學及以下 | 北北基宜蘭區 | 本省閩南人 | 04 | 08 | 03"
"女性","60歲及以上","小學及以下","北北基宜蘭區","本省閩南人","04","08","08",1,1.124430309,1,0.000178571428571429,0.000201706028816581,"女性 | 60歲及以上 | 小學及以下 | 北北基宜蘭區 | 本省閩南人 | 04 | 08 | 08"
"女性","60歲及以上","小學及以下","北北基宜蘭區","本省閩南人","04","09","00",1,0.930246007255504,1,0.000178571428571429,0.000166872260952179,"女性 | 60歲及以上 | 小學及以下 | 北北基宜蘭區 | 本省閩南人 | 04 | 09 | 00"
"女性","60歲及以上","小學及以下","北北基宜蘭區","本省閩南人","04","10","03",1,0.930246007255504,1,0.000178571428571429,0.000166872260952179,"女性 | 60歲及以上 | 小學及以下 | 北北基宜蘭區 | 本省閩南人 | 04 | 10 | 03"
"女性","60歲及以上","小學及以下","北北基宜蘭區","本省閩南人","05","01","02",1,1.124430309,1,0.000178571428571429,0.000201706028816581,"女性 | 60歲及以上 | 小學及以下 | 北北基宜蘭區 | 本省閩南人 | 05 | 01 | 02"
"女性","60歲及以上","小學及以下","北北基宜蘭區","本省閩南人","05","04","04",1,1.058152885,1,0.000178571428571429,0.000189816847345546,"女性 | 60歲及以上 | 小學及以下 | 北北基宜蘭區 | 本省閩南人 | 05 | 04 | 04"
"女性","60歲及以上","小學及以下","北北基宜蘭區","本省閩南人","05","05","02",1,0.930246007255504,1,0.000178571428571429,0.000166872260952179,"女性 | 60歲及以上 | 小學及以下 | 北北基宜蘭區 | 本省閩南人 | 05 | 05 | 02"
"女性","60歲及以上","小學及以下","北北基宜蘭區","本省閩南人","05","07","00",1,1.058152885,1,0.000178571428571429,0.000189816847345546,"女性 | 60歲及以上 | 小學及以下 | 北北基宜蘭區 | 本省閩南人 | 05 | 07 | 00"
"女性","60歲及以上","小學及以下","北北基宜蘭區","本省閩南人","05","07","06",1,1.124430309,1,0.000178571428571429,0.000201706028816581,"女性 | 60歲及以上 | 小學及以下 | 北北基宜蘭區 | 本省閩南人 | 05 | 07 | 06"
"女性","60歲及以上","小學及以下","北北基宜蘭區","本省閩南人","05","08","00",1,1.058152885,1,0.000178571428571429,0.000189816847345546,"女性 | 60歲及以上 | 小學及以下 | 北北基宜蘭區 | 本省閩南人 | 05 | 08 | 00"
"女性","60歲及以上","小學及以下","北北基宜蘭區","本省閩南人","05","08","04",1,1.124430309,1,0.000178571428571429,0.000201706028816581,"女性 | 60歲及以上 | 小學及以下 | 北北基宜蘭區 | 本省閩南人 | 05 | 08 | 04"
"女性","60歲及以上","小學及以下","北北基宜蘭區","本省閩南人","05","09","03",1,1.124430309,1,0.000178571428571429,0.000201706028816581,"女性 | 60歲及以上 | 小學及以下 | 北北基宜蘭區 | 本省閩南人 | 05 | 09 | 03"
"女性","60歲及以上","小學及以下","北北基宜蘭區","本省閩南人","06","02","01",1,0.930246007255504,1,0.000178571428571429,0.000166872260952179,"女性 | 60歲及以上 | 小學及以下 | 北北基宜蘭區 | 本省閩南人 | 06 | 02 | 01"
"女性","60歲及以上","小學及以下","北北基宜蘭區","本省閩南人","06","04","04",1,0.930246007255504,1,0.000178571428571429,0.000166872260952179,"女性 | 60歲及以上 | 小學及以下 | 北北基宜蘭區 | 本省閩南人 | 06 | 04 | 04"
"女性","60歲及以上","小學及以下","北北基宜蘭區","本省閩南人","06","04","06",1,0.930246007255504,1,0.000178571428571429,0.000166872260952179,"女性 | 60歲及以上 | 小學及以下 | 北北基宜蘭區 | 本省閩南人 | 06 | 04 | 06"
"女性","60歲及以上","小學及以下","北北基宜蘭區","本省閩南人","06","05","00",1,0.930246007255504,1,0.000178571428571429,0.000166872260952179,"女性 | 60歲及以上 | 小學及以下 | 北北基宜蘭區 | 本省閩南人 | 06 | 05 | 00"
"女性","60歲及以上","小學及以下","北北基宜蘭區","本省閩南人","06","09","03",1,1.058152885,1,0.000178571428571429,0.000189816847345546,"女性 | 60歲及以上 | 小學及以下 | 北北基宜蘭區 | 本省閩南人 | 06 | 09 | 03"
"女性","60歲及以上","小學及以下","北北基宜蘭區","本省閩南人","07","00","05",1,0.930246007255504,1,0.000178571428571429,0.000166872260952179,"女性 | 60歲及以上 | 小學及以下 | 北北基宜蘭區 | 本省閩南人 | 07 | 00 | 05"
"女性","60歲及以上","小學及以下","北北基宜蘭區","本省閩南人","07","03","03",1,0.930246007255504,1,0.000178571428571429,0.000166872260952179,"女性 | 60歲及以上 | 小學及以下 | 北北基宜蘭區 | 本省閩南人 | 07 | 03 | 03"
"女性","60歲及以上","小學及以下","北北基宜蘭區","本省閩南人","07","05","02",1,1.124430309,1,0.000178571428571429,0.000201706028816581,"女性 | 60歲及以上 | 小學及以下 | 北北基宜蘭區 | 本省閩南人 | 07 | 05 | 02"
"女性","60歲及以上","小學及以下","北北基宜蘭區","本省閩南人","08","05","00",1,0.930246007255504,1,0.000178571428571429,0.000166872260952179,"女性 | 60歲及以上 | 小學及以下 | 北北基宜蘭區 | 本省閩南人 | 08 | 05 | 00"
"女性","60歲及以上","小學及以下","北北基宜蘭區","本省閩南人","08","05","03",1,1.124430309,1,0.000178571428571429,0.000201706028816581,"女性 | 60歲及以上 | 小學及以下 | 北北基宜蘭區 | 本省閩南人 | 08 | 05 | 03"
"女性","60歲及以上","小學及以下","北北基宜蘭區","本省閩南人","09","01","00",1,1.058152885,1,0.000178571428571429,0.000189816847345546,"女性 | 60歲及以上 | 小學及以下 | 北北基宜蘭區 | 本省閩南人 | 09 | 01 | 00"
"女性","60歲及以上","小學及以下","北北基宜蘭區","本省閩南人","09","02","05",1,1.058152885,1,0.000178571428571429,0.000189816847345546,"女性 | 60歲及以上 | 小學及以下 | 北北基宜蘭區 | 本省閩南人 | 09 | 02 | 05"
"女性","60歲及以上","小學及以下","北北基宜蘭區","本省閩南人","10","00","00",1,1.124430309,1,0.000178571428571429,0.000201706028816581,"女性 | 60歲及以上 | 小學及以下 | 北北基宜蘭區 | 本省閩南人 | 10 | 00 | 00"
"女性","60歲及以上","小學及以下","北北基宜蘭區","本省閩南人","10","00","04",1,0.930246007255504,1,0.000178571428571429,0.000166872260952179,"女性 | 60歲及以上 | 小學及以下 | 北北基宜蘭區 | 本省閩南人 | 10 | 00 | 04"
"女性","60歲及以上","小學及以下","北北基宜蘭區","本省閩南人","10","00","07",1,1.124430309,1,0.000178571428571429,0.000201706028816581,"女性 | 60歲及以上 | 小學及以下 | 北北基宜蘭區 | 本省閩南人 | 10 | 00 | 07"
"女性","60歲及以上","小學及以下","北北基宜蘭區","本省閩南人","10","02","05",1,0.930246007255504,1,0.000178571428571429,0.000166872260952179,"女性 | 60歲及以上 | 小學及以下 | 北北基宜蘭區 | 本省閩南人 | 10 | 02 | 05"
"女性","60歲及以上","小學及以下","桃竹苗區","大陸各省市","05","06","02",1,0.958688304,1,0.000178571428571429,0.000171974384828453,"女性 | 60歲及以上 | 小學及以下 | 桃竹苗區 | 大陸各省市 | 05 | 06 | 02"
"女性","60歲及以上","小學及以下","桃竹苗區","大陸各省市","06","00","00",1,0.958688304,1,0.000178571428571429,0.000171974384828453,"女性 | 60歲及以上 | 小學及以下 | 桃竹苗區 | 大陸各省市 | 06 | 00 | 00"
"女性","60歲及以上","小學及以下","桃竹苗區","大陸各省市","08","02","04",1,0.875783193,1,0.000178571428571429,0.00015710244427815,"女性 | 60歲及以上 | 小學及以下 | 桃竹苗區 | 大陸各省市 | 08 | 02 | 04"
"女性","60歲及以上","小學及以下","桃竹苗區","大陸各省市","09","03","05",1,0.958688304,1,0.000178571428571429,0.000171974384828453,"女性 | 60歲及以上 | 小學及以下 | 桃竹苗區 | 大陸各省市 | 09 | 03 | 05"
"女性","60歲及以上","小學及以下","桃竹苗區","大陸各省市","10","03","05",1,0.958688304,1,0.000178571428571429,0.000171974384828453,"女性 | 60歲及以上 | 小學及以下 | 桃竹苗區 | 大陸各省市 | 10 | 03 | 05"
"女性","60歲及以上","小學及以下","桃竹苗區","本省客家人","04","07","05",1,0.958688304,1,0.000178571428571429,0.000171974384828453,"女性 | 60歲及以上 | 小學及以下 | 桃竹苗區 | 本省客家人 | 04 | 07 | 05"
"女性","60歲及以上","小學及以下","桃竹苗區","本省客家人","04","09","05",1,0.958688304,1,0.000178571428571429,0.000171974384828453,"女性 | 60歲及以上 | 小學及以下 | 桃竹苗區 | 本省客家人 | 04 | 09 | 05"
"女性","60歲及以上","小學及以下","桃竹苗區","本省客家人","05","04","05",1,0.958688304,1,0.000178571428571429,0.000171974384828453,"女性 | 60歲及以上 | 小學及以下 | 桃竹苗區 | 本省客家人 | 05 | 04 | 05"
"女性","60歲及以上","小學及以下","桃竹苗區","本省客家人","05","06","05",1,0.967078771,1,0.000178571428571429,0.000173479509481302,"女性 | 60歲及以上 | 小學及以下 | 桃竹苗區 | 本省客家人 | 05 | 06 | 05"
"女性","60歲及以上","小學及以下","桃竹苗區","本省客家人","05","07","04",1,0.875783193,1,0.000178571428571429,0.00015710244427815,"女性 | 60歲及以上 | 小學及以下 | 桃竹苗區 | 本省客家人 | 05 | 07 | 04"
"女性","60歲及以上","小學及以下","桃竹苗區","本省客家人","07","00","00",1,1.326678503,1,0.000178571428571429,0.000237986338694874,"女性 | 60歲及以上 | 小學及以下 | 桃竹苗區 | 本省客家人 | 07 | 00 | 00"
"女性","60歲及以上","小學及以下","桃竹苗區","本省客家人","07","03","00",1,0.958688304,1,0.000178571428571429,0.000171974384828453,"女性 | 60歲及以上 | 小學及以下 | 桃竹苗區 | 本省客家人 | 07 | 03 | 00"
"女性","60歲及以上","小學及以下","桃竹苗區","本省客家人","08","09","04",1,0.967078771,1,0.000178571428571429,0.000173479509481302,"女性 | 60歲及以上 | 小學及以下 | 桃竹苗區 | 本省客家人 | 08 | 09 | 04"
"女性","60歲及以上","小學及以下","桃竹苗區","本省客家人","09","02","03",1,0.958688304,1,0.000178571428571429,0.000171974384828453,"女性 | 60歲及以上 | 小學及以下 | 桃竹苗區 | 本省客家人 | 09 | 02 | 03"
"女性","60歲及以上","小學及以下","桃竹苗區","本省客家人","10","00","04",1,0.967078771,1,0.000178571428571429,0.000173479509481302,"女性 | 60歲及以上 | 小學及以下 | 桃竹苗區 | 本省客家人 | 10 | 00 | 04"
"女性","60歲及以上","小學及以下","桃竹苗區","本省客家人","10","03","03",1,1.025727702,1,0.000178571428571429,0.000184000253071778,"女性 | 60歲及以上 | 小學及以下 | 桃竹苗區 | 本省客家人 | 10 | 03 | 03"
"女性","60歲及以上","小學及以下","桃竹苗區","本省閩南人","00","08","00",1,0.875783193,1,0.000178571428571429,0.00015710244427815,"女性 | 60歲及以上 | 小學及以下 | 桃竹苗區 | 本省閩南人 | 00 | 08 | 00"
"女性","60歲及以上","小學及以下","桃竹苗區","本省閩南人","00","10","00",1,0.875783193,1,0.000178571428571429,0.00015710244427815,"女性 | 60歲及以上 | 小學及以下 | 桃竹苗區 | 本省閩南人 | 00 | 10 | 00"
"女性","60歲及以上","小學及以下","桃竹苗區","本省閩南人","02","10","02",1,0.875783193,1,0.000178571428571429,0.00015710244427815,"女性 | 60歲及以上 | 小學及以下 | 桃竹苗區 | 本省閩南人 | 02 | 10 | 02"
"女性","60歲及以上","小學及以下","桃竹苗區","本省閩南人","05","07","02",1,0.875783193,1,0.000178571428571429,0.00015710244427815,"女性 | 60歲及以上 | 小學及以下 | 桃竹苗區 | 本省閩南人 | 05 | 07 | 02"
"女性","60歲及以上","小學及以下","桃竹苗區","本省閩南人","06","06","04",1,0.967078771,1,0.000178571428571429,0.000173479509481302,"女性 | 60歲及以上 | 小學及以下 | 桃竹苗區 | 本省閩南人 | 06 | 06 | 04"
"女性","60歲及以上","小學及以下","桃竹苗區","本省閩南人","06","06","06",1,0.875783193,1,0.000178571428571429,0.00015710244427815,"女性 | 60歲及以上 | 小學及以下 | 桃竹苗區 | 本省閩南人 | 06 | 06 | 06"
"女性","60歲及以上","小學及以下","桃竹苗區","本省閩南人","07","06","05",1,0.875783193,1,0.000178571428571429,0.00015710244427815,"女性 | 60歲及以上 | 小學及以下 | 桃竹苗區 | 本省閩南人 | 07 | 06 | 05"
"女性","60歲及以上","小學及以下","桃竹苗區","本省閩南人","08","05","00",1,0.875783193,1,0.000178571428571429,0.00015710244427815,"女性 | 60歲及以上 | 小學及以下 | 桃竹苗區 | 本省閩南人 | 08 | 05 | 00"
"女性","60歲及以上","小學及以下","桃竹苗區","本省閩南人","09","01","03",1,0.875783193,1,0.000178571428571429,0.00015710244427815,"女性 | 60歲及以上 | 小學及以下 | 桃竹苗區 | 本省閩南人 | 09 | 01 | 03"
"女性","60歲及以上","小學及以下","桃竹苗區","本省閩南人","10","00","05",1,0.875783193,1,0.000178571428571429,0.00015710244427815,"女性 | 60歲及以上 | 小學及以下 | 桃竹苗區 | 本省閩南人 | 10 | 00 | 05"
"女性","60歲及以上","小學及以下","桃竹苗區","本省閩南人","10","00","09",1,0.875783193,1,0.000178571428571429,0.00015710244427815,"女性 | 60歲及以上 | 小學及以下 | 桃竹苗區 | 本省閩南人 | 10 | 00 | 09"
"女性","60歲及以上","小學及以下","花東區","原住民","06","04","06",1,0.736713010649102,1,0.000178571428571429,0.000132155327516645,"女性 | 60歲及以上 | 小學及以下 | 花東區 | 原住民 | 06 | 04 | 06"
"女性","60歲及以上","小學及以下","花東區","原住民","08","00","04",1,1.024825397,1,0.000178571428571429,0.000183838393010843,"女性 | 60歲及以上 | 小學及以下 | 花東區 | 原住民 | 08 | 00 | 04"
"女性","60歲及以上","小學及以下","花東區","本省客家人","05","05","06",1,1.024825397,1,0.000178571428571429,0.000183838393010843,"女性 | 60歲及以上 | 小學及以下 | 花東區 | 本省客家人 | 05 | 05 | 06"
"女性","60歲及以上","小學及以下","花東區","本省客家人","08","05","05",1,0.681371823,1,0.000178571428571429,0.000122227943754978,"女性 | 60歲及以上 | 小學及以下 | 花東區 | 本省客家人 | 08 | 05 | 05"
"女性","60歲及以上","小學及以下","花東區","本省客家人","09","05","05",1,1.024825397,1,0.000178571428571429,0.000183838393010843,"女性 | 60歲及以上 | 小學及以下 | 花東區 | 本省客家人 | 09 | 05 | 05"
"女性","60歲及以上","小學及以下","花東區","本省客家人","10","00","00",1,0.681371823,1,0.000178571428571429,0.000122227943754978,"女性 | 60歲及以上 | 小學及以下 | 花東區 | 本省客家人 | 10 | 00 | 00"
"女性","60歲及以上","小學及以下","花東區","本省閩南人","00","10","00",1,1.024825397,1,0.000178571428571429,0.000183838393010843,"女性 | 60歲及以上 | 小學及以下 | 花東區 | 本省閩南人 | 00 | 10 | 00"
"女性","60歲及以上","小學及以下","花東區","本省閩南人","03","04","00",1,1.024825397,1,0.000178571428571429,0.000183838393010843,"女性 | 60歲及以上 | 小學及以下 | 花東區 | 本省閩南人 | 03 | 04 | 00"
"女性","60歲及以上","小學及以下","花東區","本省閩南人","03","08","03",1,0.681371823,1,0.000178571428571429,0.000122227943754978,"女性 | 60歲及以上 | 小學及以下 | 花東區 | 本省閩南人 | 03 | 08 | 03"
"女性","60歲及以上","小學及以下","花東區","本省閩南人","03","08","04",1,0.681371823,1,0.000178571428571429,0.000122227943754978,"女性 | 60歲及以上 | 小學及以下 | 花東區 | 本省閩南人 | 03 | 08 | 04"
"女性","60歲及以上","小學及以下","花東區","本省閩南人","05","07","03",1,0.736713010649102,1,0.000178571428571429,0.000132155327516645,"女性 | 60歲及以上 | 小學及以下 | 花東區 | 本省閩南人 | 05 | 07 | 03"
"女性","60歲及以上","小學及以下","花東區","本省閩南人","07","01","04",1,0.736713010649102,1,0.000178571428571429,0.000132155327516645,"女性 | 60歲及以上 | 小學及以下 | 花東區 | 本省閩南人 | 07 | 01 | 04"
"女性","60歲及以上","小學及以下","花東區","本省閩南人","08","07","06",1,0.681371823,1,0.000178571428571429,0.000122227943754978,"女性 | 60歲及以上 | 小學及以下 | 花東區 | 本省閩南人 | 08 | 07 | 06"
"女性","60歲及以上","小學及以下","花東區","本省閩南人","10","01","01",1,1.024825397,1,0.000178571428571429,0.000183838393010843,"女性 | 60歲及以上 | 小學及以下 | 花東區 | 本省閩南人 | 10 | 01 | 01"
"女性","60歲及以上","小學及以下","雲嘉南區","本省客家人","04","07","02",1,0.857060613,1,0.000178571428571429,0.000153743892635799,"女性 | 60歲及以上 | 小學及以下 | 雲嘉南區 | 本省客家人 | 04 | 07 | 02"
"女性","60歲及以上","小學及以下","雲嘉南區","本省閩南人","00","05","00",1,0.820704636225367,1,0.000178571428571429,0.00014722217257875,"女性 | 60歲及以上 | 小學及以下 | 雲嘉南區 | 本省閩南人 | 00 | 05 | 00"
"女性","60歲及以上","小學及以下","雲嘉南區","本省閩南人","00","10","01",1,0.857060613,1,0.000178571428571429,0.000153743892635799,"女性 | 60歲及以上 | 小學及以下 | 雲嘉南區 | 本省閩南人 | 00 | 10 | 01"
"女性","60歲及以上","小學及以下","雲嘉南區","本省閩南人","00","10","05",1,0.857060613,1,0.000178571428571429,0.000153743892635799,"女性 | 60歲及以上 | 小學及以下 | 雲嘉南區 | 本省閩南人 | 00 | 10 | 05"
"女性","60歲及以上","小學及以下","雲嘉南區","本省閩南人","00","10","08",1,0.857060613,1,0.000178571428571429,0.000153743892635799,"女性 | 60歲及以上 | 小學及以下 | 雲嘉南區 | 本省閩南人 | 00 | 10 | 08"
"女性","60歲及以上","小學及以下","雲嘉南區","本省閩南人","01","04","04",1,0.820704636225367,1,0.000178571428571429,0.00014722217257875,"女性 | 60歲及以上 | 小學及以下 | 雲嘉南區 | 本省閩南人 | 01 | 04 | 04"
"女性","60歲及以上","小學及以下","雲嘉南區","本省閩南人","01","10","00",1,0.820704636225367,1,0.000178571428571429,0.00014722217257875,"女性 | 60歲及以上 | 小學及以下 | 雲嘉南區 | 本省閩南人 | 01 | 10 | 00"
"女性","60歲及以上","小學及以下","雲嘉南區","本省閩南人","02","05","05",1,0.820704636225367,1,0.000178571428571429,0.00014722217257875,"女性 | 60歲及以上 | 小學及以下 | 雲嘉南區 | 本省閩南人 | 02 | 05 | 05"
"女性","60歲及以上","小學及以下","雲嘉南區","本省閩南人","02","08","01",1,0.820704636225367,1,0.000178571428571429,0.00014722217257875,"女性 | 60歲及以上 | 小學及以下 | 雲嘉南區 | 本省閩南人 | 02 | 08 | 01"
"女性","60歲及以上","小學及以下","雲嘉南區","本省閩南人","02","09","00",1,1.186041267,1,0.000178571428571429,0.000212758115878177,"女性 | 60歲及以上 | 小學及以下 | 雲嘉南區 | 本省閩南人 | 02 | 09 | 00"
"女性","60歲及以上","小學及以下","雲嘉南區","本省閩南人","02","10","03",1,0.857060613,1,0.000178571428571429,0.000153743892635799,"女性 | 60歲及以上 | 小學及以下 | 雲嘉南區 | 本省閩南人 | 02 | 10 | 03"
"女性","60歲及以上","小學及以下","雲嘉南區","本省閩南人","03","03","03",1,0.820704636225367,1,0.000178571428571429,0.00014722217257875,"女性 | 60歲及以上 | 小學及以下 | 雲嘉南區 | 本省閩南人 | 03 | 03 | 03"
"女性","60歲及以上","小學及以下","雲嘉南區","本省閩南人","03","05","00",1,0.820704636225367,1,0.000178571428571429,0.00014722217257875,"女性 | 60歲及以上 | 小學及以下 | 雲嘉南區 | 本省閩南人 | 03 | 05 | 00"
"女性","60歲及以上","小學及以下","雲嘉南區","本省閩南人","03","05","02",1,0.820704636225367,1,0.000178571428571429,0.00014722217257875,"女性 | 60歲及以上 | 小學及以下 | 雲嘉南區 | 本省閩南人 | 03 | 05 | 02"
"女性","60歲及以上","小學及以下","雲嘉南區","本省閩南人","03","06","02",1,0.820704636225367,1,0.000178571428571429,0.00014722217257875,"女性 | 60歲及以上 | 小學及以下 | 雲嘉南區 | 本省閩南人 | 03 | 06 | 02"
"女性","60歲及以上","小學及以下","雲嘉南區","本省閩南人","03","07","00",1,0.820704636225367,1,0.000178571428571429,0.00014722217257875,"女性 | 60歲及以上 | 小學及以下 | 雲嘉南區 | 本省閩南人 | 03 | 07 | 00"
"女性","60歲及以上","小學及以下","雲嘉南區","本省閩南人","03","08","02",1,0.820704636225367,1,0.000178571428571429,0.00014722217257875,"女性 | 60歲及以上 | 小學及以下 | 雲嘉南區 | 本省閩南人 | 03 | 08 | 02"
"女性","60歲及以上","小學及以下","雲嘉南區","本省閩南人","03","08","06",1,0.820704636225367,1,0.000178571428571429,0.00014722217257875,"女性 | 60歲及以上 | 小學及以下 | 雲嘉南區 | 本省閩南人 | 03 | 08 | 06"
"女性","60歲及以上","小學及以下","雲嘉南區","本省閩南人","03","09","02",1,0.857060613,1,0.000178571428571429,0.000153743892635799,"女性 | 60歲及以上 | 小學及以下 | 雲嘉南區 | 本省閩南人 | 03 | 09 | 02"
"女性","60歲及以上","小學及以下","雲嘉南區","本省閩南人","04","06","03",1,0.820704636225367,1,0.000178571428571429,0.00014722217257875,"女性 | 60歲及以上 | 小學及以下 | 雲嘉南區 | 本省閩南人 | 04 | 06 | 03"
"女性","60歲及以上","小學及以下","雲嘉南區","本省閩南人","04","08","01",1,0.820704636225367,1,0.000178571428571429,0.00014722217257875,"女性 | 60歲及以上 | 小學及以下 | 雲嘉南區 | 本省閩南人 | 04 | 08 | 01"
"女性","60歲及以上","小學及以下","雲嘉南區","本省閩南人","04","09","05",1,0.857060613,1,0.000178571428571429,0.000153743892635799,"女性 | 60歲及以上 | 小學及以下 | 雲嘉南區 | 本省閩南人 | 04 | 09 | 05"
"女性","60歲及以上","小學及以下","雲嘉南區","本省閩南人","05","03","02",1,0.820704636225367,1,0.000178571428571429,0.00014722217257875,"女性 | 60歲及以上 | 小學及以下 | 雲嘉南區 | 本省閩南人 | 05 | 03 | 02"
"女性","60歲及以上","小學及以下","雲嘉南區","本省閩南人","05","03","05",1,0.836167447,1,0.000178571428571429,0.000149995970234976,"女性 | 60歲及以上 | 小學及以下 | 雲嘉南區 | 本省閩南人 | 05 | 03 | 05"
"女性","60歲及以上","小學及以下","雲嘉南區","本省閩南人","05","07","04",1,0.836167447,1,0.000178571428571429,0.000149995970234976,"女性 | 60歲及以上 | 小學及以下 | 雲嘉南區 | 本省閩南人 | 05 | 07 | 04"
"女性","60歲及以上","小學及以下","雲嘉南區","本省閩南人","05","08","00",1,0.836167447,1,0.000178571428571429,0.000149995970234976,"女性 | 60歲及以上 | 小學及以下 | 雲嘉南區 | 本省閩南人 | 05 | 08 | 00"
"女性","60歲及以上","小學及以下","雲嘉南區","本省閩南人","05","09","02",1,0.857060613,1,0.000178571428571429,0.000153743892635799,"女性 | 60歲及以上 | 小學及以下 | 雲嘉南區 | 本省閩南人 | 05 | 09 | 02"
"女性","60歲及以上","小學及以下","雲嘉南區","本省閩南人","05","09","04",1,0.820704636225367,1,0.000178571428571429,0.00014722217257875,"女性 | 60歲及以上 | 小學及以下 | 雲嘉南區 | 本省閩南人 | 05 | 09 | 04"
"女性","60歲及以上","小學及以下","雲嘉南區","本省閩南人","05","10","00",1,0.820704636225367,1,0.000178571428571429,0.00014722217257875,"女性 | 60歲及以上 | 小學及以下 | 雲嘉南區 | 本省閩南人 | 05 | 10 | 00"
"女性","60歲及以上","小學及以下","雲嘉南區","本省閩南人","06","02","05",1,0.836167447,1,0.000178571428571429,0.000149995970234976,"女性 | 60歲及以上 | 小學及以下 | 雲嘉南區 | 本省閩南人 | 06 | 02 | 05"
"女性","60歲及以上","小學及以下","雲嘉南區","本省閩南人","06","04","04",1,0.836167447,1,0.000178571428571429,0.000149995970234976,"女性 | 60歲及以上 | 小學及以下 | 雲嘉南區 | 本省閩南人 | 06 | 04 | 04"
"女性","60歲及以上","小學及以下","雲嘉南區","本省閩南人","06","07","04",1,0.857060613,1,0.000178571428571429,0.000153743892635799,"女性 | 60歲及以上 | 小學及以下 | 雲嘉南區 | 本省閩南人 | 06 | 07 | 04"
"女性","60歲及以上","小學及以下","雲嘉南區","本省閩南人","06","07","05",1,1.186041267,1,0.000178571428571429,0.000212758115878177,"女性 | 60歲及以上 | 小學及以下 | 雲嘉南區 | 本省閩南人 | 06 | 07 | 05"
"女性","60歲及以上","小學及以下","雲嘉南區","本省閩南人","07","07","06",1,0.820704636225367,1,0.000178571428571429,0.00014722217257875,"女性 | 60歲及以上 | 小學及以下 | 雲嘉南區 | 本省閩南人 | 07 | 07 | 06"
"女性","60歲及以上","小學及以下","雲嘉南區","本省閩南人","07","09","10",1,0.820704636225367,1,0.000178571428571429,0.00014722217257875,"女性 | 60歲及以上 | 小學及以下 | 雲嘉南區 | 本省閩南人 | 07 | 09 | 10"
"女性","60歲及以上","小學及以下","雲嘉南區","本省閩南人","08","03","02",1,0.857060613,1,0.000178571428571429,0.000153743892635799,"女性 | 60歲及以上 | 小學及以下 | 雲嘉南區 | 本省閩南人 | 08 | 03 | 02"
"女性","60歲及以上","小學及以下","雲嘉南區","本省閩南人","08","05","04",1,0.857060613,1,0.000178571428571429,0.000153743892635799,"女性 | 60歲及以上 | 小學及以下 | 雲嘉南區 | 本省閩南人 | 08 | 05 | 04"
"女性","60歲及以上","小學及以下","雲嘉南區","本省閩南人","10","00","00",1,0.820704636225367,1,0.000178571428571429,0.00014722217257875,"女性 | 60歲及以上 | 小學及以下 | 雲嘉南區 | 本省閩南人 | 10 | 00 | 00"
"女性","60歲及以上","小學及以下","雲嘉南區","本省閩南人","10","00","05",1,0.820704636225367,1,0.000178571428571429,0.00014722217257875,"女性 | 60歲及以上 | 小學及以下 | 雲嘉南區 | 本省閩南人 | 10 | 00 | 05"
"女性","60歲及以上","小學及以下","雲嘉南區","本省閩南人","10","01","05",1,0.820704636225367,1,0.000178571428571429,0.00014722217257875,"女性 | 60歲及以上 | 小學及以下 | 雲嘉南區 | 本省閩南人 | 10 | 01 | 05"
"女性","60歲及以上","小學及以下","雲嘉南區","本省閩南人","10","10","00",1,0.857060613,1,0.000178571428571429,0.000153743892635799,"女性 | 60歲及以上 | 小學及以下 | 雲嘉南區 | 本省閩南人 | 10 | 10 | 00"
"女性","60歲及以上","小學及以下","高屏區","大陸各省市","00","06","01",1,1.17546548000928,1,0.000178571428571429,0.000210860977408648,"女性 | 60歲及以上 | 小學及以下 | 高屏區 | 大陸各省市 | 00 | 06 | 01"
"女性","60歲及以上","小學及以下","高屏區","大陸各省市","00","10","00",1,0.936368158,1,0.000178571428571429,0.000167970483496169,"女性 | 60歲及以上 | 小學及以下 | 高屏區 | 大陸各省市 | 00 | 10 | 00"
"女性","60歲及以上","小學及以下","高屏區","大陸各省市","05","10","00",1,1.17546548000928,1,0.000178571428571429,0.000210860977408648,"女性 | 60歲及以上 | 小學及以下 | 高屏區 | 大陸各省市 | 05 | 10 | 00"
"女性","60歲及以上","小學及以下","高屏區","本省客家人","04","05","00",1,0.887825722,1,0.000178571428571429,0.000159262694390634,"女性 | 60歲及以上 | 小學及以下 | 高屏區 | 本省客家人 | 04 | 05 | 00"
"女性","60歲及以上","小學及以下","高屏區","本省客家人","06","05","08",1,0.936368158,1,0.000178571428571429,0.000167970483496169,"女性 | 60歲及以上 | 小學及以下 | 高屏區 | 本省客家人 | 06 | 05 | 08"
"女性","60歲及以上","小學及以下","高屏區","本省閩南人","00","08","02",1,1.17546548000928,1,0.000178571428571429,0.000210860977408648,"女性 | 60歲及以上 | 小學及以下 | 高屏區 | 本省閩南人 | 00 | 08 | 02"
"女性","60歲及以上","小學及以下","高屏區","本省閩南人","00","10","02",1,0.887825722,1,0.000178571428571429,0.000159262694390634,"女性 | 60歲及以上 | 小學及以下 | 高屏區 | 本省閩南人 | 00 | 10 | 02"
"女性","60歲及以上","小學及以下","高屏區","本省閩南人","01","09","02",1,0.887825722,1,0.000178571428571429,0.000159262694390634,"女性 | 60歲及以上 | 小學及以下 | 高屏區 | 本省閩南人 | 01 | 09 | 02"
"女性","60歲及以上","小學及以下","高屏區","本省閩南人","01","10","01",1,0.887825722,1,0.000178571428571429,0.000159262694390634,"女性 | 60歲及以上 | 小學及以下 | 高屏區 | 本省閩南人 | 01 | 10 | 01"
"女性","60歲及以上","小學及以下","高屏區","本省閩南人","01","10","04",1,0.887825722,1,0.000178571428571429,0.000159262694390634,"女性 | 60歲及以上 | 小學及以下 | 高屏區 | 本省閩南人 | 01 | 10 | 04"
"女性","60歲及以上","小學及以下","高屏區","本省閩南人","02","01","00",1,0.887825722,1,0.000178571428571429,0.000159262694390634,"女性 | 60歲及以上 | 小學及以下 | 高屏區 | 本省閩南人 | 02 | 01 | 00"
"女性","60歲及以上","小學及以下","高屏區","本省閩南人","02","06","00",1,0.887825722,1,0.000178571428571429,0.000159262694390634,"女性 | 60歲及以上 | 小學及以下 | 高屏區 | 本省閩南人 | 02 | 06 | 00"
"女性","60歲及以上","小學及以下","高屏區","本省閩南人","02","08","00",1,1.17546548000928,1,0.000178571428571429,0.000210860977408648,"女性 | 60歲及以上 | 小學及以下 | 高屏區 | 本省閩南人 | 02 | 08 | 00"
"女性","60歲及以上","小學及以下","高屏區","本省閩南人","02","08","02",1,0.887825722,1,0.000178571428571429,0.000159262694390634,"女性 | 60歲及以上 | 小學及以下 | 高屏區 | 本省閩南人 | 02 | 08 | 02"
"女性","60歲及以上","小學及以下","高屏區","本省閩南人","02","09","01",1,1.17546548000928,1,0.000178571428571429,0.000210860977408648,"女性 | 60歲及以上 | 小學及以下 | 高屏區 | 本省閩南人 | 02 | 09 | 01"
"女性","60歲及以上","小學及以下","高屏區","本省閩南人","02","10","02",1,0.936368158,1,0.000178571428571429,0.000167970483496169,"女性 | 60歲及以上 | 小學及以下 | 高屏區 | 本省閩南人 | 02 | 10 | 02"
"女性","60歲及以上","小學及以下","高屏區","本省閩南人","03","03","00",1,1.17546548000928,1,0.000178571428571429,0.000210860977408648,"女性 | 60歲及以上 | 小學及以下 | 高屏區 | 本省閩南人 | 03 | 03 | 00"
"女性","60歲及以上","小學及以下","高屏區","本省閩南人","04","05","04",1,0.936368158,1,0.000178571428571429,0.000167970483496169,"女性 | 60歲及以上 | 小學及以下 | 高屏區 | 本省閩南人 | 04 | 05 | 04"
"女性","60歲及以上","小學及以下","高屏區","本省閩南人","04","07","03",1,0.887825722,1,0.000178571428571429,0.000159262694390634,"女性 | 60歲及以上 | 小學及以下 | 高屏區 | 本省閩南人 | 04 | 07 | 03"
"女性","60歲及以上","小學及以下","高屏區","本省閩南人","04","08","02",1,0.936368158,1,0.000178571428571429,0.000167970483496169,"女性 | 60歲及以上 | 小學及以下 | 高屏區 | 本省閩南人 | 04 | 08 | 02"
"女性","60歲及以上","小學及以下","高屏區","本省閩南人","05","05","00",1,0.936368158,1,0.000178571428571429,0.000167970483496169,"女性 | 60歲及以上 | 小學及以下 | 高屏區 | 本省閩南人 | 05 | 05 | 00"
"女性","60歲及以上","小學及以下","高屏區","本省閩南人","05","05","03",1,0.936368158,1,0.000178571428571429,0.000167970483496169,"女性 | 60歲及以上 | 小學及以下 | 高屏區 | 本省閩南人 | 05 | 05 | 03"
"女性","60歲及以上","小學及以下","高屏區","本省閩南人","05","05","04",1,0.936368158,1,0.000178571428571429,0.000167970483496169,"女性 | 60歲及以上 | 小學及以下 | 高屏區 | 本省閩南人 | 05 | 05 | 04"
"女性","60歲及以上","小學及以下","高屏區","本省閩南人","05","06","03",1,1.17546548000928,1,0.000178571428571429,0.000210860977408648,"女性 | 60歲及以上 | 小學及以下 | 高屏區 | 本省閩南人 | 05 | 06 | 03"
"女性","60歲及以上","小學及以下","高屏區","本省閩南人","05","07","02",1,1.17546548000928,1,0.000178571428571429,0.000210860977408648,"女性 | 60歲及以上 | 小學及以下 | 高屏區 | 本省閩南人 | 05 | 07 | 02"
"女性","60歲及以上","小學及以下","高屏區","本省閩南人","06","08","06",1,0.887825722,1,0.000178571428571429,0.000159262694390634,"女性 | 60歲及以上 | 小學及以下 | 高屏區 | 本省閩南人 | 06 | 08 | 06"
"女性","60歲及以上","小學及以下","高屏區","本省閩南人","06","08","07",1,0.887825722,1,0.000178571428571429,0.000159262694390634,"女性 | 60歲及以上 | 小學及以下 | 高屏區 | 本省閩南人 | 06 | 08 | 07"
"女性","60歲及以上","小學及以下","高屏區","本省閩南人","07","05","05",1,0.936368158,1,0.000178571428571429,0.000167970483496169,"女性 | 60歲及以上 | 小學及以下 | 高屏區 | 本省閩南人 | 07 | 05 | 05"
"女性","60歲及以上","小學及以下","高屏區","本省閩南人","07","07","05",1,0.949909823,1,0.000178571428571429,0.000170399656250453,"女性 | 60歲及以上 | 小學及以下 | 高屏區 | 本省閩南人 | 07 | 07 | 05"
"女性","60歲及以上","小學及以下","高屏區","本省閩南人","07","07","07",1,0.887825722,1,0.000178571428571429,0.000159262694390634,"女性 | 60歲及以上 | 小學及以下 | 高屏區 | 本省閩南人 | 07 | 07 | 07"
"女性","60歲及以上","小學及以下","高屏區","本省閩南人","08","05","03",1,0.936368158,1,0.000178571428571429,0.000167970483496169,"女性 | 60歲及以上 | 小學及以下 | 高屏區 | 本省閩南人 | 08 | 05 | 03"
"女性","60歲及以上","小學及以下","高屏區","本省閩南人","08","08","08",1,0.936368158,1,0.000178571428571429,0.000167970483496169,"女性 | 60歲及以上 | 小學及以下 | 高屏區 | 本省閩南人 | 08 | 08 | 08"
"女性","60歲及以上","小學及以下","高屏區","本省閩南人","09","01","03",1,1.17546548000928,1,0.000178571428571429,0.000210860977408648,"女性 | 60歲及以上 | 小學及以下 | 高屏區 | 本省閩南人 | 09 | 01 | 03"
"女性","60歲及以上","小學及以下","高屏區","本省閩南人","09","08","06",1,0.936368158,1,0.000178571428571429,0.000167970483496169,"女性 | 60歲及以上 | 小學及以下 | 高屏區 | 本省閩南人 | 09 | 08 | 06"
"女性","60歲及以上","小學及以下","高屏區","本省閩南人","10","09","05",1,1.17546548000928,1,0.000178571428571429,0.000210860977408648,"女性 | 60歲及以上 | 小學及以下 | 高屏區 | 本省閩南人 | 10 | 09 | 05"
"女性","60歲及以上","高中、職","中彰投區","大陸各省市","05","05","05",1,0.837781783679687,1,0.000178571428571429,0.000150285558160725,"女性 | 60歲及以上 | 高中、職 | 中彰投區 | 大陸各省市 | 05 | 05 | 05"
"女性","60歲及以上","高中、職","中彰投區","大陸各省市","07","05","03",1,1.018269811,1,0.000178571428571429,0.000182662418645832,"女性 | 60歲及以上 | 高中、職 | 中彰投區 | 大陸各省市 | 07 | 05 | 03"
"女性","60歲及以上","高中、職","中彰投區","大陸各省市","08","05","00",1,0.735825112,1,0.000178571428571429,0.00013199605174022,"女性 | 60歲及以上 | 高中、職 | 中彰投區 | 大陸各省市 | 08 | 05 | 00"
"女性","60歲及以上","高中、職","中彰投區","大陸各省市","08","05","03",1,0.834477927,1,0.000178571428571429,0.000149692895542771,"女性 | 60歲及以上 | 高中、職 | 中彰投區 | 大陸各省市 | 08 | 05 | 03"
"女性","60歲及以上","高中、職","中彰投區","大陸各省市","09","01","05",1,0.837781783679687,1,0.000178571428571429,0.000150285558160725,"女性 | 60歲及以上 | 高中、職 | 中彰投區 | 大陸各省市 | 09 | 01 | 05"
"女性","60歲及以上","高中、職","中彰投區","本省客家人","06","06","06",1,0.834477927,1,0.000178571428571429,0.000149692895542771,"女性 | 60歲及以上 | 高中、職 | 中彰投區 | 本省客家人 | 06 | 06 | 06"
"女性","60歲及以上","高中、職","中彰投區","本省客家人","10","00","05",1,0.735825112,1,0.000178571428571429,0.00013199605174022,"女性 | 60歲及以上 | 高中、職 | 中彰投區 | 本省客家人 | 10 | 00 | 05"
"女性","60歲及以上","高中、職","中彰投區","本省閩南人","00","08","00",1,0.837781783679687,1,0.000178571428571429,0.000150285558160725,"女性 | 60歲及以上 | 高中、職 | 中彰投區 | 本省閩南人 | 00 | 08 | 00"
"女性","60歲及以上","高中、職","中彰投區","本省閩南人","00","10","04",1,0.834477927,1,0.000178571428571429,0.000149692895542771,"女性 | 60歲及以上 | 高中、職 | 中彰投區 | 本省閩南人 | 00 | 10 | 04"
"女性","60歲及以上","高中、職","中彰投區","本省閩南人","02","03","01",1,0.837781783679687,1,0.000178571428571429,0.000150285558160725,"女性 | 60歲及以上 | 高中、職 | 中彰投區 | 本省閩南人 | 02 | 03 | 01"
"女性","60歲及以上","高中、職","中彰投區","本省閩南人","02","08","00",1,0.837781783679687,1,0.000178571428571429,0.000150285558160725,"女性 | 60歲及以上 | 高中、職 | 中彰投區 | 本省閩南人 | 02 | 08 | 00"
"女性","60歲及以上","高中、職","中彰投區","本省閩南人","02","09","05",1,0.834477927,1,0.000178571428571429,0.000149692895542771,"女性 | 60歲及以上 | 高中、職 | 中彰投區 | 本省閩南人 | 02 | 09 | 05"
"女性","60歲及以上","高中、職","中彰投區","本省閩南人","02","10","00",1,0.735825112,1,0.000178571428571429,0.00013199605174022,"女性 | 60歲及以上 | 高中、職 | 中彰投區 | 本省閩南人 | 02 | 10 | 00"
"女性","60歲及以上","高中、職","中彰投區","本省閩南人","03","03","00",1,0.837781783679687,1,0.000178571428571429,0.000150285558160725,"女性 | 60歲及以上 | 高中、職 | 中彰投區 | 本省閩南人 | 03 | 03 | 00"
"女性","60歲及以上","高中、職","中彰投區","本省閩南人","03","06","02",1,1.018269811,1,0.000178571428571429,0.000182662418645832,"女性 | 60歲及以上 | 高中、職 | 中彰投區 | 本省閩南人 | 03 | 06 | 02"
"女性","60歲及以上","高中、職","中彰投區","本省閩南人","03","08","00",1,0.837781783679687,1,0.000178571428571429,0.000150285558160725,"女性 | 60歲及以上 | 高中、職 | 中彰投區 | 本省閩南人 | 03 | 08 | 00"
"女性","60歲及以上","高中、職","中彰投區","本省閩南人","03","08","05",1,0.834477927,1,0.000178571428571429,0.000149692895542771,"女性 | 60歲及以上 | 高中、職 | 中彰投區 | 本省閩南人 | 03 | 08 | 05"
"女性","60歲及以上","高中、職","中彰投區","本省閩南人","04","07","04",1,1.018269811,1,0.000178571428571429,0.000182662418645832,"女性 | 60歲及以上 | 高中、職 | 中彰投區 | 本省閩南人 | 04 | 07 | 04"
"女性","60歲及以上","高中、職","中彰投區","本省閩南人","05","00","03",1,0.837781783679687,1,0.000178571428571429,0.000150285558160725,"女性 | 60歲及以上 | 高中、職 | 中彰投區 | 本省閩南人 | 05 | 00 | 03"
"女性","60歲及以上","高中、職","中彰投區","本省閩南人","05","00","06",1,0.837781783679687,1,0.000178571428571429,0.000150285558160725,"女性 | 60歲及以上 | 高中、職 | 中彰投區 | 本省閩南人 | 05 | 00 | 06"
"女性","60歲及以上","高中、職","中彰投區","本省閩南人","05","03","03",1,0.837781783679687,1,0.000178571428571429,0.000150285558160725,"女性 | 60歲及以上 | 高中、職 | 中彰投區 | 本省閩南人 | 05 | 03 | 03"
"女性","60歲及以上","高中、職","中彰投區","本省閩南人","05","04","03",1,0.837781783679687,1,0.000178571428571429,0.000150285558160725,"女性 | 60歲及以上 | 高中、職 | 中彰投區 | 本省閩南人 | 05 | 04 | 03"
"女性","60歲及以上","高中、職","中彰投區","本省閩南人","05","05","01",1,0.837781783679687,1,0.000178571428571429,0.000150285558160725,"女性 | 60歲及以上 | 高中、職 | 中彰投區 | 本省閩南人 | 05 | 05 | 01"
"女性","60歲及以上","高中、職","中彰投區","本省閩南人","05","05","02",1,1.018269811,1,0.000178571428571429,0.000182662418645832,"女性 | 60歲及以上 | 高中、職 | 中彰投區 | 本省閩南人 | 05 | 05 | 02"
"女性","60歲及以上","高中、職","中彰投區","本省閩南人","05","05","06",1,1.018269811,1,0.000178571428571429,0.000182662418645832,"女性 | 60歲及以上 | 高中、職 | 中彰投區 | 本省閩南人 | 05 | 05 | 06"
"女性","60歲及以上","高中、職","中彰投區","本省閩南人","05","06","00",1,0.834477927,1,0.000178571428571429,0.000149692895542771,"女性 | 60歲及以上 | 高中、職 | 中彰投區 | 本省閩南人 | 05 | 06 | 00"
"女性","60歲及以上","高中、職","中彰投區","本省閩南人","05","07","03",1,0.837781783679687,1,0.000178571428571429,0.000150285558160725,"女性 | 60歲及以上 | 高中、職 | 中彰投區 | 本省閩南人 | 05 | 07 | 03"
"女性","60歲及以上","高中、職","中彰投區","本省閩南人","05","08","03",1,0.834477927,1,0.000178571428571429,0.000149692895542771,"女性 | 60歲及以上 | 高中、職 | 中彰投區 | 本省閩南人 | 05 | 08 | 03"
"女性","60歲及以上","高中、職","中彰投區","本省閩南人","05","09","07",1,0.735825112,1,0.000178571428571429,0.00013199605174022,"女性 | 60歲及以上 | 高中、職 | 中彰投區 | 本省閩南人 | 05 | 09 | 07"
"女性","60歲及以上","高中、職","中彰投區","本省閩南人","06","01","01",1,0.837781783679687,1,0.000178571428571429,0.000150285558160725,"女性 | 60歲及以上 | 高中、職 | 中彰投區 | 本省閩南人 | 06 | 01 | 01"
"女性","60歲及以上","高中、職","中彰投區","本省閩南人","06","02","03",1,0.837781783679687,1,0.000178571428571429,0.000150285558160725,"女性 | 60歲及以上 | 高中、職 | 中彰投區 | 本省閩南人 | 06 | 02 | 03"
"女性","60歲及以上","高中、職","中彰投區","本省閩南人","06","05","05",1,0.837781783679687,1,0.000178571428571429,0.000150285558160725,"女性 | 60歲及以上 | 高中、職 | 中彰投區 | 本省閩南人 | 06 | 05 | 05"
"女性","60歲及以上","高中、職","中彰投區","本省閩南人","06","07","05",1,0.837781783679687,1,0.000178571428571429,0.000150285558160725,"女性 | 60歲及以上 | 高中、職 | 中彰投區 | 本省閩南人 | 06 | 07 | 05"
"女性","60歲及以上","高中、職","中彰投區","本省閩南人","06","08","05",1,0.834477927,1,0.000178571428571429,0.000149692895542771,"女性 | 60歲及以上 | 高中、職 | 中彰投區 | 本省閩南人 | 06 | 08 | 05"
"女性","60歲及以上","高中、職","中彰投區","本省閩南人","06","09","04",1,0.735825112,1,0.000178571428571429,0.00013199605174022,"女性 | 60歲及以上 | 高中、職 | 中彰投區 | 本省閩南人 | 06 | 09 | 04"
"女性","60歲及以上","高中、職","中彰投區","本省閩南人","07","01","01",1,0.735825112,1,0.000178571428571429,0.00013199605174022,"女性 | 60歲及以上 | 高中、職 | 中彰投區 | 本省閩南人 | 07 | 01 | 01"
"女性","60歲及以上","高中、職","中彰投區","本省閩南人","07","01","05",1,0.834477927,1,0.000178571428571429,0.000149692895542771,"女性 | 60歲及以上 | 高中、職 | 中彰投區 | 本省閩南人 | 07 | 01 | 05"
"女性","60歲及以上","高中、職","中彰投區","本省閩南人","07","01","06",1,0.837781783679687,1,0.000178571428571429,0.000150285558160725,"女性 | 60歲及以上 | 高中、職 | 中彰投區 | 本省閩南人 | 07 | 01 | 06"
"女性","60歲及以上","高中、職","中彰投區","本省閩南人","07","02","03",1,1.018269811,1,0.000178571428571429,0.000182662418645832,"女性 | 60歲及以上 | 高中、職 | 中彰投區 | 本省閩南人 | 07 | 02 | 03"
"女性","60歲及以上","高中、職","中彰投區","本省閩南人","07","02","05",1,0.837781783679687,1,0.000178571428571429,0.000150285558160725,"女性 | 60歲及以上 | 高中、職 | 中彰投區 | 本省閩南人 | 07 | 02 | 05"
"女性","60歲及以上","高中、職","中彰投區","本省閩南人","07","04","05",1,0.834477927,1,0.000178571428571429,0.000149692895542771,"女性 | 60歲及以上 | 高中、職 | 中彰投區 | 本省閩南人 | 07 | 04 | 05"
"女性","60歲及以上","高中、職","中彰投區","本省閩南人","07","05","02",1,0.834477927,1,0.000178571428571429,0.000149692895542771,"女性 | 60歲及以上 | 高中、職 | 中彰投區 | 本省閩南人 | 07 | 05 | 02"
"女性","60歲及以上","高中、職","中彰投區","本省閩南人","08","00","04",1,0.834477927,1,0.000178571428571429,0.000149692895542771,"女性 | 60歲及以上 | 高中、職 | 中彰投區 | 本省閩南人 | 08 | 00 | 04"
"女性","60歲及以上","高中、職","中彰投區","本省閩南人","08","05","04",1,0.834477927,1,0.000178571428571429,0.000149692895542771,"女性 | 60歲及以上 | 高中、職 | 中彰投區 | 本省閩南人 | 08 | 05 | 04"
"女性","60歲及以上","高中、職","中彰投區","本省閩南人","08","07","05",1,0.837781783679687,1,0.000178571428571429,0.000150285558160725,"女性 | 60歲及以上 | 高中、職 | 中彰投區 | 本省閩南人 | 08 | 07 | 05"
"女性","60歲及以上","高中、職","中彰投區","本省閩南人","09","08","08",1,0.837781783679687,1,0.000178571428571429,0.000150285558160725,"女性 | 60歲及以上 | 高中、職 | 中彰投區 | 本省閩南人 | 09 | 08 | 08"
"女性","60歲及以上","高中、職","中彰投區","本省閩南人","10","00","00",1,0.834477927,1,0.000178571428571429,0.000149692895542771,"女性 | 60歲及以上 | 高中、職 | 中彰投區 | 本省閩南人 | 10 | 00 | 00"
"女性","60歲及以上","高中、職","中彰投區","本省閩南人","10","02","03",1,0.735825112,1,0.000178571428571429,0.00013199605174022,"女性 | 60歲及以上 | 高中、職 | 中彰投區 | 本省閩南人 | 10 | 02 | 03"
"女性","60歲及以上","高中、職","中彰投區","本省閩南人","10","02","05",1,0.834477927,1,0.000178571428571429,0.000149692895542771,"女性 | 60歲及以上 | 高中、職 | 中彰投區 | 本省閩南人 | 10 | 02 | 05"
"女性","60歲及以上","高中、職","北北基宜蘭區","原住民","10","09","05",1,0.818185300619748,1,0.000178571428571429,0.000146770241341929,"女性 | 60歲及以上 | 高中、職 | 北北基宜蘭區 | 原住民 | 10 | 09 | 05"
"女性","60歲及以上","高中、職","北北基宜蘭區","大陸各省市","02","00","01",1,0.818185300619748,1,0.000178571428571429,0.000146770241341929,"女性 | 60歲及以上 | 高中、職 | 北北基宜蘭區 | 大陸各省市 | 02 | 00 | 01"
"女性","60歲及以上","高中、職","北北基宜蘭區","大陸各省市","04","05","05",1,0.818185300619748,1,0.000178571428571429,0.000146770241341929,"女性 | 60歲及以上 | 高中、職 | 北北基宜蘭區 | 大陸各省市 | 04 | 05 | 05"
"女性","60歲及以上","高中、職","北北基宜蘭區","大陸各省市","05","00","00",1,0.902856876,1,0.000178571428571429,0.000161959059258784,"女性 | 60歲及以上 | 高中、職 | 北北基宜蘭區 | 大陸各省市 | 05 | 00 | 00"
"女性","60歲及以上","高中、職","北北基宜蘭區","大陸各省市","05","00","05",1,0.818185300619748,1,0.000178571428571429,0.000146770241341929,"女性 | 60歲及以上 | 高中、職 | 北北基宜蘭區 | 大陸各省市 | 05 | 00 | 05"
"女性","60歲及以上","高中、職","北北基宜蘭區","大陸各省市","05","03","02",1,0.902856876,1,0.000178571428571429,0.000161959059258784,"女性 | 60歲及以上 | 高中、職 | 北北基宜蘭區 | 大陸各省市 | 05 | 03 | 02"
"女性","60歲及以上","高中、職","北北基宜蘭區","大陸各省市","05","05","04",1,0.818185300619748,1,0.000178571428571429,0.000146770241341929,"女性 | 60歲及以上 | 高中、職 | 北北基宜蘭區 | 大陸各省市 | 05 | 05 | 04"
"女性","60歲及以上","高中、職","北北基宜蘭區","大陸各省市","07","03","07",1,0.902856876,1,0.000178571428571429,0.000161959059258784,"女性 | 60歲及以上 | 高中、職 | 北北基宜蘭區 | 大陸各省市 | 07 | 03 | 07"
"女性","60歲及以上","高中、職","北北基宜蘭區","大陸各省市","08","00","03",1,0.902856876,1,0.000178571428571429,0.000161959059258784,"女性 | 60歲及以上 | 高中、職 | 北北基宜蘭區 | 大陸各省市 | 08 | 00 | 03"
"女性","60歲及以上","高中、職","北北基宜蘭區","大陸各省市","08","00","05",1,0.902856876,1,0.000178571428571429,0.000161959059258784,"女性 | 60歲及以上 | 高中、職 | 北北基宜蘭區 | 大陸各省市 | 08 | 00 | 05"
"女性","60歲及以上","高中、職","北北基宜蘭區","大陸各省市","08","00","06",1,0.818185300619748,1,0.000178571428571429,0.000146770241341929,"女性 | 60歲及以上 | 高中、職 | 北北基宜蘭區 | 大陸各省市 | 08 | 00 | 06"
"女性","60歲及以上","高中、職","北北基宜蘭區","大陸各省市","08","03","01",1,0.818185300619748,1,0.000178571428571429,0.000146770241341929,"女性 | 60歲及以上 | 高中、職 | 北北基宜蘭區 | 大陸各省市 | 08 | 03 | 01"
"女性","60歲及以上","高中、職","北北基宜蘭區","大陸各省市","08","03","05",1,0.902856876,1,0.000178571428571429,0.000161959059258784,"女性 | 60歲及以上 | 高中、職 | 北北基宜蘭區 | 大陸各省市 | 08 | 03 | 05"
"女性","60歲及以上","高中、職","北北基宜蘭區","大陸各省市","08","05","05",1,0.818185300619748,1,0.000178571428571429,0.000146770241341929,"女性 | 60歲及以上 | 高中、職 | 北北基宜蘭區 | 大陸各省市 | 08 | 05 | 05"
"女性","60歲及以上","高中、職","北北基宜蘭區","大陸各省市","09","00","08",1,0.818185300619748,1,0.000178571428571429,0.000146770241341929,"女性 | 60歲及以上 | 高中、職 | 北北基宜蘭區 | 大陸各省市 | 09 | 00 | 08"
"女性","60歲及以上","高中、職","北北基宜蘭區","大陸各省市","09","02","02",1,1.100618162,1,0.000178571428571429,0.000197434484755092,"女性 | 60歲及以上 | 高中、職 | 北北基宜蘭區 | 大陸各省市 | 09 | 02 | 02"
"女性","60歲及以上","高中、職","北北基宜蘭區","大陸各省市","10","00","02",1,0.818185300619748,1,0.000178571428571429,0.000146770241341929,"女性 | 60歲及以上 | 高中、職 | 北北基宜蘭區 | 大陸各省市 | 10 | 00 | 02"
"女性","60歲及以上","高中、職","北北基宜蘭區","大陸各省市","10","01","05",1,0.818185300619748,1,0.000178571428571429,0.000146770241341929,"女性 | 60歲及以上 | 高中、職 | 北北基宜蘭區 | 大陸各省市 | 10 | 01 | 05"
"女性","60歲及以上","高中、職","北北基宜蘭區","大陸各省市","10","05","07",1,0.818185300619748,1,0.000178571428571429,0.000146770241341929,"女性 | 60歲及以上 | 高中、職 | 北北基宜蘭區 | 大陸各省市 | 10 | 05 | 07"
"女性","60歲及以上","高中、職","北北基宜蘭區","本省客家人","00","07","03",1,0.902856876,1,0.000178571428571429,0.000161959059258784,"女性 | 60歲及以上 | 高中、職 | 北北基宜蘭區 | 本省客家人 | 00 | 07 | 03"
"女性","60歲及以上","高中、職","北北基宜蘭區","本省客家人","00","08","00",1,0.818185300619748,1,0.000178571428571429,0.000146770241341929,"女性 | 60歲及以上 | 高中、職 | 北北基宜蘭區 | 本省客家人 | 00 | 08 | 00"
"女性","60歲及以上","高中、職","北北基宜蘭區","本省客家人","00","10","00",1,0.818185300619748,1,0.000178571428571429,0.000146770241341929,"女性 | 60歲及以上 | 高中、職 | 北北基宜蘭區 | 本省客家人 | 00 | 10 | 00"
"女性","60歲及以上","高中、職","北北基宜蘭區","本省客家人","03","02","02",1,0.902856876,1,0.000178571428571429,0.000161959059258784,"女性 | 60歲及以上 | 高中、職 | 北北基宜蘭區 | 本省客家人 | 03 | 02 | 02"
"女性","60歲及以上","高中、職","北北基宜蘭區","本省客家人","05","04","05",1,0.818185300619748,1,0.000178571428571429,0.000146770241341929,"女性 | 60歲及以上 | 高中、職 | 北北基宜蘭區 | 本省客家人 | 05 | 04 | 05"
"女性","60歲及以上","高中、職","北北基宜蘭區","本省客家人","05","05","04",1,0.902856876,1,0.000178571428571429,0.000161959059258784,"女性 | 60歲及以上 | 高中、職 | 北北基宜蘭區 | 本省客家人 | 05 | 05 | 04"
"女性","60歲及以上","高中、職","北北基宜蘭區","本省客家人","07","03","03",1,0.818185300619748,1,0.000178571428571429,0.000146770241341929,"女性 | 60歲及以上 | 高中、職 | 北北基宜蘭區 | 本省客家人 | 07 | 03 | 03"
"女性","60歲及以上","高中、職","北北基宜蘭區","本省客家人","07","08","01",1,0.902856876,1,0.000178571428571429,0.000161959059258784,"女性 | 60歲及以上 | 高中、職 | 北北基宜蘭區 | 本省客家人 | 07 | 08 | 01"
"女性","60歲及以上","高中、職","北北基宜蘭區","本省客家人","10","00","08",1,0.818185300619748,1,0.000178571428571429,0.000146770241341929,"女性 | 60歲及以上 | 高中、職 | 北北基宜蘭區 | 本省客家人 | 10 | 00 | 08"
"女性","60歲及以上","高中、職","北北基宜蘭區","本省閩南人","00","05","00",1,0.818185300619748,1,0.000178571428571429,0.000146770241341929,"女性 | 60歲及以上 | 高中、職 | 北北基宜蘭區 | 本省閩南人 | 00 | 05 | 00"
"女性","60歲及以上","高中、職","北北基宜蘭區","本省閩南人","01","05","02",1,0.818185300619748,1,0.000178571428571429,0.000146770241341929,"女性 | 60歲及以上 | 高中、職 | 北北基宜蘭區 | 本省閩南人 | 01 | 05 | 02"
"女性","60歲及以上","高中、職","北北基宜蘭區","本省閩南人","01","08","01",1,1.132147667,1,0.000178571428571429,0.000203090407752897,"女性 | 60歲及以上 | 高中、職 | 北北基宜蘭區 | 本省閩南人 | 01 | 08 | 01"
"女性","60歲及以上","高中、職","北北基宜蘭區","本省閩南人","01","09","00",1,0.818185300619748,1,0.000178571428571429,0.000146770241341929,"女性 | 60歲及以上 | 高中、職 | 北北基宜蘭區 | 本省閩南人 | 01 | 09 | 00"
"女性","60歲及以上","高中、職","北北基宜蘭區","本省閩南人","01","10","05",1,0.818185300619748,1,0.000178571428571429,0.000146770241341929,"女性 | 60歲及以上 | 高中、職 | 北北基宜蘭區 | 本省閩南人 | 01 | 10 | 05"
"女性","60歲及以上","高中、職","北北基宜蘭區","本省閩南人","02","05","02",1,0.902856876,1,0.000178571428571429,0.000161959059258784,"女性 | 60歲及以上 | 高中、職 | 北北基宜蘭區 | 本省閩南人 | 02 | 05 | 02"
"女性","60歲及以上","高中、職","北北基宜蘭區","本省閩南人","02","06","04",1,1.100618162,1,0.000178571428571429,0.000197434484755092,"女性 | 60歲及以上 | 高中、職 | 北北基宜蘭區 | 本省閩南人 | 02 | 06 | 04"
"女性","60歲及以上","高中、職","北北基宜蘭區","本省閩南人","02","07","00",1,0.818185300619748,1,0.000178571428571429,0.000146770241341929,"女性 | 60歲及以上 | 高中、職 | 北北基宜蘭區 | 本省閩南人 | 02 | 07 | 00"
"女性","60歲及以上","高中、職","北北基宜蘭區","本省閩南人","02","08","04",1,0.902856876,1,0.000178571428571429,0.000161959059258784,"女性 | 60歲及以上 | 高中、職 | 北北基宜蘭區 | 本省閩南人 | 02 | 08 | 04"
"女性","60歲及以上","高中、職","北北基宜蘭區","本省閩南人","02","09","00",1,0.818185300619748,1,0.000178571428571429,0.000146770241341929,"女性 | 60歲及以上 | 高中、職 | 北北基宜蘭區 | 本省閩南人 | 02 | 09 | 00"
"女性","60歲及以上","高中、職","北北基宜蘭區","本省閩南人","03","05","02",1,0.818185300619748,1,0.000178571428571429,0.000146770241341929,"女性 | 60歲及以上 | 高中、職 | 北北基宜蘭區 | 本省閩南人 | 03 | 05 | 02"
"女性","60歲及以上","高中、職","北北基宜蘭區","本省閩南人","03","06","04",1,0.818185300619748,1,0.000178571428571429,0.000146770241341929,"女性 | 60歲及以上 | 高中、職 | 北北基宜蘭區 | 本省閩南人 | 03 | 06 | 04"
"女性","60歲及以上","高中、職","北北基宜蘭區","本省閩南人","03","09","01",1,1.249416316,1,0.000178571428571429,0.000224126654557301,"女性 | 60歲及以上 | 高中、職 | 北北基宜蘭區 | 本省閩南人 | 03 | 09 | 01"
"女性","60歲及以上","高中、職","北北基宜蘭區","本省閩南人","04","03","05",1,0.818185300619748,1,0.000178571428571429,0.000146770241341929,"女性 | 60歲及以上 | 高中、職 | 北北基宜蘭區 | 本省閩南人 | 04 | 03 | 05"
"女性","60歲及以上","高中、職","北北基宜蘭區","本省閩南人","04","07","03",1,0.818185300619748,1,0.000178571428571429,0.000146770241341929,"女性 | 60歲及以上 | 高中、職 | 北北基宜蘭區 | 本省閩南人 | 04 | 07 | 03"
"女性","60歲及以上","高中、職","北北基宜蘭區","本省閩南人","05","00","00",1,1.100618162,1,0.000178571428571429,0.000197434484755092,"女性 | 60歲及以上 | 高中、職 | 北北基宜蘭區 | 本省閩南人 | 05 | 00 | 00"
"女性","60歲及以上","高中、職","北北基宜蘭區","本省閩南人","05","02","05",1,0.818185300619748,1,0.000178571428571429,0.000146770241341929,"女性 | 60歲及以上 | 高中、職 | 北北基宜蘭區 | 本省閩南人 | 05 | 02 | 05"
"女性","60歲及以上","高中、職","北北基宜蘭區","本省閩南人","05","03","00",1,0.902856876,1,0.000178571428571429,0.000161959059258784,"女性 | 60歲及以上 | 高中、職 | 北北基宜蘭區 | 本省閩南人 | 05 | 03 | 00"
"女性","60歲及以上","高中、職","北北基宜蘭區","本省閩南人","05","03","04",1,1.249416316,1,0.000178571428571429,0.000224126654557301,"女性 | 60歲及以上 | 高中、職 | 北北基宜蘭區 | 本省閩南人 | 05 | 03 | 04"
"女性","60歲及以上","高中、職","北北基宜蘭區","本省閩南人","05","04","04",1,0.902856876,1,0.000178571428571429,0.000161959059258784,"女性 | 60歲及以上 | 高中、職 | 北北基宜蘭區 | 本省閩南人 | 05 | 04 | 04"
"女性","60歲及以上","高中、職","北北基宜蘭區","本省閩南人","05","05","02",1,0.818185300619748,1,0.000178571428571429,0.000146770241341929,"女性 | 60歲及以上 | 高中、職 | 北北基宜蘭區 | 本省閩南人 | 05 | 05 | 02"
"女性","60歲及以上","高中、職","北北基宜蘭區","本省閩南人","05","06","01",1,0.818185300619748,1,0.000178571428571429,0.000146770241341929,"女性 | 60歲及以上 | 高中、職 | 北北基宜蘭區 | 本省閩南人 | 05 | 06 | 01"
"女性","60歲及以上","高中、職","北北基宜蘭區","本省閩南人","05","08","01",1,1.249416316,1,0.000178571428571429,0.000224126654557301,"女性 | 60歲及以上 | 高中、職 | 北北基宜蘭區 | 本省閩南人 | 05 | 08 | 01"
"女性","60歲及以上","高中、職","北北基宜蘭區","本省閩南人","05","09","00",1,1.249416316,1,0.000178571428571429,0.000224126654557301,"女性 | 60歲及以上 | 高中、職 | 北北基宜蘭區 | 本省閩南人 | 05 | 09 | 00"
"女性","60歲及以上","高中、職","北北基宜蘭區","本省閩南人","06","00","00",1,0.902856876,1,0.000178571428571429,0.000161959059258784,"女性 | 60歲及以上 | 高中、職 | 北北基宜蘭區 | 本省閩南人 | 06 | 00 | 00"
"女性","60歲及以上","高中、職","北北基宜蘭區","本省閩南人","06","00","01",1,1.249416316,1,0.000178571428571429,0.000224126654557301,"女性 | 60歲及以上 | 高中、職 | 北北基宜蘭區 | 本省閩南人 | 06 | 00 | 01"
"女性","60歲及以上","高中、職","北北基宜蘭區","本省閩南人","06","04","01",1,0.902856876,1,0.000178571428571429,0.000161959059258784,"女性 | 60歲及以上 | 高中、職 | 北北基宜蘭區 | 本省閩南人 | 06 | 04 | 01"
"女性","60歲及以上","高中、職","北北基宜蘭區","本省閩南人","06","04","03",1,0.902856876,1,0.000178571428571429,0.000161959059258784,"女性 | 60歲及以上 | 高中、職 | 北北基宜蘭區 | 本省閩南人 | 06 | 04 | 03"
"女性","60歲及以上","高中、職","北北基宜蘭區","本省閩南人","06","04","05",1,0.818185300619748,1,0.000178571428571429,0.000146770241341929,"女性 | 60歲及以上 | 高中、職 | 北北基宜蘭區 | 本省閩南人 | 06 | 04 | 05"
"女性","60歲及以上","高中、職","北北基宜蘭區","本省閩南人","06","05","03",1,0.902856876,1,0.000178571428571429,0.000161959059258784,"女性 | 60歲及以上 | 高中、職 | 北北基宜蘭區 | 本省閩南人 | 06 | 05 | 03"
"女性","60歲及以上","高中、職","北北基宜蘭區","本省閩南人","06","08","05",1,0.902856876,1,0.000178571428571429,0.000161959059258784,"女性 | 60歲及以上 | 高中、職 | 北北基宜蘭區 | 本省閩南人 | 06 | 08 | 05"
"女性","60歲及以上","高中、職","北北基宜蘭區","本省閩南人","07","00","00",1,0.902856876,1,0.000178571428571429,0.000161959059258784,"女性 | 60歲及以上 | 高中、職 | 北北基宜蘭區 | 本省閩南人 | 07 | 00 | 00"
"女性","60歲及以上","高中、職","北北基宜蘭區","本省閩南人","07","00","05",1,0.818185300619748,1,0.000178571428571429,0.000146770241341929,"女性 | 60歲及以上 | 高中、職 | 北北基宜蘭區 | 本省閩南人 | 07 | 00 | 05"
"女性","60歲及以上","高中、職","北北基宜蘭區","本省閩南人","07","02","01",1,1.100618162,1,0.000178571428571429,0.000197434484755092,"女性 | 60歲及以上 | 高中、職 | 北北基宜蘭區 | 本省閩南人 | 07 | 02 | 01"
"女性","60歲及以上","高中、職","北北基宜蘭區","本省閩南人","07","03","01",1,0.902856876,1,0.000178571428571429,0.000161959059258784,"女性 | 60歲及以上 | 高中、職 | 北北基宜蘭區 | 本省閩南人 | 07 | 03 | 01"
"女性","60歲及以上","高中、職","北北基宜蘭區","本省閩南人","07","03","03",1,0.818185300619748,1,0.000178571428571429,0.000146770241341929,"女性 | 60歲及以上 | 高中、職 | 北北基宜蘭區 | 本省閩南人 | 07 | 03 | 03"
"女性","60歲及以上","高中、職","北北基宜蘭區","本省閩南人","07","03","04",1,1.100618162,1,0.000178571428571429,0.000197434484755092,"女性 | 60歲及以上 | 高中、職 | 北北基宜蘭區 | 本省閩南人 | 07 | 03 | 04"
"女性","60歲及以上","高中、職","北北基宜蘭區","本省閩南人","07","07","05",1,0.818185300619748,1,0.000178571428571429,0.000146770241341929,"女性 | 60歲及以上 | 高中、職 | 北北基宜蘭區 | 本省閩南人 | 07 | 07 | 05"
"女性","60歲及以上","高中、職","北北基宜蘭區","本省閩南人","07","09","02",1,0.902856876,1,0.000178571428571429,0.000161959059258784,"女性 | 60歲及以上 | 高中、職 | 北北基宜蘭區 | 本省閩南人 | 07 | 09 | 02"
"女性","60歲及以上","高中、職","北北基宜蘭區","本省閩南人","08","00","03",1,0.818185300619748,1,0.000178571428571429,0.000146770241341929,"女性 | 60歲及以上 | 高中、職 | 北北基宜蘭區 | 本省閩南人 | 08 | 00 | 03"
"女性","60歲及以上","高中、職","北北基宜蘭區","本省閩南人","08","02","03",1,0.902856876,1,0.000178571428571429,0.000161959059258784,"女性 | 60歲及以上 | 高中、職 | 北北基宜蘭區 | 本省閩南人 | 08 | 02 | 03"
"女性","60歲及以上","高中、職","北北基宜蘭區","本省閩南人","08","03","03",1,0.818185300619748,1,0.000178571428571429,0.000146770241341929,"女性 | 60歲及以上 | 高中、職 | 北北基宜蘭區 | 本省閩南人 | 08 | 03 | 03"
"女性","60歲及以上","高中、職","北北基宜蘭區","本省閩南人","10","00","08",1,0.902856876,1,0.000178571428571429,0.000161959059258784,"女性 | 60歲及以上 | 高中、職 | 北北基宜蘭區 | 本省閩南人 | 10 | 00 | 08"
"女性","60歲及以上","高中、職","北北基宜蘭區","本省閩南人","10","07","00",1,0.902856876,1,0.000178571428571429,0.000161959059258784,"女性 | 60歲及以上 | 高中、職 | 北北基宜蘭區 | 本省閩南人 | 10 | 07 | 00"
"女性","60歲及以上","高中、職","桃竹苗區","大陸各省市","03","08","00",1,0.770283268538786,1,0.000178571428571429,0.000138177331149132,"女性 | 60歲及以上 | 高中、職 | 桃竹苗區 | 大陸各省市 | 03 | 08 | 00"
"女性","60歲及以上","高中、職","桃竹苗區","大陸各省市","05","01","03",1,0.817989857,1,0.000178571428571429,0.000146735181671195,"女性 | 60歲及以上 | 高中、職 | 桃竹苗區 | 大陸各省市 | 05 | 01 | 03"
"女性","60歲及以上","高中、職","桃竹苗區","大陸各省市","05","05","05",1,0.770283268538786,1,0.000178571428571429,0.000138177331149132,"女性 | 60歲及以上 | 高中、職 | 桃竹苗區 | 大陸各省市 | 05 | 05 | 05"
"女性","60歲及以上","高中、職","桃竹苗區","大陸各省市","06","05","04",1,0.94659887,1,0.000178571428571429,0.000169805720658462,"女性 | 60歲及以上 | 高中、職 | 桃竹苗區 | 大陸各省市 | 06 | 05 | 04"
"女性","60歲及以上","高中、職","桃竹苗區","大陸各省市","07","01","03",1,0.817989857,1,0.000178571428571429,0.000146735181671195,"女性 | 60歲及以上 | 高中、職 | 桃竹苗區 | 大陸各省市 | 07 | 01 | 03"
"女性","60歲及以上","高中、職","桃竹苗區","大陸各省市","07","02","06",1,0.770283268538786,1,0.000178571428571429,0.000138177331149132,"女性 | 60歲及以上 | 高中、職 | 桃竹苗區 | 大陸各省市 | 07 | 02 | 06"
"女性","60歲及以上","高中、職","桃竹苗區","大陸各省市","07","03","04",1,0.770283268538786,1,0.000178571428571429,0.000138177331149132,"女性 | 60歲及以上 | 高中、職 | 桃竹苗區 | 大陸各省市 | 07 | 03 | 04"
"女性","60歲及以上","高中、職","桃竹苗區","大陸各省市","08","02","05",1,0.770283268538786,1,0.000178571428571429,0.000138177331149132,"女性 | 60歲及以上 | 高中、職 | 桃竹苗區 | 大陸各省市 | 08 | 02 | 05"
"女性","60歲及以上","高中、職","桃竹苗區","大陸各省市","08","05","04",1,0.770283268538786,1,0.000178571428571429,0.000138177331149132,"女性 | 60歲及以上 | 高中、職 | 桃竹苗區 | 大陸各省市 | 08 | 05 | 04"
"女性","60歲及以上","高中、職","桃竹苗區","大陸各省市","09","02","02",1,0.770283268538786,1,0.000178571428571429,0.000138177331149132,"女性 | 60歲及以上 | 高中、職 | 桃竹苗區 | 大陸各省市 | 09 | 02 | 02"
"女性","60歲及以上","高中、職","桃竹苗區","大陸各省市","10","00","01",1,1.131973296,1,0.000178571428571429,0.00020305912819589,"女性 | 60歲及以上 | 高中、職 | 桃竹苗區 | 大陸各省市 | 10 | 00 | 01"
"女性","60歲及以上","高中、職","桃竹苗區","大陸各省市","10","00","05",1,0.817989857,1,0.000178571428571429,0.000146735181671195,"女性 | 60歲及以上 | 高中、職 | 桃竹苗區 | 大陸各省市 | 10 | 00 | 05"
"女性","60歲及以上","高中、職","桃竹苗區","本省客家人","00","08","00",1,0.817989857,1,0.000178571428571429,0.000146735181671195,"女性 | 60歲及以上 | 高中、職 | 桃竹苗區 | 本省客家人 | 00 | 08 | 00"
"女性","60歲及以上","高中、職","桃竹苗區","本省客家人","00","10","00",1,0.94659887,1,0.000178571428571429,0.000169805720658462,"女性 | 60歲及以上 | 高中、職 | 桃竹苗區 | 本省客家人 | 00 | 10 | 00"
"女性","60歲及以上","高中、職","桃竹苗區","本省客家人","03","05","05",1,1.131973296,1,0.000178571428571429,0.00020305912819589,"女性 | 60歲及以上 | 高中、職 | 桃竹苗區 | 本省客家人 | 03 | 05 | 05"
"女性","60歲及以上","高中、職","桃竹苗區","本省客家人","03","08","02",1,0.770283268538786,1,0.000178571428571429,0.000138177331149132,"女性 | 60歲及以上 | 高中、職 | 桃竹苗區 | 本省客家人 | 03 | 08 | 02"
"女性","60歲及以上","高中、職","桃竹苗區","本省客家人","03","10","05",1,0.94659887,1,0.000178571428571429,0.000169805720658462,"女性 | 60歲及以上 | 高中、職 | 桃竹苗區 | 本省客家人 | 03 | 10 | 05"
"女性","60歲及以上","高中、職","桃竹苗區","本省客家人","04","07","01",1,0.817989857,1,0.000178571428571429,0.000146735181671195,"女性 | 60歲及以上 | 高中、職 | 桃竹苗區 | 本省客家人 | 04 | 07 | 01"
"女性","60歲及以上","高中、職","桃竹苗區","本省客家人","05","04","04",1,0.770283268538786,1,0.000178571428571429,0.000138177331149132,"女性 | 60歲及以上 | 高中、職 | 桃竹苗區 | 本省客家人 | 05 | 04 | 04"
"女性","60歲及以上","高中、職","桃竹苗區","本省客家人","05","05","00",1,0.770283268538786,1,0.000178571428571429,0.000138177331149132,"女性 | 60歲及以上 | 高中、職 | 桃竹苗區 | 本省客家人 | 05 | 05 | 00"
"女性","60歲及以上","高中、職","桃竹苗區","本省客家人","05","05","04",1,0.770283268538786,1,0.000178571428571429,0.000138177331149132,"女性 | 60歲及以上 | 高中、職 | 桃竹苗區 | 本省客家人 | 05 | 05 | 04"
"女性","60歲及以上","高中、職","桃竹苗區","本省客家人","05","05","05",1,0.770283268538786,1,0.000178571428571429,0.000138177331149132,"女性 | 60歲及以上 | 高中、職 | 桃竹苗區 | 本省客家人 | 05 | 05 | 05"
"女性","60歲及以上","高中、職","桃竹苗區","本省客家人","05","10","02",1,0.817989857,1,0.000178571428571429,0.000146735181671195,"女性 | 60歲及以上 | 高中、職 | 桃竹苗區 | 本省客家人 | 05 | 10 | 02"
"女性","60歲及以上","高中、職","桃竹苗區","本省客家人","06","05","07",1,0.770283268538786,1,0.000178571428571429,0.000138177331149132,"女性 | 60歲及以上 | 高中、職 | 桃竹苗區 | 本省客家人 | 06 | 05 | 07"
"女性","60歲及以上","高中、職","桃竹苗區","本省客家人","06","06","06",1,0.770283268538786,1,0.000178571428571429,0.000138177331149132,"女性 | 60歲及以上 | 高中、職 | 桃竹苗區 | 本省客家人 | 06 | 06 | 06"
"女性","60歲及以上","高中、職","桃竹苗區","本省客家人","07","00","03",1,0.770283268538786,1,0.000178571428571429,0.000138177331149132,"女性 | 60歲及以上 | 高中、職 | 桃竹苗區 | 本省客家人 | 07 | 00 | 03"
"女性","60歲及以上","高中、職","桃竹苗區","本省客家人","07","05","03",1,0.770283268538786,1,0.000178571428571429,0.000138177331149132,"女性 | 60歲及以上 | 高中、職 | 桃竹苗區 | 本省客家人 | 07 | 05 | 03"
"女性","60歲及以上","高中、職","桃竹苗區","本省客家人","07","05","06",1,0.817989857,1,0.000178571428571429,0.000146735181671195,"女性 | 60歲及以上 | 高中、職 | 桃竹苗區 | 本省客家人 | 07 | 05 | 06"
"女性","60歲及以上","高中、職","桃竹苗區","本省客家人","08","00","00",1,0.817989857,1,0.000178571428571429,0.000146735181671195,"女性 | 60歲及以上 | 高中、職 | 桃竹苗區 | 本省客家人 | 08 | 00 | 00"
"女性","60歲及以上","高中、職","桃竹苗區","本省客家人","08","05","02",1,0.817989857,1,0.000178571428571429,0.000146735181671195,"女性 | 60歲及以上 | 高中、職 | 桃竹苗區 | 本省客家人 | 08 | 05 | 02"
"女性","60歲及以上","高中、職","桃竹苗區","本省客家人","09","01","05",1,0.770283268538786,1,0.000178571428571429,0.000138177331149132,"女性 | 60歲及以上 | 高中、職 | 桃竹苗區 | 本省客家人 | 09 | 01 | 05"
"女性","60歲及以上","高中、職","桃竹苗區","本省客家人","10","01","05",1,0.770283268538786,1,0.000178571428571429,0.000138177331149132,"女性 | 60歲及以上 | 高中、職 | 桃竹苗區 | 本省客家人 | 10 | 01 | 05"
"女性","60歲及以上","高中、職","桃竹苗區","本省閩南人","03","05","01",1,0.817989857,1,0.000178571428571429,0.000146735181671195,"女性 | 60歲及以上 | 高中、職 | 桃竹苗區 | 本省閩南人 | 03 | 05 | 01"
"女性","60歲及以上","高中、職","桃竹苗區","本省閩南人","03","06","01",1,0.770283268538786,1,0.000178571428571429,0.000138177331149132,"女性 | 60歲及以上 | 高中、職 | 桃竹苗區 | 本省閩南人 | 03 | 06 | 01"
"女性","60歲及以上","高中、職","桃竹苗區","本省閩南人","03","09","02",1,0.817989857,1,0.000178571428571429,0.000146735181671195,"女性 | 60歲及以上 | 高中、職 | 桃竹苗區 | 本省閩南人 | 03 | 09 | 02"
"女性","60歲及以上","高中、職","桃竹苗區","本省閩南人","05","00","02",1,0.94659887,1,0.000178571428571429,0.000169805720658462,"女性 | 60歲及以上 | 高中、職 | 桃竹苗區 | 本省閩南人 | 05 | 00 | 02"
"女性","60歲及以上","高中、職","桃竹苗區","本省閩南人","05","02","05",1,0.770283268538786,1,0.000178571428571429,0.000138177331149132,"女性 | 60歲及以上 | 高中、職 | 桃竹苗區 | 本省閩南人 | 05 | 02 | 05"
"女性","60歲及以上","高中、職","桃竹苗區","本省閩南人","05","03","03",1,0.770283268538786,1,0.000178571428571429,0.000138177331149132,"女性 | 60歲及以上 | 高中、職 | 桃竹苗區 | 本省閩南人 | 05 | 03 | 03"
"女性","60歲及以上","高中、職","桃竹苗區","本省閩南人","05","04","05",1,0.770283268538786,1,0.000178571428571429,0.000138177331149132,"女性 | 60歲及以上 | 高中、職 | 桃竹苗區 | 本省閩南人 | 05 | 04 | 05"
"女性","60歲及以上","高中、職","桃竹苗區","本省閩南人","05","05","03",1,0.770283268538786,1,0.000178571428571429,0.000138177331149132,"女性 | 60歲及以上 | 高中、職 | 桃竹苗區 | 本省閩南人 | 05 | 05 | 03"
"女性","60歲及以上","高中、職","桃竹苗區","本省閩南人","05","05","05",1,0.770283268538786,1,0.000178571428571429,0.000138177331149132,"女性 | 60歲及以上 | 高中、職 | 桃竹苗區 | 本省閩南人 | 05 | 05 | 05"
"女性","60歲及以上","高中、職","桃竹苗區","本省閩南人","05","06","02",1,0.94659887,1,0.000178571428571429,0.000169805720658462,"女性 | 60歲及以上 | 高中、職 | 桃竹苗區 | 本省閩南人 | 05 | 06 | 02"
"女性","60歲及以上","高中、職","桃竹苗區","本省閩南人","05","06","03",1,1.131973296,1,0.000178571428571429,0.00020305912819589,"女性 | 60歲及以上 | 高中、職 | 桃竹苗區 | 本省閩南人 | 05 | 06 | 03"
"女性","60歲及以上","高中、職","桃竹苗區","本省閩南人","05","06","04",1,0.770283268538786,1,0.000178571428571429,0.000138177331149132,"女性 | 60歲及以上 | 高中、職 | 桃竹苗區 | 本省閩南人 | 05 | 06 | 04"
"女性","60歲及以上","高中、職","桃竹苗區","本省閩南人","05","06","05",1,0.770283268538786,1,0.000178571428571429,0.000138177331149132,"女性 | 60歲及以上 | 高中、職 | 桃竹苗區 | 本省閩南人 | 05 | 06 | 05"
"女性","60歲及以上","高中、職","桃竹苗區","本省閩南人","05","08","03",1,0.770283268538786,1,0.000178571428571429,0.000138177331149132,"女性 | 60歲及以上 | 高中、職 | 桃竹苗區 | 本省閩南人 | 05 | 08 | 03"
"女性","60歲及以上","高中、職","桃竹苗區","本省閩南人","05","08","06",1,0.770283268538786,1,0.000178571428571429,0.000138177331149132,"女性 | 60歲及以上 | 高中、職 | 桃竹苗區 | 本省閩南人 | 05 | 08 | 06"
"女性","60歲及以上","高中、職","桃竹苗區","本省閩南人","05","09","00",1,0.817989857,1,0.000178571428571429,0.000146735181671195,"女性 | 60歲及以上 | 高中、職 | 桃竹苗區 | 本省閩南人 | 05 | 09 | 00"
"女性","60歲及以上","高中、職","桃竹苗區","本省閩南人","07","02","06",1,0.770283268538786,1,0.000178571428571429,0.000138177331149132,"女性 | 60歲及以上 | 高中、職 | 桃竹苗區 | 本省閩南人 | 07 | 02 | 06"
"女性","60歲及以上","高中、職","桃竹苗區","本省閩南人","07","03","03",1,0.770283268538786,1,0.000178571428571429,0.000138177331149132,"女性 | 60歲及以上 | 高中、職 | 桃竹苗區 | 本省閩南人 | 07 | 03 | 03"
"女性","60歲及以上","高中、職","桃竹苗區","本省閩南人","07","03","04",1,0.817989857,1,0.000178571428571429,0.000146735181671195,"女性 | 60歲及以上 | 高中、職 | 桃竹苗區 | 本省閩南人 | 07 | 03 | 04"
"女性","60歲及以上","高中、職","桃竹苗區","本省閩南人","08","00","02",1,0.817989857,1,0.000178571428571429,0.000146735181671195,"女性 | 60歲及以上 | 高中、職 | 桃竹苗區 | 本省閩南人 | 08 | 00 | 02"
"女性","60歲及以上","高中、職","桃竹苗區","本省閩南人","08","03","02",1,0.770283268538786,1,0.000178571428571429,0.000138177331149132,"女性 | 60歲及以上 | 高中、職 | 桃竹苗區 | 本省閩南人 | 08 | 03 | 02"
"女性","60歲及以上","高中、職","花東區","大陸各省市","09","00","05",1,0.647965969632867,1,0.000178571428571429,0.000116235431842073,"女性 | 60歲及以上 | 高中、職 | 花東區 | 大陸各省市 | 09 | 00 | 05"
"女性","60歲及以上","高中、職","花東區","本省客家人","06","01","02",1,0.581372734,1,0.000178571428571429,0.000104289598473798,"女性 | 60歲及以上 | 高中、職 | 花東區 | 本省客家人 | 06 | 01 | 02"
"女性","60歲及以上","高中、職","花東區","本省客家人","08","02","01",1,1.003122591,1,0.000178571428571429,0.000179945233268173,"女性 | 60歲及以上 | 高中、職 | 花東區 | 本省客家人 | 08 | 02 | 01"
"女性","60歲及以上","高中、職","花東區","本省客家人","08","05","04",1,1.003122591,1,0.000178571428571429,0.000179945233268173,"女性 | 60歲及以上 | 高中、職 | 花東區 | 本省客家人 | 08 | 05 | 04"
"女性","60歲及以上","高中、職","花東區","本省閩南人","03","08","01",1,0.804531259,1,0.000178571428571429,0.000144320909897933,"女性 | 60歲及以上 | 高中、職 | 花東區 | 本省閩南人 | 03 | 08 | 01"
"女性","60歲及以上","高中、職","花東區","本省閩南人","05","05","03",1,0.581372734,1,0.000178571428571429,0.000104289598473798,"女性 | 60歲及以上 | 高中、職 | 花東區 | 本省閩南人 | 05 | 05 | 03"
"女性","60歲及以上","高中、職","花東區","本省閩南人","05","10","02",1,1.003122591,1,0.000178571428571429,0.000179945233268173,"女性 | 60歲及以上 | 高中、職 | 花東區 | 本省閩南人 | 05 | 10 | 02"
"女性","60歲及以上","高中、職","花東區","本省閩南人","06","01","03",1,0.647965969632867,1,0.000178571428571429,0.000116235431842073,"女性 | 60歲及以上 | 高中、職 | 花東區 | 本省閩南人 | 06 | 01 | 03"
"女性","60歲及以上","高中、職","花東區","本省閩南人","08","08","08",1,0.581372734,1,0.000178571428571429,0.000104289598473798,"女性 | 60歲及以上 | 高中、職 | 花東區 | 本省閩南人 | 08 | 08 | 08"
"女性","60歲及以上","高中、職","雲嘉南區","原住民","06","05","04",1,0.731277189,1,0.000178571428571429,0.000131180222177151,"女性 | 60歲及以上 | 高中、職 | 雲嘉南區 | 原住民 | 06 | 05 | 04"
"女性","60歲及以上","高中、職","雲嘉南區","大陸各省市","10","05","05",1,0.721839669,1,0.000178571428571429,0.000129487271830793,"女性 | 60歲及以上 | 高中、職 | 雲嘉南區 | 大陸各省市 | 10 | 05 | 05"
"女性","60歲及以上","高中、職","雲嘉南區","本省客家人","03","08","06",1,0.731277189,1,0.000178571428571429,0.000131180222177151,"女性 | 60歲及以上 | 高中、職 | 雲嘉南區 | 本省客家人 | 03 | 08 | 06"
"女性","60歲及以上","高中、職","雲嘉南區","本省客家人","08","02","05",1,0.721839669,1,0.000178571428571429,0.000129487271830793,"女性 | 60歲及以上 | 高中、職 | 雲嘉南區 | 本省客家人 | 08 | 02 | 05"
"女性","60歲及以上","高中、職","雲嘉南區","本省閩南人","00","05","01",1,0.721839669,1,0.000178571428571429,0.000129487271830793,"女性 | 60歲及以上 | 高中、職 | 雲嘉南區 | 本省閩南人 | 00 | 05 | 01"
"女性","60歲及以上","高中、職","雲嘉南區","本省閩南人","00","08","00",1,0.721839669,1,0.000178571428571429,0.000129487271830793,"女性 | 60歲及以上 | 高中、職 | 雲嘉南區 | 本省閩南人 | 00 | 08 | 00"
"女性","60歲及以上","高中、職","雲嘉南區","本省閩南人","01","07","01",1,0.721839669,1,0.000178571428571429,0.000129487271830793,"女性 | 60歲及以上 | 高中、職 | 雲嘉南區 | 本省閩南人 | 01 | 07 | 01"
"女性","60歲及以上","高中、職","雲嘉南區","本省閩南人","01","09","00",1,0.721839669,1,0.000178571428571429,0.000129487271830793,"女性 | 60歲及以上 | 高中、職 | 雲嘉南區 | 本省閩南人 | 01 | 09 | 00"
"女性","60歲及以上","高中、職","雲嘉南區","本省閩南人","02","02","00",1,0.721839669,1,0.000178571428571429,0.000129487271830793,"女性 | 60歲及以上 | 高中、職 | 雲嘉南區 | 本省閩南人 | 02 | 02 | 00"
"女性","60歲及以上","高中、職","雲嘉南區","本省閩南人","03","05","01",1,0.818459864,1,0.000178571428571429,0.000146819493917785,"女性 | 60歲及以上 | 高中、職 | 雲嘉南區 | 本省閩南人 | 03 | 05 | 01"
"女性","60歲及以上","高中、職","雲嘉南區","本省閩南人","03","08","03",1,0.721839669,1,0.000178571428571429,0.000129487271830793,"女性 | 60歲及以上 | 高中、職 | 雲嘉南區 | 本省閩南人 | 03 | 08 | 03"
"女性","60歲及以上","高中、職","雲嘉南區","本省閩南人","04","06","04",1,0.731277189,1,0.000178571428571429,0.000131180222177151,"女性 | 60歲及以上 | 高中、職 | 雲嘉南區 | 本省閩南人 | 04 | 06 | 04"
"女性","60歲及以上","高中、職","雲嘉南區","本省閩南人","05","03","03",1,0.721839669,1,0.000178571428571429,0.000129487271830793,"女性 | 60歲及以上 | 高中、職 | 雲嘉南區 | 本省閩南人 | 05 | 03 | 03"
"女性","60歲及以上","高中、職","雲嘉南區","本省閩南人","05","03","04",1,0.721839669,1,0.000178571428571429,0.000129487271830793,"女性 | 60歲及以上 | 高中、職 | 雲嘉南區 | 本省閩南人 | 05 | 03 | 04"
"女性","60歲及以上","高中、職","雲嘉南區","本省閩南人","05","05","00",1,0.731277189,1,0.000178571428571429,0.000131180222177151,"女性 | 60歲及以上 | 高中、職 | 雲嘉南區 | 本省閩南人 | 05 | 05 | 00"
"女性","60歲及以上","高中、職","雲嘉南區","本省閩南人","05","05","02",1,0.721839669,1,0.000178571428571429,0.000129487271830793,"女性 | 60歲及以上 | 高中、職 | 雲嘉南區 | 本省閩南人 | 05 | 05 | 02"
"女性","60歲及以上","高中、職","雲嘉南區","本省閩南人","05","05","03",1,0.721839669,1,0.000178571428571429,0.000129487271830793,"女性 | 60歲及以上 | 高中、職 | 雲嘉南區 | 本省閩南人 | 05 | 05 | 03"
"女性","60歲及以上","高中、職","雲嘉南區","本省閩南人","06","01","02",1,0.721839669,1,0.000178571428571429,0.000129487271830793,"女性 | 60歲及以上 | 高中、職 | 雲嘉南區 | 本省閩南人 | 06 | 01 | 02"
"女性","60歲及以上","高中、職","雲嘉南區","本省閩南人","06","02","07",1,0.731277189,1,0.000178571428571429,0.000131180222177151,"女性 | 60歲及以上 | 高中、職 | 雲嘉南區 | 本省閩南人 | 06 | 02 | 07"
"女性","60歲及以上","高中、職","雲嘉南區","本省閩南人","06","03","04",1,0.721839669,1,0.000178571428571429,0.000129487271830793,"女性 | 60歲及以上 | 高中、職 | 雲嘉南區 | 本省閩南人 | 06 | 03 | 04"
"女性","60歲及以上","高中、職","雲嘉南區","本省閩南人","07","02","02",1,0.731277189,1,0.000178571428571429,0.000131180222177151,"女性 | 60歲及以上 | 高中、職 | 雲嘉南區 | 本省閩南人 | 07 | 02 | 02"
"女性","60歲及以上","高中、職","雲嘉南區","本省閩南人","07","05","05",1,0.731277189,1,0.000178571428571429,0.000131180222177151,"女性 | 60歲及以上 | 高中、職 | 雲嘉南區 | 本省閩南人 | 07 | 05 | 05"
"女性","60歲及以上","高中、職","雲嘉南區","本省閩南人","07","08","04",1,0.589835045,1,0.000178571428571429,0.000105807610868838,"女性 | 60歲及以上 | 高中、職 | 雲嘉南區 | 本省閩南人 | 07 | 08 | 04"
"女性","60歲及以上","高中、職","雲嘉南區","本省閩南人","07","08","06",1,0.818459864,1,0.000178571428571429,0.000146819493917785,"女性 | 60歲及以上 | 高中、職 | 雲嘉南區 | 本省閩南人 | 07 | 08 | 06"
"女性","60歲及以上","高中、職","雲嘉南區","本省閩南人","08","00","03",1,0.721839669,1,0.000178571428571429,0.000129487271830793,"女性 | 60歲及以上 | 高中、職 | 雲嘉南區 | 本省閩南人 | 08 | 00 | 03"
"女性","60歲及以上","高中、職","雲嘉南區","本省閩南人","08","02","05",1,1.011976179,1,0.000178571428571429,0.000181533434921903,"女性 | 60歲及以上 | 高中、職 | 雲嘉南區 | 本省閩南人 | 08 | 02 | 05"
"女性","60歲及以上","高中、職","雲嘉南區","本省閩南人","08","03","00",1,0.721839669,1,0.000178571428571429,0.000129487271830793,"女性 | 60歲及以上 | 高中、職 | 雲嘉南區 | 本省閩南人 | 08 | 03 | 00"
"女性","60歲及以上","高中、職","雲嘉南區","本省閩南人","08","04","01",1,0.731277189,1,0.000178571428571429,0.000131180222177151,"女性 | 60歲及以上 | 高中、職 | 雲嘉南區 | 本省閩南人 | 08 | 04 | 01"
"女性","60歲及以上","高中、職","雲嘉南區","本省閩南人","08","07","07",1,0.731277189,1,0.000178571428571429,0.000131180222177151,"女性 | 60歲及以上 | 高中、職 | 雲嘉南區 | 本省閩南人 | 08 | 07 | 07"
"女性","60歲及以上","高中、職","雲嘉南區","本省閩南人","09","03","00",1,0.818459864,1,0.000178571428571429,0.000146819493917785,"女性 | 60歲及以上 | 高中、職 | 雲嘉南區 | 本省閩南人 | 09 | 03 | 00"
"女性","60歲及以上","高中、職","雲嘉南區","本省閩南人","10","00","05",1,0.731277189,1,0.000178571428571429,0.000131180222177151,"女性 | 60歲及以上 | 高中、職 | 雲嘉南區 | 本省閩南人 | 10 | 00 | 05"
"女性","60歲及以上","高中、職","雲嘉南區","本省閩南人","10","02","00",1,0.731277189,1,0.000178571428571429,0.000131180222177151,"女性 | 60歲及以上 | 高中、職 | 雲嘉南區 | 本省閩南人 | 10 | 02 | 00"
"女性","60歲及以上","高中、職","高屏區","大陸各省市","05","03","02",1,0.916538617,1,0.000178571428571429,0.000164413359558517,"女性 | 60歲及以上 | 高中、職 | 高屏區 | 大陸各省市 | 05 | 03 | 02"
"女性","60歲及以上","高中、職","高屏區","大陸各省市","05","07","04",1,1.03386477300447,1,0.000178571428571429,0.00018545992226192,"女性 | 60歲及以上 | 高中、職 | 高屏區 | 大陸各省市 | 05 | 07 | 04"
"女性","60歲及以上","高中、職","高屏區","大陸各省市","06","00","05",1,1.03386477300447,1,0.000178571428571429,0.00018545992226192,"女性 | 60歲及以上 | 高中、職 | 高屏區 | 大陸各省市 | 06 | 00 | 05"
"女性","60歲及以上","高中、職","高屏區","大陸各省市","07","03","03",1,0.916538617,1,0.000178571428571429,0.000164413359558517,"女性 | 60歲及以上 | 高中、職 | 高屏區 | 大陸各省市 | 07 | 03 | 03"
"女性","60歲及以上","高中、職","高屏區","大陸各省市","08","04","05",1,0.916538617,1,0.000178571428571429,0.000164413359558517,"女性 | 60歲及以上 | 高中、職 | 高屏區 | 大陸各省市 | 08 | 04 | 05"
"女性","60歲及以上","高中、職","高屏區","大陸各省市","10","00","02",1,0.757527167,1,0.000178571428571429,0.00013588907676469,"女性 | 60歲及以上 | 高中、職 | 高屏區 | 大陸各省市 | 10 | 00 | 02"
"女性","60歲及以上","高中、職","高屏區","本省客家人","01","10","01",1,0.949909823,1,0.000178571428571429,0.000170399656250453,"女性 | 60歲及以上 | 高中、職 | 高屏區 | 本省客家人 | 01 | 10 | 01"
"女性","60歲及以上","高中、職","高屏區","本省客家人","06","07","05",1,0.757527167,1,0.000178571428571429,0.00013588907676469,"女性 | 60歲及以上 | 高中、職 | 高屏區 | 本省客家人 | 06 | 07 | 05"
"女性","60歲及以上","高中、職","高屏區","本省閩南人","01","07","01",1,1.03386477300447,1,0.000178571428571429,0.00018545992226192,"女性 | 60歲及以上 | 高中、職 | 高屏區 | 本省閩南人 | 01 | 07 | 01"
"女性","60歲及以上","高中、職","高屏區","本省閩南人","01","08","02",1,1.03386477300447,1,0.000178571428571429,0.00018545992226192,"女性 | 60歲及以上 | 高中、職 | 高屏區 | 本省閩南人 | 01 | 08 | 02"
"女性","60歲及以上","高中、職","高屏區","本省閩南人","02","09","02",1,1.03386477300447,1,0.000178571428571429,0.00018545992226192,"女性 | 60歲及以上 | 高中、職 | 高屏區 | 本省閩南人 | 02 | 09 | 02"
"女性","60歲及以上","高中、職","高屏區","本省閩南人","03","05","03",1,1.03386477300447,1,0.000178571428571429,0.00018545992226192,"女性 | 60歲及以上 | 高中、職 | 高屏區 | 本省閩南人 | 03 | 05 | 03"
"女性","60歲及以上","高中、職","高屏區","本省閩南人","03","06","00",1,0.916538617,1,0.000178571428571429,0.000164413359558517,"女性 | 60歲及以上 | 高中、職 | 高屏區 | 本省閩南人 | 03 | 06 | 00"
"女性","60歲及以上","高中、職","高屏區","本省閩南人","03","06","01",1,1.03386477300447,1,0.000178571428571429,0.00018545992226192,"女性 | 60歲及以上 | 高中、職 | 高屏區 | 本省閩南人 | 03 | 06 | 01"
"女性","60歲及以上","高中、職","高屏區","本省閩南人","03","09","02",1,0.916538617,1,0.000178571428571429,0.000164413359558517,"女性 | 60歲及以上 | 高中、職 | 高屏區 | 本省閩南人 | 03 | 09 | 02"
"女性","60歲及以上","高中、職","高屏區","本省閩南人","03","10","00",1,0.916538617,1,0.000178571428571429,0.000164413359558517,"女性 | 60歲及以上 | 高中、職 | 高屏區 | 本省閩南人 | 03 | 10 | 00"
"女性","60歲及以上","高中、職","高屏區","本省閩南人","04","07","02",1,1.03386477300447,1,0.000178571428571429,0.00018545992226192,"女性 | 60歲及以上 | 高中、職 | 高屏區 | 本省閩南人 | 04 | 07 | 02"
"女性","60歲及以上","高中、職","高屏區","本省閩南人","04","08","02",1,1.03386477300447,1,0.000178571428571429,0.00018545992226192,"女性 | 60歲及以上 | 高中、職 | 高屏區 | 本省閩南人 | 04 | 08 | 02"
"女性","60歲及以上","高中、職","高屏區","本省閩南人","04","08","04",1,0.916538617,1,0.000178571428571429,0.000164413359558517,"女性 | 60歲及以上 | 高中、職 | 高屏區 | 本省閩南人 | 04 | 08 | 04"
"女性","60歲及以上","高中、職","高屏區","本省閩南人","05","00","00",1,0.757527167,1,0.000178571428571429,0.00013588907676469,"女性 | 60歲及以上 | 高中、職 | 高屏區 | 本省閩南人 | 05 | 00 | 00"
"女性","60歲及以上","高中、職","高屏區","本省閩南人","05","02","08",1,1.03386477300447,1,0.000178571428571429,0.00018545992226192,"女性 | 60歲及以上 | 高中、職 | 高屏區 | 本省閩南人 | 05 | 02 | 08"
"女性","60歲及以上","高中、職","高屏區","本省閩南人","05","03","01",1,1.03386477300447,1,0.000178571428571429,0.00018545992226192,"女性 | 60歲及以上 | 高中、職 | 高屏區 | 本省閩南人 | 05 | 03 | 01"
"女性","60歲及以上","高中、職","高屏區","本省閩南人","05","06","03",1,0.916538617,1,0.000178571428571429,0.000164413359558517,"女性 | 60歲及以上 | 高中、職 | 高屏區 | 本省閩南人 | 05 | 06 | 03"
"女性","60歲及以上","高中、職","高屏區","本省閩南人","05","07","03",1,1.03386477300447,1,0.000178571428571429,0.00018545992226192,"女性 | 60歲及以上 | 高中、職 | 高屏區 | 本省閩南人 | 05 | 07 | 03"
"女性","60歲及以上","高中、職","高屏區","本省閩南人","06","06","05",1,1.03386477300447,1,0.000178571428571429,0.00018545992226192,"女性 | 60歲及以上 | 高中、職 | 高屏區 | 本省閩南人 | 06 | 06 | 05"
"女性","60歲及以上","高中、職","高屏區","本省閩南人","07","04","03",1,0.757527167,1,0.000178571428571429,0.00013588907676469,"女性 | 60歲及以上 | 高中、職 | 高屏區 | 本省閩南人 | 07 | 04 | 03"
"女性","60歲及以上","高中、職","高屏區","本省閩南人","07","06","06",1,1.03386477300447,1,0.000178571428571429,0.00018545992226192,"女性 | 60歲及以上 | 高中、職 | 高屏區 | 本省閩南人 | 07 | 06 | 06"
"女性","60歲及以上","高中、職","高屏區","本省閩南人","08","00","05",1,0.757527167,1,0.000178571428571429,0.00013588907676469,"女性 | 60歲及以上 | 高中、職 | 高屏區 | 本省閩南人 | 08 | 00 | 05"
"女性","60歲及以上","高中、職","高屏區","本省閩南人","08","05","03",1,0.757527167,1,0.000178571428571429,0.00013588907676469,"女性 | 60歲及以上 | 高中、職 | 高屏區 | 本省閩南人 | 08 | 05 | 03"
"女性","60歲及以上","高中、職","高屏區","本省閩南人","08","05","04",1,1.048302148,1,0.000178571428571429,0.000188049772031689,"女性 | 60歲及以上 | 高中、職 | 高屏區 | 本省閩南人 | 08 | 05 | 04"
"女性","60歲及以上","高中、職","高屏區","本省閩南人","10","01","05",1,0.916538617,1,0.000178571428571429,0.000164413359558517,"女性 | 60歲及以上 | 高中、職 | 高屏區 | 本省閩南人 | 10 | 01 | 05"
"男性","18至19歲","國、初中","中彰投區","本省閩南人","04","05","05",1,1.94793180985924,1,0.000178571428571429,0.000349429917201033,"男性 | 18至19歲 | 國、初中 | 中彰投區 | 本省閩南人 | 04 | 05 | 05"
"男性","18至19歲","大學及以上","中彰投區","本省閩南人","01","06","02",1,1.18863000160881,1,0.000178571428571429,0.000213222496261224,"男性 | 18至19歲 | 大學及以上 | 中彰投區 | 本省閩南人 | 01 | 06 | 02"
"男性","18至19歲","大學及以上","中彰投區","本省閩南人","06","04","06",1,1.18863000160881,1,0.000178571428571429,0.000213222496261224,"男性 | 18至19歲 | 大學及以上 | 中彰投區 | 本省閩南人 | 06 | 04 | 06"
"男性","18至19歲","大學及以上","北北基宜蘭區","大陸各省市","00","00","00",1,1.16082685746696,1,0.000178571428571429,0.000208235026830188,"男性 | 18至19歲 | 大學及以上 | 北北基宜蘭區 | 大陸各省市 | 00 | 00 | 00"
"男性","18至19歲","大學及以上","北北基宜蘭區","大陸各省市","02","01","01",1,1.16082685746696,1,0.000178571428571429,0.000208235026830188,"男性 | 18至19歲 | 大學及以上 | 北北基宜蘭區 | 大陸各省市 | 02 | 01 | 01"
"男性","18至19歲","大學及以上","北北基宜蘭區","本省閩南人","05","05","05",1,1.16082685746696,1,0.000178571428571429,0.000208235026830188,"男性 | 18至19歲 | 大學及以上 | 北北基宜蘭區 | 本省閩南人 | 05 | 05 | 05"
"男性","18至19歲","大學及以上","桃竹苗區","本省閩南人","05","03","05",1,1.09286430017743,1,0.000178571428571429,0.000196043557577387,"男性 | 18至19歲 | 大學及以上 | 桃竹苗區 | 本省閩南人 | 05 | 03 | 05"
"男性","18至19歲","大學及以上","花東區","原住民","06","03","06",1,0.919322676299252,1,0.000178571428571429,0.000164912778278154,"男性 | 18至19歲 | 大學及以上 | 花東區 | 原住民 | 06 | 03 | 06"
"男性","18至19歲","大學及以上","花東區","本省客家人","07","04","05",1,0.919322676299252,1,0.000178571428571429,0.000164912778278154,"男性 | 18至19歲 | 大學及以上 | 花東區 | 本省客家人 | 07 | 04 | 05"
"男性","18至19歲","大學及以上","雲嘉南區","本省客家人","06","07","04",1,1.02413337584623,1,0.000178571428571429,0.000183714254735961,"男性 | 18至19歲 | 大學及以上 | 雲嘉南區 | 本省客家人 | 06 | 07 | 04"
"男性","18至19歲","大學及以上","雲嘉南區","本省閩南人","03","03","04",1,1.02413337584623,1,0.000178571428571429,0.000183714254735961,"男性 | 18至19歲 | 大學及以上 | 雲嘉南區 | 本省閩南人 | 03 | 03 | 04"
"男性","18至19歲","大學及以上","雲嘉南區","本省閩南人","04","04","03",1,1.02413337584623,1,0.000178571428571429,0.000183714254735961,"男性 | 18至19歲 | 大學及以上 | 雲嘉南區 | 本省閩南人 | 04 | 04 | 03"
"男性","18至19歲","大學及以上","雲嘉南區","本省閩南人","04","04","05",1,1.02413337584623,1,0.000178571428571429,0.000183714254735961,"男性 | 18至19歲 | 大學及以上 | 雲嘉南區 | 本省閩南人 | 04 | 04 | 05"
"男性","18至19歲","大學及以上","雲嘉南區","本省閩南人","04","06","07",1,1.02413337584623,1,0.000178571428571429,0.000183714254735961,"男性 | 18至19歲 | 大學及以上 | 雲嘉南區 | 本省閩南人 | 04 | 06 | 07"
"男性","18至19歲","大學及以上","雲嘉南區","本省閩南人","05","04","08",1,1.02413337584623,1,0.000178571428571429,0.000183714254735961,"男性 | 18至19歲 | 大學及以上 | 雲嘉南區 | 本省閩南人 | 05 | 04 | 08"
"男性","18至19歲","大學及以上","高屏區","本省閩南人","04","05","05",1,1.46682908454052,1,0.000178571428571429,0.000263127262959014,"男性 | 18至19歲 | 大學及以上 | 高屏區 | 本省閩南人 | 04 | 05 | 05"
"男性","18至19歲","專科","中彰投區","本省閩南人","06","03","05",1,1.28645346298888,1,0.000178571428571429,0.000230770566392501,"男性 | 18至19歲 | 專科 | 中彰投區 | 本省閩南人 | 06 | 03 | 05"
"男性","18至19歲","專科","高屏區","本省閩南人","05","04","05",1,1.58754814607228,1,0.000178571428571429,0.000284782462315648,"男性 | 18至19歲 | 專科 | 高屏區 | 本省閩南人 | 05 | 04 | 05"
"男性","18至19歲","高中、職","中彰投區","本省閩南人","05","05","05",1,1.65446934700193,1,0.000178571428571429,0.000296787127767223,"男性 | 18至19歲 | 高中、職 | 中彰投區 | 本省閩南人 | 05 | 05 | 05"
"男性","18至19歲","高中、職","中彰投區","本省閩南人","05","06","08",1,1.65446934700193,1,0.000178571428571429,0.000296787127767223,"男性 | 18至19歲 | 高中、職 | 中彰投區 | 本省閩南人 | 05 | 06 | 08"
"男性","18至19歲","高中、職","北北基宜蘭區","本省閩南人","02","08","01",1,1.61576979401176,1,0.000178571428571429,0.000289845005086835,"男性 | 18至19歲 | 高中、職 | 北北基宜蘭區 | 本省閩南人 | 02 | 08 | 01"
"男性","18至19歲","高中、職","北北基宜蘭區","本省閩南人","04","06","05",1,1.61576979401176,1,0.000178571428571429,0.000289845005086835,"男性 | 18至19歲 | 高中、職 | 北北基宜蘭區 | 本省閩南人 | 04 | 06 | 05"
"男性","18至19歲","高中、職","北北基宜蘭區","本省閩南人","05","04","05",1,1.61576979401176,1,0.000178571428571429,0.000289845005086835,"男性 | 18至19歲 | 高中、職 | 北北基宜蘭區 | 本省閩南人 | 05 | 04 | 05"
"男性","18至19歲","高中、職","北北基宜蘭區","本省閩南人","05","05","05",1,1.61576979401176,1,0.000178571428571429,0.000289845005086835,"男性 | 18至19歲 | 高中、職 | 北北基宜蘭區 | 本省閩南人 | 05 | 05 | 05"
"男性","18至19歲","高中、職","北北基宜蘭區","本省閩南人","06","05","05",1,1.61576979401176,1,0.000178571428571429,0.000289845005086835,"男性 | 18至19歲 | 高中、職 | 北北基宜蘭區 | 本省閩南人 | 06 | 05 | 05"
"男性","18至19歲","高中、職","北北基宜蘭區","本省閩南人","06","06","07",1,1.61576979401176,1,0.000178571428571429,0.000289845005086835,"男性 | 18至19歲 | 高中、職 | 北北基宜蘭區 | 本省閩南人 | 06 | 06 | 07"
"男性","18至19歲","高中、職","桃竹苗區","本省客家人","00","08","01",1,1.5211718386958,1,0.000178571428571429,0.000272875542641519,"男性 | 18至19歲 | 高中、職 | 桃竹苗區 | 本省客家人 | 00 | 08 | 01"
"男性","18至19歲","高中、職","桃竹苗區","本省客家人","04","09","10",1,1.5211718386958,1,0.000178571428571429,0.000272875542641519,"男性 | 18至19歲 | 高中、職 | 桃竹苗區 | 本省客家人 | 04 | 09 | 10"
"男性","18至19歲","高中、職","雲嘉南區","本省閩南人","04","04","05",1,1.42550438343793,1,0.000178571428571429,0.000255714227856066,"男性 | 18至19歲 | 高中、職 | 雲嘉南區 | 本省閩南人 | 04 | 04 | 05"
"男性","20至29歲","國、初中","中彰投區","本省閩南人","00","00","10",1,1.3223803,1,0.000178571428571429,0.000237215305175733,"男性 | 20至29歲 | 國、初中 | 中彰投區 | 本省閩南人 | 00 | 00 | 10"
"男性","20至29歲","國、初中","北北基宜蘭區","本省閩南人","05","04","07",1,2.29797432809169,1,0.000178571428571429,0.00041222232479134,"男性 | 20至29歲 | 國、初中 | 北北基宜蘭區 | 本省閩南人 | 05 | 04 | 07"
"男性","20至29歲","國、初中","高屏區","本省閩南人","05","05","05",1,2.90373672722185,1,0.000178571428571429,0.000520887065466655,"男性 | 20至29歲 | 國、初中 | 高屏區 | 本省閩南人 | 05 | 05 | 05"
"男性","20至29歲","大學及以上","中彰投區","外國新住民","03","06","04",1,1.038875205,1,0.000178571428571429,0.000186358719041396,"男性 | 20至29歲 | 大學及以上 | 中彰投區 | 外國新住民 | 03 | 06 | 04"
"男性","20至29歲","大學及以上","中彰投區","大陸各省市","06","04","05",1,1.038875205,1,0.000178571428571429,0.000186358719041396,"男性 | 20至29歲 | 大學及以上 | 中彰投區 | 大陸各省市 | 06 | 04 | 05"
"男性","20至29歲","大學及以上","中彰投區","本省客家人","04","04","06",1,1.658213845,1,0.000178571428571429,0.000297458834866415,"男性 | 20至29歲 | 大學及以上 | 中彰投區 | 本省客家人 | 04 | 04 | 06"
"男性","20至29歲","大學及以上","中彰投區","本省客家人","04","05","06",1,1.038875205,1,0.000178571428571429,0.000186358719041396,"男性 | 20至29歲 | 大學及以上 | 中彰投區 | 本省客家人 | 04 | 05 | 06"
"男性","20至29歲","大學及以上","中彰投區","本省客家人","06","01","06",1,1.43581124747336,1,0.000178571428571429,0.000257563125557862,"男性 | 20至29歲 | 大學及以上 | 中彰投區 | 本省客家人 | 06 | 01 | 06"
"男性","20至29歲","大學及以上","中彰投區","本省閩南人","00","00","05",1,1.057012908,1,0.000178571428571429,0.000189612352472211,"男性 | 20至29歲 | 大學及以上 | 中彰投區 | 本省閩南人 | 00 | 00 | 05"
"男性","20至29歲","大學及以上","中彰投區","本省閩南人","00","03","00",1,1.43581124747336,1,0.000178571428571429,0.000257563125557862,"男性 | 20至29歲 | 大學及以上 | 中彰投區 | 本省閩南人 | 00 | 03 | 00"
"男性","20至29歲","大學及以上","中彰投區","本省閩南人","00","06","00",1,1.43581124747336,1,0.000178571428571429,0.000257563125557862,"男性 | 20至29歲 | 大學及以上 | 中彰投區 | 本省閩南人 | 00 | 06 | 00"
"男性","20至29歲","大學及以上","中彰投區","本省閩南人","00","06","05",1,1.038875205,1,0.000178571428571429,0.000186358719041396,"男性 | 20至29歲 | 大學及以上 | 中彰投區 | 本省閩南人 | 00 | 06 | 05"
"男性","20至29歲","大學及以上","中彰投區","本省閩南人","01","03","06",1,1.057012908,1,0.000178571428571429,0.000189612352472211,"男性 | 20至29歲 | 大學及以上 | 中彰投區 | 本省閩南人 | 01 | 03 | 06"
"男性","20至29歲","大學及以上","中彰投區","本省閩南人","01","06","08",1,1.057012908,1,0.000178571428571429,0.000189612352472211,"男性 | 20至29歲 | 大學及以上 | 中彰投區 | 本省閩南人 | 01 | 06 | 08"
"男性","20至29歲","大學及以上","中彰投區","本省閩南人","02","01","05",1,1.43581124747336,1,0.000178571428571429,0.000257563125557862,"男性 | 20至29歲 | 大學及以上 | 中彰投區 | 本省閩南人 | 02 | 01 | 05"
"男性","20至29歲","大學及以上","中彰投區","本省閩南人","02","02","00",1,1.038875205,1,0.000178571428571429,0.000186358719041396,"男性 | 20至29歲 | 大學及以上 | 中彰投區 | 本省閩南人 | 02 | 02 | 00"
"男性","20至29歲","大學及以上","中彰投區","本省閩南人","02","02","05",1,1.43581124747336,1,0.000178571428571429,0.000257563125557862,"男性 | 20至29歲 | 大學及以上 | 中彰投區 | 本省閩南人 | 02 | 02 | 05"
"男性","20至29歲","大學及以上","中彰投區","本省閩南人","02","03","03",1,1.43581124747336,1,0.000178571428571429,0.000257563125557862,"男性 | 20至29歲 | 大學及以上 | 中彰投區 | 本省閩南人 | 02 | 03 | 03"
"男性","20至29歲","大學及以上","中彰投區","本省閩南人","02","05","08",1,1.3223803,1,0.000178571428571429,0.000237215305175733,"男性 | 20至29歲 | 大學及以上 | 中彰投區 | 本省閩南人 | 02 | 05 | 08"
"男性","20至29歲","大學及以上","中彰投區","本省閩南人","02","06","00",1,1.057012908,1,0.000178571428571429,0.000189612352472211,"男性 | 20至29歲 | 大學及以上 | 中彰投區 | 本省閩南人 | 02 | 06 | 00"
"男性","20至29歲","大學及以上","中彰投區","本省閩南人","02","06","09",1,1.3223803,1,0.000178571428571429,0.000237215305175733,"男性 | 20至29歲 | 大學及以上 | 中彰投區 | 本省閩南人 | 02 | 06 | 09"
"男性","20至29歲","大學及以上","中彰投區","本省閩南人","02","07","05",1,1.43581124747336,1,0.000178571428571429,0.000257563125557862,"男性 | 20至29歲 | 大學及以上 | 中彰投區 | 本省閩南人 | 02 | 07 | 05"
"男性","20至29歲","大學及以上","中彰投區","本省閩南人","03","00","05",1,1.038875205,1,0.000178571428571429,0.000186358719041396,"男性 | 20至29歲 | 大學及以上 | 中彰投區 | 本省閩南人 | 03 | 00 | 05"
"男性","20至29歲","大學及以上","中彰投區","本省閩南人","03","02","08",1,1.057012908,1,0.000178571428571429,0.000189612352472211,"男性 | 20至29歲 | 大學及以上 | 中彰投區 | 本省閩南人 | 03 | 02 | 08"
"男性","20至29歲","大學及以上","中彰投區","本省閩南人","03","03","04",1,1.43581124747336,1,0.000178571428571429,0.000257563125557862,"男性 | 20至29歲 | 大學及以上 | 中彰投區 | 本省閩南人 | 03 | 03 | 04"
"男性","20至29歲","大學及以上","中彰投區","本省閩南人","03","04","05",1,1.43581124747336,1,0.000178571428571429,0.000257563125557862,"男性 | 20至29歲 | 大學及以上 | 中彰投區 | 本省閩南人 | 03 | 04 | 05"
"男性","20至29歲","大學及以上","中彰投區","本省閩南人","03","05","06",1,1.038875205,1,0.000178571428571429,0.000186358719041396,"男性 | 20至29歲 | 大學及以上 | 中彰投區 | 本省閩南人 | 03 | 05 | 06"
"男性","20至29歲","大學及以上","中彰投區","本省閩南人","03","05","07",1,1.057012908,1,0.000178571428571429,0.000189612352472211,"男性 | 20至29歲 | 大學及以上 | 中彰投區 | 本省閩南人 | 03 | 05 | 07"
"男性","20至29歲","大學及以上","中彰投區","本省閩南人","03","07","07",1,1.43581124747336,1,0.000178571428571429,0.000257563125557862,"男性 | 20至29歲 | 大學及以上 | 中彰投區 | 本省閩南人 | 03 | 07 | 07"
"男性","20至29歲","大學及以上","中彰投區","本省閩南人","04","02","04",1,1.057012908,1,0.000178571428571429,0.000189612352472211,"男性 | 20至29歲 | 大學及以上 | 中彰投區 | 本省閩南人 | 04 | 02 | 04"
"男性","20至29歲","大學及以上","中彰投區","本省閩南人","04","03","08",1,1.43581124747336,1,0.000178571428571429,0.000257563125557862,"男性 | 20至29歲 | 大學及以上 | 中彰投區 | 本省閩南人 | 04 | 03 | 08"
"男性","20至29歲","大學及以上","中彰投區","本省閩南人","04","04","05",1,1.057012908,1,0.000178571428571429,0.000189612352472211,"男性 | 20至29歲 | 大學及以上 | 中彰投區 | 本省閩南人 | 04 | 04 | 05"
"男性","20至29歲","大學及以上","中彰投區","本省閩南人","04","06","04",1,1.43581124747336,1,0.000178571428571429,0.000257563125557862,"男性 | 20至29歲 | 大學及以上 | 中彰投區 | 本省閩南人 | 04 | 06 | 04"
"男性","20至29歲","大學及以上","中彰投區","本省閩南人","04","07","08",1,1.038875205,1,0.000178571428571429,0.000186358719041396,"男性 | 20至29歲 | 大學及以上 | 中彰投區 | 本省閩南人 | 04 | 07 | 08"
"男性","20至29歲","大學及以上","中彰投區","本省閩南人","05","00","06",1,1.43581124747336,1,0.000178571428571429,0.000257563125557862,"男性 | 20至29歲 | 大學及以上 | 中彰投區 | 本省閩南人 | 05 | 00 | 06"
"男性","20至29歲","大學及以上","中彰投區","本省閩南人","05","05","06",1,1.057012908,1,0.000178571428571429,0.000189612352472211,"男性 | 20至29歲 | 大學及以上 | 中彰投區 | 本省閩南人 | 05 | 05 | 06"
"男性","20至29歲","大學及以上","中彰投區","本省閩南人","05","05","07",1,1.038875205,1,0.000178571428571429,0.000186358719041396,"男性 | 20至29歲 | 大學及以上 | 中彰投區 | 本省閩南人 | 05 | 05 | 07"
"男性","20至29歲","大學及以上","中彰投區","本省閩南人","05","06","07",1,1.057012908,1,0.000178571428571429,0.000189612352472211,"男性 | 20至29歲 | 大學及以上 | 中彰投區 | 本省閩南人 | 05 | 06 | 07"
"男性","20至29歲","大學及以上","中彰投區","本省閩南人","05","09","07",1,1.038875205,1,0.000178571428571429,0.000186358719041396,"男性 | 20至29歲 | 大學及以上 | 中彰投區 | 本省閩南人 | 05 | 09 | 07"
"男性","20至29歲","大學及以上","中彰投區","本省閩南人","06","03","08",1,1.057012908,1,0.000178571428571429,0.000189612352472211,"男性 | 20至29歲 | 大學及以上 | 中彰投區 | 本省閩南人 | 06 | 03 | 08"
"男性","20至29歲","大學及以上","中彰投區","本省閩南人","06","04","07",1,1.038875205,1,0.000178571428571429,0.000186358719041396,"男性 | 20至29歲 | 大學及以上 | 中彰投區 | 本省閩南人 | 06 | 04 | 07"
"男性","20至29歲","大學及以上","中彰投區","本省閩南人","06","04","08",1,1.038875205,1,0.000178571428571429,0.000186358719041396,"男性 | 20至29歲 | 大學及以上 | 中彰投區 | 本省閩南人 | 06 | 04 | 08"
"男性","20至29歲","大學及以上","中彰投區","本省閩南人","06","05","08",1,1.038875205,1,0.000178571428571429,0.000186358719041396,"男性 | 20至29歲 | 大學及以上 | 中彰投區 | 本省閩南人 | 06 | 05 | 08"
"男性","20至29歲","大學及以上","中彰投區","本省閩南人","06","08","06",1,1.057012908,1,0.000178571428571429,0.000189612352472211,"男性 | 20至29歲 | 大學及以上 | 中彰投區 | 本省閩南人 | 06 | 08 | 06"
"男性","20至29歲","大學及以上","中彰投區","本省閩南人","07","00","06",1,1.43581124747336,1,0.000178571428571429,0.000257563125557862,"男性 | 20至29歲 | 大學及以上 | 中彰投區 | 本省閩南人 | 07 | 00 | 06"
"男性","20至29歲","大學及以上","中彰投區","本省閩南人","07","04","08",1,1.038875205,1,0.000178571428571429,0.000186358719041396,"男性 | 20至29歲 | 大學及以上 | 中彰投區 | 本省閩南人 | 07 | 04 | 08"
"男性","20至29歲","大學及以上","中彰投區","本省閩南人","07","10","06",1,1.038875205,1,0.000178571428571429,0.000186358719041396,"男性 | 20至29歲 | 大學及以上 | 中彰投區 | 本省閩南人 | 07 | 10 | 06"
"男性","20至29歲","大學及以上","中彰投區","本省閩南人","08","00","09",1,1.038875205,1,0.000178571428571429,0.000186358719041396,"男性 | 20至29歲 | 大學及以上 | 中彰投區 | 本省閩南人 | 08 | 00 | 09"
"男性","20至29歲","大學及以上","北北基宜蘭區","外國新住民","05","05","06",1,1.296954068,1,0.000178571428571429,0.000232654218336078,"男性 | 20至29歲 | 大學及以上 | 北北基宜蘭區 | 外國新住民 | 05 | 05 | 06"
"男性","20至29歲","大學及以上","北北基宜蘭區","大陸各省市","00","00","05",1,1.296954068,1,0.000178571428571429,0.000232654218336078,"男性 | 20至29歲 | 大學及以上 | 北北基宜蘭區 | 大陸各省市 | 00 | 00 | 05"
"男性","20至29歲","大學及以上","北北基宜蘭區","大陸各省市","01","00","05",1,1.296954068,1,0.000178571428571429,0.000232654218336078,"男性 | 20至29歲 | 大學及以上 | 北北基宜蘭區 | 大陸各省市 | 01 | 00 | 05"
"男性","20至29歲","大學及以上","北北基宜蘭區","本省客家人","04","01","04",1,1.296954068,1,0.000178571428571429,0.000232654218336078,"男性 | 20至29歲 | 大學及以上 | 北北基宜蘭區 | 本省客家人 | 04 | 01 | 04"
"男性","20至29歲","大學及以上","北北基宜蘭區","本省客家人","05","05","05",1,1.40222630765192,1,0.000178571428571429,0.000251538488205769,"男性 | 20至29歲 | 大學及以上 | 北北基宜蘭區 | 本省客家人 | 05 | 05 | 05"
"男性","20至29歲","大學及以上","北北基宜蘭區","本省閩南人","00","05","07",1,1.296954068,1,0.000178571428571429,0.000232654218336078,"男性 | 20至29歲 | 大學及以上 | 北北基宜蘭區 | 本省閩南人 | 00 | 05 | 07"
"男性","20至29歲","大學及以上","北北基宜蘭區","本省閩南人","00","06","00",1,1.370203911,1,0.000178571428571429,0.000245794147796097,"男性 | 20至29歲 | 大學及以上 | 北北基宜蘭區 | 本省閩南人 | 00 | 06 | 00"
"男性","20至29歲","大學及以上","北北基宜蘭區","本省閩南人","00","08","00",1,1.296954068,1,0.000178571428571429,0.000232654218336078,"男性 | 20至29歲 | 大學及以上 | 北北基宜蘭區 | 本省閩南人 | 00 | 08 | 00"
"男性","20至29歲","大學及以上","北北基宜蘭區","本省閩南人","01","00","02",1,1.370203911,1,0.000178571428571429,0.000245794147796097,"男性 | 20至29歲 | 大學及以上 | 北北基宜蘭區 | 本省閩南人 | 01 | 00 | 02"
"男性","20至29歲","大學及以上","北北基宜蘭區","本省閩南人","01","01","05",1,1.370203911,1,0.000178571428571429,0.000245794147796097,"男性 | 20至29歲 | 大學及以上 | 北北基宜蘭區 | 本省閩南人 | 01 | 01 | 05"
"男性","20至29歲","大學及以上","北北基宜蘭區","本省閩南人","01","05","03",1,1.370203911,1,0.000178571428571429,0.000245794147796097,"男性 | 20至29歲 | 大學及以上 | 北北基宜蘭區 | 本省閩南人 | 01 | 05 | 03"
"男性","20至29歲","大學及以上","北北基宜蘭區","本省閩南人","01","06","01",1,1.40222630765192,1,0.000178571428571429,0.000251538488205769,"男性 | 20至29歲 | 大學及以上 | 北北基宜蘭區 | 本省閩南人 | 01 | 06 | 01"
"男性","20至29歲","大學及以上","北北基宜蘭區","本省閩南人","01","06","08",1,1.296954068,1,0.000178571428571429,0.000232654218336078,"男性 | 20至29歲 | 大學及以上 | 北北基宜蘭區 | 本省閩南人 | 01 | 06 | 08"
"男性","20至29歲","大學及以上","北北基宜蘭區","本省閩南人","01","08","00",1,1.40222630765192,1,0.000178571428571429,0.000251538488205769,"男性 | 20至29歲 | 大學及以上 | 北北基宜蘭區 | 本省閩南人 | 01 | 08 | 00"
"男性","20至29歲","大學及以上","北北基宜蘭區","本省閩南人","02","00","06",1,1.296954068,1,0.000178571428571429,0.000232654218336078,"男性 | 20至29歲 | 大學及以上 | 北北基宜蘭區 | 本省閩南人 | 02 | 00 | 06"
"男性","20至29歲","大學及以上","北北基宜蘭區","本省閩南人","02","01","08",1,1.296954068,1,0.000178571428571429,0.000232654218336078,"男性 | 20至29歲 | 大學及以上 | 北北基宜蘭區 | 本省閩南人 | 02 | 01 | 08"
"男性","20至29歲","大學及以上","北北基宜蘭區","本省閩南人","02","06","00",1,1.40222630765192,1,0.000178571428571429,0.000251538488205769,"男性 | 20至29歲 | 大學及以上 | 北北基宜蘭區 | 本省閩南人 | 02 | 06 | 00"
"男性","20至29歲","大學及以上","北北基宜蘭區","本省閩南人","02","07","04",1,1.296954068,1,0.000178571428571429,0.000232654218336078,"男性 | 20至29歲 | 大學及以上 | 北北基宜蘭區 | 本省閩南人 | 02 | 07 | 04"
"男性","20至29歲","大學及以上","北北基宜蘭區","本省閩南人","02","07","05",1,1.370203911,1,0.000178571428571429,0.000245794147796097,"男性 | 20至29歲 | 大學及以上 | 北北基宜蘭區 | 本省閩南人 | 02 | 07 | 05"
"男性","20至29歲","大學及以上","北北基宜蘭區","本省閩南人","02","08","00",1,1.370203911,1,0.000178571428571429,0.000245794147796097,"男性 | 20至29歲 | 大學及以上 | 北北基宜蘭區 | 本省閩南人 | 02 | 08 | 00"
"男性","20至29歲","大學及以上","北北基宜蘭區","本省閩南人","03","01","05",1,1.40222630765192,1,0.000178571428571429,0.000251538488205769,"男性 | 20至29歲 | 大學及以上 | 北北基宜蘭區 | 本省閩南人 | 03 | 01 | 05"
"男性","20至29歲","大學及以上","北北基宜蘭區","本省閩南人","03","03","03",1,1.40222630765192,1,0.000178571428571429,0.000251538488205769,"男性 | 20至29歲 | 大學及以上 | 北北基宜蘭區 | 本省閩南人 | 03 | 03 | 03"
"男性","20至29歲","大學及以上","北北基宜蘭區","本省閩南人","03","03","05",1,1.370203911,1,0.000178571428571429,0.000245794147796097,"男性 | 20至29歲 | 大學及以上 | 北北基宜蘭區 | 本省閩南人 | 03 | 03 | 05"
"男性","20至29歲","大學及以上","北北基宜蘭區","本省閩南人","03","03","07",1,1.40222630765192,1,0.000178571428571429,0.000251538488205769,"男性 | 20至29歲 | 大學及以上 | 北北基宜蘭區 | 本省閩南人 | 03 | 03 | 07"
"男性","20至29歲","大學及以上","北北基宜蘭區","本省閩南人","03","06","02",1,1.370203911,1,0.000178571428571429,0.000245794147796097,"男性 | 20至29歲 | 大學及以上 | 北北基宜蘭區 | 本省閩南人 | 03 | 06 | 02"
"男性","20至29歲","大學及以上","北北基宜蘭區","本省閩南人","03","06","05",1,1.296954068,1,0.000178571428571429,0.000232654218336078,"男性 | 20至29歲 | 大學及以上 | 北北基宜蘭區 | 本省閩南人 | 03 | 06 | 05"
"男性","20至29歲","大學及以上","北北基宜蘭區","本省閩南人","03","06","06",1,1.370203911,1,0.000178571428571429,0.000245794147796097,"男性 | 20至29歲 | 大學及以上 | 北北基宜蘭區 | 本省閩南人 | 03 | 06 | 06"
"男性","20至29歲","大學及以上","北北基宜蘭區","本省閩南人","03","07","02",1,1.296954068,1,0.000178571428571429,0.000232654218336078,"男性 | 20至29歲 | 大學及以上 | 北北基宜蘭區 | 本省閩南人 | 03 | 07 | 02"
"男性","20至29歲","大學及以上","北北基宜蘭區","本省閩南人","03","07","06",1,1.40222630765192,1,0.000178571428571429,0.000251538488205769,"男性 | 20至29歲 | 大學及以上 | 北北基宜蘭區 | 本省閩南人 | 03 | 07 | 06"
"男性","20至29歲","大學及以上","北北基宜蘭區","本省閩南人","04","00","05",1,1.40222630765192,1,0.000178571428571429,0.000251538488205769,"男性 | 20至29歲 | 大學及以上 | 北北基宜蘭區 | 本省閩南人 | 04 | 00 | 05"
"男性","20至29歲","大學及以上","北北基宜蘭區","本省閩南人","04","03","07",1,1.40222630765192,1,0.000178571428571429,0.000251538488205769,"男性 | 20至29歲 | 大學及以上 | 北北基宜蘭區 | 本省閩南人 | 04 | 03 | 07"
"男性","20至29歲","大學及以上","北北基宜蘭區","本省閩南人","04","04","06",1,1.40222630765192,1,0.000178571428571429,0.000251538488205769,"男性 | 20至29歲 | 大學及以上 | 北北基宜蘭區 | 本省閩南人 | 04 | 04 | 06"
"男性","20至29歲","大學及以上","北北基宜蘭區","本省閩南人","04","06","04",1,1.40222630765192,1,0.000178571428571429,0.000251538488205769,"男性 | 20至29歲 | 大學及以上 | 北北基宜蘭區 | 本省閩南人 | 04 | 06 | 04"
"男性","20至29歲","大學及以上","北北基宜蘭區","本省閩南人","04","06","06",1,1.370203911,1,0.000178571428571429,0.000245794147796097,"男性 | 20至29歲 | 大學及以上 | 北北基宜蘭區 | 本省閩南人 | 04 | 06 | 06"
"男性","20至29歲","大學及以上","北北基宜蘭區","本省閩南人","04","07","05",1,1.370203911,1,0.000178571428571429,0.000245794147796097,"男性 | 20至29歲 | 大學及以上 | 北北基宜蘭區 | 本省閩南人 | 04 | 07 | 05"
"男性","20至29歲","大學及以上","北北基宜蘭區","本省閩南人","05","01","05",1,1.40222630765192,1,0.000178571428571429,0.000251538488205769,"男性 | 20至29歲 | 大學及以上 | 北北基宜蘭區 | 本省閩南人 | 05 | 01 | 05"
"男性","20至29歲","大學及以上","北北基宜蘭區","本省閩南人","05","02","05",1,1.412314915,1,0.000178571428571429,0.000253348233912713,"男性 | 20至29歲 | 大學及以上 | 北北基宜蘭區 | 本省閩南人 | 05 | 02 | 05"
"男性","20至29歲","大學及以上","北北基宜蘭區","本省閩南人","05","03","04",1,1.40222630765192,1,0.000178571428571429,0.000251538488205769,"男性 | 20至29歲 | 大學及以上 | 北北基宜蘭區 | 本省閩南人 | 05 | 03 | 04"
"男性","20至29歲","大學及以上","北北基宜蘭區","本省閩南人","05","03","05",1,1.40222630765192,1,0.000178571428571429,0.000251538488205769,"男性 | 20至29歲 | 大學及以上 | 北北基宜蘭區 | 本省閩南人 | 05 | 03 | 05"
"男性","20至29歲","大學及以上","北北基宜蘭區","本省閩南人","05","03","07",1,1.40222630765192,1,0.000178571428571429,0.000251538488205769,"男性 | 20至29歲 | 大學及以上 | 北北基宜蘭區 | 本省閩南人 | 05 | 03 | 07"
"男性","20至29歲","大學及以上","北北基宜蘭區","本省閩南人","05","04","06",1,1.40222630765192,1,0.000178571428571429,0.000251538488205769,"男性 | 20至29歲 | 大學及以上 | 北北基宜蘭區 | 本省閩南人 | 05 | 04 | 06"
"男性","20至29歲","大學及以上","北北基宜蘭區","本省閩南人","05","05","09",1,1.40222630765192,1,0.000178571428571429,0.000251538488205769,"男性 | 20至29歲 | 大學及以上 | 北北基宜蘭區 | 本省閩南人 | 05 | 05 | 09"
"男性","20至29歲","大學及以上","北北基宜蘭區","本省閩南人","05","06","05",1,1.40222630765192,1,0.000178571428571429,0.000251538488205769,"男性 | 20至29歲 | 大學及以上 | 北北基宜蘭區 | 本省閩南人 | 05 | 06 | 05"
"男性","20至29歲","大學及以上","北北基宜蘭區","本省閩南人","05","06","06",1,1.296954068,1,0.000178571428571429,0.000232654218336078,"男性 | 20至29歲 | 大學及以上 | 北北基宜蘭區 | 本省閩南人 | 05 | 06 | 06"
"男性","20至29歲","大學及以上","北北基宜蘭區","本省閩南人","06","02","08",1,1.40222630765192,1,0.000178571428571429,0.000251538488205769,"男性 | 20至29歲 | 大學及以上 | 北北基宜蘭區 | 本省閩南人 | 06 | 02 | 08"
"男性","20至29歲","大學及以上","北北基宜蘭區","本省閩南人","06","02","10",1,1.370203911,1,0.000178571428571429,0.000245794147796097,"男性 | 20至29歲 | 大學及以上 | 北北基宜蘭區 | 本省閩南人 | 06 | 02 | 10"
"男性","20至29歲","大學及以上","北北基宜蘭區","本省閩南人","06","03","05",1,1.296954068,1,0.000178571428571429,0.000232654218336078,"男性 | 20至29歲 | 大學及以上 | 北北基宜蘭區 | 本省閩南人 | 06 | 03 | 05"
"男性","20至29歲","大學及以上","北北基宜蘭區","本省閩南人","06","06","07",1,1.370203911,1,0.000178571428571429,0.000245794147796097,"男性 | 20至29歲 | 大學及以上 | 北北基宜蘭區 | 本省閩南人 | 06 | 06 | 07"
"男性","20至29歲","大學及以上","北北基宜蘭區","本省閩南人","07","01","09",1,1.40222630765192,1,0.000178571428571429,0.000251538488205769,"男性 | 20至29歲 | 大學及以上 | 北北基宜蘭區 | 本省閩南人 | 07 | 01 | 09"
"男性","20至29歲","大學及以上","北北基宜蘭區","本省閩南人","07","06","05",1,1.370203911,1,0.000178571428571429,0.000245794147796097,"男性 | 20至29歲 | 大學及以上 | 北北基宜蘭區 | 本省閩南人 | 07 | 06 | 05"
"男性","20至29歲","大學及以上","北北基宜蘭區","本省閩南人","08","01","04",1,1.40222630765192,1,0.000178571428571429,0.000251538488205769,"男性 | 20至29歲 | 大學及以上 | 北北基宜蘭區 | 本省閩南人 | 08 | 01 | 04"
"男性","20至29歲","大學及以上","北北基宜蘭區","本省閩南人","09","08","10",1,1.40222630765192,1,0.000178571428571429,0.000251538488205769,"男性 | 20至29歲 | 大學及以上 | 北北基宜蘭區 | 本省閩南人 | 09 | 08 | 10"
"男性","20至29歲","大學及以上","桃竹苗區","外國新住民","05","03","05",1,1.17504258,1,0.000178571428571429,0.000210785115453686,"男性 | 20至29歲 | 大學及以上 | 桃竹苗區 | 外國新住民 | 05 | 03 | 05"
"男性","20至29歲","大學及以上","桃竹苗區","大陸各省市","01","01","07",1,1.17504258,1,0.000178571428571429,0.000210785115453686,"男性 | 20至29歲 | 大學及以上 | 桃竹苗區 | 大陸各省市 | 01 | 01 | 07"
"男性","20至29歲","大學及以上","桃竹苗區","大陸各省市","03","02","08",1,1.178459086,1,0.000178571428571429,0.000211397985679766,"男性 | 20至29歲 | 大學及以上 | 桃竹苗區 | 大陸各省市 | 03 | 02 | 08"
"男性","20至29歲","大學及以上","桃竹苗區","大陸各省市","04","03","07",1,1.32013061426433,1,0.000178571428571429,0.000236811745104295,"男性 | 20至29歲 | 大學及以上 | 桃竹苗區 | 大陸各省市 | 04 | 03 | 07"
"男性","20至29歲","大學及以上","桃竹苗區","大陸各省市","04","05","04",1,1.32013061426433,1,0.000178571428571429,0.000236811745104295,"男性 | 20至29歲 | 大學及以上 | 桃竹苗區 | 大陸各省市 | 04 | 05 | 04"
"男性","20至29歲","大學及以上","桃竹苗區","大陸各省市","06","03","01",1,1.17504258,1,0.000178571428571429,0.000210785115453686,"男性 | 20至29歲 | 大學及以上 | 桃竹苗區 | 大陸各省市 | 06 | 03 | 01"
"男性","20至29歲","大學及以上","桃竹苗區","本省客家人","00","07","00",1,1.17504258,1,0.000178571428571429,0.000210785115453686,"男性 | 20至29歲 | 大學及以上 | 桃竹苗區 | 本省客家人 | 00 | 07 | 00"
"男性","20至29歲","大學及以上","桃竹苗區","本省客家人","03","01","01",1,1.32013061426433,1,0.000178571428571429,0.000236811745104295,"男性 | 20至29歲 | 大學及以上 | 桃竹苗區 | 本省客家人 | 03 | 01 | 01"
"男性","20至29歲","大學及以上","桃竹苗區","本省客家人","03","02","07",1,1.178459086,1,0.000178571428571429,0.000211397985679766,"男性 | 20至29歲 | 大學及以上 | 桃竹苗區 | 本省客家人 | 03 | 02 | 07"
"男性","20至29歲","大學及以上","桃竹苗區","本省客家人","04","01","02",1,1.32013061426433,1,0.000178571428571429,0.000236811745104295,"男性 | 20至29歲 | 大學及以上 | 桃竹苗區 | 本省客家人 | 04 | 01 | 02"
"男性","20至29歲","大學及以上","桃竹苗區","本省客家人","05","00","08",1,1.32013061426433,1,0.000178571428571429,0.000236811745104295,"男性 | 20至29歲 | 大學及以上 | 桃竹苗區 | 本省客家人 | 05 | 00 | 08"
"男性","20至29歲","大學及以上","桃竹苗區","本省客家人","05","03","06",1,1.17504258,1,0.000178571428571429,0.000210785115453686,"男性 | 20至29歲 | 大學及以上 | 桃竹苗區 | 本省客家人 | 05 | 03 | 06"
"男性","20至29歲","大學及以上","桃竹苗區","本省客家人","05","05","04",1,1.32013061426433,1,0.000178571428571429,0.000236811745104295,"男性 | 20至29歲 | 大學及以上 | 桃竹苗區 | 本省客家人 | 05 | 05 | 04"
"男性","20至29歲","大學及以上","桃竹苗區","本省客家人","05","05","07",1,1.178459086,1,0.000178571428571429,0.000211397985679766,"男性 | 20至29歲 | 大學及以上 | 桃竹苗區 | 本省客家人 | 05 | 05 | 07"
"男性","20至29歲","大學及以上","桃竹苗區","本省客家人","06","04","06",1,1.178459086,1,0.000178571428571429,0.000211397985679766,"男性 | 20至29歲 | 大學及以上 | 桃竹苗區 | 本省客家人 | 06 | 04 | 06"
"男性","20至29歲","大學及以上","桃竹苗區","本省客家人","06","04","07",1,1.178459086,1,0.000178571428571429,0.000211397985679766,"男性 | 20至29歲 | 大學及以上 | 桃竹苗區 | 本省客家人 | 06 | 04 | 07"
"男性","20至29歲","大學及以上","桃竹苗區","本省閩南人","00","00","03",1,1.32013061426433,1,0.000178571428571429,0.000236811745104295,"男性 | 20至29歲 | 大學及以上 | 桃竹苗區 | 本省閩南人 | 00 | 00 | 03"
"男性","20至29歲","大學及以上","桃竹苗區","本省閩南人","00","02","00",1,1.32013061426433,1,0.000178571428571429,0.000236811745104295,"男性 | 20至29歲 | 大學及以上 | 桃竹苗區 | 本省閩南人 | 00 | 02 | 00"
"男性","20至29歲","大學及以上","桃竹苗區","本省閩南人","01","08","01",1,1.32013061426433,1,0.000178571428571429,0.000236811745104295,"男性 | 20至29歲 | 大學及以上 | 桃竹苗區 | 本省閩南人 | 01 | 08 | 01"
"男性","20至29歲","大學及以上","桃竹苗區","本省閩南人","02","03","01",1,1.32013061426433,1,0.000178571428571429,0.000236811745104295,"男性 | 20至29歲 | 大學及以上 | 桃竹苗區 | 本省閩南人 | 02 | 03 | 01"
"男性","20至29歲","大學及以上","桃竹苗區","本省閩南人","03","02","04",1,1.178459086,1,0.000178571428571429,0.000211397985679766,"男性 | 20至29歲 | 大學及以上 | 桃竹苗區 | 本省閩南人 | 03 | 02 | 04"
"男性","20至29歲","大學及以上","桃竹苗區","本省閩南人","03","04","03",1,1.32013061426433,1,0.000178571428571429,0.000236811745104295,"男性 | 20至29歲 | 大學及以上 | 桃竹苗區 | 本省閩南人 | 03 | 04 | 03"
"男性","20至29歲","大學及以上","桃竹苗區","本省閩南人","03","04","04",1,1.32013061426433,1,0.000178571428571429,0.000236811745104295,"男性 | 20至29歲 | 大學及以上 | 桃竹苗區 | 本省閩南人 | 03 | 04 | 04"
"男性","20至29歲","大學及以上","桃竹苗區","本省閩南人","03","04","06",1,1.178459086,1,0.000178571428571429,0.000211397985679766,"男性 | 20至29歲 | 大學及以上 | 桃竹苗區 | 本省閩南人 | 03 | 04 | 06"
"男性","20至29歲","大學及以上","桃竹苗區","本省閩南人","03","05","00",1,1.32013061426433,1,0.000178571428571429,0.000236811745104295,"男性 | 20至29歲 | 大學及以上 | 桃竹苗區 | 本省閩南人 | 03 | 05 | 00"
"男性","20至29歲","大學及以上","桃竹苗區","本省閩南人","03","08","05",1,1.32013061426433,1,0.000178571428571429,0.000236811745104295,"男性 | 20至29歲 | 大學及以上 | 桃竹苗區 | 本省閩南人 | 03 | 08 | 05"
"男性","20至29歲","大學及以上","桃竹苗區","本省閩南人","04","04","04",1,1.178459086,1,0.000178571428571429,0.000211397985679766,"男性 | 20至29歲 | 大學及以上 | 桃竹苗區 | 本省閩南人 | 04 | 04 | 04"
"男性","20至29歲","大學及以上","桃竹苗區","本省閩南人","04","07","05",1,1.32013061426433,1,0.000178571428571429,0.000236811745104295,"男性 | 20至29歲 | 大學及以上 | 桃竹苗區 | 本省閩南人 | 04 | 07 | 05"
"男性","20至29歲","大學及以上","桃竹苗區","本省閩南人","05","04","07",1,1.178459086,1,0.000178571428571429,0.000211397985679766,"男性 | 20至29歲 | 大學及以上 | 桃竹苗區 | 本省閩南人 | 05 | 04 | 07"
"男性","20至29歲","大學及以上","桃竹苗區","本省閩南人","06","07","07",1,1.178459086,1,0.000178571428571429,0.000211397985679766,"男性 | 20至29歲 | 大學及以上 | 桃竹苗區 | 本省閩南人 | 06 | 07 | 07"
"男性","20至29歲","大學及以上","桃竹苗區","本省閩南人","07","01","07",1,1.32013061426433,1,0.000178571428571429,0.000236811745104295,"男性 | 20至29歲 | 大學及以上 | 桃竹苗區 | 本省閩南人 | 07 | 01 | 07"
"男性","20至29歲","大學及以上","桃竹苗區","本省閩南人","07","03","07",1,1.32013061426433,1,0.000178571428571429,0.000236811745104295,"男性 | 20至29歲 | 大學及以上 | 桃竹苗區 | 本省閩南人 | 07 | 03 | 07"
"男性","20至29歲","大學及以上","花東區","原住民","02","08","06",1,1.11050018668651,1,0.000178571428571429,0.000199207172613316,"男性 | 20至29歲 | 大學及以上 | 花東區 | 原住民 | 02 | 08 | 06"
"男性","20至29歲","大學及以上","花東區","外國新住民","09","07","04",1,1.11050018668651,1,0.000178571428571429,0.000199207172613316,"男性 | 20至29歲 | 大學及以上 | 花東區 | 外國新住民 | 09 | 07 | 04"
"男性","20至29歲","大學及以上","花東區","大陸各省市","04","00","08",1,0.835142039,1,0.000178571428571429,0.000149812027331675,"男性 | 20至29歲 | 大學及以上 | 花東區 | 大陸各省市 | 04 | 00 | 08"
"男性","20至29歲","大學及以上","花東區","本省閩南人","02","06","07",1,0.835142039,1,0.000178571428571429,0.000149812027331675,"男性 | 20至29歲 | 大學及以上 | 花東區 | 本省閩南人 | 02 | 06 | 07"
"男性","20至29歲","大學及以上","花東區","本省閩南人","04","04","04",1,0.835142039,1,0.000178571428571429,0.000149812027331675,"男性 | 20至29歲 | 大學及以上 | 花東區 | 本省閩南人 | 04 | 04 | 04"
"男性","20至29歲","大學及以上","花東區","本省閩南人","06","05","09",1,1.11050018668651,1,0.000178571428571429,0.000199207172613316,"男性 | 20至29歲 | 大學及以上 | 花東區 | 本省閩南人 | 06 | 05 | 09"
"男性","20至29歲","大學及以上","花東區","本省閩南人","08","01","10",1,1.11050018668651,1,0.000178571428571429,0.000199207172613316,"男性 | 20至29歲 | 大學及以上 | 花東區 | 本省閩南人 | 08 | 01 | 10"
"男性","20至29歲","大學及以上","雲嘉南區","原住民","00","00","00",1,1.050479816,1,0.000178571428571429,0.000188440413195348,"男性 | 20至29歲 | 大學及以上 | 雲嘉南區 | 原住民 | 00 | 00 | 00"
"男性","20至29歲","大學及以上","雲嘉南區","原住民","05","07","06",1,1.314207048,1,0.000178571428571429,0.000235749145654559,"男性 | 20至29歲 | 大學及以上 | 雲嘉南區 | 原住民 | 05 | 07 | 06"
"男性","20至29歲","大學及以上","雲嘉南區","台灣人","04","04","05",1,1.23710676826482,1,0.000178571428571429,0.000221918505265773,"男性 | 20至29歲 | 大學及以上 | 雲嘉南區 | 台灣人 | 04 | 04 | 05"
"男性","20至29歲","大學及以上","雲嘉南區","大陸各省市","00","00","00",1,1.23710676826482,1,0.000178571428571429,0.000221918505265773,"男性 | 20至29歲 | 大學及以上 | 雲嘉南區 | 大陸各省市 | 00 | 00 | 00"
"男性","20至29歲","大學及以上","雲嘉南區","大陸各省市","04","02","06",1,1.018933674,1,0.000178571428571429,0.00018278150576785,"男性 | 20至29歲 | 大學及以上 | 雲嘉南區 | 大陸各省市 | 04 | 02 | 06"
"男性","20至29歲","大學及以上","雲嘉南區","大陸各省市","05","02","04",1,1.23710676826482,1,0.000178571428571429,0.000221918505265773,"男性 | 20至29歲 | 大學及以上 | 雲嘉南區 | 大陸各省市 | 05 | 02 | 04"
"男性","20至29歲","大學及以上","雲嘉南區","大陸新住民","04","05","04",1,1.23710676826482,1,0.000178571428571429,0.000221918505265773,"男性 | 20至29歲 | 大學及以上 | 雲嘉南區 | 大陸新住民 | 04 | 05 | 04"
"男性","20至29歲","大學及以上","雲嘉南區","本省客家人","05","05","02",1,1.018933674,1,0.000178571428571429,0.00018278150576785,"男性 | 20至29歲 | 大學及以上 | 雲嘉南區 | 本省客家人 | 05 | 05 | 02"
"男性","20至29歲","大學及以上","雲嘉南區","本省客家人","07","07","05",1,1.050479816,1,0.000178571428571429,0.000188440413195348,"男性 | 20至29歲 | 大學及以上 | 雲嘉南區 | 本省客家人 | 07 | 07 | 05"
"男性","20至29歲","大學及以上","雲嘉南區","本省閩南人","00","00","09",1,1.018933674,1,0.000178571428571429,0.00018278150576785,"男性 | 20至29歲 | 大學及以上 | 雲嘉南區 | 本省閩南人 | 00 | 00 | 09"
"男性","20至29歲","大學及以上","雲嘉南區","本省閩南人","00","06","00",1,1.23710676826482,1,0.000178571428571429,0.000221918505265773,"男性 | 20至29歲 | 大學及以上 | 雲嘉南區 | 本省閩南人 | 00 | 06 | 00"
"男性","20至29歲","大學及以上","雲嘉南區","本省閩南人","00","07","08",1,1.018933674,1,0.000178571428571429,0.00018278150576785,"男性 | 20至29歲 | 大學及以上 | 雲嘉南區 | 本省閩南人 | 00 | 07 | 08"
"男性","20至29歲","大學及以上","雲嘉南區","本省閩南人","01","01","01",1,1.23710676826482,1,0.000178571428571429,0.000221918505265773,"男性 | 20至29歲 | 大學及以上 | 雲嘉南區 | 本省閩南人 | 01 | 01 | 01"
"男性","20至29歲","大學及以上","雲嘉南區","本省閩南人","01","04","09",1,1.050479816,1,0.000178571428571429,0.000188440413195348,"男性 | 20至29歲 | 大學及以上 | 雲嘉南區 | 本省閩南人 | 01 | 04 | 09"
"男性","20至29歲","大學及以上","雲嘉南區","本省閩南人","01","05","00",1,1.23710676826482,1,0.000178571428571429,0.000221918505265773,"男性 | 20至29歲 | 大學及以上 | 雲嘉南區 | 本省閩南人 | 01 | 05 | 00"
"男性","20至29歲","大學及以上","雲嘉南區","本省閩南人","02","01","09",1,1.23710676826482,1,0.000178571428571429,0.000221918505265773,"男性 | 20至29歲 | 大學及以上 | 雲嘉南區 | 本省閩南人 | 02 | 01 | 09"
"男性","20至29歲","大學及以上","雲嘉南區","本省閩南人","02","05","02",1,1.23710676826482,1,0.000178571428571429,0.000221918505265773,"男性 | 20至29歲 | 大學及以上 | 雲嘉南區 | 本省閩南人 | 02 | 05 | 02"
"男性","20至29歲","大學及以上","雲嘉南區","本省閩南人","02","05","08",1,1.050479816,1,0.000178571428571429,0.000188440413195348,"男性 | 20至29歲 | 大學及以上 | 雲嘉南區 | 本省閩南人 | 02 | 05 | 08"
"男性","20至29歲","大學及以上","雲嘉南區","本省閩南人","03","03","03",1,1.23710676826482,1,0.000178571428571429,0.000221918505265773,"男性 | 20至29歲 | 大學及以上 | 雲嘉南區 | 本省閩南人 | 03 | 03 | 03"
"男性","20至29歲","大學及以上","雲嘉南區","本省閩南人","03","03","06",1,1.050479816,1,0.000178571428571429,0.000188440413195348,"男性 | 20至29歲 | 大學及以上 | 雲嘉南區 | 本省閩南人 | 03 | 03 | 06"
"男性","20至29歲","大學及以上","雲嘉南區","本省閩南人","03","05","01",1,1.018933674,1,0.000178571428571429,0.00018278150576785,"男性 | 20至29歲 | 大學及以上 | 雲嘉南區 | 本省閩南人 | 03 | 05 | 01"
"男性","20至29歲","大學及以上","雲嘉南區","本省閩南人","03","05","08",1,1.050479816,1,0.000178571428571429,0.000188440413195348,"男性 | 20至29歲 | 大學及以上 | 雲嘉南區 | 本省閩南人 | 03 | 05 | 08"
"男性","20至29歲","大學及以上","雲嘉南區","本省閩南人","03","06","04",1,1.018933674,1,0.000178571428571429,0.00018278150576785,"男性 | 20至29歲 | 大學及以上 | 雲嘉南區 | 本省閩南人 | 03 | 06 | 04"
"男性","20至29歲","大學及以上","雲嘉南區","本省閩南人","03","07","05",1,1.23710676826482,1,0.000178571428571429,0.000221918505265773,"男性 | 20至29歲 | 大學及以上 | 雲嘉南區 | 本省閩南人 | 03 | 07 | 05"
"男性","20至29歲","大學及以上","雲嘉南區","本省閩南人","03","07","09",1,1.050479816,1,0.000178571428571429,0.000188440413195348,"男性 | 20至29歲 | 大學及以上 | 雲嘉南區 | 本省閩南人 | 03 | 07 | 09"
"男性","20至29歲","大學及以上","雲嘉南區","本省閩南人","04","00","06",1,1.23710676826482,1,0.000178571428571429,0.000221918505265773,"男性 | 20至29歲 | 大學及以上 | 雲嘉南區 | 本省閩南人 | 04 | 00 | 06"
"男性","20至29歲","大學及以上","雲嘉南區","本省閩南人","04","04","05",1,1.018933674,1,0.000178571428571429,0.00018278150576785,"男性 | 20至29歲 | 大學及以上 | 雲嘉南區 | 本省閩南人 | 04 | 04 | 05"
"男性","20至29歲","大學及以上","雲嘉南區","本省閩南人","04","04","07",1,1.23710676826482,1,0.000178571428571429,0.000221918505265773,"男性 | 20至29歲 | 大學及以上 | 雲嘉南區 | 本省閩南人 | 04 | 04 | 07"
"男性","20至29歲","大學及以上","雲嘉南區","本省閩南人","04","08","04",1,1.050479816,1,0.000178571428571429,0.000188440413195348,"男性 | 20至29歲 | 大學及以上 | 雲嘉南區 | 本省閩南人 | 04 | 08 | 04"
"男性","20至29歲","大學及以上","雲嘉南區","本省閩南人","05","03","05",1,1.314207048,1,0.000178571428571429,0.000235749145654559,"男性 | 20至29歲 | 大學及以上 | 雲嘉南區 | 本省閩南人 | 05 | 03 | 05"
"男性","20至29歲","大學及以上","雲嘉南區","本省閩南人","05","04","06",1,1.23710676826482,1,0.000178571428571429,0.000221918505265773,"男性 | 20至29歲 | 大學及以上 | 雲嘉南區 | 本省閩南人 | 05 | 04 | 06"
"男性","20至29歲","大學及以上","雲嘉南區","本省閩南人","05","05","04",1,1.050479816,1,0.000178571428571429,0.000188440413195348,"男性 | 20至29歲 | 大學及以上 | 雲嘉南區 | 本省閩南人 | 05 | 05 | 04"
"男性","20至29歲","大學及以上","雲嘉南區","本省閩南人","05","05","06",1,1.23710676826482,1,0.000178571428571429,0.000221918505265773,"男性 | 20至29歲 | 大學及以上 | 雲嘉南區 | 本省閩南人 | 05 | 05 | 06"
"男性","20至29歲","大學及以上","雲嘉南區","本省閩南人","06","02","05",1,1.018933674,1,0.000178571428571429,0.00018278150576785,"男性 | 20至29歲 | 大學及以上 | 雲嘉南區 | 本省閩南人 | 06 | 02 | 05"
"男性","20至29歲","大學及以上","雲嘉南區","本省閩南人","06","03","10",1,1.018933674,1,0.000178571428571429,0.00018278150576785,"男性 | 20至29歲 | 大學及以上 | 雲嘉南區 | 本省閩南人 | 06 | 03 | 10"
"男性","20至29歲","大學及以上","雲嘉南區","本省閩南人","06","04","06",1,1.018933674,1,0.000178571428571429,0.00018278150576785,"男性 | 20至29歲 | 大學及以上 | 雲嘉南區 | 本省閩南人 | 06 | 04 | 06"
"男性","20至29歲","大學及以上","雲嘉南區","本省閩南人","06","04","07",1,1.23710676826482,1,0.000178571428571429,0.000221918505265773,"男性 | 20至29歲 | 大學及以上 | 雲嘉南區 | 本省閩南人 | 06 | 04 | 07"
"男性","20至29歲","大學及以上","雲嘉南區","本省閩南人","06","05","08",1,1.23710676826482,1,0.000178571428571429,0.000221918505265773,"男性 | 20至29歲 | 大學及以上 | 雲嘉南區 | 本省閩南人 | 06 | 05 | 08"
"男性","20至29歲","大學及以上","雲嘉南區","本省閩南人","06","07","03",1,1.23710676826482,1,0.000178571428571429,0.000221918505265773,"男性 | 20至29歲 | 大學及以上 | 雲嘉南區 | 本省閩南人 | 06 | 07 | 03"
"男性","20至29歲","大學及以上","雲嘉南區","本省閩南人","07","03","07",1,1.018933674,1,0.000178571428571429,0.00018278150576785,"男性 | 20至29歲 | 大學及以上 | 雲嘉南區 | 本省閩南人 | 07 | 03 | 07"
"男性","20至29歲","大學及以上","高屏區","大陸各省市","10","00","05",1,1.141035867,1,0.000178571428571429,0.000204684818283259,"男性 | 20至29歲 | 大學及以上 | 高屏區 | 大陸各省市 | 10 | 00 | 05"
"男性","20至29歲","大學及以上","高屏區","本省客家人","00","00","05",1,1.141035867,1,0.000178571428571429,0.000204684818283259,"男性 | 20至29歲 | 大學及以上 | 高屏區 | 本省客家人 | 00 | 00 | 05"
"男性","20至29歲","大學及以上","高屏區","本省客家人","04","05","06",1,1.098066201,1,0.000178571428571429,0.000196976701009061,"男性 | 20至29歲 | 大學及以上 | 高屏區 | 本省客家人 | 04 | 05 | 06"
"男性","20至29歲","大學及以上","高屏區","本省閩南人","00","00","00",1,1.77186314904868,1,0.000178571428571429,0.000317845825161807,"男性 | 20至29歲 | 大學及以上 | 高屏區 | 本省閩南人 | 00 | 00 | 00"
"男性","20至29歲","大學及以上","高屏區","本省閩南人","00","00","02",1,1.088187915,1,0.000178571428571429,0.000195204683815442,"男性 | 20至29歲 | 大學及以上 | 高屏區 | 本省閩南人 | 00 | 00 | 02"
"男性","20至29歲","大學及以上","高屏區","本省閩南人","00","00","07",1,1.088187915,1,0.000178571428571429,0.000195204683815442,"男性 | 20至29歲 | 大學及以上 | 高屏區 | 本省閩南人 | 00 | 00 | 07"
"男性","20至29歲","大學及以上","高屏區","本省閩南人","00","06","00",1,1.77186314904868,1,0.000178571428571429,0.000317845825161807,"男性 | 20至29歲 | 大學及以上 | 高屏區 | 本省閩南人 | 00 | 06 | 00"
"男性","20至29歲","大學及以上","高屏區","本省閩南人","00","06","06",1,1.088187915,1,0.000178571428571429,0.000195204683815442,"男性 | 20至29歲 | 大學及以上 | 高屏區 | 本省閩南人 | 00 | 06 | 06"
"男性","20至29歲","大學及以上","高屏區","本省閩南人","00","08","02",1,1.088187915,1,0.000178571428571429,0.000195204683815442,"男性 | 20至29歲 | 大學及以上 | 高屏區 | 本省閩南人 | 00 | 08 | 02"
"男性","20至29歲","大學及以上","高屏區","本省閩南人","00","09","01",1,1.141035867,1,0.000178571428571429,0.000204684818283259,"男性 | 20至29歲 | 大學及以上 | 高屏區 | 本省閩南人 | 00 | 09 | 01"
"男性","20至29歲","大學及以上","高屏區","本省閩南人","01","07","07",1,1.088187915,1,0.000178571428571429,0.000195204683815442,"男性 | 20至29歲 | 大學及以上 | 高屏區 | 本省閩南人 | 01 | 07 | 07"
"男性","20至29歲","大學及以上","高屏區","本省閩南人","02","00","09",1,1.141035867,1,0.000178571428571429,0.000204684818283259,"男性 | 20至29歲 | 大學及以上 | 高屏區 | 本省閩南人 | 02 | 00 | 09"
"男性","20至29歲","大學及以上","高屏區","本省閩南人","02","05","05",1,1.088187915,1,0.000178571428571429,0.000195204683815442,"男性 | 20至29歲 | 大學及以上 | 高屏區 | 本省閩南人 | 02 | 05 | 05"
"男性","20至29歲","大學及以上","高屏區","本省閩南人","03","04","04",1,1.77186314904868,1,0.000178571428571429,0.000317845825161807,"男性 | 20至29歲 | 大學及以上 | 高屏區 | 本省閩南人 | 03 | 04 | 04"
"男性","20至29歲","大學及以上","高屏區","本省閩南人","03","04","07",1,1.088187915,1,0.000178571428571429,0.000195204683815442,"男性 | 20至29歲 | 大學及以上 | 高屏區 | 本省閩南人 | 03 | 04 | 07"
"男性","20至29歲","大學及以上","高屏區","本省閩南人","03","06","03",1,1.098066201,1,0.000178571428571429,0.000196976701009061,"男性 | 20至29歲 | 大學及以上 | 高屏區 | 本省閩南人 | 03 | 06 | 03"
"男性","20至29歲","大學及以上","高屏區","本省閩南人","03","07","01",1,1.088187915,1,0.000178571428571429,0.000195204683815442,"男性 | 20至29歲 | 大學及以上 | 高屏區 | 本省閩南人 | 03 | 07 | 01"
"男性","20至29歲","大學及以上","高屏區","本省閩南人","03","07","06",1,1.088187915,1,0.000178571428571429,0.000195204683815442,"男性 | 20至29歲 | 大學及以上 | 高屏區 | 本省閩南人 | 03 | 07 | 06"
"男性","20至29歲","大學及以上","高屏區","本省閩南人","03","08","05",1,1.088187915,1,0.000178571428571429,0.000195204683815442,"男性 | 20至29歲 | 大學及以上 | 高屏區 | 本省閩南人 | 03 | 08 | 05"
"男性","20至29歲","大學及以上","高屏區","本省閩南人","04","02","08",1,1.088187915,1,0.000178571428571429,0.000195204683815442,"男性 | 20至29歲 | 大學及以上 | 高屏區 | 本省閩南人 | 04 | 02 | 08"
"男性","20至29歲","大學及以上","高屏區","本省閩南人","04","05","06",1,1.088187915,1,0.000178571428571429,0.000195204683815442,"男性 | 20至29歲 | 大學及以上 | 高屏區 | 本省閩南人 | 04 | 05 | 06"
"男性","20至29歲","大學及以上","高屏區","本省閩南人","04","06","06",1,1.088187915,1,0.000178571428571429,0.000195204683815442,"男性 | 20至29歲 | 大學及以上 | 高屏區 | 本省閩南人 | 04 | 06 | 06"
"男性","20至29歲","大學及以上","高屏區","本省閩南人","04","07","08",1,1.088187915,1,0.000178571428571429,0.000195204683815442,"男性 | 20至29歲 | 大學及以上 | 高屏區 | 本省閩南人 | 04 | 07 | 08"
"男性","20至29歲","大學及以上","高屏區","本省閩南人","05","00","09",1,1.18497953,1,0.000178571428571429,0.00021256765609405,"男性 | 20至29歲 | 大學及以上 | 高屏區 | 本省閩南人 | 05 | 00 | 09"
"男性","20至29歲","大學及以上","高屏區","本省閩南人","05","04","05",1,1.088187915,1,0.000178571428571429,0.000195204683815442,"男性 | 20至29歲 | 大學及以上 | 高屏區 | 本省閩南人 | 05 | 04 | 05"
"男性","20至29歲","大學及以上","高屏區","本省閩南人","06","02","05",1,1.77186314904868,1,0.000178571428571429,0.000317845825161807,"男性 | 20至29歲 | 大學及以上 | 高屏區 | 本省閩南人 | 06 | 02 | 05"
"男性","20至29歲","大學及以上","高屏區","本省閩南人","07","05","07",1,1.361381919,1,0.000178571428571429,0.000244211613993576,"男性 | 20至29歲 | 大學及以上 | 高屏區 | 本省閩南人 | 07 | 05 | 07"
"男性","20至29歲","專科","中彰投區","本省閩南人","04","05","03",1,1.55397756157125,1,0.000178571428571429,0.000278760400093956,"男性 | 20至29歲 | 專科 | 中彰投區 | 本省閩南人 | 04 | 05 | 03"
"男性","20至29歲","專科","中彰投區","本省閩南人","05","00","05",1,1.55397756157125,1,0.000178571428571429,0.000278760400093956,"男性 | 20至29歲 | 專科 | 中彰投區 | 本省閩南人 | 05 | 00 | 05"
"男性","20至29歲","專科","中彰投區","本省閩南人","06","00","07",1,1.55397756157125,1,0.000178571428571429,0.000278760400093956,"男性 | 20至29歲 | 專科 | 中彰投區 | 本省閩南人 | 06 | 00 | 07"
"男性","20至29歲","專科","北北基宜蘭區","本省閩南人","05","05","07",1,1.670415639,1,0.000178571428571429,0.000299647654744782,"男性 | 20至29歲 | 專科 | 北北基宜蘭區 | 本省閩南人 | 05 | 05 | 07"
"男性","20至29歲","專科","北北基宜蘭區","本省閩南人","06","02","05",1,1.296954068,1,0.000178571428571429,0.000232654218336078,"男性 | 20至29歲 | 專科 | 北北基宜蘭區 | 本省閩南人 | 06 | 02 | 05"
"男性","20至29歲","專科","桃竹苗區","本省閩南人","06","00","08",1,1.42877648891526,1,0.000178571428571429,0.000256301194781823,"男性 | 20至29歲 | 專科 | 桃竹苗區 | 本省閩南人 | 06 | 00 | 08"
"男性","20至29歲","專科","桃竹苗區","本省閩南人","06","02","07",1,1.291175212,1,0.000178571428571429,0.0002316175777497,"男性 | 20至29歲 | 專科 | 桃竹苗區 | 本省閩南人 | 06 | 02 | 07"
"男性","20至29歲","專科","雲嘉南區","本省閩南人","03","07","00",1,1.3389198354132,1,0.000178571428571429,0.000240182251174934,"男性 | 20至29歲 | 專科 | 雲嘉南區 | 本省閩南人 | 03 | 07 | 00"
"男性","20至29歲","專科","高屏區","本省閩南人","05","05","05",1,1.91768631193126,1,0.000178571428571429,0.000344004325923563,"男性 | 20至29歲 | 專科 | 高屏區 | 本省閩南人 | 05 | 05 | 05"
"男性","20至29歲","專科","高屏區","本省閩南人","05","08","05",1,1.18497953,1,0.000178571428571429,0.00021256765609405,"男性 | 20至29歲 | 專科 | 高屏區 | 本省閩南人 | 05 | 08 | 05"
"男性","20至29歲","高中、職","中彰投區","本省閩南人","00","10","09",1,1.310484067,1,0.000178571428571429,0.000235081298383937,"男性 | 20至29歲 | 高中、職 | 中彰投區 | 本省閩南人 | 00 | 10 | 09"
"男性","20至29歲","高中、職","中彰投區","本省閩南人","05","00","08",1,1.99852409396533,1,0.000178571428571429,0.000358505418487436,"男性 | 20至29歲 | 高中、職 | 中彰投區 | 本省閩南人 | 05 | 00 | 08"
"男性","20至29歲","高中、職","中彰投區","本省閩南人","05","02","10",1,1.310484067,1,0.000178571428571429,0.000235081298383937,"男性 | 20至29歲 | 高中、職 | 中彰投區 | 本省閩南人 | 05 | 02 | 10"
"男性","20至29歲","高中、職","中彰投區","本省閩南人","06","03","06",1,1.99852409396533,1,0.000178571428571429,0.000358505418487436,"男性 | 20至29歲 | 高中、職 | 中彰投區 | 本省閩南人 | 06 | 03 | 06"
"男性","20至29歲","高中、職","中彰投區","本省閩南人","06","07","07",1,1.99852409396533,1,0.000178571428571429,0.000358505418487436,"男性 | 20至29歲 | 高中、職 | 中彰投區 | 本省閩南人 | 06 | 07 | 07"
"男性","20至29歲","高中、職","北北基宜蘭區","本省閩南人","00","07","04",1,1.607962995,1,0.000178571428571429,0.000288444581766841,"男性 | 20至29歲 | 高中、職 | 北北基宜蘭區 | 本省閩南人 | 00 | 07 | 04"
"男性","20至29歲","高中、職","北北基宜蘭區","本省閩南人","02","04","10",1,1.607962995,1,0.000178571428571429,0.000288444581766841,"男性 | 20至29歲 | 高中、職 | 北北基宜蘭區 | 本省閩南人 | 02 | 04 | 10"
"男性","20至29歲","高中、職","北北基宜蘭區","本省閩南人","03","04","06",1,1.607962995,1,0.000178571428571429,0.000288444581766841,"男性 | 20至29歲 | 高中、職 | 北北基宜蘭區 | 本省閩南人 | 03 | 04 | 06"
"男性","20至29歲","高中、職","北北基宜蘭區","本省閩南人","03","06","09",1,1.95177678539978,1,0.000178571428571429,0.000350119648472924,"男性 | 20至29歲 | 高中、職 | 北北基宜蘭區 | 本省閩南人 | 03 | 06 | 09"
"男性","20至29歲","高中、職","北北基宜蘭區","本省閩南人","04","03","05",1,2.271088429,1,0.000178571428571429,0.000407399395443437,"男性 | 20至29歲 | 高中、職 | 北北基宜蘭區 | 本省閩南人 | 04 | 03 | 05"
"男性","20至29歲","高中、職","北北基宜蘭區","本省閩南人","04","08","07",1,2.271088429,1,0.000178571428571429,0.000407399395443437,"男性 | 20至29歲 | 高中、職 | 北北基宜蘭區 | 本省閩南人 | 04 | 08 | 07"
"男性","20至29歲","高中、職","北北基宜蘭區","本省閩南人","05","00","08",1,1.607962995,1,0.000178571428571429,0.000288444581766841,"男性 | 20至29歲 | 高中、職 | 北北基宜蘭區 | 本省閩南人 | 05 | 00 | 08"
"男性","20至29歲","高中、職","北北基宜蘭區","本省閩南人","07","07","07",1,1.607962995,1,0.000178571428571429,0.000288444581766841,"男性 | 20至29歲 | 高中、職 | 北北基宜蘭區 | 本省閩南人 | 07 | 07 | 07"
"男性","20至29歲","高中、職","北北基宜蘭區","本省閩南人","09","05","05",1,1.95177678539978,1,0.000178571428571429,0.000350119648472924,"男性 | 20至29歲 | 高中、職 | 北北基宜蘭區 | 本省閩南人 | 09 | 05 | 05"
"男性","20至29歲","高中、職","桃竹苗區","大陸各省市","06","03","09",1,1.17504258,1,0.000178571428571429,0.000210785115453686,"男性 | 20至29歲 | 高中、職 | 桃竹苗區 | 大陸各省市 | 06 | 03 | 09"
"男性","20至29歲","高中、職","桃竹苗區","本省客家人","00","00","00",1,1.83750673664887,1,0.000178571428571429,0.000329621305835112,"男性 | 20至29歲 | 高中、職 | 桃竹苗區 | 本省客家人 | 00 | 00 | 00"
"男性","20至29歲","高中、職","桃竹苗區","本省客家人","00","00","07",1,1.470041801,1,0.000178571428571429,0.000263703576380636,"男性 | 20至29歲 | 高中、職 | 桃竹苗區 | 本省客家人 | 00 | 00 | 07"
"男性","20至29歲","高中、職","桃竹苗區","本省客家人","03","00","07",1,1.456817194,1,0.000178571428571429,0.000261331279103269,"男性 | 20至29歲 | 高中、職 | 桃竹苗區 | 本省客家人 | 03 | 00 | 07"
"男性","20至29歲","高中、職","桃竹苗區","本省客家人","03","03","04",1,1.83750673664887,1,0.000178571428571429,0.000329621305835112,"男性 | 20至29歲 | 高中、職 | 桃竹苗區 | 本省客家人 | 03 | 03 | 04"
"男性","20至29歲","高中、職","桃竹苗區","本省閩南人","00","00","00",1,1.953274818,1,0.000178571428571429,0.000350388373181258,"男性 | 20至29歲 | 高中、職 | 桃竹苗區 | 本省閩南人 | 00 | 00 | 00"
"男性","20至29歲","高中、職","桃竹苗區","本省閩南人","03","04","05",1,1.83750673664887,1,0.000178571428571429,0.000329621305835112,"男性 | 20至29歲 | 高中、職 | 桃竹苗區 | 本省閩南人 | 03 | 04 | 05"
"男性","20至29歲","高中、職","桃竹苗區","本省閩南人","05","02","05",1,1.83750673664887,1,0.000178571428571429,0.000329621305835112,"男性 | 20至29歲 | 高中、職 | 桃竹苗區 | 本省閩南人 | 05 | 02 | 05"
"男性","20至29歲","高中、職","桃竹苗區","本省閩南人","05","04","06",1,1.83750673664887,1,0.000178571428571429,0.000329621305835112,"男性 | 20至29歲 | 高中、職 | 桃竹苗區 | 本省閩南人 | 05 | 04 | 06"
"男性","20至29歲","高中、職","桃竹苗區","本省閩南人","05","04","08",1,1.83750673664887,1,0.000178571428571429,0.000329621305835112,"男性 | 20至29歲 | 高中、職 | 桃竹苗區 | 本省閩南人 | 05 | 04 | 08"
"男性","20至29歲","高中、職","桃竹苗區","本省閩南人","07","02","05",1,1.83750673664887,1,0.000178571428571429,0.000329621305835112,"男性 | 20至29歲 | 高中、職 | 桃竹苗區 | 本省閩南人 | 07 | 02 | 05"
"男性","20至29歲","高中、職","桃竹苗區","本省閩南人","10","05","05",1,1.83750673664887,1,0.000178571428571429,0.000329621305835112,"男性 | 20至29歲 | 高中、職 | 桃竹苗區 | 本省閩南人 | 10 | 05 | 05"
"男性","20至29歲","高中、職","花東區","原住民","02","01","03",1,1.54571945536119,1,0.000178571428571429,0.000277279018992927,"男性 | 20至29歲 | 高中、職 | 花東區 | 原住民 | 02 | 01 | 03"
"男性","20至29歲","高中、職","花東區","原住民","05","02","05",1,1.54571945536119,1,0.000178571428571429,0.000277279018992927,"男性 | 20至29歲 | 高中、職 | 花東區 | 原住民 | 05 | 02 | 05"
"男性","20至29歲","高中、職","雲嘉南區","大陸各省市","05","06","05",1,1.688864306,1,0.000178571428571429,0.000302957070479795,"男性 | 20至29歲 | 高中、職 | 雲嘉南區 | 大陸各省市 | 05 | 06 | 05"
"男性","20至29歲","高中、職","雲嘉南區","本省客家人","05","05","05",1,1.302384343,1,0.000178571428571429,0.000233628328689441,"男性 | 20至29歲 | 高中、職 | 雲嘉南區 | 本省客家人 | 05 | 05 | 05"
"男性","20至29歲","高中、職","雲嘉南區","本省閩南人","02","07","05",1,1.688864306,1,0.000178571428571429,0.000302957070479795,"男性 | 20至29歲 | 高中、職 | 雲嘉南區 | 本省閩南人 | 02 | 07 | 05"
"男性","20至29歲","高中、職","雲嘉南區","本省閩南人","03","05","10",1,1.72194478037107,1,0.000178571428571429,0.000308891214253179,"男性 | 20至29歲 | 高中、職 | 雲嘉南區 | 本省閩南人 | 03 | 05 | 10"
"男性","20至29歲","高中、職","雲嘉南區","本省閩南人","05","03","06",1,1.72194478037107,1,0.000178571428571429,0.000308891214253179,"男性 | 20至29歲 | 高中、職 | 雲嘉南區 | 本省閩南人 | 05 | 03 | 06"
"男性","20至29歲","高中、職","雲嘉南區","本省閩南人","06","04","07",1,1.688864306,1,0.000178571428571429,0.000302957070479795,"男性 | 20至29歲 | 高中、職 | 雲嘉南區 | 本省閩南人 | 06 | 04 | 07"
"男性","20至29歲","高中、職","雲嘉南區","本省閩南人","06","05","07",1,1.72194478037107,1,0.000178571428571429,0.000308891214253179,"男性 | 20至29歲 | 高中、職 | 雲嘉南區 | 本省閩南人 | 06 | 05 | 07"
"男性","20至29歲","高中、職","雲嘉南區","本省閩南人","07","05","08",1,1.302384343,1,0.000178571428571429,0.000233628328689441,"男性 | 20至29歲 | 高中、職 | 雲嘉南區 | 本省閩南人 | 07 | 05 | 08"
"男性","20至29歲","高中、職","高屏區","本省閩南人","00","00","03",1,2.46627904664661,1,0.000178571428571429,0.000442413681373498,"男性 | 20至29歲 | 高中、職 | 高屏區 | 本省閩南人 | 00 | 00 | 03"
"男性","20至29歲","高中、職","高屏區","本省閩南人","00","04","10",1,1.088187915,1,0.000178571428571429,0.000195204683815442,"男性 | 20至29歲 | 高中、職 | 高屏區 | 本省閩南人 | 00 | 04 | 10"
"男性","20至29歲","高中、職","高屏區","本省閩南人","00","10","05",1,1.361381919,1,0.000178571428571429,0.000244211613993576,"男性 | 20至29歲 | 高中、職 | 高屏區 | 本省閩南人 | 00 | 10 | 05"
"男性","20至29歲","高中、職","高屏區","本省閩南人","01","02","03",1,1.891246502,1,0.000178571428571429,0.000339261418318518,"男性 | 20至29歲 | 高中、職 | 高屏區 | 本省閩南人 | 01 | 02 | 03"
"男性","20至29歲","高中、職","高屏區","本省閩南人","03","00","07",1,1.891246502,1,0.000178571428571429,0.000339261418318518,"男性 | 20至29歲 | 高中、職 | 高屏區 | 本省閩南人 | 03 | 00 | 07"
"男性","20至29歲","高中、職","高屏區","本省閩南人","03","08","05",1,1.349134824,1,0.000178571428571429,0.000242014667791382,"男性 | 20至29歲 | 高中、職 | 高屏區 | 本省閩南人 | 03 | 08 | 05"
"男性","20至29歲","高中、職","高屏區","本省閩南人","05","05","04",1,2.46627904664661,1,0.000178571428571429,0.000442413681373498,"男性 | 20至29歲 | 高中、職 | 高屏區 | 本省閩南人 | 05 | 05 | 04"
"男性","20至29歲","高中、職","高屏區","本省閩南人","06","01","10",1,2.46627904664661,1,0.000178571428571429,0.000442413681373498,"男性 | 20至29歲 | 高中、職 | 高屏區 | 本省閩南人 | 06 | 01 | 10"
"男性","20至29歲","高中、職","高屏區","本省閩南人","06","03","05",1,1.891246502,1,0.000178571428571429,0.000339261418318518,"男性 | 20至29歲 | 高中、職 | 高屏區 | 本省閩南人 | 06 | 03 | 05"
"男性","20至29歲","高中、職","高屏區","本省閩南人","06","04","05",1,2.46627904664661,1,0.000178571428571429,0.000442413681373498,"男性 | 20至29歲 | 高中、職 | 高屏區 | 本省閩南人 | 06 | 04 | 05"
"男性","20至29歲","高中、職","高屏區","本省閩南人","06","04","06",1,2.46627904664661,1,0.000178571428571429,0.000442413681373498,"男性 | 20至29歲 | 高中、職 | 高屏區 | 本省閩南人 | 06 | 04 | 06"
"男性","20至29歲","高中、職","高屏區","本省閩南人","06","08","07",1,1.349134824,1,0.000178571428571429,0.000242014667791382,"男性 | 20至29歲 | 高中、職 | 高屏區 | 本省閩南人 | 06 | 08 | 07"
"男性","30至39歲","國、初中","中彰投區","本省閩南人","00","00","00",1,1.92384200267842,1,0.000178571428571429,0.000345108565043849,"男性 | 30至39歲 | 國、初中 | 中彰投區 | 本省閩南人 | 00 | 00 | 00"
"男性","30至39歲","國、初中","桃竹苗區","本省閩南人","00","00","00",1,1.76884164211181,1,0.000178571428571429,0.000317303811877035,"男性 | 30至39歲 | 國、初中 | 桃竹苗區 | 本省閩南人 | 00 | 00 | 00"
"男性","30至39歲","國、初中","高屏區","本省閩南人","00","00","00",1,1.484717401,1,0.000178571428571429,0.00026633616016356,"男性 | 30至39歲 | 國、初中 | 高屏區 | 本省閩南人 | 00 | 00 | 00"
"男性","30至39歲","國、初中","高屏區","本省閩南人","00","10","05",1,1.349134824,1,0.000178571428571429,0.000242014667791382,"男性 | 30至39歲 | 國、初中 | 高屏區 | 本省閩南人 | 00 | 10 | 05"
"男性","30至39歲","大學及以上","中彰投區","台灣人","05","02","04",1,1.17393037639444,1,0.000178571428571429,0.00021058560271313,"男性 | 30至39歲 | 大學及以上 | 中彰投區 | 台灣人 | 05 | 02 | 04"
"男性","30至39歲","大學及以上","中彰投區","大陸各省市","04","04","04",1,1.17393037639444,1,0.000178571428571429,0.00021058560271313,"男性 | 30至39歲 | 大學及以上 | 中彰投區 | 大陸各省市 | 04 | 04 | 04"
"男性","30至39歲","大學及以上","中彰投區","本省客家人","01","01","02",1,1.17393037639444,1,0.000178571428571429,0.00021058560271313,"男性 | 30至39歲 | 大學及以上 | 中彰投區 | 本省客家人 | 01 | 01 | 02"
"男性","30至39歲","大學及以上","中彰投區","本省客家人","02","00","05",1,1.17393037639444,1,0.000178571428571429,0.00021058560271313,"男性 | 30至39歲 | 大學及以上 | 中彰投區 | 本省客家人 | 02 | 00 | 05"
"男性","30至39歲","大學及以上","中彰投區","本省客家人","04","07","06",1,1.17393037639444,1,0.000178571428571429,0.00021058560271313,"男性 | 30至39歲 | 大學及以上 | 中彰投區 | 本省客家人 | 04 | 07 | 06"
"男性","30至39歲","大學及以上","中彰投區","本省客家人","04","07","07",1,0.927650901,1,0.000178571428571429,0.000166406737590736,"男性 | 30至39歲 | 大學及以上 | 中彰投區 | 本省客家人 | 04 | 07 | 07"
"男性","30至39歲","大學及以上","中彰投區","本省閩南人","00","00","06",1,0.900700034,1,0.000178571428571429,0.000161572153968947,"男性 | 30至39歲 | 大學及以上 | 中彰投區 | 本省閩南人 | 00 | 00 | 06"
"男性","30至39歲","大學及以上","中彰投區","本省閩南人","00","00","10",1,0.927650901,1,0.000178571428571429,0.000166406737590736,"男性 | 30至39歲 | 大學及以上 | 中彰投區 | 本省閩南人 | 00 | 00 | 10"
"男性","30至39歲","大學及以上","中彰投區","本省閩南人","00","04","00",1,1.17393037639444,1,0.000178571428571429,0.00021058560271313,"男性 | 30至39歲 | 大學及以上 | 中彰投區 | 本省閩南人 | 00 | 04 | 00"
"男性","30至39歲","大學及以上","中彰投區","本省閩南人","00","05","02",1,1.17393037639444,1,0.000178571428571429,0.00021058560271313,"男性 | 30至39歲 | 大學及以上 | 中彰投區 | 本省閩南人 | 00 | 05 | 02"
"男性","30至39歲","大學及以上","中彰投區","本省閩南人","00","08","00",1,0.900700034,1,0.000178571428571429,0.000161572153968947,"男性 | 30至39歲 | 大學及以上 | 中彰投區 | 本省閩南人 | 00 | 08 | 00"
"男性","30至39歲","大學及以上","中彰投區","本省閩南人","00","08","01",1,1.17393037639444,1,0.000178571428571429,0.00021058560271313,"男性 | 30至39歲 | 大學及以上 | 中彰投區 | 本省閩南人 | 00 | 08 | 01"
"男性","30至39歲","大學及以上","中彰投區","本省閩南人","01","01","05",1,1.17393037639444,1,0.000178571428571429,0.00021058560271313,"男性 | 30至39歲 | 大學及以上 | 中彰投區 | 本省閩南人 | 01 | 01 | 05"
"男性","30至39歲","大學及以上","中彰投區","本省閩南人","01","05","01",1,1.17393037639444,1,0.000178571428571429,0.00021058560271313,"男性 | 30至39歲 | 大學及以上 | 中彰投區 | 本省閩南人 | 01 | 05 | 01"
"男性","30至39歲","大學及以上","中彰投區","本省閩南人","01","05","07",1,1.17393037639444,1,0.000178571428571429,0.00021058560271313,"男性 | 30至39歲 | 大學及以上 | 中彰投區 | 本省閩南人 | 01 | 05 | 07"
"男性","30至39歲","大學及以上","中彰投區","本省閩南人","02","02","02",1,1.17393037639444,1,0.000178571428571429,0.00021058560271313,"男性 | 30至39歲 | 大學及以上 | 中彰投區 | 本省閩南人 | 02 | 02 | 02"
"男性","30至39歲","大學及以上","中彰投區","本省閩南人","02","02","05",1,0.900700034,1,0.000178571428571429,0.000161572153968947,"男性 | 30至39歲 | 大學及以上 | 中彰投區 | 本省閩南人 | 02 | 02 | 05"
"男性","30至39歲","大學及以上","中彰投區","本省閩南人","02","07","03",1,1.17393037639444,1,0.000178571428571429,0.00021058560271313,"男性 | 30至39歲 | 大學及以上 | 中彰投區 | 本省閩南人 | 02 | 07 | 03"
"男性","30至39歲","大學及以上","中彰投區","本省閩南人","03","00","05",1,0.927650901,1,0.000178571428571429,0.000166406737590736,"男性 | 30至39歲 | 大學及以上 | 中彰投區 | 本省閩南人 | 03 | 00 | 05"
"男性","30至39歲","大學及以上","中彰投區","本省閩南人","03","00","06",1,0.927650901,1,0.000178571428571429,0.000166406737590736,"男性 | 30至39歲 | 大學及以上 | 中彰投區 | 本省閩南人 | 03 | 00 | 06"
"男性","30至39歲","大學及以上","中彰投區","本省閩南人","03","03","01",1,1.17393037639444,1,0.000178571428571429,0.00021058560271313,"男性 | 30至39歲 | 大學及以上 | 中彰投區 | 本省閩南人 | 03 | 03 | 01"
"男性","30至39歲","大學及以上","中彰投區","本省閩南人","03","03","03",1,0.900700034,1,0.000178571428571429,0.000161572153968947,"男性 | 30至39歲 | 大學及以上 | 中彰投區 | 本省閩南人 | 03 | 03 | 03"
"男性","30至39歲","大學及以上","中彰投區","本省閩南人","03","03","05",1,1.17393037639444,1,0.000178571428571429,0.00021058560271313,"男性 | 30至39歲 | 大學及以上 | 中彰投區 | 本省閩南人 | 03 | 03 | 05"
"男性","30至39歲","大學及以上","中彰投區","本省閩南人","03","04","03",1,0.927650901,1,0.000178571428571429,0.000166406737590736,"男性 | 30至39歲 | 大學及以上 | 中彰投區 | 本省閩南人 | 03 | 04 | 03"
"男性","30至39歲","大學及以上","中彰投區","本省閩南人","03","05","09",1,1.17393037639444,1,0.000178571428571429,0.00021058560271313,"男性 | 30至39歲 | 大學及以上 | 中彰投區 | 本省閩南人 | 03 | 05 | 09"
"男性","30至39歲","大學及以上","中彰投區","本省閩南人","03","06","02",1,0.900700034,1,0.000178571428571429,0.000161572153968947,"男性 | 30至39歲 | 大學及以上 | 中彰投區 | 本省閩南人 | 03 | 06 | 02"
"男性","30至39歲","大學及以上","中彰投區","本省閩南人","03","06","06",1,0.900700034,1,0.000178571428571429,0.000161572153968947,"男性 | 30至39歲 | 大學及以上 | 中彰投區 | 本省閩南人 | 03 | 06 | 06"
"男性","30至39歲","大學及以上","中彰投區","本省閩南人","03","07","06",1,0.927650901,1,0.000178571428571429,0.000166406737590736,"男性 | 30至39歲 | 大學及以上 | 中彰投區 | 本省閩南人 | 03 | 07 | 06"
"男性","30至39歲","大學及以上","中彰投區","本省閩南人","03","10","00",1,0.900700034,1,0.000178571428571429,0.000161572153968947,"男性 | 30至39歲 | 大學及以上 | 中彰投區 | 本省閩南人 | 03 | 10 | 00"
"男性","30至39歲","大學及以上","中彰投區","本省閩南人","04","00","05",1,1.17393037639444,1,0.000178571428571429,0.00021058560271313,"男性 | 30至39歲 | 大學及以上 | 中彰投區 | 本省閩南人 | 04 | 00 | 05"
"男性","30至39歲","大學及以上","中彰投區","本省閩南人","04","01","09",1,1.17393037639444,1,0.000178571428571429,0.00021058560271313,"男性 | 30至39歲 | 大學及以上 | 中彰投區 | 本省閩南人 | 04 | 01 | 09"
"男性","30至39歲","大學及以上","中彰投區","本省閩南人","04","04","04",1,1.17393037639444,1,0.000178571428571429,0.00021058560271313,"男性 | 30至39歲 | 大學及以上 | 中彰投區 | 本省閩南人 | 04 | 04 | 04"
"男性","30至39歲","大學及以上","中彰投區","本省閩南人","05","01","09",1,1.17393037639444,1,0.000178571428571429,0.00021058560271313,"男性 | 30至39歲 | 大學及以上 | 中彰投區 | 本省閩南人 | 05 | 01 | 09"
"男性","30至39歲","大學及以上","中彰投區","本省閩南人","05","01","10",1,1.17393037639444,1,0.000178571428571429,0.00021058560271313,"男性 | 30至39歲 | 大學及以上 | 中彰投區 | 本省閩南人 | 05 | 01 | 10"
"男性","30至39歲","大學及以上","中彰投區","本省閩南人","05","02","08",1,1.057012908,1,0.000178571428571429,0.000189612352472211,"男性 | 30至39歲 | 大學及以上 | 中彰投區 | 本省閩南人 | 05 | 02 | 08"
"男性","30至39歲","大學及以上","中彰投區","本省閩南人","05","03","06",1,0.900700034,1,0.000178571428571429,0.000161572153968947,"男性 | 30至39歲 | 大學及以上 | 中彰投區 | 本省閩南人 | 05 | 03 | 06"
"男性","30至39歲","大學及以上","中彰投區","本省閩南人","05","04","03",1,1.057012908,1,0.000178571428571429,0.000189612352472211,"男性 | 30至39歲 | 大學及以上 | 中彰投區 | 本省閩南人 | 05 | 04 | 03"
"男性","30至39歲","大學及以上","中彰投區","本省閩南人","05","04","05",1,0.900700034,1,0.000178571428571429,0.000161572153968947,"男性 | 30至39歲 | 大學及以上 | 中彰投區 | 本省閩南人 | 05 | 04 | 05"
"男性","30至39歲","大學及以上","中彰投區","本省閩南人","05","08","07",1,0.900700034,1,0.000178571428571429,0.000161572153968947,"男性 | 30至39歲 | 大學及以上 | 中彰投區 | 本省閩南人 | 05 | 08 | 07"
"男性","30至39歲","大學及以上","中彰投區","本省閩南人","06","00","03",1,1.057012908,1,0.000178571428571429,0.000189612352472211,"男性 | 30至39歲 | 大學及以上 | 中彰投區 | 本省閩南人 | 06 | 00 | 03"
"男性","30至39歲","大學及以上","中彰投區","本省閩南人","06","03","08",1,0.900700034,1,0.000178571428571429,0.000161572153968947,"男性 | 30至39歲 | 大學及以上 | 中彰投區 | 本省閩南人 | 06 | 03 | 08"
"男性","30至39歲","大學及以上","中彰投區","本省閩南人","06","06","05",1,1.17393037639444,1,0.000178571428571429,0.00021058560271313,"男性 | 30至39歲 | 大學及以上 | 中彰投區 | 本省閩南人 | 06 | 06 | 05"
"男性","30至39歲","大學及以上","中彰投區","本省閩南人","07","03","06",1,1.17393037639444,1,0.000178571428571429,0.00021058560271313,"男性 | 30至39歲 | 大學及以上 | 中彰投區 | 本省閩南人 | 07 | 03 | 06"
"男性","30至39歲","大學及以上","北北基宜蘭區","外國新住民","03","02","07",1,1.187960501,1,0.000178571428571429,0.000213102397836259,"男性 | 30至39歲 | 大學及以上 | 北北基宜蘭區 | 外國新住民 | 03 | 02 | 07"
"男性","30至39歲","大學及以上","北北基宜蘭區","大陸各省市","00","00","05",1,1.1464710699465,1,0.000178571428571429,0.000205659812636734,"男性 | 30至39歲 | 大學及以上 | 北北基宜蘭區 | 大陸各省市 | 00 | 00 | 05"
"男性","30至39歲","大學及以上","北北基宜蘭區","大陸各省市","00","07","00",1,1.187960501,1,0.000178571428571429,0.000213102397836259,"男性 | 30至39歲 | 大學及以上 | 北北基宜蘭區 | 大陸各省市 | 00 | 07 | 00"
"男性","30至39歲","大學及以上","北北基宜蘭區","大陸各省市","00","10","00",1,1.13822698,1,0.000178571428571429,0.000204180945844363,"男性 | 30至39歲 | 大學及以上 | 北北基宜蘭區 | 大陸各省市 | 00 | 10 | 00"
"男性","30至39歲","大學及以上","北北基宜蘭區","大陸各省市","01","00","07",1,1.296954068,1,0.000178571428571429,0.000232654218336078,"男性 | 30至39歲 | 大學及以上 | 北北基宜蘭區 | 大陸各省市 | 01 | 00 | 07"
"男性","30至39歲","大學及以上","北北基宜蘭區","大陸各省市","02","04","03",1,1.13822698,1,0.000178571428571429,0.000204180945844363,"男性 | 30至39歲 | 大學及以上 | 北北基宜蘭區 | 大陸各省市 | 02 | 04 | 03"
"男性","30至39歲","大學及以上","北北基宜蘭區","大陸各省市","02","06","02",1,1.1464710699465,1,0.000178571428571429,0.000205659812636734,"男性 | 30至39歲 | 大學及以上 | 北北基宜蘭區 | 大陸各省市 | 02 | 06 | 02"
"男性","30至39歲","大學及以上","北北基宜蘭區","大陸各省市","02","07","06",1,1.187960501,1,0.000178571428571429,0.000213102397836259,"男性 | 30至39歲 | 大學及以上 | 北北基宜蘭區 | 大陸各省市 | 02 | 07 | 06"
"男性","30至39歲","大學及以上","北北基宜蘭區","大陸各省市","04","00","07",1,1.1464710699465,1,0.000178571428571429,0.000205659812636734,"男性 | 30至39歲 | 大學及以上 | 北北基宜蘭區 | 大陸各省市 | 04 | 00 | 07"
"男性","30至39歲","大學及以上","北北基宜蘭區","大陸各省市","05","05","05",1,1.13822698,1,0.000178571428571429,0.000204180945844363,"男性 | 30至39歲 | 大學及以上 | 北北基宜蘭區 | 大陸各省市 | 05 | 05 | 05"
"男性","30至39歲","大學及以上","北北基宜蘭區","大陸各省市","07","04","06",1,1.13822698,1,0.000178571428571429,0.000204180945844363,"男性 | 30至39歲 | 大學及以上 | 北北基宜蘭區 | 大陸各省市 | 07 | 04 | 06"
"男性","30至39歲","大學及以上","北北基宜蘭區","大陸各省市","09","03","05",1,1.187960501,1,0.000178571428571429,0.000213102397836259,"男性 | 30至39歲 | 大學及以上 | 北北基宜蘭區 | 大陸各省市 | 09 | 03 | 05"
"男性","30至39歲","大學及以上","北北基宜蘭區","本省客家人","00","00","07",1,1.1464710699465,1,0.000178571428571429,0.000205659812636734,"男性 | 30至39歲 | 大學及以上 | 北北基宜蘭區 | 本省客家人 | 00 | 00 | 07"
"男性","30至39歲","大學及以上","北北基宜蘭區","本省客家人","02","00","10",1,1.1464710699465,1,0.000178571428571429,0.000205659812636734,"男性 | 30至39歲 | 大學及以上 | 北北基宜蘭區 | 本省客家人 | 02 | 00 | 10"
"男性","30至39歲","大學及以上","北北基宜蘭區","本省客家人","02","03","02",1,1.1464710699465,1,0.000178571428571429,0.000205659812636734,"男性 | 30至39歲 | 大學及以上 | 北北基宜蘭區 | 本省客家人 | 02 | 03 | 02"
"男性","30至39歲","大學及以上","北北基宜蘭區","本省客家人","02","07","02",1,1.1464710699465,1,0.000178571428571429,0.000205659812636734,"男性 | 30至39歲 | 大學及以上 | 北北基宜蘭區 | 本省客家人 | 02 | 07 | 02"
"男性","30至39歲","大學及以上","北北基宜蘭區","本省客家人","03","06","04",1,1.1464710699465,1,0.000178571428571429,0.000205659812636734,"男性 | 30至39歲 | 大學及以上 | 北北基宜蘭區 | 本省客家人 | 03 | 06 | 04"
"男性","30至39歲","大學及以上","北北基宜蘭區","本省客家人","03","07","03",1,1.187960501,1,0.000178571428571429,0.000213102397836259,"男性 | 30至39歲 | 大學及以上 | 北北基宜蘭區 | 本省客家人 | 03 | 07 | 03"
"男性","30至39歲","大學及以上","北北基宜蘭區","本省客家人","04","02","05",1,1.296954068,1,0.000178571428571429,0.000232654218336078,"男性 | 30至39歲 | 大學及以上 | 北北基宜蘭區 | 本省客家人 | 04 | 02 | 05"
"男性","30至39歲","大學及以上","北北基宜蘭區","本省客家人","05","02","06",1,1.1464710699465,1,0.000178571428571429,0.000205659812636734,"男性 | 30至39歲 | 大學及以上 | 北北基宜蘭區 | 本省客家人 | 05 | 02 | 06"
"男性","30至39歲","大學及以上","北北基宜蘭區","本省客家人","05","03","05",1,1.1464710699465,1,0.000178571428571429,0.000205659812636734,"男性 | 30至39歲 | 大學及以上 | 北北基宜蘭區 | 本省客家人 | 05 | 03 | 05"
"男性","30至39歲","大學及以上","北北基宜蘭區","本省客家人","05","05","06",1,1.187960501,1,0.000178571428571429,0.000213102397836259,"男性 | 30至39歲 | 大學及以上 | 北北基宜蘭區 | 本省客家人 | 05 | 05 | 06"
"男性","30至39歲","大學及以上","北北基宜蘭區","本省客家人","06","01","09",1,1.1464710699465,1,0.000178571428571429,0.000205659812636734,"男性 | 30至39歲 | 大學及以上 | 北北基宜蘭區 | 本省客家人 | 06 | 01 | 09"
"男性","30至39歲","大學及以上","北北基宜蘭區","本省客家人","06","05","06",1,1.13822698,1,0.000178571428571429,0.000204180945844363,"男性 | 30至39歲 | 大學及以上 | 北北基宜蘭區 | 本省客家人 | 06 | 05 | 06"
"男性","30至39歲","大學及以上","北北基宜蘭區","本省客家人","07","00","09",1,1.13822698,1,0.000178571428571429,0.000204180945844363,"男性 | 30至39歲 | 大學及以上 | 北北基宜蘭區 | 本省客家人 | 07 | 00 | 09"
"男性","30至39歲","大學及以上","北北基宜蘭區","本省客家人","08","04","10",1,1.13822698,1,0.000178571428571429,0.000204180945844363,"男性 | 30至39歲 | 大學及以上 | 北北基宜蘭區 | 本省客家人 | 08 | 04 | 10"
"男性","30至39歲","大學及以上","北北基宜蘭區","本省閩南人","00","00","00",1,1.13822698,1,0.000178571428571429,0.000204180945844363,"男性 | 30至39歲 | 大學及以上 | 北北基宜蘭區 | 本省閩南人 | 00 | 00 | 00"
"男性","30至39歲","大學及以上","北北基宜蘭區","本省閩南人","00","04","00",1,1.1464710699465,1,0.000178571428571429,0.000205659812636734,"男性 | 30至39歲 | 大學及以上 | 北北基宜蘭區 | 本省閩南人 | 00 | 04 | 00"
"男性","30至39歲","大學及以上","北北基宜蘭區","本省閩南人","00","04","02",1,1.1464710699465,1,0.000178571428571429,0.000205659812636734,"男性 | 30至39歲 | 大學及以上 | 北北基宜蘭區 | 本省閩南人 | 00 | 04 | 02"
"男性","30至39歲","大學及以上","北北基宜蘭區","本省閩南人","00","05","02",1,1.1464710699465,1,0.000178571428571429,0.000205659812636734,"男性 | 30至39歲 | 大學及以上 | 北北基宜蘭區 | 本省閩南人 | 00 | 05 | 02"
"男性","30至39歲","大學及以上","北北基宜蘭區","本省閩南人","00","06","01",1,1.1464710699465,1,0.000178571428571429,0.000205659812636734,"男性 | 30至39歲 | 大學及以上 | 北北基宜蘭區 | 本省閩南人 | 00 | 06 | 01"
"男性","30至39歲","大學及以上","北北基宜蘭區","本省閩南人","00","06","03",1,1.1464710699465,1,0.000178571428571429,0.000205659812636734,"男性 | 30至39歲 | 大學及以上 | 北北基宜蘭區 | 本省閩南人 | 00 | 06 | 03"
"男性","30至39歲","大學及以上","北北基宜蘭區","本省閩南人","00","06","05",1,1.187960501,1,0.000178571428571429,0.000213102397836259,"男性 | 30至39歲 | 大學及以上 | 北北基宜蘭區 | 本省閩南人 | 00 | 06 | 05"
"男性","30至39歲","大學及以上","北北基宜蘭區","本省閩南人","00","07","00",1,1.1464710699465,1,0.000178571428571429,0.000205659812636734,"男性 | 30至39歲 | 大學及以上 | 北北基宜蘭區 | 本省閩南人 | 00 | 07 | 00"
"男性","30至39歲","大學及以上","北北基宜蘭區","本省閩南人","00","08","00",1,1.1464710699465,1,0.000178571428571429,0.000205659812636734,"男性 | 30至39歲 | 大學及以上 | 北北基宜蘭區 | 本省閩南人 | 00 | 08 | 00"
"男性","30至39歲","大學及以上","北北基宜蘭區","本省閩南人","00","09","03",1,1.296954068,1,0.000178571428571429,0.000232654218336078,"男性 | 30至39歲 | 大學及以上 | 北北基宜蘭區 | 本省閩南人 | 00 | 09 | 03"
"男性","30至39歲","大學及以上","北北基宜蘭區","本省閩南人","01","00","04",1,1.1464710699465,1,0.000178571428571429,0.000205659812636734,"男性 | 30至39歲 | 大學及以上 | 北北基宜蘭區 | 本省閩南人 | 01 | 00 | 04"
"男性","30至39歲","大學及以上","北北基宜蘭區","本省閩南人","01","03","02",1,1.1464710699465,1,0.000178571428571429,0.000205659812636734,"男性 | 30至39歲 | 大學及以上 | 北北基宜蘭區 | 本省閩南人 | 01 | 03 | 02"
"男性","30至39歲","大學及以上","北北基宜蘭區","本省閩南人","01","05","05",1,1.187960501,1,0.000178571428571429,0.000213102397836259,"男性 | 30至39歲 | 大學及以上 | 北北基宜蘭區 | 本省閩南人 | 01 | 05 | 05"
"男性","30至39歲","大學及以上","北北基宜蘭區","本省閩南人","01","06","00",1,1.1464710699465,1,0.000178571428571429,0.000205659812636734,"男性 | 30至39歲 | 大學及以上 | 北北基宜蘭區 | 本省閩南人 | 01 | 06 | 00"
"男性","30至39歲","大學及以上","北北基宜蘭區","本省閩南人","02","02","02",1,1.13822698,1,0.000178571428571429,0.000204180945844363,"男性 | 30至39歲 | 大學及以上 | 北北基宜蘭區 | 本省閩南人 | 02 | 02 | 02"
"男性","30至39歲","大學及以上","北北基宜蘭區","本省閩南人","02","02","07",1,1.1464710699465,1,0.000178571428571429,0.000205659812636734,"男性 | 30至39歲 | 大學及以上 | 北北基宜蘭區 | 本省閩南人 | 02 | 02 | 07"
"男性","30至39歲","大學及以上","北北基宜蘭區","本省閩南人","02","03","01",1,1.1464710699465,1,0.000178571428571429,0.000205659812636734,"男性 | 30至39歲 | 大學及以上 | 北北基宜蘭區 | 本省閩南人 | 02 | 03 | 01"
"男性","30至39歲","大學及以上","北北基宜蘭區","本省閩南人","02","04","07",1,1.187960501,1,0.000178571428571429,0.000213102397836259,"男性 | 30至39歲 | 大學及以上 | 北北基宜蘭區 | 本省閩南人 | 02 | 04 | 07"
"男性","30至39歲","大學及以上","北北基宜蘭區","本省閩南人","02","07","00",1,1.1464710699465,1,0.000178571428571429,0.000205659812636734,"男性 | 30至39歲 | 大學及以上 | 北北基宜蘭區 | 本省閩南人 | 02 | 07 | 00"
"男性","30至39歲","大學及以上","北北基宜蘭區","本省閩南人","02","08","02",1,1.1464710699465,1,0.000178571428571429,0.000205659812636734,"男性 | 30至39歲 | 大學及以上 | 北北基宜蘭區 | 本省閩南人 | 02 | 08 | 02"
"男性","30至39歲","大學及以上","北北基宜蘭區","本省閩南人","02","09","03",1,1.1464710699465,1,0.000178571428571429,0.000205659812636734,"男性 | 30至39歲 | 大學及以上 | 北北基宜蘭區 | 本省閩南人 | 02 | 09 | 03"
"男性","30至39歲","大學及以上","北北基宜蘭區","本省閩南人","03","00","04",1,1.187960501,1,0.000178571428571429,0.000213102397836259,"男性 | 30至39歲 | 大學及以上 | 北北基宜蘭區 | 本省閩南人 | 03 | 00 | 04"
"男性","30至39歲","大學及以上","北北基宜蘭區","本省閩南人","03","03","03",1,1.1464710699465,1,0.000178571428571429,0.000205659812636734,"男性 | 30至39歲 | 大學及以上 | 北北基宜蘭區 | 本省閩南人 | 03 | 03 | 03"
"男性","30至39歲","大學及以上","北北基宜蘭區","本省閩南人","03","03","04",1,1.1464710699465,1,0.000178571428571429,0.000205659812636734,"男性 | 30至39歲 | 大學及以上 | 北北基宜蘭區 | 本省閩南人 | 03 | 03 | 04"
"男性","30至39歲","大學及以上","北北基宜蘭區","本省閩南人","03","03","06",1,1.296954068,1,0.000178571428571429,0.000232654218336078,"男性 | 30至39歲 | 大學及以上 | 北北基宜蘭區 | 本省閩南人 | 03 | 03 | 06"
"男性","30至39歲","大學及以上","北北基宜蘭區","本省閩南人","03","04","06",1,1.296954068,1,0.000178571428571429,0.000232654218336078,"男性 | 30至39歲 | 大學及以上 | 北北基宜蘭區 | 本省閩南人 | 03 | 04 | 06"
"男性","30至39歲","大學及以上","北北基宜蘭區","本省閩南人","03","06","01",1,1.1464710699465,1,0.000178571428571429,0.000205659812636734,"男性 | 30至39歲 | 大學及以上 | 北北基宜蘭區 | 本省閩南人 | 03 | 06 | 01"
"男性","30至39歲","大學及以上","北北基宜蘭區","本省閩南人","03","06","05",1,1.187960501,1,0.000178571428571429,0.000213102397836259,"男性 | 30至39歲 | 大學及以上 | 北北基宜蘭區 | 本省閩南人 | 03 | 06 | 05"
"男性","30至39歲","大學及以上","北北基宜蘭區","本省閩南人","03","07","00",1,1.13822698,1,0.000178571428571429,0.000204180945844363,"男性 | 30至39歲 | 大學及以上 | 北北基宜蘭區 | 本省閩南人 | 03 | 07 | 00"
"男性","30至39歲","大學及以上","北北基宜蘭區","本省閩南人","03","07","04",1,1.1464710699465,1,0.000178571428571429,0.000205659812636734,"男性 | 30至39歲 | 大學及以上 | 北北基宜蘭區 | 本省閩南人 | 03 | 07 | 04"
"男性","30至39歲","大學及以上","北北基宜蘭區","本省閩南人","03","08","00",1,1.13822698,1,0.000178571428571429,0.000204180945844363,"男性 | 30至39歲 | 大學及以上 | 北北基宜蘭區 | 本省閩南人 | 03 | 08 | 00"
"男性","30至39歲","大學及以上","北北基宜蘭區","本省閩南人","04","03","06",1,1.1464710699465,1,0.000178571428571429,0.000205659812636734,"男性 | 30至39歲 | 大學及以上 | 北北基宜蘭區 | 本省閩南人 | 04 | 03 | 06"
"男性","30至39歲","大學及以上","北北基宜蘭區","本省閩南人","04","04","05",1,1.1464710699465,1,0.000178571428571429,0.000205659812636734,"男性 | 30至39歲 | 大學及以上 | 北北基宜蘭區 | 本省閩南人 | 04 | 04 | 05"
"男性","30至39歲","大學及以上","北北基宜蘭區","本省閩南人","04","06","04",1,1.1464710699465,1,0.000178571428571429,0.000205659812636734,"男性 | 30至39歲 | 大學及以上 | 北北基宜蘭區 | 本省閩南人 | 04 | 06 | 04"
"男性","30至39歲","大學及以上","北北基宜蘭區","本省閩南人","04","07","07",1,1.239469446,1,0.000178571428571429,0.000222342334416874,"男性 | 30至39歲 | 大學及以上 | 北北基宜蘭區 | 本省閩南人 | 04 | 07 | 07"
"男性","30至39歲","大學及以上","北北基宜蘭區","本省閩南人","04","08","02",1,1.187960501,1,0.000178571428571429,0.000213102397836259,"男性 | 30至39歲 | 大學及以上 | 北北基宜蘭區 | 本省閩南人 | 04 | 08 | 02"
"男性","30至39歲","大學及以上","北北基宜蘭區","本省閩南人","04","08","07",1,1.187960501,1,0.000178571428571429,0.000213102397836259,"男性 | 30至39歲 | 大學及以上 | 北北基宜蘭區 | 本省閩南人 | 04 | 08 | 07"
"男性","30至39歲","大學及以上","北北基宜蘭區","本省閩南人","04","10","02",1,1.187960501,1,0.000178571428571429,0.000213102397836259,"男性 | 30至39歲 | 大學及以上 | 北北基宜蘭區 | 本省閩南人 | 04 | 10 | 02"
"男性","30至39歲","大學及以上","北北基宜蘭區","本省閩南人","05","00","10",1,1.187960501,1,0.000178571428571429,0.000213102397836259,"男性 | 30至39歲 | 大學及以上 | 北北基宜蘭區 | 本省閩南人 | 05 | 00 | 10"
"男性","30至39歲","大學及以上","北北基宜蘭區","本省閩南人","05","04","06",1,1.13822698,1,0.000178571428571429,0.000204180945844363,"男性 | 30至39歲 | 大學及以上 | 北北基宜蘭區 | 本省閩南人 | 05 | 04 | 06"
"男性","30至39歲","大學及以上","北北基宜蘭區","本省閩南人","05","05","07",1,1.1464710699465,1,0.000178571428571429,0.000205659812636734,"男性 | 30至39歲 | 大學及以上 | 北北基宜蘭區 | 本省閩南人 | 05 | 05 | 07"
"男性","30至39歲","大學及以上","北北基宜蘭區","本省閩南人","05","05","08",1,1.13822698,1,0.000178571428571429,0.000204180945844363,"男性 | 30至39歲 | 大學及以上 | 北北基宜蘭區 | 本省閩南人 | 05 | 05 | 08"
"男性","30至39歲","大學及以上","北北基宜蘭區","本省閩南人","05","06","05",1,1.1464710699465,1,0.000178571428571429,0.000205659812636734,"男性 | 30至39歲 | 大學及以上 | 北北基宜蘭區 | 本省閩南人 | 05 | 06 | 05"
"男性","30至39歲","大學及以上","北北基宜蘭區","本省閩南人","05","06","06",1,1.187960501,1,0.000178571428571429,0.000213102397836259,"男性 | 30至39歲 | 大學及以上 | 北北基宜蘭區 | 本省閩南人 | 05 | 06 | 06"
"男性","30至39歲","大學及以上","北北基宜蘭區","本省閩南人","05","07","03",1,1.13822698,1,0.000178571428571429,0.000204180945844363,"男性 | 30至39歲 | 大學及以上 | 北北基宜蘭區 | 本省閩南人 | 05 | 07 | 03"
"男性","30至39歲","大學及以上","北北基宜蘭區","本省閩南人","05","07","07",1,1.1464710699465,1,0.000178571428571429,0.000205659812636734,"男性 | 30至39歲 | 大學及以上 | 北北基宜蘭區 | 本省閩南人 | 05 | 07 | 07"
"男性","30至39歲","大學及以上","北北基宜蘭區","本省閩南人","05","08","03",1,1.1464710699465,1,0.000178571428571429,0.000205659812636734,"男性 | 30至39歲 | 大學及以上 | 北北基宜蘭區 | 本省閩南人 | 05 | 08 | 03"
"男性","30至39歲","大學及以上","北北基宜蘭區","本省閩南人","06","05","06",1,1.1464710699465,1,0.000178571428571429,0.000205659812636734,"男性 | 30至39歲 | 大學及以上 | 北北基宜蘭區 | 本省閩南人 | 06 | 05 | 06"
"男性","30至39歲","大學及以上","北北基宜蘭區","本省閩南人","06","06","05",1,1.1464710699465,1,0.000178571428571429,0.000205659812636734,"男性 | 30至39歲 | 大學及以上 | 北北基宜蘭區 | 本省閩南人 | 06 | 06 | 05"
"男性","30至39歲","大學及以上","北北基宜蘭區","本省閩南人","06","06","07",1,1.1464710699465,1,0.000178571428571429,0.000205659812636734,"男性 | 30至39歲 | 大學及以上 | 北北基宜蘭區 | 本省閩南人 | 06 | 06 | 07"
"男性","30至39歲","大學及以上","北北基宜蘭區","本省閩南人","07","00","08",1,1.296954068,1,0.000178571428571429,0.000232654218336078,"男性 | 30至39歲 | 大學及以上 | 北北基宜蘭區 | 本省閩南人 | 07 | 00 | 08"
"男性","30至39歲","大學及以上","北北基宜蘭區","本省閩南人","07","01","04",1,1.1464710699465,1,0.000178571428571429,0.000205659812636734,"男性 | 30至39歲 | 大學及以上 | 北北基宜蘭區 | 本省閩南人 | 07 | 01 | 04"
"男性","30至39歲","大學及以上","北北基宜蘭區","本省閩南人","07","04","05",1,1.1464710699465,1,0.000178571428571429,0.000205659812636734,"男性 | 30至39歲 | 大學及以上 | 北北基宜蘭區 | 本省閩南人 | 07 | 04 | 05"
"男性","30至39歲","大學及以上","北北基宜蘭區","本省閩南人","07","04","06",1,1.1464710699465,1,0.000178571428571429,0.000205659812636734,"男性 | 30至39歲 | 大學及以上 | 北北基宜蘭區 | 本省閩南人 | 07 | 04 | 06"
"男性","30至39歲","大學及以上","北北基宜蘭區","本省閩南人","07","08","05",1,1.1464710699465,1,0.000178571428571429,0.000205659812636734,"男性 | 30至39歲 | 大學及以上 | 北北基宜蘭區 | 本省閩南人 | 07 | 08 | 05"
"男性","30至39歲","大學及以上","北北基宜蘭區","本省閩南人","07","08","07",1,1.1464710699465,1,0.000178571428571429,0.000205659812636734,"男性 | 30至39歲 | 大學及以上 | 北北基宜蘭區 | 本省閩南人 | 07 | 08 | 07"
"男性","30至39歲","大學及以上","桃竹苗區","大陸各省市","00","08","00",1,1.07934899633937,1,0.000178571428571429,0.000193619113622431,"男性 | 30至39歲 | 大學及以上 | 桃竹苗區 | 大陸各省市 | 00 | 08 | 00"
"男性","30至39歲","大學及以上","桃竹苗區","大陸各省市","03","04","08",1,1.031235569,1,0.000178571428571429,0.000184988282272812,"男性 | 30至39歲 | 大學及以上 | 桃竹苗區 | 大陸各省市 | 03 | 04 | 08"
"男性","30至39歲","大學及以上","桃竹苗區","大陸各省市","03","06","08",1,1.021718618,1,0.000178571428571429,0.000183281083189607,"男性 | 30至39歲 | 大學及以上 | 桃竹苗區 | 大陸各省市 | 03 | 06 | 08"
"男性","30至39歲","大學及以上","桃竹苗區","大陸各省市","04","04","04",1,1.17504258,1,0.000178571428571429,0.000210785115453686,"男性 | 30至39歲 | 大學及以上 | 桃竹苗區 | 大陸各省市 | 04 | 04 | 04"
"男性","30至39歲","大學及以上","桃竹苗區","大陸各省市","04","06","08",1,1.031235569,1,0.000178571428571429,0.000184988282272812,"男性 | 30至39歲 | 大學及以上 | 桃竹苗區 | 大陸各省市 | 04 | 06 | 08"
"男性","30至39歲","大學及以上","桃竹苗區","大陸各省市","05","03","10",1,1.031235569,1,0.000178571428571429,0.000184988282272812,"男性 | 30至39歲 | 大學及以上 | 桃竹苗區 | 大陸各省市 | 05 | 03 | 10"
"男性","30至39歲","大學及以上","桃竹苗區","大陸各省市","06","03","04",1,1.021718618,1,0.000178571428571429,0.000183281083189607,"男性 | 30至39歲 | 大學及以上 | 桃竹苗區 | 大陸各省市 | 06 | 03 | 04"
"男性","30至39歲","大學及以上","桃竹苗區","大陸各省市","07","01","05",1,1.021718618,1,0.000178571428571429,0.000183281083189607,"男性 | 30至39歲 | 大學及以上 | 桃竹苗區 | 大陸各省市 | 07 | 01 | 05"
"男性","30至39歲","大學及以上","桃竹苗區","本省客家人","00","05","03",1,1.07934899633937,1,0.000178571428571429,0.000193619113622431,"男性 | 30至39歲 | 大學及以上 | 桃竹苗區 | 本省客家人 | 00 | 05 | 03"
"男性","30至39歲","大學及以上","桃竹苗區","本省客家人","00","10","00",1,1.021718618,1,0.000178571428571429,0.000183281083189607,"男性 | 30至39歲 | 大學及以上 | 桃竹苗區 | 本省客家人 | 00 | 10 | 00"
"男性","30至39歲","大學及以上","桃竹苗區","本省客家人","01","03","01",1,1.07934899633937,1,0.000178571428571429,0.000193619113622431,"男性 | 30至39歲 | 大學及以上 | 桃竹苗區 | 本省客家人 | 01 | 03 | 01"
"男性","30至39歲","大學及以上","桃竹苗區","本省客家人","02","00","10",1,1.17504258,1,0.000178571428571429,0.000210785115453686,"男性 | 30至39歲 | 大學及以上 | 桃竹苗區 | 本省客家人 | 02 | 00 | 10"
"男性","30至39歲","大學及以上","桃竹苗區","本省客家人","02","03","05",1,1.031235569,1,0.000178571428571429,0.000184988282272812,"男性 | 30至39歲 | 大學及以上 | 桃竹苗區 | 本省客家人 | 02 | 03 | 05"
"男性","30至39歲","大學及以上","桃竹苗區","本省客家人","02","07","09",1,1.031235569,1,0.000178571428571429,0.000184988282272812,"男性 | 30至39歲 | 大學及以上 | 桃竹苗區 | 本省客家人 | 02 | 07 | 09"
"男性","30至39歲","大學及以上","桃竹苗區","本省客家人","03","01","03",1,1.031235569,1,0.000178571428571429,0.000184988282272812,"男性 | 30至39歲 | 大學及以上 | 桃竹苗區 | 本省客家人 | 03 | 01 | 03"
"男性","30至39歲","大學及以上","桃竹苗區","本省客家人","03","01","10",1,1.021718618,1,0.000178571428571429,0.000183281083189607,"男性 | 30至39歲 | 大學及以上 | 桃竹苗區 | 本省客家人 | 03 | 01 | 10"
"男性","30至39歲","大學及以上","桃竹苗區","本省客家人","03","02","07",1,1.031235569,1,0.000178571428571429,0.000184988282272812,"男性 | 30至39歲 | 大學及以上 | 桃竹苗區 | 本省客家人 | 03 | 02 | 07"
"男性","30至39歲","大學及以上","桃竹苗區","本省客家人","03","06","00",1,1.07934899633937,1,0.000178571428571429,0.000193619113622431,"男性 | 30至39歲 | 大學及以上 | 桃竹苗區 | 本省客家人 | 03 | 06 | 00"
"男性","30至39歲","大學及以上","桃竹苗區","本省客家人","04","06","07",1,1.031235569,1,0.000178571428571429,0.000184988282272812,"男性 | 30至39歲 | 大學及以上 | 桃竹苗區 | 本省客家人 | 04 | 06 | 07"
"男性","30至39歲","大學及以上","桃竹苗區","本省客家人","04","08","08",1,1.021718618,1,0.000178571428571429,0.000183281083189607,"男性 | 30至39歲 | 大學及以上 | 桃竹苗區 | 本省客家人 | 04 | 08 | 08"
"男性","30至39歲","大學及以上","桃竹苗區","本省客家人","05","02","07",1,1.07934899633937,1,0.000178571428571429,0.000193619113622431,"男性 | 30至39歲 | 大學及以上 | 桃竹苗區 | 本省客家人 | 05 | 02 | 07"
"男性","30至39歲","大學及以上","桃竹苗區","本省客家人","05","05","05",1,1.07934899633937,1,0.000178571428571429,0.000193619113622431,"男性 | 30至39歲 | 大學及以上 | 桃竹苗區 | 本省客家人 | 05 | 05 | 05"
"男性","30至39歲","大學及以上","桃竹苗區","本省客家人","05","06","06",1,1.021718618,1,0.000178571428571429,0.000183281083189607,"男性 | 30至39歲 | 大學及以上 | 桃竹苗區 | 本省客家人 | 05 | 06 | 06"
"男性","30至39歲","大學及以上","桃竹苗區","本省客家人","06","03","08",1,1.07934899633937,1,0.000178571428571429,0.000193619113622431,"男性 | 30至39歲 | 大學及以上 | 桃竹苗區 | 本省客家人 | 06 | 03 | 08"
"男性","30至39歲","大學及以上","桃竹苗區","本省客家人","06","04","02",1,1.031235569,1,0.000178571428571429,0.000184988282272812,"男性 | 30至39歲 | 大學及以上 | 桃竹苗區 | 本省客家人 | 06 | 04 | 02"
"男性","30至39歲","大學及以上","桃竹苗區","本省客家人","06","06","06",1,1.07934899633937,1,0.000178571428571429,0.000193619113622431,"男性 | 30至39歲 | 大學及以上 | 桃竹苗區 | 本省客家人 | 06 | 06 | 06"
"男性","30至39歲","大學及以上","桃竹苗區","本省客家人","07","02","08",1,1.07934899633937,1,0.000178571428571429,0.000193619113622431,"男性 | 30至39歲 | 大學及以上 | 桃竹苗區 | 本省客家人 | 07 | 02 | 08"
"男性","30至39歲","大學及以上","桃竹苗區","本省閩南人","00","04","05",1,1.021718618,1,0.000178571428571429,0.000183281083189607,"男性 | 30至39歲 | 大學及以上 | 桃竹苗區 | 本省閩南人 | 00 | 04 | 05"
"男性","30至39歲","大學及以上","桃竹苗區","本省閩南人","00","05","07",1,1.031235569,1,0.000178571428571429,0.000184988282272812,"男性 | 30至39歲 | 大學及以上 | 桃竹苗區 | 本省閩南人 | 00 | 05 | 07"
"男性","30至39歲","大學及以上","桃竹苗區","本省閩南人","00","07","00",1,1.07934899633937,1,0.000178571428571429,0.000193619113622431,"男性 | 30至39歲 | 大學及以上 | 桃竹苗區 | 本省閩南人 | 00 | 07 | 00"
"男性","30至39歲","大學及以上","桃竹苗區","本省閩南人","00","07","05",1,1.17504258,1,0.000178571428571429,0.000210785115453686,"男性 | 30至39歲 | 大學及以上 | 桃竹苗區 | 本省閩南人 | 00 | 07 | 05"
"男性","30至39歲","大學及以上","桃竹苗區","本省閩南人","02","01","08",1,1.031235569,1,0.000178571428571429,0.000184988282272812,"男性 | 30至39歲 | 大學及以上 | 桃竹苗區 | 本省閩南人 | 02 | 01 | 08"
"男性","30至39歲","大學及以上","桃竹苗區","本省閩南人","02","04","06",1,1.021718618,1,0.000178571428571429,0.000183281083189607,"男性 | 30至39歲 | 大學及以上 | 桃竹苗區 | 本省閩南人 | 02 | 04 | 06"
"男性","30至39歲","大學及以上","桃竹苗區","本省閩南人","02","07","09",1,1.07934899633937,1,0.000178571428571429,0.000193619113622431,"男性 | 30至39歲 | 大學及以上 | 桃竹苗區 | 本省閩南人 | 02 | 07 | 09"
"男性","30至39歲","大學及以上","桃竹苗區","本省閩南人","03","00","10",1,1.021718618,1,0.000178571428571429,0.000183281083189607,"男性 | 30至39歲 | 大學及以上 | 桃竹苗區 | 本省閩南人 | 03 | 00 | 10"
"男性","30至39歲","大學及以上","桃竹苗區","本省閩南人","03","01","08",1,1.031235569,1,0.000178571428571429,0.000184988282272812,"男性 | 30至39歲 | 大學及以上 | 桃竹苗區 | 本省閩南人 | 03 | 01 | 08"
"男性","30至39歲","大學及以上","桃竹苗區","本省閩南人","03","04","05",1,1.021718618,1,0.000178571428571429,0.000183281083189607,"男性 | 30至39歲 | 大學及以上 | 桃竹苗區 | 本省閩南人 | 03 | 04 | 05"
"男性","30至39歲","大學及以上","桃竹苗區","本省閩南人","03","08","05",1,1.07934899633937,1,0.000178571428571429,0.000193619113622431,"男性 | 30至39歲 | 大學及以上 | 桃竹苗區 | 本省閩南人 | 03 | 08 | 05"
"男性","30至39歲","大學及以上","桃竹苗區","本省閩南人","04","02","07",1,1.031235569,1,0.000178571428571429,0.000184988282272812,"男性 | 30至39歲 | 大學及以上 | 桃竹苗區 | 本省閩南人 | 04 | 02 | 07"
"男性","30至39歲","大學及以上","桃竹苗區","本省閩南人","04","03","04",1,1.07934899633937,1,0.000178571428571429,0.000193619113622431,"男性 | 30至39歲 | 大學及以上 | 桃竹苗區 | 本省閩南人 | 04 | 03 | 04"
"男性","30至39歲","大學及以上","桃竹苗區","本省閩南人","04","06","08",1,1.17504258,1,0.000178571428571429,0.000210785115453686,"男性 | 30至39歲 | 大學及以上 | 桃竹苗區 | 本省閩南人 | 04 | 06 | 08"
"男性","30至39歲","大學及以上","桃竹苗區","本省閩南人","05","02","07",1,1.031235569,1,0.000178571428571429,0.000184988282272812,"男性 | 30至39歲 | 大學及以上 | 桃竹苗區 | 本省閩南人 | 05 | 02 | 07"
"男性","30至39歲","大學及以上","桃竹苗區","本省閩南人","05","03","05",1,1.07934899633937,1,0.000178571428571429,0.000193619113622431,"男性 | 30至39歲 | 大學及以上 | 桃竹苗區 | 本省閩南人 | 05 | 03 | 05"
"男性","30至39歲","大學及以上","桃竹苗區","本省閩南人","05","03","08",1,1.07934899633937,1,0.000178571428571429,0.000193619113622431,"男性 | 30至39歲 | 大學及以上 | 桃竹苗區 | 本省閩南人 | 05 | 03 | 08"
"男性","30至39歲","大學及以上","桃竹苗區","本省閩南人","05","04","02",1,1.021718618,1,0.000178571428571429,0.000183281083189607,"男性 | 30至39歲 | 大學及以上 | 桃竹苗區 | 本省閩南人 | 05 | 04 | 02"
"男性","30至39歲","大學及以上","桃竹苗區","本省閩南人","05","05","07",1,1.031235569,1,0.000178571428571429,0.000184988282272812,"男性 | 30至39歲 | 大學及以上 | 桃竹苗區 | 本省閩南人 | 05 | 05 | 07"
"男性","30至39歲","大學及以上","桃竹苗區","本省閩南人","06","00","06",1,1.031235569,1,0.000178571428571429,0.000184988282272812,"男性 | 30至39歲 | 大學及以上 | 桃竹苗區 | 本省閩南人 | 06 | 00 | 06"
"男性","30至39歲","大學及以上","桃竹苗區","本省閩南人","06","03","08",1,1.07934899633937,1,0.000178571428571429,0.000193619113622431,"男性 | 30至39歲 | 大學及以上 | 桃竹苗區 | 本省閩南人 | 06 | 03 | 08"
"男性","30至39歲","大學及以上","桃竹苗區","本省閩南人","07","03","05",1,1.031235569,1,0.000178571428571429,0.000184988282272812,"男性 | 30至39歲 | 大學及以上 | 桃竹苗區 | 本省閩南人 | 07 | 03 | 05"
"男性","30至39歲","大學及以上","桃竹苗區","本省閩南人","07","03","10",1,1.17504258,1,0.000178571428571429,0.000210785115453686,"男性 | 30至39歲 | 大學及以上 | 桃竹苗區 | 本省閩南人 | 07 | 03 | 10"
"男性","30至39歲","大學及以上","桃竹苗區","本省閩南人","07","05","08",1,1.021718618,1,0.000178571428571429,0.000183281083189607,"男性 | 30至39歲 | 大學及以上 | 桃竹苗區 | 本省閩南人 | 07 | 05 | 08"
"男性","30至39歲","大學及以上","桃竹苗區","本省閩南人","07","07","07",1,1.07934899633937,1,0.000178571428571429,0.000193619113622431,"男性 | 30至39歲 | 大學及以上 | 桃竹苗區 | 本省閩南人 | 07 | 07 | 07"
"男性","30至39歲","大學及以上","桃竹苗區","本省閩南人","08","00","03",1,1.031235569,1,0.000178571428571429,0.000184988282272812,"男性 | 30至39歲 | 大學及以上 | 桃竹苗區 | 本省閩南人 | 08 | 00 | 03"
"男性","30至39歲","大學及以上","花東區","外國新住民","07","03","09",1,0.73293359,1,0.000178571428571429,0.000131477355814659,"男性 | 30至39歲 | 大學及以上 | 花東區 | 外國新住民 | 07 | 03 | 09"
"男性","30至39歲","大學及以上","花東區","本省客家人","01","01","06",1,0.9079535380692,1,0.000178571428571429,0.000162873324427528,"男性 | 30至39歲 | 大學及以上 | 花東區 | 本省客家人 | 01 | 01 | 06"
"男性","30至39歲","大學及以上","花東區","本省閩南人","07","00","05",1,0.73293359,1,0.000178571428571429,0.000131477355814659,"男性 | 30至39歲 | 大學及以上 | 花東區 | 本省閩南人 | 07 | 00 | 05"
"男性","30至39歲","大學及以上","花東區","本省閩南人","10","00","07",1,1.082727922,1,0.000178571428571429,0.000194225242496063,"男性 | 30至39歲 | 大學及以上 | 花東區 | 本省閩南人 | 10 | 00 | 07"
"男性","30至39歲","大學及以上","雲嘉南區","原住民","08","03","06",1,0.921917358,1,0.000178571428571429,0.000165378225480806,"男性 | 30至39歲 | 大學及以上 | 雲嘉南區 | 原住民 | 08 | 03 | 06"
"男性","30至39歲","大學及以上","雲嘉南區","本省客家人","00","05","04",1,0.921917358,1,0.000178571428571429,0.000165378225480806,"男性 | 30至39歲 | 大學及以上 | 雲嘉南區 | 本省客家人 | 00 | 05 | 04"
"男性","30至39歲","大學及以上","雲嘉南區","本省閩南人","00","00","01",1,0.921917358,1,0.000178571428571429,0.000165378225480806,"男性 | 30至39歲 | 大學及以上 | 雲嘉南區 | 本省閩南人 | 00 | 00 | 01"
"男性","30至39歲","大學及以上","雲嘉南區","本省閩南人","00","00","05",1,1.01146805798105,1,0.000178571428571429,0.000181442285588707,"男性 | 30至39歲 | 大學及以上 | 雲嘉南區 | 本省閩南人 | 00 | 00 | 05"
"男性","30至39歲","大學及以上","雲嘉南區","本省閩南人","00","05","00",1,0.921917358,1,0.000178571428571429,0.000165378225480806,"男性 | 30至39歲 | 大學及以上 | 雲嘉南區 | 本省閩南人 | 00 | 05 | 00"
"男性","30至39歲","大學及以上","雲嘉南區","本省閩南人","00","06","03",1,0.921917358,1,0.000178571428571429,0.000165378225480806,"男性 | 30至39歲 | 大學及以上 | 雲嘉南區 | 本省閩南人 | 00 | 06 | 03"
"男性","30至39歲","大學及以上","雲嘉南區","本省閩南人","00","08","00",1,1.01146805798105,1,0.000178571428571429,0.000181442285588707,"男性 | 30至39歲 | 大學及以上 | 雲嘉南區 | 本省閩南人 | 00 | 08 | 00"
"男性","30至39歲","大學及以上","雲嘉南區","本省閩南人","00","08","08",1,0.883410818,1,0.000178571428571429,0.000158470726452454,"男性 | 30至39歲 | 大學及以上 | 雲嘉南區 | 本省閩南人 | 00 | 08 | 08"
"男性","30至39歲","大學及以上","雲嘉南區","本省閩南人","00","09","00",1,1.01146805798105,1,0.000178571428571429,0.000181442285588707,"男性 | 30至39歲 | 大學及以上 | 雲嘉南區 | 本省閩南人 | 00 | 09 | 00"
"男性","30至39歲","大學及以上","雲嘉南區","本省閩南人","00","10","00",1,1.01146805798105,1,0.000178571428571429,0.000181442285588707,"男性 | 30至39歲 | 大學及以上 | 雲嘉南區 | 本省閩南人 | 00 | 10 | 00"
"男性","30至39歲","大學及以上","雲嘉南區","本省閩南人","02","02","02",1,0.921917358,1,0.000178571428571429,0.000165378225480806,"男性 | 30至39歲 | 大學及以上 | 雲嘉南區 | 本省閩南人 | 02 | 02 | 02"
"男性","30至39歲","大學及以上","雲嘉南區","本省閩南人","02","03","03",1,0.921917358,1,0.000178571428571429,0.000165378225480806,"男性 | 30至39歲 | 大學及以上 | 雲嘉南區 | 本省閩南人 | 02 | 03 | 03"
"男性","30至39歲","大學及以上","雲嘉南區","本省閩南人","03","04","01",1,1.01146805798105,1,0.000178571428571429,0.000181442285588707,"男性 | 30至39歲 | 大學及以上 | 雲嘉南區 | 本省閩南人 | 03 | 04 | 01"
"男性","30至39歲","大學及以上","雲嘉南區","本省閩南人","03","05","04",1,0.921917358,1,0.000178571428571429,0.000165378225480806,"男性 | 30至39歲 | 大學及以上 | 雲嘉南區 | 本省閩南人 | 03 | 05 | 04"
"男性","30至39歲","大學及以上","雲嘉南區","本省閩南人","03","06","01",1,0.883410818,1,0.000178571428571429,0.000158470726452454,"男性 | 30至39歲 | 大學及以上 | 雲嘉南區 | 本省閩南人 | 03 | 06 | 01"
"男性","30至39歲","大學及以上","雲嘉南區","本省閩南人","03","06","06",1,1.01146805798105,1,0.000178571428571429,0.000181442285588707,"男性 | 30至39歲 | 大學及以上 | 雲嘉南區 | 本省閩南人 | 03 | 06 | 06"
"男性","30至39歲","大學及以上","雲嘉南區","本省閩南人","04","03","04",1,1.01146805798105,1,0.000178571428571429,0.000181442285588707,"男性 | 30至39歲 | 大學及以上 | 雲嘉南區 | 本省閩南人 | 04 | 03 | 04"
"男性","30至39歲","大學及以上","雲嘉南區","本省閩南人","04","06","05",1,0.921917358,1,0.000178571428571429,0.000165378225480806,"男性 | 30至39歲 | 大學及以上 | 雲嘉南區 | 本省閩南人 | 04 | 06 | 05"
"男性","30至39歲","大學及以上","雲嘉南區","本省閩南人","05","03","06",1,0.921917358,1,0.000178571428571429,0.000165378225480806,"男性 | 30至39歲 | 大學及以上 | 雲嘉南區 | 本省閩南人 | 05 | 03 | 06"
"男性","30至39歲","大學及以上","雲嘉南區","本省閩南人","05","03","07",1,1.01146805798105,1,0.000178571428571429,0.000181442285588707,"男性 | 30至39歲 | 大學及以上 | 雲嘉南區 | 本省閩南人 | 05 | 03 | 07"
"男性","30至39歲","大學及以上","雲嘉南區","本省閩南人","05","04","06",1,1.01146805798105,1,0.000178571428571429,0.000181442285588707,"男性 | 30至39歲 | 大學及以上 | 雲嘉南區 | 本省閩南人 | 05 | 04 | 06"
"男性","30至39歲","大學及以上","雲嘉南區","本省閩南人","05","05","06",1,1.050479816,1,0.000178571428571429,0.000188440413195348,"男性 | 30至39歲 | 大學及以上 | 雲嘉南區 | 本省閩南人 | 05 | 05 | 06"
"男性","30至39歲","大學及以上","雲嘉南區","本省閩南人","05","05","07",1,0.883410818,1,0.000178571428571429,0.000158470726452454,"男性 | 30至39歲 | 大學及以上 | 雲嘉南區 | 本省閩南人 | 05 | 05 | 07"
"男性","30至39歲","大學及以上","雲嘉南區","本省閩南人","05","05","10",1,0.883410818,1,0.000178571428571429,0.000158470726452454,"男性 | 30至39歲 | 大學及以上 | 雲嘉南區 | 本省閩南人 | 05 | 05 | 10"
"男性","30至39歲","大學及以上","雲嘉南區","本省閩南人","05","08","05",1,0.883410818,1,0.000178571428571429,0.000158470726452454,"男性 | 30至39歲 | 大學及以上 | 雲嘉南區 | 本省閩南人 | 05 | 08 | 05"
"男性","30至39歲","大學及以上","雲嘉南區","本省閩南人","05","09","05",1,0.883410818,1,0.000178571428571429,0.000158470726452454,"男性 | 30至39歲 | 大學及以上 | 雲嘉南區 | 本省閩南人 | 05 | 09 | 05"
"男性","30至39歲","大學及以上","雲嘉南區","本省閩南人","06","03","07",1,0.921917358,1,0.000178571428571429,0.000165378225480806,"男性 | 30至39歲 | 大學及以上 | 雲嘉南區 | 本省閩南人 | 06 | 03 | 07"
"男性","30至39歲","大學及以上","雲嘉南區","本省閩南人","06","04","08",1,0.921917358,1,0.000178571428571429,0.000165378225480806,"男性 | 30至39歲 | 大學及以上 | 雲嘉南區 | 本省閩南人 | 06 | 04 | 08"
"男性","30至39歲","大學及以上","雲嘉南區","本省閩南人","06","05","07",1,1.01146805798105,1,0.000178571428571429,0.000181442285588707,"男性 | 30至39歲 | 大學及以上 | 雲嘉南區 | 本省閩南人 | 06 | 05 | 07"
"男性","30至39歲","大學及以上","雲嘉南區","本省閩南人","07","00","09",1,1.01146805798105,1,0.000178571428571429,0.000181442285588707,"男性 | 30至39歲 | 大學及以上 | 雲嘉南區 | 本省閩南人 | 07 | 00 | 09"
"男性","30至39歲","大學及以上","雲嘉南區","本省閩南人","07","01","09",1,1.01146805798105,1,0.000178571428571429,0.000181442285588707,"男性 | 30至39歲 | 大學及以上 | 雲嘉南區 | 本省閩南人 | 07 | 01 | 09"
"男性","30至39歲","大學及以上","雲嘉南區","本省閩南人","07","02","09",1,1.01146805798105,1,0.000178571428571429,0.000181442285588707,"男性 | 30至39歲 | 大學及以上 | 雲嘉南區 | 本省閩南人 | 07 | 02 | 09"
"男性","30至39歲","大學及以上","雲嘉南區","本省閩南人","07","06","08",1,1.01146805798105,1,0.000178571428571429,0.000181442285588707,"男性 | 30至39歲 | 大學及以上 | 雲嘉南區 | 本省閩南人 | 07 | 06 | 08"
"男性","30至39歲","大學及以上","雲嘉南區","本省閩南人","07","07","07",1,0.921917358,1,0.000178571428571429,0.000165378225480806,"男性 | 30至39歲 | 大學及以上 | 雲嘉南區 | 本省閩南人 | 07 | 07 | 07"
"男性","30至39歲","大學及以上","高屏區","大陸各省市","03","03","06",1,0.989272858,1,0.000178571428571429,0.000177460797708904,"男性 | 30至39歲 | 大學及以上 | 高屏區 | 大陸各省市 | 03 | 03 | 06"
"男性","30至39歲","大學及以上","高屏區","大陸各省市","03","05","05",1,0.95501057,1,0.000178571428571429,0.000171314654194864,"男性 | 30至39歲 | 大學及以上 | 高屏區 | 大陸各省市 | 03 | 05 | 05"
"男性","30至39歲","大學及以上","高屏區","大陸各省市","04","01","05",1,1.44868900918729,1,0.000178571428571429,0.000259873203963408,"男性 | 30至39歲 | 大學及以上 | 高屏區 | 大陸各省市 | 04 | 01 | 05"
"男性","30至39歲","大學及以上","高屏區","本省客家人","00","08","00",1,0.95501057,1,0.000178571428571429,0.000171314654194864,"男性 | 30至39歲 | 大學及以上 | 高屏區 | 本省客家人 | 00 | 08 | 00"
"男性","30至39歲","大學及以上","高屏區","本省客家人","05","02","08",1,1.088187915,1,0.000178571428571429,0.000195204683815442,"男性 | 30至39歲 | 大學及以上 | 高屏區 | 本省客家人 | 05 | 02 | 08"
"男性","30至39歲","大學及以上","高屏區","本省客家人","08","06","07",1,1.44868900918729,1,0.000178571428571429,0.000259873203963408,"男性 | 30至39歲 | 大學及以上 | 高屏區 | 本省客家人 | 08 | 06 | 07"
"男性","30至39歲","大學及以上","高屏區","本省閩南人","00","00","10",1,0.989272858,1,0.000178571428571429,0.000177460797708904,"男性 | 30至39歲 | 大學及以上 | 高屏區 | 本省閩南人 | 00 | 00 | 10"
"男性","30至39歲","大學及以上","高屏區","本省閩南人","00","03","00",1,1.44868900918729,1,0.000178571428571429,0.000259873203963408,"男性 | 30至39歲 | 大學及以上 | 高屏區 | 本省閩南人 | 00 | 03 | 00"
"男性","30至39歲","大學及以上","高屏區","本省閩南人","00","07","01",1,1.44868900918729,1,0.000178571428571429,0.000259873203963408,"男性 | 30至39歲 | 大學及以上 | 高屏區 | 本省閩南人 | 00 | 07 | 01"
"男性","30至39歲","大學及以上","高屏區","本省閩南人","00","08","00",1,1.088187915,1,0.000178571428571429,0.000195204683815442,"男性 | 30至39歲 | 大學及以上 | 高屏區 | 本省閩南人 | 00 | 08 | 00"
"男性","30至39歲","大學及以上","高屏區","本省閩南人","01","04","02",1,1.44868900918729,1,0.000178571428571429,0.000259873203963408,"男性 | 30至39歲 | 大學及以上 | 高屏區 | 本省閩南人 | 01 | 04 | 02"
"男性","30至39歲","大學及以上","高屏區","本省閩南人","01","05","05",1,0.95501057,1,0.000178571428571429,0.000171314654194864,"男性 | 30至39歲 | 大學及以上 | 高屏區 | 本省閩南人 | 01 | 05 | 05"
"男性","30至39歲","大學及以上","高屏區","本省閩南人","01","06","04",1,1.44868900918729,1,0.000178571428571429,0.000259873203963408,"男性 | 30至39歲 | 大學及以上 | 高屏區 | 本省閩南人 | 01 | 06 | 04"
"男性","30至39歲","大學及以上","高屏區","本省閩南人","01","08","06",1,0.95501057,1,0.000178571428571429,0.000171314654194864,"男性 | 30至39歲 | 大學及以上 | 高屏區 | 本省閩南人 | 01 | 08 | 06"
"男性","30至39歲","大學及以上","高屏區","本省閩南人","02","00","02",1,1.44868900918729,1,0.000178571428571429,0.000259873203963408,"男性 | 30至39歲 | 大學及以上 | 高屏區 | 本省閩南人 | 02 | 00 | 02"
"男性","30至39歲","大學及以上","高屏區","本省閩南人","02","03","05",1,0.95501057,1,0.000178571428571429,0.000171314654194864,"男性 | 30至39歲 | 大學及以上 | 高屏區 | 本省閩南人 | 02 | 03 | 05"
"男性","30至39歲","大學及以上","高屏區","本省閩南人","02","06","05",1,1.44868900918729,1,0.000178571428571429,0.000259873203963408,"男性 | 30至39歲 | 大學及以上 | 高屏區 | 本省閩南人 | 02 | 06 | 05"
"男性","30至39歲","大學及以上","高屏區","本省閩南人","02","07","02",1,0.989272858,1,0.000178571428571429,0.000177460797708904,"男性 | 30至39歲 | 大學及以上 | 高屏區 | 本省閩南人 | 02 | 07 | 02"
"男性","30至39歲","大學及以上","高屏區","本省閩南人","02","08","04",1,0.95501057,1,0.000178571428571429,0.000171314654194864,"男性 | 30至39歲 | 大學及以上 | 高屏區 | 本省閩南人 | 02 | 08 | 04"
"男性","30至39歲","大學及以上","高屏區","本省閩南人","03","01","02",1,0.989272858,1,0.000178571428571429,0.000177460797708904,"男性 | 30至39歲 | 大學及以上 | 高屏區 | 本省閩南人 | 03 | 01 | 02"
"男性","30至39歲","大學及以上","高屏區","本省閩南人","03","03","03",1,0.95501057,1,0.000178571428571429,0.000171314654194864,"男性 | 30至39歲 | 大學及以上 | 高屏區 | 本省閩南人 | 03 | 03 | 03"
"男性","30至39歲","大學及以上","高屏區","本省閩南人","03","05","06",1,1.088187915,1,0.000178571428571429,0.000195204683815442,"男性 | 30至39歲 | 大學及以上 | 高屏區 | 本省閩南人 | 03 | 05 | 06"
"男性","30至39歲","大學及以上","高屏區","本省閩南人","03","05","07",1,0.95501057,1,0.000178571428571429,0.000171314654194864,"男性 | 30至39歲 | 大學及以上 | 高屏區 | 本省閩南人 | 03 | 05 | 07"
"男性","30至39歲","大學及以上","高屏區","本省閩南人","03","09","00",1,0.95501057,1,0.000178571428571429,0.000171314654194864,"男性 | 30至39歲 | 大學及以上 | 高屏區 | 本省閩南人 | 03 | 09 | 00"
"男性","30至39歲","大學及以上","高屏區","本省閩南人","04","00","04",1,0.95501057,1,0.000178571428571429,0.000171314654194864,"男性 | 30至39歲 | 大學及以上 | 高屏區 | 本省閩南人 | 04 | 00 | 04"
"男性","30至39歲","大學及以上","高屏區","本省閩南人","04","00","06",1,1.44868900918729,1,0.000178571428571429,0.000259873203963408,"男性 | 30至39歲 | 大學及以上 | 高屏區 | 本省閩南人 | 04 | 00 | 06"
"男性","30至39歲","大學及以上","高屏區","本省閩南人","04","06","07",1,1.088187915,1,0.000178571428571429,0.000195204683815442,"男性 | 30至39歲 | 大學及以上 | 高屏區 | 本省閩南人 | 04 | 06 | 07"
"男性","30至39歲","大學及以上","高屏區","本省閩南人","05","00","05",1,0.989272858,1,0.000178571428571429,0.000177460797708904,"男性 | 30至39歲 | 大學及以上 | 高屏區 | 本省閩南人 | 05 | 00 | 05"
"男性","30至39歲","大學及以上","高屏區","本省閩南人","05","00","08",1,0.95501057,1,0.000178571428571429,0.000171314654194864,"男性 | 30至39歲 | 大學及以上 | 高屏區 | 本省閩南人 | 05 | 00 | 08"
"男性","30至39歲","大學及以上","高屏區","本省閩南人","05","02","07",1,0.989272858,1,0.000178571428571429,0.000177460797708904,"男性 | 30至39歲 | 大學及以上 | 高屏區 | 本省閩南人 | 05 | 02 | 07"
"男性","30至39歲","大學及以上","高屏區","本省閩南人","05","05","06",1,0.989272858,1,0.000178571428571429,0.000177460797708904,"男性 | 30至39歲 | 大學及以上 | 高屏區 | 本省閩南人 | 05 | 05 | 06"
"男性","30至39歲","大學及以上","高屏區","本省閩南人","05","06","06",1,0.95501057,1,0.000178571428571429,0.000171314654194864,"男性 | 30至39歲 | 大學及以上 | 高屏區 | 本省閩南人 | 05 | 06 | 06"
"男性","30至39歲","大學及以上","高屏區","本省閩南人","05","07","04",1,1.088187915,1,0.000178571428571429,0.000195204683815442,"男性 | 30至39歲 | 大學及以上 | 高屏區 | 本省閩南人 | 05 | 07 | 04"
"男性","30至39歲","大學及以上","高屏區","本省閩南人","06","00","06",1,0.95501057,1,0.000178571428571429,0.000171314654194864,"男性 | 30至39歲 | 大學及以上 | 高屏區 | 本省閩南人 | 06 | 00 | 06"
"男性","30至39歲","大學及以上","高屏區","本省閩南人","06","01","09",1,1.088187915,1,0.000178571428571429,0.000195204683815442,"男性 | 30至39歲 | 大學及以上 | 高屏區 | 本省閩南人 | 06 | 01 | 09"
"男性","30至39歲","大學及以上","高屏區","本省閩南人","06","02","05",1,1.44868900918729,1,0.000178571428571429,0.000259873203963408,"男性 | 30至39歲 | 大學及以上 | 高屏區 | 本省閩南人 | 06 | 02 | 05"
"男性","30至39歲","大學及以上","高屏區","本省閩南人","06","02","10",1,0.989272858,1,0.000178571428571429,0.000177460797708904,"男性 | 30至39歲 | 大學及以上 | 高屏區 | 本省閩南人 | 06 | 02 | 10"
"男性","30至39歲","大學及以上","高屏區","本省閩南人","06","03","05",1,0.95501057,1,0.000178571428571429,0.000171314654194864,"男性 | 30至39歲 | 大學及以上 | 高屏區 | 本省閩南人 | 06 | 03 | 05"
"男性","30至39歲","大學及以上","高屏區","本省閩南人","06","03","06",1,1.44868900918729,1,0.000178571428571429,0.000259873203963408,"男性 | 30至39歲 | 大學及以上 | 高屏區 | 本省閩南人 | 06 | 03 | 06"
"男性","30至39歲","大學及以上","高屏區","本省閩南人","08","07","08",1,0.989272858,1,0.000178571428571429,0.000177460797708904,"男性 | 30至39歲 | 大學及以上 | 高屏區 | 本省閩南人 | 08 | 07 | 08"
"男性","30至39歲","專科","中彰投區","本省閩南人","05","02","06",1,1.098043445,1,0.000178571428571429,0.000196972618922021,"男性 | 30至39歲 | 專科 | 中彰投區 | 本省閩南人 | 05 | 02 | 06"
"男性","30至39歲","專科","北北基宜蘭區","大陸各省市","02","07","07",1,1.448242691,1,0.000178571428571429,0.000259793141136547,"男性 | 30至39歲 | 專科 | 北北基宜蘭區 | 大陸各省市 | 02 | 07 | 07"
"男性","30至39歲","專科","北北基宜蘭區","本省閩南人","00","03","00",1,1.24082487919116,1,0.000178571428571429,0.000222585478917807,"男性 | 30至39歲 | 專科 | 北北基宜蘭區 | 本省閩南人 | 00 | 03 | 00"
"男性","30至39歲","專科","北北基宜蘭區","本省閩南人","00","04","01",1,1.24082487919116,1,0.000178571428571429,0.000222585478917807,"男性 | 30至39歲 | 專科 | 北北基宜蘭區 | 本省閩南人 | 00 | 04 | 01"
"男性","30至39歲","專科","北北基宜蘭區","本省閩南人","00","05","05",1,1.448242691,1,0.000178571428571429,0.000259793141136547,"男性 | 30至39歲 | 專科 | 北北基宜蘭區 | 本省閩南人 | 00 | 05 | 05"
"男性","30至39歲","專科","北北基宜蘭區","本省閩南人","04","04","05",1,1.24082487919116,1,0.000178571428571429,0.000222585478917807,"男性 | 30至39歲 | 專科 | 北北基宜蘭區 | 本省閩南人 | 04 | 04 | 05"
"男性","30至39歲","專科","北北基宜蘭區","本省閩南人","04","07","03",1,1.24082487919116,1,0.000178571428571429,0.000222585478917807,"男性 | 30至39歲 | 專科 | 北北基宜蘭區 | 本省閩南人 | 04 | 07 | 03"
"男性","30至39歲","專科","北北基宜蘭區","本省閩南人","05","05","05",1,1.24082487919116,1,0.000178571428571429,0.000222585478917807,"男性 | 30至39歲 | 專科 | 北北基宜蘭區 | 本省閩南人 | 05 | 05 | 05"
"男性","30至39歲","專科","北北基宜蘭區","本省閩南人","05","05","08",1,1.448242691,1,0.000178571428571429,0.000259793141136547,"男性 | 30至39歲 | 專科 | 北北基宜蘭區 | 本省閩南人 | 05 | 05 | 08"
"男性","30至39歲","專科","北北基宜蘭區","本省閩南人","06","03","05",1,1.411173232,1,0.000178571428571429,0.000253143433008421,"男性 | 30至39歲 | 專科 | 北北基宜蘭區 | 本省閩南人 | 06 | 03 | 05"
"男性","30至39歲","專科","北北基宜蘭區","本省閩南人","07","04","02",1,1.24082487919116,1,0.000178571428571429,0.000222585478917807,"男性 | 30至39歲 | 專科 | 北北基宜蘭區 | 本省閩南人 | 07 | 04 | 02"
"男性","30至39歲","專科","桃竹苗區","本省客家人","04","05","05",1,1.16817870341063,1,0.000178571428571429,0.000209553838354477,"男性 | 30至39歲 | 專科 | 桃竹苗區 | 本省客家人 | 04 | 05 | 05"
"男性","30至39歲","專科","桃竹苗區","本省閩南人","05","05","05",1,1.122961415,1,0.000178571428571429,0.000201442531138582,"男性 | 30至39歲 | 專科 | 桃竹苗區 | 本省閩南人 | 05 | 05 | 05"
"男性","30至39歲","專科","桃竹苗區","本省閩南人","06","00","08",1,1.16817870341063,1,0.000178571428571429,0.000209553838354477,"男性 | 30至39歲 | 專科 | 桃竹苗區 | 本省閩南人 | 06 | 00 | 08"
"男性","30至39歲","專科","桃竹苗區","本省閩南人","06","05","09",1,1.279559703,1,0.000178571428571429,0.00022953392865707,"男性 | 30至39歲 | 專科 | 桃竹苗區 | 本省閩南人 | 06 | 05 | 09"
"男性","30至39歲","專科","雲嘉南區","本省閩南人","04","04","07",1,1.00391962,1,0.000178571428571429,0.000180088208384688,"男性 | 30至39歲 | 專科 | 雲嘉南區 | 本省閩南人 | 04 | 04 | 07"
"男性","30至39歲","專科","雲嘉南區","本省閩南人","04","06","04",1,1.076966161,1,0.000178571428571429,0.000193191668497748,"男性 | 30至39歲 | 專科 | 雲嘉南區 | 本省閩南人 | 04 | 06 | 04"
"男性","30至39歲","專科","雲嘉南區","本省閩南人","05","04","05",1,1.09471120881281,1,0.000178571428571429,0.000196374865443644,"男性 | 30至39歲 | 專科 | 雲嘉南區 | 本省閩南人 | 05 | 04 | 05"
"男性","30至39歲","專科","雲嘉南區","本省閩南人","05","05","05",1,1.14391739,1,0.000178571428571429,0.000205201720537335,"男性 | 30至39歲 | 專科 | 雲嘉南區 | 本省閩南人 | 05 | 05 | 05"
"男性","30至39歲","專科","雲嘉南區","本省閩南人","05","05","07",1,1.09471120881281,1,0.000178571428571429,0.000196374865443644,"男性 | 30至39歲 | 專科 | 雲嘉南區 | 本省閩南人 | 05 | 05 | 07"
"男性","30至39歲","專科","高屏區","本省客家人","05","05","06",1,1.567915155,1,0.000178571428571429,0.000281260596503881,"男性 | 30至39歲 | 專科 | 高屏區 | 本省客家人 | 05 | 05 | 06"
"男性","30至39歲","高中、職","中彰投區","原住民","03","07","05",1,1.492894166,1,0.000178571428571429,0.000267802949864544,"男性 | 30至39歲 | 高中、職 | 中彰投區 | 原住民 | 03 | 07 | 05"
"男性","30至39歲","高中、職","中彰投區","本省閩南人","00","08","07",1,1.310484067,1,0.000178571428571429,0.000235081298383937,"男性 | 30至39歲 | 高中、職 | 中彰投區 | 本省閩南人 | 00 | 08 | 07"
"男性","30至39歲","高中、職","中彰投區","本省閩南人","02","00","09",1,1.492894166,1,0.000178571428571429,0.000267802949864544,"男性 | 30至39歲 | 高中、職 | 中彰投區 | 本省閩南人 | 02 | 00 | 09"
"男性","30至39歲","高中、職","中彰投區","本省閩南人","02","09","03",1,1.492894166,1,0.000178571428571429,0.000267802949864544,"男性 | 30至39歲 | 高中、職 | 中彰投區 | 本省閩南人 | 02 | 09 | 03"
"男性","30至39歲","高中、職","中彰投區","本省閩南人","04","04","04",1,1.310484067,1,0.000178571428571429,0.000235081298383937,"男性 | 30至39歲 | 高中、職 | 中彰投區 | 本省閩南人 | 04 | 04 | 04"
"男性","30至39歲","高中、職","中彰投區","本省閩南人","05","00","05",1,1.63400875009903,1,0.000178571428571429,0.000293116801811521,"男性 | 30至39歲 | 高中、職 | 中彰投區 | 本省閩南人 | 05 | 00 | 05"
"男性","30至39歲","高中、職","中彰投區","本省閩南人","05","00","07",1,1.492894166,1,0.000178571428571429,0.000267802949864544,"男性 | 30至39歲 | 高中、職 | 中彰投區 | 本省閩南人 | 05 | 00 | 07"
"男性","30至39歲","高中、職","北北基宜蘭區","本省客家人","07","05","00",1,1.969023242,1,0.000178571428571429,0.000353213405590767,"男性 | 30至39歲 | 高中、職 | 北北基宜蘭區 | 本省客家人 | 07 | 05 | 00"
"男性","30至39歲","高中、職","北北基宜蘭區","本省閩南人","00","00","00",1,1.59578778920577,1,0.000178571428571429,0.00028626053141608,"男性 | 30至39歲 | 高中、職 | 北北基宜蘭區 | 本省閩南人 | 00 | 00 | 00"
"男性","30至39歲","高中、職","北北基宜蘭區","本省閩南人","03","00","07",1,1.59578778920577,1,0.000178571428571429,0.00028626053141608,"男性 | 30至39歲 | 高中、職 | 北北基宜蘭區 | 本省閩南人 | 03 | 00 | 07"
"男性","30至39歲","高中、職","北北基宜蘭區","本省閩南人","03","05","08",1,1.411173232,1,0.000178571428571429,0.000253143433008421,"男性 | 30至39歲 | 高中、職 | 北北基宜蘭區 | 本省閩南人 | 03 | 05 | 08"
"男性","30至39歲","高中、職","北北基宜蘭區","本省閩南人","03","08","03",1,1.969023242,1,0.000178571428571429,0.000353213405590767,"男性 | 30至39歲 | 高中、職 | 北北基宜蘭區 | 本省閩南人 | 03 | 08 | 03"
"男性","30至39歲","高中、職","北北基宜蘭區","本省閩南人","04","07","06",1,1.411173232,1,0.000178571428571429,0.000253143433008421,"男性 | 30至39歲 | 高中、職 | 北北基宜蘭區 | 本省閩南人 | 04 | 07 | 06"
"男性","30至39歲","高中、職","北北基宜蘭區","本省閩南人","04","08","05",1,1.969023242,1,0.000178571428571429,0.000353213405590767,"男性 | 30至39歲 | 高中、職 | 北北基宜蘭區 | 本省閩南人 | 04 | 08 | 05"
"男性","30至39歲","高中、職","北北基宜蘭區","本省閩南人","05","05","05",1,1.59578778920577,1,0.000178571428571429,0.00028626053141608,"男性 | 30至39歲 | 高中、職 | 北北基宜蘭區 | 本省閩南人 | 05 | 05 | 05"
"男性","30至39歲","高中、職","北北基宜蘭區","本省閩南人","08","02","04",1,1.59578778920577,1,0.000178571428571429,0.00028626053141608,"男性 | 30至39歲 | 高中、職 | 北北基宜蘭區 | 本省閩南人 | 08 | 02 | 04"
"男性","30至39歲","高中、職","北北基宜蘭區","本省閩南人","08","05","09",1,1.969023242,1,0.000178571428571429,0.000353213405590767,"男性 | 30至39歲 | 高中、職 | 北北基宜蘭區 | 本省閩南人 | 08 | 05 | 09"
"男性","30至39歲","高中、職","桃竹苗區","原住民","05","05","08",1,1.50235971390909,1,0.000178571428571429,0.000269500927999813,"男性 | 30至39歲 | 高中、職 | 桃竹苗區 | 原住民 | 05 | 05 | 08"
"男性","30至39歲","高中、職","桃竹苗區","本省客家人","00","00","00",1,1.50235971390909,1,0.000178571428571429,0.000269500927999813,"男性 | 30至39歲 | 高中、職 | 桃竹苗區 | 本省客家人 | 00 | 00 | 00"
"男性","30至39歲","高中、職","桃竹苗區","本省客家人","00","07","08",1,1.6934803,1,0.000178571428571429,0.000303785110965122,"男性 | 30至39歲 | 高中、職 | 桃竹苗區 | 本省客家人 | 00 | 07 | 08"
"男性","30至39歲","高中、職","桃竹苗區","本省客家人","03","05","07",1,1.278525336,1,0.000178571428571429,0.000229348378642775,"男性 | 30至39歲 | 高中、職 | 桃竹苗區 | 本省客家人 | 03 | 05 | 07"
"男性","30至39歲","高中、職","桃竹苗區","本省客家人","08","03","03",1,1.6934803,1,0.000178571428571429,0.000303785110965122,"男性 | 30至39歲 | 高中、職 | 桃竹苗區 | 本省客家人 | 08 | 03 | 03"
"男性","30至39歲","高中、職","桃竹苗區","本省閩南人","00","00","00",1,1.50235971390909,1,0.000178571428571429,0.000269500927999813,"男性 | 30至39歲 | 高中、職 | 桃竹苗區 | 本省閩南人 | 00 | 00 | 00"
"男性","30至39歲","高中、職","桃竹苗區","本省閩南人","01","07","05",1,1.50235971390909,1,0.000178571428571429,0.000269500927999813,"男性 | 30至39歲 | 高中、職 | 桃竹苗區 | 本省閩南人 | 01 | 07 | 05"
"男性","30至39歲","高中、職","桃竹苗區","本省閩南人","05","05","05",1,1.456817194,1,0.000178571428571429,0.000261331279103269,"男性 | 30至39歲 | 高中、職 | 桃竹苗區 | 本省閩南人 | 05 | 05 | 05"
"男性","30至39歲","高中、職","桃竹苗區","本省閩南人","05","06","05",1,1.50235971390909,1,0.000178571428571429,0.000269500927999813,"男性 | 30至39歲 | 高中、職 | 桃竹苗區 | 本省閩南人 | 05 | 06 | 05"
"男性","30至39歲","高中、職","桃竹苗區","本省閩南人","08","02","05",1,1.6934803,1,0.000178571428571429,0.000303785110965122,"男性 | 30至39歲 | 高中、職 | 桃竹苗區 | 本省閩南人 | 08 | 02 | 05"
"男性","30至39歲","高中、職","花東區","大陸各省市","05","03","06",1,1.263792177,1,0.000178571428571429,0.000226705469633629,"男性 | 30至39歲 | 高中、職 | 花東區 | 大陸各省市 | 05 | 03 | 06"
"男性","30至39歲","高中、職","花東區","本省客家人","05","05","05",1,0.908690692,1,0.000178571428571429,0.000163005558849544,"男性 | 30至39歲 | 高中、職 | 花東區 | 本省客家人 | 05 | 05 | 05"
"男性","30至39歲","高中、職","花東區","本省閩南人","08","03","05",1,1.263792177,1,0.000178571428571429,0.000226705469633629,"男性 | 30至39歲 | 高中、職 | 花東區 | 本省閩南人 | 08 | 03 | 05"
"男性","30至39歲","高中、職","雲嘉南區","本省客家人","00","03","05",1,1.142992673,1,0.000178571428571429,0.000205035840097831,"男性 | 30至39歲 | 高中、職 | 雲嘉南區 | 本省客家人 | 00 | 03 | 05"
"男性","30至39歲","高中、職","雲嘉南區","本省閩南人","00","05","03",1,1.4642376,1,0.000178571428571429,0.000262662389279228,"男性 | 30至39歲 | 高中、職 | 雲嘉南區 | 本省閩南人 | 00 | 05 | 03"
"男性","30至39歲","高中、職","雲嘉南區","本省閩南人","00","10","05",1,1.142992673,1,0.000178571428571429,0.000205035840097831,"男性 | 30至39歲 | 高中、職 | 雲嘉南區 | 本省閩南人 | 00 | 10 | 05"
"男性","30至39歲","高中、職","雲嘉南區","本省閩南人","02","08","05",1,1.4642376,1,0.000178571428571429,0.000262662389279228,"男性 | 30至39歲 | 高中、職 | 雲嘉南區 | 本省閩南人 | 02 | 08 | 05"
"男性","30至39歲","高中、職","雲嘉南區","本省閩南人","03","01","09",1,1.142992673,1,0.000178571428571429,0.000205035840097831,"男性 | 30至39歲 | 高中、職 | 雲嘉南區 | 本省閩南人 | 03 | 01 | 09"
"男性","30至39歲","高中、職","雲嘉南區","本省閩南人","03","08","01",1,1.4642376,1,0.000178571428571429,0.000262662389279228,"男性 | 30至39歲 | 高中、職 | 雲嘉南區 | 本省閩南人 | 03 | 08 | 01"
"男性","30至39歲","高中、職","雲嘉南區","本省閩南人","04","04","09",1,1.142992673,1,0.000178571428571429,0.000205035840097831,"男性 | 30至39歲 | 高中、職 | 雲嘉南區 | 本省閩南人 | 04 | 04 | 09"
"男性","30至39歲","高中、職","雲嘉南區","本省閩南人","04","05","05",1,1.142992673,1,0.000178571428571429,0.000205035840097831,"男性 | 30至39歲 | 高中、職 | 雲嘉南區 | 本省閩南人 | 04 | 05 | 05"
"男性","30至39歲","高中、職","雲嘉南區","本省閩南人","05","03","03",1,1.4078753650305,1,0.000178571428571429,0.00025255184485515,"男性 | 30至39歲 | 高中、職 | 雲嘉南區 | 本省閩南人 | 05 | 03 | 03"
"男性","30至39歲","高中、職","雲嘉南區","本省閩南人","05","05","03",1,1.4078753650305,1,0.000178571428571429,0.00025255184485515,"男性 | 30至39歲 | 高中、職 | 雲嘉南區 | 本省閩南人 | 05 | 05 | 03"
"男性","30至39歲","高中、職","雲嘉南區","本省閩南人","05","08","05",1,1.142992673,1,0.000178571428571429,0.000205035840097831,"男性 | 30至39歲 | 高中、職 | 雲嘉南區 | 本省閩南人 | 05 | 08 | 05"
"男性","30至39歲","高中、職","雲嘉南區","本省閩南人","06","08","00",1,1.142992673,1,0.000178571428571429,0.000205035840097831,"男性 | 30至39歲 | 高中、職 | 雲嘉南區 | 本省閩南人 | 06 | 08 | 00"
"男性","30至39歲","高中、職","雲嘉南區","本省閩南人","10","10","10",1,1.4642376,1,0.000178571428571429,0.000262662389279228,"男性 | 30至39歲 | 高中、職 | 雲嘉南區 | 本省閩南人 | 10 | 10 | 10"
"男性","30至39歲","高中、職","高屏區","大陸各省市","06","02","05",1,1.349134824,1,0.000178571428571429,0.000242014667791382,"男性 | 30至39歲 | 高中、職 | 高屏區 | 大陸各省市 | 06 | 02 | 05"
"男性","30至39歲","高中、職","高屏區","本省客家人","00","05","08",1,2.01644881569107,1,0.000178571428571429,0.000361720846253836,"男性 | 30至39歲 | 高中、職 | 高屏區 | 本省客家人 | 00 | 05 | 08"
"男性","30至39歲","高中、職","高屏區","本省閩南人","00","10","00",1,1.349134824,1,0.000178571428571429,0.000242014667791382,"男性 | 30至39歲 | 高中、職 | 高屏區 | 本省閩南人 | 00 | 10 | 00"
"男性","30至39歲","高中、職","高屏區","本省閩南人","03","05","06",1,1.639702035,1,0.000178571428571429,0.000294138092218853,"男性 | 30至39歲 | 高中、職 | 高屏區 | 本省閩南人 | 03 | 05 | 06"
"男性","30至39歲","高中、職","高屏區","本省閩南人","03","08","02",1,2.01644881569107,1,0.000178571428571429,0.000361720846253836,"男性 | 30至39歲 | 高中、職 | 高屏區 | 本省閩南人 | 03 | 08 | 02"
"男性","30至39歲","高中、職","高屏區","本省閩南人","04","06","05",1,1.639702035,1,0.000178571428571429,0.000294138092218853,"男性 | 30至39歲 | 高中、職 | 高屏區 | 本省閩南人 | 04 | 06 | 05"
"男性","30至39歲","高中、職","高屏區","本省閩南人","05","05","00",1,1.18402162,1,0.000178571428571429,0.000212395821325352,"男性 | 30至39歲 | 高中、職 | 高屏區 | 本省閩南人 | 05 | 05 | 00"
"男性","40至49歲","國、初中","中彰投區","本省閩南人","05","03","00",1,1.43272500978548,1,0.000178571428571429,0.000257009500541688,"男性 | 40至49歲 | 國、初中 | 中彰投區 | 本省閩南人 | 05 | 03 | 00"
"男性","40至49歲","國、初中","中彰投區","本省閩南人","05","05","05",1,1.43272500978548,1,0.000178571428571429,0.000257009500541688,"男性 | 40至49歲 | 國、初中 | 中彰投區 | 本省閩南人 | 05 | 05 | 05"
"男性","40至49歲","國、初中","中彰投區","本省閩南人","06","03","07",1,1.4421824,1,0.000178571428571429,0.000258706015308207,"男性 | 40至49歲 | 國、初中 | 中彰投區 | 本省閩南人 | 06 | 03 | 07"
"男性","40至49歲","國、初中","北北基宜蘭區","本省閩南人","00","07","00",1,1.39921225988956,1,0.000178571428571429,0.000250997812985666,"男性 | 40至49歲 | 國、初中 | 北北基宜蘭區 | 本省閩南人 | 00 | 07 | 00"
"男性","40至49歲","國、初中","北北基宜蘭區","本省閩南人","02","09","00",1,1.39921225988956,1,0.000178571428571429,0.000250997812985666,"男性 | 40至49歲 | 國、初中 | 北北基宜蘭區 | 本省閩南人 | 02 | 09 | 00"
"男性","40至49歲","國、初中","北北基宜蘭區","本省閩南人","02","10","04",1,1.769556753,1,0.000178571428571429,0.000317432092105935,"男性 | 40至49歲 | 國、初中 | 北北基宜蘭區 | 本省閩南人 | 02 | 10 | 04"
"男性","40至49歲","國、初中","北北基宜蘭區","本省閩南人","03","08","05",1,1.953867059,1,0.000178571428571429,0.000350494612384574,"男性 | 40至49歲 | 國、初中 | 北北基宜蘭區 | 本省閩南人 | 03 | 08 | 05"
"男性","40至49歲","國、初中","北北基宜蘭區","本省閩南人","04","05","05",1,1.953867059,1,0.000178571428571429,0.000350494612384574,"男性 | 40至49歲 | 國、初中 | 北北基宜蘭區 | 本省閩南人 | 04 | 05 | 05"
"男性","40至49歲","國、初中","北北基宜蘭區","本省閩南人","04","10","04",1,1.516957579,1,0.000178571428571429,0.000272119567299305,"男性 | 40至49歲 | 國、初中 | 北北基宜蘭區 | 本省閩南人 | 04 | 10 | 04"
"男性","40至49歲","國、初中","北北基宜蘭區","本省閩南人","05","08","05",1,1.39921225988956,1,0.000178571428571429,0.000250997812985666,"男性 | 40至49歲 | 國、初中 | 北北基宜蘭區 | 本省閩南人 | 05 | 08 | 05"
"男性","40至49歲","國、初中","北北基宜蘭區","本省閩南人","06","04","07",1,1.39921225988956,1,0.000178571428571429,0.000250997812985666,"男性 | 40至49歲 | 國、初中 | 北北基宜蘭區 | 本省閩南人 | 06 | 04 | 07"
"男性","40至49歲","國、初中","北北基宜蘭區","本省閩南人","07","06","04",1,1.39921225988956,1,0.000178571428571429,0.000250997812985666,"男性 | 40至49歲 | 國、初中 | 北北基宜蘭區 | 本省閩南人 | 07 | 06 | 04"
"男性","40至49歲","國、初中","桃竹苗區","本省客家人","00","07","00",1,1.31729302898852,1,0.000178571428571429,0.000236302724622695,"男性 | 40至49歲 | 國、初中 | 桃竹苗區 | 本省客家人 | 00 | 07 | 00"
"男性","40至49歲","國、初中","桃竹苗區","本省客家人","05","05","05",1,1.603221413,1,0.000178571428571429,0.000287594012667207,"男性 | 40至49歲 | 國、初中 | 桃竹苗區 | 本省客家人 | 05 | 05 | 05"
"男性","40至49歲","國、初中","桃竹苗區","本省閩南人","00","10","00",1,1.31729302898852,1,0.000178571428571429,0.000236302724622695,"男性 | 40至49歲 | 國、初中 | 桃竹苗區 | 本省閩南人 | 00 | 10 | 00"
"男性","40至49歲","國、初中","桃竹苗區","本省閩南人","04","05","02",1,1.31729302898852,1,0.000178571428571429,0.000236302724622695,"男性 | 40至49歲 | 國、初中 | 桃竹苗區 | 本省閩南人 | 04 | 05 | 02"
"男性","40至49歲","國、初中","桃竹苗區","本省閩南人","05","05","05",1,1.31729302898852,1,0.000178571428571429,0.000236302724622695,"男性 | 40至49歲 | 國、初中 | 桃竹苗區 | 本省閩南人 | 05 | 05 | 05"
"男性","40至49歲","國、初中","雲嘉南區","本省閩南人","00","10","00",1,1.228673673,1,0.000178571428571429,0.00022040573373793,"男性 | 40至49歲 | 國、初中 | 雲嘉南區 | 本省閩南人 | 00 | 10 | 00"
"男性","40至49歲","國、初中","雲嘉南區","本省閩南人","00","10","05",1,1.228673673,1,0.000178571428571429,0.00022040573373793,"男性 | 40至49歲 | 國、初中 | 雲嘉南區 | 本省閩南人 | 00 | 10 | 05"
"男性","40至49歲","國、初中","雲嘉南區","本省閩南人","02","08","07",1,1.452966909,1,0.000178571428571429,0.000260640595393531,"男性 | 40至49歲 | 國、初中 | 雲嘉南區 | 本省閩南人 | 02 | 08 | 07"
"男性","40至49歲","國、初中","雲嘉南區","本省閩南人","05","10","00",1,1.228673673,1,0.000178571428571429,0.00022040573373793,"男性 | 40至49歲 | 國、初中 | 雲嘉南區 | 本省閩南人 | 05 | 10 | 00"
"男性","40至49歲","國、初中","雲嘉南區","本省閩南人","06","01","10",1,1.228673673,1,0.000178571428571429,0.00022040573373793,"男性 | 40至49歲 | 國、初中 | 雲嘉南區 | 本省閩南人 | 06 | 01 | 10"
"男性","40至49歲","國、初中","雲嘉南區","本省閩南人","08","00","04",1,1.23444764051466,1,0.000178571428571429,0.00022144149740294,"男性 | 40至49歲 | 國、初中 | 雲嘉南區 | 本省閩南人 | 08 | 00 | 04"
"男性","40至49歲","國、初中","高屏區","原住民","05","05","02",1,1.76805457683002,1,0.000178571428571429,0.000317162624102979,"男性 | 40至49歲 | 國、初中 | 高屏區 | 原住民 | 05 | 05 | 02"
"男性","40至49歲","大學及以上","中彰投區","大陸各省市","03","03","08",1,0.874250280254605,1,0.000178571428571429,0.000156827462591938,"男性 | 40至49歲 | 大學及以上 | 中彰投區 | 大陸各省市 | 03 | 03 | 08"
"男性","40至49歲","大學及以上","中彰投區","大陸各省市","05","03","04",1,0.874250280254605,1,0.000178571428571429,0.000156827462591938,"男性 | 40至49歲 | 大學及以上 | 中彰投區 | 大陸各省市 | 05 | 03 | 04"
"男性","40至49歲","大學及以上","中彰投區","大陸各省市","05","03","06",1,0.795231383,1,0.000178571428571429,0.000142652650832491,"男性 | 40至49歲 | 大學及以上 | 中彰投區 | 大陸各省市 | 05 | 03 | 06"
"男性","40至49歲","大學及以上","中彰投區","大陸各省市","07","02","03",1,0.795231383,1,0.000178571428571429,0.000142652650832491,"男性 | 40至49歲 | 大學及以上 | 中彰投區 | 大陸各省市 | 07 | 02 | 03"
"男性","40至49歲","大學及以上","中彰投區","大陸新住民","03","03","03",1,0.874250280254605,1,0.000178571428571429,0.000156827462591938,"男性 | 40至49歲 | 大學及以上 | 中彰投區 | 大陸新住民 | 03 | 03 | 03"
"男性","40至49歲","大學及以上","中彰投區","本省客家人","00","03","00",1,0.874250280254605,1,0.000178571428571429,0.000156827462591938,"男性 | 40至49歲 | 大學及以上 | 中彰投區 | 本省客家人 | 00 | 03 | 00"
"男性","40至49歲","大學及以上","中彰投區","本省客家人","07","03","07",1,0.874250280254605,1,0.000178571428571429,0.000156827462591938,"男性 | 40至49歲 | 大學及以上 | 中彰投區 | 本省客家人 | 07 | 03 | 07"
"男性","40至49歲","大學及以上","中彰投區","本省閩南人","00","06","07",1,0.644976525,1,0.000178571428571429,0.000115699170056495,"男性 | 40至49歲 | 大學及以上 | 中彰投區 | 本省閩南人 | 00 | 06 | 07"
"男性","40至49歲","大學及以上","中彰投區","本省閩南人","00","07","05",1,0.927650901,1,0.000178571428571429,0.000166406737590736,"男性 | 40至49歲 | 大學及以上 | 中彰投區 | 本省閩南人 | 00 | 07 | 05"
"男性","40至49歲","大學及以上","中彰投區","本省閩南人","00","07","06",1,0.644976525,1,0.000178571428571429,0.000115699170056495,"男性 | 40至49歲 | 大學及以上 | 中彰投區 | 本省閩南人 | 00 | 07 | 06"
"男性","40至49歲","大學及以上","中彰投區","本省閩南人","01","04","07",1,0.874250280254605,1,0.000178571428571429,0.000156827462591938,"男性 | 40至49歲 | 大學及以上 | 中彰投區 | 本省閩南人 | 01 | 04 | 07"
"男性","40至49歲","大學及以上","中彰投區","本省閩南人","01","06","00",1,0.874250280254605,1,0.000178571428571429,0.000156827462591938,"男性 | 40至49歲 | 大學及以上 | 中彰投區 | 本省閩南人 | 01 | 06 | 00"
"男性","40至49歲","大學及以上","中彰投區","本省閩南人","01","07","09",1,0.644976525,1,0.000178571428571429,0.000115699170056495,"男性 | 40至49歲 | 大學及以上 | 中彰投區 | 本省閩南人 | 01 | 07 | 09"
"男性","40至49歲","大學及以上","中彰投區","本省閩南人","02","02","02",1,0.874250280254605,1,0.000178571428571429,0.000156827462591938,"男性 | 40至49歲 | 大學及以上 | 中彰投區 | 本省閩南人 | 02 | 02 | 02"
"男性","40至49歲","大學及以上","中彰投區","本省閩南人","02","02","05",1,0.874250280254605,1,0.000178571428571429,0.000156827462591938,"男性 | 40至49歲 | 大學及以上 | 中彰投區 | 本省閩南人 | 02 | 02 | 05"
"男性","40至49歲","大學及以上","中彰投區","本省閩南人","02","08","00",1,0.927650901,1,0.000178571428571429,0.000166406737590736,"男性 | 40至49歲 | 大學及以上 | 中彰投區 | 本省閩南人 | 02 | 08 | 00"
"男性","40至49歲","大學及以上","中彰投區","本省閩南人","02","08","06",1,0.874250280254605,1,0.000178571428571429,0.000156827462591938,"男性 | 40至49歲 | 大學及以上 | 中彰投區 | 本省閩南人 | 02 | 08 | 06"
"男性","40至49歲","大學及以上","中彰投區","本省閩南人","03","00","06",1,0.927650901,1,0.000178571428571429,0.000166406737590736,"男性 | 40至49歲 | 大學及以上 | 中彰投區 | 本省閩南人 | 03 | 00 | 06"
"男性","40至49歲","大學及以上","中彰投區","本省閩南人","03","01","03",1,0.874250280254605,1,0.000178571428571429,0.000156827462591938,"男性 | 40至49歲 | 大學及以上 | 中彰投區 | 本省閩南人 | 03 | 01 | 03"
"男性","40至49歲","大學及以上","中彰投區","本省閩南人","03","05","05",1,0.795231383,1,0.000178571428571429,0.000142652650832491,"男性 | 40至49歲 | 大學及以上 | 中彰投區 | 本省閩南人 | 03 | 05 | 05"
"男性","40至49歲","大學及以上","中彰投區","本省閩南人","03","07","07",1,0.927650901,1,0.000178571428571429,0.000166406737590736,"男性 | 40至49歲 | 大學及以上 | 中彰投區 | 本省閩南人 | 03 | 07 | 07"
"男性","40至49歲","大學及以上","中彰投區","本省閩南人","03","08","02",1,0.795231383,1,0.000178571428571429,0.000142652650832491,"男性 | 40至49歲 | 大學及以上 | 中彰投區 | 本省閩南人 | 03 | 08 | 02"
"男性","40至49歲","大學及以上","中彰投區","本省閩南人","03","09","01",1,0.874250280254605,1,0.000178571428571429,0.000156827462591938,"男性 | 40至49歲 | 大學及以上 | 中彰投區 | 本省閩南人 | 03 | 09 | 01"
"男性","40至49歲","大學及以上","中彰投區","本省閩南人","04","03","07",1,0.795231383,1,0.000178571428571429,0.000142652650832491,"男性 | 40至49歲 | 大學及以上 | 中彰投區 | 本省閩南人 | 04 | 03 | 07"
"男性","40至49歲","大學及以上","中彰投區","本省閩南人","04","04","05",1,0.874250280254605,1,0.000178571428571429,0.000156827462591938,"男性 | 40至49歲 | 大學及以上 | 中彰投區 | 本省閩南人 | 04 | 04 | 05"
"男性","40至49歲","大學及以上","中彰投區","本省閩南人","04","06","00",1,0.874250280254605,1,0.000178571428571429,0.000156827462591938,"男性 | 40至49歲 | 大學及以上 | 中彰投區 | 本省閩南人 | 04 | 06 | 00"
"男性","40至49歲","大學及以上","中彰投區","本省閩南人","04","07","08",1,0.927650901,1,0.000178571428571429,0.000166406737590736,"男性 | 40至49歲 | 大學及以上 | 中彰投區 | 本省閩南人 | 04 | 07 | 08"
"男性","40至49歲","大學及以上","中彰投區","本省閩南人","04","08","03",1,0.795231383,1,0.000178571428571429,0.000142652650832491,"男性 | 40至49歲 | 大學及以上 | 中彰投區 | 本省閩南人 | 04 | 08 | 03"
"男性","40至49歲","大學及以上","中彰投區","本省閩南人","04","08","05",1,0.644976525,1,0.000178571428571429,0.000115699170056495,"男性 | 40至49歲 | 大學及以上 | 中彰投區 | 本省閩南人 | 04 | 08 | 05"
"男性","40至49歲","大學及以上","中彰投區","本省閩南人","05","02","07",1,0.795231383,1,0.000178571428571429,0.000142652650832491,"男性 | 40至49歲 | 大學及以上 | 中彰投區 | 本省閩南人 | 05 | 02 | 07"
"男性","40至49歲","大學及以上","中彰投區","本省閩南人","05","03","09",1,0.795231383,1,0.000178571428571429,0.000142652650832491,"男性 | 40至49歲 | 大學及以上 | 中彰投區 | 本省閩南人 | 05 | 03 | 09"
"男性","40至49歲","大學及以上","中彰投區","本省閩南人","05","04","06",1,0.874250280254605,1,0.000178571428571429,0.000156827462591938,"男性 | 40至49歲 | 大學及以上 | 中彰投區 | 本省閩南人 | 05 | 04 | 06"
"男性","40至49歲","大學及以上","中彰投區","本省閩南人","05","05","03",1,0.874250280254605,1,0.000178571428571429,0.000156827462591938,"男性 | 40至49歲 | 大學及以上 | 中彰投區 | 本省閩南人 | 05 | 05 | 03"
"男性","40至49歲","大學及以上","中彰投區","本省閩南人","05","05","04",1,0.644976525,1,0.000178571428571429,0.000115699170056495,"男性 | 40至49歲 | 大學及以上 | 中彰投區 | 本省閩南人 | 05 | 05 | 04"
"男性","40至49歲","大學及以上","中彰投區","本省閩南人","05","07","09",1,0.644976525,1,0.000178571428571429,0.000115699170056495,"男性 | 40至49歲 | 大學及以上 | 中彰投區 | 本省閩南人 | 05 | 07 | 09"
"男性","40至49歲","大學及以上","中彰投區","本省閩南人","05","08","03",1,0.874250280254605,1,0.000178571428571429,0.000156827462591938,"男性 | 40至49歲 | 大學及以上 | 中彰投區 | 本省閩南人 | 05 | 08 | 03"
"男性","40至49歲","大學及以上","中彰投區","本省閩南人","06","01","03",1,0.874250280254605,1,0.000178571428571429,0.000156827462591938,"男性 | 40至49歲 | 大學及以上 | 中彰投區 | 本省閩南人 | 06 | 01 | 03"
"男性","40至49歲","大學及以上","中彰投區","本省閩南人","06","03","07",1,0.874250280254605,1,0.000178571428571429,0.000156827462591938,"男性 | 40至49歲 | 大學及以上 | 中彰投區 | 本省閩南人 | 06 | 03 | 07"
"男性","40至49歲","大學及以上","中彰投區","本省閩南人","06","04","07",1,0.644976525,1,0.000178571428571429,0.000115699170056495,"男性 | 40至49歲 | 大學及以上 | 中彰投區 | 本省閩南人 | 06 | 04 | 07"
"男性","40至49歲","大學及以上","中彰投區","本省閩南人","06","05","04",1,0.874250280254605,1,0.000178571428571429,0.000156827462591938,"男性 | 40至49歲 | 大學及以上 | 中彰投區 | 本省閩南人 | 06 | 05 | 04"
"男性","40至49歲","大學及以上","中彰投區","本省閩南人","06","05","07",1,0.644976525,1,0.000178571428571429,0.000115699170056495,"男性 | 40至49歲 | 大學及以上 | 中彰投區 | 本省閩南人 | 06 | 05 | 07"
"男性","40至49歲","大學及以上","中彰投區","本省閩南人","06","06","07",1,0.874250280254605,1,0.000178571428571429,0.000156827462591938,"男性 | 40至49歲 | 大學及以上 | 中彰投區 | 本省閩南人 | 06 | 06 | 07"
"男性","40至49歲","大學及以上","中彰投區","本省閩南人","07","04","08",1,0.874250280254605,1,0.000178571428571429,0.000156827462591938,"男性 | 40至49歲 | 大學及以上 | 中彰投區 | 本省閩南人 | 07 | 04 | 08"
"男性","40至49歲","大學及以上","中彰投區","本省閩南人","07","06","07",1,0.644976525,1,0.000178571428571429,0.000115699170056495,"男性 | 40至49歲 | 大學及以上 | 中彰投區 | 本省閩南人 | 07 | 06 | 07"
"男性","40至49歲","大學及以上","中彰投區","本省閩南人","07","09","05",1,0.865965242,1,0.000178571428571429,0.000155341250283755,"男性 | 40至49歲 | 大學及以上 | 中彰投區 | 本省閩南人 | 07 | 09 | 05"
"男性","40至49歲","大學及以上","中彰投區","本省閩南人","08","08","07",1,0.644976525,1,0.000178571428571429,0.000115699170056495,"男性 | 40至49歲 | 大學及以上 | 中彰投區 | 本省閩南人 | 08 | 08 | 07"
"男性","40至49歲","大學及以上","中彰投區","本省閩南人","09","01","00",1,0.795231383,1,0.000178571428571429,0.000142652650832491,"男性 | 40至49歲 | 大學及以上 | 中彰投區 | 本省閩南人 | 09 | 01 | 00"
"男性","40至49歲","大學及以上","中彰投區","本省閩南人","09","01","04",1,0.874250280254605,1,0.000178571428571429,0.000156827462591938,"男性 | 40至49歲 | 大學及以上 | 中彰投區 | 本省閩南人 | 09 | 01 | 04"
"男性","40至49歲","大學及以上","中彰投區","本省閩南人","10","05","06",1,0.874250280254605,1,0.000178571428571429,0.000156827462591938,"男性 | 40至49歲 | 大學及以上 | 中彰投區 | 本省閩南人 | 10 | 05 | 06"
"男性","40至49歲","大學及以上","北北基宜蘭區","台灣僑胞/華僑","06","03","06",1,0.853800765666321,1,0.000178571428571429,0.000153159124638208,"男性 | 40至49歲 | 大學及以上 | 北北基宜蘭區 | 台灣僑胞/華僑 | 06 | 03 | 06"
"男性","40至49歲","大學及以上","北北基宜蘭區","台灣僑胞/華僑","07","03","08",1,0.853800765666321,1,0.000178571428571429,0.000153159124638208,"男性 | 40至49歲 | 大學及以上 | 北北基宜蘭區 | 台灣僑胞/華僑 | 07 | 03 | 08"
"男性","40至49歲","大學及以上","北北基宜蘭區","大陸各省市","01","01","05",1,0.850679035,1,0.000178571428571429,0.000152599132711008,"男性 | 40至49歲 | 大學及以上 | 北北基宜蘭區 | 大陸各省市 | 01 | 01 | 05"
"男性","40至49歲","大學及以上","北北基宜蘭區","大陸各省市","02","02","02",1,0.853800765666321,1,0.000178571428571429,0.000153159124638208,"男性 | 40至49歲 | 大學及以上 | 北北基宜蘭區 | 大陸各省市 | 02 | 02 | 02"
"男性","40至49歲","大學及以上","北北基宜蘭區","大陸各省市","03","01","08",1,0.853800765666321,1,0.000178571428571429,0.000153159124638208,"男性 | 40至49歲 | 大學及以上 | 北北基宜蘭區 | 大陸各省市 | 03 | 01 | 08"
"男性","40至49歲","大學及以上","北北基宜蘭區","大陸各省市","03","03","04",1,0.853800765666321,1,0.000178571428571429,0.000153159124638208,"男性 | 40至49歲 | 大學及以上 | 北北基宜蘭區 | 大陸各省市 | 03 | 03 | 04"
"男性","40至49歲","大學及以上","北北基宜蘭區","大陸各省市","05","02","04",1,0.853800765666321,1,0.000178571428571429,0.000153159124638208,"男性 | 40至49歲 | 大學及以上 | 北北基宜蘭區 | 大陸各省市 | 05 | 02 | 04"
"男性","40至49歲","大學及以上","北北基宜蘭區","大陸各省市","05","04","05",1,1.13822698,1,0.000178571428571429,0.000204180945844363,"男性 | 40至49歲 | 大學及以上 | 北北基宜蘭區 | 大陸各省市 | 05 | 04 | 05"
"男性","40至49歲","大學及以上","北北基宜蘭區","大陸各省市","05","05","05",1,1.13822698,1,0.000178571428571429,0.000204180945844363,"男性 | 40至49歲 | 大學及以上 | 北北基宜蘭區 | 大陸各省市 | 05 | 05 | 05"
"男性","40至49歲","大學及以上","北北基宜蘭區","大陸各省市","05","05","06",1,0.975748328,1,0.000178571428571429,0.000175034698718085,"男性 | 40至49歲 | 大學及以上 | 北北基宜蘭區 | 大陸各省市 | 05 | 05 | 06"
"男性","40至49歲","大學及以上","北北基宜蘭區","大陸各省市","05","08","04",1,0.975748328,1,0.000178571428571429,0.000175034698718085,"男性 | 40至49歲 | 大學及以上 | 北北基宜蘭區 | 大陸各省市 | 05 | 08 | 04"
"男性","40至49歲","大學及以上","北北基宜蘭區","大陸各省市","06","00","05",1,0.853800765666321,1,0.000178571428571429,0.000153159124638208,"男性 | 40至49歲 | 大學及以上 | 北北基宜蘭區 | 大陸各省市 | 06 | 00 | 05"
"男性","40至49歲","大學及以上","北北基宜蘭區","大陸各省市","06","03","05",1,0.850679035,1,0.000178571428571429,0.000152599132711008,"男性 | 40至49歲 | 大學及以上 | 北北基宜蘭區 | 大陸各省市 | 06 | 03 | 05"
"男性","40至49歲","大學及以上","北北基宜蘭區","大陸各省市","06","04","00",1,1.13822698,1,0.000178571428571429,0.000204180945844363,"男性 | 40至49歲 | 大學及以上 | 北北基宜蘭區 | 大陸各省市 | 06 | 04 | 00"
"男性","40至49歲","大學及以上","北北基宜蘭區","大陸各省市","06","04","05",1,0.975748328,1,0.000178571428571429,0.000175034698718085,"男性 | 40至49歲 | 大學及以上 | 北北基宜蘭區 | 大陸各省市 | 06 | 04 | 05"
"男性","40至49歲","大學及以上","北北基宜蘭區","大陸各省市","06","06","03",1,0.853800765666321,1,0.000178571428571429,0.000153159124638208,"男性 | 40至49歲 | 大學及以上 | 北北基宜蘭區 | 大陸各省市 | 06 | 06 | 03"
"男性","40至49歲","大學及以上","北北基宜蘭區","大陸各省市","07","03","05",1,0.975748328,1,0.000178571428571429,0.000175034698718085,"男性 | 40至49歲 | 大學及以上 | 北北基宜蘭區 | 大陸各省市 | 07 | 03 | 05"
"男性","40至49歲","大學及以上","北北基宜蘭區","大陸各省市","07","04","05",1,0.975748328,1,0.000178571428571429,0.000175034698718085,"男性 | 40至49歲 | 大學及以上 | 北北基宜蘭區 | 大陸各省市 | 07 | 04 | 05"
"男性","40至49歲","大學及以上","北北基宜蘭區","大陸各省市","07","06","07",1,0.853800765666321,1,0.000178571428571429,0.000153159124638208,"男性 | 40至49歲 | 大學及以上 | 北北基宜蘭區 | 大陸各省市 | 07 | 06 | 07"
"男性","40至49歲","大學及以上","北北基宜蘭區","本省客家人","00","06","07",1,0.975748328,1,0.000178571428571429,0.000175034698718085,"男性 | 40至49歲 | 大學及以上 | 北北基宜蘭區 | 本省客家人 | 00 | 06 | 07"
"男性","40至49歲","大學及以上","北北基宜蘭區","本省客家人","00","10","00",1,0.975748328,1,0.000178571428571429,0.000175034698718085,"男性 | 40至49歲 | 大學及以上 | 北北基宜蘭區 | 本省客家人 | 00 | 10 | 00"
"男性","40至49歲","大學及以上","北北基宜蘭區","本省客家人","01","03","00",1,0.853800765666321,1,0.000178571428571429,0.000153159124638208,"男性 | 40至49歲 | 大學及以上 | 北北基宜蘭區 | 本省客家人 | 01 | 03 | 00"
"男性","40至49歲","大學及以上","北北基宜蘭區","本省客家人","01","03","07",1,0.850679035,1,0.000178571428571429,0.000152599132711008,"男性 | 40至49歲 | 大學及以上 | 北北基宜蘭區 | 本省客家人 | 01 | 03 | 07"
"男性","40至49歲","大學及以上","北北基宜蘭區","本省客家人","01","07","02",1,0.853800765666321,1,0.000178571428571429,0.000153159124638208,"男性 | 40至49歲 | 大學及以上 | 北北基宜蘭區 | 本省客家人 | 01 | 07 | 02"
"男性","40至49歲","大學及以上","北北基宜蘭區","本省客家人","01","07","04",1,0.975748328,1,0.000178571428571429,0.000175034698718085,"男性 | 40至49歲 | 大學及以上 | 北北基宜蘭區 | 本省客家人 | 01 | 07 | 04"
"男性","40至49歲","大學及以上","北北基宜蘭區","本省客家人","03","08","01",1,0.975748328,1,0.000178571428571429,0.000175034698718085,"男性 | 40至49歲 | 大學及以上 | 北北基宜蘭區 | 本省客家人 | 03 | 08 | 01"
"男性","40至49歲","大學及以上","北北基宜蘭區","本省客家人","04","03","07",1,0.853800765666321,1,0.000178571428571429,0.000153159124638208,"男性 | 40至49歲 | 大學及以上 | 北北基宜蘭區 | 本省客家人 | 04 | 03 | 07"
"男性","40至49歲","大學及以上","北北基宜蘭區","本省客家人","04","05","06",1,0.975748328,1,0.000178571428571429,0.000175034698718085,"男性 | 40至49歲 | 大學及以上 | 北北基宜蘭區 | 本省客家人 | 04 | 05 | 06"
"男性","40至49歲","大學及以上","北北基宜蘭區","本省客家人","05","03","05",1,0.853800765666321,1,0.000178571428571429,0.000153159124638208,"男性 | 40至49歲 | 大學及以上 | 北北基宜蘭區 | 本省客家人 | 05 | 03 | 05"
"男性","40至49歲","大學及以上","北北基宜蘭區","本省客家人","05","05","05",1,0.853800765666321,1,0.000178571428571429,0.000153159124638208,"男性 | 40至49歲 | 大學及以上 | 北北基宜蘭區 | 本省客家人 | 05 | 05 | 05"
"男性","40至49歲","大學及以上","北北基宜蘭區","本省客家人","05","06","08",1,0.975748328,1,0.000178571428571429,0.000175034698718085,"男性 | 40至49歲 | 大學及以上 | 北北基宜蘭區 | 本省客家人 | 05 | 06 | 08"
"男性","40至49歲","大學及以上","北北基宜蘭區","本省客家人","05","07","03",1,0.975748328,1,0.000178571428571429,0.000175034698718085,"男性 | 40至49歲 | 大學及以上 | 北北基宜蘭區 | 本省客家人 | 05 | 07 | 03"
"男性","40至49歲","大學及以上","北北基宜蘭區","本省客家人","08","03","00",1,0.850679035,1,0.000178571428571429,0.000152599132711008,"男性 | 40至49歲 | 大學及以上 | 北北基宜蘭區 | 本省客家人 | 08 | 03 | 00"
"男性","40至49歲","大學及以上","北北基宜蘭區","本省閩南人","00","00","05",1,1.13822698,1,0.000178571428571429,0.000204180945844363,"男性 | 40至49歲 | 大學及以上 | 北北基宜蘭區 | 本省閩南人 | 00 | 00 | 05"
"男性","40至49歲","大學及以上","北北基宜蘭區","本省閩南人","00","00","10",1,0.975748328,1,0.000178571428571429,0.000175034698718085,"男性 | 40至49歲 | 大學及以上 | 北北基宜蘭區 | 本省閩南人 | 00 | 00 | 10"
"男性","40至49歲","大學及以上","北北基宜蘭區","本省閩南人","00","05","00",1,0.853800765666321,1,0.000178571428571429,0.000153159124638208,"男性 | 40至49歲 | 大學及以上 | 北北基宜蘭區 | 本省閩南人 | 00 | 05 | 00"
"男性","40至49歲","大學及以上","北北基宜蘭區","本省閩南人","00","06","00",1,0.850679035,1,0.000178571428571429,0.000152599132711008,"男性 | 40至49歲 | 大學及以上 | 北北基宜蘭區 | 本省閩南人 | 00 | 06 | 00"
"男性","40至49歲","大學及以上","北北基宜蘭區","本省閩南人","00","07","00",1,0.853800765666321,1,0.000178571428571429,0.000153159124638208,"男性 | 40至49歲 | 大學及以上 | 北北基宜蘭區 | 本省閩南人 | 00 | 07 | 00"
"男性","40至49歲","大學及以上","北北基宜蘭區","本省閩南人","00","07","07",1,1.13822698,1,0.000178571428571429,0.000204180945844363,"男性 | 40至49歲 | 大學及以上 | 北北基宜蘭區 | 本省閩南人 | 00 | 07 | 07"
"男性","40至49歲","大學及以上","北北基宜蘭區","本省閩南人","00","08","00",1,0.853800765666321,1,0.000178571428571429,0.000153159124638208,"男性 | 40至49歲 | 大學及以上 | 北北基宜蘭區 | 本省閩南人 | 00 | 08 | 00"
"男性","40至49歲","大學及以上","北北基宜蘭區","本省閩南人","00","08","03",1,0.850679035,1,0.000178571428571429,0.000152599132711008,"男性 | 40至49歲 | 大學及以上 | 北北基宜蘭區 | 本省閩南人 | 00 | 08 | 03"
"男性","40至49歲","大學及以上","北北基宜蘭區","本省閩南人","00","09","00",1,0.853800765666321,1,0.000178571428571429,0.000153159124638208,"男性 | 40至49歲 | 大學及以上 | 北北基宜蘭區 | 本省閩南人 | 00 | 09 | 00"
"男性","40至49歲","大學及以上","北北基宜蘭區","本省閩南人","01","00","08",1,0.853800765666321,1,0.000178571428571429,0.000153159124638208,"男性 | 40至49歲 | 大學及以上 | 北北基宜蘭區 | 本省閩南人 | 01 | 00 | 08"
"男性","40至49歲","大學及以上","北北基宜蘭區","本省閩南人","01","01","02",1,0.850679035,1,0.000178571428571429,0.000152599132711008,"男性 | 40至49歲 | 大學及以上 | 北北基宜蘭區 | 本省閩南人 | 01 | 01 | 02"
"男性","40至49歲","大學及以上","北北基宜蘭區","本省閩南人","01","04","08",1,0.975748328,1,0.000178571428571429,0.000175034698718085,"男性 | 40至49歲 | 大學及以上 | 北北基宜蘭區 | 本省閩南人 | 01 | 04 | 08"
"男性","40至49歲","大學及以上","北北基宜蘭區","本省閩南人","01","07","01",1,0.853800765666321,1,0.000178571428571429,0.000153159124638208,"男性 | 40至49歲 | 大學及以上 | 北北基宜蘭區 | 本省閩南人 | 01 | 07 | 01"
"男性","40至49歲","大學及以上","北北基宜蘭區","本省閩南人","01","09","01",1,0.850679035,1,0.000178571428571429,0.000152599132711008,"男性 | 40至49歲 | 大學及以上 | 北北基宜蘭區 | 本省閩南人 | 01 | 09 | 01"
"男性","40至49歲","大學及以上","北北基宜蘭區","本省閩南人","01","10","00",1,0.975748328,1,0.000178571428571429,0.000175034698718085,"男性 | 40至49歲 | 大學及以上 | 北北基宜蘭區 | 本省閩南人 | 01 | 10 | 00"
"男性","40至49歲","大學及以上","北北基宜蘭區","本省閩南人","02","00","01",1,0.853800765666321,1,0.000178571428571429,0.000153159124638208,"男性 | 40至49歲 | 大學及以上 | 北北基宜蘭區 | 本省閩南人 | 02 | 00 | 01"
"男性","40至49歲","大學及以上","北北基宜蘭區","本省閩南人","02","01","05",1,1.13822698,1,0.000178571428571429,0.000204180945844363,"男性 | 40至49歲 | 大學及以上 | 北北基宜蘭區 | 本省閩南人 | 02 | 01 | 05"
"男性","40至49歲","大學及以上","北北基宜蘭區","本省閩南人","02","02","02",1,0.853800765666321,1,0.000178571428571429,0.000153159124638208,"男性 | 40至49歲 | 大學及以上 | 北北基宜蘭區 | 本省閩南人 | 02 | 02 | 02"
"男性","40至49歲","大學及以上","北北基宜蘭區","本省閩南人","02","02","03",1,0.853800765666321,1,0.000178571428571429,0.000153159124638208,"男性 | 40至49歲 | 大學及以上 | 北北基宜蘭區 | 本省閩南人 | 02 | 02 | 03"
"男性","40至49歲","大學及以上","北北基宜蘭區","本省閩南人","02","02","05",1,1.13822698,1,0.000178571428571429,0.000204180945844363,"男性 | 40至49歲 | 大學及以上 | 北北基宜蘭區 | 本省閩南人 | 02 | 02 | 05"
"男性","40至49歲","大學及以上","北北基宜蘭區","本省閩南人","02","02","06",1,0.853800765666321,1,0.000178571428571429,0.000153159124638208,"男性 | 40至49歲 | 大學及以上 | 北北基宜蘭區 | 本省閩南人 | 02 | 02 | 06"
"男性","40至49歲","大學及以上","北北基宜蘭區","本省閩南人","02","02","10",1,0.850679035,1,0.000178571428571429,0.000152599132711008,"男性 | 40至49歲 | 大學及以上 | 北北基宜蘭區 | 本省閩南人 | 02 | 02 | 10"
"男性","40至49歲","大學及以上","北北基宜蘭區","本省閩南人","02","04","05",1,1.13822698,1,0.000178571428571429,0.000204180945844363,"男性 | 40至49歲 | 大學及以上 | 北北基宜蘭區 | 本省閩南人 | 02 | 04 | 05"
"男性","40至49歲","大學及以上","北北基宜蘭區","本省閩南人","02","05","08",1,0.966213039,1,0.000178571428571429,0.000173324210071155,"男性 | 40至49歲 | 大學及以上 | 北北基宜蘭區 | 本省閩南人 | 02 | 05 | 08"
"男性","40至49歲","大學及以上","北北基宜蘭區","本省閩南人","02","06","04",1,0.853800765666321,1,0.000178571428571429,0.000153159124638208,"男性 | 40至49歲 | 大學及以上 | 北北基宜蘭區 | 本省閩南人 | 02 | 06 | 04"
"男性","40至49歲","大學及以上","北北基宜蘭區","本省閩南人","02","06","05",1,0.975748328,1,0.000178571428571429,0.000175034698718085,"男性 | 40至49歲 | 大學及以上 | 北北基宜蘭區 | 本省閩南人 | 02 | 06 | 05"
"男性","40至49歲","大學及以上","北北基宜蘭區","本省閩南人","02","06","06",1,1.13822698,1,0.000178571428571429,0.000204180945844363,"男性 | 40至49歲 | 大學及以上 | 北北基宜蘭區 | 本省閩南人 | 02 | 06 | 06"
"男性","40至49歲","大學及以上","北北基宜蘭區","本省閩南人","02","07","02",1,0.853800765666321,1,0.000178571428571429,0.000153159124638208,"男性 | 40至49歲 | 大學及以上 | 北北基宜蘭區 | 本省閩南人 | 02 | 07 | 02"
"男性","40至49歲","大學及以上","北北基宜蘭區","本省閩南人","02","07","03",1,0.853800765666321,1,0.000178571428571429,0.000153159124638208,"男性 | 40至49歲 | 大學及以上 | 北北基宜蘭區 | 本省閩南人 | 02 | 07 | 03"
"男性","40至49歲","大學及以上","北北基宜蘭區","本省閩南人","02","08","00",1,0.853800765666321,1,0.000178571428571429,0.000153159124638208,"男性 | 40至49歲 | 大學及以上 | 北北基宜蘭區 | 本省閩南人 | 02 | 08 | 00"
"男性","40至49歲","大學及以上","北北基宜蘭區","本省閩南人","02","08","07",1,1.13822698,1,0.000178571428571429,0.000204180945844363,"男性 | 40至49歲 | 大學及以上 | 北北基宜蘭區 | 本省閩南人 | 02 | 08 | 07"
"男性","40至49歲","大學及以上","北北基宜蘭區","本省閩南人","02","09","01",1,0.853800765666321,1,0.000178571428571429,0.000153159124638208,"男性 | 40至49歲 | 大學及以上 | 北北基宜蘭區 | 本省閩南人 | 02 | 09 | 01"
"男性","40至49歲","大學及以上","北北基宜蘭區","本省閩南人","03","00","04",1,0.850679035,1,0.000178571428571429,0.000152599132711008,"男性 | 40至49歲 | 大學及以上 | 北北基宜蘭區 | 本省閩南人 | 03 | 00 | 04"
"男性","40至49歲","大學及以上","北北基宜蘭區","本省閩南人","03","03","04",1,0.853800765666321,1,0.000178571428571429,0.000153159124638208,"男性 | 40至49歲 | 大學及以上 | 北北基宜蘭區 | 本省閩南人 | 03 | 03 | 04"
"男性","40至49歲","大學及以上","北北基宜蘭區","本省閩南人","03","03","08",1,0.975748328,1,0.000178571428571429,0.000175034698718085,"男性 | 40至49歲 | 大學及以上 | 北北基宜蘭區 | 本省閩南人 | 03 | 03 | 08"
"男性","40至49歲","大學及以上","北北基宜蘭區","本省閩南人","03","04","06",1,0.853800765666321,1,0.000178571428571429,0.000153159124638208,"男性 | 40至49歲 | 大學及以上 | 北北基宜蘭區 | 本省閩南人 | 03 | 04 | 06"
"男性","40至49歲","大學及以上","北北基宜蘭區","本省閩南人","03","06","09",1,0.850679035,1,0.000178571428571429,0.000152599132711008,"男性 | 40至49歲 | 大學及以上 | 北北基宜蘭區 | 本省閩南人 | 03 | 06 | 09"
"男性","40至49歲","大學及以上","北北基宜蘭區","本省閩南人","03","08","05",1,0.853800765666321,1,0.000178571428571429,0.000153159124638208,"男性 | 40至49歲 | 大學及以上 | 北北基宜蘭區 | 本省閩南人 | 03 | 08 | 05"
"男性","40至49歲","大學及以上","北北基宜蘭區","本省閩南人","04","05","06",1,0.853800765666321,1,0.000178571428571429,0.000153159124638208,"男性 | 40至49歲 | 大學及以上 | 北北基宜蘭區 | 本省閩南人 | 04 | 05 | 06"
"男性","40至49歲","大學及以上","北北基宜蘭區","本省閩南人","04","08","04",1,0.850679035,1,0.000178571428571429,0.000152599132711008,"男性 | 40至49歲 | 大學及以上 | 北北基宜蘭區 | 本省閩南人 | 04 | 08 | 04"
"男性","40至49歲","大學及以上","北北基宜蘭區","本省閩南人","05","00","05",1,0.850679035,1,0.000178571428571429,0.000152599132711008,"男性 | 40至49歲 | 大學及以上 | 北北基宜蘭區 | 本省閩南人 | 05 | 00 | 05"
"男性","40至49歲","大學及以上","北北基宜蘭區","本省閩南人","05","00","06",1,0.975748328,1,0.000178571428571429,0.000175034698718085,"男性 | 40至49歲 | 大學及以上 | 北北基宜蘭區 | 本省閩南人 | 05 | 00 | 06"
"男性","40至49歲","大學及以上","北北基宜蘭區","本省閩南人","05","02","04",1,0.853800765666321,1,0.000178571428571429,0.000153159124638208,"男性 | 40至49歲 | 大學及以上 | 北北基宜蘭區 | 本省閩南人 | 05 | 02 | 04"
"男性","40至49歲","大學及以上","北北基宜蘭區","本省閩南人","05","02","05",1,0.853800765666321,1,0.000178571428571429,0.000153159124638208,"男性 | 40至49歲 | 大學及以上 | 北北基宜蘭區 | 本省閩南人 | 05 | 02 | 05"
"男性","40至49歲","大學及以上","北北基宜蘭區","本省閩南人","05","03","01",1,0.850679035,1,0.000178571428571429,0.000152599132711008,"男性 | 40至49歲 | 大學及以上 | 北北基宜蘭區 | 本省閩南人 | 05 | 03 | 01"
"男性","40至49歲","大學及以上","北北基宜蘭區","本省閩南人","05","03","07",1,0.853800765666321,1,0.000178571428571429,0.000153159124638208,"男性 | 40至49歲 | 大學及以上 | 北北基宜蘭區 | 本省閩南人 | 05 | 03 | 07"
"男性","40至49歲","大學及以上","北北基宜蘭區","本省閩南人","05","03","10",1,0.975748328,1,0.000178571428571429,0.000175034698718085,"男性 | 40至49歲 | 大學及以上 | 北北基宜蘭區 | 本省閩南人 | 05 | 03 | 10"
"男性","40至49歲","大學及以上","北北基宜蘭區","本省閩南人","05","04","04",1,0.853800765666321,1,0.000178571428571429,0.000153159124638208,"男性 | 40至49歲 | 大學及以上 | 北北基宜蘭區 | 本省閩南人 | 05 | 04 | 04"
"男性","40至49歲","大學及以上","北北基宜蘭區","本省閩南人","05","04","05",1,0.853800765666321,1,0.000178571428571429,0.000153159124638208,"男性 | 40至49歲 | 大學及以上 | 北北基宜蘭區 | 本省閩南人 | 05 | 04 | 05"
"男性","40至49歲","大學及以上","北北基宜蘭區","本省閩南人","05","05","08",1,0.975748328,1,0.000178571428571429,0.000175034698718085,"男性 | 40至49歲 | 大學及以上 | 北北基宜蘭區 | 本省閩南人 | 05 | 05 | 08"
"男性","40至49歲","大學及以上","北北基宜蘭區","本省閩南人","05","06","04",1,0.975748328,1,0.000178571428571429,0.000175034698718085,"男性 | 40至49歲 | 大學及以上 | 北北基宜蘭區 | 本省閩南人 | 05 | 06 | 04"
"男性","40至49歲","大學及以上","北北基宜蘭區","本省閩南人","05","06","05",1,0.975748328,1,0.000178571428571429,0.000175034698718085,"男性 | 40至49歲 | 大學及以上 | 北北基宜蘭區 | 本省閩南人 | 05 | 06 | 05"
"男性","40至49歲","大學及以上","北北基宜蘭區","本省閩南人","05","06","06",1,1.13822698,1,0.000178571428571429,0.000204180945844363,"男性 | 40至49歲 | 大學及以上 | 北北基宜蘭區 | 本省閩南人 | 05 | 06 | 06"
"男性","40至49歲","大學及以上","北北基宜蘭區","本省閩南人","06","02","04",1,0.975748328,1,0.000178571428571429,0.000175034698718085,"男性 | 40至49歲 | 大學及以上 | 北北基宜蘭區 | 本省閩南人 | 06 | 02 | 04"
"男性","40至49歲","大學及以上","北北基宜蘭區","本省閩南人","06","02","07",1,0.853800765666321,1,0.000178571428571429,0.000153159124638208,"男性 | 40至49歲 | 大學及以上 | 北北基宜蘭區 | 本省閩南人 | 06 | 02 | 07"
"男性","40至49歲","大學及以上","北北基宜蘭區","本省閩南人","06","02","08",1,0.853800765666321,1,0.000178571428571429,0.000153159124638208,"男性 | 40至49歲 | 大學及以上 | 北北基宜蘭區 | 本省閩南人 | 06 | 02 | 08"
"男性","40至49歲","大學及以上","北北基宜蘭區","本省閩南人","06","02","09",1,0.853800765666321,1,0.000178571428571429,0.000153159124638208,"男性 | 40至49歲 | 大學及以上 | 北北基宜蘭區 | 本省閩南人 | 06 | 02 | 09"
"男性","40至49歲","大學及以上","北北基宜蘭區","本省閩南人","06","04","05",1,0.853800765666321,1,0.000178571428571429,0.000153159124638208,"男性 | 40至49歲 | 大學及以上 | 北北基宜蘭區 | 本省閩南人 | 06 | 04 | 05"
"男性","40至49歲","大學及以上","北北基宜蘭區","本省閩南人","06","05","07",1,0.721807661,1,0.000178571428571429,0.000129481530072928,"男性 | 40至49歲 | 大學及以上 | 北北基宜蘭區 | 本省閩南人 | 06 | 05 | 07"
"男性","40至49歲","大學及以上","北北基宜蘭區","本省閩南人","06","06","06",1,0.853800765666321,1,0.000178571428571429,0.000153159124638208,"男性 | 40至49歲 | 大學及以上 | 北北基宜蘭區 | 本省閩南人 | 06 | 06 | 06"
"男性","40至49歲","大學及以上","北北基宜蘭區","本省閩南人","06","07","08",1,0.975748328,1,0.000178571428571429,0.000175034698718085,"男性 | 40至49歲 | 大學及以上 | 北北基宜蘭區 | 本省閩南人 | 06 | 07 | 08"
"男性","40至49歲","大學及以上","北北基宜蘭區","本省閩南人","07","00","00",1,0.850679035,1,0.000178571428571429,0.000152599132711008,"男性 | 40至49歲 | 大學及以上 | 北北基宜蘭區 | 本省閩南人 | 07 | 00 | 00"
"男性","40至49歲","大學及以上","北北基宜蘭區","本省閩南人","07","00","09",1,0.853800765666321,1,0.000178571428571429,0.000153159124638208,"男性 | 40至49歲 | 大學及以上 | 北北基宜蘭區 | 本省閩南人 | 07 | 00 | 09"
"男性","40至49歲","大學及以上","北北基宜蘭區","本省閩南人","07","03","03",1,0.853800765666321,1,0.000178571428571429,0.000153159124638208,"男性 | 40至49歲 | 大學及以上 | 北北基宜蘭區 | 本省閩南人 | 07 | 03 | 03"
"男性","40至49歲","大學及以上","北北基宜蘭區","本省閩南人","07","03","07",1,0.853800765666321,1,0.000178571428571429,0.000153159124638208,"男性 | 40至49歲 | 大學及以上 | 北北基宜蘭區 | 本省閩南人 | 07 | 03 | 07"
"男性","40至49歲","大學及以上","北北基宜蘭區","本省閩南人","07","04","05",1,0.975748328,1,0.000178571428571429,0.000175034698718085,"男性 | 40至49歲 | 大學及以上 | 北北基宜蘭區 | 本省閩南人 | 07 | 04 | 05"
"男性","40至49歲","大學及以上","北北基宜蘭區","本省閩南人","07","06","01",1,0.850679035,1,0.000178571428571429,0.000152599132711008,"男性 | 40至49歲 | 大學及以上 | 北北基宜蘭區 | 本省閩南人 | 07 | 06 | 01"
"男性","40至49歲","大學及以上","北北基宜蘭區","本省閩南人","07","09","05",1,0.975748328,1,0.000178571428571429,0.000175034698718085,"男性 | 40至49歲 | 大學及以上 | 北北基宜蘭區 | 本省閩南人 | 07 | 09 | 05"
"男性","40至49歲","大學及以上","北北基宜蘭區","本省閩南人","08","00","05",1,0.850679035,1,0.000178571428571429,0.000152599132711008,"男性 | 40至49歲 | 大學及以上 | 北北基宜蘭區 | 本省閩南人 | 08 | 00 | 05"
"男性","40至49歲","大學及以上","北北基宜蘭區","本省閩南人","08","01","03",1,0.853800765666321,1,0.000178571428571429,0.000153159124638208,"男性 | 40至49歲 | 大學及以上 | 北北基宜蘭區 | 本省閩南人 | 08 | 01 | 03"
"男性","40至49歲","大學及以上","北北基宜蘭區","本省閩南人","08","03","06",1,1.13822698,1,0.000178571428571429,0.000204180945844363,"男性 | 40至49歲 | 大學及以上 | 北北基宜蘭區 | 本省閩南人 | 08 | 03 | 06"
"男性","40至49歲","大學及以上","北北基宜蘭區","本省閩南人","08","04","08",1,0.975748328,1,0.000178571428571429,0.000175034698718085,"男性 | 40至49歲 | 大學及以上 | 北北基宜蘭區 | 本省閩南人 | 08 | 04 | 08"
"男性","40至49歲","大學及以上","桃竹苗區","大陸各省市","01","05","08",1,1.031235569,1,0.000178571428571429,0.000184988282272812,"男性 | 40至49歲 | 大學及以上 | 桃竹苗區 | 大陸各省市 | 01 | 05 | 08"
"男性","40至49歲","大學及以上","桃竹苗區","大陸各省市","01","07","00",1,0.803813566389191,1,0.000178571428571429,0.000144192166546497,"男性 | 40至49歲 | 大學及以上 | 桃竹苗區 | 大陸各省市 | 01 | 07 | 00"
"男性","40至49歲","大學及以上","桃竹苗區","大陸各省市","03","00","03",1,0.803813566389191,1,0.000178571428571429,0.000144192166546497,"男性 | 40至49歲 | 大學及以上 | 桃竹苗區 | 大陸各省市 | 03 | 00 | 03"
"男性","40至49歲","大學及以上","桃竹苗區","大陸各省市","03","07","05",1,0.803813566389191,1,0.000178571428571429,0.000144192166546497,"男性 | 40至49歲 | 大學及以上 | 桃竹苗區 | 大陸各省市 | 03 | 07 | 05"
"男性","40至49歲","大學及以上","桃竹苗區","大陸各省市","04","02","07",1,0.731635948,1,0.000178571428571429,0.000131244578191581,"男性 | 40至49歲 | 大學及以上 | 桃竹苗區 | 大陸各省市 | 04 | 02 | 07"
"男性","40至49歲","大學及以上","桃竹苗區","大陸各省市","04","03","08",1,0.731635948,1,0.000178571428571429,0.000131244578191581,"男性 | 40至49歲 | 大學及以上 | 桃竹苗區 | 大陸各省市 | 04 | 03 | 08"
"男性","40至49歲","大學及以上","桃竹苗區","大陸各省市","06","03","07",1,0.731635948,1,0.000178571428571429,0.000131244578191581,"男性 | 40至49歲 | 大學及以上 | 桃竹苗區 | 大陸各省市 | 06 | 03 | 07"
"男性","40至49歲","大學及以上","桃竹苗區","大陸各省市","06","04","02",1,0.884029636,1,0.000178571428571429,0.000158581733173227,"男性 | 40至49歲 | 大學及以上 | 桃竹苗區 | 大陸各省市 | 06 | 04 | 02"
"男性","40至49歲","大學及以上","桃竹苗區","大陸各省市","07","05","05",1,0.803813566389191,1,0.000178571428571429,0.000144192166546497,"男性 | 40至49歲 | 大學及以上 | 桃竹苗區 | 大陸各省市 | 07 | 05 | 05"
"男性","40至49歲","大學及以上","桃竹苗區","本省客家人","00","06","00",1,0.803813566389191,1,0.000178571428571429,0.000144192166546497,"男性 | 40至49歲 | 大學及以上 | 桃竹苗區 | 本省客家人 | 00 | 06 | 00"
"男性","40至49歲","大學及以上","桃竹苗區","本省客家人","02","02","08",1,0.803813566389191,1,0.000178571428571429,0.000144192166546497,"男性 | 40至49歲 | 大學及以上 | 桃竹苗區 | 本省客家人 | 02 | 02 | 08"
"男性","40至49歲","大學及以上","桃竹苗區","本省客家人","04","02","05",1,0.803813566389191,1,0.000178571428571429,0.000144192166546497,"男性 | 40至49歲 | 大學及以上 | 桃竹苗區 | 本省客家人 | 04 | 02 | 05"
"男性","40至49歲","大學及以上","桃竹苗區","本省客家人","05","01","05",1,0.803813566389191,1,0.000178571428571429,0.000144192166546497,"男性 | 40至49歲 | 大學及以上 | 桃竹苗區 | 本省客家人 | 05 | 01 | 05"
"男性","40至49歲","大學及以上","桃竹苗區","本省客家人","05","03","08",1,1.031235569,1,0.000178571428571429,0.000184988282272812,"男性 | 40至49歲 | 大學及以上 | 桃竹苗區 | 本省客家人 | 05 | 03 | 08"
"男性","40至49歲","大學及以上","桃竹苗區","本省客家人","05","04","05",1,0.803813566389191,1,0.000178571428571429,0.000144192166546497,"男性 | 40至49歲 | 大學及以上 | 桃竹苗區 | 本省客家人 | 05 | 04 | 05"
"男性","40至49歲","大學及以上","桃竹苗區","本省客家人","05","05","05",1,0.731635948,1,0.000178571428571429,0.000131244578191581,"男性 | 40至49歲 | 大學及以上 | 桃竹苗區 | 本省客家人 | 05 | 05 | 05"
"男性","40至49歲","大學及以上","桃竹苗區","本省客家人","05","06","06",1,0.884029636,1,0.000178571428571429,0.000158581733173227,"男性 | 40至49歲 | 大學及以上 | 桃竹苗區 | 本省客家人 | 05 | 06 | 06"
"男性","40至49歲","大學及以上","桃竹苗區","本省客家人","05","06","07",1,0.731635948,1,0.000178571428571429,0.000131244578191581,"男性 | 40至49歲 | 大學及以上 | 桃竹苗區 | 本省客家人 | 05 | 06 | 07"
"男性","40至49歲","大學及以上","桃竹苗區","本省客家人","06","00","04",1,0.884029636,1,0.000178571428571429,0.000158581733173227,"男性 | 40至49歲 | 大學及以上 | 桃竹苗區 | 本省客家人 | 06 | 00 | 04"
"男性","40至49歲","大學及以上","桃竹苗區","本省客家人","06","04","04",1,0.884029636,1,0.000178571428571429,0.000158581733173227,"男性 | 40至49歲 | 大學及以上 | 桃竹苗區 | 本省客家人 | 06 | 04 | 04"
"男性","40至49歲","大學及以上","桃竹苗區","本省客家人","06","08","00",1,0.884029636,1,0.000178571428571429,0.000158581733173227,"男性 | 40至49歲 | 大學及以上 | 桃竹苗區 | 本省客家人 | 06 | 08 | 00"
"男性","40至49歲","大學及以上","桃竹苗區","本省客家人","08","02","06",1,0.803813566389191,1,0.000178571428571429,0.000144192166546497,"男性 | 40至49歲 | 大學及以上 | 桃竹苗區 | 本省客家人 | 08 | 02 | 06"
"男性","40至49歲","大學及以上","桃竹苗區","本省閩南人","00","00","08",1,0.803813566389191,1,0.000178571428571429,0.000144192166546497,"男性 | 40至49歲 | 大學及以上 | 桃竹苗區 | 本省閩南人 | 00 | 00 | 08"
"男性","40至49歲","大學及以上","桃竹苗區","本省閩南人","00","05","01",1,0.803813566389191,1,0.000178571428571429,0.000144192166546497,"男性 | 40至49歲 | 大學及以上 | 桃竹苗區 | 本省閩南人 | 00 | 05 | 01"
"男性","40至49歲","大學及以上","桃竹苗區","本省閩南人","00","06","07",1,0.731635948,1,0.000178571428571429,0.000131244578191581,"男性 | 40至49歲 | 大學及以上 | 桃竹苗區 | 本省閩南人 | 00 | 06 | 07"
"男性","40至49歲","大學及以上","桃竹苗區","本省閩南人","00","07","07",1,0.884029636,1,0.000178571428571429,0.000158581733173227,"男性 | 40至49歲 | 大學及以上 | 桃竹苗區 | 本省閩南人 | 00 | 07 | 07"
"男性","40至49歲","大學及以上","桃竹苗區","本省閩南人","00","08","00",1,0.962661879,1,0.000178571428571429,0.000172687184925569,"男性 | 40至49歲 | 大學及以上 | 桃竹苗區 | 本省閩南人 | 00 | 08 | 00"
"男性","40至49歲","大學及以上","桃竹苗區","本省閩南人","02","00","01",1,0.803813566389191,1,0.000178571428571429,0.000144192166546497,"男性 | 40至49歲 | 大學及以上 | 桃竹苗區 | 本省閩南人 | 02 | 00 | 01"
"男性","40至49歲","大學及以上","桃竹苗區","本省閩南人","02","01","10",1,0.884029636,1,0.000178571428571429,0.000158581733173227,"男性 | 40至49歲 | 大學及以上 | 桃竹苗區 | 本省閩南人 | 02 | 01 | 10"
"男性","40至49歲","大學及以上","桃竹苗區","本省閩南人","02","02","05",1,0.803813566389191,1,0.000178571428571429,0.000144192166546497,"男性 | 40至49歲 | 大學及以上 | 桃竹苗區 | 本省閩南人 | 02 | 02 | 05"
"男性","40至49歲","大學及以上","桃竹苗區","本省閩南人","02","03","04",1,0.803813566389191,1,0.000178571428571429,0.000144192166546497,"男性 | 40至49歲 | 大學及以上 | 桃竹苗區 | 本省閩南人 | 02 | 03 | 04"
"男性","40至49歲","大學及以上","桃竹苗區","本省閩南人","02","03","06",1,0.731635948,1,0.000178571428571429,0.000131244578191581,"男性 | 40至49歲 | 大學及以上 | 桃竹苗區 | 本省閩南人 | 02 | 03 | 06"
"男性","40至49歲","大學及以上","桃竹苗區","本省閩南人","02","08","00",1,0.803813566389191,1,0.000178571428571429,0.000144192166546497,"男性 | 40至49歲 | 大學及以上 | 桃竹苗區 | 本省閩南人 | 02 | 08 | 00"
"男性","40至49歲","大學及以上","桃竹苗區","本省閩南人","03","01","04",1,0.884029636,1,0.000178571428571429,0.000158581733173227,"男性 | 40至49歲 | 大學及以上 | 桃竹苗區 | 本省閩南人 | 03 | 01 | 04"
"男性","40至49歲","大學及以上","桃竹苗區","本省閩南人","03","02","06",1,0.803813566389191,1,0.000178571428571429,0.000144192166546497,"男性 | 40至49歲 | 大學及以上 | 桃竹苗區 | 本省閩南人 | 03 | 02 | 06"
"男性","40至49歲","大學及以上","桃竹苗區","本省閩南人","03","03","03",1,0.803813566389191,1,0.000178571428571429,0.000144192166546497,"男性 | 40至49歲 | 大學及以上 | 桃竹苗區 | 本省閩南人 | 03 | 03 | 03"
"男性","40至49歲","大學及以上","桃竹苗區","本省閩南人","03","04","02",1,0.803813566389191,1,0.000178571428571429,0.000144192166546497,"男性 | 40至49歲 | 大學及以上 | 桃竹苗區 | 本省閩南人 | 03 | 04 | 02"
"男性","40至49歲","大學及以上","桃竹苗區","本省閩南人","03","04","08",1,1.031235569,1,0.000178571428571429,0.000184988282272812,"男性 | 40至49歲 | 大學及以上 | 桃竹苗區 | 本省閩南人 | 03 | 04 | 08"
"男性","40至49歲","大學及以上","桃竹苗區","本省閩南人","03","05","07",1,0.731635948,1,0.000178571428571429,0.000131244578191581,"男性 | 40至49歲 | 大學及以上 | 桃竹苗區 | 本省閩南人 | 03 | 05 | 07"
"男性","40至49歲","大學及以上","桃竹苗區","本省閩南人","03","07","05",1,0.731635948,1,0.000178571428571429,0.000131244578191581,"男性 | 40至49歲 | 大學及以上 | 桃竹苗區 | 本省閩南人 | 03 | 07 | 05"
"男性","40至49歲","大學及以上","桃竹苗區","本省閩南人","04","02","05",1,0.731635948,1,0.000178571428571429,0.000131244578191581,"男性 | 40至49歲 | 大學及以上 | 桃竹苗區 | 本省閩南人 | 04 | 02 | 05"
"男性","40至49歲","大學及以上","桃竹苗區","本省閩南人","04","03","07",1,0.731635948,1,0.000178571428571429,0.000131244578191581,"男性 | 40至49歲 | 大學及以上 | 桃竹苗區 | 本省閩南人 | 04 | 03 | 07"
"男性","40至49歲","大學及以上","桃竹苗區","本省閩南人","04","04","04",1,0.803813566389191,1,0.000178571428571429,0.000144192166546497,"男性 | 40至49歲 | 大學及以上 | 桃竹苗區 | 本省閩南人 | 04 | 04 | 04"
"男性","40至49歲","大學及以上","桃竹苗區","本省閩南人","04","05","02",1,0.884029636,1,0.000178571428571429,0.000158581733173227,"男性 | 40至49歲 | 大學及以上 | 桃竹苗區 | 本省閩南人 | 04 | 05 | 02"
"男性","40至49歲","大學及以上","桃竹苗區","本省閩南人","04","05","08",1,0.884029636,1,0.000178571428571429,0.000158581733173227,"男性 | 40至49歲 | 大學及以上 | 桃竹苗區 | 本省閩南人 | 04 | 05 | 08"
"男性","40至49歲","大學及以上","桃竹苗區","本省閩南人","04","06","00",1,0.803813566389191,1,0.000178571428571429,0.000144192166546497,"男性 | 40至49歲 | 大學及以上 | 桃竹苗區 | 本省閩南人 | 04 | 06 | 00"
"男性","40至49歲","大學及以上","桃竹苗區","本省閩南人","04","07","03",1,0.803813566389191,1,0.000178571428571429,0.000144192166546497,"男性 | 40至49歲 | 大學及以上 | 桃竹苗區 | 本省閩南人 | 04 | 07 | 03"
"男性","40至49歲","大學及以上","桃竹苗區","本省閩南人","04","07","04",1,1.031235569,1,0.000178571428571429,0.000184988282272812,"男性 | 40至49歲 | 大學及以上 | 桃竹苗區 | 本省閩南人 | 04 | 07 | 04"
"男性","40至49歲","大學及以上","桃竹苗區","本省閩南人","05","00","05",1,1.031235569,1,0.000178571428571429,0.000184988282272812,"男性 | 40至49歲 | 大學及以上 | 桃竹苗區 | 本省閩南人 | 05 | 00 | 05"
"男性","40至49歲","大學及以上","桃竹苗區","本省閩南人","05","00","08",1,0.803813566389191,1,0.000178571428571429,0.000144192166546497,"男性 | 40至49歲 | 大學及以上 | 桃竹苗區 | 本省閩南人 | 05 | 00 | 08"
"男性","40至49歲","大學及以上","桃竹苗區","本省閩南人","05","01","05",1,0.803813566389191,1,0.000178571428571429,0.000144192166546497,"男性 | 40至49歲 | 大學及以上 | 桃竹苗區 | 本省閩南人 | 05 | 01 | 05"
"男性","40至49歲","大學及以上","桃竹苗區","本省閩南人","05","02","06",1,0.884029636,1,0.000178571428571429,0.000158581733173227,"男性 | 40至49歲 | 大學及以上 | 桃竹苗區 | 本省閩南人 | 05 | 02 | 06"
"男性","40至49歲","大學及以上","桃竹苗區","本省閩南人","05","03","06",1,1.031235569,1,0.000178571428571429,0.000184988282272812,"男性 | 40至49歲 | 大學及以上 | 桃竹苗區 | 本省閩南人 | 05 | 03 | 06"
"男性","40至49歲","大學及以上","桃竹苗區","本省閩南人","05","05","03",1,0.803813566389191,1,0.000178571428571429,0.000144192166546497,"男性 | 40至49歲 | 大學及以上 | 桃竹苗區 | 本省閩南人 | 05 | 05 | 03"
"男性","40至49歲","大學及以上","桃竹苗區","本省閩南人","05","05","06",1,0.803813566389191,1,0.000178571428571429,0.000144192166546497,"男性 | 40至49歲 | 大學及以上 | 桃竹苗區 | 本省閩南人 | 05 | 05 | 06"
"男性","40至49歲","大學及以上","桃竹苗區","本省閩南人","05","07","04",1,0.884029636,1,0.000178571428571429,0.000158581733173227,"男性 | 40至49歲 | 大學及以上 | 桃竹苗區 | 本省閩南人 | 05 | 07 | 04"
"男性","40至49歲","大學及以上","桃竹苗區","本省閩南人","06","03","07",1,0.803813566389191,1,0.000178571428571429,0.000144192166546497,"男性 | 40至49歲 | 大學及以上 | 桃竹苗區 | 本省閩南人 | 06 | 03 | 07"
"男性","40至49歲","大學及以上","桃竹苗區","本省閩南人","06","05","06",1,0.803813566389191,1,0.000178571428571429,0.000144192166546497,"男性 | 40至49歲 | 大學及以上 | 桃竹苗區 | 本省閩南人 | 06 | 05 | 06"
"男性","40至49歲","大學及以上","桃竹苗區","本省閩南人","06","07","05",1,0.803813566389191,1,0.000178571428571429,0.000144192166546497,"男性 | 40至49歲 | 大學及以上 | 桃竹苗區 | 本省閩南人 | 06 | 07 | 05"
"男性","40至49歲","大學及以上","桃竹苗區","本省閩南人","06","08","06",1,0.731635948,1,0.000178571428571429,0.000131244578191581,"男性 | 40至49歲 | 大學及以上 | 桃竹苗區 | 本省閩南人 | 06 | 08 | 06"
"男性","40至49歲","大學及以上","桃竹苗區","本省閩南人","07","03","05",1,0.803813566389191,1,0.000178571428571429,0.000144192166546497,"男性 | 40至49歲 | 大學及以上 | 桃竹苗區 | 本省閩南人 | 07 | 03 | 05"
"男性","40至49歲","大學及以上","桃竹苗區","本省閩南人","07","07","06",1,0.803813566389191,1,0.000178571428571429,0.000144192166546497,"男性 | 40至49歲 | 大學及以上 | 桃竹苗區 | 本省閩南人 | 07 | 07 | 06"
"男性","40至49歲","大學及以上","桃竹苗區","本省閩南人","07","07","07",1,0.884029636,1,0.000178571428571429,0.000158581733173227,"男性 | 40至49歲 | 大學及以上 | 桃竹苗區 | 本省閩南人 | 07 | 07 | 07"
"男性","40至49歲","大學及以上","花東區","本省客家人","04","03","05",1,0.775323711,1,0.000178571428571429,0.000139081511358606,"男性 | 40至49歲 | 大學及以上 | 花東區 | 本省客家人 | 04 | 03 | 05"
"男性","40至49歲","大學及以上","花東區","本省閩南人","03","07","09",1,0.775323711,1,0.000178571428571429,0.000139081511358606,"男性 | 40至49歲 | 大學及以上 | 花東區 | 本省閩南人 | 03 | 07 | 09"
"男性","40至49歲","大學及以上","雲嘉南區","原住民","06","06","06",1,0.921917358,1,0.000178571428571429,0.000165378225480806,"男性 | 40至49歲 | 大學及以上 | 雲嘉南區 | 原住民 | 06 | 06 | 06"
"男性","40至49歲","大學及以上","雲嘉南區","大陸各省市","04","07","08",1,0.790316288,1,0.000178571428571429,0.000141770956088254,"男性 | 40至49歲 | 大學及以上 | 雲嘉南區 | 大陸各省市 | 04 | 07 | 08"
"男性","40至49歲","大學及以上","雲嘉南區","大陸各省市","07","03","06",1,0.632596001,1,0.000178571428571429,0.000113478288681526,"男性 | 40至49歲 | 大學及以上 | 雲嘉南區 | 大陸各省市 | 07 | 03 | 06"
"男性","40至49歲","大學及以上","雲嘉南區","本省客家人","00","06","01",1,0.753261224804867,1,0.000178571428571429,0.000135123830352836,"男性 | 40至49歲 | 大學及以上 | 雲嘉南區 | 本省客家人 | 00 | 06 | 01"
"男性","40至49歲","大學及以上","雲嘉南區","本省客家人","02","01","01",1,0.753261224804867,1,0.000178571428571429,0.000135123830352836,"男性 | 40至49歲 | 大學及以上 | 雲嘉南區 | 本省客家人 | 02 | 01 | 01"
"男性","40至49歲","大學及以上","雲嘉南區","本省客家人","06","03","02",1,0.921917358,1,0.000178571428571429,0.000165378225480806,"男性 | 40至49歲 | 大學及以上 | 雲嘉南區 | 本省客家人 | 06 | 03 | 02"
"男性","40至49歲","大學及以上","雲嘉南區","本省閩南人","00","03","00",1,0.753261224804867,1,0.000178571428571429,0.000135123830352836,"男性 | 40至49歲 | 大學及以上 | 雲嘉南區 | 本省閩南人 | 00 | 03 | 00"
"男性","40至49歲","大學及以上","雲嘉南區","本省閩南人","00","06","01",1,0.753261224804867,1,0.000178571428571429,0.000135123830352836,"男性 | 40至49歲 | 大學及以上 | 雲嘉南區 | 本省閩南人 | 00 | 06 | 01"
"男性","40至49歲","大學及以上","雲嘉南區","本省閩南人","00","10","00",1,0.753261224804867,1,0.000178571428571429,0.000135123830352836,"男性 | 40至49歲 | 大學及以上 | 雲嘉南區 | 本省閩南人 | 00 | 10 | 00"
"男性","40至49歲","大學及以上","雲嘉南區","本省閩南人","01","05","03",1,0.753261224804867,1,0.000178571428571429,0.000135123830352836,"男性 | 40至49歲 | 大學及以上 | 雲嘉南區 | 本省閩南人 | 01 | 05 | 03"
"男性","40至49歲","大學及以上","雲嘉南區","本省閩南人","01","08","03",1,0.753261224804867,1,0.000178571428571429,0.000135123830352836,"男性 | 40至49歲 | 大學及以上 | 雲嘉南區 | 本省閩南人 | 01 | 08 | 03"
"男性","40至49歲","大學及以上","雲嘉南區","本省閩南人","02","00","05",1,0.753261224804867,1,0.000178571428571429,0.000135123830352836,"男性 | 40至49歲 | 大學及以上 | 雲嘉南區 | 本省閩南人 | 02 | 00 | 05"
"男性","40至49歲","大學及以上","雲嘉南區","本省閩南人","02","03","07",1,0.632596001,1,0.000178571428571429,0.000113478288681526,"男性 | 40至49歲 | 大學及以上 | 雲嘉南區 | 本省閩南人 | 02 | 03 | 07"
"男性","40至49歲","大學及以上","雲嘉南區","本省閩南人","02","04","03",1,0.753261224804867,1,0.000178571428571429,0.000135123830352836,"男性 | 40至49歲 | 大學及以上 | 雲嘉南區 | 本省閩南人 | 02 | 04 | 03"
"男性","40至49歲","大學及以上","雲嘉南區","本省閩南人","02","06","00",1,0.753261224804867,1,0.000178571428571429,0.000135123830352836,"男性 | 40至49歲 | 大學及以上 | 雲嘉南區 | 本省閩南人 | 02 | 06 | 00"
"男性","40至49歲","大學及以上","雲嘉南區","本省閩南人","02","06","08",1,0.753261224804867,1,0.000178571428571429,0.000135123830352836,"男性 | 40至49歲 | 大學及以上 | 雲嘉南區 | 本省閩南人 | 02 | 06 | 08"
"男性","40至49歲","大學及以上","雲嘉南區","本省閩南人","02","08","02",1,0.753261224804867,1,0.000178571428571429,0.000135123830352836,"男性 | 40至49歲 | 大學及以上 | 雲嘉南區 | 本省閩南人 | 02 | 08 | 02"
"男性","40至49歲","大學及以上","雲嘉南區","本省閩南人","03","00","10",1,0.632596001,1,0.000178571428571429,0.000113478288681526,"男性 | 40至49歲 | 大學及以上 | 雲嘉南區 | 本省閩南人 | 03 | 00 | 10"
"男性","40至49歲","大學及以上","雲嘉南區","本省閩南人","03","04","06",1,0.753261224804867,1,0.000178571428571429,0.000135123830352836,"男性 | 40至49歲 | 大學及以上 | 雲嘉南區 | 本省閩南人 | 03 | 04 | 06"
"男性","40至49歲","大學及以上","雲嘉南區","本省閩南人","03","05","05",1,0.753261224804867,1,0.000178571428571429,0.000135123830352836,"男性 | 40至49歲 | 大學及以上 | 雲嘉南區 | 本省閩南人 | 03 | 05 | 05"
"男性","40至49歲","大學及以上","雲嘉南區","本省閩南人","03","06","07",1,0.632596001,1,0.000178571428571429,0.000113478288681526,"男性 | 40至49歲 | 大學及以上 | 雲嘉南區 | 本省閩南人 | 03 | 06 | 07"
"男性","40至49歲","大學及以上","雲嘉南區","本省閩南人","03","07","03",1,0.753261224804867,1,0.000178571428571429,0.000135123830352836,"男性 | 40至49歲 | 大學及以上 | 雲嘉南區 | 本省閩南人 | 03 | 07 | 03"
"男性","40至49歲","大學及以上","雲嘉南區","本省閩南人","03","07","07",1,0.921917358,1,0.000178571428571429,0.000165378225480806,"男性 | 40至49歲 | 大學及以上 | 雲嘉南區 | 本省閩南人 | 03 | 07 | 07"
"男性","40至49歲","大學及以上","雲嘉南區","本省閩南人","03","08","05",1,0.753261224804867,1,0.000178571428571429,0.000135123830352836,"男性 | 40至49歲 | 大學及以上 | 雲嘉南區 | 本省閩南人 | 03 | 08 | 05"
"男性","40至49歲","大學及以上","雲嘉南區","本省閩南人","03","08","08",1,0.921917358,1,0.000178571428571429,0.000165378225480806,"男性 | 40至49歲 | 大學及以上 | 雲嘉南區 | 本省閩南人 | 03 | 08 | 08"
"男性","40至49歲","大學及以上","雲嘉南區","本省閩南人","04","02","06",1,0.632596001,1,0.000178571428571429,0.000113478288681526,"男性 | 40至49歲 | 大學及以上 | 雲嘉南區 | 本省閩南人 | 04 | 02 | 06"
"男性","40至49歲","大學及以上","雲嘉南區","本省閩南人","04","02","07",1,0.790316288,1,0.000178571428571429,0.000141770956088254,"男性 | 40至49歲 | 大學及以上 | 雲嘉南區 | 本省閩南人 | 04 | 02 | 07"
"男性","40至49歲","大學及以上","雲嘉南區","本省閩南人","04","04","03",1,0.753261224804867,1,0.000178571428571429,0.000135123830352836,"男性 | 40至49歲 | 大學及以上 | 雲嘉南區 | 本省閩南人 | 04 | 04 | 03"
"男性","40至49歲","大學及以上","雲嘉南區","本省閩南人","04","04","04",1,0.753261224804867,1,0.000178571428571429,0.000135123830352836,"男性 | 40至49歲 | 大學及以上 | 雲嘉南區 | 本省閩南人 | 04 | 04 | 04"
"男性","40至49歲","大學及以上","雲嘉南區","本省閩南人","05","00","05",1,0.753261224804867,1,0.000178571428571429,0.000135123830352836,"男性 | 40至49歲 | 大學及以上 | 雲嘉南區 | 本省閩南人 | 05 | 00 | 05"
"男性","40至49歲","大學及以上","雲嘉南區","本省閩南人","05","01","02",1,0.753261224804867,1,0.000178571428571429,0.000135123830352836,"男性 | 40至49歲 | 大學及以上 | 雲嘉南區 | 本省閩南人 | 05 | 01 | 02"
"男性","40至49歲","大學及以上","雲嘉南區","本省閩南人","05","02","07",1,0.753261224804867,1,0.000178571428571429,0.000135123830352836,"男性 | 40至49歲 | 大學及以上 | 雲嘉南區 | 本省閩南人 | 05 | 02 | 07"
"男性","40至49歲","大學及以上","雲嘉南區","本省閩南人","05","03","05",1,0.632596001,1,0.000178571428571429,0.000113478288681526,"男性 | 40至49歲 | 大學及以上 | 雲嘉南區 | 本省閩南人 | 05 | 03 | 05"
"男性","40至49歲","大學及以上","雲嘉南區","本省閩南人","05","07","05",1,0.632596001,1,0.000178571428571429,0.000113478288681526,"男性 | 40至49歲 | 大學及以上 | 雲嘉南區 | 本省閩南人 | 05 | 07 | 05"
"男性","40至49歲","大學及以上","雲嘉南區","本省閩南人","06","03","06",1,0.632596001,1,0.000178571428571429,0.000113478288681526,"男性 | 40至49歲 | 大學及以上 | 雲嘉南區 | 本省閩南人 | 06 | 03 | 06"
"男性","40至49歲","大學及以上","雲嘉南區","本省閩南人","06","05","04",1,0.753261224804867,1,0.000178571428571429,0.000135123830352836,"男性 | 40至49歲 | 大學及以上 | 雲嘉南區 | 本省閩南人 | 06 | 05 | 04"
"男性","40至49歲","大學及以上","雲嘉南區","本省閩南人","06","05","05",1,0.753261224804867,1,0.000178571428571429,0.000135123830352836,"男性 | 40至49歲 | 大學及以上 | 雲嘉南區 | 本省閩南人 | 06 | 05 | 05"
"男性","40至49歲","大學及以上","雲嘉南區","本省閩南人","06","08","08",1,0.921917358,1,0.000178571428571429,0.000165378225480806,"男性 | 40至49歲 | 大學及以上 | 雲嘉南區 | 本省閩南人 | 06 | 08 | 08"
"男性","40至49歲","大學及以上","雲嘉南區","本省閩南人","07","05","04",1,0.632596001,1,0.000178571428571429,0.000113478288681526,"男性 | 40至49歲 | 大學及以上 | 雲嘉南區 | 本省閩南人 | 07 | 05 | 04"
"男性","40至49歲","大學及以上","雲嘉南區","本省閩南人","07","05","06",1,0.753261224804867,1,0.000178571428571429,0.000135123830352836,"男性 | 40至49歲 | 大學及以上 | 雲嘉南區 | 本省閩南人 | 07 | 05 | 06"
"男性","40至49歲","大學及以上","雲嘉南區","本省閩南人","08","03","08",1,0.790316288,1,0.000178571428571429,0.000141770956088254,"男性 | 40至49歲 | 大學及以上 | 雲嘉南區 | 本省閩南人 | 08 | 03 | 08"
"男性","40至49歲","大學及以上","高屏區","大陸各省市","04","03","02",1,0.708402072,1,0.000178571428571429,0.000127076767323743,"男性 | 40至49歲 | 大學及以上 | 高屏區 | 大陸各省市 | 04 | 03 | 02"
"男性","40至49歲","大學及以上","高屏區","大陸各省市","07","00","02",1,0.818685538,1,0.000178571428571429,0.000146859976467911,"男性 | 40至49歲 | 大學及以上 | 高屏區 | 大陸各省市 | 07 | 00 | 02"
"男性","40至49歲","大學及以上","高屏區","大陸各省市","07","03","05",1,1.07886872829178,1,0.000178571428571429,0.000193532960696926,"男性 | 40至49歲 | 大學及以上 | 高屏區 | 大陸各省市 | 07 | 03 | 05"
"男性","40至49歲","大學及以上","高屏區","本省客家人","07","05","06",1,0.818685538,1,0.000178571428571429,0.000146859976467911,"男性 | 40至49歲 | 大學及以上 | 高屏區 | 本省客家人 | 07 | 05 | 06"
"男性","40至49歲","大學及以上","高屏區","本省閩南人","00","00","00",1,1.07886872829178,1,0.000178571428571429,0.000193532960696926,"男性 | 40至49歲 | 大學及以上 | 高屏區 | 本省閩南人 | 00 | 00 | 00"
"男性","40至49歲","大學及以上","高屏區","本省閩南人","00","00","05",1,1.07886872829178,1,0.000178571428571429,0.000193532960696926,"男性 | 40至49歲 | 大學及以上 | 高屏區 | 本省閩南人 | 00 | 00 | 05"
"男性","40至49歲","大學及以上","高屏區","本省閩南人","00","01","00",1,1.07886872829178,1,0.000178571428571429,0.000193532960696926,"男性 | 40至49歲 | 大學及以上 | 高屏區 | 本省閩南人 | 00 | 01 | 00"
"男性","40至49歲","大學及以上","高屏區","本省閩南人","00","08","02",1,1.015005914,1,0.000178571428571429,0.000182076924198495,"男性 | 40至49歲 | 大學及以上 | 高屏區 | 本省閩南人 | 00 | 08 | 02"
"男性","40至49歲","大學及以上","高屏區","本省閩南人","00","09","00",1,1.07886872829178,1,0.000178571428571429,0.000193532960696926,"男性 | 40至49歲 | 大學及以上 | 高屏區 | 本省閩南人 | 00 | 09 | 00"
"男性","40至49歲","大學及以上","高屏區","本省閩南人","01","02","02",1,0.708402072,1,0.000178571428571429,0.000127076767323743,"男性 | 40至49歲 | 大學及以上 | 高屏區 | 本省閩南人 | 01 | 02 | 02"
"男性","40至49歲","大學及以上","高屏區","本省閩南人","01","07","01",1,1.07886872829178,1,0.000178571428571429,0.000193532960696926,"男性 | 40至49歲 | 大學及以上 | 高屏區 | 本省閩南人 | 01 | 07 | 01"
"男性","40至49歲","大學及以上","高屏區","本省閩南人","02","03","07",1,0.708402072,1,0.000178571428571429,0.000127076767323743,"男性 | 40至49歲 | 大學及以上 | 高屏區 | 本省閩南人 | 02 | 03 | 07"
"男性","40至49歲","大學及以上","高屏區","本省閩南人","02","06","00",1,1.07886872829178,1,0.000178571428571429,0.000193532960696926,"男性 | 40至49歲 | 大學及以上 | 高屏區 | 本省閩南人 | 02 | 06 | 00"
"男性","40至49歲","大學及以上","高屏區","本省閩南人","02","07","00",1,1.07886872829178,1,0.000178571428571429,0.000193532960696926,"男性 | 40至49歲 | 大學及以上 | 高屏區 | 本省閩南人 | 02 | 07 | 00"
"男性","40至49歲","大學及以上","高屏區","本省閩南人","02","07","03",1,0.818685538,1,0.000178571428571429,0.000146859976467911,"男性 | 40至49歲 | 大學及以上 | 高屏區 | 本省閩南人 | 02 | 07 | 03"
"男性","40至49歲","大學及以上","高屏區","本省閩南人","03","01","06",1,0.708402072,1,0.000178571428571429,0.000127076767323743,"男性 | 40至49歲 | 大學及以上 | 高屏區 | 本省閩南人 | 03 | 01 | 06"
"男性","40至49歲","大學及以上","高屏區","本省閩南人","03","03","06",1,0.95501057,1,0.000178571428571429,0.000171314654194864,"男性 | 40至49歲 | 大學及以上 | 高屏區 | 本省閩南人 | 03 | 03 | 06"
"男性","40至49歲","大學及以上","高屏區","本省閩南人","03","05","08",1,0.95501057,1,0.000178571428571429,0.000171314654194864,"男性 | 40至49歲 | 大學及以上 | 高屏區 | 本省閩南人 | 03 | 05 | 08"
"男性","40至49歲","大學及以上","高屏區","本省閩南人","03","07","02",1,0.95501057,1,0.000178571428571429,0.000171314654194864,"男性 | 40至49歲 | 大學及以上 | 高屏區 | 本省閩南人 | 03 | 07 | 02"
"男性","40至49歲","大學及以上","高屏區","本省閩南人","03","08","03",1,0.95501057,1,0.000178571428571429,0.000171314654194864,"男性 | 40至49歲 | 大學及以上 | 高屏區 | 本省閩南人 | 03 | 08 | 03"
"男性","40至49歲","大學及以上","高屏區","本省閩南人","04","01","04",1,1.07886872829178,1,0.000178571428571429,0.000193532960696926,"男性 | 40至49歲 | 大學及以上 | 高屏區 | 本省閩南人 | 04 | 01 | 04"
"男性","40至49歲","大學及以上","高屏區","本省閩南人","04","06","04",1,0.818685538,1,0.000178571428571429,0.000146859976467911,"男性 | 40至49歲 | 大學及以上 | 高屏區 | 本省閩南人 | 04 | 06 | 04"
"男性","40至49歲","大學及以上","高屏區","本省閩南人","04","06","07",1,1.07886872829178,1,0.000178571428571429,0.000193532960696926,"男性 | 40至49歲 | 大學及以上 | 高屏區 | 本省閩南人 | 04 | 06 | 07"
"男性","40至49歲","大學及以上","高屏區","本省閩南人","04","07","00",1,1.07886872829178,1,0.000178571428571429,0.000193532960696926,"男性 | 40至49歲 | 大學及以上 | 高屏區 | 本省閩南人 | 04 | 07 | 00"
"男性","40至49歲","大學及以上","高屏區","本省閩南人","04","08","00",1,1.07886872829178,1,0.000178571428571429,0.000193532960696926,"男性 | 40至49歲 | 大學及以上 | 高屏區 | 本省閩南人 | 04 | 08 | 00"
"男性","40至49歲","大學及以上","高屏區","本省閩南人","05","02","05",1,1.07886872829178,1,0.000178571428571429,0.000193532960696926,"男性 | 40至49歲 | 大學及以上 | 高屏區 | 本省閩南人 | 05 | 02 | 05"
"男性","40至49歲","大學及以上","高屏區","本省閩南人","05","07","05",1,0.818685538,1,0.000178571428571429,0.000146859976467911,"男性 | 40至49歲 | 大學及以上 | 高屏區 | 本省閩南人 | 05 | 07 | 05"
"男性","40至49歲","大學及以上","高屏區","本省閩南人","06","03","07",1,0.708402072,1,0.000178571428571429,0.000127076767323743,"男性 | 40至49歲 | 大學及以上 | 高屏區 | 本省閩南人 | 06 | 03 | 07"
"男性","40至49歲","大學及以上","高屏區","本省閩南人","06","05","06",1,0.95501057,1,0.000178571428571429,0.000171314654194864,"男性 | 40至49歲 | 大學及以上 | 高屏區 | 本省閩南人 | 06 | 05 | 06"
"男性","40至49歲","大學及以上","高屏區","本省閩南人","06","06","07",1,0.95501057,1,0.000178571428571429,0.000171314654194864,"男性 | 40至49歲 | 大學及以上 | 高屏區 | 本省閩南人 | 06 | 06 | 07"
"男性","40至49歲","大學及以上","高屏區","本省閩南人","06","08","06",1,0.818685538,1,0.000178571428571429,0.000146859976467911,"男性 | 40至49歲 | 大學及以上 | 高屏區 | 本省閩南人 | 06 | 08 | 06"
"男性","40至49歲","大學及以上","高屏區","本省閩南人","08","00","08",1,0.818685538,1,0.000178571428571429,0.000146859976467911,"男性 | 40至49歲 | 大學及以上 | 高屏區 | 本省閩南人 | 08 | 00 | 08"
"男性","40至49歲","專科","中彰投區","本省客家人","09","03","06",1,0.946200498919159,1,0.000178571428571429,0.000169734258827464,"男性 | 40至49歲 | 專科 | 中彰投區 | 本省客家人 | 09 | 03 | 06"
"男性","40至49歲","專科","中彰投區","本省閩南人","00","05","00",1,0.946200498919159,1,0.000178571428571429,0.000169734258827464,"男性 | 40至49歲 | 專科 | 中彰投區 | 本省閩南人 | 00 | 05 | 00"
"男性","40至49歲","專科","中彰投區","本省閩南人","00","05","04",1,0.946200498919159,1,0.000178571428571429,0.000169734258827464,"男性 | 40至49歲 | 專科 | 中彰投區 | 本省閩南人 | 00 | 05 | 04"
"男性","40至49歲","專科","中彰投區","本省閩南人","02","00","08",1,0.786290906,1,0.000178571428571429,0.000141048862587936,"男性 | 40至49歲 | 專科 | 中彰投區 | 本省閩南人 | 02 | 00 | 08"
"男性","40至49歲","專科","中彰投區","本省閩南人","02","01","09",1,0.865965242,1,0.000178571428571429,0.000155341250283755,"男性 | 40至49歲 | 專科 | 中彰投區 | 本省閩南人 | 02 | 01 | 09"
"男性","40至49歲","專科","中彰投區","本省閩南人","02","05","04",1,0.786290906,1,0.000178571428571429,0.000141048862587936,"男性 | 40至49歲 | 專科 | 中彰投區 | 本省閩南人 | 02 | 05 | 04"
"男性","40至49歲","專科","中彰投區","本省閩南人","02","07","07",1,0.865965242,1,0.000178571428571429,0.000155341250283755,"男性 | 40至49歲 | 專科 | 中彰投區 | 本省閩南人 | 02 | 07 | 07"
"男性","40至49歲","專科","中彰投區","本省閩南人","03","04","07",1,1.010163148,1,0.000178571428571429,0.000181208204198217,"男性 | 40至49歲 | 專科 | 中彰投區 | 本省閩南人 | 03 | 04 | 07"
"男性","40至49歲","專科","中彰投區","本省閩南人","03","07","05",1,0.865965242,1,0.000178571428571429,0.000155341250283755,"男性 | 40至49歲 | 專科 | 中彰投區 | 本省閩南人 | 03 | 07 | 05"
"男性","40至49歲","專科","中彰投區","本省閩南人","04","08","03",1,0.786290906,1,0.000178571428571429,0.000141048862587936,"男性 | 40至49歲 | 專科 | 中彰投區 | 本省閩南人 | 04 | 08 | 03"
"男性","40至49歲","專科","中彰投區","本省閩南人","04","09","05",1,0.946200498919159,1,0.000178571428571429,0.000169734258827464,"男性 | 40至49歲 | 專科 | 中彰投區 | 本省閩南人 | 04 | 09 | 05"
"男性","40至49歲","專科","中彰投區","本省閩南人","05","05","07",1,0.786290906,1,0.000178571428571429,0.000141048862587936,"男性 | 40至49歲 | 專科 | 中彰投區 | 本省閩南人 | 05 | 05 | 07"
"男性","40至49歲","專科","中彰投區","本省閩南人","06","04","08",1,0.946200498919159,1,0.000178571428571429,0.000169734258827464,"男性 | 40至49歲 | 專科 | 中彰投區 | 本省閩南人 | 06 | 04 | 08"
"男性","40至49歲","專科","中彰投區","本省閩南人","07","00","06",1,0.946200498919159,1,0.000178571428571429,0.000169734258827464,"男性 | 40至49歲 | 專科 | 中彰投區 | 本省閩南人 | 07 | 00 | 06"
"男性","40至49歲","專科","中彰投區","本省閩南人","07","07","03",1,1.010163148,1,0.000178571428571429,0.000181208204198217,"男性 | 40至49歲 | 專科 | 中彰投區 | 本省閩南人 | 07 | 07 | 03"
"男性","40至49歲","專科","北北基宜蘭區","本省客家人","00","07","00",1,0.924068002832965,1,0.000178571428571429,0.000165764019091294,"男性 | 40至49歲 | 專科 | 北北基宜蘭區 | 本省客家人 | 00 | 07 | 00"
"男性","40至49歲","專科","北北基宜蘭區","本省客家人","00","10","00",1,1.037062843,1,0.000178571428571429,0.000186033608326333,"男性 | 40至49歲 | 專科 | 北北基宜蘭區 | 本省客家人 | 00 | 10 | 00"
"男性","40至49歲","專科","北北基宜蘭區","本省客家人","03","00","02",1,0.924068002832965,1,0.000178571428571429,0.000165764019091294,"男性 | 40至49歲 | 專科 | 北北基宜蘭區 | 本省客家人 | 03 | 00 | 02"
"男性","40至49歲","專科","北北基宜蘭區","本省客家人","03","08","03",1,1.239469446,1,0.000178571428571429,0.000222342334416874,"男性 | 40至49歲 | 專科 | 北北基宜蘭區 | 本省客家人 | 03 | 08 | 03"
"男性","40至49歲","專科","北北基宜蘭區","本省客家人","05","04","05",1,0.924068002832965,1,0.000178571428571429,0.000165764019091294,"男性 | 40至49歲 | 專科 | 北北基宜蘭區 | 本省客家人 | 05 | 04 | 05"
"男性","40至49歲","專科","北北基宜蘭區","本省客家人","08","06","07",1,1.037062843,1,0.000178571428571429,0.000186033608326333,"男性 | 40至49歲 | 專科 | 北北基宜蘭區 | 本省客家人 | 08 | 06 | 07"
"男性","40至49歲","專科","北北基宜蘭區","本省閩南人","00","03","02",1,1.239469446,1,0.000178571428571429,0.000222342334416874,"男性 | 40至49歲 | 專科 | 北北基宜蘭區 | 本省閩南人 | 00 | 03 | 02"
"男性","40至49歲","專科","北北基宜蘭區","本省閩南人","00","10","00",1,0.924068002832965,1,0.000178571428571429,0.000165764019091294,"男性 | 40至49歲 | 專科 | 北北基宜蘭區 | 本省閩南人 | 00 | 10 | 00"
"男性","40至49歲","專科","北北基宜蘭區","本省閩南人","02","04","03",1,1.239469446,1,0.000178571428571429,0.000222342334416874,"男性 | 40至49歲 | 專科 | 北北基宜蘭區 | 本省閩南人 | 02 | 04 | 03"
"男性","40至49歲","專科","北北基宜蘭區","本省閩南人","02","07","02",1,0.924068002832965,1,0.000178571428571429,0.000165764019091294,"男性 | 40至49歲 | 專科 | 北北基宜蘭區 | 本省閩南人 | 02 | 07 | 02"
"男性","40至49歲","專科","北北基宜蘭區","本省閩南人","02","08","02",1,1.037062843,1,0.000178571428571429,0.000186033608326333,"男性 | 40至49歲 | 專科 | 北北基宜蘭區 | 本省閩南人 | 02 | 08 | 02"
"男性","40至49歲","專科","北北基宜蘭區","本省閩南人","03","01","05",1,1.037062843,1,0.000178571428571429,0.000186033608326333,"男性 | 40至49歲 | 專科 | 北北基宜蘭區 | 本省閩南人 | 03 | 01 | 05"
"男性","40至49歲","專科","北北基宜蘭區","本省閩南人","03","03","05",1,1.062538721,1,0.000178571428571429,0.000190603600918017,"男性 | 40至49歲 | 專科 | 北北基宜蘭區 | 本省閩南人 | 03 | 03 | 05"
"男性","40至49歲","專科","北北基宜蘭區","本省閩南人","03","05","03",1,0.924068002832965,1,0.000178571428571429,0.000165764019091294,"男性 | 40至49歲 | 專科 | 北北基宜蘭區 | 本省閩南人 | 03 | 05 | 03"
"男性","40至49歲","專科","北北基宜蘭區","本省閩南人","03","06","03",1,1.037062843,1,0.000178571428571429,0.000186033608326333,"男性 | 40至49歲 | 專科 | 北北基宜蘭區 | 本省閩南人 | 03 | 06 | 03"
"男性","40至49歲","專科","北北基宜蘭區","本省閩南人","03","08","02",1,0.924068002832965,1,0.000178571428571429,0.000165764019091294,"男性 | 40至49歲 | 專科 | 北北基宜蘭區 | 本省閩南人 | 03 | 08 | 02"
"男性","40至49歲","專科","北北基宜蘭區","本省閩南人","04","03","06",1,0.924068002832965,1,0.000178571428571429,0.000165764019091294,"男性 | 40至49歲 | 專科 | 北北基宜蘭區 | 本省閩南人 | 04 | 03 | 06"
"男性","40至49歲","專科","北北基宜蘭區","本省閩南人","04","07","03",1,0.924068002832965,1,0.000178571428571429,0.000165764019091294,"男性 | 40至49歲 | 專科 | 北北基宜蘭區 | 本省閩南人 | 04 | 07 | 03"
"男性","40至49歲","專科","北北基宜蘭區","本省閩南人","05","00","01",1,0.924068002832965,1,0.000178571428571429,0.000165764019091294,"男性 | 40至49歲 | 專科 | 北北基宜蘭區 | 本省閩南人 | 05 | 00 | 01"
"男性","40至49歲","專科","北北基宜蘭區","本省閩南人","05","00","09",1,0.924068002832965,1,0.000178571428571429,0.000165764019091294,"男性 | 40至49歲 | 專科 | 北北基宜蘭區 | 本省閩南人 | 05 | 00 | 09"
"男性","40至49歲","專科","北北基宜蘭區","本省閩南人","07","03","08",1,1.062538721,1,0.000178571428571429,0.000190603600918017,"男性 | 40至49歲 | 專科 | 北北基宜蘭區 | 本省閩南人 | 07 | 03 | 08"
"男性","40至49歲","專科","北北基宜蘭區","本省閩南人","07","04","05",1,0.924068002832965,1,0.000178571428571429,0.000165764019091294,"男性 | 40至49歲 | 專科 | 北北基宜蘭區 | 本省閩南人 | 07 | 04 | 05"
"男性","40至49歲","專科","北北基宜蘭區","本省閩南人","07","07","07",1,0.924068002832965,1,0.000178571428571429,0.000165764019091294,"男性 | 40至49歲 | 專科 | 北北基宜蘭區 | 本省閩南人 | 07 | 07 | 07"
"男性","40至49歲","專科","北北基宜蘭區","本省閩南人","08","02","03",1,1.062538721,1,0.000178571428571429,0.000190603600918017,"男性 | 40至49歲 | 專科 | 北北基宜蘭區 | 本省閩南人 | 08 | 02 | 03"
"男性","40至49歲","專科","桃竹苗區","大陸各省市","06","02","04",1,0.962661879,1,0.000178571428571429,0.000172687184925569,"男性 | 40至49歲 | 專科 | 桃竹苗區 | 大陸各省市 | 06 | 02 | 04"
"男性","40至49歲","專科","桃竹苗區","本省客家人","05","06","06",1,0.891937412,1,0.000178571428571429,0.000160000270259042,"男性 | 40至49歲 | 專科 | 桃竹苗區 | 本省客家人 | 05 | 06 | 06"
"男性","40至49歲","專科","桃竹苗區","本省閩南人","02","06","04",1,0.891937412,1,0.000178571428571429,0.000160000270259042,"男性 | 40至49歲 | 專科 | 桃竹苗區 | 本省閩南人 | 02 | 06 | 04"
"男性","40至49歲","專科","桃竹苗區","本省閩南人","03","06","00",1,0.86996689018383,1,0.000178571428571429,0.000156059086291395,"男性 | 40至49歲 | 專科 | 桃竹苗區 | 本省閩南人 | 03 | 06 | 00"
"男性","40至49歲","專科","桃竹苗區","本省閩南人","05","05","08",1,0.962661879,1,0.000178571428571429,0.000172687184925569,"男性 | 40至49歲 | 專科 | 桃竹苗區 | 本省閩南人 | 05 | 05 | 08"
"男性","40至49歲","專科","桃竹苗區","本省閩南人","05","06","05",1,0.86996689018383,1,0.000178571428571429,0.000156059086291395,"男性 | 40至49歲 | 專科 | 桃竹苗區 | 本省閩南人 | 05 | 06 | 05"
"男性","40至49歲","專科","桃竹苗區","本省閩南人","06","07","06",1,0.962661879,1,0.000178571428571429,0.000172687184925569,"男性 | 40至49歲 | 專科 | 桃竹苗區 | 本省閩南人 | 06 | 07 | 06"
"男性","40至49歲","專科","桃竹苗區","本省閩南人","08","00","07",1,0.86996689018383,1,0.000178571428571429,0.000156059086291395,"男性 | 40至49歲 | 專科 | 桃竹苗區 | 本省閩南人 | 08 | 00 | 07"
"男性","40至49歲","專科","桃竹苗區","本省閩南人","08","03","03",1,0.891937412,1,0.000178571428571429,0.000160000270259042,"男性 | 40至49歲 | 專科 | 桃竹苗區 | 本省閩南人 | 08 | 03 | 03"
"男性","40至49歲","專科","桃竹苗區","本省閩南人","08","08","08",1,0.86996689018383,1,0.000178571428571429,0.000156059086291395,"男性 | 40至49歲 | 專科 | 桃竹苗區 | 本省閩南人 | 08 | 08 | 08"
"男性","40至49歲","專科","花東區","原住民","06","03","07",1,0.731820308931026,1,0.000178571428571429,0.000131277649793235,"男性 | 40至49歲 | 專科 | 花東區 | 原住民 | 06 | 03 | 07"
"男性","40至49歲","專科","雲嘉南區","本省閩南人","00","08","00",1,0.815254124390162,1,0.000178571428571429,0.000146244432038943,"男性 | 40至49歲 | 專科 | 雲嘉南區 | 本省閩南人 | 00 | 08 | 00"
"男性","40至49歲","專科","雲嘉南區","本省閩南人","02","05","04",1,0.815254124390162,1,0.000178571428571429,0.000146244432038943,"男性 | 40至49歲 | 專科 | 雲嘉南區 | 本省閩南人 | 02 | 05 | 04"
"男性","40至49歲","專科","雲嘉南區","本省閩南人","02","10","00",1,0.860612961,1,0.000178571428571429,0.000154381130890869,"男性 | 40至49歲 | 專科 | 雲嘉南區 | 本省閩南人 | 02 | 10 | 00"
"男性","40至49歲","專科","雲嘉南區","本省閩南人","03","01","06",1,0.815254124390162,1,0.000178571428571429,0.000146244432038943,"男性 | 40至49歲 | 專科 | 雲嘉南區 | 本省閩南人 | 03 | 01 | 06"
"男性","40至49歲","專科","雲嘉南區","本省閩南人","03","05","05",1,0.860612961,1,0.000178571428571429,0.000154381130890869,"男性 | 40至49歲 | 專科 | 雲嘉南區 | 本省閩南人 | 03 | 05 | 05"
"男性","40至49歲","專科","雲嘉南區","本省閩南人","04","03","07",1,0.860612961,1,0.000178571428571429,0.000154381130890869,"男性 | 40至49歲 | 專科 | 雲嘉南區 | 本省閩南人 | 04 | 03 | 07"
"男性","40至49歲","專科","雲嘉南區","本省閩南人","04","04","04",1,0.860612961,1,0.000178571428571429,0.000154381130890869,"男性 | 40至49歲 | 專科 | 雲嘉南區 | 本省閩南人 | 04 | 04 | 04"
"男性","40至49歲","專科","雲嘉南區","本省閩南人","04","07","00",1,0.860612961,1,0.000178571428571429,0.000154381130890869,"男性 | 40至49歲 | 專科 | 雲嘉南區 | 本省閩南人 | 04 | 07 | 00"
"男性","40至49歲","專科","雲嘉南區","本省閩南人","04","08","07",1,0.860612961,1,0.000178571428571429,0.000154381130890869,"男性 | 40至49歲 | 專科 | 雲嘉南區 | 本省閩南人 | 04 | 08 | 07"
"男性","40至49歲","專科","雲嘉南區","本省閩南人","05","08","02",1,0.860612961,1,0.000178571428571429,0.000154381130890869,"男性 | 40至49歲 | 專科 | 雲嘉南區 | 本省閩南人 | 05 | 08 | 02"
"男性","40至49歲","專科","雲嘉南區","本省閩南人","05","08","06",1,0.860612961,1,0.000178571428571429,0.000154381130890869,"男性 | 40至49歲 | 專科 | 雲嘉南區 | 本省閩南人 | 05 | 08 | 06"
"男性","40至49歲","專科","雲嘉南區","本省閩南人","05","09","02",1,0.860612961,1,0.000178571428571429,0.000154381130890869,"男性 | 40至49歲 | 專科 | 雲嘉南區 | 本省閩南人 | 05 | 09 | 02"
"男性","40至49歲","專科","雲嘉南區","本省閩南人","07","02","05",1,0.815254124390162,1,0.000178571428571429,0.000146244432038943,"男性 | 40至49歲 | 專科 | 雲嘉南區 | 本省閩南人 | 07 | 02 | 05"
"男性","40至49歲","專科","雲嘉南區","本省閩南人","08","00","05",1,0.815254124390162,1,0.000178571428571429,0.000146244432038943,"男性 | 40至49歲 | 專科 | 雲嘉南區 | 本省閩南人 | 08 | 00 | 05"
"男性","40至49歲","專科","雲嘉南區","本省閩南人","08","02","05",1,0.771197808,1,0.000178571428571429,0.000138341385889956,"男性 | 40至49歲 | 專科 | 雲嘉南區 | 本省閩南人 | 08 | 02 | 05"
"男性","40至49歲","專科","高屏區","大陸各省市","05","03","05",1,0.891505585,1,0.000178571428571429,0.000159922806935074,"男性 | 40至49歲 | 專科 | 高屏區 | 大陸各省市 | 05 | 03 | 05"
"男性","40至49歲","專科","高屏區","大陸各省市","06","03","05",1,1.16765890962101,1,0.000178571428571429,0.000209460595100299,"男性 | 40至49歲 | 專科 | 高屏區 | 大陸各省市 | 06 | 03 | 05"
"男性","40至49歲","專科","高屏區","本省閩南人","01","00","01",1,1.16765890962101,1,0.000178571428571429,0.000209460595100299,"男性 | 40至49歲 | 專科 | 高屏區 | 本省閩南人 | 01 | 00 | 01"
"男性","40至49歲","專科","高屏區","本省閩南人","01","03","01",1,1.16765890962101,1,0.000178571428571429,0.000209460595100299,"男性 | 40至49歲 | 專科 | 高屏區 | 本省閩南人 | 01 | 03 | 01"
"男性","40至49歲","專科","高屏區","本省閩南人","01","04","05",1,0.891505585,1,0.000178571428571429,0.000159922806935074,"男性 | 40至49歲 | 專科 | 高屏區 | 本省閩南人 | 01 | 04 | 05"
"男性","40至49歲","專科","高屏區","本省閩南人","01","07","04",1,1.16765890962101,1,0.000178571428571429,0.000209460595100299,"男性 | 40至49歲 | 專科 | 高屏區 | 本省閩南人 | 01 | 07 | 04"
"男性","40至49歲","專科","高屏區","本省閩南人","02","06","02",1,0.863612993,1,0.000178571428571429,0.000154919291892221,"男性 | 40至49歲 | 專科 | 高屏區 | 本省閩南人 | 02 | 06 | 02"
"男性","40至49歲","專科","高屏區","本省閩南人","03","00","04",1,1.16765890962101,1,0.000178571428571429,0.000209460595100299,"男性 | 40至49歲 | 專科 | 高屏區 | 本省閩南人 | 03 | 00 | 04"
"男性","40至49歲","專科","高屏區","本省閩南人","03","02","03",1,1.16765890962101,1,0.000178571428571429,0.000209460595100299,"男性 | 40至49歲 | 專科 | 高屏區 | 本省閩南人 | 03 | 02 | 03"
"男性","40至49歲","專科","高屏區","本省閩南人","04","04","03",1,0.863612993,1,0.000178571428571429,0.000154919291892221,"男性 | 40至49歲 | 專科 | 高屏區 | 本省閩南人 | 04 | 04 | 03"
"男性","40至49歲","專科","高屏區","本省閩南人","04","08","00",1,1.039059715,1,0.000178571428571429,0.0001863918173838,"男性 | 40至49歲 | 專科 | 高屏區 | 本省閩南人 | 04 | 08 | 00"
"男性","40至49歲","專科","高屏區","本省閩南人","05","05","04",1,1.16765890962101,1,0.000178571428571429,0.000209460595100299,"男性 | 40至49歲 | 專科 | 高屏區 | 本省閩南人 | 05 | 05 | 04"
"男性","40至49歲","專科","高屏區","本省閩南人","05","06","04",1,1.16765890962101,1,0.000178571428571429,0.000209460595100299,"男性 | 40至49歲 | 專科 | 高屏區 | 本省閩南人 | 05 | 06 | 04"
"男性","40至49歲","專科","高屏區","本省閩南人","06","05","00",1,1.16765890962101,1,0.000178571428571429,0.000209460595100299,"男性 | 40至49歲 | 專科 | 高屏區 | 本省閩南人 | 06 | 05 | 00"
"男性","40至49歲","小學及以下","中彰投區","台灣人","05","05","05",1,1.3835471352011,1,0.000178571428571429,0.000248187723230405,"男性 | 40至49歲 | 小學及以下 | 中彰投區 | 台灣人 | 05 | 05 | 05"
"男性","40至49歲","小學及以下","中彰投區","本省客家人","07","04","05",1,1.3835471352011,1,0.000178571428571429,0.000248187723230405,"男性 | 40至49歲 | 小學及以下 | 中彰投區 | 本省客家人 | 07 | 04 | 05"
"男性","40至49歲","高中、職","中彰投區","大陸各省市","01","08","00",1,1.21688017998145,1,0.000178571428571429,0.000218290156966646,"男性 | 40至49歲 | 高中、職 | 中彰投區 | 大陸各省市 | 01 | 08 | 00"
"男性","40至49歲","高中、職","中彰投區","大陸各省市","02","00","10",1,1.069037032,1,0.000178571428571429,0.00019176930100217,"男性 | 40至49歲 | 高中、職 | 中彰投區 | 大陸各省市 | 02 | 00 | 10"
"男性","40至49歲","高中、職","中彰投區","大陸各省市","10","05","06",1,1.069037032,1,0.000178571428571429,0.00019176930100217,"男性 | 40至49歲 | 高中、職 | 中彰投區 | 大陸各省市 | 10 | 05 | 06"
"男性","40至49歲","高中、職","中彰投區","大陸新住民","03","00","00",1,1.069037032,1,0.000178571428571429,0.00019176930100217,"男性 | 40至49歲 | 高中、職 | 中彰投區 | 大陸新住民 | 03 | 00 | 00"
"男性","40至49歲","高中、職","中彰投區","本省閩南人","00","00","10",1,1.150101116,1,0.000178571428571429,0.000206310988763891,"男性 | 40至49歲 | 高中、職 | 中彰投區 | 本省閩南人 | 00 | 00 | 10"
"男性","40至49歲","高中、職","中彰投區","本省閩南人","00","04","03",1,0.985927466,1,0.000178571428571429,0.000176860684273901,"男性 | 40至49歲 | 高中、職 | 中彰投區 | 本省閩南人 | 00 | 04 | 03"
"男性","40至49歲","高中、職","中彰投區","本省閩南人","00","05","05",1,1.21688017998145,1,0.000178571428571429,0.000218290156966646,"男性 | 40至49歲 | 高中、職 | 中彰投區 | 本省閩南人 | 00 | 05 | 05"
"男性","40至49歲","高中、職","中彰投區","本省閩南人","00","10","07",1,0.985927466,1,0.000178571428571429,0.000176860684273901,"男性 | 40至49歲 | 高中、職 | 中彰投區 | 本省閩南人 | 00 | 10 | 07"
"男性","40至49歲","高中、職","中彰投區","本省閩南人","01","05","04",1,1.21688017998145,1,0.000178571428571429,0.000218290156966646,"男性 | 40至49歲 | 高中、職 | 中彰投區 | 本省閩南人 | 01 | 05 | 04"
"男性","40至49歲","高中、職","中彰投區","本省閩南人","01","10","05",1,1.150101116,1,0.000178571428571429,0.000206310988763891,"男性 | 40至49歲 | 高中、職 | 中彰投區 | 本省閩南人 | 01 | 10 | 05"
"男性","40至49歲","高中、職","中彰投區","本省閩南人","02","07","04",1,1.150101116,1,0.000178571428571429,0.000206310988763891,"男性 | 40至49歲 | 高中、職 | 中彰投區 | 本省閩南人 | 02 | 07 | 04"
"男性","40至49歲","高中、職","中彰投區","本省閩南人","02","08","00",1,1.069037032,1,0.000178571428571429,0.00019176930100217,"男性 | 40至49歲 | 高中、職 | 中彰投區 | 本省閩南人 | 02 | 08 | 00"
"男性","40至49歲","高中、職","中彰投區","本省閩南人","03","03","03",1,1.21688017998145,1,0.000178571428571429,0.000218290156966646,"男性 | 40至49歲 | 高中、職 | 中彰投區 | 本省閩南人 | 03 | 03 | 03"
"男性","40至49歲","高中、職","中彰投區","本省閩南人","03","07","05",1,0.985927466,1,0.000178571428571429,0.000176860684273901,"男性 | 40至49歲 | 高中、職 | 中彰投區 | 本省閩南人 | 03 | 07 | 05"
"男性","40至49歲","高中、職","中彰投區","本省閩南人","03","07","07",1,0.985927466,1,0.000178571428571429,0.000176860684273901,"男性 | 40至49歲 | 高中、職 | 中彰投區 | 本省閩南人 | 03 | 07 | 07"
"男性","40至49歲","高中、職","中彰投區","本省閩南人","03","07","10",1,0.985927466,1,0.000178571428571429,0.000176860684273901,"男性 | 40至49歲 | 高中、職 | 中彰投區 | 本省閩南人 | 03 | 07 | 10"
"男性","40至49歲","高中、職","中彰投區","本省閩南人","04","04","04",1,0.985927466,1,0.000178571428571429,0.000176860684273901,"男性 | 40至49歲 | 高中、職 | 中彰投區 | 本省閩南人 | 04 | 04 | 04"
"男性","40至49歲","高中、職","中彰投區","本省閩南人","04","04","05",1,1.069037032,1,0.000178571428571429,0.00019176930100217,"男性 | 40至49歲 | 高中、職 | 中彰投區 | 本省閩南人 | 04 | 04 | 05"
"男性","40至49歲","高中、職","中彰投區","本省閩南人","05","02","06",1,1.21688017998145,1,0.000178571428571429,0.000218290156966646,"男性 | 40至49歲 | 高中、職 | 中彰投區 | 本省閩南人 | 05 | 02 | 06"
"男性","40至49歲","高中、職","中彰投區","本省閩南人","05","03","06",1,1.21688017998145,1,0.000178571428571429,0.000218290156966646,"男性 | 40至49歲 | 高中、職 | 中彰投區 | 本省閩南人 | 05 | 03 | 06"
"男性","40至49歲","高中、職","中彰投區","本省閩南人","05","05","07",1,0.985927466,1,0.000178571428571429,0.000176860684273901,"男性 | 40至49歲 | 高中、職 | 中彰投區 | 本省閩南人 | 05 | 05 | 07"
"男性","40至49歲","高中、職","中彰投區","本省閩南人","06","02","00",1,1.069037032,1,0.000178571428571429,0.00019176930100217,"男性 | 40至49歲 | 高中、職 | 中彰投區 | 本省閩南人 | 06 | 02 | 00"
"男性","40至49歲","高中、職","中彰投區","本省閩南人","06","04","06",1,1.21688017998145,1,0.000178571428571429,0.000218290156966646,"男性 | 40至49歲 | 高中、職 | 中彰投區 | 本省閩南人 | 06 | 04 | 06"
"男性","40至49歲","高中、職","中彰投區","本省閩南人","06","05","05",1,1.21688017998145,1,0.000178571428571429,0.000218290156966646,"男性 | 40至49歲 | 高中、職 | 中彰投區 | 本省閩南人 | 06 | 05 | 05"
"男性","40至49歲","高中、職","中彰投區","本省閩南人","06","06","06",1,0.985927466,1,0.000178571428571429,0.000176860684273901,"男性 | 40至49歲 | 高中、職 | 中彰投區 | 本省閩南人 | 06 | 06 | 06"
"男性","40至49歲","高中、職","中彰投區","本省閩南人","07","03","06",1,1.21688017998145,1,0.000178571428571429,0.000218290156966646,"男性 | 40至49歲 | 高中、職 | 中彰投區 | 本省閩南人 | 07 | 03 | 06"
"男性","40至49歲","高中、職","中彰投區","本省閩南人","07","05","08",1,1.21688017998145,1,0.000178571428571429,0.000218290156966646,"男性 | 40至49歲 | 高中、職 | 中彰投區 | 本省閩南人 | 07 | 05 | 08"
"男性","40至49歲","高中、職","中彰投區","本省閩南人","07","06","05",1,1.069037032,1,0.000178571428571429,0.00019176930100217,"男性 | 40至49歲 | 高中、職 | 中彰投區 | 本省閩南人 | 07 | 06 | 05"
"男性","40至49歲","高中、職","中彰投區","本省閩南人","08","00","08",1,1.21688017998145,1,0.000178571428571429,0.000218290156966646,"男性 | 40至49歲 | 高中、職 | 中彰投區 | 本省閩南人 | 08 | 00 | 08"
"男性","40至49歲","高中、職","中彰投區","本省閩南人","08","02","07",1,0.985927466,1,0.000178571428571429,0.000176860684273901,"男性 | 40至49歲 | 高中、職 | 中彰投區 | 本省閩南人 | 08 | 02 | 07"
"男性","40至49歲","高中、職","中彰投區","本省閩南人","08","07","07",1,1.069037032,1,0.000178571428571429,0.00019176930100217,"男性 | 40至49歲 | 高中、職 | 中彰投區 | 本省閩南人 | 08 | 07 | 07"
"男性","40至49歲","高中、職","中彰投區","本省閩南人","08","08","06",1,1.069037032,1,0.000178571428571429,0.00019176930100217,"男性 | 40至49歲 | 高中、職 | 中彰投區 | 本省閩南人 | 08 | 08 | 06"
"男性","40至49歲","高中、職","中彰投區","本省閩南人","09","01","06",1,0.985927466,1,0.000178571428571429,0.000176860684273901,"男性 | 40至49歲 | 高中、職 | 中彰投區 | 本省閩南人 | 09 | 01 | 06"
"男性","40至49歲","高中、職","北北基宜蘭區","原住民","05","01","05",1,1.409985256,1,0.000178571428571429,0.000252930327830295,"男性 | 40至49歲 | 高中、職 | 北北基宜蘭區 | 原住民 | 05 | 01 | 05"
"男性","40至49歲","高中、職","北北基宜蘭區","大陸各省市","00","07","01",1,1.409985256,1,0.000178571428571429,0.000252930327830295,"男性 | 40至49歲 | 高中、職 | 北北基宜蘭區 | 大陸各省市 | 00 | 07 | 01"
"男性","40至49歲","高中、職","北北基宜蘭區","大陸各省市","05","08","07",1,1.409985256,1,0.000178571428571429,0.000252930327830295,"男性 | 40至49歲 | 高中、職 | 北北基宜蘭區 | 大陸各省市 | 05 | 08 | 07"
"男性","40至49歲","高中、職","北北基宜蘭區","大陸各省市","06","03","06",1,1.209732282,1,0.000178571428571429,0.000217007930665305,"男性 | 40至49歲 | 高中、職 | 北北基宜蘭區 | 大陸各省市 | 06 | 03 | 06"
"男性","40至49歲","高中、職","北北基宜蘭區","大陸各省市","06","05","03",1,1.409985256,1,0.000178571428571429,0.000252930327830295,"男性 | 40至49歲 | 高中、職 | 北北基宜蘭區 | 大陸各省市 | 06 | 05 | 03"
"男性","40至49歲","高中、職","北北基宜蘭區","本省閩南人","00","00","00",1,1.18841623829936,1,0.000178571428571429,0.000213184150311358,"男性 | 40至49歲 | 高中、職 | 北北基宜蘭區 | 本省閩南人 | 00 | 00 | 00"
"男性","40至49歲","高中、職","北北基宜蘭區","本省閩南人","00","05","05",1,1.411173232,1,0.000178571428571429,0.000253143433008421,"男性 | 40至49歲 | 高中、職 | 北北基宜蘭區 | 本省閩南人 | 00 | 05 | 05"
"男性","40至49歲","高中、職","北北基宜蘭區","本省閩南人","00","10","00",1,1.209732282,1,0.000178571428571429,0.000217007930665305,"男性 | 40至49歲 | 高中、職 | 北北基宜蘭區 | 本省閩南人 | 00 | 10 | 00"
"男性","40至49歲","高中、職","北北基宜蘭區","本省閩南人","02","05","04",1,1.18841623829936,1,0.000178571428571429,0.000213184150311358,"男性 | 40至49歲 | 高中、職 | 北北基宜蘭區 | 本省閩南人 | 02 | 05 | 04"
"男性","40至49歲","高中、職","北北基宜蘭區","本省閩南人","03","00","00",1,1.18841623829936,1,0.000178571428571429,0.000213184150311358,"男性 | 40至49歲 | 高中、職 | 北北基宜蘭區 | 本省閩南人 | 03 | 00 | 00"
"男性","40至49歲","高中、職","北北基宜蘭區","本省閩南人","03","05","03",1,1.239469446,1,0.000178571428571429,0.000222342334416874,"男性 | 40至49歲 | 高中、職 | 北北基宜蘭區 | 本省閩南人 | 03 | 05 | 03"
"男性","40至49歲","高中、職","北北基宜蘭區","本省閩南人","04","07","03",1,1.409985256,1,0.000178571428571429,0.000252930327830295,"男性 | 40至49歲 | 高中、職 | 北北基宜蘭區 | 本省閩南人 | 04 | 07 | 03"
"男性","40至49歲","高中、職","北北基宜蘭區","本省閩南人","04","08","01",1,1.409985256,1,0.000178571428571429,0.000252930327830295,"男性 | 40至49歲 | 高中、職 | 北北基宜蘭區 | 本省閩南人 | 04 | 08 | 01"
"男性","40至49歲","高中、職","北北基宜蘭區","本省閩南人","05","00","08",1,1.409985256,1,0.000178571428571429,0.000252930327830295,"男性 | 40至49歲 | 高中、職 | 北北基宜蘭區 | 本省閩南人 | 05 | 00 | 08"
"男性","40至49歲","高中、職","北北基宜蘭區","本省閩南人","05","00","10",1,1.18841623829936,1,0.000178571428571429,0.000213184150311358,"男性 | 40至49歲 | 高中、職 | 北北基宜蘭區 | 本省閩南人 | 05 | 00 | 10"
"男性","40至49歲","高中、職","北北基宜蘭區","本省閩南人","05","02","04",1,1.409985256,1,0.000178571428571429,0.000252930327830295,"男性 | 40至49歲 | 高中、職 | 北北基宜蘭區 | 本省閩南人 | 05 | 02 | 04"
"男性","40至49歲","高中、職","北北基宜蘭區","本省閩南人","05","03","05",1,1.18841623829936,1,0.000178571428571429,0.000213184150311358,"男性 | 40至49歲 | 高中、職 | 北北基宜蘭區 | 本省閩南人 | 05 | 03 | 05"
"男性","40至49歲","高中、職","北北基宜蘭區","本省閩南人","05","08","05",1,1.409985256,1,0.000178571428571429,0.000252930327830295,"男性 | 40至49歲 | 高中、職 | 北北基宜蘭區 | 本省閩南人 | 05 | 08 | 05"
"男性","40至49歲","高中、職","北北基宜蘭區","本省閩南人","06","03","07",1,1.18841623829936,1,0.000178571428571429,0.000213184150311358,"男性 | 40至49歲 | 高中、職 | 北北基宜蘭區 | 本省閩南人 | 06 | 03 | 07"
"男性","40至49歲","高中、職","北北基宜蘭區","本省閩南人","07","08","06",1,1.18841623829936,1,0.000178571428571429,0.000213184150311358,"男性 | 40至49歲 | 高中、職 | 北北基宜蘭區 | 本省閩南人 | 07 | 08 | 06"
"男性","40至49歲","高中、職","北北基宜蘭區","本省閩南人","08","06","07",1,1.411173232,1,0.000178571428571429,0.000253143433008421,"男性 | 40至49歲 | 高中、職 | 北北基宜蘭區 | 本省閩南人 | 08 | 06 | 07"
"男性","40至49歲","高中、職","北北基宜蘭區","本省閩南人","09","02","02",1,1.209732282,1,0.000178571428571429,0.000217007930665305,"男性 | 40至49歲 | 高中、職 | 北北基宜蘭區 | 本省閩南人 | 09 | 02 | 02"
"男性","40至49歲","高中、職","桃竹苗區","大陸各省市","05","00","06",1,1.11883841438901,1,0.000178571428571429,0.000200702926315238,"男性 | 40至49歲 | 高中、職 | 桃竹苗區 | 大陸各省市 | 05 | 00 | 06"
"男性","40至49歲","高中、職","桃竹苗區","大陸各省市","05","05","05",1,0.884029636,1,0.000178571428571429,0.000158581733173227,"男性 | 40至49歲 | 高中、職 | 桃竹苗區 | 大陸各省市 | 05 | 05 | 05"
"男性","40至49歲","高中、職","桃竹苗區","大陸各省市","07","05","04",1,1.096019494,1,0.000178571428571429,0.000196609552295782,"男性 | 40至49歲 | 高中、職 | 桃竹苗區 | 大陸各省市 | 07 | 05 | 04"
"男性","40至49歲","高中、職","桃竹苗區","大陸各省市","08","07","05",1,1.374366133,1,0.000178571428571429,0.000246540788351722,"男性 | 40至49歲 | 高中、職 | 桃竹苗區 | 大陸各省市 | 08 | 07 | 05"
"男性","40至49歲","高中、職","桃竹苗區","本省客家人","00","08","00",1,1.11883841438901,1,0.000178571428571429,0.000200702926315238,"男性 | 40至49歲 | 高中、職 | 桃竹苗區 | 本省客家人 | 00 | 08 | 00"
"男性","40至49歲","高中、職","桃竹苗區","本省客家人","00","10","00",1,1.11883841438901,1,0.000178571428571429,0.000200702926315238,"男性 | 40至49歲 | 高中、職 | 桃竹苗區 | 本省客家人 | 00 | 10 | 00"
"男性","40至49歲","高中、職","桃竹苗區","本省客家人","02","03","02",1,1.096019494,1,0.000178571428571429,0.000196609552295782,"男性 | 40至49歲 | 高中、職 | 桃竹苗區 | 本省客家人 | 02 | 03 | 02"
"男性","40至49歲","高中、職","桃竹苗區","本省客家人","03","07","02",1,1.11883841438901,1,0.000178571428571429,0.000200702926315238,"男性 | 40至49歲 | 高中、職 | 桃竹苗區 | 本省客家人 | 03 | 07 | 02"
"男性","40至49歲","高中、職","桃竹苗區","本省客家人","05","01","04",1,1.096019494,1,0.000178571428571429,0.000196609552295782,"男性 | 40至49歲 | 高中、職 | 桃竹苗區 | 本省客家人 | 05 | 01 | 04"
"男性","40至49歲","高中、職","桃竹苗區","本省客家人","05","05","05",1,1.096019494,1,0.000178571428571429,0.000196609552295782,"男性 | 40至49歲 | 高中、職 | 桃竹苗區 | 本省客家人 | 05 | 05 | 05"
"男性","40至49歲","高中、職","桃竹苗區","本省客家人","07","02","07",1,1.096019494,1,0.000178571428571429,0.000196609552295782,"男性 | 40至49歲 | 高中、職 | 桃竹苗區 | 本省客家人 | 07 | 02 | 07"
"男性","40至49歲","高中、職","桃竹苗區","本省客家人","07","03","09",1,1.278525336,1,0.000178571428571429,0.000229348378642775,"男性 | 40至49歲 | 高中、職 | 桃竹苗區 | 本省客家人 | 07 | 03 | 09"
"男性","40至49歲","高中、職","桃竹苗區","本省客家人","07","05","03",1,1.11883841438901,1,0.000178571428571429,0.000200702926315238,"男性 | 40至49歲 | 高中、職 | 桃竹苗區 | 本省客家人 | 07 | 05 | 03"
"男性","40至49歲","高中、職","桃竹苗區","本省閩南人","00","05","00",1,1.212673474,1,0.000178571428571429,0.000217535536648138,"男性 | 40至49歲 | 高中、職 | 桃竹苗區 | 本省閩南人 | 00 | 05 | 00"
"男性","40至49歲","高中、職","桃竹苗區","本省閩南人","00","10","00",1,1.278525336,1,0.000178571428571429,0.000229348378642775,"男性 | 40至49歲 | 高中、職 | 桃竹苗區 | 本省閩南人 | 00 | 10 | 00"
"男性","40至49歲","高中、職","桃竹苗區","本省閩南人","02","05","05",1,1.212673474,1,0.000178571428571429,0.000217535536648138,"男性 | 40至49歲 | 高中、職 | 桃竹苗區 | 本省閩南人 | 02 | 05 | 05"
"男性","40至49歲","高中、職","桃竹苗區","本省閩南人","02","05","06",1,1.11883841438901,1,0.000178571428571429,0.000200702926315238,"男性 | 40至49歲 | 高中、職 | 桃竹苗區 | 本省閩南人 | 02 | 05 | 06"
"男性","40至49歲","高中、職","桃竹苗區","本省閩南人","03","04","10",1,1.096019494,1,0.000178571428571429,0.000196609552295782,"男性 | 40至49歲 | 高中、職 | 桃竹苗區 | 本省閩南人 | 03 | 04 | 10"
"男性","40至49歲","高中、職","桃竹苗區","本省閩南人","03","06","02",1,1.11883841438901,1,0.000178571428571429,0.000200702926315238,"男性 | 40至49歲 | 高中、職 | 桃竹苗區 | 本省閩南人 | 03 | 06 | 02"
"男性","40至49歲","高中、職","桃竹苗區","本省閩南人","03","08","07",1,1.096019494,1,0.000178571428571429,0.000196609552295782,"男性 | 40至49歲 | 高中、職 | 桃竹苗區 | 本省閩南人 | 03 | 08 | 07"
"男性","40至49歲","高中、職","桃竹苗區","本省閩南人","04","06","04",1,1.096019494,1,0.000178571428571429,0.000196609552295782,"男性 | 40至49歲 | 高中、職 | 桃竹苗區 | 本省閩南人 | 04 | 06 | 04"
"男性","40至49歲","高中、職","桃竹苗區","本省閩南人","05","00","09",1,1.11883841438901,1,0.000178571428571429,0.000200702926315238,"男性 | 40至49歲 | 高中、職 | 桃竹苗區 | 本省閩南人 | 05 | 00 | 09"
"男性","40至49歲","高中、職","桃竹苗區","本省閩南人","05","04","07",1,1.212673474,1,0.000178571428571429,0.000217535536648138,"男性 | 40至49歲 | 高中、職 | 桃竹苗區 | 本省閩南人 | 05 | 04 | 07"
"男性","40至49歲","高中、職","桃竹苗區","本省閩南人","05","05","05",1,1.096019494,1,0.000178571428571429,0.000196609552295782,"男性 | 40至49歲 | 高中、職 | 桃竹苗區 | 本省閩南人 | 05 | 05 | 05"
"男性","40至49歲","高中、職","桃竹苗區","本省閩南人","06","03","05",1,1.096019494,1,0.000178571428571429,0.000196609552295782,"男性 | 40至49歲 | 高中、職 | 桃竹苗區 | 本省閩南人 | 06 | 03 | 05"
"男性","40至49歲","高中、職","桃竹苗區","本省閩南人","06","05","06",1,1.11883841438901,1,0.000178571428571429,0.000200702926315238,"男性 | 40至49歲 | 高中、職 | 桃竹苗區 | 本省閩南人 | 06 | 05 | 06"
"男性","40至49歲","高中、職","花東區","原住民","06","05","08",1,0.941172225403948,1,0.000178571428571429,0.000168832261545428,"男性 | 40至49歲 | 高中、職 | 花東區 | 原住民 | 06 | 05 | 08"
"男性","40至49歲","高中、職","花東區","原住民","08","04","05",1,1.285085157,1,0.000178571428571429,0.00023052511270363,"男性 | 40至49歲 | 高中、職 | 花東區 | 原住民 | 08 | 04 | 05"
"男性","40至49歲","高中、職","花東區","大陸各省市","03","05","00",1,0.941172225403948,1,0.000178571428571429,0.000168832261545428,"男性 | 40至49歲 | 高中、職 | 花東區 | 大陸各省市 | 03 | 05 | 00"
"男性","40至49歲","高中、職","花東區","本省客家人","05","05","04",1,0.941172225403948,1,0.000178571428571429,0.000168832261545428,"男性 | 40至49歲 | 高中、職 | 花東區 | 本省客家人 | 05 | 05 | 04"
"男性","40至49歲","高中、職","花東區","本省客家人","10","00","05",1,0.778977691,1,0.000178571428571429,0.000139736980878838,"男性 | 40至49歲 | 高中、職 | 花東區 | 本省客家人 | 10 | 00 | 05"
"男性","40至49歲","高中、職","花東區","本省閩南人","03","08","00",1,0.778977691,1,0.000178571428571429,0.000139736980878838,"男性 | 40至49歲 | 高中、職 | 花東區 | 本省閩南人 | 03 | 08 | 00"
"男性","40至49歲","高中、職","花東區","本省閩南人","05","03","06",1,0.908690692,1,0.000178571428571429,0.000163005558849544,"男性 | 40至49歲 | 高中、職 | 花東區 | 本省閩南人 | 05 | 03 | 06"
"男性","40至49歲","高中、職","花東區","本省閩南人","06","04","00",1,0.778977691,1,0.000178571428571429,0.000139736980878838,"男性 | 40至49歲 | 高中、職 | 花東區 | 本省閩南人 | 06 | 04 | 00"
"男性","40至49歲","高中、職","花東區","本省閩南人","06","07","08",1,1.285085157,1,0.000178571428571429,0.00023052511270363,"男性 | 40至49歲 | 高中、職 | 花東區 | 本省閩南人 | 06 | 07 | 08"
"男性","40至49歲","高中、職","雲嘉南區","本省客家人","05","00","03",1,0.979833732,1,0.000178571428571429,0.000175767559270096,"男性 | 40至49歲 | 高中、職 | 雲嘉南區 | 本省客家人 | 05 | 00 | 03"
"男性","40至49歲","高中、職","雲嘉南區","本省閩南人","00","06","00",1,0.979833732,1,0.000178571428571429,0.000175767559270096,"男性 | 40至49歲 | 高中、職 | 雲嘉南區 | 本省閩南人 | 00 | 06 | 00"
"男性","40至49歲","高中、職","雲嘉南區","本省閩南人","00","09","00",1,0.979833732,1,0.000178571428571429,0.000175767559270096,"男性 | 40至49歲 | 高中、職 | 雲嘉南區 | 本省閩南人 | 00 | 09 | 00"
"男性","40至49歲","高中、職","雲嘉南區","本省閩南人","00","10","00",1,1.04847396165163,1,0.000178571428571429,0.000188080592838536,"男性 | 40至49歲 | 高中、職 | 雲嘉南區 | 本省閩南人 | 00 | 10 | 00"
"男性","40至49歲","高中、職","雲嘉南區","本省閩南人","02","08","08",1,0.979833732,1,0.000178571428571429,0.000175767559270096,"男性 | 40至49歲 | 高中、職 | 雲嘉南區 | 本省閩南人 | 02 | 08 | 08"
"男性","40至49歲","高中、職","雲嘉南區","本省閩南人","03","00","02",1,1.04847396165163,1,0.000178571428571429,0.000188080592838536,"男性 | 40至49歲 | 高中、職 | 雲嘉南區 | 本省閩南人 | 03 | 00 | 02"
"男性","40至49歲","高中、職","雲嘉南區","本省閩南人","03","01","05",1,0.979833732,1,0.000178571428571429,0.000175767559270096,"男性 | 40至49歲 | 高中、職 | 雲嘉南區 | 本省閩南人 | 03 | 01 | 05"
"男性","40至49歲","高中、職","雲嘉南區","本省閩南人","03","01","07",1,1.04847396165163,1,0.000178571428571429,0.000188080592838536,"男性 | 40至49歲 | 高中、職 | 雲嘉南區 | 本省閩南人 | 03 | 01 | 07"
"男性","40至49歲","高中、職","雲嘉南區","本省閩南人","03","03","00",1,1.04847396165163,1,0.000178571428571429,0.000188080592838536,"男性 | 40至49歲 | 高中、職 | 雲嘉南區 | 本省閩南人 | 03 | 03 | 00"
"男性","40至49歲","高中、職","雲嘉南區","本省閩南人","03","03","07",1,1.048516535,1,0.000178571428571429,0.000188088229862338,"男性 | 40至49歲 | 高中、職 | 雲嘉南區 | 本省閩南人 | 03 | 03 | 07"
"男性","40至49歲","高中、職","雲嘉南區","本省閩南人","03","04","03",1,1.04847396165163,1,0.000178571428571429,0.000188080592838536,"男性 | 40至49歲 | 高中、職 | 雲嘉南區 | 本省閩南人 | 03 | 04 | 03"
"男性","40至49歲","高中、職","雲嘉南區","本省閩南人","03","05","08",1,1.142992673,1,0.000178571428571429,0.000205035840097831,"男性 | 40至49歲 | 高中、職 | 雲嘉南區 | 本省閩南人 | 03 | 05 | 08"
"男性","40至49歲","高中、職","雲嘉南區","本省閩南人","05","03","03",1,1.04847396165163,1,0.000178571428571429,0.000188080592838536,"男性 | 40至49歲 | 高中、職 | 雲嘉南區 | 本省閩南人 | 05 | 03 | 03"
"男性","40至49歲","高中、職","雲嘉南區","本省閩南人","05","04","05",1,1.04847396165163,1,0.000178571428571429,0.000188080592838536,"男性 | 40至49歲 | 高中、職 | 雲嘉南區 | 本省閩南人 | 05 | 04 | 05"
"男性","40至49歲","高中、職","雲嘉南區","本省閩南人","05","04","08",1,1.04847396165163,1,0.000178571428571429,0.000188080592838536,"男性 | 40至49歲 | 高中、職 | 雲嘉南區 | 本省閩南人 | 05 | 04 | 08"
"男性","40至49歲","高中、職","雲嘉南區","本省閩南人","05","05","00",1,1.04847396165163,1,0.000178571428571429,0.000188080592838536,"男性 | 40至49歲 | 高中、職 | 雲嘉南區 | 本省閩南人 | 05 | 05 | 00"
"男性","40至49歲","高中、職","雲嘉南區","本省閩南人","05","05","04",1,0.979833732,1,0.000178571428571429,0.000175767559270096,"男性 | 40至49歲 | 高中、職 | 雲嘉南區 | 本省閩南人 | 05 | 05 | 04"
"男性","40至49歲","高中、職","雲嘉南區","本省閩南人","05","06","05",1,0.979833732,1,0.000178571428571429,0.000175767559270096,"男性 | 40至49歲 | 高中、職 | 雲嘉南區 | 本省閩南人 | 05 | 06 | 05"
"男性","40至49歲","高中、職","雲嘉南區","本省閩南人","05","08","06",1,0.979833732,1,0.000178571428571429,0.000175767559270096,"男性 | 40至49歲 | 高中、職 | 雲嘉南區 | 本省閩南人 | 05 | 08 | 06"
"男性","40至49歲","高中、職","雲嘉南區","本省閩南人","06","00","04",1,1.04847396165163,1,0.000178571428571429,0.000188080592838536,"男性 | 40至49歲 | 高中、職 | 雲嘉南區 | 本省閩南人 | 06 | 00 | 04"
"男性","40至49歲","高中、職","雲嘉南區","本省閩南人","06","07","07",1,1.04847396165163,1,0.000178571428571429,0.000188080592838536,"男性 | 40至49歲 | 高中、職 | 雲嘉南區 | 本省閩南人 | 06 | 07 | 07"
"男性","40至49歲","高中、職","雲嘉南區","本省閩南人","07","08","08",1,1.048516535,1,0.000178571428571429,0.000188088229862338,"男性 | 40至49歲 | 高中、職 | 雲嘉南區 | 本省閩南人 | 07 | 08 | 08"
"男性","40至49歲","高中、職","雲嘉南區","本省閩南人","07","09","06",1,1.04847396165163,1,0.000178571428571429,0.000188080592838536,"男性 | 40至49歲 | 高中、職 | 雲嘉南區 | 本省閩南人 | 07 | 09 | 06"
"男性","40至49歲","高中、職","雲嘉南區","本省閩南人","09","02","03",1,0.979833732,1,0.000178571428571429,0.000175767559270096,"男性 | 40至49歲 | 高中、職 | 雲嘉南區 | 本省閩南人 | 09 | 02 | 03"
"男性","40至49歲","高中、職","高屏區","大陸各省市","01","10","00",1,1.015005914,1,0.000178571428571429,0.000182076924198495,"男性 | 40至49歲 | 高中、職 | 高屏區 | 大陸各省市 | 01 | 10 | 00"
"男性","40至49歲","高中、職","高屏區","本省閩南人","00","05","10",1,1.015005914,1,0.000178571428571429,0.000182076924198495,"男性 | 40至49歲 | 高中、職 | 高屏區 | 本省閩南人 | 00 | 05 | 10"
"男性","40至49歲","高中、職","高屏區","本省閩南人","00","07","07",1,1.17416374,1,0.000178571428571429,0.000210627464663819,"男性 | 40至49歲 | 高中、職 | 高屏區 | 本省閩南人 | 00 | 07 | 07"
"男性","40至49歲","高中、職","高屏區","本省閩南人","02","02","02",1,1.17416374,1,0.000178571428571429,0.000210627464663819,"男性 | 40至49歲 | 高中、職 | 高屏區 | 本省閩南人 | 02 | 02 | 02"
"男性","40至49歲","高中、職","高屏區","本省閩南人","02","02","05",1,1.18402162,1,0.000178571428571429,0.000212395821325352,"男性 | 40至49歲 | 高中、職 | 高屏區 | 本省閩南人 | 02 | 02 | 05"
"男性","40至49歲","高中、職","高屏區","本省閩南人","02","05","02",1,1.50169122265277,1,0.000178571428571429,0.000269381010637633,"男性 | 40至49歲 | 高中、職 | 高屏區 | 本省閩南人 | 02 | 05 | 02"
"男性","40至49歲","高中、職","高屏區","本省閩南人","03","09","03",1,1.17416374,1,0.000178571428571429,0.000210627464663819,"男性 | 40至49歲 | 高中、職 | 高屏區 | 本省閩南人 | 03 | 09 | 03"
"男性","40至49歲","高中、職","高屏區","本省閩南人","03","10","05",1,1.18402162,1,0.000178571428571429,0.000212395821325352,"男性 | 40至49歲 | 高中、職 | 高屏區 | 本省閩南人 | 03 | 10 | 05"
"男性","40至49歲","高中、職","高屏區","本省閩南人","05","00","00",1,1.015005914,1,0.000178571428571429,0.000182076924198495,"男性 | 40至49歲 | 高中、職 | 高屏區 | 本省閩南人 | 05 | 00 | 00"
"男性","40至49歲","高中、職","高屏區","本省閩南人","05","00","04",1,1.50169122265277,1,0.000178571428571429,0.000269381010637633,"男性 | 40至49歲 | 高中、職 | 高屏區 | 本省閩南人 | 05 | 00 | 04"
"男性","40至49歲","高中、職","高屏區","本省閩南人","05","00","05",1,1.50169122265277,1,0.000178571428571429,0.000269381010637633,"男性 | 40至49歲 | 高中、職 | 高屏區 | 本省閩南人 | 05 | 00 | 05"
"男性","40至49歲","高中、職","高屏區","本省閩南人","05","05","05",1,1.50169122265277,1,0.000178571428571429,0.000269381010637633,"男性 | 40至49歲 | 高中、職 | 高屏區 | 本省閩南人 | 05 | 05 | 05"
"男性","40至49歲","高中、職","高屏區","本省閩南人","05","06","06",1,1.015005914,1,0.000178571428571429,0.000182076924198495,"男性 | 40至49歲 | 高中、職 | 高屏區 | 本省閩南人 | 05 | 06 | 06"
"男性","40至49歲","高中、職","高屏區","本省閩南人","05","08","03",1,1.015005914,1,0.000178571428571429,0.000182076924198495,"男性 | 40至49歲 | 高中、職 | 高屏區 | 本省閩南人 | 05 | 08 | 03"
"男性","40至49歲","高中、職","高屏區","本省閩南人","05","09","07",1,1.015005914,1,0.000178571428571429,0.000182076924198495,"男性 | 40至49歲 | 高中、職 | 高屏區 | 本省閩南人 | 05 | 09 | 07"
"男性","40至49歲","高中、職","高屏區","本省閩南人","06","03","07",1,1.17416374,1,0.000178571428571429,0.000210627464663819,"男性 | 40至49歲 | 高中、職 | 高屏區 | 本省閩南人 | 06 | 03 | 07"
"男性","40至49歲","高中、職","高屏區","本省閩南人","06","08","05",1,1.17416374,1,0.000178571428571429,0.000210627464663819,"男性 | 40至49歲 | 高中、職 | 高屏區 | 本省閩南人 | 06 | 08 | 05"
"男性","40至49歲","高中、職","高屏區","本省閩南人","06","08","07",1,1.50169122265277,1,0.000178571428571429,0.000269381010637633,"男性 | 40至49歲 | 高中、職 | 高屏區 | 本省閩南人 | 06 | 08 | 07"
"男性","40至49歲","高中、職","高屏區","本省閩南人","10","00","01",1,1.17416374,1,0.000178571428571429,0.000210627464663819,"男性 | 40至49歲 | 高中、職 | 高屏區 | 本省閩南人 | 10 | 00 | 01"
"男性","50至59歲","國、初中","中彰投區","本省閩南人","03","06","03",1,1.265613404,1,0.000178571428571429,0.000227032170597488,"男性 | 50至59歲 | 國、初中 | 中彰投區 | 本省閩南人 | 03 | 06 | 03"
"男性","50至59歲","國、初中","中彰投區","本省閩南人","03","08","01",1,1.240335422,1,0.000178571428571429,0.000222497677596983,"男性 | 50至59歲 | 國、初中 | 中彰投區 | 本省閩南人 | 03 | 08 | 01"
"男性","50至59歲","國、初中","中彰投區","本省閩南人","05","05","02",1,1.29373198711696,1,0.000178571428571429,0.000232076225076521,"男性 | 50至59歲 | 國、初中 | 中彰投區 | 本省閩南人 | 05 | 05 | 02"
"男性","50至59歲","國、初中","中彰投區","本省閩南人","06","00","05",1,1.29373198711696,1,0.000178571428571429,0.000232076225076521,"男性 | 50至59歲 | 國、初中 | 中彰投區 | 本省閩南人 | 06 | 00 | 05"
"男性","50至59歲","國、初中","中彰投區","本省閩南人","06","05","04",1,1.265613404,1,0.000178571428571429,0.000227032170597488,"男性 | 50至59歲 | 國、初中 | 中彰投區 | 本省閩南人 | 06 | 05 | 04"
"男性","50至59歲","國、初中","中彰投區","本省閩南人","07","01","05",1,1.29373198711696,1,0.000178571428571429,0.000232076225076521,"男性 | 50至59歲 | 國、初中 | 中彰投區 | 本省閩南人 | 07 | 01 | 05"
"男性","50至59歲","國、初中","中彰投區","本省閩南人","08","00","00",1,1.29373198711696,1,0.000178571428571429,0.000232076225076521,"男性 | 50至59歲 | 國、初中 | 中彰投區 | 本省閩南人 | 08 | 00 | 00"
"男性","50至59歲","國、初中","北北基宜蘭區","本省閩南人","00","07","00",1,1.26347041129433,1,0.000178571428571429,0.00022664774966452,"男性 | 50至59歲 | 國、初中 | 北北基宜蘭區 | 本省閩南人 | 00 | 07 | 00"
"男性","50至59歲","國、初中","北北基宜蘭區","本省閩南人","00","08","02",1,1.63591588,1,0.000178571428571429,0.000293458912474745,"男性 | 50至59歲 | 國、初中 | 北北基宜蘭區 | 本省閩南人 | 00 | 08 | 02"
"男性","50至59歲","國、初中","北北基宜蘭區","本省閩南人","00","10","00",1,1.63591588,1,0.000178571428571429,0.000293458912474745,"男性 | 50至59歲 | 國、初中 | 北北基宜蘭區 | 本省閩南人 | 00 | 10 | 00"
"男性","50至59歲","國、初中","北北基宜蘭區","本省閩南人","02","05","02",1,1.26347041129433,1,0.000178571428571429,0.00022664774966452,"男性 | 50至59歲 | 國、初中 | 北北基宜蘭區 | 本省閩南人 | 02 | 05 | 02"
"男性","50至59歲","國、初中","北北基宜蘭區","本省閩南人","02","08","03",1,1.63591588,1,0.000178571428571429,0.000293458912474745,"男性 | 50至59歲 | 國、初中 | 北北基宜蘭區 | 本省閩南人 | 02 | 08 | 03"
"男性","50至59歲","國、初中","北北基宜蘭區","本省閩南人","02","09","00",1,1.26347041129433,1,0.000178571428571429,0.00022664774966452,"男性 | 50至59歲 | 國、初中 | 北北基宜蘭區 | 本省閩南人 | 02 | 09 | 00"
"男性","50至59歲","國、初中","北北基宜蘭區","本省閩南人","03","08","00",1,1.63591588,1,0.000178571428571429,0.000293458912474745,"男性 | 50至59歲 | 國、初中 | 北北基宜蘭區 | 本省閩南人 | 03 | 08 | 00"
"男性","50至59歲","國、初中","北北基宜蘭區","本省閩南人","05","06","03",1,1.552906725,1,0.000178571428571429,0.000278568307982449,"男性 | 50至59歲 | 國、初中 | 北北基宜蘭區 | 本省閩南人 | 05 | 06 | 03"
"男性","50至59歲","國、初中","北北基宜蘭區","本省閩南人","05","06","05",1,1.63591588,1,0.000178571428571429,0.000293458912474745,"男性 | 50至59歲 | 國、初中 | 北北基宜蘭區 | 本省閩南人 | 05 | 06 | 05"
"男性","50至59歲","國、初中","北北基宜蘭區","本省閩南人","05","08","04",1,1.516957579,1,0.000178571428571429,0.000272119567299305,"男性 | 50至59歲 | 國、初中 | 北北基宜蘭區 | 本省閩南人 | 05 | 08 | 04"
"男性","50至59歲","國、初中","北北基宜蘭區","本省閩南人","05","10","03",1,1.516957579,1,0.000178571428571429,0.000272119567299305,"男性 | 50至59歲 | 國、初中 | 北北基宜蘭區 | 本省閩南人 | 05 | 10 | 03"
"男性","50至59歲","國、初中","北北基宜蘭區","本省閩南人","06","06","06",1,1.552906725,1,0.000178571428571429,0.000278568307982449,"男性 | 50至59歲 | 國、初中 | 北北基宜蘭區 | 本省閩南人 | 06 | 06 | 06"
"男性","50至59歲","國、初中","桃竹苗區","本省客家人","00","08","00",1,1.1894984148171,1,0.000178571428571429,0.000213378276640153,"男性 | 50至59歲 | 國、初中 | 桃竹苗區 | 本省客家人 | 00 | 08 | 00"
"男性","50至59歲","國、初中","桃竹苗區","本省客家人","05","05","05",1,1.360935439,1,0.000178571428571429,0.000244131522139928,"男性 | 50至59歲 | 國、初中 | 桃竹苗區 | 本省客家人 | 05 | 05 | 05"
"男性","50至59歲","國、初中","桃竹苗區","本省閩南人","00","09","00",1,1.1894984148171,1,0.000178571428571429,0.000213378276640153,"男性 | 50至59歲 | 國、初中 | 桃竹苗區 | 本省閩南人 | 00 | 09 | 00"
"男性","50至59歲","國、初中","桃竹苗區","本省閩南人","02","09","02",1,1.1894984148171,1,0.000178571428571429,0.000213378276640153,"男性 | 50至59歲 | 國、初中 | 桃竹苗區 | 本省閩南人 | 02 | 09 | 02"
"男性","50至59歲","國、初中","桃竹苗區","本省閩南人","05","03","04",1,1.1894984148171,1,0.000178571428571429,0.000213378276640153,"男性 | 50至59歲 | 國、初中 | 桃竹苗區 | 本省閩南人 | 05 | 03 | 04"
"男性","50至59歲","國、初中","桃竹苗區","本省閩南人","05","05","04",1,1.1894984148171,1,0.000178571428571429,0.000213378276640153,"男性 | 50至59歲 | 國、初中 | 桃竹苗區 | 本省閩南人 | 05 | 05 | 04"
"男性","50至59歲","國、初中","桃竹苗區","本省閩南人","10","10","10",1,1.374366133,1,0.000178571428571429,0.000246540788351722,"男性 | 50至59歲 | 國、初中 | 桃竹苗區 | 本省閩南人 | 10 | 10 | 10"
"男性","50至59歲","國、初中","雲嘉南區","本省客家人","05","05","05",1,1.216526799,1,0.000178571428571429,0.000218226765688541,"男性 | 50至59歲 | 國、初中 | 雲嘉南區 | 本省客家人 | 05 | 05 | 05"
"男性","50至59歲","國、初中","雲嘉南區","本省閩南人","00","00","00",1,1.216526799,1,0.000178571428571429,0.000218226765688541,"男性 | 50至59歲 | 國、初中 | 雲嘉南區 | 本省閩南人 | 00 | 00 | 00"
"男性","50至59歲","國、初中","雲嘉南區","本省閩南人","01","08","02",1,1.11469011013774,1,0.000178571428571429,0.00019995878239618,"男性 | 50至59歲 | 國、初中 | 雲嘉南區 | 本省閩南人 | 01 | 08 | 02"
"男性","50至59歲","國、初中","雲嘉南區","本省閩南人","01","10","03",1,1.11469011013774,1,0.000178571428571429,0.00019995878239618,"男性 | 50至59歲 | 國、初中 | 雲嘉南區 | 本省閩南人 | 01 | 10 | 03"
"男性","50至59歲","國、初中","雲嘉南區","本省閩南人","03","08","01",1,1.11469011013774,1,0.000178571428571429,0.00019995878239618,"男性 | 50至59歲 | 國、初中 | 雲嘉南區 | 本省閩南人 | 03 | 08 | 01"
"男性","50至59歲","國、初中","高屏區","本省閩南人","00","10","00",1,1.272778231,1,0.000178571428571429,0.000228317433712295,"男性 | 50至59歲 | 國、初中 | 高屏區 | 本省閩南人 | 00 | 10 | 00"
"男性","50至59歲","國、初中","高屏區","本省閩南人","02","09","00",1,1.362307229,1,0.000178571428571429,0.000244377600808438,"男性 | 50至59歲 | 國、初中 | 高屏區 | 本省閩南人 | 02 | 09 | 00"
"男性","50至59歲","國、初中","高屏區","本省閩南人","03","09","01",1,1.302940769,1,0.000178571428571429,0.000233728143215865,"男性 | 50至59歲 | 國、初中 | 高屏區 | 本省閩南人 | 03 | 09 | 01"
"男性","50至59歲","國、初中","高屏區","本省閩南人","04","07","04",1,1.59653021018739,1,0.000178571428571429,0.000286393710668465,"男性 | 50至59歲 | 國、初中 | 高屏區 | 本省閩南人 | 04 | 07 | 04"
"男性","50至59歲","國、初中","高屏區","本省閩南人","04","08","01",1,1.362307229,1,0.000178571428571429,0.000244377600808438,"男性 | 50至59歲 | 國、初中 | 高屏區 | 本省閩南人 | 04 | 08 | 01"
"男性","50至59歲","國、初中","高屏區","本省閩南人","05","05","00",1,1.59653021018739,1,0.000178571428571429,0.000286393710668465,"男性 | 50至59歲 | 國、初中 | 高屏區 | 本省閩南人 | 05 | 05 | 00"
"男性","50至59歲","國、初中","高屏區","本省閩南人","07","04","05",1,1.59653021018739,1,0.000178571428571429,0.000286393710668465,"男性 | 50至59歲 | 國、初中 | 高屏區 | 本省閩南人 | 07 | 04 | 05"
"男性","50至59歲","國、初中","高屏區","本省閩南人","07","07","05",1,1.362307229,1,0.000178571428571429,0.000244377600808438,"男性 | 50至59歲 | 國、初中 | 高屏區 | 本省閩南人 | 07 | 07 | 05"
"男性","50至59歲","國、初中","高屏區","本省閩南人","08","02","00",1,1.039059715,1,0.000178571428571429,0.0001863918173838,"男性 | 50至59歲 | 國、初中 | 高屏區 | 本省閩南人 | 08 | 02 | 00"
"男性","50至59歲","大學及以上","中彰投區","大陸各省市","05","04","05",1,0.789436594312472,1,0.000178571428571429,0.000141613152159575,"男性 | 50至59歲 | 大學及以上 | 中彰投區 | 大陸各省市 | 05 | 04 | 05"
"男性","50至59歲","大學及以上","中彰投區","大陸各省市","06","01","03",1,0.795231383,1,0.000178571428571429,0.000142652650832491,"男性 | 50至59歲 | 大學及以上 | 中彰投區 | 大陸各省市 | 06 | 01 | 03"
"男性","50至59歲","大學及以上","中彰投區","本省閩南人","00","06","00",1,0.540020026,1,0.000178571428571429,9.6871539351121e-05,"男性 | 50至59歲 | 大學及以上 | 中彰投區 | 本省閩南人 | 00 | 06 | 00"
"男性","50至59歲","大學及以上","中彰投區","本省閩南人","00","08","00",1,0.789436594312472,1,0.000178571428571429,0.000141613152159575,"男性 | 50至59歲 | 大學及以上 | 中彰投區 | 本省閩南人 | 00 | 08 | 00"
"男性","50至59歲","大學及以上","中彰投區","本省閩南人","00","08","10",1,0.540020026,1,0.000178571428571429,9.6871539351121e-05,"男性 | 50至59歲 | 大學及以上 | 中彰投區 | 本省閩南人 | 00 | 08 | 10"
"男性","50至59歲","大學及以上","中彰投區","本省閩南人","01","06","00",1,0.789436594312472,1,0.000178571428571429,0.000141613152159575,"男性 | 50至59歲 | 大學及以上 | 中彰投區 | 本省閩南人 | 01 | 06 | 00"
"男性","50至59歲","大學及以上","中彰投區","本省閩南人","03","03","03",1,0.789436594312472,1,0.000178571428571429,0.000141613152159575,"男性 | 50至59歲 | 大學及以上 | 中彰投區 | 本省閩南人 | 03 | 03 | 03"
"男性","50至59歲","大學及以上","中彰投區","本省閩南人","04","06","03",1,0.789436594312472,1,0.000178571428571429,0.000141613152159575,"男性 | 50至59歲 | 大學及以上 | 中彰投區 | 本省閩南人 | 04 | 06 | 03"
"男性","50至59歲","大學及以上","中彰投區","本省閩南人","04","06","06",1,0.540020026,1,0.000178571428571429,9.6871539351121e-05,"男性 | 50至59歲 | 大學及以上 | 中彰投區 | 本省閩南人 | 04 | 06 | 06"
"男性","50至59歲","大學及以上","中彰投區","本省閩南人","04","07","02",1,0.814076926,1,0.000178571428571429,0.000146033260203296,"男性 | 50至59歲 | 大學及以上 | 中彰投區 | 本省閩南人 | 04 | 07 | 02"
"男性","50至59歲","大學及以上","中彰投區","本省閩南人","05","00","04",1,0.540020026,1,0.000178571428571429,9.6871539351121e-05,"男性 | 50至59歲 | 大學及以上 | 中彰投區 | 本省閩南人 | 05 | 00 | 04"
"男性","50至59歲","大學及以上","中彰投區","本省閩南人","05","03","06",1,0.789436594312472,1,0.000178571428571429,0.000141613152159575,"男性 | 50至59歲 | 大學及以上 | 中彰投區 | 本省閩南人 | 05 | 03 | 06"
"男性","50至59歲","大學及以上","中彰投區","本省閩南人","05","04","03",1,0.789436594312472,1,0.000178571428571429,0.000141613152159575,"男性 | 50至59歲 | 大學及以上 | 中彰投區 | 本省閩南人 | 05 | 04 | 03"
"男性","50至59歲","大學及以上","中彰投區","本省閩南人","05","05","04",1,0.789436594312472,1,0.000178571428571429,0.000141613152159575,"男性 | 50至59歲 | 大學及以上 | 中彰投區 | 本省閩南人 | 05 | 05 | 04"
"男性","50至59歲","大學及以上","中彰投區","本省閩南人","05","05","05",1,0.789436594312472,1,0.000178571428571429,0.000141613152159575,"男性 | 50至59歲 | 大學及以上 | 中彰投區 | 本省閩南人 | 05 | 05 | 05"
"男性","50至59歲","大學及以上","中彰投區","本省閩南人","06","01","05",1,0.789436594312472,1,0.000178571428571429,0.000141613152159575,"男性 | 50至59歲 | 大學及以上 | 中彰投區 | 本省閩南人 | 06 | 01 | 05"
"男性","50至59歲","大學及以上","中彰投區","本省閩南人","06","03","02",1,0.814076926,1,0.000178571428571429,0.000146033260203296,"男性 | 50至59歲 | 大學及以上 | 中彰投區 | 本省閩南人 | 06 | 03 | 02"
"男性","50至59歲","大學及以上","中彰投區","本省閩南人","06","03","05",1,0.789436594312472,1,0.000178571428571429,0.000141613152159575,"男性 | 50至59歲 | 大學及以上 | 中彰投區 | 本省閩南人 | 06 | 03 | 05"
"男性","50至59歲","大學及以上","中彰投區","本省閩南人","06","08","02",1,0.795231383,1,0.000178571428571429,0.000142652650832491,"男性 | 50至59歲 | 大學及以上 | 中彰投區 | 本省閩南人 | 06 | 08 | 02"
"男性","50至59歲","大學及以上","中彰投區","本省閩南人","07","06","09",1,0.789436594312472,1,0.000178571428571429,0.000141613152159575,"男性 | 50至59歲 | 大學及以上 | 中彰投區 | 本省閩南人 | 07 | 06 | 09"
"男性","50至59歲","大學及以上","中彰投區","本省閩南人","07","07","05",1,0.789436594312472,1,0.000178571428571429,0.000141613152159575,"男性 | 50至59歲 | 大學及以上 | 中彰投區 | 本省閩南人 | 07 | 07 | 05"
"男性","50至59歲","大學及以上","中彰投區","本省閩南人","08","07","03",1,0.795231383,1,0.000178571428571429,0.000142652650832491,"男性 | 50至59歲 | 大學及以上 | 中彰投區 | 本省閩南人 | 08 | 07 | 03"
"男性","50至59歲","大學及以上","中彰投區","本省閩南人","10","10","10",1,0.814076926,1,0.000178571428571429,0.000146033260203296,"男性 | 50至59歲 | 大學及以上 | 中彰投區 | 本省閩南人 | 10 | 10 | 10"
"男性","50至59歲","大學及以上","北北基宜蘭區","大陸各省市","00","09","00",1,0.770970949500534,1,0.000178571428571429,0.000138300690858291,"男性 | 50至59歲 | 大學及以上 | 北北基宜蘭區 | 大陸各省市 | 00 | 09 | 00"
"男性","50至59歲","大學及以上","北北基宜蘭區","大陸各省市","02","00","00",1,0.712248735,1,0.000178571428571429,0.000127766801300696,"男性 | 50至59歲 | 大學及以上 | 北北基宜蘭區 | 大陸各省市 | 02 | 00 | 00"
"男性","50至59歲","大學及以上","北北基宜蘭區","大陸各省市","03","02","04",1,0.770970949500534,1,0.000178571428571429,0.000138300690858291,"男性 | 50至59歲 | 大學及以上 | 北北基宜蘭區 | 大陸各省市 | 03 | 02 | 04"
"男性","50至59歲","大學及以上","北北基宜蘭區","大陸各省市","05","00","05",1,0.998871795,1,0.000178571428571429,0.000179182703857852,"男性 | 50至59歲 | 大學及以上 | 北北基宜蘭區 | 大陸各省市 | 05 | 00 | 05"
"男性","50至59歲","大學及以上","北北基宜蘭區","大陸各省市","05","02","05",1,0.770970949500534,1,0.000178571428571429,0.000138300690858291,"男性 | 50至59歲 | 大學及以上 | 北北基宜蘭區 | 大陸各省市 | 05 | 02 | 05"
"男性","50至59歲","大學及以上","北北基宜蘭區","大陸各省市","05","05","00",1,1.087718963,1,0.000178571428571429,0.000195120560820119,"男性 | 50至59歲 | 大學及以上 | 北北基宜蘭區 | 大陸各省市 | 05 | 05 | 00"
"男性","50至59歲","大學及以上","北北基宜蘭區","大陸各省市","07","00","05",1,0.712248735,1,0.000178571428571429,0.000127766801300696,"男性 | 50至59歲 | 大學及以上 | 北北基宜蘭區 | 大陸各省市 | 07 | 00 | 05"
"男性","50至59歲","大學及以上","北北基宜蘭區","大陸各省市","07","03","04",1,0.712248735,1,0.000178571428571429,0.000127766801300696,"男性 | 50至59歲 | 大學及以上 | 北北基宜蘭區 | 大陸各省市 | 07 | 03 | 04"
"男性","50至59歲","大學及以上","北北基宜蘭區","大陸各省市","07","03","06",1,0.998871795,1,0.000178571428571429,0.000179182703857852,"男性 | 50至59歲 | 大學及以上 | 北北基宜蘭區 | 大陸各省市 | 07 | 03 | 06"
"男性","50至59歲","大學及以上","北北基宜蘭區","大陸各省市","07","04","05",1,0.770970949500534,1,0.000178571428571429,0.000138300690858291,"男性 | 50至59歲 | 大學及以上 | 北北基宜蘭區 | 大陸各省市 | 07 | 04 | 05"
"男性","50至59歲","大學及以上","北北基宜蘭區","大陸各省市","08","00","06",1,0.770970949500534,1,0.000178571428571429,0.000138300690858291,"男性 | 50至59歲 | 大學及以上 | 北北基宜蘭區 | 大陸各省市 | 08 | 00 | 06"
"男性","50至59歲","大學及以上","北北基宜蘭區","大陸各省市","08","02","05",1,0.770970949500534,1,0.000178571428571429,0.000138300690858291,"男性 | 50至59歲 | 大學及以上 | 北北基宜蘭區 | 大陸各省市 | 08 | 02 | 05"
"男性","50至59歲","大學及以上","北北基宜蘭區","大陸各省市","08","02","10",1,0.712248735,1,0.000178571428571429,0.000127766801300696,"男性 | 50至59歲 | 大學及以上 | 北北基宜蘭區 | 大陸各省市 | 08 | 02 | 10"
"男性","50至59歲","大學及以上","北北基宜蘭區","本省客家人","00","05","00",1,0.998871795,1,0.000178571428571429,0.000179182703857852,"男性 | 50至59歲 | 大學及以上 | 北北基宜蘭區 | 本省客家人 | 00 | 05 | 00"
"男性","50至59歲","大學及以上","北北基宜蘭區","本省客家人","00","08","03",1,0.770970949500534,1,0.000178571428571429,0.000138300690858291,"男性 | 50至59歲 | 大學及以上 | 北北基宜蘭區 | 本省客家人 | 00 | 08 | 03"
"男性","50至59歲","大學及以上","北北基宜蘭區","本省客家人","02","05","10",1,0.770970949500534,1,0.000178571428571429,0.000138300690858291,"男性 | 50至59歲 | 大學及以上 | 北北基宜蘭區 | 本省客家人 | 02 | 05 | 10"
"男性","50至59歲","大學及以上","北北基宜蘭區","本省客家人","05","05","05",1,0.975748328,1,0.000178571428571429,0.000175034698718085,"男性 | 50至59歲 | 大學及以上 | 北北基宜蘭區 | 本省客家人 | 05 | 05 | 05"
"男性","50至59歲","大學及以上","北北基宜蘭區","本省客家人","06","08","02",1,0.712248735,1,0.000178571428571429,0.000127766801300696,"男性 | 50至59歲 | 大學及以上 | 北北基宜蘭區 | 本省客家人 | 06 | 08 | 02"
"男性","50至59歲","大學及以上","北北基宜蘭區","本省客家人","07","04","05",1,0.998871795,1,0.000178571428571429,0.000179182703857852,"男性 | 50至59歲 | 大學及以上 | 北北基宜蘭區 | 本省客家人 | 07 | 04 | 05"
"男性","50至59歲","大學及以上","北北基宜蘭區","本省客家人","08","02","05",1,0.998871795,1,0.000178571428571429,0.000179182703857852,"男性 | 50至59歲 | 大學及以上 | 北北基宜蘭區 | 本省客家人 | 08 | 02 | 05"
"男性","50至59歲","大學及以上","北北基宜蘭區","本省閩南人","00","05","03",1,0.770970949500534,1,0.000178571428571429,0.000138300690858291,"男性 | 50至59歲 | 大學及以上 | 北北基宜蘭區 | 本省閩南人 | 00 | 05 | 03"
"男性","50至59歲","大學及以上","北北基宜蘭區","本省閩南人","00","06","00",1,0.770970949500534,1,0.000178571428571429,0.000138300690858291,"男性 | 50至59歲 | 大學及以上 | 北北基宜蘭區 | 本省閩南人 | 00 | 06 | 00"
"男性","50至59歲","大學及以上","北北基宜蘭區","本省閩南人","00","07","00",1,0.770970949500534,1,0.000178571428571429,0.000138300690858291,"男性 | 50至59歲 | 大學及以上 | 北北基宜蘭區 | 本省閩南人 | 00 | 07 | 00"
"男性","50至59歲","大學及以上","北北基宜蘭區","本省閩南人","01","09","00",1,0.770970949500534,1,0.000178571428571429,0.000138300690858291,"男性 | 50至59歲 | 大學及以上 | 北北基宜蘭區 | 本省閩南人 | 01 | 09 | 00"
"男性","50至59歲","大學及以上","北北基宜蘭區","本省閩南人","01","09","03",1,0.712248735,1,0.000178571428571429,0.000127766801300696,"男性 | 50至59歲 | 大學及以上 | 北北基宜蘭區 | 本省閩南人 | 01 | 09 | 03"
"男性","50至59歲","大學及以上","北北基宜蘭區","本省閩南人","01","10","00",1,0.712248735,1,0.000178571428571429,0.000127766801300696,"男性 | 50至59歲 | 大學及以上 | 北北基宜蘭區 | 本省閩南人 | 01 | 10 | 00"
"男性","50至59歲","大學及以上","北北基宜蘭區","本省閩南人","02","03","01",1,0.712248735,1,0.000178571428571429,0.000127766801300696,"男性 | 50至59歲 | 大學及以上 | 北北基宜蘭區 | 本省閩南人 | 02 | 03 | 01"
"男性","50至59歲","大學及以上","北北基宜蘭區","本省閩南人","02","05","07",1,0.712248735,1,0.000178571428571429,0.000127766801300696,"男性 | 50至59歲 | 大學及以上 | 北北基宜蘭區 | 本省閩南人 | 02 | 05 | 07"
"男性","50至59歲","大學及以上","北北基宜蘭區","本省閩南人","02","06","06",1,0.770970949500534,1,0.000178571428571429,0.000138300690858291,"男性 | 50至59歲 | 大學及以上 | 北北基宜蘭區 | 本省閩南人 | 02 | 06 | 06"
"男性","50至59歲","大學及以上","北北基宜蘭區","本省閩南人","02","08","02",1,0.770970949500534,1,0.000178571428571429,0.000138300690858291,"男性 | 50至59歲 | 大學及以上 | 北北基宜蘭區 | 本省閩南人 | 02 | 08 | 02"
"男性","50至59歲","大學及以上","北北基宜蘭區","本省閩南人","02","08","05",1,0.712248735,1,0.000178571428571429,0.000127766801300696,"男性 | 50至59歲 | 大學及以上 | 北北基宜蘭區 | 本省閩南人 | 02 | 08 | 05"
"男性","50至59歲","大學及以上","北北基宜蘭區","本省閩南人","03","00","03",1,0.770970949500534,1,0.000178571428571429,0.000138300690858291,"男性 | 50至59歲 | 大學及以上 | 北北基宜蘭區 | 本省閩南人 | 03 | 00 | 03"
"男性","50至59歲","大學及以上","北北基宜蘭區","本省閩南人","03","03","03",1,0.770970949500534,1,0.000178571428571429,0.000138300690858291,"男性 | 50至59歲 | 大學及以上 | 北北基宜蘭區 | 本省閩南人 | 03 | 03 | 03"
"男性","50至59歲","大學及以上","北北基宜蘭區","本省閩南人","03","03","04",1,0.770970949500534,1,0.000178571428571429,0.000138300690858291,"男性 | 50至59歲 | 大學及以上 | 北北基宜蘭區 | 本省閩南人 | 03 | 03 | 04"
"男性","50至59歲","大學及以上","北北基宜蘭區","本省閩南人","03","08","00",1,0.770970949500534,1,0.000178571428571429,0.000138300690858291,"男性 | 50至59歲 | 大學及以上 | 北北基宜蘭區 | 本省閩南人 | 03 | 08 | 00"
"男性","50至59歲","大學及以上","北北基宜蘭區","本省閩南人","03","08","06",1,0.975748328,1,0.000178571428571429,0.000175034698718085,"男性 | 50至59歲 | 大學及以上 | 北北基宜蘭區 | 本省閩南人 | 03 | 08 | 06"
"男性","50至59歲","大學及以上","北北基宜蘭區","本省閩南人","04","05","09",1,0.975748328,1,0.000178571428571429,0.000175034698718085,"男性 | 50至59歲 | 大學及以上 | 北北基宜蘭區 | 本省閩南人 | 04 | 05 | 09"
"男性","50至59歲","大學及以上","北北基宜蘭區","本省閩南人","04","06","04",1,0.770970949500534,1,0.000178571428571429,0.000138300690858291,"男性 | 50至59歲 | 大學及以上 | 北北基宜蘭區 | 本省閩南人 | 04 | 06 | 04"
"男性","50至59歲","大學及以上","北北基宜蘭區","本省閩南人","04","08","04",1,0.770970949500534,1,0.000178571428571429,0.000138300690858291,"男性 | 50至59歲 | 大學及以上 | 北北基宜蘭區 | 本省閩南人 | 04 | 08 | 04"
"男性","50至59歲","大學及以上","北北基宜蘭區","本省閩南人","05","02","05",1,0.998871795,1,0.000178571428571429,0.000179182703857852,"男性 | 50至59歲 | 大學及以上 | 北北基宜蘭區 | 本省閩南人 | 05 | 02 | 05"
"男性","50至59歲","大學及以上","北北基宜蘭區","本省閩南人","05","04","06",1,0.975748328,1,0.000178571428571429,0.000175034698718085,"男性 | 50至59歲 | 大學及以上 | 北北基宜蘭區 | 本省閩南人 | 05 | 04 | 06"
"男性","50至59歲","大學及以上","北北基宜蘭區","本省閩南人","05","08","03",1,0.998871795,1,0.000178571428571429,0.000179182703857852,"男性 | 50至59歲 | 大學及以上 | 北北基宜蘭區 | 本省閩南人 | 05 | 08 | 03"
"男性","50至59歲","大學及以上","北北基宜蘭區","本省閩南人","06","04","05",1,0.712248735,1,0.000178571428571429,0.000127766801300696,"男性 | 50至59歲 | 大學及以上 | 北北基宜蘭區 | 本省閩南人 | 06 | 04 | 05"
"男性","50至59歲","大學及以上","北北基宜蘭區","本省閩南人","06","04","07",1,0.770970949500534,1,0.000178571428571429,0.000138300690858291,"男性 | 50至59歲 | 大學及以上 | 北北基宜蘭區 | 本省閩南人 | 06 | 04 | 07"
"男性","50至59歲","大學及以上","北北基宜蘭區","本省閩南人","06","06","00",1,0.998871795,1,0.000178571428571429,0.000179182703857852,"男性 | 50至59歲 | 大學及以上 | 北北基宜蘭區 | 本省閩南人 | 06 | 06 | 00"
"男性","50至59歲","大學及以上","北北基宜蘭區","本省閩南人","07","00","02",1,0.998871795,1,0.000178571428571429,0.000179182703857852,"男性 | 50至59歲 | 大學及以上 | 北北基宜蘭區 | 本省閩南人 | 07 | 00 | 02"
"男性","50至59歲","大學及以上","北北基宜蘭區","本省閩南人","07","00","05",1,0.998871795,1,0.000178571428571429,0.000179182703857852,"男性 | 50至59歲 | 大學及以上 | 北北基宜蘭區 | 本省閩南人 | 07 | 00 | 05"
"男性","50至59歲","大學及以上","北北基宜蘭區","本省閩南人","07","00","06",1,0.770970949500534,1,0.000178571428571429,0.000138300690858291,"男性 | 50至59歲 | 大學及以上 | 北北基宜蘭區 | 本省閩南人 | 07 | 00 | 06"
"男性","50至59歲","大學及以上","北北基宜蘭區","本省閩南人","07","00","07",1,0.998871795,1,0.000178571428571429,0.000179182703857852,"男性 | 50至59歲 | 大學及以上 | 北北基宜蘭區 | 本省閩南人 | 07 | 00 | 07"
"男性","50至59歲","大學及以上","北北基宜蘭區","本省閩南人","07","01","07",1,0.770970949500534,1,0.000178571428571429,0.000138300690858291,"男性 | 50至59歲 | 大學及以上 | 北北基宜蘭區 | 本省閩南人 | 07 | 01 | 07"
"男性","50至59歲","大學及以上","北北基宜蘭區","本省閩南人","07","04","08",1,0.712248735,1,0.000178571428571429,0.000127766801300696,"男性 | 50至59歲 | 大學及以上 | 北北基宜蘭區 | 本省閩南人 | 07 | 04 | 08"
"男性","50至59歲","大學及以上","北北基宜蘭區","本省閩南人","08","00","06",1,0.770970949500534,1,0.000178571428571429,0.000138300690858291,"男性 | 50至59歲 | 大學及以上 | 北北基宜蘭區 | 本省閩南人 | 08 | 00 | 06"
"男性","50至59歲","大學及以上","北北基宜蘭區","本省閩南人","08","02","06",1,0.712248735,1,0.000178571428571429,0.000127766801300696,"男性 | 50至59歲 | 大學及以上 | 北北基宜蘭區 | 本省閩南人 | 08 | 02 | 06"
"男性","50至59歲","大學及以上","北北基宜蘭區","本省閩南人","08","08","00",1,0.770970949500534,1,0.000178571428571429,0.000138300690858291,"男性 | 50至59歲 | 大學及以上 | 北北基宜蘭區 | 本省閩南人 | 08 | 08 | 00"
"男性","50至59歲","大學及以上","桃竹苗區","大陸各省市","03","04","05",1,0.725833160874302,1,0.000178571428571429,0.000130203644718138,"男性 | 50至59歲 | 大學及以上 | 桃竹苗區 | 大陸各省市 | 03 | 04 | 05"
"男性","50至59歲","大學及以上","桃竹苗區","大陸各省市","05","00","00",1,0.725833160874302,1,0.000178571428571429,0.000130203644718138,"男性 | 50至59歲 | 大學及以上 | 桃竹苗區 | 大陸各省市 | 05 | 00 | 00"
"男性","50至59歲","大學及以上","桃竹苗區","大陸各省市","06","00","00",1,0.884029636,1,0.000178571428571429,0.000158581733173227,"男性 | 50至59歲 | 大學及以上 | 桃竹苗區 | 大陸各省市 | 06 | 00 | 00"
"男性","50至59歲","大學及以上","桃竹苗區","大陸各省市","07","00","05",1,0.612577432,1,0.000178571428571429,0.000109887255939647,"男性 | 50至59歲 | 大學及以上 | 桃竹苗區 | 大陸各省市 | 07 | 00 | 05"
"男性","50至59歲","大學及以上","桃竹苗區","大陸各省市","07","01","06",1,0.725833160874302,1,0.000178571428571429,0.000130203644718138,"男性 | 50至59歲 | 大學及以上 | 桃竹苗區 | 大陸各省市 | 07 | 01 | 06"
"男性","50至59歲","大學及以上","桃竹苗區","大陸各省市","07","04","06",1,0.725833160874302,1,0.000178571428571429,0.000130203644718138,"男性 | 50至59歲 | 大學及以上 | 桃竹苗區 | 大陸各省市 | 07 | 04 | 06"
"男性","50至59歲","大學及以上","桃竹苗區","大陸新住民","05","05","05",1,0.875390649,1,0.000178571428571429,0.000157032027738554,"男性 | 50至59歲 | 大學及以上 | 桃竹苗區 | 大陸新住民 | 05 | 05 | 05"
"男性","50至59歲","大學及以上","桃竹苗區","本省客家人","02","09","02",1,0.612577432,1,0.000178571428571429,0.000109887255939647,"男性 | 50至59歲 | 大學及以上 | 桃竹苗區 | 本省客家人 | 02 | 09 | 02"
"男性","50至59歲","大學及以上","桃竹苗區","本省客家人","03","04","03",1,0.725833160874302,1,0.000178571428571429,0.000130203644718138,"男性 | 50至59歲 | 大學及以上 | 桃竹苗區 | 本省客家人 | 03 | 04 | 03"
"男性","50至59歲","大學及以上","桃竹苗區","本省客家人","04","04","04",1,0.725833160874302,1,0.000178571428571429,0.000130203644718138,"男性 | 50至59歲 | 大學及以上 | 桃竹苗區 | 本省客家人 | 04 | 04 | 04"
"男性","50至59歲","大學及以上","桃竹苗區","本省客家人","05","04","06",1,0.725833160874302,1,0.000178571428571429,0.000130203644718138,"男性 | 50至59歲 | 大學及以上 | 桃竹苗區 | 本省客家人 | 05 | 04 | 06"
"男性","50至59歲","大學及以上","桃竹苗區","本省客家人","05","05","04",1,0.904979536,1,0.000178571428571429,0.000162339832807577,"男性 | 50至59歲 | 大學及以上 | 桃竹苗區 | 本省客家人 | 05 | 05 | 04"
"男性","50至59歲","大學及以上","桃竹苗區","本省客家人","06","05","05",1,0.725833160874302,1,0.000178571428571429,0.000130203644718138,"男性 | 50至59歲 | 大學及以上 | 桃竹苗區 | 本省客家人 | 06 | 05 | 05"
"男性","50至59歲","大學及以上","桃竹苗區","本省閩南人","00","00","00",1,0.904979536,1,0.000178571428571429,0.000162339832807577,"男性 | 50至59歲 | 大學及以上 | 桃竹苗區 | 本省閩南人 | 00 | 00 | 00"
"男性","50至59歲","大學及以上","桃竹苗區","本省閩南人","00","06","00",1,0.612577432,1,0.000178571428571429,0.000109887255939647,"男性 | 50至59歲 | 大學及以上 | 桃竹苗區 | 本省閩南人 | 00 | 06 | 00"
"男性","50至59歲","大學及以上","桃竹苗區","本省閩南人","00","07","01",1,0.725833160874302,1,0.000178571428571429,0.000130203644718138,"男性 | 50至59歲 | 大學及以上 | 桃竹苗區 | 本省閩南人 | 00 | 07 | 01"
"男性","50至59歲","大學及以上","桃竹苗區","本省閩南人","00","10","00",1,0.725833160874302,1,0.000178571428571429,0.000130203644718138,"男性 | 50至59歲 | 大學及以上 | 桃竹苗區 | 本省閩南人 | 00 | 10 | 00"
"男性","50至59歲","大學及以上","桃竹苗區","本省閩南人","01","08","02",1,0.725833160874302,1,0.000178571428571429,0.000130203644718138,"男性 | 50至59歲 | 大學及以上 | 桃竹苗區 | 本省閩南人 | 01 | 08 | 02"
"男性","50至59歲","大學及以上","桃竹苗區","本省閩南人","02","04","07",1,0.725833160874302,1,0.000178571428571429,0.000130203644718138,"男性 | 50至59歲 | 大學及以上 | 桃竹苗區 | 本省閩南人 | 02 | 04 | 07"
"男性","50至59歲","大學及以上","桃竹苗區","本省閩南人","02","05","02",1,0.612577432,1,0.000178571428571429,0.000109887255939647,"男性 | 50至59歲 | 大學及以上 | 桃竹苗區 | 本省閩南人 | 02 | 05 | 02"
"男性","50至59歲","大學及以上","桃竹苗區","本省閩南人","02","08","02",1,0.725833160874302,1,0.000178571428571429,0.000130203644718138,"男性 | 50至59歲 | 大學及以上 | 桃竹苗區 | 本省閩南人 | 02 | 08 | 02"
"男性","50至59歲","大學及以上","桃竹苗區","本省閩南人","03","00","05",1,0.612577432,1,0.000178571428571429,0.000109887255939647,"男性 | 50至59歲 | 大學及以上 | 桃竹苗區 | 本省閩南人 | 03 | 00 | 05"
"男性","50至59歲","大學及以上","桃竹苗區","本省閩南人","04","05","08",1,0.612577432,1,0.000178571428571429,0.000109887255939647,"男性 | 50至59歲 | 大學及以上 | 桃竹苗區 | 本省閩南人 | 04 | 05 | 08"
"男性","50至59歲","大學及以上","桃竹苗區","本省閩南人","04","08","01",1,0.612577432,1,0.000178571428571429,0.000109887255939647,"男性 | 50至59歲 | 大學及以上 | 桃竹苗區 | 本省閩南人 | 04 | 08 | 01"
"男性","50至59歲","大學及以上","桃竹苗區","本省閩南人","05","03","05",1,0.904979536,1,0.000178571428571429,0.000162339832807577,"男性 | 50至59歲 | 大學及以上 | 桃竹苗區 | 本省閩南人 | 05 | 03 | 05"
"男性","50至59歲","大學及以上","桃竹苗區","本省閩南人","05","06","02",1,0.904979536,1,0.000178571428571429,0.000162339832807577,"男性 | 50至59歲 | 大學及以上 | 桃竹苗區 | 本省閩南人 | 05 | 06 | 02"
"男性","50至59歲","大學及以上","桃竹苗區","本省閩南人","06","00","06",1,0.725833160874302,1,0.000178571428571429,0.000130203644718138,"男性 | 50至59歲 | 大學及以上 | 桃竹苗區 | 本省閩南人 | 06 | 00 | 06"
"男性","50至59歲","大學及以上","桃竹苗區","本省閩南人","06","02","05",1,0.884029636,1,0.000178571428571429,0.000158581733173227,"男性 | 50至59歲 | 大學及以上 | 桃竹苗區 | 本省閩南人 | 06 | 02 | 05"
"男性","50至59歲","大學及以上","桃竹苗區","本省閩南人","07","05","05",1,0.612577432,1,0.000178571428571429,0.000109887255939647,"男性 | 50至59歲 | 大學及以上 | 桃竹苗區 | 本省閩南人 | 07 | 05 | 05"
"男性","50至59歲","大學及以上","桃竹苗區","本省閩南人","07","08","06",1,0.884029636,1,0.000178571428571429,0.000158581733173227,"男性 | 50至59歲 | 大學及以上 | 桃竹苗區 | 本省閩南人 | 07 | 08 | 06"
"男性","50至59歲","大學及以上","桃竹苗區","本省閩南人","09","00","09",1,0.612577432,1,0.000178571428571429,0.000109887255939647,"男性 | 50至59歲 | 大學及以上 | 桃竹苗區 | 本省閩南人 | 09 | 00 | 09"
"男性","50至59歲","大學及以上","花東區","原住民","05","05","03",1,0.610574326467957,1,0.000178571428571429,0.000109527928679491,"男性 | 50至59歲 | 大學及以上 | 花東區 | 原住民 | 05 | 05 | 03"
"男性","50至59歲","大學及以上","花東區","大陸各省市","04","06","05",1,0.643199207,1,0.000178571428571429,0.00011538034571242,"男性 | 50至59歲 | 大學及以上 | 花東區 | 大陸各省市 | 04 | 06 | 05"
"男性","50至59歲","大學及以上","花東區","大陸各省市","06","04","06",1,0.628309412,1,0.000178571428571429,0.000112709338540785,"男性 | 50至59歲 | 大學及以上 | 花東區 | 大陸各省市 | 06 | 04 | 06"
"男性","50至59歲","大學及以上","花東區","本省客家人","05","06","00",1,0.649155921,1,0.000178571428571429,0.000116448891371604,"男性 | 50至59歲 | 大學及以上 | 花東區 | 本省客家人 | 05 | 06 | 00"
"男性","50至59歲","大學及以上","花東區","本省閩南人","03","10","02",1,0.643199207,1,0.000178571428571429,0.00011538034571242,"男性 | 50至59歲 | 大學及以上 | 花東區 | 本省閩南人 | 03 | 10 | 02"
"男性","50至59歲","大學及以上","花東區","本省閩南人","07","03","06",1,0.610574326467957,1,0.000178571428571429,0.000109527928679491,"男性 | 50至59歲 | 大學及以上 | 花東區 | 本省閩南人 | 07 | 03 | 06"
"男性","50至59歲","大學及以上","花東區","本省閩南人","08","00","06",1,0.610574326467957,1,0.000178571428571429,0.000109527928679491,"男性 | 50至59歲 | 大學及以上 | 花東區 | 本省閩南人 | 08 | 00 | 06"
"男性","50至59歲","大學及以上","花東區","本省閩南人","08","03","05",1,0.628309412,1,0.000178571428571429,0.000112709338540785,"男性 | 50至59歲 | 大學及以上 | 花東區 | 本省閩南人 | 08 | 03 | 05"
"男性","50至59歲","大學及以上","雲嘉南區","大陸各省市","00","07","00",1,0.680185056119647,1,0.000178571428571429,0.000122015055474885,"男性 | 50至59歲 | 大學及以上 | 雲嘉南區 | 大陸各省市 | 00 | 07 | 00"
"男性","50至59歲","大學及以上","雲嘉南區","大陸各省市","06","06","06",1,0.680185056119647,1,0.000178571428571429,0.000122015055474885,"男性 | 50至59歲 | 大學及以上 | 雲嘉南區 | 大陸各省市 | 06 | 06 | 06"
"男性","50至59歲","大學及以上","雲嘉南區","大陸各省市","07","00","03",1,0.680185056119647,1,0.000178571428571429,0.000122015055474885,"男性 | 50至59歲 | 大學及以上 | 雲嘉南區 | 大陸各省市 | 07 | 00 | 03"
"男性","50至59歲","大學及以上","雲嘉南區","大陸各省市","10","00","09",1,0.680185056119647,1,0.000178571428571429,0.000122015055474885,"男性 | 50至59歲 | 大學及以上 | 雲嘉南區 | 大陸各省市 | 10 | 00 | 09"
"男性","50至59歲","大學及以上","雲嘉南區","本省閩南人","00","04","00",1,0.680185056119647,1,0.000178571428571429,0.000122015055474885,"男性 | 50至59歲 | 大學及以上 | 雲嘉南區 | 本省閩南人 | 00 | 04 | 00"
"男性","50至59歲","大學及以上","雲嘉南區","本省閩南人","00","06","02",1,0.680185056119647,1,0.000178571428571429,0.000122015055474885,"男性 | 50至59歲 | 大學及以上 | 雲嘉南區 | 本省閩南人 | 00 | 06 | 02"
"男性","50至59歲","大學及以上","雲嘉南區","本省閩南人","01","07","00",1,0.680185056119647,1,0.000178571428571429,0.000122015055474885,"男性 | 50至59歲 | 大學及以上 | 雲嘉南區 | 本省閩南人 | 01 | 07 | 00"
"男性","50至59歲","大學及以上","雲嘉南區","本省閩南人","02","06","02",1,0.790316288,1,0.000178571428571429,0.000141770956088254,"男性 | 50至59歲 | 大學及以上 | 雲嘉南區 | 本省閩南人 | 02 | 06 | 02"
"男性","50至59歲","大學及以上","雲嘉南區","本省閩南人","02","08","03",1,0.680185056119647,1,0.000178571428571429,0.000122015055474885,"男性 | 50至59歲 | 大學及以上 | 雲嘉南區 | 本省閩南人 | 02 | 08 | 03"
"男性","50至59歲","大學及以上","雲嘉南區","本省閩南人","03","06","01",1,0.680185056119647,1,0.000178571428571429,0.000122015055474885,"男性 | 50至59歲 | 大學及以上 | 雲嘉南區 | 本省閩南人 | 03 | 06 | 01"
"男性","50至59歲","大學及以上","雲嘉南區","本省閩南人","05","05","03",1,0.680185056119647,1,0.000178571428571429,0.000122015055474885,"男性 | 50至59歲 | 大學及以上 | 雲嘉南區 | 本省閩南人 | 05 | 05 | 03"
"男性","50至59歲","大學及以上","雲嘉南區","本省閩南人","06","07","07",1,0.680185056119647,1,0.000178571428571429,0.000122015055474885,"男性 | 50至59歲 | 大學及以上 | 雲嘉南區 | 本省閩南人 | 06 | 07 | 07"
"男性","50至59歲","大學及以上","雲嘉南區","本省閩南人","08","05","03",1,0.809045351,1,0.000178571428571429,0.000145130670684124,"男性 | 50至59歲 | 大學及以上 | 雲嘉南區 | 本省閩南人 | 08 | 05 | 03"
"男性","50至59歲","大學及以上","雲嘉南區","本省閩南人","08","05","05",1,0.680185056119647,1,0.000178571428571429,0.000122015055474885,"男性 | 50至59歲 | 大學及以上 | 雲嘉南區 | 本省閩南人 | 08 | 05 | 05"
"男性","50至59歲","大學及以上","高屏區","大陸各省市","05","03","02",1,0.974204382668143,1,0.000178571428571429,0.000174757737950391,"男性 | 50至59歲 | 大學及以上 | 高屏區 | 大陸各省市 | 05 | 03 | 02"
"男性","50至59歲","大學及以上","高屏區","大陸各省市","05","04","01",1,0.593124386,1,0.000178571428571429,0.000106397669590328,"男性 | 50至59歲 | 大學及以上 | 高屏區 | 大陸各省市 | 05 | 04 | 01"
"男性","50至59歲","大學及以上","高屏區","大陸各省市","05","04","05",1,1.039059715,1,0.000178571428571429,0.0001863918173838,"男性 | 50至59歲 | 大學及以上 | 高屏區 | 大陸各省市 | 05 | 04 | 05"
"男性","50至59歲","大學及以上","高屏區","大陸各省市","07","00","00",1,0.838086901,1,0.000178571428571429,0.000150340291657777,"男性 | 50至59歲 | 大學及以上 | 高屏區 | 大陸各省市 | 07 | 00 | 00"
"男性","50至59歲","大學及以上","高屏區","本省客家人","03","00","02",1,0.974204382668143,1,0.000178571428571429,0.000174757737950391,"男性 | 50至59歲 | 大學及以上 | 高屏區 | 本省客家人 | 03 | 00 | 02"
"男性","50至59歲","大學及以上","高屏區","本省閩南人","00","09","00",1,0.974204382668143,1,0.000178571428571429,0.000174757737950391,"男性 | 50至59歲 | 大學及以上 | 高屏區 | 本省閩南人 | 00 | 09 | 00"
"男性","50至59歲","大學及以上","高屏區","本省閩南人","01","08","00",1,0.974204382668143,1,0.000178571428571429,0.000174757737950391,"男性 | 50至59歲 | 大學及以上 | 高屏區 | 本省閩南人 | 01 | 08 | 00"
"男性","50至59歲","大學及以上","高屏區","本省閩南人","02","07","04",1,0.974204382668143,1,0.000178571428571429,0.000174757737950391,"男性 | 50至59歲 | 大學及以上 | 高屏區 | 本省閩南人 | 02 | 07 | 04"
"男性","50至59歲","大學及以上","高屏區","本省閩南人","02","10","00",1,0.593124386,1,0.000178571428571429,0.000106397669590328,"男性 | 50至59歲 | 大學及以上 | 高屏區 | 本省閩南人 | 02 | 10 | 00"
"男性","50至59歲","大學及以上","高屏區","本省閩南人","03","08","02",1,0.593124386,1,0.000178571428571429,0.000106397669590328,"男性 | 50至59歲 | 大學及以上 | 高屏區 | 本省閩南人 | 03 | 08 | 02"
"男性","50至59歲","大學及以上","高屏區","本省閩南人","05","05","04",1,0.818685538,1,0.000178571428571429,0.000146859976467911,"男性 | 50至59歲 | 大學及以上 | 高屏區 | 本省閩南人 | 05 | 05 | 04"
"男性","50至59歲","大學及以上","高屏區","本省閩南人","05","08","02",1,0.974204382668143,1,0.000178571428571429,0.000174757737950391,"男性 | 50至59歲 | 大學及以上 | 高屏區 | 本省閩南人 | 05 | 08 | 02"
"男性","50至59歲","大學及以上","高屏區","本省閩南人","05","09","00",1,0.593124386,1,0.000178571428571429,0.000106397669590328,"男性 | 50至59歲 | 大學及以上 | 高屏區 | 本省閩南人 | 05 | 09 | 00"
"男性","50至59歲","大學及以上","高屏區","本省閩南人","06","02","00",1,0.974204382668143,1,0.000178571428571429,0.000174757737950391,"男性 | 50至59歲 | 大學及以上 | 高屏區 | 本省閩南人 | 06 | 02 | 00"
"男性","50至59歲","大學及以上","高屏區","本省閩南人","06","04","05",1,0.974204382668143,1,0.000178571428571429,0.000174757737950391,"男性 | 50至59歲 | 大學及以上 | 高屏區 | 本省閩南人 | 06 | 04 | 05"
"男性","50至59歲","大學及以上","高屏區","本省閩南人","06","06","05",1,0.838086901,1,0.000178571428571429,0.000150340291657777,"男性 | 50至59歲 | 大學及以上 | 高屏區 | 本省閩南人 | 06 | 06 | 05"
"男性","50至59歲","大學及以上","高屏區","本省閩南人","07","03","04",1,0.974204382668143,1,0.000178571428571429,0.000174757737950391,"男性 | 50至59歲 | 大學及以上 | 高屏區 | 本省閩南人 | 07 | 03 | 04"
"男性","50至59歲","大學及以上","高屏區","本省閩南人","10","00","05",1,0.593124386,1,0.000178571428571429,0.000106397669590328,"男性 | 50至59歲 | 大學及以上 | 高屏區 | 本省閩南人 | 10 | 00 | 05"
"男性","50至59歲","專科","中彰投區","台灣人","00","04","06",1,0.854406702833387,1,0.000178571428571429,0.000153267820729645,"男性 | 50至59歲 | 專科 | 中彰投區 | 台灣人 | 00 | 04 | 06"
"男性","50至59歲","專科","中彰投區","大陸各省市","03","00","04",1,0.854406702833387,1,0.000178571428571429,0.000153267820729645,"男性 | 50至59歲 | 專科 | 中彰投區 | 大陸各省市 | 03 | 00 | 04"
"男性","50至59歲","專科","中彰投區","大陸各省市","05","00","08",1,0.854406702833387,1,0.000178571428571429,0.000153267820729645,"男性 | 50至59歲 | 專科 | 中彰投區 | 大陸各省市 | 05 | 00 | 08"
"男性","50至59歲","專科","中彰投區","大陸各省市","05","05","05",1,0.854406702833387,1,0.000178571428571429,0.000153267820729645,"男性 | 50至59歲 | 專科 | 中彰投區 | 大陸各省市 | 05 | 05 | 05"
"男性","50至59歲","專科","中彰投區","大陸各省市","07","05","06",1,0.854406702833387,1,0.000178571428571429,0.000153267820729645,"男性 | 50至59歲 | 專科 | 中彰投區 | 大陸各省市 | 07 | 05 | 06"
"男性","50至59歲","專科","中彰投區","大陸各省市","10","00","03",1,0.886487049,1,0.000178571428571429,0.000159022556418051,"男性 | 50至59歲 | 專科 | 中彰投區 | 大陸各省市 | 10 | 00 | 03"
"男性","50至59歲","專科","中彰投區","本省客家人","02","08","03",1,0.886487049,1,0.000178571428571429,0.000159022556418051,"男性 | 50至59歲 | 專科 | 中彰投區 | 本省客家人 | 02 | 08 | 03"
"男性","50至59歲","專科","中彰投區","本省客家人","05","04","05",1,0.886487049,1,0.000178571428571429,0.000159022556418051,"男性 | 50至59歲 | 專科 | 中彰投區 | 本省客家人 | 05 | 04 | 05"
"男性","50至59歲","專科","中彰投區","本省閩南人","00","08","00",1,0.854406702833387,1,0.000178571428571429,0.000153267820729645,"男性 | 50至59歲 | 專科 | 中彰投區 | 本省閩南人 | 00 | 08 | 00"
"男性","50至59歲","專科","中彰投區","本省閩南人","01","10","01",1,0.886487049,1,0.000178571428571429,0.000159022556418051,"男性 | 50至59歲 | 專科 | 中彰投區 | 本省閩南人 | 01 | 10 | 01"
"男性","50至59歲","專科","中彰投區","本省閩南人","03","08","00",1,0.886487049,1,0.000178571428571429,0.000159022556418051,"男性 | 50至59歲 | 專科 | 中彰投區 | 本省閩南人 | 03 | 08 | 00"
"男性","50至59歲","專科","中彰投區","本省閩南人","04","06","08",1,0.886487049,1,0.000178571428571429,0.000159022556418051,"男性 | 50至59歲 | 專科 | 中彰投區 | 本省閩南人 | 04 | 06 | 08"
"男性","50至59歲","專科","中彰投區","本省閩南人","05","04","03",1,0.865965242,1,0.000178571428571429,0.000155341250283755,"男性 | 50至59歲 | 專科 | 中彰投區 | 本省閩南人 | 05 | 04 | 03"
"男性","50至59歲","專科","中彰投區","本省閩南人","06","02","05",1,0.658338434,1,0.000178571428571429,0.000118096097265079,"男性 | 50至59歲 | 專科 | 中彰投區 | 本省閩南人 | 06 | 02 | 05"
"男性","50至59歲","專科","中彰投區","本省閩南人","06","05","03",1,0.854406702833387,1,0.000178571428571429,0.000153267820729645,"男性 | 50至59歲 | 專科 | 中彰投區 | 本省閩南人 | 06 | 05 | 03"
"男性","50至59歲","專科","中彰投區","本省閩南人","06","07","04",1,0.854406702833387,1,0.000178571428571429,0.000153267820729645,"男性 | 50至59歲 | 專科 | 中彰投區 | 本省閩南人 | 06 | 07 | 04"
"男性","50至59歲","專科","中彰投區","本省閩南人","06","07","05",1,0.854406702833387,1,0.000178571428571429,0.000153267820729645,"男性 | 50至59歲 | 專科 | 中彰投區 | 本省閩南人 | 06 | 07 | 05"
"男性","50至59歲","專科","中彰投區","本省閩南人","07","02","05",1,0.886487049,1,0.000178571428571429,0.000159022556418051,"男性 | 50至59歲 | 專科 | 中彰投區 | 本省閩南人 | 07 | 02 | 05"
"男性","50至59歲","專科","中彰投區","本省閩南人","07","04","07",1,0.658338434,1,0.000178571428571429,0.000118096097265079,"男性 | 50至59歲 | 專科 | 中彰投區 | 本省閩南人 | 07 | 04 | 07"
"男性","50至59歲","專科","北北基宜蘭區","原住民","06","07","05",1,0.834421347691344,1,0.000178571428571429,0.000149682746058565,"男性 | 50至59歲 | 專科 | 北北基宜蘭區 | 原住民 | 06 | 07 | 05"
"男性","50至59歲","專科","北北基宜蘭區","大陸各省市","00","08","00",1,1.087718963,1,0.000178571428571429,0.000195120560820119,"男性 | 50至59歲 | 專科 | 北北基宜蘭區 | 大陸各省市 | 00 | 08 | 00"
"男性","50至59歲","專科","北北基宜蘭區","大陸各省市","05","00","03",1,1.087718963,1,0.000178571428571429,0.000195120560820119,"男性 | 50至59歲 | 專科 | 北北基宜蘭區 | 大陸各省市 | 05 | 00 | 03"
"男性","50至59歲","專科","北北基宜蘭區","大陸各省市","05","00","07",1,0.86830246,1,0.000178571428571429,0.000155760512338046,"男性 | 50至59歲 | 專科 | 北北基宜蘭區 | 大陸各省市 | 05 | 00 | 07"
"男性","50至59歲","專科","北北基宜蘭區","大陸各省市","05","05","05",1,0.834421347691344,1,0.000178571428571429,0.000149682746058565,"男性 | 50至59歲 | 專科 | 北北基宜蘭區 | 大陸各省市 | 05 | 05 | 05"
"男性","50至59歲","專科","北北基宜蘭區","大陸各省市","06","02","05",1,1.087718963,1,0.000178571428571429,0.000195120560820119,"男性 | 50至59歲 | 專科 | 北北基宜蘭區 | 大陸各省市 | 06 | 02 | 05"
"男性","50至59歲","專科","北北基宜蘭區","大陸各省市","08","01","00",1,1.087718963,1,0.000178571428571429,0.000195120560820119,"男性 | 50至59歲 | 專科 | 北北基宜蘭區 | 大陸各省市 | 08 | 01 | 00"
"男性","50至59歲","專科","北北基宜蘭區","本省客家人","01","05","01",1,0.834421347691344,1,0.000178571428571429,0.000149682746058565,"男性 | 50至59歲 | 專科 | 北北基宜蘭區 | 本省客家人 | 01 | 05 | 01"
"男性","50至59歲","專科","北北基宜蘭區","本省客家人","06","01","05",1,0.834421347691344,1,0.000178571428571429,0.000149682746058565,"男性 | 50至59歲 | 專科 | 北北基宜蘭區 | 本省客家人 | 06 | 01 | 05"
"男性","50至59歲","專科","北北基宜蘭區","本省客家人","07","03","05",1,0.834421347691344,1,0.000178571428571429,0.000149682746058565,"男性 | 50至59歲 | 專科 | 北北基宜蘭區 | 本省客家人 | 07 | 03 | 05"
"男性","50至59歲","專科","北北基宜蘭區","本省閩南人","00","09","00",1,0.834421347691344,1,0.000178571428571429,0.000149682746058565,"男性 | 50至59歲 | 專科 | 北北基宜蘭區 | 本省閩南人 | 00 | 09 | 00"
"男性","50至59歲","專科","北北基宜蘭區","本省閩南人","02","09","01",1,1.087718963,1,0.000178571428571429,0.000195120560820119,"男性 | 50至59歲 | 專科 | 北北基宜蘭區 | 本省閩南人 | 02 | 09 | 01"
"男性","50至59歲","專科","北北基宜蘭區","本省閩南人","02","09","02",1,0.834421347691344,1,0.000178571428571429,0.000149682746058565,"男性 | 50至59歲 | 專科 | 北北基宜蘭區 | 本省閩南人 | 02 | 09 | 02"
"男性","50至59歲","專科","北北基宜蘭區","本省閩南人","03","03","05",1,0.834421347691344,1,0.000178571428571429,0.000149682746058565,"男性 | 50至59歲 | 專科 | 北北基宜蘭區 | 本省閩南人 | 03 | 03 | 05"
"男性","50至59歲","專科","北北基宜蘭區","本省閩南人","03","06","02",1,1.087718963,1,0.000178571428571429,0.000195120560820119,"男性 | 50至59歲 | 專科 | 北北基宜蘭區 | 本省閩南人 | 03 | 06 | 02"
"男性","50至59歲","專科","北北基宜蘭區","本省閩南人","04","03","03",1,1.062538721,1,0.000178571428571429,0.000190603600918017,"男性 | 50至59歲 | 專科 | 北北基宜蘭區 | 本省閩南人 | 04 | 03 | 03"
"男性","50至59歲","專科","北北基宜蘭區","本省閩南人","05","03","06",1,0.834421347691344,1,0.000178571428571429,0.000149682746058565,"男性 | 50至59歲 | 專科 | 北北基宜蘭區 | 本省閩南人 | 05 | 03 | 06"
"男性","50至59歲","專科","北北基宜蘭區","本省閩南人","05","06","04",1,0.86830246,1,0.000178571428571429,0.000155760512338046,"男性 | 50至59歲 | 專科 | 北北基宜蘭區 | 本省閩南人 | 05 | 06 | 04"
"男性","50至59歲","專科","北北基宜蘭區","本省閩南人","05","06","05",1,0.834421347691344,1,0.000178571428571429,0.000149682746058565,"男性 | 50至59歲 | 專科 | 北北基宜蘭區 | 本省閩南人 | 05 | 06 | 05"
"男性","50至59歲","專科","北北基宜蘭區","本省閩南人","05","07","04",1,0.86830246,1,0.000178571428571429,0.000155760512338046,"男性 | 50至59歲 | 專科 | 北北基宜蘭區 | 本省閩南人 | 05 | 07 | 04"
"男性","50至59歲","專科","北北基宜蘭區","本省閩南人","05","08","01",1,0.834421347691344,1,0.000178571428571429,0.000149682746058565,"男性 | 50至59歲 | 專科 | 北北基宜蘭區 | 本省閩南人 | 05 | 08 | 01"
"男性","50至59歲","專科","北北基宜蘭區","本省閩南人","06","04","05",1,0.834421347691344,1,0.000178571428571429,0.000149682746058565,"男性 | 50至59歲 | 專科 | 北北基宜蘭區 | 本省閩南人 | 06 | 04 | 05"
"男性","50至59歲","專科","北北基宜蘭區","本省閩南人","06","06","00",1,1.087718963,1,0.000178571428571429,0.000195120560820119,"男性 | 50至59歲 | 專科 | 北北基宜蘭區 | 本省閩南人 | 06 | 06 | 00"
"男性","50至59歲","專科","北北基宜蘭區","本省閩南人","07","07","06",1,1.062538721,1,0.000178571428571429,0.000190603600918017,"男性 | 50至59歲 | 專科 | 北北基宜蘭區 | 本省閩南人 | 07 | 07 | 06"
"男性","50至59歲","專科","北北基宜蘭區","本省閩南人","08","03","02",1,1.087718963,1,0.000178571428571429,0.000195120560820119,"男性 | 50至59歲 | 專科 | 北北基宜蘭區 | 本省閩南人 | 08 | 03 | 02"
"男性","50至59歲","專科","桃竹苗區","大陸各省市","05","00","00",1,0.962661879,1,0.000178571428571429,0.000172687184925569,"男性 | 50至59歲 | 專科 | 桃竹苗區 | 大陸各省市 | 05 | 00 | 00"
"男性","50至59歲","專科","桃竹苗區","大陸各省市","05","03","05",1,0.78556874897578,1,0.000178571428571429,0.000140919318387311,"男性 | 50至59歲 | 專科 | 桃竹苗區 | 大陸各省市 | 05 | 03 | 05"
"男性","50至59歲","專科","桃竹苗區","大陸各省市","06","00","05",1,0.78556874897578,1,0.000178571428571429,0.000140919318387311,"男性 | 50至59歲 | 專科 | 桃竹苗區 | 大陸各省市 | 06 | 00 | 05"
"男性","50至59歲","專科","桃竹苗區","大陸各省市","06","01","06",1,0.78556874897578,1,0.000178571428571429,0.000140919318387311,"男性 | 50至59歲 | 專科 | 桃竹苗區 | 大陸各省市 | 06 | 01 | 06"
"男性","50至59歲","專科","桃竹苗區","大陸各省市","07","05","05",1,0.985475221,1,0.000178571428571429,0.000176779558265227,"男性 | 50至59歲 | 專科 | 桃竹苗區 | 大陸各省市 | 07 | 05 | 05"
"男性","50至59歲","專科","桃竹苗區","本省客家人","00","08","00",1,0.746793171,1,0.000178571428571429,0.000133963557958265,"男性 | 50至59歲 | 專科 | 桃竹苗區 | 本省客家人 | 00 | 08 | 00"
"男性","50至59歲","專科","桃竹苗區","本省客家人","02","08","04",1,0.78556874897578,1,0.000178571428571429,0.000140919318387311,"男性 | 50至59歲 | 專科 | 桃竹苗區 | 本省客家人 | 02 | 08 | 04"
"男性","50至59歲","專科","桃竹苗區","本省客家人","03","01","08",1,0.962661879,1,0.000178571428571429,0.000172687184925569,"男性 | 50至59歲 | 專科 | 桃竹苗區 | 本省客家人 | 03 | 01 | 08"
"男性","50至59歲","專科","桃竹苗區","本省客家人","03","05","02",1,0.78556874897578,1,0.000178571428571429,0.000140919318387311,"男性 | 50至59歲 | 專科 | 桃竹苗區 | 本省客家人 | 03 | 05 | 02"
"男性","50至59歲","專科","桃竹苗區","本省客家人","06","00","08",1,0.746793171,1,0.000178571428571429,0.000133963557958265,"男性 | 50至59歲 | 專科 | 桃竹苗區 | 本省客家人 | 06 | 00 | 08"
"男性","50至59歲","專科","桃竹苗區","本省客家人","07","03","07",1,0.78556874897578,1,0.000178571428571429,0.000140919318387311,"男性 | 50至59歲 | 專科 | 桃竹苗區 | 本省客家人 | 07 | 03 | 07"
"男性","50至59歲","專科","桃竹苗區","本省客家人","09","00","07",1,0.746793171,1,0.000178571428571429,0.000133963557958265,"男性 | 50至59歲 | 專科 | 桃竹苗區 | 本省客家人 | 09 | 00 | 07"
"男性","50至59歲","專科","桃竹苗區","本省客家人","10","10","10",1,0.78556874897578,1,0.000178571428571429,0.000140919318387311,"男性 | 50至59歲 | 專科 | 桃竹苗區 | 本省客家人 | 10 | 10 | 10"
"男性","50至59歲","專科","桃竹苗區","本省閩南人","00","08","01",1,0.746793171,1,0.000178571428571429,0.000133963557958265,"男性 | 50至59歲 | 專科 | 桃竹苗區 | 本省閩南人 | 00 | 08 | 01"
"男性","50至59歲","專科","桃竹苗區","本省閩南人","00","09","01",1,0.78556874897578,1,0.000178571428571429,0.000140919318387311,"男性 | 50至59歲 | 專科 | 桃竹苗區 | 本省閩南人 | 00 | 09 | 01"
"男性","50至59歲","專科","桃竹苗區","本省閩南人","01","03","05",1,0.78556874897578,1,0.000178571428571429,0.000140919318387311,"男性 | 50至59歲 | 專科 | 桃竹苗區 | 本省閩南人 | 01 | 03 | 05"
"男性","50至59歲","專科","桃竹苗區","本省閩南人","03","07","04",1,0.985475221,1,0.000178571428571429,0.000176779558265227,"男性 | 50至59歲 | 專科 | 桃竹苗區 | 本省閩南人 | 03 | 07 | 04"
"男性","50至59歲","專科","桃竹苗區","本省閩南人","04","06","05",1,0.78556874897578,1,0.000178571428571429,0.000140919318387311,"男性 | 50至59歲 | 專科 | 桃竹苗區 | 本省閩南人 | 04 | 06 | 05"
"男性","50至59歲","專科","桃竹苗區","本省閩南人","05","04","07",1,0.985475221,1,0.000178571428571429,0.000176779558265227,"男性 | 50至59歲 | 專科 | 桃竹苗區 | 本省閩南人 | 05 | 04 | 07"
"男性","50至59歲","專科","桃竹苗區","本省閩南人","05","05","05",1,0.78556874897578,1,0.000178571428571429,0.000140919318387311,"男性 | 50至59歲 | 專科 | 桃竹苗區 | 本省閩南人 | 05 | 05 | 05"
"男性","50至59歲","專科","桃竹苗區","本省閩南人","06","03","04",1,0.78556874897578,1,0.000178571428571429,0.000140919318387311,"男性 | 50至59歲 | 專科 | 桃竹苗區 | 本省閩南人 | 06 | 03 | 04"
"男性","50至59歲","專科","桃竹苗區","本省閩南人","06","03","05",1,0.78556874897578,1,0.000178571428571429,0.000140919318387311,"男性 | 50至59歲 | 專科 | 桃竹苗區 | 本省閩南人 | 06 | 03 | 05"
"男性","50至59歲","專科","桃竹苗區","本省閩南人","06","04","05",1,0.78556874897578,1,0.000178571428571429,0.000140919318387311,"男性 | 50至59歲 | 專科 | 桃竹苗區 | 本省閩南人 | 06 | 04 | 05"
"男性","50至59歲","專科","桃竹苗區","本省閩南人","06","05","06",1,0.78556874897578,1,0.000178571428571429,0.000140919318387311,"男性 | 50至59歲 | 專科 | 桃竹苗區 | 本省閩南人 | 06 | 05 | 06"
"男性","50至59歲","專科","桃竹苗區","本省閩南人","07","01","06",1,0.78556874897578,1,0.000178571428571429,0.000140919318387311,"男性 | 50至59歲 | 專科 | 桃竹苗區 | 本省閩南人 | 07 | 01 | 06"
"男性","50至59歲","專科","桃竹苗區","本省閩南人","07","03","03",1,0.78556874897578,1,0.000178571428571429,0.000140919318387311,"男性 | 50至59歲 | 專科 | 桃竹苗區 | 本省閩南人 | 07 | 03 | 03"
"男性","50至59歲","專科","桃竹苗區","本省閩南人","07","03","05",1,0.985475221,1,0.000178571428571429,0.000176779558265227,"男性 | 50至59歲 | 專科 | 桃竹苗區 | 本省閩南人 | 07 | 03 | 05"
"男性","50至59歲","專科","桃竹苗區","本省閩南人","07","05","03",1,0.746793171,1,0.000178571428571429,0.000133963557958265,"男性 | 50至59歲 | 專科 | 桃竹苗區 | 本省閩南人 | 07 | 05 | 03"
"男性","50至59歲","專科","花東區","大陸各省市","08","00","06",1,0.660824189,1,0.000178571428571429,0.000118542004642039,"男性 | 50至59歲 | 專科 | 花東區 | 大陸各省市 | 08 | 00 | 06"
"男性","50至59歲","專科","花東區","本省客家人","08","03","06",1,0.660824189,1,0.000178571428571429,0.000118542004642039,"男性 | 50至59歲 | 專科 | 花東區 | 本省客家人 | 08 | 03 | 06"
"男性","50至59歲","專科","花東區","本省閩南人","00","01","00",1,0.660824189,1,0.000178571428571429,0.000118542004642039,"男性 | 50至59歲 | 專科 | 花東區 | 本省閩南人 | 00 | 01 | 00"
"男性","50至59歲","專科","花東區","本省閩南人","04","08","02",1,0.660824189,1,0.000178571428571429,0.000118542004642039,"男性 | 50至59歲 | 專科 | 花東區 | 本省閩南人 | 04 | 08 | 02"
"男性","50至59歲","專科","花東區","本省閩南人","06","00","03",1,0.660824189,1,0.000178571428571429,0.000118542004642039,"男性 | 50至59歲 | 專科 | 花東區 | 本省閩南人 | 06 | 00 | 03"
"男性","50至59歲","專科","花東區","本省閩南人","06","02","05",1,0.660824189,1,0.000178571428571429,0.000118542004642039,"男性 | 50至59歲 | 專科 | 花東區 | 本省閩南人 | 06 | 02 | 05"
"男性","50至59歲","專科","花東區","本省閩南人","09","02","06",1,0.660824189,1,0.000178571428571429,0.000118542004642039,"男性 | 50至59歲 | 專科 | 花東區 | 本省閩南人 | 09 | 02 | 06"
"男性","50至59歲","專科","雲嘉南區","大陸各省市","05","05","05",1,0.736163835452628,1,0.000178571428571429,0.000132056813676242,"男性 | 50至59歲 | 專科 | 雲嘉南區 | 大陸各省市 | 05 | 05 | 05"
"男性","50至59歲","專科","雲嘉南區","本省客家人","00","10","10",1,0.881007928,1,0.000178571428571429,0.000158039683820728,"男性 | 50至59歲 | 專科 | 雲嘉南區 | 本省客家人 | 00 | 10 | 10"
"男性","50至59歲","專科","雲嘉南區","本省閩南人","00","06","00",1,0.736163835452628,1,0.000178571428571429,0.000132056813676242,"男性 | 50至59歲 | 專科 | 雲嘉南區 | 本省閩南人 | 00 | 06 | 00"
"男性","50至59歲","專科","雲嘉南區","本省閩南人","01","10","00",1,0.645701423,1,0.000178571428571429,0.000115829205947298,"男性 | 50至59歲 | 專科 | 雲嘉南區 | 本省閩南人 | 01 | 10 | 00"
"男性","50至59歲","專科","雲嘉南區","本省閩南人","03","06","00",1,0.736163835452628,1,0.000178571428571429,0.000132056813676242,"男性 | 50至59歲 | 專科 | 雲嘉南區 | 本省閩南人 | 03 | 06 | 00"
"男性","50至59歲","專科","雲嘉南區","本省閩南人","03","07","01",1,0.736163835452628,1,0.000178571428571429,0.000132056813676242,"男性 | 50至59歲 | 專科 | 雲嘉南區 | 本省閩南人 | 03 | 07 | 01"
"男性","50至59歲","專科","雲嘉南區","本省閩南人","04","07","06",1,0.881007928,1,0.000178571428571429,0.000158039683820728,"男性 | 50至59歲 | 專科 | 雲嘉南區 | 本省閩南人 | 04 | 07 | 06"
"男性","50至59歲","專科","雲嘉南區","本省閩南人","04","09","00",1,0.645701423,1,0.000178571428571429,0.000115829205947298,"男性 | 50至59歲 | 專科 | 雲嘉南區 | 本省閩南人 | 04 | 09 | 00"
"男性","50至59歲","專科","雲嘉南區","本省閩南人","05","06","03",1,0.736163835452628,1,0.000178571428571429,0.000132056813676242,"男性 | 50至59歲 | 專科 | 雲嘉南區 | 本省閩南人 | 05 | 06 | 03"
"男性","50至59歲","專科","雲嘉南區","本省閩南人","06","03","07",1,0.736163835452628,1,0.000178571428571429,0.000132056813676242,"男性 | 50至59歲 | 專科 | 雲嘉南區 | 本省閩南人 | 06 | 03 | 07"
"男性","50至59歲","專科","雲嘉南區","本省閩南人","06","04","08",1,0.860612961,1,0.000178571428571429,0.000154381130890869,"男性 | 50至59歲 | 專科 | 雲嘉南區 | 本省閩南人 | 06 | 04 | 08"
"男性","50至59歲","專科","雲嘉南區","本省閩南人","06","05","04",1,0.736163835452628,1,0.000178571428571429,0.000132056813676242,"男性 | 50至59歲 | 專科 | 雲嘉南區 | 本省閩南人 | 06 | 05 | 04"
"男性","50至59歲","專科","雲嘉南區","本省閩南人","07","03","05",1,0.736163835452628,1,0.000178571428571429,0.000132056813676242,"男性 | 50至59歲 | 專科 | 雲嘉南區 | 本省閩南人 | 07 | 03 | 05"
"男性","50至59歲","專科","雲嘉南區","本省閩南人","07","08","02",1,0.881007928,1,0.000178571428571429,0.000158039683820728,"男性 | 50至59歲 | 專科 | 雲嘉南區 | 本省閩南人 | 07 | 08 | 02"
"男性","50至59歲","專科","雲嘉南區","本省閩南人","08","05","08",1,0.645701423,1,0.000178571428571429,0.000115829205947298,"男性 | 50至59歲 | 專科 | 雲嘉南區 | 本省閩南人 | 08 | 05 | 08"
"男性","50至59歲","專科","雲嘉南區","本省閩南人","10","04","05",1,0.736163835452628,1,0.000178571428571429,0.000132056813676242,"男性 | 50至59歲 | 專科 | 雲嘉南區 | 本省閩南人 | 10 | 04 | 05"
"男性","50至59歲","專科","高屏區","大陸各省市","05","03","06",1,1.05438075771778,1,0.000178571428571429,0.000189140183964812,"男性 | 50至59歲 | 專科 | 高屏區 | 大陸各省市 | 05 | 03 | 06"
"男性","50至59歲","專科","高屏區","大陸各省市","06","02","04",1,1.05438075771778,1,0.000178571428571429,0.000189140183964812,"男性 | 50至59歲 | 專科 | 高屏區 | 大陸各省市 | 06 | 02 | 04"
"男性","50至59歲","專科","高屏區","本省閩南人","03","03","03",1,1.039059715,1,0.000178571428571429,0.0001863918173838,"男性 | 50至59歲 | 專科 | 高屏區 | 本省閩南人 | 03 | 03 | 03"
"男性","50至59歲","專科","高屏區","本省閩南人","05","04","07",1,1.05438075771778,1,0.000178571428571429,0.000189140183964812,"男性 | 50至59歲 | 專科 | 高屏區 | 本省閩南人 | 05 | 04 | 07"
"男性","50至59歲","專科","高屏區","本省閩南人","05","06","00",1,0.891505585,1,0.000178571428571429,0.000159922806935074,"男性 | 50至59歲 | 專科 | 高屏區 | 本省閩南人 | 05 | 06 | 00"
"男性","50至59歲","專科","高屏區","本省閩南人","06","00","04",1,1.05438075771778,1,0.000178571428571429,0.000189140183964812,"男性 | 50至59歲 | 專科 | 高屏區 | 本省閩南人 | 06 | 00 | 04"
"男性","50至59歲","專科","高屏區","本省閩南人","06","05","04",1,1.05438075771778,1,0.000178571428571429,0.000189140183964812,"男性 | 50至59歲 | 專科 | 高屏區 | 本省閩南人 | 06 | 05 | 04"
"男性","50至59歲","專科","高屏區","本省閩南人","06","05","05",1,0.912632652,1,0.000178571428571429,0.000163712687687134,"男性 | 50至59歲 | 專科 | 高屏區 | 本省閩南人 | 06 | 05 | 05"
"男性","50至59歲","專科","高屏區","本省閩南人","06","07","06",1,0.912632652,1,0.000178571428571429,0.000163712687687134,"男性 | 50至59歲 | 專科 | 高屏區 | 本省閩南人 | 06 | 07 | 06"
"男性","50至59歲","專科","高屏區","本省閩南人","06","08","06",1,0.912632652,1,0.000178571428571429,0.000163712687687134,"男性 | 50至59歲 | 專科 | 高屏區 | 本省閩南人 | 06 | 08 | 06"
"男性","50至59歲","專科","高屏區","本省閩南人","07","02","07",1,0.912632652,1,0.000178571428571429,0.000163712687687134,"男性 | 50至59歲 | 專科 | 高屏區 | 本省閩南人 | 07 | 02 | 07"
"男性","50至59歲","專科","高屏區","本省閩南人","07","06","00",1,0.912632652,1,0.000178571428571429,0.000163712687687134,"男性 | 50至59歲 | 專科 | 高屏區 | 本省閩南人 | 07 | 06 | 00"
"男性","50至59歲","小學及以下","北北基宜蘭區","大陸各省市","05","10","05",1,1.451412019,1,0.000178571428571429,0.00026036167131559,"男性 | 50至59歲 | 小學及以下 | 北北基宜蘭區 | 大陸各省市 | 05 | 10 | 05"
"男性","50至59歲","小學及以下","北北基宜蘭區","大陸各省市","06","04","05",1,1.516957579,1,0.000178571428571429,0.000272119567299305,"男性 | 50至59歲 | 小學及以下 | 北北基宜蘭區 | 大陸各省市 | 06 | 04 | 05"
"男性","50至59歲","小學及以下","雲嘉南區","本省閩南人","04","08","01",1,1.07642869216682,1,0.000178571428571429,0.000193095254604343,"男性 | 50至59歲 | 小學及以下 | 雲嘉南區 | 本省閩南人 | 04 | 08 | 01"
"男性","50至59歲","高中、職","中彰投區","本省客家人","05","04","04",1,1.00929216,1,0.000178571428571429,0.000181051961940052,"男性 | 50至59歲 | 高中、職 | 中彰投區 | 本省客家人 | 05 | 04 | 04"
"男性","50至59歲","高中、職","中彰投區","本省閩南人","00","00","00",1,1.09882692252742,1,0.000178571428571429,0.000197113163106448,"男性 | 50至59歲 | 高中、職 | 中彰投區 | 本省閩南人 | 00 | 00 | 00"
"男性","50至59歲","高中、職","中彰投區","本省閩南人","00","06","00",1,1.09882692252742,1,0.000178571428571429,0.000197113163106448,"男性 | 50至59歲 | 高中、職 | 中彰投區 | 本省閩南人 | 00 | 06 | 00"
"男性","50至59歲","高中、職","中彰投區","本省閩南人","00","07","00",1,1.09882692252742,1,0.000178571428571429,0.000197113163106448,"男性 | 50至59歲 | 高中、職 | 中彰投區 | 本省閩南人 | 00 | 07 | 00"
"男性","50至59歲","高中、職","中彰投區","本省閩南人","00","10","05",1,1.00929216,1,0.000178571428571429,0.000181051961940052,"男性 | 50至59歲 | 高中、職 | 中彰投區 | 本省閩南人 | 00 | 10 | 05"
"男性","50至59歲","高中、職","中彰投區","本省閩南人","02","07","06",1,0.985927466,1,0.000178571428571429,0.000176860684273901,"男性 | 50至59歲 | 高中、職 | 中彰投區 | 本省閩南人 | 02 | 07 | 06"
"男性","50至59歲","高中、職","中彰投區","本省閩南人","03","03","05",1,0.895073515,1,0.000178571428571429,0.000160562840368569,"男性 | 50至59歲 | 高中、職 | 中彰投區 | 本省閩南人 | 03 | 03 | 05"
"男性","50至59歲","高中、職","中彰投區","本省閩南人","03","08","00",1,1.00929216,1,0.000178571428571429,0.000181051961940052,"男性 | 50至59歲 | 高中、職 | 中彰投區 | 本省閩南人 | 03 | 08 | 00"
"男性","50至59歲","高中、職","中彰投區","本省閩南人","03","08","05",1,0.895073515,1,0.000178571428571429,0.000160562840368569,"男性 | 50至59歲 | 高中、職 | 中彰投區 | 本省閩南人 | 03 | 08 | 05"
"男性","50至59歲","高中、職","中彰投區","本省閩南人","04","02","01",1,1.00929216,1,0.000178571428571429,0.000181051961940052,"男性 | 50至59歲 | 高中、職 | 中彰投區 | 本省閩南人 | 04 | 02 | 01"
"男性","50至59歲","高中、職","中彰投區","本省閩南人","04","03","02",1,1.09882692252742,1,0.000178571428571429,0.000197113163106448,"男性 | 50至59歲 | 高中、職 | 中彰投區 | 本省閩南人 | 04 | 03 | 02"
"男性","50至59歲","高中、職","中彰投區","本省閩南人","04","05","03",1,0.985927466,1,0.000178571428571429,0.000176860684273901,"男性 | 50至59歲 | 高中、職 | 中彰投區 | 本省閩南人 | 04 | 05 | 03"
"男性","50至59歲","高中、職","中彰投區","本省閩南人","04","06","03",1,0.895073515,1,0.000178571428571429,0.000160562840368569,"男性 | 50至59歲 | 高中、職 | 中彰投區 | 本省閩南人 | 04 | 06 | 03"
"男性","50至59歲","高中、職","中彰投區","本省閩南人","04","08","06",1,1.265613404,1,0.000178571428571429,0.000227032170597488,"男性 | 50至59歲 | 高中、職 | 中彰投區 | 本省閩南人 | 04 | 08 | 06"
"男性","50至59歲","高中、職","中彰投區","本省閩南人","05","00","05",1,0.895073515,1,0.000178571428571429,0.000160562840368569,"男性 | 50至59歲 | 高中、職 | 中彰投區 | 本省閩南人 | 05 | 00 | 05"
"男性","50至59歲","高中、職","中彰投區","本省閩南人","05","04","03",1,1.09882692252742,1,0.000178571428571429,0.000197113163106448,"男性 | 50至59歲 | 高中、職 | 中彰投區 | 本省閩南人 | 05 | 04 | 03"
"男性","50至59歲","高中、職","中彰投區","本省閩南人","05","04","07",1,0.895073515,1,0.000178571428571429,0.000160562840368569,"男性 | 50至59歲 | 高中、職 | 中彰投區 | 本省閩南人 | 05 | 04 | 07"
"男性","50至59歲","高中、職","中彰投區","本省閩南人","05","05","05",1,1.00929216,1,0.000178571428571429,0.000181051961940052,"男性 | 50至59歲 | 高中、職 | 中彰投區 | 本省閩南人 | 05 | 05 | 05"
"男性","50至59歲","高中、職","中彰投區","本省閩南人","05","06","03",1,1.09882692252742,1,0.000178571428571429,0.000197113163106448,"男性 | 50至59歲 | 高中、職 | 中彰投區 | 本省閩南人 | 05 | 06 | 03"
"男性","50至59歲","高中、職","中彰投區","本省閩南人","05","06","05",1,0.895073515,1,0.000178571428571429,0.000160562840368569,"男性 | 50至59歲 | 高中、職 | 中彰投區 | 本省閩南人 | 05 | 06 | 05"
"男性","50至59歲","高中、職","中彰投區","本省閩南人","05","07","05",1,0.895073515,1,0.000178571428571429,0.000160562840368569,"男性 | 50至59歲 | 高中、職 | 中彰投區 | 本省閩南人 | 05 | 07 | 05"
"男性","50至59歲","高中、職","中彰投區","本省閩南人","05","08","04",1,0.985927466,1,0.000178571428571429,0.000176860684273901,"男性 | 50至59歲 | 高中、職 | 中彰投區 | 本省閩南人 | 05 | 08 | 04"
"男性","50至59歲","高中、職","中彰投區","本省閩南人","06","03","05",1,1.09882692252742,1,0.000178571428571429,0.000197113163106448,"男性 | 50至59歲 | 高中、職 | 中彰投區 | 本省閩南人 | 06 | 03 | 05"
"男性","50至59歲","高中、職","中彰投區","本省閩南人","06","03","06",1,0.895073515,1,0.000178571428571429,0.000160562840368569,"男性 | 50至59歲 | 高中、職 | 中彰投區 | 本省閩南人 | 06 | 03 | 06"
"男性","50至59歲","高中、職","中彰投區","本省閩南人","06","04","05",1,1.00929216,1,0.000178571428571429,0.000181051961940052,"男性 | 50至59歲 | 高中、職 | 中彰投區 | 本省閩南人 | 06 | 04 | 05"
"男性","50至59歲","高中、職","中彰投區","本省閩南人","06","07","05",1,0.985927466,1,0.000178571428571429,0.000176860684273901,"男性 | 50至59歲 | 高中、職 | 中彰投區 | 本省閩南人 | 06 | 07 | 05"
"男性","50至59歲","高中、職","中彰投區","本省閩南人","06","08","07",1,1.00929216,1,0.000178571428571429,0.000181051961940052,"男性 | 50至59歲 | 高中、職 | 中彰投區 | 本省閩南人 | 06 | 08 | 07"
"男性","50至59歲","高中、職","中彰投區","本省閩南人","07","02","03",1,1.00929216,1,0.000178571428571429,0.000181051961940052,"男性 | 50至59歲 | 高中、職 | 中彰投區 | 本省閩南人 | 07 | 02 | 03"
"男性","50至59歲","高中、職","中彰投區","本省閩南人","07","03","04",1,1.00929216,1,0.000178571428571429,0.000181051961940052,"男性 | 50至59歲 | 高中、職 | 中彰投區 | 本省閩南人 | 07 | 03 | 04"
"男性","50至59歲","高中、職","中彰投區","本省閩南人","07","05","03",1,1.00929216,1,0.000178571428571429,0.000181051961940052,"男性 | 50至59歲 | 高中、職 | 中彰投區 | 本省閩南人 | 07 | 05 | 03"
"男性","50至59歲","高中、職","中彰投區","本省閩南人","08","00","06",1,1.00929216,1,0.000178571428571429,0.000181051961940052,"男性 | 50至59歲 | 高中、職 | 中彰投區 | 本省閩南人 | 08 | 00 | 06"
"男性","50至59歲","高中、職","中彰投區","本省閩南人","08","04","05",1,0.895073515,1,0.000178571428571429,0.000160562840368569,"男性 | 50至59歲 | 高中、職 | 中彰投區 | 本省閩南人 | 08 | 04 | 05"
"男性","50至59歲","高中、職","北北基宜蘭區","大陸各省市","04","03","02",1,1.238400745,1,0.000178571428571429,0.000222150625395002,"男性 | 50至59歲 | 高中、職 | 北北基宜蘭區 | 大陸各省市 | 04 | 03 | 02"
"男性","50至59歲","高中、職","北北基宜蘭區","大陸各省市","05","02","05",1,1.180539515,1,0.000178571428571429,0.000211771183616949,"男性 | 50至59歲 | 高中、職 | 北北基宜蘭區 | 大陸各省市 | 05 | 02 | 05"
"男性","50至59歲","高中、職","北北基宜蘭區","大陸各省市","07","02","04",1,1.07312435463613,1,0.000178571428571429,0.00019250250572889,"男性 | 50至59歲 | 高中、職 | 北北基宜蘭區 | 大陸各省市 | 07 | 02 | 04"
"男性","50至59歲","高中、職","北北基宜蘭區","大陸各省市","07","03","05",1,1.07312435463613,1,0.000178571428571429,0.00019250250572889,"男性 | 50至59歲 | 高中、職 | 北北基宜蘭區 | 大陸各省市 | 07 | 03 | 05"
"男性","50至59歲","高中、職","北北基宜蘭區","大陸各省市","08","05","05",1,1.180539515,1,0.000178571428571429,0.000211771183616949,"男性 | 50至59歲 | 高中、職 | 北北基宜蘭區 | 大陸各省市 | 08 | 05 | 05"
"男性","50至59歲","高中、職","北北基宜蘭區","大陸各省市","08","08","03",1,1.180539515,1,0.000178571428571429,0.000211771183616949,"男性 | 50至59歲 | 高中、職 | 北北基宜蘭區 | 大陸各省市 | 08 | 08 | 03"
"男性","50至59歲","高中、職","北北基宜蘭區","大陸各省市","08","08","08",1,1.07312435463613,1,0.000178571428571429,0.00019250250572889,"男性 | 50至59歲 | 高中、職 | 北北基宜蘭區 | 大陸各省市 | 08 | 08 | 08"
"男性","50至59歲","高中、職","北北基宜蘭區","大陸各省市","10","00","07",1,1.07312435463613,1,0.000178571428571429,0.00019250250572889,"男性 | 50至59歲 | 高中、職 | 北北基宜蘭區 | 大陸各省市 | 10 | 00 | 07"
"男性","50至59歲","高中、職","北北基宜蘭區","本省客家人","00","05","00",1,1.07312435463613,1,0.000178571428571429,0.00019250250572889,"男性 | 50至59歲 | 高中、職 | 北北基宜蘭區 | 本省客家人 | 00 | 05 | 00"
"男性","50至59歲","高中、職","北北基宜蘭區","本省客家人","05","03","01",1,1.07312435463613,1,0.000178571428571429,0.00019250250572889,"男性 | 50至59歲 | 高中、職 | 北北基宜蘭區 | 本省客家人 | 05 | 03 | 01"
"男性","50至59歲","高中、職","北北基宜蘭區","本省客家人","05","05","05",1,1.07312435463613,1,0.000178571428571429,0.00019250250572889,"男性 | 50至59歲 | 高中、職 | 北北基宜蘭區 | 本省客家人 | 05 | 05 | 05"
"男性","50至59歲","高中、職","北北基宜蘭區","本省客家人","05","05","07",1,1.07312435463613,1,0.000178571428571429,0.00019250250572889,"男性 | 50至59歲 | 高中、職 | 北北基宜蘭區 | 本省客家人 | 05 | 05 | 07"
"男性","50至59歲","高中、職","北北基宜蘭區","本省客家人","05","07","03",1,1.238400745,1,0.000178571428571429,0.000222150625395002,"男性 | 50至59歲 | 高中、職 | 北北基宜蘭區 | 本省客家人 | 05 | 07 | 03"
"男性","50至59歲","高中、職","北北基宜蘭區","本省客家人","07","00","02",1,1.07312435463613,1,0.000178571428571429,0.00019250250572889,"男性 | 50至59歲 | 高中、職 | 北北基宜蘭區 | 本省客家人 | 07 | 00 | 02"
"男性","50至59歲","高中、職","北北基宜蘭區","本省客家人","07","04","05",1,1.07312435463613,1,0.000178571428571429,0.00019250250572889,"男性 | 50至59歲 | 高中、職 | 北北基宜蘭區 | 本省客家人 | 07 | 04 | 05"
"男性","50至59歲","高中、職","北北基宜蘭區","本省客家人","09","08","01",1,1.209732282,1,0.000178571428571429,0.000217007930665305,"男性 | 50至59歲 | 高中、職 | 北北基宜蘭區 | 本省客家人 | 09 | 08 | 01"
"男性","50至59歲","高中、職","北北基宜蘭區","本省閩南人","00","10","00",1,1.07312435463613,1,0.000178571428571429,0.00019250250572889,"男性 | 50至59歲 | 高中、職 | 北北基宜蘭區 | 本省閩南人 | 00 | 10 | 00"
"男性","50至59歲","高中、職","北北基宜蘭區","本省閩南人","02","10","02",1,1.180539515,1,0.000178571428571429,0.000211771183616949,"男性 | 50至59歲 | 高中、職 | 北北基宜蘭區 | 本省閩南人 | 02 | 10 | 02"
"男性","50至59歲","高中、職","北北基宜蘭區","本省閩南人","03","02","03",1,1.07312435463613,1,0.000178571428571429,0.00019250250572889,"男性 | 50至59歲 | 高中、職 | 北北基宜蘭區 | 本省閩南人 | 03 | 02 | 03"
"男性","50至59歲","高中、職","北北基宜蘭區","本省閩南人","03","03","03",1,1.07312435463613,1,0.000178571428571429,0.00019250250572889,"男性 | 50至59歲 | 高中、職 | 北北基宜蘭區 | 本省閩南人 | 03 | 03 | 03"
"男性","50至59歲","高中、職","北北基宜蘭區","本省閩南人","03","06","04",1,1.07312435463613,1,0.000178571428571429,0.00019250250572889,"男性 | 50至59歲 | 高中、職 | 北北基宜蘭區 | 本省閩南人 | 03 | 06 | 04"
"男性","50至59歲","高中、職","北北基宜蘭區","本省閩南人","03","08","00",1,1.07312435463613,1,0.000178571428571429,0.00019250250572889,"男性 | 50至59歲 | 高中、職 | 北北基宜蘭區 | 本省閩南人 | 03 | 08 | 00"
"男性","50至59歲","高中、職","北北基宜蘭區","本省閩南人","04","01","04",1,1.07312435463613,1,0.000178571428571429,0.00019250250572889,"男性 | 50至59歲 | 高中、職 | 北北基宜蘭區 | 本省閩南人 | 04 | 01 | 04"
"男性","50至59歲","高中、職","北北基宜蘭區","本省閩南人","04","04","03",1,1.07312435463613,1,0.000178571428571429,0.00019250250572889,"男性 | 50至59歲 | 高中、職 | 北北基宜蘭區 | 本省閩南人 | 04 | 04 | 03"
"男性","50至59歲","高中、職","北北基宜蘭區","本省閩南人","04","07","03",1,1.180539515,1,0.000178571428571429,0.000211771183616949,"男性 | 50至59歲 | 高中、職 | 北北基宜蘭區 | 本省閩南人 | 04 | 07 | 03"
"男性","50至59歲","高中、職","北北基宜蘭區","本省閩南人","04","09","01",1,1.238400745,1,0.000178571428571429,0.000222150625395002,"男性 | 50至59歲 | 高中、職 | 北北基宜蘭區 | 本省閩南人 | 04 | 09 | 01"
"男性","50至59歲","高中、職","北北基宜蘭區","本省閩南人","05","00","05",1,1.07312435463613,1,0.000178571428571429,0.00019250250572889,"男性 | 50至59歲 | 高中、職 | 北北基宜蘭區 | 本省閩南人 | 05 | 00 | 05"
"男性","50至59歲","高中、職","北北基宜蘭區","本省閩南人","05","03","06",1,1.180539515,1,0.000178571428571429,0.000211771183616949,"男性 | 50至59歲 | 高中、職 | 北北基宜蘭區 | 本省閩南人 | 05 | 03 | 06"
"男性","50至59歲","高中、職","北北基宜蘭區","本省閩南人","05","05","00",1,1.07312435463613,1,0.000178571428571429,0.00019250250572889,"男性 | 50至59歲 | 高中、職 | 北北基宜蘭區 | 本省閩南人 | 05 | 05 | 00"
"男性","50至59歲","高中、職","北北基宜蘭區","本省閩南人","05","05","01",1,1.07312435463613,1,0.000178571428571429,0.00019250250572889,"男性 | 50至59歲 | 高中、職 | 北北基宜蘭區 | 本省閩南人 | 05 | 05 | 01"
"男性","50至59歲","高中、職","北北基宜蘭區","本省閩南人","05","06","00",1,1.07312435463613,1,0.000178571428571429,0.00019250250572889,"男性 | 50至59歲 | 高中、職 | 北北基宜蘭區 | 本省閩南人 | 05 | 06 | 00"
"男性","50至59歲","高中、職","北北基宜蘭區","本省閩南人","05","06","05",1,1.238400745,1,0.000178571428571429,0.000222150625395002,"男性 | 50至59歲 | 高中、職 | 北北基宜蘭區 | 本省閩南人 | 05 | 06 | 05"
"男性","50至59歲","高中、職","北北基宜蘭區","本省閩南人","05","08","03",1,1.238400745,1,0.000178571428571429,0.000222150625395002,"男性 | 50至59歲 | 高中、職 | 北北基宜蘭區 | 本省閩南人 | 05 | 08 | 03"
"男性","50至59歲","高中、職","北北基宜蘭區","本省閩南人","05","10","00",1,1.238400745,1,0.000178571428571429,0.000222150625395002,"男性 | 50至59歲 | 高中、職 | 北北基宜蘭區 | 本省閩南人 | 05 | 10 | 00"
"男性","50至59歲","高中、職","北北基宜蘭區","本省閩南人","06","01","04",1,1.07312435463613,1,0.000178571428571429,0.00019250250572889,"男性 | 50至59歲 | 高中、職 | 北北基宜蘭區 | 本省閩南人 | 06 | 01 | 04"
"男性","50至59歲","高中、職","北北基宜蘭區","本省閩南人","06","02","01",1,1.180539515,1,0.000178571428571429,0.000211771183616949,"男性 | 50至59歲 | 高中、職 | 北北基宜蘭區 | 本省閩南人 | 06 | 02 | 01"
"男性","50至59歲","高中、職","北北基宜蘭區","本省閩南人","06","03","04",1,1.516957579,1,0.000178571428571429,0.000272119567299305,"男性 | 50至59歲 | 高中、職 | 北北基宜蘭區 | 本省閩南人 | 06 | 03 | 04"
"男性","50至59歲","高中、職","北北基宜蘭區","本省閩南人","06","04","04",1,1.07312435463613,1,0.000178571428571429,0.00019250250572889,"男性 | 50至59歲 | 高中、職 | 北北基宜蘭區 | 本省閩南人 | 06 | 04 | 04"
"男性","50至59歲","高中、職","北北基宜蘭區","本省閩南人","06","04","05",1,1.07312435463613,1,0.000178571428571429,0.00019250250572889,"男性 | 50至59歲 | 高中、職 | 北北基宜蘭區 | 本省閩南人 | 06 | 04 | 05"
"男性","50至59歲","高中、職","北北基宜蘭區","本省閩南人","06","05","06",1,1.238400745,1,0.000178571428571429,0.000222150625395002,"男性 | 50至59歲 | 高中、職 | 北北基宜蘭區 | 本省閩南人 | 06 | 05 | 06"
"男性","50至59歲","高中、職","北北基宜蘭區","本省閩南人","06","05","07",1,1.07312435463613,1,0.000178571428571429,0.00019250250572889,"男性 | 50至59歲 | 高中、職 | 北北基宜蘭區 | 本省閩南人 | 06 | 05 | 07"
"男性","50至59歲","高中、職","北北基宜蘭區","本省閩南人","07","01","04",1,1.238400745,1,0.000178571428571429,0.000222150625395002,"男性 | 50至59歲 | 高中、職 | 北北基宜蘭區 | 本省閩南人 | 07 | 01 | 04"
"男性","50至59歲","高中、職","北北基宜蘭區","本省閩南人","07","04","06",1,1.07312435463613,1,0.000178571428571429,0.00019250250572889,"男性 | 50至59歲 | 高中、職 | 北北基宜蘭區 | 本省閩南人 | 07 | 04 | 06"
"男性","50至59歲","高中、職","北北基宜蘭區","本省閩南人","07","05","01",1,1.07312435463613,1,0.000178571428571429,0.00019250250572889,"男性 | 50至59歲 | 高中、職 | 北北基宜蘭區 | 本省閩南人 | 07 | 05 | 01"
"男性","50至59歲","高中、職","北北基宜蘭區","本省閩南人","08","01","00",1,1.209732282,1,0.000178571428571429,0.000217007930665305,"男性 | 50至59歲 | 高中、職 | 北北基宜蘭區 | 本省閩南人 | 08 | 01 | 00"
"男性","50至59歲","高中、職","北北基宜蘭區","本省閩南人","08","02","06",1,1.07312435463613,1,0.000178571428571429,0.00019250250572889,"男性 | 50至59歲 | 高中、職 | 北北基宜蘭區 | 本省閩南人 | 08 | 02 | 06"
"男性","50至59歲","高中、職","北北基宜蘭區","本省閩南人","08","07","06",1,1.238400745,1,0.000178571428571429,0.000222150625395002,"男性 | 50至59歲 | 高中、職 | 北北基宜蘭區 | 本省閩南人 | 08 | 07 | 06"
"男性","50至59歲","高中、職","桃竹苗區","原住民","08","01","01",1,1.015336117,1,0.000178571428571429,0.000182136157692381,"男性 | 50至59歲 | 高中、職 | 桃竹苗區 | 原住民 | 08 | 01 | 01"
"男性","50至59歲","高中、職","桃竹苗區","大陸各省市","01","05","00",1,1.12199317,1,0.000178571428571429,0.00020126884242501,"男性 | 50至59歲 | 高中、職 | 桃竹苗區 | 大陸各省市 | 01 | 05 | 00"
"男性","50至59歲","高中、職","桃竹苗區","大陸各省市","05","00","03",1,1.01029648761909,1,0.000178571428571429,0.000181232123337389,"男性 | 50至59歲 | 高中、職 | 桃竹苗區 | 大陸各省市 | 05 | 00 | 03"
"男性","50至59歲","高中、職","桃竹苗區","大陸各省市","05","03","04",1,1.01029648761909,1,0.000178571428571429,0.000181232123337389,"男性 | 50至59歲 | 高中、職 | 桃竹苗區 | 大陸各省市 | 05 | 03 | 04"
"男性","50至59歲","高中、職","桃竹苗區","大陸各省市","07","00","07",1,1.01029648761909,1,0.000178571428571429,0.000181232123337389,"男性 | 50至59歲 | 高中、職 | 桃竹苗區 | 大陸各省市 | 07 | 00 | 07"
"男性","50至59歲","高中、職","桃竹苗區","大陸各省市","07","06","06",1,1.015336117,1,0.000178571428571429,0.000182136157692381,"男性 | 50至59歲 | 高中、職 | 桃竹苗區 | 大陸各省市 | 07 | 06 | 06"
"男性","50至59歲","高中、職","桃竹苗區","本省客家人","00","00","05",1,1.12199317,1,0.000178571428571429,0.00020126884242501,"男性 | 50至59歲 | 高中、職 | 桃竹苗區 | 本省客家人 | 00 | 00 | 05"
"男性","50至59歲","高中、職","桃竹苗區","本省客家人","00","07","00",1,1.01029648761909,1,0.000178571428571429,0.000181232123337389,"男性 | 50至59歲 | 高中、職 | 桃竹苗區 | 本省客家人 | 00 | 07 | 00"
"男性","50至59歲","高中、職","桃竹苗區","本省客家人","02","07","00",1,1.015336117,1,0.000178571428571429,0.000182136157692381,"男性 | 50至59歲 | 高中、職 | 桃竹苗區 | 本省客家人 | 02 | 07 | 00"
"男性","50至59歲","高中、職","桃竹苗區","本省客家人","03","07","01",1,1.01029648761909,1,0.000178571428571429,0.000181232123337389,"男性 | 50至59歲 | 高中、職 | 桃竹苗區 | 本省客家人 | 03 | 07 | 01"
"男性","50至59歲","高中、職","桃竹苗區","本省客家人","04","05","04",1,1.01029648761909,1,0.000178571428571429,0.000181232123337389,"男性 | 50至59歲 | 高中、職 | 桃竹苗區 | 本省客家人 | 04 | 05 | 04"
"男性","50至59歲","高中、職","桃竹苗區","本省客家人","05","05","04",1,1.01029648761909,1,0.000178571428571429,0.000181232123337389,"男性 | 50至59歲 | 高中、職 | 桃竹苗區 | 本省客家人 | 05 | 05 | 04"
"男性","50至59歲","高中、職","桃竹苗區","本省客家人","05","05","08",1,1.01029648761909,1,0.000178571428571429,0.000181232123337389,"男性 | 50至59歲 | 高中、職 | 桃竹苗區 | 本省客家人 | 05 | 05 | 08"
"男性","50至59歲","高中、職","桃竹苗區","本省客家人","05","08","06",1,1.12199317,1,0.000178571428571429,0.00020126884242501,"男性 | 50至59歲 | 高中、職 | 桃竹苗區 | 本省客家人 | 05 | 08 | 06"
"男性","50至59歲","高中、職","桃竹苗區","本省客家人","06","01","04",1,1.01029648761909,1,0.000178571428571429,0.000181232123337389,"男性 | 50至59歲 | 高中、職 | 桃竹苗區 | 本省客家人 | 06 | 01 | 04"
"男性","50至59歲","高中、職","桃竹苗區","本省客家人","06","07","00",1,1.015336117,1,0.000178571428571429,0.000182136157692381,"男性 | 50至59歲 | 高中、職 | 桃竹苗區 | 本省客家人 | 06 | 07 | 00"
"男性","50至59歲","高中、職","桃竹苗區","本省客家人","06","07","05",1,1.096019494,1,0.000178571428571429,0.000196609552295782,"男性 | 50至59歲 | 高中、職 | 桃竹苗區 | 本省客家人 | 06 | 07 | 05"
"男性","50至59歲","高中、職","桃竹苗區","本省客家人","07","00","05",1,1.015336117,1,0.000178571428571429,0.000182136157692381,"男性 | 50至59歲 | 高中、職 | 桃竹苗區 | 本省客家人 | 07 | 00 | 05"
"男性","50至59歲","高中、職","桃竹苗區","本省客家人","07","04","06",1,1.12199317,1,0.000178571428571429,0.00020126884242501,"男性 | 50至59歲 | 高中、職 | 桃竹苗區 | 本省客家人 | 07 | 04 | 06"
"男性","50至59歲","高中、職","桃竹苗區","本省客家人","08","01","06",1,1.01029648761909,1,0.000178571428571429,0.000181232123337389,"男性 | 50至59歲 | 高中、職 | 桃竹苗區 | 本省客家人 | 08 | 01 | 06"
"男性","50至59歲","高中、職","桃竹苗區","本省客家人","08","03","02",1,1.01029648761909,1,0.000178571428571429,0.000181232123337389,"男性 | 50至59歲 | 高中、職 | 桃竹苗區 | 本省客家人 | 08 | 03 | 02"
"男性","50至59歲","高中、職","桃竹苗區","本省客家人","08","04","03",1,1.015336117,1,0.000178571428571429,0.000182136157692381,"男性 | 50至59歲 | 高中、職 | 桃竹苗區 | 本省客家人 | 08 | 04 | 03"
"男性","50至59歲","高中、職","桃竹苗區","本省客家人","10","10","10",1,1.12199317,1,0.000178571428571429,0.00020126884242501,"男性 | 50至59歲 | 高中、職 | 桃竹苗區 | 本省客家人 | 10 | 10 | 10"
"男性","50至59歲","高中、職","桃竹苗區","本省閩南人","00","07","03",1,1.01029648761909,1,0.000178571428571429,0.000181232123337389,"男性 | 50至59歲 | 高中、職 | 桃竹苗區 | 本省閩南人 | 00 | 07 | 03"
"男性","50至59歲","高中、職","桃竹苗區","本省閩南人","04","10","00",1,1.01029648761909,1,0.000178571428571429,0.000181232123337389,"男性 | 50至59歲 | 高中、職 | 桃竹苗區 | 本省閩南人 | 04 | 10 | 00"
"男性","50至59歲","高中、職","桃竹苗區","本省閩南人","05","00","05",1,1.01029648761909,1,0.000178571428571429,0.000181232123337389,"男性 | 50至59歲 | 高中、職 | 桃竹苗區 | 本省閩南人 | 05 | 00 | 05"
"男性","50至59歲","高中、職","桃竹苗區","本省閩南人","05","01","04",1,1.01029648761909,1,0.000178571428571429,0.000181232123337389,"男性 | 50至59歲 | 高中、職 | 桃竹苗區 | 本省閩南人 | 05 | 01 | 04"
"男性","50至59歲","高中、職","桃竹苗區","本省閩南人","05","02","03",1,1.01029648761909,1,0.000178571428571429,0.000181232123337389,"男性 | 50至59歲 | 高中、職 | 桃竹苗區 | 本省閩南人 | 05 | 02 | 03"
"男性","50至59歲","高中、職","桃竹苗區","本省閩南人","05","04","06",1,1.12199317,1,0.000178571428571429,0.00020126884242501,"男性 | 50至59歲 | 高中、職 | 桃竹苗區 | 本省閩南人 | 05 | 04 | 06"
"男性","50至59歲","高中、職","桃竹苗區","本省閩南人","05","05","04",1,1.01029648761909,1,0.000178571428571429,0.000181232123337389,"男性 | 50至59歲 | 高中、職 | 桃竹苗區 | 本省閩南人 | 05 | 05 | 04"
"男性","50至59歲","高中、職","桃竹苗區","本省閩南人","06","00","09",1,1.01029648761909,1,0.000178571428571429,0.000181232123337389,"男性 | 50至59歲 | 高中、職 | 桃竹苗區 | 本省閩南人 | 06 | 00 | 09"
"男性","50至59歲","高中、職","桃竹苗區","本省閩南人","08","02","05",1,1.01029648761909,1,0.000178571428571429,0.000181232123337389,"男性 | 50至59歲 | 高中、職 | 桃竹苗區 | 本省閩南人 | 08 | 02 | 05"
"男性","50至59歲","高中、職","桃竹苗區","本省閩南人","10","01","05",1,1.01029648761909,1,0.000178571428571429,0.000181232123337389,"男性 | 50至59歲 | 高中、職 | 桃竹苗區 | 本省閩南人 | 10 | 01 | 05"
"男性","50至59歲","高中、職","花東區","大陸各省市","08","00","05",1,0.79743805,1,0.000178571428571429,0.000143048493984288,"男性 | 50至59歲 | 高中、職 | 花東區 | 大陸各省市 | 08 | 00 | 05"
"男性","50至59歲","高中、職","花東區","大陸各省市","10","07","07",1,0.849866237,1,0.000178571428571429,0.000152453328871057,"男性 | 50至59歲 | 高中、職 | 花東區 | 大陸各省市 | 10 | 07 | 07"
"男性","50至59歲","高中、職","花東區","本省客家人","06","04","04",1,0.79743805,1,0.000178571428571429,0.000143048493984288,"男性 | 50至59歲 | 高中、職 | 花東區 | 本省客家人 | 06 | 04 | 04"
"男性","50至59歲","高中、職","花東區","本省閩南人","00","08","00",1,0.849866237,1,0.000178571428571429,0.000152453328871057,"男性 | 50至59歲 | 高中、職 | 花東區 | 本省閩南人 | 00 | 08 | 00"
"男性","50至59歲","高中、職","花東區","本省閩南人","07","03","02",1,0.79743805,1,0.000178571428571429,0.000143048493984288,"男性 | 50至59歲 | 高中、職 | 花東區 | 本省閩南人 | 07 | 03 | 02"
"男性","50至59歲","高中、職","雲嘉南區","大陸各省市","05","05","05",1,0.94675830503654,1,0.000178571428571429,0.000169834320926365,"男性 | 50至59歲 | 高中、職 | 雲嘉南區 | 大陸各省市 | 05 | 05 | 05"
"男性","50至59歲","高中、職","雲嘉南區","大陸各省市","09","09","02",1,0.979833732,1,0.000178571428571429,0.000175767559270096,"男性 | 50至59歲 | 高中、職 | 雲嘉南區 | 大陸各省市 | 09 | 09 | 02"
"男性","50至59歲","高中、職","雲嘉南區","本省客家人","00","10","00",1,0.979833732,1,0.000178571428571429,0.000175767559270096,"男性 | 50至59歲 | 高中、職 | 雲嘉南區 | 本省客家人 | 00 | 10 | 00"
"男性","50至59歲","高中、職","雲嘉南區","本省閩南人","00","10","02",1,0.979833732,1,0.000178571428571429,0.000175767559270096,"男性 | 50至59歲 | 高中、職 | 雲嘉南區 | 本省閩南人 | 00 | 10 | 02"
"男性","50至59歲","高中、職","雲嘉南區","本省閩南人","01","06","00",1,0.94675830503654,1,0.000178571428571429,0.000169834320926365,"男性 | 50至59歲 | 高中、職 | 雲嘉南區 | 本省閩南人 | 01 | 06 | 00"
"男性","50至59歲","高中、職","雲嘉南區","本省閩南人","01","08","00",1,1.003054016,1,0.000178571428571429,0.000179932931935831,"男性 | 50至59歲 | 高中、職 | 雲嘉南區 | 本省閩南人 | 01 | 08 | 00"
"男性","50至59歲","高中、職","雲嘉南區","本省閩南人","01","08","01",1,1.003054016,1,0.000178571428571429,0.000179932931935831,"男性 | 50至59歲 | 高中、職 | 雲嘉南區 | 本省閩南人 | 01 | 08 | 01"
"男性","50至59歲","高中、職","雲嘉南區","本省閩南人","01","10","05",1,0.979833732,1,0.000178571428571429,0.000175767559270096,"男性 | 50至59歲 | 高中、職 | 雲嘉南區 | 本省閩南人 | 01 | 10 | 05"
"男性","50至59歲","高中、職","雲嘉南區","本省閩南人","03","05","02",1,0.94675830503654,1,0.000178571428571429,0.000169834320926365,"男性 | 50至59歲 | 高中、職 | 雲嘉南區 | 本省閩南人 | 03 | 05 | 02"
"男性","50至59歲","高中、職","雲嘉南區","本省閩南人","03","08","04",1,0.979833732,1,0.000178571428571429,0.000175767559270096,"男性 | 50至59歲 | 高中、職 | 雲嘉南區 | 本省閩南人 | 03 | 08 | 04"
"男性","50至59歲","高中、職","雲嘉南區","本省閩南人","04","04","06",1,0.877892302,1,0.000178571428571429,0.000157480786979628,"男性 | 50至59歲 | 高中、職 | 雲嘉南區 | 本省閩南人 | 04 | 04 | 06"
"男性","50至59歲","高中、職","雲嘉南區","本省閩南人","04","05","06",1,0.881007928,1,0.000178571428571429,0.000158039683820728,"男性 | 50至59歲 | 高中、職 | 雲嘉南區 | 本省閩南人 | 04 | 05 | 06"
"男性","50至59歲","高中、職","雲嘉南區","本省閩南人","04","08","04",1,0.877892302,1,0.000178571428571429,0.000157480786979628,"男性 | 50至59歲 | 高中、職 | 雲嘉南區 | 本省閩南人 | 04 | 08 | 04"
"男性","50至59歲","高中、職","雲嘉南區","本省閩南人","05","06","04",1,0.877892302,1,0.000178571428571429,0.000157480786979628,"男性 | 50至59歲 | 高中、職 | 雲嘉南區 | 本省閩南人 | 05 | 06 | 04"
"男性","50至59歲","高中、職","雲嘉南區","本省閩南人","05","07","05",1,0.94675830503654,1,0.000178571428571429,0.000169834320926365,"男性 | 50至59歲 | 高中、職 | 雲嘉南區 | 本省閩南人 | 05 | 07 | 05"
"男性","50至59歲","高中、職","雲嘉南區","本省閩南人","05","08","05",1,0.94675830503654,1,0.000178571428571429,0.000169834320926365,"男性 | 50至59歲 | 高中、職 | 雲嘉南區 | 本省閩南人 | 05 | 08 | 05"
"男性","50至59歲","高中、職","雲嘉南區","本省閩南人","06","03","05",1,1.003054016,1,0.000178571428571429,0.000179932931935831,"男性 | 50至59歲 | 高中、職 | 雲嘉南區 | 本省閩南人 | 06 | 03 | 05"
"男性","50至59歲","高中、職","雲嘉南區","本省閩南人","06","04","05",1,0.979833732,1,0.000178571428571429,0.000175767559270096,"男性 | 50至59歲 | 高中、職 | 雲嘉南區 | 本省閩南人 | 06 | 04 | 05"
"男性","50至59歲","高中、職","雲嘉南區","本省閩南人","06","05","05",1,1.003054016,1,0.000178571428571429,0.000179932931935831,"男性 | 50至59歲 | 高中、職 | 雲嘉南區 | 本省閩南人 | 06 | 05 | 05"
"男性","50至59歲","高中、職","雲嘉南區","本省閩南人","07","10","05",1,1.003054016,1,0.000178571428571429,0.000179932931935831,"男性 | 50至59歲 | 高中、職 | 雲嘉南區 | 本省閩南人 | 07 | 10 | 05"
"男性","50至59歲","高中、職","雲嘉南區","本省閩南人","08","03","06",1,0.94675830503654,1,0.000178571428571429,0.000169834320926365,"男性 | 50至59歲 | 高中、職 | 雲嘉南區 | 本省閩南人 | 08 | 03 | 06"
"男性","50至59歲","高中、職","高屏區","原住民","06","05","05",1,1.039059715,1,0.000178571428571429,0.0001863918173838,"男性 | 50至59歲 | 高中、職 | 高屏區 | 原住民 | 06 | 05 | 05"
"男性","50至59歲","高中、職","高屏區","大陸各省市","03","08","03",1,1.039059715,1,0.000178571428571429,0.0001863918173838,"男性 | 50至59歲 | 高中、職 | 高屏區 | 大陸各省市 | 03 | 08 | 03"
"男性","50至59歲","高中、職","高屏區","大陸各省市","07","00","05",1,1.35600757734351,1,0.000178571428571429,0.000243247537247906,"男性 | 50至59歲 | 高中、職 | 高屏區 | 大陸各省市 | 07 | 00 | 05"
"男性","50至59歲","高中、職","高屏區","大陸各省市","08","00","03",1,0.98309304,1,0.000178571428571429,0.000176352230519268,"男性 | 50至59歲 | 高中、職 | 高屏區 | 大陸各省市 | 08 | 00 | 03"
"男性","50至59歲","高中、職","高屏區","大陸各省市","08","00","05",1,1.015005914,1,0.000178571428571429,0.000182076924198495,"男性 | 50至59歲 | 高中、職 | 高屏區 | 大陸各省市 | 08 | 00 | 05"
"男性","50至59歲","高中、職","高屏區","本省客家人","05","05","05",1,1.35600757734351,1,0.000178571428571429,0.000243247537247906,"男性 | 50至59歲 | 高中、職 | 高屏區 | 本省客家人 | 05 | 05 | 05"
"男性","50至59歲","高中、職","高屏區","本省客家人","05","08","05",1,1.039059715,1,0.000178571428571429,0.0001863918173838,"男性 | 50至59歲 | 高中、職 | 高屏區 | 本省客家人 | 05 | 08 | 05"
"男性","50至59歲","高中、職","高屏區","本省閩南人","03","01","03",1,0.98309304,1,0.000178571428571429,0.000176352230519268,"男性 | 50至59歲 | 高中、職 | 高屏區 | 本省閩南人 | 03 | 01 | 03"
"男性","50至59歲","高中、職","高屏區","本省閩南人","03","03","02",1,1.35600757734351,1,0.000178571428571429,0.000243247537247906,"男性 | 50至59歲 | 高中、職 | 高屏區 | 本省閩南人 | 03 | 03 | 02"
"男性","50至59歲","高中、職","高屏區","本省閩南人","03","04","03",1,1.35600757734351,1,0.000178571428571429,0.000243247537247906,"男性 | 50至59歲 | 高中、職 | 高屏區 | 本省閩南人 | 03 | 04 | 03"
"男性","50至59歲","高中、職","高屏區","本省閩南人","03","06","02",1,0.98309304,1,0.000178571428571429,0.000176352230519268,"男性 | 50至59歲 | 高中、職 | 高屏區 | 本省閩南人 | 03 | 06 | 02"
"男性","50至59歲","高中、職","高屏區","本省閩南人","03","08","02",1,0.98309304,1,0.000178571428571429,0.000176352230519268,"男性 | 50至59歲 | 高中、職 | 高屏區 | 本省閩南人 | 03 | 08 | 02"
"男性","50至59歲","高中、職","高屏區","本省閩南人","03","09","00",1,0.98309304,1,0.000178571428571429,0.000176352230519268,"男性 | 50至59歲 | 高中、職 | 高屏區 | 本省閩南人 | 03 | 09 | 00"
"男性","50至59歲","高中、職","高屏區","本省閩南人","03","10","06",1,1.039059715,1,0.000178571428571429,0.0001863918173838,"男性 | 50至59歲 | 高中、職 | 高屏區 | 本省閩南人 | 03 | 10 | 06"
"男性","50至59歲","高中、職","高屏區","本省閩南人","04","05","05",1,1.039059715,1,0.000178571428571429,0.0001863918173838,"男性 | 50至59歲 | 高中、職 | 高屏區 | 本省閩南人 | 04 | 05 | 05"
"男性","50至59歲","高中、職","高屏區","本省閩南人","04","06","08",1,1.039059715,1,0.000178571428571429,0.0001863918173838,"男性 | 50至59歲 | 高中、職 | 高屏區 | 本省閩南人 | 04 | 06 | 08"
"男性","50至59歲","高中、職","高屏區","本省閩南人","04","07","02",1,1.039059715,1,0.000178571428571429,0.0001863918173838,"男性 | 50至59歲 | 高中、職 | 高屏區 | 本省閩南人 | 04 | 07 | 02"
"男性","50至59歲","高中、職","高屏區","本省閩南人","05","00","05",1,1.35600757734351,1,0.000178571428571429,0.000243247537247906,"男性 | 50至59歲 | 高中、職 | 高屏區 | 本省閩南人 | 05 | 00 | 05"
"男性","50至59歲","高中、職","高屏區","本省閩南人","05","01","05",1,1.015005914,1,0.000178571428571429,0.000182076924198495,"男性 | 50至59歲 | 高中、職 | 高屏區 | 本省閩南人 | 05 | 01 | 05"
"男性","50至59歲","高中、職","高屏區","本省閩南人","05","03","08",1,1.015005914,1,0.000178571428571429,0.000182076924198495,"男性 | 50至59歲 | 高中、職 | 高屏區 | 本省閩南人 | 05 | 03 | 08"
"男性","50至59歲","高中、職","高屏區","本省閩南人","05","06","05",1,1.039059715,1,0.000178571428571429,0.0001863918173838,"男性 | 50至59歲 | 高中、職 | 高屏區 | 本省閩南人 | 05 | 06 | 05"
"男性","50至59歲","高中、職","高屏區","本省閩南人","05","10","05",1,1.015005914,1,0.000178571428571429,0.000182076924198495,"男性 | 50至59歲 | 高中、職 | 高屏區 | 本省閩南人 | 05 | 10 | 05"
"男性","50至59歲","高中、職","高屏區","本省閩南人","06","02","04",1,1.039059715,1,0.000178571428571429,0.0001863918173838,"男性 | 50至59歲 | 高中、職 | 高屏區 | 本省閩南人 | 06 | 02 | 04"
"男性","50至59歲","高中、職","高屏區","本省閩南人","08","09","06",1,1.039059715,1,0.000178571428571429,0.0001863918173838,"男性 | 50至59歲 | 高中、職 | 高屏區 | 本省閩南人 | 08 | 09 | 06"
"男性","50至59歲","高中、職","高屏區","本省閩南人","10","05","05",1,1.015005914,1,0.000178571428571429,0.000182076924198495,"男性 | 50至59歲 | 高中、職 | 高屏區 | 本省閩南人 | 10 | 05 | 05"
"男性","50至59歲","高中、職","高屏區","本省閩南人","10","10","10",1,1.039059715,1,0.000178571428571429,0.0001863918173838,"男性 | 50至59歲 | 高中、職 | 高屏區 | 本省閩南人 | 10 | 10 | 10"
"男性","60歲及以上","國、初中","中彰投區","大陸各省市","06","05","04",1,1.265613404,1,0.000178571428571429,0.000227032170597488,"男性 | 60歲及以上 | 國、初中 | 中彰投區 | 大陸各省市 | 06 | 05 | 04"
"男性","60歲及以上","國、初中","中彰投區","本省客家人","00","10","00",1,0.922448620945155,1,0.000178571428571429,0.000165473526130447,"男性 | 60歲及以上 | 國、初中 | 中彰投區 | 本省客家人 | 00 | 10 | 00"
"男性","60歲及以上","國、初中","中彰投區","本省客家人","02","09","00",1,0.914561264,1,0.000178571428571429,0.000164058651918562,"男性 | 60歲及以上 | 國、初中 | 中彰投區 | 本省客家人 | 02 | 09 | 00"
"男性","60歲及以上","國、初中","中彰投區","本省閩南人","00","08","03",1,0.908913496,1,0.000178571428571429,0.00016304552656447,"男性 | 60歲及以上 | 國、初中 | 中彰投區 | 本省閩南人 | 00 | 08 | 03"
"男性","60歲及以上","國、初中","中彰投區","本省閩南人","00","10","00",1,0.922448620945155,1,0.000178571428571429,0.000165473526130447,"男性 | 60歲及以上 | 國、初中 | 中彰投區 | 本省閩南人 | 00 | 10 | 00"
"男性","60歲及以上","國、初中","中彰投區","本省閩南人","00","10","01",1,0.922448620945155,1,0.000178571428571429,0.000165473526130447,"男性 | 60歲及以上 | 國、初中 | 中彰投區 | 本省閩南人 | 00 | 10 | 01"
"男性","60歲及以上","國、初中","中彰投區","本省閩南人","00","10","05",1,0.908913496,1,0.000178571428571429,0.00016304552656447,"男性 | 60歲及以上 | 國、初中 | 中彰投區 | 本省閩南人 | 00 | 10 | 05"
"男性","60歲及以上","國、初中","中彰投區","本省閩南人","03","05","01",1,0.922448620945155,1,0.000178571428571429,0.000165473526130447,"男性 | 60歲及以上 | 國、初中 | 中彰投區 | 本省閩南人 | 03 | 05 | 01"
"男性","60歲及以上","國、初中","中彰投區","本省閩南人","03","08","02",1,1.265613404,1,0.000178571428571429,0.000227032170597488,"男性 | 60歲及以上 | 國、初中 | 中彰投區 | 本省閩南人 | 03 | 08 | 02"
"男性","60歲及以上","國、初中","中彰投區","本省閩南人","03","09","00",1,0.914561264,1,0.000178571428571429,0.000164058651918562,"男性 | 60歲及以上 | 國、初中 | 中彰投區 | 本省閩南人 | 03 | 09 | 00"
"男性","60歲及以上","國、初中","中彰投區","本省閩南人","04","05","01",1,1.265613404,1,0.000178571428571429,0.000227032170597488,"男性 | 60歲及以上 | 國、初中 | 中彰投區 | 本省閩南人 | 04 | 05 | 01"
"男性","60歲及以上","國、初中","中彰投區","本省閩南人","04","06","01",1,0.922448620945155,1,0.000178571428571429,0.000165473526130447,"男性 | 60歲及以上 | 國、初中 | 中彰投區 | 本省閩南人 | 04 | 06 | 01"
"男性","60歲及以上","國、初中","中彰投區","本省閩南人","04","09","00",1,0.922448620945155,1,0.000178571428571429,0.000165473526130447,"男性 | 60歲及以上 | 國、初中 | 中彰投區 | 本省閩南人 | 04 | 09 | 00"
"男性","60歲及以上","國、初中","中彰投區","本省閩南人","04","09","03",1,0.914561264,1,0.000178571428571429,0.000164058651918562,"男性 | 60歲及以上 | 國、初中 | 中彰投區 | 本省閩南人 | 04 | 09 | 03"
"男性","60歲及以上","國、初中","中彰投區","本省閩南人","05","02","02",1,0.922448620945155,1,0.000178571428571429,0.000165473526130447,"男性 | 60歲及以上 | 國、初中 | 中彰投區 | 本省閩南人 | 05 | 02 | 02"
"男性","60歲及以上","國、初中","中彰投區","本省閩南人","05","04","04",1,0.922448620945155,1,0.000178571428571429,0.000165473526130447,"男性 | 60歲及以上 | 國、初中 | 中彰投區 | 本省閩南人 | 05 | 04 | 04"
"男性","60歲及以上","國、初中","中彰投區","本省閩南人","05","05","00",1,0.914561264,1,0.000178571428571429,0.000164058651918562,"男性 | 60歲及以上 | 國、初中 | 中彰投區 | 本省閩南人 | 05 | 05 | 00"
"男性","60歲及以上","國、初中","中彰投區","本省閩南人","05","05","02",1,0.922448620945155,1,0.000178571428571429,0.000165473526130447,"男性 | 60歲及以上 | 國、初中 | 中彰投區 | 本省閩南人 | 05 | 05 | 02"
"男性","60歲及以上","國、初中","中彰投區","本省閩南人","05","05","03",1,1.265613404,1,0.000178571428571429,0.000227032170597488,"男性 | 60歲及以上 | 國、初中 | 中彰投區 | 本省閩南人 | 05 | 05 | 03"
"男性","60歲及以上","國、初中","中彰投區","本省閩南人","05","10","03",1,0.914561264,1,0.000178571428571429,0.000164058651918562,"男性 | 60歲及以上 | 國、初中 | 中彰投區 | 本省閩南人 | 05 | 10 | 03"
"男性","60歲及以上","國、初中","中彰投區","本省閩南人","06","03","02",1,0.908913496,1,0.000178571428571429,0.00016304552656447,"男性 | 60歲及以上 | 國、初中 | 中彰投區 | 本省閩南人 | 06 | 03 | 02"
"男性","60歲及以上","國、初中","中彰投區","本省閩南人","07","04","05",1,0.922448620945155,1,0.000178571428571429,0.000165473526130447,"男性 | 60歲及以上 | 國、初中 | 中彰投區 | 本省閩南人 | 07 | 04 | 05"
"男性","60歲及以上","國、初中","中彰投區","本省閩南人","08","00","06",1,0.922448620945155,1,0.000178571428571429,0.000165473526130447,"男性 | 60歲及以上 | 國、初中 | 中彰投區 | 本省閩南人 | 08 | 00 | 06"
"男性","60歲及以上","國、初中","中彰投區","本省閩南人","08","05","04",1,0.914561264,1,0.000178571428571429,0.000164058651918562,"男性 | 60歲及以上 | 國、初中 | 中彰投區 | 本省閩南人 | 08 | 05 | 04"
"男性","60歲及以上","國、初中","中彰投區","本省閩南人","10","09","09",1,0.914561264,1,0.000178571428571429,0.000164058651918562,"男性 | 60歲及以上 | 國、初中 | 中彰投區 | 本省閩南人 | 10 | 09 | 09"
"男性","60歲及以上","國、初中","北北基宜蘭區","本省客家人","00","10","00",1,0.900871703033883,1,0.000178571428571429,0.000161602948833527,"男性 | 60歲及以上 | 國、初中 | 北北基宜蘭區 | 本省客家人 | 00 | 10 | 00"
"男性","60歲及以上","國、初中","北北基宜蘭區","本省客家人","02","10","01",1,1.122166004,1,0.000178571428571429,0.000201299846267139,"男性 | 60歲及以上 | 國、初中 | 北北基宜蘭區 | 本省客家人 | 02 | 10 | 01"
"男性","60歲及以上","國、初中","北北基宜蘭區","本省閩南人","00","06","00",1,1.122166004,1,0.000178571428571429,0.000201299846267139,"男性 | 60歲及以上 | 國、初中 | 北北基宜蘭區 | 本省閩南人 | 00 | 06 | 00"
"男性","60歲及以上","國、初中","北北基宜蘭區","本省閩南人","00","09","01",1,0.900871703033883,1,0.000178571428571429,0.000161602948833527,"男性 | 60歲及以上 | 國、初中 | 北北基宜蘭區 | 本省閩南人 | 00 | 09 | 01"
"男性","60歲及以上","國、初中","北北基宜蘭區","本省閩南人","00","10","05",1,1.048823602,1,0.000178571428571429,0.00018814331310285,"男性 | 60歲及以上 | 國、初中 | 北北基宜蘭區 | 本省閩南人 | 00 | 10 | 05"
"男性","60歲及以上","國、初中","北北基宜蘭區","本省閩南人","01","06","01",1,1.122166004,1,0.000178571428571429,0.000201299846267139,"男性 | 60歲及以上 | 國、初中 | 北北基宜蘭區 | 本省閩南人 | 01 | 06 | 01"
"男性","60歲及以上","國、初中","北北基宜蘭區","本省閩南人","01","08","01",1,1.122166004,1,0.000178571428571429,0.000201299846267139,"男性 | 60歲及以上 | 國、初中 | 北北基宜蘭區 | 本省閩南人 | 01 | 08 | 01"
"男性","60歲及以上","國、初中","北北基宜蘭區","本省閩南人","01","09","01",1,0.900871703033883,1,0.000178571428571429,0.000161602948833527,"男性 | 60歲及以上 | 國、初中 | 北北基宜蘭區 | 本省閩南人 | 01 | 09 | 01"
"男性","60歲及以上","國、初中","北北基宜蘭區","本省閩南人","01","09","02",1,1.122166004,1,0.000178571428571429,0.000201299846267139,"男性 | 60歲及以上 | 國、初中 | 北北基宜蘭區 | 本省閩南人 | 01 | 09 | 02"
"男性","60歲及以上","國、初中","北北基宜蘭區","本省閩南人","02","07","01",1,0.900871703033883,1,0.000178571428571429,0.000161602948833527,"男性 | 60歲及以上 | 國、初中 | 北北基宜蘭區 | 本省閩南人 | 02 | 07 | 01"
"男性","60歲及以上","國、初中","北北基宜蘭區","本省閩南人","03","06","02",1,1.122166004,1,0.000178571428571429,0.000201299846267139,"男性 | 60歲及以上 | 國、初中 | 北北基宜蘭區 | 本省閩南人 | 03 | 06 | 02"
"男性","60歲及以上","國、初中","北北基宜蘭區","本省閩南人","03","07","03",1,0.900871703033883,1,0.000178571428571429,0.000161602948833527,"男性 | 60歲及以上 | 國、初中 | 北北基宜蘭區 | 本省閩南人 | 03 | 07 | 03"
"男性","60歲及以上","國、初中","北北基宜蘭區","本省閩南人","03","08","02",1,1.048823602,1,0.000178571428571429,0.00018814331310285,"男性 | 60歲及以上 | 國、初中 | 北北基宜蘭區 | 本省閩南人 | 03 | 08 | 02"
"男性","60歲及以上","國、初中","北北基宜蘭區","本省閩南人","03","08","03",1,1.198793484,1,0.000178571428571429,0.000215045673434291,"男性 | 60歲及以上 | 國、初中 | 北北基宜蘭區 | 本省閩南人 | 03 | 08 | 03"
"男性","60歲及以上","國、初中","北北基宜蘭區","本省閩南人","04","01","01",1,1.122166004,1,0.000178571428571429,0.000201299846267139,"男性 | 60歲及以上 | 國、初中 | 北北基宜蘭區 | 本省閩南人 | 04 | 01 | 01"
"男性","60歲及以上","國、初中","北北基宜蘭區","本省閩南人","04","07","04",1,0.900871703033883,1,0.000178571428571429,0.000161602948833527,"男性 | 60歲及以上 | 國、初中 | 北北基宜蘭區 | 本省閩南人 | 04 | 07 | 04"
"男性","60歲及以上","國、初中","北北基宜蘭區","本省閩南人","04","09","05",1,1.122166004,1,0.000178571428571429,0.000201299846267139,"男性 | 60歲及以上 | 國、初中 | 北北基宜蘭區 | 本省閩南人 | 04 | 09 | 05"
"男性","60歲及以上","國、初中","北北基宜蘭區","本省閩南人","05","03","07",1,0.900871703033883,1,0.000178571428571429,0.000161602948833527,"男性 | 60歲及以上 | 國、初中 | 北北基宜蘭區 | 本省閩南人 | 05 | 03 | 07"
"男性","60歲及以上","國、初中","北北基宜蘭區","本省閩南人","05","04","04",1,0.900871703033883,1,0.000178571428571429,0.000161602948833527,"男性 | 60歲及以上 | 國、初中 | 北北基宜蘭區 | 本省閩南人 | 05 | 04 | 04"
"男性","60歲及以上","國、初中","北北基宜蘭區","本省閩南人","05","05","03",1,0.900871703033883,1,0.000178571428571429,0.000161602948833527,"男性 | 60歲及以上 | 國、初中 | 北北基宜蘭區 | 本省閩南人 | 05 | 05 | 03"
"男性","60歲及以上","國、初中","北北基宜蘭區","本省閩南人","05","09","09",1,1.122166004,1,0.000178571428571429,0.000201299846267139,"男性 | 60歲及以上 | 國、初中 | 北北基宜蘭區 | 本省閩南人 | 05 | 09 | 09"
"男性","60歲及以上","國、初中","北北基宜蘭區","本省閩南人","06","07","00",1,0.900871703033883,1,0.000178571428571429,0.000161602948833527,"男性 | 60歲及以上 | 國、初中 | 北北基宜蘭區 | 本省閩南人 | 06 | 07 | 00"
"男性","60歲及以上","國、初中","北北基宜蘭區","本省閩南人","06","08","05",1,1.122166004,1,0.000178571428571429,0.000201299846267139,"男性 | 60歲及以上 | 國、初中 | 北北基宜蘭區 | 本省閩南人 | 06 | 08 | 05"
"男性","60歲及以上","國、初中","北北基宜蘭區","本省閩南人","07","03","05",1,0.900871703033883,1,0.000178571428571429,0.000161602948833527,"男性 | 60歲及以上 | 國、初中 | 北北基宜蘭區 | 本省閩南人 | 07 | 03 | 05"
"男性","60歲及以上","國、初中","北北基宜蘭區","本省閩南人","07","08","06",1,1.198793484,1,0.000178571428571429,0.000215045673434291,"男性 | 60歲及以上 | 國、初中 | 北北基宜蘭區 | 本省閩南人 | 07 | 08 | 06"
"男性","60歲及以上","國、初中","北北基宜蘭區","本省閩南人","08","04","02",1,0.900871703033883,1,0.000178571428571429,0.000161602948833527,"男性 | 60歲及以上 | 國、初中 | 北北基宜蘭區 | 本省閩南人 | 08 | 04 | 02"
"男性","60歲及以上","國、初中","北北基宜蘭區","本省閩南人","08","08","08",1,0.900871703033883,1,0.000178571428571429,0.000161602948833527,"男性 | 60歲及以上 | 國、初中 | 北北基宜蘭區 | 本省閩南人 | 08 | 08 | 08"
"男性","60歲及以上","國、初中","北北基宜蘭區","本省閩南人","10","00","05",1,0.900871703033883,1,0.000178571428571429,0.000161602948833527,"男性 | 60歲及以上 | 國、初中 | 北北基宜蘭區 | 本省閩南人 | 10 | 00 | 05"
"男性","60歲及以上","國、初中","北北基宜蘭區","本省閩南人","10","02","05",1,1.198793484,1,0.000178571428571429,0.000215045673434291,"男性 | 60歲及以上 | 國、初中 | 北北基宜蘭區 | 本省閩南人 | 10 | 02 | 05"
"男性","60歲及以上","國、初中","桃竹苗區","大陸各省市","10","00","05",1,0.848128656700891,1,0.000178571428571429,0.000152141632877914,"男性 | 60歲及以上 | 國、初中 | 桃竹苗區 | 大陸各省市 | 10 | 00 | 05"
"男性","60歲及以上","國、初中","桃竹苗區","大陸各省市","10","05","05",1,0.848128656700891,1,0.000178571428571429,0.000152141632877914,"男性 | 60歲及以上 | 國、初中 | 桃竹苗區 | 大陸各省市 | 10 | 05 | 05"
"男性","60歲及以上","國、初中","桃竹苗區","本省客家人","03","08","04",1,1.016684298,1,0.000178571428571429,0.000182378001258371,"男性 | 60歲及以上 | 國、初中 | 桃竹苗區 | 本省客家人 | 03 | 08 | 04"
"男性","60歲及以上","國、初中","桃竹苗區","本省客家人","04","04","03",1,1.031035646,1,0.000178571428571429,0.000184952419068061,"男性 | 60歲及以上 | 國、初中 | 桃竹苗區 | 本省客家人 | 04 | 04 | 03"
"男性","60歲及以上","國、初中","桃竹苗區","本省客家人","04","06","02",1,0.848128656700891,1,0.000178571428571429,0.000152141632877914,"男性 | 60歲及以上 | 國、初中 | 桃竹苗區 | 本省客家人 | 04 | 06 | 02"
"男性","60歲及以上","國、初中","桃竹苗區","本省客家人","04","09","01",1,1.016684298,1,0.000178571428571429,0.000182378001258371,"男性 | 60歲及以上 | 國、初中 | 桃竹苗區 | 本省客家人 | 04 | 09 | 01"
"男性","60歲及以上","國、初中","桃竹苗區","本省客家人","05","01","05",1,1.031035646,1,0.000178571428571429,0.000184952419068061,"男性 | 60歲及以上 | 國、初中 | 桃竹苗區 | 本省客家人 | 05 | 01 | 05"
"男性","60歲及以上","國、初中","桃竹苗區","本省客家人","06","02","03",1,1.031035646,1,0.000178571428571429,0.000184952419068061,"男性 | 60歲及以上 | 國、初中 | 桃竹苗區 | 本省客家人 | 06 | 02 | 03"
"男性","60歲及以上","國、初中","桃竹苗區","本省客家人","06","03","05",1,0.848128656700891,1,0.000178571428571429,0.000152141632877914,"男性 | 60歲及以上 | 國、初中 | 桃竹苗區 | 本省客家人 | 06 | 03 | 05"
"男性","60歲及以上","國、初中","桃竹苗區","本省客家人","07","00","00",1,1.031035646,1,0.000178571428571429,0.000184952419068061,"男性 | 60歲及以上 | 國、初中 | 桃竹苗區 | 本省客家人 | 07 | 00 | 00"
"男性","60歲及以上","國、初中","桃竹苗區","本省客家人","08","08","08",1,1.016684298,1,0.000178571428571429,0.000182378001258371,"男性 | 60歲及以上 | 國、初中 | 桃竹苗區 | 本省客家人 | 08 | 08 | 08"
"男性","60歲及以上","國、初中","桃竹苗區","本省客家人","09","00","01",1,0.848128656700891,1,0.000178571428571429,0.000152141632877914,"男性 | 60歲及以上 | 國、初中 | 桃竹苗區 | 本省客家人 | 09 | 00 | 01"
"男性","60歲及以上","國、初中","桃竹苗區","本省客家人","10","00","03",1,1.016684298,1,0.000178571428571429,0.000182378001258371,"男性 | 60歲及以上 | 國、初中 | 桃竹苗區 | 本省客家人 | 10 | 00 | 03"
"男性","60歲及以上","國、初中","桃竹苗區","本省閩南人","00","05","01",1,1.031035646,1,0.000178571428571429,0.000184952419068061,"男性 | 60歲及以上 | 國、初中 | 桃竹苗區 | 本省閩南人 | 00 | 05 | 01"
"男性","60歲及以上","國、初中","桃竹苗區","本省閩南人","00","08","03",1,0.848128656700891,1,0.000178571428571429,0.000152141632877914,"男性 | 60歲及以上 | 國、初中 | 桃竹苗區 | 本省閩南人 | 00 | 08 | 03"
"男性","60歲及以上","國、初中","桃竹苗區","本省閩南人","00","10","00",1,1.031035646,1,0.000178571428571429,0.000184952419068061,"男性 | 60歲及以上 | 國、初中 | 桃竹苗區 | 本省閩南人 | 00 | 10 | 00"
"男性","60歲及以上","國、初中","桃竹苗區","本省閩南人","00","10","04",1,0.848128656700891,1,0.000178571428571429,0.000152141632877914,"男性 | 60歲及以上 | 國、初中 | 桃竹苗區 | 本省閩南人 | 00 | 10 | 04"
"男性","60歲及以上","國、初中","桃竹苗區","本省閩南人","01","09","00",1,0.848128656700891,1,0.000178571428571429,0.000152141632877914,"男性 | 60歲及以上 | 國、初中 | 桃竹苗區 | 本省閩南人 | 01 | 09 | 00"
"男性","60歲及以上","國、初中","桃竹苗區","本省閩南人","02","07","03",1,0.848128656700891,1,0.000178571428571429,0.000152141632877914,"男性 | 60歲及以上 | 國、初中 | 桃竹苗區 | 本省閩南人 | 02 | 07 | 03"
"男性","60歲及以上","國、初中","桃竹苗區","本省閩南人","03","03","03",1,0.848128656700891,1,0.000178571428571429,0.000152141632877914,"男性 | 60歲及以上 | 國、初中 | 桃竹苗區 | 本省閩南人 | 03 | 03 | 03"
"男性","60歲及以上","國、初中","桃竹苗區","本省閩南人","03","09","02",1,1.016684298,1,0.000178571428571429,0.000182378001258371,"男性 | 60歲及以上 | 國、初中 | 桃竹苗區 | 本省閩南人 | 03 | 09 | 02"
"男性","60歲及以上","國、初中","桃竹苗區","本省閩南人","05","05","02",1,0.848128656700891,1,0.000178571428571429,0.000152141632877914,"男性 | 60歲及以上 | 國、初中 | 桃竹苗區 | 本省閩南人 | 05 | 05 | 02"
"男性","60歲及以上","國、初中","桃竹苗區","本省閩南人","05","05","06",1,0.848128656700891,1,0.000178571428571429,0.000152141632877914,"男性 | 60歲及以上 | 國、初中 | 桃竹苗區 | 本省閩南人 | 05 | 05 | 06"
"男性","60歲及以上","國、初中","桃竹苗區","本省閩南人","05","10","00",1,0.848128656700891,1,0.000178571428571429,0.000152141632877914,"男性 | 60歲及以上 | 國、初中 | 桃竹苗區 | 本省閩南人 | 05 | 10 | 00"
"男性","60歲及以上","國、初中","桃竹苗區","本省閩南人","06","00","07",1,1.031035646,1,0.000178571428571429,0.000184952419068061,"男性 | 60歲及以上 | 國、初中 | 桃竹苗區 | 本省閩南人 | 06 | 00 | 07"
"男性","60歲及以上","國、初中","桃竹苗區","本省閩南人","06","01","06",1,0.848128656700891,1,0.000178571428571429,0.000152141632877914,"男性 | 60歲及以上 | 國、初中 | 桃竹苗區 | 本省閩南人 | 06 | 01 | 06"
"男性","60歲及以上","國、初中","桃竹苗區","本省閩南人","06","03","02",1,0.848128656700891,1,0.000178571428571429,0.000152141632877914,"男性 | 60歲及以上 | 國、初中 | 桃竹苗區 | 本省閩南人 | 06 | 03 | 02"
"男性","60歲及以上","國、初中","桃竹苗區","本省閩南人","06","06","06",1,0.848128656700891,1,0.000178571428571429,0.000152141632877914,"男性 | 60歲及以上 | 國、初中 | 桃竹苗區 | 本省閩南人 | 06 | 06 | 06"
"男性","60歲及以上","國、初中","花東區","本省客家人","05","05","05",1,0.999956529,1,0.000178571428571429,0.000179377288960824,"男性 | 60歲及以上 | 國、初中 | 花東區 | 本省客家人 | 05 | 05 | 05"
"男性","60歲及以上","國、初中","花東區","本省閩南人","00","05","00",1,0.713449882,1,0.000178571428571429,0.000127982269159803,"男性 | 60歲及以上 | 國、初中 | 花東區 | 本省閩南人 | 00 | 05 | 00"
"男性","60歲及以上","國、初中","花東區","本省閩南人","00","06","00",1,0.713449882,1,0.000178571428571429,0.000127982269159803,"男性 | 60歲及以上 | 國、初中 | 花東區 | 本省閩南人 | 00 | 06 | 00"
"男性","60歲及以上","國、初中","花東區","本省閩南人","03","08","01",1,0.713449882,1,0.000178571428571429,0.000127982269159803,"男性 | 60歲及以上 | 國、初中 | 花東區 | 本省閩南人 | 03 | 08 | 01"
"男性","60歲及以上","國、初中","花東區","本省閩南人","06","03","03",1,0.713449882,1,0.000178571428571429,0.000127982269159803,"男性 | 60歲及以上 | 國、初中 | 花東區 | 本省閩南人 | 06 | 03 | 03"
"男性","60歲及以上","國、初中","雲嘉南區","大陸各省市","03","09","01",1,0.794789311168823,1,0.000178571428571429,0.000142573349738591,"男性 | 60歲及以上 | 國、初中 | 雲嘉南區 | 大陸各省市 | 03 | 09 | 01"
"男性","60歲及以上","國、初中","雲嘉南區","本省客家人","05","05","03",1,0.794789311168823,1,0.000178571428571429,0.000142573349738591,"男性 | 60歲及以上 | 國、初中 | 雲嘉南區 | 本省客家人 | 05 | 05 | 03"
"男性","60歲及以上","國、初中","雲嘉南區","本省閩南人","00","05","00",1,0.794789311168823,1,0.000178571428571429,0.000142573349738591,"男性 | 60歲及以上 | 國、初中 | 雲嘉南區 | 本省閩南人 | 00 | 05 | 00"
"男性","60歲及以上","國、初中","雲嘉南區","本省閩南人","00","09","00",1,0.794789311168823,1,0.000178571428571429,0.000142573349738591,"男性 | 60歲及以上 | 國、初中 | 雲嘉南區 | 本省閩南人 | 00 | 09 | 00"
"男性","60歲及以上","國、初中","雲嘉南區","本省閩南人","02","06","02",1,0.794789311168823,1,0.000178571428571429,0.000142573349738591,"男性 | 60歲及以上 | 國、初中 | 雲嘉南區 | 本省閩南人 | 02 | 06 | 02"
"男性","60歲及以上","國、初中","雲嘉南區","本省閩南人","02","09","03",1,0.89146662,1,0.000178571428571429,0.000159915817195159,"男性 | 60歲及以上 | 國、初中 | 雲嘉南區 | 本省閩南人 | 02 | 09 | 03"
"男性","60歲及以上","國、初中","雲嘉南區","本省閩南人","02","10","01",1,0.794789311168823,1,0.000178571428571429,0.000142573349738591,"男性 | 60歲及以上 | 國、初中 | 雲嘉南區 | 本省閩南人 | 02 | 10 | 01"
"男性","60歲及以上","國、初中","雲嘉南區","本省閩南人","02","10","02",1,1.257791013,1,0.000178571428571429,0.000225628950307328,"男性 | 60歲及以上 | 國、初中 | 雲嘉南區 | 本省閩南人 | 02 | 10 | 02"
"男性","60歲及以上","國、初中","雲嘉南區","本省閩南人","03","05","00",1,0.794789311168823,1,0.000178571428571429,0.000142573349738591,"男性 | 60歲及以上 | 國、初中 | 雲嘉南區 | 本省閩南人 | 03 | 05 | 00"
"男性","60歲及以上","國、初中","雲嘉南區","本省閩南人","03","05","02",1,0.794789311168823,1,0.000178571428571429,0.000142573349738591,"男性 | 60歲及以上 | 國、初中 | 雲嘉南區 | 本省閩南人 | 03 | 05 | 02"
"男性","60歲及以上","國、初中","雲嘉南區","本省閩南人","03","06","03",1,0.794789311168823,1,0.000178571428571429,0.000142573349738591,"男性 | 60歲及以上 | 國、初中 | 雲嘉南區 | 本省閩南人 | 03 | 06 | 03"
"男性","60歲及以上","國、初中","雲嘉南區","本省閩南人","03","07","00",1,0.794789311168823,1,0.000178571428571429,0.000142573349738591,"男性 | 60歲及以上 | 國、初中 | 雲嘉南區 | 本省閩南人 | 03 | 07 | 00"
"男性","60歲及以上","國、初中","雲嘉南區","本省閩南人","03","08","05",1,0.794789311168823,1,0.000178571428571429,0.000142573349738591,"男性 | 60歲及以上 | 國、初中 | 雲嘉南區 | 本省閩南人 | 03 | 08 | 05"
"男性","60歲及以上","國、初中","雲嘉南區","本省閩南人","03","09","03",1,0.794789311168823,1,0.000178571428571429,0.000142573349738591,"男性 | 60歲及以上 | 國、初中 | 雲嘉南區 | 本省閩南人 | 03 | 09 | 03"
"男性","60歲及以上","國、初中","雲嘉南區","本省閩南人","04","06","03",1,0.908908624,1,0.000178571428571429,0.000163044652600326,"男性 | 60歲及以上 | 國、初中 | 雲嘉南區 | 本省閩南人 | 04 | 06 | 03"
"男性","60歲及以上","國、初中","雲嘉南區","本省閩南人","04","07","05",1,0.794789311168823,1,0.000178571428571429,0.000142573349738591,"男性 | 60歲及以上 | 國、初中 | 雲嘉南區 | 本省閩南人 | 04 | 07 | 05"
"男性","60歲及以上","國、初中","雲嘉南區","本省閩南人","04","08","00",1,0.89146662,1,0.000178571428571429,0.000159915817195159,"男性 | 60歲及以上 | 國、初中 | 雲嘉南區 | 本省閩南人 | 04 | 08 | 00"
"男性","60歲及以上","國、初中","雲嘉南區","本省閩南人","04","08","03",1,0.908908624,1,0.000178571428571429,0.000163044652600326,"男性 | 60歲及以上 | 國、初中 | 雲嘉南區 | 本省閩南人 | 04 | 08 | 03"
"男性","60歲及以上","國、初中","雲嘉南區","本省閩南人","04","09","06",1,1.257791013,1,0.000178571428571429,0.000225628950307328,"男性 | 60歲及以上 | 國、初中 | 雲嘉南區 | 本省閩南人 | 04 | 09 | 06"
"男性","60歲及以上","國、初中","雲嘉南區","本省閩南人","04","10","00",1,0.794789311168823,1,0.000178571428571429,0.000142573349738591,"男性 | 60歲及以上 | 國、初中 | 雲嘉南區 | 本省閩南人 | 04 | 10 | 00"
"男性","60歲及以上","國、初中","雲嘉南區","本省閩南人","05","00","03",1,0.794789311168823,1,0.000178571428571429,0.000142573349738591,"男性 | 60歲及以上 | 國、初中 | 雲嘉南區 | 本省閩南人 | 05 | 00 | 03"
"男性","60歲及以上","國、初中","雲嘉南區","本省閩南人","05","05","01",1,0.794789311168823,1,0.000178571428571429,0.000142573349738591,"男性 | 60歲及以上 | 國、初中 | 雲嘉南區 | 本省閩南人 | 05 | 05 | 01"
"男性","60歲及以上","國、初中","雲嘉南區","本省閩南人","05","05","03",1,0.908908624,1,0.000178571428571429,0.000163044652600326,"男性 | 60歲及以上 | 國、初中 | 雲嘉南區 | 本省閩南人 | 05 | 05 | 03"
"男性","60歲及以上","國、初中","雲嘉南區","本省閩南人","05","05","04",1,0.89146662,1,0.000178571428571429,0.000159915817195159,"男性 | 60歲及以上 | 國、初中 | 雲嘉南區 | 本省閩南人 | 05 | 05 | 04"
"男性","60歲及以上","國、初中","雲嘉南區","本省閩南人","05","06","01",1,0.794789311168823,1,0.000178571428571429,0.000142573349738591,"男性 | 60歲及以上 | 國、初中 | 雲嘉南區 | 本省閩南人 | 05 | 06 | 01"
"男性","60歲及以上","國、初中","雲嘉南區","本省閩南人","05","07","03",1,0.89146662,1,0.000178571428571429,0.000159915817195159,"男性 | 60歲及以上 | 國、初中 | 雲嘉南區 | 本省閩南人 | 05 | 07 | 03"
"男性","60歲及以上","國、初中","雲嘉南區","本省閩南人","05","08","00",1,0.794789311168823,1,0.000178571428571429,0.000142573349738591,"男性 | 60歲及以上 | 國、初中 | 雲嘉南區 | 本省閩南人 | 05 | 08 | 00"
"男性","60歲及以上","國、初中","雲嘉南區","本省閩南人","05","10","03",1,0.908908624,1,0.000178571428571429,0.000163044652600326,"男性 | 60歲及以上 | 國、初中 | 雲嘉南區 | 本省閩南人 | 05 | 10 | 03"
"男性","60歲及以上","國、初中","雲嘉南區","本省閩南人","05","10","05",1,0.89146662,1,0.000178571428571429,0.000159915817195159,"男性 | 60歲及以上 | 國、初中 | 雲嘉南區 | 本省閩南人 | 05 | 10 | 05"
"男性","60歲及以上","國、初中","雲嘉南區","本省閩南人","06","03","01",1,0.908908624,1,0.000178571428571429,0.000163044652600326,"男性 | 60歲及以上 | 國、初中 | 雲嘉南區 | 本省閩南人 | 06 | 03 | 01"
"男性","60歲及以上","國、初中","雲嘉南區","本省閩南人","06","08","02",1,0.89146662,1,0.000178571428571429,0.000159915817195159,"男性 | 60歲及以上 | 國、初中 | 雲嘉南區 | 本省閩南人 | 06 | 08 | 02"
"男性","60歲及以上","國、初中","高屏區","大陸各省市","00","08","00",1,1.13834789999012,1,0.000178571428571429,0.000204202637087312,"男性 | 60歲及以上 | 國、初中 | 高屏區 | 大陸各省市 | 00 | 08 | 00"
"男性","60歲及以上","國、初中","高屏區","大陸各省市","10","00","03",1,0.998294014,1,0.000178571428571429,0.000179079058562894,"男性 | 60歲及以上 | 國、初中 | 高屏區 | 大陸各省市 | 10 | 00 | 03"
"男性","60歲及以上","國、初中","高屏區","本省客家人","08","05","03",1,0.941534873,1,0.000178571428571429,0.000168897315115999,"男性 | 60歲及以上 | 國、初中 | 高屏區 | 本省客家人 | 08 | 05 | 03"
"男性","60歲及以上","國、初中","高屏區","本省閩南人","00","08","00",1,1.13834789999012,1,0.000178571428571429,0.000204202637087312,"男性 | 60歲及以上 | 國、初中 | 高屏區 | 本省閩南人 | 00 | 08 | 00"
"男性","60歲及以上","國、初中","高屏區","本省閩南人","00","09","04",1,0.998294014,1,0.000178571428571429,0.000179079058562894,"男性 | 60歲及以上 | 國、初中 | 高屏區 | 本省閩南人 | 00 | 09 | 04"
"男性","60歲及以上","國、初中","高屏區","本省閩南人","02","05","03",1,0.941534873,1,0.000178571428571429,0.000168897315115999,"男性 | 60歲及以上 | 國、初中 | 高屏區 | 本省閩南人 | 02 | 05 | 03"
"男性","60歲及以上","國、初中","高屏區","本省閩南人","02","10","03",1,0.941534873,1,0.000178571428571429,0.000168897315115999,"男性 | 60歲及以上 | 國、初中 | 高屏區 | 本省閩南人 | 02 | 10 | 03"
"男性","60歲及以上","國、初中","高屏區","本省閩南人","05","00","05",1,1.13834789999012,1,0.000178571428571429,0.000204202637087312,"男性 | 60歲及以上 | 國、初中 | 高屏區 | 本省閩南人 | 05 | 00 | 05"
"男性","60歲及以上","國、初中","高屏區","本省閩南人","05","03","02",1,1.302940769,1,0.000178571428571429,0.000233728143215865,"男性 | 60歲及以上 | 國、初中 | 高屏區 | 本省閩南人 | 05 | 03 | 02"
"男性","60歲及以上","國、初中","高屏區","本省閩南人","05","07","03",1,0.941534873,1,0.000178571428571429,0.000168897315115999,"男性 | 60歲及以上 | 國、初中 | 高屏區 | 本省閩南人 | 05 | 07 | 03"
"男性","60歲及以上","國、初中","高屏區","本省閩南人","05","08","02",1,1.13834789999012,1,0.000178571428571429,0.000204202637087312,"男性 | 60歲及以上 | 國、初中 | 高屏區 | 本省閩南人 | 05 | 08 | 02"
"男性","60歲及以上","國、初中","高屏區","本省閩南人","05","09","03",1,1.302940769,1,0.000178571428571429,0.000233728143215865,"男性 | 60歲及以上 | 國、初中 | 高屏區 | 本省閩南人 | 05 | 09 | 03"
"男性","60歲及以上","國、初中","高屏區","本省閩南人","06","08","06",1,1.13834789999012,1,0.000178571428571429,0.000204202637087312,"男性 | 60歲及以上 | 國、初中 | 高屏區 | 本省閩南人 | 06 | 08 | 06"
"男性","60歲及以上","國、初中","高屏區","本省閩南人","07","07","02",1,0.941534873,1,0.000178571428571429,0.000168897315115999,"男性 | 60歲及以上 | 國、初中 | 高屏區 | 本省閩南人 | 07 | 07 | 02"
"男性","60歲及以上","國、初中","高屏區","本省閩南人","07","07","03",1,0.998294014,1,0.000178571428571429,0.000179079058562894,"男性 | 60歲及以上 | 國、初中 | 高屏區 | 本省閩南人 | 07 | 07 | 03"
"男性","60歲及以上","國、初中","高屏區","本省閩南人","07","09","04",1,0.941534873,1,0.000178571428571429,0.000168897315115999,"男性 | 60歲及以上 | 國、初中 | 高屏區 | 本省閩南人 | 07 | 09 | 04"
"男性","60歲及以上","國、初中","高屏區","本省閩南人","08","01","00",1,0.998294014,1,0.000178571428571429,0.000179079058562894,"男性 | 60歲及以上 | 國、初中 | 高屏區 | 本省閩南人 | 08 | 01 | 00"
"男性","60歲及以上","大學及以上","中彰投區","大陸各省市","06","00","06",1,0.562879100925673,1,0.000178571428571429,0.00010097211649563,"男性 | 60歲及以上 | 大學及以上 | 中彰投區 | 大陸各省市 | 06 | 00 | 06"
"男性","60歲及以上","大學及以上","中彰投區","大陸各省市","06","00","07",1,0.562879100925673,1,0.000178571428571429,0.00010097211649563,"男性 | 60歲及以上 | 大學及以上 | 中彰投區 | 大陸各省市 | 06 | 00 | 07"
"男性","60歲及以上","大學及以上","中彰投區","大陸各省市","07","03","02",1,0.562879100925673,1,0.000178571428571429,0.00010097211649563,"男性 | 60歲及以上 | 大學及以上 | 中彰投區 | 大陸各省市 | 07 | 03 | 02"
"男性","60歲及以上","大學及以上","中彰投區","大陸各省市","09","01","07",1,0.562879100925673,1,0.000178571428571429,0.00010097211649563,"男性 | 60歲及以上 | 大學及以上 | 中彰投區 | 大陸各省市 | 09 | 01 | 07"
"男性","60歲及以上","大學及以上","中彰投區","本省客家人","07","03","05",1,0.562879100925673,1,0.000178571428571429,0.00010097211649563,"男性 | 60歲及以上 | 大學及以上 | 中彰投區 | 本省客家人 | 07 | 03 | 05"
"男性","60歲及以上","大學及以上","中彰投區","本省客家人","07","06","05",1,0.562879100925673,1,0.000178571428571429,0.00010097211649563,"男性 | 60歲及以上 | 大學及以上 | 中彰投區 | 本省客家人 | 07 | 06 | 05"
"男性","60歲及以上","大學及以上","中彰投區","本省客家人","08","02","04",1,0.562879100925673,1,0.000178571428571429,0.00010097211649563,"男性 | 60歲及以上 | 大學及以上 | 中彰投區 | 本省客家人 | 08 | 02 | 04"
"男性","60歲及以上","大學及以上","中彰投區","本省客家人","08","05","06",1,0.395724802,1,0.000178571428571429,7.09871280387619e-05,"男性 | 60歲及以上 | 大學及以上 | 中彰投區 | 本省客家人 | 08 | 05 | 06"
"男性","60歲及以上","大學及以上","中彰投區","本省閩南人","00","08","00",1,0.562879100925673,1,0.000178571428571429,0.00010097211649563,"男性 | 60歲及以上 | 大學及以上 | 中彰投區 | 本省閩南人 | 00 | 08 | 00"
"男性","60歲及以上","大學及以上","中彰投區","本省閩南人","00","10","00",1,0.562879100925673,1,0.000178571428571429,0.00010097211649563,"男性 | 60歲及以上 | 大學及以上 | 中彰投區 | 本省閩南人 | 00 | 10 | 00"
"男性","60歲及以上","大學及以上","中彰投區","本省閩南人","01","07","00",1,0.562879100925673,1,0.000178571428571429,0.00010097211649563,"男性 | 60歲及以上 | 大學及以上 | 中彰投區 | 本省閩南人 | 01 | 07 | 00"
"男性","60歲及以上","大學及以上","中彰投區","本省閩南人","02","07","00",1,0.588270652,1,0.000178571428571429,0.000105526982094415,"男性 | 60歲及以上 | 大學及以上 | 中彰投區 | 本省閩南人 | 02 | 07 | 00"
"男性","60歲及以上","大學及以上","中彰投區","本省閩南人","02","08","00",1,0.562879100925673,1,0.000178571428571429,0.00010097211649563,"男性 | 60歲及以上 | 大學及以上 | 中彰投區 | 本省閩南人 | 02 | 08 | 00"
"男性","60歲及以上","大學及以上","中彰投區","本省閩南人","02","08","03",1,0.562879100925673,1,0.000178571428571429,0.00010097211649563,"男性 | 60歲及以上 | 大學及以上 | 中彰投區 | 本省閩南人 | 02 | 08 | 03"
"男性","60歲及以上","大學及以上","中彰投區","本省閩南人","03","07","05",1,0.588270652,1,0.000178571428571429,0.000105526982094415,"男性 | 60歲及以上 | 大學及以上 | 中彰投區 | 本省閩南人 | 03 | 07 | 05"
"男性","60歲及以上","大學及以上","中彰投區","本省閩南人","03","08","05",1,0.729337656,1,0.000178571428571429,0.000130832298881187,"男性 | 60歲及以上 | 大學及以上 | 中彰投區 | 本省閩南人 | 03 | 08 | 05"
"男性","60歲及以上","大學及以上","中彰投區","本省閩南人","03","09","01",1,0.562879100925673,1,0.000178571428571429,0.00010097211649563,"男性 | 60歲及以上 | 大學及以上 | 中彰投區 | 本省閩南人 | 03 | 09 | 01"
"男性","60歲及以上","大學及以上","中彰投區","本省閩南人","04","02","03",1,0.395724802,1,0.000178571428571429,7.09871280387619e-05,"男性 | 60歲及以上 | 大學及以上 | 中彰投區 | 本省閩南人 | 04 | 02 | 03"
"男性","60歲及以上","大學及以上","中彰投區","本省閩南人","04","03","03",1,0.814076926,1,0.000178571428571429,0.000146033260203296,"男性 | 60歲及以上 | 大學及以上 | 中彰投區 | 本省閩南人 | 04 | 03 | 03"
"男性","60歲及以上","大學及以上","中彰投區","本省閩南人","05","02","05",1,0.562879100925673,1,0.000178571428571429,0.00010097211649563,"男性 | 60歲及以上 | 大學及以上 | 中彰投區 | 本省閩南人 | 05 | 02 | 05"
"男性","60歲及以上","大學及以上","中彰投區","本省閩南人","05","05","03",1,0.814076926,1,0.000178571428571429,0.000146033260203296,"男性 | 60歲及以上 | 大學及以上 | 中彰投區 | 本省閩南人 | 05 | 05 | 03"
"男性","60歲及以上","大學及以上","中彰投區","本省閩南人","06","02","07",1,0.562879100925673,1,0.000178571428571429,0.00010097211649563,"男性 | 60歲及以上 | 大學及以上 | 中彰投區 | 本省閩南人 | 06 | 02 | 07"
"男性","60歲及以上","大學及以上","中彰投區","本省閩南人","06","03","06",1,0.562879100925673,1,0.000178571428571429,0.00010097211649563,"男性 | 60歲及以上 | 大學及以上 | 中彰投區 | 本省閩南人 | 06 | 03 | 06"
"男性","60歲及以上","大學及以上","中彰投區","本省閩南人","06","04","05",1,0.588270652,1,0.000178571428571429,0.000105526982094415,"男性 | 60歲及以上 | 大學及以上 | 中彰投區 | 本省閩南人 | 06 | 04 | 05"
"男性","60歲及以上","大學及以上","中彰投區","本省閩南人","06","05","03",1,0.395724802,1,0.000178571428571429,7.09871280387619e-05,"男性 | 60歲及以上 | 大學及以上 | 中彰投區 | 本省閩南人 | 06 | 05 | 03"
"男性","60歲及以上","大學及以上","中彰投區","本省閩南人","06","05","07",1,0.395724802,1,0.000178571428571429,7.09871280387619e-05,"男性 | 60歲及以上 | 大學及以上 | 中彰投區 | 本省閩南人 | 06 | 05 | 07"
"男性","60歲及以上","大學及以上","中彰投區","本省閩南人","06","07","05",1,0.814076926,1,0.000178571428571429,0.000146033260203296,"男性 | 60歲及以上 | 大學及以上 | 中彰投區 | 本省閩南人 | 06 | 07 | 05"
"男性","60歲及以上","大學及以上","中彰投區","本省閩南人","06","10","08",1,0.395724802,1,0.000178571428571429,7.09871280387619e-05,"男性 | 60歲及以上 | 大學及以上 | 中彰投區 | 本省閩南人 | 06 | 10 | 08"
"男性","60歲及以上","大學及以上","中彰投區","本省閩南人","07","00","05",1,0.562879100925673,1,0.000178571428571429,0.00010097211649563,"男性 | 60歲及以上 | 大學及以上 | 中彰投區 | 本省閩南人 | 07 | 00 | 05"
"男性","60歲及以上","大學及以上","中彰投區","本省閩南人","07","01","03",1,0.395724802,1,0.000178571428571429,7.09871280387619e-05,"男性 | 60歲及以上 | 大學及以上 | 中彰投區 | 本省閩南人 | 07 | 01 | 03"
"男性","60歲及以上","大學及以上","中彰投區","本省閩南人","08","02","05",1,0.588270652,1,0.000178571428571429,0.000105526982094415,"男性 | 60歲及以上 | 大學及以上 | 中彰投區 | 本省閩南人 | 08 | 02 | 05"
"男性","60歲及以上","大學及以上","中彰投區","本省閩南人","08","02","09",1,0.814076926,1,0.000178571428571429,0.000146033260203296,"男性 | 60歲及以上 | 大學及以上 | 中彰投區 | 本省閩南人 | 08 | 02 | 09"
"男性","60歲及以上","大學及以上","北北基宜蘭區","原住民","05","01","00",1,0.521933404,1,0.000178571428571429,9.3627069089935e-05,"男性 | 60歲及以上 | 大學及以上 | 北北基宜蘭區 | 原住民 | 05 | 01 | 00"
"男性","60歲及以上","大學及以上","北北基宜蘭區","台灣人","00","06","00",1,0.549712843338123,1,0.000178571428571429,9.86102862326916e-05,"男性 | 60歲及以上 | 大學及以上 | 北北基宜蘭區 | 台灣人 | 00 | 06 | 00"
"男性","60歲及以上","大學及以上","北北基宜蘭區","外籍人士","03","00","04",1,0.521933404,1,0.000178571428571429,9.3627069089935e-05,"男性 | 60歲及以上 | 大學及以上 | 北北基宜蘭區 | 外籍人士 | 03 | 00 | 04"
"男性","60歲及以上","大學及以上","北北基宜蘭區","大陸各省市","03","00","04",1,0.721807661,1,0.000178571428571429,0.000129481530072928,"男性 | 60歲及以上 | 大學及以上 | 北北基宜蘭區 | 大陸各省市 | 03 | 00 | 04"
"男性","60歲及以上","大學及以上","北北基宜蘭區","大陸各省市","04","00","04",1,0.549712843338123,1,0.000178571428571429,9.86102862326916e-05,"男性 | 60歲及以上 | 大學及以上 | 北北基宜蘭區 | 大陸各省市 | 04 | 00 | 04"
"男性","60歲及以上","大學及以上","北北基宜蘭區","大陸各省市","04","01","02",1,0.549712843338123,1,0.000178571428571429,9.86102862326916e-05,"男性 | 60歲及以上 | 大學及以上 | 北北基宜蘭區 | 大陸各省市 | 04 | 01 | 02"
"男性","60歲及以上","大學及以上","北北基宜蘭區","大陸各省市","04","05","05",1,0.549712843338123,1,0.000178571428571429,9.86102862326916e-05,"男性 | 60歲及以上 | 大學及以上 | 北北基宜蘭區 | 大陸各省市 | 04 | 05 | 05"
"男性","60歲及以上","大學及以上","北北基宜蘭區","大陸各省市","05","00","00",1,0.521933404,1,0.000178571428571429,9.3627069089935e-05,"男性 | 60歲及以上 | 大學及以上 | 北北基宜蘭區 | 大陸各省市 | 05 | 00 | 00"
"男性","60歲及以上","大學及以上","北北基宜蘭區","大陸各省市","05","00","05",1,0.721807661,1,0.000178571428571429,0.000129481530072928,"男性 | 60歲及以上 | 大學及以上 | 北北基宜蘭區 | 大陸各省市 | 05 | 00 | 05"
"男性","60歲及以上","大學及以上","北北基宜蘭區","大陸各省市","05","00","07",1,0.549712843338123,1,0.000178571428571429,9.86102862326916e-05,"男性 | 60歲及以上 | 大學及以上 | 北北基宜蘭區 | 大陸各省市 | 05 | 00 | 07"
"男性","60歲及以上","大學及以上","北北基宜蘭區","大陸各省市","05","01","05",1,0.721807661,1,0.000178571428571429,0.000129481530072928,"男性 | 60歲及以上 | 大學及以上 | 北北基宜蘭區 | 大陸各省市 | 05 | 01 | 05"
"男性","60歲及以上","大學及以上","北北基宜蘭區","大陸各省市","05","03","04",1,0.549712843338123,1,0.000178571428571429,9.86102862326916e-05,"男性 | 60歲及以上 | 大學及以上 | 北北基宜蘭區 | 大陸各省市 | 05 | 03 | 04"
"男性","60歲及以上","大學及以上","北北基宜蘭區","大陸各省市","05","05","05",1,0.721807661,1,0.000178571428571429,0.000129481530072928,"男性 | 60歲及以上 | 大學及以上 | 北北基宜蘭區 | 大陸各省市 | 05 | 05 | 05"
"男性","60歲及以上","大學及以上","北北基宜蘭區","大陸各省市","05","07","06",1,0.521933404,1,0.000178571428571429,9.3627069089935e-05,"男性 | 60歲及以上 | 大學及以上 | 北北基宜蘭區 | 大陸各省市 | 05 | 07 | 06"
"男性","60歲及以上","大學及以上","北北基宜蘭區","大陸各省市","06","00","02",1,0.549712843338123,1,0.000178571428571429,9.86102862326916e-05,"男性 | 60歲及以上 | 大學及以上 | 北北基宜蘭區 | 大陸各省市 | 06 | 00 | 02"
"男性","60歲及以上","大學及以上","北北基宜蘭區","大陸各省市","06","01","03",1,0.549712843338123,1,0.000178571428571429,9.86102862326916e-05,"男性 | 60歲及以上 | 大學及以上 | 北北基宜蘭區 | 大陸各省市 | 06 | 01 | 03"
"男性","60歲及以上","大學及以上","北北基宜蘭區","大陸各省市","06","02","05",1,0.549712843338123,1,0.000178571428571429,9.86102862326916e-05,"男性 | 60歲及以上 | 大學及以上 | 北北基宜蘭區 | 大陸各省市 | 06 | 02 | 05"
"男性","60歲及以上","大學及以上","北北基宜蘭區","大陸各省市","06","04","03",1,0.549712843338123,1,0.000178571428571429,9.86102862326916e-05,"男性 | 60歲及以上 | 大學及以上 | 北北基宜蘭區 | 大陸各省市 | 06 | 04 | 03"
"男性","60歲及以上","大學及以上","北北基宜蘭區","大陸各省市","06","04","06",1,0.721807661,1,0.000178571428571429,0.000129481530072928,"男性 | 60歲及以上 | 大學及以上 | 北北基宜蘭區 | 大陸各省市 | 06 | 04 | 06"
"男性","60歲及以上","大學及以上","北北基宜蘭區","大陸各省市","07","00","01",1,0.549712843338123,1,0.000178571428571429,9.86102862326916e-05,"男性 | 60歲及以上 | 大學及以上 | 北北基宜蘭區 | 大陸各省市 | 07 | 00 | 01"
"男性","60歲及以上","大學及以上","北北基宜蘭區","大陸各省市","07","00","04",1,0.549712843338123,1,0.000178571428571429,9.86102862326916e-05,"男性 | 60歲及以上 | 大學及以上 | 北北基宜蘭區 | 大陸各省市 | 07 | 00 | 04"
"男性","60歲及以上","大學及以上","北北基宜蘭區","大陸各省市","07","00","05",1,0.521933404,1,0.000178571428571429,9.3627069089935e-05,"男性 | 60歲及以上 | 大學及以上 | 北北基宜蘭區 | 大陸各省市 | 07 | 00 | 05"
"男性","60歲及以上","大學及以上","北北基宜蘭區","大陸各省市","07","02","05",1,0.549712843338123,1,0.000178571428571429,9.86102862326916e-05,"男性 | 60歲及以上 | 大學及以上 | 北北基宜蘭區 | 大陸各省市 | 07 | 02 | 05"
"男性","60歲及以上","大學及以上","北北基宜蘭區","大陸各省市","08","00","03",1,0.549712843338123,1,0.000178571428571429,9.86102862326916e-05,"男性 | 60歲及以上 | 大學及以上 | 北北基宜蘭區 | 大陸各省市 | 08 | 00 | 03"
"男性","60歲及以上","大學及以上","北北基宜蘭區","大陸各省市","08","01","06",1,0.549712843338123,1,0.000178571428571429,9.86102862326916e-05,"男性 | 60歲及以上 | 大學及以上 | 北北基宜蘭區 | 大陸各省市 | 08 | 01 | 06"
"男性","60歲及以上","大學及以上","北北基宜蘭區","大陸各省市","08","02","04",1,0.549712843338123,1,0.000178571428571429,9.86102862326916e-05,"男性 | 60歲及以上 | 大學及以上 | 北北基宜蘭區 | 大陸各省市 | 08 | 02 | 04"
"男性","60歲及以上","大學及以上","北北基宜蘭區","大陸各省市","08","02","06",1,0.521933404,1,0.000178571428571429,9.3627069089935e-05,"男性 | 60歲及以上 | 大學及以上 | 北北基宜蘭區 | 大陸各省市 | 08 | 02 | 06"
"男性","60歲及以上","大學及以上","北北基宜蘭區","大陸各省市","08","05","08",1,0.521933404,1,0.000178571428571429,9.3627069089935e-05,"男性 | 60歲及以上 | 大學及以上 | 北北基宜蘭區 | 大陸各省市 | 08 | 05 | 08"
"男性","60歲及以上","大學及以上","北北基宜蘭區","大陸各省市","10","00","00",1,0.721807661,1,0.000178571428571429,0.000129481530072928,"男性 | 60歲及以上 | 大學及以上 | 北北基宜蘭區 | 大陸各省市 | 10 | 00 | 00"
"男性","60歲及以上","大學及以上","北北基宜蘭區","大陸各省市","10","00","01",1,0.521933404,1,0.000178571428571429,9.3627069089935e-05,"男性 | 60歲及以上 | 大學及以上 | 北北基宜蘭區 | 大陸各省市 | 10 | 00 | 01"
"男性","60歲及以上","大學及以上","北北基宜蘭區","大陸各省市","10","00","03",1,0.998871795,1,0.000178571428571429,0.000179182703857852,"男性 | 60歲及以上 | 大學及以上 | 北北基宜蘭區 | 大陸各省市 | 10 | 00 | 03"
"男性","60歲及以上","大學及以上","北北基宜蘭區","大陸各省市","10","02","05",1,0.721807661,1,0.000178571428571429,0.000129481530072928,"男性 | 60歲及以上 | 大學及以上 | 北北基宜蘭區 | 大陸各省市 | 10 | 02 | 05"
"男性","60歲及以上","大學及以上","北北基宜蘭區","本省客家人","01","08","02",1,0.549712843338123,1,0.000178571428571429,9.86102862326916e-05,"男性 | 60歲及以上 | 大學及以上 | 北北基宜蘭區 | 本省客家人 | 01 | 08 | 02"
"男性","60歲及以上","大學及以上","北北基宜蘭區","本省客家人","03","08","07",1,0.721807661,1,0.000178571428571429,0.000129481530072928,"男性 | 60歲及以上 | 大學及以上 | 北北基宜蘭區 | 本省客家人 | 03 | 08 | 07"
"男性","60歲及以上","大學及以上","北北基宜蘭區","本省客家人","04","08","03",1,0.521933404,1,0.000178571428571429,9.3627069089935e-05,"男性 | 60歲及以上 | 大學及以上 | 北北基宜蘭區 | 本省客家人 | 04 | 08 | 03"
"男性","60歲及以上","大學及以上","北北基宜蘭區","本省客家人","05","00","03",1,0.521933404,1,0.000178571428571429,9.3627069089935e-05,"男性 | 60歲及以上 | 大學及以上 | 北北基宜蘭區 | 本省客家人 | 05 | 00 | 03"
"男性","60歲及以上","大學及以上","北北基宜蘭區","本省客家人","05","00","05",1,0.521933404,1,0.000178571428571429,9.3627069089935e-05,"男性 | 60歲及以上 | 大學及以上 | 北北基宜蘭區 | 本省客家人 | 05 | 00 | 05"
"男性","60歲及以上","大學及以上","北北基宜蘭區","本省客家人","05","10","08",1,0.998871795,1,0.000178571428571429,0.000179182703857852,"男性 | 60歲及以上 | 大學及以上 | 北北基宜蘭區 | 本省客家人 | 05 | 10 | 08"
"男性","60歲及以上","大學及以上","北北基宜蘭區","本省客家人","06","01","01",1,0.721807661,1,0.000178571428571429,0.000129481530072928,"男性 | 60歲及以上 | 大學及以上 | 北北基宜蘭區 | 本省客家人 | 06 | 01 | 01"
"男性","60歲及以上","大學及以上","北北基宜蘭區","本省客家人","06","03","04",1,0.721807661,1,0.000178571428571429,0.000129481530072928,"男性 | 60歲及以上 | 大學及以上 | 北北基宜蘭區 | 本省客家人 | 06 | 03 | 04"
"男性","60歲及以上","大學及以上","北北基宜蘭區","本省客家人","07","05","05",1,0.549712843338123,1,0.000178571428571429,9.86102862326916e-05,"男性 | 60歲及以上 | 大學及以上 | 北北基宜蘭區 | 本省客家人 | 07 | 05 | 05"
"男性","60歲及以上","大學及以上","北北基宜蘭區","本省客家人","08","00","05",1,0.549712843338123,1,0.000178571428571429,9.86102862326916e-05,"男性 | 60歲及以上 | 大學及以上 | 北北基宜蘭區 | 本省客家人 | 08 | 00 | 05"
"男性","60歲及以上","大學及以上","北北基宜蘭區","本省閩南人","00","06","00",1,0.721807661,1,0.000178571428571429,0.000129481530072928,"男性 | 60歲及以上 | 大學及以上 | 北北基宜蘭區 | 本省閩南人 | 00 | 06 | 00"
"男性","60歲及以上","大學及以上","北北基宜蘭區","本省閩南人","00","08","00",1,0.549712843338123,1,0.000178571428571429,9.86102862326916e-05,"男性 | 60歲及以上 | 大學及以上 | 北北基宜蘭區 | 本省閩南人 | 00 | 08 | 00"
"男性","60歲及以上","大學及以上","北北基宜蘭區","本省閩南人","00","08","01",1,0.549712843338123,1,0.000178571428571429,9.86102862326916e-05,"男性 | 60歲及以上 | 大學及以上 | 北北基宜蘭區 | 本省閩南人 | 00 | 08 | 01"
"男性","60歲及以上","大學及以上","北北基宜蘭區","本省閩南人","00","10","02",1,0.549712843338123,1,0.000178571428571429,9.86102862326916e-05,"男性 | 60歲及以上 | 大學及以上 | 北北基宜蘭區 | 本省閩南人 | 00 | 10 | 02"
"男性","60歲及以上","大學及以上","北北基宜蘭區","本省閩南人","02","00","10",1,0.521933404,1,0.000178571428571429,9.3627069089935e-05,"男性 | 60歲及以上 | 大學及以上 | 北北基宜蘭區 | 本省閩南人 | 02 | 00 | 10"
"男性","60歲及以上","大學及以上","北北基宜蘭區","本省閩南人","02","06","06",1,0.521933404,1,0.000178571428571429,9.3627069089935e-05,"男性 | 60歲及以上 | 大學及以上 | 北北基宜蘭區 | 本省閩南人 | 02 | 06 | 06"
"男性","60歲及以上","大學及以上","北北基宜蘭區","本省閩南人","02","07","01",1,0.549712843338123,1,0.000178571428571429,9.86102862326916e-05,"男性 | 60歲及以上 | 大學及以上 | 北北基宜蘭區 | 本省閩南人 | 02 | 07 | 01"
"男性","60歲及以上","大學及以上","北北基宜蘭區","本省閩南人","02","09","02",1,0.521933404,1,0.000178571428571429,9.3627069089935e-05,"男性 | 60歲及以上 | 大學及以上 | 北北基宜蘭區 | 本省閩南人 | 02 | 09 | 02"
"男性","60歲及以上","大學及以上","北北基宜蘭區","本省閩南人","03","07","08",1,0.521933404,1,0.000178571428571429,9.3627069089935e-05,"男性 | 60歲及以上 | 大學及以上 | 北北基宜蘭區 | 本省閩南人 | 03 | 07 | 08"
"男性","60歲及以上","大學及以上","北北基宜蘭區","本省閩南人","03","08","01",1,0.721807661,1,0.000178571428571429,0.000129481530072928,"男性 | 60歲及以上 | 大學及以上 | 北北基宜蘭區 | 本省閩南人 | 03 | 08 | 01"
"男性","60歲及以上","大學及以上","北北基宜蘭區","本省閩南人","03","08","02",1,0.721807661,1,0.000178571428571429,0.000129481530072928,"男性 | 60歲及以上 | 大學及以上 | 北北基宜蘭區 | 本省閩南人 | 03 | 08 | 02"
"男性","60歲及以上","大學及以上","北北基宜蘭區","本省閩南人","03","08","03",1,0.998871795,1,0.000178571428571429,0.000179182703857852,"男性 | 60歲及以上 | 大學及以上 | 北北基宜蘭區 | 本省閩南人 | 03 | 08 | 03"
"男性","60歲及以上","大學及以上","北北基宜蘭區","本省閩南人","03","09","00",1,0.521933404,1,0.000178571428571429,9.3627069089935e-05,"男性 | 60歲及以上 | 大學及以上 | 北北基宜蘭區 | 本省閩南人 | 03 | 09 | 00"
"男性","60歲及以上","大學及以上","北北基宜蘭區","本省閩南人","04","02","05",1,1.13822698,1,0.000178571428571429,0.000204180945844363,"男性 | 60歲及以上 | 大學及以上 | 北北基宜蘭區 | 本省閩南人 | 04 | 02 | 05"
"男性","60歲及以上","大學及以上","北北基宜蘭區","本省閩南人","04","04","09",1,0.549712843338123,1,0.000178571428571429,9.86102862326916e-05,"男性 | 60歲及以上 | 大學及以上 | 北北基宜蘭區 | 本省閩南人 | 04 | 04 | 09"
"男性","60歲及以上","大學及以上","北北基宜蘭區","本省閩南人","04","08","00",1,0.549712843338123,1,0.000178571428571429,9.86102862326916e-05,"男性 | 60歲及以上 | 大學及以上 | 北北基宜蘭區 | 本省閩南人 | 04 | 08 | 00"
"男性","60歲及以上","大學及以上","北北基宜蘭區","本省閩南人","04","08","02",1,0.549712843338123,1,0.000178571428571429,9.86102862326916e-05,"男性 | 60歲及以上 | 大學及以上 | 北北基宜蘭區 | 本省閩南人 | 04 | 08 | 02"
"男性","60歲及以上","大學及以上","北北基宜蘭區","本省閩南人","04","08","03",1,0.721807661,1,0.000178571428571429,0.000129481530072928,"男性 | 60歲及以上 | 大學及以上 | 北北基宜蘭區 | 本省閩南人 | 04 | 08 | 03"
"男性","60歲及以上","大學及以上","北北基宜蘭區","本省閩南人","04","08","05",1,0.721807661,1,0.000178571428571429,0.000129481530072928,"男性 | 60歲及以上 | 大學及以上 | 北北基宜蘭區 | 本省閩南人 | 04 | 08 | 05"
"男性","60歲及以上","大學及以上","北北基宜蘭區","本省閩南人","05","00","04",1,0.521933404,1,0.000178571428571429,9.3627069089935e-05,"男性 | 60歲及以上 | 大學及以上 | 北北基宜蘭區 | 本省閩南人 | 05 | 00 | 04"
"男性","60歲及以上","大學及以上","北北基宜蘭區","本省閩南人","05","01","00",1,0.521933404,1,0.000178571428571429,9.3627069089935e-05,"男性 | 60歲及以上 | 大學及以上 | 北北基宜蘭區 | 本省閩南人 | 05 | 01 | 00"
"男性","60歲及以上","大學及以上","北北基宜蘭區","本省閩南人","05","02","02",1,0.549712843338123,1,0.000178571428571429,9.86102862326916e-05,"男性 | 60歲及以上 | 大學及以上 | 北北基宜蘭區 | 本省閩南人 | 05 | 02 | 02"
"男性","60歲及以上","大學及以上","北北基宜蘭區","本省閩南人","05","03","05",1,0.549712843338123,1,0.000178571428571429,9.86102862326916e-05,"男性 | 60歲及以上 | 大學及以上 | 北北基宜蘭區 | 本省閩南人 | 05 | 03 | 05"
"男性","60歲及以上","大學及以上","北北基宜蘭區","本省閩南人","05","05","05",1,0.549712843338123,1,0.000178571428571429,9.86102862326916e-05,"男性 | 60歲及以上 | 大學及以上 | 北北基宜蘭區 | 本省閩南人 | 05 | 05 | 05"
"男性","60歲及以上","大學及以上","北北基宜蘭區","本省閩南人","05","06","05",1,0.521933404,1,0.000178571428571429,9.3627069089935e-05,"男性 | 60歲及以上 | 大學及以上 | 北北基宜蘭區 | 本省閩南人 | 05 | 06 | 05"
"男性","60歲及以上","大學及以上","北北基宜蘭區","本省閩南人","05","08","03",1,0.721807661,1,0.000178571428571429,0.000129481530072928,"男性 | 60歲及以上 | 大學及以上 | 北北基宜蘭區 | 本省閩南人 | 05 | 08 | 03"
"男性","60歲及以上","大學及以上","北北基宜蘭區","本省閩南人","05","09","00",1,0.721807661,1,0.000178571428571429,0.000129481530072928,"男性 | 60歲及以上 | 大學及以上 | 北北基宜蘭區 | 本省閩南人 | 05 | 09 | 00"
"男性","60歲及以上","大學及以上","北北基宜蘭區","本省閩南人","05","10","05",1,0.894896772,1,0.000178571428571429,0.000160531135310136,"男性 | 60歲及以上 | 大學及以上 | 北北基宜蘭區 | 本省閩南人 | 05 | 10 | 05"
"男性","60歲及以上","大學及以上","北北基宜蘭區","本省閩南人","06","01","05",1,0.549712843338123,1,0.000178571428571429,9.86102862326916e-05,"男性 | 60歲及以上 | 大學及以上 | 北北基宜蘭區 | 本省閩南人 | 06 | 01 | 05"
"男性","60歲及以上","大學及以上","北北基宜蘭區","本省閩南人","06","03","01",1,0.521933404,1,0.000178571428571429,9.3627069089935e-05,"男性 | 60歲及以上 | 大學及以上 | 北北基宜蘭區 | 本省閩南人 | 06 | 03 | 01"
"男性","60歲及以上","大學及以上","北北基宜蘭區","本省閩南人","06","04","05",1,0.521933404,1,0.000178571428571429,9.3627069089935e-05,"男性 | 60歲及以上 | 大學及以上 | 北北基宜蘭區 | 本省閩南人 | 06 | 04 | 05"
"男性","60歲及以上","大學及以上","北北基宜蘭區","本省閩南人","06","05","01",1,0.521933404,1,0.000178571428571429,9.3627069089935e-05,"男性 | 60歲及以上 | 大學及以上 | 北北基宜蘭區 | 本省閩南人 | 06 | 05 | 01"
"男性","60歲及以上","大學及以上","北北基宜蘭區","本省閩南人","06","05","04",1,0.549712843338123,1,0.000178571428571429,9.86102862326916e-05,"男性 | 60歲及以上 | 大學及以上 | 北北基宜蘭區 | 本省閩南人 | 06 | 05 | 04"
"男性","60歲及以上","大學及以上","北北基宜蘭區","本省閩南人","06","06","04",1,0.549712843338123,1,0.000178571428571429,9.86102862326916e-05,"男性 | 60歲及以上 | 大學及以上 | 北北基宜蘭區 | 本省閩南人 | 06 | 06 | 04"
"男性","60歲及以上","大學及以上","北北基宜蘭區","本省閩南人","06","08","04",1,0.521933404,1,0.000178571428571429,9.3627069089935e-05,"男性 | 60歲及以上 | 大學及以上 | 北北基宜蘭區 | 本省閩南人 | 06 | 08 | 04"
"男性","60歲及以上","大學及以上","北北基宜蘭區","本省閩南人","07","01","04",1,0.721807661,1,0.000178571428571429,0.000129481530072928,"男性 | 60歲及以上 | 大學及以上 | 北北基宜蘭區 | 本省閩南人 | 07 | 01 | 04"
"男性","60歲及以上","大學及以上","北北基宜蘭區","本省閩南人","07","02","01",1,0.998871795,1,0.000178571428571429,0.000179182703857852,"男性 | 60歲及以上 | 大學及以上 | 北北基宜蘭區 | 本省閩南人 | 07 | 02 | 01"
"男性","60歲及以上","大學及以上","北北基宜蘭區","本省閩南人","07","02","05",1,0.549712843338123,1,0.000178571428571429,9.86102862326916e-05,"男性 | 60歲及以上 | 大學及以上 | 北北基宜蘭區 | 本省閩南人 | 07 | 02 | 05"
"男性","60歲及以上","大學及以上","北北基宜蘭區","本省閩南人","07","03","02",1,0.721807661,1,0.000178571428571429,0.000129481530072928,"男性 | 60歲及以上 | 大學及以上 | 北北基宜蘭區 | 本省閩南人 | 07 | 03 | 02"
"男性","60歲及以上","大學及以上","北北基宜蘭區","本省閩南人","07","03","05",1,0.549712843338123,1,0.000178571428571429,9.86102862326916e-05,"男性 | 60歲及以上 | 大學及以上 | 北北基宜蘭區 | 本省閩南人 | 07 | 03 | 05"
"男性","60歲及以上","大學及以上","北北基宜蘭區","本省閩南人","07","04","02",1,0.549712843338123,1,0.000178571428571429,9.86102862326916e-05,"男性 | 60歲及以上 | 大學及以上 | 北北基宜蘭區 | 本省閩南人 | 07 | 04 | 02"
"男性","60歲及以上","大學及以上","北北基宜蘭區","本省閩南人","07","04","03",1,0.521933404,1,0.000178571428571429,9.3627069089935e-05,"男性 | 60歲及以上 | 大學及以上 | 北北基宜蘭區 | 本省閩南人 | 07 | 04 | 03"
"男性","60歲及以上","大學及以上","北北基宜蘭區","本省閩南人","07","05","04",1,0.721807661,1,0.000178571428571429,0.000129481530072928,"男性 | 60歲及以上 | 大學及以上 | 北北基宜蘭區 | 本省閩南人 | 07 | 05 | 04"
"男性","60歲及以上","大學及以上","北北基宜蘭區","本省閩南人","07","08","03",1,0.521933404,1,0.000178571428571429,9.3627069089935e-05,"男性 | 60歲及以上 | 大學及以上 | 北北基宜蘭區 | 本省閩南人 | 07 | 08 | 03"
"男性","60歲及以上","大學及以上","北北基宜蘭區","本省閩南人","08","00","05",1,0.549712843338123,1,0.000178571428571429,9.86102862326916e-05,"男性 | 60歲及以上 | 大學及以上 | 北北基宜蘭區 | 本省閩南人 | 08 | 00 | 05"
"男性","60歲及以上","大學及以上","北北基宜蘭區","本省閩南人","08","00","07",1,0.721807661,1,0.000178571428571429,0.000129481530072928,"男性 | 60歲及以上 | 大學及以上 | 北北基宜蘭區 | 本省閩南人 | 08 | 00 | 07"
"男性","60歲及以上","大學及以上","北北基宜蘭區","本省閩南人","08","01","02",1,0.549712843338123,1,0.000178571428571429,9.86102862326916e-05,"男性 | 60歲及以上 | 大學及以上 | 北北基宜蘭區 | 本省閩南人 | 08 | 01 | 02"
"男性","60歲及以上","大學及以上","北北基宜蘭區","本省閩南人","08","01","05",1,0.549712843338123,1,0.000178571428571429,9.86102862326916e-05,"男性 | 60歲及以上 | 大學及以上 | 北北基宜蘭區 | 本省閩南人 | 08 | 01 | 05"
"男性","60歲及以上","大學及以上","北北基宜蘭區","本省閩南人","08","02","08",1,0.549712843338123,1,0.000178571428571429,9.86102862326916e-05,"男性 | 60歲及以上 | 大學及以上 | 北北基宜蘭區 | 本省閩南人 | 08 | 02 | 08"
"男性","60歲及以上","大學及以上","北北基宜蘭區","本省閩南人","08","04","05",1,0.521933404,1,0.000178571428571429,9.3627069089935e-05,"男性 | 60歲及以上 | 大學及以上 | 北北基宜蘭區 | 本省閩南人 | 08 | 04 | 05"
"男性","60歲及以上","大學及以上","北北基宜蘭區","本省閩南人","08","05","02",1,0.721807661,1,0.000178571428571429,0.000129481530072928,"男性 | 60歲及以上 | 大學及以上 | 北北基宜蘭區 | 本省閩南人 | 08 | 05 | 02"
"男性","60歲及以上","大學及以上","北北基宜蘭區","本省閩南人","08","06","05",1,0.521933404,1,0.000178571428571429,9.3627069089935e-05,"男性 | 60歲及以上 | 大學及以上 | 北北基宜蘭區 | 本省閩南人 | 08 | 06 | 05"
"男性","60歲及以上","大學及以上","北北基宜蘭區","本省閩南人","08","07","00",1,0.998871795,1,0.000178571428571429,0.000179182703857852,"男性 | 60歲及以上 | 大學及以上 | 北北基宜蘭區 | 本省閩南人 | 08 | 07 | 00"
"男性","60歲及以上","大學及以上","北北基宜蘭區","本省閩南人","09","00","02",1,0.721807661,1,0.000178571428571429,0.000129481530072928,"男性 | 60歲及以上 | 大學及以上 | 北北基宜蘭區 | 本省閩南人 | 09 | 00 | 02"
"男性","60歲及以上","大學及以上","北北基宜蘭區","本省閩南人","09","02","04",1,0.721807661,1,0.000178571428571429,0.000129481530072928,"男性 | 60歲及以上 | 大學及以上 | 北北基宜蘭區 | 本省閩南人 | 09 | 02 | 04"
"男性","60歲及以上","大學及以上","北北基宜蘭區","本省閩南人","10","02","05",1,0.549712843338123,1,0.000178571428571429,9.86102862326916e-05,"男性 | 60歲及以上 | 大學及以上 | 北北基宜蘭區 | 本省閩南人 | 10 | 02 | 05"
"男性","60歲及以上","大學及以上","桃竹苗區","大陸各省市","03","02","03",1,0.653958962,1,0.000178571428571429,0.000117310485299301,"男性 | 60歲及以上 | 大學及以上 | 桃竹苗區 | 大陸各省市 | 03 | 02 | 03"
"男性","60歲及以上","大學及以上","桃竹苗區","大陸各省市","03","03","03",1,0.517528982,1,0.000178571428571429,9.28369814662365e-05,"男性 | 60歲及以上 | 大學及以上 | 桃竹苗區 | 大陸各省市 | 03 | 03 | 03"
"男性","60歲及以上","大學及以上","桃竹苗區","大陸各省市","05","01","06",1,0.517528982,1,0.000178571428571429,9.28369814662365e-05,"男性 | 60歲及以上 | 大學及以上 | 桃竹苗區 | 大陸各省市 | 05 | 01 | 06"
"男性","60歲及以上","大學及以上","桃竹苗區","大陸各省市","07","00","02",1,0.448894619,1,0.000178571428571429,8.05250002876096e-05,"男性 | 60歲及以上 | 大學及以上 | 桃竹苗區 | 大陸各省市 | 07 | 00 | 02"
"男性","60歲及以上","大學及以上","桃竹苗區","大陸各省市","07","03","04",1,0.517528982,1,0.000178571428571429,9.28369814662365e-05,"男性 | 60歲及以上 | 大學及以上 | 桃竹苗區 | 大陸各省市 | 07 | 03 | 04"
"男性","60歲及以上","大學及以上","桃竹苗區","大陸各省市","07","04","05",1,0.653958962,1,0.000178571428571429,0.000117310485299301,"男性 | 60歲及以上 | 大學及以上 | 桃竹苗區 | 大陸各省市 | 07 | 04 | 05"
"男性","60歲及以上","大學及以上","桃竹苗區","大陸各省市","07","05","05",1,0.517528982,1,0.000178571428571429,9.28369814662365e-05,"男性 | 60歲及以上 | 大學及以上 | 桃竹苗區 | 大陸各省市 | 07 | 05 | 05"
"男性","60歲及以上","大學及以上","桃竹苗區","大陸各省市","08","00","01",1,0.448894619,1,0.000178571428571429,8.05250002876096e-05,"男性 | 60歲及以上 | 大學及以上 | 桃竹苗區 | 大陸各省市 | 08 | 00 | 01"
"男性","60歲及以上","大學及以上","桃竹苗區","大陸各省市","08","00","05",1,0.517528982,1,0.000178571428571429,9.28369814662365e-05,"男性 | 60歲及以上 | 大學及以上 | 桃竹苗區 | 大陸各省市 | 08 | 00 | 05"
"男性","60歲及以上","大學及以上","桃竹苗區","大陸各省市","08","01","05",1,0.448894619,1,0.000178571428571429,8.05250002876096e-05,"男性 | 60歲及以上 | 大學及以上 | 桃竹苗區 | 大陸各省市 | 08 | 01 | 05"
"男性","60歲及以上","大學及以上","桃竹苗區","大陸各省市","08","03","04",1,0.517528982,1,0.000178571428571429,9.28369814662365e-05,"男性 | 60歲及以上 | 大學及以上 | 桃竹苗區 | 大陸各省市 | 08 | 03 | 04"
"男性","60歲及以上","大學及以上","桃竹苗區","大陸各省市","10","00","00",1,0.653958962,1,0.000178571428571429,0.000117310485299301,"男性 | 60歲及以上 | 大學及以上 | 桃竹苗區 | 大陸各省市 | 10 | 00 | 00"
"男性","60歲及以上","大學及以上","桃竹苗區","大陸各省市","10","01","03",1,0.653958962,1,0.000178571428571429,0.000117310485299301,"男性 | 60歲及以上 | 大學及以上 | 桃竹苗區 | 大陸各省市 | 10 | 01 | 03"
"男性","60歲及以上","大學及以上","桃竹苗區","本省客家人","00","00","10",1,0.448894619,1,0.000178571428571429,8.05250002876096e-05,"男性 | 60歲及以上 | 大學及以上 | 桃竹苗區 | 本省客家人 | 00 | 00 | 10"
"男性","60歲及以上","大學及以上","桃竹苗區","本省客家人","00","07","00",1,0.517528982,1,0.000178571428571429,9.28369814662365e-05,"男性 | 60歲及以上 | 大學及以上 | 桃竹苗區 | 本省客家人 | 00 | 07 | 00"
"男性","60歲及以上","大學及以上","桃竹苗區","本省客家人","03","04","01",1,0.448894619,1,0.000178571428571429,8.05250002876096e-05,"男性 | 60歲及以上 | 大學及以上 | 桃竹苗區 | 本省客家人 | 03 | 04 | 01"
"男性","60歲及以上","大學及以上","桃竹苗區","本省客家人","03","08","00",1,0.517528982,1,0.000178571428571429,9.28369814662365e-05,"男性 | 60歲及以上 | 大學及以上 | 桃竹苗區 | 本省客家人 | 03 | 08 | 00"
"男性","60歲及以上","大學及以上","桃竹苗區","本省客家人","05","02","05",1,0.653958962,1,0.000178571428571429,0.000117310485299301,"男性 | 60歲及以上 | 大學及以上 | 桃竹苗區 | 本省客家人 | 05 | 02 | 05"
"男性","60歲及以上","大學及以上","桃竹苗區","本省客家人","06","04","03",1,0.448894619,1,0.000178571428571429,8.05250002876096e-05,"男性 | 60歲及以上 | 大學及以上 | 桃竹苗區 | 本省客家人 | 06 | 04 | 03"
"男性","60歲及以上","大學及以上","桃竹苗區","本省客家人","07","01","02",1,0.517528982,1,0.000178571428571429,9.28369814662365e-05,"男性 | 60歲及以上 | 大學及以上 | 桃竹苗區 | 本省客家人 | 07 | 01 | 02"
"男性","60歲及以上","大學及以上","桃竹苗區","本省客家人","07","01","03",1,0.517528982,1,0.000178571428571429,9.28369814662365e-05,"男性 | 60歲及以上 | 大學及以上 | 桃竹苗區 | 本省客家人 | 07 | 01 | 03"
"男性","60歲及以上","大學及以上","桃竹苗區","本省客家人","07","04","06",1,0.448894619,1,0.000178571428571429,8.05250002876096e-05,"男性 | 60歲及以上 | 大學及以上 | 桃竹苗區 | 本省客家人 | 07 | 04 | 06"
"男性","60歲及以上","大學及以上","桃竹苗區","本省客家人","08","00","01",1,0.653958962,1,0.000178571428571429,0.000117310485299301,"男性 | 60歲及以上 | 大學及以上 | 桃竹苗區 | 本省客家人 | 08 | 00 | 01"
"男性","60歲及以上","大學及以上","桃竹苗區","本省閩南人","00","06","02",1,0.517528982,1,0.000178571428571429,9.28369814662365e-05,"男性 | 60歲及以上 | 大學及以上 | 桃竹苗區 | 本省閩南人 | 00 | 06 | 02"
"男性","60歲及以上","大學及以上","桃竹苗區","本省閩南人","01","10","00",1,0.517528982,1,0.000178571428571429,9.28369814662365e-05,"男性 | 60歲及以上 | 大學及以上 | 桃竹苗區 | 本省閩南人 | 01 | 10 | 00"
"男性","60歲及以上","大學及以上","桃竹苗區","本省閩南人","03","01","02",1,0.517528982,1,0.000178571428571429,9.28369814662365e-05,"男性 | 60歲及以上 | 大學及以上 | 桃竹苗區 | 本省閩南人 | 03 | 01 | 02"
"男性","60歲及以上","大學及以上","桃竹苗區","本省閩南人","04","04","04",1,0.904979536,1,0.000178571428571429,0.000162339832807577,"男性 | 60歲及以上 | 大學及以上 | 桃竹苗區 | 本省閩南人 | 04 | 04 | 04"
"男性","60歲及以上","大學及以上","桃竹苗區","本省閩南人","05","00","07",1,0.517528982,1,0.000178571428571429,9.28369814662365e-05,"男性 | 60歲及以上 | 大學及以上 | 桃竹苗區 | 本省閩南人 | 05 | 00 | 07"
"男性","60歲及以上","大學及以上","桃竹苗區","本省閩南人","05","04","05",1,0.653958962,1,0.000178571428571429,0.000117310485299301,"男性 | 60歲及以上 | 大學及以上 | 桃竹苗區 | 本省閩南人 | 05 | 04 | 05"
"男性","60歲及以上","大學及以上","桃竹苗區","本省閩南人","06","00","05",1,0.517528982,1,0.000178571428571429,9.28369814662365e-05,"男性 | 60歲及以上 | 大學及以上 | 桃竹苗區 | 本省閩南人 | 06 | 00 | 05"
"男性","60歲及以上","大學及以上","桃竹苗區","本省閩南人","06","04","04",1,0.517528982,1,0.000178571428571429,9.28369814662365e-05,"男性 | 60歲及以上 | 大學及以上 | 桃竹苗區 | 本省閩南人 | 06 | 04 | 04"
"男性","60歲及以上","大學及以上","桃竹苗區","本省閩南人","06","05","04",1,0.517528982,1,0.000178571428571429,9.28369814662365e-05,"男性 | 60歲及以上 | 大學及以上 | 桃竹苗區 | 本省閩南人 | 06 | 05 | 04"
"男性","60歲及以上","大學及以上","桃竹苗區","本省閩南人","06","06","08",1,0.653958962,1,0.000178571428571429,0.000117310485299301,"男性 | 60歲及以上 | 大學及以上 | 桃竹苗區 | 本省閩南人 | 06 | 06 | 08"
"男性","60歲及以上","大學及以上","桃竹苗區","本省閩南人","07","03","03",1,0.448894619,1,0.000178571428571429,8.05250002876096e-05,"男性 | 60歲及以上 | 大學及以上 | 桃竹苗區 | 本省閩南人 | 07 | 03 | 03"
"男性","60歲及以上","大學及以上","桃竹苗區","本省閩南人","07","04","03",1,0.517528982,1,0.000178571428571429,9.28369814662365e-05,"男性 | 60歲及以上 | 大學及以上 | 桃竹苗區 | 本省閩南人 | 07 | 04 | 03"
"男性","60歲及以上","大學及以上","桃竹苗區","本省閩南人","07","04","04",1,0.653958962,1,0.000178571428571429,0.000117310485299301,"男性 | 60歲及以上 | 大學及以上 | 桃竹苗區 | 本省閩南人 | 07 | 04 | 04"
"男性","60歲及以上","大學及以上","桃竹苗區","本省閩南人","08","00","04",1,0.517528982,1,0.000178571428571429,9.28369814662365e-05,"男性 | 60歲及以上 | 大學及以上 | 桃竹苗區 | 本省閩南人 | 08 | 00 | 04"
"男性","60歲及以上","大學及以上","桃竹苗區","本省閩南人","08","05","06",1,0.448894619,1,0.000178571428571429,8.05250002876096e-05,"男性 | 60歲及以上 | 大學及以上 | 桃竹苗區 | 本省閩南人 | 08 | 05 | 06"
"男性","60歲及以上","大學及以上","花東區","原住民","08","01","05",1,0.435347854921644,1,0.000178571428571429,7.80949128347106e-05,"男性 | 60歲及以上 | 大學及以上 | 花東區 | 原住民 | 08 | 01 | 05"
"男性","60歲及以上","大學及以上","花東區","大陸各省市","01","08","00",1,0.435347854921644,1,0.000178571428571429,7.80949128347106e-05,"男性 | 60歲及以上 | 大學及以上 | 花東區 | 大陸各省市 | 01 | 08 | 00"
"男性","60歲及以上","大學及以上","花東區","大陸各省市","06","03","03",1,0.475699208,1,0.000178571428571429,8.53333438176404e-05,"男性 | 60歲及以上 | 大學及以上 | 花東區 | 大陸各省市 | 06 | 03 | 03"
"男性","60歲及以上","大學及以上","花東區","大陸各省市","08","00","02",1,0.475699208,1,0.000178571428571429,8.53333438176404e-05,"男性 | 60歲及以上 | 大學及以上 | 花東區 | 大陸各省市 | 08 | 00 | 02"
"男性","60歲及以上","大學及以上","花東區","本省客家人","01","09","01",1,0.435347854921644,1,0.000178571428571429,7.80949128347106e-05,"男性 | 60歲及以上 | 大學及以上 | 花東區 | 本省客家人 | 01 | 09 | 01"
"男性","60歲及以上","大學及以上","花東區","本省客家人","03","09","03",1,0.464790494,1,0.000178571428571429,8.33764832075838e-05,"男性 | 60歲及以上 | 大學及以上 | 花東區 | 本省客家人 | 03 | 09 | 03"
"男性","60歲及以上","大學及以上","花東區","本省客家人","04","08","05",1,0.435347854921644,1,0.000178571428571429,7.80949128347106e-05,"男性 | 60歲及以上 | 大學及以上 | 花東區 | 本省客家人 | 04 | 08 | 05"
"男性","60歲及以上","大學及以上","花東區","本省客家人","05","00","03",1,0.435347854921644,1,0.000178571428571429,7.80949128347106e-05,"男性 | 60歲及以上 | 大學及以上 | 花東區 | 本省客家人 | 05 | 00 | 03"
"男性","60歲及以上","大學及以上","花東區","本省客家人","05","02","07",1,0.435347854921644,1,0.000178571428571429,7.80949128347106e-05,"男性 | 60歲及以上 | 大學及以上 | 花東區 | 本省客家人 | 05 | 02 | 07"
"男性","60歲及以上","大學及以上","花東區","本省客家人","06","03","00",1,0.435347854921644,1,0.000178571428571429,7.80949128347106e-05,"男性 | 60歲及以上 | 大學及以上 | 花東區 | 本省客家人 | 06 | 03 | 00"
"男性","60歲及以上","大學及以上","花東區","本省客家人","06","04","05",1,0.464790494,1,0.000178571428571429,8.33764832075838e-05,"男性 | 60歲及以上 | 大學及以上 | 花東區 | 本省客家人 | 06 | 04 | 05"
"男性","60歲及以上","大學及以上","花東區","本省客家人","09","01","02",1,0.435347854921644,1,0.000178571428571429,7.80949128347106e-05,"男性 | 60歲及以上 | 大學及以上 | 花東區 | 本省客家人 | 09 | 01 | 02"
"男性","60歲及以上","大學及以上","花東區","本省閩南人","01","10","00",1,0.464790494,1,0.000178571428571429,8.33764832075838e-05,"男性 | 60歲及以上 | 大學及以上 | 花東區 | 本省閩南人 | 01 | 10 | 00"
"男性","60歲及以上","大學及以上","花東區","本省閩南人","05","04","05",1,0.475699208,1,0.000178571428571429,8.53333438176404e-05,"男性 | 60歲及以上 | 大學及以上 | 花東區 | 本省閩南人 | 05 | 04 | 05"
"男性","60歲及以上","大學及以上","花東區","本省閩南人","06","04","01",1,0.643199207,1,0.000178571428571429,0.00011538034571242,"男性 | 60歲及以上 | 大學及以上 | 花東區 | 本省閩南人 | 06 | 04 | 01"
"男性","60歲及以上","大學及以上","花東區","本省閩南人","07","00","05",1,0.435347854921644,1,0.000178571428571429,7.80949128347106e-05,"男性 | 60歲及以上 | 大學及以上 | 花東區 | 本省閩南人 | 07 | 00 | 05"
"男性","60歲及以上","大學及以上","雲嘉南區","原住民","09","01","04",1,0.584634721,1,0.000178571428571429,0.000104874750295618,"男性 | 60歲及以上 | 大學及以上 | 雲嘉南區 | 原住民 | 09 | 01 | 04"
"男性","60歲及以上","大學及以上","雲嘉南區","大陸各省市","05","05","05",1,0.584634721,1,0.000178571428571429,0.000104874750295618,"男性 | 60歲及以上 | 大學及以上 | 雲嘉南區 | 大陸各省市 | 05 | 05 | 05"
"男性","60歲及以上","大學及以上","雲嘉南區","本省閩南人","02","08","00",1,1.003054016,1,0.000178571428571429,0.000179932931935831,"男性 | 60歲及以上 | 大學及以上 | 雲嘉南區 | 本省閩南人 | 02 | 08 | 00"
"男性","60歲及以上","大學及以上","雲嘉南區","本省閩南人","02","10","06",1,0.388128742,1,0.000178571428571429,6.96245081547292e-05,"男性 | 60歲及以上 | 大學及以上 | 雲嘉南區 | 本省閩南人 | 02 | 10 | 06"
"男性","60歲及以上","大學及以上","雲嘉南區","本省閩南人","03","00","03",1,0.584634721,1,0.000178571428571429,0.000104874750295618,"男性 | 60歲及以上 | 大學及以上 | 雲嘉南區 | 本省閩南人 | 03 | 00 | 03"
"男性","60歲及以上","大學及以上","雲嘉南區","本省閩南人","03","09","01",1,0.388128742,1,0.000178571428571429,6.96245081547292e-05,"男性 | 60歲及以上 | 大學及以上 | 雲嘉南區 | 本省閩南人 | 03 | 09 | 01"
"男性","60歲及以上","大學及以上","雲嘉南區","本省閩南人","04","07","00",1,0.388128742,1,0.000178571428571429,6.96245081547292e-05,"男性 | 60歲及以上 | 大學及以上 | 雲嘉南區 | 本省閩南人 | 04 | 07 | 00"
"男性","60歲及以上","大學及以上","雲嘉南區","本省閩南人","04","09","01",1,0.809045351,1,0.000178571428571429,0.000145130670684124,"男性 | 60歲及以上 | 大學及以上 | 雲嘉南區 | 本省閩南人 | 04 | 09 | 01"
"男性","60歲及以上","大學及以上","雲嘉南區","本省閩南人","05","03","04",1,0.484981258292369,1,0.000178571428571429,8.69984052169676e-05,"男性 | 60歲及以上 | 大學及以上 | 雲嘉南區 | 本省閩南人 | 05 | 03 | 04"
"男性","60歲及以上","大學及以上","雲嘉南區","本省閩南人","05","05","03",1,0.484981258292369,1,0.000178571428571429,8.69984052169676e-05,"男性 | 60歲及以上 | 大學及以上 | 雲嘉南區 | 本省閩南人 | 05 | 05 | 03"
"男性","60歲及以上","大學及以上","雲嘉南區","本省閩南人","05","05","05",1,0.484981258292369,1,0.000178571428571429,8.69984052169676e-05,"男性 | 60歲及以上 | 大學及以上 | 雲嘉南區 | 本省閩南人 | 05 | 05 | 05"
"男性","60歲及以上","大學及以上","雲嘉南區","本省閩南人","05","05","08",1,0.484981258292369,1,0.000178571428571429,8.69984052169676e-05,"男性 | 60歲及以上 | 大學及以上 | 雲嘉南區 | 本省閩南人 | 05 | 05 | 08"
"男性","60歲及以上","大學及以上","雲嘉南區","本省閩南人","05","10","00",1,0.584634721,1,0.000178571428571429,0.000104874750295618,"男性 | 60歲及以上 | 大學及以上 | 雲嘉南區 | 本省閩南人 | 05 | 10 | 00"
"男性","60歲及以上","大學及以上","雲嘉南區","本省閩南人","06","03","04",1,0.484981258292369,1,0.000178571428571429,8.69984052169676e-05,"男性 | 60歲及以上 | 大學及以上 | 雲嘉南區 | 本省閩南人 | 06 | 03 | 04"
"男性","60歲及以上","大學及以上","雲嘉南區","本省閩南人","06","07","03",1,0.484981258292369,1,0.000178571428571429,8.69984052169676e-05,"男性 | 60歲及以上 | 大學及以上 | 雲嘉南區 | 本省閩南人 | 06 | 07 | 03"
"男性","60歲及以上","大學及以上","雲嘉南區","本省閩南人","07","00","10",1,0.484981258292369,1,0.000178571428571429,8.69984052169676e-05,"男性 | 60歲及以上 | 大學及以上 | 雲嘉南區 | 本省閩南人 | 07 | 00 | 10"
"男性","60歲及以上","大學及以上","雲嘉南區","本省閩南人","07","03","06",1,0.484981258292369,1,0.000178571428571429,8.69984052169676e-05,"男性 | 60歲及以上 | 大學及以上 | 雲嘉南區 | 本省閩南人 | 07 | 03 | 06"
"男性","60歲及以上","大學及以上","雲嘉南區","本省閩南人","07","05","06",1,0.72482983,1,0.000178571428571429,0.000130023662121951,"男性 | 60歲及以上 | 大學及以上 | 雲嘉南區 | 本省閩南人 | 07 | 05 | 06"
"男性","60歲及以上","大學及以上","雲嘉南區","本省閩南人","07","06","05",1,0.484981258292369,1,0.000178571428571429,8.69984052169676e-05,"男性 | 60歲及以上 | 大學及以上 | 雲嘉南區 | 本省閩南人 | 07 | 06 | 05"
"男性","60歲及以上","大學及以上","雲嘉南區","本省閩南人","08","01","01",1,0.881007928,1,0.000178571428571429,0.000158039683820728,"男性 | 60歲及以上 | 大學及以上 | 雲嘉南區 | 本省閩南人 | 08 | 01 | 01"
"男性","60歲及以上","大學及以上","雲嘉南區","本省閩南人","08","02","03",1,0.584634721,1,0.000178571428571429,0.000104874750295618,"男性 | 60歲及以上 | 大學及以上 | 雲嘉南區 | 本省閩南人 | 08 | 02 | 03"
"男性","60歲及以上","大學及以上","雲嘉南區","本省閩南人","08","02","05",1,0.484981258292369,1,0.000178571428571429,8.69984052169676e-05,"男性 | 60歲及以上 | 大學及以上 | 雲嘉南區 | 本省閩南人 | 08 | 02 | 05"
"男性","60歲及以上","大學及以上","雲嘉南區","本省閩南人","08","05","06",1,0.809045351,1,0.000178571428571429,0.000145130670684124,"男性 | 60歲及以上 | 大學及以上 | 雲嘉南區 | 本省閩南人 | 08 | 05 | 06"
"男性","60歲及以上","大學及以上","高屏區","大陸各省市","04","03","03",1,0.694621063914153,1,0.000178571428571429,0.000124604659989179,"男性 | 60歲及以上 | 大學及以上 | 高屏區 | 大陸各省市 | 04 | 03 | 03"
"男性","60歲及以上","大學及以上","高屏區","大陸各省市","06","00","05",1,0.434639493,1,0.000178571428571429,7.79678432697619e-05,"男性 | 60歲及以上 | 大學及以上 | 高屏區 | 大陸各省市 | 06 | 00 | 05"
"男性","60歲及以上","大學及以上","高屏區","大陸各省市","08","05","05",1,0.434639493,1,0.000178571428571429,7.79678432697619e-05,"男性 | 60歲及以上 | 大學及以上 | 高屏區 | 大陸各省市 | 08 | 05 | 05"
"男性","60歲及以上","大學及以上","高屏區","本省閩南人","00","09","00",1,0.694621063914153,1,0.000178571428571429,0.000124604659989179,"男性 | 60歲及以上 | 大學及以上 | 高屏區 | 本省閩南人 | 00 | 09 | 00"
"男性","60歲及以上","大學及以上","高屏區","本省閩南人","02","06","00",1,0.434639493,1,0.000178571428571429,7.79678432697619e-05,"男性 | 60歲及以上 | 大學及以上 | 高屏區 | 本省閩南人 | 02 | 06 | 00"
"男性","60歲及以上","大學及以上","高屏區","本省閩南人","02","06","04",1,0.60562081,1,0.000178571428571429,0.000108639341696881,"男性 | 60歲及以上 | 大學及以上 | 高屏區 | 本省閩南人 | 02 | 06 | 04"
"男性","60歲及以上","大學及以上","高屏區","本省閩南人","02","08","00",1,0.60562081,1,0.000178571428571429,0.000108639341696881,"男性 | 60歲及以上 | 大學及以上 | 高屏區 | 本省閩南人 | 02 | 08 | 00"
"男性","60歲及以上","大學及以上","高屏區","本省閩南人","03","05","04",1,0.694621063914153,1,0.000178571428571429,0.000124604659989179,"男性 | 60歲及以上 | 大學及以上 | 高屏區 | 本省閩南人 | 03 | 05 | 04"
"男性","60歲及以上","大學及以上","高屏區","本省閩南人","05","01","02",1,0.434639493,1,0.000178571428571429,7.79678432697619e-05,"男性 | 60歲及以上 | 大學及以上 | 高屏區 | 本省閩南人 | 05 | 01 | 02"
"男性","60歲及以上","大學及以上","高屏區","本省閩南人","05","04","04",1,0.694621063914153,1,0.000178571428571429,0.000124604659989179,"男性 | 60歲及以上 | 大學及以上 | 高屏區 | 本省閩南人 | 05 | 04 | 04"
"男性","60歲及以上","大學及以上","高屏區","本省閩南人","05","04","05",1,0.694621063914153,1,0.000178571428571429,0.000124604659989179,"男性 | 60歲及以上 | 大學及以上 | 高屏區 | 本省閩南人 | 05 | 04 | 05"
"男性","60歲及以上","大學及以上","高屏區","本省閩南人","05","05","03",1,0.694621063914153,1,0.000178571428571429,0.000124604659989179,"男性 | 60歲及以上 | 大學及以上 | 高屏區 | 本省閩南人 | 05 | 05 | 03"
"男性","60歲及以上","大學及以上","高屏區","本省閩南人","05","05","05",1,0.694621063914153,1,0.000178571428571429,0.000124604659989179,"男性 | 60歲及以上 | 大學及以上 | 高屏區 | 本省閩南人 | 05 | 05 | 05"
"男性","60歲及以上","大學及以上","高屏區","本省閩南人","05","08","01",1,0.659489279,1,0.000178571428571429,0.000118302541695539,"男性 | 60歲及以上 | 大學及以上 | 高屏區 | 本省閩南人 | 05 | 08 | 01"
"男性","60歲及以上","大學及以上","高屏區","本省閩南人","06","03","04",1,0.694621063914153,1,0.000178571428571429,0.000124604659989179,"男性 | 60歲及以上 | 大學及以上 | 高屏區 | 本省閩南人 | 06 | 03 | 04"
"男性","60歲及以上","大學及以上","高屏區","本省閩南人","06","04","08",1,0.694621063914153,1,0.000178571428571429,0.000124604659989179,"男性 | 60歲及以上 | 大學及以上 | 高屏區 | 本省閩南人 | 06 | 04 | 08"
"男性","60歲及以上","大學及以上","高屏區","本省閩南人","07","05","04",1,0.60562081,1,0.000178571428571429,0.000108639341696881,"男性 | 60歲及以上 | 大學及以上 | 高屏區 | 本省閩南人 | 07 | 05 | 04"
"男性","60歲及以上","大學及以上","高屏區","本省閩南人","08","03","03",1,0.838086901,1,0.000178571428571429,0.000150340291657777,"男性 | 60歲及以上 | 大學及以上 | 高屏區 | 本省閩南人 | 08 | 03 | 03"
"男性","60歲及以上","大學及以上","高屏區","本省閩南人","09","02","04",1,0.434639493,1,0.000178571428571429,7.79678432697619e-05,"男性 | 60歲及以上 | 大學及以上 | 高屏區 | 本省閩南人 | 09 | 02 | 04"
"男性","60歲及以上","專科","中彰投區","大陸各省市","03","08","02",1,0.609203677889509,1,0.000178571428571429,0.000109282054764986,"男性 | 60歲及以上 | 專科 | 中彰投區 | 大陸各省市 | 03 | 08 | 02"
"男性","60歲及以上","專科","中彰投區","大陸各省市","05","03","05",1,0.482428121,1,0.000178571428571429,8.65404104616277e-05,"男性 | 60歲及以上 | 專科 | 中彰投區 | 大陸各省市 | 05 | 03 | 05"
"男性","60歲及以上","專科","中彰投區","大陸各省市","07","01","06",1,0.609203677889509,1,0.000178571428571429,0.000109282054764986,"男性 | 60歲及以上 | 專科 | 中彰投區 | 大陸各省市 | 07 | 01 | 06"
"男性","60歲及以上","專科","中彰投區","大陸各省市","07","02","03",1,0.886487049,1,0.000178571428571429,0.000159022556418051,"男性 | 60歲及以上 | 專科 | 中彰投區 | 大陸各省市 | 07 | 02 | 03"
"男性","60歲及以上","專科","中彰投區","本省客家人","02","08","02",1,0.609203677889509,1,0.000178571428571429,0.000109282054764986,"男性 | 60歲及以上 | 專科 | 中彰投區 | 本省客家人 | 02 | 08 | 02"
"男性","60歲及以上","專科","中彰投區","本省客家人","05","00","04",1,0.609203677889509,1,0.000178571428571429,0.000109282054764986,"男性 | 60歲及以上 | 專科 | 中彰投區 | 本省客家人 | 05 | 00 | 04"
"男性","60歲及以上","專科","中彰投區","本省客家人","07","03","04",1,0.609203677889509,1,0.000178571428571429,0.000109282054764986,"男性 | 60歲及以上 | 專科 | 中彰投區 | 本省客家人 | 07 | 03 | 04"
"男性","60歲及以上","專科","中彰投區","本省閩南人","00","08","00",1,0.482428121,1,0.000178571428571429,8.65404104616277e-05,"男性 | 60歲及以上 | 專科 | 中彰投區 | 本省閩南人 | 00 | 08 | 00"
"男性","60歲及以上","專科","中彰投區","本省閩南人","00","09","00",1,0.609203677889509,1,0.000178571428571429,0.000109282054764986,"男性 | 60歲及以上 | 專科 | 中彰投區 | 本省閩南人 | 00 | 09 | 00"
"男性","60歲及以上","專科","中彰投區","本省閩南人","01","08","01",1,0.640595867,1,0.000178571428571429,0.000114913345340004,"男性 | 60歲及以上 | 專科 | 中彰投區 | 本省閩南人 | 01 | 08 | 01"
"男性","60歲及以上","專科","中彰投區","本省閩南人","03","07","01",1,0.609203677889509,1,0.000178571428571429,0.000109282054764986,"男性 | 60歲及以上 | 專科 | 中彰投區 | 本省閩南人 | 03 | 07 | 01"
"男性","60歲及以上","專科","中彰投區","本省閩南人","03","08","00",1,0.609203677889509,1,0.000178571428571429,0.000109282054764986,"男性 | 60歲及以上 | 專科 | 中彰投區 | 本省閩南人 | 03 | 08 | 00"
"男性","60歲及以上","專科","中彰投區","本省閩南人","04","02","01",1,0.609203677889509,1,0.000178571428571429,0.000109282054764986,"男性 | 60歲及以上 | 專科 | 中彰投區 | 本省閩南人 | 04 | 02 | 01"
"男性","60歲及以上","專科","中彰投區","本省閩南人","04","06","04",1,0.482428121,1,0.000178571428571429,8.65404104616277e-05,"男性 | 60歲及以上 | 專科 | 中彰投區 | 本省閩南人 | 04 | 06 | 04"
"男性","60歲及以上","專科","中彰投區","本省閩南人","05","02","02",1,0.609203677889509,1,0.000178571428571429,0.000109282054764986,"男性 | 60歲及以上 | 專科 | 中彰投區 | 本省閩南人 | 05 | 02 | 02"
"男性","60歲及以上","專科","中彰投區","本省閩南人","05","03","05",1,0.609203677889509,1,0.000178571428571429,0.000109282054764986,"男性 | 60歲及以上 | 專科 | 中彰投區 | 本省閩南人 | 05 | 03 | 05"
"男性","60歲及以上","專科","中彰投區","本省閩南人","05","07","03",1,0.609203677889509,1,0.000178571428571429,0.000109282054764986,"男性 | 60歲及以上 | 專科 | 中彰投區 | 本省閩南人 | 05 | 07 | 03"
"男性","60歲及以上","專科","中彰投區","本省閩南人","07","00","00",1,0.609203677889509,1,0.000178571428571429,0.000109282054764986,"男性 | 60歲及以上 | 專科 | 中彰投區 | 本省閩南人 | 07 | 00 | 00"
"男性","60歲及以上","專科","中彰投區","本省閩南人","07","03","07",1,0.609203677889509,1,0.000178571428571429,0.000109282054764986,"男性 | 60歲及以上 | 專科 | 中彰投區 | 本省閩南人 | 07 | 03 | 07"
"男性","60歲及以上","專科","中彰投區","本省閩南人","08","00","02",1,0.609203677889509,1,0.000178571428571429,0.000109282054764986,"男性 | 60歲及以上 | 專科 | 中彰投區 | 本省閩南人 | 08 | 00 | 02"
"男性","60歲及以上","專科","中彰投區","本省閩南人","08","04","03",1,0.640595867,1,0.000178571428571429,0.000114913345340004,"男性 | 60歲及以上 | 專科 | 中彰投區 | 本省閩南人 | 08 | 04 | 03"
"男性","60歲及以上","專科","北北基宜蘭區","大陸各省市","05","01","01",1,0.636289032,1,0.000178571428571429,0.000114140763368792,"男性 | 60歲及以上 | 專科 | 北北基宜蘭區 | 大陸各省市 | 05 | 01 | 01"
"男性","60歲及以上","專科","北北基宜蘭區","大陸各省市","05","01","02",1,0.636289032,1,0.000178571428571429,0.000114140763368792,"男性 | 60歲及以上 | 專科 | 北北基宜蘭區 | 大陸各省市 | 05 | 01 | 02"
"男性","60歲及以上","專科","北北基宜蘭區","大陸各省市","05","02","07",1,0.594953846028305,1,0.000178571428571429,0.000106725847436687,"男性 | 60歲及以上 | 專科 | 北北基宜蘭區 | 大陸各省市 | 05 | 02 | 07"
"男性","60歲及以上","專科","北北基宜蘭區","大陸各省市","05","05","05",1,0.594953846028305,1,0.000178571428571429,0.000106725847436687,"男性 | 60歲及以上 | 專科 | 北北基宜蘭區 | 大陸各省市 | 05 | 05 | 05"
"男性","60歲及以上","專科","北北基宜蘭區","大陸各省市","06","00","03",1,0.594953846028305,1,0.000178571428571429,0.000106725847436687,"男性 | 60歲及以上 | 專科 | 北北基宜蘭區 | 大陸各省市 | 06 | 00 | 03"
"男性","60歲及以上","專科","北北基宜蘭區","大陸各省市","06","04","06",1,0.594953846028305,1,0.000178571428571429,0.000106725847436687,"男性 | 60歲及以上 | 專科 | 北北基宜蘭區 | 大陸各省市 | 06 | 04 | 06"
"男性","60歲及以上","專科","北北基宜蘭區","大陸各省市","06","05","03",1,0.894896772,1,0.000178571428571429,0.000160531135310136,"男性 | 60歲及以上 | 專科 | 北北基宜蘭區 | 大陸各省市 | 06 | 05 | 03"
"男性","60歲及以上","專科","北北基宜蘭區","大陸各省市","07","00","00",1,0.786010662,1,0.000178571428571429,0.000140998590993612,"男性 | 60歲及以上 | 專科 | 北北基宜蘭區 | 大陸各省市 | 07 | 00 | 00"
"男性","60歲及以上","專科","北北基宜蘭區","大陸各省市","07","03","05",1,0.594953846028305,1,0.000178571428571429,0.000106725847436687,"男性 | 60歲及以上 | 專科 | 北北基宜蘭區 | 大陸各省市 | 07 | 03 | 05"
"男性","60歲及以上","專科","北北基宜蘭區","大陸各省市","08","01","05",1,0.786010662,1,0.000178571428571429,0.000140998590993612,"男性 | 60歲及以上 | 專科 | 北北基宜蘭區 | 大陸各省市 | 08 | 01 | 05"
"男性","60歲及以上","專科","北北基宜蘭區","大陸各省市","10","00","01",1,0.636289032,1,0.000178571428571429,0.000114140763368792,"男性 | 60歲及以上 | 專科 | 北北基宜蘭區 | 大陸各省市 | 10 | 00 | 01"
"男性","60歲及以上","專科","北北基宜蘭區","本省客家人","05","05","06",1,0.786010662,1,0.000178571428571429,0.000140998590993612,"男性 | 60歲及以上 | 專科 | 北北基宜蘭區 | 本省客家人 | 05 | 05 | 06"
"男性","60歲及以上","專科","北北基宜蘭區","本省客家人","06","00","01",1,1.087718963,1,0.000178571428571429,0.000195120560820119,"男性 | 60歲及以上 | 專科 | 北北基宜蘭區 | 本省客家人 | 06 | 00 | 01"
"男性","60歲及以上","專科","北北基宜蘭區","本省客家人","07","01","05",1,0.594953846028305,1,0.000178571428571429,0.000106725847436687,"男性 | 60歲及以上 | 專科 | 北北基宜蘭區 | 本省客家人 | 07 | 01 | 05"
"男性","60歲及以上","專科","北北基宜蘭區","本省客家人","07","02","03",1,0.636289032,1,0.000178571428571429,0.000114140763368792,"男性 | 60歲及以上 | 專科 | 北北基宜蘭區 | 本省客家人 | 07 | 02 | 03"
"男性","60歲及以上","專科","北北基宜蘭區","本省客家人","08","06","07",1,0.636289032,1,0.000178571428571429,0.000114140763368792,"男性 | 60歲及以上 | 專科 | 北北基宜蘭區 | 本省客家人 | 08 | 06 | 07"
"男性","60歲及以上","專科","北北基宜蘭區","本省閩南人","00","07","00",1,0.594953846028305,1,0.000178571428571429,0.000106725847436687,"男性 | 60歲及以上 | 專科 | 北北基宜蘭區 | 本省閩南人 | 00 | 07 | 00"
"男性","60歲及以上","專科","北北基宜蘭區","本省閩南人","00","08","01",1,0.594953846028305,1,0.000178571428571429,0.000106725847436687,"男性 | 60歲及以上 | 專科 | 北北基宜蘭區 | 本省閩南人 | 00 | 08 | 01"
"男性","60歲及以上","專科","北北基宜蘭區","本省閩南人","00","09","00",1,0.594953846028305,1,0.000178571428571429,0.000106725847436687,"男性 | 60歲及以上 | 專科 | 北北基宜蘭區 | 本省閩南人 | 00 | 09 | 00"
"男性","60歲及以上","專科","北北基宜蘭區","本省閩南人","00","09","04",1,0.786010662,1,0.000178571428571429,0.000140998590993612,"男性 | 60歲及以上 | 專科 | 北北基宜蘭區 | 本省閩南人 | 00 | 09 | 04"
"男性","60歲及以上","專科","北北基宜蘭區","本省閩南人","00","10","00",1,0.594953846028305,1,0.000178571428571429,0.000106725847436687,"男性 | 60歲及以上 | 專科 | 北北基宜蘭區 | 本省閩南人 | 00 | 10 | 00"
"男性","60歲及以上","專科","北北基宜蘭區","本省閩南人","00","10","01",1,0.636289032,1,0.000178571428571429,0.000114140763368792,"男性 | 60歲及以上 | 專科 | 北北基宜蘭區 | 本省閩南人 | 00 | 10 | 01"
"男性","60歲及以上","專科","北北基宜蘭區","本省閩南人","01","02","02",1,0.594953846028305,1,0.000178571428571429,0.000106725847436687,"男性 | 60歲及以上 | 專科 | 北北基宜蘭區 | 本省閩南人 | 01 | 02 | 02"
"男性","60歲及以上","專科","北北基宜蘭區","本省閩南人","02","08","01",1,0.594953846028305,1,0.000178571428571429,0.000106725847436687,"男性 | 60歲及以上 | 專科 | 北北基宜蘭區 | 本省閩南人 | 02 | 08 | 01"
"男性","60歲及以上","專科","北北基宜蘭區","本省閩南人","02","08","03",1,0.594953846028305,1,0.000178571428571429,0.000106725847436687,"男性 | 60歲及以上 | 專科 | 北北基宜蘭區 | 本省閩南人 | 02 | 08 | 03"
"男性","60歲及以上","專科","北北基宜蘭區","本省閩南人","03","05","05",1,0.786010662,1,0.000178571428571429,0.000140998590993612,"男性 | 60歲及以上 | 專科 | 北北基宜蘭區 | 本省閩南人 | 03 | 05 | 05"
"男性","60歲及以上","專科","北北基宜蘭區","本省閩南人","03","07","04",1,0.594953846028305,1,0.000178571428571429,0.000106725847436687,"男性 | 60歲及以上 | 專科 | 北北基宜蘭區 | 本省閩南人 | 03 | 07 | 04"
"男性","60歲及以上","專科","北北基宜蘭區","本省閩南人","03","08","05",1,0.594953846028305,1,0.000178571428571429,0.000106725847436687,"男性 | 60歲及以上 | 專科 | 北北基宜蘭區 | 本省閩南人 | 03 | 08 | 05"
"男性","60歲及以上","專科","北北基宜蘭區","本省閩南人","03","09","00",1,0.594953846028305,1,0.000178571428571429,0.000106725847436687,"男性 | 60歲及以上 | 專科 | 北北基宜蘭區 | 本省閩南人 | 03 | 09 | 00"
"男性","60歲及以上","專科","北北基宜蘭區","本省閩南人","04","02","02",1,0.594953846028305,1,0.000178571428571429,0.000106725847436687,"男性 | 60歲及以上 | 專科 | 北北基宜蘭區 | 本省閩南人 | 04 | 02 | 02"
"男性","60歲及以上","專科","北北基宜蘭區","本省閩南人","04","09","03",1,0.636289032,1,0.000178571428571429,0.000114140763368792,"男性 | 60歲及以上 | 專科 | 北北基宜蘭區 | 本省閩南人 | 04 | 09 | 03"
"男性","60歲及以上","專科","北北基宜蘭區","本省閩南人","05","03","05",1,0.594953846028305,1,0.000178571428571429,0.000106725847436687,"男性 | 60歲及以上 | 專科 | 北北基宜蘭區 | 本省閩南人 | 05 | 03 | 05"
"男性","60歲及以上","專科","北北基宜蘭區","本省閩南人","05","04","06",1,0.786010662,1,0.000178571428571429,0.000140998590993612,"男性 | 60歲及以上 | 專科 | 北北基宜蘭區 | 本省閩南人 | 05 | 04 | 06"
"男性","60歲及以上","專科","北北基宜蘭區","本省閩南人","05","08","04",1,0.786010662,1,0.000178571428571429,0.000140998590993612,"男性 | 60歲及以上 | 專科 | 北北基宜蘭區 | 本省閩南人 | 05 | 08 | 04"
"男性","60歲及以上","專科","北北基宜蘭區","本省閩南人","06","05","06",1,0.594953846028305,1,0.000178571428571429,0.000106725847436687,"男性 | 60歲及以上 | 專科 | 北北基宜蘭區 | 本省閩南人 | 06 | 05 | 06"
"男性","60歲及以上","專科","北北基宜蘭區","本省閩南人","07","00","03",1,0.636289032,1,0.000178571428571429,0.000114140763368792,"男性 | 60歲及以上 | 專科 | 北北基宜蘭區 | 本省閩南人 | 07 | 00 | 03"
"男性","60歲及以上","專科","北北基宜蘭區","本省閩南人","07","02","05",1,0.594953846028305,1,0.000178571428571429,0.000106725847436687,"男性 | 60歲及以上 | 專科 | 北北基宜蘭區 | 本省閩南人 | 07 | 02 | 05"
"男性","60歲及以上","專科","北北基宜蘭區","本省閩南人","07","03","03",1,0.636289032,1,0.000178571428571429,0.000114140763368792,"男性 | 60歲及以上 | 專科 | 北北基宜蘭區 | 本省閩南人 | 07 | 03 | 03"
"男性","60歲及以上","專科","北北基宜蘭區","本省閩南人","07","07","00",1,0.594953846028305,1,0.000178571428571429,0.000106725847436687,"男性 | 60歲及以上 | 專科 | 北北基宜蘭區 | 本省閩南人 | 07 | 07 | 00"
"男性","60歲及以上","專科","北北基宜蘭區","本省閩南人","08","02","05",1,0.594953846028305,1,0.000178571428571429,0.000106725847436687,"男性 | 60歲及以上 | 專科 | 北北基宜蘭區 | 本省閩南人 | 08 | 02 | 05"
"男性","60歲及以上","專科","北北基宜蘭區","本省閩南人","08","02","06",1,0.594953846028305,1,0.000178571428571429,0.000106725847436687,"男性 | 60歲及以上 | 專科 | 北北基宜蘭區 | 本省閩南人 | 08 | 02 | 06"
"男性","60歲及以上","專科","北北基宜蘭區","本省閩南人","08","03","05",1,0.594953846028305,1,0.000178571428571429,0.000106725847436687,"男性 | 60歲及以上 | 專科 | 北北基宜蘭區 | 本省閩南人 | 08 | 03 | 05"
"男性","60歲及以上","專科","桃竹苗區","大陸各省市","05","05","00",1,0.71212699,1,0.000178571428571429,0.000127744962063278,"男性 | 60歲及以上 | 專科 | 桃竹苗區 | 大陸各省市 | 05 | 05 | 00"
"男性","60歲及以上","專科","桃竹苗區","大陸各省市","08","02","06",1,0.547247446,1,0.000178571428571429,9.81680307166784e-05,"男性 | 60歲及以上 | 專科 | 桃竹苗區 | 大陸各省市 | 08 | 02 | 06"
"男性","60歲及以上","專科","桃竹苗區","大陸各省市","08","05","04",1,0.985475221,1,0.000178571428571429,0.000176779558265227,"男性 | 60歲及以上 | 專科 | 桃竹苗區 | 大陸各省市 | 08 | 05 | 04"
"男性","60歲及以上","專科","桃竹苗區","本省客家人","00","08","00",1,0.56012127424102,1,0.000178571428571429,0.000100477403515845,"男性 | 60歲及以上 | 專科 | 桃竹苗區 | 本省客家人 | 00 | 08 | 00"
"男性","60歲及以上","專科","桃竹苗區","本省客家人","00","10","00",1,0.56012127424102,1,0.000178571428571429,0.000100477403515845,"男性 | 60歲及以上 | 專科 | 桃竹苗區 | 本省客家人 | 00 | 10 | 00"
"男性","60歲及以上","專科","桃竹苗區","本省客家人","02","08","02",1,0.56012127424102,1,0.000178571428571429,0.000100477403515845,"男性 | 60歲及以上 | 專科 | 桃竹苗區 | 本省客家人 | 02 | 08 | 02"
"男性","60歲及以上","專科","桃竹苗區","本省客家人","03","05","00",1,0.71212699,1,0.000178571428571429,0.000127744962063278,"男性 | 60歲及以上 | 專科 | 桃竹苗區 | 本省客家人 | 03 | 05 | 00"
"男性","60歲及以上","專科","桃竹苗區","本省客家人","03","06","05",1,0.71212699,1,0.000178571428571429,0.000127744962063278,"男性 | 60歲及以上 | 專科 | 桃竹苗區 | 本省客家人 | 03 | 06 | 05"
"男性","60歲及以上","專科","桃竹苗區","本省客家人","05","05","01",1,0.71212699,1,0.000178571428571429,0.000127744962063278,"男性 | 60歲及以上 | 專科 | 桃竹苗區 | 本省客家人 | 05 | 05 | 01"
"男性","60歲及以上","專科","桃竹苗區","本省客家人","05","05","05",1,0.653958962,1,0.000178571428571429,0.000117310485299301,"男性 | 60歲及以上 | 專科 | 桃竹苗區 | 本省客家人 | 05 | 05 | 05"
"男性","60歲及以上","專科","桃竹苗區","本省客家人","05","08","05",1,0.56012127424102,1,0.000178571428571429,0.000100477403515845,"男性 | 60歲及以上 | 專科 | 桃竹苗區 | 本省客家人 | 05 | 08 | 05"
"男性","60歲及以上","專科","桃竹苗區","本省客家人","06","04","05",1,0.547247446,1,0.000178571428571429,9.81680307166784e-05,"男性 | 60歲及以上 | 專科 | 桃竹苗區 | 本省客家人 | 06 | 04 | 05"
"男性","60歲及以上","專科","桃竹苗區","本省客家人","06","05","06",1,0.56012127424102,1,0.000178571428571429,0.000100477403515845,"男性 | 60歲及以上 | 專科 | 桃竹苗區 | 本省客家人 | 06 | 05 | 06"
"男性","60歲及以上","專科","桃竹苗區","本省客家人","07","04","05",1,0.547247446,1,0.000178571428571429,9.81680307166784e-05,"男性 | 60歲及以上 | 專科 | 桃竹苗區 | 本省客家人 | 07 | 04 | 05"
"男性","60歲及以上","專科","桃竹苗區","本省客家人","08","00","01",1,0.56012127424102,1,0.000178571428571429,0.000100477403515845,"男性 | 60歲及以上 | 專科 | 桃竹苗區 | 本省客家人 | 08 | 00 | 01"
"男性","60歲及以上","專科","桃竹苗區","本省客家人","08","01","01",1,0.547247446,1,0.000178571428571429,9.81680307166784e-05,"男性 | 60歲及以上 | 專科 | 桃竹苗區 | 本省客家人 | 08 | 01 | 01"
"男性","60歲及以上","專科","桃竹苗區","本省客家人","08","02","01",1,0.985475221,1,0.000178571428571429,0.000176779558265227,"男性 | 60歲及以上 | 專科 | 桃竹苗區 | 本省客家人 | 08 | 02 | 01"
"男性","60歲及以上","專科","桃竹苗區","本省客家人","09","01","07",1,0.56012127424102,1,0.000178571428571429,0.000100477403515845,"男性 | 60歲及以上 | 專科 | 桃竹苗區 | 本省客家人 | 09 | 01 | 07"
"男性","60歲及以上","專科","桃竹苗區","本省客家人","09","03","08",1,0.71212699,1,0.000178571428571429,0.000127744962063278,"男性 | 60歲及以上 | 專科 | 桃竹苗區 | 本省客家人 | 09 | 03 | 08"
"男性","60歲及以上","專科","桃竹苗區","本省閩南人","00","10","00",1,0.81077799,1,0.000178571428571429,0.000145441480281896,"男性 | 60歲及以上 | 專科 | 桃竹苗區 | 本省閩南人 | 00 | 10 | 00"
"男性","60歲及以上","專科","桃竹苗區","本省閩南人","03","05","00",1,0.547247446,1,0.000178571428571429,9.81680307166784e-05,"男性 | 60歲及以上 | 專科 | 桃竹苗區 | 本省閩南人 | 03 | 05 | 00"
"男性","60歲及以上","專科","桃竹苗區","本省閩南人","04","07","00",1,0.56012127424102,1,0.000178571428571429,0.000100477403515845,"男性 | 60歲及以上 | 專科 | 桃竹苗區 | 本省閩南人 | 04 | 07 | 00"
"男性","60歲及以上","專科","桃竹苗區","本省閩南人","05","04","04",1,0.985475221,1,0.000178571428571429,0.000176779558265227,"男性 | 60歲及以上 | 專科 | 桃竹苗區 | 本省閩南人 | 05 | 04 | 04"
"男性","60歲及以上","專科","桃竹苗區","本省閩南人","06","05","05",1,0.985475221,1,0.000178571428571429,0.000176779558265227,"男性 | 60歲及以上 | 專科 | 桃竹苗區 | 本省閩南人 | 06 | 05 | 05"
"男性","60歲及以上","專科","桃竹苗區","本省閩南人","06","06","05",1,0.547247446,1,0.000178571428571429,9.81680307166784e-05,"男性 | 60歲及以上 | 專科 | 桃竹苗區 | 本省閩南人 | 06 | 06 | 05"
"男性","60歲及以上","專科","桃竹苗區","本省閩南人","07","00","05",1,0.56012127424102,1,0.000178571428571429,0.000100477403515845,"男性 | 60歲及以上 | 專科 | 桃竹苗區 | 本省閩南人 | 07 | 00 | 05"
"男性","60歲及以上","專科","桃竹苗區","本省閩南人","08","03","06",1,0.56012127424102,1,0.000178571428571429,0.000100477403515845,"男性 | 60歲及以上 | 專科 | 桃竹苗區 | 本省閩南人 | 08 | 03 | 06"
"男性","60歲及以上","專科","花東區","大陸各省市","10","00","05",1,0.471176694859372,1,0.000178571428571429,8.45220724044052e-05,"男性 | 60歲及以上 | 專科 | 花東區 | 大陸各省市 | 10 | 00 | 05"
"男性","60歲及以上","專科","花東區","本省客家人","02","05","00",1,0.471176694859372,1,0.000178571428571429,8.45220724044052e-05,"男性 | 60歲及以上 | 專科 | 花東區 | 本省客家人 | 02 | 05 | 00"
"男性","60歲及以上","專科","花東區","本省客家人","08","02","02",1,0.506132455,1,0.000178571428571429,9.07926144787304e-05,"男性 | 60歲及以上 | 專科 | 花東區 | 本省客家人 | 08 | 02 | 02"
"男性","60歲及以上","專科","花東區","本省客家人","08","03","01",1,0.579924923,1,0.000178571428571429,0.000104029882771589,"男性 | 60歲及以上 | 專科 | 花東區 | 本省客家人 | 08 | 03 | 01"
"男性","60歲及以上","專科","花東區","本省閩南人","02","08","01",1,0.506132455,1,0.000178571428571429,9.07926144787304e-05,"男性 | 60歲及以上 | 專科 | 花東區 | 本省閩南人 | 02 | 08 | 01"
"男性","60歲及以上","專科","花東區","本省閩南人","06","02","04",1,0.506132455,1,0.000178571428571429,9.07926144787304e-05,"男性 | 60歲及以上 | 專科 | 花東區 | 本省閩南人 | 06 | 02 | 04"
"男性","60歲及以上","專科","花東區","本省閩南人","06","03","05",1,0.700410181,1,0.000178571428571429,0.000125643141261334,"男性 | 60歲及以上 | 專科 | 花東區 | 本省閩南人 | 06 | 03 | 05"
"男性","60歲及以上","專科","花東區","本省閩南人","07","03","07",1,0.471176694859372,1,0.000178571428571429,8.45220724044052e-05,"男性 | 60歲及以上 | 專科 | 花東區 | 本省閩南人 | 07 | 03 | 07"
"男性","60歲及以上","專科","花東區","本省閩南人","08","00","06",1,0.506132455,1,0.000178571428571429,9.07926144787304e-05,"男性 | 60歲及以上 | 專科 | 花東區 | 本省閩南人 | 08 | 00 | 06"
"男性","60歲及以上","專科","花東區","本省閩南人","08","02","06",1,0.506132455,1,0.000178571428571429,9.07926144787304e-05,"男性 | 60歲及以上 | 專科 | 花東區 | 本省閩南人 | 08 | 02 | 06"
"男性","60歲及以上","專科","雲嘉南區","大陸各省市","07","03","04",1,0.473167764,1,0.000178571428571429,8.48792405154396e-05,"男性 | 60歲及以上 | 專科 | 雲嘉南區 | 大陸各省市 | 07 | 03 | 04"
"男性","60歲及以上","專科","雲嘉南區","本省客家人","00","08","00",1,0.52489489443348,1,0.000178571428571429,9.4158316309024e-05,"男性 | 60歲及以上 | 專科 | 雲嘉南區 | 本省客家人 | 00 | 08 | 00"
"男性","60歲及以上","專科","雲嘉南區","本省閩南人","00","00","00",1,0.52489489443348,1,0.000178571428571429,9.4158316309024e-05,"男性 | 60歲及以上 | 專科 | 雲嘉南區 | 本省閩南人 | 00 | 00 | 00"
"男性","60歲及以上","專科","雲嘉南區","本省閩南人","00","07","00",1,0.52489489443348,1,0.000178571428571429,9.4158316309024e-05,"男性 | 60歲及以上 | 專科 | 雲嘉南區 | 本省閩南人 | 00 | 07 | 00"
"男性","60歲及以上","專科","雲嘉南區","本省閩南人","01","02","00",1,0.473167764,1,0.000178571428571429,8.48792405154396e-05,"男性 | 60歲及以上 | 專科 | 雲嘉南區 | 本省閩南人 | 01 | 02 | 00"
"男性","60歲及以上","專科","雲嘉南區","本省閩南人","02","06","00",1,0.52489489443348,1,0.000178571428571429,9.4158316309024e-05,"男性 | 60歲及以上 | 專科 | 雲嘉南區 | 本省閩南人 | 02 | 06 | 00"
"男性","60歲及以上","專科","雲嘉南區","本省閩南人","03","07","00",1,0.72482983,1,0.000178571428571429,0.000130023662121951,"男性 | 60歲及以上 | 專科 | 雲嘉南區 | 本省閩南人 | 03 | 07 | 00"
"男性","60歲及以上","專科","雲嘉南區","本省閩南人","03","07","03",1,0.473167764,1,0.000178571428571429,8.48792405154396e-05,"男性 | 60歲及以上 | 專科 | 雲嘉南區 | 本省閩南人 | 03 | 07 | 03"
"男性","60歲及以上","專科","雲嘉南區","本省閩南人","05","05","03",1,0.636636529,1,0.000178571428571429,0.000114203099148372,"男性 | 60歲及以上 | 專科 | 雲嘉南區 | 本省閩南人 | 05 | 05 | 03"
"男性","60歲及以上","專科","雲嘉南區","本省閩南人","05","08","05",1,0.473167764,1,0.000178571428571429,8.48792405154396e-05,"男性 | 60歲及以上 | 專科 | 雲嘉南區 | 本省閩南人 | 05 | 08 | 05"
"男性","60歲及以上","專科","雲嘉南區","本省閩南人","06","00","00",1,0.636636529,1,0.000178571428571429,0.000114203099148372,"男性 | 60歲及以上 | 專科 | 雲嘉南區 | 本省閩南人 | 06 | 00 | 00"
"男性","60歲及以上","專科","雲嘉南區","本省閩南人","06","03","04",1,0.52489489443348,1,0.000178571428571429,9.4158316309024e-05,"男性 | 60歲及以上 | 專科 | 雲嘉南區 | 本省閩南人 | 06 | 03 | 04"
"男性","60歲及以上","專科","雲嘉南區","本省閩南人","06","03","06",1,0.52489489443348,1,0.000178571428571429,9.4158316309024e-05,"男性 | 60歲及以上 | 專科 | 雲嘉南區 | 本省閩南人 | 06 | 03 | 06"
"男性","60歲及以上","專科","雲嘉南區","本省閩南人","06","04","05",1,0.52489489443348,1,0.000178571428571429,9.4158316309024e-05,"男性 | 60歲及以上 | 專科 | 雲嘉南區 | 本省閩南人 | 06 | 04 | 05"
"男性","60歲及以上","專科","雲嘉南區","本省閩南人","07","06","05",1,0.52489489443348,1,0.000178571428571429,9.4158316309024e-05,"男性 | 60歲及以上 | 專科 | 雲嘉南區 | 本省閩南人 | 07 | 06 | 05"
"男性","60歲及以上","專科","雲嘉南區","本省閩南人","08","06","06",1,0.52489489443348,1,0.000178571428571429,9.4158316309024e-05,"男性 | 60歲及以上 | 專科 | 雲嘉南區 | 本省閩南人 | 08 | 06 | 06"
"男性","60歲及以上","專科","雲嘉南區","本省閩南人","10","05","06",1,0.636636529,1,0.000178571428571429,0.000114203099148372,"男性 | 60歲及以上 | 專科 | 雲嘉南區 | 本省閩南人 | 10 | 05 | 06"
"男性","60歲及以上","專科","雲嘉南區","本省閩南人","10","05","09",1,0.881007928,1,0.000178571428571429,0.000158039683820728,"男性 | 60歲及以上 | 專科 | 雲嘉南區 | 本省閩南人 | 10 | 05 | 09"
"男性","60歲及以上","專科","高屏區","大陸各省市","00","08","00",1,0.751787917121307,1,0.000178571428571429,0.000134859540925828,"男性 | 60歲及以上 | 專科 | 高屏區 | 大陸各省市 | 00 | 08 | 00"
"男性","60歲及以上","專科","高屏區","大陸各省市","04","00","03",1,0.659489279,1,0.000178571428571429,0.000118302541695539,"男性 | 60歲及以上 | 專科 | 高屏區 | 大陸各省市 | 04 | 00 | 03"
"男性","60歲及以上","專科","高屏區","大陸各省市","05","03","04",1,0.751787917121307,1,0.000178571428571429,0.000134859540925828,"男性 | 60歲及以上 | 專科 | 高屏區 | 大陸各省市 | 05 | 03 | 04"
"男性","60歲及以上","專科","高屏區","大陸各省市","06","04","03",1,0.529869023,1,0.000178571428571429,9.50506007947278e-05,"男性 | 60歲及以上 | 專科 | 高屏區 | 大陸各省市 | 06 | 04 | 03"
"男性","60歲及以上","專科","高屏區","大陸各省市","06","05","06",1,0.659489279,1,0.000178571428571429,0.000118302541695539,"男性 | 60歲及以上 | 專科 | 高屏區 | 大陸各省市 | 06 | 05 | 06"
"男性","60歲及以上","專科","高屏區","大陸各省市","07","05","01",1,0.529869023,1,0.000178571428571429,9.50506007947278e-05,"男性 | 60歲及以上 | 專科 | 高屏區 | 大陸各省市 | 07 | 05 | 01"
"男性","60歲及以上","專科","高屏區","本省客家人","05","05","03",1,0.659489279,1,0.000178571428571429,0.000118302541695539,"男性 | 60歲及以上 | 專科 | 高屏區 | 本省客家人 | 05 | 05 | 03"
"男性","60歲及以上","專科","高屏區","本省閩南人","01","09","01",1,0.751787917121307,1,0.000178571428571429,0.000134859540925828,"男性 | 60歲及以上 | 專科 | 高屏區 | 本省閩南人 | 01 | 09 | 01"
"男性","60歲及以上","專科","高屏區","本省閩南人","01","09","02",1,0.659489279,1,0.000178571428571429,0.000118302541695539,"男性 | 60歲及以上 | 專科 | 高屏區 | 本省閩南人 | 01 | 09 | 02"
"男性","60歲及以上","專科","高屏區","本省閩南人","03","10","01",1,0.659489279,1,0.000178571428571429,0.000118302541695539,"男性 | 60歲及以上 | 專科 | 高屏區 | 本省閩南人 | 03 | 10 | 01"
"男性","60歲及以上","專科","高屏區","本省閩南人","03","10","03",1,0.529869023,1,0.000178571428571429,9.50506007947278e-05,"男性 | 60歲及以上 | 專科 | 高屏區 | 本省閩南人 | 03 | 10 | 03"
"男性","60歲及以上","專科","高屏區","本省閩南人","05","00","01",1,0.750848373,1,0.000178571428571429,0.000134691000721878,"男性 | 60歲及以上 | 專科 | 高屏區 | 本省閩南人 | 05 | 00 | 01"
"男性","60歲及以上","專科","高屏區","本省閩南人","05","02","03",1,0.659489279,1,0.000178571428571429,0.000118302541695539,"男性 | 60歲及以上 | 專科 | 高屏區 | 本省閩南人 | 05 | 02 | 03"
"男性","60歲及以上","專科","高屏區","本省閩南人","05","03","06",1,0.529869023,1,0.000178571428571429,9.50506007947278e-05,"男性 | 60歲及以上 | 專科 | 高屏區 | 本省閩南人 | 05 | 03 | 06"
"男性","60歲及以上","專科","高屏區","本省閩南人","05","04","03",1,0.912632652,1,0.000178571428571429,0.000163712687687134,"男性 | 60歲及以上 | 專科 | 高屏區 | 本省閩南人 | 05 | 04 | 03"
"男性","60歲及以上","專科","高屏區","本省閩南人","05","05","03",1,0.751787917121307,1,0.000178571428571429,0.000134859540925828,"男性 | 60歲及以上 | 專科 | 高屏區 | 本省閩南人 | 05 | 05 | 03"
"男性","60歲及以上","專科","高屏區","本省閩南人","05","06","03",1,0.751787917121307,1,0.000178571428571429,0.000134859540925828,"男性 | 60歲及以上 | 專科 | 高屏區 | 本省閩南人 | 05 | 06 | 03"
"男性","60歲及以上","專科","高屏區","本省閩南人","05","08","04",1,0.751787917121307,1,0.000178571428571429,0.000134859540925828,"男性 | 60歲及以上 | 專科 | 高屏區 | 本省閩南人 | 05 | 08 | 04"
"男性","60歲及以上","專科","高屏區","本省閩南人","07","04","06",1,0.751787917121307,1,0.000178571428571429,0.000134859540925828,"男性 | 60歲及以上 | 專科 | 高屏區 | 本省閩南人 | 07 | 04 | 06"
"男性","60歲及以上","專科","高屏區","本省閩南人","07","06","02",1,0.750848373,1,0.000178571428571429,0.000134691000721878,"男性 | 60歲及以上 | 專科 | 高屏區 | 本省閩南人 | 07 | 06 | 02"
"男性","60歲及以上","小學及以下","中彰投區","大陸各省市","02","00","00",1,0.890785837,1,0.000178571428571429,0.000159793694877469,"男性 | 60歲及以上 | 小學及以下 | 中彰投區 | 大陸各省市 | 02 | 00 | 00"
"男性","60歲及以上","小學及以下","中彰投區","大陸各省市","10","00","05",1,0.890785837,1,0.000178571428571429,0.000159793694877469,"男性 | 60歲及以上 | 小學及以下 | 中彰投區 | 大陸各省市 | 10 | 00 | 05"
"男性","60歲及以上","小學及以下","中彰投區","本省閩南人","00","08","01",1,0.890785837,1,0.000178571428571429,0.000159793694877469,"男性 | 60歲及以上 | 小學及以下 | 中彰投區 | 本省閩南人 | 00 | 08 | 01"
"男性","60歲及以上","小學及以下","中彰投區","本省閩南人","00","10","02",1,0.890785837,1,0.000178571428571429,0.000159793694877469,"男性 | 60歲及以上 | 小學及以下 | 中彰投區 | 本省閩南人 | 00 | 10 | 02"
"男性","60歲及以上","小學及以下","中彰投區","本省閩南人","02","03","02",1,0.890785837,1,0.000178571428571429,0.000159793694877469,"男性 | 60歲及以上 | 小學及以下 | 中彰投區 | 本省閩南人 | 02 | 03 | 02"
"男性","60歲及以上","小學及以下","中彰投區","本省閩南人","03","03","03",1,0.890785837,1,0.000178571428571429,0.000159793694877469,"男性 | 60歲及以上 | 小學及以下 | 中彰投區 | 本省閩南人 | 03 | 03 | 03"
"男性","60歲及以上","小學及以下","中彰投區","本省閩南人","03","08","05",1,0.85478747,1,0.000178571428571429,0.000153336124680958,"男性 | 60歲及以上 | 小學及以下 | 中彰投區 | 本省閩南人 | 03 | 08 | 05"
"男性","60歲及以上","小學及以下","中彰投區","本省閩南人","03","10","02",1,0.670097474,1,0.000178571428571429,0.000120205493678632,"男性 | 60歲及以上 | 小學及以下 | 中彰投區 | 本省閩南人 | 03 | 10 | 02"
"男性","60歲及以上","小學及以下","中彰投區","本省閩南人","04","06","01",1,0.890785837,1,0.000178571428571429,0.000159793694877469,"男性 | 60歲及以上 | 小學及以下 | 中彰投區 | 本省閩南人 | 04 | 06 | 01"
"男性","60歲及以上","小學及以下","中彰投區","本省閩南人","04","06","02",1,0.85478747,1,0.000178571428571429,0.000153336124680958,"男性 | 60歲及以上 | 小學及以下 | 中彰投區 | 本省閩南人 | 04 | 06 | 02"
"男性","60歲及以上","小學及以下","中彰投區","本省閩南人","04","08","02",1,0.85478747,1,0.000178571428571429,0.000153336124680958,"男性 | 60歲及以上 | 小學及以下 | 中彰投區 | 本省閩南人 | 04 | 08 | 02"
"男性","60歲及以上","小學及以下","中彰投區","本省閩南人","04","08","04",1,0.85478747,1,0.000178571428571429,0.000153336124680958,"男性 | 60歲及以上 | 小學及以下 | 中彰投區 | 本省閩南人 | 04 | 08 | 04"
"男性","60歲及以上","小學及以下","中彰投區","本省閩南人","05","00","10",1,0.890785837,1,0.000178571428571429,0.000159793694877469,"男性 | 60歲及以上 | 小學及以下 | 中彰投區 | 本省閩南人 | 05 | 00 | 10"
"男性","60歲及以上","小學及以下","中彰投區","本省閩南人","06","09","06",1,0.85478747,1,0.000178571428571429,0.000153336124680958,"男性 | 60歲及以上 | 小學及以下 | 中彰投區 | 本省閩南人 | 06 | 09 | 06"
"男性","60歲及以上","小學及以下","中彰投區","本省閩南人","07","02","01",1,1.265613404,1,0.000178571428571429,0.000227032170597488,"男性 | 60歲及以上 | 小學及以下 | 中彰投區 | 本省閩南人 | 07 | 02 | 01"
"男性","60歲及以上","小學及以下","中彰投區","本省閩南人","08","00","02",1,0.890785837,1,0.000178571428571429,0.000159793694877469,"男性 | 60歲及以上 | 小學及以下 | 中彰投區 | 本省閩南人 | 08 | 00 | 02"
"男性","60歲及以上","小學及以下","中彰投區","本省閩南人","08","01","05",1,0.890785837,1,0.000178571428571429,0.000159793694877469,"男性 | 60歲及以上 | 小學及以下 | 中彰投區 | 本省閩南人 | 08 | 01 | 05"
"男性","60歲及以上","小學及以下","北北基宜蘭區","原住民","01","09","04",1,1.048823602,1,0.000178571428571429,0.00018814331310285,"男性 | 60歲及以上 | 小學及以下 | 北北基宜蘭區 | 原住民 | 01 | 09 | 04"
"男性","60歲及以上","小學及以下","北北基宜蘭區","大陸各省市","09","02","06",1,0.869949540493392,1,0.000178571428571429,0.000156055974015666,"男性 | 60歲及以上 | 小學及以下 | 北北基宜蘭區 | 大陸各省市 | 09 | 02 | 06"
"男性","60歲及以上","小學及以下","北北基宜蘭區","大陸各省市","09","03","02",1,1.048823602,1,0.000178571428571429,0.00018814331310285,"男性 | 60歲及以上 | 小學及以下 | 北北基宜蘭區 | 大陸各省市 | 09 | 03 | 02"
"男性","60歲及以上","小學及以下","北北基宜蘭區","大陸各省市","10","08","06",1,0.883811814,1,0.000178571428571429,0.000158542659154804,"男性 | 60歲及以上 | 小學及以下 | 北北基宜蘭區 | 大陸各省市 | 10 | 08 | 06"
"男性","60歲及以上","小學及以下","北北基宜蘭區","本省客家人","05","10","03",1,1.048823602,1,0.000178571428571429,0.00018814331310285,"男性 | 60歲及以上 | 小學及以下 | 北北基宜蘭區 | 本省客家人 | 05 | 10 | 03"
"男性","60歲及以上","小學及以下","北北基宜蘭區","本省閩南人","00","06","05",1,0.869949540493392,1,0.000178571428571429,0.000156055974015666,"男性 | 60歲及以上 | 小學及以下 | 北北基宜蘭區 | 本省閩南人 | 00 | 06 | 05"
"男性","60歲及以上","小學及以下","北北基宜蘭區","本省閩南人","00","08","00",1,0.869949540493392,1,0.000178571428571429,0.000156055974015666,"男性 | 60歲及以上 | 小學及以下 | 北北基宜蘭區 | 本省閩南人 | 00 | 08 | 00"
"男性","60歲及以上","小學及以下","北北基宜蘭區","本省閩南人","00","10","01",1,0.869949540493392,1,0.000178571428571429,0.000156055974015666,"男性 | 60歲及以上 | 小學及以下 | 北北基宜蘭區 | 本省閩南人 | 00 | 10 | 01"
"男性","60歲及以上","小學及以下","北北基宜蘭區","本省閩南人","00","10","10",1,0.869949540493392,1,0.000178571428571429,0.000156055974015666,"男性 | 60歲及以上 | 小學及以下 | 北北基宜蘭區 | 本省閩南人 | 00 | 10 | 10"
"男性","60歲及以上","小學及以下","北北基宜蘭區","本省閩南人","01","06","02",1,0.869949540493392,1,0.000178571428571429,0.000156055974015666,"男性 | 60歲及以上 | 小學及以下 | 北北基宜蘭區 | 本省閩南人 | 01 | 06 | 02"
"男性","60歲及以上","小學及以下","北北基宜蘭區","本省閩南人","01","10","00",1,0.883811814,1,0.000178571428571429,0.000158542659154804,"男性 | 60歲及以上 | 小學及以下 | 北北基宜蘭區 | 本省閩南人 | 01 | 10 | 00"
"男性","60歲及以上","小學及以下","北北基宜蘭區","本省閩南人","02","07","00",1,1.048823602,1,0.000178571428571429,0.00018814331310285,"男性 | 60歲及以上 | 小學及以下 | 北北基宜蘭區 | 本省閩南人 | 02 | 07 | 00"
"男性","60歲及以上","小學及以下","北北基宜蘭區","本省閩南人","02","08","03",1,0.869949540493392,1,0.000178571428571429,0.000156055974015666,"男性 | 60歲及以上 | 小學及以下 | 北北基宜蘭區 | 本省閩南人 | 02 | 08 | 03"
"男性","60歲及以上","小學及以下","北北基宜蘭區","本省閩南人","02","09","09",1,0.883811814,1,0.000178571428571429,0.000158542659154804,"男性 | 60歲及以上 | 小學及以下 | 北北基宜蘭區 | 本省閩南人 | 02 | 09 | 09"
"男性","60歲及以上","小學及以下","北北基宜蘭區","本省閩南人","03","00","05",1,0.869949540493392,1,0.000178571428571429,0.000156055974015666,"男性 | 60歲及以上 | 小學及以下 | 北北基宜蘭區 | 本省閩南人 | 03 | 00 | 05"
"男性","60歲及以上","小學及以下","北北基宜蘭區","本省閩南人","03","02","02",1,0.869949540493392,1,0.000178571428571429,0.000156055974015666,"男性 | 60歲及以上 | 小學及以下 | 北北基宜蘭區 | 本省閩南人 | 03 | 02 | 02"
"男性","60歲及以上","小學及以下","北北基宜蘭區","本省閩南人","03","04","05",1,0.883811814,1,0.000178571428571429,0.000158542659154804,"男性 | 60歲及以上 | 小學及以下 | 北北基宜蘭區 | 本省閩南人 | 03 | 04 | 05"
"男性","60歲及以上","小學及以下","北北基宜蘭區","本省閩南人","03","07","02",1,1.048823602,1,0.000178571428571429,0.00018814331310285,"男性 | 60歲及以上 | 小學及以下 | 北北基宜蘭區 | 本省閩南人 | 03 | 07 | 02"
"男性","60歲及以上","小學及以下","北北基宜蘭區","本省閩南人","03","07","03",1,1.048823602,1,0.000178571428571429,0.00018814331310285,"男性 | 60歲及以上 | 小學及以下 | 北北基宜蘭區 | 本省閩南人 | 03 | 07 | 03"
"男性","60歲及以上","小學及以下","北北基宜蘭區","本省閩南人","03","07","04",1,0.869949540493392,1,0.000178571428571429,0.000156055974015666,"男性 | 60歲及以上 | 小學及以下 | 北北基宜蘭區 | 本省閩南人 | 03 | 07 | 04"
"男性","60歲及以上","小學及以下","北北基宜蘭區","本省閩南人","03","08","00",1,0.869949540493392,1,0.000178571428571429,0.000156055974015666,"男性 | 60歲及以上 | 小學及以下 | 北北基宜蘭區 | 本省閩南人 | 03 | 08 | 00"
"男性","60歲及以上","小學及以下","北北基宜蘭區","本省閩南人","03","09","01",1,0.869949540493392,1,0.000178571428571429,0.000156055974015666,"男性 | 60歲及以上 | 小學及以下 | 北北基宜蘭區 | 本省閩南人 | 03 | 09 | 01"
"男性","60歲及以上","小學及以下","北北基宜蘭區","本省閩南人","03","09","02",1,0.869949540493392,1,0.000178571428571429,0.000156055974015666,"男性 | 60歲及以上 | 小學及以下 | 北北基宜蘭區 | 本省閩南人 | 03 | 09 | 02"
"男性","60歲及以上","小學及以下","北北基宜蘭區","本省閩南人","04","07","01",1,1.048823602,1,0.000178571428571429,0.00018814331310285,"男性 | 60歲及以上 | 小學及以下 | 北北基宜蘭區 | 本省閩南人 | 04 | 07 | 01"
"男性","60歲及以上","小學及以下","北北基宜蘭區","本省閩南人","05","05","00",1,0.869949540493392,1,0.000178571428571429,0.000156055974015666,"男性 | 60歲及以上 | 小學及以下 | 北北基宜蘭區 | 本省閩南人 | 05 | 05 | 00"
"男性","60歲及以上","小學及以下","北北基宜蘭區","本省閩南人","05","05","02",1,0.869949540493392,1,0.000178571428571429,0.000156055974015666,"男性 | 60歲及以上 | 小學及以下 | 北北基宜蘭區 | 本省閩南人 | 05 | 05 | 02"
"男性","60歲及以上","小學及以下","北北基宜蘭區","本省閩南人","05","05","03",1,0.869949540493392,1,0.000178571428571429,0.000156055974015666,"男性 | 60歲及以上 | 小學及以下 | 北北基宜蘭區 | 本省閩南人 | 05 | 05 | 03"
"男性","60歲及以上","小學及以下","北北基宜蘭區","本省閩南人","05","05","04",1,1.048823602,1,0.000178571428571429,0.00018814331310285,"男性 | 60歲及以上 | 小學及以下 | 北北基宜蘭區 | 本省閩南人 | 05 | 05 | 04"
"男性","60歲及以上","小學及以下","北北基宜蘭區","本省閩南人","06","04","03",1,1.048823602,1,0.000178571428571429,0.00018814331310285,"男性 | 60歲及以上 | 小學及以下 | 北北基宜蘭區 | 本省閩南人 | 06 | 04 | 03"
"男性","60歲及以上","小學及以下","北北基宜蘭區","本省閩南人","06","04","04",1,1.048823602,1,0.000178571428571429,0.00018814331310285,"男性 | 60歲及以上 | 小學及以下 | 北北基宜蘭區 | 本省閩南人 | 06 | 04 | 04"
"男性","60歲及以上","小學及以下","北北基宜蘭區","本省閩南人","06","05","04",1,0.869949540493392,1,0.000178571428571429,0.000156055974015666,"男性 | 60歲及以上 | 小學及以下 | 北北基宜蘭區 | 本省閩南人 | 06 | 05 | 04"
"男性","60歲及以上","小學及以下","北北基宜蘭區","本省閩南人","06","05","05",1,0.883811814,1,0.000178571428571429,0.000158542659154804,"男性 | 60歲及以上 | 小學及以下 | 北北基宜蘭區 | 本省閩南人 | 06 | 05 | 05"
"男性","60歲及以上","小學及以下","北北基宜蘭區","本省閩南人","06","09","06",1,1.048823602,1,0.000178571428571429,0.00018814331310285,"男性 | 60歲及以上 | 小學及以下 | 北北基宜蘭區 | 本省閩南人 | 06 | 09 | 06"
"男性","60歲及以上","小學及以下","北北基宜蘭區","本省閩南人","07","06","05",1,1.048823602,1,0.000178571428571429,0.00018814331310285,"男性 | 60歲及以上 | 小學及以下 | 北北基宜蘭區 | 本省閩南人 | 07 | 06 | 05"
"男性","60歲及以上","小學及以下","北北基宜蘭區","本省閩南人","10","10","10",1,0.883811814,1,0.000178571428571429,0.000158542659154804,"男性 | 60歲及以上 | 小學及以下 | 北北基宜蘭區 | 本省閩南人 | 10 | 10 | 10"
"男性","60歲及以上","小學及以下","桃竹苗區","本省客家人","00","05","00",1,0.760132163,1,0.000178571428571429,0.00013635637419881,"男性 | 60歲及以上 | 小學及以下 | 桃竹苗區 | 本省客家人 | 00 | 05 | 00"
"男性","60歲及以上","小學及以下","桃竹苗區","本省客家人","00","06","01",1,0.819016884081736,1,0.000178571428571429,0.000146919415013614,"男性 | 60歲及以上 | 小學及以下 | 桃竹苗區 | 本省客家人 | 00 | 06 | 01"
"男性","60歲及以上","小學及以下","桃竹苗區","本省客家人","00","10","00",1,0.819016884081736,1,0.000178571428571429,0.000146919415013614,"男性 | 60歲及以上 | 小學及以下 | 桃竹苗區 | 本省客家人 | 00 | 10 | 00"
"男性","60歲及以上","小學及以下","桃竹苗區","本省客家人","03","09","00",1,0.950235958,1,0.000178571428571429,0.000170458160005805,"男性 | 60歲及以上 | 小學及以下 | 桃竹苗區 | 本省客家人 | 03 | 09 | 00"
"男性","60歲及以上","小學及以下","桃竹苗區","本省客家人","04","07","03",1,0.760132163,1,0.000178571428571429,0.00013635637419881,"男性 | 60歲及以上 | 小學及以下 | 桃竹苗區 | 本省客家人 | 04 | 07 | 03"
"男性","60歲及以上","小學及以下","桃竹苗區","本省客家人","05","04","04",1,0.819016884081736,1,0.000178571428571429,0.000146919415013614,"男性 | 60歲及以上 | 小學及以下 | 桃竹苗區 | 本省客家人 | 05 | 04 | 04"
"男性","60歲及以上","小學及以下","桃竹苗區","本省客家人","06","00","05",1,0.760132163,1,0.000178571428571429,0.00013635637419881,"男性 | 60歲及以上 | 小學及以下 | 桃竹苗區 | 本省客家人 | 06 | 00 | 05"
"男性","60歲及以上","小學及以下","桃竹苗區","本省客家人","06","03","01",1,0.950235958,1,0.000178571428571429,0.000170458160005805,"男性 | 60歲及以上 | 小學及以下 | 桃竹苗區 | 本省客家人 | 06 | 03 | 01"
"男性","60歲及以上","小學及以下","桃竹苗區","本省客家人","06","05","04",1,0.760132163,1,0.000178571428571429,0.00013635637419881,"男性 | 60歲及以上 | 小學及以下 | 桃竹苗區 | 本省客家人 | 06 | 05 | 04"
"男性","60歲及以上","小學及以下","桃竹苗區","本省客家人","06","06","05",1,0.950235958,1,0.000178571428571429,0.000170458160005805,"男性 | 60歲及以上 | 小學及以下 | 桃竹苗區 | 本省客家人 | 06 | 06 | 05"
"男性","60歲及以上","小學及以下","桃竹苗區","本省客家人","10","03","01",1,0.950235958,1,0.000178571428571429,0.000170458160005805,"男性 | 60歲及以上 | 小學及以下 | 桃竹苗區 | 本省客家人 | 10 | 03 | 01"
"男性","60歲及以上","小學及以下","桃竹苗區","本省閩南人","00","05","00",1,0.819016884081736,1,0.000178571428571429,0.000146919415013614,"男性 | 60歲及以上 | 小學及以下 | 桃竹苗區 | 本省閩南人 | 00 | 05 | 00"
"男性","60歲及以上","小學及以下","桃竹苗區","本省閩南人","01","07","02",1,0.819016884081736,1,0.000178571428571429,0.000146919415013614,"男性 | 60歲及以上 | 小學及以下 | 桃竹苗區 | 本省閩南人 | 01 | 07 | 02"
"男性","60歲及以上","小學及以下","桃竹苗區","本省閩南人","02","07","03",1,0.819016884081736,1,0.000178571428571429,0.000146919415013614,"男性 | 60歲及以上 | 小學及以下 | 桃竹苗區 | 本省閩南人 | 02 | 07 | 03"
"男性","60歲及以上","小學及以下","桃竹苗區","本省閩南人","02","08","00",1,0.819016884081736,1,0.000178571428571429,0.000146919415013614,"男性 | 60歲及以上 | 小學及以下 | 桃竹苗區 | 本省閩南人 | 02 | 08 | 00"
"男性","60歲及以上","小學及以下","桃竹苗區","本省閩南人","03","10","00",1,0.819016884081736,1,0.000178571428571429,0.000146919415013614,"男性 | 60歲及以上 | 小學及以下 | 桃竹苗區 | 本省閩南人 | 03 | 10 | 00"
"男性","60歲及以上","小學及以下","桃竹苗區","本省閩南人","05","05","02",1,0.819016884081736,1,0.000178571428571429,0.000146919415013614,"男性 | 60歲及以上 | 小學及以下 | 桃竹苗區 | 本省閩南人 | 05 | 05 | 02"
"男性","60歲及以上","小學及以下","桃竹苗區","本省閩南人","07","07","02",1,0.819016884081736,1,0.000178571428571429,0.000146919415013614,"男性 | 60歲及以上 | 小學及以下 | 桃竹苗區 | 本省閩南人 | 07 | 07 | 02"
"男性","60歲及以上","小學及以下","桃竹苗區","本省閩南人","08","03","01",1,0.950235958,1,0.000178571428571429,0.000170458160005805,"男性 | 60歲及以上 | 小學及以下 | 桃竹苗區 | 本省閩南人 | 08 | 03 | 01"
"男性","60歲及以上","小學及以下","桃竹苗區","本省閩南人","10","10","08",1,0.819016884081736,1,0.000178571428571429,0.000146919415013614,"男性 | 60歲及以上 | 小學及以下 | 桃竹苗區 | 本省閩南人 | 10 | 10 | 08"
"男性","60歲及以上","小學及以下","花東區","原住民","04","08","01",1,0.805521504,1,0.000178571428571429,0.000144498545083419,"男性 | 60歲及以上 | 小學及以下 | 花東區 | 原住民 | 04 | 08 | 01"
"男性","60歲及以上","小學及以下","花東區","原住民","10","00","03",1,0.688960920112456,1,0.000178571428571429,0.000123589314600822,"男性 | 60歲及以上 | 小學及以下 | 花東區 | 原住民 | 10 | 00 | 03"
"男性","60歲及以上","小學及以下","花東區","本省客家人","07","06","05",1,0.675364459,1,0.000178571428571429,0.000121150312241137,"男性 | 60歲及以上 | 小學及以下 | 花東區 | 本省客家人 | 07 | 06 | 05"
"男性","60歲及以上","小學及以下","花東區","本省閩南人","00","09","00",1,0.805521504,1,0.000178571428571429,0.000144498545083419,"男性 | 60歲及以上 | 小學及以下 | 花東區 | 本省閩南人 | 00 | 09 | 00"
"男性","60歲及以上","小學及以下","花東區","本省閩南人","06","05","02",1,0.688960920112456,1,0.000178571428571429,0.000123589314600822,"男性 | 60歲及以上 | 小學及以下 | 花東區 | 本省閩南人 | 06 | 05 | 02"
"男性","60歲及以上","小學及以下","雲嘉南區","大陸各省市","00","10","00",1,0.767508396269798,1,0.000178571428571429,0.000137679560445719,"男性 | 60歲及以上 | 小學及以下 | 雲嘉南區 | 大陸各省市 | 00 | 10 | 00"
"男性","60歲及以上","小學及以下","雲嘉南區","本省閩南人","00","00","00",1,0.767508396269798,1,0.000178571428571429,0.000137679560445719,"男性 | 60歲及以上 | 小學及以下 | 雲嘉南區 | 本省閩南人 | 00 | 00 | 00"
"男性","60歲及以上","小學及以下","雲嘉南區","本省閩南人","00","08","03",1,0.849504275,1,0.000178571428571429,0.000152388398286192,"男性 | 60歲及以上 | 小學及以下 | 雲嘉南區 | 本省閩南人 | 00 | 08 | 03"
"男性","60歲及以上","小學及以下","雲嘉南區","本省閩南人","00","09","00",1,0.908908624,1,0.000178571428571429,0.000163044652600326,"男性 | 60歲及以上 | 小學及以下 | 雲嘉南區 | 本省閩南人 | 00 | 09 | 00"
"男性","60歲及以上","小學及以下","雲嘉南區","本省閩南人","02","07","01",1,0.849504275,1,0.000178571428571429,0.000152388398286192,"男性 | 60歲及以上 | 小學及以下 | 雲嘉南區 | 本省閩南人 | 02 | 07 | 01"
"男性","60歲及以上","小學及以下","雲嘉南區","本省閩南人","03","03","02",1,0.767508396269798,1,0.000178571428571429,0.000137679560445719,"男性 | 60歲及以上 | 小學及以下 | 雲嘉南區 | 本省閩南人 | 03 | 03 | 02"
"男性","60歲及以上","小學及以下","雲嘉南區","本省閩南人","03","06","01",1,0.849504275,1,0.000178571428571429,0.000152388398286192,"男性 | 60歲及以上 | 小學及以下 | 雲嘉南區 | 本省閩南人 | 03 | 06 | 01"
"男性","60歲及以上","小學及以下","雲嘉南區","本省閩南人","03","07","00",1,0.767508396269798,1,0.000178571428571429,0.000137679560445719,"男性 | 60歲及以上 | 小學及以下 | 雲嘉南區 | 本省閩南人 | 03 | 07 | 00"
"男性","60歲及以上","小學及以下","雲嘉南區","本省閩南人","03","07","02",1,0.767508396269798,1,0.000178571428571429,0.000137679560445719,"男性 | 60歲及以上 | 小學及以下 | 雲嘉南區 | 本省閩南人 | 03 | 07 | 02"
"男性","60歲及以上","小學及以下","雲嘉南區","本省閩南人","03","09","02",1,0.767508396269798,1,0.000178571428571429,0.000137679560445719,"男性 | 60歲及以上 | 小學及以下 | 雲嘉南區 | 本省閩南人 | 03 | 09 | 02"
"男性","60歲及以上","小學及以下","雲嘉南區","本省閩南人","03","09","04",1,0.767508396269798,1,0.000178571428571429,0.000137679560445719,"男性 | 60歲及以上 | 小學及以下 | 雲嘉南區 | 本省閩南人 | 03 | 09 | 04"
"男性","60歲及以上","小學及以下","雲嘉南區","本省閩南人","04","06","03",1,0.767508396269798,1,0.000178571428571429,0.000137679560445719,"男性 | 60歲及以上 | 小學及以下 | 雲嘉南區 | 本省閩南人 | 04 | 06 | 03"
"男性","60歲及以上","小學及以下","雲嘉南區","本省閩南人","04","07","03",1,0.908908624,1,0.000178571428571429,0.000163044652600326,"男性 | 60歲及以上 | 小學及以下 | 雲嘉南區 | 本省閩南人 | 04 | 07 | 03"
"男性","60歲及以上","小學及以下","雲嘉南區","本省閩南人","04","09","01",1,0.767508396269798,1,0.000178571428571429,0.000137679560445719,"男性 | 60歲及以上 | 小學及以下 | 雲嘉南區 | 本省閩南人 | 04 | 09 | 01"
"男性","60歲及以上","小學及以下","雲嘉南區","本省閩南人","05","02","05",1,0.767508396269798,1,0.000178571428571429,0.000137679560445719,"男性 | 60歲及以上 | 小學及以下 | 雲嘉南區 | 本省閩南人 | 05 | 02 | 05"
"男性","60歲及以上","小學及以下","雲嘉南區","本省閩南人","05","08","05",1,0.849504275,1,0.000178571428571429,0.000152388398286192,"男性 | 60歲及以上 | 小學及以下 | 雲嘉南區 | 本省閩南人 | 05 | 08 | 05"
"男性","60歲及以上","小學及以下","雲嘉南區","本省閩南人","05","10","01",1,0.657234746,1,0.000178571428571429,0.000117898112097167,"男性 | 60歲及以上 | 小學及以下 | 雲嘉南區 | 本省閩南人 | 05 | 10 | 01"
"男性","60歲及以上","小學及以下","雲嘉南區","本省閩南人","05","10","05",1,0.849504275,1,0.000178571428571429,0.000152388398286192,"男性 | 60歲及以上 | 小學及以下 | 雲嘉南區 | 本省閩南人 | 05 | 10 | 05"
"男性","60歲及以上","小學及以下","雲嘉南區","本省閩南人","05","10","07",1,1.257791013,1,0.000178571428571429,0.000225628950307328,"男性 | 60歲及以上 | 小學及以下 | 雲嘉南區 | 本省閩南人 | 05 | 10 | 07"
"男性","60歲及以上","小學及以下","雲嘉南區","本省閩南人","06","03","05",1,0.767508396269798,1,0.000178571428571429,0.000137679560445719,"男性 | 60歲及以上 | 小學及以下 | 雲嘉南區 | 本省閩南人 | 06 | 03 | 05"
"男性","60歲及以上","小學及以下","雲嘉南區","本省閩南人","06","04","05",1,0.767508396269798,1,0.000178571428571429,0.000137679560445719,"男性 | 60歲及以上 | 小學及以下 | 雲嘉南區 | 本省閩南人 | 06 | 04 | 05"
"男性","60歲及以上","小學及以下","雲嘉南區","本省閩南人","06","08","03",1,0.767508396269798,1,0.000178571428571429,0.000137679560445719,"男性 | 60歲及以上 | 小學及以下 | 雲嘉南區 | 本省閩南人 | 06 | 08 | 03"
"男性","60歲及以上","小學及以下","雲嘉南區","本省閩南人","07","09","05",1,0.849504275,1,0.000178571428571429,0.000152388398286192,"男性 | 60歲及以上 | 小學及以下 | 雲嘉南區 | 本省閩南人 | 07 | 09 | 05"
"男性","60歲及以上","小學及以下","雲嘉南區","本省閩南人","08","02","05",1,0.767508396269798,1,0.000178571428571429,0.000137679560445719,"男性 | 60歲及以上 | 小學及以下 | 雲嘉南區 | 本省閩南人 | 08 | 02 | 05"
"男性","60歲及以上","小學及以下","高屏區","大陸各省市","08","07","06",1,0.735993359,1,0.000178571428571429,0.000132026232742954,"男性 | 60歲及以上 | 小學及以下 | 高屏區 | 大陸各省市 | 08 | 07 | 06"
"男性","60歲及以上","小學及以下","高屏區","本省客家人","04","05","03",1,0.879998141,1,0.000178571428571429,0.000157858543091872,"男性 | 60歲及以上 | 小學及以下 | 高屏區 | 本省客家人 | 04 | 05 | 03"
"男性","60歲及以上","小學及以下","高屏區","本省閩南人","00","00","00",1,0.735993359,1,0.000178571428571429,0.000132026232742954,"男性 | 60歲及以上 | 小學及以下 | 高屏區 | 本省閩南人 | 00 | 00 | 00"
"男性","60歲及以上","小學及以下","高屏區","本省閩南人","00","10","05",1,0.879998141,1,0.000178571428571429,0.000157858543091872,"男性 | 60歲及以上 | 小學及以下 | 高屏區 | 本省閩南人 | 00 | 10 | 05"
"男性","60歲及以上","小學及以下","高屏區","本省閩南人","01","08","01",1,0.879998141,1,0.000178571428571429,0.000157858543091872,"男性 | 60歲及以上 | 小學及以下 | 高屏區 | 本省閩南人 | 01 | 08 | 01"
"男性","60歲及以上","小學及以下","高屏區","本省閩南人","01","09","00",1,0.879998141,1,0.000178571428571429,0.000157858543091872,"男性 | 60歲及以上 | 小學及以下 | 高屏區 | 本省閩南人 | 01 | 09 | 00"
"男性","60歲及以上","小學及以下","高屏區","本省閩南人","01","10","02",1,0.879998141,1,0.000178571428571429,0.000157858543091872,"男性 | 60歲及以上 | 小學及以下 | 高屏區 | 本省閩南人 | 01 | 10 | 02"
"男性","60歲及以上","小學及以下","高屏區","本省閩南人","02","08","01",1,1.09927443517535,1,0.000178571428571429,0.000197193440201735,"男性 | 60歲及以上 | 小學及以下 | 高屏區 | 本省閩南人 | 02 | 08 | 01"
"男性","60歲及以上","小學及以下","高屏區","本省閩南人","02","09","01",1,0.879998141,1,0.000178571428571429,0.000157858543091872,"男性 | 60歲及以上 | 小學及以下 | 高屏區 | 本省閩南人 | 02 | 09 | 01"
"男性","60歲及以上","小學及以下","高屏區","本省閩南人","03","04","02",1,0.735993359,1,0.000178571428571429,0.000132026232742954,"男性 | 60歲及以上 | 小學及以下 | 高屏區 | 本省閩南人 | 03 | 04 | 02"
"男性","60歲及以上","小學及以下","高屏區","本省閩南人","03","08","00",1,0.879998141,1,0.000178571428571429,0.000157858543091872,"男性 | 60歲及以上 | 小學及以下 | 高屏區 | 本省閩南人 | 03 | 08 | 00"
"男性","60歲及以上","小學及以下","高屏區","本省閩南人","03","09","00",1,1.09927443517535,1,0.000178571428571429,0.000197193440201735,"男性 | 60歲及以上 | 小學及以下 | 高屏區 | 本省閩南人 | 03 | 09 | 00"
"男性","60歲及以上","小學及以下","高屏區","本省閩南人","04","05","05",1,0.879998141,1,0.000178571428571429,0.000157858543091872,"男性 | 60歲及以上 | 小學及以下 | 高屏區 | 本省閩南人 | 04 | 05 | 05"
"男性","60歲及以上","小學及以下","高屏區","本省閩南人","04","06","03",1,1.09927443517535,1,0.000178571428571429,0.000197193440201735,"男性 | 60歲及以上 | 小學及以下 | 高屏區 | 本省閩南人 | 04 | 06 | 03"
"男性","60歲及以上","小學及以下","高屏區","本省閩南人","05","10","05",1,0.879998141,1,0.000178571428571429,0.000157858543091872,"男性 | 60歲及以上 | 小學及以下 | 高屏區 | 本省閩南人 | 05 | 10 | 05"
"男性","60歲及以上","小學及以下","高屏區","本省閩南人","06","05","03",1,0.879998141,1,0.000178571428571429,0.000157858543091872,"男性 | 60歲及以上 | 小學及以下 | 高屏區 | 本省閩南人 | 06 | 05 | 03"
"男性","60歲及以上","小學及以下","高屏區","本省閩南人","07","08","05",1,0.735993359,1,0.000178571428571429,0.000132026232742954,"男性 | 60歲及以上 | 小學及以下 | 高屏區 | 本省閩南人 | 07 | 08 | 05"
"男性","60歲及以上","小學及以下","高屏區","本省閩南人","08","03","03",1,0.879998141,1,0.000178571428571429,0.000157858543091872,"男性 | 60歲及以上 | 小學及以下 | 高屏區 | 本省閩南人 | 08 | 03 | 03"
"男性","60歲及以上","小學及以下","高屏區","本省閩南人","08","10","07",1,0.879998141,1,0.000178571428571429,0.000157858543091872,"男性 | 60歲及以上 | 小學及以下 | 高屏區 | 本省閩南人 | 08 | 10 | 07"
"男性","60歲及以上","小學及以下","高屏區","本省閩南人","10","10","10",1,1.09927443517535,1,0.000178571428571429,0.000197193440201735,"男性 | 60歲及以上 | 小學及以下 | 高屏區 | 本省閩南人 | 10 | 10 | 10"
"男性","60歲及以上","高中、職","中彰投區","大陸各省市","04","00","03",1,0.783478641,1,0.000178571428571429,0.000140544384186216,"男性 | 60歲及以上 | 高中、職 | 中彰投區 | 大陸各省市 | 04 | 00 | 03"
"男性","60歲及以上","高中、職","中彰投區","大陸各省市","06","00","06",1,0.783478641,1,0.000178571428571429,0.000140544384186216,"男性 | 60歲及以上 | 高中、職 | 中彰投區 | 大陸各省市 | 06 | 00 | 06"
"男性","60歲及以上","高中、職","中彰投區","大陸各省市","06","04","04",1,0.655906769,1,0.000178571428571429,0.000117659892827475,"男性 | 60歲及以上 | 高中、職 | 中彰投區 | 大陸各省市 | 06 | 04 | 04"
"男性","60歲及以上","高中、職","中彰投區","大陸各省市","06","04","05",1,0.655906769,1,0.000178571428571429,0.000117659892827475,"男性 | 60歲及以上 | 高中、職 | 中彰投區 | 大陸各省市 | 06 | 04 | 05"
"男性","60歲及以上","高中、職","中彰投區","大陸各省市","09","01","02",1,0.783478641,1,0.000178571428571429,0.000140544384186216,"男性 | 60歲及以上 | 高中、職 | 中彰投區 | 大陸各省市 | 09 | 01 | 02"
"男性","60歲及以上","高中、職","中彰投區","本省客家人","00","10","00",1,0.976292704,1,0.000178571428571429,0.000175132351654211,"男性 | 60歲及以上 | 高中、職 | 中彰投區 | 本省客家人 | 00 | 10 | 00"
"男性","60歲及以上","高中、職","中彰投區","本省客家人","03","07","04",1,0.783478641,1,0.000178571428571429,0.000140544384186216,"男性 | 60歲及以上 | 高中、職 | 中彰投區 | 本省客家人 | 03 | 07 | 04"
"男性","60歲及以上","高中、職","中彰投區","本省客家人","05","05","05",1,0.729337656,1,0.000178571428571429,0.000130832298881187,"男性 | 60歲及以上 | 高中、職 | 中彰投區 | 本省客家人 | 05 | 05 | 05"
"男性","60歲及以上","高中、職","中彰投區","本省客家人","05","08","03",1,0.729337656,1,0.000178571428571429,0.000130832298881187,"男性 | 60歲及以上 | 高中、職 | 中彰投區 | 本省客家人 | 05 | 08 | 03"
"男性","60歲及以上","高中、職","中彰投區","本省閩南人","00","07","03",1,0.783478641,1,0.000178571428571429,0.000140544384186216,"男性 | 60歲及以上 | 高中、職 | 中彰投區 | 本省閩南人 | 00 | 07 | 03"
"男性","60歲及以上","高中、職","中彰投區","本省閩南人","00","09","02",1,0.783478641,1,0.000178571428571429,0.000140544384186216,"男性 | 60歲及以上 | 高中、職 | 中彰投區 | 本省閩南人 | 00 | 09 | 02"
"男性","60歲及以上","高中、職","中彰投區","本省閩南人","00","10","01",1,0.783478641,1,0.000178571428571429,0.000140544384186216,"男性 | 60歲及以上 | 高中、職 | 中彰投區 | 本省閩南人 | 00 | 10 | 01"
"男性","60歲及以上","高中、職","中彰投區","本省閩南人","00","10","02",1,1.00929216,1,0.000178571428571429,0.000181051961940052,"男性 | 60歲及以上 | 高中、職 | 中彰投區 | 本省閩南人 | 00 | 10 | 02"
"男性","60歲及以上","高中、職","中彰投區","本省閩南人","01","10","01",1,0.655906769,1,0.000178571428571429,0.000117659892827475,"男性 | 60歲及以上 | 高中、職 | 中彰投區 | 本省閩南人 | 01 | 10 | 01"
"男性","60歲及以上","高中、職","中彰投區","本省閩南人","02","03","00",1,0.783478641,1,0.000178571428571429,0.000140544384186216,"男性 | 60歲及以上 | 高中、職 | 中彰投區 | 本省閩南人 | 02 | 03 | 00"
"男性","60歲及以上","高中、職","中彰投區","本省閩南人","02","08","01",1,0.783478641,1,0.000178571428571429,0.000140544384186216,"男性 | 60歲及以上 | 高中、職 | 中彰投區 | 本省閩南人 | 02 | 08 | 01"
"男性","60歲及以上","高中、職","中彰投區","本省閩南人","02","08","02",1,0.783478641,1,0.000178571428571429,0.000140544384186216,"男性 | 60歲及以上 | 高中、職 | 中彰投區 | 本省閩南人 | 02 | 08 | 02"
"男性","60歲及以上","高中、職","中彰投區","本省閩南人","03","03","08",1,0.655906769,1,0.000178571428571429,0.000117659892827475,"男性 | 60歲及以上 | 高中、職 | 中彰投區 | 本省閩南人 | 03 | 03 | 08"
"男性","60歲及以上","高中、職","中彰投區","本省閩南人","03","06","02",1,0.783478641,1,0.000178571428571429,0.000140544384186216,"男性 | 60歲及以上 | 高中、職 | 中彰投區 | 本省閩南人 | 03 | 06 | 02"
"男性","60歲及以上","高中、職","中彰投區","本省閩南人","04","01","00",1,0.729337656,1,0.000178571428571429,0.000130832298881187,"男性 | 60歲及以上 | 高中、職 | 中彰投區 | 本省閩南人 | 04 | 01 | 00"
"男性","60歲及以上","高中、職","中彰投區","本省閩南人","04","03","01",1,0.655906769,1,0.000178571428571429,0.000117659892827475,"男性 | 60歲及以上 | 高中、職 | 中彰投區 | 本省閩南人 | 04 | 03 | 01"
"男性","60歲及以上","高中、職","中彰投區","本省閩南人","04","05","03",1,0.783478641,1,0.000178571428571429,0.000140544384186216,"男性 | 60歲及以上 | 高中、職 | 中彰投區 | 本省閩南人 | 04 | 05 | 03"
"男性","60歲及以上","高中、職","中彰投區","本省閩南人","04","06","03",1,1.00929216,1,0.000178571428571429,0.000181051961940052,"男性 | 60歲及以上 | 高中、職 | 中彰投區 | 本省閩南人 | 04 | 06 | 03"
"男性","60歲及以上","高中、職","中彰投區","本省閩南人","04","06","04",1,0.729337656,1,0.000178571428571429,0.000130832298881187,"男性 | 60歲及以上 | 高中、職 | 中彰投區 | 本省閩南人 | 04 | 06 | 04"
"男性","60歲及以上","高中、職","中彰投區","本省閩南人","04","07","03",1,0.729337656,1,0.000178571428571429,0.000130832298881187,"男性 | 60歲及以上 | 高中、職 | 中彰投區 | 本省閩南人 | 04 | 07 | 03"
"男性","60歲及以上","高中、職","中彰投區","本省閩南人","05","04","01",1,0.655906769,1,0.000178571428571429,0.000117659892827475,"男性 | 60歲及以上 | 高中、職 | 中彰投區 | 本省閩南人 | 05 | 04 | 01"
"男性","60歲及以上","高中、職","中彰投區","本省閩南人","05","04","05",1,0.783478641,1,0.000178571428571429,0.000140544384186216,"男性 | 60歲及以上 | 高中、職 | 中彰投區 | 本省閩南人 | 05 | 04 | 05"
"男性","60歲及以上","高中、職","中彰投區","本省閩南人","05","05","02",1,0.783478641,1,0.000178571428571429,0.000140544384186216,"男性 | 60歲及以上 | 高中、職 | 中彰投區 | 本省閩南人 | 05 | 05 | 02"
"男性","60歲及以上","高中、職","中彰投區","本省閩南人","05","05","04",1,1.00929216,1,0.000178571428571429,0.000181051961940052,"男性 | 60歲及以上 | 高中、職 | 中彰投區 | 本省閩南人 | 05 | 05 | 04"
"男性","60歲及以上","高中、職","中彰投區","本省閩南人","05","05","06",1,0.783478641,1,0.000178571428571429,0.000140544384186216,"男性 | 60歲及以上 | 高中、職 | 中彰投區 | 本省閩南人 | 05 | 05 | 06"
"男性","60歲及以上","高中、職","中彰投區","本省閩南人","05","06","05",1,0.783478641,1,0.000178571428571429,0.000140544384186216,"男性 | 60歲及以上 | 高中、職 | 中彰投區 | 本省閩南人 | 05 | 06 | 05"
"男性","60歲及以上","高中、職","中彰投區","本省閩南人","05","07","03",1,1.00929216,1,0.000178571428571429,0.000181051961940052,"男性 | 60歲及以上 | 高中、職 | 中彰投區 | 本省閩南人 | 05 | 07 | 03"
"男性","60歲及以上","高中、職","中彰投區","本省閩南人","05","08","01",1,0.655906769,1,0.000178571428571429,0.000117659892827475,"男性 | 60歲及以上 | 高中、職 | 中彰投區 | 本省閩南人 | 05 | 08 | 01"
"男性","60歲及以上","高中、職","中彰投區","本省閩南人","05","08","05",1,0.655906769,1,0.000178571428571429,0.000117659892827475,"男性 | 60歲及以上 | 高中、職 | 中彰投區 | 本省閩南人 | 05 | 08 | 05"
"男性","60歲及以上","高中、職","中彰投區","本省閩南人","06","02","04",1,0.783478641,1,0.000178571428571429,0.000140544384186216,"男性 | 60歲及以上 | 高中、職 | 中彰投區 | 本省閩南人 | 06 | 02 | 04"
"男性","60歲及以上","高中、職","中彰投區","本省閩南人","06","04","04",1,0.783478641,1,0.000178571428571429,0.000140544384186216,"男性 | 60歲及以上 | 高中、職 | 中彰投區 | 本省閩南人 | 06 | 04 | 04"
"男性","60歲及以上","高中、職","中彰投區","本省閩南人","06","04","05",1,0.783478641,1,0.000178571428571429,0.000140544384186216,"男性 | 60歲及以上 | 高中、職 | 中彰投區 | 本省閩南人 | 06 | 04 | 05"
"男性","60歲及以上","高中、職","中彰投區","本省閩南人","06","06","01",1,0.655906769,1,0.000178571428571429,0.000117659892827475,"男性 | 60歲及以上 | 高中、職 | 中彰投區 | 本省閩南人 | 06 | 06 | 01"
"男性","60歲及以上","高中、職","中彰投區","本省閩南人","06","07","04",1,0.655906769,1,0.000178571428571429,0.000117659892827475,"男性 | 60歲及以上 | 高中、職 | 中彰投區 | 本省閩南人 | 06 | 07 | 04"
"男性","60歲及以上","高中、職","中彰投區","本省閩南人","06","07","06",1,0.655906769,1,0.000178571428571429,0.000117659892827475,"男性 | 60歲及以上 | 高中、職 | 中彰投區 | 本省閩南人 | 06 | 07 | 06"
"男性","60歲及以上","高中、職","中彰投區","本省閩南人","06","09","02",1,0.729337656,1,0.000178571428571429,0.000130832298881187,"男性 | 60歲及以上 | 高中、職 | 中彰投區 | 本省閩南人 | 06 | 09 | 02"
"男性","60歲及以上","高中、職","中彰投區","本省閩南人","06","09","04",1,0.655906769,1,0.000178571428571429,0.000117659892827475,"男性 | 60歲及以上 | 高中、職 | 中彰投區 | 本省閩南人 | 06 | 09 | 04"
"男性","60歲及以上","高中、職","中彰投區","本省閩南人","07","01","03",1,0.783478641,1,0.000178571428571429,0.000140544384186216,"男性 | 60歲及以上 | 高中、職 | 中彰投區 | 本省閩南人 | 07 | 01 | 03"
"男性","60歲及以上","高中、職","中彰投區","本省閩南人","07","02","02",1,0.729337656,1,0.000178571428571429,0.000130832298881187,"男性 | 60歲及以上 | 高中、職 | 中彰投區 | 本省閩南人 | 07 | 02 | 02"
"男性","60歲及以上","高中、職","中彰投區","本省閩南人","07","02","08",1,0.783478641,1,0.000178571428571429,0.000140544384186216,"男性 | 60歲及以上 | 高中、職 | 中彰投區 | 本省閩南人 | 07 | 02 | 08"
"男性","60歲及以上","高中、職","中彰投區","本省閩南人","08","00","01",1,0.655906769,1,0.000178571428571429,0.000117659892827475,"男性 | 60歲及以上 | 高中、職 | 中彰投區 | 本省閩南人 | 08 | 00 | 01"
"男性","60歲及以上","高中、職","中彰投區","本省閩南人","08","00","07",1,0.783478641,1,0.000178571428571429,0.000140544384186216,"男性 | 60歲及以上 | 高中、職 | 中彰投區 | 本省閩南人 | 08 | 00 | 07"
"男性","60歲及以上","高中、職","中彰投區","本省閩南人","08","01","03",1,0.655906769,1,0.000178571428571429,0.000117659892827475,"男性 | 60歲及以上 | 高中、職 | 中彰投區 | 本省閩南人 | 08 | 01 | 03"
"男性","60歲及以上","高中、職","中彰投區","本省閩南人","08","06","05",1,0.783478641,1,0.000178571428571429,0.000140544384186216,"男性 | 60歲及以上 | 高中、職 | 中彰投區 | 本省閩南人 | 08 | 06 | 05"
"男性","60歲及以上","高中、職","中彰投區","本省閩南人","09","00","03",1,0.783478641,1,0.000178571428571429,0.000140544384186216,"男性 | 60歲及以上 | 高中、職 | 中彰投區 | 本省閩南人 | 09 | 00 | 03"
"男性","60歲及以上","高中、職","中彰投區","本省閩南人","10","00","10",1,0.783478641,1,0.000178571428571429,0.000140544384186216,"男性 | 60歲及以上 | 高中、職 | 中彰投區 | 本省閩南人 | 10 | 00 | 10"
"男性","60歲及以上","高中、職","中彰投區","本省閩南人","10","03","00",1,0.729337656,1,0.000178571428571429,0.000130832298881187,"男性 | 60歲及以上 | 高中、職 | 中彰投區 | 本省閩南人 | 10 | 03 | 00"
"男性","60歲及以上","高中、職","北北基宜蘭區","大陸各省市","03","07","07",1,0.865095264,1,0.000178571428571429,0.000155185189204528,"男性 | 60歲及以上 | 高中、職 | 北北基宜蘭區 | 大陸各省市 | 03 | 07 | 07"
"男性","60歲及以上","高中、職","北北基宜蘭區","大陸各省市","05","02","00",1,0.865095264,1,0.000178571428571429,0.000155185189204528,"男性 | 60歲及以上 | 高中、職 | 北北基宜蘭區 | 大陸各省市 | 05 | 02 | 00"
"男性","60歲及以上","高中、職","北北基宜蘭區","大陸各省市","05","02","05",1,1.122166004,1,0.000178571428571429,0.000201299846267139,"男性 | 60歲及以上 | 高中、職 | 北北基宜蘭區 | 大陸各省市 | 05 | 02 | 05"
"男性","60歲及以上","高中、職","北北基宜蘭區","大陸各省市","06","01","03",1,0.894896772,1,0.000178571428571429,0.000160531135310136,"男性 | 60歲及以上 | 高中、職 | 北北基宜蘭區 | 大陸各省市 | 06 | 01 | 03"
"男性","60歲及以上","高中、職","北北基宜蘭區","大陸各省市","06","04","05",1,0.765152358366531,1,0.000178571428571429,0.000137256922381442,"男性 | 60歲及以上 | 高中、職 | 北北基宜蘭區 | 大陸各省市 | 06 | 04 | 05"
"男性","60歲及以上","高中、職","北北基宜蘭區","大陸各省市","06","05","02",1,0.765152358366531,1,0.000178571428571429,0.000137256922381442,"男性 | 60歲及以上 | 高中、職 | 北北基宜蘭區 | 大陸各省市 | 06 | 05 | 02"
"男性","60歲及以上","高中、職","北北基宜蘭區","大陸各省市","06","05","04",1,0.865095264,1,0.000178571428571429,0.000155185189204528,"男性 | 60歲及以上 | 高中、職 | 北北基宜蘭區 | 大陸各省市 | 06 | 05 | 04"
"男性","60歲及以上","高中、職","北北基宜蘭區","大陸各省市","06","06","06",1,0.765152358366531,1,0.000178571428571429,0.000137256922381442,"男性 | 60歲及以上 | 高中、職 | 北北基宜蘭區 | 大陸各省市 | 06 | 06 | 06"
"男性","60歲及以上","高中、職","北北基宜蘭區","大陸各省市","07","05","04",1,1.238400745,1,0.000178571428571429,0.000222150625395002,"男性 | 60歲及以上 | 高中、職 | 北北基宜蘭區 | 大陸各省市 | 07 | 05 | 04"
"男性","60歲及以上","高中、職","北北基宜蘭區","大陸各省市","08","00","08",1,0.765152358366531,1,0.000178571428571429,0.000137256922381442,"男性 | 60歲及以上 | 高中、職 | 北北基宜蘭區 | 大陸各省市 | 08 | 00 | 08"
"男性","60歲及以上","高中、職","北北基宜蘭區","大陸各省市","08","06","05",1,0.765152358366531,1,0.000178571428571429,0.000137256922381442,"男性 | 60歲及以上 | 高中、職 | 北北基宜蘭區 | 大陸各省市 | 08 | 06 | 05"
"男性","60歲及以上","高中、職","北北基宜蘭區","大陸各省市","10","00","00",1,0.865095264,1,0.000178571428571429,0.000155185189204528,"男性 | 60歲及以上 | 高中、職 | 北北基宜蘭區 | 大陸各省市 | 10 | 00 | 00"
"男性","60歲及以上","高中、職","北北基宜蘭區","大陸各省市","10","00","02",1,0.865095264,1,0.000178571428571429,0.000155185189204528,"男性 | 60歲及以上 | 高中、職 | 北北基宜蘭區 | 大陸各省市 | 10 | 00 | 02"
"男性","60歲及以上","高中、職","北北基宜蘭區","本省客家人","00","08","00",1,0.765152358366531,1,0.000178571428571429,0.000137256922381442,"男性 | 60歲及以上 | 高中、職 | 北北基宜蘭區 | 本省客家人 | 00 | 08 | 00"
"男性","60歲及以上","高中、職","北北基宜蘭區","本省客家人","00","10","00",1,1.238400745,1,0.000178571428571429,0.000222150625395002,"男性 | 60歲及以上 | 高中、職 | 北北基宜蘭區 | 本省客家人 | 00 | 10 | 00"
"男性","60歲及以上","高中、職","北北基宜蘭區","本省客家人","05","06","01",1,0.765152358366531,1,0.000178571428571429,0.000137256922381442,"男性 | 60歲及以上 | 高中、職 | 北北基宜蘭區 | 本省客家人 | 05 | 06 | 01"
"男性","60歲及以上","高中、職","北北基宜蘭區","本省客家人","05","07","01",1,0.894896772,1,0.000178571428571429,0.000160531135310136,"男性 | 60歲及以上 | 高中、職 | 北北基宜蘭區 | 本省客家人 | 05 | 07 | 01"
"男性","60歲及以上","高中、職","北北基宜蘭區","本省客家人","06","05","05",1,0.894896772,1,0.000178571428571429,0.000160531135310136,"男性 | 60歲及以上 | 高中、職 | 北北基宜蘭區 | 本省客家人 | 06 | 05 | 05"
"男性","60歲及以上","高中、職","北北基宜蘭區","本省客家人","07","05","03",1,0.865095264,1,0.000178571428571429,0.000155185189204528,"男性 | 60歲及以上 | 高中、職 | 北北基宜蘭區 | 本省客家人 | 07 | 05 | 03"
"男性","60歲及以上","高中、職","北北基宜蘭區","本省客家人","07","09","06",1,0.894896772,1,0.000178571428571429,0.000160531135310136,"男性 | 60歲及以上 | 高中、職 | 北北基宜蘭區 | 本省客家人 | 07 | 09 | 06"
"男性","60歲及以上","高中、職","北北基宜蘭區","本省客家人","09","01","01",1,0.894896772,1,0.000178571428571429,0.000160531135310136,"男性 | 60歲及以上 | 高中、職 | 北北基宜蘭區 | 本省客家人 | 09 | 01 | 01"
"男性","60歲及以上","高中、職","北北基宜蘭區","本省閩南人","00","08","00",1,0.894896772,1,0.000178571428571429,0.000160531135310136,"男性 | 60歲及以上 | 高中、職 | 北北基宜蘭區 | 本省閩南人 | 00 | 08 | 00"
"男性","60歲及以上","高中、職","北北基宜蘭區","本省閩南人","00","08","02",1,0.765152358366531,1,0.000178571428571429,0.000137256922381442,"男性 | 60歲及以上 | 高中、職 | 北北基宜蘭區 | 本省閩南人 | 00 | 08 | 02"
"男性","60歲及以上","高中、職","北北基宜蘭區","本省閩南人","00","10","03",1,0.765152358366531,1,0.000178571428571429,0.000137256922381442,"男性 | 60歲及以上 | 高中、職 | 北北基宜蘭區 | 本省閩南人 | 00 | 10 | 03"
"男性","60歲及以上","高中、職","北北基宜蘭區","本省閩南人","01","01","01",1,0.765152358366531,1,0.000178571428571429,0.000137256922381442,"男性 | 60歲及以上 | 高中、職 | 北北基宜蘭區 | 本省閩南人 | 01 | 01 | 01"
"男性","60歲及以上","高中、職","北北基宜蘭區","本省閩南人","01","06","02",1,0.765152358366531,1,0.000178571428571429,0.000137256922381442,"男性 | 60歲及以上 | 高中、職 | 北北基宜蘭區 | 本省閩南人 | 01 | 06 | 02"
"男性","60歲及以上","高中、職","北北基宜蘭區","本省閩南人","01","07","03",1,0.765152358366531,1,0.000178571428571429,0.000137256922381442,"男性 | 60歲及以上 | 高中、職 | 北北基宜蘭區 | 本省閩南人 | 01 | 07 | 03"
"男性","60歲及以上","高中、職","北北基宜蘭區","本省閩南人","01","08","01",1,0.765152358366531,1,0.000178571428571429,0.000137256922381442,"男性 | 60歲及以上 | 高中、職 | 北北基宜蘭區 | 本省閩南人 | 01 | 08 | 01"
"男性","60歲及以上","高中、職","北北基宜蘭區","本省閩南人","02","06","01",1,0.894896772,1,0.000178571428571429,0.000160531135310136,"男性 | 60歲及以上 | 高中、職 | 北北基宜蘭區 | 本省閩南人 | 02 | 06 | 01"
"男性","60歲及以上","高中、職","北北基宜蘭區","本省閩南人","02","07","00",1,0.765152358366531,1,0.000178571428571429,0.000137256922381442,"男性 | 60歲及以上 | 高中、職 | 北北基宜蘭區 | 本省閩南人 | 02 | 07 | 00"
"男性","60歲及以上","高中、職","北北基宜蘭區","本省閩南人","02","07","02",1,0.765152358366531,1,0.000178571428571429,0.000137256922381442,"男性 | 60歲及以上 | 高中、職 | 北北基宜蘭區 | 本省閩南人 | 02 | 07 | 02"
"男性","60歲及以上","高中、職","北北基宜蘭區","本省閩南人","02","10","00",1,0.765152358366531,1,0.000178571428571429,0.000137256922381442,"男性 | 60歲及以上 | 高中、職 | 北北基宜蘭區 | 本省閩南人 | 02 | 10 | 00"
"男性","60歲及以上","高中、職","北北基宜蘭區","本省閩南人","03","03","03",1,0.765152358366531,1,0.000178571428571429,0.000137256922381442,"男性 | 60歲及以上 | 高中、職 | 北北基宜蘭區 | 本省閩南人 | 03 | 03 | 03"
"男性","60歲及以上","高中、職","北北基宜蘭區","本省閩南人","03","03","05",1,0.765152358366531,1,0.000178571428571429,0.000137256922381442,"男性 | 60歲及以上 | 高中、職 | 北北基宜蘭區 | 本省閩南人 | 03 | 03 | 05"
"男性","60歲及以上","高中、職","北北基宜蘭區","本省閩南人","03","07","05",1,0.765152358366531,1,0.000178571428571429,0.000137256922381442,"男性 | 60歲及以上 | 高中、職 | 北北基宜蘭區 | 本省閩南人 | 03 | 07 | 05"
"男性","60歲及以上","高中、職","北北基宜蘭區","本省閩南人","03","08","01",1,0.865095264,1,0.000178571428571429,0.000155185189204528,"男性 | 60歲及以上 | 高中、職 | 北北基宜蘭區 | 本省閩南人 | 03 | 08 | 01"
"男性","60歲及以上","高中、職","北北基宜蘭區","本省閩南人","03","08","03",1,0.765152358366531,1,0.000178571428571429,0.000137256922381442,"男性 | 60歲及以上 | 高中、職 | 北北基宜蘭區 | 本省閩南人 | 03 | 08 | 03"
"男性","60歲及以上","高中、職","北北基宜蘭區","本省閩南人","04","00","06",1,0.765152358366531,1,0.000178571428571429,0.000137256922381442,"男性 | 60歲及以上 | 高中、職 | 北北基宜蘭區 | 本省閩南人 | 04 | 00 | 06"
"男性","60歲及以上","高中、職","北北基宜蘭區","本省閩南人","04","02","03",1,1.238400745,1,0.000178571428571429,0.000222150625395002,"男性 | 60歲及以上 | 高中、職 | 北北基宜蘭區 | 本省閩南人 | 04 | 02 | 03"
"男性","60歲及以上","高中、職","北北基宜蘭區","本省閩南人","04","05","03",1,0.765152358366531,1,0.000178571428571429,0.000137256922381442,"男性 | 60歲及以上 | 高中、職 | 北北基宜蘭區 | 本省閩南人 | 04 | 05 | 03"
"男性","60歲及以上","高中、職","北北基宜蘭區","本省閩南人","04","06","03",1,0.765152358366531,1,0.000178571428571429,0.000137256922381442,"男性 | 60歲及以上 | 高中、職 | 北北基宜蘭區 | 本省閩南人 | 04 | 06 | 03"
"男性","60歲及以上","高中、職","北北基宜蘭區","本省閩南人","04","07","03",1,0.765152358366531,1,0.000178571428571429,0.000137256922381442,"男性 | 60歲及以上 | 高中、職 | 北北基宜蘭區 | 本省閩南人 | 04 | 07 | 03"
"男性","60歲及以上","高中、職","北北基宜蘭區","本省閩南人","04","08","01",1,0.894896772,1,0.000178571428571429,0.000160531135310136,"男性 | 60歲及以上 | 高中、職 | 北北基宜蘭區 | 本省閩南人 | 04 | 08 | 01"
"男性","60歲及以上","高中、職","北北基宜蘭區","本省閩南人","04","08","05",1,0.765152358366531,1,0.000178571428571429,0.000137256922381442,"男性 | 60歲及以上 | 高中、職 | 北北基宜蘭區 | 本省閩南人 | 04 | 08 | 05"
"男性","60歲及以上","高中、職","北北基宜蘭區","本省閩南人","05","03","06",1,0.765152358366531,1,0.000178571428571429,0.000137256922381442,"男性 | 60歲及以上 | 高中、職 | 北北基宜蘭區 | 本省閩南人 | 05 | 03 | 06"
"男性","60歲及以上","高中、職","北北基宜蘭區","本省閩南人","05","04","05",1,0.894896772,1,0.000178571428571429,0.000160531135310136,"男性 | 60歲及以上 | 高中、職 | 北北基宜蘭區 | 本省閩南人 | 05 | 04 | 05"
"男性","60歲及以上","高中、職","北北基宜蘭區","本省閩南人","05","05","04",1,0.894896772,1,0.000178571428571429,0.000160531135310136,"男性 | 60歲及以上 | 高中、職 | 北北基宜蘭區 | 本省閩南人 | 05 | 05 | 04"
"男性","60歲及以上","高中、職","北北基宜蘭區","本省閩南人","05","06","00",1,0.894896772,1,0.000178571428571429,0.000160531135310136,"男性 | 60歲及以上 | 高中、職 | 北北基宜蘭區 | 本省閩南人 | 05 | 06 | 00"
"男性","60歲及以上","高中、職","北北基宜蘭區","本省閩南人","05","06","03",1,0.765152358366531,1,0.000178571428571429,0.000137256922381442,"男性 | 60歲及以上 | 高中、職 | 北北基宜蘭區 | 本省閩南人 | 05 | 06 | 03"
"男性","60歲及以上","高中、職","北北基宜蘭區","本省閩南人","05","06","04",1,0.894896772,1,0.000178571428571429,0.000160531135310136,"男性 | 60歲及以上 | 高中、職 | 北北基宜蘭區 | 本省閩南人 | 05 | 06 | 04"
"男性","60歲及以上","高中、職","北北基宜蘭區","本省閩南人","05","06","05",1,0.894896772,1,0.000178571428571429,0.000160531135310136,"男性 | 60歲及以上 | 高中、職 | 北北基宜蘭區 | 本省閩南人 | 05 | 06 | 05"
"男性","60歲及以上","高中、職","北北基宜蘭區","本省閩南人","05","07","03",1,0.786010662,1,0.000178571428571429,0.000140998590993612,"男性 | 60歲及以上 | 高中、職 | 北北基宜蘭區 | 本省閩南人 | 05 | 07 | 03"
"男性","60歲及以上","高中、職","北北基宜蘭區","本省閩南人","05","09","00",1,0.765152358366531,1,0.000178571428571429,0.000137256922381442,"男性 | 60歲及以上 | 高中、職 | 北北基宜蘭區 | 本省閩南人 | 05 | 09 | 00"
"男性","60歲及以上","高中、職","北北基宜蘭區","本省閩南人","05","09","03",1,0.894896772,1,0.000178571428571429,0.000160531135310136,"男性 | 60歲及以上 | 高中、職 | 北北基宜蘭區 | 本省閩南人 | 05 | 09 | 03"
"男性","60歲及以上","高中、職","北北基宜蘭區","本省閩南人","06","01","03",1,0.765152358366531,1,0.000178571428571429,0.000137256922381442,"男性 | 60歲及以上 | 高中、職 | 北北基宜蘭區 | 本省閩南人 | 06 | 01 | 03"
"男性","60歲及以上","高中、職","北北基宜蘭區","本省閩南人","06","03","02",1,0.765152358366531,1,0.000178571428571429,0.000137256922381442,"男性 | 60歲及以上 | 高中、職 | 北北基宜蘭區 | 本省閩南人 | 06 | 03 | 02"
"男性","60歲及以上","高中、職","北北基宜蘭區","本省閩南人","06","03","04",1,0.765152358366531,1,0.000178571428571429,0.000137256922381442,"男性 | 60歲及以上 | 高中、職 | 北北基宜蘭區 | 本省閩南人 | 06 | 03 | 04"
"男性","60歲及以上","高中、職","北北基宜蘭區","本省閩南人","06","03","05",1,0.894896772,1,0.000178571428571429,0.000160531135310136,"男性 | 60歲及以上 | 高中、職 | 北北基宜蘭區 | 本省閩南人 | 06 | 03 | 05"
"男性","60歲及以上","高中、職","北北基宜蘭區","本省閩南人","06","04","04",1,0.865095264,1,0.000178571428571429,0.000155185189204528,"男性 | 60歲及以上 | 高中、職 | 北北基宜蘭區 | 本省閩南人 | 06 | 04 | 04"
"男性","60歲及以上","高中、職","北北基宜蘭區","本省閩南人","06","04","05",1,0.765152358366531,1,0.000178571428571429,0.000137256922381442,"男性 | 60歲及以上 | 高中、職 | 北北基宜蘭區 | 本省閩南人 | 06 | 04 | 05"
"男性","60歲及以上","高中、職","北北基宜蘭區","本省閩南人","06","08","00",1,0.765152358366531,1,0.000178571428571429,0.000137256922381442,"男性 | 60歲及以上 | 高中、職 | 北北基宜蘭區 | 本省閩南人 | 06 | 08 | 00"
"男性","60歲及以上","高中、職","北北基宜蘭區","本省閩南人","06","08","05",1,0.765152358366531,1,0.000178571428571429,0.000137256922381442,"男性 | 60歲及以上 | 高中、職 | 北北基宜蘭區 | 本省閩南人 | 06 | 08 | 05"
"男性","60歲及以上","高中、職","北北基宜蘭區","本省閩南人","07","00","03",1,0.765152358366531,1,0.000178571428571429,0.000137256922381442,"男性 | 60歲及以上 | 高中、職 | 北北基宜蘭區 | 本省閩南人 | 07 | 00 | 03"
"男性","60歲及以上","高中、職","北北基宜蘭區","本省閩南人","07","00","07",1,0.865095264,1,0.000178571428571429,0.000155185189204528,"男性 | 60歲及以上 | 高中、職 | 北北基宜蘭區 | 本省閩南人 | 07 | 00 | 07"
"男性","60歲及以上","高中、職","北北基宜蘭區","本省閩南人","07","02","07",1,0.894896772,1,0.000178571428571429,0.000160531135310136,"男性 | 60歲及以上 | 高中、職 | 北北基宜蘭區 | 本省閩南人 | 07 | 02 | 07"
"男性","60歲及以上","高中、職","北北基宜蘭區","本省閩南人","07","03","05",1,0.765152358366531,1,0.000178571428571429,0.000137256922381442,"男性 | 60歲及以上 | 高中、職 | 北北基宜蘭區 | 本省閩南人 | 07 | 03 | 05"
"男性","60歲及以上","高中、職","北北基宜蘭區","本省閩南人","07","09","03",1,0.894896772,1,0.000178571428571429,0.000160531135310136,"男性 | 60歲及以上 | 高中、職 | 北北基宜蘭區 | 本省閩南人 | 07 | 09 | 03"
"男性","60歲及以上","高中、職","北北基宜蘭區","本省閩南人","08","01","04",1,0.765152358366531,1,0.000178571428571429,0.000137256922381442,"男性 | 60歲及以上 | 高中、職 | 北北基宜蘭區 | 本省閩南人 | 08 | 01 | 04"
"男性","60歲及以上","高中、職","北北基宜蘭區","本省閩南人","08","03","04",1,0.865095264,1,0.000178571428571429,0.000155185189204528,"男性 | 60歲及以上 | 高中、職 | 北北基宜蘭區 | 本省閩南人 | 08 | 03 | 04"
"男性","60歲及以上","高中、職","北北基宜蘭區","本省閩南人","08","05","06",1,1.238400745,1,0.000178571428571429,0.000222150625395002,"男性 | 60歲及以上 | 高中、職 | 北北基宜蘭區 | 本省閩南人 | 08 | 05 | 06"
"男性","60歲及以上","高中、職","北北基宜蘭區","本省閩南人","10","02","02",1,0.765152358366531,1,0.000178571428571429,0.000137256922381442,"男性 | 60歲及以上 | 高中、職 | 北北基宜蘭區 | 本省閩南人 | 10 | 02 | 02"
"男性","60歲及以上","高中、職","桃竹苗區","大陸各省市","05","04","01",1,0.720355228927107,1,0.000178571428571429,0.000129220985419156,"男性 | 60歲及以上 | 高中、職 | 桃竹苗區 | 大陸各省市 | 05 | 04 | 01"
"男性","60歲及以上","高中、職","桃竹苗區","大陸各省市","07","00","03",1,0.720355228927107,1,0.000178571428571429,0.000129220985419156,"男性 | 60歲及以上 | 高中、職 | 桃竹苗區 | 大陸各省市 | 07 | 00 | 03"
"男性","60歲及以上","高中、職","桃竹苗區","大陸各省市","07","05","06",1,0.720355228927107,1,0.000178571428571429,0.000129220985419156,"男性 | 60歲及以上 | 高中、職 | 桃竹苗區 | 大陸各省市 | 07 | 05 | 06"
"男性","60歲及以上","高中、職","桃竹苗區","大陸各省市","10","00","02",1,0.744034786,1,0.000178571428571429,0.000133468744825033,"男性 | 60歲及以上 | 高中、職 | 桃竹苗區 | 大陸各省市 | 10 | 00 | 02"
"男性","60歲及以上","高中、職","桃竹苗區","大陸各省市","10","00","05",1,0.81077799,1,0.000178571428571429,0.000145441480281896,"男性 | 60歲及以上 | 高中、職 | 桃竹苗區 | 大陸各省市 | 10 | 00 | 05"
"男性","60歲及以上","高中、職","桃竹苗區","本省客家人","00","00","00",1,0.720355228927107,1,0.000178571428571429,0.000129220985419156,"男性 | 60歲及以上 | 高中、職 | 桃竹苗區 | 本省客家人 | 00 | 00 | 00"
"男性","60歲及以上","高中、職","桃竹苗區","本省客家人","00","08","00",1,0.720355228927107,1,0.000178571428571429,0.000129220985419156,"男性 | 60歲及以上 | 高中、職 | 桃竹苗區 | 本省客家人 | 00 | 08 | 00"
"男性","60歲及以上","高中、職","桃竹苗區","本省客家人","02","06","02",1,0.81077799,1,0.000178571428571429,0.000145441480281896,"男性 | 60歲及以上 | 高中、職 | 桃竹苗區 | 本省客家人 | 02 | 06 | 02"
"男性","60歲及以上","高中、職","桃竹苗區","本省客家人","02","09","00",1,0.81077799,1,0.000178571428571429,0.000145441480281896,"男性 | 60歲及以上 | 高中、職 | 桃竹苗區 | 本省客家人 | 02 | 09 | 00"
"男性","60歲及以上","高中、職","桃竹苗區","本省客家人","03","07","01",1,0.720355228927107,1,0.000178571428571429,0.000129220985419156,"男性 | 60歲及以上 | 高中、職 | 桃竹苗區 | 本省客家人 | 03 | 07 | 01"
"男性","60歲及以上","高中、職","桃竹苗區","本省客家人","03","08","03",1,0.744034786,1,0.000178571428571429,0.000133468744825033,"男性 | 60歲及以上 | 高中、職 | 桃竹苗區 | 本省客家人 | 03 | 08 | 03"
"男性","60歲及以上","高中、職","桃竹苗區","本省客家人","04","03","06",1,0.81077799,1,0.000178571428571429,0.000145441480281896,"男性 | 60歲及以上 | 高中、職 | 桃竹苗區 | 本省客家人 | 04 | 03 | 06"
"男性","60歲及以上","高中、職","桃竹苗區","本省客家人","04","09","02",1,0.744034786,1,0.000178571428571429,0.000133468744825033,"男性 | 60歲及以上 | 高中、職 | 桃竹苗區 | 本省客家人 | 04 | 09 | 02"
"男性","60歲及以上","高中、職","桃竹苗區","本省客家人","05","04","05",1,0.720355228927107,1,0.000178571428571429,0.000129220985419156,"男性 | 60歲及以上 | 高中、職 | 桃竹苗區 | 本省客家人 | 05 | 04 | 05"
"男性","60歲及以上","高中、職","桃竹苗區","本省客家人","05","05","02",1,0.81077799,1,0.000178571428571429,0.000145441480281896,"男性 | 60歲及以上 | 高中、職 | 桃竹苗區 | 本省客家人 | 05 | 05 | 02"
"男性","60歲及以上","高中、職","桃竹苗區","本省客家人","05","05","05",1,0.744034786,1,0.000178571428571429,0.000133468744825033,"男性 | 60歲及以上 | 高中、職 | 桃竹苗區 | 本省客家人 | 05 | 05 | 05"
"男性","60歲及以上","高中、職","桃竹苗區","本省客家人","05","05","06",1,0.744034786,1,0.000178571428571429,0.000133468744825033,"男性 | 60歲及以上 | 高中、職 | 桃竹苗區 | 本省客家人 | 05 | 05 | 06"
"男性","60歲及以上","高中、職","桃竹苗區","本省客家人","06","03","05",1,0.744034786,1,0.000178571428571429,0.000133468744825033,"男性 | 60歲及以上 | 高中、職 | 桃竹苗區 | 本省客家人 | 06 | 03 | 05"
"男性","60歲及以上","高中、職","桃竹苗區","本省客家人","06","08","04",1,0.720355228927107,1,0.000178571428571429,0.000129220985419156,"男性 | 60歲及以上 | 高中、職 | 桃竹苗區 | 本省客家人 | 06 | 08 | 04"
"男性","60歲及以上","高中、職","桃竹苗區","本省客家人","07","00","02",1,0.744034786,1,0.000178571428571429,0.000133468744825033,"男性 | 60歲及以上 | 高中、職 | 桃竹苗區 | 本省客家人 | 07 | 00 | 02"
"男性","60歲及以上","高中、職","桃竹苗區","本省客家人","07","02","02",1,0.744034786,1,0.000178571428571429,0.000133468744825033,"男性 | 60歲及以上 | 高中、職 | 桃竹苗區 | 本省客家人 | 07 | 02 | 02"
"男性","60歲及以上","高中、職","桃竹苗區","本省客家人","07","05","03",1,0.744034786,1,0.000178571428571429,0.000133468744825033,"男性 | 60歲及以上 | 高中、職 | 桃竹苗區 | 本省客家人 | 07 | 05 | 03"
"男性","60歲及以上","高中、職","桃竹苗區","本省客家人","08","00","05",1,0.720355228927107,1,0.000178571428571429,0.000129220985419156,"男性 | 60歲及以上 | 高中、職 | 桃竹苗區 | 本省客家人 | 08 | 00 | 05"
"男性","60歲及以上","高中、職","桃竹苗區","本省客家人","08","02","06",1,0.720355228927107,1,0.000178571428571429,0.000129220985419156,"男性 | 60歲及以上 | 高中、職 | 桃竹苗區 | 本省客家人 | 08 | 02 | 06"
"男性","60歲及以上","高中、職","桃竹苗區","本省客家人","08","03","05",1,0.744034786,1,0.000178571428571429,0.000133468744825033,"男性 | 60歲及以上 | 高中、職 | 桃竹苗區 | 本省客家人 | 08 | 03 | 05"
"男性","60歲及以上","高中、職","桃竹苗區","本省客家人","08","04","05",1,0.81077799,1,0.000178571428571429,0.000145441480281896,"男性 | 60歲及以上 | 高中、職 | 桃竹苗區 | 本省客家人 | 08 | 04 | 05"
"男性","60歲及以上","高中、職","桃竹苗區","本省客家人","08","05","02",1,0.81077799,1,0.000178571428571429,0.000145441480281896,"男性 | 60歲及以上 | 高中、職 | 桃竹苗區 | 本省客家人 | 08 | 05 | 02"
"男性","60歲及以上","高中、職","桃竹苗區","本省客家人","09","01","03",1,0.81077799,1,0.000178571428571429,0.000145441480281896,"男性 | 60歲及以上 | 高中、職 | 桃竹苗區 | 本省客家人 | 09 | 01 | 03"
"男性","60歲及以上","高中、職","桃竹苗區","本省客家人","10","02","08",1,0.720355228927107,1,0.000178571428571429,0.000129220985419156,"男性 | 60歲及以上 | 高中、職 | 桃竹苗區 | 本省客家人 | 10 | 02 | 08"
"男性","60歲及以上","高中、職","桃竹苗區","本省閩南人","00","10","00",1,0.81077799,1,0.000178571428571429,0.000145441480281896,"男性 | 60歲及以上 | 高中、職 | 桃竹苗區 | 本省閩南人 | 00 | 10 | 00"
"男性","60歲及以上","高中、職","桃竹苗區","本省閩南人","02","05","02",1,0.720355228927107,1,0.000178571428571429,0.000129220985419156,"男性 | 60歲及以上 | 高中、職 | 桃竹苗區 | 本省閩南人 | 02 | 05 | 02"
"男性","60歲及以上","高中、職","桃竹苗區","本省閩南人","02","08","02",1,0.81077799,1,0.000178571428571429,0.000145441480281896,"男性 | 60歲及以上 | 高中、職 | 桃竹苗區 | 本省閩南人 | 02 | 08 | 02"
"男性","60歲及以上","高中、職","桃竹苗區","本省閩南人","03","08","00",1,0.720355228927107,1,0.000178571428571429,0.000129220985419156,"男性 | 60歲及以上 | 高中、職 | 桃竹苗區 | 本省閩南人 | 03 | 08 | 00"
"男性","60歲及以上","高中、職","桃竹苗區","本省閩南人","05","03","00",1,0.720355228927107,1,0.000178571428571429,0.000129220985419156,"男性 | 60歲及以上 | 高中、職 | 桃竹苗區 | 本省閩南人 | 05 | 03 | 00"
"男性","60歲及以上","高中、職","桃竹苗區","本省閩南人","05","04","05",1,0.720355228927107,1,0.000178571428571429,0.000129220985419156,"男性 | 60歲及以上 | 高中、職 | 桃竹苗區 | 本省閩南人 | 05 | 04 | 05"
"男性","60歲及以上","高中、職","桃竹苗區","本省閩南人","05","05","02",1,0.720355228927107,1,0.000178571428571429,0.000129220985419156,"男性 | 60歲及以上 | 高中、職 | 桃竹苗區 | 本省閩南人 | 05 | 05 | 02"
"男性","60歲及以上","高中、職","桃竹苗區","本省閩南人","05","07","03",1,0.720355228927107,1,0.000178571428571429,0.000129220985419156,"男性 | 60歲及以上 | 高中、職 | 桃竹苗區 | 本省閩南人 | 05 | 07 | 03"
"男性","60歲及以上","高中、職","桃竹苗區","本省閩南人","05","09","03",1,0.744034786,1,0.000178571428571429,0.000133468744825033,"男性 | 60歲及以上 | 高中、職 | 桃竹苗區 | 本省閩南人 | 05 | 09 | 03"
"男性","60歲及以上","高中、職","桃竹苗區","本省閩南人","07","02","04",1,0.81077799,1,0.000178571428571429,0.000145441480281896,"男性 | 60歲及以上 | 高中、職 | 桃竹苗區 | 本省閩南人 | 07 | 02 | 04"
"男性","60歲及以上","高中、職","桃竹苗區","本省閩南人","07","03","05",1,0.720355228927107,1,0.000178571428571429,0.000129220985419156,"男性 | 60歲及以上 | 高中、職 | 桃竹苗區 | 本省閩南人 | 07 | 03 | 05"
"男性","60歲及以上","高中、職","桃竹苗區","本省閩南人","07","04","06",1,0.720355228927107,1,0.000178571428571429,0.000129220985419156,"男性 | 60歲及以上 | 高中、職 | 桃竹苗區 | 本省閩南人 | 07 | 04 | 06"
"男性","60歲及以上","高中、職","花東區","原住民","10","01","05",1,0.576247019,1,0.000178571428571429,0.000103370121642535,"男性 | 60歲及以上 | 高中、職 | 花東區 | 原住民 | 10 | 01 | 05"
"男性","60歲及以上","高中、職","花東區","大陸各省市","03","04","04",1,0.788462913,1,0.000178571428571429,0.000141438488252617,"男性 | 60歲及以上 | 高中、職 | 花東區 | 大陸各省市 | 03 | 04 | 04"
"男性","60歲及以上","高中、職","花東區","大陸各省市","08","00","05",1,0.60596626391393,1,0.000178571428571429,0.00010870131097729,"男性 | 60歲及以上 | 高中、職 | 花東區 | 大陸各省市 | 08 | 00 | 05"
"男性","60歲及以上","高中、職","花東區","大陸各省市","09","02","05",1,0.60596626391393,1,0.000178571428571429,0.00010870131097729,"男性 | 60歲及以上 | 高中、職 | 花東區 | 大陸各省市 | 09 | 02 | 05"
"男性","60歲及以上","高中、職","花東區","本省客家人","05","04","06",1,0.79743805,1,0.000178571428571429,0.000143048493984288,"男性 | 60歲及以上 | 高中、職 | 花東區 | 本省客家人 | 05 | 04 | 06"
"男性","60歲及以上","高中、職","花東區","本省閩南人","03","01","02",1,0.788462913,1,0.000178571428571429,0.000141438488252617,"男性 | 60歲及以上 | 高中、職 | 花東區 | 本省閩南人 | 03 | 01 | 02"
"男性","60歲及以上","高中、職","花東區","本省閩南人","05","05","05",1,0.60596626391393,1,0.000178571428571429,0.00010870131097729,"男性 | 60歲及以上 | 高中、職 | 花東區 | 本省閩南人 | 05 | 05 | 05"
"男性","60歲及以上","高中、職","花東區","本省閩南人","05","07","03",1,0.576247019,1,0.000178571428571429,0.000103370121642535,"男性 | 60歲及以上 | 高中、職 | 花東區 | 本省閩南人 | 05 | 07 | 03"
"男性","60歲及以上","高中、職","花東區","本省閩南人","05","08","05",1,0.60596626391393,1,0.000178571428571429,0.00010870131097729,"男性 | 60歲及以上 | 高中、職 | 花東區 | 本省閩南人 | 05 | 08 | 05"
"男性","60歲及以上","高中、職","花東區","本省閩南人","06","00","05",1,0.60596626391393,1,0.000178571428571429,0.00010870131097729,"男性 | 60歲及以上 | 高中、職 | 花東區 | 本省閩南人 | 06 | 00 | 05"
"男性","60歲及以上","高中、職","花東區","本省閩南人","07","07","06",1,0.576247019,1,0.000178571428571429,0.000103370121642535,"男性 | 60歲及以上 | 高中、職 | 花東區 | 本省閩南人 | 07 | 07 | 06"
"男性","60歲及以上","高中、職","花東區","本省閩南人","08","03","02",1,0.788462913,1,0.000178571428571429,0.000141438488252617,"男性 | 60歲及以上 | 高中、職 | 花東區 | 本省閩南人 | 08 | 03 | 02"
"男性","60歲及以上","高中、職","雲嘉南區","大陸各省市","04","08","01",1,0.67505163476365,1,0.000178571428571429,0.000121094196238281,"男性 | 60歲及以上 | 高中、職 | 雲嘉南區 | 大陸各省市 | 04 | 08 | 01"
"男性","60歲及以上","高中、職","雲嘉南區","大陸各省市","07","04","06",1,0.72482983,1,0.000178571428571429,0.000130023662121951,"男性 | 60歲及以上 | 高中、職 | 雲嘉南區 | 大陸各省市 | 07 | 04 | 06"
"男性","60歲及以上","高中、職","雲嘉南區","本省閩南人","00","00","00",1,0.72482983,1,0.000178571428571429,0.000130023662121951,"男性 | 60歲及以上 | 高中、職 | 雲嘉南區 | 本省閩南人 | 00 | 00 | 00"
"男性","60歲及以上","高中、職","雲嘉南區","本省閩南人","00","05","05",1,0.72482983,1,0.000178571428571429,0.000130023662121951,"男性 | 60歲及以上 | 高中、職 | 雲嘉南區 | 本省閩南人 | 00 | 05 | 05"
"男性","60歲及以上","高中、職","雲嘉南區","本省閩南人","00","06","03",1,0.643316435,1,0.000178571428571429,0.0001154013746674,"男性 | 60歲及以上 | 高中、職 | 雲嘉南區 | 本省閩南人 | 00 | 06 | 03"
"男性","60歲及以上","高中、職","雲嘉南區","本省閩南人","00","08","00",1,0.67505163476365,1,0.000178571428571429,0.000121094196238281,"男性 | 60歲及以上 | 高中、職 | 雲嘉南區 | 本省閩南人 | 00 | 08 | 00"
"男性","60歲及以上","高中、職","雲嘉南區","本省閩南人","01","06","00",1,0.67505163476365,1,0.000178571428571429,0.000121094196238281,"男性 | 60歲及以上 | 高中、職 | 雲嘉南區 | 本省閩南人 | 01 | 06 | 00"
"男性","60歲及以上","高中、職","雲嘉南區","本省閩南人","01","09","01",1,0.72482983,1,0.000178571428571429,0.000130023662121951,"男性 | 60歲及以上 | 高中、職 | 雲嘉南區 | 本省閩南人 | 01 | 09 | 01"
"男性","60歲及以上","高中、職","雲嘉南區","本省閩南人","02","07","03",1,0.67505163476365,1,0.000178571428571429,0.000121094196238281,"男性 | 60歲及以上 | 高中、職 | 雲嘉南區 | 本省閩南人 | 02 | 07 | 03"
"男性","60歲及以上","高中、職","雲嘉南區","本省閩南人","02","08","01",1,0.67505163476365,1,0.000178571428571429,0.000121094196238281,"男性 | 60歲及以上 | 高中、職 | 雲嘉南區 | 本省閩南人 | 02 | 08 | 01"
"男性","60歲及以上","高中、職","雲嘉南區","本省閩南人","02","08","05",1,0.72482983,1,0.000178571428571429,0.000130023662121951,"男性 | 60歲及以上 | 高中、職 | 雲嘉南區 | 本省閩南人 | 02 | 08 | 05"
"男性","60歲及以上","高中、職","雲嘉南區","本省閩南人","03","02","08",1,0.643316435,1,0.000178571428571429,0.0001154013746674,"男性 | 60歲及以上 | 高中、職 | 雲嘉南區 | 本省閩南人 | 03 | 02 | 08"
"男性","60歲及以上","高中、職","雲嘉南區","本省閩南人","03","06","04",1,0.67505163476365,1,0.000178571428571429,0.000121094196238281,"男性 | 60歲及以上 | 高中、職 | 雲嘉南區 | 本省閩南人 | 03 | 06 | 04"
"男性","60歲及以上","高中、職","雲嘉南區","本省閩南人","03","07","06",1,0.67505163476365,1,0.000178571428571429,0.000121094196238281,"男性 | 60歲及以上 | 高中、職 | 雲嘉南區 | 本省閩南人 | 03 | 07 | 06"
"男性","60歲及以上","高中、職","雲嘉南區","本省閩南人","03","08","00",1,0.72482983,1,0.000178571428571429,0.000130023662121951,"男性 | 60歲及以上 | 高中、職 | 雲嘉南區 | 本省閩南人 | 03 | 08 | 00"
"男性","60歲及以上","高中、職","雲嘉南區","本省閩南人","03","09","03",1,0.67505163476365,1,0.000178571428571429,0.000121094196238281,"男性 | 60歲及以上 | 高中、職 | 雲嘉南區 | 本省閩南人 | 03 | 09 | 03"
"男性","60歲及以上","高中、職","雲嘉南區","本省閩南人","03","10","01",1,0.67505163476365,1,0.000178571428571429,0.000121094196238281,"男性 | 60歲及以上 | 高中、職 | 雲嘉南區 | 本省閩南人 | 03 | 10 | 01"
"男性","60歲及以上","高中、職","雲嘉南區","本省閩南人","04","07","02",1,0.72482983,1,0.000178571428571429,0.000130023662121951,"男性 | 60歲及以上 | 高中、職 | 雲嘉南區 | 本省閩南人 | 04 | 07 | 02"
"男性","60歲及以上","高中、職","雲嘉南區","本省閩南人","04","10","05",1,0.72482983,1,0.000178571428571429,0.000130023662121951,"男性 | 60歲及以上 | 高中、職 | 雲嘉南區 | 本省閩南人 | 04 | 10 | 05"
"男性","60歲及以上","高中、職","雲嘉南區","本省閩南人","05","00","00",1,0.67505163476365,1,0.000178571428571429,0.000121094196238281,"男性 | 60歲及以上 | 高中、職 | 雲嘉南區 | 本省閩南人 | 05 | 00 | 00"
"男性","60歲及以上","高中、職","雲嘉南區","本省閩南人","05","00","04",1,0.643316435,1,0.000178571428571429,0.0001154013746674,"男性 | 60歲及以上 | 高中、職 | 雲嘉南區 | 本省閩南人 | 05 | 00 | 04"
"男性","60歲及以上","高中、職","雲嘉南區","本省閩南人","05","00","05",1,0.67505163476365,1,0.000178571428571429,0.000121094196238281,"男性 | 60歲及以上 | 高中、職 | 雲嘉南區 | 本省閩南人 | 05 | 00 | 05"
"男性","60歲及以上","高中、職","雲嘉南區","本省閩南人","05","02","05",1,0.67505163476365,1,0.000178571428571429,0.000121094196238281,"男性 | 60歲及以上 | 高中、職 | 雲嘉南區 | 本省閩南人 | 05 | 02 | 05"
"男性","60歲及以上","高中、職","雲嘉南區","本省閩南人","05","04","03",1,0.72482983,1,0.000178571428571429,0.000130023662121951,"男性 | 60歲及以上 | 高中、職 | 雲嘉南區 | 本省閩南人 | 05 | 04 | 03"
"男性","60歲及以上","高中、職","雲嘉南區","本省閩南人","05","04","04",1,0.72482983,1,0.000178571428571429,0.000130023662121951,"男性 | 60歲及以上 | 高中、職 | 雲嘉南區 | 本省閩南人 | 05 | 04 | 04"
"男性","60歲及以上","高中、職","雲嘉南區","本省閩南人","05","05","00",1,0.72482983,1,0.000178571428571429,0.000130023662121951,"男性 | 60歲及以上 | 高中、職 | 雲嘉南區 | 本省閩南人 | 05 | 05 | 00"
"男性","60歲及以上","高中、職","雲嘉南區","本省閩南人","05","08","03",1,0.643316435,1,0.000178571428571429,0.0001154013746674,"男性 | 60歲及以上 | 高中、職 | 雲嘉南區 | 本省閩南人 | 05 | 08 | 03"
"男性","60歲及以上","高中、職","雲嘉南區","本省閩南人","06","00","05",1,0.643316435,1,0.000178571428571429,0.0001154013746674,"男性 | 60歲及以上 | 高中、職 | 雲嘉南區 | 本省閩南人 | 06 | 00 | 05"
"男性","60歲及以上","高中、職","雲嘉南區","本省閩南人","06","01","05",1,0.67505163476365,1,0.000178571428571429,0.000121094196238281,"男性 | 60歲及以上 | 高中、職 | 雲嘉南區 | 本省閩南人 | 06 | 01 | 05"
"男性","60歲及以上","高中、職","雲嘉南區","本省閩南人","06","01","07",1,0.72482983,1,0.000178571428571429,0.000130023662121951,"男性 | 60歲及以上 | 高中、職 | 雲嘉南區 | 本省閩南人 | 06 | 01 | 07"
"男性","60歲及以上","高中、職","雲嘉南區","本省閩南人","06","04","05",1,0.67505163476365,1,0.000178571428571429,0.000121094196238281,"男性 | 60歲及以上 | 高中、職 | 雲嘉南區 | 本省閩南人 | 06 | 04 | 05"
"男性","60歲及以上","高中、職","雲嘉南區","本省閩南人","07","03","05",1,0.67505163476365,1,0.000178571428571429,0.000121094196238281,"男性 | 60歲及以上 | 高中、職 | 雲嘉南區 | 本省閩南人 | 07 | 03 | 05"
"男性","60歲及以上","高中、職","雲嘉南區","本省閩南人","08","10","07",1,1.003054016,1,0.000178571428571429,0.000179932931935831,"男性 | 60歲及以上 | 高中、職 | 雲嘉南區 | 本省閩南人 | 08 | 10 | 07"
"男性","60歲及以上","高中、職","高屏區","大陸各省市","05","03","05",1,0.720407171,1,0.000178571428571429,0.000129230303052421,"男性 | 60歲及以上 | 高中、職 | 高屏區 | 大陸各省市 | 05 | 03 | 05"
"男性","60歲及以上","高中、職","高屏區","大陸各省市","05","05","05",1,0.966851969471028,1,0.000178571428571429,0.000173438824669294,"男性 | 60歲及以上 | 高中、職 | 高屏區 | 大陸各省市 | 05 | 05 | 05"
"男性","60歲及以上","高中、職","高屏區","大陸各省市","07","06","03",1,0.720407171,1,0.000178571428571429,0.000129230303052421,"男性 | 60歲及以上 | 高中、職 | 高屏區 | 大陸各省市 | 07 | 06 | 03"
"男性","60歲及以上","高中、職","高屏區","大陸各省市","07","06","05",1,0.720407171,1,0.000178571428571429,0.000129230303052421,"男性 | 60歲及以上 | 高中、職 | 高屏區 | 大陸各省市 | 07 | 06 | 05"
"男性","60歲及以上","高中、職","高屏區","本省客家人","03","08","02",1,0.750848373,1,0.000178571428571429,0.000134691000721878,"男性 | 60歲及以上 | 高中、職 | 高屏區 | 本省客家人 | 03 | 08 | 02"
"男性","60歲及以上","高中、職","高屏區","本省客家人","04","08","03",1,0.750848373,1,0.000178571428571429,0.000134691000721878,"男性 | 60歲及以上 | 高中、職 | 高屏區 | 本省客家人 | 04 | 08 | 03"
"男性","60歲及以上","高中、職","高屏區","本省客家人","05","05","04",1,0.750848373,1,0.000178571428571429,0.000134691000721878,"男性 | 60歲及以上 | 高中、職 | 高屏區 | 本省客家人 | 05 | 05 | 04"
"男性","60歲及以上","高中、職","高屏區","本省客家人","09","01","00",1,0.720407171,1,0.000178571428571429,0.000129230303052421,"男性 | 60歲及以上 | 高中、職 | 高屏區 | 本省客家人 | 09 | 01 | 00"
"男性","60歲及以上","高中、職","高屏區","本省閩南人","00","05","00",1,0.720407171,1,0.000178571428571429,0.000129230303052421,"男性 | 60歲及以上 | 高中、職 | 高屏區 | 本省閩南人 | 00 | 05 | 00"
"男性","60歲及以上","高中、職","高屏區","本省閩南人","00","08","01",1,0.966851969471028,1,0.000178571428571429,0.000173438824669294,"男性 | 60歲及以上 | 高中、職 | 高屏區 | 本省閩南人 | 00 | 08 | 01"
"男性","60歲及以上","高中、職","高屏區","本省閩南人","00","10","01",1,0.966851969471028,1,0.000178571428571429,0.000173438824669294,"男性 | 60歲及以上 | 高中、職 | 高屏區 | 本省閩南人 | 00 | 10 | 01"
"男性","60歲及以上","高中、職","高屏區","本省閩南人","01","05","01",1,0.750848373,1,0.000178571428571429,0.000134691000721878,"男性 | 60歲及以上 | 高中、職 | 高屏區 | 本省閩南人 | 01 | 05 | 01"
"男性","60歲及以上","高中、職","高屏區","本省閩南人","01","08","00",1,0.966851969471028,1,0.000178571428571429,0.000173438824669294,"男性 | 60歲及以上 | 高中、職 | 高屏區 | 本省閩南人 | 01 | 08 | 00"
"男性","60歲及以上","高中、職","高屏區","本省閩南人","02","01","08",1,0.750848373,1,0.000178571428571429,0.000134691000721878,"男性 | 60歲及以上 | 高中、職 | 高屏區 | 本省閩南人 | 02 | 01 | 08"
"男性","60歲及以上","高中、職","高屏區","本省閩南人","02","07","01",1,0.966851969471028,1,0.000178571428571429,0.000173438824669294,"男性 | 60歲及以上 | 高中、職 | 高屏區 | 本省閩南人 | 02 | 07 | 01"
"男性","60歲及以上","高中、職","高屏區","本省閩南人","02","07","03",1,0.966851969471028,1,0.000178571428571429,0.000173438824669294,"男性 | 60歲及以上 | 高中、職 | 高屏區 | 本省閩南人 | 02 | 07 | 03"
"男性","60歲及以上","高中、職","高屏區","本省閩南人","02","08","02",1,0.966851969471028,1,0.000178571428571429,0.000173438824669294,"男性 | 60歲及以上 | 高中、職 | 高屏區 | 本省閩南人 | 02 | 08 | 02"
"男性","60歲及以上","高中、職","高屏區","本省閩南人","02","08","03",1,0.750848373,1,0.000178571428571429,0.000134691000721878,"男性 | 60歲及以上 | 高中、職 | 高屏區 | 本省閩南人 | 02 | 08 | 03"
"男性","60歲及以上","高中、職","高屏區","本省閩南人","03","05","03",1,0.966851969471028,1,0.000178571428571429,0.000173438824669294,"男性 | 60歲及以上 | 高中、職 | 高屏區 | 本省閩南人 | 03 | 05 | 03"
"男性","60歲及以上","高中、職","高屏區","本省閩南人","03","06","00",1,0.966851969471028,1,0.000178571428571429,0.000173438824669294,"男性 | 60歲及以上 | 高中、職 | 高屏區 | 本省閩南人 | 03 | 06 | 00"
"男性","60歲及以上","高中、職","高屏區","本省閩南人","03","07","02",1,0.750848373,1,0.000178571428571429,0.000134691000721878,"男性 | 60歲及以上 | 高中、職 | 高屏區 | 本省閩南人 | 03 | 07 | 02"
"男性","60歲及以上","高中、職","高屏區","本省閩南人","03","08","00",1,0.966851969471028,1,0.000178571428571429,0.000173438824669294,"男性 | 60歲及以上 | 高中、職 | 高屏區 | 本省閩南人 | 03 | 08 | 00"
"男性","60歲及以上","高中、職","高屏區","本省閩南人","03","08","05",1,0.750848373,1,0.000178571428571429,0.000134691000721878,"男性 | 60歲及以上 | 高中、職 | 高屏區 | 本省閩南人 | 03 | 08 | 05"
"男性","60歲及以上","高中、職","高屏區","本省閩南人","04","07","03",1,0.720407171,1,0.000178571428571429,0.000129230303052421,"男性 | 60歲及以上 | 高中、職 | 高屏區 | 本省閩南人 | 04 | 07 | 03"
"男性","60歲及以上","高中、職","高屏區","本省閩南人","04","08","02",1,0.750848373,1,0.000178571428571429,0.000134691000721878,"男性 | 60歲及以上 | 高中、職 | 高屏區 | 本省閩南人 | 04 | 08 | 02"
"男性","60歲及以上","高中、職","高屏區","本省閩南人","04","09","00",1,0.966851969471028,1,0.000178571428571429,0.000173438824669294,"男性 | 60歲及以上 | 高中、職 | 高屏區 | 本省閩南人 | 04 | 09 | 00"
"男性","60歲及以上","高中、職","高屏區","本省閩南人","04","09","03",1,0.720407171,1,0.000178571428571429,0.000129230303052421,"男性 | 60歲及以上 | 高中、職 | 高屏區 | 本省閩南人 | 04 | 09 | 03"
"男性","60歲及以上","高中、職","高屏區","本省閩南人","04","09","04",1,0.750848373,1,0.000178571428571429,0.000134691000721878,"男性 | 60歲及以上 | 高中、職 | 高屏區 | 本省閩南人 | 04 | 09 | 04"
"男性","60歲及以上","高中、職","高屏區","本省閩南人","05","05","03",1,0.720407171,1,0.000178571428571429,0.000129230303052421,"男性 | 60歲及以上 | 高中、職 | 高屏區 | 本省閩南人 | 05 | 05 | 03"
"男性","60歲及以上","高中、職","高屏區","本省閩南人","05","06","03",1,0.720407171,1,0.000178571428571429,0.000129230303052421,"男性 | 60歲及以上 | 高中、職 | 高屏區 | 本省閩南人 | 05 | 06 | 03"
"男性","60歲及以上","高中、職","高屏區","本省閩南人","05","06","04",1,0.966851969471028,1,0.000178571428571429,0.000173438824669294,"男性 | 60歲及以上 | 高中、職 | 高屏區 | 本省閩南人 | 05 | 06 | 04"
"男性","60歲及以上","高中、職","高屏區","本省閩南人","05","07","03",1,0.966851969471028,1,0.000178571428571429,0.000173438824669294,"男性 | 60歲及以上 | 高中、職 | 高屏區 | 本省閩南人 | 05 | 07 | 03"
"男性","60歲及以上","高中、職","高屏區","本省閩南人","05","10","02",1,0.720407171,1,0.000178571428571429,0.000129230303052421,"男性 | 60歲及以上 | 高中、職 | 高屏區 | 本省閩南人 | 05 | 10 | 02"
"男性","60歲及以上","高中、職","高屏區","本省閩南人","05","10","08",1,0.720407171,1,0.000178571428571429,0.000129230303052421,"男性 | 60歲及以上 | 高中、職 | 高屏區 | 本省閩南人 | 05 | 10 | 08"
"男性","60歲及以上","高中、職","高屏區","本省閩南人","06","05","06",1,0.966851969471028,1,0.000178571428571429,0.000173438824669294,"男性 | 60歲及以上 | 高中、職 | 高屏區 | 本省閩南人 | 06 | 05 | 06"
"男性","60歲及以上","高中、職","高屏區","本省閩南人","06","08","05",1,0.750848373,1,0.000178571428571429,0.000134691000721878,"男性 | 60歲及以上 | 高中、職 | 高屏區 | 本省閩南人 | 06 | 08 | 05"
"男性","60歲及以上","高中、職","高屏區","本省閩南人","06","09","07",1,0.966851969471028,1,0.000178571428571429,0.000173438824669294,"男性 | 60歲及以上 | 高中、職 | 高屏區 | 本省閩南人 | 06 | 09 | 07"
"男性","60歲及以上","高中、職","高屏區","本省閩南人","08","01","03",1,0.720407171,1,0.000178571428571429,0.000129230303052421,"男性 | 60歲及以上 | 高中、職 | 高屏區 | 本省閩南人 | 08 | 01 | 03"
"男性","60歲及以上","高中、職","高屏區","本省閩南人","08","02","05",1,0.966851969471028,1,0.000178571428571429,0.000173438824669294,"男性 | 60歲及以上 | 高中、職 | 高屏區 | 本省閩南人 | 08 | 02 | 05"
"男性","60歲及以上","高中、職","高屏區","本省閩南人","08","03","05",1,0.750848373,1,0.000178571428571429,0.000134691000721878,"男性 | 60歲及以上 | 高中、職 | 高屏區 | 本省閩南人 | 08 | 03 | 05"
