"order","vars","cell","target_count","target_pct","sample_n","sample_pct","raking_pct","mlcal_pct","rel_imbalance_raking","rel_imbalance_mlcal"
1,"sex","男性",1308.38174140401,50.6602770464424,1622,51.8542199488491,50.6602770464424,50.6602770464424,0,0
1,"sex","女性",1274.2763443474,49.3397229535576,1506,48.1457800511509,49.3397229535576,49.3397229535576,0,0
1,"age","20至29歲",365.622693206459,14.1568369124665,810,25.8951406649616,14.1568369124667,14.1568369124667,1.51827119925465e-14,1.51827119925465e-14
1,"age","30至39歲",430.044773821911,16.651246876018,995,31.809462915601,16.651246876018,16.651246876018,-1.06680109461271e-15,-1.06680109461271e-15
1,"age","40至49歲",537.18364825268,20.7996424775054,845,27.0140664961637,20.7996424775053,20.7996424775053,-3.58693604159289e-15,-3.58693604159289e-15
1,"age","50至59歲",475.162664744739,18.3982025095084,326,10.4219948849105,18.3982025095083,18.3982025095083,-4.82752822859248e-15,-4.82752822859248e-15
1,"age","60歲及以上",774.644305725634,29.9940712245017,152,4.85933503836317,29.9940712245017,29.9940712245017,-1.4213663702572e-15,-1.4213663702572e-15
1,"edu","高中職及以下",1175.10208218626,45.4997155321999,356,11.381074168798,45.4997155322002,45.4997155322002,5.46574752407053e-15,5.46574752407053e-15
1,"edu","專科",304.647270998214,11.79588086704,289,9.23913043478261,11.79588086704,11.79588086704,-3.16241695282278e-15,-3.16241695282278e-15
1,"edu","大學及以上",1102.90873256695,42.70440360076,2483,79.3797953964194,42.7044036007598,42.7044036007598,-5.1579750450305e-15,-5.1579750450305e-15
1,"arear","北北基宜蘭區",833.558795230551,32.2752283714717,1298,41.4961636828644,32.2752283714719,32.2752283714719,5.72392886492849e-15,5.72392886492849e-15
1,"arear","桃竹苗區",430.65166950993,16.6747457546101,473,15.1214833759591,16.6747457546101,16.6747457546101,-2.98283357570569e-15,-2.98283357570569e-15
1,"arear","中彰投區",486.954918679405,18.8547962026389,507,16.2084398976982,18.8547962026388,18.8547962026388,-3.01479890049686e-15,-3.01479890049686e-15
1,"arear","雲嘉南區",371.173428384617,14.3717602586416,381,12.1803069053708,14.3717602586416,14.3717602586416,-2.10120860119737e-15,-2.10120860119737e-15
1,"arear","高屏區",397.632187750942,15.3962380829536,425,13.5869565217391,15.3962380829536,15.3962380829536,-2.42289664698722e-15,-2.42289664698722e-15
1,"arear","花東區",62.6870861959766,2.42723132968404,44,1.40664961636829,2.42723132968404,2.42723132968404,-2.37849588436316e-15,-2.37849588436316e-15
1,"party_kmt","0-4 冷淡",1109.01723532118,42.9409235949447,1918,61.3171355498721,42.9409235949448,42.9409235949448,2.48204746058519e-15,2.48204746058519e-15
1,"party_kmt","5 中間",795.456662395493,30.7999214756318,594,18.9897698209719,30.7999214756318,30.7999214756318,-6.92088844761113e-16,-6.92088844761113e-16
1,"party_kmt","6-10 溫暖",678.184188034748,26.2591549294235,616,19.693094629156,26.2591549294234,26.2591549294234,-3.51765149705224e-15,-3.51765149705224e-15
1,"party_dpp","0-4 冷淡",1034.78371839704,40.0666167970883,1740,55.6265984654731,40.0666167970884,40.0666167970884,3.19212608053577e-15,3.19212608053577e-15
1,"party_dpp","5 中間",668.044899665346,25.8665637294756,541,17.2953964194373,25.8665637294755,25.8665637294755,-1.78552042348699e-15,-1.78552042348699e-15
1,"party_dpp","6-10 溫暖",879.829467689038,34.0668194734361,847,27.0780051150895,34.0668194734361,34.0668194734361,-1.66858602415562e-15,-1.66858602415562e-15
1,"party_tpp","0-4 冷淡",1310.31382383336,50.7350868882871,1587,50.7352941176471,50.7350868882872,50.7350868882872,2.38084277543838e-15,2.38084277543838e-15
1,"party_tpp","5 中間",768.955345961162,29.773795850233,709,22.6662404092072,29.7737958502329,29.7737958502329,-1.90917608042789e-15,-1.90917608042789e-15
1,"party_tpp","6-10 溫暖",503.388915956903,19.4911172614799,832,26.5984654731458,19.4911172614799,19.4911172614799,-3.09864907841731e-15,-3.09864907841731e-15
2,"sex × age","男性 | 20至29歲",214.466657306438,8.3041056998468,376,12.0204603580563,7.25747958353902,7.25747958353902,-0.126037186199002,-0.126037186199002
2,"sex × age","男性 | 30至39歲",222.944650684725,8.63237189292361,512,16.3682864450128,9.04150331338482,9.04150331338482,0.0473950179088782,0.0473950179088782
2,"sex × age","男性 | 40至49歲",273.891499120253,10.605023585248,489,15.6329923273657,11.7400786744445,11.7400786744445,0.107029944824954,0.107029944824954
2,"sex × age","男性 | 50至59歲",227.999185472441,8.82808246009481,175,5.59462915601023,9.41311516726068,9.41311516726068,0.0662695109397052,0.0662695109397052
2,"sex × age","男性 | 60歲及以上",369.079748820157,14.2906934083291,70,2.23785166240409,13.2081003078134,13.2081003078134,-0.0757551134562005,-0.0757551134562005
2,"sex × age","女性 | 20至29歲",151.15603590002,5.85273121261972,434,13.8746803069054,6.89935732892772,6.89935732892772,0.178826957583709,0.178826957583709
2,"sex × age","女性 | 30至39歲",207.100123137186,8.01887498309444,483,15.4411764705882,7.60974356263319,7.60974356263319,-0.0510210498759226,-0.0510210498759226
2,"sex × age","女性 | 40至49歲",263.292149132426,10.1946188922573,356,11.381074168798,9.05956380306086,9.05956380306086,-0.111338648476456,-0.111338648476456
2,"sex × age","女性 | 50至59歲",247.163479272297,9.57012004941356,151,4.82736572890026,8.98508734224758,8.98508734224758,-0.0611311774716787,-0.0611311774716787
2,"sex × age","女性 | 60歲及以上",405.564556905476,15.7033778161726,82,2.62148337595908,16.7859709166883,16.7859709166883,0.0689401422540284,0.0689401422540284
2,"sex × edu","男性 | 高中職及以下",554.858686863235,21.4840164063684,158,5.05115089514067,19.1303748562102,19.1303748562102,-0.10955314433015,-0.10955314433015
2,"sex × edu","男性 | 專科",163.853643944213,6.34438003420572,164,5.24296675191816,6.92693747744879,6.92693747744879,0.0918225957622674,0.0918225957622674
2,"sex × edu","男性 | 大學及以上",589.669410596568,22.8318806058683,1300,41.5601023017903,24.6029647127834,24.6029647127834,0.0775706625962243,0.0775706625962243
2,"sex × edu","女性 | 高中職及以下",620.24339532302,24.0156991258314,198,6.32992327365729,26.36934067599,26.36934067599,0.0980042903530104,0.0980042903530104
2,"sex × edu","女性 | 專科",140.793627054001,5.45150083283429,125,3.99616368286445,4.86894338959119,4.86894338959119,-0.106861846142326,-0.106861846142326
2,"sex × edu","女性 | 大學及以上",513.239321970385,19.8725229948919,1183,37.8196930946292,18.1014388879765,18.1014388879765,-0.08912225726802,-0.08912225726802
2,"sex × arear","男性 | 北北基宜蘭區",395.89528750544,15.328985655887,677,21.6432225063939,14.8077990891033,14.8077990891033,-0.0340000687901666,-0.0340000687901666
2,"sex × arear","男性 | 桃竹苗區",232.258571404634,8.9930050240103,253,8.08823529411765,8.83845098179113,8.83845098179113,-0.017186028675235,-0.017186028675235
2,"sex × arear","男性 | 中彰投區",258.011201575702,9.99014166835152,266,8.50383631713555,10.4291857603967,10.4291857603967,0.0439477343385478,0.0439477343385478
2,"sex × arear","男性 | 雲嘉南區",195.284017193868,7.56135774500131,199,6.3618925831202,7.99500809648685,7.99500809648685,0.057350857625037,0.057350857625037
2,"sex × arear","男性 | 高屏區",191.65791094662,7.42095564271558,205,6.5537084398977,7.55554326620475,7.55554326620475,0.0181361579247916,0.0181361579247916
2,"sex × arear","男性 | 花東區",35.2747527777514,1.36583131047671,22,0.703324808184143,1.03428985245963,1.03428985245963,-0.242739682033917,-0.242739682033917
2,"sex × arear","女性 | 北北基宜蘭區",437.663507725111,16.9462427155848,621,19.8529411764706,17.4674292823686,17.4674292823686,0.0307552875012522,0.0307552875012522
2,"sex × arear","女性 | 桃竹苗區",198.393098105296,7.6817407305998,220,7.03324808184143,7.83629477281893,7.83629477281893,0.0201196639719257,0.0201196639719257
2,"sex × arear","女性 | 中彰投區",228.943717103702,8.86465453428735,241,7.70460358056266,8.42561044224214,8.42561044224214,-0.0495274903660428,-0.0495274903660428
2,"sex × arear","女性 | 雲嘉南區",175.889411190749,6.81040251364029,182,5.81841432225064,6.37675216215472,6.37675216215472,-0.0636747021364782,-0.0636747021364782
2,"sex × arear","女性 | 高屏區",205.974276804321,7.97528244023805,220,7.03324808184143,7.84069481674884,7.84069481674884,-0.0168755933721129,-0.0168755933721129
2,"sex × arear","女性 | 花東區",27.4123334182252,1.06140001920733,22,0.703324808184143,1.39294147722441,1.39294147722441,0.3123624006194,0.3123624006194
2,"sex × party_kmt","男性 | 0-4 冷淡",610.618847890592,23.6430385911085,1004,32.0971867007673,22.1604364255893,22.1604364255893,-0.0627077674388586,-0.0627077674388586
2,"sex × party_kmt","男性 | 5 中間",367.417928127467,14.2263480463991,284,9.07928388746803,15.1921830009826,15.1921830009826,0.0678905753910553,0.0678905753910553
2,"sex × party_kmt","男性 | 6-10 溫暖",330.344965385956,12.7908904089347,334,10.6777493606138,13.3076576198705,13.3076576198705,0.0404011913490213,0.0404011913490213
2,"sex × party_kmt","女性 | 0-4 冷淡",498.398387430589,19.2978850038363,914,29.2199488491049,20.7804871693556,20.7804871693556,0.0768271841823355,0.0768271841823355
2,"sex × party_kmt","女性 | 5 中間",428.038734268026,16.5735734292327,310,9.91048593350384,15.6077384746492,15.6077384746492,-0.0582756011374064,-0.0582756011374064
2,"sex × party_kmt","女性 | 6-10 溫暖",347.839222648791,13.4682645204887,282,9.0153452685422,12.9514973095529,12.9514973095529,-0.0383692501843606,-0.0383692501843606
2,"sex × party_dpp","男性 | 0-4 冷淡",581.445722836622,22.5134610750246,942,30.1150895140665,21.6567160898766,21.6567160898766,-0.0380547878574953,-0.0380547878574953
2,"sex × party_dpp","男性 | 5 中間",308.564726767409,11.9475639640325,235,7.51278772378517,11.4702254124498,11.4702254124498,-0.0399527931400639,-0.0399527931400639
2,"sex × party_dpp","男性 | 6-10 溫暖",418.371291799984,16.1992520073852,445,14.2263427109974,17.5333355441159,17.5333355441159,0.082354638110606,0.082354638110606
2,"sex × party_dpp","女性 | 0-4 冷淡",453.337995560415,17.5531557220637,798,25.5115089514067,18.4099007072118,18.4099007072118,0.048808601639149,0.048808601639149
2,"sex × party_dpp","女性 | 5 中間",359.480172897936,13.918999765443,306,9.78260869565217,14.3963383170257,14.3963383170257,0.0342940268429151,0.0342940268429151
2,"sex × party_dpp","女性 | 6-10 溫暖",461.458175889054,17.8675674660509,402,12.8516624040921,16.5334839293201,16.5334839293201,-0.074665090212509,-0.074665090212509
2,"sex × party_tpp","男性 | 0-4 冷淡",652.073672747078,25.2481610455748,750,23.9769820971867,25.6880949316482,25.6880949316482,0.0174243932173621,0.0174243932173621
2,"sex × party_tpp","男性 | 5 中間",369.72617594195,14.315722936061,360,11.5089514066496,14.4066443788102,14.4066443788102,0.00635115971127251,0.00635115971127251
2,"sex × party_tpp","男性 | 6-10 溫暖",286.581892714987,11.0963930648066,512,16.3682864450128,10.5655377359839,10.5655377359839,-0.0478403500779291,-0.0478403500779291
2,"sex × party_tpp","女性 | 0-4 冷淡",658.240151086279,25.4869258427124,837,26.7583120204604,25.046991956639,25.046991956639,-0.0172611592621374,-0.0172611592621374
2,"sex × party_tpp","女性 | 5 中間",399.229170019212,15.4580729141719,349,11.1572890025575,15.3671514714227,15.3671514714227,-0.00588180967020364,-0.00588180967020364
2,"sex × party_tpp","女性 | 6-10 溫暖",216.807023241915,8.39472419667333,320,10.230179028133,8.92557952549596,8.92557952549596,0.0632367801949942,0.0632367801949942
2,"age × edu","20至29歲 | 高中職及以下",82.113219614607,3.17940729621266,35,1.11892583120205,3.39166958799253,3.39166958799253,0.0667615917069546,0.0667615917069546
2,"age × edu","20至29歲 | 專科",21.545324448612,0.834230615638905,14,0.447570332480818,0.260851903371933,0.260851903371933,-0.687314396664576,-0.687314396664576
2,"age × edu","20至29歲 | 大學及以上",261.964149143239,10.1431990006149,761,24.3286445012788,10.5043154211023,10.5043154211023,0.0356018274378167,0.0356018274378167
2,"age × edu","30至39歲 | 高中職及以下",76.0434252613937,2.94438608350547,56,1.79028132992327,4.89870763344499,4.89870763344499,0.663745003037365,0.663745003037365
2,"age × edu","30至39歲 | 專科",32.3792344257526,1.25371742409069,48,1.53452685421995,1.05388877715368,1.05388877715368,-0.159388904626527,-0.159388904626527
2,"age × edu","30至39歲 | 大學及以上",321.622114134765,12.4531433684219,891,28.4846547314578,10.6986504654193,10.6986504654193,-0.1408875535354,-0.1408875535354
2,"age × edu","40至49歲 | 高中職及以下",171.845227986974,6.65381255594952,107,3.42071611253197,9.85722788498123,9.85722788498123,0.481440572918961,0.481440572918961
2,"age × edu","40至49歲 | 專科",83.8430506726544,3.2463860057674,120,3.83631713554987,2.20722608544404,2.20722608544404,-0.320097461755082,-0.320097461755082
2,"age × edu","40至49歲 | 大學及以上",281.495369593052,10.8994439157885,618,19.7570332480818,8.73518850708004,8.73518850708004,-0.198565672288415,-0.198565672288415
2,"age × edu","50至59歲 | 高中職及以下",252.633865810622,9.78193231246555,85,2.71739130434783,9.92352995478454,9.92352995478454,0.014475426510419,0.014475426510419
2,"age × edu","50至59歲 | 專科",88.8929987252452,3.44191897547994,74,2.36572890025575,3.00636623719553,3.00636623719553,-0.126543576820742,-0.126543576820742
2,"age × edu","50至59歲 | 大學及以上",133.635800208871,5.17435122156286,167,5.33887468030691,5.4683063175282,5.4683063175282,0.0568100392451821,0.0568100392451821
2,"age × edu","60歲及以上 | 高中職及以下",592.466343512658,22.9401772840666,73,2.33375959079284,17.4285804709969,17.4285804709969,-0.240259556184768,-0.240259556184768
2,"age × edu","60歲及以上 | 專科",77.9866627259494,3.01962784606307,33,1.05498721227621,5.2675478638748,5.2675478638748,0.744436113457662,0.744436113457662
2,"age × edu","60歲及以上 | 大學及以上",104.191299487026,4.034266094372,46,1.47058823529412,7.29794288962997,7.29794288962997,0.808988975667958,0.808988975667958
2,"age × arear","20至29歲 | 北北基宜蘭區",85.5561011045185,3.312714972862,342,10.9335038363171,4.1014134990298,4.1014134990298,0.238082217344042,0.238082217344042
2,"age × arear","20至29歲 | 桃竹苗區",64.247935308146,2.48766709238839,137,4.37979539641944,3.37543219472422,3.37543219472422,0.356866521670908,0.356866521670908
2,"age × arear","20至29歲 | 中彰投區",74.0396555673914,2.86680052523676,115,3.67647058823529,2.38965234237643,2.38965234237643,-0.166439268675984,-0.166439268675984
2,"age × arear","20至29歲 | 雲嘉南區",65.7541432208329,2.54598715887325,84,2.68542199488491,1.29888257810688,1.29888257810688,-0.489831449628475,-0.489831449628475
2,"age × arear","20至29歲 | 高屏區",62.810772284406,2.43202043007297,120,3.83631713554987,2.51852958126665,2.51852958126665,0.035570898222712,0.035570898222712
2,"age × arear","20至29歲 | 花東區",13.2140857211632,0.511646733033135,12,0.383631713554987,0.472926716962754,0.472926716962754,-0.0756772467613366,-0.0756772467613366
2,"age × arear","30至39歲 | 北北基宜蘭區",166.60988519896,6.4511011394869,402,12.8516624040921,4.55919297266526,4.55919297266526,-0.293269028947842,-0.293269028947842
2,"age × arear","30至39歲 | 桃竹苗區",62.9183613254763,2.43618625603591,153,4.89130434782609,3.60119812949183,3.60119812949183,0.478211331571828,0.478211331571828
2,"age × arear","30至39歲 | 中彰投區",83.5209834895916,3.23391562941989,176,5.62659846547315,3.56792777151653,3.56792777151653,0.103284123759457,0.103284123759457
2,"age × arear","30至39歲 | 雲嘉南區",54.6787142746161,2.117148784668,123,3.93222506393862,2.18099582789008,2.18099582789008,0.0301570884788278,0.0301570884788278
2,"age × arear","30至39歲 | 高屏區",55.1277324592809,2.13453467818376,137,4.37979539641944,2.57131697491742,2.57131697491742,0.204626470208163,0.204626470208163
2,"age × arear","30至39歲 | 花東區",7.18909707398553,0.278360388223588,4,0.127877237851662,0.17061519953689,0.17061519953689,-0.387070837823928,-0.387070837823928
2,"age × arear","40至49歲 | 北北基宜蘭區",169.258824542203,6.55366753640396,353,11.2851662404092,5.63460360740555,5.63460360740555,-0.140236581104128,-0.140236581104128
2,"age × arear","40至49歲 | 桃竹苗區",92.4986724831002,3.58152993589888,137,4.37979539641944,4.50158728925024,4.50158728925024,0.256889477351371,0.256889477351371
2,"age × arear","40至49歲 | 中彰投區",112.541878903024,4.35759884453617,128,4.0920716112532,3.87791839919545,3.87791839919545,-0.110079073924433,-0.110079073924433
2,"age × arear","40至49歲 | 雲嘉南區",82.577165143657,3.19737117349126,108,3.45268542199489,3.35925720465289,3.35925720465289,0.0506309785062786,0.0506309785062786
2,"age × arear","40至49歲 | 高屏區",71.4071400948277,2.76487005727868,102,3.26086956521739,2.76381217299655,2.76381217299655,-0.000382616274981653,-0.000382616274981653
2,"age × arear","40至49歲 | 花東區",8.89996708586798,0.344604929896423,17,0.543478260869565,0.662463804004637,0.662463804004637,0.922386322806677,0.922386322806677
2,"age × arear","50至59歲 | 北北基宜蘭區",162.547457580632,6.29380476174564,141,4.5076726342711,6.78019738265878,6.78019738265878,0.0772811739997854,0.0772811739997854
2,"age × arear","50至59歲 | 桃竹苗區",86.5646248306095,3.35176480805525,32,1.0230179028133,2.36377801096462,2.36377801096462,-0.294766146692696,-0.294766146692696
2,"age × arear","50至59歲 | 中彰投區",76.818597487551,2.97440059570258,61,1.95012787723785,3.45540199542178,3.45540199542178,0.161713724914578,0.161713724914578
2,"age × arear","50至59歲 | 雲嘉南區",54.3527448618733,2.10452731477459,38,1.21483375959079,2.15495599788054,2.15495599788054,0.0239619998048597,0.0239619998048597
2,"age × arear","50至59歲 | 高屏區",81.0207866635961,3.13710851276015,45,1.4386189258312,2.94307821325534,2.94307821325534,-0.061850043986553,-0.061850043986553
2,"age × arear","50至59歲 | 花東區",13.8584533204767,0.536596516470147,9,0.28772378516624,0.700790909327203,0.700790909327203,0.305992282501503,0.305992282501503
2,"age × arear","60歲及以上 | 北北基宜蘭區",249.586526804238,9.66393996097325,60,1.91815856777494,11.1998209097125,11.1998209097125,0.158929065675259,0.158929065675259
2,"age × arear","60歲及以上 | 桃竹苗區",124.422075562598,4.81759766223167,14,0.447570332480818,2.83275013017915,2.83275013017915,-0.41199943856106,-0.41199943856106
2,"age × arear","60歲及以上 | 中彰投區",140.033803231846,5.42208060774346,27,0.863171355498721,5.56389569412863,5.56389569412863,0.0261551047733668,0.0261551047733668
2,"age × arear","60歲及以上 | 雲嘉南區",113.810660883638,4.40672582683451,28,0.895140664961637,5.37766865011119,5.37766865011119,0.220332024598438,0.220332024598438
2,"age × arear","60歲及以上 | 高屏區",127.265756248831,4.92770440465808,21,0.671355498721228,4.59950114051762,4.59950114051762,-0.0666036834170107,-0.0666036834170107
2,"age × arear","60歲及以上 | 花東區",19.5254829944832,0.75602276206075,2,0.0639386189258312,0.420434699852552,0.420434699852552,-0.44388618841774,-0.44388618841774
2,"age × party_kmt","20至29歲 | 0-4 冷淡",151.637731049673,5.87138235162684,566,18.0946291560102,5.97623728357447,5.97623728357447,0.0178586448076524,0.0178586448076524
2,"age × party_kmt","20至29歲 | 5 中間",139.501361821534,5.40146458376221,129,4.12404092071611,5.67779085050193,5.67779085050193,0.0511576559384294,0.0511576559384294
2,"age × party_kmt","20至29歲 | 6-10 溫暖",74.4836003352515,2.88398997707746,115,3.67647058823529,2.50280877839034,2.50280877839034,-0.13217147137016,-0.13217147137016
2,"age × party_kmt","30至39歲 | 0-4 冷淡",212.752104537703,8.23771856257169,649,20.7480818414322,6.54055448560932,6.54055448560932,-0.206023556652382,-0.206023556652382
2,"age × party_kmt","30至39歲 | 5 中間",147.495214729625,5.71098495551381,192,6.1381074168798,6.81633586362948,6.81633586362948,0.193548208711088,0.193548208711088
2,"age × party_kmt","30至39歲 | 6-10 溫暖",69.7974545545828,2.70254335793254,154,4.923273657289,3.2943565267792,3.2943565267792,0.218983783223889,0.218983783223889
2,"age × party_kmt","40至49歲 | 0-4 冷淡",250.178988705126,9.68687996623978,481,15.3772378516624,8.51695569973762,8.51695569973762,-0.120774105860661,-0.120774105860661
2,"age × party_kmt","40至49歲 | 5 中間",156.54933167998,6.06155853706171,170,5.43478260869565,7.20474063548281,7.20474063548281,0.188595406846512,0.188595406846512
2,"age × party_kmt","40至49歲 | 6-10 溫暖",130.455327867574,5.05120397420388,194,6.20204603580563,5.0779461422849,5.0779461422849,0.00529421662985341,0.00529421662985341
2,"age × party_kmt","50至59歲 | 0-4 冷淡",164.859613815415,6.38333098465294,141,4.5076726342711,6.3176826045159,6.3176826045159,-0.0102843453198454,-0.0102843453198454
2,"age × party_kmt","50至59歲 | 5 中間",142.542407918957,5.51921327508921,78,2.49360613810742,5.59123771014201,5.59123771014201,0.0130497647876509,0.0130497647876509
2,"age × party_kmt","50至59歲 | 6-10 溫暖",167.760643010366,6.4956582497662,107,3.42071611253197,6.48928219485037,6.48928219485037,-0.000981587188036628,-0.000981587188036628
2,"age × party_kmt","60歲及以上 | 0-4 冷淡",329.588797213263,12.7616117298535,81,2.58951406649616,15.5894935215075,15.5894935215075,0.221592840427726,0.221592840427726
2,"age × party_kmt","60歲及以上 | 5 中間",209.368346245397,8.10670012420487,25,0.79923273657289,5.50981641587555,5.50981641587555,-0.320337951144335,-0.320337951144335
2,"age × party_kmt","60歲及以上 | 6-10 溫暖",235.687162266973,9.12575937044334,46,1.47058823529412,8.89476128711858,8.89476128711858,-0.0253127519527769,-0.0253127519527769
2,"age × party_dpp","20至29歲 | 0-4 冷淡",163.836530203755,6.3437173936281,450,14.386189258312,3.6289806532659,3.6289806532659,-0.427940996093079,-0.427940996093079
2,"age × party_dpp","20至29歲 | 5 中間",125.792945126897,4.870677455173,139,4.44373401534527,5.04055879833358,5.04055879833358,0.0348783808256821,0.0348783808256821
2,"age × party_dpp","20至29歲 | 6-10 溫暖",75.9932178758058,2.94244206366542,221,7.06521739130435,5.48729746086725,5.48729746086725,0.864878676330401,0.864878676330401
2,"age × party_dpp","30至39歲 | 0-4 冷淡",180.137539883733,6.97488919952495,548,17.5191815856777,4.49585368464266,4.49585368464266,-0.355422924144964,-0.355422924144964
2,"age × party_dpp","30至39歲 | 5 中間",128.004818930298,4.95632076257028,183,5.85038363171356,5.79387902658884,5.79387902658884,0.168987905372012,0.168987905372012
2,"age × party_dpp","30至39歲 | 6-10 溫暖",121.90241500788,4.72003691392283,264,8.43989769820972,6.36151416478651,6.36151416478651,0.347767884192127,0.347767884192127
2,"age × party_dpp","40至49歲 | 0-4 冷淡",221.23801970942,8.5662914858918,458,14.6419437340153,6.43420467125592,6.43420467125592,-0.248892629692477,-0.248892629692477
2,"age × party_dpp","40至49歲 | 5 中間",137.775095286544,5.33462389182107,146,4.66751918158568,6.38735278958989,6.38735278958989,0.197338916316639,0.197338916316639
2,"age × party_dpp","40至49歲 | 6-10 溫暖",178.170533256715,6.8987270997925,241,7.70460358056266,7.97808501665952,7.97808501665952,0.156457546624722,0.156457546624722
2,"age × party_dpp","50至59歲 | 0-4 冷淡",203.122674997354,7.86486899361501,192,6.1381074168798,8.64797987790324,8.64797987790324,0.0995707474497016,0.0995707474497016
2,"age × party_dpp","50至59歲 | 5 中間",110.715780627,4.28689268772436,56,1.79028132992327,4.84233884817948,4.84233884817948,0.129568477896743,0.129568477896743
2,"age × party_dpp","50至59歲 | 6-10 溫暖",161.324209120384,6.24644082816898,78,2.49360613810742,4.90788378342554,4.90788378342554,-0.214291159008035,-0.214291159008035
2,"age × party_dpp","60歲及以上 | 0-4 冷淡",266.448953602774,10.3168497244284,92,2.94117647058824,16.8595979100207,16.8595979100207,0.634180816853444,0.634180816853444
2,"age × party_dpp","60歲及以上 | 5 中間",165.756259694607,6.41804893218688,17,0.543478260869565,3.80243426678374,3.80243426678374,-0.407540467989529,-0.407540467989529
2,"age × party_dpp","60歲及以上 | 6-10 溫暖",342.439092428252,13.2591725678864,43,1.37468030690537,9.33203904769724,9.33203904769724,-0.296182397512545,-0.296182397512545
2,"age × party_tpp","20至29歲 | 0-4 冷淡",127.015958764972,4.91803229648251,374,11.9565217391304,5.06293281249388,5.06293281249388,0.0294631078602336,0.0294631078602336
2,"age × party_tpp","20至29歲 | 5 中間",128.249004050551,4.96577556115941,194,6.20204603580563,5.42069910688276,5.42069910688276,0.0916117815073258,0.0916117815073258
2,"age × party_tpp","20至29歲 | 6-10 溫暖",110.357730390935,4.2730290548246,242,7.73657289002558,3.67320499309009,3.67320499309009,-0.140374440248016,-0.140374440248016
2,"age × party_tpp","30至39歲 | 0-4 冷淡",169.459580813138,6.56144077870974,500,15.9846547314578,7.06781402164258,7.06781402164258,0.0771740933143679,0.0771740933143679
2,"age × party_tpp","30至39歲 | 5 中間",152.70138635951,5.91256687061933,211,6.74552429667519,5.63743238054139,5.63743238054139,-0.0465338483434563,-0.0465338483434563
2,"age × party_tpp","30至39歲 | 6-10 溫暖",107.883806649263,4.17723922668898,284,9.07928388746803,3.94600047383404,3.94600047383404,-0.0553568374484089,-0.0553568374484089
2,"age × party_tpp","40至49歲 | 0-4 冷淡",246.654120544685,9.55039778224927,425,13.5869565217391,8.98977953331688,8.98977953331688,-0.0587010365133035,-0.0587010365133035
2,"age × party_tpp","40至49歲 | 5 中間",163.456310974392,6.32899538178065,196,6.26598465473146,6.70728414644851,6.70728414644851,0.0597707443043554,0.0597707443043554
2,"age × party_tpp","40至49歲 | 6-10 溫暖",127.073216733602,4.92024931347545,224,7.1611253196931,5.10257879773993,5.10257879773993,0.0370569604603411,0.0370569604603411
2,"age × party_tpp","50至59歲 | 0-4 冷淡",257.280771719724,9.96185957170047,186,5.9462915601023,10.0248745032572,10.0248745032572,0.00632561933875498,0.00632561933875498
2,"age × party_tpp","50至59歲 | 5 中間",144.419101464027,5.59187847051031,76,2.42966751918159,5.16938112497437,5.16938112497437,-0.0755555307154931,-0.0755555307154931
2,"age × party_tpp","50至59歲 | 6-10 溫暖",73.462791560987,2.84446446729758,64,2.0460358056266,3.20394688127673,3.20394688127673,0.126379646542282,0.126379646542282
2,"age × party_tpp","60歲及以上 | 0-4 冷淡",509.903391990838,19.7433564591452,102,3.26086956521739,19.5896860175767,19.5896860175767,-0.00778340004580804,-0.00778340004580804
2,"age × party_tpp","60歲及以上 | 5 中間",180.129543112681,6.97457956616323,32,1.0230179028133,6.83899909138589,6.83899909138589,-0.0194392326435142,-0.0194392326435142
2,"age × party_tpp","60歲及以上 | 6-10 溫暖",84.6113706221145,3.27613519919332,18,0.575447570332481,3.56538611553911,3.56538611553911,0.0882902868041031,0.0882902868041031
2,"edu × arear","高中職及以下 | 北北基宜蘭區",318.164177058671,12.3192527425132,127,4.06010230179028,15.5229761181239,15.5229761181239,0.26005825536437,0.26005825536437
2,"edu × arear","高中職及以下 | 桃竹苗區",210.996417438572,8.16973871232291,51,1.6304347826087,6.36283681855398,6.36283681855398,-0.221170095812669,-0.221170095812669
2,"edu × arear","高中職及以下 | 中彰投區",221.298699374681,8.56864099028791,74,2.36572890025575,9.26259287458292,9.26259287458292,0.0809873917090895,0.0809873917090895
2,"edu × arear","高中職及以下 | 雲嘉南區",182.423192811372,7.06338921972693,53,1.69437340153453,6.93129100777129,6.93129100777129,-0.0187018169106014,-0.0187018169106014
2,"edu × arear","高中職及以下 | 高屏區",209.133933279644,8.09762370146635,45,1.4386189258312,6.56215522663675,6.56215522663675,-0.18961963798732,-0.18961963798732
2,"edu × arear","高中職及以下 | 花東區",33.0856622233145,1.28107016588254,6,0.191815856777494,0.857863486531331,0.857863486531331,-0.330354020116968,-0.330354020116968
2,"edu × arear","專科 | 北北基宜蘭區",103.049052591827,3.99003852505102,130,4.15601023017903,4.88318446612355,4.88318446612355,0.223843939216379,0.223843939216379
2,"edu × arear","專科 | 桃竹苗區",48.5571244927136,1.88012206341228,35,1.11892583120205,1.77043495077126,1.77043495077126,-0.0583404209628512,-0.0583404209628512
2,"edu × arear","專科 | 中彰投區",53.6176539638692,2.07606474351673,41,1.31074168797954,1.89551391015708,1.89551391015708,-0.0869678240640036,-0.0869678240640036
2,"edu × arear","專科 | 雲嘉南區",35.4118620556302,1.37114015405284,42,1.34271099744246,1.88320295426128,1.88320295426128,0.373457664918404,0.373457664918404
2,"edu × arear","專科 | 高屏區",54.2725846653479,2.10142352813835,36,1.15089514066496,1.08067447992602,1.08067447992602,-0.485741705346095,-0.485741705346095
2,"edu × arear","專科 | 花東區",9.73899322882584,0.377091852868797,5,0.159846547314578,0.282870105800793,0.282870105800793,-0.249864181236468,-0.249864181236468
2,"edu × arear","大學及以上 | 北北基宜蘭區",412.345565580053,15.9659371039075,1041,33.2800511508951,11.8690677872244,11.8690677872244,-0.25660061730297,-0.25660061730297
2,"edu × arear","大學及以上 | 桃竹苗區",171.098127578644,6.62488497887492,387,12.3721227621483,8.54147398528482,8.54147398528482,0.289301476557166,0.289301476557166
2,"edu × arear","大學及以上 | 中彰投區",212.038565340854,8.21009046883423,392,12.5319693094629,7.69668941789883,7.69668941789883,-0.0625329346715842,-0.0625329346715842
2,"edu × arear","大學及以上 | 雲嘉南區",153.338373517615,5.93723088486183,286,9.14322250639386,5.55726629660902,5.55726629660902,-0.0639969365553239,-0.0639969365553239
2,"edu × arear","大學及以上 | 高屏區",134.22566980595,5.19719085334894,344,10.997442455243,7.75340837639082,7.75340837639082,0.491845998188564,0.491845998188564
2,"edu × arear","大學及以上 | 花東區",19.8624307438363,0.769069310932707,33,1.05498721227621,1.28649773735191,1.28649773735191,0.672798171847062,0.672798171847062
2,"edu × party_kmt","高中職及以下 | 0-4 冷淡",452.386893369842,17.5163292371402,195,6.23401534526854,22.9572044241231,22.9572044241231,0.310617316751876,0.310617316751876
2,"edu × party_kmt","高中職及以下 | 5 中間",391.378981429814,15.1541151958542,74,2.36572890025575,10.6914639371851,10.6914639371851,-0.294484448678996,-0.294484448678996
2,"edu × party_kmt","高中職及以下 | 6-10 溫暖",331.336207386599,12.8292710992054,87,2.78132992327366,11.851047170892,11.851047170892,-0.0762493769715449,-0.0762493769715449
2,"edu × party_kmt","專科 | 0-4 冷淡",105.316920582552,4.07784991608405,140,4.47570332480818,3.93298094557143,3.93298094557143,-0.0355258220615786,-0.0355258220615786
2,"edu × party_kmt","專科 | 5 中間",100.622115072968,3.89606799398274,68,2.17391304347826,3.67689124477847,3.67689124477847,-0.05625588402019,-0.05625588402019
2,"edu × party_kmt","專科 | 6-10 溫暖",98.7082353426931,3.82196295697323,81,2.58951406649616,4.18600867669009,4.18600867669009,0.0952509806649638,0.0952509806649638
2,"edu × party_kmt","大學及以上 | 0-4 冷淡",551.313421368786,21.3467444417205,1583,50.6074168797954,16.0507382252503,16.0507382252503,-0.248094327963172,-0.248094327963172
2,"edu × party_kmt","大學及以上 | 5 中間",303.455565892711,11.7497382857949,452,14.4501278772379,16.4315662936682,16.4315662936682,0.398462322648801,0.398462322648801
2,"edu × party_kmt","大學及以上 | 6-10 溫暖",248.139745305455,9.60792087324478,448,14.3222506393862,10.2220990818413,10.2220990818413,0.0639241534874485,0.0639241534874485
2,"edu × party_dpp","高中職及以下 | 0-4 冷淡",400.1418573876,15.493411984931,183,5.85038363171356,21.1699503370622,21.1699503370622,0.366384006160314,0.366384006160314
2,"edu × party_dpp","高中職及以下 | 5 中間",333.840577943838,12.9262398218968,67,2.14194373401535,9.36402271431243,9.36402271431243,-0.275580304610321,-0.275580304610321
2,"edu × party_dpp","高中職及以下 | 6-10 溫暖",441.119646854816,17.0800637253721,106,3.38874680306905,14.9657424808255,14.9657424808255,-0.123788838176624,-0.123788838176624
2,"edu × party_dpp","專科 | 0-4 冷淡",133.092817559388,5.15332704292774,164,5.24296675191816,5.88215279312457,5.88215279312457,0.141428196604957,0.141428196604957
2,"edu × party_dpp","專科 | 5 中間",79.6792248162864,3.0851635087075,49,1.56649616368286,2.69222129879935,2.69222129879935,-0.127365116564848,-0.127365116564848
2,"edu × party_dpp","專科 | 6-10 溫暖",91.8752286225394,3.55739031540478,76,2.42966751918159,3.22150677511606,3.22150677511606,-0.0944185232737097,-0.0944185232737097
2,"edu × party_dpp","大學及以上 | 0-4 冷淡",501.54904345005,19.4198777692296,1393,44.5332480818414,13.0145136669016,13.0145136669016,-0.329835448937642,-0.329835448937642
2,"edu × party_dpp","大學及以上 | 5 中間",254.52509690522,9.85516039887125,425,13.5869565217391,13.8103197163638,13.8103197163638,0.401328761523303,0.401328761523303
2,"edu × party_dpp","大學及以上 | 6-10 溫暖",346.834592211682,13.4293654326593,665,21.2595907928389,15.8795702174945,15.8795702174945,0.182451270473021,0.182451270473021
2,"edu × party_tpp","高中職及以下 | 0-4 冷淡",660.63187178613,25.5795327856541,196,6.26598465473146,25.2376135888044,25.2376135888044,-0.0133669054753594,-0.0133669054753594
2,"edu × party_tpp","高中職及以下 | 5 中間",340.527849876861,13.1851696419112,91,2.90920716112532,12.3262325956495,12.3262325956495,-0.0651441786180344,-0.0651441786180344
2,"edu × party_tpp","高中職及以下 | 6-10 溫暖",173.942360523264,6.73501310463461,69,2.20588235294118,7.93586934774636,7.93586934774636,0.178300505797887,0.178300505797887
2,"edu × party_tpp","專科 | 0-4 冷淡",139.669291166095,5.40796677410199,157,5.01918158567775,6.74803224326573,6.74803224326573,0.247794693484644,0.247794693484644
2,"edu × party_tpp","專科 | 5 中間",105.00257671835,4.06567858508454,72,2.30179028132992,3.1402072853545,3.1402072853545,-0.227630217284083,-0.227630217284083
2,"edu × party_tpp","專科 | 6-10 溫暖",59.9754031137688,2.3222355078535,60,1.91815856777494,1.90764133841976,1.90764133841976,-0.178532352998492,-0.178532352998492
2,"edu × party_tpp","大學及以上 | 0-4 冷淡",510.012660881132,19.7475873285311,1234,39.4501278772379,18.7494410562171,18.7494410562171,-0.0505452263969436,-0.0505452263969436
2,"edu × party_tpp","大學及以上 | 5 中間",323.424919365951,12.5229476232372,546,17.4552429667519,14.307355969229,14.307355969229,0.142491081147753,0.142491081147753
2,"edu × party_tpp","大學及以上 | 6-10 溫暖",269.47115231987,10.4338686489918,703,22.4744245524297,9.64760657531377,9.64760657531377,-0.0753567157234644,-0.0753567157234644
2,"arear × party_kmt","北北基宜蘭區 | 0-4 冷淡",368.933724016832,14.2850393574065,813,25.9910485933504,13.7279977350535,13.7279977350535,-0.0389947558712338,-0.0389947558712338
2,"arear × party_kmt","北北基宜蘭區 | 5 中間",229.37593348122,8.88138986522033,235,7.51278772378517,10.3213373231871,10.3213373231871,0.162130869134079,0.162130869134079
2,"arear × party_kmt","北北基宜蘭區 | 6-10 溫暖",235.249137732499,9.1087991488449,250,7.9923273657289,8.22589331323133,8.22589331323133,-0.0969288949274427,-0.0969288949274427
2,"arear × party_kmt","桃竹苗區 | 0-4 冷淡",153.44935565337,5.9415280907664,281,8.98337595907928,6.37158284037601,6.37158284037601,0.0723811691268367,0.0723811691268367
2,"arear × party_kmt","桃竹苗區 | 5 中間",143.501750506974,5.55635882653906,95,3.03708439897698,5.46907640992188,5.46907640992188,-0.0157085637090766,-0.0157085637090766
2,"arear × party_kmt","桃竹苗區 | 6-10 溫暖",133.700563349586,5.17685883730465,97,3.10102301790281,4.83408650431217,4.83408650431217,-0.0662124164024812,-0.0662124164024812
2,"arear × party_kmt","中彰投區 | 0-4 冷淡",190.346124458763,7.37016353457341,290,9.27109974424552,7.62750781487498,7.62750781487498,0.0349170380133856,0.0349170380133856
2,"arear × party_kmt","中彰投區 | 5 中間",166.243326595061,6.43690806430123,109,3.4846547314578,5.95583972139703,5.95583972139703,-0.0747359350325634,-0.0747359350325634
2,"arear × party_kmt","中彰投區 | 6-10 溫暖",130.365467625581,5.04772460376422,108,3.45268542199489,5.27144866636682,5.27144866636682,0.0443217647879917,0.0443217647879917
2,"arear × party_kmt","雲嘉南區 | 0-4 冷淡",182.319792924909,7.05938559698519,251,8.02429667519181,6.94727333290961,6.94727333290961,-0.0158813061753504,-0.0158813061753504
2,"arear × party_kmt","雲嘉南區 | 5 中間",110.302340500394,4.27088436943838,57,1.82225063938619,3.43995094927512,3.43995094927512,-0.194557695382544,-0.194557695382544
2,"arear × party_kmt","雲嘉南區 | 6-10 溫暖",78.5512949593134,3.04149029221803,73,2.33375959079284,3.98453597645685,3.98453597645685,0.310060395935407,0.310060395935407
2,"arear × party_kmt","高屏區 | 0-4 冷淡",194.481105090429,7.53026915035272,258,8.24808184143222,7.20687062212913,7.20687062212913,-0.0429464766486396,-0.0429464766486396
2,"arear × party_kmt","高屏區 | 5 中間",133.701953351084,5.17691265788223,90,2.8772378516624,5.0042711407585,5.0042711407585,-0.0333483542282434,-0.0333483542282434
2,"arear × party_kmt","高屏區 | 6-10 溫暖",69.4491293094278,2.68905627471867,77,2.4616368286445,3.18509632006596,3.18509632006596,0.184466219621671,0.184466219621671
2,"arear × party_kmt","花東區 | 0-4 冷淡",19.4871331768764,0.75453786486052,25,0.79923273657289,1.05969124960164,1.05969124960164,0.404424216401022,0.404424216401022
2,"arear × party_kmt","花東區 | 5 中間",12.3313579607601,0.477467692250572,8,0.255754475703325,0.609445931092151,0.609445931092151,0.276412919624974,0.276412919624974
2,"arear × party_kmt","花東區 | 6-10 溫暖",30.8685950583402,1.19522577257295,11,0.351662404092072,0.758094148990249,0.758094148990249,-0.365731423814341,-0.365731423814341
2,"arear × party_dpp","北北基宜蘭區 | 0-4 冷淡",366.932241649416,14.2075423639617,746,23.849104859335,13.97094673766,13.97094673766,-0.0166528186396186,-0.0166528186396186
2,"arear × party_dpp","北北基宜蘭區 | 5 中間",185.768760085616,7.19292890957988,217,6.93734015345269,8.55212588312572,8.55212588312572,0.188962937161189,0.188962937161189
2,"arear × party_dpp","北北基宜蘭區 | 6-10 溫暖",280.857793495519,10.8747570979301,335,10.7097186700767,9.75215575068621,9.75215575068621,-0.103230015818706,-0.103230015818706
2,"arear × party_dpp","桃竹苗區 | 0-4 冷淡",187.149360272301,7.24638547025672,268,8.56777493606138,6.49150991454761,6.49150991454761,-0.104172702212371,-0.104172702212371
2,"arear × party_dpp","桃竹苗區 | 5 中間",125.886093610593,4.87428414566795,79,2.52557544757033,4.52511621310154,4.52511621310154,-0.0716347102736583,-0.0716347102736583
2,"arear × party_dpp","桃竹苗區 | 6-10 溫暖",117.616215627036,4.55407613868544,126,4.02813299232737,5.65811962696091,5.65811962696091,0.242429738689911,0.242429738689911
2,"arear × party_dpp","中彰投區 | 0-4 冷淡",218.474447308253,8.45928652010041,268,8.56777493606138,6.99392625907385,6.99392625907385,-0.173225041798107,-0.173225041798107
2,"arear × party_dpp","中彰投區 | 5 中間",132.42647453409,5.12752637543041,91,2.90920716112532,5.12955850689829,5.12955850689829,0.000396318091627094,0.000396318091627094
2,"arear × party_dpp","中彰投區 | 6-10 溫暖",136.053996837061,5.26798330710804,148,4.73145780051151,6.73131143666668,6.73131143666668,0.277777670172984,0.277777670172984
2,"arear × party_dpp","雲嘉南區 | 0-4 冷淡",114.141620065975,4.41954049959988,204,6.52173913043478,6.38590558188621,6.38590558188621,0.444925232038116,0.444925232038116
2,"arear × party_dpp","雲嘉南區 | 5 中間",102.836697446267,3.98181617665998,70,2.23785166240409,3.1316161360201,3.1316161360201,-0.213520665675994,-0.213520665675994
2,"arear × party_dpp","雲嘉南區 | 6-10 溫暖",154.195110872375,5.97040358238174,107,3.42071611253197,4.85423854073527,4.85423854073527,-0.18694968041025,-0.18694968041025
2,"arear × party_dpp","高屏區 | 0-4 冷淡",119.877936653395,4.64164952049843,230,7.35294117647059,4.90810916410726,4.90810916410726,0.0574062394052128,0.0574062394052128
2,"arear × party_dpp","高屏區 | 5 中間",107.652857088998,4.16829690631218,74,2.36572890025575,3.92363599778079,3.92363599778079,-0.0586956529322298,-0.0586956529322298
2,"arear × party_dpp","高屏區 | 6-10 溫暖",170.101394008549,6.58629165614302,121,3.86828644501279,6.56449292106555,6.56449292106555,-0.00330971299413086,-0.00330971299413086
2,"arear × party_dpp","花東區 | 0-4 冷淡",28.2081124476971,1.09221242267112,24,0.767263427109974,1.3162191398135,1.3162191398135,0.205094460100123,0.205094460100123
2,"arear × party_dpp","花東區 | 5 中間",13.4740168997808,0.52171121582517,10,0.319693094629156,0.604510992549089,0.604510992549089,0.158708063411974,0.158708063411974
2,"arear × party_dpp","花東區 | 6-10 溫暖",21.0049568484987,0.813307691187754,10,0.319693094629156,0.506501197321449,0.506501197321449,-0.377232992126565,-0.377232992126565
2,"arear × party_tpp","北北基宜蘭區 | 0-4 冷淡",427.386967958384,16.5483371692245,663,21.195652173913,17.0563640546883,17.0563640546883,0.0306995730307331,0.0306995730307331
2,"arear × party_tpp","北北基宜蘭區 | 5 中間",234.326744344344,9.07308426295876,283,9.04731457800512,9.19147204564972,9.19147204564972,0.0130482401860061,0.0130482401860061
2,"arear × party_tpp","北北基宜蘭區 | 6-10 溫暖",171.845082927824,6.65380693928851,352,11.2531969309463,6.02739227113392,6.02739227113392,-0.094143799763083,-0.094143799763083
2,"arear × party_tpp","桃竹苗區 | 0-4 冷淡",198.403330686383,7.68213693407494,214,6.84143222506394,7.70670102448401,7.70670102448401,0.00319755956186049,0.00319755956186049
2,"arear × party_tpp","桃竹苗區 | 5 中間",135.718884299937,5.25500781728333,107,3.42071611253197,4.3043029032432,4.3043029032432,-0.18091408178563,-0.18091408178563
2,"arear × party_tpp","桃竹苗區 | 6-10 溫暖",96.5294545236098,3.73760100325184,152,4.85933503836317,4.66374182688284,4.66374182688284,0.247790179536346,0.247790179536346
2,"arear × party_tpp","中彰投區 | 0-4 冷淡",228.472445305183,8.84640698533307,242,7.73657289002558,8.62296030214063,8.62296030214063,-0.0252584674843589,-0.0252584674843589
2,"arear × party_tpp","中彰投區 | 5 中間",155.360055186109,6.01550999116893,124,3.96419437340153,6.41377849224034,6.41377849224034,0.0662069386728792,0.0662069386728792
2,"arear × party_tpp","中彰投區 | 6-10 溫暖",103.122418188113,3.99287922613687,141,4.5076726342711,3.81805740825786,3.81805740825786,-0.043783397387692,-0.043783397387692
2,"arear × party_tpp","雲嘉南區 | 0-4 冷淡",198.350082156643,7.68007516174691,223,7.12915601023018,8.55188476313606,8.55188476313606,0.113515764237761,0.113515764237761
2,"arear × party_tpp","雲嘉南區 | 5 中間",109.060285989211,4.22279226936384,76,2.42966751918159,3.81105857796724,3.81105857796724,-0.097502710323619,-0.097502710323619
2,"arear × party_tpp","雲嘉南區 | 6-10 溫暖",63.7630602387626,2.46889282753086,82,2.62148337595908,2.00881691753828,2.00881691753828,-0.186349081200377,-0.186349081200377
2,"arear × party_tpp","高屏區 | 0-4 冷淡",228.240977609626,8.83744460286232,222,7.09718670076726,7.62509157898782,7.62509157898782,-0.137183663191714,-0.137183663191714
2,"arear × party_tpp","高屏區 | 5 中間",117.419935844473,4.54647622510628,106,3.38874680306905,5.21716266172314,5.21716266172314,0.147517858536955,0.147517858536955
2,"arear × party_tpp","高屏區 | 6-10 溫暖",51.9712742968421,2.01231725498504,97,3.10102301790281,2.55398384224263,2.55398384224263,0.269175541737141,0.269175541737141
2,"arear × party_tpp","花東區 | 0-4 冷淡",29.4600201171378,1.14068603504542,23,0.735294117647059,1.17208516485039,1.17208516485039,0.0275265312630194,0.0275265312630194
2,"arear × party_tpp","花東區 | 5 中間",17.0694402970875,0.660925284351806,13,0.415601023017903,0.836021169409272,0.836021169409272,0.264925384461859,0.264925384461859
2,"arear × party_tpp","花東區 | 6-10 溫暖",16.1576257817513,0.625620010286815,8,0.255754475703325,0.419124995424376,0.419124995424376,-0.330064594269884,-0.330064594269884
2,"party_kmt × party_dpp","0-4 冷淡 | 0-4 冷淡",358.476336973449,13.8801314409821,1070,34.2071611253197,14.7660803969516,14.7660803969516,0.0638285710575981,0.0638285710575981
2,"party_kmt × party_dpp","0-4 冷淡 | 5 中間",123.148778411777,4.76829585345389,244,7.80051150895141,7.28602263448,7.28602263448,0.528013961046985,0.528013961046985
2,"party_kmt × party_dpp","0-4 冷淡 | 6-10 溫暖",627.392119935955,24.2924963005088,604,19.309462915601,20.8888205635132,20.8888205635132,-0.140112226215479,-0.140112226215479
2,"party_kmt × party_dpp","5 中間 | 0-4 冷淡",228.239948825499,8.83740476854849,255,8.15217391304348,9.80727069553762,9.80727069553762,0.109745559062859,0.109745559062859
2,"party_kmt × party_dpp","5 中間 | 5 中間",455.845402244126,17.6502420029595,230,7.35294117647059,15.0852791443138,15.0852791443138,-0.145321682173852,-0.145321682173852
2,"party_kmt × party_dpp","5 中間 | 6-10 溫暖",111.371311325868,4.31227470412386,109,3.4846547314578,5.90737163578037,5.90737163578037,0.36989687371519,0.36989687371519
2,"party_kmt × party_dpp","6-10 溫暖 | 0-4 冷淡",448.06743259809,17.3490805875577,415,13.26726342711,15.4932657045992,15.4932657045992,-0.106969062342676,-0.106969062342676
2,"party_kmt × party_dpp","6-10 溫暖 | 5 中間",89.0507190094424,3.44802587306222,67,2.14194373401535,3.49526195068174,3.49526195068174,0.0136994556765224,0.0136994556765224
2,"party_kmt × party_dpp","6-10 溫暖 | 6-10 溫暖",141.066036427215,5.46204846880349,134,4.28388746803069,7.27062727414248,7.27062727414248,0.33111731169518,0.33111731169518
2,"party_kmt × party_tpp","0-4 冷淡 | 0-4 冷淡",883.14141254772,34.1950573101422,1219,38.9705882352941,31.1708359044271,31.1708359044271,-0.0884403081499768,-0.0884403081499768
2,"party_kmt × party_tpp","0-4 冷淡 | 5 中間",124.838961309036,4.83373939422236,322,10.2941176470588,7.34771192062799,7.34771192062799,0.520088552852168,0.520088552852168
2,"party_kmt × party_tpp","0-4 冷淡 | 6-10 溫暖",101.036861464425,3.91212689058021,377,12.0524296675192,4.42237576988973,4.42237576988973,0.130427487037326,0.130427487037326
2,"party_kmt × party_tpp","5 中間 | 0-4 冷淡",233.532542775809,9.04233293846417,172,5.49872122762148,9.31719543207028,9.31719543207028,0.0303972985153978,0.0303972985153978
2,"party_kmt × party_tpp","5 中間 | 5 中間",432.925989504051,16.7628069659129,233,7.44884910485933,14.4794098084151,14.4794098084151,-0.136218066708099,-0.136218066708099
2,"party_kmt × party_tpp","5 中間 | 6-10 溫暖",128.998130115634,4.99478157125478,189,6.04219948849105,7.00331623514636,7.00331623514636,0.402126626607816,0.402126626607816
2,"party_kmt × party_tpp","6-10 溫暖 | 0-4 冷淡",193.639868509828,7.49769663968078,196,6.26598465473146,10.2470555517898,10.2470555517898,0.366693805342607,0.366693805342607
2,"party_kmt × party_tpp","6-10 溫暖 | 5 中間",211.190395148075,8.17724949009771,154,4.923273657289,7.94667412118977,7.94667412118977,-0.0281971791599559,-0.0281971791599559
2,"party_kmt × party_tpp","6-10 溫暖 | 6-10 溫暖",273.353924376843,10.5842087996449,266,8.50383631713555,8.06542525644381,8.06542525644381,-0.237975609786309,-0.237975609786309
2,"party_dpp × party_tpp","0-4 冷淡 | 0-4 冷淡",448.802844735106,17.3775555971253,929,29.6994884910486,24.5673378052015,24.5673378052015,0.413739560083213,0.413739560083213
2,"party_dpp × party_tpp","0-4 冷淡 | 5 中間",284.371999890236,11.0108264605029,334,10.6777493606138,9.61807053823737,9.61807053823737,-0.126489680612218,-0.126489680612218
2,"party_dpp × party_tpp","0-4 冷淡 | 6-10 溫暖",301.608873771696,11.67823473946,477,15.2493606138107,5.88120845364949,5.88120845364949,-0.496395766581292,-0.496395766581292
2,"party_dpp × party_tpp","5 中間 | 0-4 冷淡",207.308633695476,8.02694846984205,203,6.48976982097187,8.33053505388351,8.33053505388351,0.0378209210115228,0.0378209210115228
2,"party_dpp × party_tpp","5 中間 | 5 中間",369.612648673308,14.3113271831246,228,7.28900255754476,13.3351873747883,13.3351873747883,-0.0682074971696037,-0.0682074971696037
2,"party_dpp × party_tpp","5 中間 | 6-10 溫暖",91.1236172965616,3.52828807650895,110,3.51662404092072,4.2008413008037,4.2008413008037,0.190617435342811,0.190617435342811
2,"party_dpp × party_tpp","6-10 溫暖 | 0-4 冷淡",654.202345402776,25.3305828213198,455,14.5460358056266,17.8372140292021,17.8372140292021,-0.295822991716194,-0.295822991716194
2,"party_dpp × party_tpp","6-10 溫暖 | 5 中間",114.970697397618,4.45164220660542,147,4.69948849104859,6.82053793720722,6.82053793720722,0.532139740944768,0.532139740944768
2,"party_dpp × party_tpp","6-10 溫暖 | 6-10 溫暖",110.656424888644,4.28459444551094,245,7.83248081841432,9.40906750702671,9.40906750702671,1.19602289707601,1.19602289707601
3,"sex × age × edu","男性 | 20至29歲 | 高中職及以下",64.877141178477,2.51202981673825,21,0.671355498721228,2.10752630495019,2.10752630495019,-0.161026556728253,-0.161026556728253
3,"sex × age × edu","男性 | 20至29歲 | 專科",9.34731532097335,0.361926163302169,8,0.255754475703325,0.104767816600319,0.104767816600319,-0.710527098553941,-0.710527098553941
3,"sex × age × edu","男性 | 20至29歲 | 大學及以上",140.242200806988,5.43014971980638,347,11.0933503836317,5.04518546198851,5.04518546198851,-0.0708938570171865,-0.0708938570171865
3,"sex × age × edu","男性 | 30至39歲 | 高中職及以下",38.7145406983416,1.49901920474609,30,0.959079283887468,2.76271244277998,2.76271244277998,0.843013374366961,0.843013374366961
3,"sex × age × edu","男性 | 30至39歲 | 專科",16.0797323913164,0.622603993925043,32,1.0230179028133,0.75891441581075,0.75891441581075,0.218935990157039,0.218935990157039
3,"sex × age × edu","男性 | 30至39歲 | 大學及以上",168.150377595067,6.51074869425248,450,14.386189258312,5.51987645479409,5.51987645479409,-0.152190214365531,-0.152190214365531
3,"sex × age × edu","男性 | 40至49歲 | 高中職及以下",86.4310739718871,3.3465937457509,51,1.6304347826087,4.67909520437669,4.67909520437669,0.398166482058849,0.398166482058849
3,"sex × age × edu","男性 | 40至49歲 | 專科",38.1174839573296,1.47590128819702,71,2.26982097186701,1.36152601105836,1.36152601105836,-0.0774952078796362,-0.0774952078796362
3,"sex × age × edu","男性 | 40至49歲 | 大學及以上",149.342941191037,5.78252855130011,367,11.73273657289,5.6994574590094,5.6994574590094,-0.0143658767187628,-0.0143658767187628
3,"sex × age × edu","男性 | 50至59歲 | 高中職及以下",111.283627547026,4.30887960589827,33,1.05498721227621,3.89965358383208,3.89965358383208,-0.0949727213324823,-0.0949727213324823
3,"sex × age × edu","男性 | 50至59歲 | 專科",51.4578670627873,1.99243823046812,34,1.08695652173913,1.60851860212979,1.60851860212979,-0.192688346603409,-0.192688346603409
3,"sex × age × edu","男性 | 50至59歲 | 大學及以上",65.2576908626286,2.52676462372842,108,3.45268542199489,3.90494298129882,3.90494298129882,0.545432029809248,0.545432029809248
3,"sex × age × edu","男性 | 60歲及以上 | 高中職及以下",253.552303467504,9.81749403323488,23,0.735294117647059,5.68138732027128,5.68138732027128,-0.421299641126519,-0.421299641126519
3,"sex × age × edu","男性 | 60歲及以上 | 專科",48.8512452118061,1.89151035831338,19,0.607416879795396,3.09321063184957,3.09321063184957,0.63531255234982,0.63531255234982
3,"sex × age × edu","男性 | 60歲及以上 | 大學及以上",66.6762001408475,2.58168901678087,28,0.895140664961637,4.43350235569253,4.43350235569253,0.717287530324122,0.717287530324122
3,"sex × age × edu","女性 | 20至29歲 | 高中職及以下",17.23607843613,0.667377479474413,14,0.447570332480818,1.28414328304234,1.28414328304234,0.924163344639162,0.924163344639162
3,"sex × age × edu","女性 | 20至29歲 | 專科",12.1980091276387,0.472304452336736,6,0.191815856777494,0.156084086771615,0.156084086771615,-0.669526539503523,-0.669526539503523
3,"sex × age × edu","女性 | 20至29歲 | 大學及以上",121.721948336252,4.71304928080857,414,13.2352941176471,5.45912995911377,5.45912995911377,0.158301056036741,0.158301056036741
3,"sex × age × edu","女性 | 30至39歲 | 高中職及以下",37.328884563052,1.44536687875938,26,0.831202046035806,2.13599519066501,2.13599519066501,0.477822151631444,0.477822151631444
3,"sex × age × edu","女性 | 30至39歲 | 專科",16.2995020344362,0.631113430165647,16,0.51150895140665,0.294974361342935,0.294974361342935,-0.532612764609504,-0.532612764609504
3,"sex × age × edu","女性 | 30至39歲 | 大學及以上",153.471736539698,5.94239467416941,441,14.0984654731458,5.17877401062525,5.17877401062525,-0.128503861728251,-0.128503861728251
3,"sex × age × edu","女性 | 40至49歲 | 高中職及以下",85.4141540150867,3.30721881019862,56,1.79028132992327,5.17813268060454,5.17813268060454,0.565706104669125,0.565706104669125
3,"sex × age × edu","女性 | 40至49歲 | 專科",45.7255667153248,1.77048471757039,49,1.56649616368286,0.845700074385677,0.845700074385677,-0.52233415742429,-0.52233415742429
3,"sex × age × edu","女性 | 40至49歲 | 大學及以上",132.152428402014,5.11691536448832,251,8.02429667519181,3.03573104807064,3.03573104807064,-0.406726351360279,-0.406726351360279
3,"sex × age × edu","女性 | 50至59歲 | 高中職及以下",141.350238263597,5.47305270656728,52,1.66240409207161,6.02387637095246,6.02387637095246,0.100642857636697,0.100642857636697
3,"sex × age × edu","女性 | 50至59歲 | 專科",37.4351316624579,1.44948074501183,40,1.27877237851662,1.39784763506573,1.39784763506573,-0.0356217977532843,-0.0356217977532843
3,"sex × age × edu","女性 | 50至59歲 | 大學及以上",68.378109346242,2.64758659783444,59,1.88618925831202,1.56336333622938,1.56336333622938,-0.409513804946696,-0.409513804946696
3,"sex × age × edu","女性 | 60歲及以上 | 高中職及以下",338.914040045154,13.1226832508318,50,1.59846547314578,11.7471931507256,11.7471931507256,-0.104817747545569,-0.104817747545569
3,"sex × age × edu","女性 | 60歲及以上 | 專科",29.1354175141433,1.1281174877497,14,0.447570332480818,2.17433723202523,2.17433723202523,0.927403178867896,0.927403178867896
3,"sex × age × edu","女性 | 60歲及以上 | 大學及以上",37.5150993461789,1.45257707759113,18,0.575447570332481,2.86444053393744,2.86444053393744,0.97197145550973,0.97197145550973
3,"sex × age × arear","男性 | 20至29歲 | 北北基宜蘭區",46.8660908207963,1.81464558082069,161,5.14705882352941,2.00640039693375,2.00640039693375,0.105670670978262,0.105670670978262
3,"sex × age × arear","男性 | 20至29歲 | 桃竹苗區",44.3689494040411,1.71795676899027,64,2.0460358056266,1.92083237400171,1.92083237400171,0.1180912166554,0.1180912166554
3,"sex × age × arear","男性 | 20至29歲 | 中彰投區",48.240924692919,1.86787887096109,49,1.56649616368286,1.19603533672927,1.19603533672927,-0.359682602912111,-0.359682602912111
3,"sex × age × arear","男性 | 20至29歲 | 雲嘉南區",32.9688343221935,1.27654661312247,39,1.24680306905371,0.743085108196517,0.743085108196517,-0.417894262099127,-0.417894262099127
3,"sex × age × arear","男性 | 20至29歲 | 高屏區",34.4884184090197,1.33538460237122,57,1.82225063938619,1.19929874056662,1.19929874056662,-0.101907616399763,-0.101907616399763
3,"sex × age × arear","男性 | 20至29歲 | 花東區",7.53343965746832,0.291693263581055,6,0.191815856777494,0.191827627111142,0.191827627111142,-0.342365247808209,-0.342365247808209
3,"sex × age × arear","男性 | 30至39歲 | 北北基宜蘭區",79.1769514189195,3.06571558410075,215,6.87340153452685,2.48575246813248,2.48575246813248,-0.189177077931183,-0.189177077931183
3,"sex × age × arear","男性 | 30至39歲 | 桃竹苗區",32.1246285489262,1.24385913590957,73,2.33375959079284,1.77699295437438,1.77699295437438,0.428612696625778,0.428612696625778
3,"sex × age × arear","男性 | 30至39歲 | 中彰投區",45.7587980579253,1.77177142845108,92,2.94117647058824,2.00099696921308,2.00099696921308,0.129376474347138,0.129376474347138
3,"sex × age × arear","男性 | 30至39歲 | 雲嘉南區",31.0846892113113,1.20359289457657,65,2.07800511508951,1.28292631535172,1.28292631535172,0.0659138327690631,0.0659138327690631
3,"sex × age × arear","男性 | 30至39歲 | 高屏區",31.3640455555732,1.21440951586311,64,2.0460358056266,1.3592068343256,1.3592068343256,0.11923269421978,0.11923269421978
3,"sex × age × arear","男性 | 30至39歲 | 花東區",3.43553789206916,0.133023334022536,3,0.0959079283887468,0.135627771987563,0.135627771987563,0.0195788053589581,0.0195788053589581
3,"sex × age × arear","男性 | 40至49歲 | 北北基宜蘭區",79.2251358896162,3.06758127708437,204,6.52173913043478,3.12213633082415,3.12213633082415,0.0177843873762448,0.0177843873762448
3,"sex × age × arear","男性 | 40至49歲 | 桃竹苗區",49.3635009289791,1.91134479632897,93,2.97314578005115,2.86698978972924,2.86698978972924,0.499985662050997,0.499985662050997
3,"sex × age × arear","男性 | 40至49歲 | 中彰投區",60.1617097921203,2.3294492648498,74,2.36572890025575,2.38870733418612,2.38870733418612,0.0254386606441702,0.0254386606441702
3,"sex × age × arear","男性 | 40至49歲 | 雲嘉南區",41.9579150440995,1.62460200502661,58,1.8542199488491,1.6542112332191,1.6542112332191,0.018225527298919,0.018225527298919
3,"sex × age × arear","男性 | 40至49歲 | 高屏區",39.6279004802955,1.53438431122275,52,1.66240409207161,1.41440593424149,1.41440593424149,-0.0781931724038863,-0.0781931724038863
3,"sex × age × arear","男性 | 40至49歲 | 花東區",3.55533698514282,0.137661930735535,8,0.255754475703325,0.293628052244357,0.293628052244357,1.13296479771485,1.13296479771485
3,"sex × age × arear","男性 | 50至59歲 | 北北基宜蘭區",74.3071089718371,2.87715626709517,74,2.36572890025575,3.30062816020797,3.30062816020797,0.147184182505438,0.147184182505438
3,"sex × age × arear","男性 | 50至59歲 | 桃竹苗區",49.6697548112952,1.92320288486208,18,0.575447570332481,1.35341965837746,1.35341965837746,-0.296267872188367,-0.296267872188367
3,"sex × age × arear","男性 | 50至59歲 | 中彰投區",31.6084890520345,1.22387431872686,39,1.24680306905371,2.34562427038917,2.34562427038917,0.916556491543355,0.916556491543355
3,"sex × age × arear","男性 | 50至59歲 | 雲嘉南區",33.6050089962909,1.30117916814814,20,0.639386189258312,1.1162635950755,1.1162635950755,-0.142113843811235,-0.142113843811235
3,"sex × age × arear","男性 | 50至59歲 | 高屏區",30.6515988645802,1.18682372373198,20,0.639386189258312,1.04702511659336,1.04702511659336,-0.117792225031555,-0.117792225031555
3,"sex × age × arear","男性 | 50至59歲 | 花東區",8.15722477640377,0.315846097530577,4,0.127877237851662,0.25015436661723,0.25015436661723,-0.207986520735744,-0.207986520735744
3,"sex × age × arear","男性 | 60歲及以上 | 北北基宜蘭區",116.320000404271,4.50388694678597,23,0.735294117647059,3.89288173300497,3.89288173300497,-0.135661756389561,-0.135661756389561
3,"sex × age × arear","男性 | 60歲及以上 | 桃竹苗區",56.7317377113919,2.19664143791941,5,0.159846547314578,0.92021620530834,0.92021620530834,-0.581080375967076,-0.581080375967076
3,"sex × age × arear","男性 | 60歲及以上 | 中彰投區",72.241279980703,2.79716778536267,12,0.383631713554987,2.49782184987904,2.49782184987904,-0.107017511444998,-0.107017511444998
3,"sex × age × arear","男性 | 60歲及以上 | 雲嘉南區",55.6675696199727,2.15543706412753,17,0.543478260869565,3.19852184464401,3.19852184464401,0.483931912407147,0.483931912407147
3,"sex × age × arear","男性 | 60歲及以上 | 高屏區",55.5259476371517,2.14995348952653,12,0.383631713554987,2.53560664047768,2.53560664047768,0.17937743901431,0.17937743901431
3,"sex × age × arear","男性 | 60歲及以上 | 花東區",12.5932134666673,0.487606684607008,1,0.0319693094629156,0.163052034499335,0.163052034499335,-0.66560746674187,-0.66560746674187
3,"sex × age × arear","女性 | 20至29歲 | 北北基宜蘭區",38.6900102837222,1.49806939204132,181,5.78644501278772,2.09501310209605,2.09501310209605,0.398475339811409,0.398475339811409
3,"sex × age × arear","女性 | 20至29歲 | 桃竹苗區",19.8789859041049,0.769710323398119,73,2.33375959079284,1.4545998207225,1.4545998207225,0.889801626020467,0.889801626020467
3,"sex × age × arear","女性 | 20至29歲 | 中彰投區",25.7987308744724,0.998921654275668,66,2.10997442455243,1.19361700564716,1.19361700564716,0.194905526913084,0.194905526913084
3,"sex × age × arear","女性 | 20至29歲 | 雲嘉南區",32.7853088986394,1.26944054575078,45,1.4386189258312,0.555797469910367,0.555797469910367,-0.562171326754295,-0.562171326754295
3,"sex × age × arear","女性 | 20至29歲 | 高屏區",28.3223538753864,1.09663582770175,63,2.01406649616368,1.31923084070003,1.31923084070003,0.202979883909843,0.202979883909843
3,"sex × age × arear","女性 | 20至29歲 | 花東區",5.68064606369491,0.219953469452079,6,0.191815856777494,0.281099089851612,0.281099089851612,0.277993434483445,0.277993434483445
3,"sex × age × arear","女性 | 30至39歲 | 北北基宜蘭區",87.432933780041,3.38538555538615,187,5.97826086956522,2.07344050453278,2.07344050453278,-0.387531945590677,-0.387531945590677
3,"sex × age × arear","女性 | 30至39歲 | 桃竹苗區",30.7937327765502,1.19232712012635,80,2.55754475703325,1.82420517511746,1.82420517511746,0.529953604447204,0.529953604447204
3,"sex × age × arear","女性 | 30至39歲 | 中彰投區",37.7621854316663,1.4621442009688,84,2.68542199488491,1.56693080230346,1.56693080230346,0.0716663932772301,0.0716663932772301
3,"sex × age × arear","女性 | 30至39歲 | 雲嘉南區",23.5940250633048,0.913555890091433,58,1.8542199488491,0.898069512538356,0.898069512538356,-0.0169517571076324,-0.0169517571076324
3,"sex × age × arear","女性 | 30至39歲 | 高屏區",23.7636869037077,0.92012516232065,73,2.33375959079284,1.21211014059181,1.21211014059181,0.317331804658777,0.317331804658777
3,"sex × age × arear","女性 | 30至39歲 | 花東區",3.75355918191637,0.145337054201051,1,0.0319693094629156,0.0349874275493264,0.0349874275493264,-0.759266982933844,-0.759266982933844
3,"sex × age × arear","女性 | 40至49歲 | 北北基宜蘭區",90.0336886525866,3.48608625931959,149,4.76342710997442,2.5124672765814,2.5124672765814,-0.279287117504724,-0.279287117504724
3,"sex × age × arear","女性 | 40至49歲 | 桃竹苗區",43.1351715541211,1.67018513956992,44,1.40664961636829,1.634597499521,1.634597499521,-0.0213076018974036,-0.0213076018974036
3,"sex × age × arear","女性 | 40至49歲 | 中彰投區",52.3801691109036,2.02814957968637,54,1.72634271099744,1.48921106500933,1.48921106500933,-0.265729175044567,-0.265729175044567
3,"sex × age × arear","女性 | 40至49歲 | 雲嘉南區",40.6192500995574,1.57276916846464,50,1.59846547314578,1.70504597143378,1.70504597143378,0.0841043972767295,0.0841043972767295
3,"sex × age × arear","女性 | 40至49歲 | 高屏區",31.7792396145322,1.23048574605593,50,1.59846547314578,1.34940623875507,1.34940623875507,0.0966451607264135,0.0966451607264135
3,"sex × age × arear","女性 | 40至49歲 | 花東區",5.34463010072516,0.206942999160888,9,0.28772378516624,0.368835751760281,0.368835751760281,0.782306013036615,0.782306013036615
3,"sex × age × arear","女性 | 50至59歲 | 北北基宜蘭區",88.2403486087944,3.41664849465046,67,2.14194373401535,3.47956922245081,3.47956922245081,0.0184159207184652,0.0184159207184652
3,"sex × age × arear","女性 | 50至59歲 | 桃竹苗區",36.8948700193144,1.42856192319317,14,0.447570332480818,1.01035835258716,1.01035835258716,-0.292744447276901,-0.292744447276901
3,"sex × age × arear","女性 | 50至59歲 | 中彰投區",45.2101084355166,1.75052627697572,22,0.703324808184143,1.10977772503261,1.10977772503261,-0.366031953002208,-0.366031953002208
3,"sex × age × arear","女性 | 50至59歲 | 雲嘉南區",20.7477358655824,0.803348146626457,18,0.575447570332481,1.03869240280504,1.03869240280504,0.292954252980954,0.292954252980954
3,"sex × age × arear","女性 | 50至59歲 | 高屏區",50.369187799016,1.95028478902817,25,0.79923273657289,1.89605309666199,1.89605309666199,-0.0278070631895779,-0.0278070631895779
3,"sex × age × arear","女性 | 50至59歲 | 花東區",5.70122854407294,0.22075041893957,5,0.159846547314578,0.450636542709973,0.450636542709973,1.04138476780574,1.04138476780574
3,"sex × age × arear","女性 | 60歲及以上 | 北北基宜蘭區",133.266526399967,5.16005301418727,37,1.18286445012788,7.30693917670756,7.30693917670756,0.416058935173252,0.416058935173252
3,"sex × age × arear","女性 | 60歲及以上 | 桃竹苗區",67.6903378512057,2.62095622431226,9,0.28772378516624,1.91253392487081,1.91253392487081,-0.270291542021974,-0.270291542021974
3,"sex × age × arear","女性 | 60歲及以上 | 中彰投區",67.7925232511433,2.62491282238079,15,0.479539641943734,3.06607384424959,3.06607384424959,0.16806692325449,0.16806692325449
3,"sex × age × arear","女性 | 60歲及以上 | 雲嘉南區",58.1430912636649,2.25128876270698,11,0.351662404092072,2.17914680546717,2.17914680546717,-0.0320447374121228,-0.0320447374121228
3,"sex × age × arear","女性 | 60歲及以上 | 高屏區",71.739808611679,2.77775091513155,9,0.28772378516624,2.06389450003995,2.06389450003995,-0.256990794675986,-0.256990794675986
3,"sex × age × arear","女性 | 60歲及以上 | 花東區",6.93226952781587,0.268416077453742,1,0.0319693094629156,0.257382665353217,0.257382665353217,-0.0411056305016866,-0.0411056305016866
3,"sex × age × party_kmt","男性 | 20至29歲 | 0-4 冷淡",92.7931489204154,3.5929320041378,270,8.63171355498721,3.23461537422272,3.23461537422272,-0.0997281967770127,-0.0997281967770127
3,"sex × age × party_kmt","男性 | 20至29歲 | 5 中間",77.2062083853079,2.98940881145887,48,1.53452685421995,2.50691494083462,2.50691494083462,-0.161401100035154,-0.161401100035154
3,"sex × age × party_kmt","男性 | 20至29歲 | 6-10 溫暖",44.4673000007146,1.72176488425013,58,1.8542199488491,1.51594926848167,1.51594926848167,-0.119537584748743,-0.119537584748743
3,"sex × age × party_kmt","男性 | 30至39歲 | 0-4 冷淡",118.530776324224,4.5894877443577,341,10.9015345268542,3.91402934159208,3.91402934159208,-0.147175118529519,-0.147175118529519
3,"sex × age × party_kmt","男性 | 30至39歲 | 5 中間",71.6790381302217,2.77539789435065,85,2.71739130434783,3.18639499320839,3.18639499320839,0.148085829312737,0.148085829312737
3,"sex × age × party_kmt","男性 | 30至39歲 | 6-10 溫暖",32.7348362302785,1.26748625421527,86,2.74936061381074,1.94107897858435,1.94107897858435,0.531439865425696,0.531439865425696
3,"sex × age × party_kmt","男性 | 40至49歲 | 0-4 冷淡",135.561762697019,5.24892410051937,285,9.11125319693095,5.13423931811399,5.13423931811399,-0.0218491980850009,-0.0218491980850009
3,"sex × age × party_kmt","男性 | 40至49歲 | 5 中間",74.1126919944746,2.8696284809575,92,2.94117647058824,3.75476803950486,3.75476803950486,0.308450924717618,0.308450924717618
3,"sex × age × party_kmt","男性 | 40至49歲 | 6-10 溫暖",64.2170444287603,2.48647100377116,112,3.58056265984655,2.85107131682561,2.85107131682561,0.146633647648203,0.146633647648203
3,"sex × age × party_kmt","男性 | 50至59歲 | 0-4 冷淡",85.6701843737694,3.31713225402982,72,2.30179028132992,3.27627952948095,3.27627952948095,-0.0123156755354687,-0.0123156755354687
3,"sex × age × party_kmt","男性 | 50至59歲 | 5 中間",64.6602188195731,2.50363062676802,45,1.4386189258312,2.82727962221355,2.82727962221355,0.129271863023715,0.129271863023715
3,"sex × age × party_kmt","男性 | 50至59歲 | 6-10 溫暖",77.668782279099,3.00731957929698,58,1.8542199488491,3.3095560155662,3.3095560155662,0.100500272185861,0.100500272185861
3,"sex × age × party_kmt","男性 | 60歲及以上 | 0-4 冷淡",178.062975575164,6.8945624880638,36,1.15089514066496,6.60127286217956,6.60127286217956,-0.0425392657463036,-0.0425392657463036
3,"sex × age × party_kmt","男性 | 60歲及以上 | 5 中間",79.7597707978897,3.08828223286412,14,0.447570332480818,2.91682540522118,2.91682540522118,-0.055518509875287,-0.055518509875287
3,"sex × age × party_kmt","男性 | 60歲及以上 | 6-10 溫暖",111.257002447104,4.30784868740121,20,0.639386189258312,3.69000204041265,3.69000204041265,-0.143423479286895,-0.143423479286895
3,"sex × age × party_kmt","女性 | 20至29歲 | 0-4 冷淡",58.8445821292571,2.27845034748904,296,9.46291560102302,2.74162190935175,2.74162190935175,0.203283588063765,0.203283588063765
3,"sex × age × party_kmt","女性 | 20至29歲 | 5 中間",62.2951534362261,2.41205577230334,81,2.58951406649616,3.1708759096673,3.1708759096673,0.314594772673661,0.314594772673661
3,"sex × age × party_kmt","女性 | 20至29歲 | 6-10 溫暖",30.0163003345369,1.16222509282733,57,1.82225063938619,0.986859509908665,0.986859509908665,-0.150887796177291,-0.150887796177291
3,"sex × age × party_kmt","女性 | 30至39歲 | 0-4 冷淡",94.2213282134791,3.648230818214,308,9.846547314578,2.62652514401725,2.62652514401725,-0.280055107559486,-0.280055107559486
3,"sex × age × party_kmt","女性 | 30至39歲 | 5 中間",75.8161765994029,2.93558706116316,107,3.42071611253197,3.6299408704211,3.6299408704211,0.236529796184213,0.236529796184213
3,"sex × age × party_kmt","女性 | 30至39歲 | 6-10 溫暖",37.0626183243043,1.43505710371727,68,2.17391304347826,1.35327754819485,1.35327754819485,-0.0569869695851048,-0.0569869695851048
3,"sex × age × party_kmt","女性 | 40至49歲 | 0-4 冷淡",114.617226008107,4.4379558657204,196,6.26598465473146,3.38271638162362,3.38271638162362,-0.237776020317742,-0.237776020317742
3,"sex × age × party_kmt","女性 | 40至49歲 | 5 中間",82.4366396855052,3.19193005610421,78,2.49360613810742,3.44997259597795,3.44997259597795,0.0808421661308844,0.0808421661308844
3,"sex × age × party_kmt","女性 | 40至49歲 | 6-10 溫暖",66.2382834388134,2.56473297043273,82,2.62148337595908,2.22687482545928,2.22687482545928,-0.131732289040773,-0.131732289040773
3,"sex × age × party_kmt","女性 | 50至59歲 | 0-4 冷淡",79.1894294416454,3.06619873062312,69,2.20588235294118,3.04140307503495,3.04140307503495,-0.00808677380905719,-0.00808677380905719
3,"sex × age × party_kmt","女性 | 50至59歲 | 5 中間",77.8821890993842,3.0155826483212,33,1.05498721227621,2.76395808792846,2.76395808792846,-0.0834414405895398,-0.0834414405895398
3,"sex × age × party_kmt","女性 | 50至59歲 | 6-10 溫暖",90.091860731267,3.48833867046922,49,1.56649616368286,3.17972617928417,3.17972617928417,-0.0884697617801946,-0.0884697617801946
3,"sex × age × party_kmt","女性 | 60歲及以上 | 0-4 冷淡",151.525821638099,5.86704924178971,45,1.4386189258312,8.98822065932798,8.98822065932798,0.531983163752376,0.531983163752376
3,"sex × age × party_kmt","女性 | 60歲及以上 | 5 中間",129.608575447508,5.01841789134075,11,0.351662404092072,2.59299101065437,2.59299101065437,-0.483305084032845,-0.483305084032845
3,"sex × age × party_kmt","女性 | 60歲及以上 | 6-10 溫暖",124.430159819869,4.81791068304213,26,0.831202046035806,5.20475924670593,5.20475924670593,0.0802938429359876,0.0802938429359876
3,"sex × age × party_dpp","男性 | 20至29歲 | 0-4 冷淡",115.19960603216,4.46050550275001,221,7.06521739130435,2.35576244925492,2.35576244925492,-0.471862001335379,-0.471862001335379
3,"sex × age × party_dpp","男性 | 20至29歲 | 5 中間",66.7544257460339,2.58471789643079,51,1.6304347826087,2.07066044889329,2.07066044889329,-0.198883386170443,-0.198883386170443
3,"sex × age × party_dpp","男性 | 20至29歲 | 6-10 溫暖",32.5126255282439,1.258882300666,104,3.32480818414322,2.8310566853908,2.8310566853908,1.24886527032198,1.24886527032198
3,"sex × age × party_dpp","男性 | 30至39歲 | 0-4 冷淡",104.0239149613,4.02778499930758,293,9.36700767263427,2.66115657586408,2.66115657586408,-0.339300241616281,-0.339300241616281
3,"sex × age × party_dpp","男性 | 30至39歲 | 5 中間",61.1087924564899,2.36612011452961,80,2.55754475703325,2.82358245752357,2.82358245752357,0.193338596880531,0.193338596880531
3,"sex × age × party_dpp","男性 | 30至39歲 | 6-10 溫暖",57.8119432669349,2.23846677908642,139,4.44373401534527,3.55676427999716,3.55676427999716,0.588928776262104,0.588928776262104
3,"sex × age × party_dpp","男性 | 40至49歲 | 0-4 冷淡",130.404450913311,5.04923402879983,276,8.82352941176471,3.81303029183149,3.81303029183149,-0.244829954388582,-0.244829954388582
3,"sex × age × party_dpp","男性 | 40至49歲 | 5 中間",65.0749069053808,2.51968726578251,70,2.23785166240409,2.93286831566142,2.93286831566142,0.163981084275787,0.163981084275787
3,"sex × age × party_dpp","男性 | 40至49歲 | 6-10 溫暖",78.4121413015617,3.0361022906657,143,4.57161125319693,4.99418006695155,4.99418006695155,0.644931424842252,0.644931424842252
3,"sex × age × party_dpp","男性 | 50至59歲 | 0-4 冷淡",103.482790658751,4.0068327754908,105,3.35677749360614,4.72479114023326,4.72479114023326,0.179183511010021,0.179183511010021
3,"sex × age × party_dpp","男性 | 50至59歲 | 5 中間",51.5179414333201,1.99476429797447,27,0.863171355498721,2.00375812929802,2.00375812929802,0.00450871881589738,0.00450871881589738
3,"sex × age × party_dpp","男性 | 50至59歲 | 6-10 溫暖",72.9984533803703,2.82648538662955,43,1.37468030690537,2.6845658977294,2.6845658977294,-0.0502105864659644,-0.0502105864659644
3,"sex × age × party_dpp","男性 | 60歲及以上 | 0-4 冷淡",128.334960271101,4.96910376867644,47,1.50255754475703,8.10197563269282,8.10197563269282,0.630470203452976,0.630470203452976
3,"sex × age × party_dpp","男性 | 60歲及以上 | 5 中間",64.1086602261843,2.48227438931515,7,0.223785166240409,1.63935606107355,1.63935606107355,-0.339575001003076,-0.339575001003076
3,"sex × age × party_dpp","男性 | 60歲及以上 | 6-10 溫暖",176.636128322873,6.83931525033754,16,0.51150895140665,3.46676861404702,3.46676861404702,-0.493111738945515,-0.493111738945515
3,"sex × age × party_dpp","女性 | 20至29歲 | 0-4 冷淡",48.6369241715953,1.88321189087809,229,7.32097186700767,1.27321820401098,1.27321820401098,-0.323911339887882,-0.323911339887882
3,"sex × age × party_dpp","女性 | 20至29歲 | 5 中間",59.038519380863,2.2859595587422,88,2.81329923273657,2.96989834944029,2.96989834944029,0.299191115644412,0.299191115644412
3,"sex × age × party_dpp","女性 | 20至29歲 | 6-10 溫暖",43.4805923475619,1.68355976299942,117,3.74040920716113,2.65624077547645,2.65624077547645,0.577752589396715,0.577752589396715
3,"sex × age × party_dpp","女性 | 30至39歲 | 0-4 冷淡",76.1136249224336,2.94710420021737,255,8.15217391304348,1.83469710877858,1.83469710877858,-0.377457672299726,-0.377457672299726
3,"sex × age × party_dpp","女性 | 30至39歲 | 5 中間",66.8960264738078,2.59020064804066,103,3.29283887468031,2.97029656906527,2.97029656906527,0.14674381357758,0.14674381357758
3,"sex × age × party_dpp","女性 | 30至39歲 | 6-10 溫暖",64.0904717409448,2.4815701348364,125,3.99616368286445,2.80474988478935,2.80474988478935,0.130231962988324,0.130231962988324
3,"sex × age × party_dpp","女性 | 40至49歲 | 0-4 冷淡",90.8335687961092,3.51705745709197,182,5.81841432225064,2.62117437942442,2.62117437942442,-0.254725175405096,-0.254725175405096
3,"sex × age × party_dpp","女性 | 40至49歲 | 5 中間",72.7001883811631,2.81493662603856,76,2.42966751918159,3.45448447392847,3.45448447392847,0.227197956065512,0.227197956065512
3,"sex × age × party_dpp","女性 | 40至49歲 | 6-10 溫暖",99.7583919551537,3.8626248091268,98,3.13299232736573,2.98390494970796,2.98390494970796,-0.227492936239252,-0.227492936239252
3,"sex × age × party_dpp","女性 | 50至59歲 | 0-4 冷淡",99.6398843386033,3.85803621812421,87,2.78132992327366,3.92318873766998,3.92318873766998,0.0168874826108917,0.0168874826108917
3,"sex × age × party_dpp","女性 | 50至59歲 | 5 中間",59.1978391936794,2.29212838974989,29,0.927109974424552,2.83858071888146,2.83858071888146,0.238403892022468,0.238403892022468
3,"sex × age × party_dpp","女性 | 50至59歲 | 6-10 溫暖",88.3257557400139,3.41995544153943,35,1.11892583120205,2.22331788569615,2.22331788569615,-0.349898580931406,-0.349898580931406
3,"sex × age × party_dpp","女性 | 60歲及以上 | 0-4 冷淡",138.113993331673,5.34774595575199,45,1.4386189258312,8.75762227732786,8.75762227732786,0.637628703717355,0.637628703717355
3,"sex × age × party_dpp","女性 | 60歲及以上 | 5 中間",101.647599468423,3.93577454287173,10,0.319693094629156,2.1630782057102,2.1630782057102,-0.450405966564358,-0.450405966564358
3,"sex × age × party_dpp","女性 | 60歲及以上 | 6-10 溫暖",165.80296410538,6.41985731754886,27,0.863171355498721,5.86527043365022,5.86527043365022,-0.0863861697335024,-0.0863861697335024
3,"sex × age × party_tpp","男性 | 20至29歲 | 0-4 冷淡",65.9987559591711,2.55545851474834,156,4.98721227621483,2.62961704388337,2.62961704388337,0.0290196568275484,0.0290196568275484
3,"sex × age × party_tpp","男性 | 20至29歲 | 5 中間",76.3203703152306,2.95510934011326,80,2.55754475703325,2.50412171007815,2.50412171007815,-0.152612840382356,-0.152612840382356
3,"sex × age × party_tpp","男性 | 20至29歲 | 6-10 溫暖",72.1475310320361,2.7935378449852,140,4.47570332480818,2.12374082957749,2.12374082957749,-0.239766580076975,-0.239766580076975
3,"sex × age × party_tpp","男性 | 30至39歲 | 0-4 冷淡",86.4301009011278,3.34655606864743,215,6.87340153452685,3.98410383255279,3.98410383255279,0.190508615671583,0.190508615671583
3,"sex × age × party_tpp","男性 | 30至39歲 | 5 中間",75.2357114609421,2.91311156811732,113,3.61253196930946,2.91397533861137,2.91397533861137,0.000296511298605541,0.000296511298605541
3,"sex × age × party_tpp","男性 | 30至39歲 | 6-10 溫暖",61.2788383226547,2.37270425615885,184,5.88235294117647,2.14342414222066,2.14342414222066,-0.0966324030241223,-0.0966324030241223
3,"sex × age × party_tpp","男性 | 40至49歲 | 0-4 冷淡",132.787609905399,5.14150946414438,236,7.54475703324808,5.16465863300885,5.16465863300885,0.00450240712886032,0.00450240712886032
3,"sex × age × party_tpp","男性 | 40至49歲 | 5 中間",69.9554156022067,2.70865957782612,108,3.45268542199489,3.56828180213364,3.56828180213364,0.31736074601055,0.31736074601055
3,"sex × age × party_tpp","男性 | 40至49歲 | 6-10 溫暖",71.1484736126473,2.75485454327752,145,4.63554987212276,3.00713823930196,3.00713823930196,0.0915778644792955,0.0915778644792955
3,"sex × age × party_tpp","男性 | 50至59歲 | 0-4 冷淡",123.68245304634,4.78895962762934,95,3.03708439897698,4.9058877467563,4.9058877467563,0.0244161839353073,0.0244161839353073
3,"sex × age × party_tpp","男性 | 50至59歲 | 5 中間",65.0465488433502,2.51858924734224,45,1.4386189258312,2.65692123438299,2.65692123438299,0.0549243935614834,0.0549243935614834
3,"sex × age × party_tpp","男性 | 50至59歲 | 6-10 溫暖",39.270183582751,1.52053358512323,35,1.11892583120205,1.8503061861214,1.8503061861214,0.21687952454628,0.21687952454628
3,"sex × age × party_tpp","男性 | 60歲及以上 | 0-4 冷淡",243.174752935039,9.4156773704053,48,1.53452685421995,9.00382767544686,9.00382767544686,-0.043740846118299,-0.043740846118299
3,"sex × age × party_tpp","男性 | 60歲及以上 | 5 中間",83.1681297202202,3.22025320266204,14,0.447570332480818,2.76334429360411,2.76334429360411,-0.141886019608714,-0.141886019608714
3,"sex × age × party_tpp","男性 | 60歲及以上 | 6-10 溫暖",42.736866164898,1.65476283526179,8,0.255754475703325,1.44092833876242,1.44092833876242,-0.129223651838627,-0.129223651838627
3,"sex × age × party_tpp","女性 | 20至29歲 | 0-4 冷淡",61.0172028058006,2.36257378173417,218,6.9693094629156,2.43331576861051,2.43331576861051,0.0299427630253388,0.0299427630253388
3,"sex × age × party_tpp","女性 | 20至29歲 | 5 中間",51.9286337353207,2.01066622104614,114,3.64450127877238,2.91657739680461,2.91657739680461,0.450552740318642,0.450552740318642
3,"sex × age × party_tpp","女性 | 20至29歲 | 6-10 溫暖",38.2101993588989,1.4794912098394,102,3.26086956521739,1.5494641635126,1.5494641635126,0.0472952817886546,0.0472952817886546
3,"sex × age × party_tpp","女性 | 30至39歲 | 0-4 冷淡",83.0294799120102,3.2148847100623,285,9.11125319693095,3.08371018908979,3.08371018908979,-0.0408022472973748,-0.0408022472973748
3,"sex × age × party_tpp","女性 | 30至39歲 | 5 中間",77.4656748985678,2.99945530250201,98,3.13299232736573,2.72345704193002,2.72345704193002,-0.0920161271754106,-0.0920161271754106
3,"sex × age × party_tpp","女性 | 30至39歲 | 6-10 溫暖",46.6049683266083,1.80453497053013,100,3.19693094629156,1.80257633161338,1.80257633161338,-0.00108539814895962,-0.00108539814895962
3,"sex × age × party_tpp","女性 | 40至49歲 | 0-4 冷淡",113.866510639286,4.40888831810488,189,6.04219948849105,3.82512090030803,3.82512090030803,-0.132406941541168,-0.132406941541168
3,"sex × age × party_tpp","女性 | 40至49歲 | 5 中間",93.5008953721853,3.62033580395453,88,2.81329923273657,3.13900234431486,3.13900234431486,-0.132952710937449,-0.132952710937449
3,"sex × age × party_tpp","女性 | 40至49歲 | 6-10 溫暖",55.9247431209551,2.16539477019793,79,2.52557544757033,2.09544055843796,2.09544055843796,-0.0323055235575209,-0.0323055235575209
3,"sex × age × party_tpp","女性 | 50至59歲 | 0-4 冷淡",133.598318673383,5.17289994407111,91,2.90920716112532,5.11898675650088,5.11898675650088,-0.0104222366860255,-0.0104222366860255
3,"sex × age × party_tpp","女性 | 50至59歲 | 5 中間",79.3725526206772,3.07328922316807,31,0.991048593350384,2.51245989059138,2.51245989059138,-0.182485048380369,-0.182485048380369
3,"sex × age × party_tpp","女性 | 50至59歲 | 6-10 溫暖",34.192607978236,1.32393088217435,29,0.927109974424552,1.35364069515533,1.35364069515533,0.0224406072711143,0.0224406072711143
3,"sex × age × party_tpp","女性 | 60歲及以上 | 0-4 冷淡",266.728639055799,10.3276790887399,54,1.72634271099744,10.5858583421298,10.5858583421298,0.024998767987614,0.024998767987614
3,"sex × age × party_tpp","女性 | 60歲及以上 | 5 中間",96.9614133924609,3.7543263635012,18,0.575447570332481,4.07565479778178,4.07565479778178,0.0855888388938355,0.0855888388938355
3,"sex × age × party_tpp","女性 | 60歲及以上 | 6-10 溫暖",41.8745044572165,1.62137236393153,10,0.319693094629156,2.12445777677669,2.12445777677669,0.310283697956513,0.310283697956513
3,"sex × edu × arear","男性 | 高中職及以下 | 北北基宜蘭區",142.390734879896,5.5133405256185,48,1.53452685421995,5.12334320447363,5.12334320447363,-0.0707370276391764,-0.0707370276391764
3,"sex × edu × arear","男性 | 高中職及以下 | 桃竹苗區",107.572756860401,4.16519544162202,23,0.735294117647059,2.7303033291586,2.7303033291586,-0.344495746375983,-0.344495746375983
3,"sex × edu × arear","男性 | 高中職及以下 | 中彰投區",106.057737919798,4.10653421391399,44,1.40664961636829,5.16738257096795,5.16738257096795,0.258331795570956,0.258331795570956
3,"sex × edu × arear","男性 | 高中職及以下 | 雲嘉南區",86.474223712167,3.3482644949886,27,0.863171355498721,3.57641863233387,3.57641863233387,0.0681410138556127,0.0681410138556127
3,"sex × edu × arear","男性 | 高中職及以下 | 高屏區",94.9594083882446,3.67680913366495,15,0.479539641943734,2.44590288596775,2.44590288596775,-0.33477567177121,-0.33477567177121
3,"sex × edu × arear","男性 | 高中職及以下 | 花東區",17.4038251027286,0.673872596560336,1,0.0319693094629156,0.0870242333084074,0.0870242333084074,-0.870859515949146,-0.870859515949146
3,"sex × edu × arear","男性 | 專科 | 北北基宜蘭區",47.7984398684463,1.85074594783379,70,2.23785166240409,2.76993907783593,2.76993907783593,0.496660890209162,0.496660890209162
3,"sex × edu × arear","男性 | 專科 | 桃竹苗區",26.20088293147,1.01449290078392,22,0.703324808184143,1.1896179826714,1.1896179826714,0.172623269962917,0.172623269962917
3,"sex × edu × arear","男性 | 專科 | 中彰投區",32.7539576982417,1.26822663359684,25,0.79923273657289,0.908219505541895,0.908219505541895,-0.283866557063164,-0.283866557063164
3,"sex × edu × arear","男性 | 專科 | 雲嘉南區",22.7931411991025,0.882545828456843,25,0.79923273657289,1.29592307001324,1.29592307001324,0.468391814031006,0.468391814031006
3,"sex × edu × arear","男性 | 專科 | 高屏區",27.5361025304433,1.0661923342606,19,0.607416879795396,0.573131386260044,0.573131386260044,-0.462450284209269,-0.462450284209269
3,"sex × edu × arear","男性 | 專科 | 花東區",6.77111971650906,0.262176389273728,3,0.0959079283887468,0.19010645512629,0.19010645512629,-0.274891016491163,-0.274891016491163
3,"sex × edu × arear","男性 | 大學及以上 | 北北基宜蘭區",205.706112757098,7.96489918243466,559,17.8708439897698,6.91451680679377,6.91451680679377,-0.131876418217238,-0.131876418217238
3,"sex × edu × arear","男性 | 大學及以上 | 桃竹苗區",98.4849316127628,3.81331668160436,208,6.64961636828644,4.91852966996113,4.91852966996113,0.289829846466298,0.289829846466298
3,"sex × edu × arear","男性 | 大學及以上 | 中彰投區",119.199505957662,4.61538082084069,197,6.29795396419437,4.35358368388684,4.35358368388684,-0.0567227596413511,-0.0567227596413511
3,"sex × edu × arear","男性 | 大學及以上 | 雲嘉南區",86.0166522825984,3.33054742155588,147,4.69948849104859,3.12266639413974,3.12266639413974,-0.0624164742620671,-0.0624164742620671
3,"sex × edu × arear","男性 | 大學及以上 | 高屏區",69.1624000279324,2.67795417479003,171,5.46675191815857,4.53650899397696,4.53650899397696,0.694020396869806,0.694020396869806
3,"sex × edu × arear","男性 | 大學及以上 | 花東區",11.0998079585138,0.429782324642648,18,0.575447570332481,0.757159164024929,0.757159164024929,0.761727089764536,0.761727089764536
3,"sex × edu × arear","女性 | 高中職及以下 | 北北基宜蘭區",175.773442178775,6.80591221689471,79,2.52557544757033,10.3996329136503,10.3996329136503,0.528029246077357,0.528029246077357
3,"sex × edu × arear","女性 | 高中職及以下 | 桃竹苗區",103.423660578171,4.00454327070089,28,0.895140664961637,3.63253348939538,3.63253348939538,-0.0928969313497773,-0.0928969313497773
3,"sex × edu × arear","女性 | 高中職及以下 | 中彰投區",115.240961454883,4.46210677637392,30,0.959079283887468,4.09521030361496,4.09521030361496,-0.0822249424199368,-0.0822249424199368
3,"sex × edu × arear","女性 | 高中職及以下 | 雲嘉南區",95.9489690992048,3.71512472473834,26,0.831202046035806,3.35487237543742,3.35487237543742,-0.0969691130157932,-0.0969691130157932
3,"sex × edu × arear","女性 | 高中職及以下 | 高屏區",114.1745248914,4.4208145678014,30,0.959079283887468,4.11625234066901,4.11625234066901,-0.0688927849068008,-0.0688927849068008
3,"sex × edu × arear","女性 | 高中職及以下 | 花東區",15.6818371205859,0.607197569322202,5,0.159846547314578,0.770839253222924,0.770839253222924,0.269503193307232,0.269503193307232
3,"sex × edu × arear","女性 | 專科 | 北北基宜蘭區",55.2506127233807,2.13929257721723,60,1.91815856777494,2.11324538828763,2.11324538828763,-0.0121756085198413,-0.0121756085198413
3,"sex × edu × arear","女性 | 專科 | 桃竹苗區",22.3562415612436,0.865629162628359,13,0.415601023017903,0.580816968099857,0.580816968099857,-0.329023335655317,-0.329023335655317
3,"sex × edu × arear","女性 | 專科 | 中彰投區",20.8636962656275,0.80783810991989,16,0.51150895140665,0.987294404615188,0.987294404615188,0.222143883151408,0.222143883151408
3,"sex × edu × arear","女性 | 專科 | 雲嘉南區",12.6187208565277,0.488594325596001,17,0.543478260869565,0.587279884248039,0.587279884248039,0.20197851977028,0.20197851977028
3,"sex × edu × arear","女性 | 專科 | 高屏區",26.7364821349046,1.03523119387775,17,0.543478260869565,0.507543093665977,0.507543093665977,-0.509729713838286,-0.509729713838286
3,"sex × edu × arear","女性 | 專科 | 花東區",2.96787351231678,0.114915463595069,2,0.0639386189258312,0.0927636506745026,0.0927636506745026,-0.192766162425481,-0.192766162425481
3,"sex × edu × arear","女性 | 大學及以上 | 北北基宜蘭區",206.639452822956,8.00103792147285,482,15.4092071611253,4.95455098043068,4.95455098043068,-0.380761467567369,-0.380761467567369
3,"sex × edu × arear","女性 | 大學及以上 | 桃竹苗區",72.6131959658815,2.81156829727055,179,5.72250639386189,3.62294431532369,3.62294431532369,0.288584850967631,0.288584850967631
3,"sex × edu × arear","女性 | 大學及以上 | 中彰投區",92.8390593831916,3.59470964799354,195,6.23401534526854,3.34310573401199,3.34310573401199,-0.0699928335302378,-0.0699928335302378
3,"sex × edu × arear","女性 | 大學及以上 | 雲嘉南區",67.3217212350163,2.60668346330595,139,4.44373401534527,2.43459990246927,2.43459990246927,-0.0660162859277265,-0.0660162859277265
3,"sex × edu × arear","女性 | 大學及以上 | 高屏區",65.063269778017,2.5192366785589,173,5.5306905370844,3.21689938241386,3.21689938241386,0.276934164142946,0.276934164142946
3,"sex × edu × arear","女性 | 大學及以上 | 花東區",8.76262278532253,0.339286986290059,15,0.479539641943734,0.529338573326983,0.529338573326983,0.560149945964762,0.560149945964762
3,"sex × edu × party_kmt","男性 | 高中職及以下 | 0-4 冷淡",235.182036389346,9.10620099837646,90,2.8772378516624,9.92821781991749,9.92821781991749,0.0902700063053281,0.0902700063053281
3,"sex × edu × party_kmt","男性 | 高中職及以下 | 5 中間",183.647725554394,7.1108028804735,30,0.959079283887468,4.26937052397122,4.26937052397122,-0.399593745497425,-0.399593745497425
3,"sex × edu × party_kmt","男性 | 高中職及以下 | 6-10 溫暖",136.028924919495,5.26701252751843,38,1.21483375959079,4.9327865123215,4.9327865123215,-0.0634564686244255,-0.0634564686244255
3,"sex × edu × party_kmt","男性 | 專科 | 0-4 冷淡",61.5856528581789,2.38458405307107,81,2.58951406649616,2.2726615623374,2.2726615623374,-0.0469358547414271,-0.0469358547414271
3,"sex × edu × party_kmt","男性 | 專科 | 5 中間",43.0490694225095,1.66685128240599,36,1.15089514066496,2.1423213479827,2.1423213479827,0.285250442313249,0.285250442313249
3,"sex × edu × party_kmt","男性 | 專科 | 6-10 溫暖",59.2189216635243,2.29294469872866,47,1.50255754475703,2.51195456712869,2.51195456712869,0.0955146753087674,0.0955146753087674
3,"sex × edu × party_kmt","男性 | 大學及以上 | 0-4 冷淡",313.851158643067,12.1522535396609,833,26.6304347826087,9.95955704333439,9.95955704333439,-0.180435380908596,-0.180435380908596
3,"sex × edu × party_kmt","男性 | 大學及以上 | 5 中間",140.721133150564,5.44869388351967,218,6.9693094629156,8.78049112902868,8.78049112902868,0.611485489318183,0.611485489318183
3,"sex × edu × party_kmt","男性 | 大學及以上 | 6-10 溫暖",135.097118802937,5.23093318268765,249,7.96035805626599,5.86291654042029,5.86291654042029,0.120816560957852,0.120816560957852
3,"sex × edu × party_kmt","女性 | 高中職及以下 | 0-4 冷淡",217.204856980495,8.41012823876375,105,3.35677749360614,13.0289866042056,13.0289866042056,0.549201894942906,0.549201894942906
3,"sex × edu × party_kmt","女性 | 高中職及以下 | 5 中間",207.73125587542,8.04331231538072,44,1.40664961636829,6.42209341321388,6.42209341321388,-0.201561103013081,-0.201561103013081
3,"sex × edu × party_kmt","女性 | 高中職及以下 | 6-10 溫暖",195.307282467104,7.56225857168699,49,1.56649616368286,6.91826065857045,6.91826065857045,-0.0851594675071895,-0.0851594675071895
3,"sex × edu × party_kmt","女性 | 專科 | 0-4 冷淡",43.7312677243733,1.69326586301298,59,1.88618925831202,1.66031938323402,1.66031938323402,-0.0194573578187737,-0.0194573578187737
3,"sex × edu × party_kmt","女性 | 專科 | 5 中間",57.5730456504589,2.22921671157675,32,1.0230179028133,1.53456989679577,1.53456989679577,-0.311610267038439,-0.311610267038439
3,"sex × edu × party_kmt","女性 | 專科 | 6-10 溫暖",39.4893136791687,1.52901825824456,34,1.08695652173913,1.6740541095614,1.6740541095614,0.0948555391897994,0.0948555391897994
3,"sex × edu × party_kmt","女性 | 大學及以上 | 0-4 冷淡",237.46226272572,9.19449090205955,750,23.9769820971867,6.09118118191589,6.09118118191589,-0.337518384998187,-0.337518384998187
3,"sex × edu × party_kmt","女性 | 大學及以上 | 5 中間",162.734432742147,6.30104440227519,234,7.48081841432225,7.65107516463954,7.65107516463954,0.21425507839254,0.21425507839254
3,"sex × edu × party_kmt","女性 | 大學及以上 | 6-10 溫暖",113.042626502518,4.37698769055712,199,6.3618925831202,4.35918254142105,4.35918254142105,-0.00406790020782756,-0.00406790020782756
3,"sex × edu × party_dpp","男性 | 高中職及以下 | 0-4 冷淡",204.236648928725,7.90800183948092,84,2.68542199488491,8.95717283681499,8.95717283681499,0.132672073000293,0.132672073000293
3,"sex × edu × party_dpp","男性 | 高中職及以下 | 5 中間",153.7058643902,5.95146005730293,24,0.767263427109974,3.51773043807653,3.51773043807653,-0.408929841718422,-0.408929841718422
3,"sex × edu × party_dpp","男性 | 高中職及以下 | 6-10 溫暖",196.91617354431,7.62455450958454,50,1.59846547314578,6.65547158131868,6.65547158131868,-0.127100268880976,-0.127100268880976
3,"sex × edu × party_dpp","男性 | 專科 | 0-4 冷淡",75.1738097522601,2.91071474644652,93,2.97314578005115,3.60375710895589,3.60375710895589,0.238100405872973,0.238100405872973
3,"sex × edu × party_dpp","男性 | 專科 | 5 中間",39.0262467299112,1.51108839939827,24,0.767263427109974,1.28805305597531,1.28805305597531,-0.147599136828645,-0.147599136828645
3,"sex × edu × party_dpp","男性 | 專科 | 6-10 溫暖",49.6535874620414,1.92257688836092,47,1.50255754475703,2.0351273125176,2.0351273125176,0.0585414423933007,0.0585414423933007
3,"sex × edu × party_dpp","男性 | 大學及以上 | 0-4 冷淡",302.035264155637,11.6947444890972,765,24.4565217391304,9.0957861441057,9.0957861441057,-0.222233016498518,-0.222233016498518
3,"sex × edu × party_dpp","男性 | 大學及以上 | 5 中間",115.832615647297,4.48501550733132,187,5.97826086956522,6.664441918398,6.664441918398,0.485935089299946,0.485935089299946
3,"sex × edu × party_dpp","男性 | 大學及以上 | 6-10 溫暖",171.801530793632,6.65212060943974,348,11.1253196930946,8.84273665027965,8.84273665027965,0.329310932476374,0.329310932476374
3,"sex × edu × party_dpp","女性 | 高中職及以下 | 0-4 冷淡",195.905208458874,7.58541014545006,99,3.16496163682864,12.2127775002472,12.2127775002472,0.610035221045073,0.610035221045073
3,"sex × edu × party_dpp","女性 | 高中職及以下 | 5 中間",180.134713553638,6.97477976459388,43,1.37468030690537,5.8462922762359,5.8462922762359,-0.161795429597152,-0.161795429597152
3,"sex × edu × party_dpp","女性 | 高中職及以下 | 6-10 溫暖",244.203473310507,9.45550921578752,56,1.79028132992327,8.31027089950686,8.31027089950686,-0.121118629377305,-0.121118629377305
3,"sex × edu × party_dpp","女性 | 專科 | 0-4 冷淡",57.9190078071277,2.24261229648121,71,2.26982097186701,2.27839568416868,2.27839568416868,0.0159561185603114,0.0159561185603114
3,"sex × edu × party_dpp","女性 | 專科 | 5 中間",40.6529780863752,1.57407510930923,25,0.79923273657289,1.40416824282404,1.40416824282404,-0.10794076183553,-0.10794076183553
3,"sex × edu × party_dpp","女性 | 專科 | 6-10 溫暖",42.221641160498,1.63481342704385,29,0.927109974424552,1.18637946259847,1.18637946259847,-0.274302839105174,-0.274302839105174
3,"sex × edu × party_dpp","女性 | 大學及以上 | 0-4 冷淡",199.513779294413,7.72513328013238,628,20.076726342711,3.91872752279592,3.91872752279592,-0.492730108246267,-0.492730108246267
3,"sex × edu × party_dpp","女性 | 大學及以上 | 5 中間",138.692481257923,5.37014489153994,238,7.60869565217391,7.14587779796575,7.14587779796575,0.330667596925231,0.330667596925231
3,"sex × edu × party_dpp","女性 | 大學及以上 | 6-10 溫暖",175.033061418049,6.77724482321955,317,10.1342710997442,7.0368335672148,7.0368335672148,0.0383029904875025,0.0383029904875025
3,"sex × edu × party_tpp","男性 | 高中職及以下 | 0-4 冷淡",305.916525222607,11.8450261345222,87,2.78132992327366,10.9610712256044,10.9610712256044,-0.0746266744267941,-0.0746266744267941
3,"sex × edu × party_tpp","男性 | 高中職及以下 | 5 中間",156.235119547263,6.04939230667875,40,1.27877237851662,4.85118495993297,4.85118495993297,-0.198070696361173,-0.198070696361173
3,"sex × edu × party_tpp","男性 | 高中職及以下 | 6-10 溫暖",92.7070420933647,3.58959796516741,31,0.991048593350384,3.31811867067287,3.31811867067287,-0.0756294429428893,-0.0756294429428893
3,"sex × edu × party_tpp","男性 | 專科 | 0-4 冷淡",76.6520408467389,2.96795155617501,85,2.71739130434783,3.96007485652386,3.96007485652386,0.334278805287331,0.334278805287331
3,"sex × edu × party_tpp","男性 | 專科 | 5 中間",49.9726449765903,1.93493073095082,39,1.24680306905371,1.87469322844347,1.87469322844347,-0.031131606699816,-0.031131606699816
3,"sex × edu × party_tpp","男性 | 專科 | 6-10 溫暖",37.2289581208835,1.4414977470799,40,1.27877237851662,1.09216939248146,1.09216939248146,-0.242337079822764,-0.242337079822764
3,"sex × edu × party_tpp","男性 | 大學及以上 | 0-4 冷淡",269.505106677732,10.4351833548776,578,18.4782608695652,10.7669488495199,10.7669488495199,0.0317929722324726,0.0317929722324726
3,"sex × edu × party_tpp","男性 | 大學及以上 | 5 中間",163.518411418096,6.33139989843142,281,8.98337595907928,7.68076619043382,7.68076619043382,0.21312289756594,0.21312289756594
3,"sex × edu × party_tpp","男性 | 大學及以上 | 6-10 溫暖",156.645892500739,6.06529735255928,441,14.0984654731458,6.1552496728296,6.1552496728296,0.0148306529823087,0.0148306529823087
3,"sex × edu × party_tpp","女性 | 高中職及以下 | 0-4 冷淡",354.715346563523,13.7345066511318,109,3.4846547314578,14.2765423632,14.2765423632,0.0394652480672481,0.0394652480672481
3,"sex × edu × party_tpp","女性 | 高中職及以下 | 5 中間",184.292730329598,7.13577733523244,51,1.6304347826087,7.47504763571648,7.47504763571648,0.0475449673589047,0.0475449673589047
3,"sex × edu × party_tpp","女性 | 高中職及以下 | 6-10 溫暖",81.2353184298989,3.1454151394672,38,1.21483375959079,4.61775067707349,4.61775067707349,0.468089416602632,0.468089416602632
3,"sex × edu × party_tpp","女性 | 專科 | 0-4 冷淡",63.0172503193563,2.44001521792698,72,2.30179028132992,2.78795738674186,2.78795738674186,0.142598360148953,0.142598360148953
3,"sex × edu × party_tpp","女性 | 專科 | 5 中間",55.0299317417593,2.13074785413372,33,1.05498721227621,1.26551405691103,1.26551405691103,-0.40607047687229,-0.40607047687229
3,"sex × edu × party_tpp","女性 | 專科 | 6-10 溫暖",22.7464449928853,0.880737760773596,20,0.639386189258312,0.815471945938299,0.815471945938299,-0.0741035728705114,-0.0741035728705114
3,"sex × edu × party_tpp","女性 | 大學及以上 | 0-4 冷淡",240.5075542034,9.31240397365355,656,20.9718670076726,7.98249220669715,7.98249220669715,-0.142810789858231,-0.142810789858231
3,"sex × edu × party_tpp","女性 | 大學及以上 | 5 中間",159.906507947855,6.19154772480579,265,8.47186700767263,6.62658977879514,6.62658977879514,0.070263861852571,0.070263861852571
3,"sex × edu × party_tpp","女性 | 大學及以上 | 6-10 溫暖",112.825259819131,4.36857129643254,262,8.37595907928389,3.49235690248417,3.49235690248417,-0.200572300299619,-0.200572300299619
3,"sex × arear × party_kmt","男性 | 北北基宜蘭區 | 0-4 冷淡",192.865763602874,7.46772345386789,431,13.7787723785166,6.45034121341653,6.45034121341653,-0.136237267854959,-0.136237267854959
3,"sex × arear × party_kmt","男性 | 北北基宜蘭區 | 5 中間",93.6536669301905,3.62625108785711,107,3.42071611253197,4.72296331567724,4.72296331567724,0.302436924870589,0.302436924870589
3,"sex × arear × party_kmt","男性 | 北北基宜蘭區 | 6-10 溫暖",109.375856972375,4.23501111416195,139,4.44373401534527,3.63449456000955,3.63449456000955,-0.141798105828876,-0.141798105828876
3,"sex × arear × party_kmt","男性 | 桃竹苗區 | 0-4 冷淡",106.071410453832,4.10706361167319,149,4.76342710997442,3.4869453900109,3.4869453900109,-0.15098821939348,-0.15098821939348
3,"sex × arear × party_kmt","男性 | 桃竹苗區 | 5 中間",61.8912283558757,2.3964158746886,50,1.59846547314578,2.89281996536859,2.89281996536859,0.207144384212735,0.207144384212735
3,"sex × arear × party_kmt","男性 | 桃竹苗區 | 6-10 溫暖",64.2959325949257,2.48952553764851,54,1.72634271099744,2.45868562641164,2.45868562641164,-0.0123878669933243,-0.0123878669933243
3,"sex × arear × party_kmt","男性 | 中彰投區 | 0-4 冷淡",105.91795051536,4.10112167381784,161,5.14705882352941,4.74510653441235,4.74510653441235,0.157026519038877,0.157026519038877
3,"sex × arear × party_kmt","男性 | 中彰投區 | 5 中間",86.8153068176032,3.36147116401374,52,1.66240409207161,2.95035204634757,2.95035204634757,-0.122303330180967,-0.122303330180967
3,"sex × arear × party_kmt","男性 | 中彰投區 | 6-10 溫暖",65.2779442427385,2.52754883051993,53,1.69437340153453,2.73372717963677,2.73372717963677,0.081572449413144,0.081572449413144
3,"sex × arear × party_kmt","男性 | 雲嘉南區 | 0-4 冷淡",104.566651665337,4.04879965498468,127,4.06010230179028,3.46880364198365,3.46880364198365,-0.143251349146645,-0.143251349146645
3,"sex × arear × party_kmt","男性 | 雲嘉南區 | 5 中間",54.0347092660586,2.0922130406719,24,0.767263427109974,1.63504231230054,1.63504231230054,-0.218510600729525,-0.218510600729525
3,"sex × arear × party_kmt","男性 | 雲嘉南區 | 6-10 溫暖",36.6826562624718,1.42034504934474,48,1.53452685421995,2.89116214220266,2.89116214220266,1.03553505786251,1.03553505786251
3,"sex × arear × party_kmt","男性 | 高屏區 | 0-4 冷淡",90.6026417270428,3.50811600756985,122,3.9002557544757,3.3346180738098,3.3346180738098,-0.0494561563487871,-0.0494561563487871
3,"sex × arear × party_kmt","男性 | 高屏區 | 5 中間",64.5791303358348,2.50049089703818,49,1.56649616368286,2.91015129345983,2.91015129345983,0.163831988713454,0.163831988713454
3,"sex × arear × party_kmt","男性 | 高屏區 | 6-10 溫暖",36.4761388837428,1.41234873810755,34,1.08695652173913,1.31077389893512,1.31077389893512,-0.0719190922410089,-0.0719190922410089
3,"sex × arear × party_kmt","男性 | 花東區 | 0-4 冷淡",10.594429926145,0.410214189195028,14,0.447570332480818,0.674621571956063,0.674621571956063,0.644559329553879,0.644559329553879
3,"sex × arear × party_kmt","男性 | 花東區 | 5 中間",6.44388642190416,0.249505982129621,2,0.0639386189258312,0.080854067828828,0.080854067828828,-0.675943369618997,-0.675943369618997
3,"sex × arear × party_kmt","男性 | 花東區 | 6-10 溫暖",18.2364364297022,0.706111139152062,6,0.191815856777494,0.278814212674736,0.278814212674736,-0.605141177903592,-0.605141177903592
3,"sex × arear × party_kmt","女性 | 北北基宜蘭區 | 0-4 冷淡",176.067960413958,6.81731590353862,382,12.2122762148338,7.27765652163695,7.27765652163695,0.0675251997431107,0.0675251997431107
3,"sex × arear × party_kmt","女性 | 北北基宜蘭區 | 5 中間",135.72226655103,5.25513877736322,128,4.0920716112532,5.59837400750987,5.59837400750987,0.0653142085657468,0.0653142085657468
3,"sex × arear × party_kmt","女性 | 北北基宜蘭區 | 6-10 溫暖",125.873280760124,4.87378803468294,111,3.54859335038363,4.59139875322178,4.59139875322178,-0.0579404109189028,-0.0579404109189028
3,"sex × arear × party_kmt","女性 | 桃竹苗區 | 0-4 冷淡",47.3779451995385,1.83446447909321,132,4.21994884910486,2.88463745036511,2.88463745036511,0.572468414210456,0.572468414210456
3,"sex × arear × party_kmt","女性 | 桃竹苗區 | 5 中間",81.6105221510979,3.15994295185046,45,1.4386189258312,2.57625644455328,2.57625644455328,-0.184714254716328,-0.184714254716328
3,"sex × arear × party_kmt","女性 | 桃竹苗區 | 6-10 溫暖",69.4046307546598,2.68733329965614,43,1.37468030690537,2.37540087790053,2.37540087790053,-0.116075077771529,-0.116075077771529
3,"sex × arear × party_kmt","女性 | 中彰投區 | 0-4 冷淡",84.4281739434024,3.26904186075557,129,4.12404092071611,2.88240128046263,2.88240128046263,-0.118273364723318,-0.118273364723318
3,"sex × arear × party_kmt","女性 | 中彰投區 | 5 中間",79.4280197774578,3.07543690028749,57,1.82225063938619,3.00548767504946,3.00548767504946,-0.0227444839565696,-0.0227444839565696
3,"sex × arear × party_kmt","女性 | 中彰投區 | 6-10 溫暖",65.087523382842,2.52017577324429,55,1.75831202046036,2.53772148673005,2.53772148673005,0.0069620991011958,0.0069620991011958
3,"sex × arear × party_kmt","女性 | 雲嘉南區 | 0-4 冷淡",77.7531412595719,3.01058594200052,124,3.96419437340153,3.47846969092596,3.47846969092596,0.155412852494268,0.155412852494268
3,"sex × arear × party_kmt","女性 | 雲嘉南區 | 5 中間",56.2676312343354,2.17867132876648,33,1.05498721227621,1.80490863697458,1.80490863697458,-0.171555335977874,-0.171555335977874
3,"sex × arear × party_kmt","女性 | 雲嘉南區 | 6-10 溫暖",41.8686386968416,1.62114524287329,25,0.79923273657289,1.09337383425418,1.09337383425418,-0.325554672500346,-0.325554672500346
3,"sex × arear × party_kmt","女性 | 高屏區 | 0-4 冷淡",103.878463363387,4.02215314278287,136,4.34782608695652,3.87225254831934,3.87225254831934,-0.0372687436659406,-0.0372687436659406
3,"sex × arear × party_kmt","女性 | 高屏區 | 5 中間",69.1228230152496,2.67642176084406,41,1.31074168797954,2.09411984729867,2.09411984729867,-0.217567321438064,-0.217567321438064
3,"sex × arear × party_kmt","女性 | 高屏區 | 6-10 溫暖",32.972990425685,1.27670753661112,43,1.37468030690537,1.87432242113084,1.87432242113084,0.46809066867892,0.46809066867892
3,"sex × arear × party_kmt","女性 | 花東區 | 0-4 冷淡",8.89270325073135,0.344323675665493,11,0.351662404092072,0.385069677645574,0.385069677645574,0.118336335430113,0.118336335430113
3,"sex × arear × party_kmt","女性 | 花東區 | 5 中間",5.88747153885594,0.22796171012095,6,0.191815856777494,0.528591863263323,0.528591863263323,1.31877477574136,1.31877477574136
3,"sex × arear × party_kmt","女性 | 花東區 | 6-10 溫暖",12.632158628638,0.489114633420887,5,0.159846547314578,0.479279936315513,0.479279936315513,-0.0201071414212033,-0.0201071414212033
3,"sex × arear × party_dpp","男性 | 北北基宜蘭區 | 0-4 冷淡",186.692585361107,7.22869923785476,406,12.9795396419437,6.35745112788432,6.35745112788432,-0.120526263619871,-0.120526263619871
3,"sex × arear × party_dpp","男性 | 北北基宜蘭區 | 5 中間",67.7640718604881,2.62381119027501,79,2.52557544757033,2.96467531014228,2.96467531014228,0.129911832501765,0.129911832501765
3,"sex × arear × party_dpp","男性 | 北北基宜蘭區 | 6-10 溫暖",141.438630283844,5.47647522775718,192,6.1381074168798,5.48567265107672,5.48567265107672,0.00167944214792084,0.00167944214792084
3,"sex × arear × party_dpp","男性 | 桃竹苗區 | 0-4 冷淡",115.678025394143,4.47902980391948,145,4.63554987212276,3.48236217725705,3.48236217725705,-0.222518641378602,-0.222518641378602
3,"sex × arear × party_dpp","男性 | 桃竹苗區 | 5 中間",50.4738030164965,1.95433546914172,38,1.21483375959079,2.32628692935368,2.32628692935368,0.190321194127083,0.190321194127083
3,"sex × arear × party_dpp","男性 | 桃竹苗區 | 6-10 溫暖",66.1067429939945,2.5596397509491,70,2.23785166240409,3.02980187518039,3.02980187518039,0.183682928059294,0.183682928059294
3,"sex × arear × party_dpp","男性 | 中彰投區 | 0-4 冷淡",123.787337571229,4.79302073527141,142,4.53964194373401,4.28727308270932,4.28727308270932,-0.105517518178117,-0.105517518178117
3,"sex × arear × party_dpp","男性 | 中彰投區 | 5 中間",70.3100019005219,2.72238908775512,46,1.47058823529412,2.56294812045994,2.56294812045994,-0.0585665612649986,-0.0585665612649986
3,"sex × arear × party_dpp","男性 | 中彰投區 | 6-10 溫暖",63.9138621039508,2.47473184532498,78,2.49360613810742,3.57896455722742,3.57896455722742,0.44620297507726,0.44620297507726
3,"sex × arear × party_dpp","男性 | 雲嘉南區 | 0-4 冷淡",67.9555474544673,2.63122508664153,117,3.74040920716113,4.23646227581593,4.23646227581593,0.610072166506786,0.610072166506786
3,"sex × arear × party_dpp","男性 | 雲嘉南區 | 5 中間",54.5949881191094,2.11390692481947,32,1.0230179028133,1.27816187581683,1.27816187581683,-0.395355651277796,-0.395355651277796
3,"sex × arear × party_dpp","男性 | 雲嘉南區 | 6-10 溫暖",72.7334816202911,2.81622573354031,50,1.59846547314578,2.48038394485409,2.48038394485409,-0.119252439421477,-0.119252439421477
3,"sex × arear × party_dpp","男性 | 高屏區 | 0-4 冷淡",67.0020858572285,2.59430724596804,119,3.80434782608696,2.67361839518682,2.67361839518682,0.0305712244924126,0.0305712244924126
3,"sex × arear × party_dpp","男性 | 高屏區 | 5 中間",58.3977169205411,2.26114781676764,36,1.15089514066496,2.18558647600912,2.18558647600912,-0.0334172495040735,-0.0334172495040735
3,"sex × arear × party_dpp","男性 | 高屏區 | 6-10 溫暖",66.2581081688508,2.56550057997991,50,1.59846547314578,2.69633839500881,2.69633839500881,0.0509989419023721,0.0509989419023721
3,"sex × arear × party_dpp","男性 | 花東區 | 0-4 冷淡",20.3301411984476,0.787178965369417,13,0.415601023017903,0.619549031023123,0.619549031023123,-0.212950220624387,-0.212950220624387
3,"sex × arear × party_dpp","男性 | 花東區 | 5 中間",7.02414495025198,0.271973475273569,4,0.127877237851662,0.152566700667999,0.152566700667999,-0.439038308737508,-0.439038308737508
3,"sex × arear × party_dpp","男性 | 花東區 | 6-10 溫暖",7.92046662905178,0.306678869833725,5,0.159846547314578,0.262174120768504,0.262174120768504,-0.145118407046924,-0.145118407046924
3,"sex × arear × party_dpp","女性 | 北北基宜蘭區 | 0-4 冷淡",180.239656288309,6.97884312610696,340,10.8695652173913,7.61349560977565,7.61349560977565,0.0909394970198612,0.0909394970198612
3,"sex × arear × party_dpp","女性 | 北北基宜蘭區 | 5 中間",118.004688225128,4.56911771930487,138,4.41176470588235,5.58745057298345,5.58745057298345,0.222872973785737,0.222872973785737
3,"sex × arear × party_dpp","女性 | 北北基宜蘭區 | 6-10 溫暖",139.419163211675,5.39828187017295,143,4.57161125319693,4.26648309960949,4.26648309960949,-0.209659072605484,-0.209659072605484
3,"sex × arear × party_dpp","女性 | 桃竹苗區 | 0-4 冷淡",71.4713348781589,2.76735566633724,123,3.93222506393862,3.00914773729056,3.00914773729056,0.0873729654249117,0.0873729654249117
3,"sex × arear × party_dpp","女性 | 桃竹苗區 | 5 中間",75.4122905940963,2.91994867652623,41,1.31074168797954,2.19882928374785,2.19882928374785,-0.246963036910727,-0.246963036910727
3,"sex × arear × party_dpp","女性 | 桃竹苗區 | 6-10 溫暖",51.509472633041,1.99443638773634,56,1.79028132992327,2.62831775178051,2.62831775178051,0.317824809024682,0.317824809024682
3,"sex × arear × party_dpp","女性 | 中彰投區 | 0-4 冷淡",94.6871097370238,3.66626578482899,126,4.02813299232737,2.70665317636453,2.70665317636453,-0.261741146109848,-0.261741146109848
3,"sex × arear × party_dpp","女性 | 中彰投區 | 5 中間",62.1164726335685,2.4051372876753,45,1.4386189258312,2.56661038643835,2.56661038643835,0.0671367491537753,0.0671367491537753
3,"sex × arear × party_dpp","女性 | 中彰投區 | 6-10 溫暖",72.1401347331099,2.79325146178306,70,2.23785166240409,3.15234687943926,3.15234687943926,0.128558213454572,0.128558213454572
3,"sex × arear × party_dpp","女性 | 雲嘉南區 | 0-4 冷淡",46.1860726115077,1.78831541295835,87,2.78132992327366,2.14944330607027,2.14944330607027,0.201937471709492,0.201937471709492
3,"sex × arear × party_dpp","女性 | 雲嘉南區 | 5 中間",48.2417093271577,1.86790925184051,38,1.21483375959079,1.85345426020328,1.85345426020328,-0.00773859416510186,-0.00773859416510186
3,"sex × arear × party_dpp","女性 | 雲嘉南區 | 6-10 溫暖",81.4616292520835,3.15417784884143,57,1.82225063938619,2.37385459588117,2.37385459588117,-0.247393549240377,-0.247393549240377
3,"sex × arear × party_dpp","女性 | 高屏區 | 0-4 冷淡",52.8758507961663,2.0473422745304,111,3.54859335038363,2.23449076892044,2.23449076892044,0.0914104577032509,0.0914104577032509
3,"sex × arear × party_dpp","女性 | 高屏區 | 5 中間",49.2551401684567,1.90714908954454,38,1.21483375959079,1.73804952177167,1.73804952177167,-0.0886661502763046,-0.0886661502763046
3,"sex × arear × party_dpp","女性 | 高屏區 | 6-10 溫暖",103.843285839698,4.02079107616311,71,2.26982097186701,3.86815452605674,3.86815452605674,-0.0379618207499673,-0.0379618207499673
3,"sex × arear × party_dpp","女性 | 花東區 | 0-4 冷淡",7.87797124924946,0.3050334573017,11,0.351662404092072,0.696670108790374,0.696670108790374,1.28391375475025,1.28391375475025
3,"sex × arear × party_dpp","女性 | 花東區 | 5 中間",6.44987194952883,0.249737740551601,6,0.191815856777494,0.45194429188109,0.45194429188109,0.809675585607811,0.809675585607811
3,"sex × arear × party_dpp","女性 | 花東區 | 6-10 溫暖",13.084490219447,0.506628821354029,5,0.159846547314578,0.244327076552945,0.244327076552945,-0.517739484500803,-0.517739484500803
3,"sex × arear × party_tpp","男性 | 北北基宜蘭區 | 0-4 冷淡",203.371488148779,7.87450298863732,313,10.0063938618926,8.13009328222721,8.13009328222721,0.0324579588018054,0.0324579588018054
3,"sex × arear × party_tpp","男性 | 北北基宜蘭區 | 5 中間",98.6785984253352,3.82081542151271,141,4.5076726342711,3.96368640018096,3.96368640018096,0.0373927978472416,0.0373927978472416
3,"sex × arear × party_tpp","男性 | 北北基宜蘭區 | 6-10 溫暖",93.8452009313255,3.63366724573692,223,7.12915601023018,2.71401940669516,2.71401940669516,-0.25309082446135,-0.25309082446135
3,"sex × arear × party_tpp","男性 | 桃竹苗區 | 0-4 冷淡",114.665947470157,4.43984235090087,105,3.35677749360614,4.18365666405009,4.18365666405009,-0.0577015278028508,-0.0577015278028508
3,"sex × arear × party_tpp","男性 | 桃竹苗區 | 5 中間",60.8155815390635,2.35476704696546,60,1.91815856777494,2.30241740085389,2.30241740085389,-0.0222313481832676,-0.0222313481832676
3,"sex × arear × party_tpp","男性 | 桃竹苗區 | 6-10 溫暖",56.7770423954127,2.19839562614397,88,2.81329923273657,2.35237691688715,2.35237691688715,0.0700425750997658,0.0700425750997658
3,"sex × arear × party_tpp","男性 | 中彰投區 | 0-4 冷淡",109.58784653267,4.24321930716528,121,3.86828644501279,4.65410828202344,4.65410828202344,0.0968342536913683,0.0968342536913683
3,"sex × arear × party_tpp","男性 | 中彰投區 | 5 中間",90.5966694917346,3.50788476382369,64,2.0460358056266,3.27362460203017,3.27362460203017,-0.0667810311813582,-0.0667810311813582
3,"sex × arear × party_tpp","男性 | 中彰投區 | 6-10 溫暖",57.8266855512979,2.23903759736254,81,2.58951406649616,2.50145287634308,2.50145287634308,0.117200032411094,0.117200032411094
3,"sex × arear × party_tpp","男性 | 雲嘉南區 | 0-4 冷淡",104.495385546801,4.04604024525371,108,3.45268542199489,4.80893139919461,4.80893139919461,0.18855253722101,0.18855253722101
3,"sex × arear × party_tpp","男性 | 雲嘉南區 | 5 中間",52.8511368778667,2.04638535660015,36,1.15089514066496,1.82915994079201,1.82915994079201,-0.106150786853279,-0.106150786853279
3,"sex × arear × party_tpp","男性 | 雲嘉南區 | 6-10 溫暖",37.9374947691996,1.46893214314747,55,1.75831202046036,1.35691675650023,1.35691675650023,-0.0762563384359058,-0.0762563384359058
3,"sex × arear × party_tpp","男性 | 高屏區 | 0-4 冷淡",105.091890487655,4.06913679621197,91,2.90920716112532,3.3403102364091,3.3403102364091,-0.179110852326555,-0.179110852326555
3,"sex × arear × party_tpp","男性 | 高屏區 | 5 中間",58.5068022073946,2.26537157706542,54,1.72634271099744,2.79517249192737,2.79517249192737,0.233869322024537,0.233869322024537
3,"sex × arear × party_tpp","男性 | 高屏區 | 6-10 溫暖",28.0592182515709,1.08644726943819,60,1.91815856777494,1.42006053786829,1.42006053786829,0.307068072068156,0.307068072068156
3,"sex × arear × party_tpp","男性 | 花東區 | 0-4 冷淡",14.8611145610159,0.575419357405649,12,0.383631713554987,0.570995067743737,0.570995067743737,-0.00768880922230222,-0.00768880922230222
3,"sex × arear × party_tpp","男性 | 花東區 | 5 中間",8.27738740055504,0.320498770093554,5,0.159846547314578,0.242583543025861,0.242583543025861,-0.243106165571087,-0.243106165571087
3,"sex × arear × party_tpp","男性 | 花東區 | 6-10 溫暖",12.1362508161805,0.469913182977508,5,0.159846547314578,0.220711241690029,0.220711241690029,-0.530314854561991,-0.530314854561991
3,"sex × arear × party_tpp","女性 | 北北基宜蘭區 | 0-4 冷淡",224.015479809605,8.67383418058716,350,11.1892583120205,8.92627077246108,8.92627077246108,0.0291032300846717,0.0291032300846717
3,"sex × arear × party_tpp","女性 | 北北基宜蘭區 | 5 中間",135.648145919009,5.25226884144604,142,4.53964194373401,5.22778564546876,5.22778564546876,-0.00466145140631174,-0.00466145140631174
3,"sex × arear × party_tpp","女性 | 北北基宜蘭區 | 6-10 溫暖",77.9998819964982,3.02013969355158,129,4.12404092071611,3.31337286443876,3.31337286443876,0.0970925853242054,0.0970925853242054
3,"sex × arear × party_tpp","女性 | 桃竹苗區 | 0-4 冷淡",83.7373832162256,3.24229458317408,109,3.4846547314578,3.52304436043393,3.52304436043393,0.0865898424889604,0.0865898424889604
3,"sex × arear × party_tpp","女性 | 桃竹苗區 | 5 中間",74.9033027608736,2.90024077031786,47,1.50255754475703,2.00188550238932,2.00188550238932,-0.309751961672509,-0.309751961672509
3,"sex × arear × party_tpp","女性 | 桃竹苗區 | 6-10 溫暖",39.7524121281971,1.53920537710787,64,2.0460358056266,2.31136490999569,2.31136490999569,0.501661145661201,0.501661145661201
3,"sex × arear × party_tpp","女性 | 中彰投區 | 0-4 冷淡",118.884598772513,4.60318767816778,121,3.86828644501279,3.96885202011719,3.96885202011719,-0.137803561879335,-0.137803561879335
3,"sex × arear × party_tpp","女性 | 中彰投區 | 5 中間",64.7633856943743,2.50762522734524,60,1.91815856777494,3.14015389021018,3.14015389021018,0.252242103790996,0.252242103790996
3,"sex × arear × party_tpp","女性 | 中彰投區 | 6-10 溫暖",45.2957326368147,1.75384162877433,60,1.91815856777494,1.31660453191477,1.31660453191477,-0.24930249669414,-0.24930249669414
3,"sex × arear × party_tpp","女性 | 雲嘉南區 | 0-4 冷淡",93.8546966098417,3.63403491649321,115,3.67647058823529,3.74295336394145,3.74295336394145,0.0299717669067822,0.0299717669067822
3,"sex × arear × party_tpp","女性 | 雲嘉南區 | 5 中間",56.2091491113443,2.17640691276369,40,1.27877237851662,1.98189863717523,1.98189863717523,-0.0893712818350995,-0.0893712818350995
3,"sex × arear × party_tpp","女性 | 雲嘉南區 | 6-10 溫暖",25.8255654695629,0.999960684383392,27,0.863171355498721,0.651900161038049,0.651900161038049,-0.34807420809746,-0.34807420809746
3,"sex × arear × party_tpp","女性 | 高屏區 | 0-4 冷淡",123.149087121971,4.76830780665035,131,4.18797953964194,4.28478134257873,4.28478134257873,-0.101404205365527,-0.101404205365527
3,"sex × arear × party_tpp","女性 | 高屏區 | 5 中間",58.9131336370786,2.28110464804085,52,1.66240409207161,2.42199016979577,2.42199016979577,0.0617619721549896,0.0617619721549896
3,"sex × arear × party_tpp","女性 | 高屏區 | 6-10 溫暖",23.9120560452711,0.925869985546846,37,1.18286445012788,1.13392330437434,1.13392330437434,0.224711160395393,0.224711160395393
3,"sex × arear × party_tpp","女性 | 花東區 | 0-4 冷淡",14.598905556122,0.565266677639772,11,0.351662404092072,0.601090097106651,0.601090097106651,0.0633743698044559,0.0633743698044559
3,"sex × arear × party_tpp","女性 | 花東區 | 5 中間",8.79205289653245,0.340426514258252,8,0.255754475703325,0.593437626383411,0.593437626383411,0.74321799721282,0.74321799721282
3,"sex × arear × party_tpp","女性 | 花東區 | 6-10 溫暖",4.02137496557081,0.155706827309307,3,0.0959079283887468,0.198413753734348,0.198413753734348,0.274277802476864,0.274277802476864
3,"sex × party_kmt × party_dpp","男性 | 0-4 冷淡 | 0-4 冷淡",213.77301002172,8.27724781693365,565,18.0626598465473,7.75512451082449,7.75512451082449,-0.0630793371972023,-0.0630793371972023
3,"sex × party_kmt × party_dpp","男性 | 0-4 冷淡 | 5 中間",65.4658797879828,2.53482565691368,116,3.70843989769821,3.75349719028774,3.75349719028774,0.480771342222357,0.480771342222357
3,"sex × party_kmt × party_dpp","男性 | 0-4 冷淡 | 6-10 溫暖",331.379958080889,12.8309651172612,323,10.3260869565217,10.6518147244771,10.6518147244771,-0.16983526748526,-0.16983526748526
3,"sex × party_kmt × party_dpp","男性 | 5 中間 | 0-4 冷淡",133.07871170197,5.15278086697455,141,4.5076726342711,6.06427472736698,6.06427472736698,0.176893581140706,0.176893581140706
3,"sex × party_kmt × party_dpp","男性 | 5 中間 | 5 中間",202.886380581756,7.85571972151811,90,2.8772378516624,6.20619967894883,6.20619967894883,-0.209976946867258,-0.209976946867258
3,"sex × party_kmt × party_dpp","男性 | 5 中間 | 6-10 溫暖",31.4528358437402,1.2178474579065,53,1.69437340153453,2.92170859466678,2.92170859466678,1.39907598911382,1.39907598911382
3,"sex × party_kmt × party_dpp","男性 | 6-10 溫暖 | 0-4 冷淡",234.594001112932,9.08343239111645,236,7.54475703324808,7.8373168516851,7.8373168516851,-0.137185535794821,-0.137185535794821
3,"sex × party_kmt × party_dpp","男性 | 6-10 溫暖 | 5 中間",40.2124663976696,1.55701858560073,29,0.927109974424552,1.51052854321327,1.51052854321327,-0.0298583734435767,-0.0298583734435767
3,"sex × party_kmt × party_dpp","男性 | 6-10 溫暖 | 6-10 溫暖",55.5384978753539,2.15043943221757,69,2.20588235294118,3.9598122249721,3.9598122249721,0.841396770188815,0.841396770188815
3,"sex × party_kmt × party_dpp","女性 | 0-4 冷淡 | 0-4 冷淡",144.703326951729,5.60288362404843,505,16.1445012787724,7.01095588612714,7.01095588612714,0.251312066528573,0.251312066528573
3,"sex × party_kmt × party_dpp","女性 | 0-4 冷淡 | 5 中間",57.682898623794,2.23347019654021,128,4.0920716112532,3.53252544419226,3.53252544419226,0.581630885276355,0.581630885276355
3,"sex × party_kmt × party_dpp","女性 | 0-4 冷淡 | 6-10 溫暖",296.012161855066,11.4615311832476,281,8.98337595907928,10.2370058390362,10.2370058390362,-0.106837849553755,-0.106837849553755
3,"sex × party_kmt × party_dpp","女性 | 5 中間 | 0-4 冷淡",95.161237123529,3.68462390157395,114,3.64450127877238,3.74299596817063,3.74299596817063,0.0158420691381129,0.0158420691381129
3,"sex × party_kmt × party_dpp","女性 | 5 中間 | 5 中間",252.959021662369,9.79452228144134,140,4.47570332480818,8.87907946536496,8.87907946536496,-0.0934647744700077,-0.0934647744700077
3,"sex × party_kmt × party_dpp","女性 | 5 中間 | 6-10 溫暖",79.9184754821278,3.09442724621736,56,1.79028132992327,2.98566304111359,2.98566304111359,-0.0351484124361709,-0.0351484124361709
3,"sex × party_kmt × party_dpp","女性 | 6-10 溫暖 | 0-4 冷淡",213.473431485157,8.26564819644127,179,5.72250639386189,7.65594885291405,7.65594885291405,-0.0737630406033634,-0.0737630406033634
3,"sex × party_kmt × party_dpp","女性 | 6-10 溫暖 | 5 中間",48.8382526117728,1.89100728746149,38,1.21483375959079,1.98473340746846,1.98473340746846,0.0495641241725684,0.0495641241725684
3,"sex × party_kmt × party_dpp","女性 | 6-10 溫暖 | 6-10 溫暖",85.527538551861,3.31160903658592,65,2.07800511508951,3.31081504917038,3.31081504917038,-0.000239758802073291,-0.000239758802073291
3,"sex × party_kmt × party_tpp","男性 | 0-4 冷淡 | 0-4 冷淡",480.487702711951,18.6043869052126,578,18.4782608695652,16.0286771236084,16.0286771236084,-0.138446367231942,-0.138446367231942
3,"sex × party_kmt × party_tpp","男性 | 0-4 冷淡 | 5 中間",64.2339827898053,2.48712685369331,176,5.62659846547315,3.95036777969746,3.95036777969746,0.588325812103744,0.588325812103744
3,"sex × party_kmt × party_tpp","男性 | 0-4 冷淡 | 6-10 溫暖",65.8971623888357,2.5515248322026,250,7.9923273657289,2.18139152228345,2.18139152228345,-0.14506357345526,-0.14506357345526
3,"sex × party_kmt × party_tpp","男性 | 5 中間 | 0-4 冷淡",92.2368505056003,3.57139224175561,70,2.23785166240409,4.64246155919473,4.64246155919473,0.29990245958327,0.29990245958327
3,"sex × party_kmt × party_tpp","男性 | 5 中間 | 5 中間",207.277973720701,8.02576132180479,109,3.4846547314578,6.68870201727823,6.68870201727823,-0.166595946591879,-0.166595946591879
3,"sex × party_kmt × party_tpp","男性 | 5 中間 | 6-10 溫暖",67.9031039011653,2.62919448283875,105,3.35677749360614,3.86101942450964,3.86101942450964,0.468518000365224,0.468518000365224
3,"sex × party_kmt × party_tpp","男性 | 6-10 溫暖 | 0-4 冷淡",79.3491195295268,3.07238189860662,102,3.26086956521739,5.01695624884507,5.01695624884507,0.632920780818411,0.632920780818411
3,"sex × party_kmt × party_tpp","男性 | 6-10 溫暖 | 5 中間",98.2142194314431,3.80283476056289,75,2.39769820971867,3.76757458183456,3.76757458183456,-0.0092720775285815,-0.0092720775285815
3,"sex × party_kmt × party_tpp","男性 | 6-10 溫暖 | 6-10 溫暖",152.781626424986,5.91567374976524,157,5.01918158567775,4.52312678919084,4.52312678919084,-0.235399553707583,-0.235399553707583
3,"sex × party_kmt × party_tpp","女性 | 0-4 冷淡 | 0-4 冷淡",402.653709835769,15.5906704049296,641,20.4923273657289,15.1421587808187,15.1421587808187,-0.0287679498355027,-0.0287679498355027
3,"sex × party_kmt × party_tpp","女性 | 0-4 冷淡 | 5 中間",60.6049785192303,2.34661254052905,146,4.66751918158568,3.39734414093053,3.39734414093053,0.447765271110582,0.447765271110582
3,"sex × party_kmt × party_tpp","女性 | 0-4 冷淡 | 6-10 溫暖",35.1396990755897,1.36060205837761,127,4.06010230179028,2.24098424760628,2.24098424760628,0.647053400961655,0.647053400961655
3,"sex × party_kmt × party_tpp","女性 | 5 中間 | 0-4 冷淡",141.295692270209,5.47094069670856,102,3.26086956521739,4.67473387287555,4.67473387287555,-0.145533806336455,-0.145533806336455
3,"sex × party_kmt × party_tpp","女性 | 5 中間 | 5 中間",225.648015783349,8.73704564410806,124,3.96419437340153,7.79070779113692,7.79070779113692,-0.108313255019941,-0.108313255019941
3,"sex × party_kmt × party_tpp","女性 | 5 中間 | 6-10 溫暖",61.0950262144682,2.36558708841603,84,2.68542199488491,3.14229681063671,3.14229681063671,0.328336980711522,0.328336980711522
3,"sex × party_kmt × party_tpp","女性 | 6-10 溫暖 | 0-4 冷淡",114.290748980301,4.42531474107416,94,3.00511508951407,5.23009930294472,5.23009930294472,0.181859282098253,0.181859282098253
3,"sex × party_kmt × party_tpp","女性 | 6-10 溫暖 | 5 中間",112.976175716632,4.37441472953483,79,2.52557544757033,4.1790995393552,4.1790995393552,-0.0446494450699684,-0.0446494450699684
3,"sex × party_kmt × party_tpp","女性 | 6-10 溫暖 | 6-10 溫暖",120.572297951857,4.66853504987969,109,3.4846547314578,3.54229846725297,3.54229846725297,-0.241239825896935,-0.241239825896935
3,"sex × party_dpp × party_tpp","男性 | 0-4 冷淡 | 0-4 冷淡",228.162731160003,8.83441491612,417,13.3312020460358,12.0071988306042,12.0071988306042,0.35913911046841,0.35913911046841
3,"sex × party_dpp × party_tpp","男性 | 0-4 冷淡 | 5 中間",161.495115329811,6.25305828211574,202,6.45780051150895,5.53426357029045,5.53426357029045,-0.114950905524278,-0.114950905524278
3,"sex × party_dpp × party_tpp","男性 | 0-4 冷淡 | 6-10 溫暖",191.787876346809,7.42598787678891,323,10.3260869565217,4.11525368898195,4.11525368898195,-0.445830809683272,-0.445830809683272
3,"sex × party_dpp × party_tpp","男性 | 5 中間 | 0-4 冷淡",96.4148017064309,3.73316166930316,90,2.8772378516624,4.26894076745202,4.26894076745202,0.143518857635991,0.143518857635991
3,"sex × party_dpp × party_tpp","男性 | 5 中間 | 5 中間",164.890002183804,6.38450761614576,88,2.81329923273657,5.33391205325058,5.33391205325058,-0.164553889831431,-0.164553889831431
3,"sex × party_dpp × party_tpp","男性 | 5 中間 | 6-10 溫暖",47.2599228771743,1.8298946785836,57,1.82225063938619,1.86737259174726,1.86737259174726,0.0204809127007591,0.0204809127007591
3,"sex × party_dpp × party_tpp","男性 | 6-10 溫暖 | 0-4 冷淡",327.496139880645,12.6805844601516,243,7.76854219948849,9.41195533359197,9.41195533359197,-0.257766441036787,-0.257766441036787
3,"sex × party_dpp × party_tpp","男性 | 6-10 溫暖 | 5 中間",43.341058428335,1.67815703779949,70,2.23785166240409,3.53846875526923,3.53846875526923,1.10854447800017,1.10854447800017
3,"sex × party_dpp × party_tpp","男性 | 6-10 溫暖 | 6-10 溫暖",47.5340934910038,1.84051050943408,132,4.21994884910486,4.58291145525473,4.58291145525473,1.49002188890728,1.49002188890728
3,"sex × party_dpp × party_tpp","女性 | 0-4 冷淡 | 0-4 冷淡",220.640113575103,8.54314068100532,512,16.3682864450128,12.5601389745974,12.5601389745974,0.470201585527367,0.470201585527367
3,"sex × party_dpp × party_tpp","女性 | 0-4 冷淡 | 5 中間",122.876884560425,4.7577681783872,132,4.21994884910486,4.08380696794692,4.08380696794692,-0.141654907336983,-0.141654907336983
3,"sex × party_dpp × party_tpp","女性 | 0-4 冷淡 | 6-10 溫暖",109.820997424887,4.25224686267112,154,4.923273657289,1.76595476466754,1.76595476466754,-0.584700789559,-0.584700789559
3,"sex × party_dpp × party_tpp","女性 | 5 中間 | 0-4 冷淡",110.893831989045,4.29378680053889,113,3.61253196930946,4.06159428643149,4.06159428643149,-0.0540763957069919,-0.0540763957069919
3,"sex × party_dpp × party_tpp","女性 | 5 中間 | 5 中間",204.722646489504,7.92681956697881,140,4.47570332480818,8.00127532153775,8.00127532153775,0.009392891301463,0.009392891301463
3,"sex × party_dpp × party_tpp","女性 | 5 中間 | 6-10 溫暖",43.8636944193873,1.69839339792535,53,1.69437340153453,2.33346870905645,2.33346870905645,0.373927095987813,0.373927095987813
3,"sex × party_dpp × party_tpp","女性 | 6-10 溫暖 | 0-4 冷淡",326.706205522131,12.6499983611681,212,6.77749360613811,8.42525869561016,8.42525869561016,-0.33397155833053,-0.33397155833053
3,"sex × party_dpp × party_tpp","女性 | 6-10 溫暖 | 5 中間",71.6296389692828,2.77348516880593,77,2.4616368286445,3.28206918193799,3.28206918193799,0.183373619174976,0.183373619174976
3,"sex × party_dpp × party_tpp","女性 | 6-10 溫暖 | 6-10 溫暖",63.1223313976407,2.44408393607686,113,3.61253196930946,4.82615605177198,4.82615605177198,0.97462778611389,0.97462778611389
3,"age × edu × arear","20至29歲 | 高中職及以下 | 北北基宜蘭區",8.65877552489114,0.335266041318508,13,0.415601023017903,1.19169975938932,1.19169975938932,2.55448990509954,2.55448990509954
3,"age × edu × arear","20至29歲 | 高中職及以下 | 桃竹苗區",16.5375606298396,0.640331010948669,7,0.223785166240409,0.7087928687643,0.7087928687643,0.106916355205415,0.106916355205415
3,"age × edu × arear","20至29歲 | 高中職及以下 | 中彰投區",14.5072461097918,0.561717642371191,5,0.159846547314578,0.537680076117088,0.537680076117088,-0.0427929700634515,-0.0427929700634515
3,"age × edu × arear","20至29歲 | 高中職及以下 | 雲嘉南區",10.5703657132218,0.409282427725866,4,0.127877237851662,0.395110103542029,0.395110103542029,-0.0346272481390994,-0.0346272481390994
3,"age × edu × arear","20至29歲 | 高中職及以下 | 高屏區",25.4421252459768,0.985113956289514,5,0.159846547314578,0.439463895795811,0.439463895795811,-0.553895371200429,-0.553895371200429
3,"age × edu × arear","20至29歲 | 高中職及以下 | 花東區",6.3971463908858,0.247696217558917,1,0.0319693094629156,0.118922884383978,0.118922884383978,-0.519884132442634,-0.519884132442634
3,"age × edu × arear","20至29歲 | 專科 | 北北基宜蘭區",3.24563180541538,0.125670208662989,4,0.127877237851662,0.0442107385402649,0.0442107385402649,-0.648200325195408,-0.648200325195408
3,"age × edu × arear","20至29歲 | 專科 | 桃竹苗區",2.95658191004362,0.11447825503326,2,0.0639386189258312,0.0350528728944727,0.0350528728944727,-0.69380322154379,-0.69380322154379
3,"age × edu × arear","20至29歲 | 專科 | 中彰投區",7.98530112099429,0.309189248280652,2,0.0639386189258312,0.0766183450358392,0.0766183450358392,-0.752195959394123,-0.752195959394123
3,"age × edu × arear","20至29歲 | 專科 | 雲嘉南區",1.33891983541318,0.0518427058850737,2,0.0639386189258312,0.0450247249624962,0.0450247249624962,-0.131512829166204,-0.131512829166204
3,"age × edu × arear","20至29歲 | 專科 | 高屏區",6.01888977674556,0.23305019777693,4,0.127877237851662,0.0599452219388604,0.0599452219388604,-0.742779785167836,-0.742779785167836
3,"age × edu × arear","20至29歲 | 大學及以上 | 北北基宜蘭區",73.651693774212,2.85177872288051,325,10.3900255754476,2.86550300110021,2.86550300110021,0.00481253265184713,0.00481253265184713
3,"age × edu × arear","20至29歲 | 大學及以上 | 桃竹苗區",44.7537927682628,1.73285782640646,128,4.0920716112532,2.63158645306545,2.63158645306545,0.518639563479213,0.518639563479213
3,"age × edu × arear","20至29歲 | 大學及以上 | 中彰投區",51.5471083366053,1.99589363458492,108,3.45268542199489,1.7753539212235,1.7753539212235,-0.110496726649105,-0.110496726649105
3,"age × edu × arear","20至29歲 | 大學及以上 | 雲嘉南區",53.8448576721979,2.08486202526231,78,2.49360613810742,0.858747749602359,0.858747749602359,-0.588103318494511,-0.588103318494511
3,"age × edu × arear","20至29歲 | 大學及以上 | 高屏區",31.3497572616837,1.21385627600653,111,3.54859335038363,2.01912046353198,2.01912046353198,0.663393355080469,0.663393355080469
3,"age × edu × arear","20至29歲 | 大學及以上 | 花東區",6.81693933027743,0.263950515474218,11,0.351662404092072,0.354003832578777,0.354003832578777,0.341174999953185,0.341174999953185
3,"age × edu × arear","30至39歲 | 高中職及以下 | 北北基宜蘭區",18.3278974342413,0.70965249079453,23,0.735294117647059,1.75842829516967,1.75842829516967,1.47787236426229,1.47787236426229
3,"age × edu × arear","30至39歲 | 高中職及以下 | 桃竹苗區",19.2045244139208,0.743595310578376,9,0.28772378516624,0.886732823723209,0.886732823723209,0.192493835166199,0.192493835166199
3,"age × edu × arear","30至39歲 | 高中職及以下 | 中彰投區",6.82586825297543,0.264296241559574,14,0.447570332480818,1.23532920794799,1.23532920794799,3.67403244426971,3.67403244426971
3,"age × edu × arear","30至39歲 | 高中職及以下 | 雲嘉南區",11.9203550649589,0.461553743049604,7,0.223785166240409,0.682978983938777,0.682978983938777,0.47973880446979,0.47973880446979
3,"age × edu × arear","30至39歲 | 高中職及以下 | 高屏區",14.5344237486226,0.562769955063326,3,0.0959079283887468,0.335238322665347,0.335238322665347,-0.404306644928078,-0.404306644928078
3,"age × edu × arear","30至39歲 | 高中職及以下 | 花東區",5.23035634667457,0.202518342460063,0,0,0,0,-1,-1
3,"age × edu × arear","30至39歲 | 專科 | 北北基宜蘭區",16.7327370730615,0.64788820345118,18,0.575447570332481,0.323799192728611,0.323799192728611,-0.500223663583018,-0.500223663583018
3,"age × edu × arear","30至39歲 | 專科 | 桃竹苗區",3.585502930816,0.138829950065682,6,0.191815856777494,0.185261905974822,0.185261905974822,0.334452010442791,0.334452010442791
3,"age × edu × arear","30至39歲 | 專科 | 中彰投區",3.89969400019042,0.15099536488028,7,0.223785166240409,0.139898439245993,0.139898439245993,-0.0734918296537473,-0.0734918296537473
3,"age × edu × arear","30至39歲 | 專科 | 雲嘉南區",2.18942241762559,0.0847739942698835,8,0.255754475703325,0.25611739276647,0.25611739276647,2.02117878215227,2.02117878215227
3,"age × edu × arear","30至39歲 | 專科 | 高屏區",4.92109081481734,0.190543643464348,9,0.28772378516624,0.148811846437788,0.148811846437788,-0.219014375225633,-0.219014375225633
3,"age × edu × arear","30至39歲 | 專科 | 花東區",1.05078718924177,0.0406862679593161,0,0,0,0,-1,-1
3,"age × edu × arear","30至39歲 | 大學及以上 | 北北基宜蘭區",131.549250691658,5.09356044524119,361,11.5409207161125,2.47696548476699,2.47696548476699,-0.513706470867316,-0.513706470867316
3,"age × edu × arear","30至39歲 | 大學及以上 | 桃竹苗區",40.1283339807395,1.55376099539185,138,4.41176470588235,2.5292033997938,2.5292033997938,0.627794369465392,0.627794369465392
3,"age × edu × arear","30至39歲 | 大學及以上 | 中彰投區",72.7954212364258,2.81862402298003,155,4.95524296675192,2.19270012432255,2.19270012432255,-0.222067183687634,-0.222067183687634
3,"age × edu × arear","30至39歲 | 大學及以上 | 雲嘉南區",40.5689367920316,1.57082104734852,108,3.45268542199489,1.24189945118483,1.24189945118483,-0.209394696307954,-0.209394696307954
3,"age × edu × arear","30至39歲 | 大學及以上 | 高屏區",35.6722178958409,1.38122107965608,125,3.99616368286445,2.08726680581428,2.08726680581428,0.51117502951374,0.51117502951374
3,"age × edu × arear","30至39歲 | 大學及以上 | 花東區",0.907953538069188,0.0351557778042083,4,0.127877237851662,0.17061519953689,0.17061519953689,3.85311974854007,3.85311974854007
3,"age × edu × arear","40至49歲 | 高中職及以下 | 北北基宜蘭區",32.346669531947,1.25245651797287,31,0.991048593350384,2.72693247380272,2.72693247380272,1.17726718227019,1.17726718227019
3,"age × edu × arear","40至49歲 | 高中職及以下 | 桃竹苗區",33.0524626517986,1.27978468517183,18,0.575447570332481,1.76906190253316,1.76906190253316,0.382312136588533,0.382312136588533
3,"age × edu × arear","40至49歲 | 高中職及以下 | 中彰投區",43.8656949110503,1.69847085655892,26,0.831202046035806,2.37296770320657,2.37296770320657,0.397120058930052,0.397120058930052
3,"age × edu × arear","40至49歲 | 高中職及以下 | 雲嘉南區",35.1260859675586,1.36007496158125,19,0.607416879795396,1.73716027065581,1.73716027065581,0.27725332774023,0.27725332774023
3,"age × edu × arear","40至49歲 | 高中職及以下 | 高屏區",23.6243930903275,0.914731733970662,11,0.351662404092072,1.05295593516531,1.05295593516531,0.15110900394222,0.15110900394222
3,"age × edu × arear","40至49歲 | 高中職及以下 | 花東區",3.8299218342917,0.148293800694001,2,0.0639386189258312,0.198149599617667,0.198149599617667,0.336196109954333,0.336196109954333
3,"age × edu × arear","40至49歲 | 專科 | 北北基宜蘭區",30.7870773331746,1.19206942270166,57,1.82225063938619,0.829864000522575,0.829864000522575,-0.303845913066199,-0.303845913066199
3,"age × edu × arear","40至49歲 | 專科 | 桃竹苗區",9.99171947694297,0.386877362205532,14,0.447570332480818,0.409119453678357,0.409119453678357,0.0574913232090572,0.0574913232090572
3,"age × edu × arear","40至49歲 | 專科 | 中彰投區",13.7714585355869,0.533228095951388,15,0.479539641943734,0.287619289237979,0.287619289237979,-0.460607399681731,-0.460607399681731
3,"age × edu × arear","40至49歲 | 專科 | 雲嘉南區",11.809096315731,0.457245826727201,19,0.607416879795396,0.312634304661897,0.312634304661897,-0.31626646677211,-0.31626646677211
3,"age × edu × arear","40至49歲 | 專科 | 高屏區",16.751878702288,0.64862936347279,13,0.415601023017903,0.275225386668733,0.275225386668733,-0.575681580008707,-0.575681580008707
3,"age × edu × arear","40至49歲 | 專科 | 花東區",0.731820308931017,0.0283359347088368,2,0.0639386189258312,0.0927636506745026,0.0927636506745026,2.27371063025401,2.27371063025401
3,"age × edu × arear","40至49歲 | 大學及以上 | 北北基宜蘭區",106.125077677081,4.10914159572944,265,8.47186700767263,2.07780713308026,2.07780713308026,-0.494345209413156,-0.494345209413156
3,"age × edu × arear","40至49歲 | 大學及以上 | 桃竹苗區",49.4544903543586,1.91486788852152,105,3.35677749360614,2.32340593303872,2.32340593303872,0.213350512046361,0.213350512046361
3,"age × edu × arear","40至49歲 | 大學及以上 | 中彰投區",54.9047254563867,2.12589989202587,87,2.78132992327366,1.2173314067509,1.2173314067509,-0.427380653568379,-0.427380653568379
3,"age × edu × arear","40至49歲 | 大學及以上 | 雲嘉南區",35.6419828603673,1.38005038518281,70,2.23785166240409,1.30946262933518,1.30946262933518,-0.0511486802261054,-0.0511486802261054
3,"age × edu × arear","40至49歲 | 大學及以上 | 高屏區",31.0308683022123,1.20150895983523,78,2.49360613810742,1.43563085116251,1.43563085116251,0.194856550515774,0.194856550515774
3,"age × edu × arear","40至49歲 | 大學及以上 | 花東區",4.33822494264526,0.167975194493585,13,0.415601023017903,0.371550553712468,0.371550553712468,1.2119370353023,1.2119370353023
3,"age × edu × arear","50至59歲 | 高中職及以下 | 北北基宜蘭區",82.9861029192584,3.21320516165475,33,1.05498721227621,3.69247237588844,3.69247237588844,0.149155497430757,0.149155497430757
3,"age × edu × arear","50至59歲 | 高中職及以下 | 桃竹苗區",48.6306248898234,1.88296798395884,11,0.351662404092072,1.4409447843458,1.4409447843458,-0.234748122845779,-0.234748122845779
3,"age × edu × arear","50至59歲 | 高中職及以下 | 中彰投區",45.8418480222319,1.77498710631277,15,0.479539641943734,1.72432212827896,1.72432212827896,-0.0285438569404903,-0.0285438569404903
3,"age × edu × arear","50至59歲 | 高中職及以下 | 雲嘉南區",26.3957654189892,1.02203871138093,11,0.351662404092072,1.26353869683737,1.26353869683737,0.236292405333782,0.236292405333782
3,"age × edu × arear","50至59歲 | 高中職及以下 | 高屏區",43.4447091887231,1.68217037432901,13,0.415601023017903,1.5188436322575,1.5188436322575,-0.097092865600284,-0.097092865600284
3,"age × edu × arear","50至59歲 | 高中職及以下 | 花東區",5.33481537159641,0.206562974829255,2,0.0639386189258312,0.28340833717647,0.28340833717647,0.372019053321324,0.372019053321324
3,"age × edu × arear","50至59歲 | 專科 | 北北基宜蘭區",24.1734736924178,0.935992024100419,35,1.11892583120205,1.15959955487549,1.15959955487549,0.238898970309047,0.238898970309047
3,"age × edu × arear","50至59歲 | 專科 | 桃竹苗區",19.2347860348108,0.744767034433614,8,0.255754475703325,0.346060154694623,0.346060154694623,-0.535344424907585,-0.535344424907585
3,"age × edu × arear","50至59歲 | 專科 | 中彰投區",13.1714156702919,0.509994557272557,11,0.351662404092072,0.411103934154398,0.411103934154398,-0.193905251944304,-0.193905251944304
3,"age × edu × arear","50至59歲 | 專科 | 雲嘉南區",11.9827163229593,0.463968358377293,7,0.223785166240409,0.302804113464088,0.302804113464088,-0.347360422328947,-0.347360422328947
3,"age × edu × arear","50至59歲 | 專科 | 高屏區",14.2915854536905,0.553367305278909,10,0.319693094629156,0.59669202488064,0.59669202488064,0.078292879229456,0.078292879229456
3,"age × edu × arear","50至59歲 | 專科 | 花東區",6.03902155107496,0.233829696017153,3,0.0959079283887468,0.19010645512629,0.19010645512629,-0.186987545361455,-0.186987545361455
3,"age × edu × arear","50至59歲 | 大學及以上 | 北北基宜蘭區",55.3878809689553,2.14460757599047,73,2.33375959079284,1.92812545189485,1.92812545189485,-0.100942534438095,-0.100942534438095
3,"age × edu × arear","50至59歲 | 大學及以上 | 桃竹苗區",18.6992139059753,0.724029789662801,13,0.415601023017903,0.576773071924199,0.576773071924199,-0.203384888081999,-0.203384888081999
3,"age × edu × arear","50至59歲 | 大學及以上 | 中彰投區",17.8053337950274,0.689418932117255,35,1.11892583120205,1.31997593298842,1.31997593298842,0.914620953234752,0.914620953234752
3,"age × edu × arear","50至59歲 | 大學及以上 | 雲嘉南區",15.9742631199248,0.61852024501637,20,0.639386189258312,0.588613187579088,0.588613187579088,-0.0483525926245002,-0.0483525926245002
3,"age × edu × arear","50至59歲 | 大學及以上 | 高屏區",23.2844920211826,0.901570833152233,22,0.703324808184143,0.827542556117203,0.827542556117203,-0.0821103282325574,-0.0821103282325574
3,"age × edu × arear","50至59歲 | 大學及以上 | 花東區",2.48461639780533,0.0962038456237398,4,0.127877237851662,0.227276117024443,0.227276117024443,1.36244315963559,1.36244315963559
3,"age × edu × arear","60歲及以上 | 高中職及以下 | 北北基宜蘭區",175.844731648333,6.80867253077256,27,0.863171355498721,6.15344321387378,6.15344321387378,-0.0962345176592652,-0.0962345176592652
3,"age × edu × arear","60歲及以上 | 高中職及以下 | 桃竹苗區",93.5712448531892,3.6230597216652,6,0.191815856777494,1.55730443918752,1.55730443918752,-0.570168708543463,-0.570168708543463
3,"age × edu × arear","60歲及以上 | 高中職及以下 | 中彰投區",110.258042078632,4.26916914348546,14,0.447570332480818,3.39229375903231,3.39229375903231,-0.205397199075895,-0.205397199075895
3,"age × edu × arear","60歲及以上 | 高中職及以下 | 雲嘉南區",98.4106206466433,3.81043937598929,12,0.383631713554987,2.8525029527973,2.8525029527973,-0.251397891074775,-0.251397891074775
3,"age × edu × arear","60歲及以上 | 高中職及以下 | 高屏區",102.088282005994,3.95283768181384,13,0.415601023017903,3.21565344075279,3.21565344075279,-0.186494943734393,-0.186494943734393
3,"age × edu × arear","60歲及以上 | 高中職及以下 | 花東區",12.293422279866,0.475998830340302,1,0.0319693094629156,0.257382665353217,0.257382665353217,-0.459278786107084,-0.459278786107084
3,"age × edu × arear","60歲及以上 | 專科 | 北北基宜蘭區",28.1101326877575,1.08841866613478,16,0.51150895140665,2.52571097945661,2.52571097945661,1.32053258368491,1.32053258368491
3,"age × edu × arear","60歲及以上 | 專科 | 桃竹苗區",12.7885341401002,0.495169461674189,5,0.159846547314578,0.794940563528984,0.794940563528984,0.605390931906942,0.605390931906942
3,"age × edu × arear","60歲及以上 | 專科 | 中彰投區",14.7897846368058,0.57265747713185,6,0.191815856777494,0.980273902482874,0.980273902482874,0.711797962357128,0.711797962357128
3,"age × edu × arear","60歲及以上 | 專科 | 雲嘉南區",8.09170716390122,0.313309268793393,6,0.191815856777494,0.966622418406329,0.966622418406329,2.0852021139654,2.0852021139654
3,"age × edu × arear","60歲及以上 | 專科 | 高屏區",12.2891399178066,0.475833018145375,0,0,0,0,-1,-1
3,"age × edu × arear","60歲及以上 | 專科 | 花東區",1.91736417957809,0.0742399541834915,0,0,0,0,-1,-1
3,"age × edu × arear","60歲及以上 | 大學及以上 | 北北基宜蘭區",45.6316624681474,1.76684876406591,17,0.543478260869565,2.52066671638214,2.52066671638214,0.426645430920483,0.426645430920483
3,"age × edu × arear","60歲及以上 | 大學及以上 | 桃竹苗區",18.0622965693082,0.699368478892281,3,0.0959079283887468,0.480505127462648,0.480505127462648,-0.312944260479522,-0.312944260479522
3,"age × edu × arear","60歲及以上 | 大學及以上 | 中彰投區",14.9859765164087,0.580253987126157,7,0.223785166240409,1.19132803261345,1.19132803261345,1.05311477222894,1.05311477222894
3,"age × edu × arear","60歲及以上 | 大學及以上 | 雲嘉南區",7.30833307309308,0.282977182051829,10,0.319693094629156,1.55854327890756,1.55854327890756,4.50766414311845,4.50766414311845
3,"age × edu × arear","60歲及以上 | 大學及以上 | 高屏區",12.88833432503,0.49903370469886,8,0.255754475703325,1.38384769976484,1.38384769976484,1.77305457874818,1.77305457874818
3,"age × edu × arear","60歲及以上 | 大學及以上 | 花東區",5.31469653503909,0.205783977536956,1,0.0319693094629156,0.163052034499335,0.163052034499335,-0.207654374014357,-0.207654374014357
3,"age × edu × party_kmt","20至29歲 | 高中職及以下 | 0-4 冷淡",15.7143418237251,0.60845614486956,19,0.607416879795396,1.66215507861867,1.66215507861867,1.73175822552503,1.73175822552503
3,"age × edu × party_kmt","20至29歲 | 高中職及以下 | 5 中間",40.665963352042,1.57457789617592,11,0.351662404092072,1.2567080860549,1.2567080860549,-0.201876204977225,-0.201876204977225
3,"age × edu × party_kmt","20至29歲 | 高中職及以下 | 6-10 溫暖",25.7329144388399,0.996373255167183,5,0.159846547314578,0.472806423318956,0.472806423318956,-0.525472586837327,-0.525472586837327
3,"age × edu × party_kmt","20至29歲 | 專科 | 0-4 冷淡",4.94349912939158,0.191411288883533,11,0.351662404092072,0.143029972889786,0.143029972889786,-0.252761037637576,-0.252761037637576
3,"age × edu × party_kmt","20至29歲 | 專科 | 5 中間",11.9962553660263,0.464492587393194,3,0.0959079283887468,0.117821930482148,0.117821930482148,-0.746342710992692,-0.746342710992692
3,"age × edu × party_kmt","20至29歲 | 專科 | 6-10 溫暖",4.60556995319416,0.178326739362178,0,0,0,0,-1,-1
3,"age × edu × party_kmt","20至29歲 | 大學及以上 | 0-4 冷淡",130.979890096556,5.07151491787375,536,17.1355498721228,4.17105223206601,4.17105223206601,-0.177552999525684,-0.177552999525684
3,"age × edu × party_kmt","20至29歲 | 大學及以上 | 5 中間",86.8391431034657,3.3623941001931,115,3.67647058823529,4.30326083396488,4.30326083396488,0.279820480804956,0.279820480804956
3,"age × edu × party_kmt","20至29歲 | 大學及以上 | 6-10 溫暖",44.1451159432175,1.7092899825481,110,3.51662404092072,2.03000235507138,2.03000235507138,0.187629001396934,0.187629001396934
3,"age × edu × party_kmt","30至39歲 | 高中職及以下 | 0-4 冷淡",24.1171028414572,0.933809356124676,37,1.18286445012788,2.81447881148483,2.81447881148483,2.01397581104238,2.01397581104238
3,"age × edu × party_kmt","30至39歲 | 高中職及以下 | 5 中間",41.0365578132505,1.58892723894231,10,0.319693094629156,1.17567738582782,1.17567738582782,-0.260081042722625,-0.260081042722625
3,"age × edu × party_kmt","30至39歲 | 高中職及以下 | 6-10 溫暖",10.889764606686,0.421649488438483,9,0.28772378516624,0.908551436132343,0.908551436132343,1.15475521978463,1.15475521978463
3,"age × edu × party_kmt","30至39歲 | 專科 | 0-4 冷淡",11.8203255700986,0.457680621190686,23,0.735294117647059,0.196416458961454,0.196416458961454,-0.570843837673389,-0.570843837673389
3,"age × edu × party_kmt","30至39歲 | 專科 | 5 中間",14.2471060925105,0.55164507338823,15,0.479539641943734,0.660411138893485,0.660411138893485,0.197166748607414,0.197166748607414
3,"age × edu × party_kmt","30至39歲 | 專科 | 6-10 溫暖",6.31180276314358,0.244391729511774,10,0.319693094629156,0.197061179298744,0.197061179298744,-0.1936667427641,-0.1936667427641
3,"age × edu × party_kmt","30至39歲 | 大學及以上 | 0-4 冷淡",176.814676126148,6.84622858525633,589,18.8299232736573,3.52965921516304,3.52965921516304,-0.48443742840192,-0.48443742840192
3,"age × edu × party_kmt","30至39歲 | 大學及以上 | 5 中間",92.2115508238637,3.57041264318327,167,5.33887468030691,4.98024733890818,4.98024733890818,0.39486603836019,0.39486603836019
3,"age × edu × party_kmt","30至39歲 | 大學及以上 | 6-10 溫暖",52.5958871847532,2.03650213998229,135,4.31585677749361,2.18874391134811,2.18874391134811,0.0747564995768445,0.0747564995768445
3,"age × edu × party_kmt","40至49歲 | 高中職及以下 | 0-4 冷淡",60.0003604201323,2.32320184972047,63,2.01406649616368,5.20616917029315,5.20616917029315,1.24094568920886,1.24094568920886
3,"age × edu × party_kmt","40至49歲 | 高中職及以下 | 5 中間",66.8409330229283,2.58806744073833,21,0.671355498721228,2.35514265635437,2.35514265635437,-0.0899995033813767,-0.0899995033813767
3,"age × edu × party_kmt","40至49歲 | 高中職及以下 | 6-10 溫暖",45.0039345439131,1.74254326549073,23,0.735294117647059,2.29591605833372,2.29591605833372,0.317566171125831,0.317566171125831
3,"age × edu × party_kmt","40至49歲 | 專科 | 0-4 冷淡",38.1011629281203,1.47526934123898,65,2.07800511508951,0.562821386147647,0.562821386147647,-0.618495843155685,-0.618495843155685
3,"age × edu × party_kmt","40至49歲 | 專科 | 5 中間",24.6028151184247,0.952616037490948,27,0.863171355498721,1.07369878242647,1.07369878242647,0.127105507539471,0.127105507539471
3,"age × edu × party_kmt","40至49歲 | 專科 | 6-10 溫暖",21.1390726261093,0.818500627037472,28,0.895140664961637,0.57070591686992,0.57070591686992,-0.302742236208706,-0.302742236208706
3,"age × edu × party_kmt","40至49歲 | 大學及以上 | 0-4 冷淡",152.077465356873,5.88840877528032,353,11.2851662404092,2.74796514329682,2.74796514329682,-0.533326362321711,-0.533326362321711
3,"age × edu × party_kmt","40至49歲 | 大學及以上 | 5 中間",65.1055835386268,2.52087505883244,122,3.9002557544757,3.77589919670197,3.77589919670197,0.497852574435325,0.497852574435325
3,"age × edu × party_kmt","40至49歲 | 大學及以上 | 6-10 溫暖",64.3123206975513,2.49016008167569,143,4.57161125319693,2.21132416708125,2.21132416708125,-0.111975096157993,-0.111975096157993
3,"age × edu × party_kmt","50至59歲 | 高中職及以下 | 0-4 冷淡",87.3806069656323,3.38335947168977,34,1.08695652173913,3.62604796437122,3.62604796437122,0.07173003481071,0.07173003481071
3,"age × edu × party_kmt","50至59歲 | 高中職及以下 | 5 中間",77.7620051751083,3.01092915102169,19,0.607416879795396,2.50815433411432,2.50815433411432,-0.166983277151096,-0.166983277151096
3,"age × edu × party_kmt","50至59歲 | 高中職及以下 | 6-10 溫暖",87.4912536698817,3.38764368975409,32,1.0230179028133,3.789327656299,3.789327656299,0.118573263109046,0.118573263109046
3,"age × edu × party_kmt","50至59歲 | 專科 | 0-4 冷淡",21.7493210648589,0.842129323461375,26,0.831202046035806,0.724571358531084,0.724571358531084,-0.139596094869487,-0.139596094869487
3,"age × edu × party_kmt","50至59歲 | 專科 | 5 中間",30.8584329003698,1.19483229586667,19,0.607416879795396,1.13006343572274,1.13006343572274,-0.0542074903465402,-0.0542074903465402
3,"age × edu × party_kmt","50至59歲 | 專科 | 6-10 溫暖",36.2852447600164,1.4049573561519,29,0.927109974424552,1.1517314429417,1.1517314429417,-0.180237437173018,-0.180237437173018
3,"age × edu × party_kmt","50至59歲 | 大學及以上 | 0-4 冷淡",55.7296857849235,2.15784218950179,81,2.58951406649616,1.9670632816136,1.9670632816136,-0.0884118907380551,-0.0884118907380551
3,"age × edu × party_kmt","50至59歲 | 大學及以上 | 5 中間",33.9219698434792,1.31345182820086,40,1.27877237851662,1.95301994030494,1.95301994030494,0.486936862374432,0.486936862374432
3,"age × edu × party_kmt","50至59歲 | 大學及以上 | 6-10 溫暖",43.9841445804679,1.70305720386022,46,1.47058823529412,1.54822309560966,1.54822309560966,-0.0909153890424813,-0.0909153890424813
3,"age × edu × party_kmt","60歲及以上 | 高中職及以下 | 0-4 冷淡",265.174481318895,10.2675024147357,42,1.34271099744246,9.64835339935527,9.64835339935527,-0.0603018134665226,-0.0603018134665226
3,"age × edu × party_kmt","60歲及以上 | 高中職及以下 | 5 中間",165.073522066485,6.39161346897597,13,0.415601023017903,3.39578147483369,3.39578147483369,-0.468712948410232,-0.468712948410232
3,"age × edu × party_kmt","60歲及以上 | 高中職及以下 | 6-10 溫暖",162.218340127278,6.28106140035494,18,0.575447570332481,4.38444559680793,4.38444559680793,-0.301957851174617,-0.301957851174617
3,"age × edu × party_kmt","60歲及以上 | 專科 | 0-4 冷淡",28.7026118900828,1.11135934130947,15,0.479539641943734,2.30614176904145,2.30614176904145,1.07506400794203,1.07506400794203
3,"age × edu × party_kmt","60歲及以上 | 專科 | 5 中間",18.917505595637,0.732481999843701,4,0.127877237851662,0.694895957253623,0.694895957253623,-0.05131326448718,-0.05131326448718
3,"age × edu × party_kmt","60歲及以上 | 專科 | 6-10 溫暖",30.3665452402296,1.1757865049099,14,0.447570332480818,2.26651013757972,2.26651013757972,0.927654491793476,0.927654491793476
3,"age × edu × party_kmt","60歲及以上 | 大學及以上 | 0-4 冷淡",35.7117040042858,1.3827499738083,24,0.767263427109974,3.63499835311081,3.63499835311081,1.62881824043683,1.62881824043683
3,"age × edu × party_kmt","60歲及以上 | 大學及以上 | 5 中間",25.3773185832757,0.9826046553852,8,0.255754475703325,1.41913898378824,1.41913898378824,0.444262426409849,0.444262426409849
3,"age × edu × party_kmt","60歲及以上 | 大學及以上 | 6-10 溫暖",43.1022768994648,1.66891146517849,14,0.447570332480818,2.24380555273092,2.24380555273092,0.344472489732067,0.344472489732067
3,"age × edu × party_dpp","20至29歲 | 高中職及以下 | 0-4 冷淡",41.6876114280632,1.61413590355048,20,0.639386189258312,1.75417702963297,1.75417702963297,0.0867591915739294,0.0867591915739294
3,"age × edu × party_dpp","20至29歲 | 高中職及以下 | 5 中間",32.1852359709825,1.24620584306336,5,0.159846547314578,0.598790559771731,0.598790559771731,-0.519509105895528,-0.519509105895528
3,"age × edu × party_dpp","20至29歲 | 高中職及以下 | 6-10 溫暖",8.24037221556128,0.319065549598826,10,0.319693094629156,1.03870199858782,1.03870199858782,2.25545017283698,2.25545017283698
3,"age × edu × party_dpp","20至29歲 | 專科 | 0-4 冷淡",6.15954751476539,0.238496437013778,7,0.223785166240409,0.0368533336997909,0.0368533336997909,-0.845476376245982,-0.845476376245982
3,"age × edu × party_dpp","20至29歲 | 專科 | 5 中間",11.9962553660263,0.464492587393194,2,0.0639386189258312,0.0771459801903535,0.0771459801903535,-0.833913430947716,-0.833913430947716
3,"age × edu × party_dpp","20至29歲 | 專科 | 6-10 溫暖",3.38952156782035,0.131241591231933,5,0.159846547314578,0.146852589481789,0.146852589481789,0.118948559700619,0.118948559700619
3,"age × edu × party_dpp","20至29歲 | 大學及以上 | 0-4 冷淡",115.989371260927,4.49108505306384,423,13.5230179028133,1.83795028993313,1.83795028993313,-0.590755848928029,-0.590755848928029
3,"age × edu × party_dpp","20至29歲 | 大學及以上 | 5 中間",81.6114537898881,3.15997902471644,132,4.21994884910486,4.3646222583715,4.3646222583715,0.381218743615919,0.381218743615919
3,"age × edu × party_dpp","20至29歲 | 大學及以上 | 6-10 溫暖",64.3633240924242,2.49213492283466,206,6.58567774936061,4.30174287279764,4.30174287279764,0.726127599827004,0.726127599827004
3,"age × edu × party_dpp","30至39歲 | 高中職及以下 | 0-4 冷淡",27.2406290451214,1.05475166052404,31,0.991048593350384,2.31685652412286,2.31685652412286,1.19658959623895,1.19658959623895
3,"age × edu × party_dpp","30至39歲 | 高中職及以下 | 5 中間",37.4459073142467,1.44989797607498,9,0.28772378516624,0.986154612278964,0.986154612278964,-0.319845514269505,-0.319845514269505
3,"age × edu × party_dpp","30至39歲 | 高中職及以下 | 6-10 溫暖",11.3568889020255,0.439736446906453,16,0.51150895140665,1.59569649704316,1.59569649704316,2.62875651601974,2.62875651601974
3,"age × edu × party_dpp","30至39歲 | 專科 | 0-4 冷淡",13.8921026055498,0.537899409999054,25,0.79923273657289,0.184593759384383,0.184593759384383,-0.656824759512736,-0.656824759512736
3,"age × edu × party_dpp","30至39歲 | 專科 | 5 中間",12.6439857571996,0.489572577452538,11,0.351662404092072,0.470969216491202,0.470969216491202,-0.0379991891256204,-0.0379991891256204
3,"age × edu × party_dpp","30至39歲 | 專科 | 6-10 溫暖",5.84314606300328,0.226245436639098,12,0.383631713554987,0.3983258012781,0.3983258012781,0.760591538089232,0.760591538089232
3,"age × edu × party_dpp","30至39歲 | 大學及以上 | 0-4 冷淡",139.004808233062,5.38223812900186,492,15.7289002557545,1.99440340113541,1.99440340113541,-0.62944720145534,-0.62944720145534
3,"age × edu × party_dpp","30至39歲 | 大學及以上 | 5 中間",77.9149258588514,3.01685020904276,163,5.21099744245524,4.33675519781867,4.33675519781867,0.437510945959335,0.437510945959335
3,"age × edu × party_dpp","30至39歲 | 大學及以上 | 6-10 溫暖",104.702380042851,4.05405503037728,236,7.54475703324808,4.36749186646525,4.36749186646525,0.0773144009490192,0.0773144009490192
3,"age × edu × party_dpp","40至49歲 | 高中職及以下 | 0-4 冷淡",62.243630046593,2.41006079705217,52,1.66240409207161,4.09333708161073,4.09333708161073,0.698437270386473,0.698437270386473
3,"age × edu × party_dpp","40至49歲 | 高中職及以下 | 5 中間",60.8189498729282,2.3548974681731,22,0.703324808184143,2.44296277013146,2.44296277013146,0.0373966608519381,0.0373966608519381
3,"age × edu × party_dpp","40至49歲 | 高中職及以下 | 6-10 溫暖",48.7826480674526,1.88885429072425,33,1.05498721227621,3.32092803323904,3.32092803323904,0.758170574378016,0.758170574378016
3,"age × edu × party_dpp","40至49歲 | 專科 | 0-4 冷淡",34.9872754027875,1.3547002445199,66,2.10997442455243,0.51931988751344,0.51931988751344,-0.616653285762501,-0.616653285762501
3,"age × edu × party_dpp","40至49歲 | 專科 | 5 中間",20.6635721043135,0.800089342771109,21,0.671355498721228,0.904374655940548,0.904374655940548,0.13034208505796,0.13034208505796
3,"age × edu × party_dpp","40至49歲 | 專科 | 6-10 溫暖",28.1922031655535,1.09159641847639,33,1.05498721227621,0.783531541990052,0.783531541990052,-0.282214993812756,-0.282214993812756
3,"age × edu × party_dpp","40至49歲 | 大學及以上 | 0-4 冷淡",124.00711426004,4.80153044431973,340,10.8695652173913,1.82154770213174,1.82154770213174,-0.620631854102549,-0.620631854102549
3,"age × edu × party_dpp","40至49歲 | 大學及以上 | 5 中間",56.2925733093023,2.17963708087685,103,3.29283887468031,3.04001536351788,3.04001536351788,0.394734651098384,0.394734651098384
3,"age × edu × party_dpp","40至49歲 | 大學及以上 | 6-10 溫暖",101.195682023709,3.91827639059185,175,5.59462915601023,3.87362544143042,3.87362544143042,-0.0113955588402699,-0.0113955588402699
3,"age × edu × party_dpp","50至59歲 | 高中職及以下 | 0-4 冷淡",101.343933428858,3.92401665508783,43,1.37468030690537,4.59437913633256,4.59437913633256,0.170835788980546,0.170835788980546
3,"age × edu × party_dpp","50至59歲 | 高中職及以下 | 5 中間",63.9621052204512,2.47659980906228,22,0.703324808184143,2.93309246734,2.93309246734,0.184322334439072,0.184322334439072
3,"age × edu × party_dpp","50至59歲 | 高中職及以下 | 6-10 溫暖",87.3278271613129,3.38131584831544,20,0.639386189258312,2.39605835111198,2.39605835111198,-0.291382864364566,-0.291382864364566
3,"age × edu × party_dpp","50至59歲 | 專科 | 0-4 冷淡",40.3852323323757,1.56370804773508,41,1.31074168797954,1.21297728420336,1.21297728420336,-0.224294275417801,-0.224294275417801
3,"age × edu × party_dpp","50至59歲 | 專科 | 5 中間",23.3036901180106,0.902314179587982,12,0.383631713554987,0.716415482890675,0.716415482890675,-0.206024354823054,-0.206024354823054
3,"age × edu × party_dpp","50至59歲 | 專科 | 6-10 溫暖",25.2040762748589,0.975896748156882,21,0.671355498721228,1.0769734701015,1.0769734701015,0.103573172198302,0.103573172198302
3,"age × edu × party_dpp","50至59歲 | 大學及以上 | 0-4 冷淡",61.3935092361206,2.37714429079211,108,3.45268542199489,2.84062345736733,2.84062345736733,0.194973089505132,0.194973089505132
3,"age × edu × party_dpp","50至59歲 | 大學及以上 | 5 中間",23.4499852885377,0.907978699074095,22,0.703324808184143,1.19283089794881,1.19283089794881,0.313721235052306,0.313721235052306
3,"age × edu × party_dpp","50至59歲 | 大學及以上 | 6-10 溫暖",48.7923056842124,1.88922823169666,37,1.18286445012788,1.43485196221206,1.43485196221206,-0.240508934739206,-0.240508934739206
3,"age × edu × party_dpp","60歲及以上 | 高中職及以下 | 0-4 冷淡",167.626053438964,6.49044696871646,37,1.18286445012788,8.41120056536309,8.41120056536309,0.295935488866103,0.295935488866103
3,"age × edu × party_dpp","60歲及以上 | 高中職及以下 | 5 中間",139.42837956523,5.39863872552309,9,0.28772378516624,2.40302230479027,2.40302230479027,-0.554883661055235,-0.554883661055235
3,"age × edu × party_dpp","60歲及以上 | 高中職及以下 | 6-10 溫暖",285.411910508464,11.0510915898271,27,0.863171355498721,6.61435760084353,6.61435760084353,-0.401474727896357,-0.401474727896357
3,"age × edu × party_dpp","60歲及以上 | 專科 | 0-4 冷淡",37.6686597039095,1.45852290365993,25,0.79923273657289,3.9284085283236,3.9284085283236,1.69341572797101,1.69341572797101
3,"age × edu × party_dpp","60歲及以上 | 專科 | 5 中間",11.0717214707365,0.428694821502676,3,0.0959079283887468,0.523315963286574,0.523315963286574,0.220719115412285,0.220719115412285
3,"age × edu × party_dpp","60歲及以上 | 專科 | 6-10 溫暖",29.2462815513034,1.13241012090047,5,0.159846547314578,0.815823372264623,0.815823372264623,-0.279568985469772,-0.279568985469772
3,"age × edu × party_dpp","60歲及以上 | 大學及以上 | 0-4 冷淡",61.1542404599007,2.36787985205204,30,0.959079283887468,4.51998881633399,4.51998881633399,0.908875913791364,0.908875913791364
3,"age × edu × party_dpp","60歲及以上 | 大學及以上 | 5 中間",15.256158658641,0.590715385161107,5,0.159846547314578,0.876095998706897,0.876095998706897,0.483110175754028,0.483110175754028
3,"age × edu × party_dpp","60歲及以上 | 大學及以上 | 6-10 溫暖",27.7809003684847,1.07567085715885,11,0.351662404092072,1.90185807458908,1.90185807458908,0.768066934166483,0.768066934166483
3,"age × edu × party_tpp","20至29歲 | 高中職及以下 | 0-4 冷淡",14.5106858638208,0.561850828953184,15,0.479539641943734,1.38537210830842,1.38537210830842,1.46572940168049,1.46572940168049
3,"age × edu × party_tpp","20至29歲 | 高中職及以下 | 5 中間",34.1902364687376,1.32383905780505,12,0.383631713554987,1.29513698494274,1.29513698494274,-0.0216809382478111,-0.0216809382478111
3,"age × edu × party_tpp","20至29歲 | 高中職及以下 | 6-10 溫暖",33.4122972820486,1.29371740945443,8,0.255754475703325,0.711160494741367,0.711160494741367,-0.450296881263066,-0.450296881263066
3,"age × edu × party_tpp","20至29歲 | 專科 | 0-4 冷淡",8.22799925023956,0.318586470877954,7,0.223785166240409,0.11696353168499,0.11696353168499,-0.632867235816183,-0.632867235816183
3,"age × edu × party_tpp","20至29歲 | 專科 | 5 中間",10.334571147886,0.400152509730268,2,0.0639386189258312,0.0771459801903535,0.0771459801903535,-0.80720855595194,-0.80720855595194
3,"age × edu × party_tpp","20至29歲 | 專科 | 6-10 溫暖",2.98275405048647,0.115491635030684,5,0.159846547314578,0.0667423914965895,0.0667423914965895,-0.422101942890864,-0.422101942890864
3,"age × edu × party_tpp","20至29歲 | 大學及以上 | 0-4 冷淡",104.277273650911,4.03759499665137,352,11.2531969309463,3.56059717250047,3.56059717250047,-0.118139096305226,-0.118139096305226
3,"age × edu × party_tpp","20至29歲 | 大學及以上 | 5 中間",83.7241964339278,3.24178399362409,180,5.75447570332481,4.04841614174967,4.04841614174967,0.248823533496388,0.248823533496388
3,"age × edu × party_tpp","20至29歲 | 大學及以上 | 6-10 溫暖",73.9626790584,2.86382001033949,229,7.32097186700767,2.89530210685213,2.89530210685213,0.0109930429981575,0.0109930429981575
3,"age × edu × party_tpp","30至39歲 | 高中職及以下 | 0-4 冷淡",26.90971219016,1.04193862666612,32,1.0230179028133,2.72935937461864,2.72935937461864,1.61950109609788,1.61950109609788
3,"age × edu × party_tpp","30至39歲 | 高中職及以下 | 5 中間",31.2462609067703,1.20984891802583,13,0.415601023017903,1.30284417107884,1.30284417107884,0.0768651785090285,0.0768651785090285
3,"age × edu × party_tpp","30至39歲 | 高中職及以下 | 6-10 溫暖",17.8874521644634,0.692598538813514,11,0.351662404092072,0.866504087747506,0.866504087747506,0.251091417593675,0.251091417593675
3,"age × edu × party_tpp","30至39歲 | 專科 | 0-4 冷淡",7.96671417494678,0.308469565479818,21,0.671355498721228,0.319057366100351,0.319057366100351,0.0343236474692869,0.0343236474692869
3,"age × edu × party_tpp","30至39歲 | 專科 | 5 中間",15.3520891747671,0.594429795390452,17,0.543478260869565,0.604865862756843,0.604865862756843,0.0175564338250169,0.0175564338250169
3,"age × edu × party_tpp","30至39歲 | 專科 | 6-10 溫暖",9.06043107603874,0.350818063220421,10,0.319693094629156,0.12996554829649,0.12996554829649,-0.629535756786753,-0.629535756786753
3,"age × edu × party_tpp","30至39歲 | 大學及以上 | 0-4 冷淡",134.583154448031,5.2110325865638,447,14.2902813299233,4.0193972809236,4.0193972809236,-0.22867546610872,-0.22867546610872
3,"age × edu × party_tpp","30至39歲 | 大學及以上 | 5 中間",106.103036277972,4.10828815720305,181,5.78644501278772,3.7297223467057,3.7297223467057,-0.0921468494934091,-0.0921468494934091
3,"age × edu × party_tpp","30至39歲 | 大學及以上 | 6-10 溫暖",80.9359234087609,3.13382262465505,263,8.4079283887468,2.94953083779004,2.94953083779004,-0.058807344555848,-0.058807344555848
3,"age × edu × party_tpp","40至49歲 | 高中職及以下 | 0-4 冷淡",72.4021805569584,2.80339782321178,53,1.69437340153453,4.54621717856023,4.54621717856023,0.621681068922193,0.621681068922193
3,"age × edu × party_tpp","40至49歲 | 高中職及以下 | 5 中間",64.8550135104733,2.51117303789765,27,0.863171355498721,2.70335210308542,2.70335210308542,0.0765295988318885,0.0765295988318885
3,"age × edu × party_tpp","40至49歲 | 高中職及以下 | 6-10 溫暖",34.588033919542,1.33924169484009,27,0.863171355498721,2.60765860333559,2.60765860333559,0.947115754671112,0.947115754671112
3,"age × edu × party_tpp","40至49歲 | 專科 | 0-4 冷淡",37.5823133877752,1.45517959172055,66,2.10997442455243,0.834602744232269,0.834602744232269,-0.426460658889899,-0.426460658889899
3,"age × edu × party_tpp","40至49歲 | 專科 | 5 中間",25.2555819246196,0.977891036523774,34,1.08695652173913,1.05292200484554,1.05292200484554,0.076727330059683,0.076727330059683
3,"age × edu × party_tpp","40至49歲 | 專科 | 6-10 溫暖",21.0051553602595,0.813315377523081,20,0.639386189258312,0.319701336366233,0.319701336366233,-0.606915908389843,-0.606915908389843
3,"age × edu × party_tpp","40至49歲 | 大學及以上 | 0-4 冷淡",136.669626599951,5.29182036731694,306,9.78260869565217,3.60895961052438,3.60895961052438,-0.318011693515932,-0.318011693515932
3,"age × edu × party_tpp","40至49歲 | 大學及以上 | 5 中間",73.345715539299,2.83993130735923,135,4.31585677749361,2.95101003851755,2.95101003851755,0.0391131753329689,0.0391131753329689
3,"age × edu × party_tpp","40至49歲 | 大學及以上 | 6-10 溫暖",71.4800274538008,2.76769224111227,177,5.65856777493606,2.17521885803811,2.17521885803811,-0.214067653286502,-0.214067653286502
3,"age × edu × party_tpp","50至59歲 | 高中職及以下 | 0-4 冷淡",146.958422958365,5.69020048643441,49,1.56649616368286,5.53472733497016,5.53472733497016,-0.0273229654798447,-0.0273229654798447
3,"age × edu × party_tpp","50至59歲 | 高中職及以下 | 5 中間",75.8208632795487,2.93576852847282,22,0.703324808184143,2.7759295649182,2.7759295649182,-0.0544453563025864,-0.0544453563025864
3,"age × edu × party_tpp","50至59歲 | 高中職及以下 | 6-10 溫暖",29.8545795727088,1.15596329755832,14,0.447570332480818,1.61287305489618,1.61287305489618,0.395263204552397,0.395263204552397
3,"age × edu × party_tpp","50至59歲 | 專科 | 0-4 冷淡",38.9559781712048,1.50836761498263,38,1.21483375959079,1.51585975437436,1.51585975437436,0.00496705134564356,0.00496705134564356
3,"age × edu × party_tpp","50至59歲 | 專科 | 5 中間",34.2459840975745,1.32599759474591,15,0.479539641943734,0.720518565460019,0.720518565460019,-0.456621514009542,-0.456621514009542
3,"age × edu × party_tpp","50至59歲 | 專科 | 6-10 溫暖",15.6910364564659,0.607553765751403,21,0.671355498721228,0.76998791736115,0.76998791736115,0.267357657488722,0.267357657488722
3,"age × edu × party_tpp","50至59歲 | 大學及以上 | 0-4 冷淡",71.3663705901541,2.76329147028342,99,3.16496163682864,2.97428741391265,2.97428741391265,0.076356745532743,0.076356745532743
3,"age × edu × party_tpp","50至59歲 | 大學及以上 | 5 中間",34.3522540869042,1.33011234729159,39,1.24680306905371,1.67293299459615,1.67293299459615,0.257738113628238,0.257738113628238
3,"age × edu × party_tpp","50至59歲 | 大學及以上 | 6-10 溫暖",27.9171755318124,1.08094740398785,29,0.927109974424552,0.821085909019398,0.821085909019398,-0.240401608819976,-0.240401608819976
3,"age × edu × party_tpp","60歲及以上 | 高中職及以下 | 0-4 冷淡",399.850870216826,15.4821450203885,47,1.50255754475703,11.0419375923469,11.0419375923469,-0.286795364737528,-0.286795364737528
3,"age × edu × party_tpp","60歲及以上 | 高中職及以下 | 5 中間",134.415475711331,5.20454009970984,17,0.543478260869565,4.24896977162426,4.24896977162426,-0.183603221375671,-0.183603221375671
3,"age × edu × party_tpp","60歲及以上 | 高中職及以下 | 6-10 溫暖",58.1999975845008,2.25349216396826,9,0.28772378516624,2.13767310702572,2.13767310702572,-0.051395367063796,-0.051395367063796
3,"age × edu × party_tpp","60歲及以上 | 專科 | 0-4 冷淡",46.9362861819288,1.81736353104103,25,0.79923273657289,3.96154884687375,3.96154884687375,1.17983291686528,1.17983291686528
3,"age × edu × party_tpp","60歲及以上 | 專科 | 5 中間",19.8143503735024,0.767207648694134,4,0.127877237851662,0.684754872101745,0.684754872101745,-0.10747126509066,-0.10747126509066
3,"age × edu × party_tpp","60歲及以上 | 專科 | 6-10 溫暖",11.2360261705182,0.435056666327906,4,0.127877237851662,0.6212441448993,0.6212441448993,0.427961442684946,0.427961442684946
3,"age × edu × party_tpp","60歲及以上 | 大學及以上 | 0-4 冷淡",63.1162355920835,2.44384790771559,30,0.959079283887468,4.586199578356,4.586199578356,0.876630523477625,0.876630523477625
3,"age × edu × party_tpp","60歲及以上 | 大學及以上 | 5 中間",25.8997170278475,1.00283181775926,11,0.351662404092072,1.90527444765988,1.90527444765988,0.899894293259516,0.899894293259516
3,"age × edu × party_tpp","60歲及以上 | 大學及以上 | 6-10 溫暖",15.1753468670955,0.587586368897152,5,0.159846547314578,0.806468863614091,0.806468863614091,0.372511185253945,0.372511185253945
3,"age × arear × party_kmt","20至29歲 | 北北基宜蘭區 | 0-4 冷淡",36.6742842110279,1.42002088520198,247,7.89641943734015,1.66390560026074,1.66390560026074,0.171747273297368,0.171747273297368
3,"age × arear × party_kmt","20至29歲 | 北北基宜蘭區 | 5 中間",29.3967911657657,1.13823782280544,48,1.53452685421995,1.77284018947623,1.77284018947623,0.557530556405749,0.557530556405749
3,"age × arear × party_kmt","20至29歲 | 北北基宜蘭區 | 6-10 溫暖",19.485025727725,0.75445626485458,47,1.50255754475703,0.664667709292834,0.664667709292834,-0.119010948340462,-0.119010948340462
3,"age × arear × party_kmt","20至29歲 | 桃竹苗區 | 0-4 冷淡",28.3207352670677,1.09657315551423,93,2.97314578005115,1.53009241529814,1.53009241529814,0.395340025974479,0.395340025974479
3,"age × arear × party_kmt","20至29歲 | 桃竹苗區 | 5 中間",25.3598903144942,0.981929836334329,20,0.639386189258312,1.07246522939681,1.07246522939681,0.0922014890600137,0.0922014890600137
3,"age × arear × party_kmt","20至29歲 | 桃竹苗區 | 6-10 溫暖",10.5673097265841,0.409164100539834,24,0.767263427109974,0.77287455002927,0.77287455002927,0.888910950422021,0.888910950422021
3,"age × arear × party_kmt","20至29歲 | 中彰投區 | 0-4 冷淡",27.5406416344671,1.06636808745259,71,2.26982097186701,0.886663903292775,0.886663903292775,-0.168519844389853,-0.168519844389853
3,"age × arear × party_kmt","20至29歲 | 中彰投區 | 5 中間",33.4703824056623,1.29596645372142,25,0.79923273657289,1.18566497157485,1.18566497157485,-0.0851113713860735,-0.0851113713860735
3,"age × arear × party_kmt","20至29歲 | 中彰投區 | 6-10 溫暖",13.028631527262,0.504465984062747,19,0.607416879795396,0.317323467508806,0.317323467508806,-0.37097152725101,-0.37097152725101
3,"age × arear × party_kmt","20至29歲 | 雲嘉南區 | 0-4 冷淡",32.2860184970422,1.25010812213838,66,2.10997442455243,0.516543625215886,0.516543625215886,-0.586800840608645,-0.586800840608645
3,"age × arear × party_kmt","20至29歲 | 雲嘉南區 | 5 中間",19.0608689910873,0.738033001590356,8,0.255754475703325,0.421539279147635,0.421539279147635,-0.428834106009788,-0.428834106009788
3,"age × arear × party_kmt","20至29歲 | 雲嘉南區 | 6-10 溫暖",14.4072557327034,0.55784603514451,10,0.319693094629156,0.360799673743362,0.360799673743362,-0.353227143310435,-0.353227143310435
3,"age × arear × party_kmt","20至29歲 | 高屏區 | 0-4 冷淡",22.9723625062542,0.889485241309843,80,2.55754475703325,1.10016629968141,1.10016629968141,0.236857283951475,0.236857283951475
3,"age × arear × party_kmt","20至29歲 | 高屏區 | 5 中間",30.6677094891635,1.18744752386535,26,0.831202046035806,1.06768259000483,1.06768259000483,-0.100859138154305,-0.100859138154305
3,"age × arear × party_kmt","20至29歲 | 高屏區 | 6-10 溫暖",9.17070028898839,0.355087664897779,14,0.447570332480818,0.350680691580411,0.350680691580411,-0.0124109445441779,-0.0124109445441779
3,"age × arear × party_kmt","20至29歲 | 花東區 | 0-4 冷淡",3.84368893381339,0.148826860009813,9,0.28772378516624,0.278865439825515,0.278865439825515,0.873757464258317,0.873757464258317
3,"age × arear × party_kmt","20至29歲 | 花東區 | 5 中間",1.54571945536117,0.0598499454453122,2,0.0639386189258312,0.157598590901586,0.157598590901586,1.63322864756146,1.63322864756146
3,"age × arear × party_kmt","20至29歲 | 花東區 | 6-10 溫暖",7.82467733198867,0.302969927578009,1,0.0319693094629156,0.0364626862356525,0.0364626862356525,-0.879649156841601,-0.879649156841601
3,"age × arear × party_kmt","30至39歲 | 北北基宜蘭區 | 0-4 冷淡",88.9123208045155,3.44266712249084,281,8.98337595907928,2.1933883040859,2.1933883040859,-0.362881095951286,-0.362881095951286
3,"age × arear × party_kmt","30至39歲 | 北北基宜蘭區 | 5 中間",51.120673822102,1.97938217622131,65,2.07800511508951,1.83975880880905,1.83975880880905,-0.0705388626257127,-0.0705388626257127
3,"age × arear × party_kmt","30至39歲 | 北北基宜蘭區 | 6-10 溫暖",26.576890572343,1.02905184077475,56,1.79028132992327,0.526045859770309,0.526045859770309,-0.488805287618689,-0.488805287618689
3,"age × arear × party_kmt","30至39歲 | 桃竹苗區 | 0-4 冷淡",19.4665584602205,0.753741215982786,88,2.81329923273657,1.05749859039597,1.05749859039597,0.40299955471736,0.40299955471736
3,"age × arear × party_kmt","30至39歲 | 桃竹苗區 | 5 中間",25.9521319136594,1.00486131156261,37,1.18286445012788,1.62703635464743,1.62703635464743,0.619165088680057,0.619165088680057
3,"age × arear × party_kmt","30至39歲 | 桃竹苗區 | 6-10 溫暖",17.4996709515964,0.677583728490521,28,0.895140664961637,0.916663184448438,0.916663184448438,0.352841200142931,0.352841200142931
3,"age × arear × party_kmt","30至39歲 | 中彰投區 | 0-4 冷淡",43.079901407365,1.66804509063889,104,3.32480818414322,1.1864691067857,1.1864691067857,-0.288706814075836,-0.288706814075836
3,"age × arear × party_kmt","30至39歲 | 中彰投區 | 5 中間",30.5614462463622,1.18333303254389,44,1.40664961636829,1.4572545455039,1.4572545455039,0.231483027538874,0.231483027538874
3,"age × arear × party_kmt","30至39歲 | 中彰投區 | 6-10 溫暖",9.87963583586444,0.382537506237105,28,0.895140664961637,0.924204119226927,0.924204119226927,1.41598301907182,1.41598301907182
3,"age × arear × party_kmt","30至39歲 | 雲嘉南區 | 0-4 冷淡",25.7373036181276,0.996543203303639,87,2.78132992327366,1.03076818442507,1.03076818442507,0.0343437003112105,0.0343437003112105
3,"age × arear × party_kmt","30至39歲 | 雲嘉南區 | 5 中間",18.7100126662714,0.724447915482692,17,0.543478260869565,0.731985723737283,0.731985723737283,0.0104049001915737,0.0104049001915737
3,"age × arear × party_kmt","30至39歲 | 雲嘉南區 | 6-10 溫暖",10.2313979902171,0.396157665881672,19,0.607416879795396,0.418241919727723,0.418241919727723,0.0557461226880491,0.0557461226880491
3,"age × arear × party_kmt","30至39歲 | 高屏區 | 0-4 冷淡",33.2966807130685,1.28924075923046,87,2.78132992327366,0.995524666077896,0.995524666077896,-0.227820979944724,-0.227820979944724
3,"age × arear × party_kmt","30至39歲 | 高屏區 | 5 中間",17.4849847186506,0.677015080513973,28,0.895140664961637,1.1253130033825,1.1253130033825,0.662168296942794,0.662168296942794
3,"age × arear × party_kmt","30至39歲 | 高屏區 | 6-10 溫暖",4.34606702756181,0.168278838439326,22,0.703324808184143,0.450479305457023,0.450479305457023,1.67698131051366,1.67698131051366
3,"age × arear × party_kmt","30至39歲 | 花東區 | 0-4 冷淡",2.25933953440649,0.0874811709250758,2,0.0639386189258312,0.0769056338387815,0.0769056338387815,-0.120889295084445,-0.120889295084445
3,"age × arear × party_kmt","30至39歲 | 花東區 | 5 中間",3.66596536257905,0.141945439189348,1,0.0319693094629156,0.0349874275493264,0.0349874275493264,-0.753514957936373,-0.753514957936373
3,"age × arear × party_kmt","30至39歲 | 花東區 | 6-10 溫暖",1.26379217699998,0.0489337781091641,1,0.0319693094629156,0.0587221381487818,0.0587221381487818,0.200032787531372,0.200032787531372
3,"age × arear × party_kmt","40至49歲 | 北北基宜蘭區 | 0-4 冷淡",77.2560996961797,2.99134059294969,192,6.1381074168798,1.86660159820369,1.86660159820369,-0.375998305708451,-0.375998305708451
3,"age × arear × party_kmt","40至49歲 | 北北基宜蘭區 | 5 中間",47.0901402506876,1.82332072954159,80,2.55754475703325,2.69297531854461,2.69297531854461,0.476961938134532,0.476961938134532
3,"age × arear × party_kmt","40至49歲 | 北北基宜蘭區 | 6-10 溫暖",44.9125845953354,1.73900621391268,81,2.58951406649616,1.07502669065725,1.07502669065725,-0.381815497807516,-0.381815497807516
3,"age × arear × party_kmt","40至49歲 | 桃竹苗區 | 0-4 冷淡",40.3085441833438,1.56073869807726,78,2.49360613810742,1.8011272959822,1.8011272959822,0.154022321738474,0.154022321738474
3,"age × arear × party_kmt","40至49歲 | 桃竹苗區 | 5 中間",30.8533334872274,1.19463484761866,26,0.831202046035806,1.27163554434139,1.27163554434139,0.0644554249160058,0.0644554249160058
3,"age × arear × party_kmt","40至49歲 | 桃竹苗區 | 6-10 溫暖",21.336794812529,0.826156390202968,33,1.05498721227621,1.42882444892665,1.42882444892665,0.729484230674072,0.729484230674072
3,"age × arear × party_kmt","40至49歲 | 中彰投區 | 0-4 冷淡",47.1403265608801,1.82526393334659,81,2.58951406649616,2.00029583843985,2.00029583843985,0.095894024910875,0.095894024910875
3,"age × arear × party_kmt","40至49歲 | 中彰投區 | 5 中間",32.9783888376312,1.27691656203249,20,0.639386189258312,1.07626909945125,1.07626909945125,-0.157134356736563,-0.157134356736563
3,"age × arear × party_kmt","40至49歲 | 中彰投區 | 6-10 溫暖",32.4231635045126,1.25541834915709,27,0.863171355498721,0.801353461304352,0.801353461304352,-0.361684125580612,-0.361684125580612
3,"age × arear × party_kmt","40至49歲 | 雲嘉南區 | 0-4 冷淡",40.8247835577249,1.5807273824962,63,2.01406649616368,1.51960129305045,1.51960129305045,-0.038669596112915,-0.038669596112915
3,"age × arear × party_kmt","40至49歲 | 雲嘉南區 | 5 中間",24.7504498155813,0.958332423177892,24,0.767263427109974,1.16838246099446,1.16838246099446,0.219182856320386,0.219182856320386
3,"age × arear × party_kmt","40至49歲 | 雲嘉南區 | 6-10 溫暖",17.0019317703506,0.65831136781716,21,0.671355498721228,0.671273450607979,0.671273450607979,0.0196898966423731,0.0196898966423731
3,"age × arear × party_kmt","40至49歲 | 高屏區 | 0-4 冷淡",39.0864698713092,1.51342022728251,57,1.82225063938619,0.943318251678475,0.943318251678475,-0.376697737566059,-0.376697737566059
3,"age × arear × party_kmt","40至49歲 | 高屏區 | 5 中間",19.9358470634483,0.771911976015517,17,0.543478260869565,0.82027274766931,0.82027274766931,0.0626506300672044,0.0626506300672044
3,"age × arear × party_kmt","40至49歲 | 高屏區 | 6-10 溫暖",12.3848231600702,0.479537853980654,28,0.895140664961637,1.00022117364877,1.00022117364877,1.08580233102749,1.08580233102749
3,"age × arear × party_kmt","40至49歲 | 花東區 | 0-4 冷淡",5.56276483568822,0.215389132087523,10,0.319693094629156,0.386011422382945,0.386011422382945,0.79215830734714,0.79215830734714
3,"age × arear × party_kmt","40至49歲 | 花東區 | 5 中間",0.941172225403936,0.0364419986755662,3,0.0959079283887468,0.175205464481792,0.175205464481792,3.80778966163744,3.80778966163744
3,"age × arear × party_kmt","40至49歲 | 花東區 | 6-10 溫暖",2.39603002477583,0.0927737991333339,4,0.127877237851662,0.1012469171399,0.1012469171399,0.0913309370287727,0.0913309370287727
3,"age × arear × party_kmt","50至59歲 | 北北基宜蘭區 | 0-4 冷淡",55.7952197745558,2.16037965235813,62,1.98209718670077,2.32942200936897,2.32942200936897,0.0782465974562917,0.0782465974562917
3,"age × arear × party_kmt","50至59歲 | 北北基宜蘭區 | 5 中間",47.9861068990975,1.85801237739668,32,1.0230179028133,2.00322243137116,2.00322243137116,0.0781534373726523,0.0781534373726523
3,"age × arear × party_kmt","50至59歲 | 北北基宜蘭區 | 6-10 溫暖",58.7661309069782,2.27541273199082,47,1.50255754475703,2.44755294191865,2.44755294191865,0.0756523014517989,0.0756523014517989
3,"age × arear × party_kmt","50至59歲 | 桃竹苗區 | 0-4 冷淡",31.8809294636557,1.23442315649692,15,0.479539641943734,0.752484544679681,0.752484544679681,-0.390416049213545,-0.390416049213545
3,"age × arear × party_kmt","50至59歲 | 桃竹苗區 | 5 中間",21.1016454758596,0.817051455331149,9,0.28772378516624,0.675065817495551,0.675065817495551,-0.173778085711936,-0.173778085711936
3,"age × arear × party_kmt","50至59歲 | 桃竹苗區 | 6-10 溫暖",33.5820498910943,1.30029019622718,8,0.255754475703325,0.93622764878939,0.93622764878939,-0.279985612822526,-0.279985612822526
3,"age × arear × party_kmt","50至59歲 | 中彰投區 | 0-4 冷淡",20.9743917179531,0.812124215499884,22,0.703324808184143,1.0414556340881,1.0414556340881,0.282384657680786,0.282384657680786
3,"age × arear × party_kmt","50至59歲 | 中彰投區 | 5 中間",24.4988025826836,0.948588693092747,15,0.479539641943734,1.07773241452115,1.07773241452115,0.136143011580021,0.136143011580021
3,"age × arear × party_kmt","50至59歲 | 中彰投區 | 6-10 溫暖",31.3454031869145,1.21368768710995,24,0.767263427109974,1.33621394681254,1.33621394681254,0.100953697564774,0.100953697564774
3,"age × arear × party_kmt","50至59歲 | 雲嘉南區 | 0-4 冷淡",24.2852302323571,0.940319214778727,19,0.607416879795396,0.870698317608983,0.870698317608983,-0.0740396410873382,-0.0740396410873382
3,"age × arear × party_kmt","50至59歲 | 雲嘉南區 | 5 中間",17.0315743869838,0.659459123952466,5,0.159846547314578,0.450896943343679,0.450896943343679,-0.3162624839562,-0.3162624839562
3,"age × arear × party_kmt","50至59歲 | 雲嘉南區 | 6-10 溫暖",13.0359402425323,0.504748976043399,14,0.447570332480818,0.833360736927882,0.833360736927882,0.651039975277192,0.651039975277192
3,"age × arear × party_kmt","50至59歲 | 高屏區 | 0-4 冷淡",29.7523280118932,1.15200413775395,20,0.639386189258312,1.16876537971511,1.16876537971511,0.0145496369430128,0.0145496369430128
3,"age × arear × party_kmt","50至59歲 | 高屏區 | 5 中間",29.4961627990668,1.14208547239752,15,0.479539641943734,1.14266565525102,1.14266565525102,0.000508003006366138,0.000508003006366138
3,"age × arear × party_kmt","50至59歲 | 高屏區 | 6-10 溫暖",21.7722958526362,0.843018902608688,10,0.319693094629156,0.63164717828921,0.63164717828921,-0.250731891853667,-0.250731891853667
3,"age × arear × party_kmt","50至59歲 | 花東區 | 0-4 冷淡",2.17151461499997,0.0840806077653199,3,0.0959079283887468,0.15485671905506,0.15485671905506,0.841764982090587,0.841764982090587
3,"age × arear × party_kmt","50至59歲 | 花東區 | 5 中間",2.42811577526617,0.094016152918659,2,0.0639386189258312,0.241654448159445,0.241654448159445,1.57035031382873,1.57035031382873
3,"age × arear × party_kmt","50至59歲 | 花東區 | 6-10 溫暖",9.25882293021057,0.358499755786168,4,0.127877237851662,0.304279742112698,0.304279742112698,-0.151241424292101,-0.151241424292101
3,"age × arear × party_kmt","60歲及以上 | 北北基宜蘭區 | 0-4 冷淡",110.295799530553,4.27063110440586,31,0.991048593350384,5.67468022313417,5.67468022313417,0.32876853195768,0.32876853195768
3,"age × arear × party_kmt","60歲及以上 | 北北基宜蘭區 | 5 中間",53.7822213435674,2.08243675925532,10,0.319693094629156,2.01254057498606,2.01254057498606,-0.033564613167054,-0.033564613167054
3,"age × arear × party_kmt","60歲及以上 | 北北基宜蘭區 | 6-10 溫暖",85.5085059301177,3.31087209731207,19,0.607416879795396,3.51260011159229,3.51260011159229,0.0609289662515197,0.0609289662515197
3,"age × arear × party_kmt","60歲及以上 | 桃竹苗區 | 0-4 冷淡",33.4725882790827,1.2960518646952,7,0.223785166240409,1.23037999402002,1.23037999402002,-0.0506707119245028,-0.0506707119245028
3,"age × arear × party_kmt","60歲及以上 | 桃竹苗區 | 5 中間",40.234749315733,1.55788137569231,3,0.0959079283887468,0.822873464040705,0.822873464040705,-0.471799665314681,-0.471799665314681
3,"age × arear × party_kmt","60歲及以上 | 桃竹苗區 | 6-10 溫暖",50.7147379677818,1.96366442184415,4,0.127877237851662,0.779496672118424,0.779496672118424,-0.603039774287722,-0.603039774287722
3,"age × arear × party_kmt","60歲及以上 | 中彰投區 | 0-4 冷淡",51.6108631380975,1.99836220763545,12,0.383631713554987,2.51262333226856,2.51262333226856,0.25734129812313,0.25734129812313
3,"age × arear × party_kmt","60歲及以上 | 中彰投區 | 5 中間",44.7343065227217,1.73210332291068,5,0.159846547314578,1.15891869034587,1.15891869034587,-0.330918268548558,-0.330918268548558
3,"age × arear × party_kmt","60歲及以上 | 中彰投區 | 6-10 溫暖",43.688633571027,1.69161507719733,10,0.319693094629156,1.8923536715142,1.8923536715142,0.118666827354984,0.118666827354984
3,"age × arear × party_kmt","60歲及以上 | 雲嘉南區 | 0-4 冷淡",59.1864570196574,2.29168767426824,16,0.51150895140665,3.00966191260922,3.00966191260922,0.313294977497417,0.313294977497417
3,"age × arear × party_kmt","60歲及以上 | 雲嘉南區 | 5 中間",30.7494346404702,1.19061190523498,3,0.0959079283887468,0.667146542052066,0.667146542052066,-0.439660783569606,-0.439660783569606
3,"age × arear × party_kmt","60歲及以上 | 雲嘉南區 | 6-10 溫暖",23.87476922351,0.924426247331289,9,0.28772378516624,1.7008601954499,1.7008601954499,0.839909025041301,0.839909025041301
3,"age × arear × party_kmt","60歲及以上 | 高屏區 | 0-4 冷淡",69.3732639879044,2.68611878477597,14,0.447570332480818,2.99909602497623,2.99909602497623,0.116516530085755,0.116516530085755
3,"age × arear × party_kmt","60歲及以上 | 高屏區 | 5 中間",36.1172492807552,1.39845260508988,4,0.127877237851662,0.848337144450844,0.848337144450844,-0.393374404421579,-0.393374404421579
3,"age × arear × party_kmt","60歲及以上 | 高屏區 | 6-10 溫暖",21.7752429801712,0.843133014792227,3,0.0959079283887468,0.752067971090548,0.752067971090548,-0.108007920581926,-0.108007920581926
3,"age × arear × party_kmt","60歲及以上 | 花東區 | 0-4 冷淡",5.6498252579683,0.218760094072789,1,0.0319693094629156,0.163052034499335,0.163052034499335,-0.254653664369507,-0.254653664369507
3,"age × arear × party_kmt","60歲及以上 | 花東區 | 5 中間",3.75038514214977,0.145214156021687,0,0,0,0,-1,-1
3,"age × arear × party_kmt","60歲及以上 | 花東區 | 6-10 溫暖",10.1252725943651,0.392048511966274,1,0.0319693094629156,0.257382665353217,0.257382665353217,-0.343492814033796,-0.343492814033796
3,"age × arear × party_dpp","20至29歲 | 北北基宜蘭區 | 0-4 冷淡",42.6555991172046,1.65161619157164,188,6.01023017902813,0.982860891636553,0.982860891636553,-0.404909629336289,-0.404909629336289
3,"age × arear × party_dpp","20至29歲 | 北北基宜蘭區 | 5 中間",22.1366508159036,0.857126653273693,54,1.72634271099744,1.46917986172001,1.46917986172001,0.714075575772443,0.714075575772443
3,"age × arear × party_dpp","20至29歲 | 北北基宜蘭區 | 6-10 溫暖",20.7638511714104,0.803972128016675,100,3.19693094629156,1.64937274567324,1.64937274567324,1.05152975855281,1.05152975855281
3,"age × arear × party_dpp","20至29歲 | 桃竹苗區 | 0-4 冷淡",31.6360189382072,1.22494027036501,78,2.49360613810742,1.01944992720146,1.01944992720146,-0.167755398475322,-0.167755398475322
3,"age × arear × party_dpp","20至29歲 | 桃竹苗區 | 5 中間",21.5933781875396,0.836091246714798,22,0.703324808184143,0.961484568767217,0.961484568767217,0.149975642664745,0.149975642664745
3,"age × arear × party_dpp","20至29歲 | 桃竹苗區 | 6-10 溫暖",11.0185381823993,0.426635575308587,37,1.18286445012788,1.39449769875555,1.39449769875555,2.26859216498039,2.26859216498039
3,"age × arear × party_dpp","20至29歲 | 中彰投區 | 0-4 冷淡",31.5563396230311,1.22185510335759,56,1.79028132992327,0.331420951999519,0.331420951999519,-0.728755929333361,-0.728755929333361
3,"age × arear × party_dpp","20至29歲 | 中彰投區 | 5 中間",28.6002358167503,1.10739536040556,28,0.895140664961637,1.28936489060319,1.28936489060319,0.164322099138094,0.164322099138094
3,"age × arear × party_dpp","20至29歲 | 中彰投區 | 6-10 溫暖",13.88308012761,0.537550061473613,31,0.991048593350384,0.768866499773722,0.768866499773722,0.430316085660914,0.430316085660914
3,"age × arear × party_dpp","20至29歲 | 雲嘉南區 | 0-4 冷淡",28.1869186749868,1.09139180406786,51,1.6304347826087,0.38935461091933,0.38935461091933,-0.643249464153826,-0.643249464153826
3,"age × arear × party_dpp","20至29歲 | 雲嘉南區 | 5 中間",23.2570273079879,0.900507404998649,13,0.415601023017903,0.391676409584444,0.391676409584444,-0.565049207357677,-0.565049207357677
3,"age × arear × party_dpp","20至29歲 | 雲嘉南區 | 6-10 溫暖",14.3101972378582,0.554087949806746,20,0.639386189258312,0.51785155760311,0.51785155760311,-0.0653982679397265,-0.0653982679397265
3,"age × arear × party_dpp","20至29歲 | 高屏區 | 0-4 冷淡",22.7593917210695,0.881239055476742,71,2.26982097186701,0.660764654316881,0.660764654316881,-0.25018682477774,-0.25018682477774
3,"age × arear × party_dpp","20至29歲 | 高屏區 | 5 中間",27.9076835202633,1.08057987521579,18,0.575447570332481,0.771332738786391,0.771332738786391,-0.28618628157187,-0.28618628157187
3,"age × arear × party_dpp","20至29歲 | 高屏區 | 6-10 溫暖",12.1436970430732,0.470201499380435,31,0.991048593350384,1.08643218816338,1.08643218816338,1.31056725594224,1.31056725594224
3,"age × arear × party_dpp","20至29歲 | 花東區 | 0-4 冷淡",7.04226212925629,0.272674968789272,6,0.191815856777494,0.245129617192159,0.245129617192159,-0.10101899605754,-0.10101899605754
3,"age × arear × party_dpp","20至29歲 | 花東區 | 5 中間",2.29796947845222,0.0889769145645011,4,0.127877237851662,0.157520328872333,0.157520328872333,0.770350541410864,0.770350541410864
3,"age × arear × party_dpp","20至29歲 | 花東區 | 6-10 溫暖",3.87385411345472,0.149994849679362,2,0.0639386189258312,0.070276770898263,0.070276770898263,-0.53147210688573,-0.53147210688573
3,"age × arear × party_dpp","30至39歲 | 北北基宜蘭區 | 0-4 冷淡",74.0236025519397,2.86617895571735,225,7.19309462915601,1.16596576392795,1.16596576392795,-0.593198546935765,-0.593198546935765
3,"age × arear × party_dpp","30至39歲 | 北北基宜蘭區 | 5 中間",43.4963730720386,1.68417078946722,70,2.23785166240409,1.61274376569915,1.61274376569915,-0.0424107959921741,-0.0424107959921741
3,"age × arear × party_dpp","30至39歲 | 北北基宜蘭區 | 6-10 溫暖",49.0899095749822,1.90075139430234,107,3.42071611253197,1.78048344303817,1.78048344303817,-0.0632738987458758,-0.0632738987458758
3,"age × arear × party_dpp","30至39歲 | 桃竹苗區 | 0-4 冷淡",27.6498004888056,1.07059469626855,91,2.90920716112532,1.36040715846686,1.36040715846686,0.270702314525202,0.270702314525202
3,"age × arear × party_dpp","30至39歲 | 桃竹苗區 | 5 中間",21.1509349045656,0.818959932065949,29,0.927109974424552,1.09630753023608,1.09630753023608,0.33865832418746,0.33865832418746
3,"age × arear × party_dpp","30至39歲 | 桃竹苗區 | 6-10 溫暖",14.1176259321051,0.546631627701411,33,1.05498721227621,1.1444834407889,1.1444834407889,1.09370146693022,1.09370146693022
3,"age × arear × party_dpp","30至39歲 | 中彰投區 | 0-4 冷淡",38.8442582754919,1.50404184316137,98,3.13299232736573,1.1229136271645,1.1229136271645,-0.253402668103818,-0.253402668103818
3,"age × arear × party_dpp","30至39歲 | 中彰投區 | 5 中間",26.3354803311198,1.01970448494182,29,0.927109974424552,1.00160574413566,1.00160574413566,-0.0177490057888625,-0.0177490057888625
3,"age × arear × party_dpp","30至39歲 | 中彰投區 | 6-10 溫暖",18.3412448829799,0.710169301316692,49,1.56649616368286,1.44340840021638,1.44340840021638,1.03248492653825,1.03248492653825
3,"age × arear × party_dpp","30至39歲 | 雲嘉南區 | 0-4 冷淡",17.7913248539656,0.688876508745802,61,1.95012787723785,0.331156071961969,0.331156071961969,-0.519280933871753,-0.519280933871753
3,"age × arear × party_dpp","30至39歲 | 雲嘉南區 | 5 中間",16.7950117325616,0.650299465702412,27,0.863171355498721,0.986902175834575,0.986902175834575,0.517611850977897,0.517611850977897
3,"age × arear × party_dpp","30至39歲 | 雲嘉南區 | 6-10 溫暖",20.0923776880889,0.777972810219789,35,1.11892583120205,0.862937580093536,0.862937580093536,0.109213032586246,0.109213032586246
3,"age × arear × party_dpp","30至39歲 | 高屏區 | 0-4 冷淡",18.3930158214616,0.712173861609335,72,2.30179028132992,0.480423635572065,0.480423635572065,-0.325412428804354,-0.325412428804354
3,"age × arear × party_dpp","30至39歲 | 高屏區 | 5 中間",17.824845704433,0.690174429312693,27,0.863171355498721,1.05687429143584,1.05687429143584,0.531314761238434,0.531314761238434
3,"age × arear × party_dpp","30至39歲 | 高屏區 | 6-10 溫暖",18.9098709333863,0.732186387261731,38,1.21483375959079,1.03401904790951,1.03401904790951,0.412234734077198,0.412234734077198
3,"age × arear × party_dpp","30至39歲 | 花東區 | 0-4 冷淡",3.43553789206916,0.133023334022536,1,0.0319693094629156,0.0349874275493264,0.0349874275493264,-0.736982779702402,-0.736982779702402
3,"age × arear × party_dpp","30至39歲 | 花東區 | 5 中間",2.40217318557907,0.0930116610801837,1,0.0319693094629156,0.0394455192475429,0.0394455192475429,-0.575907807801243,-0.575907807801243
3,"age × arear × party_dpp","30至39歲 | 花東區 | 6-10 溫暖",1.3513859963373,0.0523253931208675,2,0.0639386189258312,0.0961822527400205,0.0961822527400205,0.838156332965279,0.838156332965279
3,"age × arear × party_dpp","40至49歲 | 北北基宜蘭區 | 0-4 冷淡",83.624996099582,3.237942976693,212,6.77749360613811,1.82865954691614,1.82865954691614,-0.435240348554935,-0.435240348554935
3,"age × arear × party_dpp","40至49歲 | 北北基宜蘭區 | 5 中間",34.3345803911997,1.32942802535977,62,1.98209718670077,2.1781020302551,2.1781020302551,0.638375292762207,0.638375292762207
3,"age × arear × party_dpp","40至49歲 | 北北基宜蘭區 | 6-10 溫暖",51.2992480514211,1.98629653435118,79,2.52557544757033,1.62784203023431,1.62784203023431,-0.180463741398995,-0.180463741398995
3,"age × arear × party_dpp","40至49歲 | 桃竹苗區 | 0-4 冷淡",34.7232153662905,1.34447589318382,72,2.30179028132992,1.47164454652657,1.47164454652657,0.0945860420313004,0.0945860420313004
3,"age × arear × party_dpp","40至49歲 | 桃竹苗區 | 5 中間",33.4110368638874,1.29366860631753,19,0.607416879795396,0.998395390191663,0.998395390191663,-0.228244864785249,-0.228244864785249
3,"age × arear × party_dpp","40至49歲 | 桃竹苗區 | 6-10 溫暖",24.3644202529224,0.94338543639754,46,1.47058823529412,2.031547352532,2.031547352532,1.15346482376257,1.15346482376257
3,"age × arear × party_dpp","40至49歲 | 中彰投區 | 0-4 冷淡",50.0326694116914,1.93725486496732,62,1.98209718670077,1.14409658954901,1.14409658954901,-0.409423813955266,-0.409423813955266
3,"age × arear × party_dpp","40至49歲 | 中彰投區 | 5 中間",29.5910285803918,1.14575865631019,20,0.639386189258312,1.01927282061451,1.01927282061451,-0.110394833151872,-0.110394833151872
3,"age × arear × party_dpp","40至49歲 | 中彰投區 | 6-10 溫暖",32.9181809109407,1.27458532325866,46,1.47058823529412,1.71454898903194,1.71454898903194,0.345181807561101,0.345181807561101
3,"age × arear × party_dpp","40至49歲 | 雲嘉南區 | 0-4 冷淡",28.9842995758227,1.12226623166766,48,1.53452685421995,0.738542453018374,0.738542453018374,-0.341918671186501,-0.341918671186501
3,"age × arear × party_dpp","40至49歲 | 雲嘉南區 | 5 中間",21.9479817412266,0.849821424768305,26,0.831202046035806,1.32119403257953,1.32119403257953,0.554672539515862,0.554672539515862
3,"age × arear × party_dpp","40至49歲 | 雲嘉南區 | 6-10 溫暖",31.6448838266077,1.22528351705528,34,1.08695652173913,1.29952071905498,1.29952071905498,0.0605877749650241,0.0605877749650241
3,"age × arear × party_dpp","40至49歲 | 高屏區 | 0-4 冷淡",23.1410189471026,0.89601558467116,54,1.72634271099744,0.969810652518762,0.969810652518762,0.0823591342718486,0.0823591342718486
3,"age × arear × party_dpp","40至49歲 | 高屏區 | 5 中間",14.9439135431858,0.578625317289644,16,0.51150895140665,0.704497819679316,0.704497819679316,0.217537149911232,0.217537149911232
3,"age × arear × party_dpp","40至49歲 | 高屏區 | 6-10 溫暖",33.3222076045393,1.29022915531787,32,1.0230179028133,1.08950370079848,1.08950370079848,-0.15557349149341,-0.15557349149341
3,"age × arear × party_dpp","40至49歲 | 花東區 | 0-4 冷淡",0.731820308931017,0.0283359347088368,10,0.319693094629156,0.281450882727065,0.281450882727065,8.93264861805644,8.93264861805644
3,"age × arear × party_dpp","40至49歲 | 花東區 | 5 中間",3.54655416665268,0.13732186177563,3,0.0959079283887468,0.165890696269769,0.165890696269769,0.208042871868557,0.208042871868557
3,"age × arear × party_dpp","40至49歲 | 花東區 | 6-10 溫暖",4.62159261028428,0.178947133411957,4,0.127877237851662,0.215122225007804,0.215122225007804,0.202155189111456,0.202155189111456
3,"age × arear × party_dpp","50至59歲 | 北北基宜蘭區 | 0-4 冷淡",71.2320068779606,2.75808893445668,80,2.55754475703325,2.76789320422313,2.76789320422313,0.0035547330051489,0.0035547330051489
3,"age × arear × party_dpp","50至59歲 | 北北基宜蘭區 | 5 中間",40.8944273262437,1.58342397516184,25,0.79923273657289,2.02918333409292,2.02918333409292,0.281516110608041,0.281516110608041
3,"age × arear × party_dpp","50至59歲 | 北北基宜蘭區 | 6-10 溫暖",50.4210233764272,1.95229185212712,36,1.15089514066496,1.98312084434273,1.98312084434273,0.015791180085101,0.015791180085101
3,"age × arear × party_dpp","50至59歲 | 桃竹苗區 | 0-4 冷淡",42.1954482978971,1.63379924468865,18,0.575447570332481,1.06537363640386,1.06537363640386,-0.34791643473499,-0.34791643473499
3,"age × arear × party_dpp","50至59歲 | 桃竹苗區 | 5 中間",18.0274617066092,0.6980196800369,6,0.191815856777494,0.719801221837303,0.719801221837303,0.0312047674633633,0.0312047674633633
3,"age × arear × party_dpp","50至59歲 | 桃竹苗區 | 6-10 溫暖",26.3417148261033,1.0199458833297,8,0.255754475703325,0.578603152723464,0.578603152723464,-0.43271190934703,-0.43271190934703
3,"age × arear × party_dpp","50至59歲 | 中彰投區 | 0-4 冷淡",41.7711297503766,1.61736971613969,39,1.24680306905371,1.90666626745138,1.90666626745138,0.178868534772728,0.178868534772728
3,"age × arear × party_dpp","50至59歲 | 中彰投區 | 5 中間",14.5908803412244,0.564955942938115,9,0.28772378516624,0.652666060219534,0.652666060219534,0.155251251673312,0.155251251673312
3,"age × arear × party_dpp","50至59歲 | 中彰投區 | 6-10 溫暖",20.4565873959501,0.792074936624771,13,0.415601023017903,0.896069667750865,0.896069667750865,0.131294056051365,0.131294056051365
3,"age × arear × party_dpp","50至59歲 | 雲嘉南區 | 0-4 冷淡",11.1645971310462,0.43229094833116,24,0.767263427109974,1.18348924300858,1.18348924300858,1.73771460535406,1.73771460535406
3,"age × arear × party_dpp","50至59歲 | 雲嘉南區 | 5 中間",12.7154874957161,0.492341110341617,3,0.0959079283887468,0.2691023256307,0.2691023256307,-0.453423002917672,-0.453423002917672
3,"age × arear × party_dpp","50至59歲 | 雲嘉南區 | 6-10 溫暖",30.472660235111,1.17989525610182,11,0.351662404092072,0.702364429241268,0.702364429241268,-0.404723067061252,-0.404723067061252
3,"age × arear × party_dpp","50至59歲 | 高屏區 | 0-4 冷淡",29.3051088963001,1.13468790382966,26,0.831202046035806,1.39034101432391,1.39034101432391,0.225306984970401,0.225306984970401
3,"age × arear × party_dpp","50至59歲 | 高屏區 | 5 中間",22.9681787063391,0.88932324542126,11,0.351662404092072,0.929931458239585,0.929931458239585,0.0456619266699697,0.0456619266699697
3,"age × arear × party_dpp","50至59歲 | 高屏區 | 6-10 溫暖",28.747499060957,1.11309736350923,8,0.255754475703325,0.622805740691852,0.622805740691852,-0.440475055364113,-0.440475055364113
3,"age × arear × party_dpp","50至59歲 | 花東區 | 0-4 冷淡",7.45438404377395,0.288632246169168,5,0.159846547314578,0.334216512492396,0.334216512492396,0.157931994530199,0.157931994530199
3,"age × arear × party_dpp","50至59歲 | 花東區 | 5 中間",1.51934505086706,0.0588287338246327,2,0.0639386189258312,0.241654448159445,0.241654448159445,3.10776218437426,3.10776218437426
3,"age × arear × party_dpp","50至59歲 | 花東區 | 6-10 溫暖",4.8847242258357,0.189135536476347,2,0.0639386189258312,0.124919948675362,0.124919948675362,-0.339521535705773,-0.339521535705773
3,"age × arear × party_dpp","60歲及以上 | 北北基宜蘭區 | 0-4 冷淡",95.3960370027292,3.69371530552307,41,1.31074168797954,7.22556733095621,7.22556733095621,0.956178734227867,0.956178734227867
3,"age × arear × party_dpp","60歲及以上 | 北北基宜蘭區 | 5 中間",44.9067284802307,1.73877946631736,6,0.191815856777494,1.26291689135855,1.26291689135855,-0.273676210340039,-0.273676210340039
3,"age × arear × party_dpp","60歲及以上 | 北北基宜蘭區 | 6-10 溫暖",109.283761321278,4.23144518913282,13,0.415601023017903,2.71133668739777,2.71133668739777,-0.359240976496396,-0.359240976496396
3,"age × arear × party_dpp","60歲及以上 | 桃竹苗區 | 0-4 冷淡",50.944877181101,1.9725753657507,9,0.28772378516624,1.57463464594887,1.57463464594887,-0.201736636638155,-0.201736636638155
3,"age × arear × party_dpp","60歲及以上 | 桃竹苗區 | 5 中間",31.7032819479911,1.22754468053277,3,0.0959079283887468,0.749127502069276,0.749127502069276,-0.389735042683625,-0.389735042683625
3,"age × arear × party_dpp","60歲及以上 | 桃竹苗區 | 6-10 溫暖",41.7739164335055,1.6174776159482,2,0.0639386189258312,0.508987982160999,0.508987982160999,-0.685319922116746,-0.685319922116746
3,"age × arear × party_dpp","60歲及以上 | 中彰投區 | 0-4 冷淡",56.2700502476622,2.17876499247443,13,0.415601023017903,2.48882882290945,2.48882882290945,0.14231173692711,0.14231173692711
3,"age × arear × party_dpp","60歲及以上 | 中彰投區 | 5 中間",33.308849464604,1.28971193083473,5,0.159846547314578,1.1666489913254,1.1666489913254,-0.0954189354747484,-0.0954189354747484
3,"age × arear × party_dpp","60歲及以上 | 中彰投區 | 6-10 溫暖",50.4549035195801,1.9536036844343,9,0.28772378516624,1.90841787989378,1.90841787989378,-0.0231294632071714,-0.0231294632071714
3,"age × arear × party_dpp","60歲及以上 | 雲嘉南區 | 0-4 冷淡",28.0144798301538,1.0847150067874,20,0.639386189258312,3.74336320297796,3.74336320297796,2.45101079966127,2.45101079966127
3,"age × arear × party_dpp","60歲及以上 | 雲嘉南區 | 5 中間",28.1211891687749,1.088846770849,1,0.0319693094629156,0.162741192390856,0.162741192390856,-0.850538021742065,-0.850538021742065
3,"age × arear × party_dpp","60歲及以上 | 雲嘉南區 | 6-10 溫暖",57.6749918847089,2.23316404919811,7,0.223785166240409,1.47156425474237,1.47156425474237,-0.341040683835662,-0.341040683835662
3,"age × arear × party_dpp","60歲及以上 | 高屏區 | 0-4 冷淡",26.279401267461,1.01753311491153,7,0.223785166240409,1.40676920737564,1.40676920737564,0.382529164663055,0.382529164663055
3,"age × arear × party_dpp","60歲及以上 | 高屏區 | 5 中間",24.0082356147765,0.929594039072786,2,0.0639386189258312,0.46099968963966,0.46099968963966,-0.504084933570057,-0.504084933570057
3,"age × arear × party_dpp","60歲及以上 | 高屏區 | 6-10 溫暖",76.9781193665932,2.98057725067376,12,0.383631713554987,2.73173224350233,2.73173224350233,-0.0834888634794423,-0.0834888634794423
3,"age × arear × party_dpp","60歲及以上 | 花東區 | 0-4 冷淡",9.54410807366667,0.369545938981305,2,0.0639386189258312,0.420434699852552,0.420434699852552,0.137706183462678,0.137706183462678
3,"age × arear × party_dpp","60歲及以上 | 花東區 | 5 中間",3.70797501822978,0.143572044580224,0,0,0,0,-1,-1
3,"age × arear × party_dpp","60歲及以上 | 花東區 | 6-10 溫暖",6.27339990258673,0.242904778499222,0,0,0,0,-1,-1
3,"age × arear × party_tpp","20至29歲 | 北北基宜蘭區 | 0-4 冷淡",32.3330218675588,1.25192808316133,167,5.33887468030691,1.39106803945025,1.39106803945025,0.111140534476684,0.111140534476684
3,"age × arear × party_tpp","20至29歲 | 北北基宜蘭區 | 5 中間",24.7467259690287,0.958188236590703,79,2.52557544757033,1.57380983987703,1.57380983987703,0.64248503558836,0.64248503558836
3,"age × arear × party_tpp","20至29歲 | 北北基宜蘭區 | 6-10 溫暖",28.476353267931,1.10259865310997,96,3.0690537084399,1.13653561970253,1.13653561970253,0.0307790749579,0.0307790749579
3,"age × arear × party_tpp","20至29歲 | 桃竹苗區 | 0-4 冷淡",22.431338033969,0.868536882900726,57,1.82225063938619,1.24407631431151,1.24407631431151,0.43238167405921,0.43238167405921
3,"age × arear × party_tpp","20至29歲 | 桃竹苗區 | 5 中間",24.3741385153005,0.943761725556053,35,1.11892583120205,1.25770523627804,1.25770523627804,0.332651242597294,0.332651242597294
3,"age × arear × party_tpp","20至29歲 | 桃竹苗區 | 6-10 溫暖",17.4424587588765,0.675368483931611,45,1.4386189258312,0.873650644134668,0.873650644134668,0.293591076457655,0.293591076457655
3,"age × arear × party_tpp","20至29歲 | 中彰投區 | 0-4 冷淡",20.5874583677674,0.797142234248846,45,1.4386189258312,0.500721547562351,0.500721547562351,-0.371854198599595,-0.371854198599595
3,"age × arear × party_tpp","20至29歲 | 中彰投區 | 5 中間",34.1176078359767,1.32102689179819,33,1.05498721227621,1.32169253358191,1.32169253358191,0.000503882084349636,0.000503882084349636
3,"age × arear × party_tpp","20至29歲 | 中彰投區 | 6-10 溫暖",19.3345893636473,0.748631399189722,37,1.18286445012788,0.567238261232164,0.567238261232164,-0.242299665968977,-0.242299665968977
3,"age × arear × party_tpp","20至29歲 | 雲嘉南區 | 0-4 冷淡",26.0483446798454,1.00858665045732,45,1.4386189258312,0.614981350372911,0.614981350372911,-0.390254322626557,-0.390254322626557
3,"age × arear × party_tpp","20至29歲 | 雲嘉南區 | 5 中間",17.9431107383202,0.694753627563506,15,0.479539641943734,0.349144754754515,0.349144754754515,-0.497455297960859,-0.497455297960859
3,"age × arear × party_tpp","20至29歲 | 雲嘉南區 | 6-10 溫暖",21.7626878026673,0.842646880852424,24,0.767263427109974,0.334756472979458,0.334756472979458,-0.602732199470295,-0.602732199470295
3,"age × arear × party_tpp","20至29歲 | 高屏區 | 0-4 冷淡",21.7721068820178,0.843011585704472,52,1.66240409207161,0.969149703691272,0.969149703691272,0.149627976798671,0.149627976798671
3,"age × arear × party_tpp","20至29歲 | 高屏區 | 5 中間",22.6813785047166,0.8782183994796,30,0.959079283887468,0.86357109792733,0.86357109792733,-0.016678427098487,-0.016678427098487
3,"age × arear × party_tpp","20至29歲 | 高屏區 | 6-10 溫暖",18.3572868976716,0.710790444888898,38,1.21483375959079,0.68580877964805,0.68580877964805,-0.0351463155146281,-0.0351463155146281
3,"age × arear × party_tpp","20至29歲 | 花東區 | 0-4 冷淡",3.84368893381339,0.148826860009813,8,0.255754475703325,0.342935857105594,0.342935857105594,1.30426051509104,1.30426051509104
3,"age × arear × party_tpp","20至29歲 | 花東區 | 5 中間",4.38604248720862,0.169826680171352,2,0.0639386189258312,0.0547756444639361,0.0547756444639361,-0.67746148950996,-0.67746148950996
3,"age × arear × party_tpp","20至29歲 | 花東區 | 6-10 溫暖",4.98435430014122,0.192993192851969,2,0.0639386189258312,0.0752152153932242,0.0752152153932242,-0.610270112216257,-0.610270112216257
3,"age × arear × party_tpp","30至39歲 | 北北基宜蘭區 | 0-4 冷淡",70.9786631915618,2.74827951803425,203,6.48976982097187,2.07631121887139,2.07631121887139,-0.244505078451226,-0.244505078451226
3,"age × arear × party_tpp","30至39歲 | 北北基宜蘭區 | 5 中間",51.8810397038126,2.00882338974878,80,2.55754475703325,1.51499649781734,1.51499649781734,-0.245828923762778,-0.245828923762778
3,"age × arear × party_tpp","30至39歲 | 北北基宜蘭區 | 6-10 溫暖",43.7501823035861,1.69399823170387,119,3.80434782608696,0.96788525597653,0.96788525597653,-0.428638567702043,-0.428638567702043
3,"age × arear × party_tpp","30至39歲 | 桃竹苗區 | 0-4 冷淡",17.4727797815853,0.676542507813286,61,1.95012787723785,1.24257964874332,1.24257964874332,0.836661605727594,0.836661605727594
3,"age × arear × party_tpp","30至39歲 | 桃竹苗區 | 5 中間",27.8969499078198,1.08016427190761,32,1.0230179028133,1.02531685235101,1.02531685235101,-0.0507769243836701,-0.0507769243836701
3,"age × arear × party_tpp","30至39歲 | 桃竹苗區 | 6-10 溫暖",17.5486316360712,0.679479476315017,60,1.91815856777494,1.3333016283975,1.3333016283975,0.962239736258579,0.962239736258579
3,"age × arear × party_tpp","30至39歲 | 中彰投區 | 0-4 冷淡",33.5037829091363,1.29725971447701,78,2.49360613810742,1.17680782713635,1.17680782713635,-0.092851019727554,-0.092851019727554
3,"age × arear × party_tpp","30至39歲 | 中彰投區 | 5 中間",30.5020253210809,1.18103226630584,45,1.4386189258312,1.42814436716922,1.42814436716922,0.209233996321138,0.209233996321138
3,"age × arear × party_tpp","30至39歲 | 中彰投區 | 6-10 溫暖",19.5151752593744,0.755623648637037,53,1.69437340153453,0.962975577210969,0.962975577210969,0.274411645199227,0.274411645199227
3,"age × arear × party_tpp","30至39歲 | 雲嘉南區 | 0-4 冷淡",23.1585778312801,0.896695461123812,77,2.4616368286445,1.26183001603566,1.26183001603566,0.407200181937163,0.407200181937163
3,"age × arear × party_tpp","30至39歲 | 雲嘉南區 | 5 中間",17.5502827998396,0.679543409042989,21,0.671355498721228,0.700086378698733,0.700086378698733,0.0302305480155783,0.0302305480155783
3,"age × arear × party_tpp","30至39歲 | 雲嘉南區 | 6-10 溫暖",13.9698536434964,0.540909914501201,25,0.79923273657289,0.219079433155689,0.219079433155689,-0.594979815894643,-0.594979815894643
3,"age × arear × party_tpp","30至39歲 | 高屏區 | 0-4 冷淡",22.9943911032372,0.890338184140507,78,2.49360613810742,1.19839224946776,1.19839224946776,0.345996690712119,0.345996690712119
3,"age × arear × party_tpp","30至39歲 | 高屏區 | 5 中間",21.2051232643778,0.821058094424769,32,1.0230179028133,0.910166146356303,0.910166146356303,0.108528315519456,0.108528315519456
3,"age × arear × party_tpp","30至39歲 | 高屏區 | 6-10 溫暖",10.9282180916659,0.423138399618481,27,0.863171355498721,0.462758579093356,0.462758579093356,0.0936340911403871,0.0936340911403871
3,"age × arear × party_tpp","30至39歲 | 花東區 | 0-4 冷淡",1.3513859963373,0.0523253931208675,3,0.0959079283887468,0.111893061388108,0.111893061388108,1.1384084230317,1.1384084230317
3,"age × arear × party_tpp","30至39歲 | 花東區 | 5 中間",3.66596536257905,0.141945439189348,1,0.0319693094629156,0.0587221381487818,0.0587221381487818,-0.586304861331616,-0.586304861331616
3,"age × arear × party_tpp","30至39歲 | 花東區 | 6-10 溫暖",2.17174571506917,0.0840895559133723,0,0,0,0,-1,-1
3,"age × arear × party_tpp","40至49歲 | 北北基宜蘭區 | 0-4 冷淡",72.1665595529435,2.79427462547551,167,5.33887468030691,2.16985247865465,2.16985247865465,-0.223464845268957,-0.223464845268957
3,"age × arear × party_tpp","40至49歲 | 北北基宜蘭區 | 5 中間",46.7294494541887,1.80935485467457,83,2.653452685422,2.18637868791442,2.18637868791442,0.208374732168091,0.208374732168091
3,"age × arear × party_tpp","40至49歲 | 北北基宜蘭區 | 6-10 溫暖",50.3628155350705,1.95003805625387,103,3.29283887468031,1.27837244083647,1.27837244083647,-0.344437183296671,-0.344437183296671
3,"age × arear × party_tpp","40至49歲 | 桃竹苗區 | 0-4 冷淡",36.9763724232629,1.43171767983003,69,2.20588235294118,2.07311616809351,2.07311616809351,0.447992294360453,0.447992294360453
3,"age × arear × party_tpp","40至49歲 | 桃竹苗區 | 5 中間",30.677060601606,1.18780959705243,31,0.991048593350384,0.991524425233264,0.991524425233264,-0.165249693474655,-0.165249693474655
3,"age × arear × party_tpp","40至49歲 | 桃竹苗區 | 6-10 溫暖",24.8452394582314,0.962002659016425,37,1.18286445012788,1.43694669592347,1.43694669592347,0.493703455448488,0.493703455448488
3,"age × arear × party_tpp","40至49歲 | 中彰投區 | 0-4 冷淡",49.6454408775446,1.92226145425287,72,2.30179028132992,1.99777938261446,1.99777938261446,0.0392859817245533,0.0392859817245533
3,"age × arear × party_tpp","40至49歲 | 中彰投區 | 5 中間",35.4784538528581,1.37371857500586,24,0.767263427109974,1.14480290879763,1.14480290879763,-0.16663941972777,-0.16663941972777
3,"age × arear × party_tpp","40至49歲 | 中彰投區 | 6-10 溫暖",27.4179841726213,1.06161881527744,32,1.0230179028133,0.735336107783369,0.735336107783369,-0.307344503317607,-0.307344503317607
3,"age × arear × party_tpp","40至49歲 | 雲嘉南區 | 0-4 冷淡",39.0326141412336,1.51133494427998,58,1.8542199488491,1.32462931221284,1.32462931221284,-0.123536898801802,-0.123536898801802
3,"age × arear × party_tpp","40至49歲 | 雲嘉南區 | 5 中間",28.7834894557639,1.11449090433469,26,0.831202046035806,1.07505492256476,1.07505492256476,-0.0353847497691929,-0.0353847497691929
3,"age × arear × party_tpp","40至49歲 | 雲嘉南區 | 6-10 溫暖",14.7610615466594,0.571545324876586,24,0.767263427109974,0.959572969875288,0.959572969875288,0.678909664920255,0.678909664920255
3,"age × arear × party_tpp","40至49歲 | 高屏區 | 0-4 冷淡",44.0586391371292,1.70594161806403,52,1.66240409207161,1.15290122917273,1.15290122917273,-0.324184827332435,-0.324184827332435
3,"age × arear × party_tpp","40至49歲 | 高屏區 | 5 中間",20.0584149614545,0.776657780296865,27,0.863171355498721,1.10690833359077,1.10690833359077,0.425220169902467,0.425220169902467
3,"age × arear × party_tpp","40至49歲 | 高屏區 | 6-10 溫暖",7.29008599624402,0.282270658917786,23,0.735294117647059,0.50400261023306,0.50400261023306,0.785529577056944,0.785529577056944
3,"age × arear × party_tpp","40至49歲 | 花東區 | 0-4 冷淡",4.77449441257138,0.184867460346856,7,0.223785166240409,0.271500962568702,0.271500962568702,0.46862493842508,0.46862493842508
3,"age × arear × party_tpp","40至49歲 | 花東區 | 5 中間",1.72944264852077,0.066963670416233,5,0.159846547314578,0.202614868347665,0.202614868347665,2.02574316921773,2.02574316921773
3,"age × arear × party_tpp","40至49歲 | 花東區 | 6-10 溫暖",2.39603002477583,0.0927737991333339,5,0.159846547314578,0.188347973088271,0.188347973088271,1.03018497515207,1.03018497515207
3,"age × arear × party_tpp","50至59歲 | 北北基宜蘭區 | 0-4 冷淡",84.9709456736435,3.29005787264021,82,2.62148337595908,3.66633203458803,3.66633203458803,0.114367034415071,0.114367034415071
3,"age × arear × party_tpp","50至59歲 | 北北基宜蘭區 | 5 中間",50.7892650079095,1.96655009380123,31,0.991048593350384,1.75099862274072,1.75099862274072,-0.109608939909511,-0.109608939909511
3,"age × arear × party_tpp","50至59歲 | 北北基宜蘭區 | 6-10 溫暖",26.7872468990784,1.0371967953042,28,0.895140664961637,1.36286672533003,1.36286672533003,0.313990490040337,0.313990490040337
3,"age × arear × party_tpp","50至59歲 | 桃竹苗區 | 0-4 冷淡",46.3209917433005,1.79353945451991,19,0.607416879795396,1.6059454727056,1.6059454727056,-0.104594287759636,-0.104594287759636
3,"age × arear × party_tpp","50至59歲 | 桃竹苗區 | 5 中間",22.5402164318832,0.872752632500527,7,0.223785166240409,0.492060918162869,0.492060918162869,-0.436196580979581,-0.436196580979581
3,"age × arear × party_tpp","50至59歲 | 桃竹苗區 | 6-10 溫暖",17.7034166554258,0.68547272103481,6,0.191815856777494,0.265771620096156,0.265771620096156,-0.612279800580627,-0.612279800580627
3,"age × arear × party_tpp","50至59歲 | 中彰投區 | 0-4 冷淡",40.5419766958746,1.56977715786482,30,0.959079283887468,1.47525278928356,1.47525278928356,-0.0602151509898567,-0.0602151509898567
3,"age × arear × party_tpp","50至59歲 | 中彰投區 | 5 中間",22.7275150783549,0.880004798302302,16,0.51150895140665,1.25913794194647,1.25913794194647,0.430830768622618,0.430830768622618
3,"age × arear × party_tpp","50至59歲 | 中彰投區 | 6-10 溫暖",13.5491057133216,0.524618639535456,15,0.479539641943734,0.721011264191746,0.721011264191746,0.374353120259305,0.374353120259305
3,"age × arear × party_tpp","50至59歲 | 雲嘉南區 | 0-4 冷淡",29.5220220238841,1.14308673636505,22,0.703324808184143,1.23438660635729,1.23438660635729,0.0798713405446098,0.0798713405446098
3,"age × arear × party_tpp","50至59歲 | 雲嘉南區 | 5 中間",18.90291749847,0.731917151664704,9,0.28772378516624,0.716717522680147,0.716717522680147,-0.020766870881475,-0.020766870881475
3,"age × arear × party_tpp","50至59歲 | 雲嘉南區 | 6-10 溫暖",5.92780533951916,0.229523426744833,7,0.223785166240409,0.203851868843103,0.203851868843103,-0.111847223029959,-0.111847223029959
3,"age × arear × party_tpp","50至59歲 | 高屏區 | 0-4 冷淡",48.3960907469167,1.87388686926539,29,0.927109974424552,1.76025435103405,1.76025435103405,-0.0606400098613678,-0.0606400098613678
3,"age × arear × party_tpp","50至59歲 | 高屏區 | 5 中間",28.0917371443723,1.08770639440641,9,0.28772378516624,0.68794026634848,0.68794026634848,-0.367531284281997,-0.367531284281997
3,"age × arear × party_tpp","50至59歲 | 高屏區 | 6-10 溫暖",4.53295877230713,0.175515249088354,7,0.223785166240409,0.494883595872818,0.494883595872818,1.81960455540643,1.81960455540643
3,"age × arear × party_tpp","50至59歲 | 花東區 | 0-4 冷淡",7.52874483610423,0.29151148104507,4,0.127877237851662,0.282703249288649,0.282703249288649,-0.0302157284675159,-0.0302157284675159
3,"age × arear × party_tpp","50至59歲 | 花東區 | 5 中間",1.3674503030375,0.0529473998351448,4,0.127877237851662,0.262525853095673,0.262525853095673,3.95823881650589,3.95823881650589
3,"age × arear × party_tpp","50至59歲 | 花東區 | 6-10 溫暖",4.96225818133497,0.192137635589932,1,0.0319693094629156,0.155561806942881,0.155561806942881,-0.190362645687553,-0.190362645687553
3,"age × arear × party_tpp","60歲及以上 | 北北基宜蘭區 | 0-4 冷淡",166.937777672676,6.46379706991318,44,1.40664961636829,7.75280028312397,7.75280028312397,0.199418886340146,0.199418886340146
3,"age × arear × party_tpp","60歲及以上 | 北北基宜蘭區 | 5 中間",60.1802642094044,2.33016768814347,10,0.319693094629156,2.1652883973002,2.1652883973002,-0.0707585517051956,-0.0707585517051956
3,"age × arear × party_tpp","60歲及以上 | 北北基宜蘭區 | 6-10 溫暖",22.4684849221576,0.86997520291659,6,0.191815856777494,1.28173222928836,1.28173222928836,0.473297428468488,0.473297428468488
3,"age × arear × party_tpp","60歲及以上 | 桃竹苗區 | 0-4 冷淡",75.2018487042652,2.91180040901099,8,0.255754475703325,1.54098342063008,1.54098342063008,-0.470779859820995,-0.470779859820995
3,"age × arear × party_tpp","60歲及以上 | 桃竹苗區 | 5 中間",30.2305188433275,1.17051959026671,2,0.0639386189258312,0.537695471218019,0.537695471218019,-0.540635222435275,-0.540635222435275
3,"age × arear × party_tpp","60歲及以上 | 桃竹苗區 | 6-10 溫暖",18.9897080150049,0.735277662953974,4,0.127877237851662,0.754071238331051,0.754071238331051,0.0255598345005795,0.0255598345005795
3,"age × arear × party_tpp","60歲及以上 | 中彰投區 | 0-4 冷淡",84.1937864548599,3.25996642448951,17,0.543478260869565,3.47239875554391,3.47239875554391,0.0651639628735316,0.0651639628735316
3,"age × arear × party_tpp","60歲及以上 | 中彰投區 | 5 中間",32.5344530978384,1.25972745975674,6,0.191815856777494,1.26000074074512,1.26000074074512,0.000216936597088649,0.000216936597088649
3,"age × arear × party_tpp","60歲及以上 | 中彰投區 | 6-10 溫暖",23.305563679148,0.902386723497211,4,0.127877237851662,0.831496197839608,0.831496197839608,-0.0785589191548224,-0.0785589191548224
3,"age × arear × party_tpp","60歲及以上 | 雲嘉南區 | 0-4 冷淡",80.5885234803999,3.12037136952075,21,0.671355498721228,4.11605747815736,4.11605747815736,0.319092181899343,0.319092181899343
3,"age × arear × party_tpp","60歲及以上 | 雲嘉南區 | 5 中間",25.8804854968173,1.00208717675795,5,0.159846547314578,0.970054999269083,0.970054999269083,-0.0319654599238562,-0.0319654599238562
3,"age × arear × party_tpp","60歲及以上 | 雲嘉南區 | 6-10 溫暖",7.3416519064204,0.284267280555814,2,0.0639386189258312,0.291556172684743,0.291556172684743,0.0256409816658372,0.0256409816658372
3,"age × arear × party_tpp","60歲及以上 | 高屏區 | 0-4 冷淡",91.0197497403253,3.52426634568793,11,0.351662404092072,2.54439404562202,2.54439404562202,-0.278035824751105,-0.278035824751105
3,"age × arear × party_tpp","60歲及以上 | 高屏區 | 5 中間",25.3832819695519,0.982835556498634,8,0.255754475703325,1.64857681750025,1.64857681750025,0.677367904121554,0.677367904121554
3,"age × arear × party_tpp","60歲及以上 | 高屏區 | 6-10 溫暖",10.8627245389534,0.420602502471517,2,0.0639386189258312,0.406530277395348,0.406530277395348,-0.0334573023067585,-0.0334573023067585
3,"age × arear × party_tpp","60歲及以上 | 花東區 | 0-4 冷淡",11.9617059383116,0.463154840522814,1,0.0319693094629156,0.163052034499335,0.163052034499335,-0.647953513094497,-0.647953513094497
3,"age × arear × party_tpp","60歲及以上 | 花東區 | 5 中間",5.92053949574153,0.229242094739729,1,0.0319693094629156,0.257382665353217,0.257382665353217,0.122754813619364,0.122754813619364
3,"age × arear × party_tpp","60歲及以上 | 花東區 | 6-10 溫暖",1.6432375604301,0.0636258267982074,0,0,0,0,-1,-1
3,"age × party_kmt × party_dpp","20至29歲 | 0-4 冷淡 | 0-4 冷淡",82.9638422305304,3.21234323227855,331,10.5818414322251,1.19414938465951,1.19414938465951,-0.628262206647048,-0.628262206647048
3,"age × party_kmt × party_dpp","20至29歲 | 0-4 冷淡 | 5 中間",17.3419668817003,0.671477458722715,63,2.01406649616368,1.28922090039271,1.28922090039271,0.919976439484758,0.919976439484758
3,"age × party_kmt × party_dpp","20至29歲 | 0-4 冷淡 | 6-10 溫暖",51.3319219374418,1.98756166062558,172,5.49872122762148,3.49286699852224,3.49286699852224,0.757362836946083,0.757362836946083
3,"age × party_kmt × party_dpp","20至29歲 | 5 中間 | 0-4 冷淡",38.6967305382938,1.49832959894244,44,1.40664961636829,1.2543849495653,1.2543849495653,-0.162811072776862,-0.162811072776862
3,"age × party_kmt × party_dpp","20至29歲 | 5 中間 | 5 中間",90.6894860688016,3.51147860296093,60,1.91815856777494,3.18579648512121,3.18579648512121,-0.0927478577158647,-0.0927478577158647
3,"age × party_kmt × party_dpp","20至29歲 | 5 中間 | 6-10 溫暖",10.1151452144387,0.391656381858836,25,0.79923273657289,1.23760941581542,1.23760941581542,2.15993680465928,2.15993680465928
3,"age × party_kmt × party_dpp","20至29歲 | 6-10 溫暖 | 0-4 冷淡",42.1759574349313,1.63304456240712,75,2.39769820971867,1.18044631904108,1.18044631904108,-0.27714996503151,-0.27714996503151
3,"age × party_kmt × party_dpp","20至29歲 | 6-10 溫暖 | 5 中間",17.7614921763949,0.687721393489346,16,0.51150895140665,0.565541412819661,0.565541412819661,-0.17765912450356,-0.17765912450356
3,"age × party_kmt × party_dpp","20至29歲 | 6-10 溫暖 | 6-10 溫暖",14.5461507239253,0.563224021180997,24,0.767263427109974,0.75682104652959,0.75682104652959,0.343730057788816,0.343730057788816
3,"age × party_kmt × party_dpp","30至39歲 | 0-4 冷淡 | 0-4 冷淡",99.8660029040244,3.86679148335536,371,11.8606138107417,1.7264449576294,1.7264449576294,-0.553520026859245,-0.553520026859245
3,"age × party_kmt × party_dpp","30至39歲 | 0-4 冷淡 | 5 中間",23.9775403889243,0.928405526120896,95,3.03708439897698,1.82624508242627,1.82624508242627,0.967076919562041,0.967076919562041
3,"age × party_kmt × party_dpp","30至39歲 | 0-4 冷淡 | 6-10 溫暖",88.9085612447549,3.44252155309545,183,5.85038363171356,2.98786444555365,2.98786444555365,-0.132070954539986,-0.132070954539986
3,"age × party_kmt × party_dpp","30至39歲 | 5 中間 | 0-4 冷淡",35.7514485377786,1.38428887412624,83,2.653452685422,1.64887852558004,1.64887852558004,0.191137598805606,0.191137598805606
3,"age × party_kmt × party_dpp","30至39歲 | 5 中間 | 5 中間",99.008788085142,3.83360029852095,70,2.23785166240409,3.40129959420317,3.40129959420317,-0.112766243388643,-0.112766243388643
3,"age × party_kmt × party_dpp","30至39歲 | 5 中間 | 6-10 溫暖",12.734978106704,0.493095782866619,39,1.24680306905371,1.76615774384627,1.76615774384627,2.58177418102968,2.58177418102968
3,"age × party_kmt × party_dpp","30至39歲 | 6-10 溫暖 | 0-4 冷淡",44.5200884419306,1.72380884204335,94,3.00511508951407,1.12053020143321,1.12053020143321,-0.349968410589558,-0.349968410589558
3,"age × party_kmt × party_dpp","30至39歲 | 6-10 溫暖 | 5 中間",5.01849045623133,0.194314937928425,18,0.575447570332481,0.566334349959403,0.566334349959403,1.91451782347279,1.91451782347279
3,"age × party_kmt × party_dpp","30至39歲 | 6-10 溫暖 | 6-10 溫暖",20.2588756564208,0.784419577960763,42,1.34271099744246,1.60749197538658,1.60749197538658,1.0492756944766,1.0492756944766
3,"age × party_kmt × party_dpp","40至49歲 | 0-4 冷淡 | 0-4 冷淡",92.4162150165074,3.57833719942913,261,8.34398976982097,2.72542347100718,2.72542347100718,-0.238354766721822,-0.238354766721822
3,"age × party_kmt × party_dpp","40至49歲 | 0-4 冷淡 | 5 中間",34.5373109797913,1.33727771284687,59,1.88618925831202,1.52851688641035,1.52851688641035,0.143006326753446,0.143006326753446
3,"age × party_kmt × party_dpp","40至49歲 | 0-4 冷淡 | 6-10 溫暖",123.225462708827,4.77126505396378,161,5.14705882352941,4.26301534232009,4.26301534232009,-0.106523051202418,-0.106523051202418
3,"age × party_kmt × party_dpp","40至49歲 | 5 中間 | 0-4 冷淡",57.4414405393878,2.22412098822889,70,2.23785166240409,1.61530582393704,1.61530582393704,-0.273732934275604,-0.273732934275604
3,"age × party_kmt × party_dpp","40至49歲 | 5 中間 | 5 中間",79.544758765788,3.07995701036223,68,2.17391304347826,4.06403701356704,4.06403701356704,0.319510954176944,0.319510954176944
3,"age × party_kmt × party_dpp","40至49歲 | 5 中間 | 6-10 溫暖",19.563132374804,0.757480538470588,32,1.0230179028133,1.52539779797873,1.52539779797873,1.01377820354121,1.01377820354121
3,"age × party_kmt × party_dpp","40至49歲 | 6-10 溫暖 | 0-4 冷淡",71.3803641535249,2.76383329823378,127,4.06010230179028,2.09347537631169,2.09347537631169,-0.24254643807587,-0.24254643807587
3,"age × party_kmt × party_dpp","40至49歲 | 6-10 溫暖 | 5 中間",23.6930255409647,0.917389168611967,19,0.607416879795396,0.794798889612501,0.794798889612501,-0.133629525171905,-0.133629525171905
3,"age × party_kmt × party_dpp","40至49歲 | 6-10 溫暖 | 6-10 溫暖",35.3819381730841,1.36998150735814,48,1.53452685421995,2.1896718763607,2.1896718763607,0.598322214278095,0.598322214278095
3,"age × party_kmt × party_dpp","50至59歲 | 0-4 冷淡 | 0-4 冷淡",42.9313733403399,1.66229411385089,66,2.10997442455243,1.88084456649588,1.88084456649588,0.131475200943049,0.131475200943049
3,"age × party_kmt × party_dpp","50至59歲 | 0-4 冷淡 | 5 中間",17.181642055782,0.665269713810492,20,0.639386189258312,1.33178400992056,1.33178400992056,1.00187079356498,1.00187079356498
3,"age × party_kmt × party_dpp","50至59歲 | 0-4 冷淡 | 6-10 溫暖",104.746598419293,4.05576715699155,55,1.75831202046036,3.10505402809946,3.10505402809946,-0.234410184828585,-0.234410184828585
3,"age × party_kmt × party_dpp","50至59歲 | 5 中間 | 0-4 冷淡",39.0230433106112,1.5109643636493,44,1.40664961636829,2.48132028997427,2.48132028997427,0.642209670637998,0.642209670637998
3,"age × party_kmt × party_dpp","50至59歲 | 5 中間 | 5 中間",74.892508750402,2.89982282841021,24,0.767263427109974,2.37993170036764,2.37993170036764,-0.179283755872628,-0.179283755872628
3,"age × party_kmt × party_dpp","50至59歲 | 5 中間 | 6-10 溫暖",28.6268558579443,1.1084260830297,10,0.319693094629156,0.72998571980009,0.72998571980009,-0.341421380300981,-0.341421380300981
3,"age × party_kmt × party_dpp","50至59歲 | 6-10 溫暖 | 0-4 冷淡",121.168258346403,4.69161051611482,82,2.62148337595908,4.28581502143309,4.28581502143309,-0.0864938581938756,-0.0864938581938756
3,"age × party_kmt × party_dpp","50至59歲 | 6-10 溫暖 | 5 中間",18.6416298208156,0.721800145503653,12,0.383631713554987,1.13062313789128,1.13062313789128,0.566393613155013,0.566393613155013
3,"age × party_kmt × party_dpp","50至59歲 | 6-10 溫暖 | 6-10 溫暖",27.9507548431471,1.08224758814773,13,0.415601023017903,1.072844035526,1.072844035526,-0.00868891067507716,-0.00868891067507716
3,"age × party_kmt × party_dpp","60歲及以上 | 0-4 冷淡 | 0-4 冷淡",40.2989034820468,1.56036541206816,41,1.31074168797954,7.23921801715964,7.23921801715964,3.63943763503738,3.63943763503738
3,"age × party_kmt × party_dpp","60歲及以上 | 0-4 冷淡 | 5 中間",30.1103181055788,1.16586544195293,7,0.223785166240409,1.31025575533011,1.31025575533011,0.123848180228517,0.123848180228517
3,"age × party_kmt × party_dpp","60歲及以上 | 0-4 冷淡 | 6-10 溫暖",259.179575625638,10.0353808758324,33,1.05498721227621,7.04001974901778,7.04001974901778,-0.298480064072923,-0.298480064072923
3,"age × party_kmt × party_dpp","60歲及以上 | 5 中間 | 0-4 冷淡",57.327285899428,2.21970094360163,14,0.447570332480818,2.80738110648096,2.80738110648096,0.264756459456103,0.264756459456103
3,"age × party_kmt × party_dpp","60歲及以上 | 5 中間 | 5 中間",111.709860573992,4.32538326270512,8,0.255754475703325,2.05421435105474,2.05421435105474,-0.525079229679633,-0.525079229679633
3,"age × party_kmt × party_dpp","60歲及以上 | 5 中間 | 6-10 溫暖",40.331199771977,1.56161591789812,3,0.0959079283887468,0.648220958339853,0.648220958339853,-0.584903719979791,-0.584903719979791
3,"age × party_kmt × party_dpp","60歲及以上 | 6-10 溫暖 | 0-4 冷淡",168.822764221299,6.53678336875864,37,1.18286445012788,6.81299878638007,6.81299878638007,0.0422555562941789,0.0422555562941789
3,"age × party_kmt × party_dpp","60歲及以上 | 6-10 溫暖 | 5 中間",23.9360810150358,0.926800227528828,2,0.0639386189258312,0.43796416039889,0.43796416039889,-0.527444914891038,-0.527444914891038
3,"age × party_kmt × party_dpp","60歲及以上 | 6-10 溫暖 | 6-10 溫暖",42.9283170306378,1.66217577415587,7,0.223785166240409,1.64379834033961,1.64379834033961,-0.0110562517526716,-0.0110562517526716
3,"age × party_kmt × party_tpp","20至29歲 | 0-4 冷淡 | 0-4 冷淡",102.68218639418,3.97583353989752,327,10.4539641943734,3.60602338216184,3.60602338216184,-0.0930144972179125,-0.0930144972179125
3,"age × party_kmt × party_tpp","20至29歲 | 0-4 冷淡 | 5 中間",26.0395954149858,1.00824788068722,110,3.51662404092072,1.69650179883348,1.69650179883348,0.682623719156399,0.682623719156399
3,"age × party_kmt × party_tpp","20至29歲 | 0-4 冷淡 | 6-10 溫暖",22.9159492405066,0.887300931042107,129,4.12404092071611,0.673712102579149,0.673712102579149,-0.240717462351927,-0.240717462351927
3,"age × party_kmt × party_tpp","20至29歲 | 5 中間 | 0-4 冷淡",11.1221697546469,0.430648168877181,23,0.735294117647059,0.836741553616022,0.836741553616022,0.942981798338163,0.942981798338163
3,"age × party_kmt × party_tpp","20至29歲 | 5 中間 | 5 中間",82.1589790506686,3.18117909234449,59,1.88618925831202,3.12376502643064,3.12376502643064,-0.0180480457865489,-0.0180480457865489
3,"age × party_kmt × party_tpp","20至29歲 | 5 中間 | 6-10 溫暖",46.2202130162185,1.78963732254054,47,1.50255754475703,1.71728427045526,1.71728427045526,-0.0404288909121341,-0.0404288909121341
3,"age × party_kmt × party_tpp","20至29歲 | 6-10 溫暖 | 0-4 冷淡",13.2116026161446,0.511550587707806,24,0.767263427109974,0.620167876716026,0.620167876716026,0.21232951660738,0.21232951660738
3,"age × party_kmt × party_tpp","20至29歲 | 6-10 溫暖 | 5 中間",20.050429584897,0.776348588127699,25,0.79923273657289,0.600432281618634,0.600432281618634,-0.226594482426146,-0.226594482426146
3,"age × party_kmt × party_tpp","20至29歲 | 6-10 溫暖 | 6-10 溫暖",41.2215681342099,1.59609080124195,66,2.10997442455243,1.28220862005568,1.28220862005568,-0.196656844925137,-0.196656844925137
3,"age × party_kmt × party_tpp","30至39歲 | 0-4 冷淡 | 0-4 冷淡",142.032242600317,5.49945977688305,405,12.9475703324808,4.3412605444677,4.3412605444677,-0.210602364487479,-0.210602364487479
3,"age × party_kmt × party_tpp","30至39歲 | 0-4 冷淡 | 5 中間",38.0523569654,1.47337958420961,102,3.26086956521739,1.23047252474735,1.23047252474735,-0.164863869477708,-0.164863869477708
3,"age × party_kmt × party_tpp","30至39歲 | 0-4 冷淡 | 6-10 溫暖",32.6675049719863,1.26487920147904,142,4.53964194373401,0.968821416394275,0.968821416394275,-0.234060125851211,-0.234060125851211
3,"age × party_kmt × party_tpp","30至39歲 | 5 中間 | 0-4 冷淡",14.5337755083789,0.562744855331877,51,1.6304347826087,1.60422873535915,1.60422873535915,1.85072128187305,1.85072128187305
3,"age × party_kmt × party_tpp","30至39歲 | 5 中間 | 5 中間",101.379741781582,3.92540314728055,74,2.36572890025575,3.51513919443925,3.51513919443925,-0.104515112830008,-0.104515112830008
3,"age × party_kmt × party_tpp","30至39歲 | 5 中間 | 6-10 溫暖",31.581697439664,1.22283695290139,67,2.14194373401535,1.69696793383108,1.69696793383108,0.387730334616352,0.387730334616352
3,"age × party_kmt × party_tpp","30至39歲 | 6-10 溫暖 | 0-4 冷淡",12.893562704442,0.49923614649481,44,1.40664961636829,1.12232474181574,1.12232474181574,1.24808389716109,1.24808389716109
3,"age × party_kmt × party_tpp","30至39歲 | 6-10 溫暖 | 5 中間",13.269287612528,0.513784139129177,35,1.11892583120205,0.891820661354782,0.891820661354782,0.735788619061592,0.735788619061592
3,"age × party_kmt × party_tpp","30至39歲 | 6-10 溫暖 | 6-10 溫暖",43.6346042376128,1.68952307230856,75,2.39769820971867,1.28021112360868,1.28021112360868,-0.242264787861459,-0.242264787861459
3,"age × party_kmt × party_tpp","40至49歲 | 0-4 冷淡 | 0-4 冷淡",185.633098437965,7.18767611795408,315,10.0703324808184,5.81124971030208,5.81124971030208,-0.191498112194264,-0.191498112194264
3,"age × party_kmt × party_tpp","40至49歲 | 0-4 冷淡 | 5 中間",30.1842243106057,1.16872707530016,84,2.68542199488491,1.65564153380026,1.65564153380026,0.416619473263289,0.416619473263289
3,"age × party_kmt × party_tpp","40至49歲 | 0-4 冷淡 | 6-10 溫暖",34.3616659565555,1.33047677298554,82,2.62148337595908,1.05006445563528,1.05006445563528,-0.210760776169748,-0.210760776169748
3,"age × party_kmt × party_tpp","40至49歲 | 5 中間 | 0-4 冷淡",39.8472126197423,1.54287603301344,49,1.56649616368286,1.62542850983907,1.62542850983907,0.0535055798775998,0.0535055798775998
3,"age × party_kmt × party_tpp","40至49歲 | 5 中間 | 5 中間",94.433487466753,3.65644558169525,68,2.17391304347826,3.74284254751203,3.74284254751203,0.0236286754134387,0.0236286754134387
3,"age × party_kmt × party_tpp","40至49歲 | 5 中間 | 6-10 溫暖",22.2686315934845,0.862236922353023,53,1.69437340153453,1.83646957813171,1.83646957813171,1.12988974436403,1.12988974436403
3,"age × party_kmt × party_tpp","40至49歲 | 6-10 溫暖 | 0-4 冷淡",21.1738094869781,0.81984563128176,61,1.95012787723785,1.55310131317574,1.55310131317574,0.894382617795497,0.894382617795497
3,"age × party_kmt × party_tpp","40至49歲 | 6-10 溫暖 | 5 中間",38.8385991970332,1.50382272478524,44,1.40664961636829,1.30880006513622,1.30880006513622,-0.129684607390723,-0.129684607390723
3,"age × party_kmt × party_tpp","40至49歲 | 6-10 溫暖 | 6-10 溫暖",70.4429191835624,2.72753561813689,89,2.84526854219949,2.21604476397294,2.21604476397294,-0.187528570025911,-0.187528570025911
3,"age × party_kmt × party_tpp","50至59歲 | 0-4 冷淡 | 0-4 冷淡",146.980789952947,5.69106653195182,107,3.42071611253197,4.88948343003198,4.88948343003198,-0.140849364072525,-0.140849364072525
3,"age × party_kmt × party_tpp","50至59歲 | 0-4 冷淡 | 5 中間",13.9124894154278,0.538688783164264,17,0.543478260869565,1.00171220622549,1.00171220622549,0.859537895594223,0.859537895594223
3,"age × party_kmt × party_tpp","50至59歲 | 0-4 冷淡 | 6-10 溫暖",3.96633444704033,0.15357566953685,17,0.543478260869565,0.426486968258429,0.426486968258429,1.77704775466465,1.77704775466465
3,"age × party_kmt × party_tpp","50至59歲 | 5 中間 | 0-4 冷淡",59.5074276200924,2.30411559115766,36,1.15089514066496,2.53151632156652,2.53151632156652,0.0986932822648075,0.0986932822648075
3,"age × party_kmt × party_tpp","50至59歲 | 5 中間 | 5 中間",70.9379249670041,2.74670214219878,23,0.735294117647059,1.89251495161305,1.89251495161305,-0.310986465355118,-0.310986465355118
3,"age × party_kmt × party_tpp","50至59歲 | 5 中間 | 6-10 溫暖",12.0970553318609,0.468395541732782,19,0.607416879795396,1.16720643696244,1.16720643696244,1.49192473661144,1.49192473661144
3,"age × party_kmt × party_tpp","50至59歲 | 6-10 溫暖 | 0-4 冷淡",50.7925541466847,1.96667744859098,43,1.37468030690537,2.60387475165867,2.60387475165867,0.323996852419399,0.323996852419399
3,"age × party_kmt × party_tpp","50至59歲 | 6-10 溫暖 | 5 中間",59.5686870815955,2.30648754514727,36,1.15089514066496,2.27515396713583,2.27515396713583,-0.0135849760287531,-0.0135849760287531
3,"age × party_kmt × party_tpp","50至59歲 | 6-10 溫暖 | 6-10 溫暖",57.3994017820858,2.22249325602795,28,0.895140664961637,1.61025347605586,1.61025347605586,-0.275474302705549,-0.275474302705549
3,"age × party_kmt × party_tpp","60歲及以上 | 0-4 冷淡 | 0-4 冷淡",305.81309516231,11.8410213434557,65,2.07800511508951,12.5228188374635,12.5228188374635,0.0575792808940955,0.0575792808940955
3,"age × party_kmt × party_tpp","60歲及以上 | 0-4 冷淡 | 5 中間",16.6502952026162,0.644696070861113,9,0.28772378516624,1.76338385702141,1.76338385702141,1.73521731669014,1.73521731669014
3,"age × party_kmt × party_tpp","60歲及以上 | 0-4 冷淡 | 6-10 溫暖",7.12540684833661,0.27589431553668,7,0.223785166240409,1.3032908270226,1.3032908270226,3.72387705592044,3.72387705592044
3,"age × party_kmt × party_tpp","60歲及以上 | 5 中間 | 0-4 冷淡",108.521957272949,4.20194829008403,13,0.415601023017903,2.71928031168951,2.71928031168951,-0.352852504609205,-0.352852504609205
3,"age × party_kmt × party_tpp","60歲及以上 | 5 中間 | 5 中間",84.0158562380431,3.25307700239379,9,0.28772378516624,2.20514808842017,2.20514808842017,-0.322134678399095,-0.322134678399095
3,"age × party_kmt × party_tpp","60歲及以上 | 5 中間 | 6-10 溫暖",16.8305327344057,0.651674831727053,3,0.0959079283887468,0.585388015765869,0.585388015765869,-0.101717624701743,-0.101717624701743
3,"age × party_kmt × party_tpp","60歲及以上 | 6-10 溫暖 | 0-4 冷淡",95.5683395555788,3.70038682560543,24,0.767263427109974,4.34758686842363,4.34758686842363,0.174900645073049,0.174900645073049
3,"age × party_kmt × party_tpp","60歲及以上 | 6-10 溫暖 | 5 中間",79.4633916720217,3.07680649290833,14,0.447570332480818,2.8704671459443,2.8704671459443,-0.0670628287607994,-0.0670628287607994
3,"age × party_kmt × party_tpp","60歲及以上 | 6-10 溫暖 | 6-10 溫暖",60.6554310393722,2.34856605192958,8,0.255754475703325,1.67670727275065,1.67670727275065,-0.286071911252798,-0.286071911252798
3,"age × party_dpp × party_tpp","20至29歲 | 0-4 冷淡 | 0-4 冷淡",63.7879737303765,2.46985747289957,220,7.03324808184143,1.59037208518779,1.59037208518779,-0.356087506004659,-0.356087506004659
3,"age × party_dpp × party_tpp","20至29歲 | 0-4 冷淡 | 5 中間",37.692413646054,1.45944265150714,86,2.74936061381074,1.06020444166837,1.06020444166837,-0.273555257156891,-0.273555257156891
3,"age × party_dpp × party_tpp","20至29歲 | 0-4 冷淡 | 6-10 溫暖",62.356142827325,2.41441726922139,144,4.60358056265985,0.978404126409736,0.978404126409736,-0.594765934255742,-0.594765934255742
3,"age × party_dpp × party_tpp","20至29歲 | 5 中間 | 0-4 冷淡",22.3922716399036,0.8670242400046,37,1.18286445012788,0.78529157830574,0.78529157830574,-0.0942680238079926,-0.0942680238079926
3,"age × party_dpp × party_tpp","20至29歲 | 5 中間 | 5 中間",76.9256747818694,2.97854660693454,68,2.17391304347826,3.10095628250384,3.10095628250384,0.0410971160512686,0.0410971160512686
3,"age × party_dpp × party_tpp","20至29歲 | 5 中間 | 6-10 溫暖",26.4749987051239,1.02510660823386,34,1.08695652173913,1.154310937524,1.154310937524,0.12603989502394,0.12603989502394
3,"age × party_dpp × party_tpp","20至29歲 | 6-10 溫暖 | 0-4 冷淡",40.8357133946916,1.58115058357834,117,3.74040920716113,2.68726914900035,2.68726914900035,0.69956560552173,0.69956560552173
3,"age × party_dpp × party_tpp","20至29歲 | 6-10 溫暖 | 5 中間",13.630915622628,0.527786302717734,40,1.27877237851662,1.25953838271055,1.25953838271055,1.38645523050675,1.38645523050675
3,"age × party_dpp × party_tpp","20至29歲 | 6-10 溫暖 | 6-10 溫暖",21.5265888584862,0.833505177369347,64,2.0460358056266,1.54048992915635,1.54048992915635,0.848206791010395,0.848206791010395
3,"age × party_dpp × party_tpp","30至39歲 | 0-4 冷淡 | 0-4 冷淡",74.5377344797059,2.88608604022856,287,9.17519181585678,2.36846360220787,2.36846360220787,-0.179351007144504,-0.179351007144504
3,"age × party_dpp × party_tpp","30至39歲 | 0-4 冷淡 | 5 中間",43.1631565204085,1.67126871181828,95,3.03708439897698,1.16918793807612,1.16918793807612,-0.300418939331378,-0.300418939331378
3,"age × party_dpp × party_tpp","30至39歲 | 0-4 冷淡 | 6-10 溫暖",62.4366488836191,2.4175344474781,166,5.30690537084399,0.958202144358668,0.958202144358668,-0.603644884829569,-0.603644884829569
3,"age × party_dpp × party_tpp","30至39歲 | 5 中間 | 0-4 冷淡",19.630099452237,0.760073490197432,76,2.42966751918159,1.87645529393761,1.87645529393761,1.46878139829636,1.46878139829636
3,"age × party_dpp × party_tpp","30至39歲 | 5 中間 | 5 中間",86.2649952490031,3.34016321110909,68,2.17391304347826,3.0427782819468,3.0427782819468,-0.0890330532870997,-0.0890330532870997
3,"age × party_dpp × party_tpp","30至39歲 | 5 中間 | 6-10 溫暖",22.1097242290576,0.856084061263758,39,1.24680306905371,0.874645450704424,0.874645450704424,0.0216817369701583,0.0216817369701583
3,"age × party_dpp × party_tpp","30至39歲 | 6-10 溫暖 | 0-4 冷淡",75.2917468811951,2.91528124828375,137,4.37979539641944,2.8228951254971,2.8228951254971,-0.0316902950070569,-0.0316902950070569
3,"age × party_dpp × party_tpp","30至39歲 | 6-10 溫暖 | 5 中間",23.2732345900982,0.90113494769196,48,1.53452685421995,1.42546616051847,1.42546616051847,0.581856484613605,0.581856484613605
3,"age × party_dpp × party_tpp","30至39歲 | 6-10 溫暖 | 6-10 溫暖",23.3374335365863,0.903620717947121,79,2.52557544757033,2.11315287877095,2.11315287877095,1.33853965142774,1.33853965142774
3,"age × party_dpp × party_tpp","40至49歲 | 0-4 冷淡 | 0-4 冷淡",79.4669628392567,3.07694476778315,245,7.83248081841432,3.48566174477065,3.48566174477065,0.132832081117261,0.132832081117261
3,"age × party_dpp × party_tpp","40至49歲 | 0-4 冷淡 | 5 中間",63.0853365066724,2.44265150136271,93,2.97314578005115,1.94007168996255,1.94007168996255,-0.20575174605128,-0.20575174605128
3,"age × party_dpp × party_tpp","40至49歲 | 0-4 冷淡 | 6-10 溫暖",78.685720363491,3.04669521674595,120,3.83631713554987,1.00847123652271,1.00847123652271,-0.668995037317904,-0.668995037317904
3,"age × party_dpp × party_tpp","40至49歲 | 5 中間 | 0-4 冷淡",47.3463434279945,1.83324086487504,53,1.69437340153453,1.78190509024575,1.78190509024575,-0.028002743999923,-0.028002743999923
3,"age × party_dpp × party_tpp","40至49歲 | 5 中間 | 5 中間",74.1388673535105,2.8706419855782,64,2.0460358056266,3.21984163085793,3.21984163085793,0.121645139670525,0.121645139670525
3,"age × party_dpp × party_tpp","40至49歲 | 5 中間 | 6-10 溫暖",16.289884505039,0.63074104136783,29,0.927109974424552,1.38560606848621,1.38560606848621,1.19679072330757,1.19679072330757
3,"age × party_dpp × party_tpp","40至49歲 | 6-10 溫暖 | 0-4 冷淡",119.840814277434,4.64021214959109,127,4.06010230179028,3.72221269830048,3.72221269830048,-0.197835663908492,-0.197835663908492
3,"age × party_dpp × party_tpp","40至49歲 | 6-10 溫暖 | 5 中間",26.232107114209,1.01570189483974,39,1.24680306905371,1.54737082562802,1.54737082562802,0.523449777429196,0.523449777429196
3,"age × party_dpp × party_tpp","40至49歲 | 6-10 溫暖 | 6-10 溫暖",32.0976118650725,1.24281305536167,75,2.39769820971867,2.70850149273101,2.70850149273101,1.17933138137401,1.17933138137401
3,"age × party_dpp × party_tpp","50至59歲 | 0-4 冷淡 | 0-4 冷淡",91.1899006547348,3.530854554764,110,3.51662404092072,5.02664986599623,5.02664986599623,0.423635493343681,0.423635493343681
3,"age × party_dpp × party_tpp","50至59歲 | 0-4 冷淡 | 5 中間",61.4344052169125,2.37872777491715,44,1.40664961636829,2.18355401223022,2.18355401223022,-0.0820496421427317,-0.0820496421427317
3,"age × party_dpp × party_tpp","50至59歲 | 0-4 冷淡 | 6-10 溫暖",50.4983691257071,1.95528666393387,38,1.21483375959079,1.43777599967679,1.43777599967679,-0.264672527973923,-0.264672527973923
3,"age × party_dpp × party_tpp","50至59歲 | 5 中間 | 0-4 冷淡",36.3424702336884,1.4071731149466,29,0.927109974424552,2.20630856722173,2.20630856722173,0.567901307797133,0.567901307797133
3,"age × party_dpp × party_tpp","50至59歲 | 5 中間 | 5 中間",61.7066829165958,2.3892703125138,20,0.639386189258312,2.03210208229259,2.03210208229259,-0.149488414245362,-0.149488414245362
3,"age × party_dpp × party_tpp","50至59歲 | 5 中間 | 6-10 溫暖",12.6666274767154,0.490449260263968,7,0.223785166240409,0.603928198665159,0.603928198665159,0.231377529940844,0.231377529940844
3,"age × party_dpp × party_tpp","50至59歲 | 6-10 溫暖 | 0-4 冷淡",129.748400831301,5.02383190198986,47,1.50255754475703,2.79191607003921,2.79191607003921,-0.444265627412141,-0.444265627412141
3,"age × party_dpp × party_tpp","50至59歲 | 6-10 溫暖 | 5 中間",21.2780133305192,0.823880383079372,12,0.383631713554987,0.953725030451556,0.953725030451556,0.157601333930141,0.157601333930141
3,"age × party_dpp × party_tpp","50至59歲 | 6-10 溫暖 | 6-10 溫暖",10.2977949585645,0.398728543099748,19,0.607416879795396,1.16224268293478,1.16224268293478,1.91487204276727,1.91487204276727
3,"age × party_dpp × party_tpp","60歲及以上 | 0-4 冷淡 | 0-4 冷淡",139.820273031032,5.41381276145004,67,2.14194373401535,12.096190507039,12.096190507039,1.23432006979849,1.23432006979849
3,"age × party_dpp × party_tpp","60歲及以上 | 0-4 冷淡 | 5 中間",78.9966880001887,3.05873582089767,16,0.51150895140665,3.26505245630011,3.26505245630011,0.0674516033692273,0.0674516033692273
3,"age × party_dpp × party_tpp","60歲及以上 | 0-4 冷淡 | 6-10 溫暖",47.6319925715537,1.84430114208073,9,0.28772378516624,1.49835494668158,1.49835494668158,-0.187575763797907,-0.187575763797907
3,"age × party_dpp × party_tpp","60歲及以上 | 5 中間 | 0-4 冷淡",81.5974489416523,3.15943675981839,8,0.255754475703325,1.68057452417267,1.68057452417267,-0.468077808821444,-0.468077808821444
3,"age × party_dpp × party_tpp","60歲及以上 | 5 中間 | 5 中間",70.576428372329,2.73270506698895,8,0.255754475703325,1.93950909718715,1.93950909718715,-0.29026036486103,-0.29026036486103
3,"age × party_dpp × party_tpp","60歲及以上 | 5 中間 | 6-10 溫暖",13.5823823806258,0.525907105379535,1,0.0319693094629156,0.182350645423911,0.182350645423911,-0.653264533681641,-0.653264533681641
3,"age × party_dpp × party_tpp","60歲及以上 | 6-10 溫暖 | 0-4 冷淡",288.485670018154,11.1701069378767,27,0.863171355498721,5.812920986365,5.812920986365,-0.479600238503183,-0.479600238503183
3,"age × party_dpp × party_tpp","60歲及以上 | 6-10 溫暖 | 5 中間",30.5564267401634,1.18313867827661,8,0.255754475703325,1.63443753789862,1.63443753789862,0.381442064153786,0.381442064153786
3,"age × party_dpp × party_tpp","60歲及以上 | 6-10 溫暖 | 6-10 溫暖",23.396995669935,0.905926951733052,8,0.255754475703325,1.88468052343362,1.88468052343362,1.08038906429287,1.08038906429287
3,"edu × arear × party_kmt","高中職及以下 | 北北基宜蘭區 | 0-4 冷淡",131.068954731569,5.07496348257168,68,2.17391304347826,7.76670977297764,7.76670977297764,0.530397174216109,0.530397174216109
3,"edu × arear × party_kmt","高中職及以下 | 北北基宜蘭區 | 5 中間",82.0078116591732,3.17532592144551,32,1.0230179028133,4.09195373589991,4.09195373589991,0.288672040959223,0.288672040959223
3,"edu × arear × party_kmt","高中職及以下 | 北北基宜蘭區 | 6-10 溫暖",105.087410667928,4.06896333849602,27,0.863171355498721,3.66431260924638,3.66431260924638,-0.0994481138282296,-0.0994481138282296
3,"edu × arear × party_kmt","高中職及以下 | 桃竹苗區 | 0-4 冷淡",65.1283957347555,2.52175834246392,23,0.735294117647059,2.41332898041863,2.41332898041863,-0.042997522886887,-0.042997522886887
3,"edu × arear × party_kmt","高中職及以下 | 桃竹苗區 | 5 中間",79.8230773627503,3.09073345028271,11,0.351662404092072,1.77954432555926,1.77954432555926,-0.424232353198727,-0.424232353198727
3,"edu × arear × party_kmt","高中職及以下 | 桃竹苗區 | 6-10 溫暖",66.0449443410659,2.55724691957628,17,0.543478260869565,2.16996351257609,2.16996351257609,-0.151445448632843,-0.151445448632843
3,"edu × arear × party_kmt","高中職及以下 | 中彰投區 | 0-4 冷淡",71.8396723480073,2.78161761885355,43,1.37468030690537,4.80883386061142,4.80883386061142,0.7287904088677,0.7287904088677
3,"edu × arear × party_kmt","高中職及以下 | 中彰投區 | 5 中間",80.4716424243049,3.11584575861082,14,0.447570332480818,2.20914612651419,2.20914612651419,-0.290996314432738,-0.290996314432738
3,"edu × arear × party_kmt","高中職及以下 | 中彰投區 | 6-10 溫暖",68.987384602369,2.67117761282354,17,0.543478260869565,2.2446128874573,2.2446128874573,-0.159691636871479,-0.159691636871479
3,"edu × arear × party_kmt","高中職及以下 | 雲嘉南區 | 0-4 冷淡",79.7911613974148,3.08949767054432,31,0.991048593350384,3.80677274528037,3.80677274528037,0.232165598173011,0.232165598173011
3,"edu × arear × party_kmt","高中職及以下 | 雲嘉南區 | 5 中間",62.2436136781411,2.41006016326901,9,0.28772378516624,1.36409461548133,1.36409461548133,-0.433999766366386,-0.433999766366386
3,"edu × arear × party_kmt","高中職及以下 | 雲嘉南區 | 6-10 溫暖",40.388417735816,1.56383138591359,13,0.415601023017903,1.76042364700959,1.76042364700959,0.125711929602399,0.125711929602399
3,"edu × arear × party_kmt","高中職及以下 | 高屏區 | 0-4 冷淡",95.9609111294834,3.71558711774128,28,0.895140664961637,3.96340946521741,3.96340946521741,0.066698031730387,0.066698031730387
3,"edu × arear × party_kmt","高中職及以下 | 高屏區 | 5 中間",77.9645794640666,3.01877278661852,6,0.191815856777494,0.97224044240356,0.97224044240356,-0.677935203764502,-0.677935203764502
3,"edu × arear × party_kmt","高中職及以下 | 高屏區 | 6-10 溫暖",35.2084426860943,1.36326379710655,11,0.351662404092072,1.62650531901579,1.62650531901579,0.193096539692426,0.193096539692426
3,"edu × arear × party_kmt","高中職及以下 | 花東區 | 0-4 冷淡",8.59779802861154,0.332905004965457,2,0.0639386189258312,0.198149599617667,0.198149599617667,-0.404786360486748,-0.404786360486748
3,"edu × arear × party_kmt","高中職及以下 | 花東區 | 5 中間",8.86825684137755,0.343377115627652,2,0.0639386189258312,0.274484691326859,0.274484691326859,-0.200631961669507,-0.200631961669507
3,"edu × arear × party_kmt","高中職及以下 | 花東區 | 6-10 溫暖",15.6196073533254,0.604788045289429,2,0.0639386189258312,0.385229195586805,0.385229195586805,-0.363034374460148,-0.363034374460148
3,"edu × arear × party_kmt","專科 | 北北基宜蘭區 | 0-4 冷淡",35.4754917123995,1.37360388152495,63,2.01406649616368,1.604170173897,1.604170173897,0.167855009346712,0.167855009346712
3,"edu × arear × party_kmt","專科 | 北北基宜蘭區 | 5 中間",36.2147018209229,1.40222594778303,34,1.08695652173913,1.81417066144855,1.81417066144855,0.293779126193476,0.293779126193476
3,"edu × arear × party_kmt","專科 | 北北基宜蘭區 | 6-10 溫暖",31.3588590585045,1.21420869574304,33,1.05498721227621,1.46484363077801,1.46484363077801,0.206418333119899,0.206418333119899
3,"edu × arear × party_kmt","專科 | 桃竹苗區 | 0-4 冷淡",13.78494072635,0.533750123657552,21,0.671355498721228,0.820756076611303,0.820756076611303,0.53771594653136,0.53771594653136
3,"edu × arear × party_kmt","專科 | 桃竹苗區 | 5 中間",13.1659133929489,0.509781510203984,7,0.223785166240409,0.457513947808246,0.457513947808246,-0.102529341197219,-0.102529341197219
3,"edu × arear × party_kmt","專科 | 桃竹苗區 | 6-10 溫暖",21.6062703734147,0.836590429550739,7,0.223785166240409,0.492164926351709,0.492164926351709,-0.411701462308135,-0.411701462308135
3,"edu × arear × party_kmt","專科 | 中彰投區 | 0-4 冷淡",18.5513663801165,0.718305163291449,17,0.543478260869565,0.532854834445533,0.532854834445533,-0.258177635806121,-0.258177635806121
3,"edu × arear × party_kmt","專科 | 中彰投區 | 5 中間",16.9243588714424,0.655307760822635,8,0.255754475703325,0.355884243520392,0.355884243520392,-0.456920450516815,-0.456920450516815
3,"edu × arear × party_kmt","專科 | 中彰投區 | 6-10 溫暖",18.1419287123103,0.702451819402642,16,0.51150895140665,1.00677483219116,1.00677483219116,0.433229731040215,0.433229731040215
3,"edu × arear × party_kmt","專科 | 雲嘉南區 | 0-4 冷淡",15.1484776544392,0.586545998404268,18,0.575447570332481,0.592827769920504,0.592827769920504,0.0107097679181607,0.0107097679181607
3,"edu × arear × party_kmt","專科 | 雲嘉南區 | 5 中間",10.8435236100509,0.419859046378414,10,0.319693094629156,0.459537517937184,0.459537517937184,0.0945042673273937,0.0945042673273937
3,"edu × arear × party_kmt","專科 | 雲嘉南區 | 6-10 溫暖",9.41986079114009,0.364735109270161,14,0.447570332480818,0.830837666403591,0.830837666403591,1.27792073010494,1.27792073010494
3,"edu × arear × party_kmt","專科 | 高屏區 | 0-4 冷淡",20.0599849413876,0.776718569603116,20,0.639386189258312,0.317500053512662,0.317500053512662,-0.59122896511294,-0.59122896511294
3,"edu × arear × party_kmt","專科 | 高屏區 | 5 中間",22.4228301883615,0.868207460835359,8,0.255754475703325,0.520859259632075,0.520859259632075,-0.400075116688214,-0.400075116688214
3,"edu × arear × party_kmt","專科 | 高屏區 | 6-10 溫暖",11.7897695355988,0.456497497699877,8,0.255754475703325,0.242315166781284,0.242315166781284,-0.469186210215345,-0.469186210215345
3,"edu × arear × party_kmt","專科 | 花東區 | 0-4 冷淡",2.29665916785934,0.0889261796027147,1,0.0319693094629156,0.0648720371844225,0.0648720371844225,-0.270495623738208,-0.270495623738208
3,"edu × arear × party_kmt","專科 | 花東區 | 5 中間",1.05078718924177,0.0406862679593161,1,0.0319693094629156,0.068925614432028,0.068925614432028,0.694075615412789,0.694075615412789
3,"edu × arear × party_kmt","專科 | 花東區 | 6-10 溫暖",6.39154687172473,0.247479405306766,3,0.0959079283887468,0.149072454184342,0.149072454184342,-0.397636930638501,-0.397636930638501
3,"edu × arear × party_kmt","大學及以上 | 北北基宜蘭區 | 0-4 冷淡",202.389277572863,7.83647199330988,682,21.8030690537084,4.35711778817884,4.35711778817884,-0.443994977344578,-0.443994977344578
3,"edu × arear × party_kmt","大學及以上 | 北北基宜蘭區 | 5 中間",111.153420001124,4.30383799599179,169,5.40281329923274,4.41521292583865,4.41521292583865,0.0258780488370115,0.0258780488370115
3,"edu × arear × party_kmt","大學及以上 | 北北基宜蘭區 | 6-10 溫暖",98.8028680060663,3.82562711460583,190,6.07416879795396,3.09673707320695,3.09673707320695,-0.190528250549057,-0.190528250549057
3,"edu × arear × party_kmt","大學及以上 | 桃竹苗區 | 0-4 冷淡",74.536019192265,2.88601962464492,237,7.576726342711,3.13749778334608,3.13749778334608,0.0871366766024997,0.0871366766024997
3,"edu × arear × party_kmt","大學及以上 | 桃竹苗區 | 5 中間",50.5127597512745,1.95584386605236,77,2.4616368286445,3.23201813655437,3.23201813655437,0.652492917585399,0.652492917585399
3,"edu × arear × party_kmt","大學及以上 | 桃竹苗區 | 6-10 溫暖",46.0493486351049,1.78302148817763,73,2.33375959079284,2.17195806538437,2.17195806538437,0.218133421153693,0.218133421153693
3,"edu × arear × party_kmt","大學及以上 | 中彰投區 | 0-4 冷淡",99.955085730639,3.87024075242841,230,7.35294117647059,2.28581911981802,2.28581911981802,-0.409385806714022,-0.409385806714022
3,"edu × arear × party_kmt","大學及以上 | 中彰投區 | 5 中間",68.8473252993136,2.66575454486778,87,2.78132992327366,3.39080935136245,3.39080935136245,0.271988584954521,0.271988584954521
3,"edu × arear × party_kmt","大學及以上 | 中彰投區 | 6-10 溫暖",43.2361543109013,1.67409517153804,75,2.39769820971867,2.02006094671836,2.02006094671836,0.206658367494407,0.206658367494407
3,"edu × arear × party_kmt","大學及以上 | 雲嘉南區 | 0-4 冷淡",87.3801538730553,3.3833419280366,202,6.45780051150895,2.54767281770873,2.54767281770873,-0.246995168712616,-0.246995168712616
3,"edu × arear × party_kmt","大學及以上 | 雲嘉南區 | 5 中間",37.215203212202,1.44096515979095,38,1.21483375959079,1.61631881585661,1.61631881585661,0.121691808350935,0.121691808350935
3,"edu × arear × party_kmt","大學及以上 | 雲嘉南區 | 6-10 溫暖",28.7430164323574,1.11292379703427,46,1.47058823529412,1.39327466304367,1.39327466304367,0.251904817523425,0.251904817523425
3,"edu × arear × party_kmt","大學及以上 | 高屏區 | 0-4 冷淡",78.4602090195584,3.03796346300832,210,6.71355498721228,2.92596110339906,2.92596110339906,-0.0368675795390744,-0.0368675795390744
3,"edu × arear × party_kmt","大學及以上 | 高屏區 | 5 中間",33.3145436986563,1.28993241042836,76,2.42966751918159,3.51117143872287,3.51117143872287,1.72198094282853,1.72198094282853
3,"edu × arear × party_kmt","大學及以上 | 高屏區 | 6-10 溫暖",22.4509170877347,0.869294979912243,58,1.8542199488491,1.31627583426889,1.31627583426889,0.514187778240445,0.514187778240445
3,"edu × arear × party_kmt","大學及以上 | 花東區 | 0-4 冷淡",8.59267598040549,0.332706680292349,22,0.703324808184143,0.796669612799547,0.796669612799547,1.39451042010793,1.39451042010793
3,"edu × arear × party_kmt","大學及以上 | 花東區 | 5 中間",2.41231393014079,0.0934043086636041,5,0.159846547314578,0.266035625333263,0.266035625333263,1.84821577440706,1.84821577440706
3,"edu × arear × party_kmt","大學及以上 | 花東區 | 6-10 溫暖",8.85744083329002,0.342958321976754,6,0.191815856777494,0.223792499219101,0.223792499219101,-0.347464444282328,-0.347464444282328
3,"edu × arear × party_dpp","高中職及以下 | 北北基宜蘭區 | 0-4 冷淡",113.179903244508,4.38230301830986,65,2.07800511508951,7.43199088395652,7.43199088395652,0.695909856736207,0.695909856736207
3,"edu × arear × party_dpp","高中職及以下 | 北北基宜蘭區 | 5 中間",81.188739922801,3.1436116290701,27,0.863171355498721,3.46176178795312,3.46176178795312,0.101205300279771,0.101205300279771
3,"edu × arear × party_dpp","高中職及以下 | 北北基宜蘭區 | 6-10 溫暖",123.795533891362,4.79333809513324,35,1.11892583120205,4.62922344621428,4.62922344621428,-0.0342380707685926,-0.0342380707685926
3,"edu × arear × party_dpp","高中職及以下 | 桃竹苗區 | 0-4 冷淡",79.6566306205873,3.08428866600866,28,0.895140664961637,2.974271867253,2.974271867253,-0.0356700719903847,-0.0356700719903847
3,"edu × arear × party_dpp","高中職及以下 | 桃竹苗區 | 5 中間",69.8731786028551,2.70547537780347,9,0.28772378516624,1.46617238158949,1.46617238158949,-0.458072177030919,-0.458072177030919
3,"edu × arear × party_dpp","高中職及以下 | 桃竹苗區 | 6-10 溫暖",61.4666082151293,2.37997466851078,14,0.447570332480818,1.92239256971149,1.92239256971149,-0.192263432402671,-0.192263432402671
3,"edu × arear × party_dpp","高中職及以下 | 中彰投區 | 0-4 冷淡",96.5506203635537,3.73842054030402,38,1.21483375959079,4.061695528677,4.061695528677,0.0864736818364194,0.0864736818364194
3,"edu × arear × party_dpp","高中職及以下 | 中彰投區 | 5 中間",60.5935893732714,2.34617155509541,13,0.415601023017903,2.05267350876075,2.05267350876075,-0.125096583707715,-0.125096583707715
3,"edu × arear × party_dpp","高中職及以下 | 中彰投區 | 6-10 溫暖",64.1544896378562,2.48404889488848,23,0.735294117647059,3.14822383714516,3.14822383714516,0.267375953679244,0.267375953679244
3,"edu × arear × party_dpp","高中職及以下 | 雲嘉南區 | 0-4 冷淡",51.9672024132709,2.01215959247471,27,0.863171355498721,3.60929390047459,3.60929390047459,0.79374136821603,0.79374136821603
3,"edu × arear × party_dpp","高中職及以下 | 雲嘉南區 | 5 中間",51.2872718984918,1.98583282012609,9,0.28772378516624,1.02507092396045,1.02507092396045,-0.48380804588809,-0.48380804588809
3,"edu × arear × party_dpp","高中職及以下 | 雲嘉南區 | 6-10 溫暖",79.1687184996091,3.06539680712614,17,0.543478260869565,2.29692618333625,2.29692618333625,-0.250692054615384,-0.250692054615384
3,"edu × arear × party_dpp","高中職及以下 | 高屏區 | 0-4 冷淡",44.6171854620583,1.72756841907228,21,0.671355498721228,2.50152184342191,2.50152184342191,0.448001604917766,0.448001604917766
3,"edu × arear × party_dpp","高中職及以下 | 高屏區 | 5 中間",63.0428483730151,2.44100636939995,8,0.255754475703325,1.20278230510574,1.20278230510574,-0.507259661349674,-0.507259661349674
3,"edu × arear × party_dpp","高中職及以下 | 高屏區 | 6-10 溫暖",101.473899444571,3.92904891299412,16,0.51150895140665,2.85785107810911,2.85785107810911,-0.272635403275931,-0.272635403275931
3,"edu × arear × party_dpp","高中職及以下 | 花東區 | 0-4 冷淡",14.1703152836213,0.548671748761448,4,0.127877237851662,0.59117631327919,0.59117631327919,0.0774681120609742,0.0774681120609742
3,"edu × arear × party_dpp","高中職及以下 | 花東區 | 5 中間",7.85494977340385,0.304142070401799,1,0.0319693094629156,0.155561806942881,0.155561806942881,-0.488522562046842,-0.488522562046842
3,"edu × arear × party_dpp","高中職及以下 | 花東區 | 6-10 溫暖",11.0603971662894,0.42825634671929,1,0.0319693094629156,0.11112536630926,0.11112536630926,-0.740516708834443,-0.740516708834443
3,"edu × arear × party_dpp","專科 | 北北基宜蘭區 | 0-4 冷淡",50.6978980107361,1.96301238210499,71,2.26982097186701,2.35986307912355,2.35986307912355,0.20216413336782,0.20216413336782
3,"edu × arear × party_dpp","專科 | 北北基宜蘭區 | 5 中間",23.8079993473121,0.92184093119648,22,0.703324808184143,1.14941105579643,1.14941105579643,0.246864851514654,0.246864851514654
3,"edu × arear × party_dpp","專科 | 北北基宜蘭區 | 6-10 溫暖",28.5431552337787,1.10518521174955,37,1.18286445012788,1.37391033120358,1.37391033120358,0.243149398487359,0.243149398487359
3,"edu × arear × party_dpp","專科 | 桃竹苗區 | 0-4 冷淡",23.0028439991459,0.890665478564626,21,0.671355498721228,1.03394708852917,1.03394708852917,0.160870285660401,0.160870285660401
3,"edu × arear × party_dpp","專科 | 桃竹苗區 | 5 中間",11.6128468482686,0.449647086942592,7,0.223785166240409,0.396014118071965,0.396014118071965,-0.119277919123879,-0.119277919123879
3,"edu × arear × party_dpp","專科 | 桃竹苗區 | 6-10 溫暖",13.9414336452991,0.539809497905058,7,0.223785166240409,0.340473744170119,0.340473744170119,-0.369270556573271,-0.369270556573271
3,"edu × arear × party_dpp","專科 | 中彰投區 | 0-4 冷淡",24.617900687656,0.9532001476879,25,0.79923273657289,1.05341342760983,1.05341342760983,0.105133512793729,0.105133512793729
3,"edu × arear × party_dpp","專科 | 中彰投區 | 5 中間",16.9858616077429,0.657689134363325,5,0.159846547314578,0.36836926931225,0.36836926931225,-0.439903671711333,-0.439903671711333
3,"edu × arear × party_dpp","專科 | 中彰投區 | 6-10 溫暖",12.0138916684702,0.465175461465501,11,0.351662404092072,0.473731213235003,0.473731213235003,0.0183925259998614,0.0183925259998614
3,"edu × arear × party_dpp","專科 | 雲嘉南區 | 0-4 冷淡",9.84285533907497,0.381113372822296,25,0.79923273657289,1.02070863470657,1.02070863470657,1.67822833701116,1.67822833701116
3,"edu × arear × party_dpp","專科 | 雲嘉南區 | 5 中間",9.44151548762828,0.365573574749105,6,0.191815856777494,0.291379928413852,0.291379928413852,-0.202951338553867,-0.202951338553867
3,"edu × arear × party_dpp","專科 | 雲嘉南區 | 6-10 溫暖",16.127491228927,0.624453206481443,11,0.351662404092072,0.571114391140855,0.571114391140855,-0.0854168331381168,-0.0854168331381168
3,"edu × arear × party_dpp","專科 | 高屏區 | 0-4 冷淡",18.5855745760876,0.719629697737561,19,0.607416879795396,0.265148108971108,0.265148108971108,-0.631549240109594,-0.631549240109594
3,"edu × arear × party_dpp","專科 | 高屏區 | 5 中間",16.3090376412335,0.63148264693692,8,0.255754475703325,0.418121312772829,0.418121312772829,-0.337873629939041,-0.337873629939041
3,"edu × arear × party_dpp","專科 | 高屏區 | 6-10 溫暖",19.3779724480268,0.75031118346387,9,0.28772378516624,0.397405058182084,0.397405058182084,-0.470346348367843,-0.470346348367843
3,"edu × arear × party_dpp","專科 | 花東區 | 0-4 冷淡",6.34574494668721,0.245705964010367,3,0.0959079283887468,0.149072454184342,0.149072454184342,-0.393289231766256,-0.393289231766256
3,"edu × arear × party_dpp","專科 | 花東區 | 5 中間",1.52196388410113,0.058930134519077,1,0.0319693094629156,0.0689256144320281,0.0689256144320281,0.169615766102065,0.169615766102065
3,"edu × arear × party_dpp","專科 | 花東區 | 6-10 溫暖",1.8712843980375,0.0724557543393534,1,0.0319693094629156,0.0648720371844225,0.0648720371844225,-0.104666871859644,-0.104666871859644
3,"edu × arear × party_dpp","大學及以上 | 北北基宜蘭區 | 0-4 冷淡",203.054440394172,7.86222696354688,610,19.5012787723785,4.17909277457991,4.17909277457991,-0.468459408007906,-0.468459408007906
3,"edu × arear × party_dpp","大學及以上 | 北北基宜蘭區 | 5 中間",80.7720208155032,3.1274763493133,168,5.37084398976982,3.94095303937617,3.94095303937617,0.260106424223318,0.260106424223318
3,"edu × arear × party_dpp","大學及以上 | 北北基宜蘭區 | 6-10 溫暖",128.519104370378,4.97623379104733,263,8.4079283887468,3.74902197326836,3.74902197326836,-0.246614582294513,-0.246614582294513
3,"edu × arear × party_dpp","大學及以上 | 桃竹苗區 | 0-4 冷淡",84.4898856525681,3.27143132568344,219,7.00127877237852,2.48329095876543,2.48329095876543,-0.240916066533462,-0.240916066533462
3,"edu × arear × party_dpp","大學及以上 | 桃竹苗區 | 5 中間",44.4000681594691,1.71916168092188,63,2.01406649616368,2.66292971344008,2.66292971344008,0.548969909573667,0.548969909573667
3,"edu × arear × party_dpp","大學及以上 | 桃竹苗區 | 6-10 溫暖",42.2081737666071,1.6342919722696,105,3.35677749360614,3.3952533130793,3.3952533130793,1.07750718396064,1.07750718396064
3,"edu × arear × party_dpp","大學及以上 | 中彰投區 | 0-4 冷淡",97.3059262570435,3.76766583210849,205,6.5537084398977,1.87881730278702,1.87881730278702,-0.501331225615732,-0.501331225615732
3,"edu × arear × party_dpp","大學及以上 | 中彰投區 | 5 中間",54.847023553076,2.12366568597168,73,2.33375959079284,2.70851572882529,2.70851572882529,0.275396474462508,0.275396474462508
3,"edu × arear × party_dpp","大學及以上 | 中彰投區 | 6-10 溫暖",59.8856155307343,2.31875895075405,114,3.64450127877238,3.10935638628652,3.10935638628652,0.340957146613004,0.340957146613004
3,"edu × arear × party_dpp","大學及以上 | 雲嘉南區 | 0-4 冷淡",52.3315623136292,2.02626753430288,152,4.85933503836317,1.75590304670505,1.75590304670505,-0.133429807772568,-0.133429807772568
3,"edu × arear × party_dpp","大學及以上 | 雲嘉南區 | 5 中間",42.107910060147,1.63040978178479,55,1.75831202046036,1.8151652836458,1.8151652836458,0.113318445414846,0.113318445414846
3,"edu × arear × party_dpp","大學及以上 | 雲嘉南區 | 6-10 溫暖",58.8989011438385,2.28055356877416,79,2.52557544757033,1.98619796625816,1.98619796625816,-0.129071996618006,-0.129071996618006
3,"edu × arear × party_dpp","大學及以上 | 高屏區 | 0-4 冷淡",56.6751766152489,2.19445140368859,190,6.07416879795396,2.14143921171424,2.14143921171424,-0.0241573779602719,-0.0241573779602719
3,"edu × arear × party_dpp","大學及以上 | 高屏區 | 5 中間",28.3009710747492,1.0958078899753,58,1.8542199488491,2.30273237990223,2.30273237990223,1.1014015330316,1.1014015330316
3,"edu × arear × party_dpp","大學及以上 | 高屏區 | 6-10 溫暖",49.2495221159513,1.90693155968504,96,3.0690537084399,3.30923678477436,3.30923678477436,0.735372603157787,0.735372603157787
3,"edu × arear × party_dpp","大學及以上 | 花東區 | 0-4 冷淡",7.69205221738862,0.297834709899302,17,0.543478260869565,0.575970372349965,0.575970372349965,0.933859127919309,0.933859127919309
3,"edu × arear × party_dpp","大學及以上 | 花東區 | 5 中間",4.09710324227583,0.158639010904294,8,0.255754475703325,0.38002357117418,0.38002357117418,1.39552408331294,1.39552408331294
3,"edu × arear × party_dpp","大學及以上 | 花東區 | 6-10 溫暖",8.07327528417185,0.312595590129111,8,0.255754475703325,0.330503793827767,0.330503793827767,0.057288727877639,0.057288727877639
3,"edu × arear × party_tpp","高中職及以下 | 北北基宜蘭區 | 0-4 冷淡",190.170331351965,7.36335686094642,67,2.14194373401535,8.03000747814969,8.03000747814969,0.0905362363651063,0.0905362363651063
3,"edu × arear × party_tpp","高中職及以下 | 北北基宜蘭區 | 5 中間",86.0839194666624,3.33315199335093,31,0.991048593350384,4.16883206620133,4.16883206620133,0.250717661396012,0.250717661396012
3,"edu × arear × party_tpp","高中職及以下 | 北北基宜蘭區 | 6-10 溫暖",41.9099262400439,1.62274388821586,29,0.927109974424552,3.3241365737729,3.3241365737729,1.04846654972008,1.04846654972008
3,"edu × arear × party_tpp","高中職及以下 | 桃竹苗區 | 0-4 冷淡",113.288284517246,4.38649951932313,30,0.959079283887468,3.61530722184413,3.61530722184413,-0.175810414222501,-0.175810414222501
3,"edu × arear × party_tpp","高中職及以下 | 桃竹苗區 | 5 中間",62.0893895500914,2.40408863614738,11,0.351662404092072,1.51191596684916,1.51191596684916,-0.371106395947178,-0.371106395947178
3,"edu × arear × party_tpp","高中職及以下 | 桃竹苗區 | 6-10 溫暖",35.6187433712343,1.3791505568524,10,0.319693094629156,1.23561362986069,1.23561362986069,-0.104076328924744,-0.104076328924744
3,"edu × arear × party_tpp","高中職及以下 | 中彰投區 | 0-4 冷淡",111.646809585253,4.32294194114237,36,1.15089514066496,4.65609996080784,4.65609996080784,0.0770674286635064,0.0770674286635064
3,"edu × arear × party_tpp","高中職及以下 | 中彰投區 | 5 中間",71.5544418913335,2.77057355311959,23,0.735294117647059,2.91105813492186,2.91105813492186,0.0507059564053401,0.0507059564053401
3,"edu × arear × party_tpp","高中職及以下 | 中彰投區 | 6-10 溫暖",38.0974478980948,1.47512549602595,15,0.479539641943734,1.69543477885321,1.69543477885321,0.149349518682167,0.149349518682167
3,"edu × arear × party_tpp","高中職及以下 | 雲嘉南區 | 0-4 冷淡",106.122453380107,4.10903998348007,33,1.05498721227621,4.60422775874475,4.60422775874475,0.120511792841034,0.120511792841034
3,"edu × arear × party_tpp","高中職及以下 | 雲嘉南區 | 5 中間",50.6526198738061,1.96125922177843,12,0.383631713554987,1.57526124936447,1.57526124936447,-0.196811297623344,-0.196811297623344
3,"edu × arear × party_tpp","高中職及以下 | 雲嘉南區 | 6-10 溫暖",25.6481195574588,0.993090014468427,8,0.255754475703325,0.751801999662063,0.751801999662063,-0.242966912657478,-0.242966912657478
3,"edu × arear × party_tpp","高中職及以下 | 高屏區 | 0-4 冷淡",123.169452658841,4.76909635612897,27,0.863171355498721,3.97407638833113,3.97407638833113,-0.166702433423499,-0.166702433423499
3,"edu × arear × party_tpp","高中職及以下 | 高屏區 | 5 中間",59.6495252789052,2.30961758383709,13,0.415601023017903,1.90178251295942,1.90178251295942,-0.176581211422938,-0.176581211422938
3,"edu × arear × party_tpp","高中職及以下 | 高屏區 | 6-10 溫暖",26.3149553418979,1.0189097615003,5,0.159846547314578,0.686296325346209,0.686296325346209,-0.32644052370676,-0.32644052370676
3,"edu × arear × party_tpp","高中職及以下 | 花東區 | 0-4 冷淡",16.2345402927181,0.628598124633082,3,0.0959079283887468,0.357894780926826,0.357894780926826,-0.430646120467299,-0.430646120467299
3,"edu × arear × party_tpp","高中職及以下 | 花東區 | 5 中間",10.4979538160626,0.406478653677774,1,0.0319693094629156,0.257382665353216,0.257382665353216,-0.36679906060393,-0.36679906060393
3,"edu × arear × party_tpp","高中職及以下 | 花東區 | 6-10 溫暖",6.35316811453384,0.245993387571681,2,0.0639386189258312,0.242586040251289,0.242586040251289,-0.0138513776895696,-0.0138513776895696
3,"edu × arear × party_tpp","專科 | 北北基宜蘭區 | 0-4 冷淡",44.2647278114885,1.71392132995451,71,2.26982097186701,2.94018727532328,2.94018727532328,0.715473880823521,0.715473880823521
3,"edu × arear × party_tpp","專科 | 北北基宜蘭區 | 5 中間",37.2606349712987,1.44272426833681,32,1.0230179028133,1.27959924855287,1.27959924855287,-0.11306735691914,-0.11306735691914
3,"edu × arear × party_tpp","專科 | 北北基宜蘭區 | 6-10 溫暖",21.5236898090397,0.833392926759695,27,0.863171355498721,0.663397942247405,0.663397942247405,-0.203979394417523,-0.203979394417523
3,"edu × arear × party_tpp","專科 | 桃竹苗區 | 0-4 冷淡",16.1716005462179,0.626161110347397,16,0.51150895140665,0.82124178357298,0.82124178357298,0.311550286343002,0.311550286343002
3,"edu × arear × party_tpp","專科 | 桃竹苗區 | 5 中間",18.8220571154794,0.728786253949799,10,0.319693094629156,0.451501100483073,0.451501100483073,-0.380475279224773,-0.380475279224773
3,"edu × arear × party_tpp","專科 | 桃竹苗區 | 6-10 溫暖",13.5634668310163,0.525174699115079,9,0.28772378516624,0.497692066715205,0.497692066715205,-0.0523304577432654,-0.0523304577432654
3,"edu × arear × party_tpp","專科 | 中彰投區 | 0-4 冷淡",25.449824275185,0.985412061147089,21,0.671355498721228,1.07904657549645,1.07904657549645,0.0950206700741641,0.0950206700741641
3,"edu × arear × party_tpp","專科 | 中彰投區 | 5 中間",15.8380260339808,0.613245172535983,9,0.28772378516624,0.401112128081184,0.401112128081184,-0.345918816739403,-0.345918816739403
3,"edu × arear × party_tpp","專科 | 中彰投區 | 6-10 溫暖",12.3298036547034,0.477407509833654,11,0.351662404092072,0.415355206579449,0.415355206579449,-0.129977643786598,-0.129977643786598
3,"edu × arear × party_tpp","專科 | 雲嘉南區 | 0-4 冷淡",18.5755481713878,0.719241477370523,24,0.767263427109974,1.08812384487504,1.08812384487504,0.512876939262613,0.512876939262613
3,"edu × arear × party_tpp","專科 | 雲嘉南區 | 5 中間",13.14039492672,0.508793440340237,9,0.28772378516624,0.542277359136223,0.542277359136223,0.0658104372839295,0.0658104372839295
3,"edu × arear × party_tpp","專科 | 雲嘉南區 | 6-10 溫暖",3.69591895752251,0.143105236342084,9,0.28772378516624,0.25280175025002,0.25280175025002,0.766544374698584,0.766544374698584
3,"edu × arear × party_tpp","專科 | 高屏區 | 0-4 冷淡",31.5434808909192,1.22135721584461,24,0.767263427109974,0.75456072681356,0.75456072681356,-0.382194891859089,-0.382194891859089
3,"edu × arear × party_tpp","專科 | 高屏區 | 5 中間",17.0520494837321,0.660251915567478,9,0.28772378516624,0.271557416727253,0.271557416727253,-0.588706355370658,-0.588706355370658
3,"edu × arear × party_tpp","專科 | 高屏區 | 6-10 溫暖",5.67705429069661,0.219814396726266,3,0.0959079283887468,0.0545563363852078,0.0545563363852078,-0.751807264684549,-0.751807264684549
3,"edu × arear × party_tpp","專科 | 花東區 | 0-4 冷淡",3.66410947089684,0.14187357943786,1,0.0319693094629156,0.0648720371844224,0.0648720371844224,-0.542747582450076,-0.542747582450076
3,"edu × arear × party_tpp","專科 | 花東區 | 5 中間",2.88941418713864,0.111877534354222,3,0.0959079283887468,0.194160032373896,0.194160032373896,0.735469354903321,0.735469354903321
3,"edu × arear × party_tpp","專科 | 花東區 | 6-10 溫暖",3.18546957079036,0.123340739076716,1,0.0319693094629156,0.0238380362424745,0.0238380362424745,-0.806730230247382,-0.806730230247382
3,"edu × arear × party_tpp","大學及以上 | 北北基宜蘭區 | 0-4 冷淡",192.951908794931,7.47105897832355,525,16.7838874680307,6.08616930121531,6.08616930121531,-0.185367252637992,-0.185367252637992
3,"edu × arear × party_tpp","大學及以上 | 北北基宜蘭區 | 5 中間",110.982189906383,4.29720800127101,220,7.03324808184143,3.74304073089551,3.74304073089551,-0.12895984327768,-0.12895984327768
3,"edu × arear × party_tpp","大學及以上 | 北北基宜蘭區 | 6-10 溫暖",108.41146687874,4.19767012431295,296,9.46291560102302,2.03985775511361,2.03985775511361,-0.514050009957015,-0.514050009957015
3,"edu × arear × party_tpp","大學及以上 | 桃竹苗區 | 0-4 冷淡",68.9434456229189,2.66947630440442,168,5.37084398976982,3.2701520190669,3.2701520190669,0.225016312627094,0.225016312627094
3,"edu × arear × party_tpp","大學及以上 | 桃竹苗區 | 5 中間",54.8074376343663,2.12213292718615,86,2.74936061381074,2.34088583591097,2.34088583591097,0.103081624116205,0.103081624116205
3,"edu × arear × party_tpp","大學及以上 | 桃竹苗區 | 6-10 溫暖",47.3472443213592,1.83327574728436,133,4.25191815856777,2.93043613030694,2.93043613030694,0.598469916294817,0.598469916294817
3,"edu × arear × party_tpp","大學及以上 | 中彰投區 | 0-4 冷淡",91.3758114447449,3.5380529830436,185,5.91432225063939,2.88781376583633,2.88781376583633,-0.183784477034004,-0.183784477034004
3,"edu × arear × party_tpp","大學及以上 | 中彰投區 | 5 中間",67.9675872607946,2.63169126551336,92,2.94117647058824,3.1016082292373,3.1016082292373,0.178560825079259,0.178560825079259
3,"edu × arear × party_tpp","大學及以上 | 中彰投區 | 6-10 溫暖",52.6951666353143,2.04034622027727,115,3.67647058823529,1.70726742282519,1.70726742282519,-0.163246214854072,-0.163246214854072
3,"edu × arear × party_tpp","大學及以上 | 雲嘉南區 | 0-4 冷淡",73.6520806051485,2.85179370089632,166,5.30690537084399,2.85953315951627,2.85953315951627,0.00271389147732519,0.00271389147732519
3,"edu × arear × party_tpp","大學及以上 | 雲嘉南區 | 5 中間",45.267271188685,1.75273960724517,55,1.75831202046036,1.69351996946654,1.69351996946654,-0.0337868999672457,-0.0337868999672457
3,"edu × arear × party_tpp","大學及以上 | 雲嘉南區 | 6-10 溫暖",34.4190217237813,1.33269757672035,65,2.07800511508951,1.0042131676262,1.0042131676262,-0.246480833185366,-0.246480833185366
3,"edu × arear × party_tpp","大學及以上 | 高屏區 | 0-4 冷淡",73.5280440598659,2.84699103088874,171,5.46675191815857,2.89645446384314,2.89645446384314,0.017373933538158,0.017373933538158
3,"edu × arear × party_tpp","大學及以上 | 高屏區 | 5 中間",40.7183610818359,1.57660672570171,84,2.68542199488491,3.04382273203647,3.04382273203647,0.930616356264583,0.930616356264583
3,"edu × arear × party_tpp","大學及以上 | 高屏區 | 6-10 溫暖",19.9792646642476,0.773593096758475,89,2.84526854219949,1.81313118051121,1.81313118051121,1.34377890406291,1.34377890406291
3,"edu × arear × party_tpp","大學及以上 | 花東區 | 0-4 冷淡",9.56137035352291,0.370214330974479,19,0.607416879795396,0.74931834673914,0.74931834673914,1.02401226545386,1.02401226545386
3,"edu × arear × party_tpp","大學及以上 | 花東區 | 5 中間",3.6820722938863,0.14256909631981,9,0.28772378516624,0.384478471682159,0.384478471682159,1.69678690267981,1.69678690267981
3,"edu × arear × party_tpp","大學及以上 | 花東區 | 6-10 溫暖",6.61898809642709,0.256285883638418,5,0.159846547314578,0.152700918930613,0.152700918930613,-0.40417741015322,-0.40417741015322
3,"edu × party_kmt × party_dpp","高中職及以下 | 0-4 冷淡 | 0-4 冷淡",89.6910168014134,3.47281807438006,99,3.16496163682864,10.0719147905369,10.0719147905369,1.90021376726879,1.90021376726879
3,"edu × party_kmt × party_dpp","高中職及以下 | 0-4 冷淡 | 5 中間",53.7680371503654,2.08188755015636,22,0.703324808184143,2.51846902533505,2.51846902533505,0.20970463805593,0.20970463805593
3,"edu × party_kmt × party_dpp","高中職及以下 | 0-4 冷淡 | 6-10 溫暖",308.927839418063,11.9616236126038,74,2.36572890025575,10.3668206082512,10.3668206082512,-0.133326633240007,-0.133326633240007
3,"edu × party_kmt × party_dpp","高中職及以下 | 5 中間 | 0-4 冷淡",96.8046421556615,3.74825621284268,29,0.927109974424552,3.95084499714451,3.95084499714451,0.0540488090455747,0.0540488090455747
3,"edu × party_kmt × party_dpp","高中職及以下 | 5 中間 | 5 中間",233.197573601236,9.02936299960851,36,1.15089514066496,5.53954814978616,5.53954814978616,-0.386496240097298,-0.386496240097298
3,"edu × party_kmt × party_dpp","高中職及以下 | 5 中間 | 6-10 溫暖",61.3767656729159,2.37649598340302,9,0.28772378516624,1.20107079025443,1.20107079025443,-0.494604325594288,-0.494604325594288
3,"edu × party_kmt × party_dpp","高中職及以下 | 6-10 溫暖 | 0-4 冷淡",213.646198430524,8.27233769770823,55,1.75831202046036,7.14719054938078,7.14719054938078,-0.136013203213302,-0.136013203213302
3,"edu × party_kmt × party_dpp","高中職及以下 | 6-10 溫暖 | 5 中間",46.8749671922366,1.81498927213195,9,0.28772378516624,1.30600553919122,1.30600553919122,-0.280433466332754,-0.280433466332754
3,"edu × party_kmt × party_dpp","高中職及以下 | 6-10 溫暖 | 6-10 溫暖",70.8150417638379,2.74194412936524,23,0.735294117647059,3.39785108231994,3.39785108231994,0.239212369767192,0.239212369767192
3,"edu × party_kmt × party_dpp","專科 | 0-4 冷淡 | 0-4 冷淡",31.751762533241,1.22942183901215,79,2.52557544757033,1.44390204709741,1.44390204709741,0.174456155958316,0.174456155958316
3,"edu × party_kmt × party_dpp","專科 | 0-4 冷淡 | 5 中間",16.5530534920674,0.640930891448268,14,0.447570332480818,0.701424505768924,0.701424505768924,0.0943839891754357,0.0943839891754357
3,"edu × party_kmt × party_dpp","專科 | 0-4 冷淡 | 6-10 溫暖",57.0121045572439,2.20749718562364,47,1.50255754475703,1.78765439270509,1.78765439270509,-0.190189503140832,-0.190189503140832
3,"edu × party_kmt × party_dpp","專科 | 5 中間 | 0-4 冷淡",27.3289281076931,1.05817058241148,22,0.703324808184143,0.992860223347965,0.992860223347965,-0.0617200668295677,-0.0617200668295677
3,"edu × party_kmt × party_dpp","專科 | 5 中間 | 5 中間",53.1767037223641,2.05899123913231,31,0.991048593350384,1.83023952135916,1.83023952135916,-0.111098927195803,-0.111098927195803
3,"edu × party_kmt × party_dpp","專科 | 5 中間 | 6-10 溫暖",20.1164832429112,0.77890617243894,15,0.479539641943734,0.85379150007135,0.85379150007135,0.0961416538758772,0.0961416538758772
3,"edu × party_kmt × party_dpp","專科 | 6-10 溫暖 | 0-4 冷淡",74.0121269184537,2.86573462150411,63,2.01406649616368,3.4453905226792,3.4453905226792,0.202271311804458,0.202271311804458
3,"edu × party_kmt × party_dpp","專科 | 6-10 溫暖 | 5 中間",9.94946760185503,0.385241378126917,4,0.127877237851662,0.160557271671272,0.160557271671272,-0.583229422415843,-0.583229422415843
3,"edu × party_kmt × party_dpp","專科 | 6-10 溫暖 | 6-10 溫暖",14.7466408223843,0.5709869573422,14,0.447570332480818,0.580060882339621,0.580060882339621,0.015891650204512,0.015891650204512
3,"edu × party_kmt × party_dpp","大學及以上 | 0-4 冷淡 | 0-4 冷淡",237.033557638794,9.17789152758987,892,28.5166240409207,3.25026355931729,3.25026355931729,-0.645859449357557,-0.645859449357557
3,"edu × party_kmt × party_dpp","大學及以上 | 0-4 冷淡 | 5 中間",52.827687769344,2.04547741184927,208,6.64961636828644,4.06612910337603,4.06612910337603,0.98786311685541,0.98786311685541
3,"edu × party_kmt × party_dpp","大學及以上 | 0-4 冷淡 | 6-10 溫暖",261.452175960648,10.1233755022813,483,15.4411764705882,8.73434556255697,8.73434556255697,-0.13721015677146,-0.13721015677146
3,"edu × party_kmt × party_dpp","大學及以上 | 5 中間 | 0-4 冷淡",104.106378562145,4.03097797329433,204,6.52173913043478,4.86356547504515,4.86356547504515,0.20654727147278,0.20654727147278
3,"edu × party_kmt × party_dpp","大學及以上 | 5 中間 | 5 中間",169.471124920526,6.56188776421863,163,5.21099744245524,7.71549147316849,7.71549147316849,0.175803633100882,0.175803633100882
3,"edu × party_kmt × party_dpp","大學及以上 | 5 中間 | 6-10 溫暖",29.8780624100409,1.1568725482819,85,2.71739130434783,3.85250934545459,3.85250934545459,2.33010697779634,2.33010697779634
3,"edu × party_kmt × party_dpp","大學及以上 | 6-10 溫暖 | 0-4 冷淡",160.409107249111,6.21100826834538,297,9.49488491048593,4.90068463253919,4.90068463253919,-0.210967942593846,-0.210967942593846
3,"edu × party_kmt × party_dpp","大學及以上 | 6-10 溫暖 | 5 中間",32.2262842153508,1.24779522280335,54,1.72634271099744,2.02869913981924,2.02869913981924,0.625826980857862,0.625826980857862
3,"edu × party_kmt × party_dpp","大學及以上 | 6-10 溫暖 | 6-10 溫暖",55.5043538409928,2.14911738209605,97,3.10102301790281,3.29271530948291,3.29271530948291,0.532124460447808,0.532124460447808
3,"edu × party_kmt × party_tpp","高中職及以下 | 0-4 冷淡 | 0-4 冷淡",406.621282052176,15.7442940006466,136,4.34782608695652,16.8997063855291,16.8997063855291,0.0733861032342904,0.0733861032342904
3,"edu × party_kmt × party_tpp","高中職及以下 | 0-4 冷淡 | 5 中間",28.5175591359974,1.10419413600776,32,1.0230179028133,3.49776017410854,3.49776017410854,2.16770399338904,2.16770399338904
3,"edu × party_kmt × party_tpp","高中職及以下 | 0-4 冷淡 | 6-10 溫暖",17.2480521816687,0.667841100485834,27,0.863171355498721,2.55973786448552,2.55973786448552,2.83285464554875,2.83285464554875
3,"edu × party_kmt × party_tpp","高中職及以下 | 5 中間 | 0-4 冷淡",146.307532507698,5.66499813950905,23,0.735294117647059,3.52925950474483,3.52925950474483,-0.377006061108664,-0.377006061108664
3,"edu × party_kmt × party_tpp","高中職及以下 | 5 中間 | 5 中間",196.744409958079,7.61790385818091,34,1.08695652173913,5.11628306277126,5.11628306277126,-0.328387026402695,-0.328387026402695
3,"edu × party_kmt × party_tpp","高中職及以下 | 5 中間 | 6-10 溫暖",48.3270389640368,1.87121319816425,17,0.543478260869565,2.045921369669,2.045921369669,0.0933662565420906,0.0933662565420906
3,"edu × party_kmt × party_tpp","高中職及以下 | 6-10 溫暖 | 0-4 冷淡",107.703057226256,4.17024064549837,37,1.18286445012788,4.80864769853046,4.80864769853046,0.153086382130303,0.153086382130303
3,"edu × party_kmt × party_tpp","高中職及以下 | 6-10 溫暖 | 5 中間",115.265880782785,4.46307164772252,25,0.79923273657289,3.71218935876965,3.71218935876965,-0.168243386667575,-0.168243386667575
3,"edu × party_kmt × party_tpp","高中職及以下 | 6-10 溫暖 | 6-10 溫暖",108.367269377558,4.19595880598452,25,0.79923273657289,3.33021011359184,3.33021011359184,-0.206329168712977,-0.206329168712977
3,"edu × party_kmt × party_tpp","專科 | 0-4 冷淡 | 0-4 冷淡",86.1672085387252,3.33637692941669,101,3.22890025575448,3.26753720921511,3.26753720921511,-0.0206330764352856,-0.0206330764352856
3,"edu × party_kmt × party_tpp","專科 | 0-4 冷淡 | 5 中間",12.2411435694385,0.473974609220365,16,0.51150895140665,0.217908756670953,0.217908756670953,-0.54025225733212,-0.54025225733212
3,"edu × party_kmt × party_tpp","專科 | 0-4 冷淡 | 6-10 溫暖",6.9085684743886,0.267498377446992,23,0.735294117647059,0.447534979685356,0.447534979685356,0.67303810945186,0.67303810945186
3,"edu × party_kmt × party_tpp","專科 | 5 中間 | 0-4 冷淡",26.9220197418429,1.0424151725841,26,0.831202046035806,1.47292068668257,1.47292068668257,0.41298853414736,0.41298853414736
3,"edu × party_kmt × party_tpp","專科 | 5 中間 | 5 中間",59.4534535409687,2.30202572570387,30,0.959079283887468,1.68726305441691,1.68726305441691,-0.267052911017744,-0.267052911017744
3,"edu × party_kmt × party_tpp","專科 | 5 中間 | 6-10 溫暖",14.2466417901568,0.551627095694774,12,0.383631713554987,0.516707503678983,0.516707503678983,-0.0633028948148556,-0.0633028948148556
3,"edu × party_kmt × party_tpp","專科 | 6-10 溫暖 | 0-4 冷淡",26.5800628855272,1.02917467210119,30,0.959079283887468,2.00757434736803,2.00757434736803,0.95066435444754,0.95066435444754
3,"edu × party_kmt × party_tpp","專科 | 6-10 溫暖 | 5 中間",33.3079796079425,1.2896782501603,26,0.831202046035806,1.23503547426663,1.23503547426663,-0.0423693086914343,-0.0423693086914343
3,"edu × party_kmt × party_tpp","專科 | 6-10 溫暖 | 6-10 溫暖",38.8201928492234,1.50311003471173,25,0.79923273657289,0.943398855055423,0.943398855055423,-0.372368733313425,-0.372368733313425
3,"edu × party_kmt × party_tpp","大學及以上 | 0-4 冷淡 | 0-4 冷淡",390.352921956819,15.1143863800789,982,31.3938618925831,11.0035923096829,11.0035923096829,-0.271978892627363,-0.271978892627363
3,"edu × party_kmt × party_tpp","大學及以上 | 0-4 冷淡 | 5 中間",84.0802586035997,3.25557064899424,274,8.75959079283887,3.6320429898485,3.6320429898485,0.115639432051818,0.115639432051818
3,"edu × party_kmt × party_tpp","大學及以上 | 0-4 冷淡 | 6-10 溫暖",76.8802408083681,2.97678741264738,327,10.4539641943734,1.41510292571886,1.41510292571886,-0.524620764080581,-0.524620764080581
3,"edu × party_kmt × party_tpp","大學及以上 | 5 中間 | 0-4 冷淡",60.3029905262682,2.33491962637103,123,3.93222506393862,4.31501524064287,4.31501524064287,0.848035877512985,0.848035877512985
3,"edu × party_kmt × party_tpp","大學及以上 | 5 中間 | 5 中間",176.728126005003,6.84287738202807,169,5.40281329923274,7.67586369122697,7.67586369122697,0.121730415831596,0.121730415831596
3,"edu × party_kmt × party_tpp","大學及以上 | 5 中間 | 6-10 溫暖",66.4244493614399,2.57194127739576,160,5.1150895140665,4.44068736179837,4.44068736179837,0.726589716812988,0.726589716812988
3,"edu × party_kmt × party_tpp","大學及以上 | 6-10 溫暖 | 0-4 冷淡",59.356748398045,2.29828132208121,129,4.12404092071611,3.4308335058913,3.4308335058913,0.492782225103979,0.492782225103979
3,"edu × party_kmt × party_tpp","大學及以上 | 6-10 溫暖 | 5 中間",62.6165347573481,2.42449959221489,103,3.29283887468031,2.99944928815349,2.99944928815349,0.237141593170305,0.237141593170305
3,"edu × party_kmt × party_tpp","大學及以上 | 6-10 溫暖 | 6-10 溫暖",126.166462150062,4.88513995894867,216,6.90537084398977,3.79181628779655,3.79181628779655,-0.223806007676271,-0.223806007676271
3,"edu × party_dpp × party_tpp","高中職及以下 | 0-4 冷淡 | 0-4 冷淡",193.414636280331,7.48897569319779,114,3.64450127877238,13.5879286201097,13.5879286201097,0.81439080279718,0.81439080279718
3,"edu × party_dpp × party_tpp","高中職及以下 | 0-4 冷淡 | 5 中間",120.761776664442,4.67587162740153,42,1.34271099744246,5.20766542222176,5.20766542222176,0.11373147879078,0.11373147879078
3,"edu × party_dpp × party_tpp","高中職及以下 | 0-4 冷淡 | 6-10 溫暖",85.9654444428262,3.32856466433166,27,0.863171355498721,2.37435629473075,2.37435629473075,-0.286672624938325,-0.286672624938325
3,"edu × party_dpp × party_tpp","高中職及以下 | 5 中間 | 0-4 冷淡",120.048629279064,4.64825870452521,25,0.79923273657289,3.36597751283811,3.36597751283811,-0.275862698958377,-0.275862698958377
3,"edu × party_dpp × party_tpp","高中職及以下 | 5 中間 | 5 中間",172.162822156587,6.66610973811875,31,0.991048593350384,4.70654191909004,4.70654191909004,-0.293959730039147,-0.293959730039147
3,"edu × party_dpp × party_tpp","高中職及以下 | 5 中間 | 6-10 溫暖",41.629126508187,1.61187137925286,11,0.351662404092072,1.29150328238428,1.29150328238428,-0.1987553727873,-0.1987553727873
3,"edu × party_dpp × party_tpp","高中職及以下 | 6-10 溫暖 | 0-4 冷淡",347.168606226734,13.442298387931,57,1.82225063938619,8.28370745585655,8.28370745585655,-0.38375810320548,-0.38375810320548
3,"edu × party_dpp × party_tpp","高中職及以下 | 6-10 溫暖 | 5 中間",47.6032510558323,1.84318827639092,18,0.575447570332481,2.41202525433766,2.41202525433766,0.308615774759897,0.308615774759897
3,"edu × party_dpp × party_tpp","高中職及以下 | 6-10 溫暖 | 6-10 溫暖",46.3477895722504,1.79457706105009,31,0.991048593350384,4.27000977063133,4.27000977063133,1.37939616152942,1.37939616152942
3,"edu × party_dpp × party_tpp","專科 | 0-4 冷淡 | 0-4 冷淡",50.4337758577739,1.95278562563191,96,3.0690537084399,3.86251091014759,3.86251091014759,0.977949273821449,0.977949273821449
3,"edu × party_dpp × party_tpp","專科 | 0-4 冷淡 | 5 中間",42.8764027909615,1.66016566526989,33,1.05498721227621,1.18203647666426,1.18203647666426,-0.288000889675005,-0.288000889675005
3,"edu × party_dpp × party_tpp","專科 | 0-4 冷淡 | 6-10 溫暖",39.7826389106524,1.54037575202595,35,1.11892583120205,0.837605406312718,0.837605406312718,-0.456233061828535,-0.456233061828535
3,"edu × party_dpp × party_tpp","專科 | 5 中間 | 0-4 冷淡",22.7745819639999,0.881827218618204,17,0.543478260869565,1.04550057818784,1.04550057818784,0.185607062374538,0.185607062374538
3,"edu × party_dpp × party_tpp","專科 | 5 中間 | 5 中間",46.77833226397,1.81124758720665,25,0.79923273657289,1.33618064613597,1.33618064613597,-0.262287135356982,-0.262287135356982
3,"edu × party_dpp × party_tpp","專科 | 5 中間 | 6-10 溫暖",10.1263105883166,0.392088702882648,7,0.223785166240409,0.310540074475545,0.310540074475545,-0.207985151848434,-0.207985151848434
3,"edu × party_dpp × party_tpp","專科 | 6-10 溫暖 | 0-4 冷淡",66.4609333443214,2.57335392985188,44,1.40664961636829,1.84002075493029,1.84002075493029,-0.284971750840272,-0.284971750840272
3,"edu × party_dpp × party_tpp","專科 | 6-10 溫暖 | 5 中間",15.3478416634181,0.594265332608001,14,0.447570332480818,0.621990162554267,0.621990162554267,0.0466539581311146,0.0466539581311146
3,"edu × party_dpp × party_tpp","專科 | 6-10 溫暖 | 6-10 溫暖",10.0664536147999,0.389771052944898,18,0.575447570332481,0.759495857631499,0.759495857631499,0.94856917129469,0.94856917129469
3,"edu × party_dpp × party_tpp","大學及以上 | 0-4 冷淡 | 0-4 冷淡",204.954432597,7.93579427829562,719,22.9859335038363,7.11689827494425,7.11689827494425,-0.1031901753793,-0.1031901753793
3,"edu × party_dpp × party_tpp","大學及以上 | 0-4 冷淡 | 5 中間",120.733820434833,4.67478916783153,259,8.28005115089514,3.22836863935134,3.22836863935134,-0.30940871909976,-0.30940871909976
3,"edu × party_dpp × party_tpp","大學及以上 | 0-4 冷淡 | 6-10 溫暖",175.860790418217,6.80929432310243,415,13.26726342711,2.66924675260602,2.66924675260602,-0.607999503920713,-0.607999503920713
3,"edu × party_dpp × party_tpp","大學及以上 | 5 中間 | 0-4 冷淡",64.4854224524113,2.49686254669864,161,5.14705882352941,3.91905696285756,3.91905696285756,0.569592594530019,0.569592594530019
3,"edu × party_dpp × party_tpp","大學及以上 | 5 中間 | 5 中間",150.671494252751,5.83396985779917,172,5.49872122762148,7.29246480956232,7.29246480956232,0.250000426350052,0.250000426350052
3,"edu × party_dpp × party_tpp","大學及以上 | 5 中間 | 6-10 溫暖",39.368180200058,1.52432799437344,92,2.94117647058824,2.59879794394388,2.59879794394388,0.704881071223843,0.704881071223843
3,"edu × party_dpp × party_tpp","大學及以上 | 6-10 溫暖 | 0-4 冷淡",240.57280583172,9.31493050353685,354,11.3171355498721,7.71348581841529,7.71348581841529,-0.171922343866494,-0.171922343866494
3,"edu × party_dpp × party_tpp","大學及以上 | 6-10 溫暖 | 5 中間",52.0196046783674,2.0141885976065,115,3.67647058823529,3.78652252031529,3.78652252031529,0.879924513928285,0.879924513928285
3,"edu × party_dpp × party_tpp","大學及以上 | 6-10 溫暖 | 6-10 溫暖",54.2421817015942,2.10024633151595,196,6.26598465473146,4.37956187876387,4.37956187876387,1.08526105392729,1.08526105392729
3,"arear × party_kmt × party_dpp","北北基宜蘭區 | 0-4 冷淡 | 0-4 冷淡",125.090867732913,4.84349316012994,445,14.2263427109974,4.8239592955617,4.8239592955617,-0.00403301169681531,-0.00403301169681531
3,"arear × party_kmt × party_dpp","北北基宜蘭區 | 0-4 冷淡 | 5 中間",35.7794513980433,1.3853731392258,104,3.32480818414322,2.50412513195547,2.50412513195547,0.807545607066469,0.807545607066469
3,"arear × party_kmt × party_dpp","北北基宜蘭區 | 0-4 冷淡 | 6-10 溫暖",208.063404885876,8.05617305805077,264,8.43989769820972,6.3999133075363,6.3999133075363,-0.205588899168361,-0.205588899168361
3,"arear × party_kmt × party_dpp","北北基宜蘭區 | 5 中間 | 0-4 冷淡",71.5558415072576,2.77062774596578,116,3.70843989769821,3.87661098798884,3.87661098798884,0.399181464790222,0.399181464790222
3,"arear × party_kmt × party_dpp","北北基宜蘭區 | 5 中間 | 5 中間",127.153075968836,4.92334144695118,86,2.74936061381074,4.69350069766258,4.69350069766258,-0.0466838938077171,-0.0466838938077171
3,"arear × party_kmt × party_dpp","北北基宜蘭區 | 5 中間 | 6-10 溫暖",30.6670160051269,1.18742067230337,33,1.05498721227621,1.75122563753569,1.75122563753569,0.474814847326724,0.474814847326724
3,"arear × party_kmt × party_dpp","北北基宜蘭區 | 6-10 溫暖 | 0-4 冷淡",170.285532409245,6.593421457866,185,5.91432225063939,5.27037645410944,5.27037645410944,-0.200661373190115,-0.200661373190115
3,"arear × party_kmt × party_dpp","北北基宜蘭區 | 6-10 溫暖 | 5 中間",22.8362327187374,0.884214323402908,27,0.863171355498721,1.35450005350768,1.35450005350768,0.531868482173948,0.531868482173948
3,"arear × party_kmt × party_dpp","北北基宜蘭區 | 6-10 溫暖 | 6-10 溫暖",42.1273726045164,1.63116336757599,38,1.21483375959079,1.60101680561421,1.60101680561421,-0.0184816325335789,-0.0184816325335789
3,"arear × party_kmt × party_dpp","桃竹苗區 | 0-4 冷淡 | 0-4 冷淡",55.6096508159499,2.15319445972154,174,5.56265984654731,2.71896332592545,2.71896332592545,0.262757905422568,0.262757905422568
3,"arear × party_kmt × party_dpp","桃竹苗區 | 0-4 冷淡 | 5 中間",20.00734148261,0.774680225500656,31,0.991048593350384,1.09759608278553,1.09759608278553,0.416837614612128,0.416837614612128
3,"arear × party_kmt × party_dpp","桃竹苗區 | 0-4 冷淡 | 6-10 溫暖",77.8323633548105,3.01365340554421,76,2.42966751918159,2.55502343166503,2.55502343166503,-0.1521840477858,-0.1521840477858
3,"arear × party_kmt × party_dpp","桃竹苗區 | 5 中間 | 0-4 冷淡",47.5817781196164,1.84235684863305,41,1.31074168797954,1.94916585294798,1.94916585294798,0.0579741131009368,0.0579741131009368
3,"arear × party_kmt × party_dpp","桃竹苗區 | 5 中間 | 5 中間",81.121268615216,3.14099915365351,34,1.08695652173913,2.41531554338303,2.41531554338303,-0.231035913978641,-0.231035913978641
3,"arear × party_kmt × party_dpp","桃竹苗區 | 5 中間 | 6-10 溫暖",14.7987037721413,0.573002824252503,20,0.639386189258312,1.10459501359086,1.10459501359086,0.927730487248181,0.927730487248181
3,"arear × party_kmt × party_dpp","桃竹苗區 | 6-10 溫暖 | 0-4 冷淡",83.9579313367351,3.25083416190214,53,1.69437340153453,1.82338073567418,1.82338073567418,-0.439103736190813,-0.439103736190813
3,"arear × party_kmt × party_dpp","桃竹苗區 | 6-10 溫暖 | 5 中間",24.7574835127667,0.958604766513782,14,0.447570332480818,1.01220458693297,1.01220458693297,0.0559144104969535,0.0559144104969535
3,"arear × party_kmt × party_dpp","桃竹苗區 | 6-10 溫暖 | 6-10 溫暖",24.9851485000838,0.967419908888729,30,0.959079283887468,1.99850118170502,1.99850118170502,1.06580530681934,1.06580530681934
3,"arear × party_kmt × party_dpp","中彰投區 | 0-4 冷淡 | 0-4 冷淡",74.1492710587896,2.87104481494754,159,5.08312020460358,2.66656043461346,2.66656043461346,-0.071222984493129,-0.071222984493129
3,"arear × party_kmt × party_dpp","中彰投區 | 0-4 冷淡 | 5 中間",20.483736285023,0.79312613613208,35,1.11892583120205,1.27265138151441,1.27265138151441,0.60460149216729,0.60460149216729
3,"arear × party_kmt × party_dpp","中彰投區 | 0-4 冷淡 | 6-10 溫暖",95.7131171149502,3.70599258349379,96,3.0690537084399,3.68829599874711,3.68829599874711,-0.00477512686493104,-0.00477512686493104
3,"arear × party_kmt × party_dpp","中彰投區 | 5 中間 | 0-4 冷淡",51.7423045634684,2.00345159310602,42,1.34271099744246,1.36602028385707,1.36602028385707,-0.318166563865275,-0.318166563865275
3,"arear × party_kmt × party_dpp","中彰投區 | 5 中間 | 5 中間",95.1151933838704,3.68284109726421,47,1.50255754475703,3.53264814290766,3.53264814290766,-0.0407818177298288,-0.0407818177298288
3,"arear × party_kmt × party_dpp","中彰投區 | 5 中間 | 6-10 溫暖",19.3858286477221,0.750615373930996,20,0.639386189258312,1.0571712946323,1.0571712946323,0.408406130953407,0.408406130953407
3,"arear × party_kmt × party_dpp","中彰投區 | 6-10 溫暖 | 0-4 冷淡",92.5828716859951,3.58479011204684,67,2.14194373401535,2.96134554060333,2.96134554060333,-0.173913828134149,-0.173913828134149
3,"arear × party_kmt × party_dpp","中彰投區 | 6-10 溫暖 | 5 中間",16.8275448651969,0.651559142034126,9,0.28772378516624,0.324258982476219,0.324258982476219,-0.502333769020717,-0.502333769020717
3,"arear × party_kmt × party_dpp","中彰投區 | 6-10 溫暖 | 6-10 溫暖",20.9550510743885,0.811375349683256,32,1.0230179028133,1.98584414328727,1.98584414328727,1.4475036665367,1.4475036665367
3,"arear × party_kmt × party_dpp","雲嘉南區 | 0-4 冷淡 | 0-4 冷淡",45.2941638507581,1.75378088569474,137,4.37979539641944,2.21185913610033,2.21185913610033,0.261194687513157,0.261194687513157
3,"arear × party_kmt × party_dpp","雲嘉南區 | 0-4 冷淡 | 5 中間",26.441122065581,1.02379491158575,34,1.08695652173913,1.08787436761221,1.08787436761221,0.0625901294305228,0.0625901294305228
3,"arear × party_kmt × party_dpp","雲嘉南區 | 0-4 冷淡 | 6-10 溫暖",110.58450700857,4.2818097997047,80,2.55754475703325,3.64753982919707,3.64753982919707,-0.148131280971747,-0.148131280971747
3,"arear × party_kmt × party_dpp","雲嘉南區 | 5 中間 | 0-4 冷淡",30.4515738576046,1.17907879581918,17,0.543478260869565,1.16106051033234,1.16106051033234,-0.0152816635756054,-0.0152816635756054
3,"arear × party_kmt × party_dpp","雲嘉南區 | 5 中間 | 5 中間",63.4547675119585,2.45695579535053,28,0.895140664961637,1.75278488185134,1.75278488185134,-0.286603004755615,-0.286603004755615
3,"arear × party_kmt × party_dpp","雲嘉南區 | 5 中間 | 6-10 溫暖",16.3959991308309,0.634849778268675,12,0.383631713554987,0.526105557091434,0.526105557091434,-0.171291264326817,-0.171291264326817
3,"arear × party_kmt × party_dpp","雲嘉南區 | 6-10 溫暖 | 0-4 冷淡",38.3958823576123,1.48668081808596,50,1.59846547314578,3.01298593545354,3.01298593545354,1.026652862403,1.026652862403
3,"arear × party_kmt × party_dpp","雲嘉南區 | 6-10 溫暖 | 5 中間",12.9408078687277,0.501065469723708,8,0.255754475703325,0.290956886556547,0.290956886556547,-0.419323613105922,-0.419323613105922
3,"arear × party_kmt × party_dpp","雲嘉南區 | 6-10 溫暖 | 6-10 溫暖",27.2146047329734,1.05374400440837,15,0.479539641943734,0.680593154446762,0.680593154446762,-0.354119072944203,-0.354119072944203
3,"arear × party_kmt × party_dpp","高屏區 | 0-4 冷淡 | 0-4 冷淡",54.0304170408422,2.09204684657753,145,4.63554987212276,1.9626554555408,1.9626554555408,-0.0618491843279747,-0.0618491843279747
3,"arear × party_kmt × party_dpp","高屏區 | 0-4 冷淡 | 5 中間",17.5882908878153,0.68101507454085,34,1.08695652173913,1.09394622939329,1.09394622939329,0.606346570420408,0.606346570420408
3,"arear × party_kmt × party_dpp","高屏區 | 0-4 冷淡 | 6-10 溫暖",122.862397161772,4.75720722923434,79,2.52557544757033,4.15026893719504,4.15026893719504,-0.127582899544401,-0.127582899544401
3,"arear × party_kmt × party_dpp","高屏區 | 5 中間 | 0-4 冷淡",23.2282434353479,0.899392899257497,35,1.11892583120205,1.21964868064925,1.21964868064925,0.356079953106304,0.356079953106304
3,"arear × party_kmt × party_dpp","高屏區 | 5 中間 | 5 中間",83.9756888159657,3.25152172791518,31,0.991048593350384,2.31634832717917,2.31634832717917,-0.287610995401722,-0.287610995401722
3,"arear × party_kmt × party_dpp","高屏區 | 5 中間 | 6-10 溫暖",26.4980210997708,1.02599803070956,24,0.767263427109974,1.46827413293008,1.46827413293008,0.431069153139262,0.431069153139262
3,"arear × party_kmt × party_dpp","高屏區 | 6-10 溫暖 | 0-4 冷淡",42.6192761772047,1.65020977466341,50,1.59846547314578,1.72580502791721,1.72580502791721,0.0458094809608183,0.0458094809608183
3,"arear × party_kmt × party_dpp","高屏區 | 6-10 溫暖 | 5 中間",6.0888773852167,0.235760103856146,9,0.28772378516624,0.513341441208325,0.513341441208325,1.17738893397142,1.17738893397142
3,"arear × party_kmt × party_dpp","高屏區 | 6-10 溫暖 | 6-10 溫暖",20.7409757470063,0.803086396199121,18,0.575447570332481,0.94594985094043,0.94594985094043,0.177893008046778,0.177893008046778
3,"arear × party_kmt × party_dpp","花東區 | 0-4 冷淡 | 0-4 冷淡",4.30196647419607,0.166571273910787,10,0.319693094629156,0.382082749209899,0.382082749209899,1.29380937204417,1.29380937204417
3,"arear × party_kmt × party_dpp","花東區 | 0-4 冷淡 | 5 中間",2.84883629270417,0.110306366468766,6,0.191815856777494,0.229829441219071,0.229829441219071,1.08355554240969,1.08355554240969
3,"arear × party_kmt × party_dpp","花東區 | 0-4 冷淡 | 6-10 溫暖",12.3363304099761,0.477660224480969,9,0.28772378516624,0.447779059172667,0.447779059172667,-0.0625573656269383,-0.0625573656269383
3,"arear × party_kmt × party_dpp","花東區 | 5 中間 | 0-4 冷淡",3.68020734220443,0.142496885766963,4,0.127877237851662,0.234764379762132,0.234764379762132,0.647505336685475,0.647505336685475
3,"arear × party_kmt × party_dpp","花東區 | 5 中間 | 5 中間",5.02540794827966,0.194582781824855,4,0.127877237851662,0.374681551330018,0.374681551330018,0.925563751407726,0.925563751407726
3,"arear × party_kmt × party_dpp","花東區 | 5 中間 | 6-10 溫暖",3.62574267027601,0.140388024658754,0,0,0,0,-1,-1
3,"arear × party_kmt × party_dpp","花東區 | 6-10 溫暖 | 0-4 冷淡",20.2259386312966,0.783144262993368,10,0.319693094629156,0.699372010841467,0.699372010841467,-0.106969119369786,-0.106969119369786
3,"arear × party_kmt × party_dpp","花東區 | 6-10 溫暖 | 5 中間",5.59977265879698,0.21682206753155,0,0,0,0,-1,-1
3,"arear × party_kmt × party_dpp","花東區 | 6-10 溫暖 | 6-10 溫暖",5.0428837682466,0.195259442048032,1,0.0319693094629156,0.0587221381487818,0.0587221381487818,-0.69926095489745,-0.69926095489745
3,"arear × party_kmt × party_tpp","北北基宜蘭區 | 0-4 冷淡 | 0-4 冷淡",285.29903621767,11.0467211200612,515,16.4641943734015,10.2771150845069,10.2771150845069,-0.0696682777803309,-0.0696682777803309
3,"arear × party_kmt × party_tpp","北北基宜蘭區 | 0-4 冷淡 | 5 中間",38.971826722678,1.50898126769805,128,4.0920716112532,1.82775680793291,1.82775680793291,0.211252152070218,0.211252152070218
3,"arear × party_kmt × party_tpp","北北基宜蘭區 | 0-4 冷淡 | 6-10 溫暖",44.6628610764834,1.72933696964726,170,5.43478260869565,1.62312584261364,1.62312584261364,-0.0614172534895129,-0.0614172534895129
3,"arear × party_kmt × party_tpp","北北基宜蘭區 | 5 中間 | 0-4 冷淡",67.2936506208144,2.60559657478762,66,2.10997442455243,3.13460914048307,3.13460914048307,0.203029344916365,0.203029344916365
3,"arear × party_kmt × party_tpp","北北基宜蘭區 | 5 中間 | 5 中間",120.887954190705,4.6807571957607,85,2.71739130434783,4.49842273021263,4.49842273021263,-0.038954053355557,-0.038954053355557
3,"arear × party_kmt × party_tpp","北北基宜蘭區 | 5 中間 | 6-10 溫暖",41.1943286697006,1.59503609467202,84,2.68542199488491,2.68830545249141,2.68830545249141,0.685419823081933,0.685419823081933
3,"arear × party_kmt × party_tpp","北北基宜蘭區 | 6-10 溫暖 | 0-4 冷淡",74.7942811198988,2.89601947437566,82,2.62148337595908,3.64463982969829,3.64463982969829,0.258499765608111,0.258499765608111
3,"arear × party_kmt × party_tpp","北北基宜蘭區 | 6-10 溫暖 | 5 中間",74.4669634309609,2.88334579950001,70,2.23785166240409,2.86529250750418,2.86529250750418,-0.00626123026900267,-0.00626123026900267
3,"arear × party_kmt × party_tpp","北北基宜蘭區 | 6-10 溫暖 | 6-10 溫暖",85.9878931816396,3.32943387496923,98,3.13299232736573,1.71596097602886,1.71596097602886,-0.484608783214017,-0.484608783214017
3,"arear × party_kmt × party_tpp","桃竹苗區 | 0-4 冷淡 | 0-4 冷淡",120.079773694,4.64946460998776,161,5.14705882352941,4.43184550507435,4.43184550507435,-0.0468051965479921,-0.0468051965479921
3,"arear × party_kmt × party_tpp","桃竹苗區 | 0-4 冷淡 | 5 中間",22.502663619004,0.871298595162543,57,1.82225063938619,1.1762949614462,1.1762949614462,0.350048040909275,0.350048040909275
3,"arear × party_kmt × party_tpp","桃竹苗區 | 0-4 冷淡 | 6-10 溫暖",10.8669183403669,0.420764885616098,63,2.01406649616368,0.763442373855469,0.763442373855469,0.81441560347321,0.81441560347321
3,"arear × party_kmt × party_tpp","桃竹苗區 | 5 中間 | 0-4 冷淡",44.4220847501676,1.72001415887164,26,0.831202046035806,1.71759291765987,1.71759291765987,-0.00140768679099521,-0.00140768679099521
3,"arear × party_kmt × party_tpp","桃竹苗區 | 5 中間 | 5 中間",74.5807450977268,2.88775140268045,32,1.0230179028133,2.29712627789161,2.29712627789161,-0.204527690382427,-0.204527690382427
3,"arear × party_kmt × party_tpp","桃竹苗區 | 5 中間 | 6-10 溫暖",24.4989206590792,0.948593264986964,37,1.18286445012788,1.4543572143704,1.4543572143704,0.533172612595335,0.533172612595335
3,"arear × party_kmt × party_tpp","桃竹苗區 | 6-10 溫暖 | 0-4 冷淡",33.9014722422156,1.31265816521555,27,0.863171355498721,1.5572626017498,1.5572626017498,0.186342829394647,0.186342829394647
3,"arear × party_kmt × party_tpp","桃竹苗區 | 6-10 溫暖 | 5 中間",38.6354755832062,1.49595781944033,18,0.575447570332481,0.830881663905403,0.830881663905403,-0.44458215792725,-0.44458215792725
3,"arear × party_kmt × party_tpp","桃竹苗區 | 6-10 溫暖 | 6-10 溫暖",61.1636155241637,2.36824285264878,52,1.66240409207161,2.44594223865697,2.44594223865697,0.0328088759652709,0.0328088759652709
3,"arear × party_kmt × party_tpp","中彰投區 | 0-4 冷淡 | 0-4 冷淡",147.898374600816,5.7265952243843,181,5.78644501278772,5.66904683195994,5.66904683195994,-0.0100493207865143,-0.0100493207865143
3,"arear × party_kmt × party_tpp","中彰投區 | 0-4 冷淡 | 5 中間",24.4657362446807,0.94730837115678,47,1.50255754475703,1.23810085939769,1.23810085939769,0.306967083892454,0.306967083892454
3,"arear × party_kmt × party_tpp","中彰投區 | 0-4 冷淡 | 6-10 溫暖",17.9820136132664,0.696259939032329,62,1.98209718670077,0.720360123517352,0.720360123517352,0.0346137744453855,0.0346137744453855
3,"arear × party_kmt × party_tpp","中彰投區 | 5 中間 | 0-4 冷淡",47.0432281065687,1.82150430078635,29,0.927109974424552,1.34682834710453,1.34682834710453,-0.260595571186358,-0.260595571186358
3,"arear × party_kmt × party_tpp","中彰投區 | 5 中間 | 5 中間",95.5676538434507,3.70036027497017,49,1.56649616368286,3.45437948564379,3.45437948564379,-0.0664748216518922,-0.0664748216518922
3,"arear × party_kmt × party_tpp","中彰投區 | 5 中間 | 6-10 溫暖",23.6324446450416,0.9150434885447,31,0.991048593350384,1.15463188864872,1.15463188864872,0.261832801504399,0.261832801504399
3,"arear × party_kmt × party_tpp","中彰投區 | 6-10 溫暖 | 0-4 冷淡",33.5308425977984,1.29830746016241,32,1.0230179028133,1.60708512307616,1.60708512307616,0.237830924020972,0.237830924020972
3,"arear × party_kmt × party_tpp","中彰投區 | 6-10 溫暖 | 5 中間",35.3266650979775,1.36784134504197,28,0.895140664961637,1.72129814719887,1.72129814719887,0.258404824096068,0.258404824096068
3,"arear × party_kmt × party_tpp","中彰投區 | 6-10 溫暖 | 6-10 溫暖",61.5079599298046,2.38157579855984,48,1.53452685421995,1.94306539609179,1.94306539609179,-0.184126158291171,-0.184126158291171
3,"arear × party_kmt × party_tpp","雲嘉南區 | 0-4 冷淡 | 0-4 冷淡",146.96018902451,5.69026886815922,175,5.59462915601023,5.13343943173144,5.13343943173144,-0.0978564368976667,-0.0978564368976667
3,"arear × party_kmt × party_tpp","雲嘉南區 | 0-4 冷淡 | 5 中間",20.1480562448497,0.780128672703792,34,1.08695652173913,1.17640075818375,1.17640075818375,0.507957340045649,0.507957340045649
3,"arear × party_kmt × party_tpp","雲嘉南區 | 0-4 冷淡 | 6-10 溫暖",15.2115476555497,0.588988056122186,42,1.34271099744246,0.637433142994421,0.637433142994421,0.0822513909555169,0.0822513909555169
3,"arear × party_kmt × party_tpp","雲嘉南區 | 5 中間 | 0-4 冷淡",30.2636009565873,1.17180052301744,19,0.607416879795396,1.51715843003846,1.51715843003846,0.294724144798733,0.294724144798733
3,"arear × party_kmt × party_tpp","雲嘉南區 | 5 中間 | 5 中間",61.7147437683565,2.3895824270676,28,0.895140664961637,1.49903929231874,1.49903929231874,-0.372677303223099,-0.372677303223099
3,"arear × party_kmt × party_tpp","雲嘉南區 | 5 中間 | 6-10 溫暖",18.3239957754502,0.709501419353344,10,0.319693094629156,0.423753226917922,0.423753226917922,-0.402745061025895,-0.402745061025895
3,"arear × party_kmt × party_tpp","雲嘉南區 | 6-10 溫暖 | 0-4 冷淡",21.126292175546,0.81800577057026,29,0.927109974424552,1.90128690136617,1.90128690136617,1.32429521865196,1.32429521865196
3,"arear × party_kmt × party_tpp","雲嘉南區 | 6-10 溫暖 | 5 中間",27.1974859760048,1.05308116959244,14,0.447570332480818,1.13561852746475,1.13561852746475,0.078377014284898,0.078377014284898
3,"arear × party_kmt × party_tpp","雲嘉南區 | 6-10 溫暖 | 6-10 溫暖",30.2275168077626,1.17040335205533,30,0.959079283887468,0.947630547625937,0.947630547625937,-0.190338488041907,-0.190338488041907
3,"arear × party_kmt × party_tpp","高屏區 | 0-4 冷淡 | 0-4 冷淡",167.600150062045,6.48944399518848,170,5.43478260869565,4.88048854647709,4.88048854647709,-0.247934252904307,-0.247934252904307
3,"arear × party_kmt × party_tpp","高屏區 | 0-4 冷淡 | 5 中間",16.5858879743808,0.642202235978718,51,1.6304347826087,1.80479512402642,1.80479512402642,1.81032208066967,1.81032208066967
3,"arear × party_kmt × party_tpp","高屏區 | 0-4 冷淡 | 6-10 溫暖",10.2950670540033,0.398622919185524,37,1.18286445012788,0.521586951625627,0.521586951625627,0.30847205848411,0.30847205848411
3,"arear × party_kmt × party_tpp","高屏區 | 5 中間 | 0-4 冷淡",39.5031075285155,1.5295523533082,29,0.927109974424552,1.40491792353983,1.40491792353983,-0.0814842522381166,-0.0814842522381166
3,"arear × party_kmt × party_tpp","高屏區 | 5 中間 | 5 中間",74.5495454881287,2.88654336009169,36,1.15089514066496,2.51132227796125,2.51132227796125,-0.129989761220324,-0.129989761220324
3,"arear × party_kmt × party_tpp","高屏區 | 5 中間 | 6-10 溫暖",19.6493003344402,0.760816944482348,25,0.79923273657289,1.08803093925741,1.08803093925741,0.430082422780028,0.430082422780028
3,"arear × party_kmt × party_tpp","高屏區 | 6-10 溫暖 | 0-4 冷淡",21.1377200190654,0.818448254365635,23,0.735294117647059,1.33968510897091,1.33968510897091,0.636859876998913,0.636859876998913
3,"arear × party_kmt × party_tpp","高屏區 | 6-10 溫暖 | 5 中間",26.2845023819638,1.01773062903587,19,0.607416879795396,0.901045259735463,0.901045259735463,-0.114652508209318,-0.114652508209318
3,"arear × party_kmt × party_tpp","高屏區 | 6-10 溫暖 | 6-10 溫暖",22.0269069083986,0.852877391317166,35,1.11892583120205,0.944365951359591,0.944365951359591,0.107270471669008,0.107270471669008
3,"arear × party_kmt × party_tpp","花東區 | 0-4 冷淡 | 0-4 冷淡",15.3038889486783,0.592563492361229,17,0.543478260869565,0.778900504677392,0.778900504677392,0.314459150315949,0.314459150315949
3,"arear × party_kmt × party_tpp","花東區 | 0-4 冷淡 | 5 中間",2.16479050344241,0.0838202515224763,5,0.159846547314578,0.124363409641027,0.124363409641027,0.483691678110504,0.483691678110504
3,"arear × party_kmt × party_tpp","花東區 | 0-4 冷淡 | 6-10 溫暖",2.01845372475568,0.078154120976816,3,0.0959079283887468,0.156427335283218,0.156427335283218,1.00152382661461,1.00152382661461
3,"arear × party_kmt × party_tpp","花東區 | 5 中間 | 0-4 冷淡",5.00687081315561,0.193865027692927,3,0.0959079283887468,0.196088673244523,0.196088673244523,0.0114700705849743,0.0114700705849743
3,"arear × party_kmt × party_tpp","花東區 | 5 中間 | 5 中間",5.62534711568286,0.217812305342237,3,0.0959079283887468,0.219119744387137,0.219119744387137,0.0060025949536949,0.0060025949536949
3,"arear × party_kmt × party_tpp","花東區 | 5 中間 | 6-10 溫暖",1.69914003192162,0.0657903592154073,2,0.0639386189258312,0.19423751346049,0.19423751346049,1.95237046547395,1.95237046547395
3,"arear × party_kmt × party_tpp","花東區 | 6-10 溫暖 | 0-4 冷淡",9.14926035530397,0.354257514991266,3,0.0959079283887468,0.197095986928474,0.197095986928474,-0.443636398416747,-0.443636398416747
3,"arear × party_kmt × party_tpp","花東區 | 6-10 溫暖 | 5 中間",9.27930267796221,0.359292727487093,5,0.159846547314578,0.492538015381107,0.492538015381107,0.370854397265253,0.370854397265253
3,"arear × party_kmt × party_tpp","花東區 | 6-10 溫暖 | 6-10 溫暖",12.440032025074,0.481675530094591,3,0.0959079283887468,0.0684601466806682,0.0684601466806682,-0.857870822984875,-0.857870822984875
3,"arear × party_dpp × party_tpp","北北基宜蘭區 | 0-4 冷淡 | 0-4 冷淡",142.124649128936,5.50303773902712,392,12.5319693094629,9.0286266643691,9.0286266643691,0.640662320074379,0.640662320074379
3,"arear × party_dpp × party_tpp","北北基宜蘭區 | 0-4 冷淡 | 5 中間",104.642982323684,4.05175516267528,141,4.5076726342711,3.15076126004273,3.15076126004273,-0.222371260468178,-0.222371260468178
3,"arear × party_dpp × party_tpp","北北基宜蘭區 | 0-4 冷淡 | 6-10 溫暖",120.164610196796,4.65274946225932,213,6.80946291560102,1.79155881324814,1.79155881324814,-0.614946210239701,-0.614946210239701
3,"arear × party_dpp × party_tpp","北北基宜蘭區 | 5 中間 | 0-4 冷淡",60.741791106567,2.35190989630725,81,2.58951406649616,2.80288269406816,2.80288269406816,0.191747480832062,0.191747480832062
3,"arear × party_dpp × party_tpp","北北基宜蘭區 | 5 中間 | 5 中間",100.743358649023,3.90076252078532,92,2.94117647058824,4.47036217646858,4.47036217646858,0.146022643687776,0.146022643687776
3,"arear × party_dpp × party_tpp","北北基宜蘭區 | 5 中間 | 6-10 溫暖",24.2836103300263,0.940256492487312,44,1.40664961636829,1.27888101258899,1.27888101258899,0.36014058164692,0.36014058164692
3,"arear × party_dpp × party_tpp","北北基宜蘭區 | 6-10 溫暖 | 0-4 冷淡",224.520527722881,8.6933895338901,190,6.07416879795396,5.22485469625103,5.22485469625103,-0.398985323747133,-0.398985323747133
3,"arear × party_dpp × party_tpp","北北基宜蘭區 | 6-10 溫暖 | 5 中間",28.9404033716372,1.12056657949815,50,1.59846547314578,1.5703486091384,1.5703486091384,0.401388045895212,0.401388045895212
3,"arear × party_dpp × party_tpp","北北基宜蘭區 | 6-10 溫暖 | 6-10 溫暖",27.3968624010013,1.06080098454187,95,3.03708439897698,2.95695244529679,2.95695244529679,1.78747143751362,1.78747143751362
3,"arear × party_dpp × party_tpp","桃竹苗區 | 0-4 冷淡 | 0-4 冷淡",82.112286087231,3.17937115022101,129,4.12404092071611,3.69324368103234,3.69324368103234,0.161627097476684,0.161627097476684
3,"arear × party_dpp × party_tpp","桃竹苗區 | 0-4 冷淡 | 5 中間",48.9406975305988,1.89497393404902,59,1.88618925831202,1.7040131086855,1.7040131086855,-0.100772270231437,-0.100772270231437
3,"arear × party_dpp × party_tpp","桃竹苗區 | 0-4 冷淡 | 6-10 溫暖",56.0963766544716,2.17204038598669,80,2.55754475703325,1.09425312482977,1.09425312482977,-0.496209586207723,-0.496209586207723
3,"arear × party_dpp × party_tpp","桃竹苗區 | 5 中間 | 0-4 冷淡",37.5350585329508,1.45334989327594,28,0.895140664961637,1.70621211230084,1.70621211230084,0.173985782910766,0.173985782910766
3,"arear × party_dpp × party_tpp","桃竹苗區 | 5 中間 | 5 中間",66.0967605887342,2.55925323423148,25,0.79923273657289,1.51874456512203,1.51874456512203,-0.406567296737991,-0.406567296737991
3,"arear × party_dpp × party_tpp","桃竹苗區 | 5 中間 | 6-10 溫暖",22.2542744889077,0.861681018160516,26,0.831202046035806,1.30015953567867,1.30015953567867,0.508864078791247,0.508864078791247
3,"arear × party_dpp × party_tpp","桃竹苗區 | 6-10 溫暖 | 0-4 冷淡",78.755986066201,3.04941589057798,57,1.82225063938619,2.30724523115084,2.30724523115084,-0.243381252691799,-0.243381252691799
3,"arear × party_dpp × party_tpp","桃竹苗區 | 6-10 溫暖 | 5 中間",20.681426180604,0.80078064900282,23,0.735294117647059,1.08154522943567,1.08154522943567,0.350613592851525,0.350613592851525
3,"arear × party_dpp × party_tpp","桃竹苗區 | 6-10 溫暖 | 6-10 溫暖",18.1788033802305,0.703879599104633,46,1.47058823529412,2.2693291663744,2.2693291663744,2.22403031606696,2.22403031606696
3,"arear × party_dpp × party_tpp","中彰投區 | 0-4 冷淡 | 0-4 冷淡",97.726498783269,3.78395031546871,144,4.60358056265985,4.21022447153862,4.21022447153862,0.112653211731485,0.112653211731485
3,"arear × party_dpp × party_tpp","中彰投區 | 0-4 冷淡 | 5 中間",52.8808838633579,2.04753715387657,46,1.47058823529412,1.47437385441158,1.47437385441158,-0.279928155823613,-0.279928155823613
3,"arear × party_dpp × party_tpp","中彰投區 | 0-4 冷淡 | 6-10 溫暖",67.8670646616263,2.62779905075512,78,2.49360613810742,1.30932793312366,1.30932793312366,-0.501739703898816,-0.501739703898816
3,"arear × party_dpp × party_tpp","中彰投區 | 5 中間 | 0-4 冷淡",38.1217327950907,1.47606580233787,27,0.863171355498721,1.20108752105075,1.20108752105075,-0.186291343415446,-0.186291343415446
3,"arear × party_dpp × party_tpp","中彰投區 | 5 中間 | 5 中間",80.2849348769949,3.10861648004932,48,1.53452685421995,3.41085646420433,3.41085646420433,0.0972265270079952,0.0972265270079952
3,"arear × party_dpp × party_tpp","中彰投區 | 5 中間 | 6-10 溫暖",14.0198068620047,0.542844093043221,16,0.51150895140665,0.517614521643208,0.517614521643208,-0.0464766435213005,-0.0464766435213005
3,"arear × party_dpp × party_tpp","中彰投區 | 6-10 溫暖 | 0-4 冷淡",92.6242137268231,3.58639086752648,71,2.26982097186701,3.21164830955125,3.21164830955125,-0.104490160670548,-0.104490160670548
3,"arear × party_dpp × party_tpp","中彰投區 | 6-10 溫暖 | 5 中間",22.1942364457561,0.859356357243036,30,0.959079283887468,1.52854817362444,1.52854817362444,0.778712824710214,0.778712824710214
3,"arear × party_dpp × party_tpp","中彰投區 | 6-10 溫暖 | 6-10 溫暖",21.2355466644815,0.822236082338521,47,1.50255754475703,1.99111495349099,1.99111495349099,1.42158547436651,1.42158547436651
3,"arear × party_dpp × party_tpp","雲嘉南區 | 0-4 冷淡 | 0-4 冷淡",52.6722364467758,2.03945836800348,128,4.0920716112532,4.36472342303796,4.36472342303796,1.14013852477449,1.14013852477449
3,"arear × party_dpp × party_tpp","雲嘉南區 | 0-4 冷淡 | 5 中間",31.2509916837509,1.21003209275604,30,0.959079283887468,1.35911876908671,1.35911876908671,0.123208861337808,0.123208861337808
3,"arear × party_dpp × party_tpp","雲嘉南區 | 0-4 冷淡 | 6-10 溫暖",30.2183919354483,1.17005003884036,46,1.47058823529412,0.662063389761538,0.662063389761538,-0.434158054968564,-0.434158054968564
3,"arear × party_dpp × party_tpp","雲嘉南區 | 5 中間 | 0-4 冷淡",33.9216444105858,1.31343922750488,32,1.0230179028133,1.28875740050296,1.28875740050296,-0.0187917541101693,-0.0187917541101693
3,"arear × party_dpp × party_tpp","雲嘉南區 | 5 中間 | 5 中間",55.0802121613945,2.13269470183735,28,0.895140664961637,1.47143945500909,1.47143945500909,-0.310056214918422,-0.310056214918422
3,"arear × party_dpp × party_tpp","雲嘉南區 | 5 中間 | 6-10 溫暖",13.8348408742867,0.535682247317747,10,0.319693094629156,0.371419280508054,0.371419280508054,-0.306642543470846,-0.306642543470846
3,"arear × party_dpp × party_tpp","雲嘉南區 | 6-10 溫暖 | 0-4 冷淡",111.756201299281,4.32717756623855,63,2.01406649616368,2.89840393959514,2.89840393959514,-0.330186040385993,-0.330186040385993
3,"arear × party_dpp × party_tpp","雲嘉南區 | 6-10 溫暖 | 5 中間",22.7290821440656,0.880065474770446,18,0.575447570332481,0.980500353871437,0.980500353871437,0.114122053392888,0.114122053392888
3,"arear × party_dpp × party_tpp","雲嘉南區 | 6-10 溫暖 | 6-10 溫暖",19.7098274290276,0.763160541372747,26,0.831202046035806,0.975334247268689,0.975334247268689,0.278019753896462,0.278019753896462
3,"arear × party_dpp × party_tpp","高屏區 | 0-4 冷淡 | 0-4 冷淡",64.4575396738067,2.49578293113673,124,3.96419437340153,2.62542892899131,2.62542892899131,0.0519460231245072,0.0519460231245072
3,"arear × party_dpp × party_tpp","高屏區 | 0-4 冷淡 | 5 中間",37.0188916472872,1.43336401560552,51,1.6304347826087,1.45283512893625,1.45283512893625,0.0135842068858594,0.0135842068858594
3,"arear × party_dpp × party_tpp","高屏區 | 0-4 冷淡 | 6-10 溫暖",18.401505332301,0.71250257375618,55,1.75831202046036,0.829845106179695,0.829845106179695,0.164690678666474,0.164690678666474
3,"arear × party_dpp × party_tpp","高屏區 | 5 中間 | 0-4 冷淡",31.8590012656045,1.23357410109264,32,1.0230179028133,1.21130793716218,1.21130793716218,-0.0180501227374508,-0.0180501227374508
3,"arear × party_dpp × party_tpp","高屏區 | 5 中間 | 5 中間",62.0232142185466,2.40152634066158,31,0.991048593350384,2.20452601915152,2.20452601915152,-0.0820312974188724,-0.0820312974188724
3,"arear × party_dpp × party_tpp","高屏區 | 5 中間 | 6-10 溫暖",13.7706416048466,0.53319646455795,11,0.351662404092072,0.507802041467093,0.507802041467093,-0.0476267657024137,-0.0476267657024137
3,"arear × party_dpp × party_tpp","高屏區 | 6-10 溫暖 | 0-4 冷淡",131.924436670215,5.10808757063294,66,2.10997442455243,3.78835471283434,3.78835471283434,-0.258361439491743,-0.258361439491743
3,"arear × party_dpp × party_tpp","高屏區 | 6-10 溫暖 | 5 中間",18.3778299786394,0.711585868839173,24,0.767263427109974,1.55980151363537,1.55980151363537,1.19200743289058,1.19200743289058
3,"arear × party_dpp × party_tpp","高屏區 | 6-10 溫暖 | 6-10 溫暖",19.7991273596945,0.766618216670905,31,0.991048593350384,1.21633669459584,1.21633669459584,0.586626391266662,0.586626391266662
3,"arear × party_dpp × party_tpp","花東區 | 0-4 冷淡 | 0-4 冷淡",9.70963461508677,0.375955093268251,12,0.383631713554987,0.645090636232218,0.645090636232218,0.715871517058913,0.715871517058913
3,"arear × party_dpp × party_tpp","花東區 | 0-4 冷淡 | 5 中間",9.63755284155766,0.373164101540511,7,0.223785166240409,0.476968417074595,0.476968417074595,0.278173369586074,0.278173369586074
3,"arear × party_dpp × party_tpp","花東區 | 0-4 冷淡 | 6-10 溫暖",8.86092499105266,0.343093227862355,5,0.159846547314578,0.194160086506685,0.194160086506685,-0.434089423109863,-0.434089423109863
3,"arear × party_dpp × party_tpp","花東區 | 5 中間 | 0-4 冷淡",5.12940558467689,0.198609549323464,3,0.0959079283887468,0.120287388798624,0.120287388798624,-0.394352440714121,-0.394352440714121
3,"arear × party_dpp × party_tpp","花東區 | 5 中間 | 5 中間",5.38416817861437,0.208473905559506,4,0.127877237851662,0.259258694832773,0.259258694832773,0.24360261845227,0.24360261845227
3,"arear × party_dpp × party_tpp","花東區 | 5 中間 | 6-10 溫暖",2.96044313648954,0.1146277609422,3,0.0959079283887468,0.224964908917692,0.224964908917692,0.962569163600151,0.962569163600151
3,"arear × party_dpp × party_tpp","花東區 | 6-10 溫暖 | 0-4 冷淡",14.6209799173742,0.566121392453706,8,0.255754475703325,0.406707139819546,0.406707139819546,-0.281590229161313,-0.281590229161313
3,"arear × party_dpp × party_tpp","花東區 | 6-10 溫暖 | 5 中間",2.04771927691546,0.0792872772517883,2,0.0639386189258312,0.0997940575019034,0.0997940575019034,0.258638976654386,0.258638976654386
3,"arear × party_dpp × party_tpp","花東區 | 6-10 溫暖 | 6-10 溫暖",4.33625765420909,0.167899021482259,0,0,0,0,-1,-1
3,"party_kmt × party_dpp × party_tpp","0-4 冷淡 | 0-4 冷淡 | 0-4 冷淡",243.059612474178,9.41121915499163,653,20.8759590792839,10.7499695776409,10.7499695776409,0.142250477924447,0.142250477924447
3,"party_kmt × party_dpp × party_tpp","0-4 冷淡 | 0-4 冷淡 | 5 中間",54.1109495083091,2.09516504746952,174,5.56265984654731,2.21407378433957,2.21407378433957,0.0567538757930634,0.0567538757930634
3,"party_kmt × party_dpp × party_tpp","0-4 冷淡 | 0-4 冷淡 | 6-10 溫暖",61.305774990962,2.37374723852094,243,7.76854219948849,1.80203703497115,1.80203703497115,-0.240847127390874,-0.240847127390874
3,"party_kmt × party_dpp × party_tpp","0-4 冷淡 | 5 中間 | 0-4 冷淡",91.3127938591223,3.5356129548428,158,5.05115089514067,5.35304533055718,5.35304533055718,0.514036009859338,0.514036009859338
3,"party_kmt × party_dpp × party_tpp","0-4 冷淡 | 5 中間 | 5 中間",20.2770669383223,0.785123940725691,50,1.59846547314578,1.41853064228713,1.41853064228713,0.806760141559283,0.806760141559283
3,"party_kmt × party_dpp × party_tpp","0-4 冷淡 | 5 中間 | 6-10 溫暖",11.5589176143322,0.447558957885405,36,1.15089514066496,0.514446661635682,0.514446661635682,0.149450039088266,0.149450039088266
3,"party_kmt × party_dpp × party_tpp","0-4 冷淡 | 6-10 溫暖 | 0-4 冷淡",548.76900621442,21.2482252003078,408,13.0434782608696,15.067820996229,15.067820996229,-0.290866843974772,-0.290866843974772
3,"party_kmt × party_dpp × party_tpp","0-4 冷淡 | 6-10 溫暖 | 5 中間",50.4509448624042,1.95345040602715,98,3.13299232736573,3.71510749400129,3.71510749400129,0.901818179022483,0.901818179022483
3,"party_kmt × party_dpp × party_tpp","0-4 冷淡 | 6-10 溫暖 | 6-10 溫暖",28.1721688591311,1.09082069417387,98,3.13299232736573,2.1058920732829,2.1058920732829,0.930557500907878,0.930557500907878
3,"party_kmt × party_dpp × party_tpp","5 中間 | 0-4 冷淡 | 0-4 冷淡",74.3701903828306,2.87959876660145,113,3.61253196930946,5.47150761137652,5.47150761137652,0.900093747377893,0.900093747377893
3,"party_kmt × party_dpp × party_tpp","5 中間 | 0-4 冷淡 | 5 中間",75.7710216797053,2.93383867178299,51,1.6304347826087,2.22014553876171,2.22014553876171,-0.2432625692358,-0.2432625692358
3,"party_kmt × party_dpp × party_tpp","5 中間 | 0-4 冷淡 | 6-10 溫暖",78.0987367629633,3.02396733016406,91,2.90920716112532,2.11561754539939,2.11561754539939,-0.30038346502751,-0.30038346502751
3,"party_kmt × party_dpp × party_tpp","5 中間 | 5 中間 | 0-4 冷淡",95.0860567912957,3.68171293427835,28,0.895140664961637,2.05788214199455,2.05788214199455,-0.441053069935254,-0.441053069935254
3,"party_kmt × party_dpp × party_tpp","5 中間 | 5 中間 | 5 中間",324.214392137384,12.5535158496621,158,5.05115089514067,10.6975511955141,10.6975511955141,-0.147844211643542,-0.147844211643542
3,"party_kmt × party_dpp × party_tpp","5 中間 | 5 中間 | 6-10 溫暖",36.5449533154463,1.41501321901903,44,1.40664961636829,2.32984580680516,2.32984580680516,0.6465187572031,0.6465187572031
3,"party_kmt × party_dpp × party_tpp","5 中間 | 6-10 溫暖 | 0-4 冷淡",64.0762956016827,2.48102123758437,31,0.991048593350384,1.78780567869921,1.78780567869921,-0.279407345807368,-0.279407345807368
3,"party_kmt × party_dpp × party_tpp","5 中間 | 6-10 溫暖 | 5 中間",32.9405756869614,1.27545244446778,24,0.767263427109974,1.56171307413935,1.56171307413935,0.224438497031552,0.224438497031552
3,"party_kmt × party_dpp × party_tpp","5 中間 | 6-10 溫暖 | 6-10 溫暖",14.3544400372239,0.555801022071704,54,1.72634271099744,2.55785288294181,2.55785288294181,3.60210179788373,3.60210179788373
3,"party_kmt × party_dpp × party_tpp","6-10 溫暖 | 0-4 冷淡 | 0-4 冷淡",131.373041878097,5.08673767553223,163,5.21099744245524,8.34586061618413,8.34586061618413,0.640709851488634,0.640709851488634
3,"party_kmt × party_dpp × party_tpp","6-10 溫暖 | 0-4 冷淡 | 5 中間",154.490028702222,5.98182274125044,109,3.4846547314578,5.18385121513608,5.18385121513608,-0.133399393568047,-0.133399393568047
3,"party_kmt × party_dpp × party_tpp","6-10 溫暖 | 0-4 冷淡 | 6-10 溫暖",162.204362017771,6.28052017077504,143,4.57161125319693,1.96355387327895,1.96355387327895,-0.687358081832792,-0.687358081832792
3,"party_kmt × party_dpp × party_tpp","6-10 溫暖 | 5 中間 | 0-4 冷淡",20.9097830450578,0.809622580720904,17,0.543478260869565,0.919607581331775,0.919607581331775,0.135847249360237,0.135847249360237
3,"party_kmt × party_dpp × party_tpp","6-10 溫暖 | 5 中間 | 5 中間",25.1211895976016,0.972687392736797,20,0.639386189258312,1.21910553698711,1.21910553698711,0.253337450542024,0.253337450542024
3,"party_kmt × party_dpp × party_tpp","6-10 溫暖 | 5 中間 | 6-10 溫暖",43.0197463667831,1.66571589960452,30,0.959079283887468,1.35654883236286,1.35654883236286,-0.185606121256973,-0.185606121256973
3,"party_kmt × party_dpp × party_tpp","6-10 溫暖 | 6-10 溫暖 | 0-4 冷淡",41.3570435866734,1.60133638342764,16,0.51150895140665,0.98158735427389,0.98158735427389,-0.387019888867564,-0.387019888867564
3,"party_kmt × party_dpp × party_tpp","6-10 溫暖 | 6-10 溫暖 | 5 中間",31.5791768482522,1.22273935611048,25,0.79923273657289,1.54371736906658,1.54371736906658,0.262507304890493,0.262507304890493
3,"party_kmt × party_dpp × party_tpp","6-10 溫暖 | 6-10 溫暖 | 6-10 溫暖",68.1298159922894,2.63797272926537,93,2.97314578005115,4.745322550802,4.745322550802,0.79885201168228,0.79885201168228
