"sex","age","edu","arear","ethnicity","party_kmt","party_dpp","party_tpp","n","n_wt","prop","prop_wt","cell"
"女性","60歲及以上","高中、職","北北基宜蘭區","本省閩南人","00","10","00",3,3.301854486,0.00269541778975741,0.00296142488811342,"女性 | 60歲及以上 | 高中、職 | 北北基宜蘭區 | 本省閩南人 | 00 | 10 | 00"
"男性","60歲及以上","高中、職","高屏澎湖區","本省閩南人","00","10","00",3,2.161221513,0.00269541778975741,0.00193839407655966,"男性 | 60歲及以上 | 高中、職 | 高屏澎湖區 | 本省閩南人 | 00 | 10 | 00"
"女性","20至29歲","大學及以上","北北基宜蘭區","本省閩南人","05","05","05",2,3.48648611,0.00179694519317161,0.00312702052195032,"女性 | 20至29歲 | 大學及以上 | 北北基宜蘭區 | 本省閩南人 | 05 | 05 | 05"
"女性","30至39歲","大學及以上","桃竹苗區","本省客家人","08","00","08",2,2.599764706,0.00179694519317161,0.00233172235064609,"女性 | 30至39歲 | 大學及以上 | 桃竹苗區 | 本省客家人 | 08 | 00 | 08"
"女性","40至49歲","大學及以上","北北基宜蘭區","本省閩南人","00","08","00",2,2.164554206,0.00179694519317161,0.00194138316043252,"女性 | 40至49歲 | 大學及以上 | 北北基宜蘭區 | 本省閩南人 | 00 | 08 | 00"
"女性","40至49歲","大學及以上","高屏澎湖區","本省閩南人","05","05","05",2,1.80253024,0.00179694519317161,0.00161668478636676,"女性 | 40至49歲 | 大學及以上 | 高屏澎湖區 | 本省閩南人 | 05 | 05 | 05"
"女性","50至59歲","高中、職","中彰投區","本省閩南人","05","05","05",2,2.277516034,0.00179694519317161,0.00204269833657502,"女性 | 50至59歲 | 高中、職 | 中彰投區 | 本省閩南人 | 05 | 05 | 05"
"女性","60歲及以上","國、初中","中彰投區","本省閩南人","05","05","05",2,2.31273189,0.00179694519317161,0.00207428334822735,"女性 | 60歲及以上 | 國、初中 | 中彰投區 | 本省閩南人 | 05 | 05 | 05"
"女性","60歲及以上","國、初中","北北基宜蘭區","本省客家人","05","05","03",2,3.050331996,0.00179694519317161,0.00273583500674084,"女性 | 60歲及以上 | 國、初中 | 北北基宜蘭區 | 本省客家人 | 05 | 05 | 03"
"女性","60歲及以上","國、初中","桃竹苗區","本省客家人","05","05","05",2,2.6234719,0.00179694519317161,0.00235298527263027,"女性 | 60歲及以上 | 國、初中 | 桃竹苗區 | 本省客家人 | 05 | 05 | 05"
"女性","60歲及以上","專科","北北基宜蘭區","本省閩南人","05","05","05",2,1.61903849,0.00179694519317161,0.00145211150262046,"女性 | 60歲及以上 | 專科 | 北北基宜蘭區 | 本省閩南人 | 05 | 05 | 05"
"女性","60歲及以上","小學及以下","北北基宜蘭區","本省閩南人","00","10","00",2,2.248860618,0.00179694519317161,0.00201699736686801,"女性 | 60歲及以上 | 小學及以下 | 北北基宜蘭區 | 本省閩南人 | 00 | 10 | 00"
"女性","60歲及以上","小學及以下","高屏澎湖區","本省閩南人","00","10","00",2,1.872736316,0.00179694519317161,0.00167965243731708,"女性 | 60歲及以上 | 小學及以下 | 高屏澎湖區 | 本省閩南人 | 00 | 10 | 00"
"女性","60歲及以上","高中、職","中彰投區","大陸各省市","10","00","05",2,1.668955854,0.00179694519317161,0.0014968822593953,"女性 | 60歲及以上 | 高中、職 | 中彰投區 | 大陸各省市 | 10 | 00 | 05"
"男性","20至29歲","大學及以上","雲嘉南區","本省閩南人","05","05","05",2,2.037867348,0.00179694519317161,0.00182775803980142,"男性 | 20至29歲 | 大學及以上 | 雲嘉南區 | 本省閩南人 | 05 | 05 | 05"
"男性","20至29歲","高中、職","高屏澎湖區","本省閩南人","05","05","06",2,3.782493004,0.00179694519317161,0.00339250835209595,"男性 | 20至29歲 | 高中、職 | 高屏澎湖區 | 本省閩南人 | 05 | 05 | 06"
"男性","30至39歲","大學及以上","中彰投區","本省閩南人","05","05","05",2,1.801400068,0.00179694519317161,0.00161567113797528,"男性 | 30至39歲 | 大學及以上 | 中彰投區 | 本省閩南人 | 05 | 05 | 05"
"男性","30至39歲","大學及以上","雲嘉南區","本省閩南人","05","05","05",2,1.766821636,0.00179694519317161,0.00158465783028685,"男性 | 30至39歲 | 大學及以上 | 雲嘉南區 | 本省閩南人 | 05 | 05 | 05"
"男性","30至39歲","高中、職","北北基宜蘭區","本省閩南人","05","10","05",2,3.938046484,0.00179694519317161,0.00353202387255813,"男性 | 30至39歲 | 高中、職 | 北北基宜蘭區 | 本省閩南人 | 05 | 10 | 05"
"男性","40至49歲","大學及以上","桃竹苗區","本省閩南人","06","03","05",2,1.463271896,0.00179694519317161,0.00131240484075388,"男性 | 40至49歲 | 大學及以上 | 桃竹苗區 | 本省閩南人 | 06 | 03 | 05"
"男性","40至49歲","高中、職","中彰投區","本省閩南人","05","05","05",2,2.138074064,0.00179694519317161,0.00191763318844191,"男性 | 40至49歲 | 高中、職 | 中彰投區 | 本省閩南人 | 05 | 05 | 05"
"男性","50至59歲","國、初中","北北基宜蘭區","本省閩南人","05","05","05",2,3.27183176,0.00179694519317161,0.00293449758154604,"男性 | 50至59歲 | 國、初中 | 北北基宜蘭區 | 本省閩南人 | 05 | 05 | 05"
"男性","50至59歲","大學及以上","雲嘉南區","本省閩南人","05","05","05",2,1.059308348,0.00179694519317161,0.000950090962292489,"男性 | 50至59歲 | 大學及以上 | 雲嘉南區 | 本省閩南人 | 05 | 05 | 05"
"男性","50至59歲","專科","中彰投區","本省閩南人","05","05","05",2,1.316676868,0.00179694519317161,0.00118092413309895,"男性 | 50至59歲 | 專科 | 中彰投區 | 本省閩南人 | 05 | 05 | 05"
"男性","60歲及以上","國、初中","雲嘉南區","本省閩南人","00","10","00",2,1.78293324,0.00179694519317161,0.00159910828692428,"男性 | 60歲及以上 | 國、初中 | 雲嘉南區 | 本省閩南人 | 00 | 10 | 00"
"男性","60歲及以上","大學及以上","北北基宜蘭區","本省閩南人","03","09","01",2,1.043866808,0.00179694519317161,0.000936241484351928,"男性 | 60歲及以上 | 大學及以上 | 北北基宜蘭區 | 本省閩南人 | 03 | 09 | 01"
"男性","60歲及以上","小學及以下","雲嘉南區","本省閩南人","05","05","05",2,1.314469492,0.00179694519317161,0.00117894434318042,"男性 | 60歲及以上 | 小學及以下 | 雲嘉南區 | 本省閩南人 | 05 | 05 | 05"
"男性","60歲及以上","高中、職","雲嘉南區","本省閩南人","05","10","00",2,1.28663287,0.00179694519317161,0.00115397774772889,"男性 | 60歲及以上 | 高中、職 | 雲嘉南區 | 本省閩南人 | 05 | 10 | 00"
"女性","20至29歲","大學及以上","中彰投區","本省閩南人","02","07","00",1,1.321709836,0.000898472596585804,0.00118543818929357,"女性 | 20至29歲 | 大學及以上 | 中彰投區 | 本省閩南人 | 02 | 07 | 00"
"女性","20至29歲","大學及以上","中彰投區","本省閩南人","02","07","07",1,1.321709836,0.000898472596585804,0.00118543818929357,"女性 | 20至29歲 | 大學及以上 | 中彰投區 | 本省閩南人 | 02 | 07 | 07"
"女性","20至29歲","大學及以上","中彰投區","本省閩南人","03","06","07",1,1.321709836,0.000898472596585804,0.00118543818929357,"女性 | 20至29歲 | 大學及以上 | 中彰投區 | 本省閩南人 | 03 | 06 | 07"
"女性","20至29歲","大學及以上","中彰投區","本省閩南人","03","07","06",1,1.321709836,0.000898472596585804,0.00118543818929357,"女性 | 20至29歲 | 大學及以上 | 中彰投區 | 本省閩南人 | 03 | 07 | 06"
"女性","20至29歲","大學及以上","中彰投區","本省閩南人","03","08","08",1,1.321709836,0.000898472596585804,0.00118543818929357,"女性 | 20至29歲 | 大學及以上 | 中彰投區 | 本省閩南人 | 03 | 08 | 08"
"女性","20至29歲","大學及以上","中彰投區","本省閩南人","04","03","08",1,1.321709836,0.000898472596585804,0.00118543818929357,"女性 | 20至29歲 | 大學及以上 | 中彰投區 | 本省閩南人 | 04 | 03 | 08"
"女性","20至29歲","大學及以上","中彰投區","本省閩南人","04","05","06",1,1.321709836,0.000898472596585804,0.00118543818929357,"女性 | 20至29歲 | 大學及以上 | 中彰投區 | 本省閩南人 | 04 | 05 | 06"
"女性","20至29歲","大學及以上","中彰投區","本省閩南人","05","05","05",1,1.321709836,0.000898472596585804,0.00118543818929357,"女性 | 20至29歲 | 大學及以上 | 中彰投區 | 本省閩南人 | 05 | 05 | 05"
"女性","20至29歲","大學及以上","中彰投區","本省閩南人","07","04","08",1,1.321709836,0.000898472596585804,0.00118543818929357,"女性 | 20至29歲 | 大學及以上 | 中彰投區 | 本省閩南人 | 07 | 04 | 08"
"女性","20至29歲","大學及以上","中彰投區","本省閩南人","07","05","07",1,1.321709836,0.000898472596585804,0.00118543818929357,"女性 | 20至29歲 | 大學及以上 | 中彰投區 | 本省閩南人 | 07 | 05 | 07"
"女性","20至29歲","大學及以上","中彰投區","本省閩南人","07","06","07",1,1.321709836,0.000898472596585804,0.00118543818929357,"女性 | 20至29歲 | 大學及以上 | 中彰投區 | 本省閩南人 | 07 | 06 | 07"
"女性","20至29歲","大學及以上","北北基宜蘭區","原住民","05","04","05",1,1.743243055,0.000898472596585804,0.00156351026097516,"女性 | 20至29歲 | 大學及以上 | 北北基宜蘭區 | 原住民 | 05 | 04 | 05"
"女性","20至29歲","大學及以上","北北基宜蘭區","大陸各省市","01","08","07",1,1.743243055,0.000898472596585804,0.00156351026097516,"女性 | 20至29歲 | 大學及以上 | 北北基宜蘭區 | 大陸各省市 | 01 | 08 | 07"
"女性","20至29歲","大學及以上","北北基宜蘭區","本省客家人","01","08","03",1,1.743243055,0.000898472596585804,0.00156351026097516,"女性 | 20至29歲 | 大學及以上 | 北北基宜蘭區 | 本省客家人 | 01 | 08 | 03"
"女性","20至29歲","大學及以上","北北基宜蘭區","本省閩南人","01","05","02",1,1.743243055,0.000898472596585804,0.00156351026097516,"女性 | 20至29歲 | 大學及以上 | 北北基宜蘭區 | 本省閩南人 | 01 | 05 | 02"
"女性","20至29歲","大學及以上","北北基宜蘭區","本省閩南人","01","07","04",1,1.743243055,0.000898472596585804,0.00156351026097516,"女性 | 20至29歲 | 大學及以上 | 北北基宜蘭區 | 本省閩南人 | 01 | 07 | 04"
"女性","20至29歲","大學及以上","北北基宜蘭區","本省閩南人","04","06","01",1,1.743243055,0.000898472596585804,0.00156351026097516,"女性 | 20至29歲 | 大學及以上 | 北北基宜蘭區 | 本省閩南人 | 04 | 06 | 01"
"女性","20至29歲","大學及以上","北北基宜蘭區","本省閩南人","05","07","04",1,1.743243055,0.000898472596585804,0.00156351026097516,"女性 | 20至29歲 | 大學及以上 | 北北基宜蘭區 | 本省閩南人 | 05 | 07 | 04"
"女性","20至29歲","大學及以上","桃竹苗區","外籍人士","02","03","04",1,1.499295543,0.000898472596585804,0.00134471435809898,"女性 | 20至29歲 | 大學及以上 | 桃竹苗區 | 外籍人士 | 02 | 03 | 04"
"女性","20至29歲","大學及以上","桃竹苗區","大陸各省市","02","08","05",1,1.499295543,0.000898472596585804,0.00134471435809898,"女性 | 20至29歲 | 大學及以上 | 桃竹苗區 | 大陸各省市 | 02 | 08 | 05"
"女性","20至29歲","大學及以上","桃竹苗區","本省客家人","03","04","07",1,1.499295543,0.000898472596585804,0.00134471435809898,"女性 | 20至29歲 | 大學及以上 | 桃竹苗區 | 本省客家人 | 03 | 04 | 07"
"女性","20至29歲","大學及以上","桃竹苗區","本省客家人","03","06","05",1,1.499295543,0.000898472596585804,0.00134471435809898,"女性 | 20至29歲 | 大學及以上 | 桃竹苗區 | 本省客家人 | 03 | 06 | 05"
"女性","20至29歲","大學及以上","桃竹苗區","本省客家人","04","03","08",1,1.499295543,0.000898472596585804,0.00134471435809898,"女性 | 20至29歲 | 大學及以上 | 桃竹苗區 | 本省客家人 | 04 | 03 | 08"
"女性","20至29歲","大學及以上","桃竹苗區","本省客家人","05","06","05",1,1.499295543,0.000898472596585804,0.00134471435809898,"女性 | 20至29歲 | 大學及以上 | 桃竹苗區 | 本省客家人 | 05 | 06 | 05"
"女性","20至29歲","大學及以上","桃竹苗區","本省閩南人","02","07","06",1,1.499295543,0.000898472596585804,0.00134471435809898,"女性 | 20至29歲 | 大學及以上 | 桃竹苗區 | 本省閩南人 | 02 | 07 | 06"
"女性","20至29歲","大學及以上","桃竹苗區","本省閩南人","03","03","03",1,1.499295543,0.000898472596585804,0.00134471435809898,"女性 | 20至29歲 | 大學及以上 | 桃竹苗區 | 本省閩南人 | 03 | 03 | 03"
"女性","20至29歲","大學及以上","桃竹苗區","本省閩南人","03","06","07",1,1.499295543,0.000898472596585804,0.00134471435809898,"女性 | 20至29歲 | 大學及以上 | 桃竹苗區 | 本省閩南人 | 03 | 06 | 07"
"女性","20至29歲","大學及以上","桃竹苗區","本省閩南人","05","05","06",1,1.499295543,0.000898472596585804,0.00134471435809898,"女性 | 20至29歲 | 大學及以上 | 桃竹苗區 | 本省閩南人 | 05 | 05 | 06"
"女性","20至29歲","大學及以上","桃竹苗區","本省閩南人","07","03","07",1,1.499295543,0.000898472596585804,0.00134471435809898,"女性 | 20至29歲 | 大學及以上 | 桃竹苗區 | 本省閩南人 | 07 | 03 | 07"
"女性","20至29歲","大學及以上","雲嘉南區","本省閩南人","00","01","07",1,1.296339206,0.000898472596585804,0.00116268333579301,"女性 | 20至29歲 | 大學及以上 | 雲嘉南區 | 本省閩南人 | 00 | 01 | 07"
"女性","20至29歲","大學及以上","雲嘉南區","本省閩南人","00","07","00",1,1.296339206,0.000898472596585804,0.00116268333579301,"女性 | 20至29歲 | 大學及以上 | 雲嘉南區 | 本省閩南人 | 00 | 07 | 00"
"女性","20至29歲","大學及以上","雲嘉南區","本省閩南人","02","07","02",1,1.296339206,0.000898472596585804,0.00116268333579301,"女性 | 20至29歲 | 大學及以上 | 雲嘉南區 | 本省閩南人 | 02 | 07 | 02"
"女性","20至29歲","大學及以上","雲嘉南區","本省閩南人","04","06","04",1,1.296339206,0.000898472596585804,0.00116268333579301,"女性 | 20至29歲 | 大學及以上 | 雲嘉南區 | 本省閩南人 | 04 | 06 | 04"
"女性","20至29歲","大學及以上","雲嘉南區","本省閩南人","04","09","09",1,1.296339206,0.000898472596585804,0.00116268333579301,"女性 | 20至29歲 | 大學及以上 | 雲嘉南區 | 本省閩南人 | 04 | 09 | 09"
"女性","20至29歲","大學及以上","雲嘉南區","本省閩南人","05","05","05",1,1.296339206,0.000898472596585804,0.00116268333579301,"女性 | 20至29歲 | 大學及以上 | 雲嘉南區 | 本省閩南人 | 05 | 05 | 05"
"女性","20至29歲","大學及以上","高屏澎湖區","本省閩南人","04","06","06",1,1.451683821,0.000898472596585804,0.00130201152576806,"女性 | 20至29歲 | 大學及以上 | 高屏澎湖區 | 本省閩南人 | 04 | 06 | 06"
"女性","20至29歲","大學及以上","高屏澎湖區","本省閩南人","05","00","08",1,1.451683821,0.000898472596585804,0.00130201152576806,"女性 | 20至29歲 | 大學及以上 | 高屏澎湖區 | 本省閩南人 | 05 | 00 | 08"
"女性","20至29歲","專科","中彰投區","原住民","00","00","10",1,1.611296511,0.000898472596585804,0.00144516774135204,"女性 | 20至29歲 | 專科 | 中彰投區 | 原住民 | 00 | 00 | 10"
"女性","20至29歲","專科","北北基宜蘭區","本省閩南人","05","05","05",1,2.125187674,0.000898472596585804,0.00190607541803569,"女性 | 20至29歲 | 專科 | 北北基宜蘭區 | 本省閩南人 | 05 | 05 | 05"
"女性","20至29歲","專科","雲嘉南區","本省閩南人","02","07","05",1,1.580367175,0.000898472596585804,0.0014174272985822,"女性 | 20至29歲 | 專科 | 雲嘉南區 | 本省閩南人 | 02 | 07 | 05"
"女性","20至29歲","高中、職","中彰投區","本省閩南人","05","03","06",1,2.190710368,0.000898472596585804,0.00196484255558538,"女性 | 20至29歲 | 高中、職 | 中彰投區 | 本省閩南人 | 05 | 03 | 06"
"女性","20至29歲","高中、職","高屏澎湖區","本省閩南人","04","05","07",1,2.40613992,0.000898472596585804,0.00215806077269125,"女性 | 20至29歲 | 高中、職 | 高屏澎湖區 | 本省閩南人 | 04 | 05 | 07"
"女性","30至39歲","大學及以上","中彰投區","大陸各省市","10","02","02",1,1.14591636,0.000898472596585804,0.00102776946791238,"女性 | 30至39歲 | 大學及以上 | 中彰投區 | 大陸各省市 | 10 | 02 | 02"
"女性","30至39歲","大學及以上","中彰投區","本省閩南人","02","06","06",1,1.14591636,0.000898472596585804,0.00102776946791238,"女性 | 30至39歲 | 大學及以上 | 中彰投區 | 本省閩南人 | 02 | 06 | 06"
"女性","30至39歲","大學及以上","中彰投區","本省閩南人","02","07","08",1,1.14591636,0.000898472596585804,0.00102776946791238,"女性 | 30至39歲 | 大學及以上 | 中彰投區 | 本省閩南人 | 02 | 07 | 08"
"女性","30至39歲","大學及以上","中彰投區","本省閩南人","03","01","08",1,1.14591636,0.000898472596585804,0.00102776946791238,"女性 | 30至39歲 | 大學及以上 | 中彰投區 | 本省閩南人 | 03 | 01 | 08"
"女性","30至39歲","大學及以上","中彰投區","本省閩南人","03","03","05",1,1.14591636,0.000898472596585804,0.00102776946791238,"女性 | 30至39歲 | 大學及以上 | 中彰投區 | 本省閩南人 | 03 | 03 | 05"
"女性","30至39歲","大學及以上","中彰投區","本省閩南人","03","08","01",1,1.14591636,0.000898472596585804,0.00102776946791238,"女性 | 30至39歲 | 大學及以上 | 中彰投區 | 本省閩南人 | 03 | 08 | 01"
"女性","30至39歲","大學及以上","中彰投區","本省閩南人","03","08","07",1,1.14591636,0.000898472596585804,0.00102776946791238,"女性 | 30至39歲 | 大學及以上 | 中彰投區 | 本省閩南人 | 03 | 08 | 07"
"女性","30至39歲","大學及以上","中彰投區","本省閩南人","04","04","07",1,1.14591636,0.000898472596585804,0.00102776946791238,"女性 | 30至39歲 | 大學及以上 | 中彰投區 | 本省閩南人 | 04 | 04 | 07"
"女性","30至39歲","大學及以上","中彰投區","本省閩南人","04","06","05",1,1.14591636,0.000898472596585804,0.00102776946791238,"女性 | 30至39歲 | 大學及以上 | 中彰投區 | 本省閩南人 | 04 | 06 | 05"
"女性","30至39歲","大學及以上","中彰投區","本省閩南人","05","05","05",1,1.14591636,0.000898472596585804,0.00102776946791238,"女性 | 30至39歲 | 大學及以上 | 中彰投區 | 本省閩南人 | 05 | 05 | 05"
"女性","30至39歲","大學及以上","中彰投區","本省閩南人","05","06","07",1,1.14591636,0.000898472596585804,0.00102776946791238,"女性 | 30至39歲 | 大學及以上 | 中彰投區 | 本省閩南人 | 05 | 06 | 07"
"女性","30至39歲","大學及以上","中彰投區","本省閩南人","06","07","08",1,1.14591636,0.000898472596585804,0.00102776946791238,"女性 | 30至39歲 | 大學及以上 | 中彰投區 | 本省閩南人 | 06 | 07 | 08"
"女性","30至39歲","大學及以上","中彰投區","本省閩南人","07","04","08",1,1.14591636,0.000898472596585804,0.00102776946791238,"女性 | 30至39歲 | 大學及以上 | 中彰投區 | 本省閩南人 | 07 | 04 | 08"
"女性","30至39歲","大學及以上","中彰投區","本省閩南人","07","07","08",1,1.14591636,0.000898472596585804,0.00102776946791238,"女性 | 30至39歲 | 大學及以上 | 中彰投區 | 本省閩南人 | 07 | 07 | 08"
"女性","30至39歲","大學及以上","中彰投區","本省閩南人","07","09","03",1,1.14591636,0.000898472596585804,0.00102776946791238,"女性 | 30至39歲 | 大學及以上 | 中彰投區 | 本省閩南人 | 07 | 09 | 03"
"女性","30至39歲","大學及以上","北北基宜蘭區","大陸各省市","01","01","05",1,1.511383726,0.000898472596585804,0.00135555621867765,"女性 | 30至39歲 | 大學及以上 | 北北基宜蘭區 | 大陸各省市 | 01 | 01 | 05"
"女性","30至39歲","大學及以上","北北基宜蘭區","本省客家人","05","05","05",1,1.511383726,0.000898472596585804,0.00135555621867765,"女性 | 30至39歲 | 大學及以上 | 北北基宜蘭區 | 本省客家人 | 05 | 05 | 05"
"女性","30至39歲","大學及以上","北北基宜蘭區","本省閩南人","01","10","02",1,1.511383726,0.000898472596585804,0.00135555621867765,"女性 | 30至39歲 | 大學及以上 | 北北基宜蘭區 | 本省閩南人 | 01 | 10 | 02"
"女性","30至39歲","大學及以上","北北基宜蘭區","本省閩南人","03","03","06",1,1.511383726,0.000898472596585804,0.00135555621867765,"女性 | 30至39歲 | 大學及以上 | 北北基宜蘭區 | 本省閩南人 | 03 | 03 | 06"
"女性","30至39歲","大學及以上","北北基宜蘭區","本省閩南人","03","06","05",1,1.511383726,0.000898472596585804,0.00135555621867765,"女性 | 30至39歲 | 大學及以上 | 北北基宜蘭區 | 本省閩南人 | 03 | 06 | 05"
"女性","30至39歲","大學及以上","北北基宜蘭區","本省閩南人","03","07","06",1,1.511383726,0.000898472596585804,0.00135555621867765,"女性 | 30至39歲 | 大學及以上 | 北北基宜蘭區 | 本省閩南人 | 03 | 07 | 06"
"女性","30至39歲","大學及以上","北北基宜蘭區","本省閩南人","04","05","05",1,1.511383726,0.000898472596585804,0.00135555621867765,"女性 | 30至39歲 | 大學及以上 | 北北基宜蘭區 | 本省閩南人 | 04 | 05 | 05"
"女性","30至39歲","大學及以上","北北基宜蘭區","本省閩南人","04","05","06",1,1.511383726,0.000898472596585804,0.00135555621867765,"女性 | 30至39歲 | 大學及以上 | 北北基宜蘭區 | 本省閩南人 | 04 | 05 | 06"
"女性","30至39歲","大學及以上","北北基宜蘭區","本省閩南人","04","07","04",1,1.511383726,0.000898472596585804,0.00135555621867765,"女性 | 30至39歲 | 大學及以上 | 北北基宜蘭區 | 本省閩南人 | 04 | 07 | 04"
"女性","30至39歲","大學及以上","北北基宜蘭區","本省閩南人","04","08","00",1,1.511383726,0.000898472596585804,0.00135555621867765,"女性 | 30至39歲 | 大學及以上 | 北北基宜蘭區 | 本省閩南人 | 04 | 08 | 00"
"女性","30至39歲","大學及以上","北北基宜蘭區","本省閩南人","05","05","00",1,1.511383726,0.000898472596585804,0.00135555621867765,"女性 | 30至39歲 | 大學及以上 | 北北基宜蘭區 | 本省閩南人 | 05 | 05 | 00"
"女性","30至39歲","大學及以上","北北基宜蘭區","本省閩南人","05","07","07",1,1.511383726,0.000898472596585804,0.00135555621867765,"女性 | 30至39歲 | 大學及以上 | 北北基宜蘭區 | 本省閩南人 | 05 | 07 | 07"
"女性","30至39歲","大學及以上","北北基宜蘭區","本省閩南人","06","07","04",1,1.511383726,0.000898472596585804,0.00135555621867765,"女性 | 30至39歲 | 大學及以上 | 北北基宜蘭區 | 本省閩南人 | 06 | 07 | 04"
"女性","30至39歲","大學及以上","桃竹苗區","大陸各省市","00","07","05",1,1.299882353,0.000898472596585804,0.00116586117532305,"女性 | 30至39歲 | 大學及以上 | 桃竹苗區 | 大陸各省市 | 00 | 07 | 05"
"女性","30至39歲","大學及以上","桃竹苗區","大陸各省市","07","05","05",1,1.299882353,0.000898472596585804,0.00116586117532305,"女性 | 30至39歲 | 大學及以上 | 桃竹苗區 | 大陸各省市 | 07 | 05 | 05"
"女性","30至39歲","大學及以上","桃竹苗區","大陸各省市","08","00","02",1,1.299882353,0.000898472596585804,0.00116586117532305,"女性 | 30至39歲 | 大學及以上 | 桃竹苗區 | 大陸各省市 | 08 | 00 | 02"
"女性","30至39歲","大學及以上","桃竹苗區","本省客家人","01","08","07",1,1.299882353,0.000898472596585804,0.00116586117532305,"女性 | 30至39歲 | 大學及以上 | 桃竹苗區 | 本省客家人 | 01 | 08 | 07"
"女性","30至39歲","大學及以上","桃竹苗區","本省客家人","05","04","08",1,1.299882353,0.000898472596585804,0.00116586117532305,"女性 | 30至39歲 | 大學及以上 | 桃竹苗區 | 本省客家人 | 05 | 04 | 08"
"女性","30至39歲","大學及以上","桃竹苗區","本省客家人","05","05","05",1,1.299882353,0.000898472596585804,0.00116586117532305,"女性 | 30至39歲 | 大學及以上 | 桃竹苗區 | 本省客家人 | 05 | 05 | 05"
"女性","30至39歲","大學及以上","桃竹苗區","本省客家人","10","02","10",1,1.299882353,0.000898472596585804,0.00116586117532305,"女性 | 30至39歲 | 大學及以上 | 桃竹苗區 | 本省客家人 | 10 | 02 | 10"
"女性","30至39歲","大學及以上","桃竹苗區","本省閩南人","01","02","05",1,1.299882353,0.000898472596585804,0.00116586117532305,"女性 | 30至39歲 | 大學及以上 | 桃竹苗區 | 本省閩南人 | 01 | 02 | 05"
"女性","30至39歲","大學及以上","桃竹苗區","本省閩南人","03","05","08",1,1.299882353,0.000898472596585804,0.00116586117532305,"女性 | 30至39歲 | 大學及以上 | 桃竹苗區 | 本省閩南人 | 03 | 05 | 08"
"女性","30至39歲","大學及以上","桃竹苗區","本省閩南人","06","04","07",1,1.299882353,0.000898472596585804,0.00116586117532305,"女性 | 30至39歲 | 大學及以上 | 桃竹苗區 | 本省閩南人 | 06 | 04 | 07"
"女性","30至39歲","大學及以上","雲嘉南區","本省閩南人","03","07","02",1,1.123920141,0.000898472596585804,0.00100804111505274,"女性 | 30至39歲 | 大學及以上 | 雲嘉南區 | 本省閩南人 | 03 | 07 | 02"
"女性","30至39歲","大學及以上","雲嘉南區","本省閩南人","04","04","05",1,1.123920141,0.000898472596585804,0.00100804111505274,"女性 | 30至39歲 | 大學及以上 | 雲嘉南區 | 本省閩南人 | 04 | 04 | 05"
"女性","30至39歲","大學及以上","雲嘉南區","本省閩南人","05","03","08",1,1.123920141,0.000898472596585804,0.00100804111505274,"女性 | 30至39歲 | 大學及以上 | 雲嘉南區 | 本省閩南人 | 05 | 03 | 08"
"女性","30至39歲","大學及以上","雲嘉南區","本省閩南人","05","05","05",1,1.123920141,0.000898472596585804,0.00100804111505274,"女性 | 30至39歲 | 大學及以上 | 雲嘉南區 | 本省閩南人 | 05 | 05 | 05"
"女性","30至39歲","大學及以上","高屏澎湖區","大陸各省市","03","06","08",1,1.258603209,0.000898472596585804,0.00112883801608937,"女性 | 30至39歲 | 大學及以上 | 高屏澎湖區 | 大陸各省市 | 03 | 06 | 08"
"女性","30至39歲","大學及以上","高屏澎湖區","本省客家人","05","05","06",1,1.258603209,0.000898472596585804,0.00112883801608937,"女性 | 30至39歲 | 大學及以上 | 高屏澎湖區 | 本省客家人 | 05 | 05 | 06"
"女性","30至39歲","大學及以上","高屏澎湖區","本省閩南人","02","03","04",1,1.258603209,0.000898472596585804,0.00112883801608937,"女性 | 30至39歲 | 大學及以上 | 高屏澎湖區 | 本省閩南人 | 02 | 03 | 04"
"女性","30至39歲","大學及以上","高屏澎湖區","本省閩南人","02","04","02",1,1.258603209,0.000898472596585804,0.00112883801608937,"女性 | 30至39歲 | 大學及以上 | 高屏澎湖區 | 本省閩南人 | 02 | 04 | 02"
"女性","30至39歲","大學及以上","高屏澎湖區","本省閩南人","03","03","05",1,1.258603209,0.000898472596585804,0.00112883801608937,"女性 | 30至39歲 | 大學及以上 | 高屏澎湖區 | 本省閩南人 | 03 | 03 | 05"
"女性","30至39歲","大學及以上","高屏澎湖區","本省閩南人","03","06","05",1,1.258603209,0.000898472596585804,0.00112883801608937,"女性 | 30至39歲 | 大學及以上 | 高屏澎湖區 | 本省閩南人 | 03 | 06 | 05"
"女性","30至39歲","大學及以上","高屏澎湖區","本省閩南人","04","00","08",1,1.258603209,0.000898472596585804,0.00112883801608937,"女性 | 30至39歲 | 大學及以上 | 高屏澎湖區 | 本省閩南人 | 04 | 00 | 08"
"女性","30至39歲","大學及以上","高屏澎湖區","本省閩南人","05","00","08",1,1.258603209,0.000898472596585804,0.00112883801608937,"女性 | 30至39歲 | 大學及以上 | 高屏澎湖區 | 本省閩南人 | 05 | 00 | 08"
"女性","30至39歲","大學及以上","高屏澎湖區","本省閩南人","05","08","05",1,1.258603209,0.000898472596585804,0.00112883801608937,"女性 | 30至39歲 | 大學及以上 | 高屏澎湖區 | 本省閩南人 | 05 | 08 | 05"
"女性","30至39歲","大學及以上","高屏澎湖區","本省閩南人","05","08","07",1,1.258603209,0.000898472596585804,0.00112883801608937,"女性 | 30至39歲 | 大學及以上 | 高屏澎湖區 | 本省閩南人 | 05 | 08 | 07"
"女性","30至39歲","大學及以上","高屏澎湖區","本省閩南人","06","05","06",1,1.258603209,0.000898472596585804,0.00112883801608937,"女性 | 30至39歲 | 大學及以上 | 高屏澎湖區 | 本省閩南人 | 06 | 05 | 06"
"女性","30至39歲","大學及以上","高屏澎湖區","本省閩南人","06","07","05",1,1.258603209,0.000898472596585804,0.00112883801608937,"女性 | 30至39歲 | 大學及以上 | 高屏澎湖區 | 本省閩南人 | 06 | 07 | 05"
"女性","30至39歲","小學及以下","雲嘉南區","外籍人士","05","08","03",1,1.90318131,0.000898472596585804,0.00170695847497935,"女性 | 30至39歲 | 小學及以下 | 雲嘉南區 | 外籍人士 | 05 | 08 | 03"
"女性","30至39歲","高中、職","中彰投區","本省閩南人","06","03","05",1,1.899335833,0.000898472596585804,0.00170350947644149,"女性 | 30至39歲 | 高中、職 | 中彰投區 | 本省閩南人 | 06 | 03 | 05"
"女性","30至39歲","高中、職","北北基宜蘭區","本省閩南人","00","10","00",1,2.505091442,0.000898472596585804,0.00224681014102653,"女性 | 30至39歲 | 高中、職 | 北北基宜蘭區 | 本省閩南人 | 00 | 10 | 00"
"女性","30至39歲","高中、職","桃竹苗區","本省閩南人","05","05","06",1,2.154531707,0.000898472596585804,0.00193239400657806,"女性 | 30至39歲 | 高中、職 | 桃竹苗區 | 本省閩南人 | 05 | 05 | 06"
"女性","30至39歲","高中、職","雲嘉南區","本省閩南人","04","07","07",1,1.862877493,0.000898472596585804,0.00167081008405061,"女性 | 30至39歲 | 高中、職 | 雲嘉南區 | 本省閩南人 | 04 | 07 | 07"
"女性","30至39歲","高中、職","雲嘉南區","本省閩南人","05","01","10",1,1.862877493,0.000898472596585804,0.00167081008405061,"女性 | 30至39歲 | 高中、職 | 雲嘉南區 | 本省閩南人 | 05 | 01 | 10"
"女性","40至49歲","國、初中","中彰投區","外籍人士","10","10","10",1,1.884716055,0.000898472596585804,0.00169039703474805,"女性 | 40至49歲 | 國、初中 | 中彰投區 | 外籍人士 | 10 | 10 | 10"
"女性","40至49歲","國、初中","桃竹苗區","本省閩南人","05","05","07",1,2.137947608,0.000898472596585804,0.00191751977037723,"女性 | 40至49歲 | 國、初中 | 桃竹苗區 | 本省閩南人 | 05 | 05 | 07"
"女性","40至49歲","國、初中","桃竹苗區","本省閩南人","10","00","05",1,2.137947608,0.000898472596585804,0.00191751977037723,"女性 | 40至49歲 | 國、初中 | 桃竹苗區 | 本省閩南人 | 10 | 00 | 05"
"女性","40至49歲","國、初中","雲嘉南區","大陸各省市","06","06","06",1,1.848538347,0.000898472596585804,0.001657949340484,"女性 | 40至49歲 | 國、初中 | 雲嘉南區 | 大陸各省市 | 06 | 06 | 06"
"女性","40至49歲","國、初中","雲嘉南區","本省閩南人","05","05","05",1,1.848538347,0.000898472596585804,0.001657949340484,"女性 | 40至49歲 | 國、初中 | 雲嘉南區 | 本省閩南人 | 05 | 05 | 05"
"女性","40至49歲","大學及以上","中彰投區","本省客家人","06","04","05",1,0.820571915,0.000898472596585804,0.000735968862913691,"女性 | 40至49歲 | 大學及以上 | 中彰投區 | 本省客家人 | 06 | 04 | 05"
"女性","40至49歲","大學及以上","中彰投區","本省閩南人","00","08","00",1,0.820571915,0.000898472596585804,0.000735968862913691,"女性 | 40至49歲 | 大學及以上 | 中彰投區 | 本省閩南人 | 00 | 08 | 00"
"女性","40至49歲","大學及以上","中彰投區","本省閩南人","04","04","05",1,0.820571915,0.000898472596585804,0.000735968862913691,"女性 | 40至49歲 | 大學及以上 | 中彰投區 | 本省閩南人 | 04 | 04 | 05"
"女性","40至49歲","大學及以上","中彰投區","本省閩南人","04","05","01",1,0.820571915,0.000898472596585804,0.000735968862913691,"女性 | 40至49歲 | 大學及以上 | 中彰投區 | 本省閩南人 | 04 | 05 | 01"
"女性","40至49歲","大學及以上","中彰投區","本省閩南人","05","02","05",1,0.820571915,0.000898472596585804,0.000735968862913691,"女性 | 40至49歲 | 大學及以上 | 中彰投區 | 本省閩南人 | 05 | 02 | 05"
"女性","40至49歲","大學及以上","中彰投區","本省閩南人","05","03","05",1,0.820571915,0.000898472596585804,0.000735968862913691,"女性 | 40至49歲 | 大學及以上 | 中彰投區 | 本省閩南人 | 05 | 03 | 05"
"女性","40至49歲","大學及以上","中彰投區","本省閩南人","05","08","08",1,0.820571915,0.000898472596585804,0.000735968862913691,"女性 | 40至49歲 | 大學及以上 | 中彰投區 | 本省閩南人 | 05 | 08 | 08"
"女性","40至49歲","大學及以上","中彰投區","本省閩南人","07","03","06",1,0.820571915,0.000898472596585804,0.000735968862913691,"女性 | 40至49歲 | 大學及以上 | 中彰投區 | 本省閩南人 | 07 | 03 | 06"
"女性","40至49歲","大學及以上","中彰投區","本省閩南人","07","05","06",1,0.820571915,0.000898472596585804,0.000735968862913691,"女性 | 40至49歲 | 大學及以上 | 中彰投區 | 本省閩南人 | 07 | 05 | 06"
"女性","40至49歲","大學及以上","北北基宜蘭區","原住民","05","05","05",1,1.082277103,0.000898472596585804,0.000970691580216261,"女性 | 40至49歲 | 大學及以上 | 北北基宜蘭區 | 原住民 | 05 | 05 | 05"
"女性","40至49歲","大學及以上","北北基宜蘭區","原住民","09","08","07",1,1.082277103,0.000898472596585804,0.000970691580216261,"女性 | 40至49歲 | 大學及以上 | 北北基宜蘭區 | 原住民 | 09 | 08 | 07"
"女性","40至49歲","大學及以上","北北基宜蘭區","大陸各省市","04","08","05",1,1.082277103,0.000898472596585804,0.000970691580216261,"女性 | 40至49歲 | 大學及以上 | 北北基宜蘭區 | 大陸各省市 | 04 | 08 | 05"
"女性","40至49歲","大學及以上","北北基宜蘭區","本省客家人","06","02","02",1,1.082277103,0.000898472596585804,0.000970691580216261,"女性 | 40至49歲 | 大學及以上 | 北北基宜蘭區 | 本省客家人 | 06 | 02 | 02"
"女性","40至49歲","大學及以上","北北基宜蘭區","本省閩南人","01","09","00",1,1.082277103,0.000898472596585804,0.000970691580216261,"女性 | 40至49歲 | 大學及以上 | 北北基宜蘭區 | 本省閩南人 | 01 | 09 | 00"
"女性","40至49歲","大學及以上","北北基宜蘭區","本省閩南人","02","05","05",1,1.082277103,0.000898472596585804,0.000970691580216261,"女性 | 40至49歲 | 大學及以上 | 北北基宜蘭區 | 本省閩南人 | 02 | 05 | 05"
"女性","40至49歲","大學及以上","北北基宜蘭區","本省閩南人","03","04","03",1,1.082277103,0.000898472596585804,0.000970691580216261,"女性 | 40至49歲 | 大學及以上 | 北北基宜蘭區 | 本省閩南人 | 03 | 04 | 03"
"女性","40至49歲","大學及以上","北北基宜蘭區","本省閩南人","03","05","04",1,1.082277103,0.000898472596585804,0.000970691580216261,"女性 | 40至49歲 | 大學及以上 | 北北基宜蘭區 | 本省閩南人 | 03 | 05 | 04"
"女性","40至49歲","大學及以上","北北基宜蘭區","本省閩南人","03","08","02",1,1.082277103,0.000898472596585804,0.000970691580216261,"女性 | 40至49歲 | 大學及以上 | 北北基宜蘭區 | 本省閩南人 | 03 | 08 | 02"
"女性","40至49歲","大學及以上","北北基宜蘭區","本省閩南人","04","06","03",1,1.082277103,0.000898472596585804,0.000970691580216261,"女性 | 40至49歲 | 大學及以上 | 北北基宜蘭區 | 本省閩南人 | 04 | 06 | 03"
"女性","40至49歲","大學及以上","北北基宜蘭區","本省閩南人","07","09","05",1,1.082277103,0.000898472596585804,0.000970691580216261,"女性 | 40至49歲 | 大學及以上 | 北北基宜蘭區 | 本省閩南人 | 07 | 09 | 05"
"女性","40至49歲","大學及以上","北北基宜蘭區","本省閩南人","08","00","09",1,1.082277103,0.000898472596585804,0.000970691580216261,"女性 | 40至49歲 | 大學及以上 | 北北基宜蘭區 | 本省閩南人 | 08 | 00 | 09"
"女性","40至49歲","大學及以上","桃竹苗區","大陸各省市","05","00","06",1,0.930824438,0.000898472596585804,0.00083485407029454,"女性 | 40至49歲 | 大學及以上 | 桃竹苗區 | 大陸各省市 | 05 | 00 | 06"
"女性","40至49歲","大學及以上","桃竹苗區","大陸各省市","05","05","05",1,0.930824438,0.000898472596585804,0.00083485407029454,"女性 | 40至49歲 | 大學及以上 | 桃竹苗區 | 大陸各省市 | 05 | 05 | 05"
"女性","40至49歲","大學及以上","桃竹苗區","大陸各省市","07","01","08",1,0.930824438,0.000898472596585804,0.00083485407029454,"女性 | 40至49歲 | 大學及以上 | 桃竹苗區 | 大陸各省市 | 07 | 01 | 08"
"女性","40至49歲","大學及以上","桃竹苗區","大陸各省市","07","05","00",1,0.930824438,0.000898472596585804,0.00083485407029454,"女性 | 40至49歲 | 大學及以上 | 桃竹苗區 | 大陸各省市 | 07 | 05 | 00"
"女性","40至49歲","大學及以上","桃竹苗區","本省客家人","03","08","01",1,0.930824438,0.000898472596585804,0.00083485407029454,"女性 | 40至49歲 | 大學及以上 | 桃竹苗區 | 本省客家人 | 03 | 08 | 01"
"女性","40至49歲","大學及以上","桃竹苗區","本省客家人","04","07","07",1,0.930824438,0.000898472596585804,0.00083485407029454,"女性 | 40至49歲 | 大學及以上 | 桃竹苗區 | 本省客家人 | 04 | 07 | 07"
"女性","40至49歲","大學及以上","桃竹苗區","本省客家人","05","05","05",1,0.930824438,0.000898472596585804,0.00083485407029454,"女性 | 40至49歲 | 大學及以上 | 桃竹苗區 | 本省客家人 | 05 | 05 | 05"
"女性","40至49歲","大學及以上","桃竹苗區","本省閩南人","02","05","09",1,0.930824438,0.000898472596585804,0.00083485407029454,"女性 | 40至49歲 | 大學及以上 | 桃竹苗區 | 本省閩南人 | 02 | 05 | 09"
"女性","40至49歲","大學及以上","桃竹苗區","本省閩南人","03","03","03",1,0.930824438,0.000898472596585804,0.00083485407029454,"女性 | 40至49歲 | 大學及以上 | 桃竹苗區 | 本省閩南人 | 03 | 03 | 03"
"女性","40至49歲","大學及以上","桃竹苗區","本省閩南人","04","03","06",1,0.930824438,0.000898472596585804,0.00083485407029454,"女性 | 40至49歲 | 大學及以上 | 桃竹苗區 | 本省閩南人 | 04 | 03 | 06"
"女性","40至49歲","大學及以上","桃竹苗區","本省閩南人","05","05","05",1,0.930824438,0.000898472596585804,0.00083485407029454,"女性 | 40至49歲 | 大學及以上 | 桃竹苗區 | 本省閩南人 | 05 | 05 | 05"
"女性","40至49歲","大學及以上","桃竹苗區","本省閩南人","05","05","08",1,0.930824438,0.000898472596585804,0.00083485407029454,"女性 | 40至49歲 | 大學及以上 | 桃竹苗區 | 本省閩南人 | 05 | 05 | 08"
"女性","40至49歲","大學及以上","桃竹苗區","本省閩南人","06","08","08",1,0.930824438,0.000898472596585804,0.00083485407029454,"女性 | 40至49歲 | 大學及以上 | 桃竹苗區 | 本省閩南人 | 06 | 08 | 08"
"女性","40至49歲","大學及以上","花東外島區","本省閩南人","05","07","05",1,0.98640623,0.000898472596585804,0.000884705238131481,"女性 | 40至49歲 | 大學及以上 | 花東外島區 | 本省閩南人 | 05 | 07 | 05"
"女性","40至49歲","大學及以上","雲嘉南區","本省客家人","01","10","00",1,0.804820783,0.000898472596585804,0.000721841712695975,"女性 | 40至49歲 | 大學及以上 | 雲嘉南區 | 本省客家人 | 01 | 10 | 00"
"女性","40至49歲","大學及以上","雲嘉南區","本省客家人","06","05","05",1,0.804820783,0.000898472596585804,0.000721841712695975,"女性 | 40至49歲 | 大學及以上 | 雲嘉南區 | 本省客家人 | 06 | 05 | 05"
"女性","40至49歲","大學及以上","雲嘉南區","本省閩南人","00","00","00",1,0.804820783,0.000898472596585804,0.000721841712695975,"女性 | 40至49歲 | 大學及以上 | 雲嘉南區 | 本省閩南人 | 00 | 00 | 00"
"女性","40至49歲","大學及以上","雲嘉南區","本省閩南人","00","06","08",1,0.804820783,0.000898472596585804,0.000721841712695975,"女性 | 40至49歲 | 大學及以上 | 雲嘉南區 | 本省閩南人 | 00 | 06 | 08"
"女性","40至49歲","大學及以上","雲嘉南區","本省閩南人","02","08","01",1,0.804820783,0.000898472596585804,0.000721841712695975,"女性 | 40至49歲 | 大學及以上 | 雲嘉南區 | 本省閩南人 | 02 | 08 | 01"
"女性","40至49歲","大學及以上","雲嘉南區","本省閩南人","04","06","04",1,0.804820783,0.000898472596585804,0.000721841712695975,"女性 | 40至49歲 | 大學及以上 | 雲嘉南區 | 本省閩南人 | 04 | 06 | 04"
"女性","40至49歲","大學及以上","雲嘉南區","本省閩南人","05","03","05",1,0.804820783,0.000898472596585804,0.000721841712695975,"女性 | 40至49歲 | 大學及以上 | 雲嘉南區 | 本省閩南人 | 05 | 03 | 05"
"女性","40至49歲","大學及以上","雲嘉南區","本省閩南人","05","04","05",1,0.804820783,0.000898472596585804,0.000721841712695975,"女性 | 40至49歲 | 大學及以上 | 雲嘉南區 | 本省閩南人 | 05 | 04 | 05"
"女性","40至49歲","大學及以上","雲嘉南區","本省閩南人","05","04","06",1,0.804820783,0.000898472596585804,0.000721841712695975,"女性 | 40至49歲 | 大學及以上 | 雲嘉南區 | 本省閩南人 | 05 | 04 | 06"
"女性","40至49歲","大學及以上","雲嘉南區","本省閩南人","05","10","00",1,0.804820783,0.000898472596585804,0.000721841712695975,"女性 | 40至49歲 | 大學及以上 | 雲嘉南區 | 本省閩南人 | 05 | 10 | 00"
"女性","40至49歲","大學及以上","雲嘉南區","本省閩南人","06","06","05",1,0.804820783,0.000898472596585804,0.000721841712695975,"女性 | 40至49歲 | 大學及以上 | 雲嘉南區 | 本省閩南人 | 06 | 06 | 05"
"女性","40至49歲","大學及以上","雲嘉南區","本省閩南人","07","03","07",1,0.804820783,0.000898472596585804,0.000721841712695975,"女性 | 40至49歲 | 大學及以上 | 雲嘉南區 | 本省閩南人 | 07 | 03 | 07"
"女性","40至49歲","大學及以上","雲嘉南區","本省閩南人","07","05","05",1,0.804820783,0.000898472596585804,0.000721841712695975,"女性 | 40至49歲 | 大學及以上 | 雲嘉南區 | 本省閩南人 | 07 | 05 | 05"
"女性","40至49歲","大學及以上","雲嘉南區","本省閩南人","07","08","04",1,0.804820783,0.000898472596585804,0.000721841712695975,"女性 | 40至49歲 | 大學及以上 | 雲嘉南區 | 本省閩南人 | 07 | 08 | 04"
"女性","40至49歲","大學及以上","雲嘉南區","本省閩南人","08","06","06",1,0.804820783,0.000898472596585804,0.000721841712695975,"女性 | 40至49歲 | 大學及以上 | 雲嘉南區 | 本省閩南人 | 08 | 06 | 06"
"女性","40至49歲","大學及以上","雲嘉南區","本省閩南人","08","08","07",1,0.804820783,0.000898472596585804,0.000721841712695975,"女性 | 40至49歲 | 大學及以上 | 雲嘉南區 | 本省閩南人 | 08 | 08 | 07"
"女性","40至49歲","大學及以上","雲嘉南區","本省閩南人","10","08","06",1,0.804820783,0.000898472596585804,0.000721841712695975,"女性 | 40至49歲 | 大學及以上 | 雲嘉南區 | 本省閩南人 | 10 | 08 | 06"
"女性","40至49歲","大學及以上","高屏澎湖區","原住民","04","04","04",1,0.90126512,0.000898472596585804,0.000808342393183382,"女性 | 40至49歲 | 大學及以上 | 高屏澎湖區 | 原住民 | 04 | 04 | 04"
"女性","40至49歲","大學及以上","高屏澎湖區","本省客家人","00","10","00",1,0.90126512,0.000898472596585804,0.000808342393183382,"女性 | 40至49歲 | 大學及以上 | 高屏澎湖區 | 本省客家人 | 00 | 10 | 00"
"女性","40至49歲","大學及以上","高屏澎湖區","本省閩南人","00","05","03",1,0.90126512,0.000898472596585804,0.000808342393183382,"女性 | 40至49歲 | 大學及以上 | 高屏澎湖區 | 本省閩南人 | 00 | 05 | 03"
"女性","40至49歲","大學及以上","高屏澎湖區","本省閩南人","03","06","05",1,0.90126512,0.000898472596585804,0.000808342393183382,"女性 | 40至49歲 | 大學及以上 | 高屏澎湖區 | 本省閩南人 | 03 | 06 | 05"
"女性","40至49歲","大學及以上","高屏澎湖區","本省閩南人","04","03","06",1,0.90126512,0.000898472596585804,0.000808342393183382,"女性 | 40至49歲 | 大學及以上 | 高屏澎湖區 | 本省閩南人 | 04 | 03 | 06"
"女性","40至49歲","大學及以上","高屏澎湖區","本省閩南人","04","04","04",1,0.90126512,0.000898472596585804,0.000808342393183382,"女性 | 40至49歲 | 大學及以上 | 高屏澎湖區 | 本省閩南人 | 04 | 04 | 04"
"女性","40至49歲","大學及以上","高屏澎湖區","本省閩南人","05","09","03",1,0.90126512,0.000898472596585804,0.000808342393183382,"女性 | 40至49歲 | 大學及以上 | 高屏澎湖區 | 本省閩南人 | 05 | 09 | 03"
"女性","40至49歲","大學及以上","高屏澎湖區","本省閩南人","06","06","06",1,0.90126512,0.000898472596585804,0.000808342393183382,"女性 | 40至49歲 | 大學及以上 | 高屏澎湖區 | 本省閩南人 | 06 | 06 | 06"
"女性","40至49歲","專科","中彰投區","本省閩南人","01","09","00",1,1.000359253,0.000898472596585804,0.000897219668961737,"女性 | 40至49歲 | 專科 | 中彰投區 | 本省閩南人 | 01 | 09 | 00"
"女性","40至49歲","專科","中彰投區","本省閩南人","05","05","05",1,1.000359253,0.000898472596585804,0.000897219668961737,"女性 | 40至49歲 | 專科 | 中彰投區 | 本省閩南人 | 05 | 05 | 05"
"女性","40至49歲","專科","中彰投區","本省閩南人","05","05","06",1,1.000359253,0.000898472596585804,0.000897219668961737,"女性 | 40至49歲 | 專科 | 中彰投區 | 本省閩南人 | 05 | 05 | 06"
"女性","40至49歲","專科","中彰投區","本省閩南人","05","06","04",1,1.000359253,0.000898472596585804,0.000897219668961737,"女性 | 40至49歲 | 專科 | 中彰投區 | 本省閩南人 | 05 | 06 | 04"
"女性","40至49歲","專科","中彰投區","本省閩南人","06","05","06",1,1.000359253,0.000898472596585804,0.000897219668961737,"女性 | 40至49歲 | 專科 | 中彰投區 | 本省閩南人 | 06 | 05 | 06"
"女性","40至49歲","專科","中彰投區","本省閩南人","07","05","05",1,1.000359253,0.000898472596585804,0.000897219668961737,"女性 | 40至49歲 | 專科 | 中彰投區 | 本省閩南人 | 07 | 05 | 05"
"女性","40至49歲","專科","中彰投區","本省閩南人","09","01","01",1,1.000359253,0.000898472596585804,0.000897219668961737,"女性 | 40至49歲 | 專科 | 中彰投區 | 本省閩南人 | 09 | 01 | 01"
"女性","40至49歲","專科","中彰投區","本省閩南人","10","04","05",1,1.000359253,0.000898472596585804,0.000897219668961737,"女性 | 40至49歲 | 專科 | 中彰投區 | 本省閩南人 | 10 | 04 | 05"
"女性","40至49歲","專科","北北基宜蘭區","本省客家人","03","09","00",1,1.319404057,0.000898472596585804,0.0011833701419747,"女性 | 40至49歲 | 專科 | 北北基宜蘭區 | 本省客家人 | 03 | 09 | 00"
"女性","40至49歲","專科","北北基宜蘭區","本省閩南人","00","04","03",1,1.319404057,0.000898472596585804,0.0011833701419747,"女性 | 40至49歲 | 專科 | 北北基宜蘭區 | 本省閩南人 | 00 | 04 | 03"
"女性","40至49歲","專科","北北基宜蘭區","本省閩南人","00","08","00",1,1.319404057,0.000898472596585804,0.0011833701419747,"女性 | 40至49歲 | 專科 | 北北基宜蘭區 | 本省閩南人 | 00 | 08 | 00"
"女性","40至49歲","專科","北北基宜蘭區","本省閩南人","02","02","08",1,1.319404057,0.000898472596585804,0.0011833701419747,"女性 | 40至49歲 | 專科 | 北北基宜蘭區 | 本省閩南人 | 02 | 02 | 08"
"女性","40至49歲","專科","北北基宜蘭區","本省閩南人","02","08","02",1,1.319404057,0.000898472596585804,0.0011833701419747,"女性 | 40至49歲 | 專科 | 北北基宜蘭區 | 本省閩南人 | 02 | 08 | 02"
"女性","40至49歲","專科","北北基宜蘭區","本省閩南人","04","07","07",1,1.319404057,0.000898472596585804,0.0011833701419747,"女性 | 40至49歲 | 專科 | 北北基宜蘭區 | 本省閩南人 | 04 | 07 | 07"
"女性","40至49歲","專科","桃竹苗區","本省閩南人","04","05","06",1,1.134768108,0.000898472596585804,0.0010177706290563,"女性 | 40至49歲 | 專科 | 桃竹苗區 | 本省閩南人 | 04 | 05 | 06"
"女性","40至49歲","專科","桃竹苗區","本省閩南人","07","05","04",1,1.134768108,0.000898472596585804,0.0010177706290563,"女性 | 40至49歲 | 專科 | 桃竹苗區 | 本省閩南人 | 07 | 05 | 04"
"女性","40至49歲","專科","花東外島區","本省客家人","00","05","10",1,1.202527872,0.000898472596585804,0.00107854418899757,"女性 | 40至49歲 | 專科 | 花東外島區 | 本省客家人 | 00 | 05 | 10"
"女性","40至49歲","專科","雲嘉南區","本省閩南人","00","08","00",1,0.981157047,0.000898472596585804,0.000879997259253437,"女性 | 40至49歲 | 專科 | 雲嘉南區 | 本省閩南人 | 00 | 08 | 00"
"女性","40至49歲","專科","雲嘉南區","本省閩南人","00","09","05",1,0.981157047,0.000898472596585804,0.000879997259253437,"女性 | 40至49歲 | 專科 | 雲嘉南區 | 本省閩南人 | 00 | 09 | 05"
"女性","40至49歲","專科","雲嘉南區","本省閩南人","00","10","00",1,0.981157047,0.000898472596585804,0.000879997259253437,"女性 | 40至49歲 | 專科 | 雲嘉南區 | 本省閩南人 | 00 | 10 | 00"
"女性","40至49歲","專科","雲嘉南區","本省閩南人","07","03","06",1,0.981157047,0.000898472596585804,0.000879997259253437,"女性 | 40至49歲 | 專科 | 雲嘉南區 | 本省閩南人 | 07 | 03 | 06"
"女性","40至49歲","專科","雲嘉南區","本省閩南人","08","03","08",1,0.981157047,0.000898472596585804,0.000879997259253437,"女性 | 40至49歲 | 專科 | 雲嘉南區 | 本省閩南人 | 08 | 03 | 08"
"女性","40至49歲","小學及以下","高屏澎湖區","大陸各省市","05","05","05",1,1.526150185,0.000898472596585804,0.00136880021818681,"女性 | 40至49歲 | 小學及以下 | 高屏澎湖區 | 大陸各省市 | 05 | 05 | 05"
"女性","40至49歲","高中、職","中彰投區","本省閩南人","05","03","06",1,1.360083245,0.000898472596585804,0.00121985520219835,"女性 | 40至49歲 | 高中、職 | 中彰投區 | 本省閩南人 | 05 | 03 | 06"
"女性","40至49歲","高中、職","中彰投區","本省閩南人","08","05","05",1,1.360083245,0.000898472596585804,0.00121985520219835,"女性 | 40至49歲 | 高中、職 | 中彰投區 | 本省閩南人 | 08 | 05 | 05"
"女性","40至49歲","高中、職","北北基宜蘭區","原住民","08","07","01",1,1.793854904,0.000898472596585804,0.00160890389957963,"女性 | 40至49歲 | 高中、職 | 北北基宜蘭區 | 原住民 | 08 | 07 | 01"
"女性","40至49歲","高中、職","北北基宜蘭區","外國新住民","04","07","05",1,1.793854904,0.000898472596585804,0.00160890389957963,"女性 | 40至49歲 | 高中、職 | 北北基宜蘭區 | 外國新住民 | 04 | 07 | 05"
"女性","40至49歲","高中、職","北北基宜蘭區","大陸各省市","07","00","05",1,1.793854904,0.000898472596585804,0.00160890389957963,"女性 | 40至49歲 | 高中、職 | 北北基宜蘭區 | 大陸各省市 | 07 | 00 | 05"
"女性","40至49歲","高中、職","北北基宜蘭區","本省閩南人","03","06","04",1,1.793854904,0.000898472596585804,0.00160890389957963,"女性 | 40至49歲 | 高中、職 | 北北基宜蘭區 | 本省閩南人 | 03 | 06 | 04"
"女性","40至49歲","高中、職","北北基宜蘭區","本省閩南人","05","05","05",1,1.793854904,0.000898472596585804,0.00160890389957963,"女性 | 40至49歲 | 高中、職 | 北北基宜蘭區 | 本省閩南人 | 05 | 05 | 05"
"女性","40至49歲","高中、職","北北基宜蘭區","本省閩南人","05","06","05",1,1.793854904,0.000898472596585804,0.00160890389957963,"女性 | 40至49歲 | 高中、職 | 北北基宜蘭區 | 本省閩南人 | 05 | 06 | 05"
"女性","40至49歲","高中、職","桃竹苗區","大陸各省市","04","05","04",1,1.542824826,0.000898472596585804,0.00138375566127709,"女性 | 40至49歲 | 高中、職 | 桃竹苗區 | 大陸各省市 | 04 | 05 | 04"
"女性","40至49歲","高中、職","桃竹苗區","本省閩南人","07","00","07",1,1.542824826,0.000898472596585804,0.00138375566127709,"女性 | 40至49歲 | 高中、職 | 桃竹苗區 | 本省閩南人 | 07 | 00 | 07"
"女性","40至49歲","高中、職","雲嘉南區","本省閩南人","07","05","05",1,1.333976026,0.000898472596585804,0.00119643970389767,"女性 | 40至49歲 | 高中、職 | 雲嘉南區 | 本省閩南人 | 07 | 05 | 05"
"女性","40至49歲","高中、職","高屏澎湖區","本省閩南人","05","05","05",1,1.493830785,0.000898472596585804,0.00133981303055189,"女性 | 40至49歲 | 高中、職 | 高屏澎湖區 | 本省閩南人 | 05 | 05 | 05"
"女性","50至59歲","國、初中","中彰投區","本省閩南人","03","06","03",1,1.578017762,0.000898472596585804,0.00141532011603973,"女性 | 50至59歲 | 國、初中 | 中彰投區 | 本省閩南人 | 03 | 06 | 03"
"女性","50至59歲","國、初中","中彰投區","本省閩南人","05","05","05",1,1.578017762,0.000898472596585804,0.00141532011603973,"女性 | 50至59歲 | 國、初中 | 中彰投區 | 本省閩南人 | 05 | 05 | 05"
"女性","50至59歲","國、初中","北北基宜蘭區","本省閩南人","05","05","05",1,2.081295326,0.000898472596585804,0.00186670848278277,"女性 | 50至59歲 | 國、初中 | 北北基宜蘭區 | 本省閩南人 | 05 | 05 | 05"
"女性","50至59歲","國、初中","北北基宜蘭區","本省閩南人","05","10","05",1,2.081295326,0.000898472596585804,0.00186670848278277,"女性 | 50至59歲 | 國、初中 | 北北基宜蘭區 | 本省閩南人 | 05 | 10 | 05"
"女性","50至59歲","國、初中","北北基宜蘭區","本省閩南人","06","07","06",1,2.081295326,0.000898472596585804,0.00186670848278277,"女性 | 50至59歲 | 國、初中 | 北北基宜蘭區 | 本省閩南人 | 06 | 07 | 06"
"女性","50至59歲","國、初中","花東外島區","本省閩南人","08","03","04",1,1.896928865,0.000898472596585804,0.00170135067296595,"女性 | 50至59歲 | 國、初中 | 花東外島區 | 本省閩南人 | 08 | 03 | 04"
"女性","50至59歲","國、初中","雲嘉南區","大陸各省市","05","05","03",1,1.547727222,0.000898472596585804,0.00138815260777711,"女性 | 50至59歲 | 國、初中 | 雲嘉南區 | 大陸各省市 | 05 | 05 | 03"
"女性","50至59歲","國、初中","雲嘉南區","本省閩南人","00","00","01",1,1.547727222,0.000898472596585804,0.00138815260777711,"女性 | 50至59歲 | 國、初中 | 雲嘉南區 | 本省閩南人 | 00 | 00 | 01"
"女性","50至59歲","國、初中","雲嘉南區","本省閩南人","05","07","03",1,1.547727222,0.000898472596585804,0.00138815260777711,"女性 | 50至59歲 | 國、初中 | 雲嘉南區 | 本省閩南人 | 05 | 07 | 03"
"女性","50至59歲","國、初中","雲嘉南區","本省閩南人","06","07","05",1,1.547727222,0.000898472596585804,0.00138815260777711,"女性 | 50至59歲 | 國、初中 | 雲嘉南區 | 本省閩南人 | 06 | 07 | 05"
"女性","50至59歲","國、初中","高屏澎湖區","本省閩南人","00","10","02",1,1.733196495,0.000898472596585804,0.00155449952687102,"女性 | 50至59歲 | 國、初中 | 高屏澎湖區 | 本省閩南人 | 00 | 10 | 02"
"女性","50至59歲","國、初中","高屏澎湖區","本省閩南人","05","05","05",1,1.733196495,0.000898472596585804,0.00155449952687102,"女性 | 50至59歲 | 國、初中 | 高屏澎湖區 | 本省閩南人 | 05 | 05 | 05"
"女性","50至59歲","大學及以上","中彰投區","大陸各省市","08","02","05",1,0.687040923,0.000898472596585804,0.000616205255910425,"女性 | 50至59歲 | 大學及以上 | 中彰投區 | 大陸各省市 | 08 | 02 | 05"
"女性","50至59歲","大學及以上","中彰投區","本省閩南人","00","09","00",1,0.687040923,0.000898472596585804,0.000616205255910425,"女性 | 50至59歲 | 大學及以上 | 中彰投區 | 本省閩南人 | 00 | 09 | 00"
"女性","50至59歲","大學及以上","中彰投區","本省閩南人","05","04","05",1,0.687040923,0.000898472596585804,0.000616205255910425,"女性 | 50至59歲 | 大學及以上 | 中彰投區 | 本省閩南人 | 05 | 04 | 05"
"女性","50至59歲","大學及以上","中彰投區","本省閩南人","05","05","05",1,0.687040923,0.000898472596585804,0.000616205255910425,"女性 | 50至59歲 | 大學及以上 | 中彰投區 | 本省閩南人 | 05 | 05 | 05"
"女性","50至59歲","大學及以上","中彰投區","本省閩南人","06","06","06",1,0.687040923,0.000898472596585804,0.000616205255910425,"女性 | 50至59歲 | 大學及以上 | 中彰投區 | 本省閩南人 | 06 | 06 | 06"
"女性","50至59歲","大學及以上","北北基宜蘭區","原住民","05","05","05",1,0.90615904,0.000898472596585804,0.000812731737580565,"女性 | 50至59歲 | 大學及以上 | 北北基宜蘭區 | 原住民 | 05 | 05 | 05"
"女性","50至59歲","大學及以上","北北基宜蘭區","大陸各省市","07","04","03",1,0.90615904,0.000898472596585804,0.000812731737580565,"女性 | 50至59歲 | 大學及以上 | 北北基宜蘭區 | 大陸各省市 | 07 | 04 | 03"
"女性","50至59歲","大學及以上","北北基宜蘭區","本省客家人","05","05","06",1,0.90615904,0.000898472596585804,0.000812731737580565,"女性 | 50至59歲 | 大學及以上 | 北北基宜蘭區 | 本省客家人 | 05 | 05 | 06"
"女性","50至59歲","大學及以上","北北基宜蘭區","本省客家人","06","04","07",1,0.90615904,0.000898472596585804,0.000812731737580565,"女性 | 50至59歲 | 大學及以上 | 北北基宜蘭區 | 本省客家人 | 06 | 04 | 07"
"女性","50至59歲","大學及以上","北北基宜蘭區","本省閩南人","03","03","04",1,0.90615904,0.000898472596585804,0.000812731737580565,"女性 | 50至59歲 | 大學及以上 | 北北基宜蘭區 | 本省閩南人 | 03 | 03 | 04"
"女性","50至59歲","大學及以上","北北基宜蘭區","本省閩南人","04","08","00",1,0.90615904,0.000898472596585804,0.000812731737580565,"女性 | 50至59歲 | 大學及以上 | 北北基宜蘭區 | 本省閩南人 | 04 | 08 | 00"
"女性","50至59歲","大學及以上","北北基宜蘭區","本省閩南人","04","09","02",1,0.90615904,0.000898472596585804,0.000812731737580565,"女性 | 50至59歲 | 大學及以上 | 北北基宜蘭區 | 本省閩南人 | 04 | 09 | 02"
"女性","50至59歲","大學及以上","北北基宜蘭區","本省閩南人","05","06","05",1,0.90615904,0.000898472596585804,0.000812731737580565,"女性 | 50至59歲 | 大學及以上 | 北北基宜蘭區 | 本省閩南人 | 05 | 06 | 05"
"女性","50至59歲","大學及以上","北北基宜蘭區","本省閩南人","06","05","04",1,0.90615904,0.000898472596585804,0.000812731737580565,"女性 | 50至59歲 | 大學及以上 | 北北基宜蘭區 | 本省閩南人 | 06 | 05 | 04"
"女性","50至59歲","大學及以上","桃竹苗區","外籍人士","06","05","05",1,0.779352143,0.000898472596585804,0.00069899895427576,"女性 | 50至59歲 | 大學及以上 | 桃竹苗區 | 外籍人士 | 06 | 05 | 05"
"女性","50至59歲","大學及以上","桃竹苗區","本省客家人","05","04","05",1,0.779352143,0.000898472596585804,0.00069899895427576,"女性 | 50至59歲 | 大學及以上 | 桃竹苗區 | 本省客家人 | 05 | 04 | 05"
"女性","50至59歲","大學及以上","桃竹苗區","本省客家人","05","05","04",1,0.779352143,0.000898472596585804,0.00069899895427576,"女性 | 50至59歲 | 大學及以上 | 桃竹苗區 | 本省客家人 | 05 | 05 | 04"
"女性","50至59歲","大學及以上","桃竹苗區","本省客家人","06","03","03",1,0.779352143,0.000898472596585804,0.00069899895427576,"女性 | 50至59歲 | 大學及以上 | 桃竹苗區 | 本省客家人 | 06 | 03 | 03"
"女性","50至59歲","大學及以上","花東外島區","本省客家人","05","01","04",1,0.825889156,0.000898472596585804,0.000740737882838785,"女性 | 50至59歲 | 大學及以上 | 花東外島區 | 本省客家人 | 05 | 01 | 04"
"女性","50至59歲","大學及以上","花東外島區","本省閩南人","01","08","02",1,0.825889156,0.000898472596585804,0.000740737882838785,"女性 | 50至59歲 | 大學及以上 | 花東外島區 | 本省閩南人 | 01 | 08 | 02"
"女性","50至59歲","大學及以上","雲嘉南區","本省閩南人","00","07","03",1,0.673852959,0.000898472596585804,0.000604377004550851,"女性 | 50至59歲 | 大學及以上 | 雲嘉南區 | 本省閩南人 | 00 | 07 | 03"
"女性","50至59歲","大學及以上","雲嘉南區","本省閩南人","03","02","08",1,0.673852959,0.000898472596585804,0.000604377004550851,"女性 | 50至59歲 | 大學及以上 | 雲嘉南區 | 本省閩南人 | 03 | 02 | 08"
"女性","50至59歲","大學及以上","雲嘉南區","本省閩南人","03","07","02",1,0.673852959,0.000898472596585804,0.000604377004550851,"女性 | 50至59歲 | 大學及以上 | 雲嘉南區 | 本省閩南人 | 03 | 07 | 02"
"女性","50至59歲","大學及以上","雲嘉南區","本省閩南人","06","04","07",1,0.673852959,0.000898472596585804,0.000604377004550851,"女性 | 50至59歲 | 大學及以上 | 雲嘉南區 | 本省閩南人 | 06 | 04 | 07"
"女性","50至59歲","大學及以上","雲嘉南區","本省閩南人","09","04","03",1,0.673852959,0.000898472596585804,0.000604377004550851,"女性 | 50至59歲 | 大學及以上 | 雲嘉南區 | 本省閩南人 | 09 | 04 | 03"
"女性","50至59歲","大學及以上","高屏澎湖區","本省客家人","05","05","05",1,0.754602988,0.000898472596585804,0.000676801500121575,"女性 | 50至59歲 | 大學及以上 | 高屏澎湖區 | 本省客家人 | 05 | 05 | 05"
"女性","50至59歲","大學及以上","高屏澎湖區","本省閩南人","01","00","00",1,0.754602988,0.000898472596585804,0.000676801500121575,"女性 | 50至59歲 | 大學及以上 | 高屏澎湖區 | 本省閩南人 | 01 | 00 | 00"
"女性","50至59歲","大學及以上","高屏澎湖區","本省閩南人","05","00","06",1,0.754602988,0.000898472596585804,0.000676801500121575,"女性 | 50至59歲 | 大學及以上 | 高屏澎湖區 | 本省閩南人 | 05 | 00 | 06"
"女性","50至59歲","專科","中彰投區","大陸各省市","05","04","06",1,0.837571615,0.000898472596585804,0.000751215850594074,"女性 | 50至59歲 | 專科 | 中彰投區 | 大陸各省市 | 05 | 04 | 06"
"女性","50至59歲","專科","中彰投區","大陸各省市","07","03","02",1,0.837571615,0.000898472596585804,0.000751215850594074,"女性 | 50至59歲 | 專科 | 中彰投區 | 大陸各省市 | 07 | 03 | 02"
"女性","50至59歲","專科","中彰投區","本省閩南人","05","04","01",1,0.837571615,0.000898472596585804,0.000751215850594074,"女性 | 50至59歲 | 專科 | 中彰投區 | 本省閩南人 | 05 | 04 | 01"
"女性","50至59歲","專科","中彰投區","本省閩南人","05","05","05",1,0.837571615,0.000898472596585804,0.000751215850594074,"女性 | 50至59歲 | 專科 | 中彰投區 | 本省閩南人 | 05 | 05 | 05"
"女性","50至59歲","專科","中彰投區","本省閩南人","05","07","02",1,0.837571615,0.000898472596585804,0.000751215850594074,"女性 | 50至59歲 | 專科 | 中彰投區 | 本省閩南人 | 05 | 07 | 02"
"女性","50至59歲","專科","中彰投區","本省閩南人","07","04","03",1,0.837571615,0.000898472596585804,0.000751215850594074,"女性 | 50至59歲 | 專科 | 中彰投區 | 本省閩南人 | 07 | 04 | 03"
"女性","50至59歲","專科","北北基宜蘭區","大陸各省市","03","02","03",1,1.10469852,0.000898472596585804,0.000990801292080337,"女性 | 50至59歲 | 專科 | 北北基宜蘭區 | 大陸各省市 | 03 | 02 | 03"
"女性","50至59歲","專科","北北基宜蘭區","本省客家人","07","00","10",1,1.10469852,0.000898472596585804,0.000990801292080337,"女性 | 50至59歲 | 專科 | 北北基宜蘭區 | 本省客家人 | 07 | 00 | 10"
"女性","50至59歲","專科","北北基宜蘭區","本省客家人","07","03","03",1,1.10469852,0.000898472596585804,0.000990801292080337,"女性 | 50至59歲 | 專科 | 北北基宜蘭區 | 本省客家人 | 07 | 03 | 03"
"女性","50至59歲","專科","北北基宜蘭區","本省閩南人","01","08","00",1,1.10469852,0.000898472596585804,0.000990801292080337,"女性 | 50至59歲 | 專科 | 北北基宜蘭區 | 本省閩南人 | 01 | 08 | 00"
"女性","50至59歲","專科","北北基宜蘭區","本省閩南人","03","06","01",1,1.10469852,0.000898472596585804,0.000990801292080337,"女性 | 50至59歲 | 專科 | 北北基宜蘭區 | 本省閩南人 | 03 | 06 | 01"
"女性","50至59歲","專科","北北基宜蘭區","本省閩南人","03","06","05",1,1.10469852,0.000898472596585804,0.000990801292080337,"女性 | 50至59歲 | 專科 | 北北基宜蘭區 | 本省閩南人 | 03 | 06 | 05"
"女性","50至59歲","專科","北北基宜蘭區","本省閩南人","05","05","05",1,1.10469852,0.000898472596585804,0.000990801292080337,"女性 | 50至59歲 | 專科 | 北北基宜蘭區 | 本省閩南人 | 05 | 05 | 05"
"女性","50至59歲","專科","北北基宜蘭區","本省閩南人","05","06","07",1,1.10469852,0.000898472596585804,0.000990801292080337,"女性 | 50至59歲 | 專科 | 北北基宜蘭區 | 本省閩南人 | 05 | 06 | 07"
"女性","50至59歲","專科","北北基宜蘭區","本省閩南人","05","10","00",1,1.10469852,0.000898472596585804,0.000990801292080337,"女性 | 50至59歲 | 專科 | 北北基宜蘭區 | 本省閩南人 | 05 | 10 | 00"
"女性","50至59歲","專科","北北基宜蘭區","本省閩南人","06","01","04",1,1.10469852,0.000898472596585804,0.000990801292080337,"女性 | 50至59歲 | 專科 | 北北基宜蘭區 | 本省閩南人 | 06 | 01 | 04"
"女性","50至59歲","專科","北北基宜蘭區","本省閩南人","06","05","05",1,1.10469852,0.000898472596585804,0.000990801292080337,"女性 | 50至59歲 | 專科 | 北北基宜蘭區 | 本省閩南人 | 06 | 05 | 05"
"女性","50至59歲","專科","桃竹苗區","大陸各省市","09","02","06",1,0.950108227,0.000898472596585804,0.000852149651587981,"女性 | 50至59歲 | 專科 | 桃竹苗區 | 大陸各省市 | 09 | 02 | 06"
"女性","50至59歲","專科","桃竹苗區","大陸各省市","09","05","05",1,0.950108227,0.000898472596585804,0.000852149651587981,"女性 | 50至59歲 | 專科 | 桃竹苗區 | 大陸各省市 | 09 | 05 | 05"
"女性","50至59歲","專科","桃竹苗區","本省客家人","05","05","05",1,0.950108227,0.000898472596585804,0.000852149651587981,"女性 | 50至59歲 | 專科 | 桃竹苗區 | 本省客家人 | 05 | 05 | 05"
"女性","50至59歲","專科","桃竹苗區","本省閩南人","05","06","04",1,0.950108227,0.000898472596585804,0.000852149651587981,"女性 | 50至59歲 | 專科 | 桃竹苗區 | 本省閩南人 | 05 | 06 | 04"
"女性","50至59歲","專科","桃竹苗區","本省閩南人","08","02","04",1,0.950108227,0.000898472596585804,0.000852149651587981,"女性 | 50至59歲 | 專科 | 桃竹苗區 | 本省閩南人 | 08 | 02 | 04"
"女性","50至59歲","專科","花東外島區","大陸各省市","07","05","06",1,1.006841501,0.000898472596585804,0.000903033580701191,"女性 | 50至59歲 | 專科 | 花東外島區 | 大陸各省市 | 07 | 05 | 06"
"女性","50至59歲","專科","花東外島區","本省客家人","05","05","05",1,1.006841501,0.000898472596585804,0.000903033580701191,"女性 | 50至59歲 | 專科 | 花東外島區 | 本省客家人 | 05 | 05 | 05"
"女性","50至59歲","專科","雲嘉南區","本省閩南人","03","08","05",1,0.821494168,0.000898472596585804,0.00073679602928305,"女性 | 50至59歲 | 專科 | 雲嘉南區 | 本省閩南人 | 03 | 08 | 05"
"女性","50至59歲","專科","高屏澎湖區","大陸各省市","04","05","00",1,0.919936531,0.000898472596585804,0.000825088734206599,"女性 | 50至59歲 | 專科 | 高屏澎湖區 | 大陸各省市 | 04 | 05 | 00"
"女性","50至59歲","專科","高屏澎湖區","大陸各省市","07","00","05",1,0.919936531,0.000898472596585804,0.000825088734206599,"女性 | 50至59歲 | 專科 | 高屏澎湖區 | 大陸各省市 | 07 | 00 | 05"
"女性","50至59歲","專科","高屏澎湖區","本省閩南人","00","10","00",1,0.919936531,0.000898472596585804,0.000825088734206599,"女性 | 50至59歲 | 專科 | 高屏澎湖區 | 本省閩南人 | 00 | 10 | 00"
"女性","50至59歲","專科","高屏澎湖區","本省閩南人","07","06","08",1,0.919936531,0.000898472596585804,0.000825088734206599,"女性 | 50至59歲 | 專科 | 高屏澎湖區 | 本省閩南人 | 07 | 06 | 08"
"女性","50至59歲","小學及以下","中彰投區","本省閩南人","05","00","05",1,1.16339533,0.000898472596585804,0.00104344631163644,"女性 | 50至59歲 | 小學及以下 | 中彰投區 | 本省閩南人 | 05 | 00 | 05"
"女性","50至59歲","小學及以下","北北基宜蘭區","本省閩南人","05","05","00",1,1.534437267,0.000898472596585804,0.00137623288094911,"女性 | 50至59歲 | 小學及以下 | 北北基宜蘭區 | 本省閩南人 | 05 | 05 | 00"
"女性","50至59歲","小學及以下","雲嘉南區","本省閩南人","00","09","01",1,1.141063596,0.000898472596585804,0.00102341703622689,"女性 | 50至59歲 | 小學及以下 | 雲嘉南區 | 本省閩南人 | 00 | 09 | 01"
"女性","50至59歲","小學及以下","雲嘉南區","本省閩南人","05","08","06",1,1.141063596,0.000898472596585804,0.00102341703622689,"女性 | 50至59歲 | 小學及以下 | 雲嘉南區 | 本省閩南人 | 05 | 08 | 06"
"女性","50至59歲","小學及以下","高屏澎湖區","本省閩南人","04","07","03",1,1.277801021,0.000898472596585804,0.00114605648483025,"女性 | 50至59歲 | 小學及以下 | 高屏澎湖區 | 本省閩南人 | 04 | 07 | 03"
"女性","50至59歲","高中、職","中彰投區","本省客家人","08","09","06",1,1.138758017,0.000898472596585804,0.00102134916828751,"女性 | 50至59歲 | 高中、職 | 中彰投區 | 本省客家人 | 08 | 09 | 06"
"女性","50至59歲","高中、職","中彰投區","本省閩南人","00","07","01",1,1.138758017,0.000898472596585804,0.00102134916828751,"女性 | 50至59歲 | 高中、職 | 中彰投區 | 本省閩南人 | 00 | 07 | 01"
"女性","50至59歲","高中、職","中彰投區","本省閩南人","04","06","05",1,1.138758017,0.000898472596585804,0.00102134916828751,"女性 | 50至59歲 | 高中、職 | 中彰投區 | 本省閩南人 | 04 | 06 | 05"
"女性","50至59歲","高中、職","中彰投區","本省閩南人","06","04","06",1,1.138758017,0.000898472596585804,0.00102134916828751,"女性 | 50至59歲 | 高中、職 | 中彰投區 | 本省閩南人 | 06 | 04 | 06"
"女性","50至59歲","高中、職","中彰投區","本省閩南人","08","02","03",1,1.138758017,0.000898472596585804,0.00102134916828751,"女性 | 50至59歲 | 高中、職 | 中彰投區 | 本省閩南人 | 08 | 02 | 03"
"女性","50至59歲","高中、職","中彰投區","本省閩南人","08","05","06",1,1.138758017,0.000898472596585804,0.00102134916828751,"女性 | 50至59歲 | 高中、職 | 中彰投區 | 本省閩南人 | 08 | 05 | 06"
"女性","50至59歲","高中、職","北北基宜蘭區","本省客家人","05","06","03",1,1.501942371,0.000898472596585804,0.00134708829139828,"女性 | 50至59歲 | 高中、職 | 北北基宜蘭區 | 本省客家人 | 05 | 06 | 03"
"女性","50至59歲","高中、職","北北基宜蘭區","本省客家人","05","08","02",1,1.501942371,0.000898472596585804,0.00134708829139828,"女性 | 50至59歲 | 高中、職 | 北北基宜蘭區 | 本省客家人 | 05 | 08 | 02"
"女性","50至59歲","高中、職","北北基宜蘭區","本省閩南人","03","05","00",1,1.501942371,0.000898472596585804,0.00134708829139828,"女性 | 50至59歲 | 高中、職 | 北北基宜蘭區 | 本省閩南人 | 03 | 05 | 00"
"女性","50至59歲","高中、職","北北基宜蘭區","本省閩南人","03","08","05",1,1.501942371,0.000898472596585804,0.00134708829139828,"女性 | 50至59歲 | 高中、職 | 北北基宜蘭區 | 本省閩南人 | 03 | 08 | 05"
"女性","50至59歲","高中、職","北北基宜蘭區","本省閩南人","04","08","06",1,1.501942371,0.000898472596585804,0.00134708829139828,"女性 | 50至59歲 | 高中、職 | 北北基宜蘭區 | 本省閩南人 | 04 | 08 | 06"
"女性","50至59歲","高中、職","北北基宜蘭區","本省閩南人","05","05","03",1,1.501942371,0.000898472596585804,0.00134708829139828,"女性 | 50至59歲 | 高中、職 | 北北基宜蘭區 | 本省閩南人 | 05 | 05 | 03"
"女性","50至59歲","高中、職","桃竹苗區","本省客家人","05","05","05",1,1.291762211,0.000898472596585804,0.00115857824062202,"女性 | 50至59歲 | 高中、職 | 桃竹苗區 | 本省客家人 | 05 | 05 | 05"
"女性","50至59歲","高中、職","桃竹苗區","本省客家人","06","00","06",1,1.291762211,0.000898472596585804,0.00115857824062202,"女性 | 50至59歲 | 高中、職 | 桃竹苗區 | 本省客家人 | 06 | 00 | 06"
"女性","50至59歲","高中、職","桃竹苗區","本省閩南人","05","08","04",1,1.291762211,0.000898472596585804,0.00115857824062202,"女性 | 50至59歲 | 高中、職 | 桃竹苗區 | 本省閩南人 | 05 | 08 | 04"
"女性","50至59歲","高中、職","桃竹苗區","本省閩南人","10","00","05",1,1.291762211,0.000898472596585804,0.00115857824062202,"女性 | 50至59歲 | 高中、職 | 桃竹苗區 | 本省閩南人 | 10 | 00 | 05"
"女性","50至59歲","高中、職","雲嘉南區","本省閩南人","00","01","05",1,1.116899205,0.000898472596585804,0.00100174405541659,"女性 | 50至59歲 | 高中、職 | 雲嘉南區 | 本省閩南人 | 00 | 01 | 05"
"女性","50至59歲","高中、職","雲嘉南區","本省閩南人","05","02","10",1,1.116899205,0.000898472596585804,0.00100174405541659,"女性 | 50至59歲 | 高中、職 | 雲嘉南區 | 本省閩南人 | 05 | 02 | 10"
"女性","50至59歲","高中、職","雲嘉南區","本省閩南人","06","00","02",1,1.116899205,0.000898472596585804,0.00100174405541659,"女性 | 50至59歲 | 高中、職 | 雲嘉南區 | 本省閩南人 | 06 | 00 | 02"
"女性","50至59歲","高中、職","雲嘉南區","本省閩南人","10","00","05",1,1.116899205,0.000898472596585804,0.00100174405541659,"女性 | 50至59歲 | 高中、職 | 雲嘉南區 | 本省閩南人 | 10 | 00 | 05"
"女性","50至59歲","高中、職","高屏澎湖區","大陸各省市","05","03","05",1,1.250740931,0.000898472596585804,0.0011217863589539,"女性 | 50至59歲 | 高中、職 | 高屏澎湖區 | 大陸各省市 | 05 | 03 | 05"
"女性","50至59歲","高中、職","高屏澎湖區","大陸各省市","05","08","04",1,1.250740931,0.000898472596585804,0.0011217863589539,"女性 | 50至59歲 | 高中、職 | 高屏澎湖區 | 大陸各省市 | 05 | 08 | 04"
"女性","50至59歲","高中、職","高屏澎湖區","大陸各省市","06","06","07",1,1.250740931,0.000898472596585804,0.0011217863589539,"女性 | 50至59歲 | 高中、職 | 高屏澎湖區 | 大陸各省市 | 06 | 06 | 07"
"女性","50至59歲","高中、職","高屏澎湖區","本省閩南人","00","10","00",1,1.250740931,0.000898472596585804,0.0011217863589539,"女性 | 50至59歲 | 高中、職 | 高屏澎湖區 | 本省閩南人 | 00 | 10 | 00"
"女性","50至59歲","高中、職","高屏澎湖區","本省閩南人","03","08","01",1,1.250740931,0.000898472596585804,0.0011217863589539,"女性 | 50至59歲 | 高中、職 | 高屏澎湖區 | 本省閩南人 | 03 | 08 | 01"
"女性","50至59歲","高中、職","高屏澎湖區","本省閩南人","05","03","05",1,1.250740931,0.000898472596585804,0.0011217863589539,"女性 | 50至59歲 | 高中、職 | 高屏澎湖區 | 本省閩南人 | 05 | 03 | 05"
"女性","50至59歲","高中、職","高屏澎湖區","本省閩南人","05","04","02",1,1.250740931,0.000898472596585804,0.0011217863589539,"女性 | 50至59歲 | 高中、職 | 高屏澎湖區 | 本省閩南人 | 05 | 04 | 02"
"女性","50至59歲","高中、職","高屏澎湖區","本省閩南人","05","04","06",1,1.250740931,0.000898472596585804,0.0011217863589539,"女性 | 50至59歲 | 高中、職 | 高屏澎湖區 | 本省閩南人 | 05 | 04 | 06"
"女性","50至59歲","高中、職","高屏澎湖區","本省閩南人","05","05","05",1,1.250740931,0.000898472596585804,0.0011217863589539,"女性 | 50至59歲 | 高中、職 | 高屏澎湖區 | 本省閩南人 | 05 | 05 | 05"
"女性","50至59歲","高中、職","高屏澎湖區","本省閩南人","07","03","04",1,1.250740931,0.000898472596585804,0.0011217863589539,"女性 | 50至59歲 | 高中、職 | 高屏澎湖區 | 本省閩南人 | 07 | 03 | 04"
"女性","50至59歲","高中、職","高屏澎湖區","本省閩南人","07","06","03",1,1.250740931,0.000898472596585804,0.0011217863589539,"女性 | 50至59歲 | 高中、職 | 高屏澎湖區 | 本省閩南人 | 07 | 06 | 03"
"女性","50至59歲","高中、職","高屏澎湖區","本省閩南人","08","01","08",1,1.250740931,0.000898472596585804,0.0011217863589539,"女性 | 50至59歲 | 高中、職 | 高屏澎湖區 | 本省閩南人 | 08 | 01 | 08"
"女性","60歲及以上","國、初中","中彰投區","本省閩南人","06","06","05",1,1.156365945,0.000898472596585804,0.00103714167411368,"女性 | 60歲及以上 | 國、初中 | 中彰投區 | 本省閩南人 | 06 | 06 | 05"
"女性","60歲及以上","國、初中","中彰投區","本省閩南人","08","02","00",1,1.156365945,0.000898472596585804,0.00103714167411368,"女性 | 60歲及以上 | 國、初中 | 中彰投區 | 本省閩南人 | 08 | 02 | 00"
"女性","60歲及以上","國、初中","中彰投區","本省閩南人","09","00","02",1,1.156365945,0.000898472596585804,0.00103714167411368,"女性 | 60歲及以上 | 國、初中 | 中彰投區 | 本省閩南人 | 09 | 00 | 02"
"女性","60歲及以上","國、初中","中彰投區","本省閩南人","10","01","02",1,1.156365945,0.000898472596585804,0.00103714167411368,"女性 | 60歲及以上 | 國、初中 | 中彰投區 | 本省閩南人 | 10 | 01 | 02"
"女性","60歲及以上","國、初中","中彰投區","本省閩南人","10","02","01",1,1.156365945,0.000898472596585804,0.00103714167411368,"女性 | 60歲及以上 | 國、初中 | 中彰投區 | 本省閩南人 | 10 | 02 | 01"
"女性","60歲及以上","國、初中","北北基宜蘭區","原住民","09","09","05",1,1.525165998,0.000898472596585804,0.00136791750337042,"女性 | 60歲及以上 | 國、初中 | 北北基宜蘭區 | 原住民 | 09 | 09 | 05"
"女性","60歲及以上","國、初中","北北基宜蘭區","本省客家人","02","08","00",1,1.525165998,0.000898472596585804,0.00136791750337042,"女性 | 60歲及以上 | 國、初中 | 北北基宜蘭區 | 本省客家人 | 02 | 08 | 00"
"女性","60歲及以上","國、初中","北北基宜蘭區","本省閩南人","00","10","05",1,1.525165998,0.000898472596585804,0.00136791750337042,"女性 | 60歲及以上 | 國、初中 | 北北基宜蘭區 | 本省閩南人 | 00 | 10 | 05"
"女性","60歲及以上","國、初中","北北基宜蘭區","本省閩南人","03","01","01",1,1.525165998,0.000898472596585804,0.00136791750337042,"女性 | 60歲及以上 | 國、初中 | 北北基宜蘭區 | 本省閩南人 | 03 | 01 | 01"
"女性","60歲及以上","國、初中","北北基宜蘭區","本省閩南人","05","05","03",1,1.525165998,0.000898472596585804,0.00136791750337042,"女性 | 60歲及以上 | 國、初中 | 北北基宜蘭區 | 本省閩南人 | 05 | 05 | 03"
"女性","60歲及以上","國、初中","北北基宜蘭區","本省閩南人","05","05","04",1,1.525165998,0.000898472596585804,0.00136791750337042,"女性 | 60歲及以上 | 國、初中 | 北北基宜蘭區 | 本省閩南人 | 05 | 05 | 04"
"女性","60歲及以上","國、初中","北北基宜蘭區","本省閩南人","07","05","04",1,1.525165998,0.000898472596585804,0.00136791750337042,"女性 | 60歲及以上 | 國、初中 | 北北基宜蘭區 | 本省閩南人 | 07 | 05 | 04"
"女性","60歲及以上","國、初中","桃竹苗區","本省客家人","09","04","03",1,1.31173595,0.000898472596585804,0.00117649263631514,"女性 | 60歲及以上 | 國、初中 | 桃竹苗區 | 本省客家人 | 09 | 04 | 03"
"女性","60歲及以上","國、初中","桃竹苗區","本省客家人","10","00","04",1,1.31173595,0.000898472596585804,0.00117649263631514,"女性 | 60歲及以上 | 國、初中 | 桃竹苗區 | 本省客家人 | 10 | 00 | 04"
"女性","60歲及以上","國、初中","桃竹苗區","本省閩南人","07","04","06",1,1.31173595,0.000898472596585804,0.00117649263631514,"女性 | 60歲及以上 | 國、初中 | 桃竹苗區 | 本省閩南人 | 07 | 04 | 06"
"女性","60歲及以上","國、初中","花東外島區","本省閩南人","00","08","00",1,1.390062895,0.000898472596585804,0.00124674387401092,"女性 | 60歲及以上 | 國、初中 | 花東外島區 | 本省閩南人 | 00 | 08 | 00"
"女性","60歲及以上","國、初中","雲嘉南區","本省閩南人","06","02","05",1,1.134169142,0.000898472596585804,0.00101723341797475,"女性 | 60歲及以上 | 國、初中 | 雲嘉南區 | 本省閩南人 | 06 | 02 | 05"
"女性","60歲及以上","國、初中","高屏澎湖區","本省閩南人","01","01","01",1,1.270080382,0.000898472596585804,0.00113913186335353,"女性 | 60歲及以上 | 國、初中 | 高屏澎湖區 | 本省閩南人 | 01 | 01 | 01"
"女性","60歲及以上","國、初中","高屏澎湖區","本省閩南人","03","08","08",1,1.270080382,0.000898472596585804,0.00113913186335353,"女性 | 60歲及以上 | 國、初中 | 高屏澎湖區 | 本省閩南人 | 03 | 08 | 08"
"女性","60歲及以上","國、初中","高屏澎湖區","本省閩南人","06","02","02",1,1.270080382,0.000898472596585804,0.00113913186335353,"女性 | 60歲及以上 | 國、初中 | 高屏澎湖區 | 本省閩南人 | 06 | 02 | 02"
"女性","60歲及以上","國、初中","高屏澎湖區","本省閩南人","06","04","08",1,1.270080382,0.000898472596585804,0.00113913186335353,"女性 | 60歲及以上 | 國、初中 | 高屏澎湖區 | 本省閩南人 | 06 | 04 | 08"
"女性","60歲及以上","國、初中","高屏澎湖區","本省閩南人","09","03","02",1,1.270080382,0.000898472596585804,0.00113913186335353,"女性 | 60歲及以上 | 國、初中 | 高屏澎湖區 | 本省閩南人 | 09 | 03 | 02"
"女性","60歲及以上","大學及以上","中彰投區","大陸各省市","03","07","00",1,0.503461206,0.000898472596585804,0.000451553074785621,"女性 | 60歲及以上 | 大學及以上 | 中彰投區 | 大陸各省市 | 03 | 07 | 00"
"女性","60歲及以上","大學及以上","中彰投區","大陸各省市","06","00","02",1,0.503461206,0.000898472596585804,0.000451553074785621,"女性 | 60歲及以上 | 大學及以上 | 中彰投區 | 大陸各省市 | 06 | 00 | 02"
"女性","60歲及以上","大學及以上","中彰投區","本省客家人","07","06","06",1,0.503461206,0.000898472596585804,0.000451553074785621,"女性 | 60歲及以上 | 大學及以上 | 中彰投區 | 本省客家人 | 07 | 06 | 06"
"女性","60歲及以上","大學及以上","中彰投區","本省閩南人","00","09","03",1,0.503461206,0.000898472596585804,0.000451553074785621,"女性 | 60歲及以上 | 大學及以上 | 中彰投區 | 本省閩南人 | 00 | 09 | 03"
"女性","60歲及以上","大學及以上","中彰投區","本省閩南人","03","07","04",1,0.503461206,0.000898472596585804,0.000451553074785621,"女性 | 60歲及以上 | 大學及以上 | 中彰投區 | 本省閩南人 | 03 | 07 | 04"
"女性","60歲及以上","大學及以上","中彰投區","本省閩南人","05","07","03",1,0.503461206,0.000898472596585804,0.000451553074785621,"女性 | 60歲及以上 | 大學及以上 | 中彰投區 | 本省閩南人 | 05 | 07 | 03"
"女性","60歲及以上","大學及以上","中彰投區","本省閩南人","06","04","05",1,0.503461206,0.000898472596585804,0.000451553074785621,"女性 | 60歲及以上 | 大學及以上 | 中彰投區 | 本省閩南人 | 06 | 04 | 05"
"女性","60歲及以上","大學及以上","中彰投區","本省閩南人","08","00","05",1,0.503461206,0.000898472596585804,0.000451553074785621,"女性 | 60歲及以上 | 大學及以上 | 中彰投區 | 本省閩南人 | 08 | 00 | 05"
"女性","60歲及以上","大學及以上","北北基宜蘭區","大陸各省市","00","10","00",1,0.664030203,0.000898472596585804,0.000595566999684917,"女性 | 60歲及以上 | 大學及以上 | 北北基宜蘭區 | 大陸各省市 | 00 | 10 | 00"
"女性","60歲及以上","大學及以上","北北基宜蘭區","大陸各省市","05","05","05",1,0.664030203,0.000898472596585804,0.000595566999684917,"女性 | 60歲及以上 | 大學及以上 | 北北基宜蘭區 | 大陸各省市 | 05 | 05 | 05"
"女性","60歲及以上","大學及以上","北北基宜蘭區","大陸各省市","08","04","05",1,0.664030203,0.000898472596585804,0.000595566999684917,"女性 | 60歲及以上 | 大學及以上 | 北北基宜蘭區 | 大陸各省市 | 08 | 04 | 05"
"女性","60歲及以上","大學及以上","北北基宜蘭區","本省客家人","00","00","10",1,0.664030203,0.000898472596585804,0.000595566999684917,"女性 | 60歲及以上 | 大學及以上 | 北北基宜蘭區 | 本省客家人 | 00 | 00 | 10"
"女性","60歲及以上","大學及以上","北北基宜蘭區","本省客家人","05","03","08",1,0.664030203,0.000898472596585804,0.000595566999684917,"女性 | 60歲及以上 | 大學及以上 | 北北基宜蘭區 | 本省客家人 | 05 | 03 | 08"
"女性","60歲及以上","大學及以上","北北基宜蘭區","本省閩南人","00","10","00",1,0.664030203,0.000898472596585804,0.000595566999684917,"女性 | 60歲及以上 | 大學及以上 | 北北基宜蘭區 | 本省閩南人 | 00 | 10 | 00"
"女性","60歲及以上","大學及以上","北北基宜蘭區","本省閩南人","03","00","07",1,0.664030203,0.000898472596585804,0.000595566999684917,"女性 | 60歲及以上 | 大學及以上 | 北北基宜蘭區 | 本省閩南人 | 03 | 00 | 07"
"女性","60歲及以上","大學及以上","北北基宜蘭區","本省閩南人","04","05","05",1,0.664030203,0.000898472596585804,0.000595566999684917,"女性 | 60歲及以上 | 大學及以上 | 北北基宜蘭區 | 本省閩南人 | 04 | 05 | 05"
"女性","60歲及以上","大學及以上","北北基宜蘭區","本省閩南人","04","07","02",1,0.664030203,0.000898472596585804,0.000595566999684917,"女性 | 60歲及以上 | 大學及以上 | 北北基宜蘭區 | 本省閩南人 | 04 | 07 | 02"
"女性","60歲及以上","大學及以上","北北基宜蘭區","本省閩南人","05","10","02",1,0.664030203,0.000898472596585804,0.000595566999684917,"女性 | 60歲及以上 | 大學及以上 | 北北基宜蘭區 | 本省閩南人 | 05 | 10 | 02"
"女性","60歲及以上","大學及以上","北北基宜蘭區","本省閩南人","07","01","03",1,0.664030203,0.000898472596585804,0.000595566999684917,"女性 | 60歲及以上 | 大學及以上 | 北北基宜蘭區 | 本省閩南人 | 07 | 01 | 03"
"女性","60歲及以上","大學及以上","桃竹苗區","大陸各省市","00","06","03",1,0.571106548,0.000898472596585804,0.000512224009926203,"女性 | 60歲及以上 | 大學及以上 | 桃竹苗區 | 大陸各省市 | 00 | 06 | 03"
"女性","60歲及以上","大學及以上","桃竹苗區","大陸各省市","10","00","02",1,0.571106548,0.000898472596585804,0.000512224009926203,"女性 | 60歲及以上 | 大學及以上 | 桃竹苗區 | 大陸各省市 | 10 | 00 | 02"
"女性","60歲及以上","大學及以上","桃竹苗區","本省客家人","08","02","05",1,0.571106548,0.000898472596585804,0.000512224009926203,"女性 | 60歲及以上 | 大學及以上 | 桃竹苗區 | 本省客家人 | 08 | 02 | 05"
"女性","60歲及以上","大學及以上","雲嘉南區","本省閩南人","00","09","00",1,0.493797112,0.000898472596585804,0.000442885373463829,"女性 | 60歲及以上 | 大學及以上 | 雲嘉南區 | 本省閩南人 | 00 | 09 | 00"
"女性","60歲及以上","大學及以上","雲嘉南區","本省閩南人","05","02","07",1,0.493797112,0.000898472596585804,0.000442885373463829,"女性 | 60歲及以上 | 大學及以上 | 雲嘉南區 | 本省閩南人 | 05 | 02 | 07"
"女性","60歲及以上","大學及以上","高屏澎湖區","本省閩南人","02","09","01",1,0.552970453,0.000898472596585804,0.000495957792461467,"女性 | 60歲及以上 | 大學及以上 | 高屏澎湖區 | 本省閩南人 | 02 | 09 | 01"
"女性","60歲及以上","大學及以上","高屏澎湖區","本省閩南人","07","05","06",1,0.552970453,0.000898472596585804,0.000495957792461467,"女性 | 60歲及以上 | 大學及以上 | 高屏澎湖區 | 本省閩南人 | 07 | 05 | 06"
"女性","60歲及以上","專科","中彰投區","大陸各省市","05","00","00",1,0.613769575,0.000898472596585804,0.00055048837030179,"女性 | 60歲及以上 | 專科 | 中彰投區 | 大陸各省市 | 05 | 00 | 00"
"女性","60歲及以上","專科","中彰投區","大陸各省市","06","02","03",1,0.613769575,0.000898472596585804,0.00055048837030179,"女性 | 60歲及以上 | 專科 | 中彰投區 | 大陸各省市 | 06 | 02 | 03"
"女性","60歲及以上","專科","中彰投區","本省閩南人","03","05","04",1,0.613769575,0.000898472596585804,0.00055048837030179,"女性 | 60歲及以上 | 專科 | 中彰投區 | 本省閩南人 | 03 | 05 | 04"
"女性","60歲及以上","專科","北北基宜蘭區","大陸各省市","05","00","02",1,0.809519245,0.000898472596585804,0.00072605575131023,"女性 | 60歲及以上 | 專科 | 北北基宜蘭區 | 大陸各省市 | 05 | 00 | 02"
"女性","60歲及以上","專科","北北基宜蘭區","大陸各省市","08","02","05",1,0.809519245,0.000898472596585804,0.00072605575131023,"女性 | 60歲及以上 | 專科 | 北北基宜蘭區 | 大陸各省市 | 08 | 02 | 05"
"女性","60歲及以上","專科","北北基宜蘭區","本省客家人","05","02","01",1,0.809519245,0.000898472596585804,0.00072605575131023,"女性 | 60歲及以上 | 專科 | 北北基宜蘭區 | 本省客家人 | 05 | 02 | 01"
"女性","60歲及以上","專科","北北基宜蘭區","本省閩南人","00","00","00",1,0.809519245,0.000898472596585804,0.00072605575131023,"女性 | 60歲及以上 | 專科 | 北北基宜蘭區 | 本省閩南人 | 00 | 00 | 00"
"女性","60歲及以上","專科","北北基宜蘭區","本省閩南人","00","10","00",1,0.809519245,0.000898472596585804,0.00072605575131023,"女性 | 60歲及以上 | 專科 | 北北基宜蘭區 | 本省閩南人 | 00 | 10 | 00"
"女性","60歲及以上","專科","北北基宜蘭區","本省閩南人","02","07","02",1,0.809519245,0.000898472596585804,0.00072605575131023,"女性 | 60歲及以上 | 專科 | 北北基宜蘭區 | 本省閩南人 | 02 | 07 | 02"
"女性","60歲及以上","專科","北北基宜蘭區","本省閩南人","05","04","06",1,0.809519245,0.000898472596585804,0.00072605575131023,"女性 | 60歲及以上 | 專科 | 北北基宜蘭區 | 本省閩南人 | 05 | 04 | 06"
"女性","60歲及以上","專科","北北基宜蘭區","本省閩南人","05","06","07",1,0.809519245,0.000898472596585804,0.00072605575131023,"女性 | 60歲及以上 | 專科 | 北北基宜蘭區 | 本省閩南人 | 05 | 06 | 07"
"女性","60歲及以上","專科","北北基宜蘭區","本省閩南人","07","05","05",1,0.809519245,0.000898472596585804,0.00072605575131023,"女性 | 60歲及以上 | 專科 | 北北基宜蘭區 | 本省閩南人 | 07 | 05 | 05"
"女性","60歲及以上","專科","北北基宜蘭區","本省閩南人","08","00","05",1,0.809519245,0.000898472596585804,0.00072605575131023,"女性 | 60歲及以上 | 專科 | 北北基宜蘭區 | 本省閩南人 | 08 | 00 | 05"
"女性","60歲及以上","專科","北北基宜蘭區","本省閩南人","09","01","01",1,0.809519245,0.000898472596585804,0.00072605575131023,"女性 | 60歲及以上 | 專科 | 北北基宜蘭區 | 本省閩南人 | 09 | 01 | 01"
"女性","60歲及以上","專科","桃竹苗區","本省客家人","05","03","01",1,0.696236014,0.000898472596585804,0.000624452309634726,"女性 | 60歲及以上 | 專科 | 桃竹苗區 | 本省客家人 | 05 | 03 | 01"
"女性","60歲及以上","專科","桃竹苗區","本省閩南人","04","07","01",1,0.696236014,0.000898472596585804,0.000624452309634726,"女性 | 60歲及以上 | 專科 | 桃竹苗區 | 本省閩南人 | 04 | 07 | 01"
"女性","60歲及以上","專科","桃竹苗區","本省閩南人","06","00","10",1,0.696236014,0.000898472596585804,0.000624452309634726,"女性 | 60歲及以上 | 專科 | 桃竹苗區 | 本省閩南人 | 06 | 00 | 10"
"女性","60歲及以上","專科","桃竹苗區","本省閩南人","06","02","02",1,0.696236014,0.000898472596585804,0.000624452309634726,"女性 | 60歲及以上 | 專科 | 桃竹苗區 | 本省閩南人 | 06 | 02 | 02"
"女性","60歲及以上","專科","花東外島區","本省閩南人","04","07","02",1,0.737809961,0.000898472596585804,0.000661739876929086,"女性 | 60歲及以上 | 專科 | 花東外島區 | 本省閩南人 | 04 | 07 | 02"
"女性","60歲及以上","專科","雲嘉南區","大陸各省市","05","04","07",1,0.601988078,0.000898472596585804,0.000539921575616268,"女性 | 60歲及以上 | 專科 | 雲嘉南區 | 大陸各省市 | 05 | 04 | 07"
"女性","60歲及以上","專科","雲嘉南區","本省閩南人","08","02","06",1,0.601988078,0.000898472596585804,0.000539921575616268,"女性 | 60歲及以上 | 專科 | 雲嘉南區 | 本省閩南人 | 08 | 02 | 06"
"女性","60歲及以上","專科","高屏澎湖區","大陸各省市","06","00","00",1,0.674126301,0.000898472596585804,0.000604622164295231,"女性 | 60歲及以上 | 專科 | 高屏澎湖區 | 大陸各省市 | 06 | 00 | 00"
"女性","60歲及以上","專科","高屏澎湖區","大陸各省市","07","02","05",1,0.674126301,0.000898472596585804,0.000604622164295231,"女性 | 60歲及以上 | 專科 | 高屏澎湖區 | 大陸各省市 | 07 | 02 | 05"
"女性","60歲及以上","專科","高屏澎湖區","大陸各省市","10","00","07",1,0.674126301,0.000898472596585804,0.000604622164295231,"女性 | 60歲及以上 | 專科 | 高屏澎湖區 | 大陸各省市 | 10 | 00 | 07"
"女性","60歲及以上","專科","高屏澎湖區","本省客家人","08","04","03",1,0.674126301,0.000898472596585804,0.000604622164295231,"女性 | 60歲及以上 | 專科 | 高屏澎湖區 | 本省客家人 | 08 | 04 | 03"
"女性","60歲及以上","專科","高屏澎湖區","本省閩南人","01","10","00",1,0.674126301,0.000898472596585804,0.000604622164295231,"女性 | 60歲及以上 | 專科 | 高屏澎湖區 | 本省閩南人 | 01 | 10 | 00"
"女性","60歲及以上","專科","高屏澎湖區","本省閩南人","02","09","01",1,0.674126301,0.000898472596585804,0.000604622164295231,"女性 | 60歲及以上 | 專科 | 高屏澎湖區 | 本省閩南人 | 02 | 09 | 01"
"女性","60歲及以上","專科","高屏澎湖區","本省閩南人","05","05","04",1,0.674126301,0.000898472596585804,0.000604622164295231,"女性 | 60歲及以上 | 專科 | 高屏澎湖區 | 本省閩南人 | 05 | 05 | 04"
"女性","60歲及以上","小學及以下","中彰投區","本省閩南人","04","06","03",1,0.852532064,0.000898472596585804,0.000764633839240698,"女性 | 60歲及以上 | 小學及以下 | 中彰投區 | 本省閩南人 | 04 | 06 | 03"
"女性","60歲及以上","小學及以下","中彰投區","本省閩南人","04","08","03",1,0.852532064,0.000898472596585804,0.000764633839240698,"女性 | 60歲及以上 | 小學及以下 | 中彰投區 | 本省閩南人 | 04 | 08 | 03"
"女性","60歲及以上","小學及以下","中彰投區","本省閩南人","05","05","05",1,0.852532064,0.000898472596585804,0.000764633839240698,"女性 | 60歲及以上 | 小學及以下 | 中彰投區 | 本省閩南人 | 05 | 05 | 05"
"女性","60歲及以上","小學及以下","中彰投區","本省閩南人","05","08","02",1,0.852532064,0.000898472596585804,0.000764633839240698,"女性 | 60歲及以上 | 小學及以下 | 中彰投區 | 本省閩南人 | 05 | 08 | 02"
"女性","60歲及以上","小學及以下","中彰投區","本省閩南人","06","00","02",1,0.852532064,0.000898472596585804,0.000764633839240698,"女性 | 60歲及以上 | 小學及以下 | 中彰投區 | 本省閩南人 | 06 | 00 | 02"
"女性","60歲及以上","小學及以下","中彰投區","本省閩南人","06","03","02",1,0.852532064,0.000898472596585804,0.000764633839240698,"女性 | 60歲及以上 | 小學及以下 | 中彰投區 | 本省閩南人 | 06 | 03 | 02"
"女性","60歲及以上","小學及以下","中彰投區","本省閩南人","08","07","07",1,0.852532064,0.000898472596585804,0.000764633839240698,"女性 | 60歲及以上 | 小學及以下 | 中彰投區 | 本省閩南人 | 08 | 07 | 07"
"女性","60歲及以上","小學及以下","中彰投區","本省閩南人","10","00","05",1,0.852532064,0.000898472596585804,0.000764633839240698,"女性 | 60歲及以上 | 小學及以下 | 中彰投區 | 本省閩南人 | 10 | 00 | 05"
"女性","60歲及以上","小學及以下","北北基宜蘭區","大陸各省市","05","03","01",1,1.124430309,0.000898472596585804,0.001008498683434,"女性 | 60歲及以上 | 小學及以下 | 北北基宜蘭區 | 大陸各省市 | 05 | 03 | 01"
"女性","60歲及以上","小學及以下","北北基宜蘭區","本省閩南人","04","08","08",1,1.124430309,0.000898472596585804,0.001008498683434,"女性 | 60歲及以上 | 小學及以下 | 北北基宜蘭區 | 本省閩南人 | 04 | 08 | 08"
"女性","60歲及以上","小學及以下","北北基宜蘭區","本省閩南人","05","01","02",1,1.124430309,0.000898472596585804,0.001008498683434,"女性 | 60歲及以上 | 小學及以下 | 北北基宜蘭區 | 本省閩南人 | 05 | 01 | 02"
"女性","60歲及以上","小學及以下","北北基宜蘭區","本省閩南人","05","05","03",1,1.124430309,0.000898472596585804,0.001008498683434,"女性 | 60歲及以上 | 小學及以下 | 北北基宜蘭區 | 本省閩南人 | 05 | 05 | 03"
"女性","60歲及以上","小學及以下","北北基宜蘭區","本省閩南人","05","07","06",1,1.124430309,0.000898472596585804,0.001008498683434,"女性 | 60歲及以上 | 小學及以下 | 北北基宜蘭區 | 本省閩南人 | 05 | 07 | 06"
"女性","60歲及以上","小學及以下","北北基宜蘭區","本省閩南人","05","08","04",1,1.124430309,0.000898472596585804,0.001008498683434,"女性 | 60歲及以上 | 小學及以下 | 北北基宜蘭區 | 本省閩南人 | 05 | 08 | 04"
"女性","60歲及以上","小學及以下","北北基宜蘭區","本省閩南人","05","09","03",1,1.124430309,0.000898472596585804,0.001008498683434,"女性 | 60歲及以上 | 小學及以下 | 北北基宜蘭區 | 本省閩南人 | 05 | 09 | 03"
"女性","60歲及以上","小學及以下","北北基宜蘭區","本省閩南人","07","05","02",1,1.124430309,0.000898472596585804,0.001008498683434,"女性 | 60歲及以上 | 小學及以下 | 北北基宜蘭區 | 本省閩南人 | 07 | 05 | 02"
"女性","60歲及以上","小學及以下","北北基宜蘭區","本省閩南人","08","05","03",1,1.124430309,0.000898472596585804,0.001008498683434,"女性 | 60歲及以上 | 小學及以下 | 北北基宜蘭區 | 本省閩南人 | 08 | 05 | 03"
"女性","60歲及以上","小學及以下","北北基宜蘭區","本省閩南人","10","00","00",1,1.124430309,0.000898472596585804,0.001008498683434,"女性 | 60歲及以上 | 小學及以下 | 北北基宜蘭區 | 本省閩南人 | 10 | 00 | 00"
"女性","60歲及以上","小學及以下","北北基宜蘭區","本省閩南人","10","00","07",1,1.124430309,0.000898472596585804,0.001008498683434,"女性 | 60歲及以上 | 小學及以下 | 北北基宜蘭區 | 本省閩南人 | 10 | 00 | 07"
"女性","60歲及以上","小學及以下","桃竹苗區","本省客家人","04","09","03",1,0.967078771,0.000898472596585804,0.000867370489326142,"女性 | 60歲及以上 | 小學及以下 | 桃竹苗區 | 本省客家人 | 04 | 09 | 03"
"女性","60歲及以上","小學及以下","桃竹苗區","本省客家人","05","06","05",1,0.967078771,0.000898472596585804,0.000867370489326142,"女性 | 60歲及以上 | 小學及以下 | 桃竹苗區 | 本省客家人 | 05 | 06 | 05"
"女性","60歲及以上","小學及以下","桃竹苗區","本省客家人","08","09","04",1,0.967078771,0.000898472596585804,0.000867370489326142,"女性 | 60歲及以上 | 小學及以下 | 桃竹苗區 | 本省客家人 | 08 | 09 | 04"
"女性","60歲及以上","小學及以下","桃竹苗區","本省客家人","10","00","00",1,0.967078771,0.000898472596585804,0.000867370489326142,"女性 | 60歲及以上 | 小學及以下 | 桃竹苗區 | 本省客家人 | 10 | 00 | 00"
"女性","60歲及以上","小學及以下","桃竹苗區","本省客家人","10","00","04",1,0.967078771,0.000898472596585804,0.000867370489326142,"女性 | 60歲及以上 | 小學及以下 | 桃竹苗區 | 本省客家人 | 10 | 00 | 04"
"女性","60歲及以上","小學及以下","桃竹苗區","本省閩南人","05","05","00",1,0.967078771,0.000898472596585804,0.000867370489326142,"女性 | 60歲及以上 | 小學及以下 | 桃竹苗區 | 本省閩南人 | 05 | 05 | 00"
"女性","60歲及以上","小學及以下","桃竹苗區","本省閩南人","05","05","05",1,0.967078771,0.000898472596585804,0.000867370489326142,"女性 | 60歲及以上 | 小學及以下 | 桃竹苗區 | 本省閩南人 | 05 | 05 | 05"
"女性","60歲及以上","小學及以下","桃竹苗區","本省閩南人","06","06","04",1,0.967078771,0.000898472596585804,0.000867370489326142,"女性 | 60歲及以上 | 小學及以下 | 桃竹苗區 | 本省閩南人 | 06 | 06 | 04"
"女性","60歲及以上","小學及以下","花東外島區","原住民","08","00","04",1,1.024825397,0.000898472596585804,0.000919163291270043,"女性 | 60歲及以上 | 小學及以下 | 花東外島區 | 原住民 | 08 | 00 | 04"
"女性","60歲及以上","小學及以下","花東外島區","本省客家人","05","05","06",1,1.024825397,0.000898472596585804,0.000919163291270043,"女性 | 60歲及以上 | 小學及以下 | 花東外島區 | 本省客家人 | 05 | 05 | 06"
"女性","60歲及以上","小學及以下","花東外島區","本省客家人","09","05","05",1,1.024825397,0.000898472596585804,0.000919163291270043,"女性 | 60歲及以上 | 小學及以下 | 花東外島區 | 本省客家人 | 09 | 05 | 05"
"女性","60歲及以上","小學及以下","花東外島區","本省閩南人","00","10","00",1,1.024825397,0.000898472596585804,0.000919163291270043,"女性 | 60歲及以上 | 小學及以下 | 花東外島區 | 本省閩南人 | 00 | 10 | 00"
"女性","60歲及以上","小學及以下","花東外島區","本省閩南人","03","04","00",1,1.024825397,0.000898472596585804,0.000919163291270043,"女性 | 60歲及以上 | 小學及以下 | 花東外島區 | 本省閩南人 | 03 | 04 | 00"
"女性","60歲及以上","小學及以下","花東外島區","本省閩南人","10","01","01",1,1.024825397,0.000898472596585804,0.000919163291270043,"女性 | 60歲及以上 | 小學及以下 | 花東外島區 | 本省閩南人 | 10 | 01 | 01"
"女性","60歲及以上","小學及以下","雲嘉南區","本省閩南人","00","10","00",1,0.836167447,0.000898472596585804,0.000749956455887274,"女性 | 60歲及以上 | 小學及以下 | 雲嘉南區 | 本省閩南人 | 00 | 10 | 00"
"女性","60歲及以上","小學及以下","雲嘉南區","本省閩南人","05","03","05",1,0.836167447,0.000898472596585804,0.000749956455887274,"女性 | 60歲及以上 | 小學及以下 | 雲嘉南區 | 本省閩南人 | 05 | 03 | 05"
"女性","60歲及以上","小學及以下","雲嘉南區","本省閩南人","05","07","04",1,0.836167447,0.000898472596585804,0.000749956455887274,"女性 | 60歲及以上 | 小學及以下 | 雲嘉南區 | 本省閩南人 | 05 | 07 | 04"
"女性","60歲及以上","小學及以下","雲嘉南區","本省閩南人","05","08","00",1,0.836167447,0.000898472596585804,0.000749956455887274,"女性 | 60歲及以上 | 小學及以下 | 雲嘉南區 | 本省閩南人 | 05 | 08 | 00"
"女性","60歲及以上","小學及以下","雲嘉南區","本省閩南人","06","02","05",1,0.836167447,0.000898472596585804,0.000749956455887274,"女性 | 60歲及以上 | 小學及以下 | 雲嘉南區 | 本省閩南人 | 06 | 02 | 05"
"女性","60歲及以上","小學及以下","雲嘉南區","本省閩南人","06","04","04",1,0.836167447,0.000898472596585804,0.000749956455887274,"女性 | 60歲及以上 | 小學及以下 | 雲嘉南區 | 本省閩南人 | 06 | 04 | 04"
"女性","60歲及以上","小學及以下","雲嘉南區","本省閩南人","10","10","10",1,0.836167447,0.000898472596585804,0.000749956455887274,"女性 | 60歲及以上 | 小學及以下 | 雲嘉南區 | 本省閩南人 | 10 | 10 | 10"
"女性","60歲及以上","小學及以下","高屏澎湖區","大陸各省市","00","10","00",1,0.936368158,0.000898472596585804,0.00083982621865854,"女性 | 60歲及以上 | 小學及以下 | 高屏澎湖區 | 大陸各省市 | 00 | 10 | 00"
"女性","60歲及以上","小學及以下","高屏澎湖區","本省客家人","06","05","08",1,0.936368158,0.000898472596585804,0.00083982621865854,"女性 | 60歲及以上 | 小學及以下 | 高屏澎湖區 | 本省客家人 | 06 | 05 | 08"
"女性","60歲及以上","小學及以下","高屏澎湖區","本省閩南人","00","10","05",1,0.936368158,0.000898472596585804,0.00083982621865854,"女性 | 60歲及以上 | 小學及以下 | 高屏澎湖區 | 本省閩南人 | 00 | 10 | 05"
"女性","60歲及以上","小學及以下","高屏澎湖區","本省閩南人","02","10","02",1,0.936368158,0.000898472596585804,0.00083982621865854,"女性 | 60歲及以上 | 小學及以下 | 高屏澎湖區 | 本省閩南人 | 02 | 10 | 02"
"女性","60歲及以上","小學及以下","高屏澎湖區","本省閩南人","04","05","04",1,0.936368158,0.000898472596585804,0.00083982621865854,"女性 | 60歲及以上 | 小學及以下 | 高屏澎湖區 | 本省閩南人 | 04 | 05 | 04"
"女性","60歲及以上","小學及以下","高屏澎湖區","本省閩南人","04","08","02",1,0.936368158,0.000898472596585804,0.00083982621865854,"女性 | 60歲及以上 | 小學及以下 | 高屏澎湖區 | 本省閩南人 | 04 | 08 | 02"
"女性","60歲及以上","小學及以下","高屏澎湖區","本省閩南人","05","05","00",1,0.936368158,0.000898472596585804,0.00083982621865854,"女性 | 60歲及以上 | 小學及以下 | 高屏澎湖區 | 本省閩南人 | 05 | 05 | 00"
"女性","60歲及以上","小學及以下","高屏澎湖區","本省閩南人","05","05","03",1,0.936368158,0.000898472596585804,0.00083982621865854,"女性 | 60歲及以上 | 小學及以下 | 高屏澎湖區 | 本省閩南人 | 05 | 05 | 03"
"女性","60歲及以上","小學及以下","高屏澎湖區","本省閩南人","05","05","04",1,0.936368158,0.000898472596585804,0.00083982621865854,"女性 | 60歲及以上 | 小學及以下 | 高屏澎湖區 | 本省閩南人 | 05 | 05 | 04"
"女性","60歲及以上","小學及以下","高屏澎湖區","本省閩南人","07","05","05",1,0.936368158,0.000898472596585804,0.00083982621865854,"女性 | 60歲及以上 | 小學及以下 | 高屏澎湖區 | 本省閩南人 | 07 | 05 | 05"
"女性","60歲及以上","小學及以下","高屏澎湖區","本省閩南人","08","05","03",1,0.936368158,0.000898472596585804,0.00083982621865854,"女性 | 60歲及以上 | 小學及以下 | 高屏澎湖區 | 本省閩南人 | 08 | 05 | 03"
"女性","60歲及以上","小學及以下","高屏澎湖區","本省閩南人","08","08","08",1,0.936368158,0.000898472596585804,0.00083982621865854,"女性 | 60歲及以上 | 小學及以下 | 高屏澎湖區 | 本省閩南人 | 08 | 08 | 08"
"女性","60歲及以上","小學及以下","高屏澎湖區","本省閩南人","09","08","06",1,0.936368158,0.000898472596585804,0.00083982621865854,"女性 | 60歲及以上 | 小學及以下 | 高屏澎湖區 | 本省閩南人 | 09 | 08 | 06"
"女性","60歲及以上","高中、職","中彰投區","大陸各省市","08","05","03",1,0.834477927,0.000898472596585804,0.00074844112969765,"女性 | 60歲及以上 | 高中、職 | 中彰投區 | 大陸各省市 | 08 | 05 | 03"
"女性","60歲及以上","高中、職","中彰投區","本省客家人","06","06","06",1,0.834477927,0.000898472596585804,0.00074844112969765,"女性 | 60歲及以上 | 高中、職 | 中彰投區 | 本省客家人 | 06 | 06 | 06"
"女性","60歲及以上","高中、職","中彰投區","本省閩南人","00","10","04",1,0.834477927,0.000898472596585804,0.00074844112969765,"女性 | 60歲及以上 | 高中、職 | 中彰投區 | 本省閩南人 | 00 | 10 | 04"
"女性","60歲及以上","高中、職","中彰投區","本省閩南人","02","09","05",1,0.834477927,0.000898472596585804,0.00074844112969765,"女性 | 60歲及以上 | 高中、職 | 中彰投區 | 本省閩南人 | 02 | 09 | 05"
"女性","60歲及以上","高中、職","中彰投區","本省閩南人","03","08","05",1,0.834477927,0.000898472596585804,0.00074844112969765,"女性 | 60歲及以上 | 高中、職 | 中彰投區 | 本省閩南人 | 03 | 08 | 05"
"女性","60歲及以上","高中、職","中彰投區","本省閩南人","05","06","00",1,0.834477927,0.000898472596585804,0.00074844112969765,"女性 | 60歲及以上 | 高中、職 | 中彰投區 | 本省閩南人 | 05 | 06 | 00"
"女性","60歲及以上","高中、職","中彰投區","本省閩南人","05","08","03",1,0.834477927,0.000898472596585804,0.00074844112969765,"女性 | 60歲及以上 | 高中、職 | 中彰投區 | 本省閩南人 | 05 | 08 | 03"
"女性","60歲及以上","高中、職","中彰投區","本省閩南人","06","08","05",1,0.834477927,0.000898472596585804,0.00074844112969765,"女性 | 60歲及以上 | 高中、職 | 中彰投區 | 本省閩南人 | 06 | 08 | 05"
"女性","60歲及以上","高中、職","中彰投區","本省閩南人","07","01","05",1,0.834477927,0.000898472596585804,0.00074844112969765,"女性 | 60歲及以上 | 高中、職 | 中彰投區 | 本省閩南人 | 07 | 01 | 05"
"女性","60歲及以上","高中、職","中彰投區","本省閩南人","07","04","05",1,0.834477927,0.000898472596585804,0.00074844112969765,"女性 | 60歲及以上 | 高中、職 | 中彰投區 | 本省閩南人 | 07 | 04 | 05"
"女性","60歲及以上","高中、職","中彰投區","本省閩南人","07","05","02",1,0.834477927,0.000898472596585804,0.00074844112969765,"女性 | 60歲及以上 | 高中、職 | 中彰投區 | 本省閩南人 | 07 | 05 | 02"
"女性","60歲及以上","高中、職","中彰投區","本省閩南人","08","00","04",1,0.834477927,0.000898472596585804,0.00074844112969765,"女性 | 60歲及以上 | 高中、職 | 中彰投區 | 本省閩南人 | 08 | 00 | 04"
"女性","60歲及以上","高中、職","中彰投區","本省閩南人","08","05","04",1,0.834477927,0.000898472596585804,0.00074844112969765,"女性 | 60歲及以上 | 高中、職 | 中彰投區 | 本省閩南人 | 08 | 05 | 04"
"女性","60歲及以上","高中、職","中彰投區","本省閩南人","10","00","00",1,0.834477927,0.000898472596585804,0.00074844112969765,"女性 | 60歲及以上 | 高中、職 | 中彰投區 | 本省閩南人 | 10 | 00 | 00"
"女性","60歲及以上","高中、職","中彰投區","本省閩南人","10","02","05",1,0.834477927,0.000898472596585804,0.00074844112969765,"女性 | 60歲及以上 | 高中、職 | 中彰投區 | 本省閩南人 | 10 | 02 | 05"
"女性","60歲及以上","高中、職","北北基宜蘭區","大陸各省市","05","05","05",1,1.100618162,0.000898472596585804,0.000987141629371139,"女性 | 60歲及以上 | 高中、職 | 北北基宜蘭區 | 大陸各省市 | 05 | 05 | 05"
"女性","60歲及以上","高中、職","北北基宜蘭區","大陸各省市","09","00","00",1,1.100618162,0.000898472596585804,0.000987141629371139,"女性 | 60歲及以上 | 高中、職 | 北北基宜蘭區 | 大陸各省市 | 09 | 00 | 00"
"女性","60歲及以上","高中、職","北北基宜蘭區","大陸各省市","09","02","02",1,1.100618162,0.000898472596585804,0.000987141629371139,"女性 | 60歲及以上 | 高中、職 | 北北基宜蘭區 | 大陸各省市 | 09 | 02 | 02"
"女性","60歲及以上","高中、職","北北基宜蘭區","本省閩南人","00","08","00",1,1.100618162,0.000898472596585804,0.000987141629371139,"女性 | 60歲及以上 | 高中、職 | 北北基宜蘭區 | 本省閩南人 | 00 | 08 | 00"
"女性","60歲及以上","高中、職","北北基宜蘭區","本省閩南人","02","06","04",1,1.100618162,0.000898472596585804,0.000987141629371139,"女性 | 60歲及以上 | 高中、職 | 北北基宜蘭區 | 本省閩南人 | 02 | 06 | 04"
"女性","60歲及以上","高中、職","北北基宜蘭區","本省閩南人","05","00","00",1,1.100618162,0.000898472596585804,0.000987141629371139,"女性 | 60歲及以上 | 高中、職 | 北北基宜蘭區 | 本省閩南人 | 05 | 00 | 00"
"女性","60歲及以上","高中、職","北北基宜蘭區","本省閩南人","05","05","05",1,1.100618162,0.000898472596585804,0.000987141629371139,"女性 | 60歲及以上 | 高中、職 | 北北基宜蘭區 | 本省閩南人 | 05 | 05 | 05"
"女性","60歲及以上","高中、職","北北基宜蘭區","本省閩南人","07","02","01",1,1.100618162,0.000898472596585804,0.000987141629371139,"女性 | 60歲及以上 | 高中、職 | 北北基宜蘭區 | 本省閩南人 | 07 | 02 | 01"
"女性","60歲及以上","高中、職","北北基宜蘭區","本省閩南人","07","03","04",1,1.100618162,0.000898472596585804,0.000987141629371139,"女性 | 60歲及以上 | 高中、職 | 北北基宜蘭區 | 本省閩南人 | 07 | 03 | 04"
"女性","60歲及以上","高中、職","北北基宜蘭區","本省閩南人","08","03","05",1,1.100618162,0.000898472596585804,0.000987141629371139,"女性 | 60歲及以上 | 高中、職 | 北北基宜蘭區 | 本省閩南人 | 08 | 03 | 05"
"女性","60歲及以上","高中、職","桃竹苗區","大陸各省市","06","05","04",1,0.94659887,0.000898472596585804,0.000849002118222977,"女性 | 60歲及以上 | 高中、職 | 桃竹苗區 | 大陸各省市 | 06 | 05 | 04"
"女性","60歲及以上","高中、職","桃竹苗區","本省客家人","00","10","00",1,0.94659887,0.000898472596585804,0.000849002118222977,"女性 | 60歲及以上 | 高中、職 | 桃竹苗區 | 本省客家人 | 00 | 10 | 00"
"女性","60歲及以上","高中、職","桃竹苗區","本省客家人","03","10","05",1,0.94659887,0.000898472596585804,0.000849002118222977,"女性 | 60歲及以上 | 高中、職 | 桃竹苗區 | 本省客家人 | 03 | 10 | 05"
"女性","60歲及以上","高中、職","桃竹苗區","本省閩南人","05","00","02",1,0.94659887,0.000898472596585804,0.000849002118222977,"女性 | 60歲及以上 | 高中、職 | 桃竹苗區 | 本省閩南人 | 05 | 00 | 02"
"女性","60歲及以上","高中、職","桃竹苗區","本省閩南人","05","06","02",1,0.94659887,0.000898472596585804,0.000849002118222977,"女性 | 60歲及以上 | 高中、職 | 桃竹苗區 | 本省閩南人 | 05 | 06 | 02"
"女性","60歲及以上","高中、職","花東外島區","本省客家人","08","02","01",1,1.003122591,0.000898472596585804,0.000899698099783619,"女性 | 60歲及以上 | 高中、職 | 花東外島區 | 本省客家人 | 08 | 02 | 01"
"女性","60歲及以上","高中、職","花東外島區","本省客家人","08","05","04",1,1.003122591,0.000898472596585804,0.000899698099783619,"女性 | 60歲及以上 | 高中、職 | 花東外島區 | 本省客家人 | 08 | 05 | 04"
"女性","60歲及以上","高中、職","花東外島區","本省閩南人","05","10","02",1,1.003122591,0.000898472596585804,0.000899698099783619,"女性 | 60歲及以上 | 高中、職 | 花東外島區 | 本省閩南人 | 05 | 10 | 02"
"女性","60歲及以上","高中、職","雲嘉南區","大陸各省市","00","10","00",1,0.818459864,0.000898472596585804,0.000734074569745144,"女性 | 60歲及以上 | 高中、職 | 雲嘉南區 | 大陸各省市 | 00 | 10 | 00"
"女性","60歲及以上","高中、職","雲嘉南區","本省閩南人","03","05","01",1,0.818459864,0.000898472596585804,0.000734074569745144,"女性 | 60歲及以上 | 高中、職 | 雲嘉南區 | 本省閩南人 | 03 | 05 | 01"
"女性","60歲及以上","高中、職","雲嘉南區","本省閩南人","05","05","05",1,0.818459864,0.000898472596585804,0.000734074569745144,"女性 | 60歲及以上 | 高中、職 | 雲嘉南區 | 本省閩南人 | 05 | 05 | 05"
"女性","60歲及以上","高中、職","雲嘉南區","本省閩南人","07","08","06",1,0.818459864,0.000898472596585804,0.000734074569745144,"女性 | 60歲及以上 | 高中、職 | 雲嘉南區 | 本省閩南人 | 07 | 08 | 06"
"女性","60歲及以上","高中、職","雲嘉南區","本省閩南人","09","03","00",1,0.818459864,0.000898472596585804,0.000734074569745144,"女性 | 60歲及以上 | 高中、職 | 雲嘉南區 | 本省閩南人 | 09 | 03 | 00"
"女性","60歲及以上","高中、職","高屏澎湖區","大陸各省市","05","03","02",1,0.916538617,0.000898472596585804,0.000822041153784768,"女性 | 60歲及以上 | 高中、職 | 高屏澎湖區 | 大陸各省市 | 05 | 03 | 02"
"女性","60歲及以上","高中、職","高屏澎湖區","大陸各省市","07","03","03",1,0.916538617,0.000898472596585804,0.000822041153784768,"女性 | 60歲及以上 | 高中、職 | 高屏澎湖區 | 大陸各省市 | 07 | 03 | 03"
"女性","60歲及以上","高中、職","高屏澎湖區","大陸各省市","08","04","05",1,0.916538617,0.000898472596585804,0.000822041153784768,"女性 | 60歲及以上 | 高中、職 | 高屏澎湖區 | 大陸各省市 | 08 | 04 | 05"
"女性","60歲及以上","高中、職","高屏澎湖區","本省閩南人","03","06","00",1,0.916538617,0.000898472596585804,0.000822041153784768,"女性 | 60歲及以上 | 高中、職 | 高屏澎湖區 | 本省閩南人 | 03 | 06 | 00"
"女性","60歲及以上","高中、職","高屏澎湖區","本省閩南人","03","09","02",1,0.916538617,0.000898472596585804,0.000822041153784768,"女性 | 60歲及以上 | 高中、職 | 高屏澎湖區 | 本省閩南人 | 03 | 09 | 02"
"女性","60歲及以上","高中、職","高屏澎湖區","本省閩南人","03","10","00",1,0.916538617,0.000898472596585804,0.000822041153784768,"女性 | 60歲及以上 | 高中、職 | 高屏澎湖區 | 本省閩南人 | 03 | 10 | 00"
"女性","60歲及以上","高中、職","高屏澎湖區","本省閩南人","04","08","04",1,0.916538617,0.000898472596585804,0.000822041153784768,"女性 | 60歲及以上 | 高中、職 | 高屏澎湖區 | 本省閩南人 | 04 | 08 | 04"
"女性","60歲及以上","高中、職","高屏澎湖區","本省閩南人","05","06","03",1,0.916538617,0.000898472596585804,0.000822041153784768,"女性 | 60歲及以上 | 高中、職 | 高屏澎湖區 | 本省閩南人 | 05 | 06 | 03"
"女性","60歲及以上","高中、職","高屏澎湖區","本省閩南人","05","07","06",1,0.916538617,0.000898472596585804,0.000822041153784768,"女性 | 60歲及以上 | 高中、職 | 高屏澎湖區 | 本省閩南人 | 05 | 07 | 06"
"女性","60歲及以上","高中、職","高屏澎湖區","本省閩南人","10","01","05",1,0.916538617,0.000898472596585804,0.000822041153784768,"女性 | 60歲及以上 | 高中、職 | 高屏澎湖區 | 本省閩南人 | 10 | 01 | 05"
"男性","20至29歲","大學及以上","中彰投區","外國新住民","03","06","04",1,1.038875205,0.000898472596585804,0.000931764528320564,"男性 | 20至29歲 | 大學及以上 | 中彰投區 | 外國新住民 | 03 | 06 | 04"
"男性","20至29歲","大學及以上","中彰投區","大陸各省市","06","04","05",1,1.038875205,0.000898472596585804,0.000931764528320564,"男性 | 20至29歲 | 大學及以上 | 中彰投區 | 大陸各省市 | 06 | 04 | 05"
"男性","20至29歲","大學及以上","中彰投區","本省客家人","04","05","06",1,1.038875205,0.000898472596585804,0.000931764528320564,"男性 | 20至29歲 | 大學及以上 | 中彰投區 | 本省客家人 | 04 | 05 | 06"
"男性","20至29歲","大學及以上","中彰投區","本省閩南人","00","06","05",1,1.038875205,0.000898472596585804,0.000931764528320564,"男性 | 20至29歲 | 大學及以上 | 中彰投區 | 本省閩南人 | 00 | 06 | 05"
"男性","20至29歲","大學及以上","中彰投區","本省閩南人","02","02","00",1,1.038875205,0.000898472596585804,0.000931764528320564,"男性 | 20至29歲 | 大學及以上 | 中彰投區 | 本省閩南人 | 02 | 02 | 00"
"男性","20至29歲","大學及以上","中彰投區","本省閩南人","03","00","05",1,1.038875205,0.000898472596585804,0.000931764528320564,"男性 | 20至29歲 | 大學及以上 | 中彰投區 | 本省閩南人 | 03 | 00 | 05"
"男性","20至29歲","大學及以上","中彰投區","本省閩南人","03","05","06",1,1.038875205,0.000898472596585804,0.000931764528320564,"男性 | 20至29歲 | 大學及以上 | 中彰投區 | 本省閩南人 | 03 | 05 | 06"
"男性","20至29歲","大學及以上","中彰投區","本省閩南人","04","07","08",1,1.038875205,0.000898472596585804,0.000931764528320564,"男性 | 20至29歲 | 大學及以上 | 中彰投區 | 本省閩南人 | 04 | 07 | 08"
"男性","20至29歲","大學及以上","中彰投區","本省閩南人","05","05","05",1,1.038875205,0.000898472596585804,0.000931764528320564,"男性 | 20至29歲 | 大學及以上 | 中彰投區 | 本省閩南人 | 05 | 05 | 05"
"男性","20至29歲","大學及以上","中彰投區","本省閩南人","05","05","07",1,1.038875205,0.000898472596585804,0.000931764528320564,"男性 | 20至29歲 | 大學及以上 | 中彰投區 | 本省閩南人 | 05 | 05 | 07"
"男性","20至29歲","大學及以上","中彰投區","本省閩南人","05","09","07",1,1.038875205,0.000898472596585804,0.000931764528320564,"男性 | 20至29歲 | 大學及以上 | 中彰投區 | 本省閩南人 | 05 | 09 | 07"
"男性","20至29歲","大學及以上","中彰投區","本省閩南人","06","04","07",1,1.038875205,0.000898472596585804,0.000931764528320564,"男性 | 20至29歲 | 大學及以上 | 中彰投區 | 本省閩南人 | 06 | 04 | 07"
"男性","20至29歲","大學及以上","中彰投區","本省閩南人","06","04","08",1,1.038875205,0.000898472596585804,0.000931764528320564,"男性 | 20至29歲 | 大學及以上 | 中彰投區 | 本省閩南人 | 06 | 04 | 08"
"男性","20至29歲","大學及以上","中彰投區","本省閩南人","06","05","08",1,1.038875205,0.000898472596585804,0.000931764528320564,"男性 | 20至29歲 | 大學及以上 | 中彰投區 | 本省閩南人 | 06 | 05 | 08"
"男性","20至29歲","大學及以上","中彰投區","本省閩南人","07","04","08",1,1.038875205,0.000898472596585804,0.000931764528320564,"男性 | 20至29歲 | 大學及以上 | 中彰投區 | 本省閩南人 | 07 | 04 | 08"
"男性","20至29歲","大學及以上","中彰投區","本省閩南人","07","10","06",1,1.038875205,0.000898472596585804,0.000931764528320564,"男性 | 20至29歲 | 大學及以上 | 中彰投區 | 本省閩南人 | 07 | 10 | 06"
"男性","20至29歲","大學及以上","中彰投區","本省閩南人","08","00","09",1,1.038875205,0.000898472596585804,0.000931764528320564,"男性 | 20至29歲 | 大學及以上 | 中彰投區 | 本省閩南人 | 08 | 00 | 09"
"男性","20至29歲","大學及以上","北北基宜蘭區","本省閩南人","00","06","00",1,1.370203911,0.000898472596585804,0.00122893240178536,"男性 | 20至29歲 | 大學及以上 | 北北基宜蘭區 | 本省閩南人 | 00 | 06 | 00"
"男性","20至29歲","大學及以上","北北基宜蘭區","本省閩南人","01","00","02",1,1.370203911,0.000898472596585804,0.00122893240178536,"男性 | 20至29歲 | 大學及以上 | 北北基宜蘭區 | 本省閩南人 | 01 | 00 | 02"
"男性","20至29歲","大學及以上","北北基宜蘭區","本省閩南人","01","01","05",1,1.370203911,0.000898472596585804,0.00122893240178536,"男性 | 20至29歲 | 大學及以上 | 北北基宜蘭區 | 本省閩南人 | 01 | 01 | 05"
"男性","20至29歲","大學及以上","北北基宜蘭區","本省閩南人","01","03","03",1,1.370203911,0.000898472596585804,0.00122893240178536,"男性 | 20至29歲 | 大學及以上 | 北北基宜蘭區 | 本省閩南人 | 01 | 03 | 03"
"男性","20至29歲","大學及以上","北北基宜蘭區","本省閩南人","01","05","03",1,1.370203911,0.000898472596585804,0.00122893240178536,"男性 | 20至29歲 | 大學及以上 | 北北基宜蘭區 | 本省閩南人 | 01 | 05 | 03"
"男性","20至29歲","大學及以上","北北基宜蘭區","本省閩南人","02","07","05",1,1.370203911,0.000898472596585804,0.00122893240178536,"男性 | 20至29歲 | 大學及以上 | 北北基宜蘭區 | 本省閩南人 | 02 | 07 | 05"
"男性","20至29歲","大學及以上","北北基宜蘭區","本省閩南人","02","08","00",1,1.370203911,0.000898472596585804,0.00122893240178536,"男性 | 20至29歲 | 大學及以上 | 北北基宜蘭區 | 本省閩南人 | 02 | 08 | 00"
"男性","20至29歲","大學及以上","北北基宜蘭區","本省閩南人","03","03","05",1,1.370203911,0.000898472596585804,0.00122893240178536,"男性 | 20至29歲 | 大學及以上 | 北北基宜蘭區 | 本省閩南人 | 03 | 03 | 05"
"男性","20至29歲","大學及以上","北北基宜蘭區","本省閩南人","03","06","02",1,1.370203911,0.000898472596585804,0.00122893240178536,"男性 | 20至29歲 | 大學及以上 | 北北基宜蘭區 | 本省閩南人 | 03 | 06 | 02"
"男性","20至29歲","大學及以上","北北基宜蘭區","本省閩南人","03","06","06",1,1.370203911,0.000898472596585804,0.00122893240178536,"男性 | 20至29歲 | 大學及以上 | 北北基宜蘭區 | 本省閩南人 | 03 | 06 | 06"
"男性","20至29歲","大學及以上","北北基宜蘭區","本省閩南人","04","06","06",1,1.370203911,0.000898472596585804,0.00122893240178536,"男性 | 20至29歲 | 大學及以上 | 北北基宜蘭區 | 本省閩南人 | 04 | 06 | 06"
"男性","20至29歲","大學及以上","北北基宜蘭區","本省閩南人","04","07","05",1,1.370203911,0.000898472596585804,0.00122893240178536,"男性 | 20至29歲 | 大學及以上 | 北北基宜蘭區 | 本省閩南人 | 04 | 07 | 05"
"男性","20至29歲","大學及以上","北北基宜蘭區","本省閩南人","05","04","05",1,1.370203911,0.000898472596585804,0.00122893240178536,"男性 | 20至29歲 | 大學及以上 | 北北基宜蘭區 | 本省閩南人 | 05 | 04 | 05"
"男性","20至29歲","大學及以上","北北基宜蘭區","本省閩南人","06","02","10",1,1.370203911,0.000898472596585804,0.00122893240178536,"男性 | 20至29歲 | 大學及以上 | 北北基宜蘭區 | 本省閩南人 | 06 | 02 | 10"
"男性","20至29歲","大學及以上","北北基宜蘭區","本省閩南人","06","06","07",1,1.370203911,0.000898472596585804,0.00122893240178536,"男性 | 20至29歲 | 大學及以上 | 北北基宜蘭區 | 本省閩南人 | 06 | 06 | 07"
"男性","20至29歲","大學及以上","北北基宜蘭區","本省閩南人","07","06","05",1,1.370203911,0.000898472596585804,0.00122893240178536,"男性 | 20至29歲 | 大學及以上 | 北北基宜蘭區 | 本省閩南人 | 07 | 06 | 05"
"男性","20至29歲","大學及以上","桃竹苗區","大陸各省市","03","02","08",1,1.178459086,0.000898472596585804,0.00105695695606853,"男性 | 20至29歲 | 大學及以上 | 桃竹苗區 | 大陸各省市 | 03 | 02 | 08"
"男性","20至29歲","大學及以上","桃竹苗區","本省客家人","03","02","07",1,1.178459086,0.000898472596585804,0.00105695695606853,"男性 | 20至29歲 | 大學及以上 | 桃竹苗區 | 本省客家人 | 03 | 02 | 07"
"男性","20至29歲","大學及以上","桃竹苗區","本省客家人","05","05","05",1,1.178459086,0.000898472596585804,0.00105695695606853,"男性 | 20至29歲 | 大學及以上 | 桃竹苗區 | 本省客家人 | 05 | 05 | 05"
"男性","20至29歲","大學及以上","桃竹苗區","本省客家人","05","05","07",1,1.178459086,0.000898472596585804,0.00105695695606853,"男性 | 20至29歲 | 大學及以上 | 桃竹苗區 | 本省客家人 | 05 | 05 | 07"
"男性","20至29歲","大學及以上","桃竹苗區","本省客家人","06","04","06",1,1.178459086,0.000898472596585804,0.00105695695606853,"男性 | 20至29歲 | 大學及以上 | 桃竹苗區 | 本省客家人 | 06 | 04 | 06"
"男性","20至29歲","大學及以上","桃竹苗區","本省客家人","06","04","07",1,1.178459086,0.000898472596585804,0.00105695695606853,"男性 | 20至29歲 | 大學及以上 | 桃竹苗區 | 本省客家人 | 06 | 04 | 07"
"男性","20至29歲","大學及以上","桃竹苗區","本省閩南人","03","02","04",1,1.178459086,0.000898472596585804,0.00105695695606853,"男性 | 20至29歲 | 大學及以上 | 桃竹苗區 | 本省閩南人 | 03 | 02 | 04"
"男性","20至29歲","大學及以上","桃竹苗區","本省閩南人","03","04","06",1,1.178459086,0.000898472596585804,0.00105695695606853,"男性 | 20至29歲 | 大學及以上 | 桃竹苗區 | 本省閩南人 | 03 | 04 | 06"
"男性","20至29歲","大學及以上","桃竹苗區","本省閩南人","04","04","04",1,1.178459086,0.000898472596585804,0.00105695695606853,"男性 | 20至29歲 | 大學及以上 | 桃竹苗區 | 本省閩南人 | 04 | 04 | 04"
"男性","20至29歲","大學及以上","桃竹苗區","本省閩南人","05","04","07",1,1.178459086,0.000898472596585804,0.00105695695606853,"男性 | 20至29歲 | 大學及以上 | 桃竹苗區 | 本省閩南人 | 05 | 04 | 07"
"男性","20至29歲","大學及以上","桃竹苗區","本省閩南人","06","07","07",1,1.178459086,0.000898472596585804,0.00105695695606853,"男性 | 20至29歲 | 大學及以上 | 桃竹苗區 | 本省閩南人 | 06 | 07 | 07"
"男性","20至29歲","大學及以上","雲嘉南區","大陸各省市","04","02","06",1,1.018933674,0.000898472596585804,0.00091387901990071,"男性 | 20至29歲 | 大學及以上 | 雲嘉南區 | 大陸各省市 | 04 | 02 | 06"
"男性","20至29歲","大學及以上","雲嘉南區","本省客家人","05","05","02",1,1.018933674,0.000898472596585804,0.00091387901990071,"男性 | 20至29歲 | 大學及以上 | 雲嘉南區 | 本省客家人 | 05 | 05 | 02"
"男性","20至29歲","大學及以上","雲嘉南區","本省閩南人","00","00","09",1,1.018933674,0.000898472596585804,0.00091387901990071,"男性 | 20至29歲 | 大學及以上 | 雲嘉南區 | 本省閩南人 | 00 | 00 | 09"
"男性","20至29歲","大學及以上","雲嘉南區","本省閩南人","00","07","08",1,1.018933674,0.000898472596585804,0.00091387901990071,"男性 | 20至29歲 | 大學及以上 | 雲嘉南區 | 本省閩南人 | 00 | 07 | 08"
"男性","20至29歲","大學及以上","雲嘉南區","本省閩南人","03","02","06",1,1.018933674,0.000898472596585804,0.00091387901990071,"男性 | 20至29歲 | 大學及以上 | 雲嘉南區 | 本省閩南人 | 03 | 02 | 06"
"男性","20至29歲","大學及以上","雲嘉南區","本省閩南人","03","05","01",1,1.018933674,0.000898472596585804,0.00091387901990071,"男性 | 20至29歲 | 大學及以上 | 雲嘉南區 | 本省閩南人 | 03 | 05 | 01"
"男性","20至29歲","大學及以上","雲嘉南區","本省閩南人","03","06","04",1,1.018933674,0.000898472596585804,0.00091387901990071,"男性 | 20至29歲 | 大學及以上 | 雲嘉南區 | 本省閩南人 | 03 | 06 | 04"
"男性","20至29歲","大學及以上","雲嘉南區","本省閩南人","04","04","05",1,1.018933674,0.000898472596585804,0.00091387901990071,"男性 | 20至29歲 | 大學及以上 | 雲嘉南區 | 本省閩南人 | 04 | 04 | 05"
"男性","20至29歲","大學及以上","雲嘉南區","本省閩南人","06","02","05",1,1.018933674,0.000898472596585804,0.00091387901990071,"男性 | 20至29歲 | 大學及以上 | 雲嘉南區 | 本省閩南人 | 06 | 02 | 05"
"男性","20至29歲","大學及以上","雲嘉南區","本省閩南人","06","03","10",1,1.018933674,0.000898472596585804,0.00091387901990071,"男性 | 20至29歲 | 大學及以上 | 雲嘉南區 | 本省閩南人 | 06 | 03 | 10"
"男性","20至29歲","大學及以上","雲嘉南區","本省閩南人","06","04","06",1,1.018933674,0.000898472596585804,0.00091387901990071,"男性 | 20至29歲 | 大學及以上 | 雲嘉南區 | 本省閩南人 | 06 | 04 | 06"
"男性","20至29歲","大學及以上","雲嘉南區","本省閩南人","07","03","07",1,1.018933674,0.000898472596585804,0.00091387901990071,"男性 | 20至29歲 | 大學及以上 | 雲嘉南區 | 本省閩南人 | 07 | 03 | 07"
"男性","20至29歲","大學及以上","高屏澎湖區","大陸各省市","10","00","05",1,1.141035867,0.000898472596585804,0.00102339216615734,"男性 | 20至29歲 | 大學及以上 | 高屏澎湖區 | 大陸各省市 | 10 | 00 | 05"
"男性","20至29歲","大學及以上","高屏澎湖區","本省客家人","00","00","05",1,1.141035867,0.000898472596585804,0.00102339216615734,"男性 | 20至29歲 | 大學及以上 | 高屏澎湖區 | 本省客家人 | 00 | 00 | 05"
"男性","20至29歲","大學及以上","高屏澎湖區","本省閩南人","00","09","01",1,1.141035867,0.000898472596585804,0.00102339216615734,"男性 | 20至29歲 | 大學及以上 | 高屏澎湖區 | 本省閩南人 | 00 | 09 | 01"
"男性","20至29歲","大學及以上","高屏澎湖區","本省閩南人","02","00","09",1,1.141035867,0.000898472596585804,0.00102339216615734,"男性 | 20至29歲 | 大學及以上 | 高屏澎湖區 | 本省閩南人 | 02 | 00 | 09"
"男性","20至29歲","專科","北北基宜蘭區","本省閩南人","05","05","07",1,1.670415639,0.000898472596585804,0.0014981915368479,"男性 | 20至29歲 | 專科 | 北北基宜蘭區 | 本省閩南人 | 05 | 05 | 07"
"男性","20至29歲","高中、職","北北基宜蘭區","本省閩南人","04","03","05",1,2.271088429,0.000898472596585804,0.00203693343400325,"男性 | 20至29歲 | 高中、職 | 北北基宜蘭區 | 本省閩南人 | 04 | 03 | 05"
"男性","20至29歲","高中、職","北北基宜蘭區","本省閩南人","04","08","07",1,2.271088429,0.000898472596585804,0.00203693343400325,"男性 | 20至29歲 | 高中、職 | 北北基宜蘭區 | 本省閩南人 | 04 | 08 | 07"
"男性","20至29歲","高中、職","桃竹苗區","本省閩南人","00","00","00",1,1.953274818,0.000898472596585804,0.00175188721485966,"男性 | 20至29歲 | 高中、職 | 桃竹苗區 | 本省閩南人 | 00 | 00 | 00"
"男性","20至29歲","高中、職","雲嘉南區","大陸各省市","05","06","05",1,1.688864306,0.000898472596585804,0.00151473809934421,"男性 | 20至29歲 | 高中、職 | 雲嘉南區 | 大陸各省市 | 05 | 06 | 05"
"男性","20至29歲","高中、職","雲嘉南區","本省閩南人","02","07","05",1,1.688864306,0.000898472596585804,0.00151473809934421,"男性 | 20至29歲 | 高中、職 | 雲嘉南區 | 本省閩南人 | 02 | 07 | 05"
"男性","20至29歲","高中、職","雲嘉南區","本省閩南人","05","05","05",1,1.688864306,0.000898472596585804,0.00151473809934421,"男性 | 20至29歲 | 高中、職 | 雲嘉南區 | 本省閩南人 | 05 | 05 | 05"
"男性","20至29歲","高中、職","雲嘉南區","本省閩南人","06","04","07",1,1.688864306,0.000898472596585804,0.00151473809934421,"男性 | 20至29歲 | 高中、職 | 雲嘉南區 | 本省閩南人 | 06 | 04 | 07"
"男性","20至29歲","高中、職","高屏澎湖區","本省閩南人","01","02","03",1,1.891246502,0.000898472596585804,0.00169625417604798,"男性 | 20至29歲 | 高中、職 | 高屏澎湖區 | 本省閩南人 | 01 | 02 | 03"
"男性","20至29歲","高中、職","高屏澎湖區","本省閩南人","03","00","07",1,1.891246502,0.000898472596585804,0.00169625417604798,"男性 | 20至29歲 | 高中、職 | 高屏澎湖區 | 本省閩南人 | 03 | 00 | 07"
"男性","20至29歲","高中、職","高屏澎湖區","本省閩南人","05","05","05",1,1.891246502,0.000898472596585804,0.00169625417604798,"男性 | 20至29歲 | 高中、職 | 高屏澎湖區 | 本省閩南人 | 05 | 05 | 05"
"男性","20至29歲","高中、職","高屏澎湖區","本省閩南人","06","03","05",1,1.891246502,0.000898472596585804,0.00169625417604798,"男性 | 20至29歲 | 高中、職 | 高屏澎湖區 | 本省閩南人 | 06 | 03 | 05"
"男性","30至39歲","大學及以上","中彰投區","本省閩南人","00","00","06",1,0.900700034,0.000898472596585804,0.00080783556898764,"男性 | 30至39歲 | 大學及以上 | 中彰投區 | 本省閩南人 | 00 | 00 | 06"
"男性","30至39歲","大學及以上","中彰投區","本省閩南人","00","08","00",1,0.900700034,0.000898472596585804,0.00080783556898764,"男性 | 30至39歲 | 大學及以上 | 中彰投區 | 本省閩南人 | 00 | 08 | 00"
"男性","30至39歲","大學及以上","中彰投區","本省閩南人","02","02","05",1,0.900700034,0.000898472596585804,0.00080783556898764,"男性 | 30至39歲 | 大學及以上 | 中彰投區 | 本省閩南人 | 02 | 02 | 05"
"男性","30至39歲","大學及以上","中彰投區","本省閩南人","03","03","03",1,0.900700034,0.000898472596585804,0.00080783556898764,"男性 | 30至39歲 | 大學及以上 | 中彰投區 | 本省閩南人 | 03 | 03 | 03"
"男性","30至39歲","大學及以上","中彰投區","本省閩南人","03","06","02",1,0.900700034,0.000898472596585804,0.00080783556898764,"男性 | 30至39歲 | 大學及以上 | 中彰投區 | 本省閩南人 | 03 | 06 | 02"
"男性","30至39歲","大學及以上","中彰投區","本省閩南人","03","06","06",1,0.900700034,0.000898472596585804,0.00080783556898764,"男性 | 30至39歲 | 大學及以上 | 中彰投區 | 本省閩南人 | 03 | 06 | 06"
"男性","30至39歲","大學及以上","中彰投區","本省閩南人","03","10","00",1,0.900700034,0.000898472596585804,0.00080783556898764,"男性 | 30至39歲 | 大學及以上 | 中彰投區 | 本省閩南人 | 03 | 10 | 00"
"男性","30至39歲","大學及以上","中彰投區","本省閩南人","05","03","06",1,0.900700034,0.000898472596585804,0.00080783556898764,"男性 | 30至39歲 | 大學及以上 | 中彰投區 | 本省閩南人 | 05 | 03 | 06"
"男性","30至39歲","大學及以上","中彰投區","本省閩南人","05","04","05",1,0.900700034,0.000898472596585804,0.00080783556898764,"男性 | 30至39歲 | 大學及以上 | 中彰投區 | 本省閩南人 | 05 | 04 | 05"
"男性","30至39歲","大學及以上","中彰投區","本省閩南人","05","08","07",1,0.900700034,0.000898472596585804,0.00080783556898764,"男性 | 30至39歲 | 大學及以上 | 中彰投區 | 本省閩南人 | 05 | 08 | 07"
"男性","30至39歲","大學及以上","中彰投區","本省閩南人","06","03","08",1,0.900700034,0.000898472596585804,0.00080783556898764,"男性 | 30至39歲 | 大學及以上 | 中彰投區 | 本省閩南人 | 06 | 03 | 08"
"男性","30至39歲","大學及以上","北北基宜蘭區","外國新住民","03","02","07",1,1.187960501,0.000898472596585804,0.0010654787510091,"男性 | 30至39歲 | 大學及以上 | 北北基宜蘭區 | 外國新住民 | 03 | 02 | 07"
"男性","30至39歲","大學及以上","北北基宜蘭區","大陸各省市","00","07","00",1,1.187960501,0.000898472596585804,0.0010654787510091,"男性 | 30至39歲 | 大學及以上 | 北北基宜蘭區 | 大陸各省市 | 00 | 07 | 00"
"男性","30至39歲","大學及以上","北北基宜蘭區","大陸各省市","02","07","06",1,1.187960501,0.000898472596585804,0.0010654787510091,"男性 | 30至39歲 | 大學及以上 | 北北基宜蘭區 | 大陸各省市 | 02 | 07 | 06"
"男性","30至39歲","大學及以上","北北基宜蘭區","大陸各省市","09","03","05",1,1.187960501,0.000898472596585804,0.0010654787510091,"男性 | 30至39歲 | 大學及以上 | 北北基宜蘭區 | 大陸各省市 | 09 | 03 | 05"
"男性","30至39歲","大學及以上","北北基宜蘭區","本省客家人","03","07","03",1,1.187960501,0.000898472596585804,0.0010654787510091,"男性 | 30至39歲 | 大學及以上 | 北北基宜蘭區 | 本省客家人 | 03 | 07 | 03"
"男性","30至39歲","大學及以上","北北基宜蘭區","本省客家人","05","05","06",1,1.187960501,0.000898472596585804,0.0010654787510091,"男性 | 30至39歲 | 大學及以上 | 北北基宜蘭區 | 本省客家人 | 05 | 05 | 06"
"男性","30至39歲","大學及以上","北北基宜蘭區","本省閩南人","00","06","05",1,1.187960501,0.000898472596585804,0.0010654787510091,"男性 | 30至39歲 | 大學及以上 | 北北基宜蘭區 | 本省閩南人 | 00 | 06 | 05"
"男性","30至39歲","大學及以上","北北基宜蘭區","本省閩南人","01","05","05",1,1.187960501,0.000898472596585804,0.0010654787510091,"男性 | 30至39歲 | 大學及以上 | 北北基宜蘭區 | 本省閩南人 | 01 | 05 | 05"
"男性","30至39歲","大學及以上","北北基宜蘭區","本省閩南人","02","04","07",1,1.187960501,0.000898472596585804,0.0010654787510091,"男性 | 30至39歲 | 大學及以上 | 北北基宜蘭區 | 本省閩南人 | 02 | 04 | 07"
"男性","30至39歲","大學及以上","北北基宜蘭區","本省閩南人","02","06","04",1,1.187960501,0.000898472596585804,0.0010654787510091,"男性 | 30至39歲 | 大學及以上 | 北北基宜蘭區 | 本省閩南人 | 02 | 06 | 04"
"男性","30至39歲","大學及以上","北北基宜蘭區","本省閩南人","03","00","04",1,1.187960501,0.000898472596585804,0.0010654787510091,"男性 | 30至39歲 | 大學及以上 | 北北基宜蘭區 | 本省閩南人 | 03 | 00 | 04"
"男性","30至39歲","大學及以上","北北基宜蘭區","本省閩南人","03","00","09",1,1.187960501,0.000898472596585804,0.0010654787510091,"男性 | 30至39歲 | 大學及以上 | 北北基宜蘭區 | 本省閩南人 | 03 | 00 | 09"
"男性","30至39歲","大學及以上","北北基宜蘭區","本省閩南人","03","05","07",1,1.187960501,0.000898472596585804,0.0010654787510091,"男性 | 30至39歲 | 大學及以上 | 北北基宜蘭區 | 本省閩南人 | 03 | 05 | 07"
"男性","30至39歲","大學及以上","北北基宜蘭區","本省閩南人","03","06","05",1,1.187960501,0.000898472596585804,0.0010654787510091,"男性 | 30至39歲 | 大學及以上 | 北北基宜蘭區 | 本省閩南人 | 03 | 06 | 05"
"男性","30至39歲","大學及以上","北北基宜蘭區","本省閩南人","04","08","02",1,1.187960501,0.000898472596585804,0.0010654787510091,"男性 | 30至39歲 | 大學及以上 | 北北基宜蘭區 | 本省閩南人 | 04 | 08 | 02"
"男性","30至39歲","大學及以上","北北基宜蘭區","本省閩南人","04","08","07",1,1.187960501,0.000898472596585804,0.0010654787510091,"男性 | 30至39歲 | 大學及以上 | 北北基宜蘭區 | 本省閩南人 | 04 | 08 | 07"
"男性","30至39歲","大學及以上","北北基宜蘭區","本省閩南人","04","10","02",1,1.187960501,0.000898472596585804,0.0010654787510091,"男性 | 30至39歲 | 大學及以上 | 北北基宜蘭區 | 本省閩南人 | 04 | 10 | 02"
"男性","30至39歲","大學及以上","北北基宜蘭區","本省閩南人","05","00","10",1,1.187960501,0.000898472596585804,0.0010654787510091,"男性 | 30至39歲 | 大學及以上 | 北北基宜蘭區 | 本省閩南人 | 05 | 00 | 10"
"男性","30至39歲","大學及以上","北北基宜蘭區","本省閩南人","05","03","05",1,1.187960501,0.000898472596585804,0.0010654787510091,"男性 | 30至39歲 | 大學及以上 | 北北基宜蘭區 | 本省閩南人 | 05 | 03 | 05"
"男性","30至39歲","大學及以上","北北基宜蘭區","本省閩南人","05","05","05",1,1.187960501,0.000898472596585804,0.0010654787510091,"男性 | 30至39歲 | 大學及以上 | 北北基宜蘭區 | 本省閩南人 | 05 | 05 | 05"
"男性","30至39歲","大學及以上","北北基宜蘭區","本省閩南人","05","06","06",1,1.187960501,0.000898472596585804,0.0010654787510091,"男性 | 30至39歲 | 大學及以上 | 北北基宜蘭區 | 本省閩南人 | 05 | 06 | 06"
"男性","30至39歲","大學及以上","桃竹苗區","大陸各省市","03","06","08",1,1.021718618,0.000898472596585804,0.000916376829089023,"男性 | 30至39歲 | 大學及以上 | 桃竹苗區 | 大陸各省市 | 03 | 06 | 08"
"男性","30至39歲","大學及以上","桃竹苗區","大陸各省市","06","03","04",1,1.021718618,0.000898472596585804,0.000916376829089023,"男性 | 30至39歲 | 大學及以上 | 桃竹苗區 | 大陸各省市 | 06 | 03 | 04"
"男性","30至39歲","大學及以上","桃竹苗區","大陸各省市","07","01","05",1,1.021718618,0.000898472596585804,0.000916376829089023,"男性 | 30至39歲 | 大學及以上 | 桃竹苗區 | 大陸各省市 | 07 | 01 | 05"
"男性","30至39歲","大學及以上","桃竹苗區","本省客家人","00","10","00",1,1.021718618,0.000898472596585804,0.000916376829089023,"男性 | 30至39歲 | 大學及以上 | 桃竹苗區 | 本省客家人 | 00 | 10 | 00"
"男性","30至39歲","大學及以上","桃竹苗區","本省客家人","03","01","10",1,1.021718618,0.000898472596585804,0.000916376829089023,"男性 | 30至39歲 | 大學及以上 | 桃竹苗區 | 本省客家人 | 03 | 01 | 10"
"男性","30至39歲","大學及以上","桃竹苗區","本省客家人","04","08","08",1,1.021718618,0.000898472596585804,0.000916376829089023,"男性 | 30至39歲 | 大學及以上 | 桃竹苗區 | 本省客家人 | 04 | 08 | 08"
"男性","30至39歲","大學及以上","桃竹苗區","本省客家人","05","06","06",1,1.021718618,0.000898472596585804,0.000916376829089023,"男性 | 30至39歲 | 大學及以上 | 桃竹苗區 | 本省客家人 | 05 | 06 | 06"
"男性","30至39歲","大學及以上","桃竹苗區","本省閩南人","00","04","05",1,1.021718618,0.000898472596585804,0.000916376829089023,"男性 | 30至39歲 | 大學及以上 | 桃竹苗區 | 本省閩南人 | 00 | 04 | 05"
"男性","30至39歲","大學及以上","桃竹苗區","本省閩南人","02","04","06",1,1.021718618,0.000898472596585804,0.000916376829089023,"男性 | 30至39歲 | 大學及以上 | 桃竹苗區 | 本省閩南人 | 02 | 04 | 06"
"男性","30至39歲","大學及以上","桃竹苗區","本省閩南人","03","00","10",1,1.021718618,0.000898472596585804,0.000916376829089023,"男性 | 30至39歲 | 大學及以上 | 桃竹苗區 | 本省閩南人 | 03 | 00 | 10"
"男性","30至39歲","大學及以上","桃竹苗區","本省閩南人","03","04","05",1,1.021718618,0.000898472596585804,0.000916376829089023,"男性 | 30至39歲 | 大學及以上 | 桃竹苗區 | 本省閩南人 | 03 | 04 | 05"
"男性","30至39歲","大學及以上","桃竹苗區","本省閩南人","05","04","02",1,1.021718618,0.000898472596585804,0.000916376829089023,"男性 | 30至39歲 | 大學及以上 | 桃竹苗區 | 本省閩南人 | 05 | 04 | 02"
"男性","30至39歲","大學及以上","桃竹苗區","本省閩南人","07","05","08",1,1.021718618,0.000898472596585804,0.000916376829089023,"男性 | 30至39歲 | 大學及以上 | 桃竹苗區 | 本省閩南人 | 07 | 05 | 08"
"男性","30至39歲","大學及以上","花東外島區","本省閩南人","10","00","07",1,1.082727922,0.000898472596585804,0.000971095918630414,"男性 | 30至39歲 | 大學及以上 | 花東外島區 | 本省閩南人 | 10 | 00 | 07"
"男性","30至39歲","大學及以上","雲嘉南區","本省閩南人","00","08","08",1,0.883410818,0.000898472596585804,0.000792328915143426,"男性 | 30至39歲 | 大學及以上 | 雲嘉南區 | 本省閩南人 | 00 | 08 | 08"
"男性","30至39歲","大學及以上","雲嘉南區","本省閩南人","03","06","01",1,0.883410818,0.000898472596585804,0.000792328915143426,"男性 | 30至39歲 | 大學及以上 | 雲嘉南區 | 本省閩南人 | 03 | 06 | 01"
"男性","30至39歲","大學及以上","雲嘉南區","本省閩南人","05","05","07",1,0.883410818,0.000898472596585804,0.000792328915143426,"男性 | 30至39歲 | 大學及以上 | 雲嘉南區 | 本省閩南人 | 05 | 05 | 07"
"男性","30至39歲","大學及以上","雲嘉南區","本省閩南人","05","05","10",1,0.883410818,0.000898472596585804,0.000792328915143426,"男性 | 30至39歲 | 大學及以上 | 雲嘉南區 | 本省閩南人 | 05 | 05 | 10"
"男性","30至39歲","大學及以上","雲嘉南區","本省閩南人","05","08","05",1,0.883410818,0.000898472596585804,0.000792328915143426,"男性 | 30至39歲 | 大學及以上 | 雲嘉南區 | 本省閩南人 | 05 | 08 | 05"
"男性","30至39歲","大學及以上","雲嘉南區","本省閩南人","05","09","05",1,0.883410818,0.000898472596585804,0.000792328915143426,"男性 | 30至39歲 | 大學及以上 | 雲嘉南區 | 本省閩南人 | 05 | 09 | 05"
"男性","30至39歲","大學及以上","高屏澎湖區","大陸各省市","03","03","06",1,0.989272858,0.000898472596585804,0.000887276309491578,"男性 | 30至39歲 | 大學及以上 | 高屏澎湖區 | 大陸各省市 | 03 | 03 | 06"
"男性","30至39歲","大學及以上","高屏澎湖區","本省閩南人","00","00","10",1,0.989272858,0.000898472596585804,0.000887276309491578,"男性 | 30至39歲 | 大學及以上 | 高屏澎湖區 | 本省閩南人 | 00 | 00 | 10"
"男性","30至39歲","大學及以上","高屏澎湖區","本省閩南人","02","07","02",1,0.989272858,0.000898472596585804,0.000887276309491578,"男性 | 30至39歲 | 大學及以上 | 高屏澎湖區 | 本省閩南人 | 02 | 07 | 02"
"男性","30至39歲","大學及以上","高屏澎湖區","本省閩南人","03","01","02",1,0.989272858,0.000898472596585804,0.000887276309491578,"男性 | 30至39歲 | 大學及以上 | 高屏澎湖區 | 本省閩南人 | 03 | 01 | 02"
"男性","30至39歲","大學及以上","高屏澎湖區","本省閩南人","05","00","05",1,0.989272858,0.000898472596585804,0.000887276309491578,"男性 | 30至39歲 | 大學及以上 | 高屏澎湖區 | 本省閩南人 | 05 | 00 | 05"
"男性","30至39歲","大學及以上","高屏澎湖區","本省閩南人","05","02","07",1,0.989272858,0.000898472596585804,0.000887276309491578,"男性 | 30至39歲 | 大學及以上 | 高屏澎湖區 | 本省閩南人 | 05 | 02 | 07"
"男性","30至39歲","大學及以上","高屏澎湖區","本省閩南人","05","05","06",1,0.989272858,0.000898472596585804,0.000887276309491578,"男性 | 30至39歲 | 大學及以上 | 高屏澎湖區 | 本省閩南人 | 05 | 05 | 06"
"男性","30至39歲","大學及以上","高屏澎湖區","本省閩南人","06","02","10",1,0.989272858,0.000898472596585804,0.000887276309491578,"男性 | 30至39歲 | 大學及以上 | 高屏澎湖區 | 本省閩南人 | 06 | 02 | 10"
"男性","30至39歲","大學及以上","高屏澎湖區","本省閩南人","08","07","08",1,0.989272858,0.000898472596585804,0.000887276309491578,"男性 | 30至39歲 | 大學及以上 | 高屏澎湖區 | 本省閩南人 | 08 | 07 | 08"
"男性","30至39歲","專科","中彰投區","本省閩南人","05","02","06",1,1.098043445,0.000898472596585804,0.00098483237224428,"男性 | 30至39歲 | 專科 | 中彰投區 | 本省閩南人 | 05 | 02 | 06"
"男性","30至39歲","專科","北北基宜蘭區","大陸各省市","02","07","07",1,1.448242691,0.000898472596585804,0.00129892518502578,"男性 | 30至39歲 | 專科 | 北北基宜蘭區 | 大陸各省市 | 02 | 07 | 07"
"男性","30至39歲","專科","北北基宜蘭區","本省閩南人","00","05","05",1,1.448242691,0.000898472596585804,0.00129892518502578,"男性 | 30至39歲 | 專科 | 北北基宜蘭區 | 本省閩南人 | 00 | 05 | 05"
"男性","30至39歲","專科","北北基宜蘭區","本省閩南人","05","05","08",1,1.448242691,0.000898472596585804,0.00129892518502578,"男性 | 30至39歲 | 專科 | 北北基宜蘭區 | 本省閩南人 | 05 | 05 | 08"
"男性","30至39歲","專科","雲嘉南區","本省閩南人","04","06","04",1,1.076966161,0.000898472596585804,0.000965928209848241,"男性 | 30至39歲 | 專科 | 雲嘉南區 | 本省閩南人 | 04 | 06 | 04"
"男性","30至39歲","高中、職","中彰投區","原住民","03","07","05",1,1.492894166,0.000898472596585804,0.00133897297935368,"男性 | 30至39歲 | 高中、職 | 中彰投區 | 原住民 | 03 | 07 | 05"
"男性","30至39歲","高中、職","中彰投區","本省閩南人","02","00","09",1,1.492894166,0.000898472596585804,0.00133897297935368,"男性 | 30至39歲 | 高中、職 | 中彰投區 | 本省閩南人 | 02 | 00 | 09"
"男性","30至39歲","高中、職","中彰投區","本省閩南人","02","09","03",1,1.492894166,0.000898472596585804,0.00133897297935368,"男性 | 30至39歲 | 高中、職 | 中彰投區 | 本省閩南人 | 02 | 09 | 03"
"男性","30至39歲","高中、職","中彰投區","本省閩南人","05","00","07",1,1.492894166,0.000898472596585804,0.00133897297935368,"男性 | 30至39歲 | 高中、職 | 中彰投區 | 本省閩南人 | 05 | 00 | 07"
"男性","30至39歲","高中、職","北北基宜蘭區","本省客家人","07","05","00",1,1.969023242,0.000898472596585804,0.00176601193627906,"男性 | 30至39歲 | 高中、職 | 北北基宜蘭區 | 本省客家人 | 07 | 05 | 00"
"男性","30至39歲","高中、職","北北基宜蘭區","本省閩南人","03","08","03",1,1.969023242,0.000898472596585804,0.00176601193627906,"男性 | 30至39歲 | 高中、職 | 北北基宜蘭區 | 本省閩南人 | 03 | 08 | 03"
"男性","30至39歲","高中、職","北北基宜蘭區","本省閩南人","04","08","05",1,1.969023242,0.000898472596585804,0.00176601193627906,"男性 | 30至39歲 | 高中、職 | 北北基宜蘭區 | 本省閩南人 | 04 | 08 | 05"
"男性","30至39歲","高中、職","北北基宜蘭區","本省閩南人","08","05","09",1,1.969023242,0.000898472596585804,0.00176601193627906,"男性 | 30至39歲 | 高中、職 | 北北基宜蘭區 | 本省閩南人 | 08 | 05 | 09"
"男性","30至39歲","高中、職","桃竹苗區","本省客家人","00","07","08",1,1.6934803,0.000898472596585804,0.00151887817261908,"男性 | 30至39歲 | 高中、職 | 桃竹苗區 | 本省客家人 | 00 | 07 | 08"
"男性","30至39歲","高中、職","桃竹苗區","本省客家人","08","03","03",1,1.6934803,0.000898472596585804,0.00151887817261908,"男性 | 30至39歲 | 高中、職 | 桃竹苗區 | 本省客家人 | 08 | 03 | 03"
"男性","30至39歲","高中、職","桃竹苗區","本省閩南人","08","02","05",1,1.6934803,0.000898472596585804,0.00151887817261908,"男性 | 30至39歲 | 高中、職 | 桃竹苗區 | 本省閩南人 | 08 | 02 | 05"
"男性","30至39歲","高中、職","雲嘉南區","本省閩南人","00","05","03",1,1.4642376,0.000898472596585804,0.00131327097821459,"男性 | 30至39歲 | 高中、職 | 雲嘉南區 | 本省閩南人 | 00 | 05 | 03"
"男性","30至39歲","高中、職","雲嘉南區","本省閩南人","02","08","05",1,1.4642376,0.000898472596585804,0.00131327097821459,"男性 | 30至39歲 | 高中、職 | 雲嘉南區 | 本省閩南人 | 02 | 08 | 05"
"男性","30至39歲","高中、職","雲嘉南區","本省閩南人","03","08","01",1,1.4642376,0.000898472596585804,0.00131327097821459,"男性 | 30至39歲 | 高中、職 | 雲嘉南區 | 本省閩南人 | 03 | 08 | 01"
"男性","30至39歲","高中、職","雲嘉南區","本省閩南人","05","05","05",1,1.4642376,0.000898472596585804,0.00131327097821459,"男性 | 30至39歲 | 高中、職 | 雲嘉南區 | 本省閩南人 | 05 | 05 | 05"
"男性","30至39歲","高中、職","雲嘉南區","本省閩南人","10","10","10",1,1.4642376,0.000898472596585804,0.00131327097821459,"男性 | 30至39歲 | 高中、職 | 雲嘉南區 | 本省閩南人 | 10 | 10 | 10"
"男性","30至39歲","高中、職","高屏澎湖區","本省閩南人","03","05","06",1,1.639702035,0.000898472596585804,0.00147064458356001,"男性 | 30至39歲 | 高中、職 | 高屏澎湖區 | 本省閩南人 | 03 | 05 | 06"
"男性","30至39歲","高中、職","高屏澎湖區","本省閩南人","04","06","05",1,1.639702035,0.000898472596585804,0.00147064458356001,"男性 | 30至39歲 | 高中、職 | 高屏澎湖區 | 本省閩南人 | 04 | 06 | 05"
"男性","40至49歲","國、初中","北北基宜蘭區","本省閩南人","03","08","05",1,1.953867059,0.000898472596585804,0.00175241839430581,"男性 | 40至49歲 | 國、初中 | 北北基宜蘭區 | 本省閩南人 | 03 | 08 | 05"
"男性","40至49歲","國、初中","北北基宜蘭區","本省閩南人","04","05","05",1,1.953867059,0.000898472596585804,0.00175241839430581,"男性 | 40至49歲 | 國、初中 | 北北基宜蘭區 | 本省閩南人 | 04 | 05 | 05"
"男性","40至49歲","國、初中","北北基宜蘭區","本省閩南人","05","05","05",1,1.953867059,0.000898472596585804,0.00175241839430581,"男性 | 40至49歲 | 國、初中 | 北北基宜蘭區 | 本省閩南人 | 05 | 05 | 05"
"男性","40至49歲","國、初中","雲嘉南區","本省閩南人","02","08","07",1,1.452966909,0.000898472596585804,0.00130316232413091,"男性 | 40至49歲 | 國、初中 | 雲嘉南區 | 本省閩南人 | 02 | 08 | 07"
"男性","40至49歲","大學及以上","中彰投區","本省閩南人","00","06","07",1,0.644976525,0.000898472596585804,0.000578477804361941,"男性 | 40至49歲 | 大學及以上 | 中彰投區 | 本省閩南人 | 00 | 06 | 07"
"男性","40至49歲","大學及以上","中彰投區","本省閩南人","00","07","06",1,0.644976525,0.000898472596585804,0.000578477804361941,"男性 | 40至49歲 | 大學及以上 | 中彰投區 | 本省閩南人 | 00 | 07 | 06"
"男性","40至49歲","大學及以上","中彰投區","本省閩南人","01","07","09",1,0.644976525,0.000898472596585804,0.000578477804361941,"男性 | 40至49歲 | 大學及以上 | 中彰投區 | 本省閩南人 | 01 | 07 | 09"
"男性","40至49歲","大學及以上","中彰投區","本省閩南人","03","08","05",1,0.644976525,0.000898472596585804,0.000578477804361941,"男性 | 40至49歲 | 大學及以上 | 中彰投區 | 本省閩南人 | 03 | 08 | 05"
"男性","40至49歲","大學及以上","中彰投區","本省閩南人","04","08","05",1,0.644976525,0.000898472596585804,0.000578477804361941,"男性 | 40至49歲 | 大學及以上 | 中彰投區 | 本省閩南人 | 04 | 08 | 05"
"男性","40至49歲","大學及以上","中彰投區","本省閩南人","05","05","04",1,0.644976525,0.000898472596585804,0.000578477804361941,"男性 | 40至49歲 | 大學及以上 | 中彰投區 | 本省閩南人 | 05 | 05 | 04"
"男性","40至49歲","大學及以上","中彰投區","本省閩南人","05","07","09",1,0.644976525,0.000898472596585804,0.000578477804361941,"男性 | 40至49歲 | 大學及以上 | 中彰投區 | 本省閩南人 | 05 | 07 | 09"
"男性","40至49歲","大學及以上","中彰投區","本省閩南人","06","04","07",1,0.644976525,0.000898472596585804,0.000578477804361941,"男性 | 40至49歲 | 大學及以上 | 中彰投區 | 本省閩南人 | 06 | 04 | 07"
"男性","40至49歲","大學及以上","中彰投區","本省閩南人","06","05","07",1,0.644976525,0.000898472596585804,0.000578477804361941,"男性 | 40至49歲 | 大學及以上 | 中彰投區 | 本省閩南人 | 06 | 05 | 07"
"男性","40至49歲","大學及以上","中彰投區","本省閩南人","06","06","03",1,0.644976525,0.000898472596585804,0.000578477804361941,"男性 | 40至49歲 | 大學及以上 | 中彰投區 | 本省閩南人 | 06 | 06 | 03"
"男性","40至49歲","大學及以上","中彰投區","本省閩南人","07","06","07",1,0.644976525,0.000898472596585804,0.000578477804361941,"男性 | 40至49歲 | 大學及以上 | 中彰投區 | 本省閩南人 | 07 | 06 | 07"
"男性","40至49歲","大學及以上","中彰投區","本省閩南人","08","08","07",1,0.644976525,0.000898472596585804,0.000578477804361941,"男性 | 40至49歲 | 大學及以上 | 中彰投區 | 本省閩南人 | 08 | 08 | 07"
"男性","40至49歲","大學及以上","北北基宜蘭區","大陸各省市","01","01","05",1,0.850679035,0.000898472596585804,0.000762971862244963,"男性 | 40至49歲 | 大學及以上 | 北北基宜蘭區 | 大陸各省市 | 01 | 01 | 05"
"男性","40至49歲","大學及以上","北北基宜蘭區","大陸各省市","06","03","05",1,0.850679035,0.000898472596585804,0.000762971862244963,"男性 | 40至49歲 | 大學及以上 | 北北基宜蘭區 | 大陸各省市 | 06 | 03 | 05"
"男性","40至49歲","大學及以上","北北基宜蘭區","本省客家人","01","03","07",1,0.850679035,0.000898472596585804,0.000762971862244963,"男性 | 40至49歲 | 大學及以上 | 北北基宜蘭區 | 本省客家人 | 01 | 03 | 07"
"男性","40至49歲","大學及以上","北北基宜蘭區","本省客家人","08","03","00",1,0.850679035,0.000898472596585804,0.000762971862244963,"男性 | 40至49歲 | 大學及以上 | 北北基宜蘭區 | 本省客家人 | 08 | 03 | 00"
"男性","40至49歲","大學及以上","北北基宜蘭區","本省閩南人","00","06","00",1,0.850679035,0.000898472596585804,0.000762971862244963,"男性 | 40至49歲 | 大學及以上 | 北北基宜蘭區 | 本省閩南人 | 00 | 06 | 00"
"男性","40至49歲","大學及以上","北北基宜蘭區","本省閩南人","00","08","03",1,0.850679035,0.000898472596585804,0.000762971862244963,"男性 | 40至49歲 | 大學及以上 | 北北基宜蘭區 | 本省閩南人 | 00 | 08 | 03"
"男性","40至49歲","大學及以上","北北基宜蘭區","本省閩南人","00","10","00",1,0.850679035,0.000898472596585804,0.000762971862244963,"男性 | 40至49歲 | 大學及以上 | 北北基宜蘭區 | 本省閩南人 | 00 | 10 | 00"
"男性","40至49歲","大學及以上","北北基宜蘭區","本省閩南人","01","01","02",1,0.850679035,0.000898472596585804,0.000762971862244963,"男性 | 40至49歲 | 大學及以上 | 北北基宜蘭區 | 本省閩南人 | 01 | 01 | 02"
"男性","40至49歲","大學及以上","北北基宜蘭區","本省閩南人","01","09","01",1,0.850679035,0.000898472596585804,0.000762971862244963,"男性 | 40至49歲 | 大學及以上 | 北北基宜蘭區 | 本省閩南人 | 01 | 09 | 01"
"男性","40至49歲","大學及以上","北北基宜蘭區","本省閩南人","02","02","10",1,0.850679035,0.000898472596585804,0.000762971862244963,"男性 | 40至49歲 | 大學及以上 | 北北基宜蘭區 | 本省閩南人 | 02 | 02 | 10"
"男性","40至49歲","大學及以上","北北基宜蘭區","本省閩南人","03","00","04",1,0.850679035,0.000898472596585804,0.000762971862244963,"男性 | 40至49歲 | 大學及以上 | 北北基宜蘭區 | 本省閩南人 | 03 | 00 | 04"
"男性","40至49歲","大學及以上","北北基宜蘭區","本省閩南人","03","06","09",1,0.850679035,0.000898472596585804,0.000762971862244963,"男性 | 40至49歲 | 大學及以上 | 北北基宜蘭區 | 本省閩南人 | 03 | 06 | 09"
"男性","40至49歲","大學及以上","北北基宜蘭區","本省閩南人","03","08","00",1,0.850679035,0.000898472596585804,0.000762971862244963,"男性 | 40至49歲 | 大學及以上 | 北北基宜蘭區 | 本省閩南人 | 03 | 08 | 00"
"男性","40至49歲","大學及以上","北北基宜蘭區","本省閩南人","04","07","06",1,0.850679035,0.000898472596585804,0.000762971862244963,"男性 | 40至49歲 | 大學及以上 | 北北基宜蘭區 | 本省閩南人 | 04 | 07 | 06"
"男性","40至49歲","大學及以上","北北基宜蘭區","本省閩南人","04","08","04",1,0.850679035,0.000898472596585804,0.000762971862244963,"男性 | 40至49歲 | 大學及以上 | 北北基宜蘭區 | 本省閩南人 | 04 | 08 | 04"
"男性","40至49歲","大學及以上","北北基宜蘭區","本省閩南人","05","00","05",1,0.850679035,0.000898472596585804,0.000762971862244963,"男性 | 40至49歲 | 大學及以上 | 北北基宜蘭區 | 本省閩南人 | 05 | 00 | 05"
"男性","40至49歲","大學及以上","北北基宜蘭區","本省閩南人","05","03","01",1,0.850679035,0.000898472596585804,0.000762971862244963,"男性 | 40至49歲 | 大學及以上 | 北北基宜蘭區 | 本省閩南人 | 05 | 03 | 01"
"男性","40至49歲","大學及以上","北北基宜蘭區","本省閩南人","05","05","05",1,0.850679035,0.000898472596585804,0.000762971862244963,"男性 | 40至49歲 | 大學及以上 | 北北基宜蘭區 | 本省閩南人 | 05 | 05 | 05"
"男性","40至49歲","大學及以上","北北基宜蘭區","本省閩南人","06","05","06",1,0.850679035,0.000898472596585804,0.000762971862244963,"男性 | 40至49歲 | 大學及以上 | 北北基宜蘭區 | 本省閩南人 | 06 | 05 | 06"
"男性","40至49歲","大學及以上","北北基宜蘭區","本省閩南人","07","00","00",1,0.850679035,0.000898472596585804,0.000762971862244963,"男性 | 40至49歲 | 大學及以上 | 北北基宜蘭區 | 本省閩南人 | 07 | 00 | 00"
"男性","40至49歲","大學及以上","北北基宜蘭區","本省閩南人","07","03","06",1,0.850679035,0.000898472596585804,0.000762971862244963,"男性 | 40至49歲 | 大學及以上 | 北北基宜蘭區 | 本省閩南人 | 07 | 03 | 06"
"男性","40至49歲","大學及以上","北北基宜蘭區","本省閩南人","07","06","01",1,0.850679035,0.000898472596585804,0.000762971862244963,"男性 | 40至49歲 | 大學及以上 | 北北基宜蘭區 | 本省閩南人 | 07 | 06 | 01"
"男性","40至49歲","大學及以上","北北基宜蘭區","本省閩南人","08","00","05",1,0.850679035,0.000898472596585804,0.000762971862244963,"男性 | 40至49歲 | 大學及以上 | 北北基宜蘭區 | 本省閩南人 | 08 | 00 | 05"
"男性","40至49歲","大學及以上","桃竹苗區","大陸各省市","04","02","07",1,0.731635948,0.000898472596585804,0.000656202420376939,"男性 | 40至49歲 | 大學及以上 | 桃竹苗區 | 大陸各省市 | 04 | 02 | 07"
"男性","40至49歲","大學及以上","桃竹苗區","大陸各省市","04","03","08",1,0.731635948,0.000898472596585804,0.000656202420376939,"男性 | 40至49歲 | 大學及以上 | 桃竹苗區 | 大陸各省市 | 04 | 03 | 08"
"男性","40至49歲","大學及以上","桃竹苗區","大陸各省市","06","03","07",1,0.731635948,0.000898472596585804,0.000656202420376939,"男性 | 40至49歲 | 大學及以上 | 桃竹苗區 | 大陸各省市 | 06 | 03 | 07"
"男性","40至49歲","大學及以上","桃竹苗區","本省客家人","05","05","05",1,0.731635948,0.000898472596585804,0.000656202420376939,"男性 | 40至49歲 | 大學及以上 | 桃竹苗區 | 本省客家人 | 05 | 05 | 05"
"男性","40至49歲","大學及以上","桃竹苗區","本省客家人","05","06","07",1,0.731635948,0.000898472596585804,0.000656202420376939,"男性 | 40至49歲 | 大學及以上 | 桃竹苗區 | 本省客家人 | 05 | 06 | 07"
"男性","40至49歲","大學及以上","桃竹苗區","本省閩南人","00","06","07",1,0.731635948,0.000898472596585804,0.000656202420376939,"男性 | 40至49歲 | 大學及以上 | 桃竹苗區 | 本省閩南人 | 00 | 06 | 07"
"男性","40至49歲","大學及以上","桃竹苗區","本省閩南人","02","03","06",1,0.731635948,0.000898472596585804,0.000656202420376939,"男性 | 40至49歲 | 大學及以上 | 桃竹苗區 | 本省閩南人 | 02 | 03 | 06"
"男性","40至49歲","大學及以上","桃竹苗區","本省閩南人","03","05","07",1,0.731635948,0.000898472596585804,0.000656202420376939,"男性 | 40至49歲 | 大學及以上 | 桃竹苗區 | 本省閩南人 | 03 | 05 | 07"
"男性","40至49歲","大學及以上","桃竹苗區","本省閩南人","03","07","05",1,0.731635948,0.000898472596585804,0.000656202420376939,"男性 | 40至49歲 | 大學及以上 | 桃竹苗區 | 本省閩南人 | 03 | 07 | 05"
"男性","40至49歲","大學及以上","桃竹苗區","本省閩南人","04","02","05",1,0.731635948,0.000898472596585804,0.000656202420376939,"男性 | 40至49歲 | 大學及以上 | 桃竹苗區 | 本省閩南人 | 04 | 02 | 05"
"男性","40至49歲","大學及以上","桃竹苗區","本省閩南人","04","03","07",1,0.731635948,0.000898472596585804,0.000656202420376939,"男性 | 40至49歲 | 大學及以上 | 桃竹苗區 | 本省閩南人 | 04 | 03 | 07"
"男性","40至49歲","大學及以上","桃竹苗區","本省閩南人","06","08","06",1,0.731635948,0.000898472596585804,0.000656202420376939,"男性 | 40至49歲 | 大學及以上 | 桃竹苗區 | 本省閩南人 | 06 | 08 | 06"
"男性","40至49歲","大學及以上","花東外島區","本省客家人","04","03","05",1,0.775323711,0.000898472596585804,0.000695385863863855,"男性 | 40至49歲 | 大學及以上 | 花東外島區 | 本省客家人 | 04 | 03 | 05"
"男性","40至49歲","大學及以上","花東外島區","本省閩南人","03","07","09",1,0.775323711,0.000898472596585804,0.000695385863863855,"男性 | 40至49歲 | 大學及以上 | 花東外島區 | 本省閩南人 | 03 | 07 | 09"
"男性","40至49歲","大學及以上","雲嘉南區","大陸各省市","07","03","06",1,0.632596001,0.000898472596585804,0.000567373743884127,"男性 | 40至49歲 | 大學及以上 | 雲嘉南區 | 大陸各省市 | 07 | 03 | 06"
"男性","40至49歲","大學及以上","雲嘉南區","本省閩南人","02","03","07",1,0.632596001,0.000898472596585804,0.000567373743884127,"男性 | 40至49歲 | 大學及以上 | 雲嘉南區 | 本省閩南人 | 02 | 03 | 07"
"男性","40至49歲","大學及以上","雲嘉南區","本省閩南人","03","00","10",1,0.632596001,0.000898472596585804,0.000567373743884127,"男性 | 40至49歲 | 大學及以上 | 雲嘉南區 | 本省閩南人 | 03 | 00 | 10"
"男性","40至49歲","大學及以上","雲嘉南區","本省閩南人","03","06","07",1,0.632596001,0.000898472596585804,0.000567373743884127,"男性 | 40至49歲 | 大學及以上 | 雲嘉南區 | 本省閩南人 | 03 | 06 | 07"
"男性","40至49歲","大學及以上","雲嘉南區","本省閩南人","04","02","06",1,0.632596001,0.000898472596585804,0.000567373743884127,"男性 | 40至49歲 | 大學及以上 | 雲嘉南區 | 本省閩南人 | 04 | 02 | 06"
"男性","40至49歲","大學及以上","雲嘉南區","本省閩南人","04","05","05",1,0.632596001,0.000898472596585804,0.000567373743884127,"男性 | 40至49歲 | 大學及以上 | 雲嘉南區 | 本省閩南人 | 04 | 05 | 05"
"男性","40至49歲","大學及以上","雲嘉南區","本省閩南人","05","03","05",1,0.632596001,0.000898472596585804,0.000567373743884127,"男性 | 40至49歲 | 大學及以上 | 雲嘉南區 | 本省閩南人 | 05 | 03 | 05"
"男性","40至49歲","大學及以上","雲嘉南區","本省閩南人","05","07","05",1,0.632596001,0.000898472596585804,0.000567373743884127,"男性 | 40至49歲 | 大學及以上 | 雲嘉南區 | 本省閩南人 | 05 | 07 | 05"
"男性","40至49歲","大學及以上","雲嘉南區","本省閩南人","06","02","06",1,0.632596001,0.000898472596585804,0.000567373743884127,"男性 | 40至49歲 | 大學及以上 | 雲嘉南區 | 本省閩南人 | 06 | 02 | 06"
"男性","40至49歲","大學及以上","雲嘉南區","本省閩南人","06","03","06",1,0.632596001,0.000898472596585804,0.000567373743884127,"男性 | 40至49歲 | 大學及以上 | 雲嘉南區 | 本省閩南人 | 06 | 03 | 06"
"男性","40至49歲","大學及以上","雲嘉南區","本省閩南人","07","05","04",1,0.632596001,0.000898472596585804,0.000567373743884127,"男性 | 40至49歲 | 大學及以上 | 雲嘉南區 | 本省閩南人 | 07 | 05 | 04"
"男性","40至49歲","大學及以上","高屏澎湖區","大陸各省市","04","03","02",1,0.708402072,0.000898472596585804,0.000635364016102772,"男性 | 40至49歲 | 大學及以上 | 高屏澎湖區 | 大陸各省市 | 04 | 03 | 02"
"男性","40至49歲","大學及以上","高屏澎湖區","本省閩南人","01","02","02",1,0.708402072,0.000898472596585804,0.000635364016102772,"男性 | 40至49歲 | 大學及以上 | 高屏澎湖區 | 本省閩南人 | 01 | 02 | 02"
"男性","40至49歲","大學及以上","高屏澎湖區","本省閩南人","02","03","07",1,0.708402072,0.000898472596585804,0.000635364016102772,"男性 | 40至49歲 | 大學及以上 | 高屏澎湖區 | 本省閩南人 | 02 | 03 | 07"
"男性","40至49歲","大學及以上","高屏澎湖區","本省閩南人","02","08","00",1,0.708402072,0.000898472596585804,0.000635364016102772,"男性 | 40至49歲 | 大學及以上 | 高屏澎湖區 | 本省閩南人 | 02 | 08 | 00"
"男性","40至49歲","大學及以上","高屏澎湖區","本省閩南人","03","01","06",1,0.708402072,0.000898472596585804,0.000635364016102772,"男性 | 40至49歲 | 大學及以上 | 高屏澎湖區 | 本省閩南人 | 03 | 01 | 06"
"男性","40至49歲","大學及以上","高屏澎湖區","本省閩南人","05","05","05",1,0.708402072,0.000898472596585804,0.000635364016102772,"男性 | 40至49歲 | 大學及以上 | 高屏澎湖區 | 本省閩南人 | 05 | 05 | 05"
"男性","40至49歲","大學及以上","高屏澎湖區","本省閩南人","06","03","07",1,0.708402072,0.000898472596585804,0.000635364016102772,"男性 | 40至49歲 | 大學及以上 | 高屏澎湖區 | 本省閩南人 | 06 | 03 | 07"
"男性","40至49歲","專科","中彰投區","本省閩南人","02","00","08",1,0.786290906,0.000898472596585804,0.000705222313157276,"男性 | 40至49歲 | 專科 | 中彰投區 | 本省閩南人 | 02 | 00 | 08"
"男性","40至49歲","專科","中彰投區","本省閩南人","02","05","04",1,0.786290906,0.000898472596585804,0.000705222313157276,"男性 | 40至49歲 | 專科 | 中彰投區 | 本省閩南人 | 02 | 05 | 04"
"男性","40至49歲","專科","中彰投區","本省閩南人","04","08","03",1,0.786290906,0.000898472596585804,0.000705222313157276,"男性 | 40至49歲 | 專科 | 中彰投區 | 本省閩南人 | 04 | 08 | 03"
"男性","40至49歲","專科","中彰投區","本省閩南人","05","05","07",1,0.786290906,0.000898472596585804,0.000705222313157276,"男性 | 40至49歲 | 專科 | 中彰投區 | 本省閩南人 | 05 | 05 | 07"
"男性","40至49歲","專科","北北基宜蘭區","本省客家人","00","10","00",1,1.037062843,0.000898472596585804,0.000930139025453667,"男性 | 40至49歲 | 專科 | 北北基宜蘭區 | 本省客家人 | 00 | 10 | 00"
"男性","40至49歲","專科","北北基宜蘭區","本省客家人","08","06","07",1,1.037062843,0.000898472596585804,0.000930139025453667,"男性 | 40至49歲 | 專科 | 北北基宜蘭區 | 本省客家人 | 08 | 06 | 07"
"男性","40至49歲","專科","北北基宜蘭區","本省閩南人","02","08","02",1,1.037062843,0.000898472596585804,0.000930139025453667,"男性 | 40至49歲 | 專科 | 北北基宜蘭區 | 本省閩南人 | 02 | 08 | 02"
"男性","40至49歲","專科","北北基宜蘭區","本省閩南人","03","01","05",1,1.037062843,0.000898472596585804,0.000930139025453667,"男性 | 40至49歲 | 專科 | 北北基宜蘭區 | 本省閩南人 | 03 | 01 | 05"
"男性","40至49歲","專科","北北基宜蘭區","本省閩南人","03","06","03",1,1.037062843,0.000898472596585804,0.000930139025453667,"男性 | 40至49歲 | 專科 | 北北基宜蘭區 | 本省閩南人 | 03 | 06 | 03"
"男性","40至49歲","專科","桃竹苗區","本省客家人","05","06","06",1,0.891937412,0.000898472596585804,0.000799976395609177,"男性 | 40至49歲 | 專科 | 桃竹苗區 | 本省客家人 | 05 | 06 | 06"
"男性","40至49歲","專科","桃竹苗區","本省閩南人","02","06","04",1,0.891937412,0.000898472596585804,0.000799976395609177,"男性 | 40至49歲 | 專科 | 桃竹苗區 | 本省閩南人 | 02 | 06 | 04"
"男性","40至49歲","專科","桃竹苗區","本省閩南人","08","03","03",1,0.891937412,0.000898472596585804,0.000799976395609177,"男性 | 40至49歲 | 專科 | 桃竹苗區 | 本省閩南人 | 08 | 03 | 03"
"男性","40至49歲","專科","雲嘉南區","本省閩南人","08","02","05",1,0.771197808,0.000898472596585804,0.00069168535196003,"男性 | 40至49歲 | 專科 | 雲嘉南區 | 本省閩南人 | 08 | 02 | 05"
"男性","40至49歲","專科","高屏澎湖區","本省閩南人","02","06","02",1,0.863612993,0.000898472596585804,0.000774572296269364,"男性 | 40至49歲 | 專科 | 高屏澎湖區 | 本省閩南人 | 02 | 06 | 02"
"男性","40至49歲","專科","高屏澎湖區","本省閩南人","04","04","03",1,0.863612993,0.000898472596585804,0.000774572296269364,"男性 | 40至49歲 | 專科 | 高屏澎湖區 | 本省閩南人 | 04 | 04 | 03"
"男性","40至49歲","高中、職","中彰投區","大陸各省市","02","00","10",1,1.069037032,0.000898472596585804,0.000958816594220955,"男性 | 40至49歲 | 高中、職 | 中彰投區 | 大陸各省市 | 02 | 00 | 10"
"男性","40至49歲","高中、職","中彰投區","大陸各省市","10","05","06",1,1.069037032,0.000898472596585804,0.000958816594220955,"男性 | 40至49歲 | 高中、職 | 中彰投區 | 大陸各省市 | 10 | 05 | 06"
"男性","40至49歲","高中、職","中彰投區","大陸新住民","03","00","00",1,1.069037032,0.000898472596585804,0.000958816594220955,"男性 | 40至49歲 | 高中、職 | 中彰投區 | 大陸新住民 | 03 | 00 | 00"
"男性","40至49歲","高中、職","中彰投區","本省閩南人","02","08","00",1,1.069037032,0.000898472596585804,0.000958816594220955,"男性 | 40至49歲 | 高中、職 | 中彰投區 | 本省閩南人 | 02 | 08 | 00"
"男性","40至49歲","高中、職","中彰投區","本省閩南人","04","04","05",1,1.069037032,0.000898472596585804,0.000958816594220955,"男性 | 40至49歲 | 高中、職 | 中彰投區 | 本省閩南人 | 04 | 04 | 05"
"男性","40至49歲","高中、職","中彰投區","本省閩南人","06","02","00",1,1.069037032,0.000898472596585804,0.000958816594220955,"男性 | 40至49歲 | 高中、職 | 中彰投區 | 本省閩南人 | 06 | 02 | 00"
"男性","40至49歲","高中、職","中彰投區","本省閩南人","07","06","05",1,1.069037032,0.000898472596585804,0.000958816594220955,"男性 | 40至49歲 | 高中、職 | 中彰投區 | 本省閩南人 | 07 | 06 | 05"
"男性","40至49歲","高中、職","中彰投區","本省閩南人","08","07","07",1,1.069037032,0.000898472596585804,0.000958816594220955,"男性 | 40至49歲 | 高中、職 | 中彰投區 | 本省閩南人 | 08 | 07 | 07"
"男性","40至49歲","高中、職","中彰投區","本省閩南人","08","08","06",1,1.069037032,0.000898472596585804,0.000958816594220955,"男性 | 40至49歲 | 高中、職 | 中彰投區 | 本省閩南人 | 08 | 08 | 06"
"男性","40至49歲","高中、職","北北基宜蘭區","原住民","05","01","05",1,1.409985256,0.000898472596585804,0.00126461218890655,"男性 | 40至49歲 | 高中、職 | 北北基宜蘭區 | 原住民 | 05 | 01 | 05"
"男性","40至49歲","高中、職","北北基宜蘭區","大陸各省市","00","07","01",1,1.409985256,0.000898472596585804,0.00126461218890655,"男性 | 40至49歲 | 高中、職 | 北北基宜蘭區 | 大陸各省市 | 00 | 07 | 01"
"男性","40至49歲","高中、職","北北基宜蘭區","大陸各省市","05","08","07",1,1.409985256,0.000898472596585804,0.00126461218890655,"男性 | 40至49歲 | 高中、職 | 北北基宜蘭區 | 大陸各省市 | 05 | 08 | 07"
"男性","40至49歲","高中、職","北北基宜蘭區","大陸各省市","06","05","03",1,1.409985256,0.000898472596585804,0.00126461218890655,"男性 | 40至49歲 | 高中、職 | 北北基宜蘭區 | 大陸各省市 | 06 | 05 | 03"
"男性","40至49歲","高中、職","北北基宜蘭區","本省閩南人","04","05","05",1,1.409985256,0.000898472596585804,0.00126461218890655,"男性 | 40至49歲 | 高中、職 | 北北基宜蘭區 | 本省閩南人 | 04 | 05 | 05"
"男性","40至49歲","高中、職","北北基宜蘭區","本省閩南人","04","07","03",1,1.409985256,0.000898472596585804,0.00126461218890655,"男性 | 40至49歲 | 高中、職 | 北北基宜蘭區 | 本省閩南人 | 04 | 07 | 03"
"男性","40至49歲","高中、職","北北基宜蘭區","本省閩南人","04","08","01",1,1.409985256,0.000898472596585804,0.00126461218890655,"男性 | 40至49歲 | 高中、職 | 北北基宜蘭區 | 本省閩南人 | 04 | 08 | 01"
"男性","40至49歲","高中、職","北北基宜蘭區","本省閩南人","05","00","08",1,1.409985256,0.000898472596585804,0.00126461218890655,"男性 | 40至49歲 | 高中、職 | 北北基宜蘭區 | 本省閩南人 | 05 | 00 | 08"
"男性","40至49歲","高中、職","北北基宜蘭區","本省閩南人","05","02","04",1,1.409985256,0.000898472596585804,0.00126461218890655,"男性 | 40至49歲 | 高中、職 | 北北基宜蘭區 | 本省閩南人 | 05 | 02 | 04"
"男性","40至49歲","高中、職","北北基宜蘭區","本省閩南人","05","05","05",1,1.409985256,0.000898472596585804,0.00126461218890655,"男性 | 40至49歲 | 高中、職 | 北北基宜蘭區 | 本省閩南人 | 05 | 05 | 05"
"男性","40至49歲","高中、職","北北基宜蘭區","本省閩南人","05","08","05",1,1.409985256,0.000898472596585804,0.00126461218890655,"男性 | 40至49歲 | 高中、職 | 北北基宜蘭區 | 本省閩南人 | 05 | 08 | 05"
"男性","40至49歲","高中、職","桃竹苗區","本省閩南人","00","05","00",1,1.212673474,0.000898472596585804,0.00108764375361954,"男性 | 40至49歲 | 高中、職 | 桃竹苗區 | 本省閩南人 | 00 | 05 | 00"
"男性","40至49歲","高中、職","桃竹苗區","本省閩南人","02","05","05",1,1.212673474,0.000898472596585804,0.00108764375361954,"男性 | 40至49歲 | 高中、職 | 桃竹苗區 | 本省閩南人 | 02 | 05 | 05"
"男性","40至49歲","高中、職","桃竹苗區","本省閩南人","05","04","07",1,1.212673474,0.000898472596585804,0.00108764375361954,"男性 | 40至49歲 | 高中、職 | 桃竹苗區 | 本省閩南人 | 05 | 04 | 07"
"男性","40至49歲","高中、職","花東外島區","原住民","08","04","05",1,1.285085157,0.000898472596585804,0.00115258960787678,"男性 | 40至49歲 | 高中、職 | 花東外島區 | 原住民 | 08 | 04 | 05"
"男性","40至49歲","高中、職","花東外島區","本省閩南人","06","07","08",1,1.285085157,0.000898472596585804,0.00115258960787678,"男性 | 40至49歲 | 高中、職 | 花東外島區 | 本省閩南人 | 06 | 07 | 08"
"男性","40至49歲","高中、職","雲嘉南區","本省閩南人","03","03","07",1,1.048516535,0.000898472596585804,0.000940411812668671,"男性 | 40至49歲 | 高中、職 | 雲嘉南區 | 本省閩南人 | 03 | 03 | 07"
"男性","40至49歲","高中、職","雲嘉南區","本省閩南人","05","05","05",1,1.048516535,0.000898472596585804,0.000940411812668671,"男性 | 40至49歲 | 高中、職 | 雲嘉南區 | 本省閩南人 | 05 | 05 | 05"
"男性","40至49歲","高中、職","雲嘉南區","本省閩南人","07","08","08",1,1.048516535,0.000898472596585804,0.000940411812668671,"男性 | 40至49歲 | 高中、職 | 雲嘉南區 | 本省閩南人 | 07 | 08 | 08"
"男性","40至49歲","高中、職","高屏澎湖區","本省閩南人","00","07","07",1,1.17416374,0.000898472596585804,0.00105310447116909,"男性 | 40至49歲 | 高中、職 | 高屏澎湖區 | 本省閩南人 | 00 | 07 | 07"
"男性","40至49歲","高中、職","高屏澎湖區","本省閩南人","02","02","02",1,1.17416374,0.000898472596585804,0.00105310447116909,"男性 | 40至49歲 | 高中、職 | 高屏澎湖區 | 本省閩南人 | 02 | 02 | 02"
"男性","40至49歲","高中、職","高屏澎湖區","本省閩南人","03","09","03",1,1.17416374,0.000898472596585804,0.00105310447116909,"男性 | 40至49歲 | 高中、職 | 高屏澎湖區 | 本省閩南人 | 03 | 09 | 03"
"男性","40至49歲","高中、職","高屏澎湖區","本省閩南人","06","03","07",1,1.17416374,0.000898472596585804,0.00105310447116909,"男性 | 40至49歲 | 高中、職 | 高屏澎湖區 | 本省閩南人 | 06 | 03 | 07"
"男性","40至49歲","高中、職","高屏澎湖區","本省閩南人","06","08","05",1,1.17416374,0.000898472596585804,0.00105310447116909,"男性 | 40至49歲 | 高中、職 | 高屏澎湖區 | 本省閩南人 | 06 | 08 | 05"
"男性","40至49歲","高中、職","高屏澎湖區","本省閩南人","10","00","01",1,1.17416374,0.000898472596585804,0.00105310447116909,"男性 | 40至49歲 | 高中、職 | 高屏澎湖區 | 本省閩南人 | 10 | 00 | 01"
"男性","50至59歲","國、初中","中彰投區","本省閩南人","03","08","01",1,1.240335422,0.000898472596585804,0.00111245368440487,"男性 | 50至59歲 | 國、初中 | 中彰投區 | 本省閩南人 | 03 | 08 | 01"
"男性","50至59歲","國、初中","北北基宜蘭區","本省閩南人","00","08","02",1,1.63591588,0.000898472596585804,0.00146724879077302,"男性 | 50至59歲 | 國、初中 | 北北基宜蘭區 | 本省閩南人 | 00 | 08 | 02"
"男性","50至59歲","國、初中","北北基宜蘭區","本省閩南人","00","10","00",1,1.63591588,0.000898472596585804,0.00146724879077302,"男性 | 50至59歲 | 國、初中 | 北北基宜蘭區 | 本省閩南人 | 00 | 10 | 00"
"男性","50至59歲","國、初中","北北基宜蘭區","本省閩南人","02","08","03",1,1.63591588,0.000898472596585804,0.00146724879077302,"男性 | 50至59歲 | 國、初中 | 北北基宜蘭區 | 本省閩南人 | 02 | 08 | 03"
"男性","50至59歲","國、初中","北北基宜蘭區","本省閩南人","03","08","00",1,1.63591588,0.000898472596585804,0.00146724879077302,"男性 | 50至59歲 | 國、初中 | 北北基宜蘭區 | 本省閩南人 | 03 | 08 | 00"
"男性","50至59歲","國、初中","北北基宜蘭區","本省閩南人","05","06","05",1,1.63591588,0.000898472596585804,0.00146724879077302,"男性 | 50至59歲 | 國、初中 | 北北基宜蘭區 | 本省閩南人 | 05 | 06 | 05"
"男性","50至59歲","國、初中","雲嘉南區","本省客家人","05","05","05",1,1.216526799,0.000898472596585804,0.00109109979100864,"男性 | 50至59歲 | 國、初中 | 雲嘉南區 | 本省客家人 | 05 | 05 | 05"
"男性","50至59歲","國、初中","雲嘉南區","本省閩南人","00","00","00",1,1.216526799,0.000898472596585804,0.00109109979100864,"男性 | 50至59歲 | 國、初中 | 雲嘉南區 | 本省閩南人 | 00 | 00 | 00"
"男性","50至59歲","國、初中","高屏澎湖區","本省閩南人","02","09","00",1,1.362307229,0.000898472596585804,0.00122184988778982,"男性 | 50至59歲 | 國、初中 | 高屏澎湖區 | 本省閩南人 | 02 | 09 | 00"
"男性","50至59歲","國、初中","高屏澎湖區","本省閩南人","04","08","01",1,1.362307229,0.000898472596585804,0.00122184988778982,"男性 | 50至59歲 | 國、初中 | 高屏澎湖區 | 本省閩南人 | 04 | 08 | 01"
"男性","50至59歲","國、初中","高屏澎湖區","本省閩南人","07","07","05",1,1.362307229,0.000898472596585804,0.00122184988778982,"男性 | 50至59歲 | 國、初中 | 高屏澎湖區 | 本省閩南人 | 07 | 07 | 05"
"男性","50至59歲","大學及以上","中彰投區","本省閩南人","00","06","00",1,0.540020026,0.000898472596585804,0.000484342587432866,"男性 | 50至59歲 | 大學及以上 | 中彰投區 | 本省閩南人 | 00 | 06 | 00"
"男性","50至59歲","大學及以上","中彰投區","本省閩南人","00","08","10",1,0.540020026,0.000898472596585804,0.000484342587432866,"男性 | 50至59歲 | 大學及以上 | 中彰投區 | 本省閩南人 | 00 | 08 | 10"
"男性","50至59歲","大學及以上","中彰投區","本省閩南人","02","08","00",1,0.540020026,0.000898472596585804,0.000484342587432866,"男性 | 50至59歲 | 大學及以上 | 中彰投區 | 本省閩南人 | 02 | 08 | 00"
"男性","50至59歲","大學及以上","中彰投區","本省閩南人","04","06","06",1,0.540020026,0.000898472596585804,0.000484342587432866,"男性 | 50至59歲 | 大學及以上 | 中彰投區 | 本省閩南人 | 04 | 06 | 06"
"男性","50至59歲","大學及以上","中彰投區","本省閩南人","05","00","04",1,0.540020026,0.000898472596585804,0.000484342587432866,"男性 | 50至59歲 | 大學及以上 | 中彰投區 | 本省閩南人 | 05 | 00 | 04"
"男性","50至59歲","大學及以上","北北基宜蘭區","大陸各省市","02","00","00",1,0.712248735,0.000898472596585804,0.000638814078361023,"男性 | 50至59歲 | 大學及以上 | 北北基宜蘭區 | 大陸各省市 | 02 | 00 | 00"
"男性","50至59歲","大學及以上","北北基宜蘭區","大陸各省市","07","00","05",1,0.712248735,0.000898472596585804,0.000638814078361023,"男性 | 50至59歲 | 大學及以上 | 北北基宜蘭區 | 大陸各省市 | 07 | 00 | 05"
"男性","50至59歲","大學及以上","北北基宜蘭區","大陸各省市","07","03","04",1,0.712248735,0.000898472596585804,0.000638814078361023,"男性 | 50至59歲 | 大學及以上 | 北北基宜蘭區 | 大陸各省市 | 07 | 03 | 04"
"男性","50至59歲","大學及以上","北北基宜蘭區","大陸各省市","08","02","10",1,0.712248735,0.000898472596585804,0.000638814078361023,"男性 | 50至59歲 | 大學及以上 | 北北基宜蘭區 | 大陸各省市 | 08 | 02 | 10"
"男性","50至59歲","大學及以上","北北基宜蘭區","本省客家人","06","08","02",1,0.712248735,0.000898472596585804,0.000638814078361023,"男性 | 50至59歲 | 大學及以上 | 北北基宜蘭區 | 本省客家人 | 06 | 08 | 02"
"男性","50至59歲","大學及以上","北北基宜蘭區","本省閩南人","00","08","00",1,0.712248735,0.000898472596585804,0.000638814078361023,"男性 | 50至59歲 | 大學及以上 | 北北基宜蘭區 | 本省閩南人 | 00 | 08 | 00"
"男性","50至59歲","大學及以上","北北基宜蘭區","本省閩南人","00","09","00",1,0.712248735,0.000898472596585804,0.000638814078361023,"男性 | 50至59歲 | 大學及以上 | 北北基宜蘭區 | 本省閩南人 | 00 | 09 | 00"
"男性","50至59歲","大學及以上","北北基宜蘭區","本省閩南人","01","09","03",1,0.712248735,0.000898472596585804,0.000638814078361023,"男性 | 50至59歲 | 大學及以上 | 北北基宜蘭區 | 本省閩南人 | 01 | 09 | 03"
"男性","50至59歲","大學及以上","北北基宜蘭區","本省閩南人","01","10","00",1,0.712248735,0.000898472596585804,0.000638814078361023,"男性 | 50至59歲 | 大學及以上 | 北北基宜蘭區 | 本省閩南人 | 01 | 10 | 00"
"男性","50至59歲","大學及以上","北北基宜蘭區","本省閩南人","02","03","01",1,0.712248735,0.000898472596585804,0.000638814078361023,"男性 | 50至59歲 | 大學及以上 | 北北基宜蘭區 | 本省閩南人 | 02 | 03 | 01"
"男性","50至59歲","大學及以上","北北基宜蘭區","本省閩南人","02","05","07",1,0.712248735,0.000898472596585804,0.000638814078361023,"男性 | 50至59歲 | 大學及以上 | 北北基宜蘭區 | 本省閩南人 | 02 | 05 | 07"
"男性","50至59歲","大學及以上","北北基宜蘭區","本省閩南人","02","08","05",1,0.712248735,0.000898472596585804,0.000638814078361023,"男性 | 50至59歲 | 大學及以上 | 北北基宜蘭區 | 本省閩南人 | 02 | 08 | 05"
"男性","50至59歲","大學及以上","北北基宜蘭區","本省閩南人","06","04","05",1,0.712248735,0.000898472596585804,0.000638814078361023,"男性 | 50至59歲 | 大學及以上 | 北北基宜蘭區 | 本省閩南人 | 06 | 04 | 05"
"男性","50至59歲","大學及以上","北北基宜蘭區","本省閩南人","07","04","08",1,0.712248735,0.000898472596585804,0.000638814078361023,"男性 | 50至59歲 | 大學及以上 | 北北基宜蘭區 | 本省閩南人 | 07 | 04 | 08"
"男性","50至59歲","大學及以上","北北基宜蘭區","本省閩南人","08","02","06",1,0.712248735,0.000898472596585804,0.000638814078361023,"男性 | 50至59歲 | 大學及以上 | 北北基宜蘭區 | 本省閩南人 | 08 | 02 | 06"
"男性","50至59歲","大學及以上","桃竹苗區","大陸各省市","07","00","05",1,0.612577432,0.000898472596585804,0.000549419140278069,"男性 | 50至59歲 | 大學及以上 | 桃竹苗區 | 大陸各省市 | 07 | 00 | 05"
"男性","50至59歲","大學及以上","桃竹苗區","本省客家人","02","09","02",1,0.612577432,0.000898472596585804,0.000549419140278069,"男性 | 50至59歲 | 大學及以上 | 桃竹苗區 | 本省客家人 | 02 | 09 | 02"
"男性","50至59歲","大學及以上","桃竹苗區","本省閩南人","00","06","00",1,0.612577432,0.000898472596585804,0.000549419140278069,"男性 | 50至59歲 | 大學及以上 | 桃竹苗區 | 本省閩南人 | 00 | 06 | 00"
"男性","50至59歲","大學及以上","桃竹苗區","本省閩南人","02","05","02",1,0.612577432,0.000898472596585804,0.000549419140278069,"男性 | 50至59歲 | 大學及以上 | 桃竹苗區 | 本省閩南人 | 02 | 05 | 02"
"男性","50至59歲","大學及以上","桃竹苗區","本省閩南人","03","00","05",1,0.612577432,0.000898472596585804,0.000549419140278069,"男性 | 50至59歲 | 大學及以上 | 桃竹苗區 | 本省閩南人 | 03 | 00 | 05"
"男性","50至59歲","大學及以上","桃竹苗區","本省閩南人","04","05","08",1,0.612577432,0.000898472596585804,0.000549419140278069,"男性 | 50至59歲 | 大學及以上 | 桃竹苗區 | 本省閩南人 | 04 | 05 | 08"
"男性","50至59歲","大學及以上","桃竹苗區","本省閩南人","04","08","01",1,0.612577432,0.000898472596585804,0.000549419140278069,"男性 | 50至59歲 | 大學及以上 | 桃竹苗區 | 本省閩南人 | 04 | 08 | 01"
"男性","50至59歲","大學及以上","桃竹苗區","本省閩南人","07","05","05",1,0.612577432,0.000898472596585804,0.000549419140278069,"男性 | 50至59歲 | 大學及以上 | 桃竹苗區 | 本省閩南人 | 07 | 05 | 05"
"男性","50至59歲","大學及以上","桃竹苗區","本省閩南人","09","00","09",1,0.612577432,0.000898472596585804,0.000549419140278069,"男性 | 50至59歲 | 大學及以上 | 桃竹苗區 | 本省閩南人 | 09 | 00 | 09"
"男性","50至59歲","大學及以上","花東外島區","本省客家人","05","06","00",1,0.649155921,0.000898472596585804,0.000582226294001373,"男性 | 50至59歲 | 大學及以上 | 花東外島區 | 本省客家人 | 05 | 06 | 00"
"男性","50至59歲","大學及以上","高屏澎湖區","大陸各省市","05","04","01",1,0.593124386,0.000898472596585804,0.000531971752811941,"男性 | 50至59歲 | 大學及以上 | 高屏澎湖區 | 大陸各省市 | 05 | 04 | 01"
"男性","50至59歲","大學及以上","高屏澎湖區","本省閩南人","02","10","00",1,0.593124386,0.000898472596585804,0.000531971752811941,"男性 | 50至59歲 | 大學及以上 | 高屏澎湖區 | 本省閩南人 | 02 | 10 | 00"
"男性","50至59歲","大學及以上","高屏澎湖區","本省閩南人","03","08","02",1,0.593124386,0.000898472596585804,0.000531971752811941,"男性 | 50至59歲 | 大學及以上 | 高屏澎湖區 | 本省閩南人 | 03 | 08 | 02"
"男性","50至59歲","大學及以上","高屏澎湖區","本省閩南人","05","09","00",1,0.593124386,0.000898472596585804,0.000531971752811941,"男性 | 50至59歲 | 大學及以上 | 高屏澎湖區 | 本省閩南人 | 05 | 09 | 00"
"男性","50至59歲","大學及以上","高屏澎湖區","本省閩南人","10","00","05",1,0.593124386,0.000898472596585804,0.000531971752811941,"男性 | 50至59歲 | 大學及以上 | 高屏澎湖區 | 本省閩南人 | 10 | 00 | 05"
"男性","50至59歲","專科","中彰投區","本省閩南人","06","02","05",1,0.658338434,0.000898472596585804,0.000590462066549475,"男性 | 50至59歲 | 專科 | 中彰投區 | 本省閩南人 | 06 | 02 | 05"
"男性","50至59歲","專科","中彰投區","本省閩南人","07","04","07",1,0.658338434,0.000898472596585804,0.000590462066549475,"男性 | 50至59歲 | 專科 | 中彰投區 | 本省閩南人 | 07 | 04 | 07"
"男性","50至59歲","專科","北北基宜蘭區","大陸各省市","05","00","07",1,0.86830246,0.000898472596585804,0.000778778267291003,"男性 | 50至59歲 | 專科 | 北北基宜蘭區 | 大陸各省市 | 05 | 00 | 07"
"男性","50至59歲","專科","北北基宜蘭區","本省閩南人","05","06","04",1,0.86830246,0.000898472596585804,0.000778778267291003,"男性 | 50至59歲 | 專科 | 北北基宜蘭區 | 本省閩南人 | 05 | 06 | 04"
"男性","50至59歲","專科","北北基宜蘭區","本省閩南人","05","07","04",1,0.86830246,0.000898472596585804,0.000778778267291003,"男性 | 50至59歲 | 專科 | 北北基宜蘭區 | 本省閩南人 | 05 | 07 | 04"
"男性","50至59歲","專科","桃竹苗區","本省客家人","00","08","00",1,0.746793171,0.000898472596585804,0.000669796895123542,"男性 | 50至59歲 | 專科 | 桃竹苗區 | 本省客家人 | 00 | 08 | 00"
"男性","50至59歲","專科","桃竹苗區","本省客家人","06","00","08",1,0.746793171,0.000898472596585804,0.000669796895123542,"男性 | 50至59歲 | 專科 | 桃竹苗區 | 本省客家人 | 06 | 00 | 08"
"男性","50至59歲","專科","桃竹苗區","本省客家人","09","00","07",1,0.746793171,0.000898472596585804,0.000669796895123542,"男性 | 50至59歲 | 專科 | 桃竹苗區 | 本省客家人 | 09 | 00 | 07"
"男性","50至59歲","專科","桃竹苗區","本省閩南人","00","08","01",1,0.746793171,0.000898472596585804,0.000669796895123542,"男性 | 50至59歲 | 專科 | 桃竹苗區 | 本省閩南人 | 00 | 08 | 01"
"男性","50至59歲","專科","桃竹苗區","本省閩南人","07","05","03",1,0.746793171,0.000898472596585804,0.000669796895123542,"男性 | 50至59歲 | 專科 | 桃竹苗區 | 本省閩南人 | 07 | 05 | 03"
"男性","50至59歲","專科","雲嘉南區","本省閩南人","01","10","00",1,0.645701423,0.000898472596585804,0.000579127963533899,"男性 | 50至59歲 | 專科 | 雲嘉南區 | 本省閩南人 | 01 | 10 | 00"
"男性","50至59歲","專科","雲嘉南區","本省閩南人","04","09","00",1,0.645701423,0.000898472596585804,0.000579127963533899,"男性 | 50至59歲 | 專科 | 雲嘉南區 | 本省閩南人 | 04 | 09 | 00"
"男性","50至59歲","專科","雲嘉南區","本省閩南人","08","05","08",1,0.645701423,0.000898472596585804,0.000579127963533899,"男性 | 50至59歲 | 專科 | 雲嘉南區 | 本省閩南人 | 08 | 05 | 08"
"男性","50至59歲","高中、職","中彰投區","本省閩南人","03","03","05",1,0.895073515,0.000898472596585804,0.000802789158411192,"男性 | 50至59歲 | 高中、職 | 中彰投區 | 本省閩南人 | 03 | 03 | 05"
"男性","50至59歲","高中、職","中彰投區","本省閩南人","03","08","05",1,0.895073515,0.000898472596585804,0.000802789158411192,"男性 | 50至59歲 | 高中、職 | 中彰投區 | 本省閩南人 | 03 | 08 | 05"
"男性","50至59歲","高中、職","中彰投區","本省閩南人","04","06","03",1,0.895073515,0.000898472596585804,0.000802789158411192,"男性 | 50至59歲 | 高中、職 | 中彰投區 | 本省閩南人 | 04 | 06 | 03"
"男性","50至59歲","高中、職","中彰投區","本省閩南人","05","00","05",1,0.895073515,0.000898472596585804,0.000802789158411192,"男性 | 50至59歲 | 高中、職 | 中彰投區 | 本省閩南人 | 05 | 00 | 05"
"男性","50至59歲","高中、職","中彰投區","本省閩南人","05","04","07",1,0.895073515,0.000898472596585804,0.000802789158411192,"男性 | 50至59歲 | 高中、職 | 中彰投區 | 本省閩南人 | 05 | 04 | 07"
"男性","50至59歲","高中、職","中彰投區","本省閩南人","05","06","05",1,0.895073515,0.000898472596585804,0.000802789158411192,"男性 | 50至59歲 | 高中、職 | 中彰投區 | 本省閩南人 | 05 | 06 | 05"
"男性","50至59歲","高中、職","中彰投區","本省閩南人","05","07","05",1,0.895073515,0.000898472596585804,0.000802789158411192,"男性 | 50至59歲 | 高中、職 | 中彰投區 | 本省閩南人 | 05 | 07 | 05"
"男性","50至59歲","高中、職","中彰投區","本省閩南人","06","03","06",1,0.895073515,0.000898472596585804,0.000802789158411192,"男性 | 50至59歲 | 高中、職 | 中彰投區 | 本省閩南人 | 06 | 03 | 06"
"男性","50至59歲","高中、職","中彰投區","本省閩南人","08","04","05",1,0.895073515,0.000898472596585804,0.000802789158411192,"男性 | 50至59歲 | 高中、職 | 中彰投區 | 本省閩南人 | 08 | 04 | 05"
"男性","50至59歲","高中、職","北北基宜蘭區","大陸各省市","05","02","05",1,1.180539515,0.000898472596585804,0.00105882288754573,"男性 | 50至59歲 | 高中、職 | 北北基宜蘭區 | 大陸各省市 | 05 | 02 | 05"
"男性","50至59歲","高中、職","北北基宜蘭區","大陸各省市","08","05","05",1,1.180539515,0.000898472596585804,0.00105882288754573,"男性 | 50至59歲 | 高中、職 | 北北基宜蘭區 | 大陸各省市 | 08 | 05 | 05"
"男性","50至59歲","高中、職","北北基宜蘭區","大陸各省市","08","08","03",1,1.180539515,0.000898472596585804,0.00105882288754573,"男性 | 50至59歲 | 高中、職 | 北北基宜蘭區 | 大陸各省市 | 08 | 08 | 03"
"男性","50至59歲","高中、職","北北基宜蘭區","本省閩南人","02","10","02",1,1.180539515,0.000898472596585804,0.00105882288754573,"男性 | 50至59歲 | 高中、職 | 北北基宜蘭區 | 本省閩南人 | 02 | 10 | 02"
"男性","50至59歲","高中、職","北北基宜蘭區","本省閩南人","04","07","03",1,1.180539515,0.000898472596585804,0.00105882288754573,"男性 | 50至59歲 | 高中、職 | 北北基宜蘭區 | 本省閩南人 | 04 | 07 | 03"
"男性","50至59歲","高中、職","北北基宜蘭區","本省閩南人","05","03","06",1,1.180539515,0.000898472596585804,0.00105882288754573,"男性 | 50至59歲 | 高中、職 | 北北基宜蘭區 | 本省閩南人 | 05 | 03 | 06"
"男性","50至59歲","高中、職","北北基宜蘭區","本省閩南人","05","05","05",1,1.180539515,0.000898472596585804,0.00105882288754573,"男性 | 50至59歲 | 高中、職 | 北北基宜蘭區 | 本省閩南人 | 05 | 05 | 05"
"男性","50至59歲","高中、職","北北基宜蘭區","本省閩南人","06","02","01",1,1.180539515,0.000898472596585804,0.00105882288754573,"男性 | 50至59歲 | 高中、職 | 北北基宜蘭區 | 本省閩南人 | 06 | 02 | 01"
"男性","50至59歲","高中、職","桃竹苗區","原住民","08","01","01",1,1.015336117,0.000898472596585804,0.000910652380180099,"男性 | 50至59歲 | 高中、職 | 桃竹苗區 | 原住民 | 08 | 01 | 01"
"男性","50至59歲","高中、職","桃竹苗區","大陸各省市","07","06","06",1,1.015336117,0.000898472596585804,0.000910652380180099,"男性 | 50至59歲 | 高中、職 | 桃竹苗區 | 大陸各省市 | 07 | 06 | 06"
"男性","50至59歲","高中、職","桃竹苗區","本省客家人","02","07","00",1,1.015336117,0.000898472596585804,0.000910652380180099,"男性 | 50至59歲 | 高中、職 | 桃竹苗區 | 本省客家人 | 02 | 07 | 00"
"男性","50至59歲","高中、職","桃竹苗區","本省客家人","06","07","00",1,1.015336117,0.000898472596585804,0.000910652380180099,"男性 | 50至59歲 | 高中、職 | 桃竹苗區 | 本省客家人 | 06 | 07 | 00"
"男性","50至59歲","高中、職","桃竹苗區","本省客家人","07","00","05",1,1.015336117,0.000898472596585804,0.000910652380180099,"男性 | 50至59歲 | 高中、職 | 桃竹苗區 | 本省客家人 | 07 | 00 | 05"
"男性","50至59歲","高中、職","桃竹苗區","本省客家人","08","04","03",1,1.015336117,0.000898472596585804,0.000910652380180099,"男性 | 50至59歲 | 高中、職 | 桃竹苗區 | 本省客家人 | 08 | 04 | 03"
"男性","50至59歲","高中、職","雲嘉南區","本省閩南人","04","04","06",1,0.877892302,0.000898472596585804,0.000787379372182903,"男性 | 50至59歲 | 高中、職 | 雲嘉南區 | 本省閩南人 | 04 | 04 | 06"
"男性","50至59歲","高中、職","雲嘉南區","本省閩南人","04","08","04",1,0.877892302,0.000898472596585804,0.000787379372182903,"男性 | 50至59歲 | 高中、職 | 雲嘉南區 | 本省閩南人 | 04 | 08 | 04"
"男性","50至59歲","高中、職","雲嘉南區","本省閩南人","05","06","04",1,0.877892302,0.000898472596585804,0.000787379372182903,"男性 | 50至59歲 | 高中、職 | 雲嘉南區 | 本省閩南人 | 05 | 06 | 04"
"男性","50至59歲","高中、職","高屏澎湖區","大陸各省市","08","00","03",1,0.98309304,0.000898472596585804,0.0008817336464497,"男性 | 50至59歲 | 高中、職 | 高屏澎湖區 | 大陸各省市 | 08 | 00 | 03"
"男性","50至59歲","高中、職","高屏澎湖區","本省閩南人","00","10","00",1,0.98309304,0.000898472596585804,0.0008817336464497,"男性 | 50至59歲 | 高中、職 | 高屏澎湖區 | 本省閩南人 | 00 | 10 | 00"
"男性","50至59歲","高中、職","高屏澎湖區","本省閩南人","03","01","03",1,0.98309304,0.000898472596585804,0.0008817336464497,"男性 | 50至59歲 | 高中、職 | 高屏澎湖區 | 本省閩南人 | 03 | 01 | 03"
"男性","50至59歲","高中、職","高屏澎湖區","本省閩南人","03","06","02",1,0.98309304,0.000898472596585804,0.0008817336464497,"男性 | 50至59歲 | 高中、職 | 高屏澎湖區 | 本省閩南人 | 03 | 06 | 02"
"男性","50至59歲","高中、職","高屏澎湖區","本省閩南人","03","08","02",1,0.98309304,0.000898472596585804,0.0008817336464497,"男性 | 50至59歲 | 高中、職 | 高屏澎湖區 | 本省閩南人 | 03 | 08 | 02"
"男性","50至59歲","高中、職","高屏澎湖區","本省閩南人","03","09","00",1,0.98309304,0.000898472596585804,0.0008817336464497,"男性 | 50至59歲 | 高中、職 | 高屏澎湖區 | 本省閩南人 | 03 | 09 | 00"
"男性","50至59歲","高中、職","高屏澎湖區","本省閩南人","05","05","05",1,0.98309304,0.000898472596585804,0.0008817336464497,"男性 | 50至59歲 | 高中、職 | 高屏澎湖區 | 本省閩南人 | 05 | 05 | 05"
"男性","60歲及以上","國、初中","中彰投區","本省閩南人","00","08","03",1,0.908913496,0.000898472596585804,0.000815202202159243,"男性 | 60歲及以上 | 國、初中 | 中彰投區 | 本省閩南人 | 00 | 08 | 03"
"男性","60歲及以上","國、初中","中彰投區","本省閩南人","00","10","05",1,0.908913496,0.000898472596585804,0.000815202202159243,"男性 | 60歲及以上 | 國、初中 | 中彰投區 | 本省閩南人 | 00 | 10 | 05"
"男性","60歲及以上","國、初中","中彰投區","本省閩南人","05","05","05",1,0.908913496,0.000898472596585804,0.000815202202159243,"男性 | 60歲及以上 | 國、初中 | 中彰投區 | 本省閩南人 | 05 | 05 | 05"
"男性","60歲及以上","國、初中","中彰投區","本省閩南人","06","03","02",1,0.908913496,0.000898472596585804,0.000815202202159243,"男性 | 60歲及以上 | 國、初中 | 中彰投區 | 本省閩南人 | 06 | 03 | 02"
"男性","60歲及以上","國、初中","北北基宜蘭區","本省閩南人","00","10","00",1,1.198793484,0.000898472596585804,0.00107519482590118,"男性 | 60歲及以上 | 國、初中 | 北北基宜蘭區 | 本省閩南人 | 00 | 10 | 00"
"男性","60歲及以上","國、初中","北北基宜蘭區","本省閩南人","03","08","03",1,1.198793484,0.000898472596585804,0.00107519482590118,"男性 | 60歲及以上 | 國、初中 | 北北基宜蘭區 | 本省閩南人 | 03 | 08 | 03"
"男性","60歲及以上","國、初中","北北基宜蘭區","本省閩南人","07","08","06",1,1.198793484,0.000898472596585804,0.00107519482590118,"男性 | 60歲及以上 | 國、初中 | 北北基宜蘭區 | 本省閩南人 | 07 | 08 | 06"
"男性","60歲及以上","國、初中","北北基宜蘭區","本省閩南人","10","02","05",1,1.198793484,0.000898472596585804,0.00107519482590118,"男性 | 60歲及以上 | 國、初中 | 北北基宜蘭區 | 本省閩南人 | 10 | 02 | 05"
"男性","60歲及以上","國、初中","桃竹苗區","本省客家人","04","04","03",1,1.031035646,0.000898472596585804,0.0009247332477984,"男性 | 60歲及以上 | 國、初中 | 桃竹苗區 | 本省客家人 | 04 | 04 | 03"
"男性","60歲及以上","國、初中","桃竹苗區","本省客家人","05","01","05",1,1.031035646,0.000898472596585804,0.0009247332477984,"男性 | 60歲及以上 | 國、初中 | 桃竹苗區 | 本省客家人 | 05 | 01 | 05"
"男性","60歲及以上","國、初中","桃竹苗區","本省客家人","06","02","03",1,1.031035646,0.000898472596585804,0.0009247332477984,"男性 | 60歲及以上 | 國、初中 | 桃竹苗區 | 本省客家人 | 06 | 02 | 03"
"男性","60歲及以上","國、初中","桃竹苗區","本省客家人","07","00","00",1,1.031035646,0.000898472596585804,0.0009247332477984,"男性 | 60歲及以上 | 國、初中 | 桃竹苗區 | 本省客家人 | 07 | 00 | 00"
"男性","60歲及以上","國、初中","桃竹苗區","本省閩南人","00","05","01",1,1.031035646,0.000898472596585804,0.0009247332477984,"男性 | 60歲及以上 | 國、初中 | 桃竹苗區 | 本省閩南人 | 00 | 05 | 01"
"男性","60歲及以上","國、初中","桃竹苗區","本省閩南人","00","10","00",1,1.031035646,0.000898472596585804,0.0009247332477984,"男性 | 60歲及以上 | 國、初中 | 桃竹苗區 | 本省閩南人 | 00 | 10 | 00"
"男性","60歲及以上","國、初中","桃竹苗區","本省閩南人","06","00","07",1,1.031035646,0.000898472596585804,0.0009247332477984,"男性 | 60歲及以上 | 國、初中 | 桃竹苗區 | 本省閩南人 | 06 | 00 | 07"
"男性","60歲及以上","國、初中","雲嘉南區","本省閩南人","02","09","03",1,0.89146662,0.000898472596585804,0.000799554143462138,"男性 | 60歲及以上 | 國、初中 | 雲嘉南區 | 本省閩南人 | 02 | 09 | 03"
"男性","60歲及以上","國、初中","雲嘉南區","本省閩南人","04","08","00",1,0.89146662,0.000898472596585804,0.000799554143462138,"男性 | 60歲及以上 | 國、初中 | 雲嘉南區 | 本省閩南人 | 04 | 08 | 00"
"男性","60歲及以上","國、初中","雲嘉南區","本省閩南人","05","05","04",1,0.89146662,0.000898472596585804,0.000799554143462138,"男性 | 60歲及以上 | 國、初中 | 雲嘉南區 | 本省閩南人 | 05 | 05 | 04"
"男性","60歲及以上","國、初中","雲嘉南區","本省閩南人","05","07","03",1,0.89146662,0.000898472596585804,0.000799554143462138,"男性 | 60歲及以上 | 國、初中 | 雲嘉南區 | 本省閩南人 | 05 | 07 | 03"
"男性","60歲及以上","國、初中","雲嘉南區","本省閩南人","05","10","05",1,0.89146662,0.000898472596585804,0.000799554143462138,"男性 | 60歲及以上 | 國、初中 | 雲嘉南區 | 本省閩南人 | 05 | 10 | 05"
"男性","60歲及以上","國、初中","雲嘉南區","本省閩南人","06","05","03",1,0.89146662,0.000898472596585804,0.000799554143462138,"男性 | 60歲及以上 | 國、初中 | 雲嘉南區 | 本省閩南人 | 06 | 05 | 03"
"男性","60歲及以上","國、初中","雲嘉南區","本省閩南人","06","08","02",1,0.89146662,0.000898472596585804,0.000799554143462138,"男性 | 60歲及以上 | 國、初中 | 雲嘉南區 | 本省閩南人 | 06 | 08 | 02"
"男性","60歲及以上","國、初中","高屏澎湖區","大陸各省市","10","00","03",1,0.998294014,0.000898472596585804,0.000895367361356894,"男性 | 60歲及以上 | 國、初中 | 高屏澎湖區 | 大陸各省市 | 10 | 00 | 03"
"男性","60歲及以上","國、初中","高屏澎湖區","本省閩南人","00","09","04",1,0.998294014,0.000898472596585804,0.000895367361356894,"男性 | 60歲及以上 | 國、初中 | 高屏澎湖區 | 本省閩南人 | 00 | 09 | 04"
"男性","60歲及以上","國、初中","高屏澎湖區","本省閩南人","07","07","03",1,0.998294014,0.000898472596585804,0.000895367361356894,"男性 | 60歲及以上 | 國、初中 | 高屏澎湖區 | 本省閩南人 | 07 | 07 | 03"
"男性","60歲及以上","國、初中","高屏澎湖區","本省閩南人","08","01","00",1,0.998294014,0.000898472596585804,0.000895367361356894,"男性 | 60歲及以上 | 國、初中 | 高屏澎湖區 | 本省閩南人 | 08 | 01 | 00"
"男性","60歲及以上","大學及以上","中彰投區","本省客家人","08","05","06",1,0.395724802,0.000898472596585804,0.000354924568134513,"男性 | 60歲及以上 | 大學及以上 | 中彰投區 | 本省客家人 | 08 | 05 | 06"
"男性","60歲及以上","大學及以上","中彰投區","本省閩南人","04","02","03",1,0.395724802,0.000898472596585804,0.000354924568134513,"男性 | 60歲及以上 | 大學及以上 | 中彰投區 | 本省閩南人 | 04 | 02 | 03"
"男性","60歲及以上","大學及以上","中彰投區","本省閩南人","06","05","03",1,0.395724802,0.000898472596585804,0.000354924568134513,"男性 | 60歲及以上 | 大學及以上 | 中彰投區 | 本省閩南人 | 06 | 05 | 03"
"男性","60歲及以上","大學及以上","中彰投區","本省閩南人","06","05","07",1,0.395724802,0.000898472596585804,0.000354924568134513,"男性 | 60歲及以上 | 大學及以上 | 中彰投區 | 本省閩南人 | 06 | 05 | 07"
"男性","60歲及以上","大學及以上","中彰投區","本省閩南人","06","10","08",1,0.395724802,0.000898472596585804,0.000354924568134513,"男性 | 60歲及以上 | 大學及以上 | 中彰投區 | 本省閩南人 | 06 | 10 | 08"
"男性","60歲及以上","大學及以上","中彰投區","本省閩南人","07","01","03",1,0.395724802,0.000898472596585804,0.000354924568134513,"男性 | 60歲及以上 | 大學及以上 | 中彰投區 | 本省閩南人 | 07 | 01 | 03"
"男性","60歲及以上","大學及以上","北北基宜蘭區","原住民","05","01","00",1,0.521933404,0.000898472596585804,0.000468120742175964,"男性 | 60歲及以上 | 大學及以上 | 北北基宜蘭區 | 原住民 | 05 | 01 | 00"
"男性","60歲及以上","大學及以上","北北基宜蘭區","外籍人士","03","00","04",1,0.521933404,0.000898472596585804,0.000468120742175964,"男性 | 60歲及以上 | 大學及以上 | 北北基宜蘭區 | 外籍人士 | 03 | 00 | 04"
"男性","60歲及以上","大學及以上","北北基宜蘭區","大陸各省市","05","00","00",1,0.521933404,0.000898472596585804,0.000468120742175964,"男性 | 60歲及以上 | 大學及以上 | 北北基宜蘭區 | 大陸各省市 | 05 | 00 | 00"
"男性","60歲及以上","大學及以上","北北基宜蘭區","大陸各省市","05","07","06",1,0.521933404,0.000898472596585804,0.000468120742175964,"男性 | 60歲及以上 | 大學及以上 | 北北基宜蘭區 | 大陸各省市 | 05 | 07 | 06"
"男性","60歲及以上","大學及以上","北北基宜蘭區","大陸各省市","07","00","05",1,0.521933404,0.000898472596585804,0.000468120742175964,"男性 | 60歲及以上 | 大學及以上 | 北北基宜蘭區 | 大陸各省市 | 07 | 00 | 05"
"男性","60歲及以上","大學及以上","北北基宜蘭區","大陸各省市","08","00","05",1,0.521933404,0.000898472596585804,0.000468120742175964,"男性 | 60歲及以上 | 大學及以上 | 北北基宜蘭區 | 大陸各省市 | 08 | 00 | 05"
"男性","60歲及以上","大學及以上","北北基宜蘭區","大陸各省市","08","02","06",1,0.521933404,0.000898472596585804,0.000468120742175964,"男性 | 60歲及以上 | 大學及以上 | 北北基宜蘭區 | 大陸各省市 | 08 | 02 | 06"
"男性","60歲及以上","大學及以上","北北基宜蘭區","大陸各省市","08","05","08",1,0.521933404,0.000898472596585804,0.000468120742175964,"男性 | 60歲及以上 | 大學及以上 | 北北基宜蘭區 | 大陸各省市 | 08 | 05 | 08"
"男性","60歲及以上","大學及以上","北北基宜蘭區","大陸各省市","10","00","01",1,0.521933404,0.000898472596585804,0.000468120742175964,"男性 | 60歲及以上 | 大學及以上 | 北北基宜蘭區 | 大陸各省市 | 10 | 00 | 01"
"男性","60歲及以上","大學及以上","北北基宜蘭區","本省客家人","04","08","03",1,0.521933404,0.000898472596585804,0.000468120742175964,"男性 | 60歲及以上 | 大學及以上 | 北北基宜蘭區 | 本省客家人 | 04 | 08 | 03"
"男性","60歲及以上","大學及以上","北北基宜蘭區","本省客家人","05","00","03",1,0.521933404,0.000898472596585804,0.000468120742175964,"男性 | 60歲及以上 | 大學及以上 | 北北基宜蘭區 | 本省客家人 | 05 | 00 | 03"
"男性","60歲及以上","大學及以上","北北基宜蘭區","本省客家人","05","00","05",1,0.521933404,0.000898472596585804,0.000468120742175964,"男性 | 60歲及以上 | 大學及以上 | 北北基宜蘭區 | 本省客家人 | 05 | 00 | 05"
"男性","60歲及以上","大學及以上","北北基宜蘭區","本省閩南人","00","09","00",1,0.521933404,0.000898472596585804,0.000468120742175964,"男性 | 60歲及以上 | 大學及以上 | 北北基宜蘭區 | 本省閩南人 | 00 | 09 | 00"
"男性","60歲及以上","大學及以上","北北基宜蘭區","本省閩南人","00","10","00",1,0.521933404,0.000898472596585804,0.000468120742175964,"男性 | 60歲及以上 | 大學及以上 | 北北基宜蘭區 | 本省閩南人 | 00 | 10 | 00"
"男性","60歲及以上","大學及以上","北北基宜蘭區","本省閩南人","02","00","10",1,0.521933404,0.000898472596585804,0.000468120742175964,"男性 | 60歲及以上 | 大學及以上 | 北北基宜蘭區 | 本省閩南人 | 02 | 00 | 10"
"男性","60歲及以上","大學及以上","北北基宜蘭區","本省閩南人","02","06","06",1,0.521933404,0.000898472596585804,0.000468120742175964,"男性 | 60歲及以上 | 大學及以上 | 北北基宜蘭區 | 本省閩南人 | 02 | 06 | 06"
"男性","60歲及以上","大學及以上","北北基宜蘭區","本省閩南人","02","09","02",1,0.521933404,0.000898472596585804,0.000468120742175964,"男性 | 60歲及以上 | 大學及以上 | 北北基宜蘭區 | 本省閩南人 | 02 | 09 | 02"
"男性","60歲及以上","大學及以上","北北基宜蘭區","本省閩南人","03","07","08",1,0.521933404,0.000898472596585804,0.000468120742175964,"男性 | 60歲及以上 | 大學及以上 | 北北基宜蘭區 | 本省閩南人 | 03 | 07 | 08"
"男性","60歲及以上","大學及以上","北北基宜蘭區","本省閩南人","03","09","00",1,0.521933404,0.000898472596585804,0.000468120742175964,"男性 | 60歲及以上 | 大學及以上 | 北北基宜蘭區 | 本省閩南人 | 03 | 09 | 00"
"男性","60歲及以上","大學及以上","北北基宜蘭區","本省閩南人","05","00","04",1,0.521933404,0.000898472596585804,0.000468120742175964,"男性 | 60歲及以上 | 大學及以上 | 北北基宜蘭區 | 本省閩南人 | 05 | 00 | 04"
"男性","60歲及以上","大學及以上","北北基宜蘭區","本省閩南人","05","01","00",1,0.521933404,0.000898472596585804,0.000468120742175964,"男性 | 60歲及以上 | 大學及以上 | 北北基宜蘭區 | 本省閩南人 | 05 | 01 | 00"
"男性","60歲及以上","大學及以上","北北基宜蘭區","本省閩南人","05","06","05",1,0.521933404,0.000898472596585804,0.000468120742175964,"男性 | 60歲及以上 | 大學及以上 | 北北基宜蘭區 | 本省閩南人 | 05 | 06 | 05"
"男性","60歲及以上","大學及以上","北北基宜蘭區","本省閩南人","06","03","01",1,0.521933404,0.000898472596585804,0.000468120742175964,"男性 | 60歲及以上 | 大學及以上 | 北北基宜蘭區 | 本省閩南人 | 06 | 03 | 01"
"男性","60歲及以上","大學及以上","北北基宜蘭區","本省閩南人","06","03","06",1,0.521933404,0.000898472596585804,0.000468120742175964,"男性 | 60歲及以上 | 大學及以上 | 北北基宜蘭區 | 本省閩南人 | 06 | 03 | 06"
"男性","60歲及以上","大學及以上","北北基宜蘭區","本省閩南人","06","04","05",1,0.521933404,0.000898472596585804,0.000468120742175964,"男性 | 60歲及以上 | 大學及以上 | 北北基宜蘭區 | 本省閩南人 | 06 | 04 | 05"
"男性","60歲及以上","大學及以上","北北基宜蘭區","本省閩南人","06","05","01",1,0.521933404,0.000898472596585804,0.000468120742175964,"男性 | 60歲及以上 | 大學及以上 | 北北基宜蘭區 | 本省閩南人 | 06 | 05 | 01"
"男性","60歲及以上","大學及以上","北北基宜蘭區","本省閩南人","06","08","04",1,0.521933404,0.000898472596585804,0.000468120742175964,"男性 | 60歲及以上 | 大學及以上 | 北北基宜蘭區 | 本省閩南人 | 06 | 08 | 04"
"男性","60歲及以上","大學及以上","北北基宜蘭區","本省閩南人","07","04","03",1,0.521933404,0.000898472596585804,0.000468120742175964,"男性 | 60歲及以上 | 大學及以上 | 北北基宜蘭區 | 本省閩南人 | 07 | 04 | 03"
"男性","60歲及以上","大學及以上","北北基宜蘭區","本省閩南人","07","08","03",1,0.521933404,0.000898472596585804,0.000468120742175964,"男性 | 60歲及以上 | 大學及以上 | 北北基宜蘭區 | 本省閩南人 | 07 | 08 | 03"
"男性","60歲及以上","大學及以上","北北基宜蘭區","本省閩南人","08","04","05",1,0.521933404,0.000898472596585804,0.000468120742175964,"男性 | 60歲及以上 | 大學及以上 | 北北基宜蘭區 | 本省閩南人 | 08 | 04 | 05"
"男性","60歲及以上","大學及以上","北北基宜蘭區","本省閩南人","08","06","05",1,0.521933404,0.000898472596585804,0.000468120742175964,"男性 | 60歲及以上 | 大學及以上 | 北北基宜蘭區 | 本省閩南人 | 08 | 06 | 05"
"男性","60歲及以上","大學及以上","桃竹苗區","大陸各省市","07","00","02",1,0.448894619,0.000898472596585804,0.000402612441730356,"男性 | 60歲及以上 | 大學及以上 | 桃竹苗區 | 大陸各省市 | 07 | 00 | 02"
"男性","60歲及以上","大學及以上","桃竹苗區","大陸各省市","08","00","01",1,0.448894619,0.000898472596585804,0.000402612441730356,"男性 | 60歲及以上 | 大學及以上 | 桃竹苗區 | 大陸各省市 | 08 | 00 | 01"
"男性","60歲及以上","大學及以上","桃竹苗區","大陸各省市","08","01","05",1,0.448894619,0.000898472596585804,0.000402612441730356,"男性 | 60歲及以上 | 大學及以上 | 桃竹苗區 | 大陸各省市 | 08 | 01 | 05"
"男性","60歲及以上","大學及以上","桃竹苗區","本省客家人","00","00","10",1,0.448894619,0.000898472596585804,0.000402612441730356,"男性 | 60歲及以上 | 大學及以上 | 桃竹苗區 | 本省客家人 | 00 | 00 | 10"
"男性","60歲及以上","大學及以上","桃竹苗區","本省客家人","03","04","01",1,0.448894619,0.000898472596585804,0.000402612441730356,"男性 | 60歲及以上 | 大學及以上 | 桃竹苗區 | 本省客家人 | 03 | 04 | 01"
"男性","60歲及以上","大學及以上","桃竹苗區","本省客家人","06","04","03",1,0.448894619,0.000898472596585804,0.000402612441730356,"男性 | 60歲及以上 | 大學及以上 | 桃竹苗區 | 本省客家人 | 06 | 04 | 03"
"男性","60歲及以上","大學及以上","桃竹苗區","本省客家人","07","04","06",1,0.448894619,0.000898472596585804,0.000402612441730356,"男性 | 60歲及以上 | 大學及以上 | 桃竹苗區 | 本省客家人 | 07 | 04 | 06"
"男性","60歲及以上","大學及以上","桃竹苗區","本省閩南人","07","03","03",1,0.448894619,0.000898472596585804,0.000402612441730356,"男性 | 60歲及以上 | 大學及以上 | 桃竹苗區 | 本省閩南人 | 07 | 03 | 03"
"男性","60歲及以上","大學及以上","桃竹苗區","本省閩南人","08","05","06",1,0.448894619,0.000898472596585804,0.000402612441730356,"男性 | 60歲及以上 | 大學及以上 | 桃竹苗區 | 本省閩南人 | 08 | 05 | 06"
"男性","60歲及以上","大學及以上","花東外島區","大陸各省市","06","03","03",1,0.475699208,0.000898472596585804,0.00042665340940983,"男性 | 60歲及以上 | 大學及以上 | 花東外島區 | 大陸各省市 | 06 | 03 | 03"
"男性","60歲及以上","大學及以上","花東外島區","大陸各省市","08","00","02",1,0.475699208,0.000898472596585804,0.00042665340940983,"男性 | 60歲及以上 | 大學及以上 | 花東外島區 | 大陸各省市 | 08 | 00 | 02"
"男性","60歲及以上","大學及以上","花東外島區","本省閩南人","05","04","05",1,0.475699208,0.000898472596585804,0.00042665340940983,"男性 | 60歲及以上 | 大學及以上 | 花東外島區 | 本省閩南人 | 05 | 04 | 05"
"男性","60歲及以上","大學及以上","雲嘉南區","本省閩南人","02","10","06",1,0.388128742,0.000898472596585804,0.000348111681245953,"男性 | 60歲及以上 | 大學及以上 | 雲嘉南區 | 本省閩南人 | 02 | 10 | 06"
"男性","60歲及以上","大學及以上","雲嘉南區","本省閩南人","03","09","01",1,0.388128742,0.000898472596585804,0.000348111681245953,"男性 | 60歲及以上 | 大學及以上 | 雲嘉南區 | 本省閩南人 | 03 | 09 | 01"
"男性","60歲及以上","大學及以上","雲嘉南區","本省閩南人","04","07","00",1,0.388128742,0.000898472596585804,0.000348111681245953,"男性 | 60歲及以上 | 大學及以上 | 雲嘉南區 | 本省閩南人 | 04 | 07 | 00"
"男性","60歲及以上","大學及以上","高屏澎湖區","大陸各省市","06","00","05",1,0.434639493,0.000898472596585804,0.000389827055487992,"男性 | 60歲及以上 | 大學及以上 | 高屏澎湖區 | 大陸各省市 | 06 | 00 | 05"
"男性","60歲及以上","大學及以上","高屏澎湖區","大陸各省市","08","05","05",1,0.434639493,0.000898472596585804,0.000389827055487992,"男性 | 60歲及以上 | 大學及以上 | 高屏澎湖區 | 大陸各省市 | 08 | 05 | 05"
"男性","60歲及以上","大學及以上","高屏澎湖區","本省閩南人","02","06","00",1,0.434639493,0.000898472596585804,0.000389827055487992,"男性 | 60歲及以上 | 大學及以上 | 高屏澎湖區 | 本省閩南人 | 02 | 06 | 00"
"男性","60歲及以上","大學及以上","高屏澎湖區","本省閩南人","05","01","02",1,0.434639493,0.000898472596585804,0.000389827055487992,"男性 | 60歲及以上 | 大學及以上 | 高屏澎湖區 | 本省閩南人 | 05 | 01 | 02"
"男性","60歲及以上","大學及以上","高屏澎湖區","本省閩南人","09","02","04",1,0.434639493,0.000898472596585804,0.000389827055487992,"男性 | 60歲及以上 | 大學及以上 | 高屏澎湖區 | 本省閩南人 | 09 | 02 | 04"
"男性","60歲及以上","專科","中彰投區","大陸各省市","05","03","05",1,0.482428121,0.000898472596585804,0.000432688554360233,"男性 | 60歲及以上 | 專科 | 中彰投區 | 大陸各省市 | 05 | 03 | 05"
"男性","60歲及以上","專科","中彰投區","本省閩南人","00","08","00",1,0.482428121,0.000898472596585804,0.000432688554360233,"男性 | 60歲及以上 | 專科 | 中彰投區 | 本省閩南人 | 00 | 08 | 00"
"男性","60歲及以上","專科","中彰投區","本省閩南人","04","06","04",1,0.482428121,0.000898472596585804,0.000432688554360233,"男性 | 60歲及以上 | 專科 | 中彰投區 | 本省閩南人 | 04 | 06 | 04"
"男性","60歲及以上","專科","北北基宜蘭區","大陸各省市","05","01","01",1,0.636289032,0.000898472596585804,0.00057068601399244,"男性 | 60歲及以上 | 專科 | 北北基宜蘭區 | 大陸各省市 | 05 | 01 | 01"
"男性","60歲及以上","專科","北北基宜蘭區","大陸各省市","05","01","02",1,0.636289032,0.000898472596585804,0.00057068601399244,"男性 | 60歲及以上 | 專科 | 北北基宜蘭區 | 大陸各省市 | 05 | 01 | 02"
"男性","60歲及以上","專科","北北基宜蘭區","大陸各省市","10","00","01",1,0.636289032,0.000898472596585804,0.00057068601399244,"男性 | 60歲及以上 | 專科 | 北北基宜蘭區 | 大陸各省市 | 10 | 00 | 01"
"男性","60歲及以上","專科","北北基宜蘭區","本省客家人","07","02","03",1,0.636289032,0.000898472596585804,0.00057068601399244,"男性 | 60歲及以上 | 專科 | 北北基宜蘭區 | 本省客家人 | 07 | 02 | 03"
"男性","60歲及以上","專科","北北基宜蘭區","本省客家人","08","06","07",1,0.636289032,0.000898472596585804,0.00057068601399244,"男性 | 60歲及以上 | 專科 | 北北基宜蘭區 | 本省客家人 | 08 | 06 | 07"
"男性","60歲及以上","專科","北北基宜蘭區","本省閩南人","00","10","01",1,0.636289032,0.000898472596585804,0.00057068601399244,"男性 | 60歲及以上 | 專科 | 北北基宜蘭區 | 本省閩南人 | 00 | 10 | 01"
"男性","60歲及以上","專科","北北基宜蘭區","本省閩南人","04","09","03",1,0.636289032,0.000898472596585804,0.00057068601399244,"男性 | 60歲及以上 | 專科 | 北北基宜蘭區 | 本省閩南人 | 04 | 09 | 03"
"男性","60歲及以上","專科","北北基宜蘭區","本省閩南人","07","00","03",1,0.636289032,0.000898472596585804,0.00057068601399244,"男性 | 60歲及以上 | 專科 | 北北基宜蘭區 | 本省閩南人 | 07 | 00 | 03"
"男性","60歲及以上","專科","北北基宜蘭區","本省閩南人","07","03","03",1,0.636289032,0.000898472596585804,0.00057068601399244,"男性 | 60歲及以上 | 專科 | 北北基宜蘭區 | 本省閩南人 | 07 | 03 | 03"
"男性","60歲及以上","專科","桃竹苗區","大陸各省市","08","02","06",1,0.547247446,0.000898472596585804,0.000490824842043298,"男性 | 60歲及以上 | 專科 | 桃竹苗區 | 大陸各省市 | 08 | 02 | 06"
"男性","60歲及以上","專科","桃竹苗區","本省客家人","06","04","05",1,0.547247446,0.000898472596585804,0.000490824842043298,"男性 | 60歲及以上 | 專科 | 桃竹苗區 | 本省客家人 | 06 | 04 | 05"
"男性","60歲及以上","專科","桃竹苗區","本省客家人","07","04","05",1,0.547247446,0.000898472596585804,0.000490824842043298,"男性 | 60歲及以上 | 專科 | 桃竹苗區 | 本省客家人 | 07 | 04 | 05"
"男性","60歲及以上","專科","桃竹苗區","本省客家人","08","01","01",1,0.547247446,0.000898472596585804,0.000490824842043298,"男性 | 60歲及以上 | 專科 | 桃竹苗區 | 本省客家人 | 08 | 01 | 01"
"男性","60歲及以上","專科","桃竹苗區","本省閩南人","03","05","00",1,0.547247446,0.000898472596585804,0.000490824842043298,"男性 | 60歲及以上 | 專科 | 桃竹苗區 | 本省閩南人 | 03 | 05 | 00"
"男性","60歲及以上","專科","桃竹苗區","本省閩南人","06","06","05",1,0.547247446,0.000898472596585804,0.000490824842043298,"男性 | 60歲及以上 | 專科 | 桃竹苗區 | 本省閩南人 | 06 | 06 | 05"
"男性","60歲及以上","專科","花東外島區","本省客家人","08","03","01",1,0.579924923,0.000898472596585804,0.000520133188028522,"男性 | 60歲及以上 | 專科 | 花東外島區 | 本省客家人 | 08 | 03 | 01"
"男性","60歲及以上","專科","雲嘉南區","大陸各省市","07","03","04",1,0.473167764,0.000898472596585804,0.000424382963726578,"男性 | 60歲及以上 | 專科 | 雲嘉南區 | 大陸各省市 | 07 | 03 | 04"
"男性","60歲及以上","專科","雲嘉南區","本省閩南人","00","10","00",1,0.473167764,0.000898472596585804,0.000424382963726578,"男性 | 60歲及以上 | 專科 | 雲嘉南區 | 本省閩南人 | 00 | 10 | 00"
"男性","60歲及以上","專科","雲嘉南區","本省閩南人","01","02","00",1,0.473167764,0.000898472596585804,0.000424382963726578,"男性 | 60歲及以上 | 專科 | 雲嘉南區 | 本省閩南人 | 01 | 02 | 00"
"男性","60歲及以上","專科","雲嘉南區","本省閩南人","03","07","03",1,0.473167764,0.000898472596585804,0.000424382963726578,"男性 | 60歲及以上 | 專科 | 雲嘉南區 | 本省閩南人 | 03 | 07 | 03"
"男性","60歲及以上","專科","雲嘉南區","本省閩南人","05","05","05",1,0.473167764,0.000898472596585804,0.000424382963726578,"男性 | 60歲及以上 | 專科 | 雲嘉南區 | 本省閩南人 | 05 | 05 | 05"
"男性","60歲及以上","專科","雲嘉南區","本省閩南人","05","08","05",1,0.473167764,0.000898472596585804,0.000424382963726578,"男性 | 60歲及以上 | 專科 | 雲嘉南區 | 本省閩南人 | 05 | 08 | 05"
"男性","60歲及以上","專科","高屏澎湖區","大陸各省市","06","04","03",1,0.529869023,0.000898472596585804,0.000475238178667738,"男性 | 60歲及以上 | 專科 | 高屏澎湖區 | 大陸各省市 | 06 | 04 | 03"
"男性","60歲及以上","專科","高屏澎湖區","大陸各省市","07","05","01",1,0.529869023,0.000898472596585804,0.000475238178667738,"男性 | 60歲及以上 | 專科 | 高屏澎湖區 | 大陸各省市 | 07 | 05 | 01"
"男性","60歲及以上","專科","高屏澎湖區","大陸各省市","08","02","05",1,0.529869023,0.000898472596585804,0.000475238178667738,"男性 | 60歲及以上 | 專科 | 高屏澎湖區 | 大陸各省市 | 08 | 02 | 05"
"男性","60歲及以上","專科","高屏澎湖區","本省閩南人","00","10","00",1,0.529869023,0.000898472596585804,0.000475238178667738,"男性 | 60歲及以上 | 專科 | 高屏澎湖區 | 本省閩南人 | 00 | 10 | 00"
"男性","60歲及以上","專科","高屏澎湖區","本省閩南人","03","10","03",1,0.529869023,0.000898472596585804,0.000475238178667738,"男性 | 60歲及以上 | 專科 | 高屏澎湖區 | 本省閩南人 | 03 | 10 | 03"
"男性","60歲及以上","專科","高屏澎湖區","本省閩南人","05","03","06",1,0.529869023,0.000898472596585804,0.000475238178667738,"男性 | 60歲及以上 | 專科 | 高屏澎湖區 | 本省閩南人 | 05 | 03 | 06"
"男性","60歲及以上","小學及以下","中彰投區","本省閩南人","03","10","02",1,0.670097474,0.000898472596585804,0.000601008719608831,"男性 | 60歲及以上 | 小學及以下 | 中彰投區 | 本省閩南人 | 03 | 10 | 02"
"男性","60歲及以上","小學及以下","北北基宜蘭區","大陸各省市","10","08","06",1,0.883811814,0.000898472596585804,0.000792688567435636,"男性 | 60歲及以上 | 小學及以下 | 北北基宜蘭區 | 大陸各省市 | 10 | 08 | 06"
"男性","60歲及以上","小學及以下","北北基宜蘭區","本省閩南人","01","10","00",1,0.883811814,0.000898472596585804,0.000792688567435636,"男性 | 60歲及以上 | 小學及以下 | 北北基宜蘭區 | 本省閩南人 | 01 | 10 | 00"
"男性","60歲及以上","小學及以下","北北基宜蘭區","本省閩南人","02","09","09",1,0.883811814,0.000898472596585804,0.000792688567435636,"男性 | 60歲及以上 | 小學及以下 | 北北基宜蘭區 | 本省閩南人 | 02 | 09 | 09"
"男性","60歲及以上","小學及以下","北北基宜蘭區","本省閩南人","03","04","05",1,0.883811814,0.000898472596585804,0.000792688567435636,"男性 | 60歲及以上 | 小學及以下 | 北北基宜蘭區 | 本省閩南人 | 03 | 04 | 05"
"男性","60歲及以上","小學及以下","北北基宜蘭區","本省閩南人","05","05","05",1,0.883811814,0.000898472596585804,0.000792688567435636,"男性 | 60歲及以上 | 小學及以下 | 北北基宜蘭區 | 本省閩南人 | 05 | 05 | 05"
"男性","60歲及以上","小學及以下","北北基宜蘭區","本省閩南人","06","05","05",1,0.883811814,0.000898472596585804,0.000792688567435636,"男性 | 60歲及以上 | 小學及以下 | 北北基宜蘭區 | 本省閩南人 | 06 | 05 | 05"
"男性","60歲及以上","小學及以下","北北基宜蘭區","本省閩南人","10","10","10",1,0.883811814,0.000898472596585804,0.000792688567435636,"男性 | 60歲及以上 | 小學及以下 | 北北基宜蘭區 | 本省閩南人 | 10 | 10 | 10"
"男性","60歲及以上","小學及以下","桃竹苗區","本省客家人","00","05","00",1,0.760132163,0.000898472596585804,0.00068176060311208,"男性 | 60歲及以上 | 小學及以下 | 桃竹苗區 | 本省客家人 | 00 | 05 | 00"
"男性","60歲及以上","小學及以下","桃竹苗區","本省客家人","04","07","03",1,0.760132163,0.000898472596585804,0.00068176060311208,"男性 | 60歲及以上 | 小學及以下 | 桃竹苗區 | 本省客家人 | 04 | 07 | 03"
"男性","60歲及以上","小學及以下","桃竹苗區","本省客家人","05","05","05",1,0.760132163,0.000898472596585804,0.00068176060311208,"男性 | 60歲及以上 | 小學及以下 | 桃竹苗區 | 本省客家人 | 05 | 05 | 05"
"男性","60歲及以上","小學及以下","桃竹苗區","本省客家人","06","00","05",1,0.760132163,0.000898472596585804,0.00068176060311208,"男性 | 60歲及以上 | 小學及以下 | 桃竹苗區 | 本省客家人 | 06 | 00 | 05"
"男性","60歲及以上","小學及以下","桃竹苗區","本省客家人","06","05","04",1,0.760132163,0.000898472596585804,0.00068176060311208,"男性 | 60歲及以上 | 小學及以下 | 桃竹苗區 | 本省客家人 | 06 | 05 | 04"
"男性","60歲及以上","小學及以下","花東外島區","原住民","04","08","01",1,0.805521504,0.000898472596585804,0.000722470187578143,"男性 | 60歲及以上 | 小學及以下 | 花東外島區 | 原住民 | 04 | 08 | 01"
"男性","60歲及以上","小學及以下","花東外島區","本省閩南人","00","09","00",1,0.805521504,0.000898472596585804,0.000722470187578143,"男性 | 60歲及以上 | 小學及以下 | 花東外島區 | 本省閩南人 | 00 | 09 | 00"
"男性","60歲及以上","小學及以下","雲嘉南區","本省閩南人","00","10","00",1,0.657234746,0.000898472596585804,0.000589472171590211,"男性 | 60歲及以上 | 小學及以下 | 雲嘉南區 | 本省閩南人 | 00 | 10 | 00"
"男性","60歲及以上","小學及以下","雲嘉南區","本省閩南人","05","10","01",1,0.657234746,0.000898472596585804,0.000589472171590211,"男性 | 60歲及以上 | 小學及以下 | 雲嘉南區 | 本省閩南人 | 05 | 10 | 01"
"男性","60歲及以上","小學及以下","高屏澎湖區","大陸各省市","08","07","06",1,0.735993359,0.000898472596585804,0.000660110571216976,"男性 | 60歲及以上 | 小學及以下 | 高屏澎湖區 | 大陸各省市 | 08 | 07 | 06"
"男性","60歲及以上","小學及以下","高屏澎湖區","本省閩南人","00","00","00",1,0.735993359,0.000898472596585804,0.000660110571216976,"男性 | 60歲及以上 | 小學及以下 | 高屏澎湖區 | 本省閩南人 | 00 | 00 | 00"
"男性","60歲及以上","小學及以下","高屏澎湖區","本省閩南人","00","10","00",1,0.735993359,0.000898472596585804,0.000660110571216976,"男性 | 60歲及以上 | 小學及以下 | 高屏澎湖區 | 本省閩南人 | 00 | 10 | 00"
"男性","60歲及以上","小學及以下","高屏澎湖區","本省閩南人","03","04","02",1,0.735993359,0.000898472596585804,0.000660110571216976,"男性 | 60歲及以上 | 小學及以下 | 高屏澎湖區 | 本省閩南人 | 03 | 04 | 02"
"男性","60歲及以上","小學及以下","高屏澎湖區","本省閩南人","07","08","05",1,0.735993359,0.000898472596585804,0.000660110571216976,"男性 | 60歲及以上 | 小學及以下 | 高屏澎湖區 | 本省閩南人 | 07 | 08 | 05"
"男性","60歲及以上","高中、職","中彰投區","大陸各省市","06","04","04",1,0.655906769,0.000898472596585804,0.000588281112397471,"男性 | 60歲及以上 | 高中、職 | 中彰投區 | 大陸各省市 | 06 | 04 | 04"
"男性","60歲及以上","高中、職","中彰投區","大陸各省市","06","04","05",1,0.655906769,0.000898472596585804,0.000588281112397471,"男性 | 60歲及以上 | 高中、職 | 中彰投區 | 大陸各省市 | 06 | 04 | 05"
"男性","60歲及以上","高中、職","中彰投區","本省閩南人","00","10","00",1,0.655906769,0.000898472596585804,0.000588281112397471,"男性 | 60歲及以上 | 高中、職 | 中彰投區 | 本省閩南人 | 00 | 10 | 00"
"男性","60歲及以上","高中、職","中彰投區","本省閩南人","01","10","01",1,0.655906769,0.000898472596585804,0.000588281112397471,"男性 | 60歲及以上 | 高中、職 | 中彰投區 | 本省閩南人 | 01 | 10 | 01"
"男性","60歲及以上","高中、職","中彰投區","本省閩南人","03","03","08",1,0.655906769,0.000898472596585804,0.000588281112397471,"男性 | 60歲及以上 | 高中、職 | 中彰投區 | 本省閩南人 | 03 | 03 | 08"
"男性","60歲及以上","高中、職","中彰投區","本省閩南人","04","03","01",1,0.655906769,0.000898472596585804,0.000588281112397471,"男性 | 60歲及以上 | 高中、職 | 中彰投區 | 本省閩南人 | 04 | 03 | 01"
"男性","60歲及以上","高中、職","中彰投區","本省閩南人","05","04","01",1,0.655906769,0.000898472596585804,0.000588281112397471,"男性 | 60歲及以上 | 高中、職 | 中彰投區 | 本省閩南人 | 05 | 04 | 01"
"男性","60歲及以上","高中、職","中彰投區","本省閩南人","05","05","05",1,0.655906769,0.000898472596585804,0.000588281112397471,"男性 | 60歲及以上 | 高中、職 | 中彰投區 | 本省閩南人 | 05 | 05 | 05"
"男性","60歲及以上","高中、職","中彰投區","本省閩南人","05","08","01",1,0.655906769,0.000898472596585804,0.000588281112397471,"男性 | 60歲及以上 | 高中、職 | 中彰投區 | 本省閩南人 | 05 | 08 | 01"
"男性","60歲及以上","高中、職","中彰投區","本省閩南人","05","08","05",1,0.655906769,0.000898472596585804,0.000588281112397471,"男性 | 60歲及以上 | 高中、職 | 中彰投區 | 本省閩南人 | 05 | 08 | 05"
"男性","60歲及以上","高中、職","中彰投區","本省閩南人","06","06","01",1,0.655906769,0.000898472596585804,0.000588281112397471,"男性 | 60歲及以上 | 高中、職 | 中彰投區 | 本省閩南人 | 06 | 06 | 01"
"男性","60歲及以上","高中、職","中彰投區","本省閩南人","06","07","04",1,0.655906769,0.000898472596585804,0.000588281112397471,"男性 | 60歲及以上 | 高中、職 | 中彰投區 | 本省閩南人 | 06 | 07 | 04"
"男性","60歲及以上","高中、職","中彰投區","本省閩南人","06","07","06",1,0.655906769,0.000898472596585804,0.000588281112397471,"男性 | 60歲及以上 | 高中、職 | 中彰投區 | 本省閩南人 | 06 | 07 | 06"
"男性","60歲及以上","高中、職","中彰投區","本省閩南人","06","09","04",1,0.655906769,0.000898472596585804,0.000588281112397471,"男性 | 60歲及以上 | 高中、職 | 中彰投區 | 本省閩南人 | 06 | 09 | 04"
"男性","60歲及以上","高中、職","中彰投區","本省閩南人","08","00","01",1,0.655906769,0.000898472596585804,0.000588281112397471,"男性 | 60歲及以上 | 高中、職 | 中彰投區 | 本省閩南人 | 08 | 00 | 01"
"男性","60歲及以上","高中、職","中彰投區","本省閩南人","08","01","03",1,0.655906769,0.000898472596585804,0.000588281112397471,"男性 | 60歲及以上 | 高中、職 | 中彰投區 | 本省閩南人 | 08 | 01 | 03"
"男性","60歲及以上","高中、職","北北基宜蘭區","大陸各省市","03","07","07",1,0.865095264,0.000898472596585804,0.000775901741358159,"男性 | 60歲及以上 | 高中、職 | 北北基宜蘭區 | 大陸各省市 | 03 | 07 | 07"
"男性","60歲及以上","高中、職","北北基宜蘭區","大陸各省市","05","02","00",1,0.865095264,0.000898472596585804,0.000775901741358159,"男性 | 60歲及以上 | 高中、職 | 北北基宜蘭區 | 大陸各省市 | 05 | 02 | 00"
"男性","60歲及以上","高中、職","北北基宜蘭區","大陸各省市","06","05","04",1,0.865095264,0.000898472596585804,0.000775901741358159,"男性 | 60歲及以上 | 高中、職 | 北北基宜蘭區 | 大陸各省市 | 06 | 05 | 04"
"男性","60歲及以上","高中、職","北北基宜蘭區","大陸各省市","10","00","00",1,0.865095264,0.000898472596585804,0.000775901741358159,"男性 | 60歲及以上 | 高中、職 | 北北基宜蘭區 | 大陸各省市 | 10 | 00 | 00"
"男性","60歲及以上","高中、職","北北基宜蘭區","大陸各省市","10","00","02",1,0.865095264,0.000898472596585804,0.000775901741358159,"男性 | 60歲及以上 | 高中、職 | 北北基宜蘭區 | 大陸各省市 | 10 | 00 | 02"
"男性","60歲及以上","高中、職","北北基宜蘭區","本省客家人","07","05","03",1,0.865095264,0.000898472596585804,0.000775901741358159,"男性 | 60歲及以上 | 高中、職 | 北北基宜蘭區 | 本省客家人 | 07 | 05 | 03"
"男性","60歲及以上","高中、職","北北基宜蘭區","本省閩南人","00","10","00",1,0.865095264,0.000898472596585804,0.000775901741358159,"男性 | 60歲及以上 | 高中、職 | 北北基宜蘭區 | 本省閩南人 | 00 | 10 | 00"
"男性","60歲及以上","高中、職","北北基宜蘭區","本省閩南人","02","08","02",1,0.865095264,0.000898472596585804,0.000775901741358159,"男性 | 60歲及以上 | 高中、職 | 北北基宜蘭區 | 本省閩南人 | 02 | 08 | 02"
"男性","60歲及以上","高中、職","北北基宜蘭區","本省閩南人","03","08","01",1,0.865095264,0.000898472596585804,0.000775901741358159,"男性 | 60歲及以上 | 高中、職 | 北北基宜蘭區 | 本省閩南人 | 03 | 08 | 01"
"男性","60歲及以上","高中、職","北北基宜蘭區","本省閩南人","05","08","03",1,0.865095264,0.000898472596585804,0.000775901741358159,"男性 | 60歲及以上 | 高中、職 | 北北基宜蘭區 | 本省閩南人 | 05 | 08 | 03"
"男性","60歲及以上","高中、職","北北基宜蘭區","本省閩南人","06","04","04",1,0.865095264,0.000898472596585804,0.000775901741358159,"男性 | 60歲及以上 | 高中、職 | 北北基宜蘭區 | 本省閩南人 | 06 | 04 | 04"
"男性","60歲及以上","高中、職","北北基宜蘭區","本省閩南人","07","00","07",1,0.865095264,0.000898472596585804,0.000775901741358159,"男性 | 60歲及以上 | 高中、職 | 北北基宜蘭區 | 本省閩南人 | 07 | 00 | 07"
"男性","60歲及以上","高中、職","北北基宜蘭區","本省閩南人","08","03","04",1,0.865095264,0.000898472596585804,0.000775901741358159,"男性 | 60歲及以上 | 高中、職 | 北北基宜蘭區 | 本省閩南人 | 08 | 03 | 04"
"男性","60歲及以上","高中、職","北北基宜蘭區","本省閩南人","08","03","06",1,0.865095264,0.000898472596585804,0.000775901741358159,"男性 | 60歲及以上 | 高中、職 | 北北基宜蘭區 | 本省閩南人 | 08 | 03 | 06"
"男性","60歲及以上","高中、職","桃竹苗區","大陸各省市","10","00","02",1,0.744034786,0.000898472596585804,0.00066732290663476,"男性 | 60歲及以上 | 高中、職 | 桃竹苗區 | 大陸各省市 | 10 | 00 | 02"
"男性","60歲及以上","高中、職","桃竹苗區","本省客家人","03","08","03",1,0.744034786,0.000898472596585804,0.00066732290663476,"男性 | 60歲及以上 | 高中、職 | 桃竹苗區 | 本省客家人 | 03 | 08 | 03"
"男性","60歲及以上","高中、職","桃竹苗區","本省客家人","04","09","02",1,0.744034786,0.000898472596585804,0.00066732290663476,"男性 | 60歲及以上 | 高中、職 | 桃竹苗區 | 本省客家人 | 04 | 09 | 02"
"男性","60歲及以上","高中、職","桃竹苗區","本省客家人","05","05","05",1,0.744034786,0.000898472596585804,0.00066732290663476,"男性 | 60歲及以上 | 高中、職 | 桃竹苗區 | 本省客家人 | 05 | 05 | 05"
"男性","60歲及以上","高中、職","桃竹苗區","本省客家人","05","05","06",1,0.744034786,0.000898472596585804,0.00066732290663476,"男性 | 60歲及以上 | 高中、職 | 桃竹苗區 | 本省客家人 | 05 | 05 | 06"
"男性","60歲及以上","高中、職","桃竹苗區","本省客家人","06","03","05",1,0.744034786,0.000898472596585804,0.00066732290663476,"男性 | 60歲及以上 | 高中、職 | 桃竹苗區 | 本省客家人 | 06 | 03 | 05"
"男性","60歲及以上","高中、職","桃竹苗區","本省客家人","07","00","02",1,0.744034786,0.000898472596585804,0.00066732290663476,"男性 | 60歲及以上 | 高中、職 | 桃竹苗區 | 本省客家人 | 07 | 00 | 02"
"男性","60歲及以上","高中、職","桃竹苗區","本省客家人","07","02","02",1,0.744034786,0.000898472596585804,0.00066732290663476,"男性 | 60歲及以上 | 高中、職 | 桃竹苗區 | 本省客家人 | 07 | 02 | 02"
"男性","60歲及以上","高中、職","桃竹苗區","本省客家人","07","05","03",1,0.744034786,0.000898472596585804,0.00066732290663476,"男性 | 60歲及以上 | 高中、職 | 桃竹苗區 | 本省客家人 | 07 | 05 | 03"
"男性","60歲及以上","高中、職","桃竹苗區","本省客家人","08","03","05",1,0.744034786,0.000898472596585804,0.00066732290663476,"男性 | 60歲及以上 | 高中、職 | 桃竹苗區 | 本省客家人 | 08 | 03 | 05"
"男性","60歲及以上","高中、職","桃竹苗區","本省閩南人","05","05","05",1,0.744034786,0.000898472596585804,0.00066732290663476,"男性 | 60歲及以上 | 高中、職 | 桃竹苗區 | 本省閩南人 | 05 | 05 | 05"
"男性","60歲及以上","高中、職","桃竹苗區","本省閩南人","05","06","04",1,0.744034786,0.000898472596585804,0.00066732290663476,"男性 | 60歲及以上 | 高中、職 | 桃竹苗區 | 本省閩南人 | 05 | 06 | 04"
"男性","60歲及以上","高中、職","桃竹苗區","本省閩南人","05","09","03",1,0.744034786,0.000898472596585804,0.00066732290663476,"男性 | 60歲及以上 | 高中、職 | 桃竹苗區 | 本省閩南人 | 05 | 09 | 03"
"男性","60歲及以上","高中、職","桃竹苗區","本省閩南人","06","04","05",1,0.744034786,0.000898472596585804,0.00066732290663476,"男性 | 60歲及以上 | 高中、職 | 桃竹苗區 | 本省閩南人 | 06 | 04 | 05"
"男性","60歲及以上","高中、職","花東外島區","大陸各省市","03","04","04",1,0.788462913,0.000898472596585804,0.000707170380709686,"男性 | 60歲及以上 | 高中、職 | 花東外島區 | 大陸各省市 | 03 | 04 | 04"
"男性","60歲及以上","高中、職","花東外島區","本省閩南人","03","01","02",1,0.788462913,0.000898472596585804,0.000707170380709686,"男性 | 60歲及以上 | 高中、職 | 花東外島區 | 本省閩南人 | 03 | 01 | 02"
"男性","60歲及以上","高中、職","花東外島區","本省閩南人","08","03","02",1,0.788462913,0.000898472596585804,0.000707170380709686,"男性 | 60歲及以上 | 高中、職 | 花東外島區 | 本省閩南人 | 08 | 03 | 02"
"男性","60歲及以上","高中、職","雲嘉南區","本省閩南人","00","06","03",1,0.643316435,0.000898472596585804,0.000576988873864443,"男性 | 60歲及以上 | 高中、職 | 雲嘉南區 | 本省閩南人 | 00 | 06 | 03"
"男性","60歲及以上","高中、職","雲嘉南區","本省閩南人","03","02","08",1,0.643316435,0.000898472596585804,0.000576988873864443,"男性 | 60歲及以上 | 高中、職 | 雲嘉南區 | 本省閩南人 | 03 | 02 | 08"
"男性","60歲及以上","高中、職","雲嘉南區","本省閩南人","05","00","04",1,0.643316435,0.000898472596585804,0.000576988873864443,"男性 | 60歲及以上 | 高中、職 | 雲嘉南區 | 本省閩南人 | 05 | 00 | 04"
"男性","60歲及以上","高中、職","雲嘉南區","本省閩南人","05","05","05",1,0.643316435,0.000898472596585804,0.000576988873864443,"男性 | 60歲及以上 | 高中、職 | 雲嘉南區 | 本省閩南人 | 05 | 05 | 05"
"男性","60歲及以上","高中、職","雲嘉南區","本省閩南人","05","08","03",1,0.643316435,0.000898472596585804,0.000576988873864443,"男性 | 60歲及以上 | 高中、職 | 雲嘉南區 | 本省閩南人 | 05 | 08 | 03"
"男性","60歲及以上","高中、職","雲嘉南區","本省閩南人","06","00","05",1,0.643316435,0.000898472596585804,0.000576988873864443,"男性 | 60歲及以上 | 高中、職 | 雲嘉南區 | 本省閩南人 | 06 | 00 | 05"
"男性","60歲及以上","高中、職","高屏澎湖區","大陸各省市","05","03","05",1,0.720407171,0.000898472596585804,0.00064613135885322,"男性 | 60歲及以上 | 高中、職 | 高屏澎湖區 | 大陸各省市 | 05 | 03 | 05"
"男性","60歲及以上","高中、職","高屏澎湖區","大陸各省市","07","06","03",1,0.720407171,0.000898472596585804,0.00064613135885322,"男性 | 60歲及以上 | 高中、職 | 高屏澎湖區 | 大陸各省市 | 07 | 06 | 03"
"男性","60歲及以上","高中、職","高屏澎湖區","大陸各省市","07","06","05",1,0.720407171,0.000898472596585804,0.00064613135885322,"男性 | 60歲及以上 | 高中、職 | 高屏澎湖區 | 大陸各省市 | 07 | 06 | 05"
"男性","60歲及以上","高中、職","高屏澎湖區","本省客家人","09","01","00",1,0.720407171,0.000898472596585804,0.00064613135885322,"男性 | 60歲及以上 | 高中、職 | 高屏澎湖區 | 本省客家人 | 09 | 01 | 00"
"男性","60歲及以上","高中、職","高屏澎湖區","本省閩南人","00","05","00",1,0.720407171,0.000898472596585804,0.00064613135885322,"男性 | 60歲及以上 | 高中、職 | 高屏澎湖區 | 本省閩南人 | 00 | 05 | 00"
"男性","60歲及以上","高中、職","高屏澎湖區","本省閩南人","04","07","03",1,0.720407171,0.000898472596585804,0.00064613135885322,"男性 | 60歲及以上 | 高中、職 | 高屏澎湖區 | 本省閩南人 | 04 | 07 | 03"
"男性","60歲及以上","高中、職","高屏澎湖區","本省閩南人","04","09","03",1,0.720407171,0.000898472596585804,0.00064613135885322,"男性 | 60歲及以上 | 高中、職 | 高屏澎湖區 | 本省閩南人 | 04 | 09 | 03"
"男性","60歲及以上","高中、職","高屏澎湖區","本省閩南人","05","05","03",1,0.720407171,0.000898472596585804,0.00064613135885322,"男性 | 60歲及以上 | 高中、職 | 高屏澎湖區 | 本省閩南人 | 05 | 05 | 03"
"男性","60歲及以上","高中、職","高屏澎湖區","本省閩南人","05","05","05",1,0.720407171,0.000898472596585804,0.00064613135885322,"男性 | 60歲及以上 | 高中、職 | 高屏澎湖區 | 本省閩南人 | 05 | 05 | 05"
"男性","60歲及以上","高中、職","高屏澎湖區","本省閩南人","05","06","03",1,0.720407171,0.000898472596585804,0.00064613135885322,"男性 | 60歲及以上 | 高中、職 | 高屏澎湖區 | 本省閩南人 | 05 | 06 | 03"
"男性","60歲及以上","高中、職","高屏澎湖區","本省閩南人","05","10","02",1,0.720407171,0.000898472596585804,0.00064613135885322,"男性 | 60歲及以上 | 高中、職 | 高屏澎湖區 | 本省閩南人 | 05 | 10 | 02"
"男性","60歲及以上","高中、職","高屏澎湖區","本省閩南人","05","10","08",1,0.720407171,0.000898472596585804,0.00064613135885322,"男性 | 60歲及以上 | 高中、職 | 高屏澎湖區 | 本省閩南人 | 05 | 10 | 08"
"男性","60歲及以上","高中、職","高屏澎湖區","本省閩南人","08","01","03",1,0.720407171,0.000898472596585804,0.00064613135885322,"男性 | 60歲及以上 | 高中、職 | 高屏澎湖區 | 本省閩南人 | 08 | 01 | 03"
