"memberId","caseid","weight","excluded_reason"
"37797fe33ec110c9",1,0.239221362395814,NA
"59093cf33f165d4d",2,0.396269021098499,NA
"483dd3b07ff8f4f6",3,0.160637441961464,NA
"6a25d459a8df229c",4,0.662930186065231,NA
"da02c83127b55607",5,1.68363686609251,NA
"f014c4129cd424b8",6,NA,"arear 缺值"
"91fc0d194b25e1d4",7,1.52693927097211,NA
"3f2a0fa4b7302ad3",8,0.967125838124281,NA
"282d7d0e6b9cb6d9",9,0.27846859957378,NA
"1d50936dde771906",10,0.387980802399377,NA
"2a6c641467eefd3d",11,1.23369703917569,NA
"4f308a7bc746648c",12,0.631517405281153,NA
"5a81bfc595f2452f",13,1.56336679128642,NA
"24a445e10eead605",14,0.774978466661725,NA
"6e6bf22e865c9099",15,0.50912306774766,NA
"beb52c68c28efd79",16,0.709694754361709,NA
"05e19809fdbda2b6",17,1.96541366855621,NA
"75943986142dc919",18,0.211577526926908,NA
"0f0c843dd8bb2f5a",19,0.167768823348026,NA
"4bc470bb74fc823e",20,0.251896972762753,NA
"43a39136229029aa",21,0.623974832034253,NA
"2546ac11d64b0229",22,0.623974832034253,NA
"e36992e6dc98d6f6",23,0.557315930091016,NA
"12995ca8460d9c96",24,0.71196506819812,NA
"01204504e8de2067",25,16.6914231585049,NA
"8328a7760b8cab49",26,0.274920853571796,NA
"cd82d55aba5b2bb5",27,0.159336925526953,NA
"e8e0084762f24fcc",28,0.912588148554901,NA
"207edc0e5714674a",29,0.292955393700429,NA
"b10d9fb627e84202",30,0.262883287241736,NA
"2f7f0371a8026c68",31,0.541792619937884,NA
"6606b499900dda59",32,2.17672375152195,NA
"9f45804f3bd46acf",33,1.0038464523175,NA
"a941391525f60a7b",34,1.17351533178653,NA
"5b8b4fa823eb21a7",35,0.398898864264017,NA
"857631c5d2772ad1",36,1.29611819205565,NA
"3fb394f30d14634e",37,0.181105656572302,NA
"d6250da38ca3f225",38,0.901811499739756,NA
"25f21ebe26baee8f",39,0.211577526926908,NA
"85fbfd99d295f526",40,1.02272046874592,NA
"6ef29471a4489a70",41,0.295541317399169,NA
"b74ee5b98fc2b66a",42,0.765258040182503,NA
"d145c31321f0c127",43,0.167768823348026,NA
"819a786016d4ce5c",44,0.305364754936764,NA
"fd2e1d4f632bbc83",45,1.12840991385952,NA
"3d4feb87b6d74971",46,0.72298797815702,NA
"28ef70e801131c94",47,0.480926929175513,NA
"c5a2115dd8c874e8",48,0.914068834284008,NA
"4d38fad90bd3b00a",49,2.3897384888429,NA
"eccb0bcb3a960fe8",50,33.2727325208952,NA
"7480489e33bd5952",51,0.334796617254938,NA
"a9e0155e227343de",52,0.359777448331911,NA
"e41881aa95dacd47",53,0.181105656572302,NA
"69cf1127a2ff126b",54,0.262883287241736,NA
"7af77cc02e399813",55,0.201282406744523,NA
"88c89ed05d419319",56,3.71040758929762,NA
"c81a56f871185aa3",57,0.430199174049638,NA
"d6a856088e50b8a4",58,3.06186861262003,NA
"a204cc8bf610181b",59,0.255875606371014,NA
"9936bede8f40cd5b",60,0.698042896729868,NA
"36577fb3381c8bf5",61,0.268846350365605,NA
"309a2349f07381fe",62,9.47168991336042,NA
"917adb495a03f14a",63,0.305364754936764,NA
"a52d8fb8ede98cf7",64,0.369596879813871,NA
"e493fa4a9c5803a3",65,0.989563877898166,NA
"469f5a02fb7f579f",66,0.939689148041833,NA
"b3c81c8fb7bc6df6",67,1.54544644367897,NA
"20a375d5f3026728",68,0.607453750053574,NA
"fd15ef0ffd3cc379",69,0.430199174049638,NA
"f295a7b8794d8c04",70,0.265537848457461,NA
"f20ccff7a939dc5a",71,1.96541366855621,NA
"c2880fe5a3bd22a1",72,0.955577466387737,NA
"a3f4e35a9c2d0a5b",73,0.774799087603456,NA
"6466645a576fb334",74,0.852617100908211,NA
"a78b7f0dc2edf699",75,0.351743898838314,NA
"e17c3d3724ddb67d",76,0.715662671988973,NA
"43bb7926fe71a6a9",77,0.271650745990852,NA
"1ef3a0a4d881775d",78,0.722831245197221,NA
"b9facd8421339985",79,0.374598184745442,NA
"da844088c22d24d3",80,0.353274876773976,NA
"402c6c9a74f6d313",81,0.482680049431195,NA
"771177b88b423fcc",82,0.662930186065231,NA
"3d9a27a023f11cd6",83,1.50682974460204,NA
"124e844b1cf858bc",84,0.430199174049638,NA
"65e307e39181ede3",85,1.24888553933818,NA
"76b98515a6ba39a0",86,0.246295633637974,NA
"fff14bef0b7dc59f",87,0.275350465629989,NA
"4c3a9ce5c02d0e93",88,0.27541887253286,NA
"e0fa666cbb0f69ea",89,0.206822470312708,NA
"f6f1894fb61b6264",90,0.563438781174125,NA
"9535c031c342ef51",91,1.02272046874592,NA
"50869099098c1a0e",92,0.594297668952001,NA
"9a2d2d106669f915",93,0.216055192078827,NA
"9f81f41ce9f968ba",94,0.364106897751008,NA
"7fa728324bdc0c03",95,0.467414101713955,NA
"5f669b9cb68830b2",96,1.14544655536413,NA
"dddc1fd6561a55fb",97,0.343012714027632,NA
"cb9072a551435ff7",98,0.331273834451248,NA
"eebaa7956941ebcb",99,0.228898807247779,NA
"ce223a64a399be28",100,4.93818550456354,NA
"2a86d6835851513b",101,1.52235946740914,NA
"220127e08cd470fb",102,3.84915007387565,NA
"baf1d8d7af08d5b4",103,0.965035844281908,NA
"bc46458570d6812d",104,0.304933115736156,NA
"fbe48b28ec14817c",105,3.80660412365892,NA
"c0475e48a6ab091b",106,2.45020034254759,NA
"a58d548818aa4014",107,0.211577526926908,NA
"ac31ed930a2cd7b5",108,0.430199174049638,NA
"47d91ab0bde2a52d",109,1.16630388096668,NA
"6aa39270a18ec0e0",110,1.48950642693365,NA
"c82379052c326fb0",111,0.160637441961464,NA
"1806370888b37094",112,0.334796617254938,NA
"10575fb4e5e00c9b",113,2.22528571930764,NA
"a01933a5f5c5bb10",114,0.312791077357331,NA
"a8766b50dd56656e",115,0.211577526926908,NA
"d4b0d74a69348772",116,0.900030148200154,NA
"9eea5843034ad246",117,0.235218360085827,NA
"e53f3495bed3981e",118,0.239221362395814,NA
"3b1931121937e50d",119,0.228898807247779,NA
"0ad71860b3bccb5f",120,0.318253405841265,NA
"feee8942c7515a1c",121,0.567464907782039,NA
"c592f29a6954d428",122,0.642601247345468,NA
"13510f65ca09bf09",123,0.543569201980059,NA
"2ab4f7d336efee53",124,0.268846350365605,NA
"ecc7e3920aa7b350",125,0.529048534129837,NA
"c2207971f5832de7",126,0.454019228165943,NA
"f42e6e013710b840",127,0.308622119854499,NA
"a168ab2d5face1f2",128,2.72244222261453,NA
"fa7f235308ffc2ef",129,0.27541887253286,NA
"805e68ea72744344",130,0.242033437425246,NA
"ab1a25006dbdf1b7",131,0.262062458775597,NA
"ce22268d1b9c5600",132,0.448023673352797,NA
"42424e497ea5c06c",133,0.228898807247779,NA
"876b3167a7c572f7",134,0.361731573575282,NA
"8dac91ce06b38c4f",135,0.361731573575282,NA
"b8856b2e80c2f857",136,1.85703862690928,NA
"15658310b70fd779",137,0.372495387083199,NA
"ab00e183114117c8",138,0.44710994688934,NA
"f3a7b23544464fe8",139,0.360843209212453,NA
"7a149c0468a52f20",140,0.624430122478534,NA
"6e6adfa6b1551f88",141,0.644580724293102,NA
"3abd4c6c4b2a5d16",142,0.743341220242323,NA
"0fd4cb6de8e1daeb",143,0.278704342288902,NA
"c932e0e3fbffaa65",144,0.400772258883061,NA
"6cc51c2eed29f1b3",145,0.251896972762753,NA
"cc8f75a1052e400a",146,0.624430122478534,NA
"7d353abb5ddb3dde",147,0.432485601241964,NA
"048ea43237d7423a",148,0.211577526926908,NA
"634b615928e70b4c",149,2.06743222441906,NA
"7aa33239d2557130",150,1.07152906732297,NA
"53c69d8f869a2b1d",151,0.903588765533313,NA
"d77d285e17a9121d",152,0.239221362395814,NA
"dad9b5560da4da3a",153,0.167768823348026,NA
"7656dd7fcc14dc2b",154,0.211577526926908,NA
"945c6e2f5f5ac6ed",155,0.666163996741027,NA
"c9f229aba5d4df6d",156,1.25532607460479,NA
"306b1a338214151f",157,0.239221362395814,NA
"b98ade89d915b471",158,5.35779876734005,NA
"dccaff6755110d14",159,1.01744161819765,NA
"6f5c83d6c369b6f3",160,0.61299581343784,NA
"5d2ab811e575a3f1",161,0.319234521635394,NA
"6c99dd66fce29390",162,0.35849296511238,NA
"f4d9dc25e4aa0b42",163,0.257834776291862,NA
"68b3172033f78668",164,1.27782158283877,NA
"2da22a2d24ad7588",165,0.914068834284008,NA
"85f18694604b7e58",166,0.334796617254938,NA
"f2240e6aa087e31f",167,0.287510888436464,NA
"0dc5778abca94f1e",168,1.06429506091123,NA
"401bdc54ead3922b",169,9.32440967644006,NA
"c07baac9bf592338",170,0.251896972762753,NA
"9cec01e898c8be09",171,0.364106897751008,NA
"1e223ec35619b83b",172,0.528984171407569,NA
"5cac369a718c9ffa",173,NA,"arear 缺值"
"b6a6f3deb24dcf4c",174,0.391344138773375,NA
"102e89480a0e61a9",175,3.18216381909888,NA
"a3a1fc11fe23e6e6",176,0.299608907802406,NA
"03bb35d67d220609",177,0.211577526926908,NA
"6a0dffbe339b9a55",178,0.430468580137684,NA
"17d6151cd91069e6",179,0.644580724293102,NA
"84715d8951069932",180,0.27680465820131,NA
"572d4b5b40149394",181,0.623974832034253,NA
"05191a3b9a2c29c3",182,0.278704342288902,NA
"95e0cbce14a95e24",183,1.01744161819765,NA
"0a61dcc6208f0970",184,0.724669219453041,NA
"9475f857aa1561a6",185,0.616286196154251,NA
"25bf2a2c3a9b9c8f",186,0.239221362395814,NA
"15059a8af0140719",187,0.257834776291862,NA
"42f607fffbe10ce8",188,0.228898807247779,NA
"0605fc0982383f17",189,0.756268860059685,NA
"4b75e7562628d5f7",190,0.294699887386913,NA
"b8eac0bc1aa904c2",191,0.512547719371259,NA
"03c47272fd3e6c37",192,0.480926929175513,NA
"95c19b4342e75b1e",193,0.321172419668998,NA
"c7d3846af8669b87",194,1.06429506091123,NA
"4163713ab9dbaec6",195,0.563275926391644,NA
"634dd3bc328220ba",196,0.255875606371014,NA
"3483b6cb13912642",197,0.211577526926908,NA
"3d9dcba13e2e2d08",198,0.783837802268266,NA
"3b929aa9534013f6",199,0.597284726880749,NA
"df120f19b69ee59f",200,0.421846902746703,NA
"04e4398e43aa0e9e",201,0.421846902746703,NA
"171ccc73a78706d0",202,3.95526944722433,NA
"d3bb549699ced711",203,0.364106897751008,NA
"a404e0817b071073",204,0.209081963865116,NA
"240f82741d61f037",205,0.296631603619535,NA
"6aa783ba26c15a94",206,0.211577526926908,NA
"8a2b11e5387acf76",207,0.881624914617051,NA
"846efd9f9197059d",208,0.624430122478534,NA
"bc356d5b5bef0f10",209,0.312446649574214,NA
"c670a29290507a9f",210,0.213787236670724,NA
"1c58d898ae37c941",211,0.459635747895674,NA
"04757b1353ecb6b3",212,0.585097259511702,NA
"6e3e2a792da7c058",213,0.655178287201235,NA
"5ead2f4c94184faf",214,0.624430122478534,NA
"34ad7a0bae667711",215,0.278704342288902,NA
"0aadea659160ea26",216,0.397691544703986,NA
"a6d44d92ae3b3eec",217,1.14323078249082,NA
"ad80920636b0f645",218,0.43171951495594,NA
"58825d175ed7f874",219,0.278704342288902,NA
"d801b4d646adb75e",220,0.623974832034253,NA
"6271c9bb24924301",221,0.160637441961464,NA
"25f65ce8cba0de98",222,0.430468580137684,NA
"3b4e9c1ff6d205e6",223,2.28025268469234,NA
"1bcc41d911b097e5",224,0.242237732337191,NA
"96894afae790d5d9",225,2.51554278295395,NA
"ce296f4464b70d47",226,0.167768823348026,NA
"5167f24c20abd72f",227,2.0190584519495,NA
"01a297c6be4bed85",228,0.363066436978908,NA
"ac687418b4b5cced",229,5.14065515382064,NA
"f05ec0d169a1c96a",230,11.3425479210223,NA
"f509bcb7dd6c948f",231,0.719164758160901,NA
"b556cdb8a82c7bc7",232,0.251896972762753,NA
"e75dfcce2bf4e238",233,0.480926929175513,NA
"faf31b1734ecc67c",234,0.351743898838314,NA
"13e407de91d90bae",235,0.167768823348026,NA
"82d515ef47928f07",236,0.59290537945625,NA
"20dd573b82ecccaa",237,0.242033437425246,NA
"d323ac750c7baeeb",238,0.719164758160901,NA
"30bfdec6f796d1ea",239,0.327635676853386,NA
"14fee5676ec2027e",240,1.36637329295192,NA
"c5259935da95d651",241,0.387980802399377,NA
"0069b68a160cf6da",242,0.413853454989211,NA
"c20c5308efd1bdbb",243,0.251896972762753,NA
"e1ee2b70a52d2acb",244,0.34685382826598,NA
"2f94e887fde6ef48",245,0.195882367860654,NA
"9c7f0a3f72f3c9e5",246,1.30672742170792,NA
"8cd02ec3e0281aef",247,0.763950507659691,NA
"2ac5ff72f72c06fb",248,0.766949828535489,NA
"c6df7ac0df99c4a8",249,1.46487156553578,NA
"5792540a7233609e",250,0.167946738498287,NA
"5c7fc73bd2401037",251,0.438429010467738,NA
"ae5c6c2f8e8c6c89",252,0.83657937962946,NA
"d91f2b9036e17749",253,7.99925616487348,NA
"8dec6c2b75986938",254,0.358052166407675,NA
"fa20308ae2cdc102",255,0.335646737331964,NA
"374a09c502c92105",256,0.608694866268793,NA
"c2483ea39bf79812",257,0.528984171407569,NA
"41d2acc29e5f4478",258,0.369596879813871,NA
"22744eaeb2c6856e",259,0.340266727696603,NA
"d4090303564bb05b",260,0.927973520158852,NA
"69331e42f1e44cf5",261,0.989499563740964,NA
"e1be5ced96f73db6",262,1.26600297300392,NA
"ce0fcedcc21fd8a9",263,2.47532852654371,NA
"5d5388cdafbc1754",264,1.26617682437824,NA
"eb3d60c02169379a",265,0.529735800405879,NA
"ad8c91ab440c1b15",266,0.268846350365605,NA
"db38765079b3e1f6",267,0.737202699326615,NA
"c45aa85fe8d5f48c",268,0.364106897751008,NA
"7ba36fee474b1cc9",269,0.320157745804632,NA
"2d95047cb72173fd",270,0.211577526926908,NA
"074bef2aec1962cc",271,0.899420787714913,NA
"1d37cd0c6dc40833",272,0.2834925242628,NA
"64a1ddc048594449",273,1.00581469755254,NA
"83a31dfc7d2b2261",274,0.359777448331911,NA
"714ce07ad3c88ad1",275,1.01029605543258,NA
"47f4293e605cfe86",276,0.805963650569259,NA
"469eb16480336e76",277,0.484476044770337,NA
"e0525bd236b3e629",278,0.406374503523281,NA
"f93f8f44ff51a65d",279,0.320916079127282,NA
"2db4d3834c4fb869",280,0.324551986767192,NA
"ae692ffb8afa2278",281,0.195882367860654,NA
"e38a070fbdb7b7b2",282,3.16221040211703,NA
"afc82eca52c4df47",283,0.408277526627413,NA
"b24ac2b793aea344",284,1.26851981916336,NA
"b17412779d692a0b",285,0.56098238797008,NA
"0633b9b58e326959",286,0.784677073126934,NA
"b69013e7d2192a19",287,1.65863705300834,NA
"f8b1a04c9d3b406f",288,0.748923352122565,NA
"fbee72d741424b00",289,0.428298351069356,NA
"3309699d5cc7da04",290,0.320455174716311,NA
"c1b3b3c79d504801",291,0.268846350365605,NA
"7033dedeecf7e8b8",292,0.996886864759449,NA
"e4ad5e2b6ca969e8",293,0.967125838124281,NA
"ce949ee368971c3a",294,0.213142596151193,NA
"4baa83831a0386ce",295,0.280712336417866,NA
"1b67071ffda69f8f",296,0.320455174716311,NA
"f6792d33f20713d3",297,0.446214077621066,NA
"636ce53ccd50132b",298,0.793532453636709,NA
"6cb33a20fa312dff",299,0.644580724293102,NA
"2a6129ce69ac88e7",300,0.392132349394824,NA
"8cc86c456e04e3fc",301,0.885659328405394,NA
"4d0101cddc92a056",302,0.391689188564934,NA
"54d68cbdb4cf4ac6",303,0.536078969195595,NA
"8f535d2e4efc253a",304,0.559956341012435,NA
"0d4f8177956f97e0",305,0.391689188564934,NA
"e562bfae90bc1eb3",306,0.211577526926908,NA
"a1b619d577399b2e",307,0.624430122478534,NA
"a64c20d4d125db3d",308,2.00762946904648,NA
"1b0c190a36814e31",309,1.01295418368012,NA
"e807cf3021250e41",310,5.27555783312372,NA
"748cb8ee2f0af11f",311,1.58315885844295,NA
"874ef11d08e124fa",312,0.395628612712563,NA
"1ab95e6788d7c8de",313,0.365481632674796,NA
"b6b283e6cccdcd52",314,0.349094350312346,NA
"84282cc1206f45cf",315,0.351743898838314,NA
"13c8f5cc3b0a7cfe",316,0.239221362395814,NA
"831e5e18a4757aae",317,1.4987094005659,NA
"52ed2d53b592bd7b",318,0.331273834451248,NA
"523e7d7a654ffd4c",319,0.234364014821721,NA
"74cf63151894af75",320,0.398898864264017,NA
"16832d718c6283eb",321,7.44269192237597,NA
"649323d2b241d257",322,1.16402192885499,NA
"f6538935d761a39b",323,2.32542321614588,NA
"fa2952afd01b914e",324,3.98923357929312,NA
"b9f769edbcdb8d97",325,0.5508521820792,NA
"d3f7c2bd9ce59b2f",326,0.900030148200154,NA
"8c804f6cc2d4e2c8",327,0.266857281555122,NA
"5a4dd776bc379ed4",328,0.223915687566108,NA
"0866b33c17e0b727",329,0.373163597816338,NA
"4f7f6407307098a2",330,2.42256630824569,NA
"c449de18c25ff2e5",331,1.16402192885499,NA
"2d7e8a119294e4ee",332,1.54544644367897,NA
"d32b50d4dec86b3b",333,0.228898807247779,NA
"9a7571dcb29b5b1e",334,0.211577526926908,NA
"ed499f44269e777d",335,4.09654017787566,NA
"8e13b3745e3fd593",336,0.333173439396583,NA
"9779d595bbecff68",337,0.644580724293102,NA
"5c54de5e89fa375d",338,0.557257619566664,NA
"2cb516be67999016",339,0.320916079127282,NA
"82764ac6ca2a30c3",340,0.501452898918794,NA
"f3fe729756b25770",341,0.403363766411848,NA
"7e9d637b6b1112b9",342,1.01040008804356,NA
"c9997864be59f13b",343,0.228898807247779,NA
"87707eb5b950b330",344,0.30574796465575,NA
"6b7d88791a3a9db8",345,0.915889472934651,NA
"c6e4cc62251fbf58",346,0.292955393700429,NA
"5b13e5027c61e3b1",347,0.571317220882536,NA
"fc735d89c32e30b1",348,0.246295633637974,NA
"341887968564f925",349,2.37425354133952,NA
"eabd52d7d96f20fd",350,0.535237845237973,NA
"746e8a9ef148b951",351,3.08470416207374,NA
"a5595deb487eefc7",352,0.390642356477031,NA
"c707639bfcaa529b",353,0.333884297936512,NA
"5bb4eaefc1eb2127",354,0.292955393700429,NA
"63507f2be9984e87",355,0.191895638992266,NA
"3b3c0ecda4eb9300",356,0.624430122478534,NA
"1115a12381c2d127",357,0.356353405346434,NA
"5328f0a9b455f2d2",358,0.402450547435517,NA
"78e268572dba2012",359,0.624430122478534,NA
"0a46d7835e35ce69",360,1.32264132744051,NA
"6b30fa71a5e1eee0",361,0.268846350365605,NA
"38c1cc1380153170",362,1.25532607460479,NA
"8b7990de50734e30",363,0.228898807247779,NA
"33fb06139e278dfa",364,0.305364754936764,NA
"3e388be23ecc9703",365,1.59498274328919,NA
"3190042b63c7a67c",366,0.160637441961464,NA
"d2604a3cf02ab6ba",367,0.268370121470483,NA
"557a7bfd0808c8a4",368,0.386938348308903,NA
"cec21c39706c811b",369,0.211577526926908,NA
"d75dadb07a3f1ec1",370,0.353227695987305,NA
"8b7b86486d3ad9b6",371,0.130819045809065,NA
"bbb778faf788e1ab",372,0.27846859957378,NA
"e60426b8f99cb355",373,1.11835927219822,NA
"675958e9b2546a6e",374,0.422996552751962,NA
"2160bb087988c56c",375,0.316296535475338,NA
"2b16176104955771",376,0.679110939449953,NA
"aa8c223890cb1f56",377,0.743341220242323,NA
"76e1aa53c837c9af",378,0.528984171407569,NA
"51a3d3ae03b5d77a",379,0.246295633637974,NA
"a490d3660aa92fd2",380,1.00581469755254,NA
"f5f142f0b0dc6f87",381,0.321429386716455,NA
"3ee48f02481445e1",382,0.211805848653011,NA
"121730b34051722a",383,0.471865784323418,NA
"5ac29951de8ea87f",384,0.624430122478534,NA
"2a56784f0d07ff2e",385,0.970916608832792,NA
"0516db906d808a83",386,0.261248882430921,NA
"5f77c00d7c771f8e",387,0.749427275106549,NA
"badb240cbf65fff7",388,0.224743992993192,NA
"f8dc12d92337d0f5",389,0.27541887253286,NA
"5eff340c21bb320c",390,0.321172419668998,NA
"7fd845c13d93eb23",391,0.624430122478534,NA
"800a465bd8da84e7",392,3.04836475174986,NA
"289ef001bfbf06f6",393,0.597284726880749,NA
"fdb86becbd2dca65",394,0.560301045479476,NA
"9c29458210c48831",395,0.312446649574214,NA
"2d86439e80750e64",396,0.268846350365605,NA
"a5bf4e5cabee61a2",397,10.3562602258743,NA
"23d9a0697f7c4cd7",398,1.00581469755254,NA
"5d951e7bb5b80237",399,0.780432705641504,NA
"a518fdc8abd64473",400,0.391370952927065,NA
"bc2adc707733a18a",401,0.57794863482471,NA
"5be05d2f7251c057",402,0.345884789656172,NA
"5ecfc94c4343f6bd",403,0.692032832035718,NA
"afb9e569087798b2",404,0.30574796465575,NA
"504a8ba15d27ab94",405,0.34685382826598,NA
"a2b158af004ba314",406,0.315563529029472,NA
"fee4bc6f807ad61e",407,0.360843209212453,NA
"8679952d86dbe73d",408,0.801745306249461,NA
"e7455443831b4ec5",409,0.27541887253286,NA
"e123d9619284c453",410,0.783837802268266,NA
"795e4d7db19f4934",411,0.430199174049638,NA
"04086e98af4defd7",412,0.437929478065973,NA
"4ee214b04a12234e",413,0.515145596440063,NA
"91de280ce3e2dd21",414,0.886273210645587,NA
"efe679230fa842e0",415,1.17488795150041,NA
"c6114d1e944aebd7",416,0.364836477619851,NA
"afc9c7e45b3cdd9c",417,0.326146807142323,NA
"0084fa7aa08ebf86",418,0.401016029631539,NA
"ce1b871568777ec6",419,0.397691544703986,NA
"6687dc96474f8814",420,0.71196506819812,NA
"0456f952f15ba7f2",421,0.40862955497971,NA
"709b1e699dab451d",422,1.29611819205565,NA
"abd94d1abc579afa",423,0.158371606402708,NA
"fbf4c3196c38d43f",424,0.27541887253286,NA
"6928867b6e66cc2c",425,0.27846859957378,NA
"2c7e6d92554693e6",426,0.333173439396583,NA
"91e1771c2f19cea2",427,0.951511350048939,NA
"6852a6a04eb1f969",428,0.167768823348026,NA
"cef673ea9cae9fb8",429,0.23013326540369,NA
"d3f36fc445f36cbc",430,3.01987169773814,NA
"010a4d210d8aba07",431,0.625868189767896,NA
"2ac1be0c193449d0",432,1.09849626269989,NA
"397c5e116d752af3",433,0.624430122478534,NA
"76b887a2edb12dff",434,0.352803216470106,NA
"a67f3357f53bd5f7",435,1.70941298760026,NA
"cb44e7ac2c101e36",436,0.363066436978908,NA
"6db0a90661bf7d4f",437,0.233390151094993,NA
"419d34712628f33b",438,0.92361219488366,NA
"72c7b82a607c62cd",439,0.316296535475338,NA
"6a2708666edcee99",440,0.217703748680042,NA
"eb2153b9b5dd5571",441,0.59278864227238,NA
"0e853e44d7184aa3",442,0.358052166407675,NA
"33cfebfcf3164e2d",443,0.802202952463913,NA
"1bb2798526ada6c9",444,0.145492959188791,NA
"7da38fcd5d4d254e",445,0.654331826483574,NA
"dd5f5cffb12f2cb6",446,0.438429010467738,NA
"e938373a69489b7b",447,0.268949006331774,NA
"b6ff7252564906a0",448,0.915889472934651,NA
"60355692f31102e0",449,0.228898807247779,NA
"8274e6b9f1a5aa7c",450,0.782562834007276,NA
"e85e22947f029e93",451,0.333173439396583,NA
"f16a8b08632f7ada",452,0.167768823348026,NA
"e234f0cd2122b0b4",453,6.16663772468101,NA
"1f43a544d4b7d970",454,0.268650686114421,NA
"33725166050cb5c4",455,0.538246511674077,NA
"ae27c7311854e353",456,1.88498545798256,NA
"e367691d019b4ab3",457,1.05168925709763,NA
"cedf5a1c062b1f83",458,0.210479464504425,NA
"c8303f23d4e9e865",459,0.283334940684579,NA
"1805bcfc1c54bdb2",460,1.75940142893347,NA
"dcabd45b4b3a307c",461,0.582857738882649,NA
"01408a689b50bca0",462,0.85538677442549,NA
"a2ca09f7e7c84c7d",463,0.235218360085827,NA
"11e2632a2121495d",464,0.783436624029055,NA
"28497786206cfca4",465,0.791207033587007,NA
"994c27fc3cff6bd1",466,0.623974832034253,NA
"fccc542e956f3c5c",467,1.26207399054973,NA
"7f2ab5b3481bd8f2",468,0.209081963865116,NA
"e8d60464e6f188c2",469,0.719164758160901,NA
"3a7917e24a8cf9e9",470,0.268650686114421,NA
"6df446b5c098d593",471,0.558678565529382,NA
"758327566cc680f9",472,0.257834776291862,NA
"8f0d4bfa51f1d47b",473,0.663198592824406,NA
"bfebf1c18eae3a21",474,0.469581838069354,NA
"1f1c8286512471e5",475,0.216055192078827,NA
"7142b4592522088c",476,0.321172419668998,NA
"1cf1912abf34c284",477,0.211577526926908,NA
"9ddb2cd8575a5fc9",478,0.662930186065231,NA
"0402ff98f3a3f1a6",479,1.7012452177213,NA
"3cccba68ccee34ea",480,0.608694866268793,NA
"ba56405d6faf962e",481,0.158371606402708,NA
"6f6354b02be3b8fe",482,0.354174485007931,NA
"501bab22c5c37ae8",483,15.3699155058562,NA
"11136c48c4730453",484,0.799498268118342,NA
"d6de4210f0798afa",485,0.372495387083199,NA
"31539480a57bfa7a",486,2.88673737425588,NA
"ad65f1645e04a015",487,0.701182897725272,NA
"9929745852c14d4f",488,0.27541887253286,NA
"842e60089c153fee",489,17.4681166922093,NA
"fed8a92fa2497c8b",490,0.327635676853386,NA
"a1119c26b945f4df",491,0.421233409387026,NA
"2e5b6e5d7de55c7b",492,0.421233409387026,NA
"ab69de36b8b5de38",493,0.777499360312842,NA
"b58f83e7779b0561",494,0.416993662148187,NA
"ad177124d7d892fd",495,0.655840297741892,NA
"d67a5b951c5e4900",496,0.360843209212453,NA
"36f73feeaeff7f91",497,0.655840297741892,NA
"e5d836fcc1b28a99",498,0.268846350365605,NA
"85b7cb4ddc59e68a",499,0.296007821851306,NA
"b03d4b6248f25c0a",500,0.430199174049638,NA
"10403bb51ccd7350",501,9.12464728797224,NA
"ef7ab1b2f43b017f",502,9.42276829369051,NA
"406c0cad34402217",503,4.89356138150632,NA
"dbcb1b3996b5638d",504,0.438429010467738,NA
"e0c17f5481e2480b",505,0.239221362395814,NA
"4f782105d97f58be",506,0.967096589503186,NA
"ff91d1986c0bc565",507,0.272388538062559,NA
"5374852cfe0b3a48",508,2.19203700517271,NA
"b3f2b46b67a752c2",509,0.278704342288902,NA
"5938707e897d0656",510,0.278704342288902,NA
"6c7137949e846b34",511,0.414093675956398,NA
"b8160ae30cb8f534",512,0.562098925283497,NA
"be294add9ff9189f",513,0.27846859957378,NA
"32505a0a33f10ce5",514,0.594297668952001,NA
"1144de8bf3f43da5",515,0.191895638992266,NA
"af8620471223863b",516,0.239221362395814,NA
"977a5e9459206554",517,0.597032636476084,NA
"e82f21ff6793fb0c",518,0.802202952463913,NA
"09da484144cdb5e2",519,5.60453920811581,NA
"1e50c3d0355b5e96",520,0.441323021490228,NA
"3142e3dbc3552d10",521,1.91903864058703,NA
"5b8cbb7c39380a7a",522,0.467414101713955,NA
"e14c2b69e5ab5c92",523,0.541890945992574,NA
"1e8eddd0efcb52f2",524,5.06267662983096,NA
"2281f4460a3fae69",525,0.376439483015175,NA
"9720851e968f8b3d",526,0.223915687566108,NA
"6986d8812e19ecf3",527,0.287510888436464,NA
"d1834321261fe39f",528,1.28456609692897,NA
"421edba799ac191e",529,0.334796617254938,NA
"5ea92a1d9dc32104",530,0.59441080644521,NA
"355b471a8e0c8879",531,0.715348390215792,NA
"b99725fc8d286a78",532,1.36755202496097,NA
"65aaed8cbdc36996",533,0.623974832034253,NA
"5e995c5c647530c8",534,1.26851981916336,NA
"e32745236dab61e1",535,0.510715152592491,NA
"6b09c37501cf1c93",536,NA,"arear 缺值"
"d6d0f3708e4a794d",537,0.421846902746703,NA
"f44b9db56b03a077",538,0.540781656686748,NA
"579d4f6ddd04e8d5",539,0.298580369998581,NA
"97d25c1c5029eb35",540,0.623974832034253,NA
"e96e81ec64a06690",541,1.89801270800938,NA
"4471d10abb1fd32b",542,5.13019245674595,NA
"1fb6df3a9773ccab",543,0.537569253105328,NA
"6ac0181d4868b6c1",544,0.939689148041833,NA
"429e6c2f371f6253",545,0.597032636476084,NA
"8d3abbd77785cf9e",546,0.810092294585754,NA
"93e399e5fa7ad800",547,0.654787585771001,NA
"dba8c1713e916af2",548,0.272388538062559,NA
"260deb29ac3a581f",549,0.251896972762753,NA
"cc9b0212e372658e",550,0.237792087059367,NA
"b0f49a9e7375bb67",551,0.623974832034253,NA
"c547edd7a5f1dd34",552,0.654331826483574,NA
"cf4e1a1734bfc941",553,0.395628612712563,NA
"29fb4b54254b2689",554,0.209081963865116,NA
"c8f2aac80f38a63f",555,0.357676333914381,NA
"12ce44daf0a0d2e9",556,0.713155034666343,NA
"b4d8caf646c0f250",557,0.624430122478534,NA
"c93a7d5f50cd4e3d",558,1.36466079947238,NA
"49c60770ae7e2ec0",559,1.00872296938773,NA
"c718181613848ca0",560,0.206822470312708,NA
"817d22ab12dff1a5",561,0.939689148041833,NA
"2fa8e4ae4b705cd2",562,0.607453750053574,NA
"97447db6498fbbbb",563,0.167768823348026,NA
"0ad0f4beca910e4e",564,1.19969623803338,NA
"0e6fd8fe789daab2",565,1.25175544167313,NA
"ba953056197ff39b",566,0.839310471790676,NA
"ecd1e02712c84ae6",567,0.885659328405394,NA
"f9f6cf924c17d1b6",568,0.783837802268266,NA
"7015abc79468a198",569,0.766949828535489,NA
"67518785bde0ed70",570,0.362830674467477,NA
"28eac8e356e2a7aa",571,0.430199174049638,NA
"88ec8cf95621e2ad",572,0.623974832034253,NA
"5f57d953a9aad115",573,0.623974832034253,NA
"7526e02a4f014429",574,0.255875606371014,NA
"913ed61c4c8494ea",575,0.668502098582196,NA
"b4e77a7d5f6e4c36",576,1.02272046874592,NA
"e03e70bcdc16ceed",577,0.191895638992266,NA
"33cb51ac7b5ba771",578,0.435547369588627,NA
"0f56213824187e08",579,0.515145596440063,NA
"f566238b90ff98ce",580,0.272388538062559,NA
"2de817e61ee7da6f",581,0.338409659406997,NA
"0afedc469877498e",582,0.260685006606984,NA
"b0959ddb3f3b1279",583,0.546386988934932,NA
"4a40dd88642ef5dc",584,1.76297584151945,NA
"eed27d83781412c8",585,0.418678879490958,NA
"51200317e2f923dc",586,0.262062458775597,NA
"00c427b6db6bbe70",587,0.268846350365605,NA
"43c2df8cd10d4b51",588,0.391689188564934,NA
"623bbcd493f655f8",589,0.246295633637974,NA
"2b4a57d5333376c2",590,0.331333555978776,NA
"00975beef615fb2f",591,0.167768823348026,NA
"8ca8c58593cffb58",592,0.263992381940381,NA
"60209d24c13d6de4",593,0.167946738498287,NA
"eb08c7e7f9e942b5",594,1.00408816275575,NA
"4a57a08cd0ed4ea6",595,1.44692097769532,NA
"27e1b217805e0e12",596,0.59278864227238,NA
"ee5e40a553f261ec",597,0.331333555978776,NA
"41d60d1731634f45",598,0.92361219488366,NA
"f10edab7193ac0f2",599,0.365481632674796,NA
"37d8f7ce0ad1ed15",600,7.07559650237626,NA
"96b77c9e8484b9af",601,4.14546398511433,NA
"121c62ee54e4173d",602,1.86487803811475,NA
"7b2826c6fe26b171",603,4.60577091176158,NA
"f2302eae4283f890",604,0.369596879813871,NA
"24b202c66359dcb9",605,0.535412351087016,NA
"8e356767de50d2cc",606,1.53676070861116,NA
"7473e59977b7bf4b",607,0.362830674467477,NA
"9cbfc21d807a3b7f",608,0.44710994688934,NA
"24a0e66c1107419f",609,0.27541887253286,NA
"cba93ef8bfbfb999",610,0.167768823348026,NA
"2ed65459cfca0905",611,0.120498948002806,NA
"329e9b7dd4ca15a9",612,0.109802610267246,NA
"7ffd042277c2167b",613,4.60577091176158,NA
"7a492f2d8353cf4a",614,0.364106897751008,NA
"2b3cb1594f24092d",615,16.0899414522997,NA
"53254a67babd8d9f",616,0.319234521635394,NA
"9e56f9e047e0dafa",617,1.33687216925629,NA
"78f04040d826445a",618,0.255875606371014,NA
"2d3e0b8195f9e769",619,1.39026629017354,NA
"5414e1af1aae328c",620,0.167768823348026,NA
"302137a2d20f6712",621,0.266857281555122,NA
"4f26f29a4066d3e5",622,0.775323824390143,NA
"dbc3103575c7a1d0",623,1.01029605543258,NA
"f4c74dd7fd45db9a",624,0.160637441961464,NA
"a6f22990dd12eaf6",625,0.354174485007931,NA
"5d14c58f26eb2dd7",626,0.968284968839382,NA
"3f348743dfcb74a8",627,0.467481515539044,NA
"4abb472551b0562b",628,0.353227695987305,NA
"05c033d685d910ec",629,0.56098238797008,NA
"9075e543e019a6cf",630,1.38242520840434,NA
"6357b1dd6247f766",631,1.38242520840434,NA
"abd29273f42911a0",632,0.471865784323418,NA
"c6dc47686a126776",633,0.765767865060704,NA
"0c4bf174eb1d6eec",634,0.567811862202819,NA
"59bcd0b00f7a16a6",635,0.27846859957378,NA
"eb60764c9e6c9a94",636,0.266857281555122,NA
"510a3f3e07374ec5",637,0.251896972762753,NA
"f8cdef9db9a423db",638,0.783837802268266,NA
"5ddef25553bddf12",639,1.55002252003068,NA
"8365da635ac5c650",640,0.430199174049638,NA
"cad942d1d951a14f",641,2.60383174343721,NA
"b59d5106a9e7bb1e",642,0.228898807247779,NA
"b2d781c044f2aaea",643,0.793532453636709,NA
"b4600698103bd7e6",644,0.631312978723305,NA
"8b56e849bad582b7",645,0.756939999324087,NA
"5eb149157929c76b",646,0.34773072656674,NA
"392444b4031d90ee",647,0.333719900072154,NA
"036302e3c2117c66",648,0.725803466867786,NA
"578f33cf14a2cf44",649,0.597032636476084,NA
"0e775fe7c6932705",650,0.483938568192701,NA
"8ee714e808257785",651,6.3069877993735,NA
"cf5025809b26f25b",652,0.251896972762753,NA
"1fad6af05e10d8f9",653,0.296814210042808,NA
"813a3a21cde06edc",654,0.320157745804632,NA
"1beb1c0c55e54d4a",655,0.228898807247779,NA
"f71fb84806fe9e48",656,0.529923908623995,NA
"c608b1a1c5a485e0",657,0.334796617254938,NA
"669da9ba552507ad",658,0.27846859957378,NA
"63c6de7a9fbe2411",659,0.851015708645433,NA
"91a54d5d61460ff0",660,0.321172419668998,NA
"93f90eec44683f46",661,10.3562602258743,NA
"6f97fe182e6a26f6",662,0.54097027454215,NA
"f51509d97d10969c",663,0.967125838124281,NA
"28496be1bcedaa34",664,0.280264543794067,NA
"f32ef707ea4601a7",665,0.646319243253087,NA
"5660d361b30cea40",666,0.268846350365605,NA
"9a8b5383ed81352a",667,0.354174485007931,NA
"9b60fc48db3ea111",668,0.512790690008588,NA
"60627a58aa953992",669,0.56098238797008,NA
"dfd8994b88800b13",670,0.377222427598624,NA
"c1b2e8870cb64b95",671,1.24888553933818,NA
"5f23e9f87849747e",672,0.305364754936764,NA
"f5a50981d801ff26",673,3.08224190848029,NA
"3244c42e070b3aca",674,2.48817828667395,NA
"26d4a852e37b46a9",675,0.251896972762753,NA
"ad0a5dbf6d3c8946",676,0.497028533149855,NA
"56e737c77e537adb",677,1.30293670665036,NA
"57b16b6a80ea95c8",678,0.236226106764761,NA
"3dadd34ed57613ed",679,0.255875606371014,NA
"6b1838e5d0db1c0a",680,1.27246474779712,NA
"33c38b661ed85ffd",681,0.387394188443001,NA
"fbda7c0812eb744e",682,0.728582302788655,NA
"a9b23a41ea70dba9",683,0.469059586198785,NA
"6a9b554e94714d39",684,0.912588148554901,NA
"b15f688f93bb9663",685,1.02272046874592,NA
"1ad2e78d3ea4f072",686,0.27680465820131,NA
"423b26dc278f8141",687,0.732293480690924,NA
"1b36387425afca7f",688,0.802202952463913,NA
"c08875811034a295",689,1.29611819205565,NA
"245ed4e1e46b7d10",690,0.239221362395814,NA
"9c9580f2e32498eb",691,0.268650686114421,NA
"2a65ea09ff59a109",692,0.766949828535489,NA
"6262d8a0014d31a8",693,1.25532607460479,NA
"fe1e64d93c0edabf",694,0.130819045809065,NA
"4911941572abbbd3",695,0.915889472934651,NA
"3358919c37aab91f",696,0.236391046148822,NA
"51df5922ba3d34c7",697,0.349094350312346,NA
"0e729617cbde71c3",698,0.266857281555122,NA
"32d82abeabdff629",699,1.00872296938773,NA
"7c5c658e29707d74",700,0.467481515539044,NA
"9fd9f8f9aa34991a",701,0.662930186065231,NA
"0cc7e1443db2759e",702,0.783436624029055,NA
"968ab2e9fd460944",703,1.15229821346675,NA
"8ec322697711c37b",704,0.275334150477899,NA
"1faee0af35967e96",705,0.24872291540212,NA
"272e0723a2a0040d",706,0.266857281555122,NA
"97452db155094fd0",707,0.659581407914438,NA
"b5e7328026da2bb7",708,0.715662671988973,NA
"16cad29ecb180804",709,1.27754458786982,NA
"04a7a8c3912172d7",710,0.522082290026095,NA
"5dd25e0dbb0516a2",711,0.912588148554901,NA
"4abff869db0b1845",712,0.120498948002806,NA
"17c98948e04e4af9",713,1.04193470943766,NA
"d48bbbe46c34d52f",714,3.20215231851207,NA
"185408114c4ba3bd",715,0.469059586198785,NA
"a99fed8c9752a2fc",716,0.560792960099098,NA
"c57646dcb407c257",717,0.239221362395814,NA
"a83359e16a077b41",718,1.26851981916336,NA
"2ae133454b1839ff",719,1.53035610785835,NA
"5b5950c0257ef8e9",720,1.02272046874592,NA
"ebcc2e76b4bdb004",721,0.646880423291976,NA
"62e300babeb2d6fd",722,0.722364618219658,NA
"2f840c9ac3a0c72c",723,0.27846859957378,NA
"1515c0bd30d9c6b6",724,0.802202952463913,NA
"725755f45db8bd92",725,14.5916894465715,NA
"bb546b284f76b13d",726,0.216055192078827,NA
"707105cc9c9128d8",727,1.99709255525784,NA
"a06d80a6981efe6f",728,0.597032636476084,NA
"a9373aa8f6b59292",729,14.7229068577063,NA
"bf148f6556edf1bc",730,0.360843209212453,NA
"9b92df39a4e25ff5",731,1.05485992523604,NA
"0a8c4d6b8b588887",732,0.387980802399377,NA
"0524fd5bf91c5244",733,0.23013326540369,NA
"8e7d7910cebef3dc",734,0.268846350365605,NA
"a0cb2285e5f5d222",735,0.246295633637974,NA
"a8601d6b690248a8",736,1.01040008804356,NA
"1edbee6211349c05",737,1.03956924023617,NA
"37c335c7e9db7460",738,0.246295633637974,NA
"511f7603e8b4bebc",739,2.40876440811171,NA
"9d94acf253a017c1",740,0.181105656572302,NA
"47937c7cdc43fbe2",741,0.398898864264017,NA
"84f9b0f6d47571f9",742,1.30981017664302,NA
"0565e1da06f12d41",743,0.365481632674796,NA
"f46564bd6a845a43",744,0.507931345382447,NA
"299e71c04a50b9f4",745,0.294476456633711,NA
"4a82ba83780d705a",746,0.443813545589941,NA
"cf5be9c3a34deabd",747,0.493292473298128,NA
"2719add8d9a2f3e6",748,5.0433743636779,NA
"f1c60ca9b416553a",749,0.563275926391644,NA
"a0d4b1511c057926",750,0.646319243253087,NA
"89261fe8ec26d28e",751,0.880332939213794,NA
"03c3b638b5518953",752,1.00763342226651,NA
"140fd6b8dce8cba6",753,1.48553257047306,NA
"3c1d735886f80bf4",754,0.467481515539044,NA
"96b584d55894c82f",755,0.2834925242628,NA
"9f2e7cc87fc468ba",756,0.324551986767192,NA
"917f0b4219205f19",757,1.00872296938773,NA
"427721250e96a7ba",758,0.324551986767192,NA
"0990d5552e175ebb",759,0.795644747122297,NA
"febd2b22e833d33d",760,1.54544644367897,NA
"e36a4ca16ce4608d",761,0.312446649574214,NA
"07478640ca0ad78c",762,0.326146807142323,NA
"4dfe786681aeca2f",763,0.441323021490228,NA
"20a8826af6d8c9a1",764,2.55500344404203,NA
"1512d3d67de88373",765,0.275350465629989,NA
"f07369409b81f482",766,0.27846859957378,NA
"95f477ba3270ddb0",767,0.309233548913714,NA
"271523cebd58299a",768,0.593035846712828,NA
"4db4d4a8e31aa9a4",769,1.1322280883418,NA
"6be024d770d07f1c",770,0.531155530950481,NA
"51fb00768c3341f2",771,0.353017733221187,NA
"4bcd8b99dac49a46",772,0.400772258883061,NA
"fb6f0b9f31863832",773,0.242033437425246,NA
"d61fb09c0b435f9b",774,0.239221362395814,NA
"fbe88bb33f6cca3a",775,2.88880999215512,NA
"c63712a300555fbb",776,1.40565244237607,NA
"3decd64238f384ef",777,0.335646737331964,NA
"bcabdc2fd2ba910f",778,1.26851981916336,NA
"22d06684a5b11616",779,0.320455174716311,NA
"75d84315b50e7fc1",780,0.672837711741827,NA
"ea936f2ee420625a",781,0.949790539866339,NA
"6aea03e0802d6909",782,0.50077833046599,NA
"ef2cbaeb73497036",783,0.454019228165943,NA
"fb3bedf35734f90f",784,5.44054167285211,NA
"eb9717684b2bc68b",785,0.501223070888591,NA
"c096f1109873f33f",786,0.492145877742984,NA
"c46c14b1aacb8044",787,31.3310835550578,NA
"2eada72c368a188e",788,2.40510458503958,NA
"95a5a7949044b644",789,0.715662671988973,NA
"1a723cbd24eddbe1",790,0.372495387083199,NA
"c2cd3419bcd0d4c8",791,NA,"arear 缺值"
"08c9292209c45917",792,0.817259784453354,NA
"cfc89bd3f644f891",793,2.30189256126749,NA
"4745425e7a65a18e",794,0.211577526926908,NA
"2890a17f646f4481",795,0.623974832034253,NA
"b016c23b0fef2dc4",796,0.239221362395814,NA
"8790572bf8e223e6",797,0.268650686114421,NA
"44e276a19dcaa2f2",798,0.512562398214331,NA
"cdd296175826558a",799,0.349094350312346,NA
"72f40a9a01534cc3",800,0.274920853571796,NA
"8b1a3ff67bbfe70b",801,1.00581469755254,NA
"825a0c068c2e142f",802,0.338444244297721,NA
"861ca94745680af2",803,0.313929617321736,NA
"caca471100678b85",804,0.460271402985406,NA
"be5a400810519df1",805,0.996886864759449,NA
"2d885a16c31e9de0",806,0.237792087059367,NA
"a5e5c3bf29b95e91",807,0.353274876773976,NA
"4fbb14dd08c429d5",808,0.71196506819812,NA
"c4770b173a92ff1c",809,0.571317220882536,NA
"a140df23039f9367",810,0.181105656572302,NA
"4289c18cb4f8e1e9",811,0.529048534129837,NA
"3c94fddcfaed224a",812,1.2294774081418,NA
"d21bf293ad33723a",813,0.23013326540369,NA
"713c12a5d3939f3e",814,0.211577526926908,NA
"de291fe98fa5d069",815,0.109802610267246,NA
"3a658cf1a76b3e7b",816,0.365481632674796,NA
"0251ccf9f0612760",817,0.27541887253286,NA
"1b35acd3b8e95ad4",818,0.211577526926908,NA
"996ce82f8e4c7f8e",819,0.71196506819812,NA
"52ef39bd4d47d581",820,0.181105656572302,NA
"1fd2b7b36aa849ac",821,2.87240157681666,NA
"fe85074da36c2a2f",822,0.855075841268463,NA
"1837fb5741500f41",823,0.331333555978776,NA
"5d51cc72943c940f",824,0.364106897751008,NA
"f89c6f7343c1d113",825,0.430199174049638,NA
"1e0ccdf4a6d41b96",826,0.765258040182503,NA
"3695078c89053518",827,0.835439912990852,NA
"3d59f7c96bde162d",828,0.432485601241964,NA
"318b0a1dff461387",829,0.167768823348026,NA
"7c2231d887bdb4bb",830,0.251896972762753,NA
"ecd7931ce634f7b9",831,0.422339473294319,NA
"40733aeec7535d84",832,0.40862955497971,NA
"65a62eabb2788fef",833,0.430199174049638,NA
"707dffa8d1da32cc",834,0.501223070888591,NA
"bb1412d4845e97f8",835,0.430199174049638,NA
"23815bd354d1bed1",836,10.2652804390836,NA
"eb28f9c5d3459b7d",837,1.10544186184239,NA
"f35e60fa4d935185",838,0.422339473294319,NA
"ff744b556f827328",839,0.361731573575282,NA
"2fa03526a301223d",840,0.298580369998581,NA
"207a17e97d4a4b0a",841,0.624430122478534,NA
"cdf2c6554b7de966",842,0.41111003195524,NA
"bd50aef5579614de",843,0.216055192078827,NA
"8f266e131bb9c9ee",844,0.33084462510309,NA
"01c4f5abf04fb96b",845,0.246437204285003,NA
"ba28d821eec7ed59",846,0.320157745804632,NA
"df74765481d0b8e9",847,1.28456609692897,NA
"321f858ea9868829",848,0.862036446778974,NA
"633066586a25dc97",849,0.795644747122297,NA
"fb8c5bffbbaa3f70",850,0.251896972762753,NA
"b24175fce9d3b314",851,0.939689148041833,NA
"8c1e6b8ded847753",852,0.34685382826598,NA
"406979893c34d9aa",853,0.400772258883061,NA
"6930218491ef4cb8",854,0.719164758160901,NA
"8708078bc9e501a3",855,0.191895638992266,NA
"13dd7e06e9ae7b13",856,0.497922764637588,NA
"c5b7af6d9847be09",857,0.191895638992266,NA
"47f2c487187b5e01",858,0.497922764637588,NA
"01a926e9b712ba83",859,0.563438781174125,NA
"dfe227d733974b21",860,0.560573356444916,NA
"bc8498baee067081",861,0.360843209212453,NA
"bd81cbcc7d79da56",862,0.777499360312842,NA
"bd86ef91746d6823",863,0.369866563521425,NA
"68879de308fafde2",864,0.353454654158089,NA
"e8e0f2d2eaf1df89",865,0.296007821851306,NA
"58ec7e992f3cda8f",866,0.211577526926908,NA
"c799a4c7b7493900",867,0.198927728005148,NA
"9465c4f4ac296ac5",868,0.237792087059367,NA
"71aa67dd82972bb2",869,0.228898807247779,NA
"3b256b16231f1518",870,1.02272046874592,NA
"ee10dae86c5e24b5",871,0.392132349394824,NA
"e10f64cc7d59d3fb",872,0.703890469989139,NA
"f17c0d50a1cd6771",873,0.381113678828486,NA
"347384d65961014c",874,0.8983454746744,NA
"a10a3569dc54f90b",875,0.383474720558988,NA
"dc4ce35dbd7bc195",876,0.769708970155949,NA
"ed0ddee906dcef4d",877,0.291717795134588,NA
"65bb335585564ce7",878,0.130819045809065,NA
"5e8d2c89665637cd",879,0.492145877742984,NA
"f146f51338ad2dc6",880,1.26600297300392,NA
"1c9cdf70f92ddd40",881,0.480926929175513,NA
"3ca9baa3850bc162",882,0.321172419668998,NA
"e39200e398ccdc8b",883,4.26085346674797,NA
"9914fd3c97d665b7",884,1.62569231003446,NA
"8f097a1588125d9f",885,0.662930186065231,NA
"b426765df1ea008f",886,1.71613881397008,NA
"ce05ba5b6818bb1b",887,0.206822470312708,NA
"d8b54cb4c7cd2a42",888,0.216055192078827,NA
"3b3f627da187a808",889,0.213787236670724,NA
"25a1b3317c0a3e61",890,2.24758203659645,NA
"4beda4fd3e477378",891,0.211577526926908,NA
"84ba0ecccdef924d",892,0.320440520513633,NA
"92402af1079760e9",893,0.552760075377743,NA
"0aa0c847346d065e",894,2.21304677059233,NA
"f8c8b61414095d8d",895,1.18515591510849,NA
"8f1196281385287f",896,0.721010971058542,NA
"fe8cd77e64e8a844",897,1.20466605821416,NA
"7f23316e40c61706",898,0.159336925526953,NA
"541e9f3eeec8393a",899,0.565813945578845,NA
"d213a0ada038977a",900,0.573142148521542,NA
"d442d1117479ad96",901,0.71196506819812,NA
"054fb0925d33a024",902,0.5508521820792,NA
"bbbc080126d0b677",903,0.624430122478534,NA
"9b937cca0aca26f1",904,0.280264543794067,NA
"0c94896362f6e847",905,2.48817828667395,NA
"92a77e5084a36918",906,0.774611005513666,NA
"6dfa99c855ad5b39",907,0.27846859957378,NA
"cbc898ffb574a44d",908,0.246295633637974,NA
"32708360a415081f",909,0.606572939599291,NA
"55f353bcb93f795e",910,2.46449747058638,NA
"b4e9764525c87f50",911,0.27846859957378,NA
"6095c0e56bb1f746",912,0.291717795134588,NA
"9d03eae6967cd220",913,0.722364618219658,NA
"9151cd2f3c8454de",914,0.430199174049638,NA
"6c1358b517ebab8d",915,0.257834776291862,NA
"da48dcf994b1e099",916,0.312446649574214,NA
"599266d228d7a8bd",917,0.743341220242323,NA
"a4517641b48822b2",918,0.365481632674796,NA
"b2386d4b1eb93929",919,0.623974832034253,NA
"c3b4b4dcb8d74913",920,0.305364754936764,NA
"f126d6ea60b5ba01",921,0.719164758160901,NA
"20ee9557859eb6e1",922,0.292955393700429,NA
"c675b9a7d77b69d6",923,0.278704342288902,NA
"a64936f25a61147d",924,0.624430122478534,NA
"f2a36abbbb495569",925,0.484041519409423,NA
"331fe9a8d67435d0",926,0.624430122478534,NA
"a50d3a8aa2402ae3",927,0.828126024974847,NA
"c81bbc2f94aa6c8d",928,0.206822470312708,NA
"4058d0bc5ecf5e17",929,0.355794372132736,NA
"ea8e8ff2b9951fb6",930,0.663198592824406,NA
"b88289793890518e",931,0.167768823348026,NA
"317c4cc67a8cc2ad",932,0.160637441961464,NA
"92ff4998c1e8b58b",933,0.817316134176697,NA
"9343a4e96cfafbe1",934,0.255875606371014,NA
"e26c4c02f82abc85",935,0.433533222460852,NA
"d9cbabdbdf290188",936,0.206822470312708,NA
"7c213863804de323",937,0.419420584057671,NA
"e918c6b392d286a6",938,0.400330893399254,NA
"b60ed3a98e08044e",939,0.535412351087016,NA
"2d92196589e7f531",940,0.805963650569259,NA
"5f1e084b6c2618e5",941,0.621714825384797,NA
"f9bc39daeb8990ad",942,0.462347801698358,NA
"4270be34043871ab",943,1.06429506091123,NA
"4487abd10bffc2db",944,0.268846350365605,NA
"1dbaa91669f2f148",945,0.236226106764761,NA
"b3ac40fae886eca6",946,1.76297584151945,NA
"d665587d660c289c",947,0.211577526926908,NA
"eb9c986eeba434cd",948,0.353227695987305,NA
"60b28407149107b0",949,15.8478084420456,NA
"22dc9fd3c14d06a5",950,0.762617461440664,NA
"04a309954fe427bb",951,0.242033437425246,NA
"37e8d22203e5cbbe",952,0.251896972762753,NA
"35c9322bdcb129fe",953,1.16630388096668,NA
"7a86e069993bd498",954,0.278704342288902,NA
"6c266c7d8765841f",955,0.27846859957378,NA
"41747fabb409e062",956,4.83045411255733,NA
"f4881331976e8916",957,0.299608907802406,NA
"ef35b88e8ae30721",958,0.390642356477031,NA
"fe475ea90a999666",959,0.216055192078827,NA
"f213b57aa2e2c664",960,1.00742437190221,NA
"d822f19b68e4e2dc",961,2.81573196739129,NA
"c4c440720d6d5d59",962,0.535412351087016,NA
"882c218069025e7e",963,0.436198306936493,NA
"802a27e0a556c707",964,0.306588041345008,NA
"9832c0b5a2ab0809",965,1.16630388096668,NA
"629b670b5f371562",966,1.18422487381152,NA
"137f74edb3193300",967,0.364106897751008,NA
"22a35a7785b44d0a",968,0.280264543794067,NA
"808c3adbde166ddc",969,0.782586967756546,NA
"ab0e52b7138349de",970,0.246295633637974,NA
"f5f728d21eaba2fc",971,0.885659328405394,NA
"912b5981b40e7dd1",972,0.429534648961092,NA
"7050cbb755e72776",973,0.342989270559689,NA
"c50e599a431bbbb1",974,0.199029456519988,NA
"160d6e3c3414db7d",975,1.40127949104877,NA
"b1de578c03a380e0",976,0.701182897725272,NA
"575052c384ac677e",977,0.373163597816338,NA
"69b2bd8e31639c69",978,0.715662671988973,NA
"8369775f3dd23688",979,5.13019245674595,NA
"a854b67ef89563b7",980,1.02272046874592,NA
"3fe5f9614ab33656",981,1.02272046874592,NA
"d7c16b9a4aeb7431",982,0.326146807142323,NA
"bda69404c7080f77",983,5.88367408990915,NA
"8036974cc1efcea3",984,0.35849296511238,NA
"7f8e45c90b8f48fe",985,1.79891961570476,NA
"e0138aacaed1a674",986,0.362830674467477,NA
"9f16892ce36beb22",987,0.844718260578474,NA
"d5e926fdc060c6c1",988,0.268846350365605,NA
"666448313e5d368e",989,0.211577526926908,NA
"7bc61d655bbf06f8",990,0.44710994688934,NA
"c9cfc11c7aee8d8c",991,0.802202952463913,NA
"18a37dd2b2869022",992,0.364106897751008,NA
"3a5b76f8021ad717",993,0.209081963865116,NA
"ef0a22c2077b2700",994,0.400772258883061,NA
"d1e402cc99bf322c",995,0.644580724293102,NA
"1437bf5d4b4336ce",996,0.885659328405394,NA
"f853e46f0024b0fc",997,1.62788519542815,NA
"814c4c972ca14bad",998,1.00067496800418,NA
"b18a5c4e20b8378c",999,0.360843209212453,NA
"220e9bf8af824961",1000,0.899420787714913,NA
"dfe3b269bfc398e1",1001,0.567811862202819,NA
"27976c136317f818",1002,0.206822470312708,NA
"5fcbea12be0ff891",1003,1.25945816392322,NA
"555775c29b247547",1004,0.364106897751008,NA
"82fac20fe62bab6d",1005,0.378231808802218,NA
"f4536c8ee2c21057",1006,0.341854249399516,NA
"a34dd31361bde097",1007,0.268846350365605,NA
"1bfe8f08a1ce5294",1008,0.430199174049638,NA
"13cdb7a5a8f1fba7",1009,1.97245518957641,NA
"c9b4ed02bf98083a",1010,0.722549534678753,NA
"7cd9f33728bd71ef",1011,0.460271402985406,NA
"b43e1af0ad84d744",1012,0.357676333914381,NA
"dc9d0e6e0307dec8",1013,0.373747352418805,NA
"b2b7377baa9518c7",1014,1.39206175797456,NA
"e7d6e432000e77df",1015,0.418678879490958,NA
"9299cc6ce8cb0762",1016,0.316577050051396,NA
"c10dd23d79e3ed5e",1017,0.223915687566108,NA
"1946c4f9b14848ec",1018,17.8267626063871,NA
"ba5b11462ee155e0",1019,1.27597372985995,NA
"56cc7e04bd49ea71",1020,0.424752189288475,NA
"ea6f3b4fff0cb691",1021,0.967125838124281,NA
"a9926d80ea97881d",1022,0.167768823348026,NA
"8b1daf4ca65f26df",1023,0.621714825384797,NA
"e5d8c28de53ffbfc",1024,0.623974832034253,NA
"4f4beff46f75aeb2",1025,0.460271402985406,NA
"556e3674d4db4f35",1026,0.391689188564934,NA
"7090a1f685d04cfa",1027,0.630020385960432,NA
"f7b74bc13d5ead35",1028,0.294699887386913,NA
"d63b22e5c3a4d60b",1029,0.333884297936512,NA
"71dfc435152c7fd1",1030,0.661203988772033,NA
"87531c3318c6e114",1031,0.109802610267246,NA
"0760000c410fc129",1032,0.333173439396583,NA
"01223372dc4b122a",1033,0.771069356748207,NA
"f471acb2f7c06bfc",1034,0.29731355629604,NA
"4f39fa7903eb0aaf",1035,0.624430122478534,NA
"57aa6a560727c287",1036,2.40510458503958,NA
"b32b18e7138c7823",1037,0.802202952463913,NA
"e543eaa97fc7dc3b",1038,3.76645525367544,NA
"ac68c4c3fd690c88",1039,0.242033437425246,NA
"1fc7ff2714203532",1040,0.160637441961464,NA
"ff91346ad705006c",1041,0.40862955497971,NA
"ed9d2fa2e9803143",1042,0.765258040182503,NA
"e223283b0b91b102",1043,0.585097259511702,NA
"2b618ef23d93c66a",1044,0.430199174049638,NA
"a928263c3ae32d47",1045,1.51551306047711,NA
"8749e32c271ce4a9",1046,0.398898864264017,NA
"e7af3acaec31c306",1047,0.353274876773976,NA
"55cedfdb8533a537",1048,1.26851981916336,NA
"0e5d72022d700376",1049,0.167768823348026,NA
"936675ca608d59aa",1050,0.507931345382447,NA
"8e64d03f2e6aa664",1051,1.14986448689102,NA
"6a9514519f14d9db",1052,1.22039264921734,NA
"df9feb515c811668",1053,0.257834776291862,NA
"7a7e90164c6bf122",1054,0.167946738498287,NA
"9a69939fec411734",1055,0.467481515539044,NA
"080bd0c447b91ac6",1056,0.752418288664267,NA
"a0b799ea339ce3d1",1057,0.30574796465575,NA
"b9c97b6658c87b19",1058,0.430199174049638,NA
"b7864a26641b0613",1059,0.280264543794067,NA
"b3d31ef1e291e8ab",1060,0.278704342288902,NA
"ffe33e4346bf8c1c",1061,0.167768823348026,NA
"1f8b618ed339c24c",1062,0.364106897751008,NA
"30679ca41e5db0ac",1063,0.292955393700429,NA
"ed3a2e249dbcdcd2",1064,0.390642356477031,NA
"f0cf89f30d1e157c",1065,0.223915687566108,NA
"14a3b198072c5f09",1066,0.167768823348026,NA
"98ffb2ec8d7cd4d8",1067,0.318253405841265,NA
"09d978a1ec48d048",1068,2.41026832549316,NA
"3d2bb1a95a53e29c",1069,0.246295633637974,NA
"aac58452ed8acefc",1070,0.559864948893895,NA
"7c77cd5733ee3785",1071,0.71196506819812,NA
"76f2c02f1427be2e",1072,0.278704342288902,NA
"e5b58b2fa9b94837",1073,0.439498857313672,NA
"973a0d3baedcd0d7",1074,0.756939999324087,NA
"b9bd3ce435e4b165",1075,0.727870887562814,NA
"94260850eb5a605f",1076,0.239221362395814,NA
"4a61130689a88a9b",1077,0.721532703233177,NA
"d07d59424eee0271",1078,0.321172419668998,NA
"be47666318872e72",1079,0.662930186065231,NA
"39c1a94a4cb611ae",1080,1.13441001568083,NA
"0d2ec57facfe59b0",1081,0.228898807247779,NA
"2239a598ea67ebf3",1082,0.663198592824406,NA
"9ab36ef0d84943e8",1083,0.294476456633711,NA
"52344b6eef4cfcbb",1084,0.255875606371014,NA
"63ad7f27227ba8a4",1085,0.507931345382447,NA
"a2df00ee046b079b",1086,0.251896972762753,NA
"89c2a5ed72d74f5d",1087,0.255875606371014,NA
"4254ea4aec9969ca",1088,0.462347801698358,NA
"347f64bc75bb3187",1089,0.430199174049638,NA
"d1b4e02c5d370529",1090,0.624430122478534,NA
"78d42b43aa0a2dc0",1091,0.683911542682851,NA
"e213f6af91e2a8a4",1092,0.326146807142323,NA
"59f203163ecb16ec",1093,0.50077833046599,NA
"f8be8e3bc11fe8ff",1094,0.434867620862153,NA
"6c95431b3f1bddcd",1095,0.35594160652141,NA
"dca827721f74f249",1096,0.31551860087569,NA
"96311c82bab6526e",1097,0.662930186065231,NA
"62a667216e7e7713",1098,0.309233548913714,NA
"86911ccfd62fbdbc",1099,0.255875606371014,NA
"21608cb5824f23dd",1100,0.340266727696603,NA
"84f862ec1539bf75",1101,0.540781656686748,NA
"e34cd3b596d14c6a",1102,0.257834776291862,NA
"34c1401ff593a586",1103,0.567811862202819,NA
"1f255e4a2ce43277",1104,0.291717795134588,NA
"0fe0f0e486da7a7d",1105,0.369596879813871,NA
"599aaadc40cfd131",1106,NA,"arear 缺值"
"9efc939e84773536",1107,0.362830674467477,NA
"dbd79931c69a6f60",1108,0.469059586198785,NA
"f9a3f50ae540caf5",1109,1.17619616893755,NA
"085e3446db3fe9d3",1110,11.1039028588322,NA
"e5b3867ae3961a46",1111,0.27680465820131,NA
"3c06ad4a7cd12f38",1112,0.719164758160901,NA
"55eca61d3db4a063",1113,0.540781656686748,NA
"b16671ca41349ead",1114,0.211577526926908,NA
"658366f81981aa36",1115,0.624430122478534,NA
"bb4ebbeab7127ea1",1116,0.557257619566664,NA
"6f3266d3b40f9978",1117,0.206822470312708,NA
"c77b446c95fa02d2",1118,0.109802610267246,NA
"f603daf705669271",1119,0.181105656572302,NA
"f14614a593a2b502",1120,0.557257619566664,NA
"c6d99db180f1ae6e",1121,0.167768823348026,NA
"f9bfa914f2f7b5de",1122,0.467414101713955,NA
"ffc4b5d7a481266e",1123,0.471865784323418,NA
"36cf73cfc5e1c740",1124,0.181105656572302,NA
"0c1a2330557e3b6f",1125,0.619217098278753,NA
"f66e2217bc9f4396",1126,1.27835339046757,NA
"d09cc2b1d0f90ebf",1127,0.291717795134588,NA
"acd5c1f0b55f0cc3",1128,0.756939999324087,NA
"a66f89d890bcc7a3",1129,NA,"arear 缺值"
"78f9a717006f518e",1130,0.27846859957378,NA
"0b8123132676f98e",1131,0.654331826483574,NA
"49ef644c662fb56f",1132,0.5508521820792,NA
"5979e92012507038",1133,0.978756471206869,NA
"e4dd42897409e734",1134,0.695664735906269,NA
"4ba9e03fa78ffd17",1135,9.32440967644006,NA
"2c7ef64cd9357b91",1136,1.26600297300392,NA
"12e87ebcb92a15bb",1137,0.597032636476084,NA
"0c76210dd65838ca",1138,0.398898864264017,NA
"2f5610e024a51e0b",1139,0.432843511187305,NA
"29c392fef3334cac",1140,0.239221362395814,NA
"ca8463da04293368",1141,0.27846859957378,NA
"23bfcb415034fb85",1142,0.390453583602653,NA
"2c98475d11d837e9",1143,0.284506660968793,NA
"8bf106feff053024",1144,0.597032636476084,NA
"faef5b87130b755f",1145,0.29731355629604,NA
"2be10a44d3f82396",1146,0.719164758160901,NA
"3f60e76b26e59d85",1147,0.939689148041833,NA
"73b272ba21276016",1148,0.550859243901571,NA
"dea23d65aeb35c65",1149,0.616286196154251,NA
"6049f2b1dc367ba7",1150,2.51554278295395,NA
"98495282b1102087",1151,0.321172419668998,NA
"3fbaf6be5ee677d9",1152,0.349094350312346,NA
"5a0a267b2ab6bcea",1153,4.8526175111365,NA
"df975d041e2e9bc3",1154,0.365481632674796,NA
"eb02400da340b473",1155,0.501452898918794,NA
"7a4902d244123066",1156,0.756268860059685,NA
"697925dd0e43c99f",1157,0.659581407914438,NA
"8a059a0dae29a676",1158,0.291717795134588,NA
"a23a4f63f5d65d7b",1159,0.291717795134588,NA
"819588e5eb5f3f12",1160,0.217703748680042,NA
"6ac25ee47bf15db2",1161,0.888941831731347,NA
"162894cc33edd5c6",1162,0.340266727696603,NA
"b4a68267966f95cf",1163,0.939689148041833,NA
"d4f035d27a0f6564",1164,0.187585034750364,NA
"31822762627e5bd3",1165,0.268846350365605,NA
"24c2b586689d3c4f",1166,0.228898807247779,NA
"8653975b89ea19d1",1167,0.223915687566108,NA
"cc3a626c12b29a34",1168,0.333884297936512,NA
"f7992defcd791aff",1169,0.310026427841203,NA
"1905e7d1e3e80d72",1170,0.63173267477834,NA
"b18541eaa94bad2a",1171,0.349094350312346,NA
"fe4d5c73512e2942",1172,0.775323824390143,NA
"29ea5e221d634112",1173,0.536929121701094,NA
"4d9aadbf08ee4514",1174,0.353274876773976,NA
"06b7438294e4a808",1175,0.719164758160901,NA
"7ab4b1f3ed7c9df7",1176,0.3560113487277,NA
"a74ecfb9c9226883",1177,0.305364754936764,NA
"2edff6acd7d464c9",1178,0.978756471206869,NA
"abfd46af8fd68513",1179,0.321172419668998,NA
"33c7e96325e06e11",1180,2.23793003597705,NA
"7c9eb6797fd15723",1181,0.223915687566108,NA
"7dcda16012e72865",1182,0.662930186065231,NA
"f755e2f1ba1b0324",1183,0.783837802268266,NA
"24983755bf85f18e",1184,0.61299581343784,NA
"0c375d627719125f",1185,5.0433743636779,NA
"fd9a2de6da06f12a",1186,0.528984171407569,NA
"3d650530e6306fb6",1187,1.64801628960158,NA
"3d0b040640bcd1a8",1188,7.46009326307235,NA
"d9b2630038c008de",1189,0.501452898918794,NA
"0bf6b3a96e60a0a2",1190,0.719220933948609,NA
"d628a2c61e1682c3",1191,1.2763892979905,NA
"718a867dc6bc41db",1192,1.26600297300392,NA
"80a09722f5fdb26f",1193,0.606572939599291,NA
"20f1f5a1c8752fe9",1194,0.228898807247779,NA
"4d2b5f3bc52dcc47",1195,1.60989519584452,NA
"c69806b4beb7a4e9",1196,0.838315963545991,NA
"1fd4ff6c0864d29c",1197,NA,"arear 缺值"
"a5ec3a73429efd7f",1198,0.783837802268266,NA
"9f50bcd684d0e3ad",1199,0.357676333914381,NA
"bc13ba9d14287dfd",1200,0.251896972762753,NA
"5d70a9223ff63032",1201,0.287510888436464,NA
"c002e827e62b3e9b",1202,0.480926929175513,NA
"d7ea245c0b9f7408",1203,0.357676333914381,NA
"4a86bcd9a01530d0",1204,1.54037483290475,NA
"cd1d43bb6190ddb5",1205,0.561063585936763,NA
"70306007e1feb07b",1206,0.3117151094358,NA
"72b270db1d879a19",1207,0.546386988934932,NA
"e6f5092d1ad80e20",1208,0.719164758160901,NA
"3cf1a4b2f4d00d7b",1209,1.31526440077655,NA
"18b3c17b0c0e20af",1210,1.86180621404847,NA
"f4156404e38eb2f9",1211,0.228628832998226,NA
"1cf4369c18e8dc37",1212,1.4018500015059,NA
"a4a9241b12364336",1213,0.659339035207942,NA
"74d7355ce2f79780",1214,0.349094350312346,NA
"89afe5c963762ccc",1215,1.26600297300392,NA
"e3f3cac7a5501f7f",1216,0.430199174049638,NA
"12cffbc119f931cd",1217,0.181105656572302,NA
"0eee81dbfd5bf0c2",1218,1.64875878350528,NA
"32decaefffa32cb3",1219,0.939689148041833,NA
"16cd24d0b6bea069",1220,0.737049178866586,NA
"eb634dd675ea2d5e",1221,0.242033437425246,NA
"e3fe1abc335369cf",1222,1.49798034914737,NA
"93c1a2826955a3ba",1223,0.989563877898166,NA
"308d936325716fa5",1224,0.278704342288902,NA
"278e46fd02a217ff",1225,0.316577050051396,NA
"3b8dc32d4a3840a9",1226,1.52693927097211,NA
"42e4125baa6fb667",1227,0.430199174049638,NA
"0c42c7bd282d6449",1228,0.986295161849203,NA
"8a37614b0e352589",1229,0.623974832034253,NA
"35b97f494fee4474",1230,0.557257619566664,NA
"250708a0d65b62a1",1231,1.51510925626029,NA
"93546d5a122fb3ce",1232,0.673955775316063,NA
"1ff1ecb2942daded",1233,0.492145877742984,NA
"3ecaa5029523bd3f",1234,1.68403883129159,NA
"043677c9b0ac1514",1235,0.664336618229579,NA
"af22fda02f9818d7",1236,0.795644747122297,NA
"24964df1e111d772",1237,0.430199174049638,NA
"d507807d3b771963",1238,0.209081963865116,NA
"944cd7af270e1753",1239,0.316296535475338,NA
"8b2cf4f443e54d5e",1240,0.310026427841203,NA
"77087955b1864868",1241,1.34955207373585,NA
"794f8c2b0d8d267e",1242,0.312446649574214,NA
"dff68435b7f154bd",1243,0.321172419668998,NA
"ecfa53ac6620eee3",1244,0.251896972762753,NA
"043e8a628cac8981",1245,0.369866563521425,NA
"3808658b214feb08",1246,1.24888553933818,NA
"d849f11e12c402a1",1247,0.852617100908211,NA
"ab2083921da7787a",1248,0.257834776291862,NA
"d32ebbf97e99364d",1249,0.565813945578845,NA
"2ea82131f23a3393",1250,0.541890945992574,NA
"3e88b42b665e97a8",1251,0.558665711918702,NA
"30f056b96e2c6e54",1252,11.4214517025952,NA
"cfeb3627f3ef1a4c",1253,1.35896878823683,NA
"feaee2b5f31f9d3c",1254,0.228898807247779,NA
"fdab5089c3730495",1255,0.191895638992266,NA
"5628e9e112b5be80",1256,NA,"arear 缺值"
"ca3142c5309425b7",1257,2.30189256126749,NA
"6e171e2fd62c41d6",1258,3.76250242583045,NA
"93d22217e0c81d43",1259,0.291717795134588,NA
"e66eb5db5044db21",1260,0.471865784323418,NA
"09bd36f9d2348fe7",1261,0.460271402985406,NA
"bb1aa5af1ae33068",1262,NA,"arear 缺值"
"990992e6908b2c87",1263,NA,"arear 缺值"
"966c498349d0d2d0",1264,NA,"arear 缺值"
"83610ced3184979d",1265,0.625246252917977,NA
"a05aa378c0aa741d",1266,0.719164758160901,NA
"d4853e9e98beb922",1267,0.5508521820792,NA
"3c76b01bcd9613cf",1268,1.0596384576681,NA
"1715d95e207edf2d",1269,0.216055192078827,NA
"0ddd93682874d2bb",1270,0.816506455035867,NA
"1d3578b1391fddd8",1271,0.471865784323418,NA
"ebea55658abae10f",1272,0.624430122478534,NA
"2867039f00dd46c9",1273,0.492145877742984,NA
"2809080ad0a54479",1274,NA,"arear 缺值"
"42cb0db04212235c",1275,0.908425753314274,NA
"86d00e17c1b78a49",1276,NA,"arear 缺值"
"1ea1377d200cfd0a",1277,0.228898807247779,NA
"68cc063a4220c55c",1278,NA,"arear 缺值"
"cc2d4dbde0fc4ecf",1279,0.408099255714594,NA
"8a2fe45b1da659f9",1280,0.470720290571507,NA
"f316447c8bd6e2dc",1281,0.305364754936764,NA
"f44fce2dc2faeabb",1282,0.326146807142323,NA
"d8e023fbe81ed7d2",1283,1.20062102458982,NA
"4479505912fec157",1284,3.94161988571902,NA
"a4f23d3cee212403",1285,3.92337612181877,NA
"e44e5d8ed78955b3",1286,5.50729624176235,NA
"c52fb2be65895dc0",1287,2.96702978298267,NA
"a1f993dc93481e21",1288,1.88120133197277,NA
"0ba62141a12fce35",1289,0.24872291540212,NA
"65f1747abfc7f7d3",1290,1.88120133197277,NA
"843526d000441920",1291,1.06222769879174,NA
"e48e60222a15339c",1292,1.09247904934059,NA
"962bde6832719a7b",1293,0.373163597816338,NA
"e791157b63a501c4",1294,1.29465794114004,NA
"293c375f0d9f96e0",1295,0.268650686114421,NA
"6952094a20ab158a",1296,0.228898807247779,NA
"70131f6a18fdfdd0",1297,2.2530318596796,NA
"2c31fd0352213fca",1298,0.364106897751008,NA
"8ccc5f13c5862c7c",1299,0.278704342288902,NA
"c073c886f1e94884",1300,NA,"arear 缺值"
"439bed92336d1778",1301,0.783837802268266,NA
"78be1ffa2c51667a",1302,NA,"arear 缺值"
"34ca5ca3d6cc0ccc",1303,0.788861256548857,NA
"2b907b9a4c2632fe",1304,1.27246474779712,NA
"272e44c6e841f443",1305,0.298580369998581,NA
"63233566ce206a46",1306,0.673955775316063,NA
"31b1323ad42ea421",1307,0.303520787541258,NA
"e1b72b0e56feedce",1308,1.0596384576681,NA
"32a246ff2ade3780",1309,1.06101171301304,NA
"b9b42b1476681637",1310,0.109802610267246,NA
"7f098500dd98d088",1311,0.554031074171075,NA
"c0c870dd0bf41bb6",1312,0.563438781174125,NA
"473b9ba8f4a62b54",1313,0.567464907782039,NA
"b0678badc94833e9",1314,0.967125838124281,NA
"495ceb13a585a536",1315,1.04300639386811,NA
"fad0321fce5299fd",1316,0.311868776556506,NA
"0e706ee708e3f434",1317,4.13958443247241,NA
"663a01e85039228c",1318,4.26085346674797,NA
"2a29bcd508ec0524",1319,0.257834776291862,NA
"6c79b6de276b4647",1320,0.353227695987305,NA
"2644d3fdcfe396da",1321,0.630020385960432,NA
"ea4a2dffb6f0e7a5",1322,0.181105656572302,NA
"b28d0479a032290b",1323,0.654331826483574,NA
"1eb3b1de54e5e1ce",1324,0.228898807247779,NA
"e5855ec87184fba0",1325,0.242033437425246,NA
"fa650b2984f51ff2",1326,0.242033437425246,NA
"fb7085888252ffef",1327,0.365481632674796,NA
"967f02288878c75a",1328,1.29611819205565,NA
"8bac2df63b168bf6",1329,0.463033753020703,NA
"67352677f031feab",1330,0.216055192078827,NA
"8bdfdb5fd6833ba2",1331,0.476438943253362,NA
"6fc83bb67e2c832d",1332,0.255875606371014,NA
"01a13853c3bc11ec",1333,0.272388538062559,NA
"fdfddf74be240cd0",1334,0.181105656572302,NA
"04d01ff47df2697f",1335,0.239221362395814,NA
"6605dbb651ad53cf",1336,0.594297668952001,NA
"2ca3fe70f3e3127a",1337,0.334796617254938,NA
"653ac5d641495e20",1338,0.939689148041833,NA
"467af8bdc2f04689",1339,0.56098238797008,NA
"d7b3528050eaf53f",1340,0.766949828535489,NA
"fa7e6e9fa540b874",1341,1.2068811483104,NA
"0e69ae0d2ad20a4c",1342,0.378615093406566,NA
"d60d7212ffc18d93",1343,1.25945816392322,NA
"a3261392c2ace37e",1344,5.13044385762523,NA
"164b5a837406aa6b",1345,0.410429132963803,NA
"427b5c42c055b19a",1346,0.130819045809065,NA
"09403205649ae34d",1347,2.02608578511577,NA
"aaa27defc5888770",1348,0.310137015924928,NA
"67fbb01a0a3b12e6",1349,0.662930186065231,NA
"65cd2a5a1c7c2e4d",1350,0.398898864264017,NA
"67ef4915541a0ba0",1351,0.310266394877384,NA
"f0082cfc13ff2c71",1352,0.305364754936764,NA
"d6bdf7aa587b5a72",1353,0.363066436978908,NA
"2d40a80330bb605b",1354,0.597032636476084,NA
"bc2d41aa3788d13b",1355,1.9752923783723,NA
"4e0138ba19af6409",1356,2.38850795749656,NA
"03ef41499362fd6d",1357,0.35849296511238,NA
"794041d2ee4cd2eb",1358,1.04748078852672,NA
"92e8d02dd9bc6b39",1359,0.517859896784075,NA
"0fa94237ff4136eb",1360,0.766949828535489,NA
"03d46dd20708b26c",1361,0.756939999324087,NA
"f01ad9735ba3f610",1362,0.228898807247779,NA
"d9200d7ed5711e85",1363,0.257834776291862,NA
"078fea94197fd3a1",1364,0.509879034706467,NA
"fca49e6ea33f8729",1365,0.783837802268266,NA
"bbef93da4d75e97b",1366,2.07021524720457,NA
"fd4b513d7d6f9060",1367,0.900030148200154,NA
"135b023de59f3000",1368,0.644580724293102,NA
"ea792bc7f4658926",1369,0.262062458775597,NA
"7852cc8a21ffd7d5",1370,0.216055192078827,NA
"d83e9bf89452c6fe",1371,0.30574796465575,NA
"d0461b34b8fde6b0",1372,0.577098451914243,NA
"c1bcb72f76632573",1373,0.324551986767192,NA
"c4dccf0e27f9bbc7",1374,0.167768823348026,NA
"959bb698701b6dae",1375,0.373163597816338,NA
"cfa610450e019856",1376,0.92361219488366,NA
"553cda89cb368dc0",1377,0.237792087059367,NA
"7891f4e618ea4f1c",1378,0.167768823348026,NA
"9a9634d2e58eeef7",1379,0.479544214084618,NA
"c81bbc2f94aa6c8d",1380,0.206822470312708,NA
"58f3a782216de7a1",1381,0.743341220242323,NA
"a2041ab005382f98",1382,0.235218360085827,NA
"4891c9bfc10fdf31",1383,2.2530318596796,NA
"5f7c0b3d1bef7798",1384,0.278704342288902,NA
"717722a267de4794",1385,0.756939999324087,NA
"0d893c0c82d08047",1386,0.662930186065231,NA
"bfed9c8b773ef0ef",1387,0.395680055764126,NA
"394e11c2df94d611",1388,0.268846350365605,NA
"387bb6b0fc3f7053",1389,0.752418288664267,NA
"da33de0634e58129",1390,0.167768823348026,NA
"2e9511177b11c8c0",1391,3.71040758929762,NA
"344abffc77ca45bd",1392,0.470403131868922,NA
"f77386c02cd73408",1393,0.859454631484525,NA
"9a19dc30b23284d2",1394,0.27541887253286,NA
"5197418b3db109c4",1395,0.783436624029055,NA
"66623c44bcefd88c",1396,0.217703748680042,NA
"c0a4edb5130b9ea5",1397,0.501452898918794,NA
"1d3dc8784f4f9019",1398,1.16402192885499,NA
"a9dd56cf95874886",1399,0.181105656572302,NA
"ae085e317cfa5acc",1400,0.408099255714594,NA
"33002ab49356a608",1401,0.360843209212453,NA
"1fd54a2b84339413",1402,0.624430122478534,NA
"c0758d5cb382d7c1",1403,1.24888553933818,NA
"6fbb4daa5b3f635d",1404,0.414053545288745,NA
"25b536a04b727ce7",1405,0.386938348308903,NA
"e92a4c20625aa27f",1406,0.167768823348026,NA
"10d9d7b77a9ad0ab",1407,0.321172419668998,NA
"e48e014e9456b17b",1408,0.550859243901571,NA
"ba6f0e2c04b92f24",1409,0.309233548913714,NA
"a8b62e87216ec180",1410,1.67531240955968,NA
"cd67411528d8a59f",1411,0.430468580137684,NA
"c4c82150378798b1",1412,0.438429010467738,NA
"44e91bfff4381a25",1413,8.69265287351959,NA
"8b1c556c1e81aeb6",1414,1.76297584151945,NA
"c9ae023cb8be79bd",1415,0.206822470312708,NA
"0872fbcafec643f9",1416,0.313929617321736,NA
"49d5bb7e432efd67",1417,0.513282810682038,NA
"0d2b7d80e7fc46e0",1418,0.737202699326615,NA
"f94b3f3ad3a5aa90",1419,0.626794073825693,NA
"c20b4ac29b8953c2",1420,0.586815228862932,NA
"47d4d58cfa82f860",1421,0.425415687199263,NA
"25deab2fb3bb8fcb",1422,2.37425354133952,NA
"12456da3c61539c4",1423,0.597284726880749,NA
"61add7522cc9af29",1424,0.509764093408007,NA
"6a16fa0b2fa0e622",1425,0.680861317012969,NA
"96271f58b4f829fd",1426,1.07152906732297,NA
"f6ff42ce37567671",1427,1.26851981916336,NA
"79fd552866ae03e3",1428,3.8556804324725,NA
"ab926678afc3a996",1429,0.659581407914438,NA
"74ebb6b909817708",1430,0.262883287241736,NA
"b1c1f631b59bc68f",1431,0.390453583602653,NA
"652607c3b6cefe29",1432,2.32033796348978,NA
"6dc55ef644482ca6",1433,0.571317220882536,NA
"e5273ed686614840",1434,1.00872296938773,NA
"52a0046d1063da50",1435,0.782827643040939,NA
"65a14e1ab15c76d4",1436,0.878286572707319,NA
"5c37f6bc7855e43b",1437,0.268846350365605,NA
"0bfb27403334b0da",1438,0.130819045809065,NA
"ac18ea395d6e8bd9",1439,0.212442250012013,NA
"efe161b99481595f",1440,0.239221362395814,NA
"a49c0cc30a866263",1441,0.469059586198785,NA
"b1d778c4a4f6a3c6",1442,0.34685382826598,NA
"3ba641e404448e67",1443,1.24494302197643,NA
"b008dfe26ededd56",1444,0.697534747332586,NA
"ee7619d3e3364710",1445,1.47293710155679,NA
"ffefd089996d48d9",1446,1.27246474779712,NA
"7315371d5eb343b1",1447,1.34394623906262,NA
"cfd2774159150017",1448,0.353227695987305,NA
"20cd58d390ffb837",1449,8.47059002457263,NA
"4dfe786681aeca2f",1450,0.441323021490228,NA
"e1288a05a3db7e5c",1451,0.27541887253286,NA
"e54774a273ea5242",1452,0.463225732343572,NA
"426438fb0bae2146",1453,0.27846859957378,NA
"93f7ec97c123d6a3",1454,0.56098238797008,NA
"601f1e39ab94c8b1",1455,0.442233531064339,NA
"0b67751782062acc",1456,0.756939999324087,NA
"c9062ded88caac48",1457,1.21338535303303,NA
"e8b534a1c368f036",1458,0.34685382826598,NA
"450179de28b88f34",1459,0.663198592824406,NA
"80f1b806287684da",1460,0.434978481674822,NA
"c1d9cc974b5c6b6c",1461,1.66692475369984,NA
"26937b0f3816b4e3",1462,1.00581469755254,NA
"b93f94b09c5af637",1463,0.663198592824406,NA
"dc7d6febfb6781cf",1464,1.25532607460479,NA
"5e5bb07e34709794",1465,0.880332939213794,NA
"35539f4994f36be7",1466,1.68363686609251,NA
"e3700eddb0629736",1467,2.03737655103894,NA
"034a05ae58e67998",1468,0.909119599239048,NA
"4c06edec4dfb9156",1469,0.27846859957378,NA
"b4b3073b65205b27",1470,0.522999824509112,NA
"e9bd6ea91eb5f092",1471,0.410709488410993,NA
"a25e2806affa75b2",1472,0.561063585936763,NA
"39887c61d35718dd",1473,0.263992381940381,NA
"c3ac22e17242771c",1474,0.266857281555122,NA
"8b029b22d6086c6c",1475,0.783837802268266,NA
"39a01e1cfdacbff9",1476,0.42254829667743,NA
"500746e8242a13a8",1477,0.345593079083577,NA
"83a6c41084068b72",1478,1.81844561250596,NA
"58cf563d1919916f",1479,3.80036161272745,NA
"81d3be5148b716fd",1480,0.206822470312708,NA
"95f88a588792cf74",1481,0.321172419668998,NA
"20ac9adcb6861354",1482,0.737202699326615,NA
"26b34085a2691319",1483,0.535412351087016,NA
"cb9648540029da46",1484,2.28025268469234,NA
"8933358e0fe87b4e",1485,0.748923352122565,NA
"1ecacdc079f89111",1486,0.44710994688934,NA
"c12c11149a268a62",1487,0.671588596239371,NA
"c133d43a350c8625",1488,0.400785712450523,NA
"86fccc6002d5f4da",1489,0.27541887253286,NA
"7b8a8589c78af514",1490,17.4681166922093,NA
"c3c8a0d85a41a622",1491,0.517859896784075,NA
"7638ec5bb0e7f2d2",1492,0.324551986767192,NA
"ac496008dd4bd51c",1493,0.671132416437717,NA
"3dda812cdef21fe9",1494,2.36967666430818,NA
"f98efc7550bf16c4",1495,0.418962231256406,NA
"73bed3ac9e210a20",1496,0.515145596440063,NA
"6962d2519a244ca8",1497,0.616928316589718,NA
"c5a0e29a096d6346",1498,0.239221362395814,NA
"9006d10703c4a86e",1499,0.365321290421129,NA
"0da3a45304150cef",1500,0.145492959188791,NA
"b4bba3ae1322fee2",1501,0.364106897751008,NA
"4483cd22f73ffbe7",1502,0.528984171407569,NA
"189a8a361d64b778",1503,1.5698534975375,NA
"2399611a36ec6a7a",1504,1.28456609692897,NA
"73c180daaf2d7f97",1505,0.292955393700429,NA
"415dd46971d59234",1506,0.57794863482471,NA
"360662b0719757ea",1507,0.369596879813871,NA
"8ee287280f9e2d4d",1508,1.28133584452144,NA
"8c1329e1d5ee22a2",1509,1.36637329295192,NA
"c0e5ce8dd4f7bd9f",1510,0.340266727696603,NA
"d7562f7260cfe3d6",1511,0.316296535475338,NA
"3023ac03ea4f5278",1512,0.239221362395814,NA
"462b6bfd29923d11",1513,0.412803479354408,NA
"2d51865ae41a3afc",1514,0.30574796465575,NA
"a145477aefcd9faa",1515,5.58278625275632,NA
"1a60b4c69b7da567",1516,0.654116310030292,NA
"6dcdc86a72a9580d",1517,1.36637329295192,NA
"27b09e268719f27e",1518,0.71196506819812,NA
"9439321336540ac0",1519,0.27846859957378,NA
"8fe2d2e290c36555",1520,0.756939999324087,NA
"814dc1306fc0ab3e",1521,0.826011441455054,NA
"83b88857a7854fe7",1522,0.707010683687181,NA
"09ed1c535e36c268",1523,0.310026427841203,NA
"8d9421dca5ffb7fe",1524,0.513815691835974,NA
"ba55dfae463f2b93",1525,0.239221362395814,NA
"1cce0b4fd72ed291",1526,0.557257619566664,NA
"086b9415cd54bbc8",1527,0.37985790527596,NA
"87b4328aa3785362",1528,1.12840991385952,NA
"d888c2e28be508b0",1529,0.693961747689976,NA
"f216b6a0316f0dcc",1530,1.82818454511594,NA
"5077591a140cbbea",1531,0.538246511674077,NA
"0de2e12d44e9b753",1532,1.2068811483104,NA
"66524dc349dadbcf",1533,0.315563529029472,NA
"daf62bed0b7c0373",1534,0.242033437425246,NA
"aa2aa194d9172377",1535,0.612751711110652,NA
"a74fac12fa862954",1536,0.885659328405394,NA
"1ec0678af9951498",1537,1.96541366855621,NA
"b7f5d4e7706db78e",1538,1.31743560228617,NA
"dd2b8c4eec7d5d14",1539,0.209081963865116,NA
"c5cebd29c53e9afa",1540,1.18460743547348,NA
"e2fde0292f954350",1541,0.30574796465575,NA
"873befcd087373cb",1542,0.90025014914199,NA
"ff91d1986c0bc565",1543,0.163254970576795,NA
"a592deeca120de96",1544,1.17488795150041,NA
"37d3bb8885ef975d",1545,0.353227695987305,NA
"1cfac42acf0ea548",1546,0.775323824390143,NA
"f181ce3ecb49e9ac",1547,0.160637441961464,NA
"79b2e98d5d571e90",1548,2.39907623789284,NA
"0c1cd475f5329002",1549,1.06347327086782,NA
"34f20bacc1353aed",1550,0.305364754936764,NA
"3bce9f241d0ed71e",1551,0.268846350365605,NA
"af37549c39f63a47",1552,0.502879116587391,NA
"9fdf7b77c0102843",1553,0.978756471206869,NA
"d53366ecae7fa5ce",1554,NA,"arear 缺值"
"f0e1aa31fef32845",1555,1.89801270800938,NA
"0b4fca266a55a99e",1556,0.305364754936764,NA
"64db2609dc5f19b0",1557,1.88151979476155,NA
"3ed786e1779fd233",1558,0.395952435788057,NA
"df3a76c43b15b7ea",1559,1.52693927097211,NA
"a5cd64658beb6b48",1560,0.480200013419917,NA
"d60861338dac417c",1561,0.315563529029472,NA
"40fb79607aa883ce",1562,0.211577526926908,NA
"0fb31dfd7dd0178c",1563,0.251896972762753,NA
"a64559dadff66d37",1564,0.799891691420783,NA
"55faaac1d6d2ed58",1565,0.352803216470106,NA
"b72a3f55e0cfa542",1566,0.400330893399254,NA
"99107a48c0ee4c25",1567,1.07152906732297,NA
"293b8f7430315b5f",1568,0.398898864264017,NA
"25aeb4d033d71551",1569,36.6755080328181,NA
"8f0b83f9b20296d6",1570,1.55813715992605,NA
"a6f41bd1236d6f35",1571,0.886404231560863,NA
"95f477ba3270ddb0",1572,0.309233548913714,NA
"d3cbb09ba2cd1db0",1573,0.268846350365605,NA
"8d14c4de7e74a878",1574,1.68810868582653,NA
"967431d3b2585f2d",1575,0.235218360085827,NA
"5ad3177a2d2c5470",1576,NA,"arear 缺值"
"1e88dae8772a0941",1577,0.914068834284008,NA
"071fb0d096f9b6b8",1578,1.26103564401826,NA
"0e4ee40fdebf7c78",1579,1.18460743547348,NA
"01ce21a27d19fd1d",1580,0.567811862202819,NA
"20ee9557859eb6e1",1581,0.292955393700429,NA
"226f84a7249bf357",1582,0.737117048065345,NA
"c648ddcd8ce6dfd7",1583,0.662930186065231,NA
"b57d2f366ef87e76",1584,0.391370952927065,NA
"528a5f3c5992a569",1585,0.469059586198785,NA
"0021dfb8930e4e39",1586,0.784677073126934,NA
"76ba45787091b3b9",1587,0.927343144559974,NA
"6fa9b624aff13077",1588,0.639644801983829,NA
"d9d4d0a9e2eed013",1589,1.11408694975972,NA
"675958e9b2546a6e",1590,0.422996552751962,NA
"8dafffcfb7faefaa",1591,1.09849626269989,NA
"081d9c0e89d7731b",1592,0.268846350365605,NA
"2f3fcd84e027cd82",1593,0.268846350365605,NA
"269035ae2fd342e5",1594,0.766949828535489,NA
"f3af26c061f7568b",1595,0.659581407914438,NA
"1a3a6996da3d7e94",1596,0.642601247345468,NA
"4787d387c3f1d8d2",1597,0.557131934487142,NA
"5b3bfc2a73063fe3",1598,NA,"arear 缺值"
"9cfd73c0cbdcdce1",1599,0.27541887253286,NA
"3ba1c213c188ae80",1600,0.939689148041833,NA
"cd32dc2e3f0ad264",1601,0.489540132580104,NA
"e572d89211e1e61c",1602,0.795644747122297,NA
"42294a4806c60f6d",1603,0.3455789990469,NA
"f7e3a06a818efe41",1604,0.3455789990469,NA
"aaea522bfd9d8eea",1605,0.392132349394824,NA
"280f3779e756b837",1606,3.80660412365892,NA
"df6e5c57c16bbac3",1607,0.74971498025951,NA
"8f121ec24eb9b8c8",1608,0.900030148200154,NA
"ed500d4d88fdd464",1609,0.369596879813871,NA
"b9bcaf97123f1f57",1610,0.30574796465575,NA
"94fa6b6e0f306205",1611,0.642601247345468,NA
"135176d1239f5173",1612,0.56098238797008,NA
"b2fdfcb74d67b3bc",1613,0.756939999324087,NA
"d519d9151b87a611",1614,0.611236002236929,NA
"039f9ef12671a81d",1615,0.239221362395814,NA
"4a6287935b9eadf5",1616,1.01335996090346,NA
"625cb25701faf2df",1617,0.775323824390143,NA
"34787be46433364c",1618,0.501452898918794,NA
"793564882b5d41f9",1619,0.914068834284008,NA
"d240a5f64625dec3",1620,0.239221362395814,NA
"5cb04d11da1a2dd2",1621,0.209081963865116,NA
"d34b1155c7efce3a",1622,0.407577459694893,NA
"347551703e9b2032",1623,0.800830224812986,NA
"16ae5103053dfbe2",1624,1.97245518957641,NA
"7f8d1f1c2324df1b",1625,0.298580369998581,NA
"c26f7b735f8557ad",1626,0.557257619566664,NA
"5be5a4d1a487a165",1627,0.167768823348026,NA
"c44758d8941d1bc9",1628,1.49798034914737,NA
"63f7e5a43316846a",1629,0.268846350365605,NA
"0889c46797478449",1630,0.40862955497971,NA
"af3fb1a8aa7c3171",1631,0.512790690008588,NA
"824a52b193fe7955",1632,0.181105656572302,NA
"0e9d4487c5ca9e23",1633,0.257834776291862,NA
"fc9e1012cfa06570",1634,0.568245787512305,NA
"e276cf61ae85baa8",1635,0.906616018814318,NA
"c15ecac2977e047c",1636,0.597284726880749,NA
"6d3218504495cc26",1637,0.528984171407569,NA
"7f9762408798da37",1638,0.756939999324087,NA
"f06f5d8bd41523d3",1639,2.70275589595953,NA
"b0692ac1e546fe9b",1640,0.530123375342023,NA
"54878054ac9ca5f3",1641,3.20938254413783,NA
"c9a7391c3d3d7ff6",1642,0.228898807247779,NA
"a12c944eeda56c07",1643,0.198927728005148,NA
"a6528216dc58d674",1644,NA,"arear 缺值"
"b12d73f16265fc91",1645,0.574535369630134,NA
"38dc04e1e7cfa12b",1646,0.398898864264017,NA
"c164fd7368338163",1647,0.722549534678753,NA
"08768c6d53409aee",1648,0.268846350365605,NA
"d50c58cdbc80a405",1649,0.291717795134588,NA
"fa86dfcfdb25d384",1650,0.737191560997003,NA
"157d408b9e2d2eb8",1651,0.56098238797008,NA
"ec8e03966f2a5839",1652,0.71196506819812,NA
"bda577b1fdf7d839",1653,3.45926980072244,NA
"98da1cac2374c068",1654,0.335646737331964,NA
"a107f3e21b29fac6",1655,0.467408899908748,NA
"d47f5b91bd58f1d0",1656,0.280264543794067,NA
"e1b68a7dcfb5e4c2",1657,0.406141760215281,NA
"c83de584640e2e00",1658,1.25945816392322,NA
"e987ee9c83cba38d",1659,0.438429010467738,NA
"7e7c427912a4bf65",1660,0.839310471790676,NA
"18d8ad87ea29b409",1661,0.704444298677766,NA
"0afb85d3b9e69dda",1662,0.623974832034253,NA
"aa8532338ff96604",1663,0.623974832034253,NA
"d3b1c45a6937022b",1664,0.237792087059367,NA
"7c19d521b60a487f",1665,2.73937539232513,NA
"615d586eb1370b6b",1666,0.275350465629989,NA
"02da868686b25e69",1667,0.597284726880749,NA
"98016f75f46a0802",1668,1.60989519584452,NA
"60696f4afcc24af9",1669,0.43171951495594,NA
"2f5fcd2aec767eda",1670,0.624430122478534,NA
"36022c8b661dd6fa",1671,2.14935168904222,NA
"5605be8a341a2376",1672,0.167768823348026,NA
"2c21f9f9b95a35a3",1673,0.748923352122565,NA
"f2c576ccbbf305d6",1674,0.484476044770337,NA
"f1887bb40f2257cb",1675,0.721532703233177,NA
"abf896dc1dcf6eba",1676,0.719164758160901,NA
"c538fb0c22db7534",1677,2.13330695052531,NA
"1d92c44a9197d852",1678,0.34773072656674,NA
"da5a62841e10257a",1679,0.353017733221187,NA
"b05f73fc61e24ca7",1680,2.33942735124393,NA
"72f13399d04eb340",1681,0.546386988934932,NA
"71a8849e00c3f7b2",1682,0.655178287201235,NA
"c0a2239ecbb434d9",1683,1.06429506091123,NA
"ebe1327a7b7b902f",1684,2.51554278295395,NA
"4bc226cb5b2a785c",1685,0.27846859957378,NA
"2f0b9a1d1eff6807",1686,0.460578505680422,NA
"1bc0bbfb8f769dae",1687,0.912588148554901,NA
"e6bde9974bfa7969",1688,0.360843209212453,NA
"0adaef2051b20c46",1689,1.01295418368012,NA
"0a26dc5a51ad7007",1690,1.54456514066648,NA
"2fd1b65cdc8cad8d",1691,0.597284726880749,NA
"c0a03c8608fe51c1",1692,0.268650686114421,NA
"a479865269819834",1693,0.494444543111052,NA
"045a5d5ffc131f81",1694,0.294699887386913,NA
"b4e5a59ad32f296d",1695,0.859505560664246,NA
"36d461c968ff30b3",1696,0.311868776556506,NA
"046afed000d7d3c5",1697,0.683911542682851,NA
"6dbe92880fef5f32",1698,0.257834776291862,NA
"4daddbf2e2c4a73e",1699,0.771069356748207,NA
"a4034c3b2de53120",1700,0.257834776291862,NA
"1eaf263b4cb55230",1701,NA,"arear 缺值"
"85ea5f3b73c65266",1702,0.903588765533313,NA
"fd7c85bb4f40c79d",1703,0.160637441961464,NA
"c736d3603e9fcd69",1704,6.86956357982634,NA
"5e79e66884d49645",1705,0.167768823348026,NA
"d81e66a31f51be46",1706,0.719164758160901,NA
"cf492bf2236af5d6",1707,0.584840621700394,NA
"2b42bb40ccbe3c41",1708,0.390453583602653,NA
"55bfecfd90b4b0b0",1709,0.430199174049638,NA
"7ededc25c05eaa58",1710,0.257834776291862,NA
"645ab7cddcf0e7f4",1711,0.310266394877384,NA
"ba8dc0aa84e57cf7",1712,1.06347327086782,NA
"69be48388f4f3724",1713,0.333173439396583,NA
"a9a884f737423594",1714,0.268370121470483,NA
"8072675ae2ee8ad1",1715,2.62257513789095,NA
"59bfbb19e7fc9f5b",1716,0.27846859957378,NA
"294601c6696fc78a",1717,0.761183571038128,NA
"6901957405fa156b",1718,5.68205926180414,NA
"9c62b756b9b5cfeb",1719,0.278704342288902,NA
"249575ae3506d00a",1720,0.352803216470106,NA
"a15db8c048369385",1721,0.428298351069356,NA
"6ef86a3f45f926da",1722,1.21725266580791,NA
"884dc23da78e22fa",1723,0.777724736141233,NA
"dedc3ac655d265d9",1724,0.228898807247779,NA
"6a90c067dbfabb4e",1725,0.900030148200154,NA
"a79dbb7937f845a8",1726,0.865808196102143,NA
"370833f331ead858",1727,2.01424594161618,NA
"0b0e46d60313fb79",1728,0.912453170012317,NA
"a30c7550845e5de3",1729,0.356353405346434,NA
"e0f7e7d6667777be",1730,0.672837711741827,NA
"7d59d3b43757141f",1731,0.430468580137684,NA
"46f5f80f55c146bd",1732,0.320916079127282,NA
"dc829b15aa16f46a",1733,0.310266394877384,NA
"5b8ba60fbd768abe",1734,0.268846350365605,NA
"9fdf600ccafe94f5",1735,0.316296535475338,NA
"20fea5592abfded3",1736,2.81220319389236,NA
"78124fb0944bbff9",1737,0.762125879821398,NA
"20b034f3160f5cb0",1738,0.275350465629989,NA
"f3a74b039d03b6bd",1739,3.4456729486739,NA
"6b58f64766f9999e",1740,0.185189693852277,NA
"b2a49abcc1eaa5bf",1741,0.571151159104491,NA
"2d7e8a119294e4ee",1742,1.07152906732297,NA
"e1bc91aad4d6d4f3",1743,0.211577526926908,NA
"74dabf709c5524c7",1744,0.24491232648478,NA
"66e3a745b7ee4833",1745,0.278704342288902,NA
"ab6ce86139b8e87b",1746,15.9557163709229,NA
"6a684b9d73d5095f",1747,0.321172419668998,NA
"df67d4cdac3bc5a8",1748,0.50077833046599,NA
"6158143ae75b48f6",1749,0.700146561773591,NA
"8e0bbff50e2b7a60",1750,0.397691544703986,NA
"115b4d7319c166e8",1751,2.02608578511577,NA
"21fb3f77de8cc7ba",1752,0.109802610267246,NA
"fd56db71d71a9777",1753,1.27262422600841,NA
"4090185334bb7957",1754,0.536929121701094,NA
"7fd96fd42e1e4406",1755,0.623974832034253,NA
"d8b5c8b49154ccbc",1756,0.295541317399169,NA
"298968b7ccd070eb",1757,0.558665711918702,NA
"7b9b65fdc8f0bcf9",1758,0.295541317399169,NA
"cf07ac78a1993bba",1759,0.386938348308903,NA
"40ed5d83e45ebcd8",1760,0.298580369998581,NA
"64a7f06423cf9bac",1761,0.793532453636709,NA
"23c2bde16a2fb4ef",1762,1.3832168145851,NA
"23cee3d06a8c7417",1763,1.15283747862701,NA
"d8cec3d1961a4e22",1764,0.630384022950968,NA
"a0b176efd164baf4",1765,0.27541887253286,NA
"36a7988685b00d54",1766,0.859505560664246,NA
"daf1826607f3202b",1767,0.291717795134588,NA
"dc4c14a8a1af1af1",1768,0.722549534678753,NA
"9224958033507626",1769,0.769708970155949,NA
"a42b3584d082863f",1770,0.189547363879383,NA
"a760175013c86679",1771,0.408277526627413,NA
"e2b7de8e591a6325",1772,0.321541387137502,NA
"e29af0f2db828263",1773,0.321541387137502,NA
"a6d278d001bc9701",1774,0.237792087059367,NA
"d05e25a5bd8b0e76",1775,0.310137015924928,NA
"7517e6830a9f4350",1776,0.167768823348026,NA
"a60cfdf9ce6a3584",1777,0.361731573575282,NA
"967332701e97a8d3",1778,1.04413422954093,NA
"08ecc47d413583bf",1779,0.429534648961092,NA
"dd85b10d1604e59c",1780,0.278704342288902,NA
"beb5586582f0b2aa",1781,0.167768823348026,NA
"1e34cf2257ce2987",1782,0.430199174049638,NA
"2461cfa1d172ef0f",1783,0.311868776556506,NA
"0babe1ce0dc77dd5",1784,0.766949828535489,NA
"cd12d3171c581a71",1785,0.320157745804632,NA
"186687acf410e85b",1786,0.584840621700394,NA
"891059a92fde5bb7",1787,0.211577526926908,NA
"7e88f9609bebd313",1788,0.242033437425246,NA
"17c4446b1de130d6",1789,0.939689148041833,NA
"b3b9c43f39f01a4a",1790,0.826796322107409,NA
"4822ddf2867ed991",1791,0.255875606371014,NA
"db7cb62dd8628d1c",1792,0.167768823348026,NA
"b6ef33a51522e228",1793,0.774799087603456,NA
"576e851ea5fa60a1",1794,0.466584870645645,NA
"6cf24b67ab2fd7ad",1795,0.714704429301991,NA
"a11e17d9e8690e1b",1796,0.242033437425246,NA
"0024f284d6d025f2",1797,0.310026427841203,NA
"bec89a1b22e1f9bb",1798,1.50682974460204,NA
"2921d097d0e3ec95",1799,0.167768823348026,NA
"98f674fee11a9222",1800,0.633075675327346,NA
"ea12236e03c1b6c2",1801,5.16895450926538,NA
"a67e44484ab52a6e",1802,0.470403131868922,NA
"2fa56f5f20b0dd3a",1803,0.364106897751008,NA
"b5f9332c0e8aa29e",1804,0.869153419276343,NA
"6a0b56c8502f2575",1805,0.597284726880749,NA
"aa8152e39555cee9",1806,3.72902098154871,NA
"baa97e82f232b8af",1807,0.92361219488366,NA
"6b79e05433ba9089",1808,0.494444543111052,NA
"fe0c682d3d5b234d",1809,1.09688629277845,NA
"f8663c13966d9c4b",1810,0.563438781174125,NA
"339235e60b805a88",1811,0.266857281555122,NA
"d7cde13721a10a4d",1812,2.34080835080371,NA
"a7753346b88126ab",1813,0.283334940684579,NA
"c13865b081b1e6eb",1814,0.623974832034253,NA
"20a162bfdeedf291",1815,0.570307673245578,NA
"9a8e2a5fbb857258",1816,0.430199174049638,NA
"3ae62ad2533d9575",1817,0.390453583602653,NA
"fbe9390b3e6df397",1818,0.353274876773976,NA
"79a92af51eb7c15e",1819,1.05309588207728,NA
"ee8e71c9b42a9838",1820,0.737191560997003,NA
"a62d01d3595faea2",1821,0.206822470312708,NA
"5e73105065d92d2b",1822,0.783436624029055,NA
"29550f7728995cc5",1823,NA,"arear 缺值"
"f858fd0b1e510595",1824,0.756070595576011,NA
"ead1cea817ac82f8",1825,0.657628960985423,NA
"f2a6a53aba92bae7",1826,0.280264543794067,NA
"b54fb7cbdf694d86",1827,0.429534648961092,NA
"0c1654352d59c2e8",1828,0.59640040445645,NA
"eed64bada958e8e4",1829,0.570307673245578,NA
"fbe6beb0b082d76f",1830,0.365481632674796,NA
"9c26c1133c3cbebe",1831,0.383474720558988,NA
"7c42c78aba261274",1832,1.30369723176825,NA
"876e2b45a052b4bd",1833,0.360843209212453,NA
"9b84170f02e7931a",1834,0.913692143775382,NA
"302568057ea7df11",1835,0.978756471206869,NA
"cc7e3e570360f059",1836,0.492145877742984,NA
"40ffb4d40e7730fb",1837,0.167768823348026,NA
"b6ab3049d7474ada",1838,0.27846859957378,NA
"0e9b409436ad6749",1839,0.223915687566108,NA
"8a04ed7b38dffb1d",1840,3.84915007387565,NA
"196fc0c9f0db2d89",1841,0.305364754936764,NA
"a28a5a9e5fadedcf",1842,0.53743186038884,NA
"c30a4770252efacb",1843,0.321172419668998,NA
"90044932fd6800fc",1844,0.914068834284008,NA
"546d6484826fe238",1845,0.268846350365605,NA
"591b32082ac835a6",1846,0.410429132963803,NA
"1bb4d9ab1903e740",1847,1.68363686609251,NA
"b937c511537019ad",1848,0.310026427841203,NA
"713338b0ea6c3724",1849,0.536078969195595,NA
"c93ed2d505f9649e",1850,1.36466079947238,NA
"1b15e2fe724334e7",1851,0.343012714027632,NA
"47e9ee4cef4b92db",1852,0.228898807247779,NA
"b5ba55036adc8e97",1853,0.42254829667743,NA
"86ba8edae85ae129",1854,0.80826935794679,NA
"be1bb059b022b808",1855,0.600567126380647,NA
"7e2e195a82676039",1856,0.713155034666343,NA
"cabf56088efc676e",1857,0.266857281555122,NA
"cdf175fd0e2104f1",1858,0.655178287201235,NA
"9cd9574781621452",1859,2.91416683217843,NA
"ca48851361718f6c",1860,0.360843209212453,NA
"38762719f90628ea",1861,0.463033753020703,NA
"668cf651b473849a",1862,1.53142072686182,NA
"42e734764ffa8498",1863,0.914068834284008,NA
"08473836a3ff3a23",1864,0.517859896784075,NA
"c9d4355898ddbe1d",1865,0.756939999324087,NA
"2e299d4fa2a7eff6",1866,0.349094350312346,NA
"d1d0f50884f69d5e",1867,0.390642356477031,NA
"5269066bdedd3136",1868,0.782827643040939,NA
"43e8b36b14872b17",1869,0.414093675956398,NA
"17dbe41bd3c47d94",1870,0.989797326027544,NA
"66ccf2616f25f57c",1871,0.211577526926908,NA
"c3ea06a3a91ae561",1872,0.324551986767192,NA
"835dedafda21afe9",1873,1.39026629017354,NA
"1b31e6d56df8bde1",1874,0.719164758160901,NA
"f0596720c87ee05c",1875,0.351537113027042,NA
"f5af63787ff37345",1876,0.324551986767192,NA
"d38087c8e3d2388c",1877,0.198927728005148,NA
"8ca80a45e1966cbf",1878,0.198927728005148,NA
"49164ea48cfaeb3b",1879,0.467414101713955,NA
"bf5314fb6f7efcf1",1880,0.802202952463913,NA
"cfafecdd3e5aee71",1881,0.236391046148822,NA
"b652d272fe087a2a",1882,0.631312978723305,NA
"aa26af3b98421246",1883,0.410429132963803,NA
"08c57b456b96b7b3",1884,0.209081963865116,NA
"35b784435842fd3a",1885,0.167768823348026,NA
"ab0014517869e245",1886,0.912588148554901,NA
"9688618e5559e5f8",1887,0.228898807247779,NA
"b429f65a27fe6f64",1888,1.22937832074679,NA
"0a828539d35418f1",1889,0.623974832034253,NA
"cd0f74d959a54157",1890,0.395427414747987,NA
"e950f2cc43047519",1891,0.390642356477031,NA
"9280ae285fb09ded",1892,0.430199174049638,NA
"cb6cc70e5abd2a70",1893,0.390642356477031,NA
"c3cf42ca8c18ea4b",1894,0.326146807142323,NA
"8a674b96b8244dac",1895,0.334796617254938,NA
"d392ce74589b3d90",1896,1.42217290540816,NA
"477f1222b5a947a2",1897,2.86416132120648,NA
"38ea1f9c50b4e355",1898,0.408099255714594,NA
"f888396e8f6df57a",1899,1.15201199060097,NA
"776306d732f27061",1900,0.719164758160901,NA
"41e45f4f71e53f00",1901,0.497028533149855,NA
"9fa78a88097e67ad",1902,0.211577526926908,NA
"d988d2c20eb896a8",1903,0.216055192078827,NA
"4133fcebde081c3b",1904,0.334796617254938,NA
"98c90cf64879f961",1905,0.291717795134588,NA
"668dca925f5bb315",1906,1.20062102458982,NA
"679b85e8d9f4636c",1907,0.484961286769887,NA
"3f7d64d37f883067",1908,0.848241987720947,NA
"b878775f8c64ec40",1909,0.228628832998226,NA
"7800d01794a3315c",1910,1.51571147467204,NA
"eff70293f17b0abe",1911,0.783837802268266,NA
"bb92c18ad7393e31",1912,0.72481574264193,NA
"54fc18819b29e234",1913,0.443813545589941,NA
"4f2ff04b8c7584c2",1914,0.310266394877384,NA
"79becf9fe0a4e449",1915,0.469059586198785,NA
"dec4020d7552299f",1916,0.631517405281153,NA
"dc256d1f0dd7afd4",1917,0.849533948090151,NA
"3b22ef463bb86447",1918,0.460578505680422,NA
"ff2159d7edb9bb16",1919,0.167768823348026,NA
"7c8dc6ffecdb04ee",1920,0.211577526926908,NA
"a690656c17bf1c08",1921,0.715662671988973,NA
"74592b26418fe2f9",1922,0.360843209212453,NA
"d74d744af6aeedd6",1923,0.364836477619851,NA
"a74f241a459c476f",1924,0.460253533977165,NA
"5637dfabd24a2b8d",1925,0.109802610267246,NA
"71f556251581499e",1926,0.257834776291862,NA
"2d04bb867ead459f",1927,0.268370121470483,NA
"22c874b94034b2ed",1928,0.319234521635394,NA
"084691ccd112b188",1929,2.46449747058638,NA
"72084250a366f141",1930,0.886404231560863,NA
"1517ab477b70071b",1931,0.357676333914381,NA
"554ff7a4e20ef014",1932,1.25532607460479,NA
"fe83a332bf921ba8",1933,3.61949666202402,NA
"fcf75e2266538013",1934,1.62531657409244,NA
"eb248e281ebb3802",1935,0.320440520513633,NA
"21bf457e3a5c785c",1936,0.71196506819812,NA
"be6a30d1fa337e7a",1937,0.265537848457461,NA
"a4bdba6841104569",1938,0.420268783176062,NA
"e391fa6c80f61707",1939,0.709694754361709,NA
"caaecc9a3bb35008",1940,0.396269021098499,NA
"c1c2d4edad7f9d66",1941,3.88940832452029,NA
"e06a9c01c4fc1324",1942,0.763986794581925,NA
"592ec19e8c581268",1943,0.211577526926908,NA
"ec0abf0a7810dec2",1944,0.484476044770337,NA
"abcd09cb238ffce8",1945,0.216055192078827,NA
"432c9cc499d919d9",1946,1.3888604503976,NA
"4eac7e312da7ec37",1947,2.73920164820787,NA
"4dc9eff5b8631fa4",1948,0.484476044770337,NA
"9c94522ef56f55a8",1949,0.482680049431195,NA
"ae33bd797381a8ad",1950,1.63680171084991,NA
"ffc38846277db488",1951,0.375743700651107,NA
"208c815f02af188e",1952,0.181105656572302,NA
"7fd273479488080f",1953,0.421846902746703,NA
"8c26697c3ebf9c65",1954,3.01987169773814,NA
"dbecab6f55ed2673",1955,1.56222048498232,NA
"cbda2bf3a0540f05",1956,0.857032823936556,NA
"a916eabe107978fc",1957,3.50121712012636,NA
"89a60001d48a0534",1958,0.430199174049638,NA
"6f2a2115162c9677",1959,5.35779876734005,NA
"7f56f400b4ff5028",1960,0.27541887253286,NA
"9a05a20e1aa38b3e",1961,0.216055192078827,NA
"54dccf1ca6bb3d9c",1962,2.91416683217843,NA
"4d92eb27d1bc5876",1963,1.51924876955851,NA
"38ac333b2af6749c",1964,3.1464412506136,NA
"4b6b72189d1412c7",1965,NA,"arear 缺值"
"3846e92ba30b49af",1966,1.55238720143952,NA
"ff1d73b976eda1ef",1967,0.163254970576795,NA
"ce597fddd56ca5a5",1968,0.278704342288902,NA
"a8628b1d350405e8",1969,1.01295418368012,NA
"2e4a3735982b2ae3",1970,0.522999824509112,NA
"e6bbdd40094699a6",1971,0.391689188564934,NA
"486e1abc3cd1669e",1972,1.1193377780392,NA
"0fb9dfe45849af7c",1973,0.321429386716455,NA
"e93ec9bac9d2ea3d",1974,0.702132291818183,NA
"62a181401adee33f",1975,0.428298351069356,NA
"4456944e8541fe5b",1976,1.28456609692897,NA
"88eea79862e826a3",1977,2.13330695052531,NA
"61e04c8b9ddaf81b",1978,1.06222769879174,NA
"f2c3dccf7431ae65",1979,0.362830674467477,NA
"11dcbddb6a5cf209",1980,0.716916550315804,NA
"85dcff6823557b2a",1981,2.17672375152195,NA
"026ecf482b5c1f85",1982,3.23292582899698,NA
"584612ece37907d5",1983,1.26998573875722,NA
"474b3f35d61054da",1984,0.278704342288902,NA
"273391deec573ace",1985,0.408099255714594,NA
"9fb0f98cc3125cda",1986,0.348287697568116,NA
"1a32647bf3331235",1987,0.885659328405394,NA
"3e225fca3c5a8c8b",1988,0.421233409387026,NA
"5217519d08870871",1989,2.91113979156663,NA
"4852ed13d02b20f6",1990,3.76250242583045,NA
"fe919072d534057e",1991,1.14986448689102,NA
"5f78dcbca43caef9",1992,6.3069877993735,NA
"e278ac5b8ba789da",1993,0.978756471206869,NA
"7bcfdf4dc59b2167",1994,0.387980802399377,NA
"a2f47ffe8917eeb5",1995,0.392664270418987,NA
"fcbd2a2502cb95c8",1996,2.37425354133952,NA
"fa52357b9e38a1dd",1997,0.209081963865116,NA
"8883d49e6d1d0b7d",1998,0.659581407914438,NA
"3031853ef9fd25dd",1999,0.673955775316063,NA
"44fbb16eb9dfc739",2000,2.02304047111942,NA
"da7fd53231e85ede",2001,1.02037977688784,NA
"6cd7857a4742a968",2002,1.16818382506874,NA
"15c2cec36de7aa34",2003,0.27541887253286,NA
"83b3aaacbb348d33",2004,0.30574796465575,NA
"73fc001e26cd99a8",2005,0.237792087059367,NA
"f4069877670f6f87",2006,0.927343144559974,NA
"843f0b927860a947",2007,0.211577526926908,NA
"0a28e80ed146d2b8",2008,0.255875606371014,NA
"c7f31fdb43bde450",2009,15.3699155058562,NA
"9d9080aff5f1f21c",2010,0.228898807247779,NA
"3ad9fe54fde58295",2011,0.517859896784075,NA
"bbcff31afd757022",2012,0.278704342288902,NA
"c166127cfa91cc3b",2013,1.09247904934059,NA
"c786c8e0ae810074",2014,0.342989270559689,NA
"b7f18d5911e616c5",2015,0.890926321163849,NA
"caa6f233254247f9",2016,1.4192921241112,NA
"2cc2c851ef67758f",2017,NA,"arear 缺值"
"71d2a8a86a08ff98",2018,0.435547369588627,NA
"9d04b4851f05b9e7",2019,5.13260867381574,NA
"71e7a4b850eb3cd7",2020,0.331333555978776,NA
"f217a126c00401f6",2021,0.242033437425246,NA
"7c460b493960b21a",2022,0.430199174049638,NA
"63d7e44515ac20c1",2023,0.901811499739756,NA
"dedb93b12eaecdea",2024,0.35849296511238,NA
"70013e218a700a99",2025,0.396269021098499,NA
"4c94d77c610f57c8",2026,0.185189693852277,NA
"dd296fadd2338317",2027,0.980692736267266,NA
"332151cb1abb428a",2028,16.0899414522997,NA
"966d909ba4265156",2029,0.223915687566108,NA
"1fafc7840e55f3f1",2030,0.257834776291862,NA
"e7238f773ff3e5e3",2031,0.731197696793461,NA
"d96e46eb6979be23",2032,0.691474218280887,NA
"391b1748742bdc12",2033,0.213459315257434,NA
"398b817d6ebec689",2034,0.242317934646925,NA
"86781820963c9843",2035,4.5818050463485,NA
"5b77b6f6460c51a0",2036,2.32834100793102,NA
"5eea8d2efd2cac13",2037,0.597284726880749,NA
"4a652a5af566b98c",2038,2.27650903327862,NA
"674d056d9c3a5ae7",2039,0.763950507659691,NA
"e4ffb517ab43735d",2040,0.211577526926908,NA
"dd34debc0b2eab5d",2041,0.550859243901571,NA
"c4f5a18abbe6d826",2042,0.559980912200392,NA
"3d8fcfaa7fdd5fe5",2043,1.16630388096668,NA
"5b327c62a4601f95",2044,0.30574796465575,NA
"b17a1add10047088",2045,4.40330123290941,NA
"a5d1bff4b0d79841",2046,0.312446649574214,NA
"8155a3de9b148471",2047,0.509378764921537,NA
"2af58067fd324704",2048,1.88151979476155,NA
"11381bd08a43aedd",2049,2.2152585384817,NA
"9fd6564d817ee4c6",2050,1.19280440404731,NA
"a7ab4ebfa97e7728",2051,5.0083682280072,NA
"3b1b31ca0101030e",2052,2.14246418117447,NA
"dd5d8d05c9a21f61",2053,2.13330695052531,NA
"93c8c6b0fe478fda",2054,2.03062275130369,NA
"c64abcacb08d6f8d",2055,0.421846902746703,NA
"70ef2c3a1c00cacb",2056,0.29731355629604,NA
"560f4557db9292e3",2057,0.914068834284008,NA
"d82b65a531ce6a72",2058,1.15201199060097,NA
"39d29b0c8a383035",2059,0.784677073126934,NA
"3553690f9cd5a2fa",2060,0.414093675956398,NA
"387262ec58846e95",2061,0.298580369998581,NA
"6c8c72bbdd9279d1",2062,0.255875606371014,NA
"a8093749e8404a82",2063,1.02216872580999,NA
"814f6f777e72df44",2064,1.16371288490101,NA
"9ec5838cdd771300",2065,0.233390151094993,NA
"ddcff1ccfcf3076e",2066,0.419236071661588,NA
"11f59eb65cbcbaa3",2067,0.584840621700394,NA
"0218acec330eef46",2068,0.216055192078827,NA
"e0e152acd28a422a",2069,0.265537848457461,NA
"917d48f9b38e88c8",2070,0.211577526926908,NA
"dcb4bfc59817e481",2071,0.885659328405394,NA
"8b2977bfe09cabb9",2072,6.73411502093323,NA
"a34b3a7c29d85881",2073,1.66818379057609,NA
"9de2d6fa72a03576",2074,0.251896972762753,NA
"f18f3d740afbdbb1",2075,0.292955393700429,NA
"780617b37d0eaf7e",2076,0.654331826483574,NA
"a24b679e612b519a",2077,0.662930186065231,NA
"40365a1d72cf8e37",2078,0.493292473298128,NA
"2c491797d1642685",2079,0.664868629131235,NA
"2da0e9d2197c5352",2080,11.7301199890146,NA
"123edf061bf3027f",2081,0.42254829667743,NA
"49c737267ab2b8a5",2082,NA,"arear 缺值"
"c473dcd29bd9da86",2083,0.413853454989211,NA
"1e311db650ffa3c8",2084,0.945225971057307,NA
"5b08982f8e0e7a84",2085,1.52693927097211,NA
"9589b4e1f0cf1aab",2086,0.777499360312842,NA
"a85d135a7efe0ac4",2087,0.387980802399377,NA
"4154e35eba34beb4",2088,0.211577526926908,NA
"509d9deed443a9e5",2089,4.24867976365434,NA
"d14960120cf2f0e6",2090,0.130819045809065,NA
"bb255d165c065f73",2091,0.813275933508102,NA
"59814ea068afa18c",2092,0.316577050051396,NA
"f2269b4ef630fec1",2093,3.9819370398343,NA
"0bbfa940c4904e5c",2094,NA,"arear 缺值"
"4d403445e59a77e4",2095,0.362830674467477,NA
"5b82fb37a9d3d218",2096,NA,"arear 缺值"
"ab25f524df84bb8a",2097,1.00581469755254,NA
"600f7d3baac21eab",2098,2.96702978298267,NA
"9314ab256418879f",2099,1.83038547365489,NA
"36cf758ab8089f64",2100,0.304933115736156,NA
"fd2acba2b5ef110c",2101,1.52693927097211,NA
"5d7fde2f5120d909",2102,2.40563206460474,NA
"fda8bf03959e3be4",2103,0.365481632674796,NA
"1dfc73571b080167",2104,0.353227695987305,NA
"8ea08bb812d5f5bb",2105,0.68339870999742,NA
"34160dc7866e36d0",2106,0.484961286769887,NA
"b0e6fc070f23838f",2107,0.927343144559974,NA
"621fb75837422cb2",2108,1.12331272633204,NA
"7df1413f1fa65f48",2109,0.509879034706467,NA
"34854fc2ce838cd1",2110,0.43505049922392,NA
"8c3f0a4ffd99da39",2111,0.296007821851306,NA
"0c72f5f181609231",2112,0.237792087059367,NA
"5a4eed0b71dae4b7",2113,2.61734049917055,NA
"ab16d44254e30590",2114,0.21496399766719,NA
"d571e00087abfc17",2115,0.235218360085827,NA
"0b02c037064f5e86",2116,2.37044378217232,NA
"2fae710975569af8",2117,14.5916894465715,NA
"9fefd95d9324e92d",2118,0.584840621700394,NA
"826e9f2d39392499",2119,0.540781656686748,NA
"91fa6fea5143221b",2120,0.378231808802218,NA
"145227dc65ce3bd2",2121,1.96925964210968,NA
"a235ee5464a3deb0",2122,1.12092990557789,NA
"046755c73c2c6bc7",2123,2.91416683217843,NA
"8bdaf464831eab40",2124,0.185189693852277,NA
"eabe96fc7051a417",2125,0.824551748418979,NA
"318c17cf0e8078e3",2126,0.704344493313987,NA
"2c4456d470fe22fd",2127,0.659581407914438,NA
"7ed60514b6c14ae0",2128,0.915889472934651,NA
"7695773fad6d2d88",2129,0.340266727696603,NA
"2b67a7ce7befe919",2130,0.351743898838314,NA
"4602a376eaf34189",2131,1.24403146728746,NA
"15932bfb2317a8c8",2132,1.06172206213321,NA
"0172037ae722453f",2133,0.246295633637974,NA
"8e018de72812ee6c",2134,2.91416683217843,NA
"c92e7feca1146287",2135,1.9202312169183,NA
"57103c4752487427",2136,0.704344493313987,NA
"6ac25ee47bf15db2",2137,1.55471807273813,NA
"8d9b511eeb7820a0",2138,0.453161039379865,NA
"afb9b172d3857556",2139,0.331333555978776,NA
"934226f3f29a26d8",2140,0.275350465629989,NA
"4c4a9104a3cc43a3",2141,3.9819370398343,NA
"7d143a34a6c33625",2142,0.242033437425246,NA
"75c04f2859341b56",2143,3.65103793809226,NA
"1225321c1b45f0b5",2144,24.1667577885318,NA
"43c121df43d150fb",2145,0.462169630312543,NA
"07002c4e06b39581",2146,0.23013326540369,NA
"e0e621df5df8a36e",2147,1.15129790440514,NA
"f02c1c9aec685f8d",2148,0.334796617254938,NA
"65b0083fcef9faf1",2149,0.859505560664246,NA
"be5ed92b15922346",2150,0.212442250012013,NA
"981c262ca823e74e",2151,1.01029605543258,NA
"a930a5dca4bbf3be",2152,1.86180621404847,NA
"3b8425b6494e9c1a",2153,6.42628837569606,NA
"f533a887a2b13668",2154,NA,"arear 缺值"
"536244c3144e83f0",2155,1.03093428163389,NA
"7ed6f6e227afd291",2156,1.0837799118906,NA
"6515a272dd9ab4cc",2157,1.50413917180129,NA
"2cfd5044a06e81b9",2158,3.17146028573712,NA
"d5fea02a5e651bfa",2159,0.387980802399377,NA
"6fe41a9054358ef0",2160,0.57794863482471,NA
"6a9ffb65748edd1a",2161,0.633075675327346,NA
"e60cbc6ead495963",2162,0.237792087059367,NA
"b421d76caddaa769",2163,3.80660412365892,NA
"b5d7f88c0acc5931",2164,1.5698534975375,NA
"4681c5e0da69487e",2165,0.181105656572302,NA
"565cfb64751c5f35",2166,3.04099025564888,NA
"cf3a593592d97f0d",2167,0.362830674467477,NA
"9c8bbfc01f3b1873",2168,0.805963650569259,NA
"ccc89dc3292afb08",2169,0.421233409387026,NA
"829b41dffbab268b",2170,1.3516631413421,NA
"7bd03b18a3d7a973",2171,3.34203822640811,NA
"123a38e741f20c76",2172,0.584840621700394,NA
"b8554920450484f5",2173,1.38242520840434,NA
"96a366925fca731e",2174,0.315563529029472,NA
"bd74d8648974512e",2175,0.537634726123718,NA
"61b8351698b90f4b",2176,0.540781656686748,NA
"718da8911a74a671",2177,0.578296440877556,NA
"7d7f5c95c6f33aef",2178,1.16818382506874,NA
"028317750b36abab",2179,0.237792087059367,NA
"f45b3a065918ac5c",2180,0.58797530131027,NA
"b2a5cb7246d55210",2181,0.371317689723411,NA
"8cf7303722a6e028",2182,0.268650686114421,NA
"269f00b0259368fa",2183,3.20215231851207,NA
"568e46678fb7bb2f",2184,5.2711368010414,NA
"6951264930272f78",2185,0.237792087059367,NA
"569f96a395dbd465",2186,0.237792087059367,NA
"aec7cff1e2c57784",2187,9.32440967644006,NA
"dbfebac7988226aa",2188,0.272388538062559,NA
"0e393804446b808a",2189,2.42256630824569,NA
"14f32cbdc62213c1",2190,0.387394188443001,NA
"766e3fc784a7ae77",2191,0.242925944430686,NA
"c5b33edc90f84671",2192,6.24715888214863,NA
"2140ff0afc4254c4",2193,1.09849626269989,NA
"93c8537a9ae657ba",2194,0.27541887253286,NA
"bb91d4e1361b737d",2195,0.236391046148822,NA
"7f0abc028e01cb71",2196,0.278704342288902,NA
"2bd8b599634d0fdf",2197,1.01295418368012,NA
"a12e8fb9678e7c25",2198,8.69265287351959,NA
"5c98c96179db9f09",2199,0.268846350365605,NA
"89bc828d9cc782cd",2200,0.412803479354408,NA
"fa66db7efd42efd4",2201,2.61195156554442,NA
"b64244847a53c71e",2202,0.268370121470483,NA
"7249a53e50374c08",2203,0.211577526926908,NA
"e29f807ff805f56d",2204,1.91308304001115,NA
"3b7e843889564e98",2205,0.430199174049638,NA
"db14d4009b40a405",2206,6.64811399877294,NA
"e95c7311635156a1",2207,0.623974832034253,NA
"2a3f176d7aaf1499",2208,1.51551306047711,NA
"9d15496d124afce8",2209,0.763986794581925,NA
"f249a0336e336be8",2210,2.21304677059233,NA
"4b3ddcb2d89d3e7d",2211,0.262062458775597,NA
"1ade6a282145a0c4",2212,0.71196506819812,NA
"4e74f0469e832fd2",2213,3.35996644962799,NA
"16e91ab5b9a18db6",2214,0.257834776291862,NA
"5c3384278534a162",2215,0.448703853175275,NA
"91cce324f44b038e",2216,0.808847043718885,NA
"b2040cd4ea267edc",2217,0.242033437425246,NA
"c69dbfedf211c0a5",2218,0.654116310030292,NA
"6f6e2e9bee63cde0",2219,2.32033796348978,NA
"4f6e53be11c68696",2220,0.818856711448373,NA
"ecf90842b48545ff",2221,0.719164758160901,NA
"4fd6f822099dde07",2222,0.319234521635394,NA
"30697eaa490e23cd",2223,2.22528571930764,NA
"1202ee1b2aada13c",2224,0.422943126479261,NA
"aa83e01c442ae1d1",2225,1.67248094150249,NA
"9b0ed3ce10e3a1b0",2226,5.47492905676218,NA
"b65476d7ccb74809",2227,0.541890945992574,NA
"9fa73417b8ecb529",2228,1.48950642693365,NA
"a5957cec80c9e3b8",2229,0.324551986767192,NA
"448c9b020cc1814f",2230,20.5336844084038,NA
"3e725e21fe8970a9",2231,0.257834776291862,NA
"e5a170f601a9ac35",2232,0.550859243901571,NA
"0c7bc8287ae6b4b9",2233,1.44692097769532,NA
"d7d49e0e0789cef8",2234,3.43112361047132,NA
"744c8cbd862a8b93",2235,1.19324814929993,NA
"19a435c22acdef74",2236,0.109802610267246,NA
"2c0eb7708e3671a1",2237,0.130819045809065,NA
"f5eea672d8ab49bf",2238,1.33228857839564,NA
"c7a3f93bf773588b",2239,2.91416683217843,NA
"0686b773a5df28d3",2240,1.20062102458982,NA
"5cf132f0401a61ae",2241,3.92337612181877,NA
"2d413af0ef790e85",2242,0.206822470312708,NA
"4273fcfd7dfbabe5",2243,0.363066436978908,NA
"0f2c35b393b145fb",2244,1.88120133197277,NA
"c2007c6300a1b331",2245,2.91416683217843,NA
"a9d261e7c560f955",2246,0.383474720558988,NA
"d0db8d6c45e5c63d",2247,0.802159341528097,NA
"eeee877da2c9f0f7",2248,36.481042408467,NA
"98ae9f123fd5d5db",2249,1.47067229700451,NA
"c0c1ecd4d4fb30b5",2250,5.68205926180414,NA
"dc27a5f491516430",2251,0.700338356052076,NA
"27e1c06de39aa059",2252,16.7743536559021,NA
"5cb59d0c84ed2e3e",2253,0.625868189767896,NA
"d1834321261fe39f",2254,1.45579653863781,NA
"af28da7fbabbbf8a",2255,0.642601247345468,NA
"ae79cab2ad9954a7",2256,0.430468580137684,NA
"34cf255fd52b4d72",2257,0.343769150339991,NA
"a2737f8aa18b18ff",2258,1.32264132744051,NA
"648654cda712a5c2",2259,0.278704342288902,NA
"778ab09f7e0ebaa1",2260,0.262062458775597,NA
"8b5ab78708dacbe0",2261,0.349094350312346,NA
"515550002a79b21c",2262,0.237792087059367,NA
"b468a1a6923f6a4e",2263,0.37985790527596,NA
"1f3878a852efe49e",2264,0.831580186548572,NA
"8b7541d932127e71",2265,0.251896972762753,NA
"13e4a37cde88c7e4",2266,0.369596879813871,NA
"b254fa84c9347782",2267,0.501166008671856,NA
"bb15d49e868f0f0c",2268,0.417318206968049,NA
"123420fa8c0a2499",2269,0.374598184745442,NA
"9c1c6ddc8b664f14",2270,0.722364618219658,NA
"733654f809f27fc2",2271,0.408277526627413,NA
"6fae71938461bae4",2272,0.568245787512305,NA
"6f5bb9b642a12d4c",2273,0.963569592302672,NA
"40c8cbe9712c60ad",2274,0.663198592824406,NA
"12d3aef564255052",2275,0.53167111626032,NA
"fb5ba87aa9ae69a5",2276,0.906418047415431,NA
"6390aae452cbc70f",2277,0.342989270559689,NA
"889db324bf70be78",2278,0.313929617321736,NA
"cf1d1ffc73b17327",2279,1.06582166792394,NA
"4621f4fc7183f9dd",2280,3.03962759882482,NA
"305f8a60b153c3fa",2281,0.528984171407569,NA
"d8bb00f01c9c0a4a",2282,0.407577459694893,NA
"cc55ce1c8095076f",2283,0.441909793974716,NA
"7cc650072e36b4e6",2284,0.239221362395814,NA
"b94a0f654ae0fe55",2285,0.167768823348026,NA
"bef33b50e28dd8c4",2286,1.07434676526266,NA
"49942394853ee38d",2287,0.509378764921537,NA
"51b1f849bdeb9ecf",2288,0.363066436978908,NA
"79f172cb352a19a3",2289,0.492145877742984,NA
"e78dbeada8bf2085",2290,0.889329764330023,NA
"accf44fc53eaef08",2291,1.56262201140817,NA
"83b93bfb58ba02b5",2292,0.309233548913714,NA
"49d62c772a327825",2293,0.412803479354408,NA
"c0ab86c0b8b96a91",2294,0.326146807142323,NA
"b1dece89e46cf7f1",2295,0.434867620862153,NA
"ffabcbdbbcf30daf",2296,1.16630388096668,NA
"4d7b5264ed620eba",2297,0.206822470312708,NA
"27578ff90f476426",2298,0.780432705641504,NA
"cf1e929805ecf359",2299,0.320157745804632,NA
"c2633e85ae881576",2300,0.567811862202819,NA
"dbf49fd058507483",2301,0.761652139634159,NA
"21386622479b3ccd",2302,2.3822074026223,NA
"46f79ea7505f3352",2303,0.507931345382447,NA
"7b8c99a5101e1d28",2304,0.387980802399377,NA
"429f30dcea7c0e31",2305,0.775323824390143,NA
"d0c5df262311a1b3",2306,1.59498274328919,NA
"7a3eb998af9dff67",2307,0.268846350365605,NA
"a3350512d34002f7",2308,0.278704342288902,NA
"7e1798ca48faa21a",2309,0.881624914617051,NA
"37051540bc4fb18d",2310,0.278704342288902,NA
"39d34e6152426b69",2311,0.211577526926908,NA
"112649d11df49dec",2312,0.195882367860654,NA
"b76346a3b310970a",2313,0.782827643040939,NA
"ef39e5df9c32f304",2314,0.737202699326615,NA
"d61982c9c4885a37",2315,0.341854249399516,NA
"00794f8b955774d8",2316,0.360843209212453,NA
"0fa5f84e2dd05b6b",2317,0.737202699326615,NA
"09d46da5ad3e3b8c",2318,0.268949006331774,NA
"37030a0f27b119ed",2319,0.206822470312708,NA
"49f2467b62f054f9",2320,0.27846859957378,NA
"8147086b2b0790b1",2321,2.55500344404203,NA
"0028d9900928c300",2322,0.216055192078827,NA
"1da849a83e8537cb",2323,0.209081963865116,NA
"72dce3445e99751a",2324,1.00872296938773,NA
"910727e685a2be4b",2325,0.454554391014424,NA
"dfbdf4643860c53e",2326,1.7141498972705,NA
"4fe35fb57c138772",2327,0.27680465820131,NA
"800f24f42b1fdc00",2328,0.72298797815702,NA
"fa1e0b5ff5dc5f1d",2329,0.939689148041833,NA
"01edeff3bdbf2a08",2330,0.59278864227238,NA
"1c2f7b72cf518fd1",2331,0.316577050051396,NA
"804ad573aee7cbda",2332,0.292955393700429,NA
"a3aad1651a75cf75",2333,1.07434676526266,NA
"7e788d7d191d88f1",2334,0.39033749092742,NA
"5c68e468c8c8623f",2335,0.719164758160901,NA
"3067bc05f480f2f0",2336,0.480926929175513,NA
"e721b3037c6f7d11",2337,0.242033437425246,NA
"eb377367d60b2cba",2338,0.334796617254938,NA
"7664cfbaa54cbc90",2339,0.167768823348026,NA
"9c8a7eac18b8af01",2340,0.612751711110652,NA
"0dd9fcc4e1ba3785",2341,0.749694349670606,NA
"0c62ec21d981a05b",2342,0.623974832034253,NA
"ac818fa9cb850207",2343,0.40862955497971,NA
"9b34e03dfa8b9ba7",2344,0.888941831731347,NA
"1f26f57a0e40d6ea",2345,0.228628832998226,NA
"59de532a2af1d68d",2346,0.412803479354408,NA
"e3dc1a18dbdb5a38",2347,0.437929478065973,NA
"ba89564d426cdaa6",2348,0.356353405346434,NA
"ebdb142197bb3b0e",2349,0.251896972762753,NA
"b33fbe214d207c32",2350,0.719164758160901,NA
"141545dfa258727b",2351,0.321172419668998,NA
"36ed1c83eac98c01",2352,0.261248882430921,NA
"b2eb119bc6a09d72",2353,0.391344138773375,NA
"ba55dfae463f2b93",2354,0.239221362395814,NA
"fcf982e5ee02af96",2355,0.557257619566664,NA
"fcbb6de26224858e",2356,0.246437204285003,NA
"45cef5e04274e5de",2357,2.83678324856651,NA
"d90ea202ff185e38",2358,0.334796617254938,NA
"527ef82a91998ea9",2359,0.767462361104372,NA
"8a6037f515d8b574",2360,0.160637441961464,NA
"24a0e66c1107419f",2361,0.27541887253286,NA
"f9d0baf0e339cacc",2362,1.49798034914737,NA
"c26c401be01277c9",2363,0.270353173305009,NA
"480ad53e99b61405",2364,2.21304677059233,NA
"b3c2fd9d28164efa",2365,1.45707838519729,NA
"c2c51bed3256a696",2366,1.7141498972705,NA
"6c0a8f3a2eb97c72",2367,10.3562602258743,NA
"26b6a7baa2a7675b",2368,0.361731573575282,NA
"00600e5244d42277",2369,0.211577526926908,NA
"fe7deada1161b3c2",2370,0.331333555978776,NA
"3a48eaed1892347b",2371,0.680861317012969,NA
"b7bc994f797a71ff",2372,0.191895638992266,NA
"db38e6adc37654b2",2373,0.291717795134588,NA
"c5c333f90341295f",2374,0.88169168840601,NA
"3c4bc08eb9db78a6",2375,1.25945816392322,NA
"9613d03790191c2a",2376,1.20062102458982,NA
"e748ab1e3bbfd192",2377,1.35571427831175,NA
"67fe38d7539533a3",2378,0.292955393700429,NA
"2a20fc8ac86eb2d8",2379,0.211577526926908,NA
"7ff9f7d4ac278485",2380,1.09353203218113,NA
"f7c2887a195e0eae",2381,1.62531657409244,NA
"771522f18b70ffa4",2382,0.791558742782685,NA
"3d4cc9d1c17c18d9",2383,4.89321023836886,NA
"1c68e53c34afd08b",2384,3.22943455071968,NA
"d1c4d603fd0f685f",2385,0.763950507659691,NA
"a21e620ae595647e",2386,5.44054167285211,NA
"efccbf967d391603",2387,0.345593079083577,NA
"1bd2de5ba9d2314d",2388,1.09688629277845,NA
"da63a7b08567c870",2389,0.909119599239048,NA
"31127f14821f10a0",2390,0.413853454989211,NA
"c3ed0a208dc35e9b",2391,0.353227695987305,NA
"5a8dfe1d0f73ec0d",2392,0.541792619937884,NA
"284395b3979dc75e",2393,0.912588148554901,NA
"64c418445c9241d3",2394,1.0450600734019,NA
"010484a6a8e747d6",2395,0.312446649574214,NA
"401fb4369a01cfdc",2396,0.163254970576795,NA
"7f7225237f531aad",2397,0.646880423291976,NA
"fca787afba82e6b3",2398,0.185189693852277,NA
"9cffeb0a6db948db",2399,0.369596879813871,NA
"3d7dc84026d9db5d",2400,0.158371606402708,NA
"4a2bcb126fe3950d",2401,0.361731573575282,NA
"117c0b3303b0539d",2402,0.268650686114421,NA
"1cdbf3bbacb06ef6",2403,1.32414602301852,NA
"215e66d40ae2f14c",2404,1.2068811483104,NA
"27389dadda908131",2405,0.304933115736156,NA
"431b1cc605b10d9a",2406,0.348287697568116,NA
"af2c9953a31bd8ad",2407,1.22158500819533,NA
"ab4664b197b76eb9",2408,0.262062458775597,NA
"6bcc5fa2992c82df",2409,0.334796617254938,NA
"f36b15fb911376c5",2410,0.209081963865116,NA
"d19ad7e705fc62b8",2411,0.931340807519419,NA
"fe85074da36c2a2f",2412,0.888728637946463,NA
"5867908ecec223d1",2413,0.255875606371014,NA
"d20a3fff0823eaee",2414,5.21514401476824,NA
"d72d2c3be3b3e445",2415,0.845891980198215,NA
"a99323a3f3df34b3",2416,0.685795679189796,NA
"fc4088b0cce55770",2417,0.167768823348026,NA
"2239b4bd42a9aa7f",2418,0.827470469309423,NA
"8041aa95c29c18eb",2419,0.663198592824406,NA
"aeeba46f66c52066",2420,0.538246511674077,NA
"a142140df2071cf1",2421,0.775323824390143,NA
"e274a39387589d07",2422,1.68363686609251,NA
"6ee3cce9a8f3ba2a",2423,4.46648362575983,NA
"24dee4ae8df5cf79",2424,0.237792087059367,NA
"408cf0771d152ad7",2425,1.04193470943766,NA
"6eca8084ee9548f7",2426,0.878384960303506,NA
"19d05d9b64c23c2e",2427,0.467126511346789,NA
"203e688afecd2650",2428,0.962526526934397,NA
"c2c8d730a98a869f",2429,0.310026427841203,NA
"49f1a1b6d26bc8a2",2430,0.523595715793305,NA
"01e6091ae6a528b9",2431,0.507931345382447,NA
"c2c6d8d91540f566",2432,0.236391046148822,NA
"202e5fa8fdc5a22f",2433,0.497462479170929,NA
"03d7104aa4c7ddd2",2434,3.80344318872965,NA
"fa0ba7478b57b9ff",2435,0.625868189767896,NA
"803696bb404a307c",2436,0.298580369998581,NA
"c4e8c8828f0949f3",2437,1.02272046874592,NA
"2925006d00a581cc",2438,1.29611819205565,NA
"32aa7d6c99287e92",2439,0.333884297936512,NA
"5bf9d789d975f2c5",2440,0.24872291540212,NA
"ec52df82300648c8",2441,0.881624914617051,NA
"bd00a8005a4eacf7",2442,0.167768823348026,NA
"0bf44646b9f895b3",2443,0.316296535475338,NA
"3d08f06f390d4bd9",2444,0.292309866813411,NA
"148ae8992c51aff8",2445,0.167768823348026,NA
"67ed6869df9103b7",2446,0.807361978967493,NA
"74fc9eaa87996cc7",2447,0.268949006331774,NA
"8fd32f2e38bf786a",2448,1.1653385327682,NA
"1dada66d12272f21",2449,0.287510888436464,NA
"fe7abbd747967415",2450,0.396269021098499,NA
"18fa5b6509b0e493",2451,0.33946221463675,NA
"47e718e538997b83",2452,0.429534648961092,NA
"1714b96d5fe03658",2453,1.27782158283877,NA
"103eaebddb7f72bc",2454,0.620647379346731,NA
"144ffc4fe0751f84",2455,0.833113283269045,NA
"d374757f0a81f3be",2456,0.898175148373979,NA
"88d7bc174b7c06ea",2457,0.735201642755281,NA
"162a2056c063d72a",2458,0.311868776556506,NA
"1efdd62880f7e115",2459,0.419420584057671,NA
"fbe88bb33f6cca3a",2460,2.37235449817418,NA
"7c1861fd6454e01f",2461,0.570307673245578,NA
"6fa645479a2f2714",2462,1.01765506416787,NA
"92ce3b7fc016bf6d",2463,0.678011668388273,NA
"3af24f2057cbecf6",2464,0.235218360085827,NA
"83ae77ad536e56fb",2465,0.701182897725272,NA
"faff04e2b46eccf7",2466,0.977064760328669,NA
"c4a19df05e96b1d1",2467,0.298580369998581,NA
"4743c7503d9403c6",2468,0.310266394877384,NA
"e50ce4343de20f9a",2469,0.562098925283497,NA
"2f723a7045f71ce7",2470,0.624430122478534,NA
"fdd7f15c8e429090",2471,2.41736470962822,NA
"f610129d600c5390",2472,0.357676333914381,NA
"4f9af0a25361285d",2473,0.310026427841203,NA
"07452682421860c8",2474,5.64009796053338,NA
"43a848ceab781ff9",2475,0.571151159104491,NA
"f064d5f056c0d426",2476,0.624430122478534,NA
"9a3a0fa0a0bd3af7",2477,0.34685382826598,NA
"a84e95cd41ea1470",2478,0.424829831851952,NA
"3209f121cad60348",2479,1.2187857683689,NA
"0bfdc4b3986c557d",2480,0.802202952463913,NA
"fe251a9ea2c3685f",2481,1.31112543187087,NA
"843112383f75fb4f",2482,1.12596403716116,NA
"60c0c818a37e5feb",2483,0.326146807142323,NA
"43e2e61dd754d130",2484,1.06582166792394,NA
"5665c759fa85eb73",2485,0.993965334068766,NA
"9996b91aba78414c",2486,0.447753687651287,NA
"bab4e04daaa5a1ca",2487,0.364106897751008,NA
"3f331b9a466a2281",2488,2.11145449540544,NA
"0b78c590402dc611",2489,0.291717795134588,NA
"1ee7f04577b01433",2490,0.784677073126934,NA
"c698b18599ef2c38",2491,1.34776030109947,NA
"9d476709bab060f4",2492,0.23013326540369,NA
"782d6c4932606824",2493,0.529923908623995,NA
"a967a8b8516d567b",2494,3.80660412365892,NA
"4c98ef35725b2fd1",2495,0.390642356477031,NA
"2f1d5b6e650d39e1",2496,0.268846350365605,NA
"f5bb7b0aa88fe58c",2497,16.0899414522997,NA
"c60f5aa3f2232991",2498,0.771069356748207,NA
"d620576ac6db2922",2499,2.0539589264548,NA
"e4af09b6f8ff72e7",2500,1.16520385857251,NA
"f302b3b4e62a3644",2501,0.24872291540212,NA
"cdcaeb3ddb7cfc2f",2502,2.51525490201218,NA
"0b058044ef3c213e",2503,0.250605208079211,NA
"18ee4d947b7daf4b",2504,0.891049962760845,NA
"80c17d39a778bb3d",2505,1.09688629277845,NA
"2e229a74dc759b37",2506,0.494282391062044,NA
"5f4736f37021e9df",2507,0.24872291540212,NA
"d87a95ae1774eab4",2508,0.50077833046599,NA
"239a7a0b950a7dbf",2509,0.27541887253286,NA
"d647399f5eb93845",2510,0.305364754936764,NA
"7983555496453edb",2511,0.211577526926908,NA
"48eb7ab508ed5b7f",2512,0.311868776556506,NA
"9ae49b1478a84ecd",2513,0.167768823348026,NA
"cbb06ab756a2b9bf",2514,0.909426638120979,NA
"4a162f5f77bb8977",2515,0.900030148200154,NA
"f1eba15151edecd8",2516,0.597284726880749,NA
"52573240845287ce",2517,1.47988631002783,NA
"83aaff3a100145ed",2518,0.462169630312543,NA
"c6d5bb99eb254b4d",2519,0.262062458775597,NA
"08757bf5ef20089c",2520,1.66534112110272,NA
"22c0c2082450165e",2521,0.255875606371014,NA
"8316279627c86338",2522,0.764771628874331,NA
"6fb3c2251e504355",2523,0.321172419668998,NA
"e7c03c653c0ed7af",2524,0.567464907782039,NA
"cafdcd6b6cb85950",2525,0.262062458775597,NA
"1cfca893b5b88263",2526,1.17351533178653,NA
"0e72eb39c961cd03",2527,0.2737603116758,NA
"d811b7b545006008",2528,0.40862955497971,NA
"d1cc58b30518a739",2529,1.01040008804356,NA
"58302725c94deed3",2530,0.602711947487047,NA
"941d3b19d8c323dd",2531,0.363963680291196,NA
"8b020d4a82935586",2532,0.341854249399516,NA
"1b23a291220444a4",2533,0.718932585309904,NA
"fd97171d0e9edab7",2534,1.37340711280686,NA
"145df1e9d73a8796",2535,0.29731355629604,NA
"f7d57b2a7276384a",2536,0.982343580610025,NA
"2ef7576dc4f4d4c1",2537,0.616928316589718,NA
"da79e5f216a01c2c",2538,0.167768823348026,NA
"91381efbc268701e",2539,0.326146807142323,NA
"e47feb32d40c9e6d",2540,0.246437204285003,NA
"e2414cca7cdff439",2541,0.365481632674796,NA
"99035fc3be287770",2542,0.211577526926908,NA
"d9958b43eded5ce1",2543,1.89502672558681,NA
"b41ee66e42bb534c",2544,1.16630388096668,NA
"532faf186e98c6f8",2545,0.354359725678044,NA
"c64934faec4fb396",2546,0.319234521635394,NA
"40f7f6249b114bf2",2547,1.01744161819765,NA
"fb7d4e9fd0f9c17f",2548,2.21242967058593,NA
"51a7a02aab0a0f3d",2549,0.480926929175513,NA
"ab9798e547b75ee9",2550,0.529923908623995,NA
"148cd40eae23ef5e",2551,1.06429506091123,NA
"345bde9c84a582b3",2552,1.49798034914737,NA
"63a77906367f3942",2553,0.35594160652141,NA
"f1bf6f22cf24de0b",2554,2.01250465269657,NA
"4f8f40fc846e8d85",2555,0.466651902978783,NA
"577f5cc4cce34c39",2556,1.45707838519729,NA
"f6ea51edf8971892",2557,1.27246474779712,NA
"f3bdcf666bc3039a",2558,0.782827643040939,NA
"c62976ded4a8e626",2559,0.373747352418805,NA
"f7ee48ae0d12dc72",2560,0.369596879813871,NA
"601882b8bcaf6497",2561,0.890926321163849,NA
"a72161f7762a8670",2562,0.306588041345008,NA
"b800bd6f9165d440",2563,0.369596879813871,NA
"142bc514a5fea923",2564,0.659581407914438,NA
"869e52c40c08c6e4",2565,0.477422211040422,NA
"9e9039430c835f0a",2566,0.44710994688934,NA
"e34b1586415815b4",2567,1.27246474779712,NA
"b2ea94cf7c5b123b",2568,0.528984171407569,NA
"9347d3486e38bdce",2569,0.242033437425246,NA
"f8e6a2308dbe5492",2570,0.914068834284008,NA
"eb310dc18ec2c52b",2571,4.36156458509585,NA
"d7d60f0f61ff8186",2572,0.278704342288902,NA
"4ebb1ab2777926d7",2573,0.791207033587007,NA
"875e9858021ac18b",2574,0.27541887253286,NA
"74043ae8bae192b3",2575,0.528984171407569,NA
"10d4d99c11f56897",2576,0.654331826483574,NA
"d760e93bee7250bc",2577,0.436198306936493,NA
"f193ed5140793cbb",2578,0.211577526926908,NA
"c69046dd9248cf57",2579,0.826796322107409,NA
"4cbcadc3db8ea1d0",2580,1.85666450992493,NA
"843ca97f05e46b0f",2581,0.211577526926908,NA
"d11740e41dbcad95",2582,5.28884876040449,NA
"133a1cef385df10e",2583,2.19598625555161,NA
"e6c6f9c89c9363ab",2584,0.167768823348026,NA
"23be03e7e625aa57",2585,0.365481632674796,NA
"4cb53a838f2ad7ad",2586,0.35849296511238,NA
"43b8106acf171892",2587,0.319234521635394,NA
"1c62ce35c13d31df",2588,0.501223070888591,NA
"fd62df03bbc1cdbf",2589,0.167768823348026,NA
"e14a63d7817eb1a4",2590,1.51238137468104,NA
"84cff9ca19f90775",2591,0.659581407914438,NA
"e73dbe77a7a81e79",2592,0.296814210042808,NA
"a9533e526e9be1af",2593,1.09849626269989,NA
"141b265fad7d5dd8",2594,1.25532607460479,NA
"76d9361da9789c7a",2595,0.630384022950968,NA
"82e00e438b86fcf0",2596,0.349094350312346,NA
"c25c8303e12d2228",2597,0.401016029631539,NA
"ed2e99e22147e8e7",2598,0.554031074171075,NA
"0e72eb39c961cd03",2599,0.2737603116758,NA
"eb4ce38b7f2f57da",2600,0.756939999324087,NA
"70ef2c3a1c00cacb",2601,0.612751711110652,NA
"3848f9aadf6086ad",2602,0.663198592824406,NA
"8a6119b1f6f58308",2603,0.471865784323418,NA
"58853ff6b935d3bc",2604,0.529923908623995,NA
"3795bf981ae56505",2605,0.320440520513633,NA
"aad3c952e2b13d0f",2606,1.01399757471354,NA
"e014cc15727b5ca0",2607,0.27541887253286,NA
"ba97ea5b1c5a2290",2608,0.821875490517666,NA
"12bfd8c0326ff0c1",2609,0.283334940684579,NA
"69ec672e53d04b5e",2610,0.378231808802218,NA
"d6037ac7db3dbc9e",2611,1.80985750513329,NA
"5ac9e4b8d76e073d",2612,3.26744584606019,NA
"1a89e7c8a9573fca",2613,1.01029605543258,NA
"a4709e24ceedc4c9",2614,0.251896972762753,NA
"db305a739a0cb640",2615,1.87837583582018,NA
"28d2d773ce71eb80",2616,0.909119599239048,NA
"b82243a2676bf930",2617,0.838315963545991,NA
"8c775601878ec46e",2618,1.01744161819765,NA
"3647e2170f577f21",2619,1.50472840948676,NA
"51cc1f33674f6b86",2620,1.26503298242892,NA
"9fbf99f9dad8d7cb",2621,0.228898807247779,NA
"b830c7358d7dd560",2622,0.320455174716311,NA
"a63f3fd4eeb6f1f5",2623,2.06743222441906,NA
"8006d8ab8428db48",2624,0.546386988934932,NA
"d7207d8e5acddb45",2625,4.83045411255733,NA
"4fe22374f8c62c6b",2626,0.529735800405879,NA
"8908d6de72d6216d",2627,0.736882336759676,NA
"42552e38fca3a190",2628,3.21677347793849,NA
"8042f041d2b550e5",2629,1.22502203570282,NA
"6fac4ab94a4c035d",2630,4.65467124149655,NA
"deed62de2d6965c8",2631,0.993415204206458,NA
"8ea5e54e24e78a87",2632,0.320157745804632,NA
"4938f7e7a61f76c9",2633,0.767462361104372,NA
"05272831ee78646b",2634,0.331333555978776,NA
"815d813dac70870a",2635,2.65648050625606,NA
"088e5e979e03453d",2636,1.00581469755254,NA
"2cce44f6702c4303",2637,0.24872291540212,NA
"040833f38b8fc14e",2638,8.07999600126751,NA
"7f9f71c9bf4ccaa0",2639,1.56755801345822,NA
"69495bebee45fbd9",2640,1.25532607460479,NA
"9f43ef161bdefd67",2641,0.348287697568116,NA
"11d32e9a4b19e415",2642,0.624430122478534,NA
"68b4c5ade10dc081",2643,0.364106897751008,NA
"5495852a6f8b2935",2644,1.83607594625089,NA
"eb3c004bd76870ac",2645,0.623974832034253,NA
"f938d3d3820eed63",2646,0.242237732337191,NA
"b391d49453b0ee93",2647,6.31553845578209,NA
"5bfe5dcacb64d38e",2648,0.321541387137502,NA
"89aab10f18cc40c9",2649,0.784677073126934,NA
"8605305a191392e4",2650,0.255875606371014,NA
"b451a0102a10d139",2651,1.03093428163389,NA
"5d21204806b89d86",2652,1.76297584151945,NA
"831638d13a3c36f2",2653,NA,"arear 缺值"
"ea2c5909a9c60632",2654,0.537569253105328,NA
"aeefa9480d7ff9f4",2655,0.421233409387026,NA
"1480c2977f5f24f7",2656,NA,"arear 缺值"
"946ce725ff394dba",2657,0.561342174164747,NA
"8dba7a5c9a2b2551",2658,0.639644801983829,NA
"8fb02576d40b641a",2659,0.673955775316063,NA
"39ad3028709108e7",2660,1.14323078249082,NA
"ee70be20698687ea",2661,0.56098238797008,NA
"98d26605eb230994",2662,0.369596879813871,NA
"b42a2d38b7159dfb",2663,0.597284726880749,NA
"65727972d21d81a7",2664,1.26207399054973,NA
"5848f39ad243281c",2665,1.01399757471354,NA
"91384e73d3be552f",2666,0.508481264197659,NA
"0fd248e8cec63d53",2667,0.469581838069354,NA
"b991e3ce3ce68bde",2668,0.310266394877384,NA
"33511849a51a0cf0",2669,0.471865784323418,NA
"aa73ce54bd1dc75d",2670,0.391689188564934,NA
"d27ca5e131dcb8a4",2671,0.266857281555122,NA
"4f1b65cdfc2d8180",2672,0.298580369998581,NA
"4542f02a2c0498a1",2673,0.685213710932894,NA
"df7f578af3f33ad2",2674,2.97206922429289,NA
"830ece0acc7ede1a",2675,1.15201199060097,NA
"33886335988eacec",2676,1.26537898789488,NA
"06089fb734031939",2677,0.411310658837238,NA
"a3a5c27a4fd40cbc",2678,0.362830674467477,NA
"66c8848bcf308042",2679,0.167768823348026,NA
"24a216b43fd6366e",2680,0.356353405346434,NA
"baac1a4bd54867f5",2681,0.685213710932894,NA
"463d0d3201b01e11",2682,0.900030148200154,NA
"88b74f92c1c74e6a",2683,0.64332162864985,NA
"8f20185e4cff62ca",2684,0.397691544703986,NA
"2174e7c628891343",2685,0.769359939089142,NA
"e3c424c1dbd51a44",2686,1.39026629017354,NA
"b36b4faaf03f42be",2687,0.414053545288745,NA
"55006987f4121d55",2688,0.510583426629382,NA
"f532c02fdab06302",2689,0.242633090486182,NA
"b210f6042bf9563b",2690,0.719164758160901,NA
"efaf9cf476f5c20b",2691,0.2737603116758,NA
"e2c14852e4af3905",2692,1.29465794114004,NA
"5601c1712aadadf8",2693,0.357676333914381,NA
"b2e07eea0e4e5379",2694,1.3246563197712,NA
"4c06edec4dfb9156",2695,0.848241987720947,NA
"3c6e9c514a1f7c2a",2696,0.626794073825693,NA
"016471dc0fd9de1d",2697,0.167768823348026,NA
"81dae8cb173bf6f4",2698,0.432755497860125,NA
"a79cd1bbc8f4c5da",2699,0.391344138773375,NA
"50c7c0888dae466a",2700,0.239221362395814,NA
"b5e94bbda74f1bcb",2701,0.298580369998581,NA
"e47da5615662d919",2702,0.962209445377125,NA
"700686b5a643509a",2703,0.646666922720627,NA
"181ae4f679bf6aea",2704,0.465171833581114,NA
"8d1e63470153dd86",2705,3.22952932243276,NA
"eda89a83677d340e",2706,0.898311412737222,NA
"a8109efef5ff8d47",2707,0.327635676853386,NA
"3506e69a1fc76869",2708,0.257834776291862,NA
"997158539b7aae01",2709,0.242925944430686,NA
"c203b1a48007b8e4",2710,0.668502098582196,NA
"ab4551a41f21fa4e",2711,0.278704342288902,NA
"c4539196265be1e4",2712,0.239221362395814,NA
"908e7540c0872a4a",2713,1.12840991385952,NA
"d0b782dff4a01966",2714,0.58289645815797,NA
"d33060caa89c9de5",2715,0.381364694889301,NA
"87e590732d8d2b10",2716,0.353274876773976,NA
"9a87db0610a2fb33",2717,0.334796617254938,NA
"c9063626d7452320",2718,0.181105656572302,NA
"0f928afa280b6a90",2719,0.333719900072154,NA
"9118f1862f72b53a",2720,0.316577050051396,NA
"9bc7f57e20f24d13",2721,1.39026629017354,NA
"0777d7148ab8b248",2722,NA,"arear 缺值"
"7d06a912fab91411",2723,0.239221362395814,NA
"5ad76dbcd0f6654a",2724,0.584840621700394,NA
"9773e1806903a564",2725,0.588362885618744,NA
"0b0169479f3d0f29",2726,1.91308304001115,NA
"8e457a525683b4f4",2727,0.983295457013933,NA
"40ba403dd8f1c552",2728,0.382362119121893,NA
"bca18bdc5b3c151d",2729,0.268846350365605,NA
"188d4189a5fcb311",2730,0.624430122478534,NA
"408f9923e6d65d26",2731,0.795644747122297,NA
"fbfe30b7c43eb0fb",2732,0.567811862202819,NA
"9b66ee551f19c4c2",2733,0.239221362395814,NA
"ac943b2451c51897",2734,0.280264543794067,NA
"5111409f0680f0f8",2735,1.56755801345822,NA
"3de5066e2080f36b",2736,0.522738062878126,NA
"3155a7854dc9c84b",2737,0.239221362395814,NA
"2a9d6c2f3d5e4704",2738,0.255875606371014,NA
"f7a6d57bc33b1ad2",2739,0.71196506819812,NA
"c3ff9d719d40ac9d",2740,0.430468580137684,NA
"429d899710bccad8",2741,0.441323021490228,NA
"9712183cf040504d",2742,0.567464907782039,NA
"7c876b828f0f5b61",2743,0.624430122478534,NA
"31bcb126df2c7274",2744,0.624430122478534,NA
"1b6154d13eb18b18",2745,0.513174780983585,NA
"8842331d71b84944",2746,0.280264543794067,NA
"8f0e2ea8da642174",2747,1.53676070861116,NA
"c362fc416e8e5d3d",2748,0.851015708645433,NA
"04b17eeb06918f67",2749,0.211577526926908,NA
"e0a471c640387b1b",2750,1.22502203570282,NA
"29b135615f2d3b66",2751,0.885659328405394,NA
"89af66ffeb5c3e99",2752,0.492145877742984,NA
"e7ecb42e01aba5c6",2753,0.311868776556506,NA
"c08e7e43b053c0e8",2754,0.395427414747987,NA
"bb2db99110b072ac",2755,0.326146807142323,NA
"9aaadc1169fb1d1c",2756,0.403363766411848,NA
"07259db11fc20e9a",2757,0.430199174049638,NA
"37bc7869a657bac1",2758,0.59441080644521,NA
"672444fe4c3d1590",2759,1.65678419834411,NA
"3efe487a8c64f84e",2760,0.251896972762753,NA
"cf109f2d88227157",2761,0.654116310030292,NA
"5243f4756f05ce6b",2762,0.401016029631539,NA
"f5289d3181e12168",2763,0.250605208079211,NA
"b12241c41e296281",2764,1.0437773889096,NA
"7e82541c4dbbca6c",2765,0.160637441961464,NA
"1de9818ee72ae04b",2766,4.04409812977132,NA
"371d5492b27a0eb7",2767,0.796602467910588,NA
"44d4f62056dca00f",2768,0.56098238797008,NA
"3cff7a9ad1ebb6d6",2769,0.792538031899729,NA
"ca5e39de2417e10d",2770,0.211805848653011,NA
"83547aafce0fdb4c",2771,NA,"arear 缺值"
"6a3d3f1a03f13a5d",2772,0.541890945992574,NA
"8441aae10094b382",2773,0.242925944430686,NA
"a2ec65a660f5e1d6",2774,0.294699887386913,NA
"d4456a263e5667b9",2775,0.251896972762753,NA
"c38277955c0c264d",2776,1.23369703917569,NA
"d169bffc254bb90c",2777,1.12769095993947,NA
"0565bb09794d6d92",2778,0.364106897751008,NA
"7e6f8fed11351ff0",2779,NA,"arear 缺值"
"6969d96611fe4f75",2780,1.54273394821287,NA
"3eb3c9ec6aa4d00e",2781,0.469581838069354,NA
"86ef8c8f8dff2c5b",2782,0.228898807247779,NA
"c5bb0e9543e8f39f",2783,0.493292473298128,NA
"b5f6979666e50b21",2784,0.848316476317325,NA
"441f347f5069c370",2785,0.35849296511238,NA
"353c7768a56e3bf3",2786,0.403363766411848,NA
"e75104b2d2fa8c80",2787,0.807361978967493,NA
"45a40a391beaf5f4",2788,0.320157745804632,NA
"7fe8f461fb488263",2789,0.352803216470106,NA
"6bc23226b771246f",2790,0.268846350365605,NA
"77b5c2b6a5280218",2791,0.242317934646925,NA
"9da75241698d76a5",2792,0.92361219488366,NA
"64c8503266bb86a2",2793,0.767462361104372,NA
"01bbeaa351c96e8d",2794,0.360843209212453,NA
"ffff1c32084e8abe",2795,0.523595715793305,NA
"9f5dd5d807226f09",2796,0.697534747332586,NA
"3d5d705fed6166fe",2797,0.624430122478534,NA
"cd05947a0732f139",2798,0.316296535475338,NA
"d62801e2d8afc18e",2799,0.373747352418805,NA
"23358c2da71b067e",2800,1.0851096540053,NA
"7c597cf2c1af57cf",2801,0.546386988934932,NA
"19be83181a0ab86c",2802,2.59915111109037,NA
"dd10fc939951932a",2803,0.228898807247779,NA
"6aa158de6d91f4d1",2804,0.43114605161715,NA
"e0f31b7c17d38ec5",2805,0.878294479725137,NA
"e866642867e46e9f",2806,0.321172419668998,NA
"a33b307a3a74751a",2807,0.430199174049638,NA
"b0bdd51f0499692e",2808,1.26784731626407,NA
"9d31735210d35a9b",2809,0.430199174049638,NA
"6dd73f14c4955746",2810,0.571151159104491,NA
"44e5ee872b2d10df",2811,0.466651902978783,NA
"3184dd87b973b465",2812,0.613857605834061,NA
"fccf954e9c09a95f",2813,1.12331272633204,NA
"ec2bffc4a41e2eb1",2814,0.211577526926908,NA
"084ddd298389b75f",2815,0.763986794581925,NA
"1052fe0706460851",2816,0.211577526926908,NA
"791b49769325ebe5",2817,0.316296535475338,NA
"66a49f333d1882e9",2818,0.467414101713955,NA
"4441fdf68612b262",2819,0.167768823348026,NA
"72fdbb3f63845a1a",2820,0.438429010467738,NA
"7abf5c0f2c2b50f0",2821,0.320157745804632,NA
"6e97161e304826d4",2822,0.268846350365605,NA
"119766223a0f038d",2823,0.266857281555122,NA
"a55da46c5e3692da",2824,0.360843209212453,NA
"d55b54328f993a02",2825,0.167887517287271,NA
"7b467e4286c919b5",2826,0.315563529029472,NA
"2f17aec9e5880a13",2827,4.71895546138364,NA
"c948591bda49f211",2828,0.167768823348026,NA
"8bab03bb48cc3083",2829,0.560573356444916,NA
"2610940048472fda",2830,2.96702978298267,NA
"8e9aa42b325c95bf",2831,0.575656763777814,NA
"3332040380c9e413",2832,1.0038464523175,NA
"f067b8b40367e88b",2833,0.430468580137684,NA
"4725dd5c7633a920",2834,0.610098122654141,NA
"1f66c5b51930a4c1",2835,0.213787236670724,NA
"d3618b485ec02f00",2836,0.321172419668998,NA
"ffef9b846a8ffd6f",2837,0.671132416437717,NA
"5a73a6ad275ae8e5",2838,0.245539894837317,NA
"7de549ebcc0870ca",2839,0.437929478065973,NA
"c23ca9156f744ab9",2840,0.430199174049638,NA
"02851e4cbfcaeab7",2841,0.612751711110652,NA
"bcb86c587c409ad8",2842,0.567464907782039,NA
"4bf79134b364f9ea",2843,0.40862955497971,NA
"6f9ae8a768936fde",2844,0.783837802268266,NA
"c12c2efe8a360222",2845,1.01295418368012,NA
"0c80873a599a0b93",2846,2.03062275130369,NA
"620266e2c3801e5b",2847,0.211577526926908,NA
"995ed1560ccc913e",2848,0.554031074171075,NA
"76504b8f86a7929c",2849,0.305364754936764,NA
"5e46c7f9b0c94178",2850,0.167768823348026,NA
"e94e1addd40d979d",2851,1.84058544299241,NA
"b407681a32fca61f",2852,0.27846859957378,NA
"ed38b853881673f1",2853,0.914068834284008,NA
"c2ba8a14baa63c17",2854,0.246437204285003,NA
"ef2380b4b3233b14",2855,0.898175148373979,NA
"519c45d77b18e1b7",2856,0.816144815652691,NA
"da45f30fb9eeaaf5",2857,0.768724396399037,NA
"6ed59d8db1d725fd",2858,0.389547065507662,NA
"18a59f4ccaec2511",2859,0.211577526926908,NA
"572decd5e49ad25d",2860,0.278704342288902,NA
"db2dabbafe325064",2861,0.537786294717767,NA
"4f92c012d9487d8e",2862,0.772471748165224,NA
"338c657612d7d648",2863,0.251896972762753,NA
"bbf629936b75d70e",2864,0.320440520513633,NA
"4364df71b897ab04",2865,0.316296535475338,NA
"8f264fd062a74e5c",2866,0.239221362395814,NA
"27469c77e00f774f",2867,0.616928316589718,NA
"c73648b618e8e3dc",2868,0.242925944430686,NA
"d329e3ab1148a2e2",2869,0.223915687566108,NA
"5adc745917002852",2870,1.54544644367897,NA
"9c0adb7564b8661b",2871,0.685795679189796,NA
"0faca13e604a4141",2872,0.600154136991504,NA
"16a41a76711e7ea6",2873,0.305364754936764,NA
"9742447ab3ff6df8",2874,1.29611819205565,NA
"020ef4c983303e94",2875,0.800628379332697,NA
"7ad84eaf9fb7d1eb",2876,0.313929617321736,NA
"f8a9e00f4e4f4fe2",2877,0.294699887386913,NA
"ef51cfb3a0ab17fa",2878,1.35896878823683,NA
"24aaa2205ca25c15",2879,0.239221362395814,NA
"9bd8becb71d2a7b3",2880,0.818766157124072,NA
"51224fb51f4cead3",2881,0.228628832998226,NA
"9c1aea7ab93dac75",2882,0.713155034666343,NA
"1d4c81d9a5a0e4e7",2883,8.47059002457263,NA
"7c4f9d5543c27758",2884,0.582857738882649,NA
"3e42bdbf182f8a7f",2885,0.326146807142323,NA
"63bcc4d0cc675494",2886,0.795644747122297,NA
"e0d55b534d0f5316",2887,0.321541387137502,NA
"d5dfc7a0022fd0a3",2888,0.278704342288902,NA
"4ffbf68f8c3a5c7b",2889,0.715662671988973,NA
"0ca6851f0ad62f7c",2890,0.421846902746703,NA
"13ed4b7df19e4a1f",2891,3.59195168716708,NA
"fbd5f2a5c0367175",2892,0.552760075377743,NA
"8e7d7910cebef3dc",2893,0.23013326540369,NA
"d9e3e6c21e8db949",2894,1.82457842558794,NA
"23f3275917c084a7",2895,0.799498268118342,NA
"5a569bdd65dde98b",2896,0.996886864759449,NA
"ab04069460102f88",2897,0.774799087603456,NA
"78c8b2203bcbd725",2898,0.325196204527545,NA
"5e9d18ae8a889401",2899,1.68363686609251,NA
"462214f33c497877",2900,0.228628832998226,NA
"dfa78cfcbb07a130",2901,0.237792087059367,NA
"fcc5aa30f8197e61",2902,1.11408694975972,NA
"0a02263a23b68aaa",2903,1.14968432070739,NA
"52c44340f85bc8ca",2904,0.351537113027042,NA
"b385d38122fc9202",2905,0.569534403955982,NA
"5fc446583c2d053c",2906,1.51510925626029,NA
"361c407b2f41c8ad",2907,0.30574796465575,NA
"81c3aba0bc6bd458",2908,0.228898807247779,NA
"664ff89dcbea3a6f",2909,0.802202952463913,NA
"4937205a66f009ab",2910,0.334736235867243,NA
"ac7473d7d1853e71",2911,0.278704342288902,NA
"f65fbe1ce2387b7e",2912,1.25945816392322,NA
"352da60468c78768",2913,0.764911500624519,NA
"95f7426fd8c367ed",2914,2.39905531604303,NA
"c377686870e8ee4d",2915,0.697534747332586,NA
"a1414bb487638ccc",2916,0.130819045809065,NA
"4b42fdadb03998d8",2917,0.756939999324087,NA
"dd8d16496268d573",2918,1.53345636483041,NA
"93312299c1bd2e66",2919,1.25186120588852,NA
"3f7cce4c7f1d5871",2920,0.584840621700394,NA
"e5d9ce070caf83c6",2921,2.3897384888429,NA
"6a814977d6fe8314",2922,0.237792087059367,NA
"61dc3a885b3deb20",2923,0.206822470312708,NA
"e55523723212f8ac",2924,0.395680055764126,NA
"ee72322e296248a1",2925,0.357676333914381,NA
"2d9ee3bfc0475b06",2926,0.709694754361709,NA
"afab3fad6029b871",2927,0.27846859957378,NA
"721bf4644830c3a6",2928,1.83607594625089,NA
"a9c12bf897593134",2929,0.421233409387026,NA
"50508ad7d1f8e9ee",2930,2.08887517281812,NA
"6db290566f71feec",2931,0.906418047415431,NA
"85f909b67c5f7be0",2932,0.793532453636709,NA
"92347dc7074041f3",2933,0.685795679189796,NA
"1d6fe02800a0f768",2934,0.324551986767192,NA
"47fe9cda4d508643",2935,0.492145877742984,NA
"6433dfe6a0452456",2936,0.246437204285003,NA
"4794ba3f5f575eca",2937,0.390642356477031,NA
"08de8a0a961a4f76",2938,0.597032636476084,NA
"08ee6e7bb23b29dc",2939,1.07894600345923,NA
"371b1b987e3f9b7a",2940,0.331273834451248,NA
"d76318d38a6c415e",2941,0.233390151094993,NA
"005fc7855fe8bc45",2942,0.663198592824406,NA
"885f35c9cd4a0bd4",2943,0.266857281555122,NA
"2c223ebfda3b3e89",2944,1.16277241026467,NA
"8967e3df94915928",2945,2.91113979156663,NA
"f73b7df98756e5e5",2946,1.06101171301304,NA
"57efc187139ec120",2947,0.612751711110652,NA
"14d6caf3d15a441f",2948,0.361731573575282,NA
"f52e7d32585f0ffc",2949,0.27541887253286,NA
"f97534f7d1787664",2950,0.365481632674796,NA
"2391d0141ad0eb2f",2951,0.56098238797008,NA
"706805a70671a181",2952,0.294699887386913,NA
"121c58e0ac171ae7",2953,0.421233409387026,NA
"85168d1e1d795918",2954,1.53634737861572,NA
"514c9699029f7ac6",2955,0.410429132963803,NA
"f25118ed13a48bed",2956,0.914068834284008,NA
"1dc3ff1109e6086f",2957,2.18703649746216,NA
"cec12baafa9d1c3a",2958,0.575539946747141,NA
"aaacdd2cc1467b23",2959,0.211577526926908,NA
"be8735c613c48026",2960,1.02037977688784,NA
"aa5a87c9570a063f",2961,0.228898807247779,NA
"c0e3f9ada4fe6749",2962,0.654331826483574,NA
"993221edefb3f215",2963,0.714704429301991,NA
"9c5fef4982e67a5a",2964,0.356353405346434,NA
"ee9801b253de85c9",2965,0.671132416437717,NA
"d6cfeae7b100c655",2966,1.16630388096668,NA
"49610d1967157cc2",2967,0.648530955155599,NA
"9da7be65e1a86a6f",2968,1.43704893689994,NA
"5df215cea7253a85",2969,0.296814210042808,NA
"4fdc589c7c722896",2970,2.74400152343203,NA
"900e80ce1e23a39f",2971,0.763950507659691,NA
"7aeb95f7ccce83bd",2972,1.23809601574657,NA
"e322c7ca6763acc1",2973,0.557131934487142,NA
"15b66ece28346e0e",2974,NA,"arear 缺值"
"e062af9de3c9cd07",2975,0.918866451174517,NA
"f1213ae181878d0a",2976,0.839310471790676,NA
"fac31e586f90e0ed",2977,1.79777632822426,NA
"816e55a5dd48c08b",2978,1.51510925626029,NA
"86df712c359e0f16",2979,0.92361219488366,NA
"978bad3b0ec9c91f",2980,1.56262201140817,NA
"a33337bb7881164d",2981,0.274920853571796,NA
"e6b2e59de20d0fd2",2982,1.89200159880331,NA
"a4040a7bc2cd4aa0",2983,0.268846350365605,NA
"581a0b688a162e6c",2984,0.160637441961464,NA
"880005c6bcc6d832",2985,0.597032636476084,NA
"5bbd74e6b83830ca",2986,0.460218528863242,NA
"aa50b855098f2f2d",2987,0.316577050051396,NA
"b5ba7ac2fd2f226d",2988,0.54326770903978,NA
"42ceeaf374c007bc",2989,0.209081963865116,NA
"b8069b92fc3667a4",2990,0.228898807247779,NA
"6252e9ba1d86d266",2991,3.1319717929691,NA
"0d8b9a101f6bd89c",2992,0.353227695987305,NA
"fab1f3e07a6454d1",2993,0.615660238306708,NA
"c7e7f76aa5a05800",2994,0.216055192078827,NA
"8d00c8bb630a40f9",2995,1.48536011942561,NA
"b87ca452427d1f08",2996,0.936115827692999,NA
"0677328da2cc1b5a",2997,0.54326770903978,NA
"4db3c41cd6efcaa1",2998,1.21338535303303,NA
"9fd46575a98bc37e",2999,0.584840621700394,NA
"71c282c3bd7b3794",3000,0.356353405346434,NA
"d3a6fd8725b8407a",3001,0.310266394877384,NA
"2311523b860dd05c",3002,2.29586130456557,NA
"5069f38c90a29699",3003,0.278704342288902,NA
"bad526ef93f06720",3004,0.600154136991504,NA
"c6aab39d5c396f9b",3005,0.360843209212453,NA
"30cba17e47db703f",3006,3.04836475174986,NA
"745aee764c7c7e68",3007,0.817259784453354,NA
"389df5b6d8e6e05c",3008,1.26617682437824,NA
"2c3a27431a083a31",3009,1.218246503342,NA
"ac26e20b6d79f131",3010,1.26739512503714,NA
"dcb8780da92023e2",3011,0.92361219488366,NA
"407b401230dcfc05",3012,0.513282810682038,NA
"8eb826f659ce632c",3013,1.40565244237607,NA
"b6340cb30aad203f",3014,0.286065590525675,NA
"f61ba038e01779e0",3015,0.376439483015175,NA
"191559d1ef72afe8",3016,0.167768823348026,NA
"c1662371fdecbcc7",3017,0.5391636922439,NA
"21ece886e031fe21",3018,0.360843209212453,NA
"3001a0a40d856419",3019,0.191895638992266,NA
"ddf5ca9e56a2d85d",3020,2.15524071154633,NA
"65f6bf4692faaa2f",3021,0.728582302788655,NA
"95d970b6d1317949",3022,0.509764093408007,NA
"c2778b4985c61fc8",3023,0.513174780983585,NA
"4977c3d27394e600",3024,0.331333555978776,NA
"138bd736b4b30fc6",3025,0.430199174049638,NA
"04352189f77fc6c3",3026,0.206822470312708,NA
"aa4d61a55e735488",3027,0.83632488686133,NA
"febefcbfea154f56",3028,2.53556263723565,NA
"7bfed5a8e7e0a692",3029,0.343012714027632,NA
"b6ecb1c4a401f7df",3030,0.383077501059451,NA
"a37ee68dc1be13d2",3031,1.85666450992493,NA
"a84d28b55b19cfba",3032,0.419236071661588,NA
"2d2d499d3f296e70",3033,0.242925944430686,NA
"4c3d4c5addb12ca5",3034,0.487431618251946,NA
"4cedd5a473364344",3035,0.50077833046599,NA
"f9c18dad6c35ed53",3036,1.06278714285969,NA
"b61ee06d4e3f0d86",3037,1.27597372985995,NA
"bfebf1c18eae3a21",3038,0.391370952927065,NA
"47a06f7f546f2e67",3039,0.29731355629604,NA
"a0abaf3ff80643a9",3040,5.68205926180414,NA
"00ddc0e86d20f26e",3041,0.881624914617051,NA
"89dfc66ff684d0df",3042,0.701182897725272,NA
"201cf37bb2bcabf4",3043,0.39033749092742,NA
"104c6c6512decc43",3044,1.28456609692897,NA
"7c5975f20db59f4c",3045,0.263992381940381,NA
"3e38d2cef5774c14",3046,0.467408899908748,NA
"6789543d749668ae",3047,0.320440520513633,NA
"733bbd38a5fcd1c2",3048,0.275350465629989,NA
"df9cbe974ed25997",3049,0.766949828535489,NA
"8e47916ae860208c",3050,0.480926929175513,NA
"5178eafdd9c86900",3051,1.08377794196055,NA
"cb4de4d58e825bfa",3052,0.624430122478534,NA
"c8bc5901c714d7de",3053,0.665538036325122,NA
"300a0a774e9310ca",3054,1.54273394821287,NA
"9b1ed92d59ab68bb",3055,0.333173439396583,NA
"f7f41aabdf009f8a",3056,0.666163996741027,NA
"58078b4a1622e00b",3057,1.01295418368012,NA
"ef1c3002b7747145",3058,1.19280440404731,NA
"1ae822e80f22c577",3059,4.52510086129794,NA
"dcfd07a7988222ea",3060,0.584679633364931,NA
"2feb125b05fbc0e4",3061,1.11346130705047,NA
"68fce9eabc25ec97",3062,7.33825789479283,NA
"e29aedb6c9a6aaaf",3063,0.766949828535489,NA
"b9971d798deace75",3064,0.501853075836301,NA
"08ecb4525c580b85",3065,0.239221362395814,NA
"e9e2692d9b1a8337",3066,0.292955393700429,NA
"3f1a8503f15ab65d",3067,0.298580369998581,NA
"bcc56f0f74b025e9",3068,0.211577526926908,NA
"eb56fdcd0aad4d90",3069,0.799498268118342,NA
"890009e93cb26a73",3070,1.02216872580999,NA
"752c4311aee0e919",3071,0.680861317012969,NA
"827f41a1096a2ab5",3072,0.914068834284008,NA
"167f61959ef543f4",3073,0.88207443385244,NA
"60020aa695aee8a6",3074,0.538246511674077,NA
"8938805c8aa1fc24",3075,2.11719370900706,NA
"a66d05ad06cd81d3",3076,0.783837802268266,NA
"2ce85bbdab8f04c6",3077,0.824359030287291,NA
"75ba1c579d7fe767",3078,0.630384022950968,NA
"7530fed652e2ef84",3079,0.421233409387026,NA
"3e3963d0e386b4ee",3080,0.522826594786531,NA
"6424daa5b810ddfa",3081,0.430199174049638,NA
"0fda4c41fdef9d32",3082,0.560301045479476,NA
"dc7957be5035f0ef",3083,0.211577526926908,NA
"e7563ed2de465fe5",3084,0.439507371827841,NA
"d2c6de3ad133333c",3085,0.340266727696603,NA
"2aa82523fdcb3518",3086,0.419420584057671,NA
"4c7a09c7a6862019",3087,0.34685382826598,NA
"56fa3b94d7221523",3088,2.23873099202061,NA
"2684a055aa5ab82b",3089,0.484476044770337,NA
"683deaff2cdb26d2",3090,0.255875606371014,NA
"ac4e98f591ebc959",3091,0.719164758160901,NA
"553d2def2e934497",3092,0.236391046148822,NA
"c8d1d6000d77c00e",3093,0.523595715793305,NA
"4f659ea6c5938f8a",3094,1.05891162376837,NA
"ae0e539d8df31ff7",3095,0.268949006331774,NA
"f8ce4c38238a93a3",3096,1.20466605821416,NA
"b55de1639f32dc55",3097,0.375743700651107,NA
"d968e6a6b9f07a25",3098,1.23369703917569,NA
"7a83623a120ed2b2",3099,0.59441080644521,NA
"cca4b4c4e40789f0",3100,0.630613873830428,NA
"7fbcf99adc1e428a",3101,0.61299581343784,NA
"4ddc8081bba333e0",3102,0.251896972762753,NA
"8b343ac3698afea7",3103,0.563438781174125,NA
"96752afd7d44eb07",3104,0.565813945578845,NA
"42da08d111a6132d",3105,0.316577050051396,NA
"a9862d3e9d0415c7",3106,0.480926929175513,NA
"b876fe5f053771df",3107,1.22158500819533,NA
"8f24a4ff28945a91",3108,0.807767144778033,NA
"0c70654a3c28b763",3109,0.795644747122297,NA
"96f40e651d8de4fa",3110,0.615049973533233,NA
"2a943d132ac382d5",3111,0.978756471206869,NA
"5049c9ca0a0856d6",3112,0.602711947487047,NA
"79e2eaca23ef16eb",3113,0.327635676853386,NA
"143427088af54e02",3114,0.30574796465575,NA
"7403cf7e9ce0b11f",3115,0.400772258883061,NA
"ce1f1b09c3bada91",3116,0.35849296511238,NA
"47be3c97ae044871",3117,0.212442250012013,NA
"4a883e323d7fb249",3118,0.454019228165943,NA
"65f3c197ee74fb06",3119,0.775323824390143,NA
"550f655ea633faf0",3120,2.06743222441906,NA
"88e1041325d225d6",3121,0.795644747122297,NA
"a3467aacd3a66531",3122,1.25246320747567,NA
"bba9bfb5d6047a6d",3123,NA,"arear 缺值"
"23fff9e205ed79ad",3124,1.01040008804356,NA
"90062506f206c3c0",3125,0.280264543794067,NA
"8807c17230063d2e",3126,0.364106897751008,NA
"e71311d8010e4cf1",3127,0.430199174049638,NA
"9e2fd356ce6d2033",3128,0.430199174049638,NA
"7491c8130f94c655",3129,0.822003663525896,NA
"3204d3dd66beb87b",3130,0.996886864759449,NA
"3b34f19a28fd4185",3131,0.414053545288745,NA
"b9c915f9167eb6a3",3132,0.234364014821721,NA
"f69327623c137211",3133,0.508629108600307,NA
"cbf24207f907379f",3134,0.351743898838314,NA
"2281841aa4c30b5a",3135,0.278704342288902,NA
"be0e7d23f0a8b4bb",3136,0.981646111835982,NA
"0ac385c0e9dd1dec",3137,1.54456514066648,NA
"69e2a6d6036a14c2",3138,0.666163996741027,NA
"6e5a0a634c19d354",3139,1.8414621646885,NA
"55203e3a273f1ea0",3140,1.93243653105289,NA
"56f15544c6a48471",3141,2.25952371536553,NA
"2d1c19ac98eb38cb",3142,3.67373526835364,NA
"b41ca756623a84c4",3143,0.360843209212453,NA
"3b9df1f8ea497f57",3144,0.719164758160901,NA
"c352fe35dfe66bba",3145,0.818766157124072,NA
"2e0b3d3f9911e045",3146,1.71988673377655,NA
"eb129462cec688cf",3147,1.59498274328919,NA
"1cea41d97592eff2",3148,0.361731573575282,NA
"8c6235e33ab20382",3149,0.130819045809065,NA
"8a8d5a098f342bd9",3150,1.85093943388311,NA
"b469a6c726f222b2",3151,0.535998609532651,NA
"43ded4f9dddbbb60",3152,0.773752591787971,NA
"7deeab16010ab2ca",3153,0.71196506819812,NA
"5b5aae230426a904",3154,0.769708970155949,NA
"da41b6d59616fe7b",3155,0.27846859957378,NA
"a0e8229ca5b12736",3156,1.07152906732297,NA
"35998e4322299e2d",3157,0.783837802268266,NA
"f9107cfa0bde2cd4",3158,0.403751114496556,NA
"5a569bdd65dde98b",3159,0.996886864759449,NA
"549dfefea508df41",3160,1.52802631553393,NA
"93fa673cb9d5fe78",3161,5.62616574669994,NA
"a38a0ba96b219b77",3162,0.834004820416137,NA
"f36948c03d07f933",3163,2.40876440811171,NA
