"memberId","caseid","weight","excluded_reason"
"000812e54ea4c494",1,NA,"edu 缺值"
"0008d6e50a201ee2",2,1.3855991234668,NA
"0008d6e50a201ee2-1",3,4.00754831076323,NA
"000a2f36b514d989",4,NA,"edu 缺值"
"000b5ca46846dbd2",5,0.499754332850847,NA
"0021dfb8930e4e39",6,0.143849474355578,NA
"0022268b8063383e",7,0.131103006091378,NA
"0024f284d6d025f2",8,0.247311333438462,NA
"00253a9cd8879d27",9,NA,"edu 缺值"
"0028d9900928c300",10,0.189870430687549,NA
"002da3e95b15bc98",11,5.00009104606325,NA
"0030b701b71007d2",12,NA,"edu 缺值"
"003113a36a32b57b",13,NA,"edu 缺值"
"004358051e8a092e",14,1.07233400120656,NA
"004e0c9c966c8377",15,NA,"edu 缺值"
"004e444d84224dcf",16,1.62728336093566,NA
"005fc7855fe8bc45",17,0.360684248405661,NA
"00600e5244d42277",18,0.161403074529731,NA
"0061dbe0d7f85fce",19,NA,"edu 缺值"
"0069b68a160cf6da-1",20,NA,"party_kmt 缺值"
"0069b68a160cf6da",21,0.193448411329452,NA
"006ef25e2b7bf01e",22,0.0704952927516892,NA
"00782337cab73531",23,0.282723644450041,NA
"00794f8b955774d8",24,0.409455600887348,NA
"007ea3cc52c372e6",25,0.16829845267839,NA
"007f9b7c5111a808",26,NA,"party_tpp 缺值"
"0084fa7aa08ebf86",27,NA,"party_kmt 缺值"
"0087b1f0c32503e9",28,NA,"party_tpp 缺值"
"008a737857280bf9-1",29,NA,"party_tpp 缺值"
"008a737857280bf9",30,NA,"party_tpp 缺值"
"008ae5045e07ee97",31,NA,"sex 缺值"
"00975beef615fb2f",32,NA,"sex 缺值"
"009acb65918ec802",33,NA,"party_tpp 缺值"
"00a1a445897d42e1",34,NA,"edu 缺值"
"00a6b3777a06611e",35,0.19464968464914,NA
"00a7384fa5a3d8fa",36,NA,"edu 缺值"
"00bd1f66bc7fa90b",37,NA,"party_tpp 缺值"
"00c0673d0f411e6f",38,0.647312234268205,NA
"00c427b6db6bbe70",39,0.0863931964567863,NA
"00c553120c55c739",40,0.0704952927516892,NA
"00c553120c55c739-1",41,NA,"party_kmt 缺值"
"00c86490f3bda0b0",42,0.704812506367594,NA
"00d5b42c39ef0bb4",43,NA,"edu 缺值"
"00d64ac53b7be751",44,0.170238235700995,NA
"00d7b2032d76d363",45,NA,"edu 缺值"
"00d88a373394bae2-1",46,NA,"party_kmt 缺值"
"00d88a373394bae2",47,0.161035702786106,NA
"00d8e755ed3bf2a6",48,0.27157879875813,NA
"00ddc0e86d20f26e",49,0.702631727979924,NA
"00df2b7f30d34527",50,0.143522056601192,NA
"00ec5dd4a5e2fd93-1",51,NA,"party_kmt 缺值"
"00ec5dd4a5e2fd93",52,0.0736746478324626,NA
"00edac5b5005d02c",53,5.00009104606325,NA
"00f4f6932604397c",54,NA,"edu 缺值"
"00f793f02e89964a",55,2.12119386455947,NA
"00fcee66bd99a4eb",56,0.137328507079303,NA
"00fe07bdc93c4d86",57,0.544360488546779,NA
"010484a6a8e747d6",58,0.0736746478324626,NA
"01056e1e18fc9e90",59,NA,"edu 缺值"
"010a4d210d8aba07",60,0.497256645674774,NA
"011ff13b5937cc24",61,NA,"edu 缺值"
"01204504e8de2067",62,5.00009104606325,NA
"01223372dc4b122a",63,0.370839403919046,NA
"01223372dc4b122a-1",64,NA,"party_kmt 缺值"
"0128f7e262dacd16",65,0.147101185861357,NA
"01325b6ac119d4be",66,0.481391881251299,NA
"01330bbb2d901294",67,NA,"party_tpp 缺值"
"013ad274115a8634",68,0.580701952252006,NA
"013cf9800920dee8",69,NA,"edu 缺值"
"01408a689b50bca0",70,NA,"sex 缺值"
"01434b8d32c3a8bb",71,0.122293839857739,NA
"014894d843bcff01-1",72,NA,"party_kmt 缺值"
"014894d843bcff01",73,0.391650743289372,NA
"01562b296754a4ac",74,0.106699590892319,NA
"015c394b6c80d0a2",75,NA,"edu 缺值"
"0161bcfd090f3f2a",76,0.177806529508921,NA
"016471dc0fd9de1d",77,0.106699590892319,NA
"0172037ae722453f",78,0.0981324511294532,NA
"0178100a5d769622",79,NA,"party_tpp 缺值"
"01813623b520353a",80,0.0826649852446509,NA
"018140c58ae0cd6b",81,0.270522990875408,NA
"0191d94cbfa899a5",82,0.337767256467019,NA
"01a13853c3bc11ec",83,0.0704952927516892,NA
"01a297c6be4bed85",84,0.0704952927516892,NA
"01a926e9b712ba83",85,0.158056991096045,NA
"01a926e9b712ba83-1",86,NA,"party_dpp 缺值"
"01abb8fd967871eb",87,0.0935534866653076,NA
"01ba5e4187aed2ce",88,NA,"edu 缺值"
"01bbeaa351c96e8d",89,0.409455600887348,NA
"01bcd1a0ea155d75",90,0.73023217409767,NA
"01c4f5abf04fb96b",91,0.375199274569863,NA
"01ce21a27d19fd1d",92,0.73023217409767,NA
"01d44d304351e2f3",93,5.00009104606325,NA
"01d93877518d4649",94,NA,"party_tpp 缺值"
"01dbde8ba35d187b",95,NA,"edu 缺值"
"01e1c0ae40d6e83a",96,NA,"sex 缺值"
"01e4525fb5e5d8b4",97,5.00009104606325,NA
"01e6091ae6a528b9",98,0.939915847775935,NA
"01e94b0cdc2616dd",99,1.6290317369217,NA
"01edeff3bdbf2a08",100,0.0935534866653076,NA
"01edf57e2bbaba57",101,NA,"sex 缺值"
"01edf57e2bbaba57-1",102,NA,"sex 缺值"
"01f9b19fd8d4e4f2",103,0.0704952927516892,NA
"01fa555827119c1d",104,0.0826649852446509,NA
"01ff1bc18e49595a",105,0.282723644450041,NA
"020ef4c983303e94",106,0.143405581745165,NA
"020ef4c983303e94-1",107,0.47112952975556,NA
"020f84004e6edd8e",108,NA,"party_tpp 缺值"
"02177c942c720813",109,0.122293839857739,NA
"0218acec330eef46",110,0.189870430687549,NA
"02196c33f73cffd0",111,0.571465235506897,NA
"02196c33f73cffd0-1",112,1.62728336093566,NA
"0220e50e96d74c33",113,0.147101185861357,NA
"0222187abc0b3e2e",114,NA,"edu 缺值"
"02247ca90be70993",115,0.189870430687549,NA
"02302bce776c161b",116,NA,"edu 缺值"
"0239f97d620ad631",117,NA,"sex 缺值"
"023bc8548f1135f2",118,NA,"party_tpp 缺值"
"023c5d09dae79798",119,NA,"edu 缺值"
"02438eec6cd30a92",120,NA,"edu 缺值"
"0244b9bc61792fef",121,0.73023217409767,NA
"024636928df40145",122,1.58640133098009,NA
"024743cd79afb266",123,5.00009104606325,NA
"024d1e650c69cd9f",124,NA,"edu 缺值"
"024d751404b65a4f",125,NA,"party_tpp 缺值"
"0251ccf9f0612760",126,0.0704952927516892,NA
"02609c93c0d431e2",127,0.157414247542842,NA
"026ecf482b5c1f85",128,5.00009104606325,NA
"026f541d5fdfb722",129,0.27157879875813,NA
"02701783e74ad82e",130,5.00009104606325,NA
"02729c3305a04760",131,0.200703811200941,NA
"02786e3698e7a17f",132,0.141599791476844,NA
"02790ba2af266088",133,NA,"edu 缺值"
"028317750b36abab",134,0.246748424732736,NA
"02851e4cbfcaeab7",135,0.465761234792302,NA
"028729452f56ebb2",136,NA,"edu 缺值"
"02887751d55c41b7",137,NA,"edu 缺值"
"028db21584ec86ec",138,1.50294475443083,NA
"028f0427ff9d0745",139,0.190900971620032,NA
"028fd486422e33f3",140,5.00009104606325,NA
"02944411331b2995",141,NA,"edu 缺值"
"029dcef5ed2fab85",142,0.499754332850847,NA
"02a11746e0b861e8",143,NA,"party_tpp 缺值"
"02a5e5cf03a2926b",144,NA,"edu 缺值"
"02a9ac5f2ab7415a",145,1.2148840312943,NA
"02af2e742654b9cb",146,NA,"edu 缺值"
"02b05203230db3ea",147,NA,"edu 缺值"
"02b0a476061d27b9",148,NA,"party_tpp 缺值"
"02c08931d2858e47",149,0.33153058856141,NA
"02ce8a36b39b7d73",150,NA,"edu 缺值"
"02d13b62d2f04d8c",151,NA,"party_tpp 缺值"
"02d15f4f597e245c",152,0.104426584634346,NA
"02d6e9e6fb1fddd7",153,0.427922149421554,NA
"02da868686b25e69",154,0.0736746478324626,NA
"02e786f4423d90f3",155,NA,"sex 缺值"
"02ec9e0d8cc41322",156,NA,"sex 缺值"
"02eda0ecb5ea71e6",157,0.31740891368267,NA
"02f65d37bb3bf7c2",158,0.317223720565632,NA
"02f81b2fac75ce10",159,0.225763896503032,NA
"02fc10f2d15ed603",160,1.26099799399855,NA
"0304f648ef16816c",161,NA,"party_tpp 缺值"
"0305ff64e10b5131",162,3.68095655743957,NA
"0313b760a915ccae",163,0.225397134049326,NA
"0316e685ce13375a",164,NA,"party_tpp 缺值"
"031945ae5f467bd2",165,0.409455600887348,NA
"0333ed4661ea757e",166,NA,"edu 缺值"
"03485910eb48ceaa",167,NA,"party_tpp 缺值"
"034a05ae58e67998",168,0.147985976977968,NA
"035fb660c398e830",169,0.0863931964567863,NA
"036302e3c2117c66",170,0.397193255426077,NA
"0368f97f61747bdf",171,NA,"party_tpp 缺值"
"0373aea2dff3d54d",172,NA,"edu 缺值"
"0373b699c721add1",173,1.68771509332565,NA
"0373e4b3703efdfc",174,NA,"edu 缺值"
"0376d40e9baa8fc2",175,1.83881255131899,NA
"037ad25f947a60b9",176,0.0704952927516892,NA
"037d069f118638d0",177,0.670118009544355,NA
"038320bde5dc9a72",178,0.295288117121358,NA
"0392f4be0fd218c3",179,5.00009104606325,NA
"039a662531a99f3c",180,NA,"sex 缺值"
"039f9ef12671a81d",181,0.0826649852446509,NA
"03a2be376a94d449",182,5.00009104606325,NA
"03a31613277dddc5",183,0.37657952957204,NA
"03a4084e0bd2d172",184,NA,"party_tpp 缺值"
"03aa7e0c3a41cb62",185,0.73023217409767,NA
"03b615965c8f0c5b",186,5.00009104606325,NA
"03bb35d67d220609",187,0.0704952927516892,NA
"03c33edb49402660",188,NA,"edu 缺值"
"03c3b638b5518953",189,2.96408070500205,NA
"03c3c49438a20112",190,0.268006635152847,NA
"03c47272fd3e6c37",191,0.203263341729211,NA
"03c72437e9661216",192,NA,"party_tpp 缺值"
"03d46dd20708b26c",193,0.228252308506251,NA
"03d7104aa4c7ddd2",194,5.00009104606325,NA
"03d87bdc6273d752",195,5.00009104606325,NA
"03dbaa8c38d47ff3",196,0.168682392978214,NA
"03e3e13841d7f56c",197,0.137328507079303,NA
"03ef41499362fd6d",198,0.137328507079303,NA
"03f0453813adacd6",199,3.88653726077979,NA
"03f451490f4cdadb",200,1.54167608380652,NA
"03f71879de3d9190",201,0.141599791476844,NA
"03f8b133fed6f048",202,0.0736746478324626,NA
"03fa9ee045f0d2a6",203,0.984302576831165,NA
"03feffbd13c14ee3",204,0.111511768743893,NA
"0402ff98f3a3f1a6",205,1.5983817150522,NA
"040833f38b8fc14e",206,5.00009104606325,NA
"04086e98af4defd7",207,0.147101185861357,NA
"0409bfecf695a1b0",208,3.21158088770524,NA
"04114830c21f9b3e",209,1.78143172759595,NA
"041d1c799e32963c",210,NA,"age 缺值"
"043266cc14774124",211,5.00009104606325,NA
"04352189f77fc6c3",212,0.143405581745165,NA
"043677c9b0ac1514",213,0.317294554459812,NA
"043e8a628cac8981",214,0.859040570130117,NA
"043f6e5bef27f9ca",215,NA,"edu 缺值"
"04473278c1ca7a54",216,NA,"party_tpp 缺值"
"0451cb7dfc9ddc1e",217,NA,"party_tpp 缺值"
"04554277e6dbac5f",218,0.464221361547281,NA
"0456f952f15ba7f2",219,0.0704952927516892,NA
"045a0a679c1c5502",220,0.619378128012992,NA
"045a5d5ffc131f81",221,0.682869326233153,NA
"0460dc063a752b1e",222,0.623780229721267,NA
"046755c73c2c6bc7",223,5.00009104606325,NA
"046afed000d7d3c5",224,5.00009104606325,NA
"0470638de8e0484c",225,NA,"sex 缺值"
"04740f13cff134be",226,0.0826649852446509,NA
"04757b1353ecb6b3",227,0.401743698398901,NA
"0483d4bb32aa94f5",228,5.00009104606325,NA
"0485d67b3c578d3a",229,NA,"sex 缺值"
"04863da50a527abe-1",230,NA,"party_kmt 缺值"
"04863da50a527abe",231,1.26967560058462,NA
"04892cea0ae5a85e",232,5.00009104606325,NA
"048ea43237d7423a",233,0.0981324511294532,NA
"0491115c44fd04f2",234,0.168094563567848,NA
"0491115c44fd04f2-1",235,NA,"party_kmt 缺值"
"0493096beec02ec5-1",236,NA,"party_tpp 缺值"
"0493096beec02ec5",237,0.270522990875408,NA
"049d7dcf709baa74",238,4.4234764457091,NA
"04a309954fe427bb-1",239,0.465196977412774,NA
"04a309954fe427bb",240,0.141599791476844,NA
"04a4bdfc25a55a5c",241,NA,"edu 缺值"
"04a7a8c3912172d7",242,NA,"sex 缺值"
"04a7a8c3912172d7-1",243,NA,"sex 缺值"
"04ae45c5261574fc",244,NA,"edu 缺值"
"04b17eeb06918f67",245,0.0826649852446509,NA
"04b53357e8609e4b",246,NA,"edu 缺值"
"04b6195442a96a86",247,0.182662832831437,NA
"04b6195442a96a86-1",248,NA,"party_kmt 缺值"
"04bdcd46cce13e96",249,0.122293839857739,NA
"04c00922b9fb0eb3",250,0.0704952927516892,NA
"04c84358375fc11c",251,NA,"edu 缺值"
"04cbf3e8a9b17d30",252,NA,"edu 缺值"
"04d01ff47df2697f",253,0.0826649852446509,NA
"04d60e310840cfa9",254,0.122453879415099,NA
"04e4398e43aa0e9e",255,NA,"sex 缺值"
"04e51e5549f34a60",256,NA,"edu 缺值"
"04e78a6c6ebfc2f2",257,0.481391881251299,NA
"0500bd0772b62d0d",258,NA,"edu 缺值"
"050403f4934e45d0",259,0.345119283638798,NA
"0508e3cd6d83ba7c",260,0.163024078087676,NA
"0516db906d808a83",261,0.117169505819394,NA
"0517cc4ec7d71a64",262,NA,"party_dpp 缺值"
"05191a3b9a2c29c3",263,NA,"party_tpp 缺值"
"051fe9711d5f758b",264,NA,"edu 缺值"
"0523101d7a3b3e09",265,0.254274446084471,NA
"0523101d7a3b3e09-1",266,NA,"party_dpp 缺值"
"0524fd5bf91c5244",267,0.203428433409571,NA
"0525ed8e5008e9f0",268,1.10880413419924,NA
"05272831ee78646b",269,NA,"sex 缺值"
"05272831ee78646b-1",270,NA,"sex 缺值"
"05274346a8060f21",271,0.147101185861357,NA
"0528ff1bb621ddaf",272,5.00009104606325,NA
"052a731be8ef38a6",273,0.27157879875813,NA
"0530bd606e71e4da",274,0.106699590892319,NA
"0535cdd54184f3da",275,0.350539549928668,NA
"053cd0d410794a10",276,0.728620518951834,NA
"054fb0925d33a024",277,0.168682392978214,NA
"0554d75a1eabb5de",278,0.0736746478324626,NA
"055e8bf37233a607",279,5.00009104606325,NA
"0563b0fdb0fd6f5d",280,NA,"edu 缺值"
"0565bb09794d6d92",281,0.185100340350864,NA
"0565e1da06f12d41",282,0.137328507079303,NA
"056b28d2d84d49b6",283,2.08896256371023,NA
"0570f24b0008b24b",284,1.07348613184449,NA
"0571c63922feaaf7",285,0.0826649852446509,NA
"05730faaf8aa9922",286,0.1512362011435,NA
"0573221c260fb6cb",287,5.00009104606325,NA
"0577f3f32d59fde5",288,2.80223805107354,NA
"0581aa1c4d5093ae",289,0.956737758829911,NA
"0582b4f79e349ee2",290,1.3841120141743,NA
"058393313750d3f7",291,0.682724096666603,NA
"05886778b9e93532",292,NA,"edu 缺值"
"058a560cfcdc8d61",293,0.465761234792302,NA
"058a90ba291212e8",294,2.4011301520916,NA
"0594b08a30b7f032",295,NA,"party_tpp 缺值"
"05969ce857fc9cbf-1",296,NA,"party_kmt 缺值"
"05969ce857fc9cbf",297,0.161035702786106,NA
"05a084de3aa5e05e",298,NA,"edu 缺值"
"05a39a465e8345cd",299,NA,"sex 缺值"
"05aa86af058da322",300,5.00009104606325,NA
"05aa86af058da322-1",301,NA,"party_kmt 缺值"
"05c033d685d910ec",302,0.0981324511294532,NA
"05c033d685d910ec-1",303,NA,"party_dpp 缺值"
"05c73bdc5046faa7",304,NA,"edu 缺值"
"05c8a39b8216e88e",305,0.258906643376132,NA
"05d16a2da017602d",306,0.0981324511294532,NA
"05d3a8ced0a9c6c1",307,5.00009104606325,NA
"05d70021eae5a2dc",308,0.106699590892319,NA
"05d70021eae5a2dc-1",309,NA,"party_kmt 缺值"
"05e19809fdbda2b6",310,5.00009104606325,NA
"05ed8cfe32ed1f0b",311,NA,"edu 缺值"
"05ede26c35e55da1",312,NA,"sex 缺值"
"05ede26c35e55da1-1",313,NA,"sex 缺值"
"05ff31c3cfd6181f",314,0.126664177798915,NA
"0600132f209af68b",315,NA,"party_tpp 缺值"
"060540c320cc9e64",316,NA,"party_tpp 缺值"
"0605fc0982383f17",317,2.47903686165604,NA
"06089fb734031939",318,0.395558802542504,NA
"060b33c98a31766c",319,0.33153058856141,NA
"0612be04c5444c29",320,0.161035702786106,NA
"06132dc5cf2c56cc",321,0.645056461378847,NA
"061c2995d8cb57f4",322,0.4017712460214,NA
"0624f23a92cef227",323,0.347166583883936,NA
"0629335317d21e1f",324,NA,"party_tpp 缺值"
"06295695e4c485d9",325,0.106699590892319,NA
"0629b17058ead902",326,0.231597778272698,NA
"0633b9b58e326959",327,0.163395985924161,NA
"06360603461e5a98",328,NA,"edu 缺值"
"064693fe40cfda7d",329,NA,"edu 缺值"
"064873f6c3cdcbb9",330,1.91025356785221,NA
"065cfacb28b2fc3c",331,0.451164551441784,NA
"06673289b043997b",332,0.439799845478686,NA
"0668670ab209c33d",333,NA,"party_tpp 缺值"
"066a8967d382b17e",334,NA,"edu 缺值"
"066d9ee672cbeb7a",335,3.99125149388073,NA
"066ffc0230dbf73c",336,0.503102773762811,NA
"066ffc0230dbf73c-1",337,NA,"party_dpp 缺值"
"0677328da2cc1b5a",338,1.90852129346158,NA
"0680c56836cb242a",339,NA,"edu 缺值"
"0686b773a5df28d3",340,1.2148840312943,NA
"0686c9a3fb31aa1c",341,0.0836856844568212,NA
"06871e3900789985-1",342,NA,"party_tpp 缺值"
"06871e3900789985",343,2.85346872644724,NA
"0689cfd7f6ce5eae",344,NA,"sex 缺值"
"068f7c6993acf9c3",345,0.117169505819394,NA
"068f7c6993acf9c3-1",346,NA,"party_kmt 缺值"
"06932a9c391e723a",347,NA,"edu 缺值"
"069f57ab3ea692aa",348,0.0704952927516892,NA
"06a429a7144455b5",349,0.318303902769141,NA
"06ac49b76cc22cc3",350,0.185100340350864,NA
"06af4560df6ac495",351,0.231597778272698,NA
"06b0968698caeb43",352,NA,"edu 缺值"
"06b7438294e4a808",353,NA,"party_dpp 缺值"
"06bd3b23924086dc",354,NA,"sex 缺值"
"06c3bdecfb27b7d1",355,0.246748424732736,NA
"06c8985dce229bbf",356,0.460683494922433,NA
"06c8bbd826baa8f5-1",357,NA,"party_kmt 缺值"
"06c8bbd826baa8f5",358,1.3855991234668,NA
"06c8c06cdf0da6fc",359,NA,"sex 缺值"
"06ca103f961ae313",360,0.0826649852446509,NA
"06ca9a3cb40bc18d",361,1.14973675048474,NA
"06d7219e4b0c8f36",362,NA,"party_tpp 缺值"
"06d836e90033fa70",363,0.270522990875408,NA
"06d9984cd59bfa2c-1",364,NA,"party_dpp 缺值"
"06d9984cd59bfa2c",365,0.16829845267839,NA
"06df2f6526b43f18",366,5.00009104606325,NA
"06e222f91fa6103d",367,0.161035702786106,NA
"06e7d877222e74de",368,NA,"party_tpp 缺值"
"06e832ef78288ef0",369,0.0736746478324626,NA
"06eae48e474e749d",370,NA,"party_tpp 缺值"
"06fb6adbc8be2b43",371,NA,"party_tpp 缺值"
"07002c4e06b39581",372,0.122453879415099,NA
"07061a8ece15d5dd",373,NA,"edu 缺值"
"070d4f03e38f69ba",374,0.174625325219644,NA
"071a424e73ca2d8c",375,0.147101185861357,NA
"071b8ba216e733ac",376,0.141599791476844,NA
"071fb0d096f9b6b8",377,1.50382216367157,NA
"072189a11911d902",378,NA,"sex 缺值"
"07259db11fc20e9a",379,0.409455600887348,NA
"072c4e7705fafb45",380,0.31740891368267,NA
"07305bb6d2003c69",381,5.00009104606325,NA
"0731f7aca0135713",382,NA,"edu 缺值"
"0733a6f4c0f66bc5",383,NA,"party_tpp 缺值"
"073c03923919f574",384,0.682869326233153,NA
"073e07ca7fe10e2f",385,0.451164551441784,NA
"07452682421860c8",386,5.00009104606325,NA
"074665e4ebf6ae54",387,NA,"edu 缺值"
"074763c93ba34459",388,NA,"edu 缺值"
"07478640ca0ad78c",389,0.16829845267839,NA
"074bef2aec1962cc",390,NA,"party_kmt 缺值"
"074fef4ecc6013e2",391,0.317223720565632,NA
"075514173e0b27b7",392,NA,"party_tpp 缺值"
"075602ee2daf32c0",393,0.0981324511294532,NA
"0759ab04c6fdc5a8",394,0.481391881251299,NA
"075afad5a152959d",395,NA,"party_tpp 缺值"
"0760000c410fc129",396,0.0704952927516892,NA
"0760b8211ec97488",397,0.141599791476844,NA
"077556e4f0dc87df",398,0.137328507079303,NA
"0777d7148ab8b248",399,NA,"sex 缺值"
"0780fee97b9760a3",400,0.0826649852446509,NA
"07853bf8184f411c",401,NA,"edu 缺值"
"07856f1497ebb688",402,0.950367286288236,NA
"078580f5882a3456",403,NA,"edu 缺值"
"0789931f8e519b49",404,5.00009104606325,NA
"078fea94197fd3a1-1",405,NA,"party_dpp 缺值"
"078fea94197fd3a1",406,0.258906643376132,NA
"07a35e6e1e8bbd5e",407,0.0826649852446509,NA
"07ab0004abee4a6c",408,NA,"edu 缺值"
"07b332c05e2261bd",409,0.771577581993906,NA
"07b4d98c23be90c6",410,NA,"party_tpp 缺值"
"07b8e447bc886632",411,NA,"edu 缺值"
"07b93c817a5867ef",412,0.276473063286616,NA
"07ba3faa0fb8304a",413,0.550760405309663,NA
"07baca758207d7c9",414,NA,"edu 缺值"
"07bcc811dd88e3e3",415,NA,"party_tpp 缺值"
"07cca730735ace3d",416,0.269122706155871,NA
"07d96c053c950c65",417,0.231597778272698,NA
"07dc9ec04c2bcff7-1",418,NA,"party_dpp 缺值"
"07dc9ec04c2bcff7",419,0.405752469491046,NA
"07e075219ba30849",420,5.00009104606325,NA
"07eb4a162ce1ad10",421,NA,"edu 缺值"
"07f525d22e665800",422,5.00009104606325,NA
"07ff8d3727758d4d",423,0.1512362011435,NA
"080142de344972d1",424,0.571465235506897,NA
"080bd0c447b91ac6",425,2.16749329096119,NA
"08112d4dd359a11f",426,NA,"sex 缺值"
"08188709a3fbb80b",427,0.490463387678337,NA
"0818dc83919b8cb0",428,0.141599791476844,NA
"0818dc83919b8cb0-1",429,NA,"party_dpp 缺值"
"081d9c0e89d7731b",430,0.239090741590243,NA
"08202fec562c1a59",431,NA,"edu 缺值"
"08362c072d8d31f1",432,2.93176622786441,NA
"083ed916e14710b3",433,NA,"party_tpp 缺值"
"0842e094198e0026",434,NA,"edu 缺值"
"084691ccd112b188",435,NA,"sex 缺值"
"084691ccd112b188-1",436,NA,"sex 缺值"
"08473836a3ff3a23",437,0.181157174042055,NA
"08473836a3ff3a23-1",438,NA,"party_dpp 缺值"
"0847c23baa1512e1",439,NA,"edu 缺值"
"08486d030faea3e5",440,NA,"party_tpp 缺值"
"084ddd298389b75f",441,0.481391881251299,NA
"08508950f0bb74a4",442,0.231597778272698,NA
"0855b710a2f6a1ec",443,NA,"party_tpp 缺值"
"085e3446db3fe9d3",444,5.00009104606325,NA
"08605a98549babc4",445,NA,"edu 缺值"
"0861dc52a605d0ff",446,0.439970404908748,NA
"0866b33c17e0b727",447,0.0981324511294532,NA
"086b29561a8c1249",448,NA,"party_tpp 缺值"
"086b9415cd54bbc8",449,0.946887646635036,NA
"0872fbcafec643f9",450,0.499754332850847,NA
"08757bf5ef20089c",451,5.00009104606325,NA
"08768c6d53409aee",452,0.0863931964567863,NA
"0878ad87fc16c1b8",453,NA,"edu 缺值"
"08848993437e2ce6",454,NA,"edu 缺值"
"088711152abe15d3",455,NA,"edu 缺值"
"0887309da4d23ccc",456,1.27553206998897,NA
"0889c46797478449",457,0.270522990875408,NA
"088c045c53d23211",458,0.109703744645957,NA
"088db5bc83bd2e12",459,NA,"edu 缺值"
"088e5e979e03453d",460,0.550313437502534,NA
"0891936c9c423b30",461,0.106699590892319,NA
"08a95e2ca4aae87b",462,NA,"party_tpp 缺值"
"08ab1885f1f33d35",463,5.00009104606325,NA
"08ab1885f1f33d35-1",464,NA,"party_kmt 缺值"
"08af984ea8387524",465,0.0826649852446509,NA
"08b4ff8b7e723134",466,0.143405581745165,NA
"08c57b456b96b7b3",467,0.106699590892319,NA
"08c5c46b4500f3e5",468,0.161403074529731,NA
"08c9292209c45917-1",469,NA,"party_kmt 缺值"
"08c9292209c45917",470,1.12190062101387,NA
"08d97de207cbccba",471,NA,"edu 缺值"
"08da0d3832ebc306",472,NA,"edu 缺值"
"08dab4a5ad0228fc",473,NA,"edu 缺值"
"08de8a0a961a4f76",474,0.420983926067105,NA
"08e5c14284487ea8",475,2.11702798308037,NA
"08eaef9c6df7deab",476,NA,"party_tpp 缺值"
"08ecb4525c580b85",477,0.117169505819394,NA
"08ecb4525c580b85-1",478,NA,"party_kmt 缺值"
"08ecc47d413583bf",479,0.303602028149845,NA
"08ecc47d413583bf-1",480,NA,"party_kmt 缺值"
"08ee6e7bb23b29dc",481,5.00009104606325,NA
"08f21fcc737a9a21",482,5.00009104606325,NA
"08f58c2f4fa46dc3",483,NA,"edu 缺值"
"08f68de3ffdde969",484,NA,"edu 缺值"
"09020d10d3ebb043",485,0.439970404908748,NA
"09020d10d3ebb043-1",486,NA,"party_kmt 缺值"
"0903167242a8ecc5",487,0.465196977412774,NA
"0909605665172bba",488,0.4017712460214,NA
"091422feffc09dc3",489,0.27157879875813,NA
"09179a5fd45fdfac",490,NA,"party_tpp 缺值"
"091a8c469a6b0ed1-1",491,NA,"party_kmt 缺值"
"091a8c469a6b0ed1",492,0.0704952927516892,NA
"091bdf30eb455411",493,NA,"party_dpp 缺值"
"091d5db017e71393",494,0.126664177798915,NA
"09220de7c16bfa25",495,NA,"edu 缺值"
"0922d47027c63d1b",496,NA,"edu 缺值"
"09254406af63865c",497,1.14973675048474,NA
"0926f2767ef12360",498,2.08643184098348,NA
"093208d512d0093a",499,NA,"sex 缺值"
"0934a3f0c44176e9",500,0.544360488546779,NA
"0935334e6db2f91a",501,NA,"party_tpp 缺值"
"0935da22427f8bd2",502,0.117169505819394,NA
"0936fec6c7668899",503,0.31740891368267,NA
"093b7432d5b2607c",504,0.106699590892319,NA
"09403205649ae34d",505,2.64774484157962,NA
"0944b6a5678e0fdf",506,NA,"party_tpp 缺值"
"0944dead9bb08be1",507,NA,"edu 缺值"
"0947f36fead09295",508,NA,"edu 缺值"
"095dc4d248e2c271",509,0.424142210537634,NA
"095dc4d248e2c271-1",510,NA,"party_kmt 缺值"
"0973017e58384a85",511,NA,"edu 缺值"
"0988330a4b9d4ac2",512,0.141599791476844,NA
"098a9b02ca734330",513,NA,"edu 缺值"
"0990d5552e175ebb",514,0.420983926067105,NA
"09932a84830b4979",515,0.207856368152516,NA
"09a2813acb1b993f",516,0.412125009469762,NA
"09a59689323f8a77",517,1.20159016135121,NA
"09bd36f9d2348fe7",518,0.31740891368267,NA
"09c0a5923fb3106f-1",519,NA,"edu 缺值"
"09c0a5923fb3106f",520,NA,"edu 缺值"
"09c861297d05f8e8",521,0.163395985924161,NA
"09d2ee070a148547",522,0.567890529098339,NA
"09d46da5ad3e3b8c",523,NA,"sex 缺值"
"09d46da5ad3e3b8c-1",524,NA,"sex 缺值"
"09d978a1ec48d048",525,0.511234533187864,NA
"09da484144cdb5e2",526,NA,"party_tpp 缺值"
"09dbddb9d167a7b6",527,NA,"edu 缺值"
"09e184dc8d3ffb0e",528,NA,"party_tpp 缺值"
"09ed1c535e36c268",529,0.409694638368157,NA
"0a02263a23b68aaa",530,2.92700345670358,NA
"0a0ed6fb4ed88ef6",531,NA,"party_tpp 缺值"
"0a0fee6febf26273",532,NA,"sex 缺值"
"0a1259ff1ac752bf",533,NA,"party_tpp 缺值"
"0a14a36d361902a2",534,1.5983817150522,NA
"0a16527b798fb453",535,NA,"edu 缺值"
"0a19ab18c6e3ae4d",536,NA,"edu 缺值"
"0a1e9e8bb321c780",537,0.575132709190708,NA
"0a26dc5a51ad7007",538,NA,"party_dpp 缺值"
"0a28e80ed146d2b8",539,0.125445388161949,NA
"0a2a6a3a9874eef5",540,0.238300273409114,NA
"0a2fcbe3b19cd8ca",541,1.58640133098009,NA
"0a35edbfeaae1f0d",542,0.122293839857739,NA
"0a46d7835e35ce69",543,1.02895165813995,NA
"0a49a05614b23097",544,NA,"party_tpp 缺值"
"0a4b024b50501cfa",545,1.42308203522184,NA
"0a4b4b9bdf7630ce",546,NA,"sex 缺值"
"0a5096b20035bd5c",547,1.90820336748497,NA
"0a5514b16d691282",548,NA,"edu 缺值"
"0a56df3aad940f3a",549,0.409547029531626,NA
"0a61dcc6208f0970",550,5.00009104606325,NA
"0a62dd1bdde67907",551,0.420983926067105,NA
"0a6da67cea795c01",552,0.207856368152516,NA
"0a7b98e4c185ff92",553,0.0826649852446509,NA
"0a7cd09fb5ad8373",554,0.122293839857739,NA
"0a828539d35418f1",555,0.317223720565632,NA
"0a899c9ea76f7c5b",556,0.317223720565632,NA
"0a8c4d6b8b588887",557,0.0826649852446509,NA
"0a8d58ec944e1539",558,NA,"party_tpp 缺值"
"0a92d48fb3f61ed7",559,0.219734510927064,NA
"0a96a89818a0540c",560,0.318303902769141,NA
"0aa032e286299006",561,NA,"edu 缺值"
"0aa0c847346d065e",562,5.00009104606325,NA
"0aa198f5aed57597",563,0.0826649852446509,NA
"0aa35f147c0acaa1",564,NA,"sex 缺值"
"0aa3db6976db9d5c",565,0.0977727719756202,NA
"0aa3f8c862fbf529",566,5.00009104606325,NA
"0aa88034a237f68a",567,1.78143172759595,NA
"0aadea659160ea26",568,0.459634926924071,NA
"0ab23c396547ff5b",569,0.0826649852446509,NA
"0ab2894a4c651f4a",570,NA,"edu 缺值"
"0ab644eeb4ec5b34",571,0.0704952927516892,NA
"0ab66430cc39a36c-1",572,NA,"party_kmt 缺值"
"0ab66430cc39a36c",573,0.47112952975556,NA
"0ab66defcc0e9c21",574,NA,"edu 缺值"
"0abe7eb4f938e489",575,1.62762951783611,NA
"0abf765e2dc04f30",576,NA,"party_tpp 缺值"
"0ac045a17eadbceb",577,NA,"edu 缺值"
"0ac14d560fd0b1ab",578,0.409455600887348,NA
"0ac1dbe438c12768",579,0.282723644450041,NA
"0ac385c0e9dd1dec",580,5.00009104606325,NA
"0ac7fa9427471856",581,0.617968352991575,NA
"0aca5aa9f6306381",582,1.78143172759595,NA
"0ad0f4beca910e4e",583,3.11373094717328,NA
"0ad71860b3bccb5f",584,0.946887646635036,NA
"0adaef2051b20c46",585,0.866866097244371,NA
"0ae3fcd54f2d9cde",586,NA,"edu 缺值"
"0ae4e7b9a8e1f8ff",587,0.483270676621923,NA
"0ae50b7fddf10ed3",588,0.239090741590243,NA
"0ae7b479da5fdb8e",589,0.27157879875813,NA
"0aeb264ca068e8b6-1",590,NA,"party_tpp 缺值"
"0aeb264ca068e8b6",591,0.143522056601192,NA
"0aec59832ef4659b",592,0.914468188906357,NA
"0af6272a20789e46",593,NA,"sex 缺值"
"0afae50974f9c526",594,NA,"party_tpp 缺值"
"0afb85d3b9e69dda",595,0.117169505819394,NA
"0afd195e2fe047cd",596,NA,"edu 缺值"
"0afedc469877498e",597,0.143405581745165,NA
"0b0169479f3d0f29",598,0.47112952975556,NA
"0b02c037064f5e86",599,0.359217514958461,NA
"0b0304fc7da034db",600,0.916302463182361,NA
"0b058044ef3c213e",601,0.670118009544355,NA
"0b05afc552ddca65",602,NA,"edu 缺值"
"0b0ab9a87c0de0bb",603,4.03151323287666,NA
"0b0d07474c1a9b44",604,2.7976857036017,NA
"0b0e06c2e1e7482e",605,0.228016665583315,NA
"0b0e46d60313fb79",606,1.07233400120656,NA
"0b0e71bdbfb27dd2",607,4.38624000881879,NA
"0b109023510b64ca",608,0.617968352991575,NA
"0b1c11c08ed2962c",609,NA,"party_tpp 缺值"
"0b20c90bfad6bfa0",610,0.292626879731677,NA
"0b233390ea57d468",611,NA,"party_tpp 缺值"
"0b23b968de3a501c",612,NA,"sex 缺值"
"0b27d295cdaa9ab2",613,NA,"party_tpp 缺值"
"0b2a5769e943cb31",614,0.0736746478324626,NA
"0b3b611ebafeb278",615,NA,"edu 缺值"
"0b3d5c3b35176a38",616,0.161035702786106,NA
"0b4a61691fc44d4d",617,NA,"party_tpp 缺值"
"0b4fca266a55a99e",618,0.0981324511294532,NA
"0b5405344219c9a9",619,0.157414247542842,NA
"0b5b15073d8d9c75",620,NA,"edu 缺值"
"0b5b5b38d0e9237a",621,0.1512362011435,NA
"0b6357b0c20f8434",622,5.00009104606325,NA
"0b65b57ef9b739fb",623,0.225763896503032,NA
"0b67751782062acc",624,0.564495177014209,NA
"0b730e4fc0f99ef6",625,5.00009104606325,NA
"0b77bd403b2f6520",626,NA,"edu 缺值"
"0b78c590402dc611",627,0.125445388161949,NA
"0b7c8366fe953c74",628,NA,"edu 缺值"
"0b8123132676f98e",629,0.337767256467019,NA
"0b8b757011d96ef1",630,0.27157879875813,NA
"0b90271be6d3b4f2",631,NA,"edu 缺值"
"0b99249b372aed84",632,0.111511768743893,NA
"0b9ae7385b872eec",633,0.0704952927516892,NA
"0ba62141a12fce35",634,NA,"sex 缺值"
"0babe1ce0dc77dd5",635,NA,"party_dpp 缺值"
"0bb830232df547cf",636,0.821969541199728,NA
"0bb9962e8f061594",637,NA,"party_tpp 缺值"
"0bbfa940c4904e5c",638,1.01484825364555,NA
"0bc3c7c620517951",639,1.5983817150522,NA
"0bc7b2b34d3f8565-1",640,NA,"party_dpp 缺值"
"0bc7b2b34d3f8565",641,0.161035702786106,NA
"0bc9db66659724f8",642,0.299608652671325,NA
"0bda5b3318eac77d",643,1.52156126563066,NA
"0bdacffed6bf4a26",644,0.469571908159739,NA
"0bdb1b0b9947f030",645,0.307903262379834,NA
"0bdc10db4771cf81",646,0.0826649852446509,NA
"0bf44646b9f895b3",647,0.109703744645957,NA
"0bf6b3a96e60a0a2",648,1.26586110718561,NA
"0bf80bc38e176db8",649,0.193448411329452,NA
"0bf86e87161f281f",650,NA,"party_tpp 缺值"
"0bf8a2c2279cde21",651,NA,"edu 缺值"
"0bfb27403334b0da",652,0.33153058856141,NA
"0bfdc4b3986c557d",653,0.359007928496261,NA
"0c0e716646075faa",654,NA,"edu 缺值"
"0c1654352d59c2e8-1",655,NA,"party_dpp 缺值"
"0c1654352d59c2e8",656,0.143405581745165,NA
"0c19eda4d349cfae",657,NA,"edu 缺值"
"0c1a2330557e3b6f",658,0.444188357143988,NA
"0c1cd475f5329002",659,1.32392498227484,NA
"0c278af3dd04bf05",660,5.00009104606325,NA
"0c2ac69bdf3d7809",661,NA,"edu 缺值"
"0c2fd6a3693c7425",662,NA,"sex 缺值"
"0c2fe49dfd69182e",663,NA,"party_tpp 缺值"
"0c33e273cfdcf256",664,0.283456125310266,NA
"0c375d627719125f",665,5.00009104606325,NA
"0c413c57cafd2af1",666,1.2148840312943,NA
"0c42c7bd282d6449",667,1.08674091494046,NA
"0c4bf174eb1d6eec",668,0.73023217409767,NA
"0c53739eb2970bde",669,0.191167133061059,NA
"0c5830a94cb7da6c",670,0.161035702786106,NA
"0c59b224858de46b",671,NA,"edu 缺值"
"0c620e06ed666421",672,0.109703744645957,NA
"0c62ec21d981a05b",673,0.317223720565632,NA
"0c64434fbe3097b6",674,NA,"party_tpp 缺值"
"0c6ea000eda24426",675,NA,"party_tpp 缺值"
"0c7040e7aee487a3",676,NA,"sex 缺值"
"0c70654a3c28b763",677,0.420983926067105,NA
"0c72f5f181609231",678,0.207856368152516,NA
"0c76210dd65838ca-1",679,NA,"party_kmt 缺值"
"0c76210dd65838ca",680,0.109703744645957,NA
"0c78236501927815",681,0.106699590892319,NA
"0c7bc8287ae6b4b9",682,0.451164551441784,NA
"0c80873a599a0b93",683,4.15549097456702,NA
"0c88314415a56079",684,NA,"party_dpp 缺值"
"0c8a2b2994813e12",685,0.231597778272698,NA
"0c94896362f6e847",686,0.550313437502534,NA
"0c9750e3492066f7",687,0.217230741594507,NA
"0c99dc9a1a8ab85d",688,0.106699590892319,NA
"0ca0648b41d86fc7",689,0.141599791476844,NA
"0ca1fc7781f27cfa",690,NA,"party_tpp 缺值"
"0ca3a85f08fe351b",691,0.420983926067105,NA
"0ca6851f0ad62f7c",692,0.405752469491046,NA
"0ca70d3fced8844b",693,0.106699590892319,NA
"0ca94adda45cfd24",694,0.623780229721267,NA
"0cb0b41ce67a6ae3",695,NA,"party_tpp 缺值"
"0cbb49812baf8fda",696,NA,"edu 缺值"
"0cc7e1443db2759e",697,0.185100340350864,NA
"0cca782b8a19e3fa",698,0.608109079478263,NA
"0cd334cc02d53c3e",699,NA,"sex 缺值"
"0cd5e0dbd5bd5a34",700,NA,"edu 缺值"
"0cda63bc953845da",701,0.106699590892319,NA
"0cdcd09c439e3641",702,0.270522990875408,NA
"0cf6741f3cbf7402",703,NA,"party_tpp 缺值"
"0cf6b505f68bde3a",704,0.106699590892319,NA
"0cf734b23cf2593c",705,NA,"edu 缺值"
"0d015ce0d2801be6",706,0.147985976977968,NA
"0d058fc8fb242f73",707,0.270522990875408,NA
"0d0b5e1f2e60e27b",708,NA,"party_tpp 缺值"
"0d0ef344b65f15be",709,0.27157879875813,NA
"0d25a6e5c4f8a281",710,0.617968352991575,NA
"0d2851075cc11482",711,NA,"party_tpp 缺值"
"0d2b7d80e7fc46e0",712,0.617968352991575,NA
"0d2e5b80cb99f36c",713,0.238546543885963,NA
"0d2ec57facfe59b0",714,0.126664177798915,NA
"0d32561e867308a8",715,0.299608652671325,NA
"0d367f2aa286c13a",716,NA,"edu 缺值"
"0d3e65e3522b7498",717,NA,"edu 缺值"
"0d44d07b9e6086d4",718,NA,"sex 缺值"
"0d44d07b9e6086d4-1",719,NA,"sex 缺值"
"0d4f8177956f97e0",720,0.208501497965697,NA
"0d561807fd945abe",721,NA,"edu 缺值"
"0d5b390263017f38",722,NA,"edu 缺值"
"0d6032c5385fc073",723,NA,"party_tpp 缺值"
"0d62fa5f79ac1fa5",724,0.0704952927516892,NA
"0d711e7e9d9c1111",725,NA,"edu 缺值"
"0d712709bd0d7016",726,0.350539549928668,NA
"0d713a585beb70ca",727,0.270522990875408,NA
"0d8289211518a5bb",728,NA,"edu 缺值"
"0d82a39ef130a356",729,5.00009104606325,NA
"0d82b7ea239df132",730,NA,"edu 缺值"
"0d893c0c82d08047",731,0.2794383541969,NA
"0d8ab37a25f07f27",732,NA,"age 缺值"
"0d8b9a101f6bd89c",733,0.114651410572369,NA
"0d8fffcd78ff57d7",734,NA,"party_tpp 缺值"
"0d96d79a02c94dc9",735,NA,"edu 缺值"
"0d9ace0216368d32",736,0.317223720565632,NA
"0d9cd1e7743c74e7",737,NA,"party_tpp 缺值"
"0d9d288b1e1abf02",738,NA,"party_tpp 缺值"
"0d9faee24b7d3167",739,0.0863931964567863,NA
"0da31db6398eaf5f",740,NA,"party_tpp 缺值"
"0da3a45304150cef",741,0.728620518951834,NA
"0daa2613d60a7f19",742,0.195093740177253,NA
"0dab4c6c068c1b19",743,0.914468188906357,NA
"0dbc0929aec1ee3b",744,0.16829845267839,NA
"0dc5778abca94f1e",745,0.231597778272698,NA
"0dcc777f544d9584",746,0.317223720565632,NA
"0dcf90f340e4bec3",747,0.254274446084471,NA
"0dd411dde35ae1ee",748,NA,"edu 缺值"
"0dd9fcc4e1ba3785",749,1.36167036604999,NA
"0dd9fcc4e1ba3785-1",750,NA,"party_kmt 缺值"
"0ddcad12a37b503c",751,0.131103006091378,NA
"0ddd93682874d2bb",752,1.15040795922101,NA
"0de2e12d44e9b753",753,1.11578373509283,NA
"0de85e97e0574988",754,NA,"party_tpp 缺值"
"0de97622d1f3c252",755,0.464221361547281,NA
"0dea2304ddbce032",756,3.51300708746733,NA
"0df000220e2ebdba",757,0.270522990875408,NA
"0df3d632d10ba24a",758,0.589954048650274,NA
"0dfe450082a7559d",759,0.33153058856141,NA
"0e11adaba878ef4a",760,0.161035702786106,NA
"0e1b94796ef1436d",761,0.833614666063227,NA
"0e21e15cc1ee8a20",762,NA,"edu 缺值"
"0e2aa24623aa3ba1",763,5.00009104606325,NA
"0e306e8225270c24",764,0.149873208832532,NA
"0e393804446b808a",765,5.00009104606325,NA
"0e44bab57cef2c1e",766,1.68881727292147,NA
"0e4a8f42a84b4ac8",767,NA,"edu 缺值"
"0e4aed9d96bf7ae5",768,0.527300550779753,NA
"0e4b6a13ac37f1f9",769,5.00009104606325,NA
"0e4ee40fdebf7c78",770,5.00009104606325,NA
"0e4f862d8d031bfa",771,NA,"party_tpp 缺值"
"0e5d72022d700376",772,0.106699590892319,NA
"0e615308545bae29",773,NA,"party_tpp 缺值"
"0e63804bfe9bc1c3",774,0.270522990875408,NA
"0e698d5cd2fa4787",775,0.412125009469762,NA
"0e69ae0d2ad20a4c-1",776,NA,"party_kmt 缺值"
"0e69ae0d2ad20a4c",777,0.127809322181766,NA
"0e6a9bee35305f61",778,0.143522056601192,NA
"0e6ac7c93d318d17",779,NA,"edu 缺值"
"0e6fd8fe789daab2",780,NA,"party_tpp 缺值"
"0e706ee708e3f434",781,5.00009104606325,NA
"0e729617cbde71c3",782,0.735270123112013,NA
"0e72d9207594fc9b",783,0.231597778272698,NA
"0e7688464a48d215",784,0.420983926067105,NA
"0e775fe7c6932705",785,0.449895992224538,NA
"0e7eca1650bb186a",786,NA,"party_tpp 缺值"
"0e853e44d7184aa3",787,0.131103006091378,NA
"0e8b63abc3b06b25",788,0.168094563567848,NA
"0e8b63abc3b06b25-1",789,NA,"party_kmt 缺值"
"0e909aab041067ca",790,0.618329118842617,NA
"0e96ff7ca49f3d7b",791,NA,"edu 缺值"
"0e98dbfb99a235b7",792,0.239090741590243,NA
"0e9b409436ad6749",793,NA,"sex 缺值"
"0e9d4487c5ca9e23",794,0.191167133061059,NA
"0e9fb13d8780768c",795,0.543383786383836,NA
"0ea88a3e1f7b3ef0",796,0.270522990875408,NA
"0eb075ed2384deaa",797,NA,"edu 缺值"
"0eb48e761432c3c5-1",798,NA,"party_kmt 缺值"
"0eb48e761432c3c5",799,5.00009104606325,NA
"0eb5dc8e3e46212a",800,NA,"edu 缺值"
"0ec182e224ca0726",801,1.86026382044382,NA
"0ec47272eddf44e6",802,0.143405581745165,NA
"0ed0a331e48c12c1",803,0.270522990875408,NA
"0ed3e3f80a7b5d4c",804,0.114651410572369,NA
"0ed566f04569c56b",805,NA,"edu 缺值"
"0ee0971789045ca0",806,0.414769890615208,NA
"0ee8cc0eb183c8e1",807,0.439799845478686,NA
"0ee8cc0eb183c8e1-1",808,1.44487189316763,NA
"0ee95a5f6ed2e687",809,0.439799845478686,NA
"0ee95a5f6ed2e687-1",810,NA,"party_dpp 缺值"
"0eee81dbfd5bf0c2",811,5.00009104606325,NA
"0ef6ca99476ed50e",812,0.57523665339432,NA
"0ef73dc075835db2",813,NA,"party_tpp 缺值"
"0f00dae2aba0a32e",814,0.231070635404622,NA
"0f03df6c684ff25b",815,NA,"edu 缺值"
"0f0754e937998f10",816,NA,"edu 缺值"
"0f09e3fbee4dec74-1",817,NA,"party_tpp 缺值"
"0f09e3fbee4dec74",818,5.00009104606325,NA
"0f0c843dd8bb2f5a",819,0.106699590892319,NA
"0f1e5a2bd8f85eec",820,0.797640866365096,NA
"0f1f70d2830f7ee5",821,NA,"edu 缺值"
"0f2b99b47afca062",822,NA,"party_tpp 缺值"
"0f2c35b393b145fb",823,NA,"sex 缺值"
"0f2c35e8896c4e59",824,NA,"edu 缺值"
"0f3ba219c88dfe07",825,0.617968352991575,NA
"0f5274bf0543e74d",826,NA,"party_tpp 缺值"
"0f56213824187e08",827,0.126664177798915,NA
"0f5e359bd1c1413e",828,0.0935534866653076,NA
"0f5f581224910f19",829,0.397193255426077,NA
"0f65aef99de6b9ca",830,NA,"party_tpp 缺值"
"0f6c11a9b640f423",831,NA,"party_tpp 缺值"
"0f6e375d84c9693a",832,0.106699590892319,NA
"0f7c4f8f08d72b92",833,0.27157879875813,NA
"0f85e8949c38e91b",834,NA,"sex 缺值"
"0f88945ad4d0aae5",835,NA,"edu 缺值"
"0f88db6ccae7ddf2",836,0.653282721236478,NA
"0f92294b5e1f392e",837,0.575132709190708,NA
"0f928afa280b6a90",838,0.174625325219644,NA
"0f97b9541223ef3f",839,5.00009104606325,NA
"0f9f0020912c4ec1",840,0.122293839857739,NA
"0fa5f84e2dd05b6b",841,0.526992895800938,NA
"0fa94237ff4136eb",842,0.550313437502534,NA
"0fabc93db44b8933",843,NA,"sex 缺值"
"0fabcb43511b3a5f",844,0.984302576831165,NA
"0fac9ad46c8dd535",845,NA,"party_tpp 缺值"
"0faca13e604a4141",846,0.247311333438462,NA
"0fb31dfd7dd0178c",847,0.111511768743893,NA
"0fb39f38f7f9d770",848,5.00009104606325,NA
"0fb8b2717c3acc79",849,5.00009104606325,NA
"0fb9dfe45849af7c",850,NA,"party_tpp 缺值"
"0fbe78fe3c9641e6",851,0.231597778272698,NA
"0fc2f2d11230bffd",852,NA,"edu 缺值"
"0fd03f314016526d",853,NA,"edu 缺值"
"0fd248e8cec63d53",854,0.321140614770656,NA
"0fd28b7453c70b8e",855,0.185100340350864,NA
"0fd4cb6de8e1daeb",856,0.0704952927516892,NA
"0fd56bc8f97f961b",857,NA,"edu 缺值"
"0fd7351868c0d01d",858,0.451164551441784,NA
"0fda4c41fdef9d32",859,0.523281952812502,NA
"0fdc9079af1d9227",860,0.141599791476844,NA
"0fdde31668d773dd",861,2.77284099210224,NA
"0fdde31668d773dd-1",862,NA,"party_kmt 缺值"
"0fe0f0e486da7a7d",863,1.36486427892977,NA
"0fe53bee6c818cae",864,0.317223720565632,NA
"0fe559982e9ce0db",865,3.92953621544474,NA
"0fe60a1b003fc2fa",866,0.228016665583315,NA
"0fe70e89155da32b",867,NA,"party_tpp 缺值"
"0ff2b3c003ed278b-1",868,0.231597778272698,NA
"0ff2b3c003ed278b",869,0.0704952927516892,NA
"0fff0e5fe13bc76f",870,3.68095655743957,NA
"10039900ac2f6fcc",871,NA,"party_tpp 缺值"
"100883ff20fb5a0e",872,0.0704952927516892,NA
"1009d962461de4d1",873,NA,"party_tpp 缺值"
"100aad60d7721cd0",874,NA,"edu 缺值"
"10147bfbb0c34ed0",875,0.529049664623895,NA
"1014bc8dc3351b0c",876,0.0935534866653076,NA
"101fc0657bc11e6a",877,NA,"edu 缺值"
"102163f929f4227a",878,NA,"edu 缺值"
"1022203ef414793e",879,0.523281952812502,NA
"1024615b2cb2fc1a",880,5.00009104606325,NA
"1024ab54622cbc52",881,NA,"party_tpp 缺值"
"102b0a8325804091",882,5.00009104606325,NA
"102e89480a0e61a9",883,4.66207102465903,NA
"102f428f94e25b7a",884,0.0836856844568212,NA
"10329e9ec8f6e748",885,0.0704952927516892,NA
"1034bc736a416949",886,NA,"party_tpp 缺值"
"103eaebddb7f72bc",887,0.451164551441784,NA
"10403bb51ccd7350",888,5.00009104606325,NA
"10430d261251c190",889,0.350539549928668,NA
"104c6c6512decc43",890,0.189870430687549,NA
"104e2e7fbdb3c857",891,0.373253112351891,NA
"1052fe0706460851",892,0.0826649852446509,NA
"10575fb4e5e00c9b",893,5.00009104606325,NA
"105776cae72d45a9",894,5.00009104606325,NA
"1064154c88545938",895,NA,"edu 缺值"
"10671eb55f351786",896,0.523281952812502,NA
"106c96235e0478b5",897,0.353708704803735,NA
"10795ad0d2511ea2",898,0.122453879415099,NA
"107a858a6d1439d2",899,0.27157879875813,NA
"107b3b4032caff4a",900,5.00009104606325,NA
"107be8cf83d7b4ae",901,2.0441788163618,NA
"108925c542334498",902,NA,"edu 缺值"
"108ab21e724f9a38",903,0.915450706309203,NA
"108fa22c838c7466",904,NA,"party_tpp 缺值"
"109e1e3cff462d6e",905,NA,"edu 缺值"
"10a25184b420b1ae",906,NA,"party_tpp 缺值"
"10a2568ff1e67272",907,0.0704952927516892,NA
"10b5c9ff93c8a645",908,NA,"age 缺值"
"10c4b0f9f0b3948e",909,0.444188357143988,NA
"10d4d99c11f56897",910,0.143849474355578,NA
"10d9d7b77a9ad0ab",911,0.317223720565632,NA
"10da2cca778c23b2",912,NA,"edu 缺值"
"10dc846eb1fef991",913,0.106699590892319,NA
"10e67f564a6b4a25",914,NA,"party_tpp 缺值"
"10f0966f46fb7905",915,NA,"party_tpp 缺值"
"10f22a1ca8bf4100",916,NA,"edu 缺值"
"10ff25ae16379a50",917,NA,"edu 缺值"
"110909af437377d6",918,NA,"party_tpp 缺值"
"110c11376c78e01c",919,0.83551639635089,NA
"110da0a240d6d6c8",920,NA,"edu 缺值"
"110e30571a44e8b3",921,5.00009104606325,NA
"11136c48c4730453",922,0.784403068634476,NA
"1115a12381c2d127",923,0.139093121103869,NA
"111738e37e38d7e7-1",924,1.58640133098009,NA
"111738e37e38d7e7",925,0.4017712460214,NA
"111a33c01adcf7a3",926,0.282723644450041,NA
"111aabfcafbb0188",927,NA,"edu 缺值"
"111be1016ffa4317",928,NA,"party_tpp 缺值"
"112649d11df49dec",929,0.198433633916187,NA
"112f17c7c4cbfc3d",930,NA,"edu 缺值"
"113736ad9c168d99",931,NA,"edu 缺值"
"11381bd08a43aedd",932,5.00009104606325,NA
"113e6512f926dda1",933,0.203428433409571,NA
"1144de8bf3f43da5",934,0.111511768743893,NA
"11472c3e21a70d40",935,0.549159501387348,NA
"114b4dac8224a90e",936,NA,"edu 缺值"
"115b4d7319c166e8",937,2.64774484157962,NA
"115c2835315421e5",938,0.106699590892319,NA
"115c2835315421e5-1",939,NA,"party_kmt 缺值"
"11603f0b2e780602",940,5.00009104606325,NA
"11645e6d6a1a74b8",941,NA,"edu 缺值"
"1165bd00e950aa00",942,NA,"party_tpp 缺值"
"11720732c4bef199",943,0.0935534866653076,NA
"117ab995f6f77172",944,0.728620518951834,NA
"117ab995f6f77172-1",945,0.440087061264011,NA
"117c0b3303b0539d-1",946,NA,"party_tpp 缺值"
"117c0b3303b0539d",947,0.217230741594507,NA
"117c878f1ff7786f",948,0.0863931964567863,NA
"117caef5982da2be",949,NA,"edu 缺值"
"118105df2fed1919-1",950,NA,"party_kmt 缺值"
"118105df2fed1919",951,0.143405581745165,NA
"11886147897494f3-1",952,NA,"party_dpp 缺值"
"11886147897494f3",953,0.459634926924071,NA
"1195ee87bdcccfc4",954,0.282723644450041,NA
"1196d0f11085cd27",955,NA,"edu 缺值"
"119766223a0f038d",956,0.117169505819394,NA
"119a037843f7ad66",957,0.33153058856141,NA
"119cc69b6d24fb3c",958,0.0704952927516892,NA
"11b06386e3f820bb",959,3.51300708746733,NA
"11b3c0bbff998522",960,5.00009104606325,NA
"11c2914b2313da98-1",961,NA,"party_dpp 缺值"
"11c2914b2313da98",962,0.193448411329452,NA
"11c3d2b95812d042",963,0.168682392978214,NA
"11cfbee881b65a21",964,0.111511768743893,NA
"11cfbee881b65a21-1",965,NA,"party_kmt 缺值"
"11d32e9a4b19e415",966,0.270522990875408,NA
"11d8b27692365c5d",967,NA,"edu 缺值"
"11dcbddb6a5cf209",968,0.407098394999057,NA
"11e2632a2121495d",969,0.185100340350864,NA
"11e335b700153e51",970,0.47112952975556,NA
"11f180bdf6553a80",971,0.799460529401267,NA
"11f2dd41b9279b96",972,0.564495177014209,NA
"11f58c9cbae59753",973,5.00009104606325,NA
"11f59eb65cbcbaa3",974,0.797640866365096,NA
"11f9310f562cc677",975,NA,"edu 缺值"
"1202ca1a1a8d506b",976,0.670118009544355,NA
"1202ee1b2aada13c",977,1.11578373509283,NA
"1209e1e411e76c5c",978,4.48171331213448,NA
"120a55d060d898d9",979,1.29756155575198,NA
"120dd4032ea8c6e6",980,NA,"party_tpp 缺值"
"120dd9093669457b",981,NA,"party_tpp 缺值"
"1213d50b9279cb6e",982,0.246748424732736,NA
"121730b34051722a",983,0.268006635152847,NA
"12180bd80028b362",984,0.465196977412774,NA
"121bb1ee0ebfa60c",985,0.27157879875813,NA
"121c58e0ac171ae7",986,0.914468188906357,NA
"121c62ee54e4173d-1",987,5.00009104606325,NA
"121c62ee54e4173d",988,3.11373094717328,NA
"121d058a897a33f8",989,5.00009104606325,NA
"12242be2cf6d7d85",990,0.106699590892319,NA
"1225321c1b45f0b5-1",991,NA,"party_kmt 缺值"
"1225321c1b45f0b5",992,5.00009104606325,NA
"12255d51fad9d612",993,NA,"edu 缺值"
"122abdd6245d8c03",994,NA,"edu 缺值"
"122dbb8b795ef919",995,NA,"edu 缺值"
"122ff846e35d7143",996,NA,"edu 缺值"
"123420fa8c0a2499",997,2.77284099210224,NA
"123a38e741f20c76",998,0.797640866365096,NA
"123d7ed577aa206e",999,NA,"party_tpp 缺值"
"123edf061bf3027f",1000,0.444188357143988,NA
"123eedcf89d47725",1001,NA,"party_tpp 缺值"
"12437e39be82f9fb",1002,0.126664177798915,NA
"12456da3c61539c4",1003,0.235945903887984,NA
"124a14e1c5a25892",1004,2.4011301520916,NA
"124b450815e65225",1005,NA,"edu 缺值"
"124d05240dae9ad8",1006,NA,"edu 缺值"
"124d0b8dd93af86d",1007,0.483270676621923,NA
"124e844b1cf858bc",1008,0.409455600887348,NA
"1253b826332c36e3",1009,0.0826649852446509,NA
"1255aa0c4a4395cf",1010,1.42308203522184,NA
"1260a3a3d0890242",1011,NA,"sex 缺值"
"1260a3a3d0890242-1",1012,NA,"sex 缺值"
"1260d27343852d5d",1013,0.735270123112013,NA
"12742020c3eb304d-1",1014,NA,"party_kmt 缺值"
"12742020c3eb304d",1015,0.189870430687549,NA
"12769ce55ac35c8b",1016,NA,"edu 缺值"
"1276cfb81598c385",1017,0.109703744645957,NA
"1283d95e735b761e",1018,NA,"edu 缺值"
"1283f1ca9c530954",1019,0.0704952927516892,NA
"128c9fc0b6f99c17",1020,NA,"party_tpp 缺值"
"128ce26ad5027915",1021,0.111511768743893,NA
"1297c642ec31615a",1022,0.143522056601192,NA
"1297c642ec31615a-1",1023,NA,"party_tpp 缺值"
"12988c6cd1ad010f",1024,NA,"edu 缺值"
"12995ca8460d9c96",1025,NA,"sex 缺值"
"129e5975c4b85e36",1026,0.203263341729211,NA
"12a6d0c59fe5a9a9",1027,NA,"edu 缺值"
"12be3b78694d0c25",1028,0.0704952927516892,NA
"12bfd8c0326ff0c1",1029,0.267379474007893,NA
"12c3bdd76f7b81f7",1030,NA,"edu 缺值"
"12ce44daf0a0d2e9",1031,0.86636032179925,NA
"12ce64a4fb23f660",1032,0.247311333438462,NA
"12cffbc119f931cd",1033,0.143405581745165,NA
"12d3aef564255052",1034,0.526992895800938,NA
"12d597328f8253a0",1035,0.360409078911018,NA
"12e5ec3893153145",1036,NA,"edu 缺值"
"12e87ebcb92a15bb",1037,0.543383786383836,NA
"12ed1e8672adba8b",1038,0.409455600887348,NA
"12f0981869894a0a",1039,0.182662832831437,NA
"12f646adc20fb34d",1040,0.0704952927516892,NA
"12f6cc4736725a75",1041,0.141599791476844,NA
"12f747ca0bc50f7b",1042,NA,"edu 缺值"
"12f7dcb82311eaf2",1043,NA,"party_kmt 缺值"
"130825ca6d6e406d-1",1044,0.0935534866653076,NA
"130825ca6d6e406d",1045,1.21358014382667,NA
"130b53b9c3a69ed3",1046,NA,"party_tpp 缺值"
"131282e311c7cec7",1047,NA,"edu 缺值"
"132af7bab480c0d9",1048,5.00009104606325,NA
"132e568f2e8b3b51",1049,0.185100340350864,NA
"132f7f05bfde8b8e",1050,NA,"edu 缺值"
"1334ace27dfb4a72",1051,NA,"party_tpp 缺值"
"13384e8c01894b60",1052,NA,"sex 缺值"
"133a1cef385df10e",1053,1.01278852899865,NA
"13423d9a3c053a7d",1054,0.486068939888409,NA
"1345eb0a069d86d6",1055,NA,"party_tpp 缺值"
"13499a584688f06a",1056,0.0836856844568212,NA
"134f666b4086f8a6",1057,NA,"edu 缺值"
"134fcfe6dd832409",1058,0.294616007802654,NA
"13510f65ca09bf09",1059,1.90820336748497,NA
"135176d1239f5173",1060,0.31740891368267,NA
"135251a2e56f8a3a",1061,0.238300273409114,NA
"135b023de59f3000",1062,0.0704952927516892,NA
"1369afc541faa520",1063,0.0704952927516892,NA
"136af4ea19fe157f",1064,NA,"edu 缺值"
"13700190e87855b3",1065,NA,"edu 缺值"
"137b2aeabd4977ba",1066,0.412125009469762,NA
"137cb560c9300ed8",1067,NA,"edu 缺值"
"137f74edb3193300",1068,0.185100340350864,NA
"1388d109b6f004a2",1069,NA,"party_tpp 缺值"
"138bd736b4b30fc6",1070,0.317223720565632,NA
"138e58838bfc19ea",1071,0.625707901789997,NA
"13908c7e3e8d4f85",1072,1.84182579494217,NA
"13928d9921a2daca",1073,0.483270676621923,NA
"139776410ae7535b-1",1074,NA,"party_kmt 缺值"
"139776410ae7535b",1075,0.143405581745165,NA
"139b47d715eed3b9",1076,0.0704952927516892,NA
"13a9973e83916b16-1",1077,NA,"party_dpp 缺值"
"13a9973e83916b16",1078,0.0704952927516892,NA
"13a9b3c0fd009a2b",1079,NA,"edu 缺值"
"13b90daa9bb15eb3",1080,NA,"edu 缺值"
"13c8f5cc3b0a7cfe",1081,0.0826649852446509,NA
"13cdb7a5a8f1fba7",1082,2.96102064990023,NA
"13d6199d3a9d83d8",1083,NA,"edu 缺值"
"13d63478ca280bb0",1084,0.163024078087676,NA
"13dc059badf5f406",1085,NA,"party_tpp 缺值"
"13dd7e06e9ae7b13",1086,0.957627930148016,NA
"13e00ca06c0c808f",1087,0.589954048650274,NA
"13e05a7289a26d4c",1088,0.104426584634346,NA
"13e407de91d90bae",1089,0.106699590892319,NA
"13e4301404f7bb94",1090,1.11443040565475,NA
"13e4a37cde88c7e4",1091,0.132602888246019,NA
"13e6cfb846c1ef3d",1092,0.125445388161949,NA
"13e8e74e2c31dd60",1093,NA,"edu 缺值"
"13ed4b7df19e4a1f",1094,5.00009104606325,NA
"13efc4993334b65d",1095,0.207856368152516,NA
"13f08bf7190c62fa",1096,NA,"party_tpp 缺值"
"13f10c9167dde6e7",1097,0.131103006091378,NA
"13f2318f854c75a8",1098,NA,"edu 缺值"
"13f7fee27c6119f4",1099,0.185100340350864,NA
"140cb51493df6f15",1100,0.0704952927516892,NA
"140da2ddff6f3d46",1101,0.412125009469762,NA
"140fd6b8dce8cba6",1102,5.00009104606325,NA
"141545dfa258727b",1103,1.20658089806372,NA
"1415a403618b45e7",1104,5.00009104606325,NA
"14197630c559d852",1105,NA,"edu 缺值"
"141b265fad7d5dd8",1106,0.86636032179925,NA
"141efb1ccbb37d61",1107,0.231597778272698,NA
"142097bd2d926b51",1108,0.617968352991575,NA
"14254c936d8a55de",1109,0.33153058856141,NA
"142683321b0cd488",1110,NA,"edu 缺值"
"14290b255612d346",1111,NA,"edu 缺值"
"142a10879ebb2991",1112,5.00009104606325,NA
"142bc514a5fea923",1113,NA,"party_tpp 缺值"
"142bc514a5fea923-1",1114,NA,"party_tpp 缺值"
"142fbb7127c92c89",1115,0.401743698398901,NA
"1432062ec9d240e1-1",1116,NA,"party_tpp 缺值"
"1432062ec9d240e1",1117,0.73023217409767,NA
"14339eff1be7ebc3",1118,NA,"edu 缺值"
"143427088af54e02",1119,5.00009104606325,NA
"1437bf5d4b4336ce",1120,0.481391881251299,NA
"143e8e5d87f22ff6",1121,0.575132709190708,NA
"143fe16832e26ceb",1122,NA,"party_tpp 缺值"
"143feef448a67b6f",1123,NA,"edu 缺值"
"1440d13af18db6c4",1124,0.106699590892319,NA
"1440d13af18db6c4-1",1125,NA,"party_dpp 缺值"
"1442592826ee5b3e",1126,5.00009104606325,NA
"1447a1efeaf31a68",1127,0.143522056601192,NA
"14489c868d799edd",1128,NA,"edu 缺值"
"144bdb338a31d7c0",1129,NA,"party_tpp 缺值"
"144ffc4fe0751f84",1130,1.12190062101387,NA
"14508ee1499f20f7",1131,0.0826649852446509,NA
"145227dc65ce3bd2",1132,5.00009104606325,NA
"14594e4d13f1a590",1133,NA,"edu 缺值"
"145c7be4bbc8c732",1134,0.370839403919046,NA
"145df1e9d73a8796",1135,0.16829845267839,NA
"1474587c568be7de",1136,0.283456125310266,NA
"1479995105f9e8cf",1137,NA,"edu 缺值"
"147e774d7948c5d1",1138,NA,"sex 缺值"
"1480c2977f5f24f7",1139,0.208501497965697,NA
"14821999046e5cdd",1140,0.317223720565632,NA
"148ae8992c51aff8",1141,0.0826649852446509,NA
"148cd40eae23ef5e",1142,0.27157879875813,NA
"1490d864cc261002",1143,0.317223720565632,NA
"1492eb73a805d19a",1144,0.350539549928668,NA
"14952d937b36ed9b",1145,0.0704952927516892,NA
"14a0e854c4ea17c0-1",1146,NA,"party_kmt 缺值"
"14a0e854c4ea17c0",1147,0.90777918410962,NA
"14a24544094051e6",1148,NA,"edu 缺值"
"14a3b198072c5f09",1149,0.126664177798915,NA
"14a61c311c1cdcd1",1150,NA,"party_tpp 缺值"
"14a9ce441b14b75f",1151,NA,"edu 缺值"
"14b6ff10e134f997",1152,NA,"edu 缺值"
"14ba50550d0142cd",1153,0.451164551441784,NA
"14bda7681f174fd5",1154,5.00009104606325,NA
"14c2ecdc28407611",1155,0.481391881251299,NA
"14ca2f6843a4f589",1156,NA,"party_tpp 缺值"
"14d01803ea48ab81",1157,NA,"edu 缺值"
"14d084f5bcea337e",1158,0.106699590892319,NA
"14d6caf3d15a441f-1",1159,0.231597778272698,NA
"14d6caf3d15a441f",1160,0.0704952927516892,NA
"14dc9f97e51b9731",1161,4.06618512660823,NA
"14e2800ef6983547",1162,NA,"party_tpp 缺值"
"14ea27af7e83d6de",1163,0.163395985924161,NA
"14ead63e35f23472",1164,NA,"party_tpp 缺值"
"14eeff112761a155",1165,0.564495177014209,NA
"14f2a672cc00578e",1166,0.380052781303155,NA
"14f32cbdc62213c1",1167,0.62559866719508,NA
"14fa4a75ac398ae4",1168,NA,"edu 缺值"
"14fee5676ec2027e",1169,0.866866097244371,NA
"15059a8af0140719",1170,0.228252308506251,NA
"1512d3d67de88373",1171,0.161403074529731,NA
"1515c0bd30d9c6b6",1172,0.564495177014209,NA
"1516b894815a3d68",1173,NA,"party_tpp 缺值"
"1517ab477b70071b-1",1174,NA,"party_kmt 缺值"
"1517ab477b70071b",1175,0.147985976977968,NA
"1517bbfe195cea81",1176,0.57523665339432,NA
"1529947c2147bf01",1177,NA,"edu 缺值"
"153817f3263468d8",1178,NA,"edu 缺值"
"1543200af3d6479e",1179,NA,"edu 缺值"
"155928fa10969873",1180,NA,"edu 缺值"
"155b34673fe84163",1181,0.193448411329452,NA
"155f602850d5eb2d",1182,NA,"edu 缺值"
"15658310b70fd779",1183,0.214196151137979,NA
"1566a9ca961977bf",1184,0.412125009469762,NA
"156d6aac63f84523",1185,NA,"edu 缺值"
"156faadfed8e5f75",1186,NA,"party_tpp 缺值"
"15760fa5938d8229",1187,NA,"party_tpp 缺值"
"15784a3a04cf6d52",1188,NA,"edu 缺值"
"15798bf1f414c5d4",1189,NA,"edu 缺值"
"157d408b9e2d2eb8",1190,0.31740891368267,NA
"157f9ac2f158e476",1191,0.345119283638798,NA
"1582a030b39b189f",1192,1.48886132237965,NA
"1584443339cae4a3",1193,0.238300273409114,NA
"1585b6bde921e823",1194,NA,"edu 缺值"
"158679acebf21166",1195,NA,"party_tpp 缺值"
"15870547127ba26d",1196,5.00009104606325,NA
"1589b369434975aa",1197,NA,"party_tpp 缺值"
"1589b369434975aa-1",1198,NA,"party_kmt 缺值"
"15932bfb2317a8c8",1199,1.32392498227484,NA
"159ed6c5ee85432a",1200,NA,"sex 缺值"
"15a01cb2a1f6f4dd",1201,NA,"party_tpp 缺值"
"15b508722fafd445",1202,NA,"edu 缺值"
"15b66ece28346e0e",1203,0.385311335884033,NA
"15b8712ebb969d5a",1204,0.141599791476844,NA
"15c166a3aa86fa0a",1205,NA,"party_tpp 缺值"
"15c2cec36de7aa34",1206,0.225763896503032,NA
"15d0b34975891049",1207,0.231597778272698,NA
"15e42bf20c5fd735",1208,NA,"age 缺值"
"15e5c35275d188ef",1209,0.833614666063227,NA
"15eff1bad57111ae",1210,0.905433385877374,NA
"15f7a96ad03e3153",1211,NA,"party_tpp 缺值"
"15fd5fb2573dd764",1212,0.6458388780458,NA
"15fe7eccb646d0cd",1213,NA,"edu 缺值"
"16014c2c78f6db77",1214,NA,"edu 缺值"
"16087bf6afd4f50f",1215,5.00009104606325,NA
"160d6e3c3414db7d",1216,NA,"age 缺值"
"160f00542b53df2f",1217,0.321140614770656,NA
"161fac6ab560d7f0",1218,0.125445388161949,NA
"161fac6ab560d7f0-1",1219,NA,"party_dpp 缺值"
"1625e22f2ad7f60d",1220,NA,"party_tpp 缺值"
"162894cc33edd5c6",1221,0.125445388161949,NA
"162a2056c063d72a",1222,NA,"sex 缺值"
"162bbe324f46ea19",1223,0.37657952957204,NA
"162f85c8dbed38aa",1224,0.317223720565632,NA
"16434d779c339906",1225,0.295288117121358,NA
"1647e98f80586777",1226,0.617968352991575,NA
"164b5a837406aa6b",1227,0.439970404908748,NA
"1651403ea0ae5190",1228,0.483270676621923,NA
"165198816ecc601d",1229,NA,"party_tpp 缺值"
"165cdfc3e45d97e0",1230,NA,"edu 缺值"
"165eb7926da2de74",1231,4.61245390424712,NA
"1660571844a535c1",1232,0.193448411329452,NA
"16630011197f3929",1233,0.161035702786106,NA
"166b49cb8b255525",1234,NA,"party_tpp 缺值"
"167080b51689c07a",1235,NA,"party_tpp 缺值"
"167562f48a2af13a",1236,1.26099799399855,NA
"1675b297860e97c9",1237,NA,"edu 缺值"
"1677ea5f2aff648d",1238,NA,"edu 缺值"
"16785b4c0b66c39f-1",1239,NA,"party_kmt 缺值"
"16785b4c0b66c39f",1240,0.143405581745165,NA
"167f61959ef543f4",1241,0.448247014664783,NA
"16832d718c6283eb",1242,1.08171267831646,NA
"16907023079d4f16",1243,0.281260206544471,NA
"16935ffb75edb320-1",1244,NA,"party_kmt 缺值"
"16935ffb75edb320",1245,0.420983926067105,NA
"169dff4ac0548002",1246,NA,"party_tpp 缺值"
"16a41a76711e7ea6",1247,0.0981324511294532,NA
"16a8adb213d370d8",1248,0.109703744645957,NA
"16ae5103053dfbe2",1249,1.78741408035612,NA
"16b0aeb1c4a4e1f1",1250,NA,"edu 缺值"
"16b7ce7dade60d8b",1251,0.258906643376132,NA
"16c22508393f058e",1252,0.0736746478324626,NA
"16c2a24d6b4851fe",1253,NA,"edu 缺值"
"16cad29ecb180804",1254,4.45946857492849,NA
"16cd24d0b6bea069",1255,0.678453428825423,NA
"16cde0a7152dc020",1256,NA,"edu 缺值"
"16e91ab5b9a18db6",1257,0.161035702786106,NA
"16f72be6dc90a060",1258,3.00752492008486,NA
"1701b8cb1c80aa94",1259,0.73023217409767,NA
"1705d8f7906ddae8",1260,NA,"edu 缺值"
"171127bb0a3498e6",1261,0.682869326233153,NA
"17119505e3f8ac04",1262,3.5902746294381,NA
"1714b96d5fe03658",1263,1.26967560058462,NA
"1715d95e207edf2d",1264,0.189870430687549,NA
"1716b3787e5e3017",1265,0.27157879875813,NA
"171ccc73a78706d0",1266,5.00009104606325,NA
"1726c2664f850453",1267,NA,"party_tpp 缺值"
"17279d6bcd6741d5",1268,5.00009104606325,NA
"1739c5073ad312c7",1269,NA,"party_tpp 缺值"
"173dd14efbb302c1",1270,NA,"edu 缺值"
"17473ca49e3328c2",1271,1.26093986097085,NA
"17473ca49e3328c2-1",1272,NA,"party_kmt 缺值"
"1748703527b722ce",1273,2.51809097447879,NA
"175afdee91974104",1274,NA,"party_tpp 缺值"
"1760d5b50a8c59f0",1275,NA,"edu 缺值"
"1762f9204960d86d",1276,0.543383786383836,NA
"1762fc0eb5b300e6-1",1277,NA,"party_dpp 缺值"
"1762fc0eb5b300e6",1278,5.00009104606325,NA
"17683bea62ed844c",1279,0.0935534866653076,NA
"17683bea62ed844c-1",1280,0.307350729610672,NA
"1769af6310d0fefa-1",1281,NA,"party_kmt 缺值"
"1769af6310d0fefa",1282,0.161035702786106,NA
"176cf76c09cab2fb",1283,0.465196977412774,NA
"176cf76c09cab2fb-1",1284,NA,"party_kmt 缺值"
"1772cedfdc5c3dc5",1285,NA,"sex 缺值"
"1772cedfdc5c3dc5-1",1286,NA,"sex 缺值"
"177c4b454272f8cb",1287,NA,"edu 缺值"
"17803165f47bce7a",1288,5.00009104606325,NA
"178180980a98d004",1289,NA,"edu 缺值"
"178967104dd59a9a",1290,0.86636032179925,NA
"178c8ba84beec96c",1291,0.86636032179925,NA
"179211e182e49991",1292,NA,"edu 缺值"
"1792bd8ceab3e848",1293,NA,"edu 缺值"
"17983f27e89cbc75",1294,NA,"party_tpp 缺值"
"17a3e1329cd140a2",1295,0.141599791476844,NA
"17a4838ef58f50d3",1296,NA,"party_tpp 缺值"
"17aadd98bcb38bd7",1297,1.67046912441535,NA
"17ad9669a8be25d0-1",1298,NA,"sex 缺值"
"17ad9669a8be25d0",1299,NA,"sex 缺值"
"17ae1d48e128c477",1300,0.914468188906357,NA
"17afbd5bba4f0038",1301,0.207856368152516,NA
"17bbdefe79082620",1302,0.424142210537634,NA
"17c4446b1de130d6",1303,0.106699590892319,NA
"17c98948e04e4af9-1",1304,NA,"party_dpp 缺值"
"17c98948e04e4af9",1305,0.203263341729211,NA
"17d5e1db29aaac72",1306,5.00009104606325,NA
"17d6151cd91069e6",1307,0.137641795450903,NA
"17d75cdecf5e4052",1308,NA,"edu 缺值"
"17dbe41bd3c47d94",1309,0.464221361547281,NA
"17dc1100284cc4b9",1310,0.282723644450041,NA
"17dd4e438bea774b",1311,0.161035702786106,NA
"17f335eb689aa23f",1312,0.0863931964567863,NA
"17f66cb67755368d",1313,NA,"party_tpp 缺值"
"17f7f5447be30704",1314,NA,"sex 缺值"
"17fcbb8668a16497",1315,NA,"edu 缺值"
"17fe904259e600b1",1316,1.26099799399855,NA
"17ff625c0ccbade7",1317,NA,"party_tpp 缺值"
"1800f0dd9e86f596",1318,NA,"edu 缺值"
"1805bcfc1c54bdb2",1319,0.564495177014209,NA
"1806370888b37094",1320,0.0836856844568212,NA
"180917449c1ec53e",1321,0.427922149421554,NA
"1810e948ca41d87d",1322,0.412125009469762,NA
"1813ab1bb7c14ce6",1323,0.486068939888409,NA
"1815b304cb9b956c",1324,0.303602028149845,NA
"181ae4f679bf6aea",1325,0.27157879875813,NA
"18221936243d20b5",1326,NA,"party_tpp 缺值"
"183410ad4c42c491",1327,NA,"sex 缺值"
"18343c891a58159f",1328,1.5983817150522,NA
"1837fb5741500f41",1329,0.19160324382272,NA
"1838c6e40145bf62",1330,NA,"sex 缺值"
"18392e6c5719c3ee-1",1331,NA,"party_dpp 缺值"
"18392e6c5719c3ee",1332,0.270522990875408,NA
"183ad4a9f3ca447e",1333,NA,"edu 缺值"
"18425164223e94ac",1334,NA,"edu 缺值"
"184bbd81e80c712d",1335,0.247514264945212,NA
"184ca76989e26dc5",1336,NA,"edu 缺值"
"185241ab3b26cfb5",1337,0.191167133061059,NA
"185408114c4ba3bd",1338,0.543383786383836,NA
"185656970c0b2aaa",1339,NA,"party_tpp 缺值"
"1858bfa200afd72a-1",1340,NA,"party_kmt 缺值"
"1858bfa200afd72a",1341,NA,"party_kmt 缺值"
"1864d697b1104789",1342,5.00009104606325,NA
"186687acf410e85b",1343,0.617968352991575,NA
"186f111a657522c0-1",1344,NA,"party_kmt 缺值"
"186f111a657522c0",1345,0.106699590892319,NA
"187204f77869e2c1",1346,0.1512362011435,NA
"1877a069f79c7839",1347,NA,"sex 缺值"
"187e9f4545b58de8",1348,0.217230741594507,NA
"1889936a2bfae2c7",1349,0.0836856844568212,NA
"188d4189a5fcb311",1350,NA,"sex 缺值"
"18960eefb9a3b32e",1351,0.397193255426077,NA
"189a8a361d64b778",1352,1.50294475443083,NA
"18a05d1f76e3d2c9",1353,NA,"edu 缺值"
"18a368d004166014",1354,0.0836856844568212,NA
"18a37dd2b2869022",1355,0.185100340350864,NA
"18a59f4ccaec2511",1356,0.0826649852446509,NA
"18ab0c5b3cfef3b6",1357,NA,"party_tpp 缺值"
"18ab75037dd9965a",1358,5.00009104606325,NA
"18ade855369f24a7",1359,1.07950481174013,NA
"18b3c17b0c0e20af",1360,3.55720675110865,NA
"18bc3e4f960b22f0",1361,NA,"party_tpp 缺值"
"18c32b0efe8dc58c",1362,NA,"edu 缺值"
"18c40a34613b0cf5",1363,NA,"party_tpp 缺值"
"18c493cf1d3df5bc-1",1364,NA,"sex 缺值"
"18c493cf1d3df5bc",1365,NA,"sex 缺值"
"18d8ad87ea29b409",1366,2.53348408482907,NA
"18d9b594a4c21bb7",1367,0.350539549928668,NA
"18dbd22427439df6",1368,0.62559866719508,NA
"18ee4d947b7daf4b",1369,0.270680920414285,NA
"18fa5b6509b0e493",1370,0.557108388114855,NA
"18fa5b6509b0e493-1",1371,NA,"party_kmt 缺值"
"19009a6f20004ef7",1372,0.0826649852446509,NA
"1903b5ae7b50bbd8",1373,NA,"party_tpp 缺值"
"1905e7d1e3e80d72",1374,1.02846521641355,NA
"190e46fda39e7673",1375,NA,"party_tpp 缺值"
"19110df748a677be",1376,2.18287322370522,NA
"191559d1ef72afe8",1377,0.106699590892319,NA
"1916173391b3c8d1",1378,0.481391881251299,NA
"1916fb2c10afd18e",1379,5.00009104606325,NA
"1919eb01c4aa31db",1380,0.465196977412774,NA
"191df57e29f6abce",1381,0.255978129078632,NA
"192ae886a25bbf3b",1382,0.141599791476844,NA
"192d14d9f4eaa27f",1383,0.27157879875813,NA
"192e5c5efbc72f5d",1384,0.231597778272698,NA
"192eed1e7dd003b7",1385,0.623780229721267,NA
"1936fbc193465d48",1386,5.00009104606325,NA
"1939865f102e9217",1387,0.550313437502534,NA
"19405620816c93d7",1388,0.168094563567848,NA
"1946c4f9b14848ec",1389,5.00009104606325,NA
"19496c263c627fe3",1390,0.483270676621923,NA
"194ab1c38b987e52",1391,0.585951957346482,NA
"194db8c284b0064d",1392,NA,"edu 缺值"
"194db8c284b0064d-1",1393,NA,"edu 缺值"
"1966abba18e8fd93",1394,NA,"edu 缺值"
"196d71f9df2471a5",1395,0.761481483967541,NA
"196fc0c9f0db2d89",1396,0.0981324511294532,NA
"1983ae7813d398de",1397,0.460683494922433,NA
"199679a67ee7769d",1398,NA,"edu 缺值"
"199e617b5d11965a",1399,NA,"party_tpp 缺值"
"19a435c22acdef74",1400,0.427922149421554,NA
"19a4992317e78c7b",1401,0.876420857925682,NA
"19a801843b6ff570",1402,NA,"party_dpp 缺值"
"19a811c97d50bfcc",1403,0.552016858424831,NA
"19ad51e3de75be0a",1404,NA,"edu 缺值"
"19ad907c5a4a7ba9",1405,0.915450706309203,NA
"19b1a60cd03711e5",1406,3.00658417977091,NA
"19b6e2a80f392761",1407,NA,"party_tpp 缺值"
"19b8872ef2ddba75",1408,NA,"edu 缺值"
"19be83181a0ab86c",1409,4.6838396872911,NA
"19bec7ff9a7243c4",1410,NA,"edu 缺值"
"19bf9693f03d826e",1411,NA,"edu 缺值"
"19c6f224a8a34471",1412,NA,"edu 缺值"
"19c901e47e1116d1",1413,NA,"sex 缺值"
"19cc5345b42a50a4",1414,NA,"edu 缺值"
"19cf6eb1215a1760",1415,0.0826649852446509,NA
"19d05d9b64c23c2e",1416,0.211075953330083,NA
"19d099154990aa0d-1",1417,0.111511768743893,NA
"19d099154990aa0d",1418,0.799460529401267,NA
"19d72e8351fca6a9",1419,NA,"edu 缺值"
"19ea017da44d44a4",1420,0.914468188906357,NA
"19ebded8b93cd690-1",1421,0.383663646534465,NA
"19ebded8b93cd690",1422,0.0704952927516892,NA
"19fef124b538c20a",1423,NA,"edu 缺值"
"1a02a01dffa6594e",1424,NA,"edu 缺值"
"1a0bdbf4480d8c1d",1425,NA,"edu 缺值"
"1a0c8c8dfe5edac0",1426,0.451164551441784,NA
"1a14d84b42dd5398",1427,0.270522990875408,NA
"1a1639dca9e460a9",1428,0.481391881251299,NA
"1a1d187f7c192210-1",1429,NA,"party_dpp 缺值"
"1a1d187f7c192210",1430,NA,"party_dpp 缺值"
"1a1fd7c95a31b149",1431,0.270522990875408,NA
"1a2361d460abdedc",1432,NA,"party_tpp 缺值"
"1a26169fa96e3409",1433,5.00009104606325,NA
"1a310d6a1193c407",1434,0.0863931964567863,NA
"1a32647bf3331235",1435,1.54167608380652,NA
"1a38f66f8ee950d8",1436,0.391650743289372,NA
"1a3a6996da3d7e94-1",1437,NA,"party_dpp 缺值"
"1a3a6996da3d7e94",1438,0.174625325219644,NA
"1a3dc00548447b6f",1439,0.307350729610672,NA
"1a492110ae8e67c5",1440,5.00009104606325,NA
"1a5438b648788246",1441,0.16829845267839,NA
"1a57f3a750d8bf1d",1442,NA,"party_tpp 缺值"
"1a5b76cefa1fc10a",1443,0.427922149421554,NA
"1a5e247fcd019a4d",1444,5.00009104606325,NA
"1a5f63b98de69ddc",1445,0.161035702786106,NA
"1a60b4c69b7da567",1446,NA,"sex 缺值"
"1a64080fdebb497e",1447,NA,"party_tpp 缺值"
"1a6b462c617ac819",1448,0.200703811200941,NA
"1a6edf30051de213",1449,NA,"party_tpp 缺值"
"1a723cbd24eddbe1",1450,0.354836203663754,NA
"1a723cbd24eddbe1-1",1451,NA,"party_kmt 缺值"
"1a72c6c776f479f5",1452,NA,"party_tpp 缺值"
"1a7df57b036c4af7",1453,NA,"party_tpp 缺值"
"1a801981daf3c6dc",1454,0.225763896503032,NA
"1a808db51cde79e7",1455,5.00009104606325,NA
"1a851db7e4a4b538",1456,0.191167133061059,NA
"1a89e7c8a9573fca",1457,3.26158471799973,NA
"1a9590ccc00178ac",1458,1.90820336748497,NA
"1a9ffb28b2cb6f78-1",1459,NA,"party_dpp 缺值"
"1a9ffb28b2cb6f78",1460,0.62559866719508,NA
"1aa0c1df5cc8f876",1461,NA,"edu 缺值"
"1aa8fb2ef1c79fe5",1462,NA,"edu 缺值"
"1ab95e6788d7c8de",1463,NA,"sex 缺值"
"1ac93a86f9a56b09",1464,0.350539549928668,NA
"1acccf17470d1643",1465,0.360409078911018,NA
"1ad2e78d3ea4f072",1466,0.375199274569863,NA
"1ad44e3a5746afa0",1467,0.0826649852446509,NA
"1ad95fb1b86a1912",1468,0.0826649852446509,NA
"1ade6a282145a0c4",1469,0.270522990875408,NA
"1adf07c9ae8bb876",1470,NA,"edu 缺值"
"1ae425b24392e77b",1471,NA,"sex 缺值"
"1ae822e80f22c577",1472,5.00009104606325,NA
"1af25c49f0667e55",1473,0.401743698398901,NA
"1b0015758841d39b",1474,NA,"sex 缺值"
"1b0387057e4ca932",1475,NA,"edu 缺值"
"1b0c190a36814e31",1476,0.225763896503032,NA
"1b126f162fe9d3cc",1477,0.317223720565632,NA
"1b15e2fe724334e7",1478,NA,"party_tpp 缺值"
"1b19677f77c5de52",1479,NA,"sex 缺值"
"1b23a291220444a4",1480,0.409455600887348,NA
"1b2fda7be8c661dd",1481,0.270680920414285,NA
"1b31e6d56df8bde1",1482,0.143849474355578,NA
"1b35acd3b8e95ad4",1483,0.228773021907763,NA
"1b36387425afca7f",1484,NA,"sex 缺值"
"1b39bbf902912c39",1485,0.238546543885963,NA
"1b3b557a7bca4791",1486,NA,"edu 缺值"
"1b3ec86c59398ee2",1487,0.3497416820687,NA
"1b49c7ec3e808c8e",1488,NA,"party_tpp 缺值"
"1b4e31242a8e6b31-1",1489,NA,"party_kmt 缺值"
"1b4e31242a8e6b31",1490,0.182662832831437,NA
"1b4f202358fb1623",1491,0.109703744645957,NA
"1b5e866b8c786d80",1492,NA,"edu 缺值"
"1b6154d13eb18b18",1493,0.239090741590243,NA
"1b67071ffda69f8f",1494,0.427922149421554,NA
"1b6bf963f827c8b8",1495,0.946887646635036,NA
"1b75dc9eb75e237b",1496,0.550313437502534,NA
"1b79918e1fc3a260",1497,NA,"edu 缺值"
"1b7c5db8bdcc9115",1498,0.345119283638798,NA
"1b879530e2805b84",1499,NA,"edu 缺值"
"1ba3256bbe9a2f4b",1500,NA,"party_tpp 缺值"
"1ba765e8ab1c304c",1501,0.624795234497572,NA
"1baac84e5b49216c",1502,0.161035702786106,NA
"1bae37c86f4d8c77",1503,NA,"edu 缺值"
"1bb2798526ada6c9",1504,0.589954048650274,NA
"1bb366ff406cd8d5",1505,NA,"edu 缺值"
"1bb4d9ab1903e740-1",1506,NA,"party_dpp 缺值"
"1bb4d9ab1903e740",1507,0.914468188906357,NA
"1bbae2d085ab559b",1508,0.225763896503032,NA
"1bc0bbfb8f769dae",1509,0.270522990875408,NA
"1bc875e01695ed07",1510,NA,"party_tpp 缺值"
"1bcc41d911b097e5",1511,0.225397134049326,NA
"1bd2de5ba9d2314d",1512,0.483270676621923,NA
"1bd9a57a9ae5c8f0",1513,0.122293839857739,NA
"1bd9a57a9ae5c8f0-1",1514,NA,"party_kmt 缺值"
"1be445119de65d74",1515,4.66479271099245,NA
"1beb1c0c55e54d4a",1516,0.106699590892319,NA
"1bf01a403e077619-1",1517,NA,"party_kmt 缺值"
"1bf01a403e077619",1518,5.00009104606325,NA
"1bf723010456f147",1519,1.2720267341193,NA
"1bfe8f08a1ce5294",1520,0.294616007802654,NA
"1c0902f1c16ae1b3",1521,NA,"edu 缺值"
"1c0e24c5cb35dfe7",1522,NA,"party_tpp 缺值"
"1c127029fc9c91d1",1523,NA,"edu 缺值"
"1c19d4eee729125e",1524,NA,"edu 缺值"
"1c1ec7283833528b",1525,0.137328507079303,NA
"1c22009559940668",1526,1.03872768386547,NA
"1c246d1c7dbb323f",1527,NA,"edu 缺值"
"1c2b043c3617a84d",1528,NA,"party_tpp 缺值"
"1c2f7b72cf518fd1",1529,0.37657952957204,NA
"1c3c09cc2a2397af",1530,NA,"party_tpp 缺值"
"1c3fd4c121dc4ce1",1531,0.710315479646997,NA
"1c4745a606665ce3",1532,NA,"sex 缺值"
"1c526c2ad6a818f7",1533,NA,"party_tpp 缺值"
"1c56874a1af75290",1534,0.0704952927516892,NA
"1c5757767575d96a",1535,NA,"edu 缺值"
"1c58d898ae37c941",1536,0.359007928496261,NA
"1c5a88ab8957db7f",1537,NA,"sex 缺值"
"1c5e381b89c3df68",1538,0.231597778272698,NA
"1c62ce35c13d31df",1539,2.08896256371023,NA
"1c66ad4979fbf1a0",1540,NA,"party_tpp 缺值"
"1c68e53c34afd08b",1541,0.657988232409691,NA
"1c696f197d0d0a78",1542,5.00009104606325,NA
"1c6973e5f6584c39",1543,5.00009104606325,NA
"1c72b1df3f3d7744-1",1544,NA,"party_kmt 缺值"
"1c72b1df3f3d7744",1545,0.0704952927516892,NA
"1c743a4c9427cb65",1546,NA,"edu 缺值"
"1c79bdbf6678937a",1547,NA,"edu 缺值"
"1c7c32633c50f88d",1548,0.111511768743893,NA
"1c7c96557a700f2e",1549,NA,"party_tpp 缺值"
"1c7daab2cce7b260",1550,1.5983817150522,NA
"1c83a43b80ac012a",1551,0.106699590892319,NA
"1c888ad2bbeb4948",1552,NA,"party_tpp 缺值"
"1c8982eddd7f448b",1553,NA,"edu 缺值"
"1c8b6498f8bf4c9e",1554,NA,"edu 缺值"
"1c8dc08e7c58b2f6",1555,NA,"edu 缺值"
"1c998cb18182af14",1556,0.111511768743893,NA
"1c9cdf70f92ddd40-1",1557,NA,"sex 缺值"
"1c9cdf70f92ddd40",1558,NA,"sex 缺值"
"1c9d5e1eed19e36b",1559,0.350539549928668,NA
"1ca6a46c445d19ef",1560,NA,"edu 缺值"
"1cb0ff419156f0c6",1561,NA,"edu 缺值"
"1cb8ed98fe95f6f5",1562,NA,"edu 缺值"
"1cbdc56ac0bab258",1563,NA,"party_tpp 缺值"
"1cc00f9bef99cbf8",1564,0.560665791922046,NA
"1cc1b40b1625f3cb",1565,NA,"edu 缺值"
"1cce0b4fd72ed291",1566,0.143849474355578,NA
"1cdbf3bbacb06ef6",1567,5.00009104606325,NA
"1ce77266894975a2",1568,0.127809322181766,NA
"1ce884cb31b14aa8",1569,NA,"edu 缺值"
"1cea1899d17a0edb",1570,0.118616246805632,NA
"1cea41d97592eff2",1571,0.0704952927516892,NA
"1ceb686060bd3e67",1572,0.949047787273069,NA
"1cec6f35dcdfb87b",1573,0.360409078911018,NA
"1cf1912abf34c284",1574,0.0704952927516892,NA
"1cf4369c18e8dc37",1575,0.481391881251299,NA
"1cf8a495caf1d27b",1576,NA,"party_kmt 缺值"
"1cfac42acf0ea548",1577,0.564495177014209,NA
"1cfca893b5b88263",1578,1.78334572274152,NA
"1d002d2d8989d834",1579,0.125445388161949,NA
"1d003070cf3fd0e0",1580,0.946887646635036,NA
"1d0d3f4e4ebb67e0",1581,NA,"sex 缺值"
"1d1077e569a06c38",1582,NA,"edu 缺值"
"1d10e10a30ca519f",1583,0.0736746478324626,NA
"1d292fa07d36d5da",1584,NA,"party_tpp 缺值"
"1d3578b1391fddd8",1585,0.268006635152847,NA
"1d37cd0c6dc40833",1586,0.0981324511294532,NA
"1d38931caf1b9302",1587,NA,"party_tpp 缺值"
"1d3a6cd92ac49d4e",1588,NA,"edu 缺值"
"1d3dc8784f4f9019",1589,1.72197891469214,NA
"1d41573a6b7465e7",1590,0.0999201607532301,NA
"1d48427ab0ccd902",1591,5.00009104606325,NA
"1d499bb1ff125db7",1592,0.17953404423645,NA
"1d49ed794767bd99",1593,NA,"party_tpp 缺值"
"1d4a4fd770e62cb3",1594,0.486068939888409,NA
"1d4c81d9a5a0e4e7",1595,5.00009104606325,NA
"1d4e67a2e6db549f",1596,0.170238235700995,NA
"1d50936dde771906-1",1597,NA,"party_kmt 缺值"
"1d50936dde771906",1598,0.225763896503032,NA
"1d51ccaee3aca18b",1599,0.0826649852446509,NA
"1d51fe535cc1fbf3",1600,NA,"party_tpp 缺值"
"1d5642e348b51441",1601,NA,"sex 缺值"
"1d58b380c4c0a51b",1602,NA,"edu 缺值"
"1d620ea6f70afd70",1603,NA,"edu 缺值"
"1d623a8f6909dba2",1604,0.270522990875408,NA
"1d6266e6404868e0",1605,5.00009104606325,NA
"1d644a20729f4d33",1606,0.238300273409114,NA
"1d69e385a4c71902",1607,NA,"sex 缺值"
"1d6a81a63762c26c",1608,0.143522056601192,NA
"1d6f5de3adaf86f9",1609,NA,"party_kmt 缺值"
"1d6fe02800a0f768",1610,0.228016665583315,NA
"1d71ae8d2fa99a64",1611,0.109703744645957,NA
"1d738eb86a7fdaff",1612,NA,"party_tpp 缺值"
"1d7432a5f0a5e496",1613,0.307350729610672,NA
"1d7d60f9766f6b9f",1614,0.0826649852446509,NA
"1d7d9844d7546284",1615,0.915450706309203,NA
"1d7e06031f6fa7c6",1616,2.52771758708171,NA
"1d7e06031f6fa7c6-1",1617,NA,"party_kmt 缺值"
"1d806a5bc3a9db64-1",1618,NA,"edu 缺值"
"1d806a5bc3a9db64",1619,NA,"edu 缺值"
"1d814cba252b7557",1620,0.2794383541969,NA
"1d8623bbde36d391",1621,NA,"edu 缺值"
"1d8642e8455c3bd2",1622,0.158056991096045,NA
"1d887bfe5b54f3bb",1623,0.106699590892319,NA
"1d8f5adc30106e68",1624,0.302598276430383,NA
"1d914c68498432ea",1625,1.2148840312943,NA
"1d92c44a9197d852",1626,0.143522056601192,NA
"1d994da2b2d30acd",1627,0.27157879875813,NA
"1d9fb144d5895b0c",1628,NA,"sex 缺值"
"1da849a83e8537cb",1629,0.0981324511294532,NA
"1da9cfc4b1ebe415",1630,0.109703744645957,NA
"1dada66d12272f21",1631,0.405838781451556,NA
"1db0f07cb09d770e",1632,0.728620518951834,NA
"1db1d759b039a706",1633,0.931172921288906,NA
"1db652be3e9a0f34",1634,NA,"edu 缺值"
"1db94b74311d08da",1635,NA,"edu 缺值"
"1dbaa91669f2f148",1636,0.114651410572369,NA
"1dbbc95654febea9",1637,NA,"party_tpp 缺值"
"1dbf17fe1adb3f3a",1638,NA,"party_tpp 缺值"
"1dc387afd04df00a",1639,NA,"sex 缺值"
"1dc3ff1109e6086f",1640,5.00009104606325,NA
"1dce86ba306f4492",1641,0.270680920414285,NA
"1de9818ee72ae04b",1642,5.00009104606325,NA
"1dfc73571b080167",1643,NA,"sex 缺值"
"1e05dd7c35cb33b4",1644,NA,"sex 缺值"
"1e0ccdf4a6d41b96",1645,0.527300550779753,NA
"1e10a8314b55669f",1646,NA,"sex 缺值"
"1e1382aa8e7e955c",1647,0.32858695060914,NA
"1e14439fdad91637",1648,NA,"party_tpp 缺值"
"1e1b518a76b18d23",1649,0.170238235700995,NA
"1e223ec35619b83b",1650,0.193448411329452,NA
"1e277b7aeea973a0",1651,0.137328507079303,NA
"1e28713f3c1f1c34",1652,0.27157879875813,NA
"1e28f24592133741",1653,NA,"sex 缺值"
"1e2af50dd6c4e327",1654,0.735270123112013,NA
"1e2afd03efb91692",1655,0.0704952927516892,NA
"1e2cc1f4c64fc9e3",1656,NA,"party_tpp 缺值"
"1e311db650ffa3c8",1657,2.11303963662122,NA
"1e34cf2257ce2987",1658,0.317223720565632,NA
"1e35758f5e4abcea",1659,0.0826649852446509,NA
"1e4798a963a51944",1660,NA,"party_tpp 缺值"
"1e4b9edea03a47b5",1661,0.143849474355578,NA
"1e50c3d0355b5e96",1662,0.73023217409767,NA
"1e50c3d0355b5e96-1",1663,NA,"party_kmt 缺值"
"1e5b4b930d666dcd",1664,0.122293839857739,NA
"1e5edc00f2545c77",1665,NA,"party_tpp 缺值"
"1e64245f0738d52a",1666,NA,"edu 缺值"
"1e6cf0400878c319",1667,0.125445388161949,NA
"1e7be7fc7d380db1",1668,0.114651410572369,NA
"1e88dae8772a0941",1669,0.526992895800938,NA
"1e8b6e663ca01cf0",1670,NA,"edu 缺值"
"1e8eddd0efcb52f2",1671,5.00009104606325,NA
"1e90736b467ee7be",1672,NA,"party_tpp 缺值"
"1e9ad52349cfc1ce",1673,NA,"party_tpp 缺值"
"1ea1377d200cfd0a",1674,0.106699590892319,NA
"1eaddac73463c87a",1675,NA,"party_tpp 缺值"
"1eadfbcc49027e8b",1676,NA,"edu 缺值"
"1eaf263b4cb55230",1677,1.48678974956663,NA
"1eb3b1de54e5e1ce",1678,0.141599791476844,NA
"1eb5a1a7a45b38e6",1679,0.27157879875813,NA
"1eb85b866f5e1982",1680,NA,"party_tpp 缺值"
"1ec0678af9951498",1681,1.5983817150522,NA
"1ec56e88e7987aad",1682,NA,"party_tpp 缺值"
"1ecab7529d7e94dd",1683,NA,"edu 缺值"
"1ecacdc079f89111",1684,0.550313437502534,NA
"1edbee6211349c05",1685,0.321140614770656,NA
"1edf5369cf0c34af",1686,0.106699590892319,NA
"1ee7f04577b01433",1687,NA,"sex 缺值"
"1eee274f5b8b3f64",1688,NA,"edu 缺值"
"1ef3a0a4d881775d",1689,0.109703744645957,NA
"1ef6000ca00bbcd0",1690,0.460683494922433,NA
"1efcd5ec9153af48",1691,0.0981324511294532,NA
"1efdd62880f7e115",1692,0.287214515247601,NA
"1f01192547c6aee6",1693,0.0704952927516892,NA
"1f1c8286512471e5",1694,0.189870430687549,NA
"1f255e4a2ce43277",1695,0.147101185861357,NA
"1f26f57a0e40d6ea",1696,0.319478322430065,NA
"1f361e11bdd413c3",1697,0.439799845478686,NA
"1f36cdcb128b014d",1698,NA,"party_tpp 缺值"
"1f3878a852efe49e",1699,1.47861752087056,NA
"1f43a544d4b7d970",1700,0.217230741594507,NA
"1f4ec27e23ffc9cb",1701,0.143405581745165,NA
"1f53f7e1caa83ba1",1702,0.914468188906357,NA
"1f54719f6c3c4a24",1703,NA,"edu 缺值"
"1f551891dc41bc87",1704,3.68095655743957,NA
"1f5ca4c6df4e3428",1705,NA,"edu 缺值"
"1f5cd247d01534a5",1706,5.00009104606325,NA
"1f62488c5fee9f8a",1707,NA,"party_tpp 缺值"
"1f6323ebdf2a8607",1708,0.460683494922433,NA
"1f66c5b51930a4c1",1709,0.575132709190708,NA
"1f698270bd949b2c",1710,NA,"party_tpp 缺值"
"1f7336518d9964be",1711,NA,"edu 缺值"
"1f75430c989fc43d",1712,NA,"edu 缺值"
"1f7803596e0fbfbd",1713,NA,"edu 缺值"
"1f82393982f1f8f5",1714,NA,"party_tpp 缺值"
"1f8655a29f2d2c90",1715,0.702631727979924,NA
"1f89d8eaf71b65ff-1",1716,NA,"sex 缺值"
"1f89d8eaf71b65ff",1717,NA,"sex 缺值"
"1f8b618ed339c24c-1",1718,NA,"party_dpp 缺值"
"1f8b618ed339c24c",1719,NA,"party_dpp 缺值"
"1f8bd71eda708ff0",1720,5.00009104606325,NA
"1f90eaf68726adf7",1721,NA,"sex 缺值"
"1f962dd15cf41b05",1722,0.161035702786106,NA
"1f9c6bde04544427",1723,0.0826649852446509,NA
"1f9ce9431ce2094a",1724,0.231597778272698,NA
"1fad6af05e10d8f9",1725,0.147985976977968,NA
"1faee0af35967e96",1726,0.0704952927516892,NA
"1fafc7840e55f3f1",1727,0.161035702786106,NA
"1fb2f70aeab4dbbc",1728,NA,"edu 缺值"
"1fb6df3a9773ccab",1729,0.448247014664783,NA
"1fb823147fa5b996",1730,NA,"edu 缺值"
"1fbf0f1e79d3c60d",1731,0.0863931964567863,NA
"1fc77d5ac45cf473",1732,0.448247014664783,NA
"1fc7ff2714203532",1733,0.33153058856141,NA
"1fcdaf2a5e62fbab",1734,0.270583396815022,NA
"1fcedc1e626dfff7",1735,NA,"sex 缺值"
"1fd2b7b36aa849ac",1736,5.00009104606325,NA
"1fd4ff6c0864d29c-1",1737,1.90820336748497,NA
"1fd4ff6c0864d29c",1738,0.483270676621923,NA
"1fd54a2b84339413-1",1739,NA,"party_kmt 缺值"
"1fd54a2b84339413",1740,0.619378128012992,NA
"1fdb94363adedf96",1741,NA,"edu 缺值"
"1fdf2642fd0f0802",1742,0.161035702786106,NA
"1fe01d4bfa063fc8",1743,0.543383786383836,NA
"1fe1dbeb2dd0106c",1744,NA,"age 缺值"
"1fe1dbeb2dd0106c-1",1745,NA,"age 缺值"
"1fe8c81d6e8dc842",1746,0.109703744645957,NA
"1fec484343eaddeb",1747,NA,"sex 缺值"
"1ff1ecb2942daded",1748,0.797640866365096,NA
"1ff8677fb1fba4ce-1",1749,NA,"party_kmt 缺值"
"1ff8677fb1fba4ce",1750,5.00009104606325,NA
"1fff70ece4338315",1751,0.876420857925682,NA
"200107828b50f783",1752,0.114651410572369,NA
"20021736f11bab42-1",1753,NA,"party_dpp 缺值"
"20021736f11bab42",1754,0.0704952927516892,NA
"200487329cbf8f32",1755,0.866866097244371,NA
"201134a9d377d526",1756,0.550313437502534,NA
"201aab57afd39544",1757,NA,"edu 缺值"
"201cf37bb2bcabf4",1758,0.321140614770656,NA
"201d2d8ace9b6b25",1759,NA,"edu 缺值"
"202283951b6c9915",1760,NA,"sex 缺值"
"202283951b6c9915-1",1761,NA,"sex 缺值"
"2023686a4887e380",1762,0.299608652671325,NA
"2024fde4b752e08b-1",1763,NA,"party_kmt 缺值"
"2024fde4b752e08b",1764,5.00009104606325,NA
"202e5fa8fdc5a22f",1765,0.200703811200941,NA
"20300879bece01f4",1766,0.282723644450041,NA
"20327a3953cf4cde",1767,0.359217514958461,NA
"2036929ed82353df",1768,0.623780229721267,NA
"2038bb41cbe8eab3",1769,NA,"edu 缺值"
"203d3f74ffc4f350",1770,NA,"sex 缺值"
"203e688afecd2650",1771,1.21358014382667,NA
"2048539552db7b13",1772,0.216840920771329,NA
"205435cadde7f674",1773,0.19160324382272,NA
"2056a909f164c136",1774,0.0977727719756202,NA
"2057366c5606f82c",1775,0.137328507079303,NA
"205a142d6d16fc88",1776,NA,"party_tpp 缺值"
"205c0d644a8dffea",1777,0.0826649852446509,NA
"2061185d33139614",1778,0.168682392978214,NA
"2064e92c25914dfe",1779,2.92861967795179,NA
"206a1651e00c9777",1780,NA,"party_tpp 缺值"
"206f8ad5f27aee5b",1781,0.106699590892319,NA
"207340f934a0dc79",1782,NA,"sex 缺值"
"207a17e97d4a4b0a",1783,0.270522990875408,NA
"207edc0e5714674a",1784,0.161035702786106,NA
"207f00a310e43fc8",1785,0.104426584634346,NA
"208c815f02af188e",1786,0.143405581745165,NA
"209f090f830b3c94",1787,NA,"edu 缺值"
"209f99e1d04abb00",1788,0.0826649852446509,NA
"20a0503e7e58be0c",1789,0.360409078911018,NA
"20a142993e0804eb",1790,NA,"edu 缺值"
"20a162bfdeedf291",1791,0.4847641311121,NA
"20a2720a40cc1211",1792,NA,"edu 缺值"
"20a375d5f3026728",1793,0.249547223563229,NA
"20a8826af6d8c9a1",1794,5.00009104606325,NA
"20ac9adcb6861354",1795,0.526992895800938,NA
"20b034f3160f5cb0",1796,5.00009104606325,NA
"20b5019bc687c7d4-1",1797,NA,"party_dpp 缺值"
"20b5019bc687c7d4",1798,0.653282721236478,NA
"20b644516cde80c5",1799,1.83881255131899,NA
"20c7ad2e849b4ee7",1800,NA,"edu 缺值"
"20cd58d390ffb837",1801,5.00009104606325,NA
"20d9972933210074",1802,NA,"party_tpp 缺值"
"20dd573b82ecccaa",1803,0.15549429433347,NA
"20ddfd7431f74ab3",1804,0.217904966921292,NA
"20ec3f4b4bbef308",1805,0.238300273409114,NA
"20ee9557859eb6e1",1806,0.137328507079303,NA
"20f0232d016fa727",1807,0.763165825157738,NA
"20f1f5a1c8752fe9",1808,NA,"sex 缺值"
"20fc4b454bfeb580",1809,NA,"edu 缺值"
"20fdc3b0bdc6dae8",1810,NA,"sex 缺值"
"20fea5592abfded3",1811,5.00009104606325,NA
"20ff37ae7de8a6ba",1812,NA,"edu 缺值"
"21010039f89c85a8",1813,NA,"party_tpp 缺值"
"21087c1ece07f41e",1814,0.409455600887348,NA
"211131863b875e27",1815,0.137328507079303,NA
"2125bb41f3a00b63",1816,0.623780229721267,NA
"2125fc9caaaa39de",1817,NA,"sex 缺值"
"212b6b623707e0fa",1818,NA,"edu 缺值"
"212e0dec4e8ac3f7",1819,NA,"edu 缺值"
"213392e76ee9af93",1820,NA,"sex 缺值"
"2134cfa401183eed",1821,0.270522990875408,NA
"213865f130595bff",1822,NA,"sex 缺值"
"21386622479b3ccd",1823,5.00009104606325,NA
"213928284c3b6dd2",1824,NA,"edu 缺值"
"213b1673fefdc1b4",1825,5.00009104606325,NA
"2140ff0afc4254c4",1826,0.231597778272698,NA
"2143966746935169",1827,NA,"edu 缺值"
"21469501f23cb52d",1828,1.15040795922101,NA
"21486b1dd36cdbed-1",1829,NA,"party_tpp 缺值"
"21486b1dd36cdbed",1830,0.0981324511294532,NA
"2155ec992687bc5b",1831,NA,"party_tpp 缺值"
"215964ef84bb3259",1832,NA,"party_tpp 缺值"
"215e5c0b60b23143",1833,0.122293839857739,NA
"215e66d40ae2f14c",1834,0.412125009469762,NA
"21608cb5824f23dd",1835,NA,"sex 缺值"
"2160bb087988c56c",1836,0.15549429433347,NA
"216ab3abbe4c5385",1837,0.214196151137979,NA
"216b4111772e838f",1838,0.0981324511294532,NA
"2174e7c628891343",1839,0.255978129078632,NA
"2176d5f6e9a611cb",1840,5.00009104606325,NA
"2177d7c0a7a373ee",1841,NA,"edu 缺值"
"217f764662b92a4f",1842,NA,"party_tpp 缺值"
"2183406b79338396",1843,NA,"edu 缺值"
"2187578ca5c3a56c",1844,NA,"sex 缺值"
"218ea7685696aef4",1845,0.319998172222897,NA
"218f83f03e5e4f45",1846,4.41340811052105,NA
"21988f71af7e7d0f",1847,NA,"edu 缺值"
"21a02df79c644605",1848,NA,"party_tpp 缺值"
"21b79c621122fb6d",1849,0.694441419898456,NA
"21bbe819fba82ae5",1850,0.307350729610672,NA
"21bf457e3a5c785c",1851,0.270522990875408,NA
"21c510c6fa489c15",1852,0.255978129078632,NA
"21c667f7c4ec31a9",1853,NA,"sex 缺值"
"21caf0bf9fe3bd02",1854,NA,"edu 缺值"
"21d163519572b41a",1855,0.189870430687549,NA
"21d212dee645402a",1856,NA,"edu 缺值"
"21d74cba555e4a35",1857,NA,"party_tpp 缺值"
"21d8b86092377fdf",1858,2.08896256371023,NA
"21d967c0cf35fb2e",1859,NA,"party_tpp 缺值"
"21d97e750a6b5e5d-1",1860,NA,"party_kmt 缺值"
"21d97e750a6b5e5d",1861,0.875005237020704,NA
"21dc5057ca4a285f",1862,5.00009104606325,NA
"21ece886e031fe21",1863,0.409455600887348,NA
"21f3c3ae8503a4a3",1864,0.0704952927516892,NA
"21f5489039696108",1865,0.317223720565632,NA
"21f712e5bc7e2a7c",1866,5.00009104606325,NA
"21fb3f77de8cc7ba",1867,0.427922149421554,NA
"220127e08cd470fb",1868,5.00009104606325,NA
"2201325ccf92b952",1869,0.0935534866653076,NA
"2201db2d05038d8b",1870,0.153735485605362,NA
"2201db2d05038d8b-1",1871,NA,"party_kmt 缺值"
"2205fc9ae28aaa01",1872,NA,"edu 缺值"
"22089d9bb1919780",1873,NA,"party_tpp 缺值"
"220b72f069c0712d",1874,NA,"edu 缺值"
"220e9bf8af824961",1875,5.00009104606325,NA
"2213a347047054d7",1876,NA,"edu 缺值"
"221613609ebaac46",1877,0.4017712460214,NA
"221637b9791ea625",1878,0.360409078911018,NA
"2226495f8b5012fd",1879,1.3841120141743,NA
"22296fe36ddb3263",1880,2.18287322370522,NA
"22296fe36ddb3263-1",1881,NA,"party_tpp 缺值"
"2239a598ea67ebf3-1",1882,NA,"party_dpp 缺值"
"2239a598ea67ebf3",1883,0.126664177798915,NA
"2239b4bd42a9aa7f",1884,2.77284099210224,NA
"223b1ebb7a758bac",1885,0.307350729610672,NA
"2240e3f19850a75b",1886,NA,"edu 缺值"
"2248070be859d52f",1887,0.405752469491046,NA
"224deb123b840be5",1888,NA,"edu 缺值"
"224e3dbcc065b147",1889,NA,"sex 缺值"
"225f4bb9fc0c7199",1890,4.66479271099245,NA
"22669d6d12c9d4f0",1891,NA,"party_tpp 缺值"
"226f84a7249bf357",1892,0.173339519005292,NA
"2270ff8d477b8f4f",1893,0.189870430687549,NA
"22744eaeb2c6856e",1894,1.62728336093566,NA
"2274998e47ea05ac",1895,0.625707901789997,NA
"2277bcdf7c59ef5d",1896,2.77284099210224,NA
"2278f39f25e2e9e3",1897,0.126664177798915,NA
"227bce6700c96a8c",1898,1.01278852899865,NA
"227e704705f793d0",1899,0.627025849299429,NA
"227e7993917f6a5b",1900,NA,"sex 缺值"
"2281841aa4c30b5a",1901,0.0704952927516892,NA
"2281f4460a3fae69",1902,1.48678974956663,NA
"228277ab361d3167",1903,0.106699590892319,NA
"2283c47803763f68-1",1904,NA,"sex 缺值"
"2283c47803763f68",1905,NA,"sex 缺值"
"228d47081627265f",1906,0.465196977412774,NA
"228ed6daf0cb6c92",1907,4.68026634078251,NA
"228f9b9ce944722f",1908,0.385311335884033,NA
"229c2388d2b47594",1909,NA,"party_tpp 缺值"
"229fc199ad60038c",1910,3.68095655743957,NA
"22a35a7785b44d0a",1911,0.0863931964567863,NA
"22a4376677019eb7",1912,0.225763896503032,NA
"22b2bda363aa8529",1913,NA,"edu 缺值"
"22c0c2082450165e",1914,0.125445388161949,NA
"22c0c2082450165e-1",1915,NA,"party_kmt 缺值"
"22c874b94034b2ed-1",1916,NA,"sex 缺值"
"22c874b94034b2ed",1917,NA,"sex 缺值"
"22d06684a5b11616",1918,1.3841120141743,NA
"22dc9fd3c14d06a5",1919,0.73023217409767,NA
"22ddfce10119b54a",1920,0.786248712029579,NA
"22ddfce10119b54a-1",1921,NA,"party_kmt 缺值"
"22df09d18ce9be61",1922,2.4037099598854,NA
"22df09d18ce9be61-1",1923,NA,"party_kmt 缺值"
"22dffd4c38f910d7",1924,NA,"edu 缺值"
"22e6a14504575f66",1925,0.147101185861357,NA
"23041abbdefd60ed",1926,NA,"edu 缺值"
"2306951a1df31639",1927,0.122293839857739,NA
"2309eecdd1f7897c",1928,0.149873208832532,NA
"230a7915444565b9",1929,0.141599791476844,NA
"2311523b860dd05c",1930,0.984302576831165,NA
"2315fa96ea5184f4",1931,0.0826649852446509,NA
"2319f0c4d79e5ae9",1932,0.0826649852446509,NA
"231b949a06e031d2",1933,NA,"party_tpp 缺值"
"231d87efca86f068",1934,NA,"edu 缺值"
"2323606d7feb61bb",1935,0.440087061264011,NA
"23358c2da71b067e",1936,NA,"sex 缺值"
"2341875ad0b2acda",1937,0.114651410572369,NA
"2345ce931f7ddcc6",1938,NA,"edu 缺值"
"2347e06fbc567d85",1939,NA,"party_tpp 缺值"
"23501e8ae4f10a32",1940,NA,"edu 缺值"
"23501e8ae4f10a32-1",1941,NA,"edu 缺值"
"235094260ef46aec",1942,NA,"party_tpp 缺值"
"2356de52b77757dd",1943,0.106699590892319,NA
"23576624db6647ad",1944,0.483270676621923,NA
"235c48c9ab6f28d4",1945,0.207856368152516,NA
"236aeeca3fb2fbdc",1946,NA,"party_tpp 缺值"
"236dc45eb9d132e6",1947,NA,"edu 缺值"
"2376374c9be72fb1",1948,NA,"sex 缺值"
"2377821208395a3a",1949,NA,"edu 缺值"
"23815bd354d1bed1",1950,5.00009104606325,NA
"238222a05cec7824",1951,0.3497416820687,NA
"23852d9b84d8da2d",1952,1.21358014382667,NA
"2388fdf8035fe553-1",1953,NA,"edu 缺值"
"2388fdf8035fe553",1954,NA,"edu 缺值"
"2390f8f6ca9396a5",1955,0.209755602561252,NA
"2391d0141ad0eb2f",1956,0.31740891368267,NA
"2399611a36ec6a7a",1957,0.189870430687549,NA
"239a7a0b950a7dbf",1958,0.0704952927516892,NA
"239e3b457ebf59af",1959,NA,"edu 缺值"
"23a4b5e3fcf801f2-1",1960,NA,"party_dpp 缺值"
"23a4b5e3fcf801f2",1961,0.282723644450041,NA
"23aab31f3af5a8d0",1962,NA,"party_tpp 缺值"
"23b6432236e260ee",1963,NA,"edu 缺值"
"23b747ac41506bf7",1964,NA,"sex 缺值"
"23bada855745aece",1965,0.143405581745165,NA
"23be03e7e625aa57",1966,0.137328507079303,NA
"23bfcb415034fb85",1967,0.62559866719508,NA
"23c2bde16a2fb4ef",1968,5.00009104606325,NA
"23c2bde16a2fb4ef-1",1969,NA,"party_kmt 缺值"
"23c5d87156ce6da4",1970,0.0826649852446509,NA
"23cb01c77193bf69",1971,0.584984773828304,NA
"23cb01c77193bf69-1",1972,NA,"party_kmt 缺值"
"23cd08cbe6bfc406",1973,NA,"party_tpp 缺值"
"23cee3d06a8c7417",1974,0.481391881251299,NA
"23d71505da62d627",1975,0.571465235506897,NA
"23d71d628149f5e0",1976,NA,"party_tpp 缺值"
"23d9a0697f7c4cd7",1977,0.710315479646997,NA
"23e02feab2477eae",1978,0.728620518951834,NA
"23e8a3139a6cf671",1979,5.00009104606325,NA
"23f3275917c084a7",1980,0.784403068634476,NA
"23fccffd6fc05e52",1981,NA,"party_tpp 缺值"
"23fff9e205ed79ad",1982,0.316245533290368,NA
"240332d9ab942f5d",1983,0.238300273409114,NA
"2409425964e7c3d1",1984,0.338444762581863,NA
"24097ca30bf95ecc",1985,0.359217514958461,NA
"240f82741d61f037",1986,0.212430568547291,NA
"2411962c4f51e4b1",1987,NA,"edu 缺值"
"2411962c4f51e4b1-1",1988,NA,"edu 缺值"
"241aed579604835c",1989,NA,"sex 缺值"
"241d8ecd73c66728",1990,NA,"edu 缺值"
"24234e279266b6ff",1991,NA,"edu 缺值"
"242601ce57e0758f",1992,NA,"age 缺值"
"2426664a221b7e77",1993,0.189870430687549,NA
"242dbbee892c3006",1994,0.0836856844568212,NA
"242e76974264b793",1995,0.0826649852446509,NA
"2439d8105dad91ca",1996,NA,"party_tpp 缺值"
"243abe2cc7bdb5e0",1997,NA,"edu 缺值"
"243ee23c9e607a86",1998,NA,"party_tpp 缺值"
"244226e7ddf1da3f",1999,NA,"edu 缺值"
"2444cddee29b498b",2000,NA,"sex 缺值"
"2447b30b6a378426",2001,NA,"edu 缺值"
"2451a9e600a6c7d0",2002,NA,"party_tpp 缺值"
"245ed4e1e46b7d10",2003,0.0826649852446509,NA
"2460d5b6a21e58b5",2004,NA,"edu 缺值"
"2461a735766614ef",2005,NA,"edu 缺值"
"2461cfa1d172ef0f",2006,0.427922149421554,NA
"24644cc0424dcd8a",2007,0.875005237020704,NA
"2467cec3354cf29a",2008,NA,"edu 缺值"
"2469ae2512acd31f",2009,0.27157879875813,NA
"247dc5752cc3a578",2010,NA,"edu 缺值"
"24833cf3c6b66605",2011,NA,"party_tpp 缺值"
"248a1784738ede84",2012,0.2794383541969,NA
"248c3b584fa645aa",2013,NA,"edu 缺值"
"249575ae3506d00a",2014,0.317223720565632,NA
"24964df1e111d772",2015,0.409455600887348,NA
"24983755bf85f18e",2016,0.31740891368267,NA
"249845c96e9c7f30",2017,0.161035702786106,NA
"249cf35b2d7a5213",2018,0.601179968262991,NA
"24a0e66c1107419f",2019,0.0704952927516892,NA
"24a216b43fd6366e",2020,0.118616246805632,NA
"24a283de4ba651f5",2021,0.106699590892319,NA
"24a445e10eead605",2022,0.858707553480802,NA
"24aa1a88ce7e6aa7",2023,NA,"party_tpp 缺值"
"24aaa2205ca25c15",2024,0.0826649852446509,NA
"24b202c66359dcb9",2025,0.526992895800938,NA
"24b202c66359dcb9-1",2026,NA,"party_dpp 缺值"
"24b4eda1691ddeb6",2027,NA,"edu 缺值"
"24b5221f76ab4290",2028,NA,"party_tpp 缺值"
"24b545d6bca9625a",2029,0.109703744645957,NA
"24b7ba3ce5d6b982",2030,0.439799845478686,NA
"24c2b586689d3c4f",2031,0.106699590892319,NA
"24c394d031c7eb5b",2032,NA,"party_tpp 缺值"
"24c7675c7e0f0c6d",2033,NA,"edu 缺值"
"24d2dd259d1a2501",2034,NA,"party_tpp 缺值"
"24d49d83e1101dfb",2035,0.653282721236478,NA
"24dd56c542631468",2036,0.125445388161949,NA
"24dee4ae8df5cf79",2037,0.207856368152516,NA
"24f7b7e83760a21d",2038,0.307903262379834,NA
"24fdaf33c821d568",2039,0.143405581745165,NA
"24fdaf33c821d568-1",2040,NA,"party_kmt 缺值"
"250708a0d65b62a1",2041,3.10482841785962,NA
"250a1bd2cb8a0979",2042,NA,"edu 缺值"
"252529178f7caca2",2043,NA,"party_tpp 缺值"
"2527eba920afa70b",2044,5.00009104606325,NA
"252ace1885ba01f4",2045,0.481391881251299,NA
"252dbeb9a59a16dd-1",2046,NA,"party_dpp 缺值"
"252dbeb9a59a16dd",2047,1.26967560058462,NA
"253108190625c20e",2048,0.946887646635036,NA
"253887cdbc1126c1",2049,0.401743698398901,NA
"254074f2ba9f42b5-1",2050,NA,"party_kmt 缺值"
"254074f2ba9f42b5",2051,NA,"party_tpp 缺值"
"25446a1f62c10c0f",2052,0.27157879875813,NA
"2546ac11d64b0229",2053,0.317223720565632,NA
"2547caa25852fcf2-1",2054,NA,"party_dpp 缺值"
"2547caa25852fcf2",2055,5.00009104606325,NA
"2550d77fdaa5d1c5",2056,0.0826649852446509,NA
"25518ddb420a744f",2057,NA,"edu 缺值"
"25579926cac9d0a8",2058,5.00009104606325,NA
"25589995b0edc844",2059,NA,"edu 缺值"
"25686a1f65a45935",2060,1.6290317369217,NA
"2571f7350bf3149d",2061,0.490463387678337,NA
"257929fa6d770fcd",2062,NA,"edu 缺值"
"25811318313df7ec",2063,5.00009104606325,NA
"2584d10fbf271f55",2064,0.163395985924161,NA
"2584e1b40fb6e197",2065,0.529049664623895,NA
"25a1b3317c0a3e61",2066,0.238778264953032,NA
"25a2610a1633d9ce",2067,0.317223720565632,NA
"25aeb4d033d71551",2068,5.00009104606325,NA
"25b536a04b727ce7-1",2069,NA,"party_dpp 缺值"
"25b536a04b727ce7",2070,NA,"party_dpp 缺值"
"25b6456e35fe2488",2071,0.231597778272698,NA
"25bf2a2c3a9b9c8f",2072,NA,"party_kmt 缺值"
"25cc40f1f16a5c01",2073,0.270522990875408,NA
"25cdbd14518e2fb5",2074,1.62762951783611,NA
"25dbd44575ca2ea7",2075,0.0863931964567863,NA
"25deab2fb3bb8fcb",2076,5.00009104606325,NA
"25e49927c92707fc",2077,0.270522990875408,NA
"25f21ebe26baee8f",2078,0.0981324511294532,NA
"25f65ce8cba0de98",2079,0.225763896503032,NA
"25f6f11a53dbe139",2080,NA,"edu 缺值"
"25fb24d2ea8fc363",2081,1.21358014382667,NA
"2603ed613ad79c68",2082,0.527300550779753,NA
"2605ddf1f382eeea",2083,0.405752469491046,NA
"260b44414630e33e",2084,0.323191251361309,NA
"260deb29ac3a581f",2085,0.111511768743893,NA
"261076e100e0dab6",2086,0.114651410572369,NA
"2610940048472fda",2087,5.00009104606325,NA
"26220107d0559e0d",2088,0.161035702786106,NA
"2628dda6d4e99bdd",2089,NA,"edu 缺值"
"262ac7d26cf7a83d",2090,NA,"edu 缺值"
"2644d3fdcfe396da",2091,1.68881727292147,NA
"2662087fedb0855e",2092,0.282723644450041,NA
"266e047e66b1dc6f",2093,0.526992895800938,NA
"266ee16d239373d2",2094,0.704929935258156,NA
"267879596465c45a",2095,1.12294446374441,NA
"267e91ac240d151a",2096,0.141599791476844,NA
"268342f700a5626d",2097,0.216840920771329,NA
"2684a055aa5ab82b",2098,0.308605683994492,NA
"2685f933f9ef86dd",2099,0.127809322181766,NA
"268796e38093ea25",2100,0.345119283638798,NA
"268dc1c8432eb4e1",2101,0.174625325219644,NA
"269035ae2fd342e5",2102,0.550313437502534,NA
"2693717cd01ba371",2103,NA,"edu 缺值"
"26937b0f3816b4e3",2104,0.26236157112622,NA
"269dfd525f6b7224",2105,5.00009104606325,NA
"269f00b0259368fa",2106,1.58810578274177,NA
"26b34085a2691319",2107,NA,"sex 缺值"
"26b35f3e532d4712",2108,NA,"party_tpp 缺值"
"26b6a7baa2a7675b",2109,0.0704952927516892,NA
"26b86a97ec3d7693",2110,NA,"edu 缺值"
"26b9371584ff3528",2111,NA,"party_tpp 缺值"
"26bf7cf5bc56577b",2112,5.00009104606325,NA
"26c065d037861415",2113,2.02349570473653,NA
"26c44c2747d1ad52",2114,5.00009104606325,NA
"26c492081fa21c23",2115,NA,"edu 缺值"
"26d066e672fc4a5c",2116,0.294616007802654,NA
"26d4a852e37b46a9",2117,0.111511768743893,NA
"26d6ca3c02798c00",2118,1.20159016135121,NA
"26de069388ca04e6",2119,0.481391881251299,NA
"26e4634ede393943",2120,NA,"edu 缺值"
"26ea5222104e86ed",2121,NA,"party_tpp 缺值"
"26f1ab27ca271cb1",2122,0.111511768743893,NA
"26f99af4e15fd29a",2123,NA,"party_tpp 缺值"
"26fba72ca4b66298",2124,NA,"edu 缺值"
"26ff2605e0ca3e46",2125,NA,"edu 缺值"
"2703fcbcf6168869",2126,NA,"party_tpp 缺值"
"2704876444117f0c",2127,NA,"edu 缺值"
"27083abf91a64b7a",2128,0.694441419898456,NA
"270e72925105b917",2129,0.350539549928668,NA
"271523cebd58299a",2130,0.205773119383584,NA
"2719add8d9a2f3e6",2131,5.00009104606325,NA
"2722eedb3364ed5b",2132,NA,"party_tpp 缺值"
"272e0723a2a0040d",2133,0.1512362011435,NA
"272e44c6e841f443",2134,0.729045882807985,NA
"2730134574f2f103",2135,0.16829845267839,NA
"273391deec573ace",2136,0.0999201607532301,NA
"27389dadda908131",2137,0.499754332850847,NA
"2738dd6e0514ff28",2138,NA,"party_tpp 缺值"
"27394eda813abdbc",2139,NA,"edu 缺值"
"273ac58e0d369495",2140,1.82585677676413,NA
"273affd998543428",2141,NA,"edu 缺值"
"273c88f9001553e2",2142,NA,"edu 缺值"
"27418c3a9f8702ca",2143,0.207856368152516,NA
"27469c77e00f774f",2144,0.147101185861357,NA
"27578ff90f476426",2145,0.424665868732917,NA
"276001401b3ae956",2146,0.238300273409114,NA
"276077135a84af02",2147,NA,"edu 缺值"
"27623d4aa465f6e2",2148,NA,"edu 缺值"
"2765735f28061345-1",2149,NA,"party_kmt 缺值"
"2765735f28061345",2150,0.19464968464914,NA
"27669fc1b0eee24f",2151,NA,"party_tpp 缺值"
"276a0ae44d358607",2152,2.69632239427121,NA
"27789f3bfd0d5e06",2153,0.207856368152516,NA
"27862eaed83a4dfc",2154,NA,"edu 缺值"
"27867121ebda55ca",2155,0.623780229721267,NA
"278e46fd02a217ff",2156,0.37657952957204,NA
"2795c4975c4a0417",2157,0.0736746478324626,NA
"27976c136317f818",2158,0.122293839857739,NA
"279a6c82c3ce9b1d",2159,0.0826649852446509,NA
"279ce175c5b502e2",2160,0.163395985924161,NA
"279f7afdfcf53bb2",2161,0.0935534866653076,NA
"27a379584797ecfa",2162,NA,"edu 缺值"
"27a4df8164ebe1a8",2163,NA,"party_tpp 缺值"
"27a7331d8a5ccae5",2164,NA,"edu 缺值"
"27b09e268719f27e",2165,0.86636032179925,NA
"27b7a7623b1c7bb6",2166,NA,"edu 缺值"
"27be382a6e2a640f",2167,NA,"party_tpp 缺值"
"27be382a6e2a640f-1",2168,NA,"party_dpp 缺值"
"27c3c87145bfd046",2169,NA,"edu 缺值"
"27dfc688c8e14b4d-1",2170,NA,"party_dpp 缺值"
"27dfc688c8e14b4d",2171,0.0826649852446509,NA
"27e06cdf81a81df8",2172,0.543383786383836,NA
"27e193cd73beeba7",2173,NA,"edu 缺值"
"27e1b217805e0e12-1",2174,3.88653726077979,NA
"27e1b217805e0e12",2175,0.299608652671325,NA
"27e1c06de39aa059",2176,5.00009104606325,NA
"27e596e04fd32567",2177,5.00009104606325,NA
"27e7c3cb9e969945",2178,NA,"edu 缺值"
"27eb07f4eeb1b96b",2179,NA,"party_tpp 缺值"
"27ecad4829e14cef",2180,5.00009104606325,NA
"27f2ae9de71ff0a0",2181,1.44487189316763,NA
"27f4f1f324fe0981",2182,5.00009104606325,NA
"27f92fcc175ea7aa",2183,0.1512362011435,NA
"28002982e50b8913",2184,NA,"party_tpp 缺值"
"2809080ad0a54479",2185,0.32858695060914,NA
"280f3779e756b837",2186,5.00009104606325,NA
"282049be095e8ff3",2187,NA,"party_tpp 缺值"
"282d7d0e6b9cb6d9",2188,0.109703744645957,NA
"28303d265552bac0",2189,0.168682392978214,NA
"28351e5c939de258",2190,NA,"edu 缺值"
"284395b3979dc75e",2191,0.270522990875408,NA
"2846c6b28a2448eb",2192,0.16829845267839,NA
"28496be1bcedaa34",2193,0.111511768743893,NA
"28497786206cfca4",2194,0.409547029531626,NA
"28513c118a1eb6d7",2195,0.106699590892319,NA
"2851ab572cb8c50b",2196,1.3841120141743,NA
"2851f2f299ff7103",2197,0.497256645674774,NA
"2857510b85d68101",2198,NA,"party_tpp 缺值"
"285d184ed145ca52",2199,NA,"edu 缺值"
"285f4c6ed2612710-1",2200,NA,"sex 缺值"
"285f4c6ed2612710",2201,NA,"sex 缺值"
"28604d82b0b1729b",2202,0.425458632966633,NA
"28645d1184a8f200",2203,0.0704952927516892,NA
"2867039f00dd46c9",2204,0.617968352991575,NA
"287e279e45129e79-1",2205,NA,"party_dpp 缺值"
"287e279e45129e79",2206,0.733596564736804,NA
"288091ed80c846aa",2207,NA,"edu 缺值"
"2886db72be12501e",2208,NA,"party_tpp 缺值"
"288707ab86592fbc",2209,NA,"edu 缺值"
"2888f1d2586aabae-1",2210,NA,"party_tpp 缺值"
"2888f1d2586aabae",2211,0.0981324511294532,NA
"2890a17f646f4481",2212,0.270522990875408,NA
"289ef001bfbf06f6",2213,0.0836856844568212,NA
"28a179cb28f5d2ff",2214,0.317223720565632,NA
"28bd74368c5c347b",2215,NA,"edu 缺值"
"28c2a2274e42e540",2216,0.682869326233153,NA
"28cbc13b8705ee8a",2217,5.00009104606325,NA
"28cd0980b1ceeba2",2218,NA,"edu 缺值"
"28d2d773ce71eb80",2219,0.47865988928455,NA
"28d4445cf3aebdd0",2220,0.0736746478324626,NA
"28d668c3595344a4",2221,NA,"edu 缺值"
"28dd3b6918dbd5d5",2222,NA,"party_tpp 缺值"
"28e11870a8ac19e1",2223,NA,"edu 缺值"
"28eac8e356e2a7aa",2224,0.317223720565632,NA
"28ef70e801131c94",2225,0.143405581745165,NA
"28f3c3f125644268",2226,0.345119283638798,NA
"28f94b2492944285",2227,0.40268897211483,NA
"28f94b2492944285-1",2228,NA,"party_kmt 缺值"
"28fa8b727ea257fa",2229,0.168682392978214,NA
"28ff07285c8e2a07",2230,NA,"edu 缺值"
"29058db52fce5255",2231,NA,"edu 缺值"
"29086bd9faa9afb2",2232,0.161035702786106,NA
"290c30af7ab5195e",2233,NA,"edu 缺值"
"290cecedddfea605",2234,NA,"edu 缺值"
"2910a4acc07fac1e",2235,4.48171331213448,NA
"29135a8c35a6c752",2236,0.464221361547281,NA
"2913dfdf9bc424dd",2237,NA,"edu 缺值"
"2917ef472c0e770d",2238,NA,"party_tpp 缺值"
"2918d6e72a45c6c9-1",2239,NA,"party_kmt 缺值"
"2918d6e72a45c6c9",2240,1.44808998549678,NA
"2921d097d0e3ec95",2241,0.126664177798915,NA
"2925006d00a581cc",2242,0.360409078911018,NA
"292588749e9d4f02",2243,1.5983817150522,NA
"29279c18523917be",2244,NA,"edu 缺值"
"292a3abc04afbb2b",2245,0.420983926067105,NA
"2931a039a7eac916",2246,NA,"edu 缺值"
"293852f7c94fdda8",2247,NA,"sex 缺值"
"293852f7c94fdda8-1",2248,NA,"sex 缺值"
"293b8f7430315b5f",2249,0.114651410572369,NA
"293c375f0d9f96e0",2250,0.16829845267839,NA
"29443475ffa9006b",2251,0.439970404908748,NA
"294601c6696fc78a",2252,0.771577581993906,NA
"2947eadcde0be58d",2253,NA,"party_tpp 缺值"
"29550f7728995cc5",2254,0.244931651230463,NA
"295e6c063ec24c75",2255,0.543701010256528,NA
"2967b592f0595cdc",2256,NA,"edu 缺值"
"296d72b90895cd1e",2257,NA,"party_tpp 缺值"
"297063813872fef5",2258,NA,"edu 缺值"
"2972b65bee350f19",2259,NA,"party_tpp 缺值"
"29739c4036217716",2260,2.77284099210224,NA
"29739c4036217716-1",2261,NA,"party_kmt 缺值"
"297f166f70ae3f80",2262,NA,"edu 缺值"
"2980e50576b34796",2263,0.420983926067105,NA
"2986158202d456f1",2264,NA,"edu 缺值"
"298968b7ccd070eb",2265,NA,"party_dpp 缺值"
"299e71c04a50b9f4",2266,0.409314288356866,NA
"29b135615f2d3b66",2267,0.481391881251299,NA
"29c392fef3334cac",2268,NA,"sex 缺值"
"29cf9a69f974432b",2269,0.106699590892319,NA
"29d66016a3a01910",2270,0.350539549928668,NA
"29d7ab527c04d6ba",2271,1.2148840312943,NA
"29d8c728c3ee5d58",2272,NA,"party_tpp 缺值"
"29dee53084feb186",2273,NA,"edu 缺值"
"29e8cc9d94679e00",2274,NA,"edu 缺值"
"29ea5e221d634112",2275,1.62728336093566,NA
"29f5975cd0ff41d4",2276,5.00009104606325,NA
"29fb4b54254b2689",2277,0.0981324511294532,NA
"29fb692a50ce3dc1",2278,1.02895165813995,NA
"29fc325f3ea523fb",2279,0.0704952927516892,NA
"29fce7ce13717e66",2280,NA,"edu 缺值"
"29fd93a96d9400e9",2281,0.73023217409767,NA
"2a00188b068d6ee3",2282,NA,"party_tpp 缺值"
"2a06a6bfdca450f2",2283,0.231597778272698,NA
"2a104c18a3ef60aa",2284,NA,"edu 缺值"
"2a10ab67297a1a27",2285,NA,"edu 缺值"
"2a162379a25f8012",2286,5.00009104606325,NA
"2a1d227f36837fbe",2287,0.380052781303155,NA
"2a20fc8ac86eb2d8",2288,0.0704952927516892,NA
"2a29bcd508ec0524",2289,0.161035702786106,NA
"2a35a5eca53e4d64",2290,0.396870914537603,NA
"2a3f176d7aaf1499",2291,0.216840920771329,NA
"2a3fb1e957443b02",2292,0.231597778272698,NA
"2a40c195d53aba34",2293,0.147101185861357,NA
"2a425d78babd0bd8",2294,0.617968352991575,NA
"2a443cc78735891e",2295,0.0704952927516892,NA
"2a54913dc1becf6f",2296,NA,"party_tpp 缺值"
"2a56784f0d07ff2e",2297,1.55705958961593,NA
"2a569c54e66ade05",2298,0.465196977412774,NA
"2a5cb082cfcc4490",2299,2.02349570473653,NA
"2a6129ce69ac88e7",2300,0.475798036921469,NA
"2a65ea09ff59a109",2301,0.481391881251299,NA
"2a671e83f3e957fb",2302,NA,"party_tpp 缺值"
"2a6b8ff51761c497",2303,0.276473063286616,NA
"2a6c641467eefd3d",2304,0.529049664623895,NA
"2a6fa22326d99869",2305,0.125445388161949,NA
"2a7add4bf1643a91",2306,0.0935534866653076,NA
"2a86d6835851513b",2307,5.00009104606325,NA
"2a88d0a4ea30b63a",2308,NA,"edu 缺值"
"2a8b33465cf5175e",2309,0.161035702786106,NA
"2a8beaff45e3cccb",2310,0.125445388161949,NA
"2a8c6f5b91c9f5b8",2311,0.223856450355422,NA
"2a923c5391b4ff70",2312,NA,"edu 缺值"
"2a943d132ac382d5",2313,0.469297935118666,NA
"2a9d6c2f3d5e4704",2314,0.147101185861357,NA
"2a9e2566661504cd",2315,NA,"edu 缺值"
"2a9fc34354d09702",2316,NA,"party_tpp 缺值"
"2aa1ea2345e2dbbe",2317,NA,"edu 缺值"
"2aa79085662564aa",2318,NA,"edu 缺值"
"2aa7ccf38f5054de",2319,0.106699590892319,NA
"2aa82523fdcb3518",2320,0.244931651230463,NA
"2ab0cfe949d8ad00",2321,1.65972974502462,NA
"2ab4f7d336efee53",2322,NA,"sex 缺值"
"2abdb12f7a340c0d",2323,NA,"sex 缺值"
"2ac1be0c193449d0",2324,1.11578373509283,NA
"2ac5ff72f72c06fb",2325,0.564495177014209,NA
"2acbfcc2ded13c6c",2326,NA,"edu 缺值"
"2ada4ce6389858da",2327,0.238300273409114,NA
"2ada5b037fc50256",2328,0.359217514958461,NA
"2ae133454b1839ff",2329,1.22869763933432,NA
"2ae155d85ca13317",2330,NA,"sex 缺值"
"2ae8e05c8439aa8a",2331,NA,"edu 缺值"
"2af58067fd324704",2332,4.1194619912105,NA
"2af66db65f358276",2333,1.42262883827085,NA
"2afe80d5486c9024",2334,0.550313437502534,NA
"2afe80d5486c9024-1",2335,NA,"party_dpp 缺值"
"2affa42cfc910a85",2336,NA,"party_tpp 缺值"
"2b005c9e88f76359",2337,0.1512362011435,NA
"2b0697e24b8d3aa5",2338,0.307350729610672,NA
"2b0964db97320429",2339,5.00009104606325,NA
"2b16176104955771",2340,0.674397033894513,NA
"2b17924232c9c520",2341,5.00009104606325,NA
"2b1889cfb82a2945",2342,0.231597778272698,NA
"2b1ad840c0a3a317",2343,NA,"edu 缺值"
"2b1bc84893fe032d",2344,0.914468188906357,NA
"2b1fe672f6a5f677",2345,NA,"sex 缺值"
"2b21f1ea9d68af8e",2346,NA,"party_tpp 缺值"
"2b25834487302dab",2347,NA,"edu 缺值"
"2b2b0bd0d97c7079",2348,5.00009104606325,NA
"2b2bc66878e90da8",2349,0.584984773828304,NA
"2b3046ceadca484b",2350,NA,"edu 缺值"
"2b315921b507035a",2351,5.00009104606325,NA
"2b3cb1594f24092d",2352,5.00009104606325,NA
"2b42bb40ccbe3c41",2353,0.228252308506251,NA
"2b44f48c5ee6c682",2354,1.83013947808549,NA
"2b4908bd6b7f4177",2355,NA,"party_tpp 缺值"
"2b4a57d5333376c2",2356,0.0826649852446509,NA
"2b4b66aa42ce401e",2357,1.27553206998897,NA
"2b4e104baba770be",2358,NA,"edu 缺值"
"2b4fb7d9287a2bc8",2359,NA,"edu 缺值"
"2b54e85e557b7f36",2360,0.316245533290368,NA
"2b5b3e04c5e204f6",2361,NA,"edu 缺值"
"2b618ef23d93c66a",2362,0.409455600887348,NA
"2b6383fc8fc07831",2363,0.409455600887348,NA
"2b648aa22f6567ef",2364,NA,"party_tpp 缺值"
"2b67a7ce7befe919",2365,0.228016665583315,NA
"2b688c89b7da0f27",2366,NA,"sex 缺值"
"2b6a7e3473c76da1",2367,NA,"sex 缺值"
"2b6ca1852abcd8c4",2368,NA,"sex 缺值"
"2b83fb747dc2fdc6",2369,0.465196977412774,NA
"2b863491bc379dc5",2370,0.161035702786106,NA
"2b8d67dbf5fa4de8",2371,0.122293839857739,NA
"2b907b9a4c2632fe",2372,0.682869326233153,NA
"2b9a64ee8bfa1d64",2373,NA,"edu 缺值"
"2ba060aab36935b1",2374,NA,"edu 缺值"
"2ba33d07e925a7af",2375,0.360684248405661,NA
"2baa226f229145b0",2376,NA,"edu 缺值"
"2babe106aff0057f",2377,NA,"party_tpp 缺值"
"2bb28bc3e97372b3",2378,0.185100340350864,NA
"2bb51be5f862af94",2379,0.0736746478324626,NA
"2bbae74da83196d7",2380,0.0981324511294532,NA
"2bc328f359e16282",2381,0.106699590892319,NA
"2bc328f359e16282-1",2382,NA,"party_kmt 缺值"
"2bd8b599634d0fdf",2383,0.866866097244371,NA
"2be10a44d3f82396-1",2384,NA,"party_dpp 缺值"
"2be10a44d3f82396",2385,0.0736746478324626,NA
"2bf063d5aba7f4fc",2386,NA,"party_tpp 缺值"
"2bf1fda40f5e411b",2387,0.350539549928668,NA
"2bf686dc56d60b7f",2388,0.0981324511294532,NA
"2bfa47f30484f789",2389,NA,"party_tpp 缺值"
"2c023d664b090703",2390,NA,"edu 缺值"
"2c0da8895909b40d",2391,2.08896256371023,NA
"2c0eb7708e3671a1",2392,0.33153058856141,NA
"2c13f681bbd18b45",2393,0.420983926067105,NA
"2c1fc5ecad423089",2394,5.00009104606325,NA
"2c21f9f9b95a35a3",2395,0.702631727979924,NA
"2c223ebfda3b3e89",2396,0.247311333438462,NA
"2c31fd0352213fca",2397,0.241295995996585,NA
"2c3a27431a083a31",2398,2.96102064990023,NA
"2c3e3447f0c236e9",2399,NA,"edu 缺值"
"2c3f33a942a24d3b-1",2400,NA,"party_kmt 缺值"
"2c3f33a942a24d3b",2401,0.0935534866653076,NA
"2c4456d470fe22fd",2402,0.465761234792302,NA
"2c4637643f18330e",2403,NA,"party_tpp 缺值"
"2c491797d1642685",2404,0.359217514958461,NA
"2c49df6cba0b5258-1",2405,NA,"party_tpp 缺值"
"2c49df6cba0b5258",2406,0.143522056601192,NA
"2c62b8d15c1cb201",2407,NA,"edu 缺值"
"2c65f40c943891e9",2408,0.149873208832532,NA
"2c69b25d23610643",2409,NA,"party_tpp 缺值"
"2c7e6d92554693e6",2410,0.0736746478324626,NA
"2c7ef64cd9357b91",2411,0.465196977412774,NA
"2c811de2c241eeb5",2412,0.114651410572369,NA
"2c811de2c241eeb5-1",2413,NA,"party_kmt 缺值"
"2c8633873ed4c37f",2414,0.125445388161949,NA
"2c8e227817ba2fe6",2415,0.299608652671325,NA
"2c92fa46c2e13c21",2416,NA,"party_dpp 缺值"
"2c98475d11d837e9",2417,0.279998862032001,NA
"2c9ed2bd034ea175-1",2418,NA,"edu 缺值"
"2c9ed2bd034ea175",2419,NA,"edu 缺值"
"2ca3fe70f3e3127a",2420,0.0736746478324626,NA
"2cad42d477ae5561",2421,NA,"sex 缺值"
"2cb516be67999016",2422,0.203892515951466,NA
"2cb965ce77c4fa5d",2423,NA,"edu 缺值"
"2cbd88a8ec48607e",2424,NA,"party_tpp 缺值"
"2cc2c851ef67758f",2425,NA,"sex 缺值"
"2cc89abc9f08457b",2426,NA,"edu 缺值"
"2ccc9538b18d68dd",2427,NA,"party_tpp 缺值"
"2cce44f6702c4303",2428,0.391650743289372,NA
"2ccf4514441ed23c",2429,0.109703744645957,NA
"2cd368508400183f",2430,0.0863931964567863,NA
"2cd368508400183f-1",2431,NA,"party_kmt 缺值"
"2ce85bbdab8f04c6",2432,0.4847641311121,NA
"2cf42a6c043a0121",2433,0.302598276430383,NA
"2cf471f40004f6fa",2434,0.125445388161949,NA
"2cf695829026a7ff",2435,0.208501497965697,NA
"2cf8357097ff02dc",2436,0.465761234792302,NA
"2cf897c2eeaca70a",2437,NA,"edu 缺值"
"2cfd5044a06e81b9",2438,5.00009104606325,NA
"2cfe9fb7a01ec570",2439,1.27553206998897,NA
"2d04bb867ead459f",2440,0.427922149421554,NA
"2d061e2faacbed1d",2441,NA,"edu 缺值"
"2d0753649ed32c19",2442,0.235945903887984,NA
"2d0a76c3cdaa4f53",2443,NA,"edu 缺值"
"2d0ea54732aca563",2444,0.17953404423645,NA
"2d125bf927acfe9e",2445,0.137328507079303,NA
"2d125bf927acfe9e-1",2446,NA,"party_dpp 缺值"
"2d12af7f2b857dd0",2447,0.200703811200941,NA
"2d14e35a2c150060",2448,0.161035702786106,NA
"2d1712d7ed5f9201",2449,0.460683494922433,NA
"2d1c19ac98eb38cb",2450,5.00009104606325,NA
"2d1e150a89ccf014",2451,0.141599791476844,NA
"2d1f34c4ac34dc8c",2452,5.00009104606325,NA
"2d245393e2bd16b2",2453,0.0826649852446509,NA
"2d26fe2bcaa6aa5a",2454,NA,"sex 缺值"
"2d28a1b0c99b2f92",2455,0.225763896503032,NA
"2d28a1b0c99b2f92-1",2456,NA,"party_dpp 缺值"
"2d2d499d3f296e70",2457,0.122293839857739,NA
"2d300104269995f9",2458,NA,"edu 缺值"
"2d3176c4d69cb052",2459,0.444188357143988,NA
"2d352e5abdf153ad",2460,NA,"party_tpp 缺值"
"2d3df34768353525",2461,NA,"party_tpp 缺值"
"2d3e0b8195f9e769",2462,1.08775204425333,NA
"2d3e5aa17f0c2e15",2463,0.526992895800938,NA
"2d40a80330bb605b",2464,0.409455600887348,NA
"2d413af0ef790e85",2465,2.77284099210224,NA
"2d43bad32357c785",2466,0.6458388780458,NA
"2d43c7d15ae89c91",2467,0.130230439506235,NA
"2d46b4c725dfd489",2468,1.26679233566172,NA
"2d4998340b1e1c57",2469,0.0826649852446509,NA
"2d49fda2550eb8c7",2470,NA,"edu 缺值"
"2d4be951515d24ca",2471,NA,"edu 缺值"
"2d51865ae41a3afc",2472,0.0736746478324626,NA
"2d5717412ba3ea8f",2473,NA,"edu 缺值"
"2d5a9d98dde440ff",2474,1.26967560058462,NA
"2d5a9d98dde440ff-1",2475,NA,"party_tpp 缺值"
"2d614dbe6affae96",2476,1.90820336748497,NA
"2d6f7f5bf7743f14",2477,NA,"party_tpp 缺值"
"2d726298e06daf36",2478,0.317223720565632,NA
"2d78efe0d733972d",2479,NA,"edu 缺值"
"2d7a4dcd28cef6b7",2480,0.380052781303155,NA
"2d7d630a8e0d2121",2481,0.0826649852446509,NA
"2d7e8a119294e4ee",2482,1.5983817150522,NA
"2d7f7223b4fcf15b",2483,5.00009104606325,NA
"2d8238e779dc01bc",2484,0.420983926067105,NA
"2d86439e80750e64",2485,NA,"sex 缺值"
"2d885a16c31e9de0",2486,0.246748424732736,NA
"2d8947712006465f",2487,NA,"party_tpp 缺值"
"2d8bd9d27fc55415",2488,0.396076449676183,NA
"2d908324516ef6b2",2489,0.282723644450041,NA
"2d92196589e7f531",2490,5.00009104606325,NA
"2d9451c63fa21ccf",2491,NA,"edu 缺值"
"2d95047cb72173fd",2492,0.0826649852446509,NA
"2d9a962fd1b37814",2493,NA,"edu 缺值"
"2d9ee3bfc0475b06",2494,0.969082662053173,NA
"2da0e9d2197c5352",2495,5.00009104606325,NA
"2da22a2d24ad7588",2496,0.526992895800938,NA
"2da22a2d24ad7588-1",2497,NA,"party_kmt 缺值"
"2db2edd359ede142",2498,0.141599791476844,NA
"2db4d3834c4fb869",2499,NA,"sex 缺值"
"2db7799aed42fa9a",2500,0.0826649852446509,NA
"2db850cd82020805",2501,1.78143172759595,NA
"2db8a22c00f963ea",2502,0.33153058856141,NA
"2dc0354ec5030679",2503,0.228252308506251,NA
"2dc6789edb4e11a1",2504,NA,"party_tpp 缺值"
"2dc891e97818e5ce",2505,0.421229693708162,NA
"2dccc59d2343dc14",2506,NA,"edu 缺值"
"2dd5247931a1b388",2507,0.106699590892319,NA
"2de817e61ee7da6f",2508,0.570772107706478,NA
"2de83981c7e540c5",2509,NA,"sex 缺值"
"2dedd4309930b8f4",2510,5.00009104606325,NA
"2deea57743740dfd",2511,0.109703744645957,NA
"2df02e4795e0732e",2512,NA,"edu 缺值"
"2df17565578eb1ce",2513,NA,"edu 缺值"
"2dfbe3581e31a787",2514,0.567890529098339,NA
"2e078ea1ff4976f8",2515,1.26586110718561,NA
"2e07c2f4be5ad6d1",2516,5.00009104606325,NA
"2e0aee3bba30c896-1",2517,NA,"party_kmt 缺值"
"2e0aee3bba30c896",2518,0.914468188906357,NA
"2e0b3d3f9911e045",2519,0.886879558776278,NA
"2e121e9f45cccae1",2520,0.247311333438462,NA
"2e154d8b661ae9ab-1",2521,NA,"party_kmt 缺值"
"2e154d8b661ae9ab",2522,0.185100340350864,NA
"2e1ac763dbe5fb8b",2523,5.00009104606325,NA
"2e229a74dc759b37",2524,0.564824725577593,NA
"2e255e7349fea8ae",2525,0.728620518951834,NA
"2e299d4fa2a7eff6",2526,0.217230741594507,NA
"2e32dd381fb9133e",2527,0.225763896503032,NA
"2e3c5dca8dd00023",2528,NA,"party_kmt 缺值"
"2e3e9fedd2649ae4",2529,0.409455600887348,NA
"2e44a5fdb1e8e640",2530,NA,"party_tpp 缺值"
"2e4a3735982b2ae3",2531,0.469571908159739,NA
"2e5518ed188bd8a1",2532,NA,"edu 缺值"
"2e5b6e5d7de55c7b",2533,0.914468188906357,NA
"2e5c3aa11ce72fa9-1",2534,NA,"party_kmt 缺值"
"2e5c3aa11ce72fa9",2535,0.238300273409114,NA
"2e65de91bdf9fead",2536,NA,"edu 缺值"
"2e6e6644a4c2c610",2537,NA,"party_tpp 缺值"
"2e80cb7ec02a0ee7",2538,NA,"party_tpp 缺值"
"2e82fa50a17c1837",2539,NA,"edu 缺值"
"2e881a6514919f47",2540,NA,"party_tpp 缺值"
"2e932abd2e7cd746",2541,NA,"edu 缺值"
"2e9445f1f7035475",2542,NA,"party_tpp 缺值"
"2e9511177b11c8c0",2543,NA,"sex 缺值"
"2e99326c63473a3f",2544,NA,"sex 缺值"
"2e9d0e3f4963b743",2545,0.0826649852446509,NA
"2ea20a0114cfe510",2546,0.149873208832532,NA
"2ea2720d371e995f",2547,NA,"edu 缺值"
"2ea82131f23a3393",2548,1.78143172759595,NA
"2ead6d6314f40c0e",2549,NA,"party_tpp 缺值"
"2eada72c368a188e",2550,5.00009104606325,NA
"2eb01f1de56a5e0d",2551,0.0836856844568212,NA
"2eb7a1498b51e130",2552,NA,"edu 缺值"
"2ebfa5e7679482df",2553,0.0826649852446509,NA
"2ec797fb3321ffbc",2554,0.290760873219717,NA
"2ec7b5150c9c0ce3",2555,NA,"party_kmt 缺值"
"2eccc289e9f6fbf6",2556,NA,"edu 缺值"
"2ed65459cfca0905",2557,0.623780229721267,NA
"2edbc6ef884a67e9",2558,0.859040570130117,NA
"2edda83025e14913",2559,NA,"edu 缺值"
"2edff6acd7d464c9",2560,0.469297935118666,NA
"2ee6c8e766d37219-1",2561,NA,"sex 缺值"
"2ee6c8e766d37219",2562,NA,"sex 缺值"
"2ee865367dac291b",2563,2.12185757209693,NA
"2ee95884b29dd4a9",2564,0.147101185861357,NA
"2ef48ac6a8d136e0",2565,1.86377505444662,NA
"2ef49bcf9162cd7e",2566,0.657454244209883,NA
"2ef7576dc4f4d4c1",2567,2.16749329096119,NA
"2ef78b42cb0e2a89",2568,0.208330552169296,NA
"2ef8b47c43af55b7",2569,0.33153058856141,NA
"2f012e9f25979ed0",2570,2.37205652753278,NA
"2f04f4489245d678",2571,NA,"edu 缺值"
"2f0b9a1d1eff6807",2572,0.302598276430383,NA
"2f0e67c90a1455c8",2573,0.111058302750587,NA
"2f17aec9e5880a13",2574,5.00009104606325,NA
"2f1d1db0ad960382",2575,NA,"party_tpp 缺值"
"2f1d4d479af14e93",2576,NA,"party_tpp 缺值"
"2f1d5b6e650d39e1",2577,0.104426584634346,NA
"2f1e268ccaf00502",2578,NA,"party_tpp 缺值"
"2f1eda5501d24a24",2579,NA,"sex 缺值"
"2f24905e1679d082",2580,NA,"edu 缺值"
"2f3284244a1ddccc",2581,0.483270676621923,NA
"2f33a26b9e29e874",2582,0.106699590892319,NA
"2f34fd5bf49ad700",2583,NA,"edu 缺值"
"2f389d3f3dea2a90",2584,NA,"sex 缺值"
"2f3bee23107a2ca2",2585,NA,"edu 缺值"
"2f3cd18288a70aa4",2586,0.0736746478324626,NA
"2f3fcd84e027cd82",2587,0.239090741590243,NA
"2f4422bb778ed26d",2588,0.564495177014209,NA
"2f469e79023fabd0",2589,NA,"edu 缺值"
"2f4f24056cd7448c",2590,0.645056461378847,NA
"2f4f6dd1b9999af9",2591,NA,"party_tpp 缺值"
"2f5610e024a51e0b",2592,1.90820336748497,NA
"2f5bdbf1e0401887",2593,NA,"party_tpp 缺值"
"2f5fcd2aec767eda",2594,0.317223720565632,NA
"2f6823e8c8d78c9c",2595,0.214196151137979,NA
"2f723a7045f71ce7",2596,5.00009104606325,NA
"2f76f636789d5aad",2597,NA,"edu 缺值"
"2f7e79e3d3362cb4",2598,1.68870037027229,NA
"2f7e7c0d0f094333",2599,NA,"sex 缺值"
"2f7f0371a8026c68",2600,0.205773119383584,NA
"2f840c9ac3a0c72c",2601,0.109703744645957,NA
"2f846fa9d08f5f6a",2602,NA,"party_tpp 缺值"
"2f86f020fcf2d017",2603,NA,"sex 缺值"
"2f889629c27386e1",2604,NA,"sex 缺值"
"2f8ec8bef61534cd",2605,0.207856368152516,NA
"2f8f99c7510ae191",2606,0.0826649852446509,NA
"2f94e887fde6ef48",2607,0.198433633916187,NA
"2f97779f5b823dae",2608,0.149873208832532,NA
"2fa03526a301223d",2609,0.147101185861357,NA
"2fa1fcbbe36aadc2",2610,NA,"edu 缺值"
"2fa2e66c22d598d5",2611,0.106699590892319,NA
"2fa56f5f20b0dd3a",2612,0.185100340350864,NA
"2fa8e4ae4b705cd2",2613,0.149873208832532,NA
"2fae710975569af8",2614,5.00009104606325,NA
"2fae710975569af8-1",2615,NA,"party_kmt 缺值"
"2fb2205987b85d17",2616,5.00009104606325,NA
"2fb8a3797db11a43",2617,1.5983817150522,NA
"2fc3e0df12c41e54",2618,NA,"edu 缺值"
"2fc44809f6e5ff83",2619,NA,"party_tpp 缺值"
"2fc88b50c8c44e78",2620,0.177806529508921,NA
"2fcd9ff0ce91a65d-1",2621,NA,"party_tpp 缺值"
"2fcd9ff0ce91a65d",2622,5.00009104606325,NA
"2fd1b65cdc8cad8d",2623,0.143849474355578,NA
"2feb125b05fbc0e4",2624,NA,"sex 缺值"
"2ff77fc44dff9552",2625,0.207856368152516,NA
"2ffcd5eba25ba3b9-1",2626,NA,"party_dpp 缺值"
"2ffcd5eba25ba3b9",2627,0.228252308506251,NA
"3001a0a40d856419",2628,0.308605683994492,NA
"300200ac26b9120f",2629,NA,"edu 缺值"
"3003e87aac7062af",2630,NA,"edu 缺值"
"30051d1dccd7842a",2631,NA,"edu 缺值"
"300a0a774e9310ca",2632,2.63957439553034,NA
"30156773b8a774de",2633,NA,"edu 缺值"
"3016ec9e59df5a1c",2634,0.117169505819394,NA
"3018f88b8e740f5c",2635,0.0935534866653076,NA
"301b4a83e3ae4636",2636,1.54167608380652,NA
"301fa4ce38938da6",2637,0.141599791476844,NA
"302137a2d20f6712",2638,0.409455600887348,NA
"3023ac03ea4f5278",2639,0.0826649852446509,NA
"30255f852d4e4be7",2640,0.451164551441784,NA
"302568057ea7df11",2641,0.469297935118666,NA
"3031853ef9fd25dd",2642,1.07348613184449,NA
"30327229b9d6e557",2643,0.383663646534465,NA
"30403f1a6f24398a",2644,NA,"party_tpp 缺值"
"304cfb8f5694347c",2645,NA,"edu 缺值"
"304fdffff1f7ca19",2646,0.75231894227992,NA
"30520095032f76f6",2647,NA,"party_tpp 缺值"
"305f1ee31029eb95",2648,NA,"edu 缺值"
"305f8a60b153c3fa",2649,0.158056991096045,NA
"30679ca41e5db0ac",2650,0.137328507079303,NA
"3067bc05f480f2f0",2651,0.185100340350864,NA
"30697eaa490e23cd",2652,4.15549097456702,NA
"306b1a338214151f",2653,NA,"sex 缺值"
"3072618678164f4c",2654,NA,"edu 缺值"
"307830ad1fba2ae9",2655,0.550313437502534,NA
"307a1bba102310b8",2656,0.231597778272698,NA
"307bea2efc0ea9e6",2657,0.483270676621923,NA
"307eb27426fe9eff",2658,2.93449401213273,NA
"307ef237f19d3469",2659,NA,"party_tpp 缺值"
"3083e9d7153d44bd",2660,0.189870430687549,NA
"3086f8eb22a4c50c",2661,NA,"sex 缺值"
"308d936325716fa5",2662,0.225763896503032,NA
"309a2349f07381fe",2663,5.00009104606325,NA
"30a508431ef97227",2664,5.00009104606325,NA
"30a609687e8695ce",2665,NA,"edu 缺值"
"30a79468344322f0",2666,0.385311335884033,NA
"30ad3f0cc0cd5d4b",2667,NA,"edu 缺值"
"30bf1338b572c7ad",2668,NA,"edu 缺值"
"30bfdec6f796d1ea",2669,0.109703744645957,NA
"30c06769774c4f85",2670,NA,"party_tpp 缺值"
"30cba17e47db703f",2671,5.00009104606325,NA
"30cbd4d2742fc74d",2672,NA,"party_tpp 缺值"
"30d1c59737622112",2673,NA,"edu 缺值"
"30d45b02ce61c918",2674,0.203263341729211,NA
"30dfdf49ed7f0419",2675,2.82739028094147,NA
"30e394911d2db2be",2676,NA,"edu 缺值"
"30e818f1a878e623",2677,NA,"party_tpp 缺值"
"30f056b96e2c6e54",2678,5.00009104606325,NA
"30f61629c78c96d8",2679,0.185100340350864,NA
"31020141c65010d1",2680,0.401743698398901,NA
"31127f14821f10a0",2681,0.149873208832532,NA
"3115b3321baa1cdd",2682,1.86377505444662,NA
"3115b3321baa1cdd-1",2683,NA,"party_kmt 缺值"
"311760c3666a3f62",2684,0.143522056601192,NA
"311760c3666a3f62-1",2685,NA,"party_tpp 缺值"
"3118ba37d956606f",2686,5.00009104606325,NA
"3119fe380c7ed67b",2687,0.337767256467019,NA
"311af0b5a818c342",2688,NA,"party_tpp 缺值"
"312b750a001a5d9e",2689,5.00009104606325,NA
"313d26414767d2be",2690,NA,"edu 缺值"
"3142e3dbc3552d10",2691,NA,"sex 缺值"
"31445b87b9183c46",2692,0.307350729610672,NA
"31539480a57bfa7a",2693,1.79555384309324,NA
"3155a7854dc9c84b",2694,0.0826649852446509,NA
"31641c331455810a",2695,0.161035702786106,NA
"31714d06616ff352",2696,0.575132709190708,NA
"3173d0a89bc57372",2697,0.916302463182361,NA
"317c4cc67a8cc2ad",2698,0.33153058856141,NA
"317d2bfe5bd69df2",2699,0.244931651230463,NA
"317d2bfe5bd69df2-1",2700,NA,"party_kmt 缺值"
"3180c54f3bc82861",2701,0.370839403919046,NA
"31822762627e5bd3",2702,0.0863931964567863,NA
"3184dd87b973b465",2703,0.334430168672342,NA
"318b0a1dff461387",2704,0.106699590892319,NA
"318c17cf0e8078e3",2705,0.909734706449712,NA
"3190042b63c7a67c",2706,0.33153058856141,NA
"319ea69cea7b6795",2707,NA,"sex 缺值"
"319f3d7af821490f",2708,0.465761234792302,NA
"31a554dc953112a2",2709,NA,"party_tpp 缺值"
"31a7b9ff64835a64",2710,0.0863931964567863,NA
"31adf81748518ec9",2711,NA,"sex 缺值"
"31afdfd63be823c9",2712,0.217726311427333,NA
"31afdfd63be823c9-1",2713,NA,"party_kmt 缺值"
"31b1323ad42ea421",2714,0.86495288490461,NA
"31b63203efc77ad9",2715,0.465761234792302,NA
"31ba0edab380e464",2716,NA,"edu 缺值"
"31bcb126df2c7274",2717,0.317223720565632,NA
"31bd1b34b3785a20",2718,NA,"edu 缺值"
"31c090812569c973",2719,NA,"edu 缺值"
"31c3a7e869053b62",2720,NA,"party_tpp 缺值"
"31d42ca31938d0c6",2721,0.238300273409114,NA
"31d7746474af7a9d",2722,NA,"party_tpp 缺值"
"31db29e550604506",2723,0.360409078911018,NA
"31e1807ba5b26c78",2724,NA,"edu 缺值"
"31e353486dcf25d4",2725,NA,"edu 缺值"
"31e6367194bdf01e",2726,NA,"edu 缺值"
"31e733afe2d44201",2727,0.529049664623895,NA
"31e78884ed86753c",2728,1.32392498227484,NA
"31ef1ad6d63781e6",2729,0.147101185861357,NA
"320357f6f68d70c4",2730,NA,"party_tpp 缺值"
"3204d3dd66beb87b",2731,0.526992895800938,NA
"3207e1c06c9e7c26",2732,NA,"edu 缺值"
"3209f121cad60348",2733,0.481391881251299,NA
"320b6fbb7f324377",2734,NA,"party_tpp 缺值"
"3214bdf04520457f-1",2735,NA,"party_kmt 缺值"
"3214bdf04520457f",2736,0.299608652671325,NA
"3214d154dfaadf43",2737,NA,"party_tpp 缺值"
"321f858ea9868829",2738,1.78143172759595,NA
"3221b877fda74ace",2739,3.99125149388073,NA
"3225795a5efb3002",2740,0.0826649852446509,NA
"32259ed4da068b44",2741,0.427922149421554,NA
"322a3fe2f3872802",2742,0.193448411329452,NA
"323205d9937d5a5e",2743,5.00009104606325,NA
"3235ac0cd1b30e94",2744,NA,"edu 缺值"
"32364bda097fe320",2745,0.481775376471245,NA
"32399cbacbeb718a",2746,NA,"party_tpp 缺值"
"323b48f627757179",2747,NA,"sex 缺值"
"323c46139c6f6ab4-1",2748,NA,"party_kmt 缺值"
"323c46139c6f6ab4",2749,0.0935534866653076,NA
"3241044c80285874",2750,0.0704952927516892,NA
"3244c42e070b3aca",2751,NA,"sex 缺值"
"3247fb4c3718e108",2752,NA,"party_tpp 缺值"
"32490b6b6b49001f",2753,0.843222785156954,NA
"32505a0a33f10ce5",2754,0.383663646534465,NA
"3261f03426e36589",2755,0.111511768743893,NA
"3262fefbb144c371",2756,NA,"party_tpp 缺值"
"326af7a9389e9f43",2757,NA,"party_tpp 缺值"
"32708360a415081f",2758,0.360684248405661,NA
"3277f89ca923b368",2759,3.47218542939158,NA
"3279d4ffd3482524",2760,5.00009104606325,NA
"3287b2bc4305f8b0",2761,0.106699590892319,NA
"329e9b7dd4ca15a9",2762,0.427922149421554,NA
"32a246ff2ade3780",2763,0.189870430687549,NA
"32a373ac76a9389c",2764,0.0704952927516892,NA
"32a76c64f9c34175",2765,0.27157879875813,NA
"32a8a82c88ccfed5",2766,0.106699590892319,NA
"32aa7d6c99287e92",2767,0.670118009544355,NA
"32ae11607c9bcda1",2768,NA,"edu 缺值"
"32c32ff69a34f175",2769,NA,"edu 缺值"
"32c8c97507ea85b1",2770,NA,"party_tpp 缺值"
"32cc5c69615313ab",2771,NA,"edu 缺值"
"32cfaa375f67ede3",2772,NA,"edu 缺值"
"32d82abeabdff629",2773,NA,"sex 缺值"
"32da7f10f7a05f75",2774,0.359007928496261,NA
"32dc6ba15867d8ff",2775,0.405838781451556,NA
"32dc6ba15867d8ff-1",2776,NA,"party_kmt 缺值"
"32decaefffa32cb3",2777,0.350539549928668,NA
"32e3b9b0ca405a70",2778,NA,"party_tpp 缺值"
"32f378a376fba655",2779,NA,"edu 缺值"
"32f378a376fba655-1",2780,NA,"edu 缺值"
"33002ab49356a608",2781,0.409455600887348,NA
"3303bcb8f6b03302",2782,0.143522056601192,NA
"3309699d5cc7da04",2783,0.427922149421554,NA
"3309699d5cc7da04-1",2784,NA,"party_kmt 缺值"
"3315f8a1f295f646",2785,NA,"edu 缺值"
"331aac7d663e2631",2786,5.00009104606325,NA
"331bc3c9e42ec2c6",2787,NA,"sex 缺值"
"331fb9aa2c43c62e",2788,NA,"edu 缺值"
"331fe9a8d67435d0",2789,0.317223720565632,NA
"332151cb1abb428a",2790,5.00009104606325,NA
"332dc79f8a625567",2791,NA,"party_tpp 缺值"
"3332040380c9e413",2792,0.969082662053173,NA
"333f38b927085d37-1",2793,NA,"sex 缺值"
"333f38b927085d37",2794,NA,"sex 缺值"
"3344728d4855eeff",2795,0.465196977412774,NA
"334814e9eb75a2f4",2796,5.00009104606325,NA
"33511849a51a0cf0",2797,0.268006635152847,NA
"335307fcdbc2c630",2798,0.497339493660158,NA
"3358919c37aab91f",2799,0.345119283638798,NA
"3361e77171ce0a92",2800,0.137328507079303,NA
"3368a38eafbfa566",2801,NA,"party_tpp 缺值"
"3368ceb0774c9253",2802,0.0935534866653076,NA
"336ed116656df813",2803,NA,"party_tpp 缺值"
"33725166050cb5c4",2804,0.132602888246019,NA
"337377bfec2a8560",2805,0.106699590892319,NA
"33791ae099243fed",2806,0.601052112020434,NA
"337ca543c101b1bc",2807,0.0935534866653076,NA
"338764186544652a",2808,0.409547029531626,NA
"33886335988eacec",2809,5.00009104606325,NA
"338bb84f05483cf1",2810,NA,"edu 缺值"
"338c657612d7d648",2811,0.126664177798915,NA
"339196e0ca4fbc7b",2812,0.111511768743893,NA
"339235e60b805a88",2813,0.106699590892319,NA
"33a19a3b3cabb61b",2814,1.1118143872295,NA
"33a40c33381d33fc",2815,0.555126501374211,NA
"33a51abe0ffb8af7",2816,NA,"edu 缺值"
"33b3067efca93a4a",2817,NA,"edu 缺值"
"33b7a8e3cf01c379",2818,0.651487411334309,NA
"33c22b7ae4074419",2819,5.00009104606325,NA
"33c38b661ed85ffd",2820,0.6458388780458,NA
"33c7e96325e06e11",2821,1.07950481174013,NA
"33cb51ac7b5ba771",2822,0.617968352991575,NA
"33cb7dd8a5d93e76",2823,0.424052005886429,NA
"33cfebfcf3164e2d",2824,0.420983926067105,NA
"33d1acb33b488d39",2825,NA,"sex 缺值"
"33dd31467f08e8ea",2826,NA,"sex 缺值"
"33dfe5918d5da48f",2827,0.33153058856141,NA
"33e1198c4aa921c9",2828,NA,"party_tpp 缺值"
"33edbb61eee09e3c",2829,NA,"edu 缺值"
"33f2abde36686019",2830,NA,"edu 缺值"
"33f4174ab7e0063c",2831,0.619378128012992,NA
"33fb06139e278dfa",2832,0.0736746478324626,NA
"33fc09fd61b0a6be",2833,1.42308203522184,NA
"33fc64f1896c21d6",2834,0.391650743289372,NA
"34160dc7866e36d0",2835,0.147101185861357,NA
"3417dc8209084d6d",2836,0.216840920771329,NA
"341887968564f925",2837,5.00009104606325,NA
"341887968564f925-1",2838,NA,"party_kmt 缺值"
"341dad88b92009f4",2839,0.122453879415099,NA
"342465a8ab41b0b4",2840,0.728620518951834,NA
"3425df28d0cffc98",2841,NA,"sex 缺值"
"343b3744e8d83933",2842,NA,"party_tpp 缺值"
"34409e505babd502",2843,0.370839403919046,NA
"34440a780df3ea32",2844,0.122293839857739,NA
"344abffc77ca45bd",2845,1.76383146007034,NA
"344d683a446f1e3b",2846,5.00009104606325,NA
"345bde9c84a582b3",2847,0.509155582436603,NA
"3463cb752dc999df",2848,NA,"edu 缺值"
"347384d65961014c",2849,0.337767256467019,NA
"347551703e9b2032",2850,5.00009104606325,NA
"3476898ba8d73d52",2851,0.303602028149845,NA
"34787be46433364c",2852,NA,"sex 缺值"
"347f64bc75bb3187",2853,0.409455600887348,NA
"3483b6cb13912642",2854,0.0999201607532301,NA
"34854fc2ce838cd1",2855,1.60864206077881,NA
"348c66dee013fa55",2856,NA,"sex 缺值"
"348f0f5883e8ed4a",2857,0.122293839857739,NA
"349d692c32ae9960-1",2858,NA,"party_kmt 缺值"
"349d692c32ae9960",2859,0.763165825157738,NA
"34a0c1d1cc1515aa",2860,NA,"sex 缺值"
"34a5298f67dc1dc4",2861,0.214196151137979,NA
"34a7d00bdb6ba885",2862,NA,"party_tpp 缺值"
"34abc9bd6e1c289b",2863,0.0935534866653076,NA
"34ad7a0bae667711",2864,0.0704952927516892,NA
"34b0b0c3ed14eac4",2865,NA,"age 缺值"
"34b4e147a260c43b",2866,0.321140614770656,NA
"34b4ec9efb449a03",2867,3.21158088770524,NA
"34bf36e629db5044",2868,5.00009104606325,NA
"34c1401ff593a586",2869,5.00009104606325,NA
"34c441830465ed53-1",2870,NA,"party_kmt 缺值"
"34c441830465ed53",2871,0.111511768743893,NA
"34ca5ca3d6cc0ccc-1",2872,NA,"party_kmt 缺值"
"34ca5ca3d6cc0ccc",2873,1.3855991234668,NA
"34cf255fd52b4d72",2874,0.949047787273069,NA
"34d8dcd8857ebb17",2875,1.6290317369217,NA
"34e7a2066031ddab",2876,0.33153058856141,NA
"34e90c387fd22b9b",2877,NA,"edu 缺值"
"34e90c387fd22b9b-1",2878,NA,"edu 缺值"
"34e9546b30db9b22",2879,0.625707901789997,NA
"34ec8f6461118370",2880,2.77284099210224,NA
"34f164c66323689c",2881,3.7047744043569,NA
"34f20bacc1353aed",2882,0.27157879875813,NA
"34f6a7cf850c76eb",2883,0.141599791476844,NA
"34ffb765762e2a51",2884,NA,"party_tpp 缺值"
"35047e648d96163a",2885,NA,"party_tpp 缺值"
"3506e69a1fc76869",2886,0.228252308506251,NA
"351330b23b4f9cfb",2887,2.69632239427121,NA
"35148cfcca835db0",2888,0.139093121103869,NA
"351e60ac8c55dba7",2889,0.27157879875813,NA
"352da60468c78768",2890,2.02349570473653,NA
"3535c75cc5fe6f74",2891,0.427922149421554,NA
"353b900e501e929f",2892,0.141599791476844,NA
"353c7768a56e3bf3",2893,0.0977727719756202,NA
"353cddeb7b3ef364",2894,NA,"party_tpp 缺值"
"354787ceb3603cd6",2895,NA,"edu 缺值"
"35494e954d1fd1e7",2896,5.00009104606325,NA
"35495934f4c35c17",2897,NA,"sex 缺值"
"3553690f9cd5a2fa",2898,0.391650743289372,NA
"35539f4994f36be7",2899,0.203892515951466,NA
"3557db436e3377bb",2900,0.147101185861357,NA
"355b471a8e0c8879",2901,0.52819512794983,NA
"3564368224625d58",2902,0.401743698398901,NA
"356eb9091ee11043",2903,NA,"edu 缺值"
"356eb9091ee11043-1",2904,NA,"edu 缺值"
"35761cf96d9eb68d",2905,NA,"edu 缺值"
"358008c73716b002",2906,1.10880413419924,NA
"358e865c6ab8373b",2907,0.916302463182361,NA
"3594e3f82a018cf5",2908,0.1512362011435,NA
"3597da281e6efb85",2909,NA,"edu 缺值"
"35998e4322299e2d",2910,0.270522990875408,NA
"359a01538278fd0b",2911,NA,"edu 缺值"
"359d4722d9e3e06e",2912,1.07535763156715,NA
"35a0d5e875485c1c",2913,1.07233400120656,NA
"35a291143905d04e",2914,NA,"sex 缺值"
"35a5cdf704f4600f",2915,0.122293839857739,NA
"35a67228d082b19f",2916,NA,"edu 缺值"
"35b36814d1d36c24",2917,0.359007928496261,NA
"35b52718f58c9277",2918,0.225397134049326,NA
"35b784435842fd3a",2919,0.106699590892319,NA
"35b97f494fee4474",2920,0.143849474355578,NA
"35c3c1deaf1449d7",2921,NA,"edu 缺值"
"35c4f20da3874f6c",2922,NA,"party_tpp 缺值"
"35c742d307ecac52",2923,1.26099799399855,NA
"35c9322bdcb129fe",2924,0.0704952927516892,NA
"35cef272b836f241",2925,0.409455600887348,NA
"35d5508a81701ffa",2926,0.350539549928668,NA
"35d73b7b9174217b",2927,NA,"sex 缺值"
"35d73b7b9174217b-1",2928,NA,"sex 缺值"
"35da2d377b24b3de",2929,NA,"sex 缺值"
"35dd2f51bb08dc38",2930,NA,"edu 缺值"
"35ddf01b7090cfab",2931,0.575132709190708,NA
"35e372bccd532f00",2932,2.26554925412679,NA
"35e849bc5d4a6b8a",2933,0.623780229721267,NA
"35edb6f231796f35",2934,NA,"edu 缺值"
"35eeb3924e03a307",2935,NA,"party_tpp 缺值"
"35fab47368a77929",2936,0.137328507079303,NA
"35fad07b7bfebb7b",2937,0.106699590892319,NA
"35fefee31eafd366",2938,NA,"edu 缺值"
"36022c8b661dd6fa",2939,0.241295995996585,NA
"360662b0719757ea",2940,0.0935534866653076,NA
"360a73dc02a0e841",2941,NA,"edu 缺值"
"360b76db69c92465",2942,2.80223805107354,NA
"360e522ed9a84841-1",2943,NA,"sex 缺值"
"360e522ed9a84841",2944,NA,"sex 缺值"
"3614bd1eb39679e9",2945,NA,"party_tpp 缺值"
"3618c7e0a500e61b",2946,NA,"edu 缺值"
"361c407b2f41c8ad",2947,0.0736746478324626,NA
"362397e55a6999f4",2948,0.244931651230463,NA
"362524ff825bba65",2949,0.359007928496261,NA
"3625860a08de0875",2950,0.270960654542958,NA
"3625860a08de0875-1",2951,NA,"party_kmt 缺值"
"362a58e182225137",2952,0.483270676621923,NA
"363289cc9866cbe6",2953,0.255978129078632,NA
"3644734601091353",2954,NA,"edu 缺值"
"3647e2170f577f21",2955,0.147985976977968,NA
"365452a95e64b224",2956,0.168094563567848,NA
"36568ac22a27bea8",2957,NA,"sex 缺值"
"3656b446a4e56aeb",2958,0.122293839857739,NA
"3657691caa140a9e",2959,0.33153058856141,NA
"3657691caa140a9e-1",2960,NA,"party_dpp 缺值"
"36577fb3381c8bf5",2961,0.0863931964567863,NA
"365edfb36b329e35",2962,0.130230439506235,NA
"3661d01786f69b31",2963,0.189870430687549,NA
"3665cac0cfa8326c",2964,NA,"edu 缺值"
"366f88e297512dc5",2965,NA,"party_tpp 缺值"
"3678261d3cc37bd5",2966,NA,"sex 缺值"
"367bf3401ea132d2",2967,0.439970404908748,NA
"367f575490c85834",2968,0.6723103647975,NA
"3681eae92a0bbe45",2969,NA,"edu 缺值"
"36823623d0502b90",2970,0.0826649852446509,NA
"3685f0a745a22843",2971,0.198433633916187,NA
"368de1814432a3ca",2972,NA,"edu 缺值"
"3695078c89053518",2973,0.114651410572369,NA
"3695078c89053518-1",2974,NA,"party_dpp 缺值"
"3696595072a6bee9",2975,0.270522990875408,NA
"36a0e1c60193383b-1",2976,NA,"party_kmt 缺值"
"36a0e1c60193383b",2977,NA,"party_kmt 缺值"
"36a7988685b00d54",2978,0.915450706309203,NA
"36a7988685b00d54-1",2979,NA,"party_dpp 缺值"
"36a8abf1fa9aac57",2980,1.2148840312943,NA
"36b5cc8d38e2ca8b",2981,0.409455600887348,NA
"36b70815194e1041",2982,0.391650743289372,NA
"36bce890cfc6a5f8",2983,NA,"edu 缺值"
"36c77f452c524fca",2984,NA,"edu 缺值"
"36cb8bb430ffe585-1",2985,NA,"party_dpp 缺值"
"36cb8bb430ffe585",2986,0.0935534866653076,NA
"36cf73cfc5e1c740",2987,0.143405581745165,NA
"36cf758ab8089f64",2988,0.162507125338537,NA
"36d0f9177b3aeb7e",2989,0.520869160987682,NA
"36d17e942cf3462b",2990,0.383663646534465,NA
"36d461c968ff30b3",2991,0.350539549928668,NA
"36d6583e9ba77f97",2992,1.42253036161345,NA
"36db40872dcc9796-1",2993,NA,"party_tpp 缺值"
"36db40872dcc9796",2994,0.217904966921292,NA
"36e01c3ff3944dfb",2995,NA,"party_tpp 缺值"
"36ed1c83eac98c01",2996,0.191167133061059,NA
"36f6c5d5d22669d5",2997,NA,"edu 缺值"
"36f73feeaeff7f91",2998,NA,"party_kmt 缺值"
"3700ff0a33fe616f",2999,1.21358014382667,NA
"37030a0f27b119ed",3000,0.143405581745165,NA
"370314856cde64c3",3001,NA,"edu 缺值"
"37051540bc4fb18d",3002,0.161403074529731,NA
"370833f331ead858",3003,1.07233400120656,NA
"3718d60411ad3928",3004,NA,"party_tpp 缺值"
"371b1b987e3f9b7a",3005,0.191167133061059,NA
"371b4c792e36ccfd",3006,0.153735485605362,NA
"371d5492b27a0eb7",3007,NA,"party_tpp 缺值"
"3724b569dfcd72ae",3008,NA,"party_tpp 缺值"
"37284ddd22fb60bd",3009,NA,"party_tpp 缺值"
"374a09c502c92105",3010,0.138583311193623,NA
"3757b10f67c6cb3a",3011,0.174625325219644,NA
"37586fcdbb71c7b8",3012,0.117169505819394,NA
"376c53255c63ab55",3013,1.10880413419924,NA
"376de4bda83f04ff",3014,NA,"sex 缺值"
"37797fe33ec110c9",3015,0.137641795450903,NA
"37820f165ae14717",3016,0.543383786383836,NA
"378c19c05cde294f",3017,NA,"edu 缺值"
"378d2b4831c455b2",3018,NA,"party_tpp 缺值"
"3792c18cbfe3737c",3019,0.225763896503032,NA
"3795bf981ae56505",3020,0.552016858424831,NA
"379ab60790b0ae43",3021,5.00009104606325,NA
"379b09b5f043d50d",3022,1.42262883827085,NA
"379e57fb3933c3c1",3023,0.503102773762811,NA
"379fb4638131b7da",3024,1.86226251389172,NA
"37a890adb11a2e32",3025,NA,"sex 缺值"
"37b1e090519be5a7",3026,NA,"party_tpp 缺值"
"37bbd281381b5c19-1",3027,NA,"edu 缺值"
"37bbd281381b5c19",3028,NA,"edu 缺值"
"37bc7869a657bac1",3029,0.313121076762809,NA
"37c335c7e9db7460",3030,0.0863931964567863,NA
"37c68c73d9dd0b67",3031,NA,"party_tpp 缺值"
"37c8098bd2b7933c",3032,0.147985976977968,NA
"37c901bd27410b44",3033,0.177806529508921,NA
"37d3bb8885ef975d",3034,NA,"party_dpp 缺值"
"37d8f7ce0ad1ed15",3035,5.00009104606325,NA
"37e8d22203e5cbbe",3036,0.217230741594507,NA
"37f5367e750344bb",3037,0.350539549928668,NA
"3806340e177fc0c3",3038,2.70759700582491,NA
"3806340e177fc0c3-1",3039,NA,"party_dpp 缺值"
"3808658b214feb08",3040,0.143405581745165,NA
"380c5c350d0f364d",3041,0.282723644450041,NA
"380d8c1e55e15ec1",3042,0.225763896503032,NA
"38146479c4987a83",3043,NA,"party_tpp 缺值"
"381c94feb609c1e5",3044,5.00009104606325,NA
"3828d5126cc5a4fc",3045,NA,"sex 缺值"
"3828d5126cc5a4fc-1",3046,NA,"sex 缺值"
"382a545ab48925ba",3047,0.143849474355578,NA
"382e987c963faae1",3048,NA,"edu 缺值"
"382ee5a22637f70e",3049,0.448247014664783,NA
"3832de4d695e3ac5",3050,0.16829845267839,NA
"38335b2f378054a3",3051,0.763165825157738,NA
"3839683b3e998b08",3052,NA,"edu 缺值"
"38461b70555d9738",3053,1.36167036604999,NA
"3846e92ba30b49af",3054,3.99125149388073,NA
"384818bfb311141b",3055,NA,"age 缺值"
"3848f9aadf6086ad",3056,0.247311333438462,NA
"38593b422a7815f8",3057,0.137328507079303,NA
"385c5b984587b865",3058,NA,"party_tpp 缺值"
"386947411a64c250",3059,0.0935534866653076,NA
"386ca052a1d5b5fe",3060,NA,"party_tpp 缺值"
"387262ec58846e95",3061,NA,"sex 缺值"
"387309e987a4f350",3062,0.231597778272698,NA
"38762719f90628ea-1",3063,NA,"party_tpp 缺值"
"38762719f90628ea",3064,0.191167133061059,NA
"387b4209d68cd7f5",3065,0.0863931964567863,NA
"387bb6b0fc3f7053",3066,0.525461077271888,NA
"3898709735877503",3067,0.217230741594507,NA
"3899f5e2423d1d7d",3068,NA,"party_tpp 缺值"
"389a3279cf5f611a",3069,0.153735485605362,NA
"389df5b6d8e6e05c",3070,0.217726311427333,NA
"389df5b6d8e6e05c-1",3071,NA,"party_kmt 缺值"
"38ab700e0ef981f2",3072,NA,"edu 缺值"
"38ac333b2af6749c",3073,5.00009104606325,NA
"38ac3eb2c4cb8bfe",3074,NA,"sex 缺值"
"38ad4f9528cfd369",3075,NA,"edu 缺值"
"38b13dd66079eb08",3076,0.529049664623895,NA
"38ba7ff4094a8b86-1",3077,NA,"party_dpp 缺值"
"38ba7ff4094a8b86",3078,NA,"party_dpp 缺值"
"38bb3fff6309803b",3079,0.303602028149845,NA
"38bb5d72062c6b6f",3080,0.307350729610672,NA
"38bb8c342ab24715",3081,NA,"edu 缺值"
"38bd67fc3ee01675",3082,NA,"party_tpp 缺值"
"38c1bcc583caba7d",3083,NA,"edu 缺值"
"38c1cc1380153170",3084,0.319998172222897,NA
"38c21ba192ac39d9",3085,0.360684248405661,NA
"38c4cc3032b527a8",3086,NA,"edu 缺值"
"38c756d584510aa9",3087,0.0826649852446509,NA
"38cd6ea56b822f34",3088,0.303602028149845,NA
"38dc04e1e7cfa12b",3089,0.130230439506235,NA
"38defc7d9e2a3d16",3090,NA,"sex 缺值"
"38e807b303d6f9d4",3091,0.189870430687549,NA
"38ea1f9c50b4e355",3092,0.270522990875408,NA
"38ea1f9c50b4e355-1",3093,NA,"party_kmt 缺值"
"38fc4df15483db0c",3094,0.481391881251299,NA
"38fde179ecdd9ca5",3095,3.89071301073134,NA
"3902dd8caf0d1a9b",3096,0.161035702786106,NA
"39036961d8e2e79e",3097,NA,"edu 缺值"
"39060088b852e8fc",3098,4.91656321021051,NA
"39061561b40d6ed0",3099,1.49687463099025,NA
"3908370b8f141ead",3100,0.465196977412774,NA
"390c1e2885a6fe08",3101,0.584984773828304,NA
"390c1e2885a6fe08-1",3102,NA,"party_kmt 缺值"
"390c3b3a38c2ba07",3103,0.797640866365096,NA
"39179bfb652b51cc",3104,0.409694638368157,NA
"39186c0b158b1cbf",3105,0.106699590892319,NA
"3918772cd9afbcb7",3106,NA,"edu 缺值"
"39190788e66f3c86",3107,0.137328507079303,NA
"391b1748742bdc12",3108,0.499754332850847,NA
"392444b4031d90ee",3109,0.405752469491046,NA
"3924aa5972dda451",3110,0.4847641311121,NA
"39275700cb265d11",3111,NA,"party_tpp 缺值"
"392dab7998d21464",3112,0.235945903887984,NA
"392f2aab6c25941e-1",3113,NA,"sex 缺值"
"392f2aab6c25941e",3114,NA,"sex 缺值"
"3932c07f2f65926c",3115,NA,"party_tpp 缺值"
"393a0112057c7253",3116,0.19160324382272,NA
"393ff0e5e5d5373b",3117,NA,"edu 缺值"
"3943654cfd60c352",3118,0.303602028149845,NA
"3943ad7b9a933de3",3119,4.26205180551276,NA
"394e11c2df94d611",3120,0.0826649852446509,NA
"394e349123ec5757",3121,0.231597778272698,NA
"395e6451a9c55cab",3122,2.74102884062826,NA
"395ec0fcb8105b9b",3123,0.409455600887348,NA
"39654425f3d82a41",3124,NA,"edu 缺值"
"396d755f3bc24734",3125,NA,"edu 缺值"
"3973e5ff955db3de",3126,0.0826649852446509,NA
"3977bea01503f702",3127,NA,"party_kmt 缺值"
"3978c8afabc63d19",3128,NA,"sex 缺值"
"397c5e116d752af3",3129,0.117169505819394,NA
"398077d76dea8d3e",3130,0.653282721236478,NA
"39815d48ad1ea4ac",3131,0.409694638368157,NA
"398685d93a197109",3132,NA,"party_tpp 缺值"
"39887c61d35718dd",3133,0.153735485605362,NA
"398956db007f4767",3134,1.02605850949637,NA
"398b817d6ebec689",3135,0.282723644450041,NA
"399ce3008d934816",3136,0.0826649852446509,NA
"399d9db9daf9cf5f",3137,NA,"sex 缺值"
"39a01e1cfdacbff9",3138,0.464221361547281,NA
"39a01e1cfdacbff9-1",3139,NA,"party_kmt 缺值"
"39ad3028709108e7-1",3140,NA,"party_kmt 缺值"
"39ad3028709108e7",3141,5.00009104606325,NA
"39c1a94a4cb611ae",3142,1.02895165813995,NA
"39c332be312a5a8b-1",3143,NA,"party_dpp 缺值"
"39c332be312a5a8b",3144,0.0981324511294532,NA
"39c833d9e288a294",3145,0.0826649852446509,NA
"39c84392b29e677f",3146,NA,"party_tpp 缺值"
"39d29b0c8a383035",3147,0.163395985924161,NA
"39d29cb7091489ce",3148,5.00009104606325,NA
"39d34e6152426b69",3149,0.0826649852446509,NA
"39d438d5f0b13725",3150,NA,"party_tpp 缺值"
"39ef392178fc64fc",3151,NA,"party_tpp 缺值"
"3a0a69dbef93a86e",3152,NA,"party_tpp 缺值"
"3a249bf146a2e381",3153,0.86636032179925,NA
"3a29825827034e41",3154,0.619378128012992,NA
"3a29825827034e41-1",3155,NA,"party_kmt 缺值"
"3a2bc7aa672b7e1a",3156,NA,"party_tpp 缺值"
"3a2ca28d973f0487",3157,NA,"edu 缺值"
"3a3498e2a9857678",3158,0.0863931964567863,NA
"3a34f7f96e3f38e2",3159,0.469571908159739,NA
"3a47347c0624aca3",3160,0.153735485605362,NA
"3a48eaed1892347b",3161,0.641832578871939,NA
"3a527427a99ddfaa",3162,NA,"party_tpp 缺值"
"3a54fe15a4cbeb1c",3163,0.464932610970801,NA
"3a5b76f8021ad717",3164,0.126664177798915,NA
"3a658cf1a76b3e7b",3165,0.19464968464914,NA
"3a6b16b70b0de2fd",3166,NA,"edu 缺值"
"3a6d6fd5d00d332c",3167,3.62878184817954,NA
"3a6f5175879abe79",3168,0.641832578871939,NA
"3a70138baa4320b3",3169,NA,"edu 缺值"
"3a780604f0e288a7",3170,0.168094563567848,NA
"3a780604f0e288a7-1",3171,NA,"party_kmt 缺值"
"3a7917e24a8cf9e9",3172,NA,"sex 缺值"
"3a7d1f67915f2519",3173,NA,"edu 缺值"
"3a833b709e82526f",3174,NA,"edu 缺值"
"3a8ca578d099424b",3175,0.111511768743893,NA
"3a90e38e9cde6034",3176,0.0826649852446509,NA
"3a94f98720e90ef8",3177,0.231597778272698,NA
"3a978a40e6ac59e9",3178,0.217230741594507,NA
"3a9f28c9463a59c0",3179,NA,"sex 缺值"
"3aae0c60f0c7fab4",3180,NA,"edu 缺值"
"3ab21c6ce6f11a19",3181,0.162507125338537,NA
"3ab2b2ec1cc45f9a",3182,0.268006635152847,NA
"3ab47f157eeba5cf",3183,NA,"sex 缺值"
"3ab78741d13d5481",3184,0.0826649852446509,NA
"3abd4c6c4b2a5d16",3185,0.617968352991575,NA
"3abe56008615ab30-1",3186,NA,"party_dpp 缺值"
"3abe56008615ab30",3187,0.267379474007893,NA
"3ac6470b0ee1e2c8",3188,0.833614666063227,NA
"3ac6470b0ee1e2c8-1",3189,NA,"party_dpp 缺值"
"3ad61c9c43a75554",3190,0.648329593795936,NA
"3ad9fe54fde58295",3191,0.173339519005292,NA
"3adec2ef16f7d613",3192,0.126664177798915,NA
"3adfea3e3f9b4635-1",3193,NA,"party_kmt 缺值"
"3adfea3e3f9b4635",3194,0.161403074529731,NA
"3ae62ad2533d9575",3195,0.617968352991575,NA
"3aeb09a3c64f4f2d",3196,NA,"edu 缺值"
"3af09a7d7f86d613",3197,0.292626879731677,NA
"3af24f2057cbecf6",3198,0.127809322181766,NA
"3af77d6f3c2b15ed",3199,0.247311333438462,NA
"3afbbc818379b3ea",3200,0.682869326233153,NA
"3b0b96c3869d8d0f",3201,NA,"party_tpp 缺值"
"3b0ca862252f8026",3202,0.412125009469762,NA
"3b0f10f27347e977",3203,5.00009104606325,NA
"3b115e5e797b35b2",3204,5.00009104606325,NA
"3b18266266ea29ab",3205,NA,"edu 缺值"
"3b1931121937e50d",3206,NA,"party_tpp 缺值"
"3b1b31ca0101030e-1",3207,5.00009104606325,NA
"3b1b31ca0101030e",3208,5.00009104606325,NA
"3b21b81d72429430",3209,0.451164551441784,NA
"3b22ef463bb86447",3210,0.182662832831437,NA
"3b256b16231f1518",3211,0.0981324511294532,NA
"3b27e5d05e373801",3212,NA,"edu 缺值"
"3b2d50d6579f780d",3213,0.0736746478324626,NA
"3b2f5695f6c91a5e",3214,0.143522056601192,NA
"3b2f5695f6c91a5e-1",3215,NA,"party_tpp 缺值"
"3b30679af84e0b6c",3216,5.00009104606325,NA
"3b34f19a28fd4185",3217,NA,"party_dpp 缺值"
"3b3bd67327402258",3218,NA,"party_tpp 缺值"
"3b3c0ecda4eb9300",3219,0.270522990875408,NA
"3b3e169ad0f03876",3220,0.125445388161949,NA
"3b3e169ad0f03876-1",3221,NA,"party_dpp 缺值"
"3b3f627da187a808",3222,0.653282721236478,NA
"3b4830b2365335a8",3223,NA,"edu 缺值"
"3b4a574dc93718f6",3224,NA,"party_tpp 缺值"
"3b4d1e14f76fdc6a",3225,0.37657952957204,NA
"3b4e9c1ff6d205e6",3226,5.00009104606325,NA
"3b58b9ba240471a6",3227,0.217726311427333,NA
"3b59639f640bd98e",3228,NA,"party_tpp 缺值"
"3b5fbc67821556b4",3229,0.295288117121358,NA
"3b64c0e0396ee61c",3230,NA,"sex 缺值"
"3b742ced790ed1f8",3231,NA,"edu 缺值"
"3b7e843889564e98",3232,0.409455600887348,NA
"3b8425b6494e9c1a",3233,5.00009104606325,NA
"3b8dc32d4a3840a9",3234,0.130230439506235,NA
"3b929aa9534013f6",3235,0.0736746478324626,NA
"3b958d6142ec8699",3236,NA,"party_tpp 缺值"
"3b9ccfff95cd2e36",3237,5.00009104606325,NA
"3b9df1f8ea497f57",3238,0.238300273409114,NA
"3ba051c26b49c732",3239,0.207856368152516,NA
"3ba17f77175edad1",3240,NA,"party_dpp 缺值"
"3ba1c213c188ae80",3241,0.83551639635089,NA
"3ba641e404448e67",3242,0.316245533290368,NA
"3ba703c43f8f65b4",3243,0.225763896503032,NA
"3baf0ca159ac4686",3244,NA,"party_tpp 缺值"
"3bb30c02da1c2ee6",3245,0.191167133061059,NA
"3bb8576730bcb9a3",3246,NA,"party_tpp 缺值"
"3bbf14ba1e1b5b31",3247,5.00009104606325,NA
"3bc0fc4086f2a9de",3248,0.141599791476844,NA
"3bce9f241d0ed71e-1",3249,NA,"party_kmt 缺值"
"3bce9f241d0ed71e",3250,0.0981324511294532,NA
"3bd144e7c0f016a5",3251,NA,"party_tpp 缺值"
"3bd8dee0a38ee3b4",3252,0.238300273409114,NA
"3bdd26cfa810f1bb",3253,NA,"edu 缺值"
"3be300325a5b0aba",3254,NA,"party_tpp 缺值"
"3be7542a383dd8e0",3255,NA,"edu 缺值"
"3bf2a154ce722395-1",3256,NA,"party_dpp 缺值"
"3bf2a154ce722395",3257,0.0981324511294532,NA
"3bf490266dafba18",3258,NA,"party_dpp 缺值"
"3bf490266dafba18-1",3259,NA,"party_dpp 缺值"
"3bf511c54730d454",3260,NA,"edu 缺值"
"3bf6050b5f5110ed",3261,NA,"sex 缺值"
"3c0098c376238aa3",3262,0.420983926067105,NA
"3c03f4bf8ae438b0",3263,5.00009104606325,NA
"3c06ad4a7cd12f38",3264,0.238300273409114,NA
"3c09a2393245b619",3265,0.481391881251299,NA
"3c0bfe8c7de69a1a",3266,0.601052112020434,NA
"3c0c0c57e08e943a",3267,1.62728336093566,NA
"3c0f14b2b8ed8e36",3268,NA,"party_tpp 缺值"
"3c14182832943ae4",3269,0.247514264945212,NA
"3c1c0cab840b1e3e",3270,0.763165825157738,NA
"3c1d73361448b4d9-1",3271,NA,"edu 缺值"
"3c1d73361448b4d9",3272,NA,"edu 缺值"
"3c1d735886f80bf4",3273,2.69632239427121,NA
"3c1d735886f80bf4-1",3274,NA,"party_kmt 缺值"
"3c20a678aaaa96e9",3275,5.00009104606325,NA
"3c2843a80beee2d3",3276,0.282723644450041,NA
"3c2b598d82c084ff",3277,0.0826649852446509,NA
"3c384bd8583f364a",3278,NA,"sex 缺值"
"3c423109f72e94b6",3279,NA,"party_tpp 缺值"
"3c437da056189f54",3280,0.550313437502534,NA
"3c4bc08eb9db78a6",3281,0.359007928496261,NA
"3c63e6faca710bfc",3282,0.177806529508921,NA
"3c641cd2dd397c6c",3283,0.143405581745165,NA
"3c653027e6eb8ec2",3284,0.4017712460214,NA
"3c65d1677438506d",3285,NA,"edu 缺值"
"3c6e9c514a1f7c2a",3286,0.627025849299429,NA
"3c6fd78d0520608a",3287,0.0826649852446509,NA
"3c7007c4a259d644",3288,0.564495177014209,NA
"3c76b01bcd9613cf-1",3289,NA,"party_kmt 缺值"
"3c76b01bcd9613cf",3290,5.00009104606325,NA
"3c7a84294e7c4516",3291,NA,"party_tpp 缺值"
"3c7af32f67bf7fa6",3292,0.914468188906357,NA
"3c7b459a4aee4c1f",3293,0.122293839857739,NA
"3c7c38d697df5e39-1",3294,NA,"party_dpp 缺值"
"3c7c38d697df5e39",3295,1.12190062101387,NA
"3c826e77b6c83450",3296,NA,"party_tpp 缺值"
"3c826e77b6c83450-1",3297,NA,"party_tpp 缺值"
"3c94fddcfaed224a",3298,NA,"sex 缺值"
"3c961f5b3285003d",3299,0.106699590892319,NA
"3c9dfd4b164c83ac",3300,0.584984773828304,NA
"3ca37e53249a17d4",3301,NA,"edu 缺值"
"3ca4df8ad987514f",3302,0.161035702786106,NA
"3ca762ff75d1a559-1",3303,NA,"party_kmt 缺值"
"3ca762ff75d1a559",3304,0.238300273409114,NA
"3ca9baa3850bc162",3305,0.117169505819394,NA
"3caa08aa04529383",3306,NA,"party_tpp 缺值"
"3caf904b844be9fe",3307,5.00009104606325,NA
"3cb0c2624061dbf2",3308,0.27157879875813,NA
"3cb4f150e8ab66a7",3309,5.00009104606325,NA
"3cb5de5ca4e7ec6d",3310,0.915450706309203,NA
"3cbd1897e1682ba9",3311,0.143849474355578,NA
"3ccc2a13e7740d36",3312,NA,"edu 缺值"
"3cccba68ccee34ea",3313,0.375199274569863,NA
"3ccd6eaab333fefa",3314,NA,"edu 缺值"
"3cd10790ce40709a",3315,NA,"edu 缺值"
"3cd2fb6ab00cfc03",3316,3.12083432081933,NA
"3ce08468af1fad92",3317,NA,"edu 缺值"
"3ce251b3e46eaa6d",3318,NA,"party_tpp 缺值"
"3ce2c66c16ac9a5c",3319,1.5983817150522,NA
"3ce2e60e00dd7c82",3320,NA,"party_tpp 缺值"
"3cea7e4be19e6aff",3321,NA,"party_tpp 缺值"
"3cf1a4b2f4d00d7b",3322,1.27553206998897,NA
"3cf3d217890d0dfc",3323,NA,"edu 缺值"
"3cf7bc79628bd1c6-1",3324,NA,"party_kmt 缺值"
"3cf7bc79628bd1c6",3325,5.00009104606325,NA
"3cf98c5e7bbbfdf9",3326,NA,"party_tpp 缺值"
"3cf9d0cda8dcec01",3327,3.7047744043569,NA
"3cfab7e18d3ece97",3328,0.499754332850847,NA
"3cfab7e18d3ece97-1",3329,NA,"party_dpp 缺值"
"3cfb2175ba3744a9",3330,0.122293839857739,NA
"3cff7a9ad1ebb6d6",3331,1.50294475443083,NA
"3d026301095fcc2d",3332,NA,"sex 缺值"
"3d030ebc2671a4ef",3333,NA,"sex 缺值"
"3d08f06f390d4bd9",3334,0.83551639635089,NA
"3d0b040640bcd1a8",3335,5.00009104606325,NA
"3d12ed7902eea435",3336,0.350539549928668,NA
"3d15c88ab7d3d1ea",3337,NA,"sex 缺值"
"3d15fd04152c7a60",3338,NA,"edu 缺值"
"3d17665e82d3c9c6",3339,4.68026634078251,NA
"3d184dd17cac0148",3340,NA,"party_tpp 缺值"
"3d29d0b151ed9dbe",3341,NA,"edu 缺值"
"3d2a572e7d88b265",3342,1.4246110144496,NA
"3d2a6fed9e745d48",3343,NA,"edu 缺值"
"3d2bb1a95a53e29c",3344,NA,"sex 缺值"
"3d31be16559836ec",3345,NA,"edu 缺值"
"3d31db3215d6c213",3346,0.308605683994492,NA
"3d33d485e698d5b7",3347,0.608109079478263,NA
"3d3fde6caf09918e-1",3348,NA,"party_dpp 缺值"
"3d3fde6caf09918e",3349,2.4037099598854,NA
"3d40a30e84dca8af",3350,NA,"edu 缺值"
"3d4cc9d1c17c18d9",3351,5.00009104606325,NA
"3d4ea60c1db7b3f0",3352,0.550760405309663,NA
"3d4feb87b6d74971",3353,NA,"party_kmt 缺值"
"3d59f7c96bde162d",3354,0.137328507079303,NA
"3d5d5e05cbc0e025",3355,0.359007928496261,NA
"3d5d705fed6166fe",3356,0.317223720565632,NA
"3d650530e6306fb6",3357,3.3265655075873,NA
"3d650530e6306fb6-1",3358,NA,"party_kmt 缺值"
"3d6b548c2af5d6ef-1",3359,0.465196977412774,NA
"3d6b548c2af5d6ef",3360,0.141599791476844,NA
"3d6cf0d868dd10fc",3361,5.00009104606325,NA
"3d7dc84026d9db5d",3362,0.833614666063227,NA
"3d846bf4da98028e",3363,NA,"party_tpp 缺值"
"3d86b243aa11290d",3364,0.0704952927516892,NA
"3d8f82bda7b265b9",3365,1.62728336093566,NA
"3d8fcfaa7fdd5fe5",3366,NA,"sex 缺值"
"3d9a27a023f11cd6",3367,4.08307379634267,NA
"3d9dcba13e2e2d08",3368,0.270522990875408,NA
"3da6111b02630d5e",3369,NA,"edu 缺值"
"3da90fd2f8407761",3370,0.161035702786106,NA
"3dadd34ed57613ed",3371,0.174625325219644,NA
"3daf755b4b7d2e1a",3372,0.207856368152516,NA
"3db0709dce3920e5",3373,5.00009104606325,NA
"3dbb2ae3d94d28d5",3374,NA,"party_tpp 缺值"
"3dbca8ce3ed7f18e",3375,0.914468188906357,NA
"3dbf3ded65e61ad0",3376,NA,"party_tpp 缺值"
"3dc34937974902b8",3377,1.84879458877066,NA
"3dc482a23aeb9ecc",3378,NA,"party_tpp 缺值"
"3dc7f67dcb4fd303",3379,NA,"edu 缺值"
"3dc8006dbf8ea88b",3380,5.00009104606325,NA
"3dcc2aff055ab0f7",3381,NA,"edu 缺值"
"3dd010e7ea06b3e5",3382,5.00009104606325,NA
"3dd78b4c0dca31c7",3383,0.231070635404622,NA
"3dda812cdef21fe9",3384,3.01011678788667,NA
"3de3815f4b1edf33",3385,5.00009104606325,NA
"3de5066e2080f36b",3386,1.90852129346158,NA
"3de8f03edbd7b59c",3387,0.62559866719508,NA
"3de8f03edbd7b59c-1",3388,NA,"party_tpp 缺值"
"3decd64238f384ef",3389,0.458003804786937,NA
"3dfb200976652642",3390,0.280226278752786,NA
"3dfff5830b79c569",3391,0.6458388780458,NA
"3e02d32a59b4cb82-1",3392,NA,"party_tpp 缺值"
"3e02d32a59b4cb82",3393,0.143522056601192,NA
"3e0841a19fb55e93-1",3394,NA,"party_tpp 缺值"
"3e0841a19fb55e93",3395,0.0704952927516892,NA
"3e153e26ea854846",3396,0.859040570130117,NA
"3e16239b980d96b5",3397,NA,"sex 缺值"
"3e225fca3c5a8c8b",3398,0.337767256467019,NA
"3e22976b7fc4c688",3399,0.109703744645957,NA
"3e23aba38b921267",3400,NA,"edu 缺值"
"3e278eac006e7d4f",3401,0.412125009469762,NA
"3e29e38326e95b6e",3402,NA,"edu 缺值"
"3e388be23ecc9703",3403,0.86636032179925,NA
"3e38d2cef5774c14",3404,0.231070635404622,NA
"3e3963d0e386b4ee",3405,4.30525074249551,NA
"3e3b4390dbf4640a",3406,5.00009104606325,NA
"3e42bdbf182f8a7f",3407,0.16829845267839,NA
"3e4715562d83ebbd",3408,1.6290317369217,NA
"3e4d237f3f21921b",3409,NA,"edu 缺值"
"3e512e01ffa6937a",3410,NA,"edu 缺值"
"3e548ee3dfa83852",3411,0.916302463182361,NA
"3e5c53961e15f074",3412,0.395558802542504,NA
"3e61a06832a1ca94",3413,NA,"edu 缺值"
"3e725e21fe8970a9",3414,0.161035702786106,NA
"3e78a5715a753b7e",3415,5.00009104606325,NA
"3e7f6b79c68e6293",3416,NA,"party_tpp 缺值"
"3e88b42b665e97a8",3417,0.4847641311121,NA
"3e8a1a6f7b12d6b0",3418,NA,"party_tpp 缺值"
"3e8d31cf8f742850",3419,1.76383146007034,NA
"3e8f443e7c4ba8a5",3420,0.161035702786106,NA
"3e91929fc1ab99eb",3421,1.5983817150522,NA
"3e9a446c0df47e4f",3422,0.420983926067105,NA
"3ea20bfbbc93145c",3423,0.728620518951834,NA
"3eb3c9ec6aa4d00e",3424,0.118616246805632,NA
"3eba5c82f75bd670",3425,5.00009104606325,NA
"3ebbfe9c3424ea63",3426,0.122293839857739,NA
"3ebc35ec71b16406",3427,NA,"sex 缺值"
"3ec21d715f461e3d",3428,0.163395985924161,NA
"3ec4fbed88d03494-1",3429,NA,"party_tpp 缺值"
"3ec4fbed88d03494",3430,0.153735485605362,NA
"3ec9cc25f2de60dc",3431,2.69921936073565,NA
"3ecaa5029523bd3f",3432,3.89071301073134,NA
"3ecbf8091fdbb4a7",3433,0.185100340350864,NA
"3ed4d2e232f7eb41",3434,0.239090741590243,NA
"3ed76085e4f54d1e",3435,0.216840920771329,NA
"3ed786e1779fd233",3436,0.225763896503032,NA
"3ed90236b5e3ced4",3437,NA,"edu 缺值"
"3ee2ca6ae28283b3",3438,0.527300550779753,NA
"3ee48f02481445e1",3439,0.0863931964567863,NA
"3ee96a49bc4b7d4e",3440,5.00009104606325,NA
"3eea1d1924c962d5",3441,NA,"party_tpp 缺值"
"3ef2e0afbb6e05a9",3442,NA,"party_tpp 缺值"
"3ef4c11e43b59f24",3443,5.00009104606325,NA
"3ef5d9db54a329ad",3444,0.0935534866653076,NA
"3efe487a8c64f84e",3445,0.111511768743893,NA
"3eff616f8f3425b7",3446,NA,"edu 缺值"
"3f00961cc37e677d",3447,NA,"edu 缺值"
"3f0499e074c05a5f",3448,NA,"edu 缺值"
"3f07c0d415954680",3449,3.0639896074457,NA
"3f098d367b3ced7b",3450,NA,"party_tpp 缺值"
"3f101c1f68dae94d",3451,1.83881255131899,NA
"3f10423e88155e98",3452,NA,"edu 缺值"
"3f14df01495f5f39",3453,0.126664177798915,NA
"3f1a8503f15ab65d",3454,0.189870430687549,NA
"3f1c6afd3ac79313",3455,0.86636032179925,NA
"3f220e3ffde2111a",3456,0.360409078911018,NA
"3f29db94f698e616",3457,0.475798036921469,NA
"3f29db94f698e616-1",3458,NA,"party_kmt 缺值"
"3f2a0fa4b7302ad3",3459,0.569432274960708,NA
"3f2bb35e9e62227f",3460,NA,"party_tpp 缺值"
"3f2fd7c81567c604",3461,0.316245533290368,NA
"3f3047e748fe2f8a",3462,0.328204006705968,NA
"3f32db9387a9ae5c",3463,0.228252308506251,NA
"3f330707a0cc0182",3464,NA,"edu 缺值"
"3f331b9a466a2281",3465,0.4017712460214,NA
"3f348743dfcb74a8",3466,0.481775376471245,NA
"3f38aaeab9973c4a",3467,NA,"party_tpp 缺值"
"3f4713de9b2fd6fa",3468,0.31740891368267,NA
"3f5376ca9c474a3c",3469,0.173339519005292,NA
"3f542d9712bd9a0c",3470,1.44487189316763,NA
"3f58aae36747f9b5",3471,5.00009104606325,NA
"3f59fd29c7a56953",3472,NA,"edu 缺值"
"3f60e76b26e59d85",3473,0.350539549928668,NA
"3f7cce4c7f1d5871",3474,0.617968352991575,NA
"3f7d64d37f883067",3475,0.130230439506235,NA
"3f7e40fa5eb9402c",3476,NA,"edu 缺值"
"3f80935a599a13f8",3477,0.141599791476844,NA
"3f8caa2313a2c477",3478,NA,"edu 缺值"
"3f8ec586e4f1b812",3479,1.11578373509283,NA
"3f96d8398f3c9f82",3480,0.0826649852446509,NA
"3f9868771e5b1e18",3481,0.0826649852446509,NA
"3f9a5c9be2fd8a57",3482,NA,"edu 缺值"
"3f9fd7a020ea28ef",3483,NA,"party_tpp 缺值"
"3fa4d9c91611d9ac",3484,NA,"party_tpp 缺值"
"3fa4e0da2d0391fa",3485,NA,"sex 缺值"
"3fa666b6dcbc5366",3486,0.195093740177253,NA
"3faa2132c9016fac-1",3487,NA,"party_kmt 缺值"
"3faa2132c9016fac",3488,3.26158471799973,NA
"3fab4f08de0cb3f9",3489,0.0863931964567863,NA
"3fad7c3d48adf8c8",3490,5.00009104606325,NA
"3fb394f30d14634e",3491,0.143405581745165,NA
"3fbaf6be5ee677d9",3492,0.217230741594507,NA
"3fc107445c3a8139",3493,NA,"sex 缺值"
"3fc3a2e109a558e5",3494,0.409455600887348,NA
"3fe5f9614ab33656",3495,0.27157879875813,NA
"3fee1479f2c1c0ec",3496,0.270522990875408,NA
"3ff076c9fd5bc5a1",3497,0.0999201607532301,NA
"4008b5cd151e7808",3498,NA,"edu 缺值"
"400ab59c5305db1a",3499,0.0704952927516892,NA
"400e324734d8059b",3500,0.728620518951834,NA
"400f81afca9631fb",3501,NA,"age 缺值"
"40109da874ea5f43",3502,1.5983817150522,NA
"4013682eec1a7ad4",3503,0.829158520484555,NA
"401438a611cbe0a4",3504,0.397193255426077,NA
"401bdc54ead3922b",3505,5.00009104606325,NA
"401f87ac999adde8",3506,0.0977727719756202,NA
"401fb4369a01cfdc",3507,0.647312234268205,NA
"402c55e1ce9db9cb-1",3508,NA,"party_tpp 缺值"
"402c55e1ce9db9cb",3509,0.0826649852446509,NA
"402c6c9a74f6d313",3510,0.62559866719508,NA
"40301b118c03a357",3511,NA,"party_tpp 缺值"
"403041fc8b57bb74",3512,2.7976857036017,NA
"40342d56af2a6607",3513,NA,"sex 缺值"
"4036016124d349bb",3514,NA,"party_tpp 缺值"
"40365a1d72cf8e37",3515,1.26679233566172,NA
"4037c3e5a6fac9a3",3516,0.0981324511294532,NA
"404255d4d8341386",3517,NA,"party_tpp 缺值"
"404b8cbd8eda9eb6",3518,0.189870430687549,NA
"404e22a251fd8b41",3519,0.0736746478324626,NA
"4058d0bc5ecf5e17",3520,0.143405581745165,NA
"4058d0bc5ecf5e17-1",3521,NA,"party_dpp 缺值"
"405b0e0f3652c66d",3522,5.00009104606325,NA
"406542b4c4fee48b",3523,NA,"edu 缺值"
"406979893c34d9aa",3524,0.143405581745165,NA
"406b5932b094f9cc",3525,NA,"sex 缺值"
"406c0cad34402217",3526,1.68870037027229,NA
"40716e3c1590dbba",3527,0.27157879875813,NA
"40733aeec7535d84",3528,0.0999201607532301,NA
"4076d57cbe900b44",3529,0.486068939888409,NA
"4079dc85cf4a44fc",3530,5.00009104606325,NA
"407b401230dcfc05",3531,0.0704952927516892,NA
"408108202383018f",3532,5.00009104606325,NA
"408b017cb166e77b",3533,NA,"party_tpp 缺值"
"408c0f0a6c1f1b6f",3534,0.0704952927516892,NA
"408cf0771d152ad7",3535,1.27553206998897,NA
"408efd85b2ef23b9",3536,2.47903686165604,NA
"408f9923e6d65d26",3537,0.420983926067105,NA
"4090185334bb7957",3538,1.62728336093566,NA
"40935e358f6dd82e",3539,NA,"party_tpp 缺值"
"409db2d0d7ce4158",3540,NA,"edu 缺值"
"409e75e4947c4cef",3541,NA,"edu 缺值"
"40ad5fc6a2b53b90",3542,1.65972974502462,NA
"40ae91927fb6bdd5",3543,0.359217514958461,NA
"40ba403dd8f1c552",3544,0.859040570130117,NA
"40c184cb553fcbd3",3545,0.114651410572369,NA
"40c4021e65ce237b",3546,NA,"party_tpp 缺值"
"40c8cbe9712c60ad",3547,0.360684248405661,NA
"40cfd38be2a2f124",3548,0.207856368152516,NA
"40d17312d6de48e5",3549,1.30840290744747,NA
"40d96bd3bd6ca927",3550,0.37657952957204,NA
"40e00d5bf5c464cb",3551,0.483270676621923,NA
"40e61d14de31bb6e",3552,0.0977727719756202,NA
"40ea62095f7f26e7",3553,2.77284099210224,NA
"40ed5d83e45ebcd8",3554,0.147101185861357,NA
"40f030f1254183d1",3555,0.19464968464914,NA
"40f29a0d5116d2e2",3556,NA,"party_tpp 缺值"
"40f7f6249b114bf2",3557,0.270522990875408,NA
"40f97646f297b83a",3558,NA,"party_tpp 缺值"
"40fa539732245742",3559,0.564824725577593,NA
"40fb79607aa883ce",3560,0.0826649852446509,NA
"40ffb4d40e7730fb",3561,0.106699590892319,NA
"41012ca369ef19a4",3562,NA,"edu 缺值"
"4108708aafc7b3ee",3563,NA,"edu 缺值"
"410b71cf318cb35a",3564,0.114651410572369,NA
"410d24f2d38418c5",3565,5.00009104606325,NA
"411be9746a1b03a8",3566,NA,"sex 缺值"
"41244495be27b725",3567,1.07448492859535,NA
"41249d554273fee8",3568,0.931172921288906,NA
"412a365f0d3089ed",3569,NA,"party_tpp 缺值"
"412c1ca490e35932",3570,5.00009104606325,NA
"41317f68bca92089",3571,NA,"edu 缺值"
"4133fcebde081c3b",3572,0.0836856844568212,NA
"413cd1ff774b08dd-1",3573,NA,"party_dpp 缺值"
"413cd1ff774b08dd",3574,0.153735485605362,NA
"41489480e357cc0e",3575,5.00009104606325,NA
"41517127b44e2adc",3576,NA,"edu 缺值"
"415337c060496e43",3577,NA,"edu 缺值"
"4154e35eba34beb4",3578,0.27157879875813,NA
"4157f6f114abded9",3579,5.00009104606325,NA
"415dd46971d59234",3580,NA,"sex 缺值"
"41611aabd2bb752e",3581,NA,"sex 缺值"
"4163713ab9dbaec6",3582,0.117169505819394,NA
"41675654771b9878",3583,NA,"edu 缺值"
"4171910cb21042fa",3584,0.370839403919046,NA
"4173370e18ff734d-1",3585,NA,"party_kmt 缺值"
"4173370e18ff734d",3586,0.270522990875408,NA
"41747fabb409e062",3587,5.00009104606325,NA
"4177a7aa6d3bb336",3588,0.62559866719508,NA
"417be368ea734d23",3589,NA,"party_tpp 缺值"
"418741d4717cb4b4",3590,4.55210080057181,NA
"418a05175368c40f",3591,5.00009104606325,NA
"418c95aa4e48f8c8",3592,2.08896256371023,NA
"418dafcd67817c59",3593,0.589954048650274,NA
"4190af6d887b8e9b",3594,0.114651410572369,NA
"419121afce335283",3595,NA,"edu 缺值"
"419121afce335283-1",3596,NA,"edu 缺值"
"419739ba97c260d4",3597,5.00009104606325,NA
"419b2319ccbb6dab",3598,NA,"party_tpp 缺值"
"419b68b2c2d318a6",3599,NA,"edu 缺值"
"419d34712628f33b",3600,0.359007928496261,NA
"41a5d1ad7ecf4a1a",3601,0.614134941615733,NA
"41b06698c1bec183",3602,NA,"party_tpp 缺值"
"41b5204d1150f665",3603,NA,"party_tpp 缺值"
"41ca15319552eaea-1",3604,NA,"party_kmt 缺值"
"41ca15319552eaea",3605,5.00009104606325,NA
"41ce5de1203bdd11",3606,NA,"edu 缺值"
"41d2acc29e5f4478-1",3607,NA,"party_kmt 缺值"
"41d2acc29e5f4478",3608,0.190900971620032,NA
"41d52132b608bde6",3609,0.184588870298933,NA
"41d60d1731634f45",3610,0.359007928496261,NA
"41e2539c47167bfb",3611,NA,"edu 缺值"
"41e45f4f71e53f00",3612,0.557108388114855,NA
"41e45f4f71e53f00-1",3613,NA,"party_dpp 缺值"
"41e6e93b68ac246f",3614,NA,"sex 缺值"
"41e920317b1ad2a4",3615,2.69632239427121,NA
"41f0177c1f02d25a",3616,0.141599791476844,NA
"41f4a1f4bb9d9ba8",3617,0.217230741594507,NA
"420373e7eb42ff95",3618,5.00009104606325,NA
"420373e7eb42ff95-1",3619,NA,"party_kmt 缺值"
"4203f4468aee2820",3620,0.231597778272698,NA
"420af44eb802a620",3621,1.15188307360859,NA
"42161e5f882583c5",3622,0.203263341729211,NA
"42161e5f882583c5-1",3623,NA,"party_dpp 缺值"
"4217ed6a7f751a5a",3624,NA,"edu 缺值"
"421d573ccc9354bb",3625,1.67046912441535,NA
"421e7475a284d7e8",3626,0.238300273409114,NA
"421edba799ac191e",3627,0.0704952927516892,NA
"42245bde957ba34c",3628,0.147101185861357,NA
"42294a4806c60f6d",3629,0.982306284207653,NA
"422bbba3bbb0e4f0",3630,1.5983817150522,NA
"4236a9425ad6154c",3631,0.147985976977968,NA
"4236a9425ad6154c-1",3632,NA,"party_dpp 缺值"
"4237beb4a0f4790b",3633,NA,"edu 缺值"
"42399155c3981b94",3634,NA,"edu 缺值"
"423b26dc278f8141",3635,NA,"party_dpp 缺值"
"42424e497ea5c06c",3636,NA,"party_kmt 缺值"
"4252793a009e203e",3637,NA,"party_tpp 缺值"
"4253bbfa3da70d0e",3638,NA,"party_tpp 缺值"
"4254ea4aec9969ca",3639,0.217726311427333,NA
"4254ea4aec9969ca-1",3640,0.409455600887348,NA
"42552e38fca3a190",3641,5.00009104606325,NA
"425c9936c50e3fd0",3642,3.1806783738909,NA
"42631392dc148cf9",3643,NA,"edu 缺值"
"4263691b48bf9959",3644,0.118616246805632,NA
"42637bcf699a70b5",3645,5.00009104606325,NA
"426438fb0bae2146",3646,0.109703744645957,NA
"4266e1242c966855",3647,NA,"party_tpp 缺值"
"426b12ecbf83c3ae",3648,0.0981324511294532,NA
"426b12ecbf83c3ae-1",3649,NA,"party_tpp 缺值"
"4270be34043871ab",3650,0.449895992224538,NA
"4273fcfd7dfbabe5",3651,0.355668501956608,NA
"427721250e96a7ba",3652,0.228016665583315,NA
"427779017c90bcbc",3653,0.141599791476844,NA
"427b5c42c055b19a",3654,0.427922149421554,NA
"427bc2c349666a48",3655,NA,"party_tpp 缺值"
"427e95ccbd01d261",3656,0.118616246805632,NA
"42832d7c643257b9",3657,1.07348613184449,NA
"42832d7c643257b9-1",3658,NA,"party_kmt 缺值"
"42876fda3312d952",3659,0.303602028149845,NA
"4289c18cb4f8e1e9-1",3660,NA,"party_dpp 缺值"
"4289c18cb4f8e1e9",3661,NA,"party_dpp 缺值"
"4290ac3acc2d24e9",3662,NA,"party_tpp 缺值"
"42969ca303a5c638",3663,1.86026382044382,NA
"429d899710bccad8",3664,0.73023217409767,NA
"429e6c2f371f6253",3665,0.420983926067105,NA
"429f30dcea7c0e31-1",3666,NA,"party_tpp 缺值"
"429f30dcea7c0e31",3667,0.550313437502534,NA
"42a120a82937f7f2-1",3668,NA,"edu 缺值"
"42a120a82937f7f2",3669,NA,"edu 缺值"
"42a166f14f31390b",3670,0.424142210537634,NA
"42a26bc359fc7afc",3671,1.78334572274152,NA
"42a2b0b56af1c2a8",3672,0.106699590892319,NA
"42bdf4af566c6c1a",3673,0.975768465849945,NA
"42c62294c17be9fe",3674,0.238300273409114,NA
"42cb0db04212235c",3675,2.02349570473653,NA
"42ceeaf374c007bc",3676,0.126664177798915,NA
"42d066529be92bca",3677,1.14973675048474,NA
"42da08d111a6132d",3678,0.37657952957204,NA
"42db6e719cc0c41c",3679,NA,"party_tpp 缺值"
"42dc6d6f18032bd3",3680,NA,"edu 缺值"
"42dd1286722d5dd0",3681,0.141599791476844,NA
"42e4125baa6fb667",3682,0.409455600887348,NA
"42e4d274dbd96a66",3683,0.207856368152516,NA
"42e4d274dbd96a66-1",3684,2.69632239427121,NA
"42e734764ffa8498",3685,0.526992895800938,NA
"42eb0d84d2e4fbe2",3686,NA,"edu 缺值"
"42ebe96c5017efa1",3687,0.0863931964567863,NA
"42ec4ff1a86647db",3688,NA,"edu 缺值"
"42ef105b29ab8fb2",3689,0.0836856844568212,NA
"42f607fffbe10ce8",3690,NA,"party_dpp 缺值"
"42f72e29c2e3243d",3691,NA,"edu 缺值"
"4309a70714d5a3e1",3692,NA,"edu 缺值"
"430cfcbd4042b540",3693,0.118616246805632,NA
"4319cd0459de27aa",3694,2.69632239427121,NA
"431b1cc605b10d9a",3695,0.0704952927516892,NA
"431cf1aba1008879",3696,1.48668683158771,NA
"431cf1aba1008879-1",3697,NA,"party_kmt 缺值"
"4322f9698ef3edde",3698,0.126664177798915,NA
"432c9cc499d919d9",3699,0.268006635152847,NA
"434cf2c938a8e8d9",3700,NA,"edu 缺值"
"43571f3cbf86ffbf",3701,2.69632239427121,NA
"435802be799bc467",3702,0.483270676621923,NA
"435d44a653330c32",3703,NA,"sex 缺值"
"4364df71b897ab04",3704,0.109703744645957,NA
"436b10c7053f841b-1",3705,NA,"party_tpp 缺值"
"436b10c7053f841b",3706,0.143522056601192,NA
"4378afbe61d69f27",3707,0.0935534866653076,NA
"438f7058417d7695",3708,1.91025356785221,NA
"4396394d1cb8b4be",3709,NA,"party_tpp 缺值"
"439bed92336d1778",3710,0.270522990875408,NA
"439f6474f5ec3883",3711,NA,"sex 缺值"
"43a213a63c5a699d",3712,NA,"party_tpp 缺值"
"43a39136229029aa",3713,0.317223720565632,NA
"43a42141198adec4-1",3714,NA,"party_tpp 缺值"
"43a42141198adec4",3715,1.2148840312943,NA
"43a848ceab781ff9",3716,0.641832578871939,NA
"43aee01cc5369934",3717,0.147101185861357,NA
"43b08c3eeef9efd0",3718,NA,"edu 缺值"
"43b8106acf171892",3719,0.147101185861357,NA
"43b834573d6fd5cf",3720,5.00009104606325,NA
"43bb7926fe71a6a9",3721,0.575132709190708,NA
"43c121df43d150fb",3722,0.269122706155871,NA
"43c2df8cd10d4b51",3723,0.208501497965697,NA
"43d07a72c1cf8eab",3724,NA,"party_tpp 缺值"
"43d2aa35995ab1e0",3725,0.975768465849945,NA
"43d9e588f71aa7f9",3726,0.914468188906357,NA
"43dac902c2167f7c",3727,NA,"edu 缺值"
"43dcfa242e928aaa",3728,5.00009104606325,NA
"43ddd184425f46b6-1",3729,0.231597778272698,NA
"43ddd184425f46b6",3730,0.0704952927516892,NA
"43ded4f9dddbbb60-1",3731,NA,"party_kmt 缺值"
"43ded4f9dddbbb60",3732,0.413398602045685,NA
"43def69a4cc0eaad",3733,NA,"edu 缺值"
"43e2e61dd754d130",3734,0.214196151137979,NA
"43e2e737cf1599a0",3735,0.0704952927516892,NA
"43e4de4ececb21eb",3736,0.359217514958461,NA
"43e5332286106bf2",3737,NA,"edu 缺值"
"43e65c506c9cda25",3738,NA,"edu 缺值"
"43e8b36b14872b17",3739,0.391650743289372,NA
"43f77c749cbb92be",3740,0.246748424732736,NA
"4408da009f6b2e70",3741,0.225763896503032,NA
"441679f4af2cf916",3742,0.682869326233153,NA
"4418597999150cc2",3743,0.0704952927516892,NA
"441c95a2b4f51fc8",3744,NA,"party_tpp 缺值"
"441f347f5069c370",3745,0.439799845478686,NA
"4421f5e756c8c5c7",3746,0.122293839857739,NA
"442265265fbae8a7",3747,NA,"party_tpp 缺值"
"4424f8bdd9e12c77",3748,NA,"sex 缺值"
"44275ddd44c23606",3749,NA,"edu 缺值"
"442dcf1709892d2a",3750,NA,"sex 缺值"
"443820cb9b2b9b68",3751,5.00009104606325,NA
"443d1c4b61399f26-1",3752,NA,"party_tpp 缺值"
"443d1c4b61399f26",3753,0.207856368152516,NA
"44418d930057ea84",3754,NA,"party_tpp 缺值"
"4441fdf68612b262",3755,0.106699590892319,NA
"444cdd8bd5bc22c6",3756,NA,"edu 缺值"
"44531484fc2c557e",3757,NA,"party_tpp 缺值"
"4456944e8541fe5b",3758,0.623780229721267,NA
"4462ec5fe648040c",3759,NA,"sex 缺值"
"4462ec5fe648040c-1",3760,NA,"sex 缺值"
"446a8341149ed356-1",3761,NA,"party_kmt 缺值"
"446a8341149ed356",3762,2.48815655687082,NA
"4471d10abb1fd32b-1",3763,NA,"party_kmt 缺值"
"4471d10abb1fd32b",3764,2.84429792187621,NA
"4479505912fec157",3765,0.419862438229833,NA
"4480876d0a3b8508",3766,NA,"sex 缺值"
"4483cd22f73ffbe7",3767,NA,"party_tpp 缺值"
"4487648aac7850b0",3768,0.189870430687549,NA
"4487abd10bffc2db",3769,0.0863931964567863,NA
"4489bd3908574f8a",3770,0.316245533290368,NA
"4489bd3908574f8a-1",3771,NA,"party_kmt 缺值"
"448b7beffd64c62e",3772,0.44080316358321,NA
"448c9b020cc1814f",3773,5.00009104606325,NA
"448f2b1b1cf62ad7",3774,NA,"edu 缺值"
"4490c3a21761f8ef",3775,5.00009104606325,NA
"4492e5ebf208d261",3776,NA,"edu 缺值"
"449bd55a412e65e3",3777,0.189870430687549,NA
"44ae7e0d3c1e344c",3778,0.47865988928455,NA
"44b0437200593870",3779,NA,"sex 缺值"
"44cebfa32889d4a5",3780,0.914468188906357,NA
"44cfd51f2f4057ef",3781,5.00009104606325,NA
"44d4e498b3033276",3782,0.647312234268205,NA
"44d4f62056dca00f",3783,0.31740891368267,NA
"44d7b78cabf9d8e8",3784,0.552016858424831,NA
"44da8c43e05c9f2c",3785,0.6458388780458,NA
"44deaca02534933f",3786,NA,"edu 缺值"
"44e276a19dcaa2f2",3787,0.173339519005292,NA
"44e5ee872b2d10df",3788,0.118616246805632,NA
"44e91bfff4381a25",3789,5.00009104606325,NA
"44ecf7fb93cb912f",3790,5.00009104606325,NA
"44f04b529e772f5f",3791,2.69632239427121,NA
"44f3049b5e625853",3792,NA,"party_dpp 缺值"
"44f4d9e95e05c4b2",3793,0.109703744645957,NA
"44faf2ac5ff853c8",3794,NA,"party_tpp 缺值"
"44fbb16eb9dfc739",3795,5.00009104606325,NA
"44ff885afc964a2c",3796,4.66479271099245,NA
"450179de28b88f34",3797,0.360684248405661,NA
"450ee5084555316c",3798,0.225763896503032,NA
"4536e501cd73dcc2",3799,NA,"edu 缺值"
"453959b9eadbe062",3800,NA,"edu 缺值"
"4542f02a2c0498a1",3801,1.29943794759021,NA
"4545d5514e7db081",3802,0.360409078911018,NA
"454c3c7af2917dd7",3803,0.0981324511294532,NA
"4554b3ef93ea2fe7",3804,0.4847641311121,NA
"455551e3af504566",3805,NA,"edu 缺值"
"4566d7c6daae93e5",3806,NA,"edu 缺值"
"456c8bd60228d160",3807,NA,"edu 缺值"
"456e07b4a92937db",3808,NA,"party_tpp 缺值"
"4576170b1515fa5f",3809,NA,"party_tpp 缺值"
"4577d9760c370d93",3810,0.735270123112013,NA
"457ea46a9d3c6256",3811,0.0704952927516892,NA
"45806acf21ccef81",3812,NA,"edu 缺值"
"458229d45fe39d0c",3813,NA,"party_tpp 缺值"
"458dd2d7f27b9c46",3814,NA,"party_tpp 缺值"
"458f5213407fb240",3815,0.47865988928455,NA
"4593dcd3fce1d91f",3816,0.212430568547291,NA
"4598ee445ddc7b9d",3817,NA,"party_tpp 缺值"
"459a94957b83ad89",3818,0.490463387678337,NA
"45a40a391beaf5f4-1",3819,NA,"party_kmt 缺值"
"45a40a391beaf5f4",3820,0.207856368152516,NA
"45a4b07825271047",3821,NA,"edu 缺值"
"45a8d391df538413",3822,NA,"party_tpp 缺值"
"45b24d934ed7e222",3823,NA,"party_tpp 缺值"
"45b590e0f57cea10",3824,NA,"edu 缺值"
"45b5c177fc2e9db6",3825,0.143405581745165,NA
"45c1723641d55bd6",3826,NA,"sex 缺值"
"45c39d468bbf8d60",3827,0.122293839857739,NA
"45cd258739648a4d",3828,0.481391881251299,NA
"45cef5e04274e5de",3829,5.00009104606325,NA
"45cfe49fe5a844c5",3830,NA,"sex 缺值"
"45d88de445e4e8d1",3831,0.106699590892319,NA
"45f05b325e2f8fad",3832,NA,"party_tpp 缺值"
"45f3df8d7f55ef38",3833,NA,"edu 缺值"
"45f599d887100c45",3834,NA,"edu 缺值"
"4602a376eaf34189",3835,2.77284099210224,NA
"4602ed6579056ddf",3836,NA,"party_tpp 缺值"
"461553bfa619ec7a",3837,0.914468188906357,NA
"4616d63462549fce",3838,NA,"edu 缺值"
"461d2e297e1c76a5",3839,0.0863931964567863,NA
"4620a6942909bd81",3840,0.328602099431772,NA
"4621f4fc7183f9dd",3841,5.00009104606325,NA
"462214f33c497877",3842,0.147101185861357,NA
"462aed0af63f5aa1",3843,NA,"edu 缺值"
"462b6bfd29923d11",3844,0.0704952927516892,NA
"462f568998e641cf",3845,5.00009104606325,NA
"462fe68072862ae6",3846,NA,"party_tpp 缺值"
"4633333c867b4380",3847,0.137328507079303,NA
"46361032bf6cdb5d",3848,NA,"edu 缺值"
"46396228ab628d02",3849,0.228773021907763,NA
"463baa421066cf09",3850,0.617968352991575,NA
"463d0d3201b01e11",3851,0.557108388114855,NA
"463f8e3a10ae44b0",3852,NA,"party_kmt 缺值"
"464696503d115e55",3853,NA,"party_tpp 缺值"
"46484258564b2d08",3854,0.564495177014209,NA
"464dd4ec8d2ee8bf",3855,0.282723644450041,NA
"464fd0a0ed25dc0c",3856,NA,"edu 缺值"
"464fd0a0ed25dc0c-1",3857,NA,"edu 缺值"
"46509c20c02457da",3858,NA,"party_tpp 缺值"
"4655542178b11770",3859,NA,"edu 缺值"
"46596baded688bd6",3860,4.1194619912105,NA
"465a25ac582b18d1",3861,0.317223720565632,NA
"46645207af7cf73f",3862,NA,"edu 缺值"
"4665bac921174f5c",3863,1.69156528819456,NA
"466a51a95cf6d8f6",3864,NA,"sex 缺值"
"466cf00a5cbe360c",3865,NA,"edu 缺值"
"467318474c3163e0",3866,NA,"party_tpp 缺值"
"4675fa336a799e6a",3867,0.47112952975556,NA
"4678558561d644d2",3868,0.526992895800938,NA
"467af8bdc2f04689",3869,NA,"sex 缺值"
"467bd5df50b1f084",3870,NA,"edu 缺值"
"4681c5e0da69487e",3871,0.143405581745165,NA
"4681e17a29136012-1",3872,NA,"party_tpp 缺值"
"4681e17a29136012",3873,0.0863931964567863,NA
"46851a7768e87a33",3874,5.00009104606325,NA
"4687138625c78bcd",3875,0.317223720565632,NA
"468f34b8e29fb0f5",3876,0.228773021907763,NA
"46909591a9c86582",3877,5.00009104606325,NA
"4690aeac5863d51b",3878,NA,"edu 缺值"
"469371a8c22cf073",3879,5.00009104606325,NA
"46959e9c5c5bcce3",3880,0.106699590892319,NA
"469eb16480336e76-1",3881,NA,"party_kmt 缺值"
"469eb16480336e76",3882,0.158056991096045,NA
"469f5a02fb7f579f",3883,0.106699590892319,NA
"46a9111876d4883b",3884,NA,"edu 缺值"
"46abde1c43cd3567",3885,NA,"edu 缺值"
"46b3a907ae55fb90",3886,0.544360488546779,NA
"46bc3a4831cb758b",3887,NA,"sex 缺值"
"46c2bba47d450a15",3888,NA,"party_tpp 缺值"
"46c6cf065914220a",3889,0.0704952927516892,NA
"46e324a0bf763535",3890,0.0935534866653076,NA
"46f5f80f55c146bd",3891,0.647312234268205,NA
"46f79ea7505f3352",3892,NA,"party_dpp 缺值"
"47015341c8d48be7",3893,0.0704952927516892,NA
"470170257816a837",3894,0.161035702786106,NA
"4706633aa93ac50b",3895,NA,"edu 缺值"
"471f3f187a57ed5c",3896,5.00009104606325,NA
"471f3f187a57ed5c-1",3897,NA,"party_kmt 缺值"
"4725dd5c7633a920",3898,0.203892515951466,NA
"472b8e7b8162732f",3899,0.499754332850847,NA
"472c59031879a7e2",3900,0.114651410572369,NA
"4730c978c8364462",3901,NA,"sex 缺值"
"47361fc543cf2c05",3902,NA,"edu 缺值"
"473b9ba8f4a62b54",3903,0.73023217409767,NA
"473b9d91844a13bb",3904,NA,"edu 缺值"
"473e752a062232ec",3905,NA,"party_tpp 缺值"
"4743c7503d9403c6",3906,0.225397134049326,NA
"4745425e7a65a18e",3907,0.0704952927516892,NA
"4749bf4a6d758601",3908,NA,"edu 缺值"
"474b3f35d61054da",3909,0.0704952927516892,NA
"474b5eb22308b9a6",3910,0.0836856844568212,NA
"47522c63ba4909cd",3911,NA,"party_tpp 缺值"
"4766ddd828208f9f",3912,1.01278852899865,NA
"476c49187e1aaf68",3913,NA,"party_tpp 缺值"
"4773664f834bdcad-1",3914,NA,"party_kmt 缺值"
"4773664f834bdcad",3915,0.503102773762811,NA
"477f1222b5a947a2",3916,5.00009104606325,NA
"478303c451067067-1",3917,NA,"party_kmt 缺值"
"478303c451067067",3918,NA,"party_kmt 缺值"
"4787ab0d1a092aa5",3919,NA,"edu 缺值"
"4787d387c3f1d8d2",3920,0.143522056601192,NA
"478de14757cb1b45",3921,0.217230741594507,NA
"478de14757cb1b45-1",3922,NA,"party_kmt 缺值"
"47937c7cdc43fbe2",3923,0.109703744645957,NA
"4794ba3f5f575eca",3924,0.246748424732736,NA
"479606a8a8cc28fd",3925,0.0826649852446509,NA
"479c15a0978d20b3",3926,NA,"edu 缺值"
"47a06f7f546f2e67",3927,0.143522056601192,NA
"47a7b6fca4bccf81",3928,NA,"party_tpp 缺值"
"47ab5c7e5049e1a9",3929,NA,"edu 缺值"
"47ac1847720eebc7",3930,0.0704952927516892,NA
"47af7cd9f5953e91",3931,0.624795234497572,NA
"47b9620199253e82",3932,NA,"edu 缺值"
"47bb8c1c5a58f39a",3933,NA,"edu 缺值"
"47bc53d0cd283cea",3934,NA,"party_tpp 缺值"
"47bc878d64792831",3935,0.460683494922433,NA
"47be3c97ae044871",3936,0.575132709190708,NA
"47ccf7fd2d68197f",3937,NA,"party_tpp 缺值"
"47d4d58cfa82f860",3938,NA,"sex 缺值"
"47d55b0e5e1ce9f7",3939,NA,"edu 缺值"
"47d620e10dce9d3b",3940,0.345119283638798,NA
"47d8c2495a80fea6",3941,0.131103006091378,NA
"47d91ab0bde2a52d",3942,0.0999201607532301,NA
"47df36318779cd23",3943,NA,"party_tpp 缺值"
"47e24ee20327af3f",3944,NA,"party_tpp 缺值"
"47e718e538997b83",3945,5.00009104606325,NA
"47e9ee4cef4b92db-1",3946,NA,"party_kmt 缺值"
"47e9ee4cef4b92db",3947,0.106699590892319,NA
"47f2c487187b5e01",3948,0.4017712460214,NA
"47f4293e605cfe86",3949,5.00009104606325,NA
"47fc6bfa1e311d84",3950,NA,"party_tpp 缺值"
"47fe9cda4d508643",3951,0.797640866365096,NA
"4807484d604677bf",3952,NA,"edu 缺值"
"4808bcd6183a4c7c",3953,0.283456125310266,NA
"480ad53e99b61405",3954,5.00009104606325,NA
"4810411a12878ad4",3955,0.104426584634346,NA
"4810b437a5b68828",3956,5.00009104606325,NA
"4811eb6b6687672f",3957,NA,"edu 缺值"
"4813b4527e07a6d3",3958,0.125445388161949,NA
"4815d03b4335ed16",3959,0.109703744645957,NA
"4822ddf2867ed991",3960,0.0826649852446509,NA
"482d15240dad8dcd",3961,NA,"edu 缺值"
"482dba910c4d8e38",3962,NA,"party_tpp 缺值"
"483dd3b07ff8f4f6",3963,0.33153058856141,NA
"484c5a06fb9d7d70",3964,0.448247014664783,NA
"4852ed13d02b20f6",3965,5.00009104606325,NA
"48553ca11a0381be",3966,0.19160324382272,NA
"485770e15c349c89",3967,NA,"edu 缺值"
"485d6c46fdd48707",3968,0.130230439506235,NA
"485d6c46fdd48707-1",3969,NA,"party_kmt 缺值"
"4862b5458bf87ae8",3970,0.308605683994492,NA
"486e1abc3cd1669e",3971,1.29943794759021,NA
"487555c5eec412b0",3972,5.00009104606325,NA
"487c0f852032b63c",3973,5.00009104606325,NA
"4882949f055c48a0",3974,NA,"party_tpp 缺值"
"48839ab317c9567a",3975,NA,"edu 缺值"
"48867899b36ae606",3976,0.0826649852446509,NA
"488d7f72473dad2f",3977,5.00009104606325,NA
"488d7f72473dad2f-1",3978,NA,"party_dpp 缺值"
"488faaa19b4a01ef",3979,1.07233400120656,NA
"4891c9bfc10fdf31",3980,0.451164551441784,NA
"48a0d06b8a23b5e7",3981,0.141599791476844,NA
"48a30d0d5a41e440",3982,0.174625325219644,NA
"48a7fbef2130e230",3983,0.143849474355578,NA
"48a85469459b7fdc",3984,0.86636032179925,NA
"48a86fff32b4eaca",3985,0.0704952927516892,NA
"48b3fcc8e38c72c1",3986,0.106699590892319,NA
"48c31b8edb95b33f",3987,0.624795234497572,NA
"48c4c0270a500ea7",3988,NA,"party_tpp 缺值"
"48c4e0456c830d34",3989,NA,"edu 缺值"
"48c724b002e0441a",3990,NA,"party_tpp 缺值"
"48c80aa1d136d7a9",3991,0.106699590892319,NA
"48cc9298bebe8754",3992,NA,"sex 缺值"
"48d80ebbb871b43c",3993,0.387440928095397,NA
"48e41713e8633e3e",3994,0.153735485605362,NA
"48ea594a4d033421",3995,0.207856368152516,NA
"48eb7aabbeb3b014",3996,5.00009104606325,NA
"48eb7ab508ed5b7f",3997,0.17953404423645,NA
"48ed3e1a438d9904",3998,NA,"edu 缺值"
"48ed6477747f26e1",3999,5.00009104606325,NA
"48fbe5232ee33b76",4000,0.131103006091378,NA
"4903c1973bc0b8e1",4001,0.106699590892319,NA
"4904bcb48c70ad45",4002,NA,"party_tpp 缺值"
"490612300a8618e6",4003,NA,"edu 缺值"
"490df27eeaadcad4",4004,0.529049664623895,NA
"4911941572abbbd3",4005,NA,"sex 缺值"
"49164ea48cfaeb3b",4006,0.117169505819394,NA
"4917228861553d4b",4007,0.270680920414285,NA
"49196abd8d36352a",4008,0.114651410572369,NA
"491a8afd797f1a8d",4009,0.147101185861357,NA
"491a8afd797f1a8d-1",4010,NA,"party_tpp 缺值"
"491dde1bfa0e9920",4011,0.0704952927516892,NA
"49333f3bd99f710e",4012,5.00009104606325,NA
"4937205a66f009ab",4013,0.375199274569863,NA
"4938f7e7a61f76c9-1",4014,NA,"party_dpp 缺值"
"4938f7e7a61f76c9",4015,3.11373094717328,NA
"493925f3cfb6d367",4016,0.254274446084471,NA
"493971e92ee44711",4017,NA,"edu 缺值"
"494473e31f639720",4018,5.00009104606325,NA
"494a6fa31d59857d",4019,0.238300273409114,NA
"494e27e597afd27c",4020,2.69632239427121,NA
"4951bc9ffb5fb2c9",4021,NA,"edu 缺值"
"4951d461c7ece766",4022,0.217726311427333,NA
"4955a94990d34142-1",4023,NA,"party_kmt 缺值"
"4955a94990d34142",4024,0.111058302750587,NA
"49566c856cf9a275",4025,0.117169505819394,NA
"495b5370b25b0d22",4026,NA,"edu 缺值"
"495ceb13a585a536",4027,1.48886132237965,NA
"49610d1967157cc2",4028,0.761481483967541,NA
"496a4f991b63fd03",4029,NA,"party_tpp 缺值"
"4977c3d27394e600",4030,0.161403074529731,NA
"497a2c9ba1a04f7d",4031,NA,"edu 缺值"
"497eadea2567c8d9",4032,0.109703744645957,NA
"49801145bb3425a4",4033,1.07348613184449,NA
"498a447c7b333056",4034,NA,"edu 缺值"
"498f13c5b16f615d",4035,0.385311335884033,NA
"49913b723d1339e8",4036,NA,"edu 缺值"
"4993219b1cb96064",4037,0.117169505819394,NA
"49942394853ee38d",4038,0.914468188906357,NA
"499837d1e7120a78",4039,NA,"edu 缺值"
"499a1359db4c7f93",4040,0.147101185861357,NA
"499c17f1899f9219",4041,0.143405581745165,NA
"499df7b920cfe23a",4042,0.217230741594507,NA
"49a12f05be9bb954",4043,NA,"party_tpp 缺值"
"49ab71b4e02790c9",4044,0.0981324511294532,NA
"49b1c178751ee08a",4045,0.225763896503032,NA
"49b479b4e54e5aa0",4046,NA,"sex 缺值"
"49c60770ae7e2ec0",4047,0.469297935118666,NA
"49c737267ab2b8a5",4048,3.40369908340704,NA
"49c761108d4966d8",4049,0.617968352991575,NA
"49d058396a962e30",4050,0.282723644450041,NA
"49d0e4f662610c96",4051,0.161035702786106,NA
"49d1cecc4b5ab65a",4052,NA,"edu 缺值"
"49d2bc2c4578b3da",4053,2.92861967795179,NA
"49d5bb7e432efd67",4054,NA,"sex 缺值"
"49d62c772a327825",4055,0.0704952927516892,NA
"49d62c772a327825-1",4056,NA,"party_dpp 缺值"
"49dd79a6e6057841",4057,NA,"party_tpp 缺值"
"49e37e3dc532452a",4058,NA,"party_tpp 缺值"
"49e518bb1e1e9df3",4059,NA,"edu 缺值"
"49ef644c662fb56f",4060,0.270680920414285,NA
"49f13b25ef8a3eae",4061,0.328602099431772,NA
"49f1a1b6d26bc8a2",4062,0.104426584634346,NA
"49f2467b62f054f9",4063,0.15549429433347,NA
"49f28721ab85a8a2",4064,5.00009104606325,NA
"49f7a97144881d54",4065,NA,"sex 缺值"
"4a002148b2e8888a",4066,NA,"edu 缺值"
"4a04e40543d0adeb",4067,0.106699590892319,NA
"4a0a967354f6addc",4068,0.652973653590601,NA
"4a162f5f77bb8977",4069,0.469297935118666,NA
"4a1cc0acf4fb6287",4070,NA,"party_tpp 缺值"
"4a1d8a4bd0dfc541",4071,0.247514264945212,NA
"4a2bcb126fe3950d",4072,0.137641795450903,NA
"4a2c5d5f45e2023d",4073,NA,"edu 缺值"
"4a312f768168d2c0",4074,NA,"party_tpp 缺值"
"4a35e318d65886ee",4075,NA,"sex 缺值"
"4a36361e8b05c9cf",4076,0.4017712460214,NA
"4a37d4671b666580",4077,NA,"edu 缺值"
"4a40dd88642ef5dc",4078,5.00009104606325,NA
"4a50a5ba30d3f48c",4079,NA,"party_tpp 缺值"
"4a57a08cd0ed4ea6",4080,1.78143172759595,NA
"4a59324a7bbdd048",4081,0.481391881251299,NA
"4a5d4a34d62088cc",4082,0.0736746478324626,NA
"4a5edc241781dbad",4083,0.407098394999057,NA
"4a61130689a88a9b",4084,NA,"party_tpp 缺值"
"4a6287935b9eadf5",4085,0.529049664623895,NA
"4a652a5af566b98c",4086,5.00009104606325,NA
"4a72a766a92323c3",4087,0.47112952975556,NA
"4a82ba83780d705a",4088,1.83683902579785,NA
"4a8417eed4bbce80",4089,0.231070635404622,NA
"4a86bcd9a01530d0",4090,5.00009104606325,NA
"4a883e323d7fb249",4091,0.182662832831437,NA
"4a929049d93ad23d",4092,0.161403074529731,NA
"4aa28a207d00dfbb",4093,NA,"party_tpp 缺值"
"4aa544e560a91c47",4094,0.529049664623895,NA
"4aa87150a648f3c6",4095,3.12083432081933,NA
"4aab8da293463897",4096,0.173339519005292,NA
"4ab89837d7f5c76b",4097,0.770642836222907,NA
"4abb472551b0562b",4098,0.114651410572369,NA
"4abd2d9684194d96",4099,NA,"edu 缺值"
"4abe79b3d61fad3d-1",4100,NA,"party_tpp 缺值"
"4abe79b3d61fad3d",4101,0.0977727719756202,NA
"4abf157bfcb0dda8",4102,NA,"edu 缺值"
"4abff869db0b1845",4103,0.761481483967541,NA
"4ac300b1738f4c2e",4104,1.3841120141743,NA
"4ac41f4b5dfb7b0e",4105,0.328602099431772,NA
"4ac6999e0c61550d",4106,NA,"party_dpp 缺值"
"4ac9c7bbc9e7cb7e",4107,1.28668792573382,NA
"4acdd13886ae9430",4108,NA,"party_tpp 缺值"
"4acf934aeb4abb40",4109,NA,"party_tpp 缺值"
"4ad14436c291060e",4110,NA,"edu 缺值"
"4ae84f9d7504a403",4111,0.747396794063489,NA
"4aeeb46a21092d1b",4112,NA,"party_tpp 缺值"
"4af485c950dfa390-1",4113,NA,"party_kmt 缺值"
"4af485c950dfa390",4114,0.182662832831437,NA
"4af9770a2ad71623",4115,NA,"edu 缺值"
"4b0197d136d4fda1",4116,0.914468188906357,NA
"4b06582d91387a38",4117,NA,"party_tpp 缺值"
"4b09831767688c8f",4118,0.122293839857739,NA
"4b1439d04b033d9a",4119,NA,"edu 缺值"
"4b170cbb3caf5fb5",4120,NA,"sex 缺值"
"4b18f95f5a304a36",4121,NA,"sex 缺值"
"4b2ccd2d6eb19093",4122,NA,"edu 缺值"
"4b3ddcb2d89d3e7d",4123,0.198433633916187,NA
"4b3de931f5846bd8",4124,NA,"sex 缺值"
"4b42fdadb03998d8",4125,0.564495177014209,NA
"4b460217ab86d9d9",4126,NA,"edu 缺值"
"4b461fbc0249d02e",4127,0.763165825157738,NA
"4b477562b9d6f439",4128,0.238300273409114,NA
"4b49b2f0010af37a",4129,NA,"sex 缺值"
"4b4f2dc02643a59c-1",4130,NA,"party_kmt 缺值"
"4b4f2dc02643a59c",4131,0.254274446084471,NA
"4b4f72a0095843e7",4132,0.0826649852446509,NA
"4b5eb169c2449fe0",4133,0.0826649852446509,NA
"4b5f6363011723f1",4134,0.350539549928668,NA
"4b6821bb36c817ee",4135,0.0736746478324626,NA
"4b6b72189d1412c7",4136,1.47861752087056,NA
"4b75e7562628d5f7",4137,0.122453879415099,NA
"4b7c0c50e972befa",4138,0.0863931964567863,NA
"4b7c0c50e972befa-1",4139,NA,"party_kmt 缺值"
"4b7d76e0759af34b",4140,NA,"party_tpp 缺值"
"4b833371a2beffa4",4141,0.647312234268205,NA
"4b8591b429a5da3c",4142,0.544360488546779,NA
"4b85cb52bc3da605",4143,0.0863931964567863,NA
"4b9c4db2f5fe2b39",4144,0.109703744645957,NA
"4b9ccc91a51581b8",4145,1.54034862016174,NA
"4b9dc97012e431c0",4146,NA,"party_tpp 缺值"
"4ba58895f80a4be2",4147,0.427922149421554,NA
"4ba93193cda53098",4148,NA,"party_tpp 缺值"
"4ba9e03fa78ffd17",4149,5.00009104606325,NA
"4baa83831a0386ce",4150,0.174625325219644,NA
"4bb1e109fd331693",4151,0.27157879875813,NA
"4bb374ca84318185-1",4152,NA,"sex 缺值"
"4bb374ca84318185",4153,NA,"sex 缺值"
"4bb5dbd8570e6fa4",4154,0.117169505819394,NA
"4bba2ddb641cedca",4155,NA,"edu 缺值"
"4bc0fd8b4214ae5b",4156,0.0826649852446509,NA
"4bc226cb5b2a785c",4157,0.109703744645957,NA
"4bc470bb74fc823e",4158,NA,"party_tpp 缺值"
"4bc94109f769049a",4159,NA,"party_tpp 缺值"
"4bcd8b99dac49a46",4160,0.653282721236478,NA
"4bd3cc52c26707c4",4161,0.2794383541969,NA
"4bd796ad3495dfdf",4162,NA,"party_tpp 缺值"
"4bd92b4f3e87e96c",4163,0.177806529508921,NA
"4be24949ea7289d9",4164,NA,"party_tpp 缺值"
"4becfdbfc0fcd96a",4165,NA,"party_dpp 缺值"
"4beda4fd3e477378",4166,0.27157879875813,NA
"4bf1b93d137065ea",4167,1.42308203522184,NA
"4bf79134b364f9ea",4168,0.0999201607532301,NA
"4bf7f81e34a7864f",4169,NA,"edu 缺值"
"4c00a88535fa093b",4170,NA,"party_tpp 缺值"
"4c06edec4dfb9156",4171,NA,"party_tpp 缺值"
"4c128e918cf4ec11-1",4172,NA,"party_kmt 缺值"
"4c128e918cf4ec11",4173,0.208330552169296,NA
"4c15dbcc8b6e8df8",4174,0.949047787273069,NA
"4c1eabcd65979c9a",4175,0.143522056601192,NA
"4c303d367c48de70",4176,5.00009104606325,NA
"4c391d67b6a2ca21",4177,NA,"party_tpp 缺值"
"4c3a9ce5c02d0e93",4178,0.225763896503032,NA
"4c3d4c5addb12ca5",4179,0.729045882807985,NA
"4c3d4c5addb12ca5-1",4180,NA,"party_kmt 缺值"
"4c3d7e9b465ae840",4181,2.18287322370522,NA
"4c3e9fc9a28f666e",4182,0.316245533290368,NA
"4c4a9104a3cc43a3",4183,5.00009104606325,NA
"4c4c500a5b3b0fa2",4184,NA,"edu 缺值"
"4c4d512674aaeeb3",4185,NA,"party_tpp 缺值"
"4c57066db62a33f2",4186,1.5983817150522,NA
"4c5ac13d83644e3a",4187,NA,"edu 缺值"
"4c641c42b5fe50a1",4188,NA,"party_tpp 缺值"
"4c6e645872b39876",4189,5.00009104606325,NA
"4c706aafe5610c2a",4190,NA,"sex 缺值"
"4c775242b154daed",4191,0.16829845267839,NA
"4c7a09c7a6862019",4192,0.401743698398901,NA
"4c86d08982eeaa75",4193,NA,"edu 缺值"
"4c88b07386895365",4194,NA,"edu 缺值"
"4c94d77c610f57c8",4195,0.104426584634346,NA
"4c95eca4f5c4ed66",4196,NA,"sex 缺值"
"4c98ef35725b2fd1",4197,0.246748424732736,NA
"4c9e4b4e2f10fac5",4198,NA,"party_tpp 缺值"
"4ca195e773b47217",4199,1.26099799399855,NA
"4ca291e4f02bc1bf",4200,5.00009104606325,NA
"4cad6e3a8558de63",4201,NA,"edu 缺值"
"4caf28e1d74d178e",4202,0.189870430687549,NA
"4cb247b241464ddb",4203,NA,"sex 缺值"
"4cb53a838f2ad7ad",4204,0.19464968464914,NA
"4cb7f6dac397c93f",4205,5.00009104606325,NA
"4cbcadc3db8ea1d0",4206,5.00009104606325,NA
"4cc45bf5212a2199",4207,NA,"party_tpp 缺值"
"4cc8479a9793b77b",4208,NA,"edu 缺值"
"4ccf465e17572dbd",4209,0.0826649852446509,NA
"4ccf465e17572dbd-1",4210,NA,"party_kmt 缺值"
"4cd5cb8984ede9a0",4211,0.106699590892319,NA
"4cd762cba2c78cbd",4212,0.0826649852446509,NA
"4cdab62f4bf88f72",4213,NA,"party_tpp 缺值"
"4cdd627dfeaa5b74",4214,NA,"party_tpp 缺值"
"4ce3bba0c51ca689",4215,NA,"edu 缺值"
"4ce41ae4f372f257",4216,1.07233400120656,NA
"4ce68cb6334e7ca1",4217,0.211075953330083,NA
"4ce8fa9fa95603a7",4218,NA,"edu 缺值"
"4cedd5a473364344",4219,1.42308203522184,NA
"4cf1d56067c5c560",4220,NA,"party_tpp 缺值"
"4d0101cddc92a056-1",4221,NA,"party_kmt 缺值"
"4d0101cddc92a056",4222,0.564495177014209,NA
"4d114ff0d1bc1f3a",4223,NA,"edu 缺值"
"4d14cd20f7fc415d",4224,NA,"sex 缺值"
"4d18fbf62e487364",4225,0.109703744645957,NA
"4d248f77d0670dd3",4226,NA,"edu 缺值"
"4d288766eb7355c0",4227,NA,"edu 缺值"
"4d2b5f3bc52dcc47",4228,0.798106523845106,NA
"4d2cd072343167cc",4229,0.359007928496261,NA
"4d2ffcfa49891e6f",4230,NA,"edu 缺值"
"4d307c32c5ce1fa7",4231,NA,"sex 缺值"
"4d3159ba69bc9f9f",4232,NA,"party_tpp 缺值"
"4d38fad90bd3b00a",4233,1.68771509332565,NA
"4d403445e59a77e4",4234,0.0935534866653076,NA
"4d40ff062623797d",4235,NA,"edu 缺值"
"4d431a7086b7f0c4",4236,NA,"party_tpp 缺值"
"4d4411ab105845f7",4237,5.00009104606325,NA
"4d487c7e067f85d8",4238,NA,"party_tpp 缺值"
"4d4dc8bb261dd8fa",4239,NA,"party_tpp 缺值"
"4d4f250e1d049701",4240,NA,"sex 缺值"
"4d52f0aad06243e3",4241,3.75219690025812,NA
"4d5586a8876ab4a4",4242,NA,"edu 缺值"
"4d5bda744878a110",4243,NA,"party_tpp 缺值"
"4d67278c5072cfb2",4244,0.914468188906357,NA
"4d68527fd35bdfe3",4245,0.6458388780458,NA
"4d68527fd35bdfe3-1",4246,NA,"party_dpp 缺值"
"4d70057412204cd4",4247,NA,"sex 缺值"
"4d73748568f64ba4",4248,0.137328507079303,NA
"4d73dc459e048be6",4249,NA,"party_tpp 缺值"
"4d7b5264ed620eba",4250,0.143405581745165,NA
"4d7d33174eba7f13",4251,2.11702798308037,NA
"4d7d8829462b861e",4252,NA,"edu 缺值"
"4d82c2ee7eaa242e",4253,NA,"edu 缺值"
"4d8aec7549903dce-1",4254,NA,"party_dpp 缺值"
"4d8aec7549903dce",4255,0.168682392978214,NA
"4d8e019bdbe6509b",4256,NA,"edu 缺值"
"4d8f97381199b7fb",4257,NA,"party_tpp 缺值"
"4d92bcb698415957",4258,0.444188357143988,NA
"4d92eb27d1bc5876",4259,1.01278852899865,NA
"4d9aadbf08ee4514",4260,0.321140614770656,NA
"4d9d1af3e96af638",4261,0.137328507079303,NA
"4da4637360dc0639",4262,0.383663646534465,NA
"4da4637360dc0639-1",4263,NA,"party_kmt 缺值"
"4da67465c9ed6d91",4264,0.16829845267839,NA
"4daddbf2e2c4a73e",4265,0.678453428825423,NA
"4daddbf2e2c4a73e-1",4266,NA,"party_kmt 缺值"
"4db3c41cd6efcaa1",4267,1.78334572274152,NA
"4db4d4a8e31aa9a4",4268,NA,"sex 缺值"
"4db59ed133015b33",4269,0.143405581745165,NA
"4db88e29d38dc8e5",4270,NA,"edu 缺值"
"4db9ff4fa48dba41",4271,0.161035702786106,NA
"4dbc4435203283bb",4272,NA,"edu 缺值"
"4dbe36254dc96f7a",4273,2.26768158655482,NA
"4dbe36254dc96f7a-1",4274,NA,"party_tpp 缺值"
"4dc2c03de3674fdc",4275,5.00009104606325,NA
"4dc9eff5b8631fa4",4276,0.308605683994492,NA
"4dd3e990d9369297",4277,1.3841120141743,NA
"4ddc8081bba333e0",4278,0.0863931964567863,NA
"4de8232e96d69985",4279,3.21158088770524,NA
"4deca07814628005",4280,0.117169505819394,NA
"4df3f1187486d0b1",4281,NA,"party_tpp 缺值"
"4df8ba3653ae62f2",4282,0.225763896503032,NA
"4df97e73d1dd07f1",4283,0.207856368152516,NA
"4dfac88301eb65eb",4284,0.316245533290368,NA
"4e0138ba19af6409",4285,NA,"party_kmt 缺值"
"4e015a10e6f151a4",4286,NA,"party_tpp 缺值"
"4e059e090c196e0b",4287,0.111511768743893,NA
"4e0b64e1b575a1b6",4288,0.190900971620032,NA
"4e13b9751618bf0e",4289,NA,"edu 缺值"
"4e1c6ae0c476d20b",4290,1.12190062101387,NA
"4e1c6eada024e63d",4291,NA,"edu 缺值"
"4e1f4d0fbd2723cb",4292,5.00009104606325,NA
"4e271c1550c49188",4293,NA,"party_tpp 缺值"
"4e2798257dd2465e",4294,5.00009104606325,NA
"4e2df5e48c7db7ec",4295,NA,"edu 缺值"
"4e3173ea031c6b6f",4296,0.139093121103869,NA
"4e34487596e76958",4297,2.93176622786441,NA
"4e4147aed62a54d0",4298,0.0826649852446509,NA
"4e4354c40eb6bbe5",4299,NA,"sex 缺值"
"4e465928a8e150d9",4300,0.585951957346482,NA
"4e46ccfccbbc900f",4301,NA,"edu 缺值"
"4e4832d8a4e612bb",4302,0.702631727979924,NA
"4e4c62a15be14606",4303,0.0863931964567863,NA
"4e4c742b68f49c1f",4304,NA,"edu 缺值"
"4e5a795fa27dd75a",4305,NA,"edu 缺值"
"4e5d971cf629668a",4306,0.106699590892319,NA
"4e5f924411615f0c",4307,1.61645284584953,NA
"4e6057becc834509",4308,0.157414247542842,NA
"4e64a3e4c6c80a90",4309,NA,"edu 缺值"
"4e65ccffd0c0ead1",4310,0.122293839857739,NA
"4e668064eeaf7a27",4311,0.784403068634476,NA
"4e6af046514c17c7",4312,0.132602888246019,NA
"4e74f0469e832fd2",4313,2.21686023074291,NA
"4e79f0afef796811",4314,1.44487189316763,NA
"4e7be6390818d6d2",4315,0.125445388161949,NA
"4e82d8028da6df31",4316,0.833614666063227,NA
"4e866105675ff60c",4317,0.0935534866653076,NA
"4e86bb64a6c10fb3",4318,0.130230439506235,NA
"4e89d926effa8caa",4319,0.106699590892319,NA
"4e89d926effa8caa-1",4320,NA,"party_dpp 缺值"
"4e913053ead65295",4321,0.62559866719508,NA
"4e94f564a785ff39",4322,NA,"edu 缺值"
"4e9ae178b6f6e938",4323,0.982306284207653,NA
"4e9ed79bb1dea238",4324,0.914468188906357,NA
"4ea0119878febaca",4325,5.00009104606325,NA
"4eac7e312da7ec37",4326,5.00009104606325,NA
"4eaf90491f36e6e9",4327,0.270522990875408,NA
"4eb8d66413a18deb",4328,NA,"party_tpp 缺值"
"4eb960b3a67b4085",4329,1.93384026911372,NA
"4ebb1ab2777926d7",4330,0.409547029531626,NA
"4ebef907a6a33f8b",4331,5.00009104606325,NA
"4ec6130283705d48",4332,NA,"edu 缺值"
"4ed086057f51669b",4333,NA,"sex 缺值"
"4ed38988f25cc656-1",4334,NA,"party_kmt 缺值"
"4ed38988f25cc656",4335,0.19464968464914,NA
"4ed59e91ddd734c7",4336,0.360684248405661,NA
"4edbc795d60c622e",4337,NA,"party_tpp 缺值"
"4ee214b04a12234e",4338,0.106699590892319,NA
"4ee3923848f8a77e",4339,NA,"edu 缺值"
"4ee76ea2467efee0",4340,0.161035702786106,NA
"4ee76ea2467efee0-1",4341,NA,"party_dpp 缺值"
"4ee9344af4b4bbd3-1",4342,NA,"party_kmt 缺值"
"4ee9344af4b4bbd3",4343,0.270680920414285,NA
"4ef4ab121bf2be92",4344,NA,"edu 缺值"
"4ef6b68f3b083734",4345,0.109703744645957,NA
"4ef8b13a87b731ee",4346,NA,"edu 缺值"
"4efcbd0bcb834c87",4347,0.319478322430065,NA
"4efda7da22780dbf",4348,NA,"edu 缺值"
"4f04d6a7c27e3f64",4349,NA,"edu 缺值"
"4f1626084072a3f5",4350,0.497339493660158,NA
"4f1b65cdfc2d8180",4351,0.147101185861357,NA
"4f1d0d1a363db75d",4352,0.0826649852446509,NA
"4f22b99c8eb434af",4353,0.109703744645957,NA
"4f26f29a4066d3e5",4354,0.469297935118666,NA
"4f2ff04b8c7584c2-1",4355,NA,"party_kmt 缺值"
"4f2ff04b8c7584c2",4356,0.0981324511294532,NA
"4f308a7bc746648c",4357,0.939915847775935,NA
"4f30ba250cd6b3c3",4358,NA,"party_tpp 缺值"
"4f351bed9420bce3",4359,NA,"party_tpp 缺值"
"4f39fa7903eb0aaf",4360,0.317223720565632,NA
"4f44f1bc1889f40e",4361,NA,"edu 缺值"
"4f4906e77e84772a",4362,NA,"sex 缺值"
"4f4a2d16d7a6166d",4363,NA,"edu 缺值"
"4f4ae81d2ba39f82",4364,0.401743698398901,NA
"4f4b3b8ae53999f1",4365,NA,"edu 缺值"
"4f4beff46f75aeb2",4366,0.360684248405661,NA
"4f557440388bae16",4367,NA,"edu 缺值"
"4f5ce0ef1584d64a",4368,NA,"party_tpp 缺值"
"4f659ea6c5938f8a",4369,2.96102064990023,NA
"4f6e53be11c68696",4370,NA,"sex 缺值"
"4f6e53be11c68696-1",4371,NA,"sex 缺值"
"4f782105d97f58be",4372,0.328602099431772,NA
"4f7b82965af6f25c",4373,0.141599791476844,NA
"4f7f4ef26a2e7403",4374,NA,"sex 缺值"
"4f7f6407307098a2",4375,5.00009104606325,NA
"4f82108293d8eefa",4376,1.5983817150522,NA
"4f8f40fc846e8d85",4377,0.118616246805632,NA
"4f90926c6bf5653a",4378,0.143849474355578,NA
"4f92c012d9487d8e",4379,0.4847641311121,NA
"4f94df4fa112de46",4380,NA,"party_tpp 缺值"
"4f9af0a25361285d",4381,0.267379474007893,NA
"4fa550d7ae27c2fb",4382,0.73023217409767,NA
"4fb164f17d2f4776",4383,0.130230439506235,NA
"4fb7c1c066dde205-1",4384,NA,"party_dpp 缺值"
"4fb7c1c066dde205",4385,0.125445388161949,NA
"4fbb14dd08c429d5",4386,0.270522990875408,NA
"4fbdb69ba4ae2491",4387,NA,"sex 缺值"
"4fc58b41382b90a5",4388,NA,"edu 缺值"
"4fd56f0ce7d97058",4389,0.317223720565632,NA
"4fd6b448ec966bc6",4390,NA,"edu 缺值"
"4fd6f822099dde07",4391,0.174625325219644,NA
"4fdc47fa339656c5",4392,0.185100340350864,NA
"4fdc47fa339656c5-1",4393,0.608109079478263,NA
"4fdc589c7c722896",4394,5.00009104606325,NA
"4fdd82dcd32f6912",4395,NA,"edu 缺值"
"4fe22374f8c62c6b",4396,0.401743698398901,NA
"4fe35fb57c138772",4397,0.375199274569863,NA
"4fe83bcb770e29a1",4398,NA,"party_dpp 缺值"
"4fe8e8db7b2b37c6",4399,0.149873208832532,NA
"4fe9efd7acd10a13",4400,NA,"party_tpp 缺值"
"4ff2e4a238cf2841",4401,1.78143172759595,NA
"4ff483458c8256dd",4402,0.0863931964567863,NA
"4ffbf68f8c3a5c7b",4403,0.223856450355422,NA
"4ffe1bbc99891b29",4404,NA,"party_tpp 缺值"
"500746e8242a13a8",4405,0.269122706155871,NA
"500a65ad2e3adf2b",4406,0.0704952927516892,NA
"500a65ad2e3adf2b-1",4407,NA,"party_tpp 缺值"
"500e224af9597e93",4408,5.00009104606325,NA
"501a5c28e1811202",4409,NA,"edu 缺值"
"501bab22c5c37ae8",4410,5.00009104606325,NA
"501d598e09aea568",4411,0.109703744645957,NA
"5026bb955be8b294",4412,0.337767256467019,NA
"50279163d8addda6",4413,NA,"sex 缺值"
"502df448f672d981",4414,0.139093121103869,NA
"502f3c7f91ed5eca",4415,NA,"sex 缺值"
"503258564848c69a",4416,NA,"party_tpp 缺值"
"50342737842b315a",4417,0.652973653590601,NA
"5043e1d1eaea7fa8",4418,0.682869326233153,NA
"50468171e6a1a28d",4419,0.317223720565632,NA
"50468171e6a1a28d-1",4420,NA,"party_dpp 缺值"
"5049c9ca0a0856d6",4421,0.419862438229833,NA
"504a8ba15d27ab94",4422,0.125445388161949,NA
"50508ad7d1f8e9ee",4423,5.00009104606325,NA
"5051b3486efd97f2",4424,0.405838781451556,NA
"5052260da24dc267",4425,0.125445388161949,NA
"505d31ffd1a1d37a",4426,0.550313437502534,NA
"505f1dc9c962efce",4427,NA,"party_tpp 缺值"
"5069f38c90a29699",4428,0.0704952927516892,NA
"5077591a140cbbea",4429,0.157414247542842,NA
"50869099098c1a0e",4430,0.137641795450903,NA
"508a861f5e3bd186",4431,2.51809097447879,NA
"509d9deed443a9e5",4432,1.44487189316763,NA
"509dd932900a7d4c",4433,NA,"party_tpp 缺值"
"50a5005aef3a054f",4434,NA,"party_tpp 缺值"
"50a824682c99df31",4435,0.19464968464914,NA
"50b1475cb2860e6e",4436,NA,"edu 缺值"
"50bca7ca7c3bee78",4437,0.0999201607532301,NA
"50c02ff1a15fceb8",4438,0.223856450355422,NA
"50c7c0888dae466a",4439,0.0704952927516892,NA
"50cf28411ec39d7f",4440,0.797640866365096,NA
"50d10bbc3e67f4ea",4441,NA,"edu 缺值"
"50d77e220c6eb9e0",4442,NA,"sex 缺值"
"50d77e220c6eb9e0-1",4443,NA,"sex 缺值"
"50d95b93a5fa0ec0",4444,5.00009104606325,NA
"50dc65fa3d58d3cb",4445,0.282723644450041,NA
"50dd2c505c0aa973",4446,NA,"edu 缺值"
"50e314ea403ece6b",4447,0.481391881251299,NA
"50e6718374b3b8e4",4448,5.00009104606325,NA
"50e954833d56e0a1",4449,NA,"sex 缺值"
"50f8f40e163ee8cf",4450,NA,"sex 缺值"
"5109bc94d2597cc9",4451,0.207856368152516,NA
"510a3f3e07374ec5",4452,0.111511768743893,NA
"5111409f0680f0f8",4453,1.50294475443083,NA
"511893b255f70fc5",4454,0.0704952927516892,NA
"511a94d5bfa2c7e3",4455,0.0826649852446509,NA
"511deec2b44c0de0",4456,NA,"party_tpp 缺值"
"511f7603e8b4bebc",4457,1.12190062101387,NA
"51200317e2f923dc",4458,NA,"party_tpp 缺值"
"5122067b482a974d",4459,5.00009104606325,NA
"51224fb51f4cead3",4460,0.225397134049326,NA
"512d859758c43345",4461,NA,"party_tpp 缺值"
"512f882d040985e3",4462,0.617968352991575,NA
"512fdaa69e8848a1",4463,NA,"sex 缺值"
"5136eb6aaec2f8f4",4464,NA,"edu 缺值"
"5139987ca8f1ac92",4465,0.109703744645957,NA
"513f333e75d797f2",4466,0.106699590892319,NA
"514c9699029f7ac6",4467,0.499754332850847,NA
"5150d9fe7676d2c6",4468,0.497339493660158,NA
"515550002a79b21c",4469,0.161035702786106,NA
"515fe4b4a85c618a",4470,0.141599791476844,NA
"51661133b67ddd81-1",4471,NA,"party_kmt 缺值"
"51661133b67ddd81",4472,0.182662832831437,NA
"5167f24c20abd72f",4473,5.00009104606325,NA
"516c3cdad97e1b68",4474,0.469297935118666,NA
"516f727285053d50",4475,NA,"edu 缺值"
"5175048c941bc468",4476,1.21358014382667,NA
"5178eafdd9c86900",4477,0.90777918410962,NA
"5179912427be20e3",4478,0.0863931964567863,NA
"518aca3643f69e81",4479,NA,"edu 缺值"
"5190cc76486d5037",4480,NA,"edu 缺值"
"519176402a310bc7",4481,0.0935534866653076,NA
"5193744cc2b34071-1",4482,NA,"party_kmt 缺值"
"5193744cc2b34071",4483,0.420983926067105,NA
"5197418b3db109c4",4484,0.26236157112622,NA
"5199181c7874a79a",4485,NA,"party_kmt 缺值"
"519c45d77b18e1b7",4486,0.225763896503032,NA
"519d5d927d362718",4487,NA,"party_tpp 缺值"
"51a3d3ae03b5d77a",4488,0.168682392978214,NA
"51a7a02aab0a0f3d",4489,0.185100340350864,NA
"51ace4bff8a7d761",4490,NA,"edu 缺值"
"51af818a895e99b5",4491,NA,"edu 缺值"
"51b1f849bdeb9ecf",4492,0.0704952927516892,NA
"51b4e8cb0530edd5",4493,NA,"edu 缺值"
"51be82ea467feb67",4494,5.00009104606325,NA
"51cc0d4538bd2d86",4495,NA,"edu 缺值"
"51cc1f33674f6b86",4496,4.15549097456702,NA
"51d4289bbd23c2d4",4497,NA,"edu 缺值"
"51d5b0f6f9830734",4498,0.208501497965697,NA
"51dd1a1f3e21f81a",4499,1.79964058822679,NA
"51df5922ba3d34c7",4500,0.833614666063227,NA
"51e450f3ddf77249",4501,0.319998172222897,NA
"51f30f6b78f37738",4502,NA,"edu 缺值"
"51f3166a8272d706",4503,NA,"party_tpp 缺值"
"51f425b9c2d3290f",4504,NA,"party_tpp 缺值"
"51fb00768c3341f2",4505,0.0981324511294532,NA
"520110308bbc4a3a",4506,NA,"edu 缺值"
"5201fc3a6456d394",4507,0.529049664623895,NA
"52072a1f8876aaf1",4508,1.07233400120656,NA
"520970c778a52875",4509,3.63901382343703,NA
"520a6bfb44e68863",4510,0.170238235700995,NA
"520c727616932224-1",4511,NA,"edu 缺值"
"520c727616932224",4512,NA,"edu 缺值"
"520edc3a18b8a220",4513,5.00009104606325,NA
"5217519d08870871",4514,5.00009104606325,NA
"52274378e178723f",4515,0.360409078911018,NA
"522902bc16fe5053",4516,0.190900971620032,NA
"52344b6eef4cfcbb",4517,0.147101185861357,NA
"523e7d7a654ffd4c",4518,0.153735485605362,NA
"5242a6d6b3be0263",4519,0.190900971620032,NA
"5243e5a9a4787c97",4520,NA,"edu 缺值"
"5243f4756f05ce6b",4521,1.83683902579785,NA
"52440dbfebd20405",4522,NA,"edu 缺值"
"52458ae079e3ba8c",4523,NA,"party_tpp 缺值"
"52573240845287ce",4524,0.193448411329452,NA
"525da4c660e6a60c",4525,0.147101185861357,NA
"5269066bdedd3136",4526,NA,"party_kmt 缺值"
"5269066bdedd3136-1",4527,NA,"party_kmt 缺值"
"52721d98eddebc94",4528,0.0826649852446509,NA
"5279b520f961230d",4529,0.409547029531626,NA
"527e557986a4d54d",4530,0.161035702786106,NA
"527ef82a91998ea9",4531,0.544360488546779,NA
"528441aff755dd78",4532,NA,"edu 缺值"
"528a5f3c5992a569",4533,0.564495177014209,NA
"528ca31ed697896e",4534,NA,"edu 缺值"
"529294277af1d9c9-1",4535,NA,"party_kmt 缺值"
"529294277af1d9c9",4536,0.147101185861357,NA
"5296be49cf58cc0c",4537,0.15549429433347,NA
"529ed818fe00beca",4538,NA,"edu 缺值"
"529f15ba18a4bea5",4539,NA,"edu 缺值"
"52a0046d1063da50",4540,NA,"sex 缺值"
"52bcf6484c572903",4541,0.747396794063489,NA
"52c1c733efb0320b",4542,NA,"edu 缺值"
"52c44340f85bc8ca",4543,0.385311335884033,NA
"52c8913aa38609da",4544,0.125445388161949,NA
"52cf869ac884d2cd",4545,NA,"sex 缺值"
"52d1ec07a504f996",4546,NA,"edu 缺值"
"52d5db31fdfe469a",4547,2.84429792187621,NA
"52d69ad4adc4a3d0",4548,NA,"edu 缺值"
"52eaeff1ba10e43c",4549,NA,"edu 缺值"
"52ed2d53b592bd7b",4550,0.161035702786106,NA
"52ef39bd4d47d581",4551,0.143405581745165,NA
"52f028ecd2e145f1",4552,0.0826649852446509,NA
"52f8969c05af5d13",4553,0.189870430687549,NA
"53086eb7a7706b0e",4554,NA,"party_tpp 缺值"
"530cddda72073d58",4555,NA,"edu 缺值"
"530dd17cd5a3e300",4556,NA,"edu 缺值"
"531192acde820570",4557,NA,"edu 缺值"
"5313f1784934507a",4558,0.149873208832532,NA
"5314dd36e5550b5d-1",4559,NA,"party_kmt 缺值"
"5314dd36e5550b5d",4560,0.147101185861357,NA
"5317aa7593864fc3",4561,NA,"party_tpp 缺值"
"531b2dcc7f436cda",4562,NA,"edu 缺值"
"531b6a7f4e862b6f",4563,NA,"edu 缺值"
"531c61e7d5ef022c",4564,NA,"party_tpp 缺值"
"5321dda2c194edd2",4565,NA,"edu 缺值"
"53254a67babd8d9f",4566,0.153735485605362,NA
"532789aa7aa6648a",4567,NA,"party_tpp 缺值"
"5328f0a9b455f2d2",4568,0.143522056601192,NA
"532a17cff0b0a708",4569,NA,"edu 缺值"
"532e9875540c5622",4570,NA,"edu 缺值"
"532eefa89a0476db",4571,0.161403074529731,NA
"532faf186e98c6f8",4572,NA,"party_tpp 缺值"
"5337b41fb1be7953",4573,3.47218542939158,NA
"533824866f1ba58a",4574,NA,"edu 缺值"
"533995833949496c",4575,NA,"party_dpp 缺值"
"533ce62538e7daeb",4576,0.0863931964567863,NA
"53553d6bfe9f5123",4577,NA,"edu 缺值"
"535da74bdd05bf1b",4578,NA,"edu 缺值"
"536244c3144e83f0",4579,1.70455583906694,NA
"5371cea04c59c2cb",4580,0.147985976977968,NA
"537451acafef704e",4581,NA,"edu 缺值"
"5374852cfe0b3a48",4582,2.80223805107354,NA
"538020f7a373eb58",4583,5.00009104606325,NA
"53827c0a98950ba3",4584,2.37205652753278,NA
"5382dfaa0676a102-1",4585,NA,"party_kmt 缺值"
"5382dfaa0676a102",4586,NA,"party_tpp 缺值"
"538e4c0e904230c6",4587,5.00009104606325,NA
"539929571735f120",4588,1.42253036161345,NA
"539929571735f120-1",4589,NA,"party_kmt 缺值"
"53ac00ac47aad03c",4590,0.0704952927516892,NA
"53ad63baa495ce5b",4591,NA,"party_tpp 缺值"
"53beee84e85bef81",4592,1.28668792573382,NA
"53c58f377994bced",4593,0.177806529508921,NA
"53c6441558117fd1",4594,0.109703744645957,NA
"53c69d8f869a2b1d-1",4595,NA,"party_dpp 缺值"
"53c69d8f869a2b1d",4596,0.0863931964567863,NA
"53caa9e77291bcdf",4597,0.317294554459812,NA
"53cda7838f0d243f",4598,NA,"party_tpp 缺值"
"53d1e501c8103c2f",4599,0.0826649852446509,NA
"53d7251b764b50ac",4600,0.173339519005292,NA
"53d766d0b239aa59",4601,0.465196977412774,NA
"53e16af1c60534d5",4602,NA,"edu 缺值"
"53e2be42933fa050",4603,NA,"edu 缺值"
"53e8c222ead2e298",4604,0.141599791476844,NA
"53edcba35aa762d9",4605,NA,"party_tpp 缺值"
"53f310f3e2979ef8",4606,NA,"sex 缺值"
"53fb33684c0e9bb5",4607,0.359217514958461,NA
"53fc6f1bd62b15e4",4608,NA,"edu 缺值"
"5414e1af1aae328c",4609,0.1512362011435,NA
"541708d25d8979cb",4610,NA,"edu 缺值"
"541e9f3eeec8393a",4611,5.00009104606325,NA
"541f2d47b01289ab",4612,0.2794383541969,NA
"543079df54e7d67a",4613,NA,"edu 缺值"
"543a90dc577c376e",4614,NA,"party_tpp 缺值"
"543f473ecbd9121b",4615,0.16829845267839,NA
"54441a8e80a0ffbe",4616,0.270522990875408,NA
"544b2822b5332fc8",4617,0.300167960686019,NA
"5467eed67629b732",4618,5.00009104606325,NA
"546b14cd3a874ef7",4619,0.465761234792302,NA
"546ba501bba11efc",4620,NA,"edu 缺值"
"546cf42ae4ebe678",4621,5.00009104606325,NA
"546d6484826fe238",4622,0.0863931964567863,NA
"547b8c8787875a46",4623,0.228016665583315,NA
"54804c7d741a4c7a",4624,NA,"edu 缺值"
"54857e66d6e98188",4625,1.90820336748497,NA
"54878054ac9ca5f3",4626,1.50294475443083,NA
"548bd06de8eb7ad6",4627,5.00009104606325,NA
"5491e277efa3e2a4",4628,0.161035702786106,NA
"5495852a6f8b2935",4629,0.916302463182361,NA
"549731b5d715fdef",4630,0.137328507079303,NA
"549dfefea508df41",4631,5.00009104606325,NA
"54b9f830cbbfcd1a",4632,NA,"party_tpp 缺值"
"54ca88a83e8ab0f6",4633,0.799460529401267,NA
"54cb348b6e94494f",4634,NA,"edu 缺值"
"54d68cbdb4cf4ac6",4635,0.395558802542504,NA
"54d6f9a173601cdb",4636,5.00009104606325,NA
"54dccf1ca6bb3d9c",4637,5.00009104606325,NA
"54e11ccc2a65b055",4638,0.177806529508921,NA
"54e82d64bf875b72",4639,NA,"party_kmt 缺值"
"54f8307ff464aaaa",4640,0.0826649852446509,NA
"54fbcf3f93f1431b",4641,0.526992895800938,NA
"54fc18819b29e234",4642,0.209755602561252,NA
"550055b9dcc3b61f",4643,1.07348613184449,NA
"55006987f4121d55",4644,0.6458388780458,NA
"550c2449f9f7a6b4-1",4645,NA,"party_dpp 缺值"
"550c2449f9f7a6b4",4646,0.375199274569863,NA
"550e1af31c467172",4647,NA,"edu 缺值"
"550f655ea633faf0",4648,5.00009104606325,NA
"551b8982f7ed5ba9",4649,NA,"edu 缺值"
"55203e3a273f1ea0",4650,0.459634926924071,NA
"552122932dccbdb9",4651,0.149873208832532,NA
"5527fac7dcd46051-1",4652,NA,"party_tpp 缺值"
"5527fac7dcd46051",4653,0.219734510927064,NA
"55280942f74e5c96",4654,2.92700345670358,NA
"552c6b5bb9707c7d",4655,NA,"sex 缺值"
"552c6b5bb9707c7d-1",4656,NA,"sex 缺值"
"552e0cb40f1748db",4657,5.00009104606325,NA
"553687d53bf1e55e",4658,1.21358014382667,NA
"553cda89cb368dc0",4659,0.15549429433347,NA
"553d2def2e934497",4660,0.267379474007893,NA
"553e03faf90c1423",4661,0.915450706309203,NA
"553e03faf90c1423-1",4662,NA,"party_kmt 缺值"
"55410996fb2d32a9",4663,0.420983926067105,NA
"554172518e540811",4664,0.0981324511294532,NA
"5543830c1ae5ff34",4665,NA,"edu 缺值"
"554ff7a4e20ef014",4666,0.86636032179925,NA
"555676c5ac5eb407",4667,NA,"party_tpp 缺值"
"555775c29b247547",4668,0.185100340350864,NA
"555e40d3e2d5fa67",4669,0.122293839857739,NA
"556589aaffeac969",4670,NA,"edu 缺值"
"556bf01dab76a89f",4671,NA,"edu 缺值"
"556e3674d4db4f35",4672,0.208501497965697,NA
"5573650fc9268f06",4673,NA,"edu 缺值"
"5573dd245aae1cb8",4674,5.00009104606325,NA
"557a7bfd0808c8a4",4675,0.552016858424831,NA
"5582e02c6f13af86",4676,0.3497416820687,NA
"5583876538754c12",4677,NA,"party_tpp 缺值"
"5584ff7b9f9ed56f",4678,5.00009104606325,NA
"5585f3ac57357fb6",4679,0.111511768743893,NA
"5586c7097fb1d0c0",4680,NA,"party_tpp 缺值"
"55880d78f1c91d1c",4681,0.302598276430383,NA
"55880d78f1c91d1c-1",4682,NA,"party_kmt 缺值"
"5588f4b19d314a9a",4683,NA,"party_tpp 缺值"
"559182773be14b70",4684,0.47865988928455,NA
"559269b1d863ef26",4685,0.0826649852446509,NA
"559b5268c6cdec0b",4686,NA,"sex 缺值"
"559ba219dd47912e",4687,0.122293839857739,NA
"559e57f51110365c",4688,NA,"edu 缺值"
"55bfecfd90b4b0b0",4689,0.409455600887348,NA
"55c89ce6831ce586",4690,0.147101185861357,NA
"55c94bda37617815",4691,1.58640133098009,NA
"55cedfdb8533a537",4692,0.86636032179925,NA
"55d6f4289241d3bf-1",4693,NA,"party_kmt 缺值"
"55d6f4289241d3bf",4694,0.0981324511294532,NA
"55d98c9d4382f8af",4695,NA,"edu 缺值"
"55db503e1f019570",4696,NA,"party_tpp 缺值"
"55e0b297052aea14",4697,0.0826649852446509,NA
"55e19dcc7ef1b46a",4698,2.7976857036017,NA
"55e5840fd29efe92",4699,0.182662832831437,NA
"55e67a8f37617736",4700,NA,"edu 缺值"
"55eca61d3db4a063",4701,1.21358014382667,NA
"55f0f37791051152",4702,5.00009104606325,NA
"55f22d37f42653df",4703,NA,"party_tpp 缺值"
"55f353bcb93f795e",4704,NA,"sex 缺值"
"55f4d2403191f306",4705,0.207856368152516,NA
"55f820d4222cab89",4706,0.219734510927064,NA
"55f845c6e8d957df",4707,0.37657952957204,NA
"55faaac1d6d2ed58",4708,0.409455600887348,NA
"55fe535f9ea70056",4709,0.177806529508921,NA
"5600bd14ecf1e3f9",4710,5.00009104606325,NA
"5601c1712aadadf8",4711,0.114651410572369,NA
"5605be8a341a2376",4712,0.106699590892319,NA
"5608e45c2f199ca9",4713,0.647312234268205,NA
"560f4557db9292e3",4714,0.321140614770656,NA
"561912d4e453416d",4715,NA,"party_tpp 缺值"
"5620a398b332777c",4716,0.193448411329452,NA
"5624403d7287eb24",4717,NA,"party_tpp 缺值"
"5628dcc179e65100",4718,0.282723644450041,NA
"5628e9e112b5be80",4719,0.546141013374993,NA
"562cbad72fbb87b2",4720,0.481391881251299,NA
"562e88fba21e0091",4721,NA,"edu 缺值"
"5637dfabd24a2b8d",4722,0.33153058856141,NA
"563ac4e60d96db43",4723,0.228252308506251,NA
"563ac4e60d96db43-1",4724,NA,"party_kmt 缺值"
"5647fbd15df96d24",4725,0.238257551076571,NA
"564842cfe0493fee",4726,0.421229693708162,NA
"56486c46e98544b8",4727,NA,"edu 缺值"
"56546ab8be4ea72c",4728,0.125445388161949,NA
"565cfb64751c5f35",4729,0.185100340350864,NA
"565d29c0056c21f2",4730,5.00009104606325,NA
"5660d361b30cea40",4731,0.0863931964567863,NA
"56628ca3e6e865be",4732,0.143522056601192,NA
"56628ca3e6e865be-1",4733,NA,"party_tpp 缺值"
"5665c759fa85eb73",4734,0.564495177014209,NA
"56680626846254b5",4735,0.137328507079303,NA
"56686a472e5c7682",4736,0.125445388161949,NA
"566d7071ad52b5d6",4737,0.481391881251299,NA
"5674324895cd0ccf",4738,0.161035702786106,NA
"568100dc25474526",4739,0.189870430687549,NA
"56817f3f04af6217",4740,NA,"edu 缺值"
"56877ddc13243598",4741,0.624795234497572,NA
"568e46678fb7bb2f",4742,5.00009104606325,NA
"5696aa6b5201e5f4",4743,0.27157879875813,NA
"569888c4f3a810c7",4744,NA,"party_tpp 缺值"
"569f96a395dbd465",4745,0.207856368152516,NA
"56a6251498af352a",4746,NA,"edu 缺值"
"56a6ddcf27741ffc",4747,NA,"edu 缺值"
"56a73954bc90396d",4748,NA,"sex 缺值"
"56ab2803ad88cef8",4749,0.0826649852446509,NA
"56b3553968224ae1",4750,NA,"edu 缺值"
"56b43173fff34401",4751,0.143849474355578,NA
"56b4c86f77e3a694",4752,0.225763896503032,NA
"56b52913d8c8e6ab",4753,0.86636032179925,NA
"56b59569bb6e4558",4754,NA,"edu 缺值"
"56bd10bd061cdfbc",4755,5.00009104606325,NA
"56c69bdeacd4f1e6",4756,0.125445388161949,NA
"56cc7e04bd49ea71",4757,NA,"party_tpp 缺值"
"56d08ed991ced186",4758,0.0704952927516892,NA
"56dd550424de4179-1",4759,NA,"party_kmt 缺值"
"56dd550424de4179",4760,1.94625101233133,NA
"56e5c35e7d6af193",4761,1.3841120141743,NA
"56e737c77e537adb",4762,4.1703267146064,NA
"56e9d2a1bea841ff",4763,NA,"edu 缺值"
"56f15544c6a48471",4764,5.00009104606325,NA
"56f6f39bbf8560bc",4765,NA,"sex 缺值"
"56fa3b94d7221523",4766,2.93176622786441,NA
"57093f0118ad937b",4767,0.0826649852446509,NA
"5709a9bb30372d28",4768,0.345119283638798,NA
"5709cd638c6e5f03",4769,0.168682392978214,NA
"57103c4752487427",4770,1.03335100775092,NA
"5714f27ade4c7925",4771,NA,"party_tpp 缺值"
"571c993ae0bfc014-1",4772,NA,"party_dpp 缺值"
"571c993ae0bfc014",4773,0.0704952927516892,NA
"571fbdc3bda7f578",4774,0.168682392978214,NA
"572d4b5b40149394",4775,0.317223720565632,NA
"572decd5e49ad25d",4776,0.0704952927516892,NA
"573eca8e1a57329b",4777,0.308605683994492,NA
"573fc6544aacd650",4778,NA,"party_tpp 缺值"
"5745ada4853c4963-1",4779,0.608109079478263,NA
"5745ada4853c4963",4780,0.185100340350864,NA
"57484e51c36fea0a",4781,NA,"edu 缺值"
"57496d66d80087b2",4782,NA,"party_tpp 缺值"
"574ab99fe21e8d67",4783,0.0826649852446509,NA
"575052c384ac677e",4784,3.69634191670674,NA
"5752799ea17c2d35",4785,NA,"party_tpp 缺值"
"575554a66321cc5b",4786,NA,"edu 缺值"
"57581b179ff88e57",4787,0.307903262379834,NA
"575845e0966fd468",4788,NA,"party_tpp 缺值"
"57638d531e66ba69",4789,NA,"edu 缺值"
"57641aa4d68a17c4",4790,NA,"edu 缺值"
"576c9380254cdaba",4791,NA,"edu 缺值"
"576e851ea5fa60a1",4792,0.86495288490461,NA
"577978054e4f634c",4793,0.0736746478324626,NA
"577978054e4f634c-1",4794,NA,"party_kmt 缺值"
"577e8dc05a1a70e8",4795,NA,"edu 缺值"
"577f5cc4cce34c39",4796,0.4017712460214,NA
"5780773859178e52",4797,0.189870430687549,NA
"57807c018c10df0d",4798,0.409455600887348,NA
"578bdb877e002c3f",4799,0.350539549928668,NA
"578f33cf14a2cf44",4800,0.317223720565632,NA
"579251c718d9ce9d",4801,NA,"edu 缺值"
"5792540a7233609e",4802,0.589954048650274,NA
"57933a5d40f0a1a5",4803,NA,"party_tpp 缺值"
"579d4f6ddd04e8d5",4804,0.147101185861357,NA
"57a6dcec7f64c283",4805,NA,"edu 缺值"
"57aa6a560727c287",4806,3.63606059366035,NA
"57b16b6a80ea95c8",4807,NA,"sex 缺值"
"57b2f08d00c890e0",4808,NA,"party_tpp 缺值"
"57ca06c862986598",4809,0.0826649852446509,NA
"57cce5ceb1e7cfd7",4810,NA,"edu 缺值"
"57d24632f3e14bd6",4811,NA,"party_tpp 缺值"
"57de4f802134f1e3",4812,0.189870430687549,NA
"57de4f802134f1e3-1",4813,NA,"party_dpp 缺值"
"57ef5da8c69baf7e",4814,1.78143172759595,NA
"57efc187139ec120",4815,NA,"sex 缺值"
"57ff3baccd8e0783",4816,0.106699590892319,NA
"58078b4a1622e00b",4817,0.866866097244371,NA
"58094f3cb46aa462",4818,0.395558802542504,NA
"5813e91e4cfcc478",4819,NA,"edu 缺值"
"5815feb1fd13521f",4820,2.11303963662122,NA
"581a0b688a162e6c",4821,0.33153058856141,NA
"581bd6774dd26f74",4822,0.207856368152516,NA
"582122867d2de4d8",4823,NA,"edu 缺值"
"582c8850f35089c7",4824,0.143522056601192,NA
"582e84fddc317675",4825,NA,"party_kmt 缺值"
"582fe13315e05a2e",4826,0.564495177014209,NA
"58302725c94deed3",4827,0.476914061413288,NA
"583b0a128c4e1010",4828,NA,"edu 缺值"
"58403578416f54a1",4829,0.439970404908748,NA
"5840584c2e012c37",4830,5.00009104606325,NA
"5843ebd9cab1078e",4831,NA,"edu 缺值"
"584612ece37907d5",4832,1.14973675048474,NA
"5848f39ad243281c",4833,1.26093986097085,NA
"585a7832b8acf100",4834,0.543383786383836,NA
"5867908ecec223d1",4835,0.147101185861357,NA
"58690632c7f1fc4c",4836,NA,"party_tpp 缺值"
"586a6635daad5b91",4837,0.526992895800938,NA
"58760ae6353dfec1",4838,0.465196977412774,NA
"5876db10dca2e6f0",4839,0.106699590892319,NA
"587added5ddb422a",4840,0.15549429433347,NA
"588045c9ed8554ae",4841,0.106699590892319,NA
"5880cdca4398e1b9",4842,1.3841120141743,NA
"58825d175ed7f874",4843,0.0704952927516892,NA
"5884a97ca7f9b6d4",4844,0.143522056601192,NA
"5884a97ca7f9b6d4-1",4845,NA,"party_tpp 缺值"
"58853ff6b935d3bc",4846,5.00009104606325,NA
"5885d8a45fef0cf3",4847,1.07448492859535,NA
"5889700cfb0affce",4848,0.916302463182361,NA
"588d40576cc7fdc6",4849,0.83551639635089,NA
"589088d8337dfa34",4850,0.694441419898456,NA
"5897c4166218f6e4",4851,0.0836856844568212,NA
"589bafb889ed6bb8",4852,NA,"edu 缺值"
"58a26f7213bd8bcc",4853,NA,"party_tpp 缺值"
"58a2ede71fb7f8ad",4854,NA,"edu 缺值"
"58a6a83662ab0887",4855,0.149873208832532,NA
"58a82be8650add26",4856,NA,"edu 缺值"
"58b6197cf6187649",4857,0.143405581745165,NA
"58bd669d3cde0960",4858,0.0704952927516892,NA
"58bde042b4638045",4859,NA,"edu 缺值"
"58c96b6d7e6f8277",4860,0.0977727719756202,NA
"58cf563d1919916f",4861,5.00009104606325,NA
"58d4a21ac1468c5c",4862,1.07233400120656,NA
"58d6798c07547743",4863,NA,"party_tpp 缺值"
"58dc9a96aec8fe11",4864,NA,"edu 缺值"
"58e7c497a58b1166",4865,0.141599791476844,NA
"58ec7e992f3cda8f",4866,0.0826649852446509,NA
"58f3a782216de7a1",4867,0.526992895800938,NA
"58f441d4a37e978b",4868,NA,"party_tpp 缺值"
"58f52efe5e1916f1-1",4869,NA,"sex 缺值"
"58f52efe5e1916f1",4870,NA,"sex 缺值"
"58f7a16c1042ca87",4871,0.258906643376132,NA
"5905b32d84c404b7",4872,NA,"party_tpp 缺值"
"59065fc84fbf7074",4873,NA,"edu 缺值"
"59077b9131e6f034",4874,NA,"edu 缺值"
"59093cf33f165d4d",4875,0.458003804786937,NA
"590acf69b7916b3c",4876,NA,"edu 缺值"
"5914d63789248748",4877,NA,"party_tpp 缺值"
"5915a6106497f68b",4878,NA,"party_tpp 缺值"
"591b32082ac835a6",4879,0.499754332850847,NA
"5924ec4b99ac16e0",4880,1.3841120141743,NA
"592ec19e8c581268",4881,NA,"party_tpp 缺值"
"59364dc2f37dfe99",4882,5.00009104606325,NA
"59369beadc240e3a",4883,1.08388241780433,NA
"5938707e897d0656",4884,1.07348613184449,NA
"593aca87159174f2",4885,NA,"party_tpp 缺值"
"5940cff95cac54b4",4886,1.06095481070243,NA
"594e7fde1dc546b7",4887,0.412125009469762,NA
"5952330085afb827",4888,0.168094563567848,NA
"5953dca4a0d220eb",4889,1.36486427892977,NA
"59566d65c932814f",4890,NA,"edu 缺值"
"595ae20af513a871",4891,0.589954048650274,NA
"595b6e9b207eac2f",4892,0.231597778272698,NA
"59613b87617067f6",4893,1.27434638813041,NA
"5969d9930d9809ed",4894,0.584984773828304,NA
"5969d9930d9809ed-1",4895,NA,"party_kmt 缺值"
"596e21b15aa8f1bb",4896,0.207856368152516,NA
"596fce20fc4318c9",4897,0.439799845478686,NA
"596fce20fc4318c9-1",4898,NA,"party_dpp 缺值"
"59739622466edd39",4899,NA,"edu 缺值"
"597579885591fcbc",4900,NA,"edu 缺值"
"5979e92012507038",4901,0.469297935118666,NA
"59814ea068afa18c",4902,0.37657952957204,NA
"59854dff63ca8e36",4903,NA,"party_tpp 缺值"
"59856285e415525f",4904,NA,"edu 缺值"
"59885c1238379291",4905,NA,"edu 缺值"
"59899371d1416d96",4906,0.567890529098339,NA
"5992147725d2ee9e",4907,NA,"party_tpp 缺值"
"599266d228d7a8bd",4908,0.617968352991575,NA
"599271ade7fa65f4",4909,0.106699590892319,NA
"59985052114998a3",4910,0.161035702786106,NA
"59998e35d15c8980",4911,NA,"edu 缺值"
"59999e245ea61e8f",4912,1.90820336748497,NA
"599aaadc40cfd131",4913,5.00009104606325,NA
"59a139d48ce050d5",4914,NA,"edu 缺值"
"59a4c71cb503ff4a",4915,NA,"edu 缺值"
"59b041e0e86a918c",4916,0.564495177014209,NA
"59b5b5b4d9d223e8-1",4917,NA,"edu 缺值"
"59b5b5b4d9d223e8",4918,NA,"edu 缺值"
"59bcd0b00f7a16a6",4919,0.109703744645957,NA
"59bfbb19e7fc9f5b",4920,0.109703744645957,NA
"59c70d2da7062594",4921,5.00009104606325,NA
"59c9abf8b0d52103",4922,0.185100340350864,NA
"59c9abf8b0d52103-1",4923,NA,"party_kmt 缺值"
"59cb0a4091906a83",4924,NA,"party_tpp 缺值"
"59cb2e3cae7095d3",4925,0.292626879731677,NA
"59cd61eac50562a8",4926,1.57072793334396,NA
"59de532a2af1d68d",4927,0.52819512794983,NA
"59de532a2af1d68d-1",4928,NA,"party_kmt 缺值"
"59eab83b59f80741",4929,0.122293839857739,NA
"59ebe0d22dd8e337",4930,5.00009104606325,NA
"59ec932957155ef0",4931,NA,"party_tpp 缺值"
"59f203163ecb16ec",4932,NA,"party_kmt 缺值"
"59f3c7ca411604c8",4933,NA,"edu 缺值"
"5a0a267b2ab6bcea",4934,5.00009104606325,NA
"5a0b2f4b67fd6ea0",4935,NA,"party_tpp 缺值"
"5a0b8ae8a6586ca3",4936,0.109703744645957,NA
"5a1a07049ffb811c",4937,NA,"sex 缺值"
"5a1a2560c5f26c76",4938,0.0826649852446509,NA
"5a261f6f8e59dfc4",4939,5.00009104606325,NA
"5a272f846b292c5e",4940,0.969082662053173,NA
"5a31144345b06ff0",4941,0.0736746478324626,NA
"5a359b8d9492e370",4942,NA,"edu 缺值"
"5a3a08ecf8672d72",4943,1.08775204425333,NA
"5a3eca7d6a344aa3",4944,NA,"edu 缺值"
"5a4734cdf03e5bd6",4945,NA,"party_tpp 缺值"
"5a4a3ce95974060f",4946,0.161035702786106,NA
"5a4b9b323a1b6571",4947,1.78741408035612,NA
"5a4dd776bc379ed4",4948,0.17953404423645,NA
"5a4eed0b71dae4b7",4949,5.00009104606325,NA
"5a526514bd90adee",4950,0.239090741590243,NA
"5a569bdd65dde98b",4951,0.526992895800938,NA
"5a57bf62a84de445",4952,0.168682392978214,NA
"5a5814cdbc941495",4953,0.0826649852446509,NA
"5a5cfd5523a57bb2",4954,0.109703744645957,NA
"5a68421840af91e0",4955,0.0704952927516892,NA
"5a73a6ad275ae8e5",4956,0.550760405309663,NA
"5a743f97c784d208",4957,0.143405581745165,NA
"5a81bfc595f2452f",4958,0.231597778272698,NA
"5a87cdf73230fa12",4959,0.147101185861357,NA
"5a896d439f8353a9",4960,NA,"edu 缺值"
"5a8dfe1d0f73ec0d",4961,0.241295995996585,NA
"5a9cd74c96541280",4962,NA,"edu 缺值"
"5a9d153eb2944832",4963,0.618329118842617,NA
"5aa1786f63110f6c",4964,2.84429792187621,NA
"5aa58eb2dd824366",4965,NA,"party_tpp 缺值"
"5aa8b7ceaa959d5e",4966,NA,"party_tpp 缺值"
"5aa9e8ee442f7a0a",4967,2.46300798394163,NA
"5aaccfb8d90adf22",4968,5.00009104606325,NA
"5aaff5040b53d925",4969,0.0935534866653076,NA
"5ab03c483e32e10c",4970,0.0704952927516892,NA
"5ab460f3462c3836",4971,0.141599791476844,NA
"5ab80709ce31f22b",4972,0.228773021907763,NA
"5ab9f0243df54635",4973,NA,"party_tpp 缺值"
"5abcdb65333f6adb",4974,1.92489259231934,NA
"5ac29951de8ea87f",4975,0.0999201607532301,NA
"5ac661d6fed361eb",4976,NA,"party_tpp 缺值"
"5ac9e4b8d76e073d",4977,5.00009104606325,NA
"5ad275ec14dd2129",4978,NA,"party_tpp 缺值"
"5ad3177a2d2c5470",4979,NA,"sex 缺值"
"5ad3177a2d2c5470-1",4980,NA,"sex 缺值"
"5ad76dbcd0f6654a",4981,0.207856368152516,NA
"5adc745917002852",4982,0.345119283638798,NA
"5aec942fc4a9e80d",4983,0.200703811200941,NA
"5aef8d2918af1e2a",4984,NA,"party_tpp 缺值"
"5af1ecc0e48ec9d2",4985,NA,"party_tpp 缺值"
"5af362891e3d0382",4986,0.401743698398901,NA
"5af67643dd1a0a29",4987,NA,"party_tpp 缺值"
"5afbe829c26e68a2",4988,NA,"party_tpp 缺值"
"5aff573bf4a67b2b",4989,0.427922149421554,NA
"5b018ce2a8698caf",4990,NA,"party_tpp 缺值"
"5b03d7b519a48e8e",4991,0.0981324511294532,NA
"5b077cc060cced67",4992,0.191167133061059,NA
"5b08982f8e0e7a84",4993,0.109703744645957,NA
"5b12afe84f241d4c",4994,0.73023217409767,NA
"5b13e5027c61e3b1",4995,0.137641795450903,NA
"5b1c6905b42a282f",4996,0.73023217409767,NA
"5b1e78e3f71675d5",4997,5.00009104606325,NA
"5b229219b993430e",4998,0.0704952927516892,NA
"5b24017c72516d44",4999,0.424052005886429,NA
"5b327c62a4601f95",5000,0.0736746478324626,NA
"5b3ae074ab3ec707",5001,1.63390656713318,NA
"5b3b4042aad12f88",5002,NA,"age 缺值"
"5b3bfc2a73063fe3",5003,1.26586110718561,NA
"5b3caf22ae5748bc",5004,0.137641795450903,NA
"5b3e354aff91c272",5005,0.359007928496261,NA
"5b4268d1e7936aa7",5006,5.00009104606325,NA
"5b42d05d0496a10b",5007,NA,"party_tpp 缺值"
"5b4de7975fd6aa6c",5008,0.83551639635089,NA
"5b5950c0257ef8e9",5009,0.27157879875813,NA
"5b5aae230426a904",5010,0.359217514958461,NA
"5b5c20c164fdfc60",5011,1.02846521641355,NA
"5b664749d4345d5c",5012,0.323191251361309,NA
"5b672429d1cb9f35",5013,0.195093740177253,NA
"5b69a6a213413df8",5014,0.469297935118666,NA
"5b734ce40758f4bb",5015,NA,"edu 缺值"
"5b77b6f6460c51a0",5016,5.00009104606325,NA
"5b7bfbc66b5f5f80",5017,NA,"party_tpp 缺值"
"5b806cb367bb20cd",5018,NA,"edu 缺值"
"5b82fb37a9d3d218",5019,1.47861752087056,NA
"5b85b8570937cd05",5020,0.483270676621923,NA
"5b8b4fa823eb21a7",5021,0.114651410572369,NA
"5b8ba60fbd768abe",5022,0.239090741590243,NA
"5b8cbb7c39380a7a",5023,0.359007928496261,NA
"5b8f8a9a195fb84c",5024,1.26679233566172,NA
"5b997fdc1d44a47b",5025,NA,"edu 缺值"
"5baa111e84aa0336",5026,NA,"edu 缺值"
"5badac5c7894de12",5027,0.619378128012992,NA
"5bb4eaefc1eb2127",5028,0.161035702786106,NA
"5bb50f1cd71186ae",5029,NA,"edu 缺值"
"5bb6ce1ac649cab4",5030,0.270680920414285,NA
"5bb81c4ae8d9a7bb",5031,0.158056991096045,NA
"5bb988b7cbfd30d8",5032,NA,"edu 缺值"
"5bb9f8d0ceb74312",5033,0.420983926067105,NA
"5bbd74e6b83830ca",5034,0.207856368152516,NA
"5bbe18c5ee05e5a2",5035,NA,"party_tpp 缺值"
"5bbec8d0bb9049fc",5036,NA,"edu 缺值"
"5bc22cf684caa9c7",5037,0.0826649852446509,NA
"5bc9ce5c975b9231",5038,NA,"edu 缺值"
"5bca5fc513191169",5039,NA,"party_tpp 缺值"
"5bd281c5f7c4f0a0",5040,NA,"edu 缺值"
"5bd80b89853fdd8c",5041,0.139093121103869,NA
"5bd9903d0f6cacac",5042,0.401743698398901,NA
"5bdc70d926addf26",5043,0.143405581745165,NA
"5be05d2f7251c057",5044,2.46300798394163,NA
"5be5a4d1a487a165",5045,0.106699590892319,NA
"5be80063b6166d0e",5046,0.244931651230463,NA
"5becdd987560a04d",5047,0.37657952957204,NA
"5bed9051b34fecb5",5048,NA,"edu 缺值"
"5bf23648c7b94d45",5049,NA,"edu 缺值"
"5bf9d789d975f2c5",5050,NA,"party_kmt 缺值"
"5bfe5dcacb64d38e",5051,0.130230439506235,NA
"5bfed6ba48be2183",5052,NA,"edu 缺值"
"5c00185c3f71297a",5053,4.1194619912105,NA
"5c027a9ac5b4ec9c",5054,NA,"edu 缺值"
"5c09cbdbd58eea65",5055,0.317223720565632,NA
"5c0cd8963a66972b",5056,NA,"party_tpp 缺值"
"5c0f45cc3353cf55",5057,0.111511768743893,NA
"5c1b985e36eedd80",5058,2.84429792187621,NA
"5c1be1379b856426",5059,0.502945503553479,NA
"5c1eb1bef24127c7",5060,0.682869326233153,NA
"5c23a670c094b52b",5061,0.555126501374211,NA
"5c3384278534a162",5062,1.57072793334396,NA
"5c37f6bc7855e43b",5063,NA,"sex 缺值"
"5c3d023f0eaa83ae",5064,0.909734706449712,NA
"5c40df4518b1a63b",5065,0.490463387678337,NA
"5c48bef8ea645d75",5066,0.228016665583315,NA
"5c49d1630d8a4dfd",5067,NA,"edu 缺值"
"5c4a7901bee7447c",5068,NA,"edu 缺值"
"5c4b8e00f46c536b",5069,5.00009104606325,NA
"5c4c393d50afbd9c",5070,4.91656321021051,NA
"5c4ce105213a48b5",5071,0.797640866365096,NA
"5c524a0e3f72e0f9",5072,0.370839403919046,NA
"5c54de5e89fa375d",5073,0.161403074529731,NA
"5c54de5e89fa375d-1",5074,NA,"party_kmt 缺值"
"5c5637f0cbf82ce3",5075,5.00009104606325,NA
"5c68e468c8c8623f",5076,0.143849474355578,NA
"5c76c11655cc8d44",5077,NA,"party_tpp 缺值"
"5c7922ddb2049268",5078,NA,"edu 缺值"
"5c79463681c503fa",5079,0.728620518951834,NA
"5c7af38f52992df1",5080,NA,"edu 缺值"
"5c7af38f52992df1-1",5081,NA,"edu 缺值"
"5c7fc73bd2401037",5082,0.163024078087676,NA
"5c821911dddcd266",5083,2.3089926528666,NA
"5c8e7a69243315fa",5084,0.511234533187864,NA
"5c8fe6f8b403a335",5085,0.0704952927516892,NA
"5c96989c4bfa7872",5086,NA,"edu 缺值"
"5c98c96179db9f09",5087,1.67046912441535,NA
"5c9f12baf645dbde",5088,0.0704952927516892,NA
"5ca742c5a374ea1c",5089,NA,"party_tpp 缺值"
"5ca94aa7aebb9505",5090,NA,"party_tpp 缺值"
"5cac369a718c9ffa",5091,0.497339493660158,NA
"5cb04d11da1a2dd2",5092,0.126664177798915,NA
"5cb46ce317c70904",5093,0.0704952927516892,NA
"5cb59d0c84ed2e3e",5094,0.497256645674774,NA
"5cbd229d02440c8c",5095,NA,"sex 缺值"
"5ce4e10eda11e6c1",5096,0.217726311427333,NA
"5cf132f0401a61ae",5097,NA,"sex 缺值"
"5cf5e8f1662cc2b8",5098,1.90820336748497,NA
"5cf870c35b677e1f",5099,0.279998862032001,NA
"5cf993f9af912eae",5100,0.149873208832532,NA
"5cfbb2423e7b98aa",5101,0.409455600887348,NA
"5cfcb671b755ae19",5102,NA,"party_tpp 缺值"
"5d05d36c5f35cbb3",5103,NA,"edu 缺值"
"5d100eed454b5cb6",5104,NA,"party_tpp 缺值"
"5d14c58f26eb2dd7-1",5105,NA,"party_kmt 缺值"
"5d14c58f26eb2dd7",5106,0.228016665583315,NA
"5d1da1341b161f4b",5107,NA,"sex 缺值"
"5d1efd4a147acfe8",5108,0.122293839857739,NA
"5d21204806b89d86",5109,5.00009104606325,NA
"5d292c0067449ded",5110,0.157414247542842,NA
"5d2a27075ba87793",5111,0.6458388780458,NA
"5d2ab811e575a3f1",5112,0.147101185861357,NA
"5d360e952b2236ed",5113,0.270522990875408,NA
"5d38a81d35091d8a",5114,0.0981324511294532,NA
"5d3f3eb565965800",5115,NA,"party_kmt 缺值"
"5d48b74bddb99d3c",5116,0.543383786383836,NA
"5d4c55fbf65a8f8a",5117,0.238300273409114,NA
"5d4d5451c87243a1",5118,0.317223720565632,NA
"5d4eab6ad0821787",5119,0.451164551441784,NA
"5d4f79b85b6bef19",5120,2.21071091458904,NA
"5d51cc72943c940f",5121,0.143405581745165,NA
"5d5388cdafbc1754",5122,0.641832578871939,NA
"5d58e6ca2d2a9b28",5123,0.106699590892319,NA
"5d5c4037b3eb0400",5124,NA,"edu 缺值"
"5d612ac2fdc0e1f6",5125,NA,"party_tpp 缺值"
"5d68698ca5d9e926",5126,NA,"edu 缺值"
"5d70a9223ff63032",5127,0.345119283638798,NA
"5d740f3eb55c9d30",5128,0.191167133061059,NA
"5d744e74aa9894cb",5129,NA,"party_tpp 缺值"
"5d7890bf973d6c6f",5130,NA,"party_kmt 缺值"
"5d79aca6bb9b89d8",5131,0.328204006705968,NA
"5d7bd04cd9826ede",5132,NA,"party_tpp 缺值"
"5d7e35f9344725b7",5133,NA,"edu 缺值"
"5d7fde2f5120d909",5134,5.00009104606325,NA
"5d7fde2f5120d909-1",5135,NA,"party_kmt 缺值"
"5d80f821a895be15",5136,1.78143172759595,NA
"5d8e3566744ecac0",5137,0.360684248405661,NA
"5d914dbde7db7a44",5138,NA,"edu 缺值"
"5d951e7bb5b80237",5139,1.36486427892977,NA
"5d959049ab338259",5140,0.0935534866653076,NA
"5d9b8a574e4129c7",5141,0.19160324382272,NA
"5da753e8e1d7d76b",5142,1.65972974502462,NA
"5db15464f2ce916b",5143,NA,"edu 缺值"
"5db89cfea8385d1a",5144,1.5983817150522,NA
"5dba629a6f5767ff",5145,5.00009104606325,NA
"5dbb474fa1ad4493",5146,0.225763896503032,NA
"5dbe109c3a82ea21",5147,0.33153058856141,NA
"5dbf72feb013120b",5148,NA,"party_tpp 缺值"
"5dc9944a33806c35",5149,NA,"party_tpp 缺值"
"5dcc7528aaafed00",5150,0.543383786383836,NA
"5dcffb9912d7af4b",5151,0.799184617214002,NA
"5dd056edab82ad99",5152,0.0977727719756202,NA
"5dd1adeb2697720b-1",5153,NA,"party_kmt 缺值"
"5dd1adeb2697720b",5154,2.12119386455947,NA
"5dd25e0dbb0516a2",5155,0.270522990875408,NA
"5dd2cfef0dfd3952",5156,NA,"party_tpp 缺值"
"5dd5b43856b6e028",5157,0.350539549928668,NA
"5ddbe47a96a65960",5158,0.153735485605362,NA
"5ddd616b42d6069e",5159,NA,"edu 缺值"
"5ddef25553bddf12",5160,5.00009104606325,NA
"5de25898bb649577",5161,0.106699590892319,NA
"5de277c923b0a94a",5162,NA,"party_tpp 缺值"
"5de336aa35116e7f",5163,0.0826649852446509,NA
"5de3afe9c6ddf54d",5164,NA,"edu 缺值"
"5debecb346ee7442",5165,NA,"edu 缺值"
"5df215cea7253a85",5166,0.288942066593736,NA
"5df3207284fa9a77",5167,0.704812506367594,NA
"5df59d706a9e99b8",5168,NA,"edu 缺值"
"5df756b772bb2a71",5169,0.117169505819394,NA
"5df756b772bb2a71-1",5170,NA,"party_dpp 缺值"
"5dfa2722e5fb54da",5171,NA,"party_tpp 缺值"
"5dfc425b4020d782",5172,1.86802689599252,NA
"5e013a8e67b1702f",5173,NA,"party_tpp 缺值"
"5e0906489e362e82",5174,0.290760873219717,NA
"5e1c1aa955c5c44f",5175,NA,"party_tpp 缺值"
"5e20b95fac1da643-1",5176,NA,"party_kmt 缺值"
"5e20b95fac1da643",5177,0.122293839857739,NA
"5e2f3a4fdfc97b09",5178,NA,"edu 缺值"
"5e2f3a4fdfc97b09-1",5179,NA,"edu 缺值"
"5e30dbd1d5131ce3",5180,0.735270123112013,NA
"5e3216031243463f",5181,NA,"party_tpp 缺值"
"5e32aa209c10e0a9",5182,0.125445388161949,NA
"5e32aa209c10e0a9-1",5183,NA,"party_dpp 缺值"
"5e38c332c47f46d1",5184,NA,"edu 缺值"
"5e46153c523acb30",5185,0.111511768743893,NA
"5e46c7f9b0c94178",5186,0.19160324382272,NA
"5e47d6bd08233792",5187,NA,"party_tpp 缺值"
"5e4ce41b552b2092",5188,NA,"sex 缺值"
"5e54cf43bc15485f",5189,NA,"party_tpp 缺值"
"5e565527cf074037",5190,NA,"edu 缺值"
"5e5a36e6f25ce7e3",5191,NA,"edu 缺值"
"5e5bb07e34709794",5192,1.80196424566803,NA
"5e634dc11264b885",5193,5.00009104606325,NA
"5e63de677a49948f",5194,0.0826649852446509,NA
"5e68a12fcd47fbf3",5195,NA,"sex 缺值"
"5e6b59cbe4be9e06",5196,NA,"edu 缺值"
"5e73105065d92d2b",5197,0.26236157112622,NA
"5e75181f0d34c621",5198,0.177806529508921,NA
"5e79e66884d49645",5199,0.106699590892319,NA
"5e7c18cdf4bcd6ed",5200,0.184588870298933,NA
"5e8b05fcc93c9c0a",5201,3.51300708746733,NA
"5e8c90854c811f53",5202,NA,"edu 缺值"
"5e8d2c89665637cd",5203,0.946887646635036,NA
"5e96409870605684",5204,0.19160324382272,NA
"5e96409870605684-1",5205,NA,"party_dpp 缺值"
"5e995c5c647530c8",5206,0.86636032179925,NA
"5e9a5a597fb5f0fe",5207,NA,"edu 缺值"
"5e9c043958715a16",5208,0.385311335884033,NA
"5e9c8394c114c6ba",5209,NA,"party_tpp 缺值"
"5e9d18ae8a889401",5210,0.231597778272698,NA
"5e9f494b6cc15ef7",5211,5.00009104606325,NA
"5e9f494b6cc15ef7-1",5212,NA,"party_kmt 缺值"
"5ea2c700b6693fa9-1",5213,NA,"party_tpp 缺值"
"5ea2c700b6693fa9",5214,0.143522056601192,NA
"5ea758f60ce685a1",5215,0.173339519005292,NA
"5ea92a1d9dc32104",5216,NA,"party_kmt 缺值"
"5ead2f4c94184faf",5217,0.317223720565632,NA
"5eb149157929c76b",5218,0.203428433409571,NA
"5eb53ecedc08824e",5219,NA,"edu 缺值"
"5eba4bf943433ca8",5220,1.3841120141743,NA
"5ebd59479a5fb9de",5221,NA,"party_tpp 缺值"
"5ec095808a2dd22a",5222,NA,"edu 缺值"
"5ec24cb279fe1881",5223,1.52156126563066,NA
"5ec33e78b0e3a862",5224,0.2794383541969,NA
"5ecd726b98186f53-1",5225,NA,"party_dpp 缺值"
"5ecd726b98186f53",5226,0.391650743289372,NA
"5ecfc94c4343f6bd",5227,5.00009104606325,NA
"5edb46365d734102",5228,NA,"party_tpp 缺值"
"5edb567c47ee6df2",5229,NA,"party_tpp 缺值"
"5edc274b55790804",5230,0.511234533187864,NA
"5edc2b80ef27652d",5231,NA,"party_tpp 缺值"
"5ee515cf9a9c3a80",5232,NA,"party_tpp 缺值"
"5ee798e34a1869f4",5233,0.225763896503032,NA
"5ee7fbb23c0f1012",5234,NA,"edu 缺值"
"5eea8d2efd2cac13",5235,0.143849474355578,NA
"5ef1c8efaf57a0fb",5236,5.00009104606325,NA
"5ef265f640fbf1ac",5237,NA,"party_tpp 缺值"
"5ef474013e4e8010",5238,NA,"sex 缺值"
"5ef5e41c8c790f75",5239,NA,"edu 缺值"
"5ef6f68003c150ca",5240,0.106699590892319,NA
"5ef7688c86e979b0",5241,NA,"edu 缺值"
"5efc4a4f927aae6b",5242,5.00009104606325,NA
"5eff340c21bb320c",5243,0.317223720565632,NA
"5f03463244b95cf1",5244,NA,"party_tpp 缺值"
"5f0583c2e61e7d68",5245,NA,"sex 缺值"
"5f0c1f9ec9ded4c5",5246,0.0704952927516892,NA
"5f10effd96800a0f",5247,NA,"edu 缺值"
"5f1557cf2c1d5d77-1",5248,NA,"edu 缺值"
"5f1557cf2c1d5d77",5249,NA,"edu 缺值"
"5f1a97ca1843af60",5250,NA,"party_tpp 缺值"
"5f1e084b6c2618e5",5251,0.208330552169296,NA
"5f217c78cb055b9c",5252,NA,"edu 缺值"
"5f23e9f87849747e",5253,0.0826649852446509,NA
"5f272fcde75178ed",5254,1.3198462528835,NA
"5f283f4a7b4dc754",5255,0.185100340350864,NA
"5f3119a3efce1ac7",5256,NA,"sex 缺值"
"5f3b091920d90b52",5257,5.00009104606325,NA
"5f4691c86b4fea71",5258,0.276473063286616,NA
"5f4736f37021e9df",5259,0.391650743289372,NA
"5f4736f37021e9df-1",5260,NA,"party_tpp 缺值"
"5f47bb591b175544",5261,5.00009104606325,NA
"5f47fceef4dce3c4",5262,NA,"party_tpp 缺值"
"5f48b9885055c671",5263,NA,"party_tpp 缺值"
"5f4f70455bf5745d",5264,1.4246110144496,NA
"5f51f58e47a3802a",5265,NA,"edu 缺值"
"5f5278e63955417e",5266,NA,"party_tpp 缺值"
"5f57d953a9aad115",5267,0.317223720565632,NA
"5f59dba3c0cf803d",5268,NA,"sex 缺值"
"5f669b9cb68830b2",5269,0.70096163772794,NA
"5f77c00d7c771f8e",5270,0.47865988928455,NA
"5f78dcbca43caef9",5271,5.00009104606325,NA
"5f7c0b3d1bef7798",5272,0.0999201607532301,NA
"5f82be4c2badc884",5273,NA,"sex 缺值"
"5f85ed06951912bd",5274,0.109703744645957,NA
"5f8df6e28add78d1",5275,0.526992895800938,NA
"5f91b4b6c9aa9dd7",5276,NA,"party_tpp 缺值"
"5f94a89d70dec9a1",5277,0.550634706859874,NA
"5f9e316e8bf236e8",5278,0.125445388161949,NA
"5f9fed154e057ba4",5279,NA,"party_tpp 缺值"
"5fbf9ad108a454cc",5280,0.694441419898456,NA
"5fc1a52bbcdcbeec",5281,NA,"edu 缺值"
"5fc446583c2d053c",5282,0.231597778272698,NA
"5fc9b009430cf2a8",5283,5.00009104606325,NA
"5fcbea12be0ff891",5284,0.359007928496261,NA
"5fcdca340233617e",5285,0.27157879875813,NA
"5fcdfc5f9188d7ea",5286,NA,"party_tpp 缺值"
"5fce2b2dfc4c901f",5287,NA,"party_tpp 缺值"
"5fd448cf5c060c50",5288,NA,"edu 缺值"
"5fd755b0a6fe8d4e-1",5289,0.27157879875813,NA
"5fd755b0a6fe8d4e",5290,0.0826649852446509,NA
"5fda48bbf102677e",5291,0.114651410572369,NA
"5fe30715c6e14e20",5292,0.143405581745165,NA
"5fe30715c6e14e20-1",5293,NA,"party_dpp 缺值"
"5fe4be411c2871f8",5294,2.93176622786441,NA
"5fe4be411c2871f8-1",5295,NA,"party_kmt 缺值"
"5ff5a15c88718ae8",5296,5.00009104606325,NA
"5ff5a15c88718ae8-1",5297,NA,"party_kmt 缺值"
"60020aa695aee8a6",5298,0.424665868732917,NA
"60020aa695aee8a6-1",5299,NA,"party_dpp 缺值"
"6002197114c46e93",5300,NA,"party_kmt 缺值"
"600f7d3baac21eab",5301,4.66207102465903,NA
"600f83651bb9915d",5302,NA,"party_tpp 缺值"
"60164e4068820481",5303,NA,"edu 缺值"
"601882b8bcaf6497",5304,0.44080316358321,NA
"601f1e39ab94c8b1",5305,0.219734510927064,NA
"60209d24c13d6de4",5306,0.571465235506897,NA
"6022495d52488bfb",5307,NA,"party_tpp 缺值"
"6029e4f15880efe7",5308,3.0945634111268,NA
"602aa9fd331351c9",5309,2.69632239427121,NA
"60355692f31102e0",5310,0.106699590892319,NA
"6049f2b1dc367ba7",5311,0.185100340350864,NA
"605bc33af32bf7be",5312,NA,"party_tpp 缺值"
"6060cfb902a440f1",5313,0.373253112351891,NA
"60627a58aa953992",5314,0.2794383541969,NA
"6062edb4b02bcd85",5315,0.225763896503032,NA
"60649559b554d981",5316,NA,"party_tpp 缺值"
"606866742f635883",5317,0.158056991096045,NA
"60696f4afcc24af9",5318,0.139093121103869,NA
"606d03a7d3ada830",5319,NA,"party_tpp 缺值"
"606f59c2966c40ad",5320,NA,"edu 缺值"
"6075d6153f1b6048",5321,NA,"edu 缺值"
"60783eea8d897fcb",5322,0.350539549928668,NA
"607bd8baabb373cf",5323,NA,"edu 缺值"
"60832026f733fae6",5324,0.694441419898456,NA
"6087566c5f5868de",5325,0.125445388161949,NA
"60880f217f5f0bef",5326,0.424052005886429,NA
"60919e093ac8c57d",5327,NA,"edu 缺值"
"6093d877b0970598",5328,1.62728336093566,NA
"6093d877b0970598-1",5329,NA,"party_tpp 缺值"
"6095c0e56bb1f746",5330,0.208501497965697,NA
"6098c472520dd5c8",5331,3.89071301073134,NA
"60990d1bb6fe2f08",5332,5.00009104606325,NA
"609ae9b591b60f6c",5333,0.0935534866653076,NA
"609ef68adc714eb1",5334,NA,"party_tpp 缺值"
"60aa2e9af51eab5b",5335,0.270522990875408,NA
"60b28407149107b0",5336,5.00009104606325,NA
"60b8b398e04452e7",5337,5.00009104606325,NA
"60bd343cae07da3d",5338,NA,"party_tpp 缺值"
"60bd7ffea743f38a",5339,NA,"sex 缺值"
"60be2e281eb686c0",5340,0.0704952927516892,NA
"60be348e74f0a6fc",5341,0.207856368152516,NA
"60c0c818a37e5feb",5342,0.143522056601192,NA
"60c4551079cca9f7",5343,0.137328507079303,NA
"60c56b51af90c1d1",5344,0.137328507079303,NA
"60c92469cc26f961",5345,NA,"party_tpp 缺值"
"60d24b669c2a3c02",5346,0.117169505819394,NA
"60d24b669c2a3c02-1",5347,NA,"party_kmt 缺值"
"60dc6727c2a4a291",5348,0.122293839857739,NA
"60ee4683c1125d99",5349,0.132602888246019,NA
"60ef2b8dcfe85b42",5350,5.00009104606325,NA
"60f61b0e72005cb8",5351,0.299608652671325,NA
"60f61b0e72005cb8-1",5352,NA,"party_kmt 缺值"
"60fc6eb91852e98c",5353,NA,"sex 缺值"
"60fd3db26a794f0a",5354,NA,"party_tpp 缺值"
"60ffaef45353d90c",5355,1.30840290744747,NA
"6100b0f7aeab6cd8",5356,0.0704952927516892,NA
"61126f4d508e3ef8",5357,0.137328507079303,NA
"61126f4d508e3ef8-1",5358,NA,"party_dpp 缺值"
"6119fe2a4b3a828f",5359,0.614134941615733,NA
"6120489ae916b98d",5360,0.106699590892319,NA
"6123eaec81c77e62",5361,NA,"party_tpp 缺值"
"6128eb829d213cec",5362,0.125445388161949,NA
"612df877aaf510e2",5363,0.427922149421554,NA
"613c1a8a420b5c52",5364,NA,"party_tpp 缺值"
"614123e44f081d6e",5365,NA,"edu 缺值"
"61425f8de6a09a42",5366,NA,"sex 缺值"
"615668a4738b64ff",5367,NA,"edu 缺值"
"6158143ae75b48f6",5368,0.288942066593736,NA
"615cf1e3d59185a4",5369,5.00009104606325,NA
"615d586eb1370b6b",5370,0.228016665583315,NA
"615f00f63171cf10",5371,0.111511768743893,NA
"61674ed2d49914d7",5372,NA,"party_tpp 缺值"
"6167a6c6f18211e3",5373,NA,"edu 缺值"
"616823d146686392",5374,0.255978129078632,NA
"616a190a0aac9357",5375,3.89071301073134,NA
"61718f3c639d9cc0",5376,NA,"edu 缺值"
"6171931afe804897",5377,NA,"sex 缺值"
"6171be90f512636c",5378,NA,"sex 缺值"
"61818818c792ba4d",5379,NA,"edu 缺值"
"61818818c792ba4d-1",5380,NA,"edu 缺值"
"618fc90ddd1a8f22",5381,NA,"party_tpp 缺值"
"619f2528edb0d0e3",5382,NA,"sex 缺值"
"61a7bc10619ae7d5",5383,NA,"sex 缺值"
"61a87ad7741c98fe",5384,5.00009104606325,NA
"61abf363a09eec84",5385,NA,"edu 缺值"
"61add7522cc9af29",5386,0.132602888246019,NA
"61b8351698b90f4b",5387,0.859040570130117,NA
"61be7a171ced1ccb",5388,5.00009104606325,NA
"61c103e906c06b07",5389,NA,"party_tpp 缺值"
"61c44a9f372ecfd6",5390,0.147101185861357,NA
"61c52182c873313d",5391,0.483270676621923,NA
"61c5d131fdc9510a",5392,0.914468188906357,NA
"61c776d591116d8f",5393,2.60633637440207,NA
"61cf65f232a63e1c",5394,0.122293839857739,NA
"61d0f6c1d284f895",5395,NA,"party_tpp 缺值"
"61d154d8939e2859",5396,0.182662832831437,NA
"61d154d8939e2859-1",5397,NA,"party_kmt 缺值"
"61d30e9cd609032d",5398,0.225763896503032,NA
"61dc3a885b3deb20",5399,0.143405581745165,NA
"61dddebc81fbe834",5400,NA,"edu 缺值"
"61e04c8b9ddaf81b",5401,1.4246110144496,NA
"61e0e4455d4e7189",5402,NA,"sex 缺值"
"61e3032ca09eca0b",5403,0.149873208832532,NA
"61fa1780155f5773",5404,NA,"party_tpp 缺值"
"6201057081b42e4b",5405,0.114651410572369,NA
"620266e2c3801e5b",5406,0.0826649852446509,NA
"6202feae35b02ac6",5407,0.0826649852446509,NA
"6203a15a2c830a4d",5408,NA,"party_tpp 缺值"
"62084241af90fac0",5409,NA,"edu 缺值"
"620b8938938b4ef6",5410,5.00009104606325,NA
"620fe3f9cf2eb266",5411,NA,"edu 缺值"
"621b0c09a9362f1b",5412,NA,"edu 缺值"
"621bc8eb5afcc5cb",5413,5.00009104606325,NA
"621fb75837422cb2",5414,2.96102064990023,NA
"621fbb99a6f8a5b9",5415,0.158056991096045,NA
"62260f8d649c2419",5416,NA,"sex 缺值"
"622d1baaf1c5c30d",5417,0.31740891368267,NA
"623bbcd493f655f8",5418,NA,"party_tpp 缺值"
"6246c2fc20b2bbbd",5419,NA,"sex 缺值"
"6251807ea6fdde34",5420,0.1512362011435,NA
"6252e9ba1d86d266",5421,5.00009104606325,NA
"62532b12975bf274",5422,NA,"party_tpp 缺值"
"6254ac91c01bb319",5423,NA,"edu 缺值"
"625cb25701faf2df",5424,0.557108388114855,NA
"6262d8a0014d31a8",5425,0.86636032179925,NA
"62677b691fa88e5d",5426,0.0863931964567863,NA
"626a32036ecbc3d3",5427,0.0863931964567863,NA
"626ca219e2536292",5428,0.0981324511294532,NA
"626cb489b4fe596c",5429,0.141599791476844,NA
"626cb489b4fe596c-1",5430,NA,"party_dpp 缺值"
"6271c9bb24924301",5431,0.33153058856141,NA
"62756b91f43c39eb",5432,NA,"edu 缺值"
"6276c6fa25e57cd8",5433,0.200703811200941,NA
"627b0b62b21ffbce",5434,0.608109079478263,NA
"62800b0861eac689",5435,NA,"party_tpp 缺值"
"6291b39106d85ba5",5436,0.569432274960708,NA
"6291b39106d85ba5-1",5437,NA,"party_kmt 缺值"
"6294015125f41e16-1",5438,1.78143172759595,NA
"6294015125f41e16",5439,0.137328507079303,NA
"629b670b5f371562",5440,5.00009104606325,NA
"629d811e3ddf58a2",5441,NA,"party_tpp 缺值"
"629f4befe8df699d",5442,2.12119386455947,NA
"62a16dac0ff3fb99",5443,0.732575180382306,NA
"62a181401adee33f",5444,0.359217514958461,NA
"62a667216e7e7713-1",5445,NA,"party_kmt 缺值"
"62a667216e7e7713",5446,0.125445388161949,NA
"62b29a464224c892",5447,5.00009104606325,NA
"62bb323cf68674a8",5448,0.238257551076571,NA
"62bec21708e99720",5449,0.465196977412774,NA
"62c350a061c5f320",5450,0.0826649852446509,NA
"62c4f01137758b72",5451,0.0736746478324626,NA
"62c96bf1a263b3e5",5452,0.0704952927516892,NA
"62cf5c3df45573df",5453,NA,"edu 缺值"
"62cfe2a47a606811",5454,4.48171331213448,NA
"62d4077e21bc4a47",5455,NA,"party_tpp 缺值"
"62d6579a360838c7",5456,1.62728336093566,NA
"62e300babeb2d6fd",5457,0.995911534935665,NA
"62e6897ef0622477",5458,0.317223720565632,NA
"62e997eae69938af",5459,NA,"edu 缺值"
"62f804c295c8a061",5460,5.00009104606325,NA
"62fd69c5f6b2f12d",5461,0.876420857925682,NA
"62ff53ae17bbfb45",5462,0.19464968464914,NA
"6300946a592e86cb",5463,0.0826649852446509,NA
"6300946a592e86cb-1",5464,NA,"party_dpp 缺值"
"6306caf073a200fa",5465,0.27157879875813,NA
"630b028b4098cef8",5466,0.0935534866653076,NA
"630b8c41be507300",5467,NA,"edu 缺值"
"631339c5c868074a",5468,5.00009104606325,NA
"63159b9e67b29c15",5469,NA,"sex 缺值"
"63185020e6177ba3",5470,0.147101185861357,NA
"6318f203d06b09f0",5471,0.33153058856141,NA
"631f809767f4b17d",5472,0.0935534866653076,NA
"63219f375b747fc2-1",5473,NA,"party_kmt 缺值"
"63219f375b747fc2",5474,0.427922149421554,NA
"63233566ce206a46",5475,NA,"party_kmt 缺值"
"632883639210eb5b",5476,0.44080316358321,NA
"632c2ff408d84b81",5477,NA,"edu 缺值"
"632f6d40697a37ec",5478,NA,"party_tpp 缺值"
"633066586a25dc97",5479,0.420983926067105,NA
"63328b80a6b76d33",5480,NA,"edu 缺值"
"63338c8a17811a09",5481,NA,"edu 缺值"
"633ef9a5278ea6c8",5482,0.141599791476844,NA
"634b615928e70b4c",5483,5.00009104606325,NA
"634dd3bc328220ba",5484,0.147101185861357,NA
"63507f2be9984e87",5485,0.0863931964567863,NA
"63507f2be9984e87-1",5486,NA,"party_kmt 缺值"
"6351f91ab80fb30e",5487,NA,"edu 缺值"
"6357b1dd6247f766",5488,0.270680920414285,NA
"6359790497a270c6",5489,1.4246110144496,NA
"6359b74bc2607eef",5490,NA,"edu 缺值"
"635b5981fdcfac9b",5491,0.86636032179925,NA
"635efaebd05bbedd",5492,0.738280930056031,NA
"6362bf995395089f",5493,NA,"party_tpp 缺值"
"63646a3cce4d9920",5494,NA,"party_kmt 缺值"
"636ce53ccd50132b",5495,NA,"party_kmt 缺值"
"6373fbf07eb80c9a",5496,0.147101185861357,NA
"6373fbf07eb80c9a-1",5497,NA,"party_dpp 缺值"
"63762cc2e8ddf720",5498,NA,"party_tpp 缺值"
"637a2c7517136640",5499,5.00009104606325,NA
"63862c2e167423e5-1",5500,NA,"party_kmt 缺值"
"63862c2e167423e5",5501,0.217726311427333,NA
"6387dfb8b01ae3ae",5502,0.353708704803735,NA
"63886f971b82c0b1",5503,NA,"edu 缺值"
"638994ba24d56118",5504,0.139093121103869,NA
"638c4c6cca33c55b",5505,0.460683494922433,NA
"638d778ca5751f30",5506,1.08775204425333,NA
"6390aae452cbc70f",5507,0.520869160987682,NA
"6392e66ad5fcff81",5508,NA,"edu 缺值"
"639a96a4193a1a60",5509,NA,"edu 缺值"
"639cb23af6bb62ef",5510,0.995911534935665,NA
"63a77906367f3942",5511,1.26099799399855,NA
"63a7e7b60e859be3",5512,0.0981324511294532,NA
"63a809cf658ba047-1",5513,NA,"party_kmt 缺值"
"63a809cf658ba047",5514,0.956737758829911,NA
"63ad7f27227ba8a4",5515,0.481391881251299,NA
"63adff5f2519d3c2",5516,0.122293839857739,NA
"63bcc4d0cc675494",5517,0.359007928496261,NA
"63bcc4d0cc675494-1",5518,NA,"party_kmt 缺值"
"63c6de7a9fbe2411",5519,0.270522990875408,NA
"63cf5418e55a9091",5520,5.00009104606325,NA
"63d004272fc4816c",5521,0.307350729610672,NA
"63d1249e522ad8d6",5522,NA,"sex 缺值"
"63d1249e522ad8d6-1",5523,NA,"sex 缺值"
"63d223ea1709658a",5524,NA,"edu 缺值"
"63d2e6a3459e134b",5525,5.00009104606325,NA
"63d433cd7ff27bd8",5526,0.114651410572369,NA
"63d78744f7e67182",5527,NA,"edu 缺值"
"63d7e44515ac20c1",5528,0.843222785156954,NA
"63db131b0b052a43",5529,NA,"edu 缺值"
"63e248d9d4424cae",5530,0.126664177798915,NA
"63e44abcbe4702c0",5531,0.16829845267839,NA
"63eb5233be1060b0",5532,0.137328507079303,NA
"63f55ff2bfcad57b",5533,NA,"edu 缺值"
"63f5c235540a4283",5534,NA,"party_tpp 缺值"
"63f7e5a43316846a",5535,0.0863931964567863,NA
"64058429091b2be1",5536,0.225763896503032,NA
"640a159ed4f37328",5537,NA,"edu 缺值"
"640e4daa21f3f8b9",5538,0.0935534866653076,NA
"64125ce4f2936053",5539,1.2148840312943,NA
"6423086b45b7fe1f",5540,0.564495177014209,NA
"6424daa5b810ddfa",5541,0.409455600887348,NA
"6424e3f5509079c1",5542,0.27157879875813,NA
"64303f61c9b555a0",5543,1.07233400120656,NA
"6432d7d156a9a7f8",5544,NA,"edu 缺值"
"6433dfe6a0452456",5545,0.375199274569863,NA
"643f2afe93067ddd",5546,NA,"edu 缺值"
"6449fa0b61a3bfb5",5547,0.469297935118666,NA
"644cf443cdb2b5cb",5548,0.543383786383836,NA
"6453252ae2ce0d38",5549,0.0736746478324626,NA
"64564a5ac8e9e41a",5550,NA,"party_tpp 缺值"
"64574facdbab7491",5551,1.58810578274177,NA
"645934da5bac7584",5552,NA,"edu 缺值"
"645ab7cddcf0e7f4",5553,0.198433633916187,NA
"645c5449e41b795d",5554,0.231597778272698,NA
"6466645a576fb334",5555,0.316245533290368,NA
"6471ef2f5e71c8a9",5556,0.143522056601192,NA
"64773025d678f46c",5557,0.177806529508921,NA
"647a6e5c1d54a7fe",5558,5.00009104606325,NA
"647b88ac0cf4d43d",5559,NA,"party_tpp 缺值"
"647e32b5a9a8af2f",5560,1.14973675048474,NA
"648452eea31beaea",5561,5.00009104606325,NA
"648654cda712a5c2",5562,0.0704952927516892,NA
"6487afeacd372dc1",5563,0.914468188906357,NA
"648e6a5817f0bbc7",5564,0.118616246805632,NA
"649323d2b241d257",5565,1.442201283604,NA
"6498790bb4602e8b",5566,0.147101185861357,NA
"64997d12c82845b8",5567,NA,"edu 缺值"
"64a02f0666512625",5568,2.16749329096119,NA
"64a1ddc048594449",5569,0.710315479646997,NA
"64a27e70129b30d6",5570,0.228016665583315,NA
"64a3db781f4fec42",5571,0.228016665583315,NA
"64a7efe6d1c5c86e",5572,0.131103006091378,NA
"64a7f06423cf9bac",5573,2.25098412831103,NA
"64aaab834d5493b1",5574,0.380052781303155,NA
"64aaab834d5493b1-1",5575,NA,"party_kmt 缺值"
"64aacc4b00ad3435",5576,NA,"edu 缺值"
"64aecd127f7113e3",5577,0.114651410572369,NA
"64be8cd37bf9dd26",5578,0.147101185861357,NA
"64c418445c9241d3",5579,2.92861967795179,NA
"64c8503266bb86a2",5580,0.280226278752786,NA
"64caf6837e573c24",5581,0.147985976977968,NA
"64d4ac21201013eb",5582,NA,"sex 缺值"
"64d58c655d0f7dbf",5583,0.207856368152516,NA
"64d9c2a1c3278f8d",5584,NA,"party_tpp 缺值"
"64db2609dc5f19b0",5585,1.52156126563066,NA
"64dec19bccb6574f",5586,0.191167133061059,NA
"64f9bfdca0f0b0c3",5587,5.00009104606325,NA
"64fb44d7346daf24",5588,0.464221361547281,NA
"6505bc0dd0a05fbc",5589,NA,"edu 缺值"
"650836ec67ebcbb2",5590,0.207856368152516,NA
"6515a272dd9ab4cc",5591,5.00009104606325,NA
"651a1a8c1071e533",5592,0.270522990875408,NA
"651a1a8c1071e533-1",5593,NA,"party_dpp 缺值"
"651e717e7f7489ae",5594,1.44943732248566,NA
"6520aca935931668",5595,0.0863931964567863,NA
"652607c3b6cefe29",5596,3.01011678788667,NA
"652ccc77bd3280e3",5597,NA,"edu 缺值"
"652ebc389d8c1588",5598,0.185100340350864,NA
"65320fd1aa37d596",5599,0.375199274569863,NA
"6535711822f21775",5600,0.360409078911018,NA
"6536a5d44918ffbf",5601,5.00009104606325,NA
"653ac5d641495e20",5602,0.350539549928668,NA
"653d1a98815bf6fe",5603,0.589954048650274,NA
"653ebfb865516a92",5604,NA,"edu 缺值"
"6541dfb1a5dd7117",5605,0.106699590892319,NA
"654bdd7659d7c5d8",5606,0.694441419898456,NA
"6556c957584b6e99",5607,0.16829845267839,NA
"65571d0dbf9bab4c",5608,5.00009104606325,NA
"6557232fd3b9da3e",5609,0.122453879415099,NA
"6557232fd3b9da3e-1",5610,NA,"party_kmt 缺值"
"65727972d21d81a7",5611,2.84429792187621,NA
"6573470f5bcc1c9b",5612,1.07535763156715,NA
"658366f81981aa36",5613,0.270522990875408,NA
"658573406cc5f83a",5614,NA,"edu 缺值"
"658afce2ff7838cf",5615,NA,"party_tpp 缺值"
"658de44985821ea4",5616,0.122293839857739,NA
"659501e91605273e",5617,NA,"party_tpp 缺值"
"659f8d0a0f71be4e",5618,0.0935534866653076,NA
"65a14e1ab15c76d4",5619,0.334430168672342,NA
"65a62eabb2788fef",5620,0.409455600887348,NA
"65aaed8cbdc36996",5621,0.270522990875408,NA
"65acae35325e9c57",5622,NA,"edu 缺值"
"65b0083fcef9faf1",5623,0.915450706309203,NA
"65b5605c24e7f02c",5624,0.409455600887348,NA
"65bb335585564ce7",5625,0.427922149421554,NA
"65c55642328f4198",5626,0.0981324511294532,NA
"65c949d7bf2156b7",5627,1.21358014382667,NA
"65cd2a5a1c7c2e4d",5628,0.114651410572369,NA
"65cd93237bb241bd",5629,NA,"party_tpp 缺值"
"65ceb13711bcbba9",5630,1.54530353555326,NA
"65e2043bd54784e8",5631,NA,"edu 缺值"
"65e307e39181ede3",5632,0.4017712460214,NA
"65e964d054868810",5633,0.350539549928668,NA
"65ebbc295a4b1e51",5634,2.18287322370522,NA
"65f0d2b9ac613f9e",5635,5.00009104606325,NA
"65f14d466621979d",5636,0.316245533290368,NA
"65f1747abfc7f7d3",5637,1.83881255131899,NA
"65f3c197ee74fb06-1",5638,NA,"party_kmt 缺值"
"65f3c197ee74fb06",5639,0.550313437502534,NA
"65f5948313a95260",5640,NA,"edu 缺值"
"65f6bf4692faaa2f",5641,0.876420857925682,NA
"65fcbd673d4d3a7f",5642,0.0826649852446509,NA
"65fcbd673d4d3a7f-1",5643,NA,"party_tpp 缺值"
"65fe527f812370c9",5644,0.0826649852446509,NA
"6601a30eab72f939",5645,0.797640866365096,NA
"6605dbb651ad53cf",5646,0.270680920414285,NA
"6606b499900dda59",5647,1.01278852899865,NA
"6609a3f22c8e3abd",5648,0.295288117121358,NA
"6609cbaf3067a7f3",5649,NA,"edu 缺值"
"660a761bf474f006",5650,0.168094563567848,NA
"660e73df54f33d5c",5651,0.0836856844568212,NA
"660ee7469a0b5f85",5652,NA,"party_tpp 缺值"
"661bafb24f2a05a5",5653,NA,"party_tpp 缺值"
"661c119ba5e356bc",5654,0.247311333438462,NA
"66202178204ab9a6",5655,2.4037099598854,NA
"66202d55bedc5e83",5656,NA,"sex 缺值"
"6630849a2275b7b4",5657,NA,"sex 缺值"
"6631930773fa27cc",5658,1.03872768386547,NA
"663a01e85039228c",5659,5.00009104606325,NA
"663f89b0bd783084",5660,0.125445388161949,NA
"6644fac83ff6e5cc",5661,0.168094563567848,NA
"66472912e38ae5e4",5662,0.270522990875408,NA
"664836338e933541",5663,1.2148840312943,NA
"664d9a9aced12ac6",5664,0.137328507079303,NA
"664ff89dcbea3a6f",5665,0.359007928496261,NA
"6650cdefb9eca761",5666,NA,"edu 缺值"
"66524dc349dadbcf",5667,0.37657952957204,NA
"6657cb76ef2f1fe1",5668,0.117169505819394,NA
"66586c6affd2c8c9",5669,0.147101185861357,NA
"665901930c2dfb9f",5670,0.163024078087676,NA
"665a8d4884371af3",5671,0.797640866365096,NA
"665f53d11f34c048",5672,0.225763896503032,NA
"665f53d11f34c048-1",5673,NA,"party_kmt 缺值"
"66605b65c365834a",5674,0.111511768743893,NA
"66623c44bcefd88c",5675,0.111511768743893,NA
"666448313e5d368e",5676,0.0826649852446509,NA
"6664b80fc5f54d1d",5677,NA,"edu 缺值"
"6667177601da19d8",5678,0.350539549928668,NA
"666b5ab07308408b",5679,5.00009104606325,NA
"6676cd08ea35b703",5680,1.15188307360859,NA
"66784a6fb65d5fe5",5681,0.313121076762809,NA
"66798c2ad20c7a27",5682,0.360684248405661,NA
"6682fc2566859ca7-1",5683,NA,"edu 缺值"
"6682fc2566859ca7",5684,NA,"edu 缺值"
"66853484c56f141e",5685,0.174625325219644,NA
"6687acde91b5facf",5686,0.0935534866653076,NA
"6687dc96474f8814",5687,0.270522990875408,NA
"668bb11ae6628786",5688,NA,"edu 缺值"
"668c8ebd5ce63063",5689,NA,"edu 缺值"
"668cf651b473849a",5690,0.624795234497572,NA
"668dca925f5bb315",5691,0.0935534866653076,NA
"66947b922c92fdb0",5692,0.439799845478686,NA
"66947b922c92fdb0-1",5693,NA,"party_tpp 缺值"
"669d366f967e218a",5694,NA,"edu 缺值"
"669da9ba552507ad",5695,0.109703744645957,NA
"66a49f333d1882e9-1",5696,NA,"party_dpp 缺值"
"66a49f333d1882e9",5697,1.36167036604999,NA
"66a683882ac7c9fb",5698,1.78334572274152,NA
"66b81788009ee2a0",5699,1.27553206998897,NA
"66bcbdcc11f20af7",5700,NA,"party_tpp 缺值"
"66bd6cd68f0e591c",5701,NA,"edu 缺值"
"66c5b373d0a52dab",5702,NA,"edu 缺值"
"66c8848bcf308042",5703,0.106699590892319,NA
"66ccf2616f25f57c",5704,0.0826649852446509,NA
"66ccf2616f25f57c-1",5705,NA,"party_kmt 缺值"
"66dd00badcbd551a",5706,NA,"edu 缺值"
"66e3a4cceb3829d1",5707,NA,"edu 缺值"
"66e3a745b7ee4833",5708,NA,"sex 缺值"
"66ff7e74af0bd559",5709,5.00009104606325,NA
"6714754ef73a1d1d",5710,0.177806529508921,NA
"67191a201d425085",5711,1.83881255131899,NA
"671cc2d39ebdf4f8",5712,0.139093121103869,NA
"671cc2d39ebdf4f8-1",5713,NA,"party_tpp 缺值"
"6720042b194478a2",5714,2.93449401213273,NA
"672005ea9d3b683e",5715,NA,"edu 缺值"
"6722006547eb9855",5716,NA,"edu 缺值"
"672444fe4c3d1590",5717,5.00009104606325,NA
"67275a5a9cec536b",5718,NA,"party_tpp 缺值"
"672be49ed41a5779",5719,NA,"edu 缺值"
"6730d00625b6b95f",5720,0.143849474355578,NA
"67352677f031feab",5721,0.189870430687549,NA
"674147db45603131",5722,1.86226251389172,NA
"67493708855ca9f0",5723,0.125445388161949,NA
"674d056d9c3a5ae7",5724,5.00009104606325,NA
"67518785bde0ed70",5725,0.0935534866653076,NA
"675746e2932c26ff",5726,0.360684248405661,NA
"6757674e26c3cc6b",5727,0.797640866365096,NA
"675958e9b2546a6e",5728,0.575132709190708,NA
"6765c5ec8d8606a7",5729,NA,"edu 缺值"
"6766e0fcf314b62e",5730,NA,"edu 缺值"
"67819d2bfbbf0d43",5731,NA,"edu 缺值"
"6782b9e8d280e36b",5732,0.359007928496261,NA
"6787ccd6e3828a0e",5733,3.06270327336968,NA
"6789543d749668ae",5734,0.282723644450041,NA
"678fbe70a7a4f05b",5735,4.55210080057181,NA
"679789c99435579d",5736,NA,"edu 缺值"
"679b85e8d9f4636c",5737,0.147101185861357,NA
"679cdbcb9559a048",5738,5.00009104606325,NA
"67b0b899ebbcd993",5739,NA,"sex 缺值"
"67b2533838c517cf",5740,1.30840290744747,NA
"67bb45d667013e58",5741,0.114651410572369,NA
"67c2671fcab5d296-1",5742,NA,"party_kmt 缺值"
"67c2671fcab5d296",5743,1.2148840312943,NA
"67cccaf790c16504",5744,0.161035702786106,NA
"67ce50e3ba2c6870",5745,2.4011301520916,NA
"67d0b59d218c362d-1",5746,NA,"edu 缺值"
"67d0b59d218c362d",5747,NA,"edu 缺值"
"67d5aa9408b9ae9c",5748,0.267379474007893,NA
"67dd39954ec55cf9",5749,0.0863931964567863,NA
"67ed6869df9103b7",5750,0.509155582436603,NA
"67ef4915541a0ba0",5751,0.153735485605362,NA
"67f8865a74b26d2b",5752,NA,"party_tpp 缺值"
"67f99ad4574b3d86",5753,0.465196977412774,NA
"67fbb01a0a3b12e6",5754,NA,"party_dpp 缺值"
"67fc71bb4476ea64-1",5755,NA,"party_kmt 缺值"
"67fc71bb4476ea64",5756,0.618329118842617,NA
"67fe38d7539533a3",5757,0.161035702786106,NA
"6809cfb67a18abc7",5758,0.223856450355422,NA
"680ca8528e08f977",5759,NA,"edu 缺值"
"6810a2a61d93504b-1",5760,NA,"party_kmt 缺值"
"6810a2a61d93504b",5761,NA,"party_dpp 缺值"
"6813f96854affa96",5762,5.00009104606325,NA
"68186de0fb802eea",5763,NA,"edu 缺值"
"6825944b4f993d43",5764,NA,"party_tpp 缺值"
"68276953a8aa4d59",5765,5.00009104606325,NA
"68287546e1a3aa6c",5766,0.401743698398901,NA
"68317e966ffede91",5767,0.27157879875813,NA
"683deaff2cdb26d2",5768,0.147101185861357,NA
"6848851847d6dfa4",5769,NA,"sex 缺值"
"684f1e153054ac25",5770,NA,"party_kmt 缺值"
"6850023c747f2036",5771,0.0826649852446509,NA
"68522bb2f6be41d4",5772,NA,"edu 缺值"
"6852a6a04eb1f969",5773,0.161035702786106,NA
"685bd8b77b3111f4",5774,0.401743698398901,NA
"685ec33126bb05f4",5775,0.216840920771329,NA
"685f05122b709a11",5776,NA,"party_tpp 缺值"
"685f827b4ea8664d",5777,0.270522990875408,NA
"686a53c6435187cb",5778,NA,"sex 缺值"
"686ab49dd882133b",5779,1.42308203522184,NA
"687216b8dbe28c2d",5780,NA,"edu 缺值"
"687535bf3437c672",5781,0.0935534866653076,NA
"687ac8817fbb5ee3",5782,0.239090741590243,NA
"687acb9f910b5df6-1",5783,NA,"party_kmt 缺值"
"687acb9f910b5df6",5784,0.370839403919046,NA
"687d6bfba4a6e31d",5785,5.00009104606325,NA
"68879de308fafde2",5786,0.86495288490461,NA
"689b16e544571072-1",5787,NA,"party_kmt 缺值"
"689b16e544571072",5788,1.07348613184449,NA
"68a07af67cbc3f5b",5789,1.69156528819456,NA
"68a771cd0c24cc6f",5790,0.735270123112013,NA
"68acdd5c5696c386",5791,0.27157879875813,NA
"68b3172033f78668",5792,NA,"party_kmt 缺值"
"68b4c5ade10dc081",5793,NA,"sex 缺值"
"68c5951510c22abc",5794,NA,"edu 缺值"
"68cc063a4220c55c",5795,0.385311335884033,NA
"68d686f4f89daf3d",5796,3.92953621544474,NA
"68d935e83ff66636",5797,0.0981324511294532,NA
"68d935e83ff66636-1",5798,NA,"party_tpp 缺值"
"68e6c8db7add33b2",5799,NA,"party_tpp 缺值"
"68e78c66b70ec9fa",5800,2.96102064990023,NA
"68e8e7399b6691c8",5801,2.24485670539774,NA
"68f8231529000f4a",5802,NA,"edu 缺值"
"68fc2f73cc566b35",5803,0.439799845478686,NA
"68fce9eabc25ec97",5804,NA,"party_kmt 缺值"
"68fd11406abf2365",5805,5.00009104606325,NA
"6901957405fa156b",5806,5.00009104606325,NA
"6903c81efde3ed5d",5807,NA,"party_tpp 缺值"
"6908b15f3fcf73a2",5808,NA,"party_tpp 缺值"
"69096005c9a8400a",5809,NA,"edu 缺值"
"690b898068cbfad5",5810,0.163395985924161,NA
"690c8d65ef5b60b1",5811,NA,"edu 缺值"
"691dec8edd5628fb",5812,0.33153058856141,NA
"6920c708ab7eba87",5813,NA,"party_tpp 缺值"
"6928867b6e66cc2c",5814,0.109703744645957,NA
"692915b2a45b3f22",5815,NA,"edu 缺值"
"6930218491ef4cb8",5816,0.238300273409114,NA
"69316891cb9c9523",5817,0.328602099431772,NA
"69331966595ab629",5818,NA,"sex 缺值"
"69331e42f1e44cf5",5819,2.89789680437426,NA
"6934d4c6662015fd",5820,0.665572107258151,NA
"693a92bf2f81d7e8",5821,NA,"edu 缺值"
"693b5f0db1dc237d",5822,NA,"edu 缺值"
"69495bebee45fbd9",5823,0.86636032179925,NA
"694d7d63a5ac3e78",5824,NA,"party_tpp 缺值"
"6951264930272f78",5825,0.161035702786106,NA
"6952094a20ab158a",5826,0.0981324511294532,NA
"6954c386496a789b",5827,0.0863931964567863,NA
"695f5eb3e567099d",5828,2.84429792187621,NA
"6962d2519a244ca8",5829,2.16749329096119,NA
"6962f259a8fe2a9f",5830,5.00009104606325,NA
"69639417b086860c-1",5831,NA,"party_kmt 缺值"
"69639417b086860c",5832,0.465739762822564,NA
"6969d96611fe4f75",5833,3.40702302552158,NA
"696f1bfecd770e86",5834,0.0826649852446509,NA
"697155391a904af2",5835,5.00009104606325,NA
"69770bf51bd1460f",5836,0.109703744645957,NA
"697925dd0e43c99f",5837,0.771577581993906,NA
"6983b22117c618d4",5838,0.0935534866653076,NA
"6986d8812e19ecf3",5839,0.345119283638798,NA
"698ac39e1353de35",5840,4.4234764457091,NA
"698e1bd62ba62154",5841,0.33153058856141,NA
"698f76cea5111106",5842,NA,"edu 缺值"
"6993c728a5092848-1",5843,NA,"party_kmt 缺值"
"6993c728a5092848",5844,0.0863931964567863,NA
"699f6a77b25c9d22",5845,NA,"edu 缺值"
"69b17ede8ebb3bf1",5846,NA,"party_tpp 缺值"
"69b2bd8e31639c69",5847,0.109703744645957,NA
"69b73aa039d2a7c7",5848,0.520869160987682,NA
"69ba84904368eb06",5849,0.117169505819394,NA
"69be48388f4f3724",5850,0.0704952927516892,NA
"69cf1127a2ff126b",5851,0.334430168672342,NA
"69e2a6d6036a14c2",5852,0.653282721236478,NA
"69e8466917f55a08",5853,NA,"party_tpp 缺值"
"69ec672e53d04b5e",5854,0.200703811200941,NA
"69f0d1b099acb76e",5855,2.0912069742842,NA
"6a0496a524f3f7f5",5856,0.302598276430383,NA
"6a0b56c8502f2575",5857,0.143849474355578,NA
"6a0d355334f56fd1",5858,0.0704952927516892,NA
"6a0dffbe339b9a55",5859,0.624795234497572,NA
"6a0eb47824341599",5860,NA,"party_tpp 缺值"
"6a16fa0b2fa0e622",5861,0.641832578871939,NA
"6a2565d4c254bd83",5862,NA,"sex 缺值"
"6a25d459a8df229c",5863,0.238300273409114,NA
"6a2708666edcee99",5864,0.158056991096045,NA
"6a2bf29f4159426b",5865,NA,"sex 缺值"
"6a2d393ed9736287",5866,NA,"edu 缺值"
"6a2f50ad2144277f-1",5867,NA,"party_kmt 缺值"
"6a2f50ad2144277f",5868,0.241295995996585,NA
"6a3d3f1a03f13a5d",5869,1.2214790580093,NA
"6a3fe9ddeb85c67f",5870,NA,"party_tpp 缺值"
"6a4847e6ef4204fd",5871,NA,"edu 缺值"
"6a49c62d6939ed9e",5872,0.225763896503032,NA
"6a5ed8ac2a16d136",5873,0.0977727719756202,NA
"6a684b9d73d5095f",5874,0.117169505819394,NA
"6a6878a42ae51448",5875,NA,"edu 缺值"
"6a6a9510d0aa2bd0",5876,5.00009104606325,NA
"6a6c36df34a47190",5877,2.92861967795179,NA
"6a70ef98b7beb668",5878,0.481391881251299,NA
"6a712a07502bc292",5879,0.647312234268205,NA
"6a72954bb43529bb",5880,0.317223720565632,NA
"6a784783de0abe23",5881,0.1512362011435,NA
"6a8076cba7ae5a01",5882,NA,"edu 缺值"
"6a814977d6fe8314",5883,0.207856368152516,NA
"6a8ff8935ffdb2a8",5884,NA,"party_tpp 缺值"
"6a90c067dbfabb4e",5885,0.469297935118666,NA
"6a9295e2625c2ebb",5886,0.0981324511294532,NA
"6a93a63668b982d8",5887,0.27157879875813,NA
"6a9514519f14d9db",5888,0.469297935118666,NA
"6a97142134d2d5a6",5889,NA,"party_tpp 缺值"
"6a9b554e94714d39",5890,0.270522990875408,NA
"6a9cbde059446fd3",5891,0.161035702786106,NA
"6a9d2c3d8a201bed",5892,0.771577581993906,NA
"6a9ffb65748edd1a",5893,0.413398602045685,NA
"6aa158de6d91f4d1",5894,0.390068936406348,NA
"6aa39270a18ec0e0",5895,5.00009104606325,NA
"6aa783ba26c15a94",5896,0.117169505819394,NA
"6aa9cea0a67bd9e7",5897,5.00009104606325,NA
"6aac1cb2aa936939",5898,NA,"party_tpp 缺值"
"6ab2e11d5a5ce1d5",5899,0.307350729610672,NA
"6ab978e4ba3b2b15",5900,0.627025849299429,NA
"6ac0181d4868b6c1",5901,0.350539549928668,NA
"6ac25d7bda8c8432",5902,1.26679233566172,NA
"6ac5da01efcfa9ff",5903,NA,"edu 缺值"
"6ac5f89f3009bfc5",5904,2.46300798394163,NA
"6ad47644a13a3ea6",5905,NA,"edu 缺值"
"6addc97feca63be6",5906,NA,"party_tpp 缺值"
"6aea03e0802d6909",5907,1.42308203522184,NA
"6aef33b7606cbac5",5908,NA,"edu 缺值"
"6af3fd28ae56865c",5909,5.00009104606325,NA
"6af5229fd3e11b97",5910,NA,"edu 缺值"
"6af5e62e185faaa1",5911,0.0826649852446509,NA
"6afae60b595fafd5",5912,0.111511768743893,NA
"6afbbe10ffdc2055",5913,NA,"edu 缺值"
"6afc70afa64f908d",5914,0.345119283638798,NA
"6afc9c88c26d5978",5915,NA,"edu 缺值"
"6b002a6d9ec68f93-1",5916,NA,"party_kmt 缺值"
"6b002a6d9ec68f93",5917,0.354836203663754,NA
"6b09c37501cf1c93-1",5918,NA,"party_dpp 缺值"
"6b09c37501cf1c93",5919,0.147101185861357,NA
"6b13b400788a003f",5920,NA,"edu 缺值"
"6b179a7d42bb3bea",5921,NA,"sex 缺值"
"6b1838e5d0db1c0a",5922,0.16829845267839,NA
"6b2593415fa6c7a3",5923,0.377707299639131,NA
"6b2d99b6274aa416",5924,NA,"edu 缺值"
"6b2d99b6274aa416-1",5925,NA,"edu 缺值"
"6b30fa71a5e1eee0-1",5926,NA,"party_tpp 缺值"
"6b30fa71a5e1eee0",5927,0.0863931964567863,NA
"6b38a1b7b4cf61e9",5928,0.254274446084471,NA
"6b3991a8af6ed106",5929,0.350539549928668,NA
"6b3ea6401baf4a54",5930,0.409455600887348,NA
"6b451e597475b58f",5931,0.111511768743893,NA
"6b45c833c314030f",5932,5.00009104606325,NA
"6b54d675458ae65c",5933,0.0863931964567863,NA
"6b55c545ab5c1fcc",5934,0.317223720565632,NA
"6b5679ff7eb44c5b",5935,1.26586110718561,NA
"6b5679ff7eb44c5b-1",5936,NA,"party_kmt 缺值"
"6b58f64766f9999e",5937,NA,"sex 缺值"
"6b5e4932ff793628",5938,5.00009104606325,NA
"6b5f19597f24b9ef",5939,1.58810578274177,NA
"6b5f19597f24b9ef-1",5940,NA,"party_kmt 缺值"
"6b60a32628b577f4",5941,NA,"edu 缺值"
"6b6124971ae9c0bc",5942,0.360684248405661,NA
"6b6efcf781c02062",5943,NA,"sex 缺值"
"6b6f5ee291d41b54",5944,NA,"party_tpp 缺值"
"6b74d1abdfa90fff",5945,NA,"party_tpp 缺值"
"6b79e05433ba9089",5946,NA,"sex 缺值"
"6b7d19b70ce4dbf0",5947,1.26099799399855,NA
"6b7d88791a3a9db8-1",5948,NA,"party_dpp 缺值"
"6b7d88791a3a9db8",5949,0.137328507079303,NA
"6b84cbffac45a1c8",5950,5.00009104606325,NA
"6b87a059dda7906e",5951,0.153735485605362,NA
"6b897a359101ead7",5952,0.0981324511294532,NA
"6b8d95d71351888a",5953,NA,"edu 缺值"
"6b9985b136b222df",5954,0.2794383541969,NA
"6b9985b136b222df-1",5955,NA,"party_kmt 缺值"
"6b9e7b492fae052b",5956,0.147985976977968,NA
"6b9f26e236d6970c",5957,0.111511768743893,NA
"6b9f26e236d6970c-1",5958,NA,"party_kmt 缺值"
"6baa29c4004c710c",5959,3.52671779117873,NA
"6bafc98adae9e248",5960,NA,"edu 缺值"
"6bb26c167f18cb40",5961,2.12185757209693,NA
"6bb2bdd1b7772c1d",5962,0.589954048650274,NA
"6bc23226b771246f",5963,0.0863931964567863,NA
"6bc9228a2736678f",5964,NA,"edu 缺值"
"6bcc5fa2992c82df",5965,0.0704952927516892,NA
"6bcc5fa2992c82df-1",5966,NA,"party_kmt 缺值"
"6bcefde3cd4c6ab1",5967,0.117169505819394,NA
"6bcfc3b86084b637",5968,NA,"sex 缺值"
"6bd950bf3b5be569",5969,0.207856368152516,NA
"6bdec44705916917",5970,0.0736746478324626,NA
"6be024d770d07f1c",5971,0.191167133061059,NA
"6be985dbe80cdf3e",5972,0.316245533290368,NA
"6bf1570b20e0c24b",5973,NA,"party_tpp 缺值"
"6bf384a638802963",5974,0.564495177014209,NA
"6bf4c70c6f65cea1",5975,NA,"edu 缺值"
"6bf8ff83ec192db0-1",5976,1.3841120141743,NA
"6bf8ff83ec192db0",5977,0.106699590892319,NA
"6c03f0783766717d",5978,NA,"edu 缺值"
"6c03f2e06f8cd226-1",5979,NA,"age 缺值"
"6c03f2e06f8cd226",5980,NA,"age 缺值"
"6c08db6649c50c68",5981,0.141599791476844,NA
"6c0a8f3a2eb97c72",5982,5.00009104606325,NA
"6c1358b517ebab8d",5983,0.137328507079303,NA
"6c1528e3588b51fe",5984,0.239090741590243,NA
"6c1661bb9abe0838",5985,0.682869326233153,NA
"6c16ea4d55cfcbdc",5986,0.0826649852446509,NA
"6c1bbc3906f2f59e",5987,0.420983926067105,NA
"6c22d85f10b25da5",5988,NA,"edu 缺值"
"6c24f22ac12294f3",5989,0.317223720565632,NA
"6c266c7d8765841f",5990,0.0935534866653076,NA
"6c2a371c9aedcc5b",5991,0.207856368152516,NA
"6c2bd3046d76163a",5992,NA,"party_kmt 缺值"
"6c32f81776bc0b31",5993,0.270522990875408,NA
"6c37f66ca224452d",5994,NA,"party_tpp 缺值"
"6c4487949682c565",5995,NA,"party_tpp 缺值"
"6c5a1298f2b3d2a3",5996,1.5983817150522,NA
"6c64f1cd1ee6b908",5997,0.0704952927516892,NA
"6c68d518f6c7a30c",5998,0.106699590892319,NA
"6c6b9380dc01c99f",5999,NA,"sex 缺值"
"6c6b9380dc01c99f-1",6000,NA,"sex 缺值"
"6c7137949e846b34",6001,0.391650743289372,NA
"6c732f95e9956ce2",6002,NA,"edu 缺值"
"6c74d60f083b4f9a",6003,NA,"edu 缺值"
"6c763cfcca085629",6004,2.69632239427121,NA
"6c79b6de276b4647",6005,0.149873208832532,NA
"6c7e8265c26a15c1",6006,NA,"party_tpp 缺值"
"6c83127d0fabc4c9",6007,NA,"sex 缺值"
"6c83c7a76eff8e85",6008,0.15549429433347,NA
"6c8c72bbdd9279d1",6009,0.147101185861357,NA
"6c8d2decc6c6289c",6010,NA,"party_tpp 缺值"
"6c8d9e5ac6323601",6011,NA,"sex 缺值"
"6c9542aa9f76c5fb",6012,NA,"sex 缺值"
"6c95431b3f1bddcd",6013,NA,"sex 缺值"
"6c99dd66fce29390",6014,0.137328507079303,NA
"6cac6d2f4fa1dacd",6015,0.147101185861357,NA
"6cad9521ab71f84d",6016,0.316245533290368,NA
"6cb2dda18e670e3a-1",6017,NA,"party_tpp 缺值"
"6cb2dda18e670e3a",6018,0.299608652671325,NA
"6cb33a20fa312dff",6019,0.270680920414285,NA
"6cc1971688882c8d",6020,0.627025849299429,NA
"6cc4c7a2138f7d18",6021,0.200703811200941,NA
"6cc51c2eed29f1b3",6022,0.111511768743893,NA
"6ccb1593fedef182",6023,0.526992895800938,NA
"6cd7857a4742a968",6024,2.0080744886696,NA
"6cd7857a4742a968-1",6025,NA,"party_kmt 缺值"
"6cdd95f81be330b7",6026,NA,"sex 缺值"
"6ce18d6246e3cc2d",6027,0.228016665583315,NA
"6ce72af94d0d999f",6028,0.147101185861357,NA
"6ce7fc120efc85a2",6029,0.738280930056031,NA
"6cf24b67ab2fd7ad",6030,0.255978129078632,NA
"6d0476ada26f1e06",6031,NA,"edu 缺值"
"6d04b9a83d539daa",6032,0.946887646635036,NA
"6d0be6ab12bdfff8",6033,0.915450706309203,NA
"6d0be6ab12bdfff8-1",6034,3.00752492008486,NA
"6d1093ccd5246c99",6035,NA,"edu 缺值"
"6d14fb15b63c6192",6036,NA,"edu 缺值"
"6d2086f295cfdef0",6037,NA,"edu 缺值"
"6d262fe0e13bfcb4",6038,5.00009104606325,NA
"6d2e42230b8d60ed",6039,2.84429792187621,NA
"6d3218504495cc26",6040,0.193448411329452,NA
"6d367f7e56932e1e",6041,0.571465235506897,NA
"6d39abc12c01f07f",6042,3.92953621544474,NA
"6d39b44321bb95f4",6043,0.62559866719508,NA
"6d3bd3894b833679",6044,0.125445388161949,NA
"6d56ee4c15b10e82",6045,NA,"party_tpp 缺值"
"6d6e2011311bb197",6046,NA,"sex 缺值"
"6d6e2ab4ed317405",6047,0.0863931964567863,NA
"6d6e2ab4ed317405-1",6048,NA,"party_kmt 缺值"
"6d6ffe2776a9b3c1",6049,NA,"party_tpp 缺值"
"6d730d008abc95b9",6050,NA,"edu 缺值"
"6d7e2c4153184a64",6051,0.114651410572369,NA
"6d7e2c4153184a64-1",6052,NA,"party_kmt 缺值"
"6d84f3b311cb8f3f",6053,NA,"edu 缺值"
"6d890d0f5fa9ee5a",6054,NA,"edu 缺值"
"6d8f5aabce30f567",6055,NA,"edu 缺值"
"6d988bc74572cf62",6056,0.567890529098339,NA
"6da16b4398f80dc0",6057,NA,"party_tpp 缺值"
"6dac94da6ebf4d54",6058,0.543383786383836,NA
"6dac94da6ebf4d54-1",6059,NA,"party_kmt 缺值"
"6db0a90661bf7d4f",6060,0.143405581745165,NA
"6db290566f71feec",6061,2.4011301520916,NA
"6db8023c35b49d52",6062,NA,"edu 缺值"
"6db99d00c5be4d0e",6063,NA,"party_tpp 缺值"
"6db9fd8e5f08c73f",6064,NA,"edu 缺值"
"6dbe92880fef5f32",6065,0.529049664623895,NA
"6dc55ef644482ca6",6066,0.0704952927516892,NA
"6dc5a3ef716aabe9",6067,0.385311335884033,NA
"6dc80ee40c51382b",6068,NA,"party_tpp 缺值"
"6dca3a979adb227a",6069,NA,"age 缺值"
"6dcdc86a72a9580d",6070,0.866866097244371,NA
"6dd3684e5b56966a",6071,NA,"party_tpp 缺值"
"6dd73f14c4955746",6072,0.497256645674774,NA
"6dd73f14c4955746-1",6073,NA,"party_dpp 缺值"
"6dda2f6619723372",6074,NA,"edu 缺值"
"6de0be0c04418dc5",6075,0.270583396815022,NA
"6df307bd15cbdc10",6076,5.00009104606325,NA
"6df446b5c098d593",6077,NA,"sex 缺值"
"6dfa99c855ad5b39",6078,0.109703744645957,NA
"6dfe7705afa5c213",6079,0.203263341729211,NA
"6e03953aee1518fe",6080,NA,"edu 缺值"
"6e171e2fd62c41d6",6081,4.15549097456702,NA
"6e24ab4362c1ada9",6082,0.0826649852446509,NA
"6e2b76dc2d4efa75",6083,0.37657952957204,NA
"6e2e939fc1cef90c",6084,0.147101185861357,NA
"6e3e2a792da7c058",6085,NA,"party_kmt 缺值"
"6e401d73784f5352",6086,0.523281952812502,NA
"6e42eaf567b51e68",6087,NA,"edu 缺值"
"6e4cbe1168d11c21",6088,NA,"party_tpp 缺值"
"6e52aeeaeaa5042d",6089,0.526992895800938,NA
"6e5a0a634c19d354",6090,3.48197585408211,NA
"6e5c5450d31dffba",6091,0.451164551441784,NA
"6e6766c9d6d7c35d",6092,0.109703744645957,NA
"6e69c8c186a1d6e2",6093,0.225763896503032,NA
"6e6adfa6b1551f88",6094,0.228016665583315,NA
"6e6bf22e865c9099",6095,0.0935534866653076,NA
"6e77f4a83de2a836",6096,0.665572107258151,NA
"6e7fa12fd3d48b65",6097,0.353708704803735,NA
"6e89c3e2c2679d3b",6098,NA,"edu 缺值"
"6e8cfff62393459b",6099,NA,"edu 缺值"
"6e92fbc250d7d401",6100,0.294616007802654,NA
"6e94105acab624ce",6101,0.231597778272698,NA
"6e950f4561d71dfd",6102,NA,"edu 缺值"
"6e97161e304826d4",6103,0.0863931964567863,NA
"6e9790b2a7c65a7d",6104,0.520869160987682,NA
"6e9ec18c2d610b09",6105,NA,"edu 缺值"
"6e9f423da8795247",6106,NA,"party_tpp 缺值"
"6eaab6e72eaab61c",6107,0.182662832831437,NA
"6eab071ae17fe498",6108,NA,"party_tpp 缺值"
"6eb4769cbdc25b14",6109,5.00009104606325,NA
"6eb65c87bcda1cd7",6110,NA,"edu 缺值"
"6eb8caad91fa72b2",6111,0.267379474007893,NA
"6ec20a7f8cc4a32e",6112,NA,"party_tpp 缺值"
"6ec74e32dcf96c57",6113,0.317223720565632,NA
"6eca8084ee9548f7",6114,1.65972974502462,NA
"6ed59d8db1d725fd",6115,1.76785529967695,NA
"6edac970c7c673f1",6116,1.52156126563066,NA
"6ee32286deb13f98",6117,0.391650743289372,NA
"6ee3cce9a8f3ba2a",6118,5.00009104606325,NA
"6ee6bef9ae30d105",6119,0.185100340350864,NA
"6ee6d60b4f8b28e0",6120,NA,"sex 缺值"
"6eec9075343f911b",6121,NA,"party_tpp 缺值"
"6eefb209c9b56f19",6122,NA,"party_tpp 缺值"
"6ef1fe8a1b5d44ad",6123,NA,"edu 缺值"
"6ef29471a4489a70",6124,1.07233400120656,NA
"6ef36c32dc32c981",6125,NA,"edu 缺值"
"6ef86a3f45f926da",6126,0.359217514958461,NA
"6ef9a460e5ab1fc2",6127,0.350539549928668,NA
"6efd8198faa3d827",6128,0.207856368152516,NA
"6f00a6fa4aad76cf",6129,NA,"party_tpp 缺值"
"6f0908846bc7ddaa",6130,NA,"edu 缺值"
"6f0d77ce302f1ec8",6131,0.217230741594507,NA
"6f12fa22fd856138",6132,NA,"edu 缺值"
"6f14a969a3ff0c78",6133,0.0826649852446509,NA
"6f1d43c734e0665e",6134,NA,"party_tpp 缺值"
"6f209d070ba0a94c",6135,0.0826649852446509,NA
"6f2a2115162c9677",6136,2.67216632666067,NA
"6f2a2115162c9677-1",6137,NA,"party_kmt 缺值"
"6f2c5423f7e2aeb6",6138,0.141599791476844,NA
"6f2ee77b4ddad18c",6139,0.141599791476844,NA
"6f3266d3b40f9978-1",6140,NA,"party_kmt 缺值"
"6f3266d3b40f9978",6141,0.143405581745165,NA
"6f4349fcc0385fae",6142,2.69632239427121,NA
"6f50fd95586ed55b",6143,NA,"party_tpp 缺值"
"6f596edb010a0b22",6144,1.26099799399855,NA
"6f5bb9b642a12d4c",6145,1.86026382044382,NA
"6f5c83d6c369b6f3",6146,0.2794383541969,NA
"6f5f8bc75d8115a8",6147,5.00009104606325,NA
"6f6354b02be3b8fe",6148,0.109703744645957,NA
"6f692b2cd71ef103",6149,NA,"party_tpp 缺值"
"6f6bae2699151430",6150,NA,"party_tpp 缺值"
"6f6e2e9bee63cde0",6151,1.1118143872295,NA
"6f721db53c918df2-1",6152,NA,"party_tpp 缺值"
"6f721db53c918df2",6153,2.2975118034025,NA
"6f774801a986bfb1",6154,5.00009104606325,NA
"6f79367cf6d243c8",6155,0.40268897211483,NA
"6f79367cf6d243c8-1",6156,NA,"party_kmt 缺值"
"6f7e4651a5c046ea",6157,0.269122706155871,NA
"6f859d802fa0a158",6158,0.57523665339432,NA
"6f918aa2506b9318",6159,2.69632239427121,NA
"6f96bdbc02a8d2a9",6160,NA,"edu 缺值"
"6f97fe182e6a26f6",6161,1.03503245925979,NA
"6f9922ae3c36d8d1",6162,NA,"party_tpp 缺值"
"6f9ae8a768936fde",6163,0.270522990875408,NA
"6f9e4103c9fffe9a",6164,NA,"edu 缺值"
"6fa645479a2f2714",6165,0.460683494922433,NA
"6fa9b624aff13077",6166,0.282723644450041,NA
"6fa9b624aff13077-1",6167,NA,"party_kmt 缺值"
"6fac4ab94a4c035d",6168,5.00009104606325,NA
"6fac66b81ff1c504",6169,NA,"party_tpp 缺值"
"6fae71938461bae4-1",6170,NA,"party_kmt 缺值"
"6fae71938461bae4",6171,0.109703744645957,NA
"6fb3c2251e504355",6172,0.0999201607532301,NA
"6fb4b23f3aa679f4",6173,NA,"edu 缺值"
"6fba390209a0c2c2",6174,0.0704952927516892,NA
"6fbb4daa5b3f635d",6175,0.550760405309663,NA
"6fc210d3013535c7",6176,NA,"edu 缺值"
"6fc83bb67e2c832d",6177,0.147101185861357,NA
"6fca5340e080ff61",6178,NA,"edu 缺值"
"6fcf4b02d80f63a0",6179,0.143405581745165,NA
"6fcf4b02d80f63a0-1",6180,NA,"party_kmt 缺值"
"6fe41a9054358ef0",6181,0.219734510927064,NA
"6fefbc5194b9f44e",6182,0.86636032179925,NA
"6ff4ca961cada4a3",6183,NA,"edu 缺值"
"6ff942122ba0c95b",6184,5.00009104606325,NA
"6ff942122ba0c95b-1",6185,NA,"party_kmt 缺值"
"6fff6afb6c1208cb",6186,NA,"sex 缺值"
"70013e218a700a99-1",6187,NA,"party_kmt 缺值"
"70013e218a700a99",6188,0.520869160987682,NA
"7006320735cddb2f",6189,NA,"edu 缺值"
"700686b5a643509a-1",6190,NA,"party_kmt 缺值"
"700686b5a643509a",6191,0.173339519005292,NA
"7010a9c1f15830c7",6192,0.268006635152847,NA
"7010a9c1f15830c7-1",6193,NA,"party_tpp 缺值"
"70131f6a18fdfdd0",6194,5.00009104606325,NA
"70154509ed1bdc1f",6195,NA,"sex 缺值"
"7015abc79468a198",6196,0.550313437502534,NA
"701880a0efb2212b",6197,NA,"edu 缺值"
"70244e133f773d12",6198,0.0704952927516892,NA
"70273fdc68b973a1",6199,NA,"party_tpp 缺值"
"702776b00dc7bf8e",6200,NA,"party_tpp 缺值"
"70306007e1feb07b",6201,1.15188307360859,NA
"7033dedeecf7e8b8",6202,0.62559866719508,NA
"703b079ea2ee7690",6203,0.1512362011435,NA
"7042a810e337491a",6204,0.170238235700995,NA
"70483b2fb9aaba43",6205,NA,"party_tpp 缺值"
"7048eb5ad8856a2a",6206,0.137328507079303,NA
"704b4b22c89be923",6207,NA,"edu 缺值"
"7050bbadd6c25eab-1",6208,NA,"party_dpp 缺值"
"7050bbadd6c25eab",6209,0.225763896503032,NA
"7050cbb755e72776",6210,0.520869160987682,NA
"70544710a5798d30",6211,NA,"edu 缺值"
"705534c0c20824e1",6212,0.617968352991575,NA
"7064f44c21bfb393",6213,NA,"sex 缺值"
"706805a70671a181",6214,0.3497416820687,NA
"707105cc9c9128d8",6215,0.360409078911018,NA
"7072398229e629ef",6216,0.0704952927516892,NA
"70782a05b152c9f3-1",6217,NA,"party_kmt 缺值"
"70782a05b152c9f3",6218,0.557108388114855,NA
"707d5bb64cfdce17",6219,2.0080744886696,NA
"707dffa8d1da32cc",6220,NA,"sex 缺值"
"7088ae24bac41f3a",6221,0.14517627055464,NA
"708c948aafa78b3f",6222,0.17953404423645,NA
"7090a1f685d04cfa",6223,NA,"sex 缺值"
"70917f091eb356f9",6224,0.106699590892319,NA
"7093333087f8470c",6225,NA,"edu 缺值"
"70958991bf86acd7",6226,NA,"party_tpp 缺值"
"709624964cb4ccc6",6227,0.0935534866653076,NA
"7097fbfd78873e1f",6228,NA,"edu 缺值"
"7097fbfd78873e1f-1",6229,NA,"edu 缺值"
"7099ec8dea3c683b",6230,0.350539549928668,NA
"709b1e699dab451d",6231,0.0935534866653076,NA
"709c052d7833ac93",6232,0.0935534866653076,NA
"709c052d7833ac93-1",6233,NA,"party_dpp 缺值"
"709e842597d0bec8",6234,0.360409078911018,NA
"709f51accedf40fa",6235,NA,"edu 缺值"
"709fde4984a4babb",6236,0.26813339647468,NA
"70a79609d88de08a",6237,0.282723644450041,NA
"70ac726aeb3c7eda",6238,NA,"edu 缺值"
"70ac9b8a5488f195",6239,0.282723644450041,NA
"70b67883ef21bc49",6240,1.62728336093566,NA
"70b8d801a00d2125",6241,0.413398602045685,NA
"70bc3ff085f45f94",6242,1.58640133098009,NA
"70c883c8a4129044",6243,0.114651410572369,NA
"70cbd984b3f33a30",6244,5.00009104606325,NA
"70d5d911bf8c21dd",6245,1.07233400120656,NA
"70de05a12c526f88",6246,NA,"edu 缺值"
"70e285a0b96690ce",6247,NA,"edu 缺值"
"70e2ef99543a885d",6248,NA,"sex 缺值"
"70e6a68dc07d423b",6249,NA,"edu 缺值"
"70ea4635b46cb2f3",6250,0.0999201607532301,NA
"70ef2c3a1c00cacb",6251,0.529049664623895,NA
"70f1344e8261ffd9-1",6252,NA,"party_kmt 缺值"
"70f1344e8261ffd9",6253,NA,"party_dpp 缺值"
"70f4b1d56cac49a7",6254,0.469297935118666,NA
"70f9057b0f8460ba",6255,5.00009104606325,NA
"70ff80c930fe9e92",6256,5.00009104606325,NA
"7111d4a631415e0b",6257,0.350539549928668,NA
"711a0082b9166a9b",6258,NA,"sex 缺值"
"711a3dec11c11af9",6259,NA,"party_tpp 缺值"
"712372af131a2b8b",6260,NA,"edu 缺值"
"71253af7465db586",6261,1.07535763156715,NA
"7127833bee785f93",6262,0.426181991008403,NA
"71305651a847c222",6263,0.244931651230463,NA
"713338b0ea6c3724",6264,0.238778264953032,NA
"713338b0ea6c3724-1",6265,NA,"party_kmt 缺值"
"71335408cef622c0",6266,0.270583396815022,NA
"713c12a5d3939f3e-1",6267,NA,"party_kmt 缺值"
"713c12a5d3939f3e",6268,0.0981324511294532,NA
"7142b4592522088c",6269,0.317223720565632,NA
"7149f9a9e4228cb0",6270,NA,"edu 缺值"
"714ce07ad3c88ad1",6271,0.460683494922433,NA
"714d6086703880c7",6272,NA,"edu 缺值"
"714e9407b20b3f8e",6273,NA,"party_tpp 缺值"
"714ea1c916eee495",6274,NA,"edu 缺值"
"715847627ff31b80",6275,0.37657952957204,NA
"71686267f4459b8f",6276,NA,"party_tpp 缺值"
"717154229dd8bea9",6277,0.420983926067105,NA
"7175feaca6d05a0d",6278,0.740012630348694,NA
"717722a267de4794",6279,0.564495177014209,NA
"717d9e29258e5a86",6280,NA,"edu 缺值"
"71871a063e87873b",6281,NA,"sex 缺值"
"71882ef866b7e885",6282,0.270522990875408,NA
"71882ef866b7e885-1",6283,NA,"party_dpp 缺值"
"718a867dc6bc41db",6284,0.465196977412774,NA
"718da8911a74a671",6285,0.359007928496261,NA
"718da8911a74a671-1",6286,NA,"party_kmt 缺值"
"719f773d8dcd0da3",6287,5.00009104606325,NA
"71a5ef05cb2e1127",6288,1.76383146007034,NA
"71a68f16bde34358",6289,0.370721305817178,NA
"71a8849e00c3f7b2",6290,0.2794383541969,NA
"71a8ad2775c45689",6291,0.74235088287771,NA
"71aa67dd82972bb2-1",6292,NA,"party_kmt 缺值"
"71aa67dd82972bb2",6293,0.106699590892319,NA
"71aab2a4dd5fc544-1",6294,NA,"party_kmt 缺值"
"71aab2a4dd5fc544",6295,0.137328507079303,NA
"71afada96941ada9",6296,NA,"edu 缺值"
"71b0d33d35debdc1",6297,NA,"edu 缺值"
"71c282c3bd7b3794",6298,0.117169505819394,NA
"71c2b026f641a067",6299,0.143405581745165,NA
"71d2a8a86a08ff98",6300,0.617968352991575,NA
"71d4da38201d00b5",6301,0.111511768743893,NA
"71dfc435152c7fd1",6302,0.74235088287771,NA
"71e38c60cfb6aaa7",6303,0.464221361547281,NA
"71e7a4b850eb3cd7",6304,0.31740891368267,NA
"71ec0df7db8f5cd1",6305,2.60633637440207,NA
"71ec262e902f6fef",6306,0.611367731331542,NA
"71f3c327a35c64b3",6307,0.728620518951834,NA
"71f556251581499e",6308,0.161035702786106,NA
"71f5cbd14fac86ec",6309,NA,"edu 缺值"
"71f72a2cf0958b01",6310,NA,"edu 缺值"
"71ffaa01a1f74cf3",6311,NA,"party_tpp 缺值"
"7202571319ae14ea",6312,1.26167598935,NA
"7202b34de74a0916",6313,1.07348613184449,NA
"7203669e2076d8e6",6314,5.00009104606325,NA
"7205975ab60a372f",6315,NA,"edu 缺值"
"72084250a366f141-1",6316,NA,"sex 缺值"
"72084250a366f141",6317,NA,"sex 缺值"
"720b1cb6f3d59e9a",6318,0.147101185861357,NA
"721355b7ae53939d",6319,NA,"age 缺值"
"72195d4e131d8927",6320,NA,"party_tpp 缺值"
"7219fd4a3ecd9c8d",6321,NA,"edu 缺值"
"721bf4644830c3a6",6322,NA,"sex 缺值"
"721ce5e848400a20",6323,NA,"party_tpp 缺值"
"7221d3420b3b91f5",6324,0.161035702786106,NA
"7222d1d3c0d37464",6325,0.114651410572369,NA
"7227c0ebb084c303",6326,NA,"edu 缺值"
"722a5d60e367541d",6327,5.00009104606325,NA
"722d864b43e91277",6328,5.00009104606325,NA
"723063af7f0cae32",6329,0.161403074529731,NA
"7235227b7f503915",6330,NA,"sex 缺值"
"7243dc61b898b7ec",6331,NA,"edu 缺值"
"7249a53e50374c08",6332,0.317223720565632,NA
"724a24d0c56764fb",6333,NA,"edu 缺值"
"724ad8208ec371fa",6334,NA,"edu 缺值"
"724b795ada956b12",6335,3.52671779117873,NA
"7251c44e0f1d27ed",6336,NA,"edu 缺值"
"725755f45db8bd92",6337,5.00009104606325,NA
"725daf911d245838",6338,0.451164551441784,NA
"726d0f997c96e688",6339,0.439970404908748,NA
"727252be2e231bc9",6340,NA,"edu 缺值"
"72755b70f2b5eb30",6341,NA,"party_tpp 缺值"
"7275c873d5000e8e",6342,0.143405581745165,NA
"727cabca00a2b08a",6343,0.370839403919046,NA
"7284f65450fa86f7",6344,NA,"party_tpp 缺值"
"728d06ce4b793ed8",6345,NA,"edu 缺值"
"72938c16f292af18",6346,0.414769890615208,NA
"7297f44f0bae7ff5-1",6347,NA,"party_kmt 缺值"
"7297f44f0bae7ff5",6348,1.70455583906694,NA
"7298f21fd3404d28",6349,NA,"edu 缺值"
"729a12838631013d",6350,NA,"edu 缺值"
"729e651a8b0fa834",6351,NA,"edu 缺值"
"72a08d01819a969c",6352,NA,"edu 缺值"
"72a24aaa2c17dd85",6353,0.137328507079303,NA
"72b270db1d879a19",6354,0.580701952252006,NA
"72b87497ad5cd151",6355,NA,"party_tpp 缺值"
"72bf3300b1d859c9",6356,NA,"party_tpp 缺值"
"72c7b82a607c62cd",6357,0.109703744645957,NA
"72cdce7341c05e14-1",6358,0.876420857925682,NA
"72cdce7341c05e14",6359,0.161035702786106,NA
"72dce3445e99751a",6360,0.70096163772794,NA
"72e18e3322c220ea-1",6361,NA,"edu 缺值"
"72e18e3322c220ea",6362,NA,"edu 缺值"
"72e1c6bf05c29ef2",6363,NA,"edu 缺值"
"72e66d7ce646b3f8",6364,3.63901382343703,NA
"72e84e178c6e65fd",6365,5.00009104606325,NA
"72f13399d04eb340",6366,0.360684248405661,NA
"72f40a9a01534cc3",6367,1.31780855953272,NA
"72fdbb3f63845a1a-1",6368,NA,"party_kmt 缺值"
"72fdbb3f63845a1a",6369,NA,"party_tpp 缺值"
"7302ffe6ded72023",6370,NA,"party_tpp 缺值"
"730672c28b0f2841",6371,NA,"edu 缺值"
"731361f861a8803d",6372,0.190900971620032,NA
"7315371d5eb343b1",6373,0.611367731331542,NA
"732040f8dba67721",6374,2.93176622786441,NA
"73283e1319fc08d4",6375,0.161035702786106,NA
"73297dfbd36d3d20",6376,3.99125149388073,NA
"73312d4933a4216d",6377,NA,"edu 缺值"
"733654f809f27fc2",6378,0.111058302750587,NA
"733bbd38a5fcd1c2",6379,0.317223720565632,NA
"733f2e6eb2f09d4e",6380,NA,"edu 缺值"
"7340482d3bb38b35",6381,0.608109079478263,NA
"735aaccd22cbb591",6382,5.00009104606325,NA
"735af6b44b8c8c2e",6383,NA,"edu 缺值"
"7363e86609dde2e2",6384,NA,"party_tpp 缺值"
"7368ab2b4f46b286",6385,5.00009104606325,NA
"7368ab2b4f46b286-1",6386,NA,"party_kmt 缺值"
"7372bc7f112cc8d9",6387,5.00009104606325,NA
"7376fd92eed97924",6388,0.27157879875813,NA
"737d4ebb196026dc",6389,0.111511768743893,NA
"737ef9124fbf0b86",6390,NA,"party_tpp 缺值"
"7382c9221ed8abbf-1",6391,NA,"sex 缺值"
"7382c9221ed8abbf",6392,NA,"sex 缺值"
"738c0e5e85fe7e73",6393,0.111511768743893,NA
"73958768fd43bbd6",6394,0.1512362011435,NA
"7395b25da876935f",6395,5.00009104606325,NA
"7395ba8f0669d116",6396,5.00009104606325,NA
"739b6673f8e8adcc",6397,0.340955294406571,NA
"73a1d1ba08cee42d-1",6398,NA,"party_tpp 缺值"
"73a1d1ba08cee42d",6399,0.198433633916187,NA
"73a6e2abc64a0517",6400,0.225763896503032,NA
"73ac106afe7633b3",6401,NA,"edu 缺值"
"73ac7b2a8c57b66e",6402,0.141599791476844,NA
"73ae73c3d1428c11",6403,5.00009104606325,NA
"73b272ba21276016",6404,0.0836856844568212,NA
"73bed3ac9e210a20",6405,0.217726311427333,NA
"73c180daaf2d7f97",6406,0.228252308506251,NA
"73c4950a4b9959e3",6407,1.70455583906694,NA
"73d1a8a235384632",6408,0.420983926067105,NA
"73d2ac0d6b44cfac",6409,0.173339519005292,NA
"73d8b5a50ebf03e2",6410,1.48668683158771,NA
"73e116de5358555d",6411,0.0704952927516892,NA
"73e116de5358555d-1",6412,NA,"party_dpp 缺值"
"73f107e9c97f3f1c",6413,0.195093740177253,NA
"73f69d9cbabc2f55",6414,NA,"party_tpp 缺值"
"73fc001e26cd99a8",6415,0.161035702786106,NA
"7403cf7e9ce0b11f",6416,0.203263341729211,NA
"74043ae8bae192b3",6417,0.193448411329452,NA
"740ca4f1e518f267",6418,NA,"edu 缺值"
"740e13382911f382",6419,NA,"party_tpp 缺值"
"7417796afaf847c6",6420,0.340955294406571,NA
"741f34280dc2be49",6421,NA,"edu 缺值"
"741f73af93cdbd7c",6422,NA,"party_tpp 缺值"
"7427d1458cd593a0",6423,NA,"edu 缺值"
"743a6972bc025da9",6424,0.728620518951834,NA
"7444638b2b59b5a8",6425,NA,"party_tpp 缺值"
"744a5e93836e7f03",6426,0.231597778272698,NA
"744c8cbd862a8b93",6427,3.92953621544474,NA
"745440468b3058d4",6428,1.44487189316763,NA
"74584422e3157475",6429,NA,"edu 缺值"
"74592b26418fe2f9",6430,0.427922149421554,NA
"745aee764c7c7e68",6431,1.07348613184449,NA
"7464cb7304a125a3",6432,0.481391881251299,NA
"746ae5d1416ecfb5",6433,NA,"edu 缺值"
"746e8a9ef148b951",6434,5.00009104606325,NA
"746f7fe2ca39c40c",6435,0.163395985924161,NA
"7473e59977b7bf4b",6436,0.299608652671325,NA
"7473e59977b7bf4b-1",6437,3.88653726077979,NA
"7475b38bc317cca4",6438,0.497256645674774,NA
"7480489e33bd5952",6439,NA,"sex 缺值"
"7484d9177e47eb36",6440,1.3841120141743,NA
"74854f286e4d7a2d",6441,0.225763896503032,NA
"7485846103ca24d0",6442,0.214196151137979,NA
"748cb8ee2f0af11f",6443,5.00009104606325,NA
"748d64f4372984ef",6444,NA,"edu 缺值"
"7491c8130f94c655",6445,0.318303902769141,NA
"749c4367ee3079bc",6446,0.969082662053173,NA
"74a469bb4ab6bc7f",6447,NA,"edu 缺值"
"74b51903dd84b732",6448,3.0945634111268,NA
"74b51903dd84b732-1",6449,NA,"party_kmt 缺值"
"74bb8d4baa98d606-1",6450,NA,"edu 缺值"
"74bb8d4baa98d606",6451,NA,"edu 缺值"
"74bbb5cb842cf364",6452,NA,"edu 缺值"
"74bd166118ad05f2",6453,0.0704952927516892,NA
"74c725ac1f147654",6454,5.00009104606325,NA
"74cc3f749881db69",6455,NA,"edu 缺值"
"74ce1a874896d468",6456,NA,"edu 缺值"
"74cf63151894af75",6457,0.109703744645957,NA
"74d00ad38a77c654",6458,0.580701952252006,NA
"74d7355ce2f79780",6459,0.217230741594507,NA
"74dabf709c5524c7",6460,0.217904966921292,NA
"74db36c50fac8894",6461,3.48197585408211,NA
"74dc5e1c93717676",6462,NA,"edu 缺值"
"74dff31a8736afb8",6463,0.191167133061059,NA
"74ebb6b909817708",6464,0.104426584634346,NA
"74ed8cb185f2fb45",6465,0.231597778272698,NA
"74ef4916cc04d404",6466,0.148917505843435,NA
"74f0528be49fb4a7",6467,0.86636032179925,NA
"74f10637dbd8390f",6468,0.149873208832532,NA
"74f1d332d411ef47",6469,0.350539549928668,NA
"74f5c98a2d681fce",6470,5.00009104606325,NA
"74fc9eaa87996cc7",6471,0.83551639635089,NA
"74fd4c0803001d21",6472,0.73023217409767,NA
"74ff567ade01006f",6473,0.511234533187864,NA
"750a33f38debd6f1-1",6474,NA,"party_kmt 缺值"
"750a33f38debd6f1",6475,NA,"party_kmt 缺值"
"750c1786faeaa42b",6476,0.771577581993906,NA
"751130cfd1ccf05d",6477,5.00009104606325,NA
"7514b442a91c1cb4-1",6478,NA,"edu 缺值"
"7514b442a91c1cb4",6479,NA,"edu 缺值"
"7517e6830a9f4350",6480,0.106699590892319,NA
"751899bf153ffb19",6481,NA,"edu 缺值"
"75225ffb021ece65",6482,0.26236157112622,NA
"7523272c78e97282",6483,0.0704952927516892,NA
"7526e02a4f014429",6484,0.147101185861357,NA
"752c4311aee0e919",6485,0.641832578871939,NA
"752cc48a960d3e95",6486,NA,"party_tpp 缺值"
"752f7d6825265874",6487,0.464221361547281,NA
"7530fed652e2ef84",6488,0.143849474355578,NA
"75323d468e5b7a7e",6489,NA,"sex 缺值"
"75323d468e5b7a7e-1",6490,NA,"sex 缺值"
"75397f7f6b4b4c81",6491,0.391650743289372,NA
"7539d2f7565c1d38-1",6492,NA,"party_kmt 缺值"
"7539d2f7565c1d38",6493,0.125445388161949,NA
"7543b0781299e2c3",6494,0.564495177014209,NA
"754795402f934639",6495,NA,"edu 缺值"
"7547fe7a356410c8",6496,NA,"edu 缺值"
"754bb0e2e2540c6e",6497,NA,"sex 缺值"
"755c484335179955",6498,NA,"party_tpp 缺值"
"75603c440a963efd",6499,NA,"party_tpp 缺值"
"7568eb0dd3d0f19e",6500,0.465196977412774,NA
"7570123713ec5e9c",6501,0.0935534866653076,NA
"75740769f90216f2",6502,0.483270676621923,NA
"758327566cc680f9",6503,0.161035702786106,NA
"758a9cff2791803b",6504,0.162507125338537,NA
"75938a2132f2b64d",6505,5.00009104606325,NA
"75943986142dc919",6506,0.0826649852446509,NA
"75950f6ac0154e09",6507,0.486068939888409,NA
"75991e3a6562be08",6508,1.03872768386547,NA
"759f78e4362c3163",6509,0.729045882807985,NA
"75a528320fff5256",6510,NA,"edu 缺值"
"75a97828ffe40c9c",6511,NA,"party_tpp 缺值"
"75b03b948095ec7d",6512,NA,"edu 缺值"
"75b253fdca67a8cd",6513,NA,"edu 缺值"
"75b8f65cc0d6e473",6514,0.649175455744244,NA
"75ba1c579d7fe767",6515,0.387440928095397,NA
"75c04f2859341b56",6516,5.00009104606325,NA
"75d095fbdb43f18f",6517,1.84879458877066,NA
"75d45668ceb7103f",6518,NA,"edu 缺值"
"75d541a6900eb19d",6519,0.225763896503032,NA
"75d84315b50e7fc1",6520,0.424052005886429,NA
"75d84315b50e7fc1-1",6521,NA,"party_kmt 缺值"
"75e12b8822e8faef",6522,0.143405581745165,NA
"75e3d1fe84f8df9f",6523,0.147101185861357,NA
"75e97e34238138fa",6524,0.710315479646997,NA
"75ef0d6a9663919a",6525,NA,"edu 缺值"
"75f5f8f88ff5e30d-1",6526,0.27157879875813,NA
"75f5f8f88ff5e30d",6527,0.0826649852446509,NA
"75f63c71c76c6ac3",6528,0.109703744645957,NA
"75faf871af03a427",6529,0.307350729610672,NA
"76038a07cb80a283-1",6530,NA,"party_kmt 缺值"
"76038a07cb80a283",6531,0.0704952927516892,NA
"7604acc579232c20",6532,0.307350729610672,NA
"760eef32be3e73e8",6533,0.0826649852446509,NA
"7617db7529b27a1e-1",6534,NA,"sex 缺值"
"7617db7529b27a1e",6535,NA,"sex 缺值"
"7621fb4adad0ad0e",6536,NA,"edu 缺值"
"7625b57c1fc5cf55",6537,0.270522990875408,NA
"762807e575ec726b",6538,0.0826649852446509,NA
"762d13d17e9cf6f8",6539,0.0981324511294532,NA
"7631d4b3e3e12361-1",6540,NA,"sex 缺值"
"7631d4b3e3e12361",6541,NA,"sex 缺值"
"7638ec5bb0e7f2d2",6542,0.228016665583315,NA
"763ca495329313a1",6543,NA,"party_tpp 缺值"
"763f043d38e2b8ff",6544,0.141599791476844,NA
"764be9ecb2f98f8d",6545,0.618329118842617,NA
"76504b8f86a7929c",6546,0.122453879415099,NA
"7653b139496ad736",6547,0.86636032179925,NA
"7653b139496ad736-1",6548,NA,"party_dpp 缺值"
"7656dd7fcc14dc2b",6549,0.109703744645957,NA
"7656dd7fcc14dc2b-1",6550,NA,"party_dpp 缺值"
"765ae1d26f3eaf4c",6551,3.89071301073134,NA
"765e2aaa7b728050",6552,NA,"party_tpp 缺值"
"7664cfbaa54cbc90",6553,0.0826649852446509,NA
"7668d56075501b22",6554,0.0826649852446509,NA
"766e18e8016de70d",6555,NA,"edu 缺值"
"766e3fc784a7ae77",6556,0.122293839857739,NA
"7672b3c2251be5b2",6557,NA,"party_tpp 缺值"
"767ca2c738102caa",6558,0.238300273409114,NA
"767d5b51783d3652",6559,NA,"party_tpp 缺值"
"767f6f8e3d7ac254",6560,NA,"sex 缺值"
"7687fe59243fd5dd",6561,NA,"edu 缺值"
"768de89b6a772527",6562,1.2148840312943,NA
"7692fed76c7b2465",6563,5.00009104606325,NA
"7695773fad6d2d88",6564,0.189870430687549,NA
"769d43c83a926712",6565,0.380052781303155,NA
"769d43c83a926712-1",6566,NA,"party_kmt 缺值"
"76a28bd22b6dc32e",6567,0.282723644450041,NA
"76a6c10cdb019d68",6568,5.00009104606325,NA
"76a6c10cdb019d68-1",6569,NA,"party_kmt 缺值"
"76a78c44040aad60",6570,0.0863931964567863,NA
"76ac886729ffe1a8",6571,NA,"party_tpp 缺值"
"76b3781beea3f543",6572,0.231597778272698,NA
"76b57f4c1d7a3025",6573,0.16829845267839,NA
"76b75849a8cb44d9",6574,NA,"party_tpp 缺值"
"76b887a2edb12dff",6575,0.117169505819394,NA
"76b98515a6ba39a0",6576,0.0863931964567863,NA
"76b9b1426cc22e52",6577,0.317223720565632,NA
"76b9fad0c1e917ea",6578,0.829158520484555,NA
"76ba04f98206fd46-1",6579,NA,"party_kmt 缺值"
"76ba04f98206fd46",6580,0.122293839857739,NA
"76ba45787091b3b9",6581,0.464221361547281,NA
"76bc06f057999b0a",6582,0.552016858424831,NA
"76c5868d9a5040d4",6583,NA,"edu 缺值"
"76cae757b7699c8a",6584,0.19160324382272,NA
"76cd62c0d2b14189",6585,0.0981324511294532,NA
"76d1469ab24356eb",6586,NA,"edu 缺值"
"76d480e509bc09a7",6587,0.147101185861357,NA
"76d9361da9789c7a",6588,0.198433633916187,NA
"76dd44315edbf0b4",6589,0.317223720565632,NA
"76e1aa53c837c9af",6590,0.219734510927064,NA
"76ea4c32e72c6334",6591,NA,"party_tpp 缺值"
"76ef18a5b3c0560d",6592,0.0863931964567863,NA
"76f2c02f1427be2e",6593,0.0704952927516892,NA
"76f4b9abf3e9c333",6594,NA,"edu 缺值"
"76fb4c21618617fc",6595,NA,"sex 缺值"
"76fbb64492192b7c-1",6596,NA,"party_dpp 缺值"
"76fbb64492192b7c",6597,0.207856368152516,NA
"77029ab4eca35aa0-1",6598,NA,"party_dpp 缺值"
"77029ab4eca35aa0",6599,0.375199274569863,NA
"77087955b1864868",6600,1.44943732248566,NA
"771177b88b423fcc",6601,0.2794383541969,NA
"771522f18b70ffa4",6602,0.267379474007893,NA
"77240c7b9d8bd4bc",6603,0.163395985924161,NA
"772c952cb11213b8",6604,NA,"edu 缺值"
"77307c83a0a83f6e",6605,NA,"edu 缺值"
"77343ebd7f72171c",6606,0.427922149421554,NA
"773ac3e17f577c61",6607,0.106699590892319,NA
"773cc747348610ff",6608,0.117169505819394,NA
"773d8148d91aeb70",6609,0.0981324511294532,NA
"773f33ecf75a70a7",6610,NA,"sex 缺值"
"7742fa3d7df6c4a2",6611,0.481391881251299,NA
"774612dd3d4da4e9",6612,NA,"party_kmt 缺值"
"774717daf8f103d9",6613,NA,"edu 缺值"
"774dc1b4e8bf43f5",6614,NA,"party_tpp 缺值"
"775031ea0514c17b",6615,0.111511768743893,NA
"7750bb48efc3ed1f",6616,0.409455600887348,NA
"775a2c33256f1a9e",6617,NA,"sex 缺值"
"775b97bc8b422d8d",6618,0.405838781451556,NA
"775c7e267c38ae96",6619,0.106699590892319,NA
"776306d732f27061",6620,NA,"sex 缺值"
"776a9d576e700b73",6621,0.44080316358321,NA
"776b6c84619d3ef8",6622,0.126664177798915,NA
"776e5c7ce126603f",6623,0.409314288356866,NA
"777619d7c39291db",6624,NA,"party_tpp 缺值"
"777a4ce64877034b",6625,5.00009104606325,NA
"7781f5a680057ad0",6626,NA,"edu 缺值"
"7782bbcbee83494b",6627,0.0704952927516892,NA
"778a7cc5b1cb54cc",6628,0.231597778272698,NA
"778ab09f7e0ebaa1",6629,0.225397134049326,NA
"778c2ff939cdc6c0",6630,0.2794383541969,NA
"778e9c91939a12a9",6631,0.564495177014209,NA
"778f1d50cbddef27",6632,0.32858695060914,NA
"778fdc3ad8dedd45",6633,0.106699590892319,NA
"7796b79122ca3fc5",6634,NA,"party_tpp 缺值"
"779b0ec0532319fe",6635,0.238300273409114,NA
"779d3aea5748f0c6",6636,NA,"edu 缺值"
"779e2d833135ded1",6637,5.00009104606325,NA
"77a0cbb692f25f74",6638,4.68026634078251,NA
"77a2cd1d4ab44986",6639,0.350539549928668,NA
"77b28f05c959ceed",6640,NA,"edu 缺值"
"77b5c2b6a5280218",6641,0.282723644450041,NA
"77beaf4de805d75e",6642,NA,"edu 缺值"
"77bf07104dee4d1f",6643,NA,"party_tpp 缺值"
"77db96abaa554de7",6644,NA,"edu 缺值"
"77e347c11d0516cf",6645,NA,"edu 缺值"
"77ea8ffe2b218bf0",6646,0.17953404423645,NA
"77f071fb17ae6dad",6647,NA,"party_tpp 缺值"
"77f19668b2924b97",6648,0.139093121103869,NA
"77f23e5d3afcc03f-1",6649,NA,"party_kmt 缺值"
"77f23e5d3afcc03f",6650,0.228016665583315,NA
"77fb80ac0cf9ddf6",6651,0.0704952927516892,NA
"77fcb9ab56cd584b",6652,0.0863931964567863,NA
"780015c6e30713c0",6653,NA,"sex 缺值"
"780015c6e30713c0-1",6654,NA,"sex 缺值"
"7800d01794a3315c",6655,0.316245533290368,NA
"780617b37d0eaf7e",6656,0.0736746478324626,NA
"78124fb0944bbff9",6657,0.280226278752786,NA
"781b4d0043d063a1",6658,NA,"sex 缺值"
"781e677498a66c36",6659,NA,"party_tpp 缺值"
"7826920930caeecf",6660,0.106699590892319,NA
"7828f12594ae9022",6661,0.465761234792302,NA
"782a933e7d3d1d5e",6662,NA,"party_tpp 缺值"
"782d6c4932606824",6663,0.26813339647468,NA
"7852cc8a21ffd7d5",6664,0.189870430687549,NA
"785369e68a463215",6665,0.299608652671325,NA
"785369e68a463215-1",6666,0.299608652671325,NA
"785556513163d39b",6667,1.54167608380652,NA
"785a66c33da16799",6668,0.914468188906357,NA
"785f0379f8a216fa",6669,NA,"edu 缺值"
"787599eae9b751c1",6670,NA,"party_tpp 缺值"
"78919fc0a6b27faa",6671,NA,"edu 缺值"
"7891f4e618ea4f1c",6672,0.106699590892319,NA
"7893b4bafc638b4b",6673,NA,"party_tpp 缺值"
"78a4add64c139c47",6674,NA,"edu 缺值"
"78ab4fd3a0e7e67f",6675,0.0736746478324626,NA
"78af16e464c5ad7c",6676,1.83683902579785,NA
"78af991e6743aba8",6677,5.00009104606325,NA
"78bcca8499fce725",6678,0.193448411329452,NA
"78be1ffa2c51667a",6679,0.670499522453499,NA
"78bea8ccc46e958d",6680,0.345119283638798,NA
"78c48d85fd324608",6681,1.62728336093566,NA
"78c8b2203bcbd725",6682,1.15188307360859,NA
"78ca2a94cb671ea0",6683,0.109703744645957,NA
"78ca801248f60dbc",6684,NA,"party_tpp 缺值"
"78d223f87f230029",6685,5.00009104606325,NA
"78d42b43aa0a2dc0-1",6686,NA,"party_kmt 缺值"
"78d42b43aa0a2dc0",6687,0.314421607429191,NA
"78df645abad66e89",6688,0.147101185861357,NA
"78e268572dba2012",6689,0.270522990875408,NA
"78e378a70d253226",6690,5.00009104606325,NA
"78f04040d826445a",6691,0.208501497965697,NA
"78f1fe9ae1da6775",6692,0.137328507079303,NA
"78f68fc28fcb0590",6693,0.360409078911018,NA
"78f73c7590131746",6694,NA,"sex 缺值"
"78f9a717006f518e",6695,0.360409078911018,NA
"7906017c56d942c5",6696,0.503102773762811,NA
"7908ec7fa3bfbfc1",6697,4.71162493892605,NA
"7919292938ee756e",6698,0.916302463182361,NA
"791b49769325ebe5",6699,0.130230439506235,NA
"791b49769325ebe5-1",6700,NA,"party_tpp 缺值"
"791d468eeb33d06f",6701,1.78143172759595,NA
"791fa9682c96737e",6702,5.00009104606325,NA
"7921bf20e823af16",6703,0.0826649852446509,NA
"79260de175155a72",6704,NA,"party_tpp 缺值"
"792f2f517c892d8e",6705,0.122293839857739,NA
"792f54f63775c1e1",6706,NA,"party_tpp 缺值"
"79323432dfd79e68",6707,1.78334572274152,NA
"793564882b5d41f9",6708,0.526992895800938,NA
"7936f2e257d67622",6709,0.317223720565632,NA
"794041d2ee4cd2eb",6710,0.486068939888409,NA
"794837bf6da9fba5",6711,2.4011301520916,NA
"794f8c2b0d8d267e",6712,0.0736746478324626,NA
"7954faecbb7bc537",6713,0.225763896503032,NA
"795e4d7db19f4934",6714,0.409455600887348,NA
"79694ae65c1b8903",6715,NA,"edu 缺值"
"7973d84f31359890",6716,0.359007928496261,NA
"7976bc8d960d8836",6717,0.424142210537634,NA
"797b366e3391dac6",6718,NA,"edu 缺值"
"7983555496453edb",6719,0.139093121103869,NA
"799fd32a12c3bd7f-1",6720,NA,"party_dpp 缺值"
"799fd32a12c3bd7f",6721,0.122293839857739,NA
"79a184d9712d8b46",6722,5.00009104606325,NA
"79a34ed5a1cf3894",6723,0.360684248405661,NA
"79a92af51eb7c15e",6724,NA,"sex 缺值"
"79a92af51eb7c15e-1",6725,NA,"sex 缺值"
"79ada7b2506b6a61",6726,1.83881255131899,NA
"79afda95422d956d",6727,0.0863931964567863,NA
"79b2e98d5d571e90",6728,0.294616007802654,NA
"79be91973925c1a1-1",6729,NA,"party_kmt 缺值"
"79be91973925c1a1",6730,0.469297935118666,NA
"79becf9fe0a4e449",6731,0.728620518951834,NA
"79bfd29a08fbc323",6732,NA,"sex 缺值"
"79c69a443a69cb85",6733,0.445661778713033,NA
"79c9426d4ef00b07",6734,0.122293839857739,NA
"79d57ea6aecdf1ad",6735,5.00009104606325,NA
"79e2eaca23ef16eb",6736,0.168094563567848,NA
"79e354c56422b67b",6737,NA,"party_tpp 缺值"
"79e925eea2971abe",6738,NA,"party_tpp 缺值"
"79ece08423ba182f",6739,0.168682392978214,NA
"79ece7a205877699",6740,0.317223720565632,NA
"79f172cb352a19a3",6741,0.797640866365096,NA
"79f42f013a83509a",6742,0.130230439506235,NA
"79f955f3e2741ba3",6743,NA,"edu 缺值"
"79fd552866ae03e3",6744,5.00009104606325,NA
"79fd552866ae03e3-1",6745,NA,"party_kmt 缺值"
"7a030ffc7cf20ab9",6746,0.682869326233153,NA
"7a0319919f0bd5ae",6747,0.147985976977968,NA
"7a07d647a58ba140",6748,NA,"edu 缺值"
"7a096630b3507c2c",6749,0.207856368152516,NA
"7a096630b3507c2c-1",6750,NA,"party_kmt 缺值"
"7a149c0468a52f20",6751,0.317223720565632,NA
"7a259d6831600965",6752,0.282723644450041,NA
"7a31f7fe7bc1c3bd",6753,5.00009104606325,NA
"7a3eb998af9dff67",6754,0.0863931964567863,NA
"7a445aa646f791df",6755,NA,"edu 缺值"
"7a4902d244123066",6756,1.12190062101387,NA
"7a492f2d8353cf4a",6757,0.185100340350864,NA
"7a4feed5f467f2b3",6758,1.4246110144496,NA
"7a560353faa15f1b",6759,0.317223720565632,NA
"7a5e489fa6942bb0",6760,0.0935534866653076,NA
"7a5e489fa6942bb0-1",6761,0.307350729610672,NA
"7a60f413c806b113",6762,0.125445388161949,NA
"7a6464680085215d",6763,NA,"party_tpp 缺值"
"7a7a3ca0f7e6dfa5",6764,NA,"edu 缺值"
"7a7e90164c6bf122",6765,NA,"party_tpp 缺值"
"7a83623a120ed2b2",6766,NA,"party_tpp 缺值"
"7a86e069993bd498",6767,0.0999201607532301,NA
"7a8c4fa31ed26440",6768,NA,"edu 缺值"
"7a95dddee84d4bf4",6769,2.19050676671077,NA
"7a9a0b509236160d",6770,0.571465235506897,NA
"7aa33239d2557130",6771,4.4234764457091,NA
"7aacd642cd024ab8",6772,0.228252308506251,NA
"7ab0e439b795dcb0",6773,1.2148840312943,NA
"7ab4b1f3ed7c9df7",6774,NA,"sex 缺值"
"7ab9e7594a870547",6775,NA,"party_tpp 缺值"
"7abc6781a7e0f51e",6776,0.428903367081198,NA
"7abf5c0f2c2b50f0",6777,0.246748424732736,NA
"7ac89150b603eb2b",6778,NA,"edu 缺值"
"7ac9231b2bcbce90",6779,0.490463387678337,NA
"7ad84eaf9fb7d1eb",6780,0.645056461378847,NA
"7ae6bbe34782bede",6781,1.64485891899941,NA
"7aeb3665f046133c",6782,NA,"edu 缺值"
"7aeb95f7ccce83bd",6783,1.37848348064439,NA
"7aeef32bb351f9b4",6784,0.317223720565632,NA
"7af29674e3096a89",6785,0.141599791476844,NA
"7af48312001a5401",6786,NA,"sex 缺值"
"7af77cc02e399813",6787,0.6458388780458,NA
"7af9a2e8f9752507",6788,0.27157879875813,NA
"7b05b1be8d47bc76",6789,0.195093740177253,NA
"7b07d580d016739b",6790,0.0826649852446509,NA
"7b098a732f2c91dd",6791,5.00009104606325,NA
"7b156bc49e5ade4e",6792,0.0826649852446509,NA
"7b2826c6fe26b171",6793,5.00009104606325,NA
"7b2826c6fe26b171-1",6794,5.00009104606325,NA
"7b2c364ea716359b",6795,NA,"edu 缺值"
"7b3af403613737ea",6796,NA,"edu 缺值"
"7b3dc393e4d6f716",6797,0.0704952927516892,NA
"7b40ab3163b1a879",6798,0.833614666063227,NA
"7b467e4286c919b5",6799,0.37657952957204,NA
"7b47c42e5125207e",6800,1.96395080794979,NA
"7b4cffd1e835c757",6801,0.143405581745165,NA
"7b51a5791c8f27a4",6802,0.225763896503032,NA
"7b569df25c48e39e",6803,0.106699590892319,NA
"7b588adf39ae73c7",6804,NA,"party_tpp 缺值"
"7b598418ac4ac842",6805,1.2148840312943,NA
"7b598418ac4ac842-1",6806,NA,"party_dpp 缺值"
"7b5a85564166700d",6807,0.412125009469762,NA
"7b5ec6451c0f76c8-1",6808,0.231597778272698,NA
"7b5ec6451c0f76c8",6809,0.0704952927516892,NA
"7b60bde45dda72b8",6810,0.914468188906357,NA
"7b66be46ed6b8425",6811,NA,"party_tpp 缺值"
"7b6d67531cd28c9c",6812,NA,"edu 缺值"
"7b71858b7b25d071",6813,0.0826649852446509,NA
"7b729ec1701ae100",6814,2.48249322972927,NA
"7b789fab5780dee2",6815,0.350539549928668,NA
"7b7e0232552120ae",6816,0.231597778272698,NA
"7b895aa10b2768d1",6817,0.0863931964567863,NA
"7b8a8589c78af514",6818,5.00009104606325,NA
"7b8c99a5101e1d28",6819,0.73023217409767,NA
"7b9680620767287a-1",6820,NA,"party_kmt 缺值"
"7b9680620767287a",6821,0.584984773828304,NA
"7b9b65fdc8f0bcf9",6822,0.33153058856141,NA
"7b9dc9285c091296",6823,0.147101185861357,NA
"7ba36fee474b1cc9",6824,0.207856368152516,NA
"7ba6aa57dbdd3a80",6825,NA,"party_tpp 缺值"
"7baf717fdd3289af",6826,NA,"party_tpp 缺值"
"7bb2403400471302",6827,0.439970404908748,NA
"7bc09360184aa608",6828,NA,"sex 缺值"
"7bc5494141d9216a",6829,0.270522990875408,NA
"7bc61d655bbf06f8",6830,0.173339519005292,NA
"7bcb4b682a2f87fe",6831,0.0935534866653076,NA
"7bcfdf4dc59b2167",6832,0.137641795450903,NA
"7bd03b18a3d7a973",6833,3.00752492008486,NA
"7bdf45c754e9c979",6834,NA,"edu 缺值"
"7be08f8e02e4b615",6835,0.137328507079303,NA
"7be6ff65217fa50f",6836,NA,"party_tpp 缺值"
"7be927f58a729241",6837,0.859040570130117,NA
"7beb2d9ad6bd724c",6838,1.2148840312943,NA
"7beb2d9ad6bd724c-1",6839,NA,"party_dpp 缺值"
"7beb59a0c3984ea6",6840,NA,"party_tpp 缺值"
"7bee83693b5b57d9",6841,NA,"party_tpp 缺值"
"7bef2d041171dfea",6842,0.311452109748683,NA
"7bf0eb2bac5e85ce",6843,NA,"party_tpp 缺值"
"7bf7719ff09a3f55",6844,0.647312234268205,NA
"7bfed5a8e7e0a692",6845,0.122293839857739,NA
"7bfef708a4f8d8cb",6846,NA,"party_tpp 缺值"
"7bff6c0501c170a3",6847,0.359007928496261,NA
"7c028f13e5643767",6848,0.350539549928668,NA
"7c03ce26b79de07a",6849,0.0826649852446509,NA
"7c1283e860d528b7",6850,0.464221361547281,NA
"7c133a956e3c0df7",6851,NA,"party_tpp 缺值"
"7c1861fd6454e01f-1",6852,NA,"party_kmt 缺值"
"7c1861fd6454e01f",6853,0.143405581745165,NA
"7c19d521b60a487f",6854,5.00009104606325,NA
"7c1c9a6d0d380a95",6855,NA,"party_tpp 缺值"
"7c1f3b486fdefcab",6856,NA,"edu 缺值"
"7c20a38c20a595ec",6857,5.00009104606325,NA
"7c213863804de323",6858,0.147101185861357,NA
"7c2231d887bdb4bb",6859,0.111511768743893,NA
"7c3340d041c7499e",6860,0.321140614770656,NA
"7c34aa41cfd2373c",6861,NA,"edu 缺值"
"7c39cb2acf84638c",6862,NA,"party_tpp 缺值"
"7c42c78aba261274",6863,1.6290317369217,NA
"7c460b493960b21a",6864,NA,"sex 缺值"
"7c46fbc4bbf94b00",6865,NA,"edu 缺值"
"7c4f9d5543c27758",6866,0.228016665583315,NA
"7c53954c1cdadabe",6867,0.109703744645957,NA
"7c5975f20db59f4c",6868,0.153735485605362,NA
"7c597cf2c1af57cf",6869,0.409694638368157,NA
"7c5c658e29707d74",6870,0.833614666063227,NA
"7c5cac0a62d53854",6871,NA,"edu 缺值"
"7c6dd656638ed870",6872,0.163024078087676,NA
"7c6f35172ecb3df6",6873,0.109703744645957,NA
"7c6fe31e9e133f22",6874,NA,"sex 缺值"
"7c77cd5733ee3785",6875,0.270522990875408,NA
"7c7b77a90c413e60",6876,5.00009104606325,NA
"7c7cf9293230ef0e",6877,0.704929935258156,NA
"7c82784e2a22026b-1",6878,NA,"party_dpp 缺值"
"7c82784e2a22026b",6879,0.139093121103869,NA
"7c85c3f479f8a839",6880,NA,"sex 缺值"
"7c876b828f0f5b61",6881,0.317223720565632,NA
"7c8ca437b8c28289",6882,NA,"party_tpp 缺值"
"7c8dc6ffecdb04ee",6883,0.117169505819394,NA
"7c9315f7d276bef8",6884,NA,"sex 缺值"
"7c96a33dbef5bc2e",6885,0.497339493660158,NA
"7c98dad75dafa1ae",6886,NA,"edu 缺值"
"7c9e57fcb0943ff9",6887,0.914468188906357,NA
"7c9eb6797fd15723",6888,0.486068939888409,NA
"7ca2a3260a4996df",6889,2.93176622786441,NA
"7ca2e567621de68c",6890,5.00009104606325,NA
"7ca5c97d2c31f2af",6891,0.314421607429191,NA
"7ca86cfa1fe2a762",6892,NA,"party_tpp 缺值"
"7cb7313c94dc0e92",6893,0.287214515247601,NA
"7cc650072e36b4e6",6894,NA,"party_tpp 缺值"
"7cd03980ebf74672",6895,0.460683494922433,NA
"7cd48602fa4244a6",6896,NA,"edu 缺值"
"7cd9f33728bd71ef",6897,0.31740891368267,NA
"7cda4de6fcc340cd",6898,NA,"edu 缺值"
"7cda7dc82beeb031",6899,NA,"edu 缺值"
"7cfae91e426b3375",6900,0.27157879875813,NA
"7cfe02cad6202ee6",6901,5.00009104606325,NA
"7d06a912fab91411",6902,0.0826649852446509,NA
"7d12408cca9f97ad-1",6903,NA,"party_kmt 缺值"
"7d12408cca9f97ad",6904,0.246748424732736,NA
"7d143a34a6c33625",6905,0.141599791476844,NA
"7d2dbac2f6b9ded8",6906,0.995911534935665,NA
"7d353abb5ddb3dde",6907,0.137328507079303,NA
"7d35b5fc1093b900",6908,0.148917505843435,NA
"7d420654492ce611",6909,NA,"edu 缺值"
"7d427b25ef7ac7b2",6910,0.118616246805632,NA
"7d43e662cc46aa37",6911,NA,"sex 缺值"
"7d43e662cc46aa37-1",6912,NA,"sex 缺值"
"7d4a588aa0e9c2dc",6913,0.481672914658405,NA
"7d4be7c3fc51fbb1-1",6914,NA,"sex 缺值"
"7d4be7c3fc51fbb1",6915,NA,"sex 缺值"
"7d50d0ff87aa919f",6916,NA,"edu 缺值"
"7d59d3b43757141f",6917,1.5983817150522,NA
"7d5cdaa7295e276d",6918,NA,"edu 缺值"
"7d5ce1538f11eeae",6919,0.225763896503032,NA
"7d5e9eed2b6e5c73",6920,NA,"edu 缺值"
"7d626d7c22f7cfd0",6921,NA,"edu 缺值"
"7d6a4aec78ae0ea4",6922,0.147101185861357,NA
"7d70cf10986191f1",6923,0.317223720565632,NA
"7d7251bb5c99b831",6924,0.106699590892319,NA
"7d745e261c7c7767",6925,NA,"edu 缺值"
"7d7605129103d1a7",6926,NA,"edu 缺值"
"7d7f5c95c6f33aef",6927,0.319998172222897,NA
"7d979a4d47cd136d",6928,0.207856368152516,NA
"7d9ed473cb180e63",6929,NA,"edu 缺值"
"7da38fcd5d4d254e",6930,0.163395985924161,NA
"7da468b912ec2b7d",6931,0.307903262379834,NA
"7da70d492ced3a30",6932,0.350539549928668,NA
"7da89dcb458b570e",6933,3.88653726077979,NA
"7dbbf2723c18bf90",6934,0.317223720565632,NA
"7dbcf32f2eeff525",6935,5.00009104606325,NA
"7dbd28cc18add62a",6936,NA,"edu 缺值"
"7dc398db065bc937",6937,NA,"party_tpp 缺值"
"7dcda16012e72865",6938,0.168682392978214,NA
"7dcee21d0c27944e",6939,NA,"edu 缺值"
"7dd2a313629d4577",6940,0.141599791476844,NA
"7de549ebcc0870ca",6941,0.177806529508921,NA
"7deeab16010ab2ca",6942,0.270522990875408,NA
"7defd35275b8e413",6943,NA,"edu 缺值"
"7df074d9c5336476",6944,0.0863931964567863,NA
"7df1413f1fa65f48",6945,0.984302576831165,NA
"7df2ff69db6bec0f",6946,0.611367731331542,NA
"7df3afd9437a65a0",6947,NA,"party_tpp 缺值"
"7dfff8555f4a6108",6948,0.704812506367594,NA
"7e01685649ef11f0",6949,0.2794383541969,NA
"7e0ac677ecdcd43f",6950,1.16120931736579,NA
"7e1445a2e4867c23",6951,0.0826649852446509,NA
"7e1798ca48faa21a",6952,0.702631727979924,NA
"7e1d880db6213b36",6953,NA,"party_tpp 缺值"
"7e1ec4c455517146",6954,0.143405581745165,NA
"7e21b39343966fad",6955,0.267379474007893,NA
"7e26abfae91d4c4f",6956,5.00009104606325,NA
"7e293b82a34c8b06",6957,NA,"sex 缺值"
"7e2e195a82676039",6958,NA,"sex 缺值"
"7e371474d88a7297",6959,NA,"party_tpp 缺值"
"7e3ac12a671f351c",6960,0.33153058856141,NA
"7e3caeaa8d380bbf",6961,NA,"edu 缺值"
"7e47b8f90c9bffb1",6962,0.19160324382272,NA
"7e5160bb240532c9",6963,NA,"sex 缺值"
"7e54d322d647dc92",6964,NA,"edu 缺值"
"7e550775026eca9b",6965,0.0736746478324626,NA
"7e6da02fae78a42e",6966,1.7841611200674,NA
"7e6f8fed11351ff0",6967,0.143405581745165,NA
"7e70d30b8df263c4",6968,NA,"party_tpp 缺值"
"7e781482249ffd34",6969,NA,"party_tpp 缺值"
"7e788d7d191d88f1",6970,0.86636032179925,NA
"7e7c427912a4bf65",6971,0.303602028149845,NA
"7e82541c4dbbca6c",6972,0.33153058856141,NA
"7e88f9609bebd313",6973,0.141599791476844,NA
"7e96581fc598cff9",6974,NA,"party_tpp 缺值"
"7e9d637b6b1112b9",6975,0.316245533290368,NA
"7ea333a1a6340820",6976,NA,"sex 缺值"
"7eadc9b9e6fe23f1",6977,NA,"sex 缺值"
"7eae406aff2c20e8",6978,NA,"party_tpp 缺值"
"7eafab162fc421b6",6979,NA,"edu 缺值"
"7eb06f743147ad6a",6980,1.60864206077881,NA
"7eba33f0e54a9979",6981,0.0704952927516892,NA
"7ebb2d14cce8f25e",6982,NA,"sex 缺值"
"7ebf5e1fcb9bf03c",6983,NA,"edu 缺值"
"7ec5999f614f18a1",6984,0.395558802542504,NA
"7ecd2c2621257842",6985,0.670118009544355,NA
"7ecf9225b3c438fd",6986,0.111511768743893,NA
"7ed532c785516091",6987,NA,"edu 缺值"
"7ed60514b6c14ae0",6988,0.464221361547281,NA
"7ed644ba8a373ba8",6989,0.509155582436603,NA
"7ed6f6e227afd291",6990,0.625707901789997,NA
"7ed86fd3958f9937",6991,1.2148840312943,NA
"7ededc25c05eaa58",6992,0.161035702786106,NA
"7edfbba9cf09ce52",6993,2.72388278737106,NA
"7ee757b551648973",6994,NA,"edu 缺值"
"7eed00ae9c4f7a24",6995,NA,"edu 缺值"
"7eee510557d84805",6996,NA,"edu 缺值"
"7ef3c383ef85bea2",6997,NA,"edu 缺值"
"7f025acbef6b2d07",6998,NA,"party_dpp 缺值"
"7f0947c803226c34",6999,0.137328507079303,NA
"7f098500dd98d088",7000,NA,"sex 缺值"
"7f0abc028e01cb71",7001,0.0704952927516892,NA
"7f0b3171ba7877f8",7002,5.00009104606325,NA
"7f0d47cca029a651",7003,0.359217514958461,NA
"7f1452b0c196d67f",7004,2.93449401213273,NA
"7f15ee6af0cf00b2",7005,0.106699590892319,NA
"7f23316e40c61706-1",7006,NA,"party_kmt 缺值"
"7f23316e40c61706",7007,0.200703811200941,NA
"7f2ab5b3481bd8f2",7008,0.0826649852446509,NA
"7f3cfb05937d51fb",7009,0.137328507079303,NA
"7f3f5779119632b3",7010,0.161035702786106,NA
"7f461d34f27e39bc",7011,NA,"sex 缺值"
"7f47639dd8b5075a",7012,NA,"party_tpp 缺值"
"7f536f3c5f102a0e",7013,NA,"party_tpp 缺值"
"7f56f400b4ff5028",7014,0.0999201607532301,NA
"7f5d2dff015d7f2b",7015,0.57523665339432,NA
"7f5d81826e11f6a8",7016,NA,"party_tpp 缺值"
"7f6ab8849e1484b3",7017,0.147985976977968,NA
"7f6bc08192d21cbc-1",7018,NA,"party_kmt 缺值"
"7f6bc08192d21cbc",7019,0.710315479646997,NA
"7f7225237f531aad",7020,0.527300550779753,NA
"7f747ac5d651ed99",7021,NA,"edu 缺值"
"7f8302fc91645451",7022,0.270522990875408,NA
"7f83efc2cf7b3375",7023,5.00009104606325,NA
"7f844b8b85edc213",7024,5.00009104606325,NA
"7f86aaaed00f67de",7025,NA,"edu 缺值"
"7f88f47b352dfc14",7026,1.28668792573382,NA
"7f8d1f1c2324df1b",7027,0.208501497965697,NA
"7f8d2974b6a0bd64",7028,0.497339493660158,NA
"7f8e45c90b8f48fe",7029,1.13276578203327,NA
"7f8fb90018dacfb1",7030,NA,"edu 缺值"
"7f923638ba1c1375",7031,NA,"party_tpp 缺值"
"7f94d94f13d0e898",7032,0.137328507079303,NA
"7f9762408798da37",7033,0.564495177014209,NA
"7f9f71c9bf4ccaa0",7034,1.50294475443083,NA
"7fa573ddb9983eda-1",7035,NA,"party_kmt 缺值"
"7fa573ddb9983eda",7036,0.15549429433347,NA
"7fa67b145977fde3",7037,0.16829845267839,NA
"7fa728324bdc0c03-1",7038,NA,"party_kmt 缺值"
"7fa728324bdc0c03",7039,0.420983926067105,NA
"7fa9c38655957211",7040,0.189870430687549,NA
"7faabf9303a48406",7041,0.137641795450903,NA
"7fb06aa475e217fb",7042,NA,"party_tpp 缺值"
"7fb0ab451e0b1c3f",7043,0.481672914658405,NA
"7fbcf99adc1e428a",7044,0.396076449676183,NA
"7fc0c5512d145ab0",7045,NA,"edu 缺值"
"7fc0c5512d145ab0-1",7046,NA,"edu 缺值"
"7fd273479488080f",7047,0.125445388161949,NA
"7fd845c13d93eb23",7048,0.317223720565632,NA
"7fd96fd42e1e4406",7049,0.317223720565632,NA
"7fda831c9a4cb36c",7050,NA,"party_tpp 缺值"
"7fde9f925f60ea8a",7051,NA,"edu 缺值"
"7fe6416d283977d3",7052,0.317223720565632,NA
"7fe8c10dff6886a1",7053,0.247514264945212,NA
"7fe8f461fb488263",7054,0.409455600887348,NA
"7fea4b561fae06c0",7055,NA,"edu 缺值"
"7fec61bf80c8e71f",7056,0.125445388161949,NA
"7fedfcd1ba7ac529",7057,0.31740891368267,NA
"7ff8e863bd353fa8",7058,NA,"sex 缺值"
"7ff978ca07ddd2ac",7059,0.27157879875813,NA
"7ff9f7d4ac278485",7060,1.37848348064439,NA
"7ffd042277c2167b",7061,2.12119386455947,NA
"7ffd042277c2167b-1",7062,5.00009104606325,NA
"8005a80ae38f502f",7063,NA,"party_tpp 缺值"
"8006d8ab8428db48",7064,5.00009104606325,NA
"8009eb265c2354f7",7065,0.311452109748683,NA
"800a465bd8da84e7",7066,5.00009104606325,NA
"800bf4960593e570",7067,NA,"edu 缺值"
"800f24f42b1fdc00",7068,NA,"sex 缺值"
"80131a3f83b457f1",7069,NA,"edu 缺值"
"801cfed571789187",7070,5.00009104606325,NA
"80209d8a6769d4f7",7071,0.1512362011435,NA
"8021a623ea877a39",7072,NA,"edu 缺值"
"802594de4cdbbacc",7073,NA,"party_tpp 缺值"
"802a27e0a556c707",7074,0.238778264953032,NA
"8033cb0821bd497d",7075,NA,"edu 缺值"
"80342b2a7b743b30",7076,1.86026382044382,NA
"80357f9386d9c6bf",7077,0.0736746478324626,NA
"803696bb404a307c",7078,0.189870430687549,NA
"8036974cc1efcea3",7079,NA,"party_tpp 缺值"
"80370b2705ea3a89",7080,1.92174345066596,NA
"803e3e9f14af3707",7081,0.858707553480802,NA
"8041aa95c29c18eb",7082,0.0736746478324626,NA
"8042f041d2b550e5",7083,0.225763896503032,NA
"8042f041d2b550e5-1",7084,NA,"party_kmt 缺值"
"8046263c6fcff844",7085,NA,"edu 缺值"
"804ad573aee7cbda",7086,NA,"party_tpp 缺值"
"80555c69e326a289",7087,NA,"edu 缺值"
"805e68ea72744344",7088,0.141599791476844,NA
"8063a3c9d86af2a5",7089,NA,"edu 缺值"
"806e0359efd8b082",7090,NA,"edu 缺值"
"8070ae25a7c47790",7091,0.465196977412774,NA
"8071e8dcb4b6a9f6",7092,NA,"party_tpp 缺值"
"8072675ae2ee8ad1",7093,5.00009104606325,NA
"80806c21d5e06301",7094,0.270522990875408,NA
"8087566b97734dc5",7095,0.223856450355422,NA
"8087566b97734dc5-1",7096,NA,"party_kmt 缺值"
"808bc4e923ffa930",7097,NA,"edu 缺值"
"808c3adbde166ddc",7098,0.627025849299429,NA
"809c64070b61a773",7099,5.00009104606325,NA
"809f1034b07c49da",7100,NA,"edu 缺值"
"809f48e50f14b3ed",7101,1.21358014382667,NA
"80a09722f5fdb26f",7102,0.360684248405661,NA
"80a4498cdea436b1",7103,0.387440928095397,NA
"80a56b2220800a9d",7104,NA,"edu 缺值"
"80b037ddb0c53a70",7105,NA,"party_tpp 缺值"
"80ba2d588b4f0bff",7106,0.0836856844568212,NA
"80bd9d38e98323d5",7107,1.07233400120656,NA
"80c17d39a778bb3d",7108,0.147101185861357,NA
"80cbc8675057aaa0",7109,0.529049664623895,NA
"80d0ef39fffca0f0",7110,0.914468188906357,NA
"80d78bb626ee4274",7111,0.623780229721267,NA
"80db5809da32f203",7112,0.354836203663754,NA
"80e324cc3d789e81",7113,NA,"edu 缺值"
"80f1b806287684da",7114,1.3841120141743,NA
"81080a3c3b9d991c",7115,NA,"edu 缺值"
"810f795a0ab2ac55",7116,0.465196977412774,NA
"81158ac946ee891a",7117,NA,"edu 缺值"
"8122739936a328f4",7118,NA,"edu 缺值"
"812953fc5a90743a",7119,5.00009104606325,NA
"812ed7665e20a074",7120,0.483270676621923,NA
"8135258d150e2af5",7121,NA,"edu 缺值"
"813a3a21cde06edc",7122,0.161035702786106,NA
"813a828f5665f241",7123,NA,"edu 缺值"
"813c1421ccbe2e05",7124,NA,"edu 缺值"
"8141fc2cdb9c9231",7125,1.78143172759595,NA
"814214dcf7844553",7126,NA,"edu 缺值"
"8147086b2b0790b1",7127,5.00009104606325,NA
"814c4c972ca14bad",7128,1.57437338701531,NA
"814dc1306fc0ab3e",7129,0.280226278752786,NA
"814f6f777e72df44",7130,1.37848348064439,NA
"815076af28509cb5",7131,0.481391881251299,NA
"8154baa2d6f27db1",7132,NA,"edu 缺值"
"8155a3de9b148471",7133,0.914468188906357,NA
"81573c0ab477041d",7134,0.0826649852446509,NA
"815808dc945581c3",7135,NA,"party_tpp 缺值"
"815d813dac70870a",7136,5.00009104606325,NA
"816907ff8e9f65ab",7137,NA,"edu 缺值"
"81694789394e7e5f",7138,NA,"edu 缺值"
"816e55a5dd48c08b",7139,NA,"sex 缺值"
"8179fbe59cc51120",7140,NA,"edu 缺值"
"817d22ab12dff1a5",7141,0.158056991096045,NA
"8189b285f305b744",7142,NA,"party_tpp 缺值"
"818d11f30aa59ca5",7143,NA,"party_tpp 缺值"
"8191602a78e24a65",7144,0.111511768743893,NA
"819588e5eb5f3f12",7145,0.158056991096045,NA
"819a786016d4ce5c",7146,0.0981324511294532,NA
"819a79c2272e4156",7147,NA,"party_tpp 缺值"
"819b3db64bf1360d",7148,0.2794383541969,NA
"81a30251ae18c2ff",7149,NA,"edu 缺值"
"81a8b1bda7e6cd53",7150,NA,"edu 缺值"
"81ad9b9f1c203a26",7151,NA,"party_tpp 缺值"
"81b7c47503b69774",7152,NA,"sex 缺值"
"81be0688f585acc8",7153,NA,"edu 缺值"
"81be78ec198a1bd2",7154,NA,"sex 缺值"
"81c2ada3ab0fd496",7155,0.647312234268205,NA
"81c3aba0bc6bd458",7156,0.106699590892319,NA
"81cf16c955328ab5",7157,0.249547223563229,NA
"81d26f0f2b43d245-1",7158,NA,"sex 缺值"
"81d26f0f2b43d245",7159,NA,"sex 缺值"
"81d3704e8bad6fcc",7160,0.617968352991575,NA
"81d3be5148b716fd",7161,0.143405581745165,NA
"81d69a087733e5b1",7162,NA,"edu 缺值"
"81dae8cb173bf6f4",7163,1.0628128192331,NA
"81dc0b1fbb3261dd",7164,0.424142210537634,NA
"81e15831ca0ac2f1",7165,0.104426584634346,NA
"81e42ad7d272df77",7166,NA,"party_tpp 缺值"
"81e6d16dfae6e99b",7167,NA,"edu 缺值"
"81ef4add79b4cd31",7168,NA,"party_tpp 缺值"
"8205f8d46f5a5cd3",7169,NA,"edu 缺值"
"8207016dbbf32d0b",7170,NA,"party_tpp 缺值"
"820a2f0525b8761d",7171,NA,"party_tpp 缺值"
"820d395d82dfb4b7",7172,0.33153058856141,NA
"820f0862ac032084",7173,NA,"party_tpp 缺值"
"8216769fc6ef42e1",7174,NA,"party_tpp 缺值"
"821bf64f8b902ae2",7175,0.19464968464914,NA
"82223ca4c5f64988",7176,0.334430168672342,NA
"82273aea0c6f1f13",7177,5.00009104606325,NA
"822f049b0751f637",7178,0.0977727719756202,NA
"823a817e3af751df",7179,NA,"edu 缺值"
"823b7fbbcb627f27",7180,0.523281952812502,NA
"8240a85b9a636278",7181,0.147985976977968,NA
"82494f453bcdce4d",7182,0.617968352991575,NA
"824a52b193fe7955",7183,0.143405581745165,NA
"82517d728846888b",7184,NA,"sex 缺值"
"825564cc630f5fdd",7185,0.409694638368157,NA
"82556a9afc6a1c3f",7186,0.270522990875408,NA
"8256c78d91538ba1",7187,2.81589261251907,NA
"825a0c068c2e142f",7188,0.670118009544355,NA
"826864cc35c8a311",7189,0.109703744645957,NA
"826e9f2d39392499",7190,1.42308203522184,NA
"826ee60ab24130f0",7191,0.137328507079303,NA
"826ee60ab24130f0-1",7192,NA,"party_kmt 缺值"
"8274e6b9f1a5aa7c",7193,0.526992895800938,NA
"82764ac6ca2a30c3",7194,0.543383786383836,NA
"827f41a1096a2ab5",7195,0.526992895800938,NA
"828e99f50008d5da",7196,NA,"edu 缺值"
"829591f74855928c",7197,0.550760405309663,NA
"8299ea846ace4afc",7198,NA,"party_tpp 缺值"
"829a637ae55e6365",7199,NA,"edu 缺值"
"829b41dffbab268b",7200,5.00009104606325,NA
"829b812699eb4640",7201,0.143405581745165,NA
"829bf360e11246a6",7202,0.360409078911018,NA
"829cf843bae7d04e",7203,5.00009104606325,NA
"82a2c66d7edb154b",7204,0.550313437502534,NA
"82a563e5a74058f1-1",7205,NA,"party_kmt 缺值"
"82a563e5a74058f1",7206,0.0863931964567863,NA
"82ac06e53818dbf1",7207,NA,"party_tpp 缺值"
"82affb06d61f3835",7208,0.567890529098339,NA
"82d515ef47928f07",7209,0.52819512794983,NA
"82da93fa3584230e",7210,NA,"party_tpp 缺值"
"82dc593068708312",7211,NA,"edu 缺值"
"82e00e438b86fcf0",7212,0.16829845267839,NA
"82e9acdb3ac97800",7213,NA,"edu 缺值"
"82f89e6114b7f1ba",7214,NA,"edu 缺值"
"82f9d13a557994c1-1",7215,NA,"party_tpp 缺值"
"82f9d13a557994c1",7216,0.0977727719756202,NA
"82fac20fe62bab6d",7217,0.200703811200941,NA
"83036714635fc0e0",7218,0.62959341422803,NA
"830ece0acc7ede1a",7219,0.407098394999057,NA
"830fb1b4126d19c7",7220,5.00009104606325,NA
"8311191fbc673b9d",7221,0.143405581745165,NA
"83143c4f42c95843",7222,0.130230439506235,NA
"8316279627c86338",7223,NA,"party_kmt 缺值"
"831638d13a3c36f2",7224,5.00009104606325,NA
"83172e17307ec6ea",7225,0.475798036921469,NA
"831e5e18a4757aae",7226,NA,"party_dpp 缺值"
"83218730aeb1ab4a",7227,NA,"sex 缺值"
"83218730aeb1ab4a-1",7228,NA,"sex 缺值"
"832345d9ac5b4d1e",7229,NA,"edu 缺值"
"8323645193aa9640",7230,0.0826649852446509,NA
"832752d2e5a19e3d",7231,0.225763896503032,NA
"832752d2e5a19e3d-1",7232,NA,"party_kmt 缺值"
"8328a7760b8cab49",7233,0.127809322181766,NA
"832cf0057cfe292e",7234,0.0704952927516892,NA
"832d3becde26afe8",7235,0.0935534866653076,NA
"8334a936af49a3e0",7236,0.143405581745165,NA
"8339a2f76aae45eb",7237,5.00009104606325,NA
"8339a2f76aae45eb-1",7238,NA,"party_dpp 缺值"
"8342bbad936374fa",7239,0.763165825157738,NA
"83445670ac2f5ec9",7240,NA,"party_tpp 缺值"
"834a2d995bf7bee8",7241,NA,"party_tpp 缺值"
"83521a97b53f4867",7242,5.00009104606325,NA
"83547aafce0fdb4c",7243,0.343406303081009,NA
"8358300dc295216a",7244,0.4017712460214,NA
"835a0b558e938fc2",7245,0.26813339647468,NA
"835dedafda21afe9",7246,0.412125009469762,NA
"835efbd5b9ea67b8",7247,NA,"edu 缺值"
"83610ced3184979d",7248,0.239090741590243,NA
"8362625daa0ac1a8",7249,0.0826649852446509,NA
"8365ad19e3aec13d",7250,NA,"party_tpp 缺值"
"8365da635ac5c650",7251,0.409455600887348,NA
"836665a848ebee64",7252,NA,"party_tpp 缺值"
"836680faecb7214f",7253,NA,"party_tpp 缺值"
"8368b36cbf3635fb",7254,NA,"edu 缺值"
"8369775f3dd23688",7255,3.11373094717328,NA
"836b2846b1863bc0",7256,0.451164551441784,NA
"837427000773f10e",7257,NA,"edu 缺值"
"837bb856806868ae",7258,0.359007928496261,NA
"838cf6bd2a15010f",7259,0.549159501387348,NA
"838f7f55ee9059c1",7260,0.0935534866653076,NA
"8390e5bdc7832d79",7261,NA,"sex 缺值"
"8390e5bdc7832d79-1",7262,NA,"sex 缺值"
"839dae5c6fb16d50",7263,NA,"sex 缺值"
"83a1b29c4dcd5321",7264,NA,"edu 缺值"
"83a31dfc7d2b2261",7265,0.354836203663754,NA
"83a4c96bae35c8f0",7266,0.143522056601192,NA
"83a4c96bae35c8f0-1",7267,NA,"party_tpp 缺值"
"83a6c41084068b72",7268,5.00009104606325,NA
"83a8a1fff453fdae",7269,NA,"party_tpp 缺值"
"83aaff3a100145ed",7270,0.269122706155871,NA
"83ae5e89bae8a5c5",7271,0.624795234497572,NA
"83ae77ad536e56fb",7272,0.223856450355422,NA
"83b3aaacbb348d33",7273,0.0736746478324626,NA
"83b88857a7854fe7",7274,0.350539549928668,NA
"83b93bfb58ba02b5",7275,0.131103006091378,NA
"83c076bd318fbc73",7276,0.147101185861357,NA
"83c236d274e5158e",7277,0.497339493660158,NA
"83c29161646b7d91",7278,NA,"party_tpp 缺值"
"83c7a1c81d5275fa",7279,1.88525664950014,NA
"83cb01bf756dd5f9",7280,0.489172722804275,NA
"83cec70d74a7c71a",7281,0.2794383541969,NA
"83d70252981cb46f",7282,0.106699590892319,NA
"83dbb1d39e23d552",7283,NA,"party_tpp 缺值"
"83e667895ed49be1",7284,0.147985976977968,NA
"83e8c0d29e04b8f7",7285,0.114651410572369,NA
"83eab94e6c82192c",7286,0.214196151137979,NA
"83f92488c906a48c",7287,0.1512362011435,NA
"83facc6f9427be2a",7288,5.00009104606325,NA
"83fef5f5befa2eed",7289,NA,"sex 缺值"
"84015526b2ef91f4",7290,NA,"sex 缺值"
"840d3d2d7337fba9",7291,0.483270676621923,NA
"84185cfc9c8362a1",7292,0.317223720565632,NA
"84282cc1206f45cf",7293,0.228016665583315,NA
"842c705f5e0a240a",7294,0.0935534866653076,NA
"842cbe1f75714cdb",7295,NA,"edu 缺值"
"842e60089c153fee",7296,5.00009104606325,NA
"842e61d9d8ba3ada",7297,NA,"party_tpp 缺值"
"843112383f75fb4f",7298,1.51794178240828,NA
"8433c0473724471f",7299,NA,"party_tpp 缺值"
"843526d000441920",7300,1.83881255131899,NA
"84376915a27e0fa6",7301,0.143405581745165,NA
"843822d38c1ff47d",7302,NA,"party_tpp 缺值"
"843ca97f05e46b0f",7303,0.0826649852446509,NA
"843f03d46e53a448",7304,NA,"edu 缺值"
"843f0b927860a947",7305,0.106699590892319,NA
"8441aae10094b382",7306,NA,"sex 缺值"
"8445d06dc69c14dd",7307,0.19160324382272,NA
"8448a4e28ffdb3ea-1",7308,NA,"party_kmt 缺值"
"8448a4e28ffdb3ea",7309,0.83551639635089,NA
"844fc1294731ee62",7310,NA,"party_tpp 缺值"
"8453fb739e16224b",7311,0.2794383541969,NA
"845583c8b78804b3",7312,0.0863931964567863,NA
"84642e58a24bd908",7313,NA,"edu 缺值"
"846961a553d4d535",7314,NA,"party_kmt 缺值"
"846ce5de8775f755",7315,NA,"edu 缺值"
"846efd9f9197059d",7316,NA,"sex 缺值"
"84715d8951069932",7317,0.375199274569863,NA
"8473e54334e0f35c",7318,0.270680920414285,NA
"847428512eaa6ea7",7319,5.00009104606325,NA
"84762b81f1acfa65",7320,0.282723644450041,NA
"84834b115d8bd048",7321,0.409455600887348,NA
"8484dd1d0b875ddf",7322,0.27157879875813,NA
"8491fc5bd22b09ba",7323,5.00009104606325,NA
"8493656cb277cb54",7324,NA,"edu 缺值"
"8494635128ca4cf4",7325,NA,"sex 缺值"
"84953ed87f0d3c08",7326,0.780470670850968,NA
"849a579223e57bd0",7327,NA,"edu 缺值"
"84a4426d43e08ab8",7328,NA,"edu 缺值"
"84a6027f41e8152c",7329,NA,"party_dpp 缺值"
"84b6b9904fc8b6e2",7330,0.463844624218321,NA
"84b76ee463702f96",7331,0.270680920414285,NA
"84ba0ecccdef924d",7332,5.00009104606325,NA
"84bd15bebe253a37-1",7333,NA,"edu 缺值"
"84bd15bebe253a37",7334,NA,"edu 缺值"
"84c89a41fc4dd3c2",7335,NA,"edu 缺值"
"84cff9ca19f90775",7336,0.328602099431772,NA
"84d2151d1f183794",7337,0.163395985924161,NA
"84dce0b48e249fbb-1",7338,NA,"party_dpp 缺值"
"84dce0b48e249fbb",7339,0.359007928496261,NA
"84ec941b35a64ff7",7340,2.08896256371023,NA
"84edbc99411a0d21",7341,NA,"edu 缺值"
"84f5263956eb9abc",7342,NA,"edu 缺值"
"84f6bc78396520db",7343,NA,"sex 缺值"
"84f6bc78396520db-1",7344,NA,"sex 缺值"
"84f862ec1539bf75",7345,1.42308203522184,NA
"84f9b0f6d47571f9",7346,0.214196151137979,NA
"8502815af6aca62b",7347,0.984302576831165,NA
"850385c7761d938c",7348,1.58640133098009,NA
"850de08edd4a077e-1",7349,NA,"party_kmt 缺值"
"850de08edd4a077e",7350,0.0826649852446509,NA
"85107006edafef2b",7351,NA,"party_tpp 缺值"
"85163020010432df",7352,0.302598276430383,NA
"85168d1e1d795918",7353,1.44487189316763,NA
"8517a66cde85aae1",7354,NA,"party_tpp 缺值"
"851a67ac5e360292",7355,NA,"party_tpp 缺值"
"851d9d0fee4d4b11",7356,NA,"edu 缺值"
"85227ca6a36c8531",7357,NA,"party_tpp 缺值"
"85390cde3cf64d38",7358,5.00009104606325,NA
"8544d4feedc96d60",7359,NA,"party_tpp 缺值"
"85467d905c0626a5",7360,0.231597778272698,NA
"854b9db285283583",7361,NA,"party_tpp 缺值"
"854caaeff42cf641",7362,NA,"edu 缺值"
"85652a686b1b6ee0",7363,0.247311333438462,NA
"856f236ae0525dc3",7364,0.106699590892319,NA
"8573198cb97ed42a",7365,NA,"party_tpp 缺值"
"857631c5d2772ad1",7366,0.360409078911018,NA
"857ccd0d90c6a17e",7367,NA,"sex 缺值"
"8594ebc18cee21de",7368,NA,"party_tpp 缺值"
"85998cbb321705a5",7369,NA,"sex 缺值"
"85ad4d4240332e2b",7370,NA,"edu 缺值"
"85b1d6352c36ab1f",7371,NA,"party_kmt 缺值"
"85b7cb4ddc59e68a",7372,2.46300798394163,NA
"85b94b820128e144",7373,2.0080744886696,NA
"85c1ffc5244b1e1b",7374,5.00009104606325,NA
"85c29c23b9347210",7375,0.148917505843435,NA
"85c44df2f9e41b99",7376,NA,"sex 缺值"
"85d0094d6d701c3c",7377,0.137641795450903,NA
"85d163209185d1aa",7378,0.189870430687549,NA
"85d90fa328ed6327",7379,0.0826649852446509,NA
"85d992a1f5839828",7380,0.149873208832532,NA
"85dcff6823557b2a",7381,1.01278852899865,NA
"85e640b3f48c3b1d",7382,NA,"edu 缺值"
"85ea5f3b73c65266-1",7383,NA,"party_dpp 缺值"
"85ea5f3b73c65266",7384,0.2794383541969,NA
"85f046cb519d6061",7385,NA,"party_tpp 缺值"
"85f18694604b7e58",7386,0.0704952927516892,NA
"85f794ce2559303a",7387,0.317223720565632,NA
"85f909b67c5f7be0",7388,1.58810578274177,NA
"85fa1be9ff9353e3",7389,5.00009104606325,NA
"85fbfd99d295f526",7390,0.0826649852446509,NA
"8605305a191392e4",7391,0.483270676621923,NA
"8607c5b15f7b4de5",7392,0.360684248405661,NA
"860a5b2874c35198",7393,0.564824725577593,NA
"860ba6578a502ed5",7394,5.00009104606325,NA
"861ca94745680af2",7395,1.10880413419924,NA
"8624b99c8a387c8b",7396,NA,"party_tpp 缺值"
"862599872f19202c",7397,0.168682392978214,NA
"8628ee36942eaad1",7398,0.763165825157738,NA
"862e807f8c35b75a",7399,0.0826649852446509,NA
"8633a270959ac119",7400,NA,"edu 缺值"
"863de85d6e982db6",7401,NA,"edu 缺值"
"863e84604a84d2de",7402,0.439970404908748,NA
"863ffc9f5e643807",7403,2.7976857036017,NA
"864418904c9df991",7404,0.161035702786106,NA
"864635c6e051b91f",7405,NA,"sex 缺值"
"864635c6e051b91f-1",7406,NA,"sex 缺值"
"8648c62b1a4cb28c",7407,NA,"sex 缺值"
"8648e504aeff5b4a",7408,0.0863931964567863,NA
"864c256779413911",7409,NA,"edu 缺值"
"8653975b89ea19d1",7410,0.486068939888409,NA
"8657fae4f71d4fb7",7411,0.0736746478324626,NA
"8661d53511102881",7412,1.12294446374441,NA
"866236a328eb873b",7413,NA,"edu 缺值"
"8669c47ba42dd655",7414,0.235945903887984,NA
"866c596d159c78b0",7415,0.0826649852446509,NA
"866ffb053f3e68df",7416,NA,"sex 缺值"
"867645cc30d3485a",7417,NA,"party_tpp 缺值"
"8676feabc3a332cc",7418,0.523281952812502,NA
"86781820963c9843",7419,5.00009104606325,NA
"8679952d86dbe73d",7420,0.909734706449712,NA
"86911ccfd62fbdbc",7421,0.147101185861357,NA
"8697cf72d80e2ced",7422,0.0863931964567863,NA
"869a23b5c8e60697",7423,0.104426584634346,NA
"869afcc77105363f",7424,0.117169505819394,NA
"869b12a217497a08",7425,0.321140614770656,NA
"869e52c40c08c6e4",7426,1.10880413419924,NA
"869f92836d054916",7427,0.375199274569863,NA
"86a4d8c41cfb3660",7428,0.207856368152516,NA
"86a8a1689739806d",7429,0.0704952927516892,NA
"86a9a537b1e043eb",7430,0.137328507079303,NA
"86ba8edae85ae129",7431,0.0704952927516892,NA
"86c550f5c28f3351",7432,0.111511768743893,NA
"86c7dc67ea169c18",7433,NA,"party_tpp 缺值"
"86c9af7be95c4e8c",7434,NA,"sex 缺值"
"86d00e17c1b78a49",7435,0.439799845478686,NA
"86dabe3765d3f8d2",7436,NA,"edu 缺值"
"86df712c359e0f16",7437,NA,"party_kmt 缺值"
"86e427674bcbfdc8",7438,NA,"edu 缺值"
"86e7b7d70323b06d",7439,NA,"party_tpp 缺值"
"86e9559b893ae0ba",7440,NA,"party_tpp 缺值"
"86eecdbf0b6f4f44",7441,0.360684248405661,NA
"86ef8c8f8dff2c5b",7442,0.0826649852446509,NA
"86fccc6002d5f4da",7443,0.0704952927516892,NA
"8704d20c8abe97c1",7444,NA,"edu 缺值"
"8708078bc9e501a3",7445,0.111511768743893,NA
"870afdd42eaeb9ed",7446,0.231597778272698,NA
"870fdc0fc4d85b8b-1",7447,NA,"party_dpp 缺值"
"870fdc0fc4d85b8b",7448,NA,"party_dpp 缺值"
"8712ca59250f6c08",7449,NA,"party_tpp 缺值"
"87165692986f093b",7450,NA,"edu 缺值"
"87169a965f066879",7451,NA,"edu 缺值"
"871b3b4900621533",7452,0.185825647820552,NA
"872198f01e879827",7453,1.2148840312943,NA
"872619b034a68ffb",7454,0.0826649852446509,NA
"872d57d50d40e187",7455,0.280226278752786,NA
"872e896f37c30964",7456,NA,"edu 缺值"
"8734f140839d172e",7457,NA,"party_tpp 缺值"
"8738fe609e2c3914",7458,NA,"edu 缺值"
"873befcd087373cb",7459,NA,"party_kmt 缺值"
"8742c10406ad287d",7460,NA,"edu 缺值"
"8749e32c271ce4a9",7461,NA,"sex 缺值"
"8749e32c271ce4a9-1",7462,NA,"sex 缺值"
"874a4ab84df786d4",7463,NA,"edu 缺值"
"874e55cd755dd2a2",7464,NA,"edu 缺值"
"874ef11d08e124fa-1",7465,NA,"party_kmt 缺值"
"874ef11d08e124fa",7466,0.738280930056031,NA
"87531c3318c6e114",7467,0.427922149421554,NA
"875be78a5414e259",7468,0.267379474007893,NA
"875be78a5414e259-1",7469,NA,"party_kmt 缺值"
"875e9858021ac18b",7470,0.0704952927516892,NA
"8762ded666846a6b",7471,0.529049664623895,NA
"876b3167a7c572f7",7472,0.0704952927516892,NA
"876e2b45a052b4bd",7473,0.409455600887348,NA
"87707eb5b950b330",7474,0.0836856844568212,NA
"87709a7fc721a9a2",7475,0.217230741594507,NA
"87709a7fc721a9a2-1",7476,NA,"party_tpp 缺值"
"87733d0cc2fe619d",7477,0.544360488546779,NA
"8773ef13ee3dc371",7478,NA,"edu 缺值"
"877560d91445b152",7479,0.0826649852446509,NA
"878609eb6fc2c3a5",7480,0.195093740177253,NA
"87862a9d2053745c",7481,0.401743698398901,NA
"8789bf55210d9ea8",7482,NA,"sex 缺值"
"878aecb8a2a482a9",7483,NA,"edu 缺值"
"878ddc1e1effac6e",7484,NA,"sex 缺值"
"8790572bf8e223e6",7485,0.217230741594507,NA
"8793ba06e8bcc041",7486,NA,"edu 缺值"
"87b4328aa3785362",7487,0.207856368152516,NA
"87b84ae518b2bb1d",7488,0.350539549928668,NA
"87cd6943de51a89e",7489,0.33153058856141,NA
"87d4c61333f9db0b",7490,0.407098394999057,NA
"87dff072398cccc8",7491,0.617968352991575,NA
"87e3ac685b96a3d1",7492,NA,"party_tpp 缺值"
"87e492fa98bad663",7493,0.153735485605362,NA
"87e590732d8d2b10",7494,0.321140614770656,NA
"87e5c9b3f55e5c45",7495,0.27157879875813,NA
"87ea31ebc8243e9d-1",7496,0.207856368152516,NA
"87ea31ebc8243e9d",7497,2.69632239427121,NA
"87ea4ca38dc8ee9d",7498,0.550313437502534,NA
"87eafd8e77267a70",7499,NA,"edu 缺值"
"87f3a64129db24f4",7500,0.915450706309203,NA
"87fc5082f89d2d0e",7501,NA,"sex 缺值"
"880005c6bcc6d832",7502,0.420983926067105,NA
"8802dcbcf9c79a35",7503,NA,"edu 缺值"
"8807c17230063d2e",7504,0.429030810795554,NA
"8809af77005ce3a2-1",7505,0.360409078911018,NA
"8809af77005ce3a2",7506,0.109703744645957,NA
"880ee5f007c8b486",7507,NA,"edu 缺值"
"880f02a1ec932c2b",7508,2.69632239427121,NA
"881b8db6409637e4",7509,NA,"edu 缺值"
"882c218069025e7e",7510,0.111511768743893,NA
"882f6110ccfbc079",7511,0.481391881251299,NA
"8837c6ea20bc0d82",7512,0.177806529508921,NA
"8841fc199233060b",7513,NA,"edu 缺值"
"8842331d71b84944",7514,0.126664177798915,NA
"884dc23da78e22fa-1",7515,NA,"party_kmt 缺值"
"884dc23da78e22fa",7516,0.405752469491046,NA
"884ee629a4cc40a2",7517,0.33153058856141,NA
"88533410411d9d03",7518,0.914468188906357,NA
"8855807c070d4d20",7519,NA,"party_tpp 缺值"
"885c177448c04e15",7520,NA,"edu 缺值"
"885f35c9cd4a0bd4",7521,0.1512362011435,NA
"8860193d93503d5c",7522,1.21358014382667,NA
"8874d8b2858756aa",7523,1.83881255131899,NA
"8883d49e6d1d0b7d-1",7524,NA,"party_dpp 缺值"
"8883d49e6d1d0b7d",7525,0.328602099431772,NA
"88900f0bf5655a01",7526,0.148917505843435,NA
"8893763755551dd8",7527,NA,"party_tpp 缺值"
"88966775cba04da8",7528,0.617968352991575,NA
"889db324bf70be78",7529,0.645056461378847,NA
"88a5cb8ab10ac3a0",7530,5.00009104606325,NA
"88a675684d4c32c6",7531,NA,"party_tpp 缺值"
"88b74f92c1c74e6a",7532,1.58640133098009,NA
"88b74f92c1c74e6a-1",7533,NA,"party_kmt 缺值"
"88b77571ae81d04e",7534,0.143849474355578,NA
"88b82c521c362639",7535,NA,"edu 缺值"
"88c27d3530872897",7536,NA,"party_tpp 缺值"
"88c72ed70a928763",7537,NA,"edu 缺值"
"88c7ade85493b22a",7538,NA,"party_tpp 缺值"
"88c89ed05d419319",7539,5.00009104606325,NA
"88cf01a88a29fb1d",7540,2.0912069742842,NA
"88d7bc174b7c06ea",7541,5.00009104606325,NA
"88e1041325d225d6",7542,0.420983926067105,NA
"88e9742f0bab5d14",7543,0.161035702786106,NA
"88eb16e404fb5d5a",7544,0.401743698398901,NA
"88ec39533d5714b8",7545,5.00009104606325,NA
"88ec8cf95621e2ad",7546,0.359007928496261,NA
"88ee1bba76edd779",7547,1.61645284584953,NA
"88eea79862e826a3",7548,3.51300708746733,NA
"88eeadf4943c8a5d",7549,NA,"edu 缺值"
"88f0b51f6b0cbb68",7550,1.70455583906694,NA
"88f39e2ecd341061",7551,1.5983817150522,NA
"88f4f4299f7c4710",7552,NA,"party_kmt 缺值"
"88fa773cebc55b53",7553,NA,"sex 缺值"
"88fcd6aa68451315",7554,1.10880413419924,NA
"890009e93cb26a73",7555,5.00009104606325,NA
"8900c15f48323e0a",7556,NA,"party_tpp 缺值"
"890648f0c8425669",7557,NA,"sex 缺值"
"890648f0c8425669-1",7558,NA,"sex 缺值"
"8908d6de72d6216d",7559,0.299608652671325,NA
"8908da572943fe8b",7560,0.481391881251299,NA
"891059a92fde5bb7",7561,0.0826649852446509,NA
"891601483996c042",7562,NA,"edu 缺值"
"89195352143c7d1b",7563,0.0826649852446509,NA
"8925d6d7839374e1",7564,0.481775376471245,NA
"8925da7afc05ab02",7565,NA,"edu 缺值"
"89261fe8ec26d28e",7566,0.173339519005292,NA
"892722d4c95718fc",7567,0.544360488546779,NA
"892948a6ec49dc75",7568,0.203263341729211,NA
"892a3a99df690435",7569,NA,"sex 缺值"
"8933358e0fe87b4e",7570,0.702631727979924,NA
"8938805c8aa1fc24",7571,5.00009104606325,NA
"893d4c3c3d47400c",7572,1.3841120141743,NA
"894273dc5292fa26",7573,0.317223720565632,NA
"8942e039fc95d619",7574,NA,"edu 缺值"
"8942e8761e5b1942",7575,NA,"party_tpp 缺值"
"894352f12a796f21",7576,0.409694638368157,NA
"8945f0daa53857d7",7577,0.307350729610672,NA
"89487514ab6b0a72",7578,5.00009104606325,NA
"89517e92249ae33e",7579,0.118616246805632,NA
"895820e3a0876bbc",7580,0.189870430687549,NA
"895820f465e879c6-1",7581,NA,"party_dpp 缺值"
"895820f465e879c6",7582,0.0704952927516892,NA
"89614144c3070dc8",7583,0.207856368152516,NA
"8967e3df94915928",7584,5.00009104606325,NA
"896ffda37784ed3f",7585,1.57218751197137,NA
"8971aaf71f277796-1",7586,NA,"party_kmt 缺值"
"8971aaf71f277796",7587,0.6723103647975,NA
"8976bde090111df0",7588,0.439970404908748,NA
"897d08a0548519cf",7589,0.550313437502534,NA
"8983d385fe3d8b2b",7590,1.07233400120656,NA
"89881f96205177f1",7591,NA,"party_tpp 缺值"
"899132a30357e95a",7592,0.0863931964567863,NA
"89929f66bfde46d0",7593,0.0935534866653076,NA
"899ccc0287a6cda9",7594,0.212430568547291,NA
"89a60001d48a0534",7595,0.317223720565632,NA
"89aa5363045ea0d2",7596,0.231597778272698,NA
"89aab10f18cc40c9",7597,0.143849474355578,NA
"89af66ffeb5c3e99",7598,0.617968352991575,NA
"89afe5c963762ccc",7599,0.303602028149845,NA
"89b16923819781d2",7600,0.17953404423645,NA
"89b209e61f27d463",7601,NA,"edu 缺值"
"89bbecbcc57cb5aa",7602,NA,"edu 缺值"
"89bc828d9cc782cd-1",7603,NA,"party_kmt 缺值"
"89bc828d9cc782cd",7604,0.323191251361309,NA
"89c2a5ed72d74f5d",7605,0.147101185861357,NA
"89d23b112530a564",7606,NA,"edu 缺值"
"89dd08a537ae0440",7607,NA,"edu 缺值"
"89dd08a537ae0440-1",7608,NA,"edu 缺值"
"89dfc66ff684d0df",7609,NA,"party_tpp 缺值"
"89e02570f4de3987",7610,0.0704952927516892,NA
"89ec95ec768449a9",7611,NA,"party_tpp 缺值"
"89f11398e2d1aa9b",7612,NA,"party_tpp 缺值"
"89f70b8b569c3cfa",7613,NA,"party_kmt 缺值"
"89ffcba992bc1da9",7614,0.255978129078632,NA
"8a04ed7b38dffb1d",7615,5.00009104606325,NA
"8a059a0dae29a676",7616,0.174625325219644,NA
"8a07985a38f4b2be",7617,0.299608652671325,NA
"8a098b7d4d30de67",7618,0.0704952927516892,NA
"8a098b7d4d30de67-1",7619,NA,"party_tpp 缺值"
"8a0c7a0559d26e06",7620,0.27157879875813,NA
"8a0f6823f62113dc",7621,3.30200375341845,NA
"8a1137996178635d",7622,5.00009104606325,NA
"8a15411d5b83e9f5",7623,0.225763896503032,NA
"8a20ffbb2dd8e104",7624,3.62878184817954,NA
"8a2546486539c19f",7625,NA,"edu 缺值"
"8a25bfd14dd08676",7626,NA,"edu 缺值"
"8a2b11e5387acf76",7627,0.702631727979924,NA
"8a2f5a173670e0f0",7628,0.141599791476844,NA
"8a2f5a173670e0f0-1",7629,NA,"party_dpp 缺值"
"8a2fe45b1da659f9",7630,0.0704952927516892,NA
"8a2ffd065ceddd06",7631,NA,"edu 缺值"
"8a37614b0e352589",7632,0.317223720565632,NA
"8a431d77e9e8f1e6",7633,NA,"party_dpp 缺值"
"8a431d77e9e8f1e6-1",7634,NA,"party_kmt 缺值"
"8a46f64692600ca4",7635,0.350539549928668,NA
"8a4cac34a55c0cb8",7636,NA,"party_tpp 缺值"
"8a5af500e33693e4",7637,0.269122706155871,NA
"8a5efcaed4d5668a",7638,NA,"sex 缺值"
"8a6037f515d8b574",7639,0.33153058856141,NA
"8a6119b1f6f58308",7640,0.225763896503032,NA
"8a61713b2d9856e6",7641,NA,"age 缺值"
"8a674b96b8244dac",7642,0.0836856844568212,NA
"8a68b63fec22c280-1",7643,NA,"edu 缺值"
"8a68b63fec22c280",7644,NA,"edu 缺值"
"8a6d7f0fb3de6ee4",7645,NA,"party_tpp 缺值"
"8a7099de1cac2b51",7646,0.318303902769141,NA
"8a70cf253767411e",7647,NA,"party_tpp 缺值"
"8a74b5610ef91529",7648,NA,"party_tpp 缺值"
"8a77705c680a7352",7649,NA,"party_tpp 缺值"
"8a77db980c8008ea",7650,NA,"party_tpp 缺值"
"8a7817cc57a948ed",7651,NA,"party_tpp 缺值"
"8a7f4bb14548de38",7652,0.181157174042055,NA
"8a86f6dc229ec73e",7653,NA,"edu 缺值"
"8a88c9ac9bc9222e",7654,0.189870430687549,NA
"8a88c9ac9bc9222e-1",7655,0.623780229721267,NA
"8a8d5a098f342bd9",7656,5.00009104606325,NA
"8a8d77f13d6b1ca0-1",7657,NA,"party_kmt 缺值"
"8a8d77f13d6b1ca0",7658,0.370839403919046,NA
"8a8df1d07524fa1e",7659,1.68881727292147,NA
"8a95e48e01a43791",7660,NA,"edu 缺值"
"8a9db9a5dc2f90ff",7661,0.409455600887348,NA
"8aa290732a51e6f1",7662,0.0826649852446509,NA
"8aa48f70d6983eda",7663,0.0981324511294532,NA
"8aab9ebc39a83f49",7664,0.143405581745165,NA
"8ab3ac3cdb78c257",7665,NA,"sex 缺值"
"8ab56c9e23a71a14",7666,5.00009104606325,NA
"8ac2c7befaa9211d",7667,0.106699590892319,NA
"8ac617a28da6e25b",7668,1.83683902579785,NA
"8ace2958c9ffffe1",7669,NA,"party_tpp 缺值"
"8ad9c0e0a1bac911",7670,NA,"edu 缺值"
"8adfbf69b0ca3a86",7671,5.00009104606325,NA
"8ae377d5860a687b",7672,NA,"edu 缺值"
"8aea0ac9384150ff",7673,NA,"edu 缺值"
"8aea11438ea9f9d8",7674,0.0826649852446509,NA
"8aea7be219664a3a",7675,NA,"party_tpp 缺值"
"8b0121a1e2708d22",7676,1.26967560058462,NA
"8b020d4a82935586",7677,1.08775204425333,NA
"8b029b22d6086c6c",7678,0.270522990875408,NA
"8b05272cd1feb9bd",7679,0.27157879875813,NA
"8b0d5236126ef2f6",7680,NA,"edu 缺值"
"8b1a3ff67bbfe70b",7681,0.550313437502534,NA
"8b1ae33e7ad191e4",7682,0.195093740177253,NA
"8b1c556c1e81aeb6",7683,5.00009104606325,NA
"8b1daf4ca65f26df",7684,0.682869326233153,NA
"8b1e0210bfdee464",7685,0.317223720565632,NA
"8b2977bfe09cabb9",7686,5.00009104606325,NA
"8b29a67529fd16b1",7687,1.62728336093566,NA
"8b2ba333904ee0a9",7688,NA,"edu 缺值"
"8b2cf4f443e54d5e",7689,0.208330552169296,NA
"8b343ac3698afea7",7690,0.360684248405661,NA
"8b3623c54ebeca1b",7691,0.161403074529731,NA
"8b43e59ed8b8c8cd",7692,0.83551639635089,NA
"8b46d64924bb885e",7693,0.118616246805632,NA
"8b4b3c0744e4a8f0",7694,0.598706108701554,NA
"8b4d4208e700e631",7695,0.279998862032001,NA
"8b542433063376c1",7696,NA,"party_tpp 缺值"
"8b55e0b9d2677a12",7697,0.191167133061059,NA
"8b56e849bad582b7",7698,0.564495177014209,NA
"8b59b7335c4a5ab7",7699,0.125445388161949,NA
"8b5a2bbfcb162874",7700,0.439970404908748,NA
"8b5ab78708dacbe0",7701,0.16829845267839,NA
"8b6302e8a6cc556b",7702,NA,"party_tpp 缺值"
"8b6e8c9a7a7d58c2",7703,NA,"party_tpp 缺值"
"8b709a2ea5d496ce",7704,0.270522990875408,NA
"8b71d068334ec247",7705,0.292626879731677,NA
"8b7541d932127e71",7706,0.111511768743893,NA
"8b7990de50734e30",7707,0.0826649852446509,NA
"8b79c7184c6c5728",7708,0.106699590892319,NA
"8b79edbcaafd8c89",7709,0.270522990875408,NA
"8b7b86486d3ad9b6",7710,0.427922149421554,NA
"8b7e8f4a0bdbb50f",7711,NA,"party_tpp 缺值"
"8b8b555bf0aeb1cf",7712,NA,"edu 缺值"
"8b8dafa47128012a",7713,0.27157879875813,NA
"8b91d12cb0c65c03",7714,NA,"edu 缺值"
"8b9605f0f64f34bb",7715,NA,"edu 缺值"
"8b962eb7ba7f590c",7716,0.486068939888409,NA
"8ba7dbe8525ceafa",7717,0.451164551441784,NA
"8bab03bb48cc3083",7718,0.238257551076571,NA
"8bac2df63b168bf6",7719,2.08896256371023,NA
"8badd7b2012435b8",7720,0.231597778272698,NA
"8bb33b8aa3f48f91",7721,NA,"edu 缺值"
"8bb5c50189399472",7722,NA,"party_tpp 缺值"
"8bbcc150b4ecf79e",7723,0.439799845478686,NA
"8bc4164bc2af0bb3",7724,NA,"party_tpp 缺值"
"8bc4fcae401c980a",7725,0.282723644450041,NA
"8bcfdeda820d56bd",7726,1.70250146982665,NA
"8bd31c01438f9ccd",7727,NA,"party_tpp 缺值"
"8bd644714d9a9e8d",7728,5.00009104606325,NA
"8bd842164cf643bd",7729,NA,"party_tpp 缺值"
"8bdaf464831eab40",7730,0.282723644450041,NA
"8bdfdb5fd6833ba2",7731,0.125445388161949,NA
"8bdffb7831b3d4e2",7732,NA,"party_tpp 缺值"
"8bef577d0bdc8555",7733,NA,"sex 缺值"
"8befb6ae26d8313d",7734,NA,"party_tpp 缺值"
"8bf106feff053024",7735,5.00009104606325,NA
"8c029f79084a75e2",7736,0.564495177014209,NA
"8c05ca38c884e41c",7737,0.728620518951834,NA
"8c05ca38c884e41c-1",7738,NA,"party_tpp 缺值"
"8c05ed8053780232",7739,0.228773021907763,NA
"8c1329e1d5ee22a2",7740,5.00009104606325,NA
"8c13fbb4193bd6c5",7741,NA,"party_tpp 缺值"
"8c18ca34960598f9",7742,0.106699590892319,NA
"8c1b71206745e25c",7743,5.00009104606325,NA
"8c1e6b8ded847753",7744,0.125445388161949,NA
"8c26697c3ebf9c65",7745,5.00009104606325,NA
"8c28edc6fd15afb6",7746,0.109703744645957,NA
"8c2c9fa84282945d",7747,0.269122706155871,NA
"8c30efdba7cd7f56",7748,4.04451194855264,NA
"8c38ee01d7309ac0",7749,NA,"edu 缺值"
"8c3f0a4ffd99da39",7750,1.48678974956663,NA
"8c412a5adae21cf5",7751,NA,"party_tpp 缺值"
"8c455087f23a3845",7752,0.350539549928668,NA
"8c46c42d2697fde9",7753,NA,"party_tpp 缺值"
"8c56b62dec42e66f",7754,NA,"party_tpp 缺值"
"8c5f2a70a9d736ed",7755,0.111058302750587,NA
"8c6235e33ab20382",7756,0.427922149421554,NA
"8c775601878ec46e",7757,0.270522990875408,NA
"8c7920825d5a91f0",7758,NA,"edu 缺值"
"8c795788656ef3bf",7759,NA,"party_tpp 缺值"
"8c7b0165e92375f8",7760,0.439799845478686,NA
"8c7b0165e92375f8-1",7761,NA,"party_kmt 缺值"
"8c7bc74ec9130f21",7762,NA,"party_tpp 缺值"
"8c804f6cc2d4e2c8",7763,0.317223720565632,NA
"8c8169be246eb87e",7764,NA,"party_tpp 缺值"
"8c863fffc43c1b4e",7765,1.78143172759595,NA
"8c8cc403cead23f6",7766,0.0736746478324626,NA
"8c8d971015887d89",7767,0.732575180382306,NA
"8c8eb177aff03173",7768,NA,"sex 缺值"
"8c8fba1b041dad69",7769,NA,"sex 缺值"
"8c90864caad3ef6b",7770,NA,"party_tpp 缺值"
"8c91bb31d84a2176",7771,1.5983817150522,NA
"8c92f35e42a975b5",7772,NA,"party_kmt 缺值"
"8c977f95985812c0",7773,0.114651410572369,NA
"8ca15874bb3dc090",7774,0.270522990875408,NA
"8ca15874bb3dc090-1",7775,NA,"party_kmt 缺值"
"8ca768a661fd3842",7776,0.420983926067105,NA
"8ca80a45e1966cbf",7777,5.00009104606325,NA
"8ca8c58593cffb58",7778,0.153735485605362,NA
"8cb761eebb5f8dce",7779,5.00009104606325,NA
"8cc0053d3ce7a365",7780,0.139093121103869,NA
"8cc1b9955a06b58a",7781,NA,"edu 缺值"
"8cc86c456e04e3fc",7782,0.481391881251299,NA
"8cca90610be81e12",7783,0.223856450355422,NA
"8ccadfff2c52298c",7784,0.345119283638798,NA
"8ccc5f13c5862c7c",7785,NA,"sex 缺值"
"8ccd779b8e80a857",7786,NA,"edu 缺值"
"8cd02ec3e0281aef",7787,0.915450706309203,NA
"8cd0def4722108e1",7788,NA,"party_tpp 缺值"
"8cd27771d88f59f9-1",7789,NA,"age 缺值"
"8cd27771d88f59f9",7790,NA,"age 缺值"
"8cd6745e04e37dd9",7791,0.31740891368267,NA
"8cd70a6169b033e9",7792,0.270522990875408,NA
"8cd8e4a248778f7c",7793,NA,"party_tpp 缺值"
"8cdf58e562fafb02",7794,5.00009104606325,NA
"8cecab3e864c7a12",7795,NA,"edu 缺值"
"8cee551163529e9d",7796,1.07233400120656,NA
"8cf096f66ec96024",7797,NA,"edu 缺值"
"8cf5031efc30a46a",7798,NA,"party_tpp 缺值"
"8cf58646bff1674c",7799,0.460683494922433,NA
"8cf7303722a6e028",7800,0.307903262379834,NA
"8cf7303722a6e028-1",7801,NA,"party_dpp 缺值"
"8cf8fe6d010dcb6c",7802,0.137328507079303,NA
"8cf91be464aa8e23",7803,NA,"edu 缺值"
"8cf99769b2941182",7804,NA,"edu 缺值"
"8cfa93c87ff87158",7805,NA,"edu 缺值"
"8d00c8bb630a40f9",7806,2.66489240012686,NA
"8d041e265f3dd31d",7807,0.148917505843435,NA
"8d0f70c60634642c",7808,NA,"party_tpp 缺值"
"8d142796731a6b76",7809,NA,"sex 缺值"
"8d14c4de7e74a878",7810,1.70250146982665,NA
"8d17a3ddbc960df4",7811,NA,"edu 缺值"
"8d19baf3e9dc85cc",7812,0.106699590892319,NA
"8d1a500186ced43c",7813,0.975768465849945,NA
"8d1ac11772d3a80c",7814,NA,"edu 缺值"
"8d1af79a1a57d0cb",7815,0.147101185861357,NA
"8d1e63470153dd86",7816,5.00009104606325,NA
"8d226e46b5ef9745",7817,0.391650743289372,NA
"8d25e6a2cb917f4e",7818,0.106699590892319,NA
"8d26314fcfcae151",7819,0.48674474093456,NA
"8d28e1f0c173c995",7820,NA,"party_tpp 缺值"
"8d2a2fc98b2622bf",7821,NA,"edu 缺值"
"8d2f5959c93f3d05",7822,0.137328507079303,NA
"8d3122bfebe1fcd5",7823,NA,"edu 缺值"
"8d3796e1e6bd0f01",7824,0.915450706309203,NA
"8d3abbd77785cf9e",7825,NA,"sex 缺值"
"8d3be20f028511f8",7826,NA,"edu 缺值"
"8d40f3d630a75ea3",7827,1.75757209122745,NA
"8d4d1f09b931c878",7828,2.72739980657441,NA
"8d568e7ac54bfc4d",7829,NA,"party_tpp 缺值"
"8d56f6ba64b08a30",7830,NA,"party_tpp 缺值"
"8d6076cc56d1e508",7831,0.0704952927516892,NA
"8d631ebe1b7a95ec",7832,0.26236157112622,NA
"8d7d2f2b8968b4f3",7833,0.499754332850847,NA
"8d8ed9bede9996d6",7834,NA,"party_tpp 缺值"
"8d91596d93be1a14",7835,0.111511768743893,NA
"8d9421dca5ffb7fe",7836,0.270522990875408,NA
"8d982e15a23e4125",7837,5.00009104606325,NA
"8d9b511eeb7820a0",7838,0.444188357143988,NA
"8dac91ce06b38c4f",7839,0.0999201607532301,NA
"8dafffcfb7faefaa",7840,NA,"sex 缺值"
"8dafffcfb7faefaa-1",7841,NA,"sex 缺值"
"8db0eaac1ed5d8b1-1",7842,NA,"party_kmt 缺值"
"8db0eaac1ed5d8b1",7843,0.328602099431772,NA
"8db7016ec880c526",7844,NA,"edu 缺值"
"8db93fee669f245a",7845,1.9988154922837,NA
"8dba7a5c9a2b2551",7846,0.118616246805632,NA
"8dbd601e57abf30d",7847,1.29943794759021,NA
"8dc781b15ea924ef",7848,0.27157879875813,NA
"8dc7b1b9436463d0",7849,1.72197891469214,NA
"8dd568935217c8dc",7850,0.544360488546779,NA
"8dd6d236d3df74e6",7851,2.53348408482907,NA
"8ddca7d29b08c372",7852,0.270522990875408,NA
"8de22a638a819e62",7853,NA,"edu 缺值"
"8de404e95fcfeb99",7854,0.915450706309203,NA
"8de984768020d8cf",7855,0.627025849299429,NA
"8dec6c2b75986938",7856,0.131103006091378,NA
"8df5ed665c1f98f3",7857,0.314421607429191,NA
"8e018de72812ee6c",7858,2.93176622786441,NA
"8e06029c61ec834d",7859,NA,"edu 缺值"
"8e0a8df827b99acb",7860,0.0736746478324626,NA
"8e0bbff50e2b7a60-1",7861,NA,"party_kmt 缺值"
"8e0bbff50e2b7a60",7862,0.143522056601192,NA
"8e0e21d2873710e0",7863,1.07348613184449,NA
"8e109b8be21563fb",7864,NA,"edu 缺值"
"8e11719b82bbe150",7865,0.106699590892319,NA
"8e11f8dbcfa5aecc",7866,0.360409078911018,NA
"8e12ac2ba1866d39",7867,0.106699590892319,NA
"8e12ac2ba1866d39-1",7868,NA,"party_kmt 缺值"
"8e13b3745e3fd593",7869,0.0836856844568212,NA
"8e1905b6a3b5dfe9",7870,0.302598276430383,NA
"8e20249839621e9b",7871,NA,"party_tpp 缺值"
"8e30c33b90c45367",7872,NA,"party_tpp 缺值"
"8e3363c7b50e2e49",7873,1.2180445716057,NA
"8e356767de50d2cc",7874,0.624795234497572,NA
"8e3b0a8efea4a166",7875,0.147101185861357,NA
"8e3b0a8efea4a166-1",7876,1.90820336748497,NA
"8e44c56cf3f4eee3",7877,1.58640133098009,NA
"8e457a525683b4f4",7878,0.564824725577593,NA
"8e47916ae860208c",7879,0.143405581745165,NA
"8e47953b0b7cff3f",7880,0.0826649852446509,NA
"8e49129b5dbca771",7881,NA,"sex 缺值"
"8e4a3aa66822312c",7882,0.147101185861357,NA
"8e4df7e787701fc1",7883,NA,"edu 缺值"
"8e5190242a26ccef",7884,0.529049664623895,NA
"8e56dd2947d4eddd",7885,NA,"party_tpp 缺值"
"8e63876b2c4a8d88",7886,NA,"party_tpp 缺值"
"8e64d03f2e6aa664",7887,0.481672914658405,NA
"8e65e7fd9026630f",7888,NA,"party_tpp 缺值"
"8e6f61f2474ac7d1",7889,1.42308203522184,NA
"8e7d7910cebef3dc",7890,0.0736746478324626,NA
"8e7e9abf1566bbe9",7891,0.189870430687549,NA
"8e817f5215d21068",7892,NA,"sex 缺值"
"8e8424ed566e3f1d",7893,NA,"party_dpp 缺值"
"8e8433be273d6efe",7894,0.147985976977968,NA
"8e8433be273d6efe-1",7895,NA,"party_kmt 缺值"
"8e930249d1717fee",7896,0.294616007802654,NA
"8e9a2a7fbe4e73c9",7897,0.915450706309203,NA
"8e9aa42b325c95bf",7898,0.657454244209883,NA
"8e9f1f34e9911429",7899,0.141599791476844,NA
"8e9fb635a9818d74",7900,0.106699590892319,NA
"8ea08bb812d5f5bb",7901,0.269122706155871,NA
"8ea364650e6bf952",7902,2.46300798394163,NA
"8ea5e54e24e78a87",7903,0.246748424732736,NA
"8ea67acfaffaeec1",7904,NA,"party_tpp 缺值"
"8eb826f659ce632c",7905,4.1194619912105,NA
"8ebcb87cafe4bec3",7906,NA,"edu 缺值"
"8ebec230e99b9d6d",7907,0.208330552169296,NA
"8ec2075bbb58e8bf",7908,1.50294475443083,NA
"8ec322697711c37b",7909,0.550760405309663,NA
"8ec5ecb919198175",7910,0.0935534866653076,NA
"8ed1a7ad16cc048b",7911,0.122453879415099,NA
"8ed5383759f31dda",7912,NA,"edu 缺值"
"8ed80f4c8e41fc9f",7913,NA,"edu 缺值"
"8ed941336073efda",7914,NA,"edu 缺值"
"8ee287280f9e2d4d",7915,5.00009104606325,NA
"8ee714e808257785",7916,NA,"party_dpp 缺值"
"8ee8129518cbc7a1",7917,NA,"party_kmt 缺值"
"8eec879238b1a91e",7918,0.2794383541969,NA
"8ef0d8c5bfb8e85b",7919,NA,"party_tpp 缺值"
"8ef684c289ff5492",7920,NA,"sex 缺值"
"8ef684c289ff5492-1",7921,NA,"sex 缺值"
"8ef76b0fa3423b11",7922,0.106699590892319,NA
"8ef7e4bc18328923",7923,2.46565427414278,NA
"8efa3aa7a75d81b0",7924,0.564495177014209,NA
"8eff8229f2e2da2c",7925,NA,"party_tpp 缺值"
"8f051761076150b7",7926,0.526992895800938,NA
"8f06003fd269c15b",7927,0.564495177014209,NA
"8f097a1588125d9f",7928,0.2794383541969,NA
"8f0b83f9b20296d6",7929,1.83013947808549,NA
"8f0d4bfa51f1d47b",7930,NA,"party_tpp 缺值"
"8f0e2ea8da642174",7931,1.22869763933432,NA
"8f11241d6869735e",7932,NA,"party_tpp 缺值"
"8f1196281385287f",7933,1.07348613184449,NA
"8f121ec24eb9b8c8",7934,NA,"sex 缺值"
"8f199be337353027",7935,0.0826649852446509,NA
"8f20185e4cff62ca",7936,0.143522056601192,NA
"8f214563ee8d9ea4",7937,NA,"edu 缺值"
"8f246fb7e8084b1b",7938,0.16829845267839,NA
"8f24a4ff28945a91",7939,4.87233157711017,NA
"8f256528df8cb692",7940,5.00009104606325,NA
"8f264fd062a74e5c",7941,0.0704952927516892,NA
"8f266e131bb9c9ee",7942,0.618329118842617,NA
"8f295fd225947508",7943,1.55705958961593,NA
"8f535d2e4efc253a",7944,0.148917505843435,NA
"8f5614c13ffc008b",7945,NA,"edu 缺值"
"8f5ba53bb26e2485",7946,NA,"edu 缺值"
"8f681ae1b3a53737",7947,NA,"sex 缺值"
"8f6b81cdc9e7a4d4",7948,0.122293839857739,NA
"8f6f75dd6079141b",7949,0.219734510927064,NA
"8f719dca11506f06",7950,0.395558802542504,NA
"8f74eb87cb3ec361",7951,NA,"sex 缺值"
"8f7c1ca48af00c38",7952,0.0863931964567863,NA
"8f7f03d49f524079",7953,0.207856368152516,NA
"8f80f665a4a6679b",7954,NA,"sex 缺值"
"8f8cc9e506c1b59f",7955,0.321140614770656,NA
"8f8d589365d1e8f6",7956,NA,"party_tpp 缺值"
"8f93c604c49d0e9d",7957,NA,"edu 缺值"
"8f9af24dd64e47ce",7958,0.126664177798915,NA
"8fa36d6258542ebe",7959,0.191167133061059,NA
"8fa64ea6c7015352",7960,0.33153058856141,NA
"8fae52c864c7feb4",7961,5.00009104606325,NA
"8faedb3681c33199",7962,0.106699590892319,NA
"8fb02576d40b641a",7963,1.07348613184449,NA
"8fb73f2ec522a103",7964,0.2794383541969,NA
"8fb9256cf48038d0",7965,1.10217472195332,NA
"8fbc8c28916f013d",7966,1.2214790580093,NA
"8fbf1215b04feeec",7967,NA,"edu 缺值"
"8fc122e2947834ad",7968,0.109703744645957,NA
"8fc3593ea3101ee0",7969,0.354836203663754,NA
"8fd32f2e38bf786a",7970,4.55210080057181,NA
"8fd377dde747550d",7971,NA,"edu 缺值"
"8fd50a21f2f45dfc",7972,0.191167133061059,NA
"8fdbb2a11a8183a1",7973,0.106699590892319,NA
"8fe17621c1f9d7d9",7974,NA,"edu 缺值"
"8fe2d2e290c36555",7975,0.481391881251299,NA
"8fe63e1d6adba43a",7976,0.370839403919046,NA
"8fe9aa269faae5b7",7977,NA,"edu 缺值"
"8fee8ae1b2d10655",7978,NA,"party_tpp 缺值"
"8ffe3d06800ecb2d",7979,0.125445388161949,NA
"9002887883d8628d",7980,1.13123769046117,NA
"90044932fd6800fc",7981,0.526992895800938,NA
"90062506f206c3c0",7982,NA,"sex 缺值"
"9006d10703c4a86e",7983,0.6458388780458,NA
"900aaf99e80909db",7984,2.05252547351843,NA
"900e80ce1e23a39f",7985,1.07348613184449,NA
"900fdb73216e513d",7986,0.207856368152516,NA
"90155e3e08a8f764",7987,1.90820336748497,NA
"901949e23a5df616",7988,NA,"sex 缺值"
"902075c8bc55f352",7989,NA,"party_tpp 缺值"
"9022f34be94e6ef9",7990,0.191167133061059,NA
"9024dda4cd1787a2",7991,NA,"edu 缺值"
"902a8e32011a7d45",7992,0.270522990875408,NA
"90300ad57eead4cd",7993,NA,"edu 缺值"
"9033040fdbceea8e",7994,NA,"edu 缺值"
"90340297f229302c",7995,0.0826649852446509,NA
"9034fa8d75a0bbfc",7996,NA,"sex 缺值"
"9034fa8d75a0bbfc-1",7997,NA,"sex 缺值"
"9035a0985072e537",7998,0.125445388161949,NA
"9039100ced9c7429",7999,NA,"edu 缺值"
"90391ba7673f4664",8000,0.649175455744244,NA
"903bd7f1dba408ab",8001,NA,"party_tpp 缺值"
"903f139f6189757c",8002,NA,"party_tpp 缺值"
"9041f36f88df9241",8003,2.69632239427121,NA
"90441c3860147bd3",8004,0.104426584634346,NA
"90482f807bfcd1e2",8005,NA,"edu 缺值"
"904d180143c0345c",8006,0.2794383541969,NA
"904df624f847cd7d",8007,NA,"edu 缺值"
"905988968e4b0ee0",8008,5.00009104606325,NA
"905a54cbf73ec42c",8009,0.0704952927516892,NA
"905ac060af447389",8010,0.741700825734021,NA
"905b686e7fbe6386",8011,0.137328507079303,NA
"905ec2a46c4b8565",8012,0.0999201607532301,NA
"906cdce2b79f407a",8013,NA,"edu 缺值"
"906da94171abf2bc",8014,0.590396809627575,NA
"906f06e01fb7cf4b",8015,0.122293839857739,NA
"9075c52abd9deb92",8016,NA,"party_tpp 缺值"
"9075e543e019a6cf",8017,5.00009104606325,NA
"907664a03793f14d",8018,NA,"sex 缺值"
"9084af9b5ccce417",8019,NA,"edu 缺值"
"90868a2e2f1e7faf",8020,0.231597778272698,NA
"908e7540c0872a4a",8021,0.111511768743893,NA
"909916745c155a37",8022,1.94625101233133,NA
"9099ee984297b1bb",8023,0.217904966921292,NA
"90a19ba270a97d2b",8024,NA,"edu 缺值"
"90a92a2a242f3305",8025,NA,"party_tpp 缺值"
"90a9e54fe9115b74",8026,0.141599791476844,NA
"90aac27c8c8ddab3",8027,NA,"edu 缺值"
"90af8c862455af42",8028,0.295288117121358,NA
"90b00e85262e1092",8029,1.6290317369217,NA
"90b1aebffe28141b",8030,NA,"edu 缺值"
"90b53f2a5b9c2362",8031,NA,"edu 缺值"
"90b6aebd6a6a0def",8032,1.42308203522184,NA
"90bbb06e55bfd324",8033,NA,"party_tpp 缺值"
"90bbbff34f076a02",8034,0.0826649852446509,NA
"90be9cebec9231af",8035,NA,"edu 缺值"
"90ccad478cfa018d",8036,NA,"party_tpp 缺值"
"90ce08f018ed65c6",8037,0.439799845478686,NA
"90d4c202a9aecef6",8038,0.412125009469762,NA
"90e1d11a90b26ec6",8039,NA,"edu 缺值"
"90f5e4e224465ddf",8040,0.231597778272698,NA
"90f8777f805e05d0",8041,0.623780229721267,NA
"90fba61755faf22e",8042,0.465196977412774,NA
"90fbec357c796cac",8043,0.207856368152516,NA
"90fcd8ab53d0ca9e",8044,0.27157879875813,NA
"9105e9c97c9e3a34",8045,NA,"edu 缺值"
"910656d93d946157",8046,1.03503245925979,NA
"910727e685a2be4b",8047,1.75528201180405,NA
"91082496fb1d9933",8048,0.0704952927516892,NA
"91082496fb1d9933-1",8049,NA,"party_kmt 缺值"
"91096eae9742175e",8050,0.141599791476844,NA
"910e701bc7f3a071",8051,NA,"edu 缺值"
"911815b4c54a80b7",8052,2.69632239427121,NA
"911815b4c54a80b7-1",8053,0.207856368152516,NA
"9118f1862f72b53a",8054,0.37657952957204,NA
"911d51d19b0720b6",8055,1.05231239440155,NA
"911d5d1b5bac5566",8056,0.137641795450903,NA
"912aacfaf7d57ab3-1",8057,NA,"party_dpp 缺值"
"912aacfaf7d57ab3",8058,0.106699590892319,NA
"912b5981b40e7dd1",8059,0.254274446084471,NA
"912b72a9a57f5b22",8060,0.0704952927516892,NA
"9132ef755bd789c5",8061,0.957627930148016,NA
"9137c1b6bfc87f13",8062,NA,"edu 缺值"
"91381efbc268701e",8063,0.16829845267839,NA
"91384e73d3be552f",8064,0.378984170178408,NA
"913ed61c4c8494ea",8065,0.0981324511294532,NA
"913f65d2051b0a3e",8066,1.50294475443083,NA
"914203eebb0a35e7",8067,0.0704952927516892,NA
"9143fa7a4e0fdceb",8068,NA,"edu 缺值"
"914bb731070c7623",8069,3.89071301073134,NA
"91519169cc2a87f8",8070,NA,"edu 缺值"
"9151cd2f3c8454de",8071,0.317223720565632,NA
"915c6ca370db7839",8072,2.77284099210224,NA
"915d26707498d450",8073,NA,"edu 缺值"
"915fa865c5e32fc8",8074,0.0704952927516892,NA
"916526ea0a24c8bd",8075,0.228016665583315,NA
"916c334c21acc324",8076,NA,"sex 缺值"
"916f70d4b2e44319",8077,NA,"edu 缺值"
"9178705f5ebc6805",8078,NA,"sex 缺值"
"9179a4cf25c0d388",8079,NA,"party_tpp 缺值"
"917adb495a03f14a",8080,0.0863931964567863,NA
"917b3f86298193a8",8081,0.147101185861357,NA
"917d48f9b38e88c8",8082,0.0826649852446509,NA
"917f0b4219205f19",8083,0.359007928496261,NA
"918377061a721a4c",8084,0.401743698398901,NA
"9184e72af8daf60f",8085,NA,"edu 缺值"
"919453bb3f85c793",8086,NA,"party_tpp 缺值"
"9198d35156e60ab7",8087,5.00009104606325,NA
"919b0c7060cac4f7",8088,0.317223720565632,NA
"919b6b5c97320454",8089,0.0863931964567863,NA
"919f7c07200d0fa7",8090,5.00009104606325,NA
"91a026ac03173629",8091,NA,"edu 缺值"
"91a54d5d61460ff0",8092,0.161035702786106,NA
"91a78b639684a704",8093,NA,"party_tpp 缺值"
"91b1eb418d9af6d1",8094,0.360409078911018,NA
"91b539e3d3725d48",8095,NA,"party_tpp 缺值"
"91b68ee103d90f1c",8096,NA,"edu 缺值"
"91b86a088d10b989",8097,0.207856368152516,NA
"91bc668e3b1f962d",8098,5.00009104606325,NA
"91bc668e3b1f962d-1",8099,NA,"party_kmt 缺值"
"91c2ad0fde912369",8100,3.48032973365229,NA
"91c2b4894b13982f-1",8101,NA,"party_kmt 缺值"
"91c2b4894b13982f",8102,0.0826649852446509,NA
"91cc5b45ae5b7aaf",8103,NA,"party_tpp 缺值"
"91cce324f44b038e",8104,1.76785529967695,NA
"91de280ce3e2dd21",8105,2.0912069742842,NA
"91e1771c2f19cea2",8106,1.5983817150522,NA
"91ecc9381bcb8037",8107,0.106699590892319,NA
"91f719812c8c843e",8108,0.83551639635089,NA
"91fa6fea5143221b",8109,0.200703811200941,NA
"91fc0d194b25e1d4",8110,NA,"sex 缺值"
"91fe028e593d577c",8111,5.00009104606325,NA
"92000a992b55d1d5",8112,NA,"party_tpp 缺值"
"9202155cc3be6672",8113,0.328204006705968,NA
"9209dcda444b5015",8114,NA,"party_tpp 缺值"
"921038279cf0d06d",8115,NA,"sex 缺值"
"92103b3c833e18e2",8116,NA,"edu 缺值"
"9210c5bd46dab86b",8117,NA,"party_tpp 缺值"
"9213a1487936f992",8118,2.93176622786441,NA
"921f861a7193e473",8119,1.14973675048474,NA
"92243425852b5170",8120,NA,"edu 缺值"
"9224958033507626",8121,0.316245533290368,NA
"92347dc7074041f3",8122,0.0704952927516892,NA
"92357be0f92a477e-1",8123,NA,"sex 缺值"
"92357be0f92a477e",8124,NA,"sex 缺值"
"923a0f3497d2ee54",8125,5.00009104606325,NA
"923f8dda3a4b852e",8126,NA,"party_tpp 缺值"
"92402af1079760e9",8127,0.300167960686019,NA
"924cecb62a1683d5",8128,NA,"edu 缺值"
"924eb6034c5697c8",8129,5.00009104606325,NA
"9260375f55dc1bdd",8130,1.3243820569354,NA
"92655a51cc1a4450",8131,NA,"edu 缺值"
"92655a51cc1a4450-1",8132,NA,"edu 缺值"
"92675d7e348c49bd",8133,0.0836856844568212,NA
"926d340a74e83b39",8134,NA,"edu 缺值"
"92719234d43abf57",8135,5.00009104606325,NA
"92742d11c516c8a3",8136,NA,"edu 缺值"
"9274b276508de6a9",8137,2.7976857036017,NA
"9275d14c7d52558d",8138,0.409455600887348,NA
"9280ae285fb09ded",8139,0.409455600887348,NA
"92816ae76235be96",8140,5.00009104606325,NA
"92828799c46de0c5",8141,5.00009104606325,NA
"9283c37a51ee250b",8142,NA,"edu 缺值"
"9285434ed2ba6f10",8143,NA,"sex 缺值"
"928b3821a529c83e",8144,NA,"edu 缺值"
"92914788d44dd831",8145,0.0826649852446509,NA
"9299cc6ce8cb0762",8146,0.33153058856141,NA
"92a3cd0fdfc1acfd",8147,3.01011678788667,NA
"92a3cd0fdfc1acfd-1",8148,NA,"party_kmt 缺值"
"92a5c26b03c15308",8149,NA,"edu 缺值"
"92a77e5084a36918",8150,0.190900971620032,NA
"92ab90e1f8df2e2a",8151,0.426181991008403,NA
"92b0ec76c4863c60",8152,2.02349570473653,NA
"92b9380ee131a2ed",8153,0.27157879875813,NA
"92b93d810a1348b2",8154,0.0704952927516892,NA
"92baf824180d941f",8155,NA,"party_tpp 缺值"
"92bb4ae6a6593ab1",8156,NA,"edu 缺值"
"92bfd78aa52a61e4",8157,0.6458388780458,NA
"92c433289105dd2a",8158,0.122293839857739,NA
"92c494533ee37a92",8159,0.246748424732736,NA
"92c59b2caf2cafeb-1",8160,NA,"party_tpp 缺值"
"92c59b2caf2cafeb",8161,0.52819512794983,NA
"92c627c0e38ecf50",8162,NA,"party_tpp 缺值"
"92c6717f82262e7a",8163,0.6458388780458,NA
"92ce3b7fc016bf6d",8164,1.51794178240828,NA
"92ce64894f8c9a05",8165,0.387440928095397,NA
"92d88aefc8b2ae13-1",8166,1.78143172759595,NA
"92d88aefc8b2ae13",8167,0.137328507079303,NA
"92ded672f38133a6",8168,0.2794383541969,NA
"92e23bcc8f340414",8169,NA,"party_tpp 缺值"
"92e8d02dd9bc6b39",8170,0.469297935118666,NA
"92f290ae9e5b3d8b",8171,NA,"edu 缺值"
"92ff4998c1e8b58b",8172,0.338444762581863,NA
"9300934ce741c12e",8173,NA,"edu 缺值"
"9314ab256418879f",8174,5.00009104606325,NA
"9319c457e5c95f8f",8175,0.4847641311121,NA
"931c21b097be5db4",8176,0.798106523845106,NA
"931d2e6fa1557eb2",8177,NA,"edu 缺值"
"9320d835f3cf9551",8178,0.207856368152516,NA
"93279969573a3cce",8179,1.70455583906694,NA
"93312299c1bd2e66",8180,0.290760873219717,NA
"93331f8aa20b7792",8181,NA,"edu 缺值"
"933b83779f1bacbb",8182,NA,"party_tpp 缺值"
"933f597a215d76fa",8183,0.195093740177253,NA
"934226f3f29a26d8",8184,0.267379474007893,NA
"9343a4e96cfafbe1",8185,0.147101185861357,NA
"9347d3486e38bdce",8186,0.141599791476844,NA
"93499c9c849337a4",8187,0.0704952927516892,NA
"935274c7c109e4fc",8188,1.96395080794979,NA
"93546d5a122fb3ce",8189,5.00009104606325,NA
"935c6a0af75dbd50",8190,0.1512362011435,NA
"936675ca608d59aa",8191,0.177806529508921,NA
"936727e5da442c1f",8192,0.608109079478263,NA
"936e7258ad296bb9",8193,2.69632239427121,NA
"9376082711940bfd",8194,NA,"party_tpp 缺值"
"9377c7beaf1778e6",8195,NA,"edu 缺值"
"938a4ea094783ec2",8196,NA,"party_tpp 缺值"
"93909d69b8ed3be4",8197,0.131103006091378,NA
"93909d69b8ed3be4-1",8198,NA,"party_dpp 缺值"
"93929ba5eb134e16",8199,NA,"edu 缺值"
"939af6da5fc1ea28",8200,NA,"sex 缺值"
"93a05aa80bcbf015",8201,1.83881255131899,NA
"93a08f20239d0eff",8202,NA,"edu 缺值"
"93a1fda4523fde88",8203,NA,"party_tpp 缺值"
"93a3db8baf566d89",8204,0.409455600887348,NA
"93abb3cb89a5aaa2",8205,NA,"edu 缺值"
"93b7df0c96e33828",8206,NA,"party_dpp 缺值"
"93bd757a1c72b9da",8207,NA,"sex 缺值"
"93be5fc51c576bd7",8208,NA,"party_tpp 缺值"
"93c1600a8a9d6b85",8209,0.0826649852446509,NA
"93c1a2826955a3ba",8210,0.161403074529731,NA
"93c8537a9ae657ba",8211,NA,"party_kmt 缺值"
"93c8c6b0fe478fda",8212,5.00009104606325,NA
"93c91249dd1a8fe0",8213,NA,"party_tpp 缺值"
"93d22217e0c81d43",8214,0.125445388161949,NA
"93d7d0969617ca76",8215,NA,"party_tpp 缺值"
"93dcee541281b7bf",8216,NA,"edu 缺值"
"93df777751992ed3",8217,0.141599791476844,NA
"93e1e23e39e38613",8218,NA,"party_tpp 缺值"
"93e399e5fa7ad800-1",8219,NA,"party_dpp 缺值"
"93e399e5fa7ad800",8220,0.217230741594507,NA
"93e65cc6dda41e30",8221,0.106699590892319,NA
"93eb803e7c79b6df",8222,0.350539549928668,NA
"93ec21c241c7b61f",8223,NA,"party_tpp 缺值"
"93f1ce7f81b629e5",8224,NA,"party_tpp 缺值"
"93f4b9efc849bf47",8225,NA,"edu 缺值"
"93f7ec97c123d6a3",8226,0.31740891368267,NA
"93f7ec97c123d6a3-1",8227,NA,"party_kmt 缺值"
"93f90eec44683f46",8228,5.00009104606325,NA
"93f9f1d30f2ef3dc",8229,NA,"party_tpp 缺值"
"93fa673cb9d5fe78",8230,5.00009104606325,NA
"93fc96e90cb20b8f",8231,0.483270676621923,NA
"940cbf4b9bd2de48",8232,0.130230439506235,NA
"940d77bc0a16e286",8233,0.564495177014209,NA
"9410ff717f312dc9",8234,NA,"sex 缺值"
"94174fe42ab78518",8235,0.231597778272698,NA
"941d3b19d8c323dd",8236,1.05231239440155,NA
"941f42c729411c84",8237,NA,"edu 缺值"
"942595d4a3d8a831",8238,NA,"party_kmt 缺值"
"942595d4a3d8a831-1",8239,NA,"party_kmt 缺值"
"94260850eb5a605f",8240,0.0826649852446509,NA
"942cf32ef6427ed2",8241,0.122453879415099,NA
"942dfe4237f5cfd3",8242,NA,"party_tpp 缺值"
"9430d5b75eeee82c",8243,1.14973675048474,NA
"943443cbf89fcc9f",8244,0.122293839857739,NA
"9439321336540ac0",8245,0.0935534866653076,NA
"9439f3537446c783",8246,NA,"edu 缺值"
"94405ffe5d544d82",8247,0.147101185861357,NA
"9445138e8c02e9ac",8248,NA,"sex 缺值"
"944cd7af270e1753",8249,0.499754332850847,NA
"94540395b7a7c9a2",8250,NA,"edu 缺值"
"945817a6d10976cb",8251,0.377707299639131,NA
"945a35cee5ce0d9d",8252,NA,"party_tpp 缺值"
"945c6e2f5f5ac6ed",8253,0.843222785156954,NA
"9462b6881dcc376b",8254,0.350539549928668,NA
"9463fe97eece8989",8255,NA,"edu 缺值"
"946564a00573ef9c",8256,5.00009104606325,NA
"9465c4f4ac296ac5",8257,0.191167133061059,NA
"9466abddf969a55d",8258,0.529049664623895,NA
"946ce725ff394dba",8259,0.47112952975556,NA
"946f73e398bea0a7",8260,NA,"party_tpp 缺值"
"9475f857aa1561a6",8261,0.235945903887984,NA
"9488d31dfbbad1c6",8262,0.317223720565632,NA
"9494d6ce10cd2130",8263,0.710315479646997,NA
"94961df840cda3be",8264,0.143522056601192,NA
"94961df840cda3be-1",8265,NA,"party_tpp 缺值"
"949b308d3218e06b",8266,NA,"party_tpp 缺值"
"949fd5eb456c0422",8267,5.00009104606325,NA
"94a02b5c006e5f33",8268,0.6723103647975,NA
"94a5127f7d0f8e5f",8269,NA,"edu 缺值"
"94b1a82e7ee16632",8270,0.316245533290368,NA
"94b2fa06028d1a01",8271,NA,"party_tpp 缺值"
"94d29f01cb8bbad6",8272,0.529049664623895,NA
"94d3c7ca9a51c1a5",8273,0.189870430687549,NA
"94d62fd84c80a8b2",8274,0.522090903608683,NA
"94d8523ca8672eb4",8275,NA,"edu 缺值"
"94fa6b6e0f306205",8276,0.424052005886429,NA
"94ff8d7339a48a8b",8277,0.0836856844568212,NA
"9506b66fcebdb0ee",8278,5.00009104606325,NA
"95124ff614443677",8279,NA,"edu 缺值"
"951cd1ee6b41e95b",8280,0.282723644450041,NA
"9523f2c55ea4a9c5",8281,NA,"party_tpp 缺值"
"952a5ad9b7b6bd22",8282,0.195093740177253,NA
"9532e90a7c9a377d",8283,0.117169505819394,NA
"9535c031c342ef51",8284,0.27157879875813,NA
"953bde47e99c2114-1",8285,NA,"party_kmt 缺值"
"953bde47e99c2114",8286,0.106699590892319,NA
"9544fc7aeed3e5a8",8287,NA,"edu 缺值"
"9545139e284e6799-1",8288,NA,"party_dpp 缺值"
"9545139e284e6799",8289,0.122293839857739,NA
"954749c83ba4d0b4",8290,NA,"edu 缺值"
"954cdfa2ca990f78",8291,0.161035702786106,NA
"95514b5af2dcbc82",8292,1.08171267831646,NA
"955164de91a1ab53",8293,NA,"edu 缺值"
"9551778140f14cb4-1",8294,NA,"party_kmt 缺值"
"9551778140f14cb4",8295,0.109703744645957,NA
"955ee9386694e293",8296,0.529049664623895,NA
"955ef29245316e32",8297,0.117169505819394,NA
"9560976bb6c4359f",8298,0.391650743289372,NA
"956644702f83bcd9",8299,0.185100340350864,NA
"956912771a9e1c09",8300,NA,"edu 缺值"
"956de9a25486f318",8301,NA,"sex 缺值"
"9571569155f6e6c4",8302,NA,"sex 缺值"
"95730c18868dd29b",8303,5.00009104606325,NA
"957f93406408f812",8304,1.86026382044382,NA
"958116f7fc64cdcc",8305,1.36167036604999,NA
"9583a317436334a2",8306,0.193448411329452,NA
"958831871b6d6916",8307,0.819779840391729,NA
"9589b4e1f0cf1aab",8308,0.601179968262991,NA
"9591590e7147fd39",8309,0.0826649852446509,NA
"95936a384088ce75",8310,NA,"edu 缺值"
"9595fe099d62d074-1",8311,NA,"party_kmt 缺值"
"9595fe099d62d074",8312,3.48197585408211,NA
"959b917266c74136",8313,NA,"sex 缺值"
"959bb698701b6dae",8314,0.191167133061059,NA
"95a14885532fe728",8315,NA,"edu 缺值"
"95a14be4b3538b7d",8316,3.40369908340704,NA
"95a14be4b3538b7d-1",8317,NA,"party_dpp 缺值"
"95a5a7949044b644-1",8318,NA,"party_kmt 缺值"
"95a5a7949044b644",8319,0.354836203663754,NA
"95abcd064b2e229d",8320,NA,"party_tpp 缺值"
"95ad34a2fe9c086e",8321,0.106699590892319,NA
"95ae84986a5a8174",8322,0.350539549928668,NA
"95b1ddfa99380911",8323,0.33153058856141,NA
"95b76a49ba149b78",8324,0.409455600887348,NA
"95c19b4342e75b1e",8325,0.117169505819394,NA
"95d970b6d1317949",8326,0.0935534866653076,NA
"95df1cfebdd7acb9",8327,NA,"edu 缺值"
"95e0cbce14a95e24",8328,0.270522990875408,NA
"95e1bcc9fdc62f70",8329,NA,"edu 缺值"
"95e966447709627f",8330,0.299608652671325,NA
"95ea89ea5e05cce4",8331,NA,"edu 缺值"
"95efde573bfa00dc",8332,NA,"edu 缺值"
"95f18e54b43f7bdc",8333,NA,"edu 缺值"
"95f37eae1f972129",8334,NA,"edu 缺值"
"95f477ba3270ddb0",8335,NA,"party_kmt 缺值"
"95f7426fd8c367ed",8336,0.360409078911018,NA
"95f88a588792cf74",8337,0.317223720565632,NA
"96019aed7b121d31",8338,0.27157879875813,NA
"96066da13e3a1b7d",8339,2.84429792187621,NA
"9612740d69857ad6",8340,0.0935534866653076,NA
"9612c546c3ab524e",8341,NA,"party_tpp 缺值"
"9613d03790191c2a",8342,3.89071301073134,NA
"961478d21d87a464",8343,NA,"sex 缺值"
"961ece25943fb61e",8344,NA,"edu 缺值"
"962098cf90000084",8345,0.350539549928668,NA
"96271f58b4f829fd",8346,1.5983817150522,NA
"962bde6832719a7b",8347,0.137328507079303,NA
"96303f0877257acd",8348,0.161035702786106,NA
"96311c82bab6526e",8349,0.2794383541969,NA
"963f1bd2f910a563",8350,0.125445388161949,NA
"963f1bd2f910a563-1",8351,NA,"party_kmt 缺值"
"9641d64d9a709d6a",8352,NA,"edu 缺值"
"96517fae11686cab",8353,NA,"edu 缺值"
"9657f900af6ab0d9",8354,0.33153058856141,NA
"9666b9173d941be1",8355,0.125445388161949,NA
"9668eb5e634aad0f",8356,0.228773021907763,NA
"966c498349d0d2d0",8357,3.40369908340704,NA
"966d909ba4265156",8358,0.486068939888409,NA
"96731049aa07abe5",8359,0.238546543885963,NA
"96731349c9cc3f2e",8360,NA,"edu 缺值"
"967332701e97a8d3",8361,0.876420857925682,NA
"967431d3b2585f2d",8362,0.149873208832532,NA
"96752afd7d44eb07",8363,0.728620518951834,NA
"9675664a3a0111a7",8364,5.00009104606325,NA
"9676a17083d50ae8",8365,1.35804291934872,NA
"967841ef2dcc9628",8366,NA,"edu 缺值"
"967a0b462299065c",8367,NA,"party_tpp 缺值"
"967a7e33c81e42eb",8368,NA,"sex 缺值"
"967d7c121ef7bfad",8369,0.0826649852446509,NA
"967f02288878c75a",8370,0.448247014664783,NA
"9688618e5559e5f8",8371,0.106699590892319,NA
"96894afae790d5d9",8372,0.608109079478263,NA
"968ab2e9fd460944",8373,NA,"party_kmt 缺值"
"969bd3e57e4a310c",8374,0.0826649852446509,NA
"969d5d2eba67f0bc",8375,NA,"sex 缺值"
"96a366925fca731e",8376,0.0826649852446509,NA
"96a3d9ddc2c1a54c",8377,NA,"edu 缺值"
"96b584d55894c82f-1",8378,NA,"party_kmt 缺值"
"96b584d55894c82f",8379,0.0826649852446509,NA
"96b77c9e8484b9af",8380,5.00009104606325,NA
"96b77c9e8484b9af-1",8381,5.00009104606325,NA
"96c4d45e36a15c19",8382,NA,"party_tpp 缺值"
"96c986a3a3b7fe8a-1",8383,NA,"sex 缺值"
"96c986a3a3b7fe8a",8384,NA,"sex 缺值"
"96cebb07f4cb4792",8385,NA,"edu 缺值"
"96d2bce0daef8684",8386,NA,"sex 缺值"
"96d91101ad8c2353",8387,0.307350729610672,NA
"96eabd820b504ed2",8388,0.161035702786106,NA
"96eabd820b504ed2-1",8389,NA,"party_kmt 缺值"
"96ed0fa4f9d56ca2",8390,0.223856450355422,NA
"96f40e651d8de4fa",8391,0.163024078087676,NA
"96fe59c7c7a13af0",8392,0.0736746478324626,NA
"96ffec27393df19b",8393,0.338444762581863,NA
"97008aab1e2dfe50",8394,NA,"edu 缺值"
"970746ac1d52c5c8",8395,0.117169505819394,NA
"970c1a6adf17d93f",8396,0.126664177798915,NA
"9710dad3b8ea7ff7",8397,NA,"edu 缺值"
"9712183cf040504d",8398,0.73023217409767,NA
"971cdccc7e9aa2a0",8399,NA,"party_tpp 缺值"
"971faa6c2e1af692",8400,NA,"edu 缺值"
"9720851e968f8b3d",8401,0.106699590892319,NA
"9720851e968f8b3d-1",8402,NA,"party_tpp 缺值"
"9723fb0d8d469485",8403,NA,"party_tpp 缺值"
"973255de2e4db0d4",8404,NA,"edu 缺值"
"973a0d3baedcd0d7",8405,0.481391881251299,NA
"9742447ab3ff6df8",8406,NA,"sex 缺值"
"97447db6498fbbbb",8407,0.106699590892319,NA
"97452db155094fd0",8408,0.328602099431772,NA
"974690df99786bdc",8409,NA,"edu 缺值"
"9748bc3cd06b2cd5",8410,NA,"age 缺值"
"974add4b94400aba",8411,0.0736746478324626,NA
"974d964e9366347e",8412,NA,"party_tpp 缺值"
"975dd2e0c446406f",8413,NA,"party_tpp 缺值"
"9765d77a0b3837c0-1",8414,NA,"party_dpp 缺值"
"9765d77a0b3837c0",8415,2.8209548192847,NA
"976674dd4cce7ffe",8416,0.143405581745165,NA
"9768d4a151f3f515",8417,0.122453879415099,NA
"976fdb60945ba624",8418,0.122453879415099,NA
"9770f6c5b04943d0",8419,NA,"edu 缺值"
"9770f6c5b04943d0-1",8420,NA,"edu 缺值"
"977248e12554dc71",8421,NA,"sex 缺值"
"9773e1806903a564",8422,0.909734706449712,NA
"97793ea39c5087a6",8423,0.147985976977968,NA
"9779d595bbecff68",8424,0.270680920414285,NA
"977a5e9459206554",8425,0.543383786383836,NA
"977ca83914ad182d",8426,3.52671779117873,NA
"9785edb9e1ee692e",8427,NA,"edu 缺值"
"97873b42c3a9427b",8428,0.86636032179925,NA
"978bad3b0ec9c91f",8429,1.14973675048474,NA
"9792bd9fdca984fc",8430,0.0704952927516892,NA
"97982ecca3bc90ba",8431,5.00009104606325,NA
"97a10d9f3a91e575",8432,0.0863931964567863,NA
"97a40c5ea9f799cb-1",8433,NA,"party_dpp 缺值"
"97a40c5ea9f799cb",8434,5.00009104606325,NA
"97a6d58249099021",8435,NA,"party_tpp 缺值"
"97a98ea0d7408ddf",8436,0.843222785156954,NA
"97b1de7c64317369",8437,NA,"party_tpp 缺值"
"97b3888b70a903c5",8438,2.25098412831103,NA
"97bca13efc6ec05e",8439,0.460683494922433,NA
"97c15b8d63c2f24d",8440,5.00009104606325,NA
"97c15b8d63c2f24d-1",8441,NA,"party_kmt 缺值"
"97c66b3e026554ba",8442,0.198433633916187,NA
"97d25c1c5029eb35",8443,NA,"sex 缺值"
"97d275e37aed2a80",8444,0.0704952927516892,NA
"97d972dcd4f6d67c",8445,0.710315479646997,NA
"97e1feaac1021a42",8446,NA,"edu 缺值"
"97e27c13786d16ff",8447,NA,"sex 缺值"
"97f1a395b541504c",8448,0.464221361547281,NA
"97f5064324e9716d",8449,NA,"party_tpp 缺值"
"97f56125a2a5e37d",8450,NA,"edu 缺值"
"97f93bb0b5366361",8451,0.353708704803735,NA
"98016f75f46a0802",8452,NA,"party_kmt 缺值"
"980b16d9a1f734da",8453,3.00752492008486,NA
"98184f47f306f4f1",8454,NA,"party_tpp 缺值"
"981bd3f44d76312c",8455,5.00009104606325,NA
"981c262ca823e74e",8456,0.763165825157738,NA
"98261804c6fc1e27",8457,1.30840290744747,NA
"982b8f505b2b281a",8458,0.137328507079303,NA
"983020213805b7db",8459,5.00009104606325,NA
"98319246c77e5696",8460,0.208501497965697,NA
"9832c0b5a2ab0809",8461,0.118616246805632,NA
"9834b0c747064cb5",8462,NA,"party_tpp 缺值"
"9835a0cae0903caf",8463,1.11443040565475,NA
"983b68d2f474681b",8464,0.249547223563229,NA
"983ffcdfeb6a57af",8465,5.00009104606325,NA
"98410a57e44bbf08",8466,NA,"sex 缺值"
"9842990ae80bb2e8",8467,0.106699590892319,NA
"98495282b1102087",8468,0.117169505819394,NA
"984b5616194ce5b8",8469,0.270680920414285,NA
"985bed937b00be7f",8470,NA,"edu 缺值"
"985d3ff5ca374e96",8471,0.225763896503032,NA
"985ed9b4e48f0c15",8472,NA,"age 缺值"
"9861abc3e0d461b6",8473,NA,"party_tpp 缺值"
"986bbb663fe9facb",8474,NA,"party_tpp 缺值"
"986f32300262bbb6",8475,NA,"party_tpp 缺值"
"988154e9f8ed733f",8476,0.420983926067105,NA
"989ed0bb8c742d8b",8477,NA,"party_tpp 缺值"
"98a24c5b9b73809e",8478,NA,"sex 缺值"
"98a5e63b81438e23",8479,NA,"sex 缺值"
"98a62e1219ae97b7",8480,2.0912069742842,NA
"98a7080d7e382297",8481,NA,"party_tpp 缺值"
"98a9f897acc64ccd",8482,0.445661778713033,NA
"98ad213888dfe6d8",8483,1.31780855953272,NA
"98ae9f123fd5d5db",8484,3.92953621544474,NA
"98af7748b9a70a71",8485,0.2794383541969,NA
"98afbac045ec292e",8486,1.28668792573382,NA
"98b4a74df9f10d69",8487,0.143849474355578,NA
"98b6d5a81b2528e3",8488,NA,"edu 缺值"
"98bee152e34b6403",8489,3.68095655743957,NA
"98c01658c538c2a1",8490,1.44487189316763,NA
"98c90cf64879f961",8491,0.147101185861357,NA
"98d26605eb230994",8492,0.0704952927516892,NA
"98da1cac2374c068",8493,0.391873440753598,NA
"98e9a944514d3ed7-1",8494,NA,"sex 缺值"
"98e9a944514d3ed7",8495,NA,"sex 缺值"
"98eea736b97db246",8496,5.00009104606325,NA
"98f51dd690820f34",8497,0.682869326233153,NA
"98f558a887c1c8b4",8498,NA,"edu 缺值"
"98f674fee11a9222",8499,0.413398602045685,NA
"98fec78f8305fe7f",8500,NA,"edu 缺值"
"98ffb2ec8d7cd4d8",8501,0.946887646635036,NA
"99035fc3be287770",8502,1.52156126563066,NA
"99036c5b3e1ee498",8503,0.182662832831437,NA
"990565b4b0eef800",8504,0.106699590892319,NA
"990992e6908b2c87",8505,0.75231894227992,NA
"990e7188b0bca776",8506,0.0863931964567863,NA
"991014882d440db3",8507,0.915450706309203,NA
"99107a48c0ee4c25",8508,1.5983817150522,NA
"9914fd3c97d665b7",8509,5.00009104606325,NA
"9914fd3c97d665b7-1",8510,NA,"party_tpp 缺值"
"991ce0e1329fcb82",8511,0.288942066593736,NA
"9929745852c14d4f",8512,0.0704952927516892,NA
"993221edefb3f215",8513,0.424052005886429,NA
"9936bede8f40cd5b",8514,0.571465235506897,NA
"993741e8d2c6b647",8515,NA,"edu 缺值"
"993bf2f8dc59ce65",8516,1.27434638813041,NA
"9944ee86722cefba",8517,5.00009104606325,NA
"994c27fc3cff6bd1",8518,0.317223720565632,NA
"9955b59350018216",8519,0.614134941615733,NA
"9955d54335020164",8520,0.735270123112013,NA
"995ed1560ccc913e",8521,1.5983817150522,NA
"99620f1d149436d2",8522,0.0826649852446509,NA
"9963ec5a10ee39ef",8523,NA,"edu 缺值"
"996437c63e016bb6",8524,0.0826649852446509,NA
"996437c63e016bb6-1",8525,NA,"party_kmt 缺值"
"996ce82f8e4c7f8e",8526,0.270522990875408,NA
"996e6ea60bb698d0",8527,0.195093740177253,NA
"997158539b7aae01",8528,0.143405581745165,NA
"997be77e70861829",8529,NA,"sex 缺值"
"997fbca1856952e9",8530,5.00009104606325,NA
"9984270d7e6c87bf",8531,NA,"edu 缺值"
"998498dffa0de8ac",8532,NA,"party_tpp 缺值"
"998e34938f26877f",8533,1.67046912441535,NA
"9991278d62f2e222",8534,NA,"edu 缺值"
"9996b91aba78414c",8535,0.412125009469762,NA
"9999df0bc98a5045",8536,4.0382085832525,NA
"9999df0bc98a5045-1",8537,NA,"party_dpp 缺值"
"99a032cd1760f123",8538,1.42308203522184,NA
"99cc54f1f26dc6c2",8539,NA,"sex 缺值"
"99d5b5081532b043",8540,5.00009104606325,NA
"99d7b9a165b5e343",8541,0.228016665583315,NA
"99db76bd703a2840",8542,NA,"edu 缺值"
"99e05be631d214f1",8543,NA,"edu 缺值"
"99e1822c9594ec10",8544,NA,"edu 缺值"
"99e1822c9594ec10-1",8545,NA,"edu 缺值"
"99f76656e74c8ab3",8546,0.623780229721267,NA
"99f7aa453e50ae58",8547,NA,"edu 缺值"
"9a0445d39f0cde8e",8548,NA,"party_tpp 缺值"
"9a059e56c4b31369",8549,0.161403074529731,NA
"9a05a20e1aa38b3e",8550,0.189870430687549,NA
"9a05a20e1aa38b3e-1",8551,NA,"party_kmt 缺值"
"9a07c698d9e1c2b9",8552,0.106699590892319,NA
"9a0f1303f40974f8",8553,1.78143172759595,NA
"9a11dd42167b7135",8554,NA,"edu 缺值"
"9a145949269eefed",8555,NA,"edu 缺值"
"9a17ede477f11a29",8556,NA,"edu 缺值"
"9a18a9b463a2d3bf-1",8557,NA,"party_kmt 缺值"
"9a18a9b463a2d3bf",8558,5.00009104606325,NA
"9a19dc30b23284d2",8559,0.0704952927516892,NA
"9a241eabc600aaca",8560,NA,"edu 缺值"
"9a2b82bc8850b1df",8561,NA,"party_tpp 缺值"
"9a2d298cccf93e98",8562,0.619378128012992,NA
"9a2d2d106669f915-1",8563,NA,"party_kmt 缺值"
"9a2d2d106669f915",8564,0.458003804786937,NA
"9a2f5c762d4d7ccf",8565,0.0826649852446509,NA
"9a386c9e7d187c8e",8566,NA,"edu 缺值"
"9a3a0fa0a0bd3af7",8567,0.147101185861357,NA
"9a3be38f91b9aaf6",8568,NA,"edu 缺值"
"9a3cd0f0d97c7129",8569,NA,"edu 缺值"
"9a3e62cbdd32cf29",8570,0.158056991096045,NA
"9a3f0f200d836601",8571,0.185100340350864,NA
"9a4976b4b314d2f0",8572,NA,"edu 缺值"
"9a560978963065b5",8573,0.0826649852446509,NA
"9a60abfdbf16fe2b",8574,0.130230439506235,NA
"9a66c9b6e470d4ee",8575,0.395558802542504,NA
"9a69939fec411734",8576,0.207856368152516,NA
"9a69939fec411734-1",8577,2.69632239427121,NA
"9a6e9845960da601",8578,5.00009104606325,NA
"9a6fa6b2147dfc4e",8579,0.377707299639131,NA
"9a6fc96e34e4c30c",8580,0.300167960686019,NA
"9a7063b1b61002ac",8581,NA,"sex 缺值"
"9a70bdc150b4daf6",8582,0.62559866719508,NA
"9a72a9844cfe4532",8583,NA,"party_tpp 缺值"
"9a7571dcb29b5b1e",8584,0.161403074529731,NA
"9a7571dcb29b5b1e-1",8585,NA,"party_dpp 缺值"
"9a83b87ce8f3c804",8586,0.143405581745165,NA
"9a87db0610a2fb33",8587,0.0836856844568212,NA
"9a8976d09d18b713",8588,NA,"party_tpp 缺值"
"9a8acc65ff108a47",8589,NA,"party_tpp 缺值"
"9a8b5383ed81352a",8590,0.111058302750587,NA
"9a8ba18c186d1c65",8591,NA,"party_tpp 缺值"
"9a8e2a5fbb857258",8592,0.409455600887348,NA
"9a8e7958279740b0",8593,0.0863931964567863,NA
"9a93d53612dad227",8594,0.138583311193623,NA
"9a9634d2e58eeef7",8595,0.332389518528775,NA
"9a97955ea1f12b03",8596,NA,"edu 缺值"
"9a9f75ffce7e2367",8597,2.02349570473653,NA
"9a9fc6aeea206b2f",8598,0.0977727719756202,NA
"9aa47ca2b772b453",8599,0.207856368152516,NA
"9aaadc1169fb1d1c",8600,0.147985976977968,NA
"9aaf4ab7db877f2d",8601,NA,"party_tpp 缺值"
"9ab36ef0d84943e8",8602,0.0736746478324626,NA
"9ab63ec322457a72",8603,5.00009104606325,NA
"9abb652e47534c1d",8604,0.0736746478324626,NA
"9ac021b04d99ff60",8605,0.360684248405661,NA
"9ac82ab5cc3903f9",8606,NA,"party_tpp 缺值"
"9acb5d223092e4d1",8607,NA,"party_tpp 缺值"
"9acc53a91c5238fb",8608,NA,"edu 缺值"
"9ad160796c8fb53e",8609,2.3567193598611,NA
"9ad785eb842b12ff",8610,NA,"edu 缺值"
"9ad945fba5cdbfd7",8611,0.0736746478324626,NA
"9addbff5189f939c",8612,0.694441419898456,NA
"9ae49b1478a84ecd",8613,0.0826649852446509,NA
"9ae758aa76ed7481",8614,NA,"party_tpp 缺值"
"9af4c422b72f8d83",8615,0.122293839857739,NA
"9af5355f30a5f8cb",8616,NA,"party_tpp 缺值"
"9af55fbd1f8727a0",8617,0.161035702786106,NA
"9afc326346c404ba",8618,0.173339519005292,NA
"9afd378eb9f266c0",8619,0.106699590892319,NA
"9b01f010f6662630",8620,0.177806529508921,NA
"9b0ed3ce10e3a1b0",8621,5.00009104606325,NA
"9b109a0a8bdc15d1",8622,0.451164551441784,NA
"9b1bdbe5a3fb10c9",8623,NA,"sex 缺值"
"9b1c5e5dc0b54dea",8624,1.16120931736579,NA
"9b1ed92d59ab68bb",8625,0.268006635152847,NA
"9b2142717bf16a4a",8626,0.118616246805632,NA
"9b30935c60967322-1",8627,NA,"party_dpp 缺值"
"9b30935c60967322",8628,0.0863931964567863,NA
"9b30f021208e9667",8629,NA,"edu 缺值"
"9b3168ebe5a48f50",8630,NA,"party_tpp 缺值"
"9b34e03dfa8b9ba7",8631,1.54167608380652,NA
"9b3b7bf579c60b04",8632,0.550760405309663,NA
"9b3c4a2cf288ad56",8633,NA,"edu 缺值"
"9b47bb504a57b669",8634,5.00009104606325,NA
"9b4dd6d973242e5a",8635,NA,"sex 缺值"
"9b4eaa490eeb4715",8636,NA,"party_tpp 缺值"
"9b60fc48db3ea111",8637,0.177806529508921,NA
"9b624359f79cdf4b",8638,NA,"edu 缺值"
"9b6301ef82d18efe",8639,NA,"edu 缺值"
"9b66ee551f19c4c2",8640,0.0826649852446509,NA
"9b677b51cff95476",8641,NA,"sex 缺值"
"9b677b51cff95476-1",8642,NA,"sex 缺值"
"9b700aaa5590bda1",8643,NA,"party_tpp 缺值"
"9b7d7605235c64ac",8644,0.359007928496261,NA
"9b84170f02e7931a",8645,0.858707553480802,NA
"9b8a6a7a8bdacfcd",8646,NA,"sex 缺值"
"9b8bab1fea0d02a0",8647,0.294616007802654,NA
"9b92df39a4e25ff5",8648,2.34610029618691,NA
"9b937cca0aca26f1",8649,0.126664177798915,NA
"9b937cca0aca26f1-1",8650,NA,"party_kmt 缺值"
"9b9b75de716a28d1",8651,0.111511768743893,NA
"9b9db79f9ce5996b",8652,NA,"edu 缺值"
"9bac0e3e57cfbca8",8653,NA,"party_tpp 缺值"
"9bc4ebc88fb7fa40",8654,0.126664177798915,NA
"9bc7f57e20f24d13",8655,0.4017712460214,NA
"9bd2fa596427bbfb",8656,NA,"party_tpp 缺值"
"9bd8becb71d2a7b3",8657,0.439799845478686,NA
"9bdc57f72002efb3",8658,NA,"party_tpp 缺值"
"9be96c0a5d2e734f",8659,0.529049664623895,NA
"9bf196cd65e8314a",8660,NA,"party_tpp 缺值"
"9bf6fa1f86ac8a80",8661,1.83683902579785,NA
"9bf70e182deebcc5",8662,1.5983817150522,NA
"9c0adb7564b8661b",8663,0.231597778272698,NA
"9c0f8eeb7ac74243",8664,NA,"edu 缺值"
"9c1544382d9e2ecc",8665,NA,"edu 缺值"
"9c171ccbd1f67682",8666,NA,"edu 缺值"
"9c1aea7ab93dac75",8667,0.319998172222897,NA
"9c1c6ddc8b664f14",8668,0.995911534935665,NA
"9c26830a0a35940f",8669,NA,"party_tpp 缺值"
"9c26c1133c3cbebe",8670,1.26099799399855,NA
"9c29458210c48831",8671,0.0736746478324626,NA
"9c352bb6e2ac9293",8672,NA,"edu 缺值"
"9c43dc7f0fc862ca",8673,NA,"edu 缺值"
"9c4a5a0a6ed37335",8674,NA,"party_tpp 缺值"
"9c4c8fc28aee497a",8675,NA,"edu 缺值"
"9c5065bd22662497",8676,NA,"edu 缺值"
"9c53e631de69b13a",8677,NA,"party_tpp 缺值"
"9c578b6085cb91ed",8678,NA,"party_dpp 缺值"
"9c5bffac98f0ca1f",8679,NA,"edu 缺值"
"9c5ef72c99a63f04",8680,0.497339493660158,NA
"9c5fef4982e67a5a",8681,0.117169505819394,NA
"9c62b756b9b5cfeb",8682,0.0999201607532301,NA
"9c62b756b9b5cfeb-1",8683,NA,"party_dpp 缺值"
"9c62c11a7611bfa5",8684,0.0826649852446509,NA
"9c64ea67d1c9d691",8685,5.00009104606325,NA
"9c6acad67c14bde3",8686,NA,"sex 缺值"
"9c7f0a3f72f3c9e5",8687,1.6290317369217,NA
"9c7fbd535aaf6194",8688,NA,"party_tpp 缺值"
"9c87a3574f0df047",8689,0.645056461378847,NA
"9c8a7eac18b8af01",8690,NA,"sex 缺值"
"9c8bbfc01f3b1873",8691,0.270522990875408,NA
"9c94522ef56f55a8",8692,0.270960654542958,NA
"9c94f109ff97aa27",8693,0.481775376471245,NA
"9c9580f2e32498eb",8694,0.238546543885963,NA
"9c95c1edb25c4112",8695,NA,"edu 缺值"
"9c96b87f061be5e2",8696,0.460683494922433,NA
"9c9a61555b20a7e7",8697,NA,"edu 缺值"
"9c9b3c131289ddca",8698,5.00009104606325,NA
"9ca23960f438867b",8699,NA,"edu 缺值"
"9cad3c4f1165e40f",8700,NA,"edu 缺值"
"9caf5af2a88c1bc9",8701,0.238546543885963,NA
"9cbfc21d807a3b7f",8702,0.420983926067105,NA
"9cce1968d853ac6d",8703,0.228252308506251,NA
"9cd12d30c7485c7d",8704,NA,"party_tpp 缺值"
"9cd1e57c8cadb5fa",8705,NA,"party_tpp 缺值"
"9cd9574781621452",8706,5.00009104606325,NA
"9ce020d5525a29ae",8707,NA,"party_tpp 缺值"
"9ce81f2716254380",8708,0.168682392978214,NA
"9ceba21b37b6ecdb",8709,0.307350729610672,NA
"9cec01e898c8be09",8710,0.185100340350864,NA
"9cf921dd8b4da7e7",8711,0.0704952927516892,NA
"9cf921dd8b4da7e7-1",8712,0.914468188906357,NA
"9cfd73c0cbdcdce1",8713,0.0704952927516892,NA
"9cffeb0a6db948db",8714,0.0935534866653076,NA
"9cffeb0a6db948db-1",8715,NA,"party_kmt 缺值"
"9d01c560c9eb9305",8716,0.0704952927516892,NA
"9d03eae6967cd220",8717,0.445661778713033,NA
"9d03eae6967cd220-1",8718,NA,"party_kmt 缺值"
"9d04b4851f05b9e7",8719,5.00009104606325,NA
"9d0b15fcbf81b371",8720,0.141599791476844,NA
"9d0d389e2110d808",8721,NA,"edu 缺值"
"9d0db5cd25568dfa",8722,NA,"party_tpp 缺值"
"9d10e6b7164a660f",8723,NA,"party_tpp 缺值"
"9d11b55d99a680c7",8724,0.1512362011435,NA
"9d133c43f2d99d2e",8725,0.137328507079303,NA
"9d15496d124afce8",8726,0.564495177014209,NA
"9d15c5f601ed8ff6",8727,0.4847641311121,NA
"9d1b0e502dd56d9f",8728,NA,"edu 缺值"
"9d1e737a2544e0aa",8729,NA,"party_tpp 缺值"
"9d22dc3fd73dddc2",8730,5.00009104606325,NA
"9d231e6f8b47b199",8731,0.567890529098339,NA
"9d23d4d86b83c18b",8732,0.161035702786106,NA
"9d2e60a966a58107",8733,0.0981324511294532,NA
"9d2f79d27a465941",8734,0.529049664623895,NA
"9d30bcc4185e2752",8735,NA,"party_tpp 缺值"
"9d31735210d35a9b",8736,0.409455600887348,NA
"9d3b44a76fec6ec5",8737,NA,"sex 缺值"
"9d476709bab060f4",8738,0.0704952927516892,NA
"9d4b42bc499b768a",8739,1.01278852899865,NA
"9d4b6102b7471a55-1",8740,NA,"sex 缺值"
"9d4b6102b7471a55",8741,NA,"sex 缺值"
"9d512ef2360546eb",8742,NA,"sex 缺值"
"9d542ab1e5617756",8743,0.407098394999057,NA
"9d56c7857e78bfdf",8744,NA,"party_tpp 缺值"
"9d58054924d72d5f",8745,NA,"party_tpp 缺值"
"9d5a11cfec355ea6",8746,NA,"party_tpp 缺值"
"9d5b15b12f16ca6f",8747,NA,"party_tpp 缺值"
"9d5b91e2796aa4a5",8748,0.529049664623895,NA
"9d5f493f45f87d7e",8749,0.125445388161949,NA
"9d61a966c24c8fea",8750,NA,"edu 缺值"
"9d6bbe01ba91ebed",8751,0.225763896503032,NA
"9d6fc618e02478a6",8752,0.915450706309203,NA
"9d751ad0869f9538",8753,0.27157879875813,NA
"9d8f6cd967e9b219",8754,0.527300550779753,NA
"9d9080aff5f1f21c",8755,0.106699590892319,NA
"9d9286b77ce56d96",8756,NA,"edu 缺值"
"9d94acf253a017c1",8757,0.14517627055464,NA
"9d97954f8400622b",8758,5.00009104606325,NA
"9d9c5c1bc0845036",8759,0.19160324382272,NA
"9d9feea847406461",8760,NA,"party_tpp 缺值"
"9da5ee05199f5856",8761,NA,"edu 缺值"
"9da75241698d76a5",8762,0.359007928496261,NA
"9da7be65e1a86a6f",8763,1.07950481174013,NA
"9da8196500a0045a",8764,1.07233400120656,NA
"9db443bfb6e9db30",8765,NA,"party_tpp 缺值"
"9db5e1d6f15651cf",8766,0.141599791476844,NA
"9dc9b23160fc5e44",8767,NA,"party_tpp 缺值"
"9dce2a74fd993553",8768,1.1118143872295,NA
"9dd7b3ed682d6d92",8769,NA,"party_tpp 缺值"
"9ddac3ada3af51bb",8770,NA,"party_tpp 缺值"
"9ddb2cd8575a5fc9",8771,0.143849474355578,NA
"9de2d6fa72a03576-1",8772,NA,"party_kmt 缺值"
"9de2d6fa72a03576",8773,0.111511768743893,NA
"9de5667b70d9c42a",8774,2.37205652753278,NA
"9dff892f7639ddb1",8775,NA,"edu 缺值"
"9e0655a287267222",8776,0.543383786383836,NA
"9e088720b899319f",8777,2.02349570473653,NA
"9e0c873344b2c036",8778,0.106699590892319,NA
"9e0c873344b2c036-1",8779,0.350539549928668,NA
"9e0ecdd9870ae403",8780,NA,"party_tpp 缺值"
"9e13f9ce1a1e3b79",8781,NA,"edu 缺值"
"9e153926e3061409",8782,0.125445388161949,NA
"9e21af90f3b40760",8783,NA,"party_tpp 缺值"
"9e2f69a1b060fd67-1",8784,NA,"party_dpp 缺值"
"9e2f69a1b060fd67",8785,0.37657952957204,NA
"9e2fd356ce6d2033",8786,0.317223720565632,NA
"9e41638b078817d5",8787,NA,"edu 缺值"
"9e46c014057b363f",8788,0.449895992224538,NA
"9e47103f57b0eb9a",8789,1.2214790580093,NA
"9e50394eaa87ef43",8790,NA,"party_tpp 缺值"
"9e52e274fcf5ac30",8791,3.00752492008486,NA
"9e56f9e047e0dafa",8792,0.70096163772794,NA
"9e585b1963bf98c6",8793,0.486068939888409,NA
"9e59928f1b79389b",8794,NA,"edu 缺值"
"9e653a2d5bbc9734-1",8795,0.173339519005292,NA
"9e653a2d5bbc9734",8796,0.122293839857739,NA
"9e668a80b60410b9",8797,0.170238235700995,NA
"9e6e0aa3e25bdda4",8798,5.00009104606325,NA
"9e6e0aa3e25bdda4-1",8799,NA,"party_kmt 缺值"
"9e6fba03a1911763",8800,NA,"edu 缺值"
"9e6fba03a1911763-1",8801,NA,"edu 缺值"
"9e7748bcbe17a296",8802,0.460683494922433,NA
"9e77807227db5d1e",8803,1.3855991234668,NA
"9e7b97ce75bf38fc",8804,NA,"edu 缺值"
"9e9039430c835f0a",8805,0.173339519005292,NA
"9e9af43e02e79d48",8806,NA,"edu 缺值"
"9ea658aa64776b2d",8807,NA,"edu 缺值"
"9ea7552352adf93d",8808,1.12294446374441,NA
"9ea822db7d980f7b",8809,NA,"sex 缺值"
"9eb0b79ee5572406",8810,0.223856450355422,NA
"9eb1dd27715e691d",8811,0.239090741590243,NA
"9eb62a7e2ecfddba",8812,1.02895165813995,NA
"9ebc160e929dc459",8813,NA,"party_tpp 缺值"
"9ec1ca67a48c7880",8814,0.526992895800938,NA
"9ec5838cdd771300",8815,0.395558802542504,NA
"9ed1fef2001386a2",8816,NA,"edu 缺值"
"9ed1fef2001386a2-1",8817,NA,"edu 缺值"
"9edd01c2fe684ab9",8818,NA,"party_tpp 缺值"
"9eea5843034ad246",8819,0.14517627055464,NA
"9efa9525c51e8da1",8820,1.44487189316763,NA
"9efc939e84773536",8821,NA,"sex 缺值"
"9f0024527911493b",8822,NA,"edu 缺值"
"9f040b05cbad4fd5",8823,1.2148840312943,NA
"9f069dd38125616c",8824,NA,"party_tpp 缺值"
"9f1638d90eda9d8c",8825,0.764696611529967,NA
"9f16892ce36beb22",8826,5.00009104606325,NA
"9f16b1dc6332877a",8827,NA,"party_tpp 缺值"
"9f1b73ebde0d02ec",8828,NA,"party_tpp 缺值"
"9f21fe56fc41c754",8829,NA,"party_tpp 缺值"
"9f288c3183e6e85e",8830,NA,"edu 缺值"
"9f2d5d927d11d6e1",8831,1.62728336093566,NA
"9f2e7cc87fc468ba-1",8832,NA,"sex 缺值"
"9f2e7cc87fc468ba",8833,NA,"sex 缺值"
"9f30ef3fde4c5539",8834,NA,"edu 缺值"
"9f318c3b75587686",8835,NA,"edu 缺值"
"9f3492588507e86e",8836,0.143849474355578,NA
"9f396ebe358b7bd2-1",8837,NA,"party_kmt 缺值"
"9f396ebe358b7bd2",8838,NA,"party_kmt 缺值"
"9f43ef161bdefd67",8839,0.161403074529731,NA
"9f45804f3bd46acf",8840,0.969082662053173,NA
"9f47bec442d427b5",8841,0.198433633916187,NA
"9f47cdc41800cf69",8842,NA,"edu 缺值"
"9f47ea7f409f087f",8843,0.109703744645957,NA
"9f50bcd684d0e3ad",8844,0.147985976977968,NA
"9f51bf59628e2c15",8845,NA,"edu 缺值"
"9f5754d8acca892b",8846,NA,"sex 缺值"
"9f5a6d5af098e18c",8847,0.564495177014209,NA
"9f5c97a93b7d65b0",8848,0.228252308506251,NA
"9f5dd5d807226f09",8849,0.287214515247601,NA
"9f65447b6ae8fdbf",8850,0.652973653590601,NA
"9f67e30344b9a7d3",8851,0.0863931964567863,NA
"9f69e128775aeaab",8852,NA,"party_tpp 缺值"
"9f6aa827885f3879",8853,0.0704952927516892,NA
"9f6ff056b3ea5390",8854,0.225763896503032,NA
"9f81f41ce9f968ba",8855,NA,"sex 缺值"
"9f840d84316a15b2",8856,NA,"edu 缺值"
"9f8c3108ea4e0eb1",8857,0.486068939888409,NA
"9f8c77ea1f451906",8858,0.0935534866653076,NA
"9f95d709cedbf8f4",8859,0.0826649852446509,NA
"9f97fc233799b83d",8860,0.645056461378847,NA
"9f9fb499f18bbf06",8861,NA,"edu 缺值"
"9f9fb499f18bbf06-1",8862,NA,"edu 缺值"
"9fa73417b8ecb529-1",8863,NA,"party_dpp 缺值"
"9fa73417b8ecb529",8864,3.12083432081933,NA
"9fa78a88097e67ad",8865,0.0704952927516892,NA
"9fa7faee4acacd2e",8866,0.0704952927516892,NA
"9fae7250cbbcde74",8867,NA,"party_tpp 缺值"
"9fb0f98cc3125cda",8868,NA,"sex 缺值"
"9fbbcbca54b7996b",8869,0.543383786383836,NA
"9fbf99f9dad8d7cb",8870,0.1512362011435,NA
"9fbf99f9dad8d7cb-1",8871,NA,"party_kmt 缺值"
"9fd0bdad53d3f768",8872,0.132602888246019,NA
"9fd0fa9196ef0f8b",8873,0.211075953330083,NA
"9fd46575a98bc37e",8874,0.797640866365096,NA
"9fd6564d817ee4c6",8875,1.5983817150522,NA
"9fd9f8f9aa34991a",8876,0.2794383541969,NA
"9fdd3566b83a19a9",8877,0.19160324382272,NA
"9fde2f6ed73f62ad",8878,0.317223720565632,NA
"9fdf600ccafe94f5",8879,0.109703744645957,NA
"9fdf7b77c0102843",8880,0.469297935118666,NA
"9fdfe443d35530ee",8881,0.914468188906357,NA
"9fe601d1a2704525",8882,NA,"edu 缺值"
"9fee05cd6d0c3bde-1",8883,NA,"party_tpp 缺值"
"9fee05cd6d0c3bde",8884,0.401743698398901,NA
"9fefd95d9324e92d",8885,0.409455600887348,NA
"9ff00b58fd3e3fd1",8886,0.137328507079303,NA
"9ff55ae73796d651",8887,NA,"edu 缺值"
"a001867173615734",8888,0.319998172222897,NA
"a016d7e0c096da70",8889,1.5983817150522,NA
"a01933a5f5c5bb10",8890,0.147985976977968,NA
"a01ac6af31e1682f",8891,NA,"edu 缺值"
"a023813b55ff3a74",8892,NA,"edu 缺值"
"a0338d3e86fc110c",8893,NA,"edu 缺值"
"a0359f766d35be3e",8894,NA,"party_tpp 缺值"
"a03f1112c3619d32",8895,0.177806529508921,NA
"a04bac8ee893e83d",8896,NA,"edu 缺值"
"a04cc060c6127daf",8897,NA,"party_tpp 缺值"
"a054eda38568a75e-1",8898,NA,"party_dpp 缺值"
"a054eda38568a75e",8899,0.208501497965697,NA
"a05aa378c0aa741d",8900,0.238300273409114,NA
"a05bd02b175a3c83",8901,NA,"sex 缺值"
"a062441413454aed",8902,NA,"edu 缺值"
"a0665e6d33b7df26",8903,0.314421607429191,NA
"a06d80a6981efe6f",8904,0.543383786383836,NA
"a07d3c1c9ec0a349",8905,0.405838781451556,NA
"a082d2d37fb1baff",8906,2.3567193598611,NA
"a082d2d37fb1baff-1",8907,0.225397134049326,NA
"a086bcb5c667736d",8908,5.00009104606325,NA
"a087149d175e1e74",8909,NA,"edu 缺值"
"a088b52c3d6cd569",8910,0.137641795450903,NA
"a091abfb7f393e9f",8911,0.939915847775935,NA
"a09ac8a64ba50742",8912,1.07535763156715,NA
"a09dbe6c97c28bb2",8913,3.13346581512513,NA
"a09f4f1ff5c0f2e1",8914,NA,"edu 缺值"
"a09f85c70bc112b3",8915,0.0826649852446509,NA
"a0abaf3ff80643a9",8916,5.00009104606325,NA
"a0b176efd164baf4",8917,0.0704952927516892,NA
"a0b25f81d131f164",8918,NA,"party_tpp 缺值"
"a0b3d78d5970adf5",8919,0.608109079478263,NA
"a0b6519f779822c7",8920,NA,"edu 缺值"
"a0b799ea339ce3d1",8921,NA,"party_tpp 缺值"
"a0b9bb43e490c975",8922,5.00009104606325,NA
"a0bf8ca6d7c937ad",8923,NA,"edu 缺值"
"a0c0e1f169cdd392",8924,0.0736746478324626,NA
"a0c1b35f2fce419b",8925,0.0826649852446509,NA
"a0c7092ba544f121-1",8926,NA,"party_dpp 缺值"
"a0c7092ba544f121",8927,2.0441788163618,NA
"a0c78405974210b7",8928,NA,"edu 缺值"
"a0c901595ee4de29",8929,0.617968352991575,NA
"a0cb2285e5f5d222",8930,NA,"party_kmt 缺值"
"a0d4b1511c057926",8931,0.328602099431772,NA
"a0d52bc0befb033c",8932,NA,"party_tpp 缺值"
"a0d9aed3064789b1",8933,NA,"party_tpp 缺值"
"a0dc6452a4ccd540",8934,0.217726311427333,NA
"a0e457f65df83331",8935,NA,"sex 缺值"
"a0e5ea096c2136bc",8936,NA,"edu 缺值"
"a0e8229ca5b12736",8937,1.5983817150522,NA
"a0e8229ca5b12736-1",8938,NA,"party_kmt 缺值"
"a0f677b0104346b2",8939,5.00009104606325,NA
"a0f78c99290565f7",8940,NA,"edu 缺值"
"a0fc7f9e407c0a61",8941,NA,"edu 缺值"
"a102d5fb90431aae",8942,0.317294554459812,NA
"a107f3e21b29fac6",8943,0.62559866719508,NA
"a10a3569dc54f90b",8944,1.07535763156715,NA
"a10f3b2929598fe9",8945,NA,"party_tpp 缺值"
"a1119c26b945f4df",8946,NA,"party_kmt 缺值"
"a117599d084ad31a",8947,NA,"party_tpp 缺值"
"a11e17d9e8690e1b-1",8948,0.465196977412774,NA
"a11e17d9e8690e1b",8949,0.141599791476844,NA
"a1228b16131ff606",8950,0.141599791476844,NA
"a1259a90255dd6df",8951,1.57072793334396,NA
"a12c944eeda56c07",8952,0.6458388780458,NA
"a12e252398c34e1a",8953,NA,"party_tpp 缺值"
"a12e8fb9678e7c25",8954,5.00009104606325,NA
"a12f5536b4f5d24b",8955,0.0863931964567863,NA
"a13489ab2c9bbdfa",8956,NA,"sex 缺值"
"a13b540c148d1c9c",8957,5.00009104606325,NA
"a140df23039f9367",8958,0.181157174042055,NA
"a1414bb487638ccc",8959,0.427922149421554,NA
"a142140df2071cf1-1",8960,NA,"party_dpp 缺值"
"a142140df2071cf1",8961,0.550313437502534,NA
"a143c16959ad0ead",8962,NA,"party_tpp 缺值"
"a144045989de4f99",8963,NA,"edu 缺值"
"a14436a9d33fb966-1",8964,NA,"party_kmt 缺值"
"a14436a9d33fb966",8965,0.0704952927516892,NA
"a144f22764e202de",8966,NA,"sex 缺值"
"a145477aefcd9faa",8967,5.00009104606325,NA
"a145a7aac098714e",8968,2.69921936073565,NA
"a145e8390eae0d32",8969,NA,"edu 缺值"
"a147842c3198f2e7",8970,0.161035702786106,NA
"a1529d383ceda8d2",8971,0.217230741594507,NA
"a1553f37031bd6f8",8972,NA,"edu 缺值"
"a157de56b37cd7eb",8973,0.109703744645957,NA
"a157f79e4af0d4ba",8974,NA,"party_tpp 缺值"
"a15db8c048369385",8975,0.111058302750587,NA
"a15eefa013b34eea",8976,NA,"party_tpp 缺值"
"a168ab2d5face1f2",8977,5.00009104606325,NA
"a16908aac9a530e4",8978,0.114651410572369,NA
"a179ca03be03d6bd",8979,1.05231239440155,NA
"a1815a5ed5ce4693",8980,NA,"party_tpp 缺值"
"a1860d917a58e811",8981,0.231597778272698,NA
"a188462e6d57fc79",8982,3.89071301073134,NA
"a189107ddb275ad7",8983,NA,"edu 缺值"
"a18ef1f563281ec3",8984,NA,"edu 缺值"
"a19d417c8dc6331a",8985,0.465196977412774,NA
"a1a6a1fd3a337e7a",8986,NA,"edu 缺值"
"a1ab11d00db9983a",8987,0.647312234268205,NA
"a1aca30605921427",8988,2.84429792187621,NA
"a1ad69cfb51a0256",8989,NA,"party_tpp 缺值"
"a1b619d577399b2e",8990,0.317223720565632,NA
"a1c6c23f1a61d83b",8991,NA,"edu 缺值"
"a1c92c1d3cc980dc",8992,1.27553206998897,NA
"a1cb500e24197784",8993,NA,"party_tpp 缺值"
"a1cfcbbdcd3f772e",8994,0.682869326233153,NA
"a1d144f294b8a537",8995,NA,"party_tpp 缺值"
"a1d8f34242742a21",8996,NA,"edu 缺值"
"a1d920f03cd429fa",8997,NA,"party_tpp 缺值"
"a1dbcf6db32de2b2",8998,5.00009104606325,NA
"a1dee87f8a0b8c58",8999,NA,"party_tpp 缺值"
"a1e300045409884d",9000,NA,"edu 缺值"
"a1e300045409884d-1",9001,NA,"edu 缺值"
"a1ef1b1af0e75e83",9002,NA,"party_tpp 缺值"
"a1f80a07f5560bd6",9003,NA,"edu 缺值"
"a1f89f8295276b2b",9004,NA,"edu 缺值"
"a1f993dc93481e21",9005,1.4246110144496,NA
"a1ff9ced1d697cc8",9006,NA,"party_tpp 缺值"
"a2007cb83f1c8349",9007,1.83683902579785,NA
"a2041ab005382f98",9008,0.149873208832532,NA
"a204cc8bf610181b",9009,0.147101185861357,NA
"a20ede0c84c31ef5",9010,0.143405581745165,NA
"a21889b88ab7ed9f",9011,NA,"edu 缺值"
"a21e620ae595647e",9012,3.99125149388073,NA
"a2260c7a0cd385ba",9013,0.62959341422803,NA
"a22ae0c80d503839",9014,0.481391881251299,NA
"a235ee5464a3deb0",9015,1.29943794759021,NA
"a23a4f63f5d65d7b",9016,0.153735485605362,NA
"a24304f8a9585c69",9017,NA,"edu 缺值"
"a247ee3d45d34c36",9018,0.427922149421554,NA
"a2485bf4f8121845",9019,NA,"party_tpp 缺值"
"a249142113269f1f",9020,NA,"edu 缺值"
"a24b679e612b519a",9021,0.2794383541969,NA
"a24d6524430d7ba1",9022,NA,"edu 缺值"
"a24e2f92b0328712",9023,NA,"sex 缺值"
"a24f54d39be19090",9024,NA,"edu 缺值"
"a25d41748653ca0d",9025,5.00009104606325,NA
"a25e2806affa75b2",9026,0.0736746478324626,NA
"a25eb3a5e6d0a718",9027,5.00009104606325,NA
"a264ab85b143272f",9028,0.106699590892319,NA
"a26f8ba8dfe6ddb2",9029,NA,"party_tpp 缺值"
"a27373cddbf65788",9030,0.109703744645957,NA
"a2737f8aa18b18ff",9031,NA,"party_tpp 缺值"
"a278fa46cc17508a",9032,NA,"edu 缺值"
"a27e963f585d3b00",9033,0.0935534866653076,NA
"a282a1fffac7f5f2",9034,NA,"sex 缺值"
"a282a1fffac7f5f2-1",9035,NA,"sex 缺值"
"a282f54ddae1ba7a",9036,NA,"edu 缺值"
"a28a346e82ed121a",9037,NA,"sex 缺值"
"a28a5a9e5fadedcf",9038,0.127809322181766,NA
"a28f4f45bcdb5663",9039,NA,"party_tpp 缺值"
"a294c304fb2e17c7",9040,NA,"party_tpp 缺值"
"a295dda5ccb5e17c",9041,NA,"edu 缺值"
"a29ab80c4bc02088",9042,0.866866097244371,NA
"a29c53609bbbeb06",9043,NA,"party_tpp 缺值"
"a29ea7a68c97c885",9044,0.915450706309203,NA
"a2b053ac9771f7e0",9045,0.617968352991575,NA
"a2b158af004ba314",9046,0.317223720565632,NA
"a2bb77d32d068ef4",9047,NA,"party_tpp 缺值"
"a2c19969e2721eaf",9048,1.21358014382667,NA
"a2c6aa3848785035-1",9049,NA,"edu 缺值"
"a2c6aa3848785035",9050,NA,"edu 缺值"
"a2ca09f7e7c84c7d",9051,0.149873208832532,NA
"a2ca09f7e7c84c7d-1",9052,NA,"party_kmt 缺值"
"a2d151bb761a3a69",9053,0.106699590892319,NA
"a2d57ec133340234",9054,0.0836856844568212,NA
"a2d6c3b96f80a494",9055,0.623780229721267,NA
"a2dcfa3ac8c74ff2",9056,0.396076449676183,NA
"a2df00ee046b079b",9057,0.111511768743893,NA
"a2e27a4b01c6c968",9058,0.143405581745165,NA
"a2e4399eef5b68d5",9059,NA,"edu 缺值"
"a2e472f7d54bc290",9060,3.3265655075873,NA
"a2ea8760a5c23704",9061,0.543383786383836,NA
"a2ec65a660f5e1d6",9062,0.246748424732736,NA
"a2edf4eab5072951",9063,NA,"party_tpp 缺值"
"a2f47ffe8917eeb5",9064,0.405752469491046,NA
"a2f878ff95c0617f",9065,NA,"party_tpp 缺值"
"a305f767ef53b3e4",9066,NA,"edu 缺值"
"a3068ebcb885212b",9067,NA,"edu 缺值"
"a306edc363593a45",9068,NA,"edu 缺值"
"a3077552e9aa775d",9069,NA,"sex 缺值"
"a30c7550845e5de3",9070,0.117169505819394,NA
"a3167ffa8bd880c1",9071,NA,"edu 缺值"
"a31eae64aa93da22",9072,NA,"edu 缺值"
"a3261392c2ace37e",9073,5.00009104606325,NA
"a32b38d65aa5213b",9074,1.07535763156715,NA
"a32c523a9226f8a3",9075,NA,"edu 缺值"
"a32ff20e3a673bb7",9076,0.225763896503032,NA
"a330ddee707da147",9077,0.86495288490461,NA
"a33337bb7881164d",9078,0.127809322181766,NA
"a3350512d34002f7",9079,0.143849474355578,NA
"a33a9abb8d1bcddc",9080,NA,"edu 缺值"
"a33b307a3a74751a",9081,0.409455600887348,NA
"a3467aacd3a66531",9082,1.15040795922101,NA
"a34b3a7c29d85881",9083,5.00009104606325,NA
"a34b9b79cfae491a",9084,0.27157879875813,NA
"a34dd31361bde097",9085,0.0863931964567863,NA
"a3537f08e3d57706",9086,0.26813339647468,NA
"a35434be45962d2e",9087,NA,"party_tpp 缺值"
"a3628a76d64f81fb",9088,NA,"party_tpp 缺值"
"a36dbb823c309598",9089,NA,"party_tpp 缺值"
"a36f83b939ef3797",9090,0.0863931964567863,NA
"a370c92b0eb10ea0",9091,0.866866097244371,NA
"a370c92b0eb10ea0-1",9092,NA,"party_kmt 缺值"
"a3759429d405a457",9093,3.24061611990376,NA
"a37ee68dc1be13d2",9094,5.00009104606325,NA
"a37f2cbbdda9437b-1",9095,NA,"party_kmt 缺值"
"a37f2cbbdda9437b",9096,0.137641795450903,NA
"a380dc4fceac82be",9097,NA,"edu 缺值"
"a38355a11b324172",9098,1.12190062101387,NA
"a38569d6758c9186",9099,0.0836856844568212,NA
"a38a0ba96b219b77",9100,1.84879458877066,NA
"a3923e24301c8637",9101,NA,"party_tpp 缺值"
"a3a1fc11fe23e6e6",9102,0.143405581745165,NA
"a3a41c838e4c6b2a",9103,0.682869326233153,NA
"a3a5c27a4fd40cbc",9104,0.0935534866653076,NA
"a3a64679614ee999",9105,0.345119283638798,NA
"a3a6be44f4e80dda",9106,0.126664177798915,NA
"a3aad1651a75cf75",9107,1.16120931736579,NA
"a3aaf47f86211eab",9108,NA,"edu 缺值"
"a3ac722772b95516",9109,NA,"sex 缺值"
"a3ac89280c8af470",9110,0.0826649852446509,NA
"a3c4111d5f065467",9111,1.30840290744747,NA
"a3d3881bc98a8348",9112,0.420983926067105,NA
"a3d76fef61767b95",9113,NA,"party_tpp 缺值"
"a3dd1fd7914e48e2",9114,0.168682392978214,NA
"a3dd580a4294c177",9115,NA,"edu 缺值"
"a3ddde26b9129c06",9116,0.239090741590243,NA
"a3e41fd3f1711a53",9117,0.0704952927516892,NA
"a3e970f1320885b5",9118,0.117169505819394,NA
"a3e970f1320885b5-1",9119,NA,"party_dpp 缺值"
"a3f390d58d831966",9120,NA,"edu 缺值"
"a3f4e35a9c2d0a5b",9121,0.290760873219717,NA
"a3f84fdac94e907d",9122,2.02349570473653,NA
"a3fb903fb6ab50d7",9123,0.317223720565632,NA
"a3fc49f474df50de",9124,NA,"edu 缺值"
"a4034c3b2de53120",9125,0.161035702786106,NA
"a4040a7bc2cd4aa0",9126,0.0736746478324626,NA
"a404e0817b071073",9127,0.126664177798915,NA
"a405eb0aaf37913c",9128,NA,"edu 缺值"
"a406cb9748cd7af7",9129,0.550313437502534,NA
"a40dbe91f179e573",9130,5.00009104606325,NA
"a40ec508c44c0c26",9131,5.00009104606325,NA
"a410a70e8727ddc9",9132,NA,"party_tpp 缺值"
"a419058ac6402601",9133,0.177806529508921,NA
"a420f56993093749",9134,0.0935534866653076,NA
"a422d60d5c97359c",9135,0.141599791476844,NA
"a42b3584d082863f",9136,0.567890529098339,NA
"a43086593374a779",9137,NA,"edu 缺值"
"a4321af509971213",9138,NA,"edu 缺值"
"a449d31d7ca37d9e",9139,0.149873208832532,NA
"a44c0a202344582c",9140,0.969082662053173,NA
"a4517641b48822b2",9141,0.137328507079303,NA
"a45287074e20d1e0",9142,0.292626879731677,NA
"a452f09cf49defa2",9143,0.355668501956608,NA
"a454f2ecb7ba0070",9144,1.80196424566803,NA
"a455a05092ff61e1",9145,2.92861967795179,NA
"a457cfd2e0532ea8",9146,NA,"edu 缺值"
"a45caeadc6ed0824-1",9147,NA,"party_kmt 缺值"
"a45caeadc6ed0824",9148,5.00009104606325,NA
"a463a9aec26ff36e",9149,5.00009104606325,NA
"a4709e24ceedc4c9-1",9150,NA,"party_kmt 缺值"
"a4709e24ceedc4c9",9151,5.00009104606325,NA
"a476a70fb1369758",9152,NA,"edu 缺值"
"a4780ba4e97ab89c",9153,0.168094563567848,NA
"a479865269819834",9154,0.114651410572369,NA
"a47ea40cee87ae48",9155,5.00009104606325,NA
"a4806c16adced934",9156,NA,"edu 缺值"
"a487fec670ac23d2",9157,NA,"party_tpp 缺值"
"a48a78aa0a8ef465",9158,NA,"edu 缺值"
"a48ca187cceb3018",9159,1.06095481070243,NA
"a490d3660aa92fd2",9160,0.710315479646997,NA
"a49321b1a5b6abd2",9161,0.316245533290368,NA
"a49b9c3f4377f9b5",9162,0.575132709190708,NA
"a49c068fe68697c2",9163,NA,"party_tpp 缺值"
"a49c0cc30a866263",9164,0.728620518951834,NA
"a4a9241b12364336",9165,0.86636032179925,NA
"a4b2c7819c33aac1-1",9166,NA,"party_dpp 缺值"
"a4b2c7819c33aac1",9167,0.915450706309203,NA
"a4b88970d9bb1308",9168,NA,"edu 缺值"
"a4baf80d7efb75c3",9169,0.267379474007893,NA
"a4bdba6841104569",9170,0.464932610970801,NA
"a4c1b89bfb46b6ed",9171,NA,"party_tpp 缺值"
"a4ccd10480d2d6ff",9172,0.321140614770656,NA
"a4cf267e0edee1a9",9173,NA,"edu 缺值"
"a4d6a1289bb1ac2f",9174,0.185100340350864,NA
"a4f23d3cee212403",9175,1.83881255131899,NA
"a4f3db9fd88b26d4",9176,0.207856368152516,NA
"a501bf15be01db1a",9177,0.198433633916187,NA
"a50d3a8aa2402ae3",9178,0.544360488546779,NA
"a518fdc8abd64473",9179,0.139093121103869,NA
"a522976bcdd0dae1",9180,0.0826649852446509,NA
"a52596a6c8a574ad",9181,0.130230439506235,NA
"a52d0af9d8a7d5ba",9182,0.0981324511294532,NA
"a52d0af9d8a7d5ba-1",9183,NA,"party_kmt 缺值"
"a52d8fb8ede98cf7",9184,0.0935534866653076,NA
"a533016d1b48501c",9185,3.3265655075873,NA
"a536dbd6ff35bb73",9186,5.00009104606325,NA
"a538f4165a6076de",9187,0.401743698398901,NA
"a53d087b436cf3a2",9188,1.27434638813041,NA
"a54de7ad0a3dd82b",9189,0.449895992224538,NA
"a553341010abb034",9190,0.0704952927516892,NA
"a5595deb487eefc7",9191,0.191167133061059,NA
"a5597302a0445e60",9192,NA,"edu 缺值"
"a55da46c5e3692da",9193,0.409455600887348,NA
"a57902afce2cc0c5",9194,5.00009104606325,NA
"a58569d9d76e0c66",9195,NA,"party_tpp 缺值"
"a588885029fc022c",9196,0.0704952927516892,NA
"a58d46c238a6f7e0",9197,NA,"edu 缺值"
"a58d548818aa4014",9198,0.0704952927516892,NA
"a58eaacb3c9ef77e",9199,0.319998172222897,NA
"a592deeca120de96",9200,0.550313437502534,NA
"a5957cec80c9e3b8",9201,0.228016665583315,NA
"a59befc6e86b685c",9202,0.0826649852446509,NA
"a59d23fc24427e52",9203,NA,"party_tpp 缺值"
"a5a48752846c7131",9204,0.267379474007893,NA
"a5a9092026594b18",9205,NA,"sex 缺值"
"a5a9b3b6ba7e2628",9206,NA,"party_tpp 缺值"
"a5b03fbb8064f045",9207,0.126664177798915,NA
"a5b1b864e78425a1",9208,NA,"edu 缺值"
"a5b3b2f3a6e8bcde",9209,0.316245533290368,NA
"a5b6f05a9694c5b7",9210,0.370839403919046,NA
"a5bbfe7b707bbfe6",9211,NA,"edu 缺值"
"a5bf4e5cabee61a2",9212,5.00009104606325,NA
"a5c4ddadd8d230d4",9213,5.00009104606325,NA
"a5c4ddadd8d230d4-1",9214,NA,"party_kmt 缺值"
"a5cad15e6540effb-1",9215,NA,"party_dpp 缺值"
"a5cad15e6540effb",9216,5.00009104606325,NA
"a5cb0aadb34d5bd8",9217,0.282723644450041,NA
"a5cba197ee5d4700",9218,NA,"party_tpp 缺值"
"a5cd64658beb6b48",9219,1.47861752087056,NA
"a5d1bff4b0d79841",9220,NA,"sex 缺值"
"a5d82bc076667d4e",9221,NA,"edu 缺值"
"a5e275b96c5f92d3",9222,0.307350729610672,NA
"a5e5c3bf29b95e91",9223,0.321140614770656,NA
"a5e6192df0b92abc",9224,0.189870430687549,NA
"a5e6a065d396969b",9225,0.299608652671325,NA
"a5ec0d48fbb2f04f",9226,NA,"edu 缺值"
"a5ec3a73429efd7f",9227,0.270522990875408,NA
"a5ef1318d05c6e49",9228,0.439970404908748,NA
"a5f4380a65e06f89",9229,1.2214790580093,NA
"a5f7327436eecf8b",9230,NA,"sex 缺值"
"a60035e8125dcd94",9231,0.338444762581863,NA
"a600e894f70bc4b5",9232,4.78585067343991,NA
"a605aba0700ce96a",9233,NA,"edu 缺值"
"a609d8f8be3c7819",9234,0.427922149421554,NA
"a60cfdf9ce6a3584",9235,0.0836856844568212,NA
"a610302d8482e5e5",9236,NA,"edu 缺值"
"a61260054a1845c1",9237,0.0826649852446509,NA
"a6183783da90de8d",9238,NA,"age 缺值"
"a618bf14f6147ed3",9239,NA,"edu 缺值"
"a61b1c20b1395f29",9240,0.439799845478686,NA
"a61d9db1c1e56581",9241,NA,"sex 缺值"
"a61dff544d25ec7e",9242,NA,"edu 缺值"
"a626f2b30f385d96",9243,NA,"party_tpp 缺值"
"a6272df3b5303032",9244,3.82587860700067,NA
"a62d01d3595faea2",9245,0.203263341729211,NA
"a62f079cd16080e7",9246,0.0863931964567863,NA
"a62f5eeec3ddc44e",9247,NA,"edu 缺值"
"a63f3fd4eeb6f1f5",9248,5.00009104606325,NA
"a644017008c5f738",9249,0.469297935118666,NA
"a6450700f87cbc84",9250,0.425458632966633,NA
"a64559dadff66d37",9251,0.62559866719508,NA
"a64936f25a61147d",9252,0.317223720565632,NA
"a64c20d4d125db3d",9253,NA,"sex 缺值"
"a64c62f386b6562b",9254,NA,"edu 缺值"
"a64f0b6f95a3f72e",9255,NA,"party_tpp 缺值"
"a6528216dc58d674",9256,1.5983817150522,NA
"a6558218551f4e99",9257,0.641832578871939,NA
"a6573545ef85bbb0",9258,NA,"edu 缺值"
"a65782c4578e4776",9259,NA,"edu 缺值"
"a65b9ce0720bf1b4",9260,NA,"edu 缺值"
"a660ec43e88f4216",9261,NA,"party_tpp 缺值"
"a6644346d1a7ef80-1",9262,NA,"party_kmt 缺值"
"a6644346d1a7ef80",9263,0.0836856844568212,NA
"a66d05ad06cd81d3",9264,0.526992895800938,NA
"a66f89d890bcc7a3",9265,0.497339493660158,NA
"a6736409c2c56f14-1",9266,NA,"party_kmt 缺值"
"a6736409c2c56f14",9267,0.225763896503032,NA
"a677d36ad622751c",9268,0.279998862032001,NA
"a67c1da8ccaae9c3",9269,1.2180445716057,NA
"a67e44484ab52a6e",9270,0.905433385877374,NA
"a67f3357f53bd5f7",9271,0.526992895800938,NA
"a67f3357f53bd5f7-1",9272,NA,"party_kmt 缺值"
"a688b3be2dd7b88b",9273,0.149873208832532,NA
"a68c2075e61ad7a2",9274,5.00009104606325,NA
"a690656c17bf1c08",9275,1.21358014382667,NA
"a696547625fb234e",9276,NA,"party_tpp 缺值"
"a6a98e4d679438fe",9277,NA,"edu 缺值"
"a6b2435368de2fd1",9278,0.761608139506695,NA
"a6b547c88e56294d",9279,0.122293839857739,NA
"a6b64b62bec71bbf",9280,NA,"party_tpp 缺值"
"a6bb7aed35c87638",9281,0.231597778272698,NA
"a6d10d58b54083de",9282,NA,"party_tpp 缺值"
"a6d278d001bc9701",9283,0.161035702786106,NA
"a6d3c4e737509fe9",9284,0.3497416820687,NA
"a6d40873dc899ea3",9285,0.526992895800938,NA
"a6d44d92ae3b3eec",9286,2.46565427414278,NA
"a6d5689d4a73455e",9287,NA,"sex 缺值"
"a6d7a898f8e9b515",9288,1.2180445716057,NA
"a6df73ae68e27b8e",9289,NA,"edu 缺值"
"a6e48d00cac20616",9290,0.104426584634346,NA
"a6e5f568f3efd9fc",9291,1.07233400120656,NA
"a6e8eb5f429b3245",9292,NA,"edu 缺值"
"a6eae95a4961c402",9293,NA,"party_tpp 缺值"
"a6ec33b0d4b12974",9294,0.317223720565632,NA
"a6f22990dd12eaf6",9295,0.130230439506235,NA
"a6f41bd1236d6f35",9296,0.109703744645957,NA
"a6f7ecb858c18e7a",9297,NA,"edu 缺值"
"a70265b5b53326fc",9298,NA,"edu 缺值"
"a70bdbe3d301774e",9299,0.617968352991575,NA
"a71b63c9615b3366",9300,0.114651410572369,NA
"a71bba83390f3add",9301,NA,"sex 缺值"
"a71bba83390f3add-1",9302,NA,"sex 缺值"
"a72161f7762a8670",9303,0.395558802542504,NA
"a7223f472cdc1c7a",9304,NA,"edu 缺值"
"a722fc05de3869d8",9305,0.526992895800938,NA
"a7314f71d3b86274",9306,1.26679233566172,NA
"a736b37d2eb305c3",9307,0.267379474007893,NA
"a74046ea2e1ff2c8",9308,0.543383786383836,NA
"a74739791b68e290",9309,NA,"party_tpp 缺值"
"a74ecfb9c9226883",9310,0.0863931964567863,NA
"a74f241a459c476f",9311,NA,"sex 缺值"
"a74fac12fa862954",9312,0.481391881251299,NA
"a755f0d9fc1e0b41",9313,NA,"sex 缺值"
"a756a9f4c208bff2-1",9314,NA,"party_kmt 缺值"
"a756a9f4c208bff2",9315,NA,"party_kmt 缺值"
"a760175013c86679-1",9316,NA,"party_kmt 缺值"
"a760175013c86679",9317,0.0977727719756202,NA
"a76432f73ff43d6e",9318,NA,"party_tpp 缺值"
"a7647e76c0077b33",9319,NA,"party_tpp 缺值"
"a76ddba42fad6dae",9320,0.0981324511294532,NA
"a77025f2c2396903",9321,0.465761234792302,NA
"a773d5b4f9517e68",9322,NA,"party_tpp 缺值"
"a7753346b88126ab",9323,NA,"sex 缺值"
"a77a62ba4fb7ce7c",9324,5.00009104606325,NA
"a77d214887c1bdb1",9325,NA,"party_tpp 缺值"
"a77fed290f2fc192",9326,0.564824725577593,NA
"a782abbe94cc3714",9327,5.00009104606325,NA
"a78b7f0dc2edf699",9328,0.228016665583315,NA
"a78efc0fc3bba598",9329,NA,"party_tpp 缺值"
"a796f6fc0708c8fb",9330,NA,"party_tpp 缺值"
"a79737684c0bb6aa",9331,NA,"edu 缺值"
"a79cd1bbc8f4c5da",9332,0.733596564736804,NA
"a79d5d3f68d814ee",9333,0.0863931964567863,NA
"a79d70be31521281",9334,0.317223720565632,NA
"a79dbb7937f845a8",9335,1.07233400120656,NA
"a7aad92d115e53a8",9336,5.00009104606325,NA
"a7ab4ebfa97e7728",9337,5.00009104606325,NA
"a7ad2a4edf240a66",9338,0.238300273409114,NA
"a7ad648a6da4a503",9339,1.78143172759595,NA
"a7afdc20f0215713",9340,NA,"sex 缺值"
"a7ba31b491a92684",9341,NA,"party_tpp 缺值"
"a7c7ec4a90a7c474",9342,0.401743698398901,NA
"a7c9b3d8ff8f1b74",9343,0.303602028149845,NA
"a7d42990a3d9e9c3",9344,NA,"edu 缺值"
"a7ecd7b6927b670b",9345,NA,"edu 缺值"
"a7eeba200c84c9fc",9346,3.0639896074457,NA
"a7ef9cbcbd2b24dc-1",9347,NA,"party_kmt 缺值"
"a7ef9cbcbd2b24dc",9348,0.317223720565632,NA
"a7fec19509e4876c",9349,NA,"edu 缺值"
"a7feebe63a497111",9350,0.126664177798915,NA
"a8093749e8404a82",9351,0.419862438229833,NA
"a80bbfe0ef9d09ea",9352,NA,"party_tpp 缺值"
"a80c266b07a0cc50",9353,0.182662832831437,NA
"a80c266b07a0cc50-1",9354,NA,"party_kmt 缺值"
"a8103013b71533b0",9355,NA,"edu 缺值"
"a81039ca51d4bcef",9356,1.07233400120656,NA
"a8109efef5ff8d47",9357,0.141599791476844,NA
"a81da34133685782-1",9358,NA,"party_tpp 缺值"
"a81da34133685782",9359,0.225397134049326,NA
"a83359e16a077b41",9360,0.86636032179925,NA
"a8381bd5da051a3d-1",9361,NA,"edu 缺值"
"a8381bd5da051a3d",9362,NA,"edu 缺值"
"a83a64275944dc94",9363,0.627025849299429,NA
"a83beb5b3e89af47",9364,0.147101185861357,NA
"a83c6b8340484a8c",9365,NA,"party_tpp 缺值"
"a83df00f0804f182",9366,NA,"party_tpp 缺值"
"a843603697577209",9367,NA,"party_tpp 缺值"
"a84391fcc626e109",9368,5.00009104606325,NA
"a84602f5e0d73e7c",9369,0.143405581745165,NA
"a84d28b55b19cfba",9370,0.15549429433347,NA
"a84e95cd41ea1470",9371,0.214196151137979,NA
"a8521997d527b827",9372,0.617968352991575,NA
"a854b67ef89563b7",9373,5.00009104606325,NA
"a85d135a7efe0ac4",9374,0.137641795450903,NA
"a8601d6b690248a8",9375,NA,"party_tpp 缺值"
"a8628b1d350405e8",9376,0.73023217409767,NA
"a8728cf483b79419",9377,NA,"sex 缺值"
"a8766b50dd56656e-1",9378,NA,"party_dpp 缺值"
"a8766b50dd56656e",9379,0.270522990875408,NA
"a87986a836444e37",9380,0.225763896503032,NA
"a8798f621b3eb2e4",9381,NA,"edu 缺值"
"a87b8f18e9f97ece",9382,0.682869326233153,NA
"a882226dc397d7e3",9383,0.185100340350864,NA
"a88316812b253167",9384,NA,"edu 缺值"
"a8916a2b6d6578d8",9385,3.1806783738909,NA
"a8952da4e91321d3",9386,0.191167133061059,NA
"a897e3aee33f2402",9387,0.317223720565632,NA
"a89b0a2d01b5fbc5",9388,0.191167133061059,NA
"a8a24ad2423b7c03",9389,NA,"edu 缺值"
"a8b62e87216ec180",9390,1.01938053671763,NA
"a8be6e8c543ae9fc",9391,0.0826649852446509,NA
"a8be9a934fd9a224",9392,0.483270676621923,NA
"a8be9a934fd9a224-1",9393,NA,"party_dpp 缺值"
"a8c9965d50f83243",9394,0.141599791476844,NA
"a8d0588d147035e2",9395,NA,"party_tpp 缺值"
"a8dbe40e4d02b1c0",9396,0.163395985924161,NA
"a8dfba7db5871736",9397,NA,"edu 缺值"
"a8e51135cdf41dbe",9398,NA,"party_tpp 缺值"
"a8e76ecf7ab9dc0c",9399,NA,"party_tpp 缺值"
"a8eabae048de915c",9400,0.168094563567848,NA
"a90008c4ede68377",9401,NA,"edu 缺值"
"a9017fcde978533c",9402,0.109703744645957,NA
"a902fea806f60447",9403,NA,"edu 缺值"
"a90938fd3d4b959a",9404,0.448247014664783,NA
"a909e5aa66de8f8d",9405,0.86636032179925,NA
"a90b77a8df77c0ec",9406,0.31740891368267,NA
"a9109ff972d0c961",9407,NA,"party_tpp 缺值"
"a91200ec19be8c52",9408,0.0826649852446509,NA
"a916eabe107978fc",9409,4.14162308745656,NA
"a916eabe107978fc-1",9410,NA,"party_kmt 缺值"
"a918c36a248d2472",9411,0.350539549928668,NA
"a9244621687459fe",9412,0.143405581745165,NA
"a927a715a2ec95fd",9413,NA,"edu 缺值"
"a928263c3ae32d47",9414,0.611367731331542,NA
"a929630114ea61e2",9415,NA,"party_tpp 缺值"
"a930a5dca4bbf3be",9416,4.04056606280493,NA
"a9373aa8f6b59292",9417,5.00009104606325,NA
"a93f1d58fff12d22",9418,0.137641795450903,NA
"a941391525f60a7b",9419,1.78334572274152,NA
"a941f43a5d8121b2",9420,0.62959341422803,NA
"a944369821cf73b6",9421,0.270522990875408,NA
"a9533e526e9be1af",9422,0.231597778272698,NA
"a956e5bfe9d15dd3",9423,1.2720267341193,NA
"a95ac101ae976ed5-1",9424,NA,"party_kmt 缺值"
"a95ac101ae976ed5",9425,0.449895992224538,NA
"a965c466382ae12f",9426,0.984302576831165,NA
"a967a8b8516d567b",9427,5.00009104606325,NA
"a9691ec0b1336787",9428,0.0999201607532301,NA
"a974b5a3abd19b2f",9429,0.370839403919046,NA
"a977856c38e7dd0d",9430,0.0826649852446509,NA
"a97f9c60eab1b257",9431,0.143522056601192,NA
"a982521553218b4b",9432,NA,"party_tpp 缺值"
"a9862d3e9d0415c7",9433,0.189870430687549,NA
"a98dd5cb69bbf684",9434,0.420983926067105,NA
"a98e5b8dfd1d78bb",9435,0.332389518528775,NA
"a9926d80ea97881d",9436,0.106699590892319,NA
"a99323a3f3df34b3",9437,0.195093740177253,NA
"a99b5bcfe07967d9",9438,NA,"party_tpp 缺值"
"a99fed8c9752a2fc",9439,0.412125009469762,NA
"a9a4cde9d9a3bece",9440,0.946887646635036,NA
"a9a884f737423594",9441,0.486068939888409,NA
"a9af6c7d8295c25b",9442,0.217230741594507,NA
"a9af6c7d8295c25b-1",9443,NA,"party_kmt 缺值"
"a9b11041881ae3ed",9444,5.00009104606325,NA
"a9b23a41ea70dba9",9445,0.728620518951834,NA
"a9bbf895f3286a18",9446,0.419862438229833,NA
"a9c12bf897593134",9447,0.914468188906357,NA
"a9c705157badd194",9448,0.106699590892319,NA
"a9cbdc8c7bfb54cd",9449,NA,"edu 缺值"
"a9d1c704f3a8397d",9450,0.0704952927516892,NA
"a9d261e7c560f955",9451,1.62762951783611,NA
"a9db6ce957cf0eaa",9452,NA,"sex 缺值"
"a9db6ce957cf0eaa-1",9453,NA,"sex 缺值"
"a9dcb35570bf09a0",9454,0.137641795450903,NA
"a9dd56cf95874886",9455,0.469297935118666,NA
"a9dd56cf95874886-1",9456,NA,"party_kmt 缺值"
"a9dd6891f388d6a7",9457,0.0704952927516892,NA
"a9decb2bf8586774",9458,5.00009104606325,NA
"a9e0155e227343de",9459,NA,"sex 缺值"
"a9e25a892693afd3",9460,0.104426584634346,NA
"a9e2e38d6c089f4c",9461,0.0999201607532301,NA
"a9ebaed543453086",9462,2.92264211881677,NA
"a9ef9335a9ab7466",9463,NA,"edu 缺值"
"a9f0787be6a533e4",9464,0.409455600887348,NA
"a9f1051ebf0e5c88",9465,0.350539549928668,NA
"a9f598a65b3fa50f",9466,0.132602888246019,NA
"a9f7375f74edd84e",9467,NA,"party_tpp 缺值"
"a9f92c334196d10f",9468,0.378984170178408,NA
"a9fc7a4e14dd3185",9469,NA,"party_tpp 缺值"
"a9fcb76e715cc128",9470,5.00009104606325,NA
"aa0348faa0f26e2d",9471,0.114651410572369,NA
"aa06e5ebced11e21",9472,0.106699590892319,NA
"aa0cca86a6ed2730",9473,1.91025356785221,NA
"aa19c93860d40e3b",9474,0.0826649852446509,NA
"aa26af3b98421246",9475,0.132602888246019,NA
"aa2aa194d9172377",9476,0.397193255426077,NA
"aa2fedd045d4dba0",9477,0.4847641311121,NA
"aa30315e4a8ec89c",9478,NA,"edu 缺值"
"aa3c26925078f561",9479,NA,"edu 缺值"
"aa4ce6763e956959",9480,0.163024078087676,NA
"aa4ce6763e956959-1",9481,NA,"party_kmt 缺值"
"aa4d61a55e735488",9482,5.00009104606325,NA
"aa4ee6b02ca0b42f",9483,0.106699590892319,NA
"aa50b855098f2f2d",9484,0.37657952957204,NA
"aa5a87c9570a063f",9485,0.106699590892319,NA
"aa60c577ca085993",9486,NA,"sex 缺值"
"aa61859b35fe838e",9487,0.915450706309203,NA
"aa715081d78e0945",9488,NA,"party_tpp 缺值"
"aa715140633fbadf",9489,5.00009104606325,NA
"aa73ce54bd1dc75d",9490,0.481391881251299,NA
"aa8152e39555cee9",9491,5.00009104606325,NA
"aa81fb1b3d1a122d",9492,0.0826649852446509,NA
"aa83e01c442ae1d1",9493,1.38688831748754,NA
"aa8532338ff96604",9494,0.117169505819394,NA
"aa8c223890cb1f56",9495,0.617968352991575,NA
"aa9c00f7d6fd8ed0",9496,0.238546543885963,NA
"aaa27defc5888770",9497,0.131103006091378,NA
"aaacdd2cc1467b23",9498,0.0826649852446509,NA
"aaaeb89818d43826",9499,0.191167133061059,NA
"aab1fc52f96904fb",9500,NA,"edu 缺值"
"aab292ce67ee9490",9501,0.550760405309663,NA
"aabe6b2fb0f6a6de",9502,0.0704952927516892,NA
"aac429cfc94df669",9503,3.99125149388073,NA
"aac58452ed8acefc",9504,0.425458632966633,NA
"aac9c9e178658273",9505,0.350539549928668,NA
"aaca6536332e60f0",9506,NA,"edu 缺值"
"aacbd45bb1d47610",9507,0.0704952927516892,NA
"aacd330bbd93466b",9508,0.143849474355578,NA
"aad32a9977da73db-1",9509,NA,"party_tpp 缺值"
"aad32a9977da73db",9510,0.109703744645957,NA
"aad3c952e2b13d0f",9511,1.26093986097085,NA
"aad79036328d402d",9512,NA,"party_tpp 缺值"
"aad90e06e435e980",9513,0.217230741594507,NA
"aae60ef84f772704",9514,0.114651410572369,NA
"aaea522bfd9d8eea",9515,0.440087061264011,NA
"aaee656a90cfdb1c",9516,1.86377505444662,NA
"ab0014517869e245",9517,0.270522990875408,NA
"ab00e183114117c8",9518,0.550313437502534,NA
"ab014176cf53973c",9519,0.405838781451556,NA
"ab04069460102f88",9520,0.290760873219717,NA
"ab081ed13fff016e",9521,0.238300273409114,NA
"ab0e52b7138349de",9522,0.0736746478324626,NA
"ab0ef7743d06c5af",9523,0.499754332850847,NA
"ab13e62640c2c3d0",9524,0.350539549928668,NA
"ab16d44254e30590-1",9525,NA,"party_dpp 缺值"
"ab16d44254e30590",9526,NA,"party_dpp 缺值"
"ab1a25006dbdf1b7",9527,0.198433633916187,NA
"ab1cf910aa22f841",9528,NA,"party_tpp 缺值"
"ab1ffe920729e3f5",9529,NA,"party_tpp 缺值"
"ab2083921da7787a",9530,0.161035702786106,NA
"ab20ad148adb423b",9531,NA,"party_tpp 缺值"
"ab25f524df84bb8a",9532,0.710315479646997,NA
"ab2a4eb61e0878ba",9533,0.340955294406571,NA
"ab390a0f82c8a8e6-1",9534,NA,"party_tpp 缺值"
"ab390a0f82c8a8e6",9535,5.00009104606325,NA
"ab414da80229caae",9536,0.168682392978214,NA
"ab4551a41f21fa4e",9537,0.0704952927516892,NA
"ab4664b197b76eb9",9538,NA,"party_tpp 缺值"
"ab48726a81244b16",9539,NA,"party_tpp 缺值"
"ab53c93e14d514de",9540,NA,"edu 缺值"
"ab5612dcd567e1b6",9541,0.109703744645957,NA
"ab58a506352a701a",9542,0.122293839857739,NA
"ab69135477a94eac",9543,0.177806529508921,NA
"ab69de36b8b5de38",9544,0.424142210537634,NA
"ab6b77d45262d2b0",9545,NA,"sex 缺值"
"ab6ce86139b8e87b",9546,5.00009104606325,NA
"ab70d870231b9e92",9547,NA,"party_tpp 缺值"
"ab7779c81eaa92dd",9548,NA,"edu 缺值"
"ab77f451852d7f96",9549,NA,"party_tpp 缺值"
"ab78870a7763e0aa",9550,NA,"party_dpp 缺值"
"ab795139c0cdfef0",9551,1.07535763156715,NA
"ab8152bb99e65331",9552,0.623780229721267,NA
"ab8b31f1b40b604f",9553,NA,"party_tpp 缺值"
"ab906c69557cc3ca",9554,NA,"edu 缺值"
"ab912d9a0e003eab",9555,0.328602099431772,NA
"ab926678afc3a996",9556,0.328602099431772,NA
"ab9798e547b75ee9",9557,5.00009104606325,NA
"aba3f1f2d9acfc36",9558,NA,"party_tpp 缺值"
"aba9cb23b24d0a0a",9559,NA,"edu 缺值"
"abad34395d9205ac",9560,0.799184617214002,NA
"abb56b520a18ae9b",9561,NA,"party_tpp 缺值"
"abbe070857c77c33",9562,NA,"edu 缺值"
"abcc3df4619137a0",9563,NA,"sex 缺值"
"abcd09cb238ffce8",9564,0.189870430687549,NA
"abd0a45c5dfdafde",9565,NA,"edu 缺值"
"abd29273f42911a0",9566,1.5983817150522,NA
"abd513c5d111ab70",9567,0.267379474007893,NA
"abd94d1abc579afa",9568,0.833614666063227,NA
"abe7b53028a6b137",9569,0.122293839857739,NA
"abec04d9a62ef264",9570,NA,"party_tpp 缺值"
"abf096a10aed174a",9571,0.307350729610672,NA
"abf19bbc12921f21",9572,1.07348613184449,NA
"abf893c4590ccc90",9573,NA,"edu 缺值"
"abf896dc1dcf6eba",9574,0.238300273409114,NA
"abfd46af8fd68513",9575,0.270522990875408,NA
"abffdbe54f6ea444",9576,5.00009104606325,NA
"ac16b4ee3cf289a9",9577,NA,"party_tpp 缺值"
"ac16c8308567e57f",9578,NA,"edu 缺值"
"ac18ea395d6e8bd9",9579,0.439970404908748,NA
"ac18f533784b8a50",9580,NA,"edu 缺值"
"ac1e5402f73309d2",9581,0.0863931964567863,NA
"ac22f59c936bb6d2",9582,NA,"party_tpp 缺值"
"ac26e20b6d79f131",9583,0.383663646534465,NA
"ac2a86f332d82a69-1",9584,5.00009104606325,NA
"ac2a86f332d82a69",9585,2.77284099210224,NA
"ac31ed930a2cd7b5",9586,0.670118009544355,NA
"ac366ba81a400453",9587,0.6458388780458,NA
"ac3a92a797f85ca8",9588,0.526992895800938,NA
"ac3c3884af97c6fb",9589,NA,"sex 缺值"
"ac42a1443661d39d",9590,NA,"party_kmt 缺值"
"ac442b4b13f238c6",9591,0.350539549928668,NA
"ac496008dd4bd51c",9592,0.523281952812502,NA
"ac4e98f591ebc959",9593,0.238300273409114,NA
"ac5186eb45c798d6",9594,NA,"edu 缺值"
"ac53f617d3beb69a",9595,0.228016665583315,NA
"ac562f6f0c48d4c7",9596,NA,"edu 缺值"
"ac59befa48c9d15b",9597,0.225397134049326,NA
"ac59befa48c9d15b-1",9598,NA,"party_tpp 缺值"
"ac687418b4b5cced",9599,5.00009104606325,NA
"ac68c4c3fd690c88",9600,0.109703744645957,NA
"ac697ac090f62c6b",9601,5.00009104606325,NA
"ac6a5353f011b1be",9602,NA,"edu 缺值"
"ac6b17f7e79d5e68",9603,0.137328507079303,NA
"ac7473d7d1853e71",9604,0.0704952927516892,NA
"ac7473d7d1853e71-1",9605,NA,"party_kmt 缺值"
"ac76f23b9b0902d5",9606,0.161035702786106,NA
"ac76fb604f656e8f",9607,5.00009104606325,NA
"ac7d1a8aa067539d",9608,0.302598276430383,NA
"ac818fa9cb850207",9609,0.177806529508921,NA
"ac8bf1a7e4e7cfa7",9610,NA,"party_tpp 缺值"
"ac8e1fe111c8e854",9611,NA,"sex 缺值"
"ac93451acc98cba6",9612,0.412125009469762,NA
"ac943b2451c51897",9613,0.126664177798915,NA
"ac97679adcf30397",9614,NA,"sex 缺值"
"ac9bd040c99c0170",9615,0.143405581745165,NA
"aca2c088bd4ea317",9616,1.15188307360859,NA
"aca3ee81a694434e",9617,NA,"edu 缺值"
"aca3eef2e2269b26",9618,NA,"party_tpp 缺值"
"acb44ad8733cd9c5",9619,5.00009104606325,NA
"acb4f5b1ced67c71",9620,0.147101185861357,NA
"acc1db182d37b947",9621,NA,"party_tpp 缺值"
"accd3d119a5e5272",9622,0.0704952927516892,NA
"accf44fc53eaef08",9623,1.14973675048474,NA
"acd0e202a8f7f85b",9624,0.238300273409114,NA
"acd5c1f0b55f0cc3",9625,0.564495177014209,NA
"acdcab26af768bf8",9626,NA,"edu 缺值"
"ace1ee3ac9743c6e",9627,NA,"sex 缺值"
"aceb9448a1417010",9628,4.66479271099245,NA
"acf55de8dd512c27",9629,NA,"edu 缺值"
"acf6c15697b52f37",9630,NA,"party_tpp 缺值"
"ad0a5dbf6d3c8946-1",9631,NA,"party_kmt 缺值"
"ad0a5dbf6d3c8946",9632,0.14517627055464,NA
"ad0b3613a53e29ff-1",9633,NA,"party_tpp 缺值"
"ad0b3613a53e29ff",9634,0.0977727719756202,NA
"ad177124d7d892fd",9635,0.732575180382306,NA
"ad17de1e72260150-1",9636,NA,"party_dpp 缺值"
"ad17de1e72260150",9637,0.44080316358321,NA
"ad24bd1e44cf3bdf",9638,0.137328507079303,NA
"ad272d29f38a4f75",9639,NA,"edu 缺值"
"ad2899fbf4c61268",9640,NA,"edu 缺值"
"ad3150fe4f970da8",9641,0.0826649852446509,NA
"ad317db75c4db2a1",9642,0.763165825157738,NA
"ad352b7db9c75ef1",9643,2.84429792187621,NA
"ad3888b669e5933b",9644,0.147985976977968,NA
"ad393f729f5f1553",9645,0.231597778272698,NA
"ad3ba323af0bff31",9646,0.191167133061059,NA
"ad47b4ddf4aaec67",9647,5.00009104606325,NA
"ad4a071186959760",9648,NA,"edu 缺值"
"ad4c20758777b9f3",9649,NA,"edu 缺值"
"ad4c57c32c9577fe",9650,0.106699590892319,NA
"ad4cfb586ac5ed54",9651,NA,"sex 缺值"
"ad4e63815ca8334c",9652,0.33153058856141,NA
"ad5ebc8499175383",9653,0.0826649852446509,NA
"ad6176fad963627b",9654,2.92861967795179,NA
"ad65ede77ec86789",9655,NA,"party_tpp 缺值"
"ad65f1645e04a015",9656,0.223856450355422,NA
"ad666e4387d6e76a",9657,0.15549429433347,NA
"ad692cbd9d07eda5",9658,NA,"party_tpp 缺值"
"ad7882a3b902b3c2",9659,0.225397134049326,NA
"ad7dbb02d8f081bc",9660,NA,"edu 缺值"
"ad80920636b0f645",9661,NA,"party_dpp 缺值"
"ad8388ccb5598810",9662,0.163395985924161,NA
"ad8c91ab440c1b15",9663,0.0736746478324626,NA
"ad8f269d45c219f6",9664,0.975768465849945,NA
"ad9cdc6875024ede-1",9665,NA,"party_dpp 缺值"
"ad9cdc6875024ede",9666,NA,"party_dpp 缺值"
"ada00e436c5effd8",9667,2.69921936073565,NA
"adaec2b9a3779277",9668,0.185100340350864,NA
"adb43cb7e232ee8d",9669,0.0704952927516892,NA
"adbfe39a6feb02a2",9670,0.424052005886429,NA
"adccb31a9c9464f2",9671,NA,"party_tpp 缺值"
"add406cb150ee359",9672,5.00009104606325,NA
"adddadf7d0398aef",9673,NA,"edu 缺值"
"adf7f68ae0ae14f9",9674,0.641832578871939,NA
"adfaf7d6ab9aca87",9675,NA,"party_tpp 缺值"
"ae01d926f5127090",9676,0.47112952975556,NA
"ae07d781f92a4a60",9677,0.969082662053173,NA
"ae085e317cfa5acc",9678,0.0999201607532301,NA
"ae0b0c08c06f27a9-1",9679,NA,"party_kmt 缺值"
"ae0b0c08c06f27a9",9680,NA,"party_tpp 缺值"
"ae0e539d8df31ff7",9681,0.83551639635089,NA
"ae10b85094bfa8ff",9682,NA,"edu 缺值"
"ae1ace3075207c12",9683,NA,"edu 缺值"
"ae20874a25f11ec9-1",9684,NA,"party_dpp 缺值"
"ae20874a25f11ec9",9685,0.0836856844568212,NA
"ae27c7311854e353",9686,5.00009104606325,NA
"ae27ebfef538533e",9687,1.5983817150522,NA
"ae2cc31951d4c8ea",9688,0.307350729610672,NA
"ae2f1d8b534d6f77",9689,NA,"edu 缺值"
"ae30f271f06e99bb",9690,0.231597778272698,NA
"ae33bd797381a8ad",9691,0.307350729610672,NA
"ae35b7f8be51081f",9692,0.564495177014209,NA
"ae3a386c56ecb0d7",9693,1.92174345066596,NA
"ae47780b853da9aa",9694,0.27157879875813,NA
"ae4a1b3051652c69",9695,0.866866097244371,NA
"ae4cd4f0f7e02eae",9696,NA,"edu 缺值"
"ae4de42e7eeb4c00",9697,1.58640133098009,NA
"ae5c6c2f8e8c6c89",9698,0.915450706309203,NA
"ae67094246f0774c",9699,0.412125009469762,NA
"ae692ffb8afa2278",9700,NA,"party_kmt 缺值"
"ae6f30b6941ba42b",9701,NA,"edu 缺值"
"ae70ae101890f58b",9702,5.00009104606325,NA
"ae79cab2ad9954a7",9703,0.624795234497572,NA
"ae81359d0b5df5d2",9704,NA,"edu 缺值"
"ae81c638236a063a",9705,NA,"party_tpp 缺值"
"ae81faedd638c86d",9706,0.550760405309663,NA
"ae860084f9fe75e0",9707,NA,"edu 缺值"
"ae868c749472f9a4",9708,0.4017712460214,NA
"ae93ae07f7ed9148",9709,0.15549429433347,NA
"ae95adc5d0ce4a36",9710,0.457407035474077,NA
"ae9c7363f9b32df9",9711,NA,"edu 缺值"
"ae9d9afbd470b816",9712,0.675978889111709,NA
"ae9d9afbd470b816-1",9713,NA,"party_dpp 缺值"
"ae9e7c27e5b7a1f1",9714,NA,"sex 缺值"
"aeb7bbea7562d0a5",9715,0.198433633916187,NA
"aeba9e1c32f300b9",9716,0.217726311427333,NA
"aeba9e1c32f300b9-1",9717,NA,"party_kmt 缺值"
"aebeae3f57fc96ee",9718,NA,"party_tpp 缺值"
"aec1cfa8678c82ca",9719,0.552016858424831,NA
"aec7c00eff816a29",9720,NA,"party_tpp 缺值"
"aec7cff1e2c57784",9721,5.00009104606325,NA
"aece4f5b9cbe8708",9722,NA,"edu 缺值"
"aed0c502edd11b28",9723,NA,"edu 缺值"
"aed0c502edd11b28-1",9724,NA,"edu 缺值"
"aed12e7531d563b4",9725,NA,"party_tpp 缺值"
"aed1e363b8829aeb-1",9726,NA,"party_kmt 缺值"
"aed1e363b8829aeb",9727,1.63059040866816,NA
"aed8bbc7a449ab51",9728,NA,"edu 缺值"
"aeda5cb70957c116",9729,0.137328507079303,NA
"aedef0ff11428e83",9730,NA,"party_tpp 缺值"
"aee050d32f167e43",9731,0.137328507079303,NA
"aeeba46f66c52066",9732,0.132602888246019,NA
"aeed2af7302eadfc-1",9733,NA,"edu 缺值"
"aeed2af7302eadfc",9734,NA,"edu 缺值"
"aeefa9480d7ff9f4",9735,0.914468188906357,NA
"aef16bc0779a21f4",9736,NA,"edu 缺值"
"aef30116243d95d1",9737,2.1072327158808,NA
"aef67479f4a485a4",9738,5.00009104606325,NA
"aef6d52f3e4f255e",9739,0.106699590892319,NA
"aef96f44693455e4",9740,0.109703744645957,NA
"af01d7f1731a2c6f",9741,NA,"age 缺值"
"af03574347adc8d3",9742,NA,"edu 缺值"
"af06f8cc4914bb18",9743,0.657988232409691,NA
"af07917d0e9c73c6",9744,NA,"edu 缺值"
"af08516b2e7edd6a",9745,0.3497416820687,NA
"af0a3419770fbe5a",9746,0.231597778272698,NA
"af0c7a11681a38b5",9747,0.203428433409571,NA
"af108886773d9670",9748,NA,"sex 缺值"
"af1c89eac8fa7fad",9749,NA,"edu 缺值"
"af210eab1720156c-1",9750,NA,"party_dpp 缺值"
"af210eab1720156c",9751,0.163395985924161,NA
"af22a3ba11b45887",9752,0.526992895800938,NA
"af22fda02f9818d7-1",9753,NA,"party_kmt 缺值"
"af22fda02f9818d7",9754,NA,"party_kmt 缺值"
"af23aa2c708e5d04",9755,0.641564792175367,NA
"af28da7fbabbbf8a",9756,0.497256645674774,NA
"af2c9953a31bd8ad",9757,0.460683494922433,NA
"af37549c39f63a47",9758,0.657988232409691,NA
"af38fa70b338fca1",9759,0.0736746478324626,NA
"af3ce275ce46b9c3",9760,0.217230741594507,NA
"af3fb1a8aa7c3171",9761,0.125445388161949,NA
"af59ef51a1aaae1e",9762,0.397193255426077,NA
"af5cd6ae9f93d3a7",9763,0.0863931964567863,NA
"af5d82b82fb73bec",9764,NA,"edu 缺值"
"af640a390ae73905",9765,1.08388241780433,NA
"af650e9ded313dc5",9766,0.16829845267839,NA
"af6deff552ec54fb",9767,NA,"sex 缺值"
"af8454c00b69184a",9768,0.328204006705968,NA
"af8620471223863b",9769,0.139093121103869,NA
"af93d31c5debd477",9770,0.914468188906357,NA
"afa2950c1263f94e",9771,NA,"edu 缺值"
"afaa8591953fecef",9772,0.360684248405661,NA
"afab3fad6029b871",9773,0.109703744645957,NA
"afb1a1d79d029647",9774,NA,"sex 缺值"
"afb3ab3a7ba34dcb",9775,NA,"party_tpp 缺值"
"afb9b172d3857556",9776,0.378984170178408,NA
"afb9e569087798b2",9777,0.0736746478324626,NA
"afc82eca52c4df47",9778,0.0977727719756202,NA
"afc9c7e45b3cdd9c",9779,0.16829845267839,NA
"afd00173ee9a8d0c",9780,5.00009104606325,NA
"afd17b6a72397118",9781,0.0981324511294532,NA
"afd9bf1df0bc0336",9782,NA,"edu 缺值"
"afdd5382266afd95",9783,0.138583311193623,NA
"afdd648c0b2fe3aa",9784,2.08896256371023,NA
"afed25bd63677c5b",9785,0.0863931964567863,NA
"aff0043042473237",9786,0.469297935118666,NA
"b008dfe26ededd56",9787,0.174625325219644,NA
"b00ae9006dcddb50",9788,0.529049664623895,NA
"b016c23b0fef2dc4",9789,0.0826649852446509,NA
"b018e2e08b32d6ab",9790,0.122453879415099,NA
"b0222849d611e002",9791,NA,"edu 缺值"
"b0222a2fcc6bb47e",9792,NA,"party_tpp 缺值"
"b03a68c3fb207216",9793,0.153735485605362,NA
"b03a68c3fb207216-1",9794,NA,"party_dpp 缺值"
"b03d4b6248f25c0a",9795,0.409455600887348,NA
"b04375ab64618e5a",9796,1.03335100775092,NA
"b043a022d28ba522",9797,0.189870430687549,NA
"b047e8a1f50a2d57",9798,NA,"party_tpp 缺值"
"b04f0836ec3b9904",9799,0.617968352991575,NA
"b0538e870c35b7f1",9800,NA,"edu 缺值"
"b0571026f05fc9d2",9801,1.07233400120656,NA
"b059d55e8a7072e5",9802,0.267379474007893,NA
"b05f73fc61e24ca7",9803,5.00009104606325,NA
"b0678badc94833e9",9804,0.564495177014209,NA
"b068ae0f5a8712d9",9805,0.118616246805632,NA
"b0692ac1e546fe9b",9806,0.122293839857739,NA
"b06a95599f5b9dd7",9807,NA,"edu 缺值"
"b070fa1fb4784643",9808,0.225763896503032,NA
"b073678408587c65-1",9809,NA,"party_kmt 缺值"
"b073678408587c65",9810,0.0704952927516892,NA
"b07c15884055dce9",9811,NA,"sex 缺值"
"b083e94171ff4c09",9812,NA,"party_tpp 缺值"
"b085623940648e0a",9813,0.653282721236478,NA
"b0890176c470fe1a",9814,1.86226251389172,NA
"b093433024b2ba6e",9815,NA,"edu 缺值"
"b0959c645e5b8357",9816,0.40268897211483,NA
"b0959ddb3f3b1279",9817,0.409694638368157,NA
"b0a206b0b26a65b3",9818,5.00009104606325,NA
"b0b41bfa4762898f",9819,5.00009104606325,NA
"b0b5150ba6bebd49",9820,0.26813339647468,NA
"b0b83cb4b14728aa",9821,0.238300273409114,NA
"b0bdd51f0499692e-1",9822,NA,"party_kmt 缺值"
"b0bdd51f0499692e",9823,0.354836203663754,NA
"b0be277254318363",9824,NA,"edu 缺值"
"b0bf578a9f5908a9",9825,NA,"age 缺值"
"b0d32c15484ff8ed",9826,NA,"party_tpp 缺值"
"b0d742e2bfea5269",9827,NA,"edu 缺值"
"b0d9b05f2468a9d2",9828,NA,"party_tpp 缺值"
"b0e6fc070f23838f",9829,0.464221361547281,NA
"b0ea777925cdd115",9830,NA,"sex 缺值"
"b0ee75ba72f6bbe8",9831,NA,"edu 缺值"
"b0f49a9e7375bb67",9832,0.317223720565632,NA
"b0fc5829ed3d5203",9833,0.409455600887348,NA
"b10588d85fdde4de",9834,NA,"edu 缺值"
"b10ba36ed3104355",9835,0.244931651230463,NA
"b10cef77c6dc4651",9836,0.1512362011435,NA
"b10d9fb627e84202",9837,0.282723644450041,NA
"b10e35a2a64b62d0",9838,NA,"sex 缺值"
"b10fce00a614280b",9839,0.86636032179925,NA
"b11e34bc727c1abd",9840,0.106699590892319,NA
"b11ef8234beedf6d",9841,0.270680920414285,NA
"b12241c41e296281",9842,1.52156126563066,NA
"b12d73f16265fc91",9843,NA,"party_tpp 缺值"
"b1317db23f2b6e6c",9844,0.337767256467019,NA
"b131e6832affc6c5",9845,NA,"sex 缺值"
"b1331ff0c51e6c25",9846,NA,"sex 缺值"
"b1331ff0c51e6c25-1",9847,NA,"sex 缺值"
"b133c9f1db04364c",9848,NA,"edu 缺值"
"b13c034027cbc29e",9849,0.682869326233153,NA
"b14601e135c97951",9850,NA,"edu 缺值"
"b158a33ca0076806-1",9851,NA,"party_kmt 缺值"
"b158a33ca0076806",9852,0.0826649852446509,NA
"b15d786814d4eafe",9853,NA,"party_tpp 缺值"
"b15f688f93bb9663",9854,0.27157879875813,NA
"b16671ca41349ead",9855,0.0704952927516892,NA
"b16f91625ba1b833",9856,0.425458632966633,NA
"b16fdef0ff90399c",9857,NA,"edu 缺值"
"b17412779d692a0b",9858,0.2794383541969,NA
"b17a1add10047088",9859,5.00009104606325,NA
"b18541eaa94bad2a",9860,0.217230741594507,NA
"b18541eaa94bad2a-1",9861,NA,"party_kmt 缺值"
"b187f73cddf99feb",9862,0.469297935118666,NA
"b18a5c4e20b8378c",9863,0.317223720565632,NA
"b18d16b26170f398",9864,5.00009104606325,NA
"b19386f323cde688",9865,0.109703744645957,NA
"b1b1e8e3e6656cfb",9866,0.409455600887348,NA
"b1c1f631b59bc68f",9867,0.526992895800938,NA
"b1c80ff58e2adcae",9868,NA,"edu 缺值"
"b1ca3d20ee62be5a",9869,0.526992895800938,NA
"b1d778c4a4f6a3c6",9870,0.481391881251299,NA
"b1de578c03a380e0",9871,0.370839403919046,NA
"b1de9bee8fbc6329",9872,0.147985976977968,NA
"b1dece89e46cf7f1-1",9873,NA,"party_kmt 缺值"
"b1dece89e46cf7f1",9874,0.0704952927516892,NA
"b1df70d280cb9a0d",9875,NA,"edu 缺值"
"b1e42eb6cc89477a",9876,NA,"party_tpp 缺值"
"b1f1bb57ba0e31d6",9877,0.37657952957204,NA
"b1f99e7324639972",9878,0.270522990875408,NA
"b1fbe3bfab74b8a8",9879,NA,"edu 缺值"
"b1ff98e0dc268177",9880,1.48668683158771,NA
"b2040cd4ea267edc",9881,0.109703744645957,NA
"b210f6042bf9563b",9882,0.238300273409114,NA
"b211b8bc490f7fd4",9883,0.228016665583315,NA
"b211d00632a65e5f",9884,0.786248712029579,NA
"b217e6deb131c92d",9885,NA,"party_tpp 缺值"
"b21bfef99b8e19ff",9886,NA,"edu 缺值"
"b21df929da43e875",9887,NA,"sex 缺值"
"b22a01b0b6efa7fc",9888,NA,"party_tpp 缺值"
"b22c3ad7703e49ec",9889,0.280226278752786,NA
"b23216e934857e36",9890,NA,"party_dpp 缺值"
"b23216e934857e36-1",9891,NA,"party_kmt 缺值"
"b23463f4e81aaade",9892,0.147101185861357,NA
"b237daba36705e55",9893,1.2148840312943,NA
"b237daba36705e55-1",9894,NA,"party_kmt 缺值"
"b2386d4b1eb93929",9895,0.317223720565632,NA
"b23d6784e476b4cc",9896,NA,"age 缺值"
"b24175fce9d3b314",9897,5.00009104606325,NA
"b24ac2b793aea344",9898,0.86636032179925,NA
"b24d364c9cdef042",9899,NA,"edu 缺值"
"b2501751fc5a1687",9900,0.550760405309663,NA
"b254fa84c9347782",9901,0.189870430687549,NA
"b2550fd3342330e7",9902,NA,"sex 缺值"
"b265f7d4acec96d3",9903,NA,"party_tpp 缺值"
"b266d8cc7bb3d6fa",9904,0.0826649852446509,NA
"b2676bae48bc67e5",9905,NA,"party_dpp 缺值"
"b26c2bb4300dceea",9906,NA,"party_tpp 缺值"
"b27072d82efb780a",9907,0.0826649852446509,NA
"b275a0a1acdcacce-1",9908,NA,"edu 缺值"
"b275a0a1acdcacce",9909,NA,"edu 缺值"
"b27662fd6091da38",9910,3.52671779117873,NA
"b27ca9e481945ae3",9911,0.866866097244371,NA
"b27d1cabc379956d",9912,NA,"party_dpp 缺值"
"b27d651b4f645f3a",9913,0.225763896503032,NA
"b27d651b4f645f3a-1",9914,0.741700825734021,NA
"b27e6951ac5d4728",9915,0.318303902769141,NA
"b289ab22bd2ba07c",9916,0.409455600887348,NA
"b28a9bbb43c5543f",9917,1.58640133098009,NA
"b28d0479a032290b",9918,0.0836856844568212,NA
"b28e33f43e9f54ca",9919,NA,"edu 缺值"
"b28e53101cbb19fb",9920,0.147101185861357,NA
"b29b6b985626430f",9921,NA,"edu 缺值"
"b2a49abcc1eaa5bf",9922,0.641832578871939,NA
"b2a5cb7246d55210",9923,1.07950481174013,NA
"b2af479a538fb898",9924,NA,"edu 缺值"
"b2b4e2ab7ada22ed",9925,NA,"edu 缺值"
"b2b64aaf01cc3672",9926,0.373253112351891,NA
"b2b7377baa9518c7",9927,2.69921936073565,NA
"b2b73f0efc224d5c",9928,NA,"party_tpp 缺值"
"b2b9daa5250d1513",9929,NA,"party_tpp 缺值"
"b2b9df937e30c569",9930,0.601052112020434,NA
"b2bb86946d044dfb",9931,NA,"edu 缺值"
"b2be575c23fa2124",9932,0.939915847775935,NA
"b2c2a275a702ff53",9933,NA,"edu 缺值"
"b2c4f4eab62e9242",9934,0.228773021907763,NA
"b2d48bab050b9c1a",9935,1.92174345066596,NA
"b2d781c044f2aaea",9936,5.00009104606325,NA
"b2ddc71088956d40",9937,NA,"edu 缺值"
"b2e07eea0e4e5379-1",9938,NA,"party_dpp 缺值"
"b2e07eea0e4e5379",9939,1.78741408035612,NA
"b2e4ab1d7423b7a6",9940,3.56914689109011,NA
"b2e6728c1e347cce",9941,5.00009104606325,NA
"b2e6d9aa03d35aba",9942,NA,"edu 缺值"
"b2e81073b5d80891",9943,0.162507125338537,NA
"b2e8a4b7e22df189",9944,NA,"sex 缺值"
"b2ea94cf7c5b123b",9945,0.193448411329452,NA
"b2eb119bc6a09d72",9946,0.733596564736804,NA
"b2eb7f3537cf8d4c",9947,0.499754332850847,NA
"b2fd01663f286cdd",9948,0.529049664623895,NA
"b2fdfcb74d67b3bc",9949,0.564495177014209,NA
"b31164713f9945f7",9950,0.337767256467019,NA
"b3152830d6b892e4",9951,NA,"party_tpp 缺值"
"b31d46dfd1cddc7f",9952,0.497256645674774,NA
"b32b18e7138c7823",9953,0.420983926067105,NA
"b32e45f601762db0",9954,0.427922149421554,NA
"b32e45f601762db0-1",9955,NA,"party_kmt 缺值"
"b33fbe214d207c32",9956,0.238300273409114,NA
"b34004bdc4fa2d73",9957,NA,"sex 缺值"
"b342ede161a388c4",9958,0.543383786383836,NA
"b3442f4248de6c09",9959,0.317223720565632,NA
"b3659c7199a5e180",9960,NA,"edu 缺值"
"b36b4faaf03f42be",9961,1.07535763156715,NA
"b383a8074fcb38f2",9962,NA,"edu 缺值"
"b385d38122fc9202",9963,0.859040570130117,NA
"b3870292fbe6ce6d",9964,5.00009104606325,NA
"b38ae733f69df09f",9965,NA,"edu 缺值"
"b38c0e0c8d3ca260",9966,0.321140614770656,NA
"b391d49453b0ee93",9967,5.00009104606325,NA
"b392ff9967dcf096",9968,NA,"party_tpp 缺值"
"b3a32a9172721c32",9969,1.5983817150522,NA
"b3ab34b122d8a301",9970,NA,"party_tpp 缺值"
"b3ac40fae886eca6",9971,5.00009104606325,NA
"b3ae5ef7a5af9cb8-1",9972,NA,"party_kmt 缺值"
"b3ae5ef7a5af9cb8",9973,0.439799845478686,NA
"b3aeb5380472d8a0",9974,NA,"party_tpp 缺值"
"b3b9c43f39f01a4a",9975,0.288942066593736,NA
"b3c05ec3ae43ff5c",9976,5.00009104606325,NA
"b3c1f6f569a74077",9977,0.168682392978214,NA
"b3c2fd9d28164efa",9978,1.58640133098009,NA
"b3c71693feb74423",9979,0.2794383541969,NA
"b3c81c8fb7bc6df6",9980,5.00009104606325,NA
"b3d31ef1e291e8ab",9981,0.0999201607532301,NA
"b3d4f08ab4f31aaf",9982,0.114651410572369,NA
"b3eada9468b3848b-1",9983,NA,"party_kmt 缺值"
"b3eada9468b3848b",9984,0.219734510927064,NA
"b3eddd36911a7582",9985,0.190900971620032,NA
"b3f2b46b67a752c2",9986,0.0704952927516892,NA
"b3f6d76de34dadbb",9987,NA,"edu 缺值"
"b3fd8a64c2411dca-1",9988,NA,"party_dpp 缺值"
"b3fd8a64c2411dca",9989,NA,"party_dpp 缺值"
"b4052c954c3e591a",9990,5.00009104606325,NA
"b407681a32fca61f",9991,0.141599791476844,NA
"b410f47a95291e63",9992,NA,"edu 缺值"
"b411c7ce035cc3ef",9993,NA,"edu 缺值"
"b415111f7ab4dff6",9994,5.00009104606325,NA
"b41c6b14d702676f",9995,0.147985976977968,NA
"b41ca756623a84c4",9996,0.409455600887348,NA
"b41e5abf8af62829",9997,NA,"sex 缺值"
"b41e5abf8af62829-1",9998,NA,"sex 缺值"
"b41ee66e42bb534c",9999,0.282723644450041,NA
"b421d76caddaa769",10000,5.00009104606325,NA
"b425f86725bce59d",10001,0.270522990875408,NA
"b426765df1ea008f",10002,3.93023004599641,NA
"b429f65a27fe6f64",10003,1.62728336093566,NA
"b42a2d38b7159dfb",10004,0.203892515951466,NA
"b42fdf68bec9702f",10005,NA,"edu 缺值"
"b43e1af0ad84d744",10006,0.147985976977968,NA
"b44038dd290f134f",10007,0.469297935118666,NA
"b441750622f90c59",10008,NA,"edu 缺值"
"b4461a38ede6efb4",10009,4.98654344591938,NA
"b44a85ce15b6d642",10010,0.0704952927516892,NA
"b44b020c00209142",10011,0.567890529098339,NA
"b451a0102a10d139-1",10012,NA,"sex 缺值"
"b451a0102a10d139",10013,NA,"sex 缺值"
"b45a921016abc4c6",10014,0.161035702786106,NA
"b45ad64e835d437f",10015,0.458003804786937,NA
"b4600698103bd7e6",10016,0.543701010256528,NA
"b4621f79f862ce51",10017,NA,"edu 缺值"
"b4646f8f0bbbaf82",10018,0.228016665583315,NA
"b468a1a6923f6a4e",10019,NA,"sex 缺值"
"b468a1a6923f6a4e-1",10020,NA,"sex 缺值"
"b469a6c726f222b2",10021,0.396076449676183,NA
"b47ba167ba2848c7",10022,NA,"edu 缺值"
"b4810e7502c7e9af",10023,NA,"edu 缺值"
"b4837ae21f178308",10024,5.00009104606325,NA
"b489b1a74a318732",10025,NA,"age 缺值"
"b494f73adfbe954d",10026,0.207856368152516,NA
"b496cc1edbf3a2d2",10027,0.47112952975556,NA
"b4984e406d36e8cd",10028,NA,"edu 缺值"
"b49ca5f0beb59c56",10029,NA,"party_tpp 缺值"
"b49e08b2b9a35a2a",10030,NA,"party_tpp 缺值"
"b4a68267966f95cf",10031,0.247311333438462,NA
"b4b024ed35c6a1d8",10032,0.130230439506235,NA
"b4b3073b65205b27",10033,1.32392498227484,NA
"b4bba3ae1322fee2",10034,0.185100340350864,NA
"b4bbc48029c01028",10035,0.117169505819394,NA
"b4bbc48029c01028-1",10036,NA,"party_kmt 缺值"
"b4bf5d45c6c4b677",10037,NA,"sex 缺值"
"b4c92453714a34ac",10038,NA,"edu 缺值"
"b4cf989673b31c1d",10039,0.207856368152516,NA
"b4d3e9de84f954e6",10040,0.0826649852446509,NA
"b4d8caf646c0f250",10041,0.317223720565632,NA
"b4dd97a0ad391ea2",10042,NA,"party_dpp 缺值"
"b4dd97a0ad391ea2-1",10043,NA,"party_dpp 缺值"
"b4de5977a88e3a0a",10044,0.564495177014209,NA
"b4de9d7891c0a372",10045,NA,"edu 缺值"
"b4dfb5136e909a41",10046,NA,"edu 缺值"
"b4e5a59ad32f296d",10047,0.915450706309203,NA
"b4e77a7d5f6e4c36",10048,0.19160324382272,NA
"b4e9764525c87f50",10049,0.109703744645957,NA
"b4f0224094b1f04b-1",10050,NA,"party_dpp 缺值"
"b4f0224094b1f04b",10051,0.207856368152516,NA
"b4f5bb81ab85f470",10052,0.170238235700995,NA
"b4fa98573cf155ea",10053,NA,"edu 缺值"
"b4fae1c68e523d62",10054,0.0977727719756202,NA
"b50f1e3a43805c75",10055,0.915450706309203,NA
"b5125fd84c3b90ff",10056,0.111511768743893,NA
"b514379e79204547",10057,0.163395985924161,NA
"b5148dfb4c7ddc60",10058,NA,"edu 缺值"
"b521fa28b49e5cb5",10059,0.254274446084471,NA
"b5229c537635076d",10060,0.111058302750587,NA
"b5234c02e8d6afae",10061,NA,"party_tpp 缺值"
"b52687c8f23a2677-1",10062,NA,"edu 缺值"
"b52687c8f23a2677",10063,NA,"edu 缺值"
"b53353bdec991da6",10064,NA,"sex 缺值"
"b5366326cd6f5777",10065,NA,"sex 缺值"
"b546fe20102fb9e4",10066,1.58810578274177,NA
"b54ccb2c985b564a",10067,0.523281952812502,NA
"b54fb7cbdf694d86",10068,0.214196151137979,NA
"b556cdb8a82c7bc7",10069,0.111511768743893,NA
"b55bc5d353dcaed3",10070,0.526992895800938,NA
"b55de1639f32dc55",10071,1.48678974956663,NA
"b561ad53941b7cc6",10072,NA,"edu 缺值"
"b566f993e4607546",10073,NA,"edu 缺值"
"b56b2d64b9bfee21",10074,0.321140614770656,NA
"b56c59544a162976",10075,3.11373094717328,NA
"b573ffd8746e6548",10076,NA,"party_tpp 缺值"
"b57528e3be36cbfd",10077,1.35804291934872,NA
"b57765b3ea2aee99",10078,0.1512362011435,NA
"b57785597610e2bc-1",10079,NA,"party_dpp 缺值"
"b57785597610e2bc",10080,1.12190062101387,NA
"b579035d9a8c99bc-1",10081,NA,"party_dpp 缺值"
"b579035d9a8c99bc",10082,0.550313437502534,NA
"b57d2f366ef87e76-1",10083,NA,"party_kmt 缺值"
"b57d2f366ef87e76",10084,0.158056991096045,NA
"b58ef49a2c240915",10085,4.1218669059669,NA
"b58f83e7779b0561",10086,0.732575180382306,NA
"b58fc8ac30f7cfce",10087,0.0826649852446509,NA
"b598ed578ee0d756",10088,0.225763896503032,NA
"b59d108f1ff9d083",10089,NA,"party_tpp 缺值"
"b59d5106a9e7bb1e",10090,0.0826649852446509,NA
"b59d92c2435a1f98",10091,0.0704952927516892,NA
"b5a4e70c008870f8",10092,NA,"edu 缺值"
"b5a86d4436601d0c",10093,0.770642836222907,NA
"b5a92ea84c635fb4",10094,NA,"sex 缺值"
"b5ac9aa69990a6d7",10095,NA,"party_tpp 缺值"
"b5b0ae1e5dcfeaa0",10096,0.125445388161949,NA
"b5b6fd9a1ad30f35",10097,NA,"edu 缺值"
"b5b9aa8d644e3f2a",10098,NA,"party_tpp 缺值"
"b5ba55036adc8e97",10099,0.858707553480802,NA
"b5ba7ac2fd2f226d",10100,1.90852129346158,NA
"b5c48f67e58734f3",10101,0.137641795450903,NA
"b5cb8a8eec7f42cc",10102,2.60633637440207,NA
"b5d7f88c0acc5931",10103,1.50294475443083,NA
"b5db429b6ef7acdc",10104,0.125445388161949,NA
"b5dea345d0d236d3",10105,NA,"edu 缺值"
"b5e171d59a897f36",10106,2.16749329096119,NA
"b5e7328026da2bb7",10107,NA,"party_dpp 缺值"
"b5e8409b154b67fa",10108,0.161403074529731,NA
"b5e94bbda74f1bcb",10109,0.225397134049326,NA
"b5e94bbda74f1bcb-1",10110,NA,"party_kmt 缺值"
"b5f3e41c1b08c53d",10111,5.00009104606325,NA
"b5f6979666e50b21",10112,0.249547223563229,NA
"b5f73b3481d97550",10113,2.93176622786441,NA
"b5f73b3481d97550-1",10114,NA,"party_kmt 缺值"
"b5f9332c0e8aa29e",10115,1.86226251389172,NA
"b608edce517c04c1",10116,0.106699590892319,NA
"b60bba558568124b",10117,NA,"edu 缺值"
"b60d037b07324037",10118,0.189870430687549,NA
"b60ed3a98e08044e",10119,0.380052781303155,NA
"b616bd1df5decc65",10120,NA,"edu 缺值"
"b6172e4f4c8d3bb0",10121,0.191167133061059,NA
"b6172e4f4c8d3bb0-1",10122,NA,"party_kmt 缺值"
"b61896218458ac99",10123,0.465196977412774,NA
"b61eba73ee3ea587",10124,0.2794383541969,NA
"b61ee06d4e3f0d86",10125,1.69117033457647,NA
"b62091229968f94f",10126,NA,"edu 缺值"
"b62449f3c99ae15a",10127,0.0704952927516892,NA
"b631902493af0ea6",10128,NA,"edu 缺值"
"b6340cb30aad203f",10129,1.80196424566803,NA
"b64244847a53c71e",10130,0.17953404423645,NA
"b642ecdd7e6991ac",10131,NA,"edu 缺值"
"b6503b13192e0a63",10132,0.0704952927516892,NA
"b652d272fe087a2a-1",10133,NA,"party_dpp 缺值"
"b652d272fe087a2a",10134,0.200703811200941,NA
"b65476d7ccb74809",10135,5.00009104606325,NA
"b656db72541bfea5",10136,NA,"party_tpp 缺值"
"b665164acff3d36b",10137,NA,"sex 缺值"
"b668048e21d95244-1",10138,NA,"party_dpp 缺值"
"b668048e21d95244",10139,0.360684248405661,NA
"b69013e7d2192a19",10140,4.0382085832525,NA
"b6969a348d7168c4",10141,0.589954048650274,NA
"b6973830a194e3a8",10142,1.4246110144496,NA
"b69c0c608d51dcad",10143,NA,"sex 缺值"
"b69c9e20921b4f74",10144,NA,"party_tpp 缺值"
"b6a0e72c5be27f52",10145,0.247514264945212,NA
"b6a3011d4abb5ba8",10146,0.490463387678337,NA
"b6a6f3deb24dcf4c",10147,0.62559866719508,NA
"b6aaade3bf08c9e5",10148,0.190900971620032,NA
"b6ab3049d7474ada",10149,0.109703744645957,NA
"b6b1555bf7e8450f",10150,NA,"party_tpp 缺值"
"b6b283e6cccdcd52",10151,0.833614666063227,NA
"b6bc336d0db6deb3",10152,0.125445388161949,NA
"b6bd217a80f72d49",10153,0.111511768743893,NA
"b6c205e7edbd11fe-1",10154,NA,"party_dpp 缺值"
"b6c205e7edbd11fe",10155,1.02605850949637,NA
"b6c82173aac4deda",10156,NA,"party_tpp 缺值"
"b6ecb1c4a401f7df",10157,1.61120605522208,NA
"b6ef33a51522e228",10158,0.290760873219717,NA
"b6f8889f50873a4b",10159,0.843222785156954,NA
"b6f8889f50873a4b-1",10160,NA,"party_kmt 缺值"
"b6fda3906f77e16c",10161,5.00009104606325,NA
"b6fe99399814d6ee",10162,NA,"party_tpp 缺值"
"b6ff7252564906a0",10163,0.464221361547281,NA
"b704c01b49ee4fe0",10164,0.0826649852446509,NA
"b708795aeadcb34e",10165,NA,"party_tpp 缺值"
"b70992a0533a8670",10166,NA,"edu 缺值"
"b70bd816bed625c5",10167,NA,"sex 缺值"
"b70e5c201b0128bd",10168,0.483270676621923,NA
"b71b137b9d9bfd7d",10169,NA,"edu 缺值"
"b728d0089f9975b0",10170,0.231597778272698,NA
"b72a3f55e0cfa542",10171,0.653282721236478,NA
"b73e7e3b2eb05197",10172,0.0826649852446509,NA
"b74e573041ca8ba5",10173,NA,"edu 缺值"
"b74ee5b98fc2b66a",10174,NA,"party_tpp 缺值"
"b7620272b4eea1f5",10175,0.126664177798915,NA
"b76346a3b310970a",10176,0.544360488546779,NA
"b7664c58135bcb8c",10177,NA,"party_tpp 缺值"
"b76813e2f7855f41",10178,0.0736746478324626,NA
"b77132f5e74cc038",10179,NA,"party_tpp 缺值"
"b77c137e824e18a4",10180,0.682724096666603,NA
"b77ff5d0b67e4996",10181,0.316245533290368,NA
"b7864a26641b0613",10182,0.126664177798915,NA
"b78c0f0cd5e8b77e",10183,0.0826649852446509,NA
"b79db57519131928",10184,NA,"edu 缺值"
"b79fd873dbfb095c",10185,0.618329118842617,NA
"b7a6c8ccc1011424",10186,0.161035702786106,NA
"b7a7f0709d97bd51",10187,0.2794383541969,NA
"b7a80d083f06ed03",10188,0.161035702786106,NA
"b7b56cfd784c2d19",10189,0.3497416820687,NA
"b7bc994f797a71ff",10190,0.111511768743893,NA
"b7c06d8a56465232",10191,2.77284099210224,NA
"b7c9a9c2492f48cb",10192,NA,"edu 缺值"
"b7cb194dbfb8bf16",10193,NA,"edu 缺值"
"b7de9e77ca1563b3",10194,0.137641795450903,NA
"b7dfa83f610059e0",10195,0.589954048650274,NA
"b7e2d5960c0b4e24",10196,NA,"edu 缺值"
"b7e303b2fd09847b",10197,0.198433633916187,NA
"b7e9c75bcb016557",10198,5.00009104606325,NA
"b7f18d5911e616c5",10199,0.44080316358321,NA
"b7f5d4e7706db78e",10200,2.84429792187621,NA
"b7fbafcef82f7d12",10201,NA,"edu 缺值"
"b800bd6f9165d440",10202,4.91656321021051,NA
"b801d676ac30bc77",10203,NA,"edu 缺值"
"b80614610477e488",10204,2.11303963662122,NA
"b8069b92fc3667a4",10205,0.0826649852446509,NA
"b806ff6fa5f494d0",10206,0.370839403919046,NA
"b8160ae30cb8f534",10207,NA,"party_tpp 缺值"
"b818031f5496e97c",10208,0.287214515247601,NA
"b821b4e5500a5dcf",10209,1.02895165813995,NA
"b82243a2676bf930",10210,0.584984773828304,NA
"b824162a1289d50b",10211,NA,"party_tpp 缺值"
"b82786dbf287a761",10212,2.4037099598854,NA
"b830c7358d7dd560",10213,1.07233400120656,NA
"b8386e4f015efb1e",10214,5.00009104606325,NA
"b84cfea5846cc12d",10215,1.12294446374441,NA
"b8554920450484f5",10216,0.866866097244371,NA
"b859763cda607b0e",10217,0.543701010256528,NA
"b8597c8ac9f37a53",10218,NA,"edu 缺值"
"b86268573990e360",10219,0.525628469743962,NA
"b86c52dc851ee809-1",10220,NA,"party_dpp 缺值"
"b86c52dc851ee809",10221,5.00009104606325,NA
"b86f6970e803cbdf",10222,NA,"edu 缺值"
"b876fe5f053771df",10223,0.763165825157738,NA
"b878036116980720",10224,NA,"edu 缺值"
"b878775f8c64ec40",10225,0.225397134049326,NA
"b87ca452427d1f08",10226,1.4246110144496,NA
"b87e5967f5a3115e-1",10227,NA,"sex 缺值"
"b87e5967f5a3115e",10228,NA,"sex 缺值"
"b87ecc21ed8b6e74",10229,0.597051761421968,NA
"b88289793890518e",10230,0.106699590892319,NA
"b883c99505aa4671",10231,1.20658089806372,NA
"b8856b2e80c2f857",10232,2.84429792187621,NA
"b889d52851dc1855",10233,NA,"party_tpp 缺值"
"b88d78c8d125cf40-1",10234,NA,"party_dpp 缺值"
"b88d78c8d125cf40",10235,NA,"party_dpp 缺值"
"b88e3625c4c923a9",10236,NA,"party_tpp 缺值"
"b88fae4037f748ec",10237,NA,"party_tpp 缺值"
"b8945e2904acd0e9",10238,NA,"party_dpp 缺值"
"b8a96c0afdd68b0e",10239,5.00009104606325,NA
"b8a9adb772615f28",10240,3.00658417977091,NA
"b8ab06855afb0489",10241,NA,"edu 缺值"
"b8b2dbd701097637",10242,0.27157879875813,NA
"b8b79bf76a181392",10243,0.969082662053173,NA
"b8bc876f32da3466",10244,0.17953404423645,NA
"b8c0a5a81eac9d02",10245,NA,"edu 缺值"
"b8cc590d248a2016",10246,0.0704952927516892,NA
"b8d00e1c0e8c5301",10247,NA,"edu 缺值"
"b8d73beb349f062c",10248,NA,"edu 缺值"
"b8d92a65a59913f3",10249,1.68771509332565,NA
"b8daa700808b2427",10250,0.270522990875408,NA
"b8db8e30d739417f",10251,NA,"party_tpp 缺值"
"b8dbe9fcbbfc5731",10252,0.747396794063489,NA
"b8e44c21b5bddecc",10253,NA,"edu 缺值"
"b8eac0bc1aa904c2",10254,0.391650743289372,NA
"b8eed7157ea99102",10255,NA,"edu 缺值"
"b8f7d50ab25aca9c",10256,NA,"edu 缺值"
"b8f7d50ab25aca9c-1",10257,NA,"edu 缺值"
"b8fe058d604de546",10258,NA,"edu 缺值"
"b901cc325df5f250",10259,0.316245533290368,NA
"b901cc325df5f250-1",10260,NA,"party_kmt 缺值"
"b9058a51f490700a",10261,NA,"sex 缺值"
"b9058a51f490700a-1",10262,NA,"sex 缺值"
"b9071f8bdd1f63b7",10263,0.427922149421554,NA
"b90845c85e2d88fe",10264,0.0704952927516892,NA
"b90985efdc176dac",10265,NA,"edu 缺值"
"b90bac5110e3dcad",10266,NA,"edu 缺值"
"b90d2c1079ef2786",10267,0.52819512794983,NA
"b91f5922da949907",10268,NA,"sex 缺值"
"b9281441aa5f11f2",10269,3.30200375341845,NA
"b92dd6b382c31e8f",10270,0.207856368152516,NA
"b92eb7491cc0a211",10271,0.153735485605362,NA
"b93199a64cdc2d04",10272,NA,"party_tpp 缺值"
"b937c511537019ad",10273,0.1512362011435,NA
"b938ff84352a4c54",10274,NA,"party_tpp 缺值"
"b93f94b09c5af637",10275,2.82739028094147,NA
"b9459f3e85a87626",10276,3.67144457309739,NA
"b94883ffd7653ba1",10277,0.207856368152516,NA
"b94a0f654ae0fe55",10278,0.106699590892319,NA
"b953e757f76b2e49",10279,0.617968352991575,NA
"b95624f4fbb95c71",10280,0.109703744645957,NA
"b9672cbd52bd67d9-1",10281,NA,"party_kmt 缺值"
"b9672cbd52bd67d9",10282,5.00009104606325,NA
"b975585821285154",10283,1.08775204425333,NA
"b986d0147fe08d9f",10284,0.617968352991575,NA
"b9874f022f43c3cf",10285,NA,"party_tpp 缺值"
"b98ade89d915b471",10286,5.00009104606325,NA
"b98d90be6ded8e39",10287,NA,"edu 缺值"
"b991e3ce3ce68bde",10288,0.225397134049326,NA
"b99345ce29e4d7e0",10289,NA,"edu 缺值"
"b9971d798deace75",10290,0.738280930056031,NA
"b99725fc8d286a78",10291,3.11373094717328,NA
"b9a3eee27883c47d",10292,1.43552836900799,NA
"b9ae4ab6b793d423",10293,0.137641795450903,NA
"b9b42b1476681637",10294,0.427922149421554,NA
"b9bb57157e35882d",10295,0.652973653590601,NA
"b9bcaf97123f1f57",10296,0.0736746478324626,NA
"b9bd3ce435e4b165",10297,0.62559866719508,NA
"b9c915f9167eb6a3",10298,0.957627930148016,NA
"b9c97b6658c87b19",10299,0.409455600887348,NA
"b9d0fbedde2f51ae",10300,2.92861967795179,NA
"b9d70da88c10dd79",10301,NA,"edu 缺值"
"b9d890960152672a",10302,NA,"party_tpp 缺值"
"b9d8c67d6e984c3f",10303,0.225763896503032,NA
"b9e5c7a22018348f",10304,NA,"sex 缺值"
"b9ed8a138bce9b47",10305,0.270522990875408,NA
"b9f36fca8b75e788",10306,0.409455600887348,NA
"b9f74f629bae8691",10307,NA,"edu 缺值"
"b9f769edbcdb8d97",10308,0.2794383541969,NA
"b9f772e1f513d0e0",10309,5.00009104606325,NA
"b9facd7b67fb2891",10310,NA,"edu 缺值"
"b9facd8421339985",10311,0.391650743289372,NA
"b9fe7ffc7f1f655a",10312,0.27157879875813,NA
"ba09d7d7d8374f52",10313,0.764696611529967,NA
"ba0c95b6727a2f23",10314,NA,"party_tpp 缺值"
"ba28d821eec7ed59",10315,0.141599791476844,NA
"ba2982bbff27b9b4",10316,3.10482841785962,NA
"ba2eb690cc402181",10317,NA,"edu 缺值"
"ba2f06c922958310",10318,NA,"party_tpp 缺值"
"ba302d032cd0f127",10319,0.270522990875408,NA
"ba302d032cd0f127-1",10320,NA,"party_kmt 缺值"
"ba34b2297d5e4c12",10321,NA,"edu 缺值"
"ba3c95c32ab3c027",10322,1.42308203522184,NA
"ba3ed7761c2337db",10323,0.0826649852446509,NA
"ba42f71d39316c67",10324,0.189870430687549,NA
"ba46b24f30ef6ba2",10325,NA,"edu 缺值"
"ba4b1d08a9336c07",10326,NA,"party_tpp 缺值"
"ba55dfae463f2b93-1",10327,NA,"party_kmt 缺值"
"ba55dfae463f2b93",10328,0.117169505819394,NA
"ba56405d6faf962e",10329,0.207856368152516,NA
"ba5b11462ee155e0",10330,0.130230439506235,NA
"ba5e1cbb7121ff79",10331,0.0935534866653076,NA
"ba6f0e2c04b92f24",10332,0.131103006091378,NA
"ba72f40a6f004d38",10333,0.0704952927516892,NA
"ba734c1790642209",10334,NA,"edu 缺值"
"ba73c4a23d7741b3",10335,NA,"edu 缺值"
"ba799e3068e51f70",10336,NA,"sex 缺值"
"ba7d4cc6ac88f1e9",10337,0.4017712460214,NA
"ba7d57bb68888c19",10338,NA,"edu 缺值"
"ba7e9b79f9ba34a7",10339,NA,"edu 缺值"
"ba815168b0d9a35f",10340,NA,"edu 缺值"
"ba873343f8570984",10341,NA,"edu 缺值"
"ba89564d426cdaa6",10342,0.317223720565632,NA
"ba8dc0aa84e57cf7",10343,1.50382216367157,NA
"ba94f27063fe3eae",10344,0.258906643376132,NA
"ba953056197ff39b",10345,0.109703744645957,NA
"ba97ea5b1c5a2290",10346,0.784403068634476,NA
"ba99df69d20d7059",10347,NA,"party_tpp 缺值"
"ba9dde6b74207cc4",10348,NA,"party_tpp 缺值"
"baa32183d1c3b0c2",10349,0.465196977412774,NA
"baa6c8fe597d30fa",10350,0.62559866719508,NA
"baa88d333e46c316",10351,NA,"party_tpp 缺值"
"baa97e82f232b8af",10352,0.70096163772794,NA
"baac1a4bd54867f5",10353,1.29943794759021,NA
"baad9d9c46369782",10354,0.0826649852446509,NA
"baafead7ee464637",10355,NA,"edu 缺值"
"bab02d509d571091",10356,0.14517627055464,NA
"bab4e04daaa5a1ca-1",10357,NA,"party_kmt 缺值"
"bab4e04daaa5a1ca",10358,0.225397134049326,NA
"babf9bf736d1e382",10359,0.302598276430383,NA
"bac24fb814992cec",10360,1.58810578274177,NA
"bad526ef93f06720",10361,0.247311333438462,NA
"badb240cbf65fff7",10362,0.177806529508921,NA
"bade79efce180022",10363,NA,"party_tpp 缺值"
"badf71fb653180e5-1",10364,NA,"party_kmt 缺值"
"badf71fb653180e5",10365,0.26813339647468,NA
"badfae640943ed54",10366,0.147101185861357,NA
"bae52ed82c2880b5",10367,1.38688831748754,NA
"baf1d8d7af08d5b4",10368,0.0704952927516892,NA
"bafe738710847490",10369,0.463844624218321,NA
"bb04dcbe7649b394",10370,0.225763896503032,NA
"bb0d32dbe8c68561",10371,0.267379474007893,NA
"bb1412d4845e97f8",10372,0.409455600887348,NA
"bb15d49e868f0f0c",10373,1.62728336093566,NA
"bb1aa5af1ae33068",10374,0.385311335884033,NA
"bb1aa5af1ae33068-1",10375,0.75231894227992,NA
"bb1e8d636424a7f4",10376,0.733596564736804,NA
"bb1e8d636424a7f4-1",10377,NA,"party_kmt 缺值"
"bb255d165c065f73",10378,0.370839403919046,NA
"bb263c876fd873c1",10379,NA,"edu 缺值"
"bb2db99110b072ac",10380,0.203428433409571,NA
"bb4ad8052f602d9d",10381,0.162507125338537,NA
"bb4ebbeab7127ea1",10382,0.168682392978214,NA
"bb546b284f76b13d",10383,0.189870430687549,NA
"bb55057e11e10aa6",10384,NA,"party_tpp 缺值"
"bb55aaf92807b52b",10385,NA,"party_dpp 缺值"
"bb590c1f3660efde",10386,NA,"party_tpp 缺值"
"bb6288c5e7f40c31",10387,0.439970404908748,NA
"bb64bc4be8958376",10388,1.42253036161345,NA
"bb652ee90eea5269",10389,0.26236157112622,NA
"bb674e301e2d93be",10390,4.78258084507198,NA
"bb6b7524566a72d3",10391,1.2148840312943,NA
"bb6bfa7f08715c95",10392,0.460683494922433,NA
"bb6df8a0ca21cd2a",10393,2.18287322370522,NA
"bb76c7f84efe022b",10394,NA,"party_tpp 缺值"
"bb7aec02234dab69",10395,NA,"edu 缺值"
"bb8641c00e7e5699",10396,NA,"party_tpp 缺值"
"bb87adc0165a94a7",10397,0.317223720565632,NA
"bb91d4e1361b737d",10398,0.345119283638798,NA
"bb92c18ad7393e31",10399,0.362823882396532,NA
"bb93077de186670e",10400,0.125445388161949,NA
"bb947da01771845f",10401,1.2148840312943,NA
"bb95603096ffa0a6",10402,NA,"edu 缺值"
"bb9894488e13f1ad",10403,NA,"party_tpp 缺值"
"bb9be57684d87bcf",10404,NA,"edu 缺值"
"bb9ff2ddcf8c224f",10405,NA,"party_tpp 缺值"
"bba14f3ff62b734e",10406,0.0863931964567863,NA
"bba9bfb5d6047a6d",10407,0.189870430687549,NA
"bba9bfb5d6047a6d-1",10408,NA,"party_dpp 缺值"
"bbb2cfa4b55fa8d2",10409,NA,"party_tpp 缺值"
"bbb778faf788e1ab",10410,0.15549429433347,NA
"bbb93c590cef147a",10411,NA,"party_tpp 缺值"
"bbbb3f255fab0b12",10412,NA,"edu 缺值"
"bbbc080126d0b677",10413,0.317223720565632,NA
"bbbc365fcf244912",10414,NA,"edu 缺值"
"bbc0361497c28ec1",10415,NA,"edu 缺值"
"bbc0729d76c412a8-1",10416,NA,"party_kmt 缺值"
"bbc0729d76c412a8",10417,0.0704952927516892,NA
"bbcff31afd757022",10418,NA,"party_dpp 缺值"
"bbd6d2da76db5a53",10419,NA,"edu 缺值"
"bbdd8ffb1d609d0a",10420,5.00009104606325,NA
"bbef93da4d75e97b",10421,1.3198462528835,NA
"bbf3b32adbdb6d36",10422,0.106699590892319,NA
"bbf629936b75d70e",10423,1.76785529967695,NA
"bbf7f873a5c9fea1",10424,NA,"sex 缺值"
"bbf8d1128528e5e0",10425,NA,"party_tpp 缺值"
"bc0110408f2773ba",10426,NA,"edu 缺值"
"bc06df424f35638d",10427,NA,"edu 缺值"
"bc0ea0d3cde72623",10428,NA,"sex 缺值"
"bc11110d1c040614",10429,NA,"sex 缺值"
"bc13ba9d14287dfd",10430,0.111511768743893,NA
"bc14f94547c1914f",10431,NA,"party_tpp 缺值"
"bc1b57c2fea14a8a",10432,0.481391881251299,NA
"bc23b79603e97237",10433,NA,"party_tpp 缺值"
"bc26545c02b179b1",10434,NA,"party_tpp 缺值"
"bc2927c1df857669",10435,0.137641795450903,NA
"bc2adc707733a18a",10436,0.153735485605362,NA
"bc2d41aa3788d13b",10437,0.419862438229833,NA
"bc2d5f11d5cf03d0",10438,0.465196977412774,NA
"bc2e6ea2c8cd6db5",10439,NA,"party_tpp 缺值"
"bc2f913eb12a8811",10440,NA,"edu 缺值"
"bc3372a92c8c41dc",10441,0.564495177014209,NA
"bc356d5b5bef0f10",10442,0.0736746478324626,NA
"bc3576a70bfc21cc",10443,NA,"edu 缺值"
"bc37d8f2a0daad37",10444,0.0826649852446509,NA
"bc3e9c03e921fe99",10445,0.247311333438462,NA
"bc3e9c03e921fe99-1",10446,NA,"party_kmt 缺值"
"bc3f3162a4950877",10447,NA,"edu 缺值"
"bc42f45a4b7ad54e",10448,NA,"edu 缺值"
"bc46458570d6812d",10449,0.162507125338537,NA
"bc46a4ff054d7d25",10450,0.395558802542504,NA
"bc46a4ff054d7d25-1",10451,NA,"party_kmt 缺值"
"bc4cc2ee7d2ea30c",10452,NA,"party_tpp 缺值"
"bc525246c9e7d3b5",10453,NA,"party_kmt 缺值"
"bc525246c9e7d3b5-1",10454,NA,"party_kmt 缺值"
"bc52ebe440f853b1",10455,NA,"edu 缺值"
"bc676a7aa45c2e4f",10456,NA,"party_tpp 缺值"
"bc682cb9e115c308",10457,NA,"party_tpp 缺值"
"bc68914322244f70",10458,0.0736746478324626,NA
"bc691181ab266916",10459,NA,"party_tpp 缺值"
"bc6943b04c811b40",10460,0.106699590892319,NA
"bc6b056f420ca0a1",10461,NA,"edu 缺值"
"bc6d180e48a6321b",10462,0.19160324382272,NA
"bc72298c23ba3ba8",10463,0.62959341422803,NA
"bc72298c23ba3ba8-1",10464,NA,"party_kmt 缺值"
"bc7625d71b3c5a84",10465,0.0826649852446509,NA
"bc7aa688f2c02f88",10466,0.0826649852446509,NA
"bc848a19de0c00ef",10467,5.00009104606325,NA
"bc8498baee067081",10468,0.409455600887348,NA
"bc89c04e03bedd45",10469,NA,"sex 缺值"
"bc8be96ff5629b48",10470,NA,"edu 缺值"
"bc946d4e40381208",10471,NA,"edu 缺值"
"bc98263ba3f748f1",10472,0.189870430687549,NA
"bc9fa194a96270a8",10473,0.409455600887348,NA
"bca158f8869d6361",10474,NA,"edu 缺值"
"bca18bdc5b3c151d",10475,0.139093121103869,NA
"bcaa131fa8ff5e2f",10476,NA,"party_tpp 缺值"
"bcabdc2fd2ba910f",10477,0.86636032179925,NA
"bcada506ccf61920-1",10478,NA,"party_tpp 缺值"
"bcada506ccf61920",10479,0.143522056601192,NA
"bcb2a4551e8823fe",10480,NA,"party_tpp 缺值"
"bcb5498c98ba81a6",10481,NA,"edu 缺值"
"bcb71b4275286e79",10482,3.92953621544474,NA
"bcb86c587c409ad8",10483,0.73023217409767,NA
"bcc56f0f74b025e9",10484,0.0826649852446509,NA
"bccc251d67779920",10485,NA,"edu 缺值"
"bcd3df56a0d5d2e4",10486,NA,"party_tpp 缺值"
"bcda21cc24974376",10487,0.0736746478324626,NA
"bce489421f8f78e8",10488,5.00009104606325,NA
"bce489421f8f78e8-1",10489,NA,"party_dpp 缺值"
"bcf16e4c33371a88",10490,0.318303902769141,NA
"bcf27df430573e6e",10491,NA,"edu 缺值"
"bcf3f5e6d904bb95",10492,NA,"party_tpp 缺值"
"bcf67d2c69103fda",10493,0.117169505819394,NA
"bcfc1ef913667e7f",10494,0.143405581745165,NA
"bd001534486482ea",10495,0.117169505819394,NA
"bd00a8005a4eacf7",10496,NA,"sex 缺值"
"bd01a59b036ba29f",10497,NA,"edu 缺值"
"bd11810071804ea4",10498,0.106699590892319,NA
"bd1c675c340f398f",10499,NA,"edu 缺值"
"bd252ff2fdbdcd0c-1",10500,0.360409078911018,NA
"bd252ff2fdbdcd0c",10501,0.109703744645957,NA
"bd2c4c039d7c86e7",10502,NA,"edu 缺值"
"bd3184256bcf4127",10503,0.682869326233153,NA
"bd3541bd7276feb7",10504,0.383663646534465,NA
"bd43540bd5b8e1b3",10505,5.00009104606325,NA
"bd506c834b60f506",10506,0.875005237020704,NA
"bd50aef5579614de",10507,0.189870430687549,NA
"bd516ea082a7163f",10508,NA,"edu 缺值"
"bd520ee20b7ac311",10509,NA,"party_tpp 缺值"
"bd532c7d5b3fcf9a",10510,1.21358014382667,NA
"bd5511ca8720b6a8",10511,2.0912069742842,NA
"bd6440aa8d6c78d6",10512,NA,"party_tpp 缺值"
"bd673738242e6b9a",10513,0.550313437502534,NA
"bd677fe38da65dcd",10514,NA,"party_tpp 缺值"
"bd6a0cc03f60a204",10515,0.111058302750587,NA
"bd6e396f18b3732c",10516,NA,"edu 缺值"
"bd709f9796954089",10517,5.00009104606325,NA
"bd7267f1eca64836",10518,NA,"edu 缺值"
"bd74d8648974512e",10519,NA,"party_kmt 缺值"
"bd81cbcc7d79da56",10520,0.601179968262991,NA
"bd86ef91746d6823",10521,0.567890529098339,NA
"bd89487ba5c60926",10522,NA,"edu 缺值"
"bd94636c56be6721",10523,NA,"party_tpp 缺值"
"bd9680d24ebd9ca8",10524,0.564824725577593,NA
"bd9995984ed9ea72",10525,NA,"party_tpp 缺值"
"bda577b1fdf7d839",10526,5.00009104606325,NA
"bda69404c7080f77",10527,5.00009104606325,NA
"bdaba27c38eca0ee",10528,NA,"party_tpp 缺值"
"bdafe0351e1cc669",10529,0.211075953330083,NA
"bdb01bae5df96b6c",10530,0.0935534866653076,NA
"bdb6c310c4dab02b",10531,NA,"sex 缺值"
"bdbfd78f78ec82a1",10532,5.00009104606325,NA
"bdc4fe8cc8241a62",10533,NA,"edu 缺值"
"bdcbb9080b7dfe9d",10534,5.00009104606325,NA
"bdcf9fd4676d0ada",10535,NA,"edu 缺值"
"bdd1b04e76af1489",10536,0.149873208832532,NA
"bdec52af1b899603",10537,0.0736746478324626,NA
"bded1ffb54ed8a0c-1",10538,NA,"party_dpp 缺值"
"bded1ffb54ed8a0c",10539,0.143405581745165,NA
"bdfac06d5ad4457b-1",10540,NA,"party_kmt 缺值"
"bdfac06d5ad4457b",10541,0.905433385877374,NA
"bdfe6ad6b1e54942",10542,NA,"edu 缺值"
"be076c11051ae492",10543,0.270522990875408,NA
"be0a0d6b2d35c237",10544,2.93176622786441,NA
"be0e7d23f0a8b4bb",10545,2.11303963662122,NA
"be11ad96b15c4776",10546,NA,"party_tpp 缺值"
"be1378c4e25e9354",10547,NA,"party_tpp 缺值"
"be181d4255814598",10548,NA,"edu 缺值"
"be183b11ad77b568",10549,NA,"sex 缺值"
"be1baf6187d8f827",10550,0.225763896503032,NA
"be1bb059b022b808",10551,0.741700825734021,NA
"be1eb6ed7ab16c48",10552,NA,"party_tpp 缺值"
"be25818936575a2a",10553,0.137328507079303,NA
"be261d48ea00bc39",10554,0.207856368152516,NA
"be26dbf6efdf9c0d",10555,0.490463387678337,NA
"be294add9ff9189f",10556,NA,"sex 缺值"
"be2ea19f354d4d12",10557,NA,"edu 缺值"
"be309a2f553e5899",10558,0.137328507079303,NA
"be3a889e9daee7aa",10559,1.02605850949637,NA
"be3ca7e230e2d926",10560,5.00009104606325,NA
"be47666318872e72",10561,0.0736746478324626,NA
"be488ace3ecdaa8f",10562,5.00009104606325,NA
"be58960f71fb0cdb",10563,1.22869763933432,NA
"be5a400810519df1",10564,0.526992895800938,NA
"be5ed92b15922346",10565,0.490463387678337,NA
"be6a30d1fa337e7a",10566,0.205773119383584,NA
"be73e0d96d88c137",10567,0.0736746478324626,NA
"be85d7c6a74cbc2c",10568,NA,"edu 缺值"
"be8735c613c48026",10569,1.10217472195332,NA
"be895e45ac75f13a",10570,0.211075953330083,NA
"be8d47dccd8a35ba",10571,0.163395985924161,NA
"be90380dff5225ee",10572,NA,"edu 缺值"
"beb52c68c28efd79",10573,5.00009104606325,NA
"beb5586582f0b2aa",10574,0.1512362011435,NA
"beb5586582f0b2aa-1",10575,NA,"party_kmt 缺值"
"bebd2f931e22fc3f",10576,0.126664177798915,NA
"bebda18856b010c0",10577,NA,"edu 缺值"
"bec512e2d2d80a8b",10578,NA,"sex 缺值"
"bec5e62b4e6e4524",10579,NA,"edu 缺值"
"bec89a1b22e1f9bb",10580,0.208330552169296,NA
"bed7ca7e92da38c3",10581,0.529049664623895,NA
"bee9ce63f4c2a2ce",10582,0.0826649852446509,NA
"bee9ce63f4c2a2ce-1",10583,NA,"party_tpp 缺值"
"beedb48e23ea3ee3",10584,0.14517627055464,NA
"bef33b50e28dd8c4",10585,1.36167036604999,NA
"bf003594997ba99b",10586,0.143522056601192,NA
"bf06bfdaa501e0d5",10587,0.360684248405661,NA
"bf0999edd20cceb6",10588,0.377707299639131,NA
"bf148f6556edf1bc",10589,0.409455600887348,NA
"bf1555653e507df4",10590,0.153735485605362,NA
"bf16f844b8ec1dbb",10591,0.111058302750587,NA
"bf1ecf1c593519cb",10592,0.732575180382306,NA
"bf304ff6556a49d1",10593,NA,"party_tpp 缺值"
"bf36f1e7b34899ed",10594,0.694441419898456,NA
"bf37a2f2b56f68a4",10595,0.832118743557264,NA
"bf3ede61478e9886",10596,0.137328507079303,NA
"bf5314fb6f7efcf1",10597,0.359007928496261,NA
"bf55e0dae7515d83",10598,NA,"edu 缺值"
"bf5a4e86fef77790",10599,0.645056461378847,NA
"bf5d361e44ce4177-1",10600,NA,"party_tpp 缺值"
"bf5d361e44ce4177",10601,0.143522056601192,NA
"bf664d7b540f8b87",10602,0.359007928496261,NA
"bf667a88a4fac57f",10603,NA,"party_tpp 缺值"
"bf772be500375370",10604,0.0935534866653076,NA
"bf7a65dc4c72ce82",10605,0.401743698398901,NA
"bf823a682c395783",10606,NA,"edu 缺值"
"bf84f1f1645207f5",10607,0.217726311427333,NA
"bf8b8fb5d5b40312",10608,NA,"edu 缺值"
"bf93802e4856e906",10609,NA,"party_tpp 缺值"
"bf94e08470d8c2b3",10610,1.3198462528835,NA
"bfa6653a3d45bf43",10611,0.499754332850847,NA
"bfa812a345ae76d3",10612,NA,"edu 缺值"
"bfa97b4fd675dd20",10613,NA,"edu 缺值"
"bfaf40db3c09c317",10614,1.02846521641355,NA
"bfb98c89cb43512f",10615,5.00009104606325,NA
"bfc3a50fcd9c6c32",10616,NA,"edu 缺值"
"bfc3cdbbf891aa0b",10617,NA,"party_tpp 缺值"
"bfcb68bfadd538d2",10618,NA,"edu 缺值"
"bfcb68bfadd538d2-1",10619,NA,"edu 缺值"
"bfe201d52ae5923e",10620,NA,"party_tpp 缺值"
"bfe201d52ae5923e-1",10621,NA,"party_dpp 缺值"
"bfebf1c18eae3a21",10622,NA,"sex 缺值"
"bfed9c8b773ef0ef",10623,0.147985976977968,NA
"bff8a9e402e63d56",10624,NA,"edu 缺值"
"c002e827e62b3e9b",10625,0.26236157112622,NA
"c0036bde6984d68d",10626,0.270960654542958,NA
"c008cd649df1666c",10627,NA,"party_tpp 缺值"
"c00f358398b342ff",10628,NA,"edu 缺值"
"c013e5554c18b978",10629,NA,"party_tpp 缺值"
"c0144908b373808c",10630,NA,"party_tpp 缺值"
"c02bb0fd5ab98ed7",10631,NA,"party_tpp 缺值"
"c03041f57da38e23",10632,NA,"edu 缺值"
"c0330d973181abe9",10633,0.0704952927516892,NA
"c03310a3ae317154",10634,1.27553206998897,NA
"c0384876e860d3ad",10635,0.350539549928668,NA
"c03b8b4749cb9014",10636,0.16829845267839,NA
"c03e2679224c6f41",10637,NA,"party_tpp 缺值"
"c04261ef87033dab",10638,0.270522990875408,NA
"c0475e48a6ab091b",10639,5.00009104606325,NA
"c05a09ca0de08e84",10640,0.137641795450903,NA
"c06c6be0d751a48d",10641,NA,"edu 缺值"
"c06cef6243c1dcad",10642,0.317223720565632,NA
"c06eaa4dc5a71f12",10643,0.0736746478324626,NA
"c073c886f1e94884",10644,1.26586110718561,NA
"c0758d5cb382d7c1",10645,0.4017712460214,NA
"c07baac9bf592338",10646,0.111511768743893,NA
"c07c1d5636730634",10647,0.421229693708162,NA
"c08560c9e9892c0c",10648,5.00009104606325,NA
"c08875811034a295",10649,1.61645284584953,NA
"c08e7e43b053c0e8",10650,0.424052005886429,NA
"c08f50c9a2b2a011",10651,0.0935534866653076,NA
"c090f9159e546745",10652,NA,"party_tpp 缺值"
"c096f1109873f33f",10653,0.797640866365096,NA
"c09ada1c2ce1cf6c",10654,0.231597778272698,NA
"c0a03c8608fe51c1",10655,0.217230741594507,NA
"c0a2239ecbb434d9",10656,0.27157879875813,NA
"c0a4edb5130b9ea5",10657,0.543383786383836,NA
"c0ab86c0b8b96a91-1",10658,NA,"party_kmt 缺值"
"c0ab86c0b8b96a91",10659,0.163024078087676,NA
"c0abd1799a1b7c4c",10660,5.00009104606325,NA
"c0b0799c3a03b821",10661,NA,"party_tpp 缺值"
"c0b3b3f05ebf55c0",10662,NA,"edu 缺值"
"c0ba243c4e96fb99",10663,0.44080316358321,NA
"c0c1ecd4d4fb30b5",10664,5.00009104606325,NA
"c0c458f562dd79a4",10665,NA,"party_tpp 缺值"
"c0c60f4fed0de379",10666,NA,"edu 缺值"
"c0c870dd0bf41bb6",10667,0.247311333438462,NA
"c0d40f5b86d19222",10668,0.0826649852446509,NA
"c0d48408638aa228",10669,0.137328507079303,NA
"c0d48408638aa228-1",10670,NA,"party_kmt 缺值"
"c0dcdb391b3332ca",10671,0.0704952927516892,NA
"c0dd5141e5de5d91",10672,NA,"edu 缺值"
"c0dd9c2f054e8d75",10673,0.0935534866653076,NA
"c0df000ae3db6863",10674,0.225763896503032,NA
"c0e06bd5695f9bbe-1",10675,NA,"sex 缺值"
"c0e06bd5695f9bbe",10676,NA,"sex 缺值"
"c0e095536d8d0045",10677,NA,"party_tpp 缺值"
"c0e3b6e6aabef639",10678,5.00009104606325,NA
"c0e3f9ada4fe6749",10679,0.460683494922433,NA
"c0e5ce8dd4f7bd9f",10680,0.125445388161949,NA
"c0ec2799a653c69b",10681,0.280226278752786,NA
"c0f1c98b9922f154",10682,5.00009104606325,NA
"c0f71730b09e3f04",10683,0.200703811200941,NA
"c0f84e39928dbb68",10684,0.2794383541969,NA
"c0fbb4d5b53df759",10685,1.77998601249887,NA
"c10dd23d79e3ed5e",10686,0.1512362011435,NA
"c10f61dc0db7f230",10687,0.0826649852446509,NA
"c10fd594a368b85f",10688,0.143405581745165,NA
"c1151e9cb47e7051",10689,NA,"edu 缺值"
"c124af6f7c5acba9",10690,2.8209548192847,NA
"c1257ed94b31a0fa",10691,NA,"party_dpp 缺值"
"c12c11149a268a62",10692,0.19464968464914,NA
"c12c11149a268a62-1",10693,NA,"party_tpp 缺值"
"c12c2efe8a360222",10694,0.866866097244371,NA
"c12c6b6a0ae9ebf1",10695,0.0863931964567863,NA
"c12ea631d2a9befc",10696,NA,"party_tpp 缺值"
"c133d43a350c8625",10697,0.0704952927516892,NA
"c13865b081b1e6eb",10698,0.317223720565632,NA
"c13a72f7cbd0c810-1",10699,NA,"party_kmt 缺值"
"c13a72f7cbd0c810",10700,0.177806529508921,NA
"c13d8eb3698368d4",10701,0.0704952927516892,NA
"c14283b086213fec",10702,NA,"party_tpp 缺值"
"c149903b8bc0a152",10703,0.359007928496261,NA
"c14d197566890d89",10704,NA,"edu 缺值"
"c14f8db0a8e5096f",10705,NA,"sex 缺值"
"c15c76042c8cd888",10706,1.67046912441535,NA
"c15e213a2111ee41",10707,0.6458388780458,NA
"c15ecac2977e047c",10708,NA,"party_tpp 缺值"
"c15fbe21e376dcd6",10709,NA,"edu 缺值"
"c164fbc667c0799f",10710,5.00009104606325,NA
"c164fd7368338163",10711,1.22869763933432,NA
"c165273c1ba509a2",10712,NA,"edu 缺值"
"c1656251cbd14b15",10713,0.451164551441784,NA
"c166127cfa91cc3b",10714,0.939915847775935,NA
"c1662371fdecbcc7",10715,1.58640133098009,NA
"c16d38ae72a344a7",10716,0.44080316358321,NA
"c17ac38adb04bc42",10717,NA,"party_tpp 缺值"
"c189ba09b0a1acab",10718,NA,"sex 缺值"
"c19c14e8d4db7d5a",10719,5.00009104606325,NA
"c1b2e8870cb64b95",10720,0.4017712460214,NA
"c1b3b3c79d504801",10721,0.0863931964567863,NA
"c1b728676729f105",10722,NA,"edu 缺值"
"c1b737deef651c99",10723,0.19464968464914,NA
"c1b839b2f1093681",10724,5.00009104606325,NA
"c1b839b2f1093681-1",10725,NA,"party_kmt 缺值"
"c1bc2f188283a389",10726,0.27157879875813,NA
"c1bcb72f76632573",10727,0.163395985924161,NA
"c1bd43b3eb008a78",10728,0.106699590892319,NA
"c1c2d4edad7f9d66",10729,5.00009104606325,NA
"c1c75597cdaef264",10730,0.405838781451556,NA
"c1c79c6be7f9b83a",10731,NA,"edu 缺值"
"c1c852deb41dd297",10732,NA,"edu 缺值"
"c1c92094129968e6",10733,1.59018405378802,NA
"c1d4409a790311a5",10734,5.00009104606325,NA
"c1d5be8c664afbe5",10735,NA,"party_tpp 缺值"
"c1d7023343e1c4bb",10736,0.125445388161949,NA
"c1d9cc974b5c6b6c",10737,5.00009104606325,NA
"c1de2fa731f0e531",10738,NA,"party_tpp 缺值"
"c1e004ef72e429ed",10739,0.270960654542958,NA
"c1eb24d842d96b20",10740,NA,"edu 缺值"
"c1ee9a204190ee79",10741,0.0704952927516892,NA
"c1f5f66efa28d828",10742,NA,"sex 缺值"
"c1f74d9e7ed572bd",10743,0.225763896503032,NA
"c1fb1bead86cb42e",10744,0.109703744645957,NA
"c2007c6300a1b331",10745,2.93176622786441,NA
"c203b1a48007b8e4",10746,0.19160324382272,NA
"c20718fc3122da90-1",10747,NA,"party_kmt 缺值"
"c20718fc3122da90",10748,0.126664177798915,NA
"c20b4ac29b8953c2",10749,0.131103006091378,NA
"c20c5308efd1bdbb",10750,0.111511768743893,NA
"c2184a98bb9465b3",10751,0.109703744645957,NA
"c2207971f5832de7-1",10752,NA,"party_kmt 缺值"
"c2207971f5832de7",10753,NA,"party_dpp 缺值"
"c226db1d9d97f4ae",10754,0.0826649852446509,NA
"c22f9ac2354472e3",10755,0.497256645674774,NA
"c234d7f3b7418df5",10756,1.37848348064439,NA
"c23ca9156f744ab9",10757,0.543383786383836,NA
"c2425c5ef14b539b",10758,NA,"edu 缺值"
"c2483ea39bf79812",10759,0.219734510927064,NA
"c24b899292dd2cfd",10760,NA,"edu 缺值"
"c2500ae1d9fb6040",10761,NA,"party_tpp 缺值"
"c251bbaebec6024d",10762,1.42308203522184,NA
"c257c53645bde133",10763,0.141599791476844,NA
"c2598500da5dd5cc",10764,0.137328507079303,NA
"c25c8303e12d2228",10765,0.483270676621923,NA
"c2633e85ae881576",10766,0.44080316358321,NA
"c263555a20d36dd1",10767,0.483270676621923,NA
"c2655b4bd57992b1",10768,0.307350729610672,NA
"c265635b9113596a",10769,0.141599791476844,NA
"c26bf44b5983f5cd",10770,0.0736746478324626,NA
"c26c401be01277c9",10771,0.0736746478324626,NA
"c26f7b735f8557ad",10772,0.0863931964567863,NA
"c27705eeddd20501",10773,0.117169505819394,NA
"c2778b4985c61fc8",10774,0.239090741590243,NA
"c281b0cf5c334af8",10775,NA,"sex 缺值"
"c281b0cf5c334af8-1",10776,NA,"sex 缺值"
"c284eb550abf685f",10777,0.109703744645957,NA
"c2880fe5a3bd22a1",10778,0.459634926924071,NA
"c28a90e8e3ef20d5",10779,NA,"party_tpp 缺值"
"c298f579babab2cb",10780,5.00009104606325,NA
"c2aab7c1c28dac0a",10781,0.682869326233153,NA
"c2b415551135caf2",10782,1.2180445716057,NA
"c2b71da07fe96f58",10783,NA,"party_tpp 缺值"
"c2ba8a14baa63c17",10784,0.375199274569863,NA
"c2c176dc778934fd",10785,3.89071301073134,NA
"c2c51bed3256a696",10786,2.25098412831103,NA
"c2c6d8d91540f566",10787,0.73023217409767,NA
"c2c85c535c6f3c14",10788,0.217230741594507,NA
"c2c8d730a98a869f-1",10789,NA,"party_dpp 缺值"
"c2c8d730a98a869f",10790,0.0704952927516892,NA
"c2cd3419bcd0d4c8",10791,0.153735485605362,NA
"c2d1b7ba15ba183d",10792,1.14973675048474,NA
"c2de93d9db9b1da4-1",10793,NA,"party_kmt 缺值"
"c2de93d9db9b1da4",10794,0.185100340350864,NA
"c2e632dc0383e727",10795,NA,"sex 缺值"
"c2e7e6d88f353f0c",10796,0.132602888246019,NA
"c2ea9fa4b1c9e280",10797,NA,"party_tpp 缺值"
"c2f573f30be50ac1",10798,NA,"party_tpp 缺值"
"c2f66bf82bee3e09",10799,0.147101185861357,NA
"c306c5374d98ccb0",10800,0.246748424732736,NA
"c30a4770252efacb",10801,0.317223720565632,NA
"c3103c49c4dc4f4b",10802,NA,"party_tpp 缺值"
"c320826ef2bfce9d",10803,NA,"edu 缺值"
"c3232b81dca7e3e3",10804,0.270522990875408,NA
"c324a6e3ef6cee3e",10805,0.294616007802654,NA
"c33b24bc0674712c",10806,1.02605850949637,NA
"c33c3c82c2c8820d",10807,NA,"edu 缺值"
"c33deb7c9f1fc2e4",10808,NA,"party_tpp 缺值"
"c3403a0c7b5ab8ae",10809,4.98654344591938,NA
"c3410a34b76588b4",10810,0.589954048650274,NA
"c346b1c3e89b48c2",10811,5.00009104606325,NA
"c3485ece54a52353",10812,5.00009104606325,NA
"c34b973f3b02826a",10813,NA,"party_tpp 缺值"
"c34bd5bec5696c89",10814,5.00009104606325,NA
"c34cabac9529cd64-1",10815,NA,"party_kmt 缺值"
"c34cabac9529cd64",10816,0.0999201607532301,NA
"c352fe35dfe66bba",10817,0.623373129526058,NA
"c35609ce04a4f33b",10818,0.0826649852446509,NA
"c357094c05946ebd",10819,0.465196977412774,NA
"c362fc416e8e5d3d",10820,0.619378128012992,NA
"c364ae892ddb2d4d",10821,NA,"edu 缺值"
"c36a82a3c6da57e3",10822,0.228016665583315,NA
"c36b3861ca5bf0b9",10823,0.217230741594507,NA
"c36b3861ca5bf0b9-1",10824,NA,"party_dpp 缺值"
"c3727f13076822b7",10825,NA,"sex 缺值"
"c374d4f12528d32a",10826,0.481391881251299,NA
"c377686870e8ee4d",10827,0.340955294406571,NA
"c379a68e78cc03f2",10828,0.481775376471245,NA
"c37a1e3b06ac44eb",10829,0.0736746478324626,NA
"c37b4fda13f51f2c",10830,NA,"party_tpp 缺值"
"c37ca3b740314eaf",10831,0.168094563567848,NA
"c37ca3b740314eaf-1",10832,NA,"party_tpp 缺值"
"c38277955c0c264d",10833,0.529049664623895,NA
"c38cf49d0b416015",10834,0.0826649852446509,NA
"c38da69eb52ecb45",10835,NA,"party_tpp 缺值"
"c38feeb5b1c60954",10836,NA,"sex 缺值"
"c392a527e1e02479",10837,NA,"edu 缺值"
"c397d8d4293aa070",10838,NA,"edu 缺值"
"c397da2264be9026",10839,0.821969541199728,NA
"c397da2264be9026-1",10840,NA,"party_dpp 缺值"
"c398c2a773fafcf4",10841,0.527300550779753,NA
"c39916fdbbf47cde",10842,0.0704952927516892,NA
"c3998f41835e157a-1",10843,NA,"party_kmt 缺值"
"c3998f41835e157a",10844,1.4246110144496,NA
"c3a4636a9d55f4bb",10845,NA,"party_tpp 缺值"
"c3ab01f8ea3912b3-1",10846,NA,"party_dpp 缺值"
"c3ab01f8ea3912b3",10847,0.519769627422528,NA
"c3ac22e17242771c",10848,0.1512362011435,NA
"c3af4404fd38cf15",10849,0.391650743289372,NA
"c3af4404fd38cf15-1",10850,1.28668792573382,NA
"c3af4d80e7e48385",10851,2.46300798394163,NA
"c3b1d236ebde39cf",10852,0.0826649852446509,NA
"c3b4b4dcb8d74913",10853,0.168682392978214,NA
"c3b726aa7f8b5cb1",10854,NA,"party_tpp 缺值"
"c3c4d49d8c8c2686",10855,0.168682392978214,NA
"c3c8a0d85a41a622",10856,0.469297935118666,NA
"c3cb421851a0fc7a-1",10857,NA,"party_dpp 缺值"
"c3cb421851a0fc7a",10858,0.957627930148016,NA
"c3cf42ca8c18ea4b",10859,0.16829845267839,NA
"c3db33afeea66ae0",10860,NA,"party_tpp 缺值"
"c3db70d93a744610",10861,0.106699590892319,NA
"c3e360e7a34d6e76",10862,5.00009104606325,NA
"c3e3a7b837e57251",10863,1.43844782660283,NA
"c3e72379134127b0",10864,0.125445388161949,NA
"c3e7c107c859bf6c",10865,0.109703744645957,NA
"c3ea06a3a91ae561",10866,0.228016665583315,NA
"c3ed0a208dc35e9b",10867,0.0977727719756202,NA
"c3f69fb7fe3325de",10868,0.162507125338537,NA
"c3ff9d719d40ac9d",10869,0.225763896503032,NA
"c41504d23303084a",10870,NA,"edu 缺值"
"c41531b67ae0ba4d",10871,0.73023217409767,NA
"c41cc7a4f28be965",10872,0.238257551076571,NA
"c41d7f67d6521c86",10873,NA,"edu 缺值"
"c41fc3eb6c9bc269",10874,1.5983817150522,NA
"c41fc3eb6c9bc269-1",10875,NA,"party_kmt 缺值"
"c43150f04ec4fe90",10876,NA,"party_tpp 缺值"
"c434b1ba4e865d1c",10877,5.00009104606325,NA
"c436dab7c84e085e",10878,NA,"edu 缺值"
"c43774e471c6ef9d",10879,NA,"edu 缺值"
"c43f97558eb0f80d",10880,0.138583311193623,NA
"c43f97558eb0f80d-1",10881,NA,"party_tpp 缺值"
"c440044e2c9cb459",10882,5.00009104606325,NA
"c446ea2479166ff4",10883,NA,"sex 缺值"
"c44758d8941d1bc9",10884,0.307350729610672,NA
"c448f215f5ce7898",10885,NA,"edu 缺值"
"c449de18c25ff2e5",10886,0.0935534866653076,NA
"c452f3871ed2c82d",10887,NA,"party_tpp 缺值"
"c4539196265be1e4",10888,0.0826649852446509,NA
"c45aa85fe8d5f48c",10889,0.219734510927064,NA
"c45c3d3f23edc50a",10890,1.15040795922101,NA
"c46685d5542919cc",10891,0.217230741594507,NA
"c467268eea767018",10892,0.270522990875408,NA
"c46a2bd8d2849f1f",10893,0.0704952927516892,NA
"c46c14b1aacb8044",10894,5.00009104606325,NA
"c4701727257a6bed",10895,1.51794178240828,NA
"c473dcd29bd9da86",10896,0.217230741594507,NA
"c4746865f22ad06b",10897,0.239090741590243,NA
"c4770b173a92ff1c",10898,0.137641795450903,NA
"c47c63cc0df057ce",10899,0.86495288490461,NA
"c48468beff3883b4",10900,NA,"edu 缺值"
"c494b143d67aee2d",10901,0.282723644450041,NA
"c4953fb188a4bba1",10902,NA,"edu 缺值"
"c49c8e0e7127acd8",10903,0.4847641311121,NA
"c4a02f1309ae9e24",10904,0.427922149421554,NA
"c4a19df05e96b1d1",10905,NA,"party_dpp 缺值"
"c4a19e484ae3e4ed",10906,NA,"party_tpp 缺值"
"c4a76c5b4bc867d6",10907,0.104426584634346,NA
"c4afa5733ad0e811",10908,NA,"party_tpp 缺值"
"c4c440720d6d5d59",10909,NA,"sex 缺值"
"c4c82150378798b1",10910,0.143522056601192,NA
"c4cafaa0f8d206ea",10911,0.343406303081009,NA
"c4cef77a6eb522ca",10912,0.141599791476844,NA
"c4d185fbc527f04d",10913,NA,"party_tpp 缺值"
"c4d20e767e8e7a78",10914,NA,"sex 缺值"
"c4d85d704d1edddc",10915,0.189870430687549,NA
"c4dccf0e27f9bbc7",10916,0.117169505819394,NA
"c4de3f22fcd3c6dc",10917,0.589954048650274,NA
"c4e7a1260221850f",10918,NA,"party_tpp 缺值"
"c4e8c8828f0949f3",10919,0.735270123112013,NA
"c4e8c90700b594ad",10920,NA,"edu 缺值"
"c4f3567ca718ce71",10921,0.0826649852446509,NA
"c4f5a18abbe6d826",10922,5.00009104606325,NA
"c4f86b2e22b5df3e",10923,NA,"party_tpp 缺值"
"c50e599a431bbbb1",10924,0.503102773762811,NA
"c5259935da95d651",10925,0.866866097244371,NA
"c52fb2be65895dc0",10926,5.00009104606325,NA
"c537dffb01168279",10927,3.00752492008486,NA
"c538fb0c22db7534",10928,3.51300708746733,NA
"c53af9eda4350585",10929,0.0826649852446509,NA
"c547edd7a5f1dd34",10930,0.143849474355578,NA
"c5481acf0fb0b784",10931,NA,"sex 缺值"
"c5497704ed8fc8c5",10932,0.458003804786937,NA
"c555ab2c02031c5c",10933,2.52771758708171,NA
"c5576af57b0c3580",10934,0.114651410572369,NA
"c563084324314b9b",10935,0.451164551441784,NA
"c567a84aeeb12b50",10936,NA,"edu 缺值"
"c56e0bf24b102869",10937,NA,"party_tpp 缺值"
"c570d257837e01d3",10938,NA,"party_tpp 缺值"
"c57646dcb407c257",10939,0.0704952927516892,NA
"c57c1e1a8ffef8d1",10940,0.0863931964567863,NA
"c57e0c6f62c20dc0",10941,NA,"sex 缺值"
"c592f29a6954d428",10942,NA,"party_kmt 缺值"
"c596922d453f681e",10943,0.57523665339432,NA
"c5a0e29a096d6346",10944,0.0826649852446509,NA
"c5a2115dd8c874e8",10945,0.526992895800938,NA
"c5a2c98331af8ca5",10946,0.6458388780458,NA
"c5af3afeb791d3bb",10947,0.117169505819394,NA
"c5b33edc90f84671",10948,5.00009104606325,NA
"c5b7af6d9847be09",10949,0.111511768743893,NA
"c5b8e5b23fe27686",10950,NA,"edu 缺值"
"c5bb0e9543e8f39f",10951,1.26679233566172,NA
"c5bbf22cf5cdf393",10952,NA,"party_tpp 缺值"
"c5c18a620e7ba8e1",10953,0.47112952975556,NA
"c5c333f90341295f",10954,5.00009104606325,NA
"c5cebd29c53e9afa",10955,0.520869160987682,NA
"c5d660cb3aee5f27",10956,NA,"edu 缺值"
"c5dbe32226f40437",10957,NA,"party_tpp 缺值"
"c5e5b7d9ad91388f",10958,NA,"edu 缺值"
"c5e78dde9a83a838",10959,NA,"edu 缺值"
"c5e934533e7c2e96-1",10960,NA,"party_tpp 缺值"
"c5e934533e7c2e96",10961,0.207856368152516,NA
"c5fb9c9cca7eb5c2",10962,NA,"party_tpp 缺值"
"c5ffd4e029ce9b3d",10963,0.207856368152516,NA
"c60289b5eb604e38",10964,NA,"edu 缺值"
"c60366288f56eaa1",10965,0.208501497965697,NA
"c608b1a1c5a485e0",10966,0.0836856844568212,NA
"c60a1d840848e0f8",10967,NA,"party_tpp 缺值"
"c60f5aa3f2232991",10968,0.47865988928455,NA
"c60f5e027abb8592-1",10969,NA,"party_tpp 缺值"
"c60f5e027abb8592",10970,1.93384026911372,NA
"c6114d1e944aebd7",10971,0.238778264953032,NA
"c6157029709d8746-1",10972,NA,"party_kmt 缺值"
"c6157029709d8746",10973,0.117169505819394,NA
"c615e015e22763d5",10974,0.32858695060914,NA
"c616c8d3297ad22a",10975,0.109703744645957,NA
"c61e46302dac7657",10976,NA,"sex 缺值"
"c62976ded4a8e626",10977,0.733596564736804,NA
"c62bd05d76b82c41",10978,NA,"party_tpp 缺值"
"c6329932ca0c9418",10979,0.350539549928668,NA
"c635bd515f8f7809",10980,0.465196977412774,NA
"c636b8c4b2777cbd",10981,2.08643184098348,NA
"c63712a300555fbb",10982,0.0826649852446509,NA
"c64073aca8a3619c",10983,NA,"party_tpp 缺值"
"c6436e0fbfb59f73",10984,5.00009104606325,NA
"c643b57cc0eabbfd",10985,5.00009104606325,NA
"c6447f0e9faf746a",10986,0.217230741594507,NA
"c648ddcd8ce6dfd7",10987,0.0736746478324626,NA
"c64934faec4fb396-1",10988,NA,"party_dpp 缺值"
"c64934faec4fb396",10989,0.174625325219644,NA
"c64abcacb08d6f8d",10990,0.405752469491046,NA
"c64af6fd24cecf47",10991,0.413398602045685,NA
"c64d514719679692",10992,0.147101185861357,NA
"c64d73d19bdf401c",10993,1.78143172759595,NA
"c6578a0fce60d26a",10994,0.19160324382272,NA
"c65c4a2a7bdc42d8",10995,NA,"party_tpp 缺值"
"c660250b38353928",10996,NA,"party_tpp 缺值"
"c669ba770e7b8906",10997,NA,"party_tpp 缺值"
"c66c7be4f06f1b9f",10998,0.317223720565632,NA
"c66f7c780ed9e793",10999,5.00009104606325,NA
"c670a29290507a9f",11000,3.29166795762327,NA
"c675b9a7d77b69d6",11001,0.143849474355578,NA
"c678abf96e83a491",11002,0.0826649852446509,NA
"c67bef4713ddfbfa",11003,0.270522990875408,NA
"c684963794eb4119",11004,5.00009104606325,NA
"c685610d03b391df",11005,0.27157879875813,NA
"c686aa1b0759b210",11006,NA,"edu 缺值"
"c687939b1d8e1e35",11007,0.337767256467019,NA
"c68de1759ace8531",11008,1.68870037027229,NA
"c69046dd9248cf57",11009,NA,"party_dpp 缺值"
"c69806b4beb7a4e9",11010,0.299608652671325,NA
"c698b18599ef2c38",11011,0.523281952812502,NA
"c69dbfedf211c0a5",11012,0.527300550779753,NA
"c6a44502918ab88f",11013,NA,"party_tpp 缺值"
"c6a53d3ce71580f3",11014,NA,"edu 缺值"
"c6a881b84c0814e8",11015,0.14517627055464,NA
"c6aab39d5c396f9b",11016,0.409455600887348,NA
"c6aca702faf32952",11017,NA,"party_tpp 缺值"
"c6af7b7aab455edc",11018,2.12119386455947,NA
"c6b00a91d371e372-1",11019,NA,"party_tpp 缺值"
"c6b00a91d371e372",11020,5.00009104606325,NA
"c6b34c8c8bcf14c1",11021,NA,"party_tpp 缺值"
"c6ba5b26efa9137a",11022,0.185100340350864,NA
"c6c09c8eaf2a1621",11023,0.255978129078632,NA
"c6c3ca97062c83a9",11024,NA,"edu 缺值"
"c6c3ca97062c83a9-1",11025,NA,"edu 缺值"
"c6ca84204620e51e",11026,1.67046912441535,NA
"c6cad092fcbc2302",11027,0.0863931964567863,NA
"c6cc75470d750290",11028,NA,"edu 缺值"
"c6d05b7846851072",11029,0.0704952927516892,NA
"c6d2784ce78e0ebe",11030,3.7297629470355,NA
"c6d2784ce78e0ebe-1",11031,NA,"party_dpp 缺值"
"c6d5bb99eb254b4d",11032,0.147985976977968,NA
"c6d63dc7a4b99ebb",11033,NA,"edu 缺值"
"c6d99db180f1ae6e",11034,0.106699590892319,NA
"c6dc47686a126776",11035,0.353708704803735,NA
"c6dd9e811ae5223f",11036,NA,"edu 缺值"
"c6df7ac0df99c4a8",11037,5.00009104606325,NA
"c6e3cad065f96ac2",11038,5.00009104606325,NA
"c6e4cc62251fbf58",11039,NA,"party_dpp 缺值"
"c6e6fcf523546bfb",11040,NA,"edu 缺值"
"c706b2cf19be1f11",11041,NA,"edu 缺值"
"c707639bfcaa529b",11042,1.82585677676413,NA
"c707639bfcaa529b-1",11043,NA,"party_kmt 缺值"
"c712136d7c530376",11044,4.26205180551276,NA
"c718181613848ca0",11045,0.143405581745165,NA
"c71aa74232637a2d",11046,NA,"edu 缺值"
"c71c1d54c2d08ca0",11047,NA,"edu 缺值"
"c72194a917aa8cd1",11048,0.564495177014209,NA
"c73458d7b2713147",11049,0.350539549928668,NA
"c73648b618e8e3dc",11050,NA,"age 缺值"
"c7364b91b45c0ddc",11051,0.424052005886429,NA
"c736d3603e9fcd69",11052,NA,"sex 缺值"
"c746f8b86d70d57b",11053,2.69632239427121,NA
"c74f4768d5dcf80a",11054,0.27157879875813,NA
"c74f4b0213d5dc3b",11055,NA,"party_tpp 缺值"
"c75861c358faa578",11056,NA,"sex 缺值"
"c75bdfab67c60fc6",11057,NA,"edu 缺值"
"c7698576156e95c6",11058,NA,"party_tpp 缺值"
"c76fdff5501c34b0",11059,0.27157879875813,NA
"c77199f60d7962e8",11060,NA,"party_tpp 缺值"
"c774c08e547daa7a",11061,0.465196977412774,NA
"c77955f453629349",11062,NA,"party_tpp 缺值"
"c7797eb0dc837df1",11063,1.78334572274152,NA
"c7797eb0dc837df1-1",11064,NA,"party_dpp 缺值"
"c77b446c95fa02d2",11065,0.427922149421554,NA
"c77b511129f67262",11066,0.0826649852446509,NA
"c786c42d22fef794",11067,0.405752469491046,NA
"c786c42d22fef794-1",11068,NA,"party_kmt 缺值"
"c786c8e0ae810074",11069,0.618329118842617,NA
"c78a4a867c293f8c",11070,1.07233400120656,NA
"c7986fc8bb1ea2a5",11071,0.137328507079303,NA
"c798c2a7219022da",11072,5.00009104606325,NA
"c799a4c7b7493900",11073,0.6458388780458,NA
"c79f3dd3b94e2b51",11074,0.401743698398901,NA
"c7a02f16d529ba74",11075,0.627025849299429,NA
"c7a28ef4ecf48883",11076,NA,"sex 缺值"
"c7a3f93bf773588b",11077,NA,"sex 缺值"
"c7a5660c1c3fd321",11078,0.797640866365096,NA
"c7ab87589cec1f94",11079,0.109703744645957,NA
"c7b142335be1987f",11080,NA,"party_tpp 缺值"
"c7b45f78c2936eae",11081,0.185100340350864,NA
"c7cd102166c88d0c",11082,NA,"edu 缺值"
"c7d3846af8669b87",11083,0.0826649852446509,NA
"c7d4ab17a6e679d8",11084,0.0863931964567863,NA
"c7dc8c6eb794434a",11085,4.93302592111657,NA
"c7e388dc31ff16f9",11086,0.27157879875813,NA
"c7e462164718d36d",11087,NA,"party_tpp 缺值"
"c7e7f76aa5a05800",11088,0.147101185861357,NA
"c7f31fdb43bde450",11089,5.00009104606325,NA
"c80272fc9c6e529b",11090,NA,"party_tpp 缺值"
"c808505454c3af65",11091,0.228016665583315,NA
"c810a91746543bce",11092,NA,"edu 缺值"
"c816e0fd30657bed",11093,NA,"sex 缺值"
"c81a56f871185aa3",11094,0.317223720565632,NA
"c81b8e93cd09bd45",11095,NA,"edu 缺值"
"c81e403b1325a9e2",11096,0.137328507079303,NA
"c81e783b63f00fa1",11097,0.420983926067105,NA
"c82379052c326fb0",11098,NA,"sex 缺值"
"c8288fa36de09e89",11099,NA,"party_tpp 缺值"
"c82aa2bd6a00b810",11100,0.0704952927516892,NA
"c82b2a53be7a873b",11101,5.00009104606325,NA
"c83034c9904fa44d",11102,NA,"edu 缺值"
"c8303f23d4e9e865",11103,0.0704952927516892,NA
"c83080175cb92f24",11104,NA,"edu 缺值"
"c8392ca9054c2bac",11105,0.138583311193623,NA
"c8395168d77a65c2",11106,0.106699590892319,NA
"c83de584640e2e00",11107,0.359007928496261,NA
"c845c7b69a3ca248",11108,0.0981324511294532,NA
"c8496a247d149b55",11109,NA,"party_tpp 缺值"
"c853c098d0e92eac",11110,0.125445388161949,NA
"c85cd2773e05e5ba",11111,0.529049664623895,NA
"c860f2922342175b",11112,NA,"edu 缺值"
"c861557a4dee8836",11113,NA,"edu 缺值"
"c86bd62d5fb71113-1",11114,NA,"party_kmt 缺值"
"c86bd62d5fb71113",11115,0.481391881251299,NA
"c8762ec8198a8629",11116,0.0836856844568212,NA
"c889d36741d0df9f",11117,0.37657952957204,NA
"c8959dcc40357a22",11118,NA,"edu 缺值"
"c89679b1de972e58",11119,0.157414247542842,NA
"c8abcd01c0f2bc3e",11120,NA,"edu 缺值"
"c8b467be7fceda0a",11121,NA,"edu 缺值"
"c8b467be7fceda0a-1",11122,NA,"edu 缺值"
"c8bc5901c714d7de",11123,1.75757209122745,NA
"c8c7180a17957c0f-1",11124,NA,"party_tpp 缺值"
"c8c7180a17957c0f",11125,0.185100340350864,NA
"c8c753e89c50471f",11126,0.225763896503032,NA
"c8cc2951e02ecad0",11127,0.189870430687549,NA
"c8d0d1e623efa3d6",11128,0.106699590892319,NA
"c8d1d56f3c742992",11129,0.729045882807985,NA
"c8d1d6000d77c00e",11130,0.239090741590243,NA
"c8d37baefb5582ca",11131,NA,"sex 缺值"
"c8d37baefb5582ca-1",11132,NA,"sex 缺值"
"c8d8509541bba93d-1",11133,NA,"party_kmt 缺值"
"c8d8509541bba93d",11134,0.185100340350864,NA
"c8d92f1ed37b14b5",11135,0.109703744645957,NA
"c8d92f1ed37b14b5-1",11136,1.42308203522184,NA
"c8dbc16961e86dce",11137,NA,"edu 缺值"
"c8dc70270460cf9a",11138,0.0826649852446509,NA
"c8e0e87b7e28d85f",11139,0.350539549928668,NA
"c8e3347e7f34e8a7",11140,NA,"party_tpp 缺值"
"c8e4cff750335c27",11141,NA,"edu 缺值"
"c8e88fa72929d4e7",11142,2.7976857036017,NA
"c8f2aac80f38a63f",11143,0.147985976977968,NA
"c8f784cb4af03883",11144,2.46300798394163,NA
"c8f7a8427f9a9125",11145,0.47865988928455,NA
"c9062ded88caac48",11146,1.78334572274152,NA
"c9063626d7452320",11147,3.29166795762327,NA
"c906aab298441bfd",11148,5.00009104606325,NA
"c907027c0aeec929",11149,0.228252308506251,NA
"c91e6f8a50db0abf",11150,1.67046912441535,NA
"c922d3c60582a693",11151,0.704812506367594,NA
"c925e784abf9c966",11152,5.00009104606325,NA
"c926f0eea062c68d",11153,3.51300708746733,NA
"c92e7feca1146287",11154,5.00009104606325,NA
"c932e0e3fbffaa65",11155,0.203263341729211,NA
"c93461c05e9a800c",11156,NA,"sex 缺值"
"c937ce3e72ca3ae8",11157,NA,"edu 缺值"
"c9388cf51c6f4971",11158,NA,"sex 缺值"
"c93a7d5f50cd4e3d",11159,0.897435475821293,NA
"c93ed2d505f9649e-1",11160,NA,"party_kmt 缺值"
"c93ed2d505f9649e",11161,0.439799845478686,NA
"c948065abc6b87ca",11162,0.0826649852446509,NA
"c948065abc6b87ca-1",11163,NA,"party_kmt 缺值"
"c948591bda49f211",11164,0.0826649852446509,NA
"c94bab328613e5e1",11165,0.149873208832532,NA
"c95949419cc33292",11166,0.318303902769141,NA
"c9665fd4f3913539",11167,0.0863931964567863,NA
"c96ef06512aaf8f9",11168,5.00009104606325,NA
"c9717b41018e9de3",11169,1.80196424566803,NA
"c9719d0fd1e35c05",11170,NA,"edu 缺值"
"c989442916f386d7",11171,5.00009104606325,NA
"c98cf4304a29d602",11172,0.104426584634346,NA
"c994af94b41c810c",11173,NA,"party_tpp 缺值"
"c995f6dd52e3f31b-1",11174,NA,"party_kmt 缺值"
"c995f6dd52e3f31b",11175,0.469297935118666,NA
"c9997864be59f13b",11176,NA,"party_tpp 缺值"
"c99c032a1055b7ea",11177,NA,"edu 缺值"
"c99c7bd5bfef5a0d",11178,3.5902746294381,NA
"c99da25085f8a98d",11179,0.0826649852446509,NA
"c9a01ff6c3135831",11180,NA,"sex 缺值"
"c9a25bc6c8e15db2",11181,NA,"edu 缺值"
"c9a7391c3d3d7ff6",11182,0.106699590892319,NA
"c9a925cf0211b07f",11183,0.317223720565632,NA
"c9ab193f966d49b3",11184,0.529049664623895,NA
"c9ae023cb8be79bd",11185,0.143405581745165,NA
"c9b42de837e024be",11186,NA,"party_tpp 缺值"
"c9b4ed02bf98083a",11187,0.580701952252006,NA
"c9cfc11c7aee8d8c",11188,0.420983926067105,NA
"c9d3a1255084a0ba",11189,0.0736746478324626,NA
"c9d3a1255084a0ba-1",11190,NA,"party_dpp 缺值"
"c9d4355898ddbe1d-1",11191,NA,"party_dpp 缺值"
"c9d4355898ddbe1d",11192,1.54167608380652,NA
"c9da3433b8b71084",11193,0.915450706309203,NA
"c9daf01ad56334d4",11194,0.401743698398901,NA
"c9df17adcd3ec1ad",11195,5.00009104606325,NA
"c9ebbfeab881c129",11196,0.362823882396532,NA
"c9ec88951bae3065",11197,NA,"edu 缺值"
"c9f1d0e257460b68",11198,0.401743698398901,NA
"c9f229aba5d4df6d",11199,0.86636032179925,NA
"c9f409b95167797a",11200,NA,"party_tpp 缺值"
"c9f984c3cb8f1162",11201,0.147985976977968,NA
"c9fad2f039b578a0",11202,NA,"party_tpp 缺值"
"ca019789b27e4316",11203,NA,"edu 缺值"
"ca0314e559562eb0",11204,0.303602028149845,NA
"ca0c4b405746bd47",11205,NA,"party_tpp 缺值"
"ca1092a00d10bc0a",11206,0.550760405309663,NA
"ca1092a00d10bc0a-1",11207,NA,"party_dpp 缺值"
"ca152671077701ca",11208,0.270522990875408,NA
"ca17e9cbc16099eb",11209,NA,"sex 缺值"
"ca17e9cbc16099eb-1",11210,NA,"sex 缺值"
"ca1cc12f5c5de58a",11211,0.741700825734021,NA
"ca1f76d7800c26a7",11212,NA,"edu 缺值"
"ca234ddc0f6f4ac8",11213,0.207856368152516,NA
"ca2ed541df856336",11214,NA,"edu 缺值"
"ca3142c5309425b7",11215,5.00009104606325,NA
"ca37946073670e50",11216,0.914468188906357,NA
"ca4249482749dd09",11217,0.16829845267839,NA
"ca42b2eff07b4b65",11218,NA,"edu 缺值"
"ca4555c2d47617b3",11219,5.00009104606325,NA
"ca48851361718f6c",11220,0.409455600887348,NA
"ca4c571ac91c8cb3",11221,5.00009104606325,NA
"ca4d939bfe3e1ef6",11222,NA,"edu 缺值"
"ca51fab60f48738b",11223,0.0704952927516892,NA
"ca55d9fe8853c09b",11224,1.02605850949637,NA
"ca564f93f0d5cdeb",11225,NA,"edu 缺值"
"ca5cb3358b97340b",11226,NA,"sex 缺值"
"ca5da0ba21b80354",11227,0.409455600887348,NA
"ca5e39de2417e10d",11228,0.162507125338537,NA
"ca81beac2f1cd4e7",11229,0.457407035474077,NA
"ca82734bb592d1b3",11230,0.550313437502534,NA
"ca83ddbc90d41d19",11231,NA,"party_tpp 缺值"
"ca8463da04293368",11232,0.132602888246019,NA
"ca85ecc7aed4d311",11233,0.0863931964567863,NA
"ca87556aee1f4705",11234,NA,"party_tpp 缺值"
"ca9485e7ec5b21d8",11235,NA,"party_kmt 缺值"
"ca986193440dbacd",11236,NA,"edu 缺值"
"ca99fcc7b3c54123",11237,5.00009104606325,NA
"ca9eb0767d49c9a2",11238,NA,"sex 缺值"
"caa3c1e052c22188",11239,0.141599791476844,NA
"caa6f233254247f9",11240,5.00009104606325,NA
"caaecc9a3bb35008-1",11241,NA,"party_kmt 缺值"
"caaecc9a3bb35008",11242,0.95293397763809,NA
"cabf56088efc676e",11243,0.317223720565632,NA
"cac214f795ca275b",11244,NA,"edu 缺值"
"cac6cb9de363f477",11245,NA,"party_tpp 缺值"
"caca471100678b85",11246,0.409694638368157,NA
"cace31793fc4627b",11247,0.321140614770656,NA
"caced0ec7d7011e2",11248,NA,"sex 缺值"
"cad5ead258a3af3a",11249,0.360409078911018,NA
"cad5ead258a3af3a-1",11250,1.42308203522184,NA
"cad942d1d951a14f",11251,NA,"sex 缺值"
"cad942d1d951a14f-1",11252,NA,"sex 缺值"
"cae01ef3861924ce",11253,0.343406303081009,NA
"cae58f761dfba9ee",11254,0.217230741594507,NA
"cae879295b2abb3a",11255,0.741700825734021,NA
"caed05a11bc93cdf",11256,5.00009104606325,NA
"caef496450c65ca9",11257,NA,"party_tpp 缺值"
"caf183f95fa19a34",11258,NA,"party_tpp 缺值"
"caf3abe9288ed932",11259,0.0704952927516892,NA
"cafb3326521aa381",11260,0.74235088287771,NA
"cafdcd6b6cb85950",11261,0.153735485605362,NA
"cb0a855449d0995c",11262,NA,"sex 缺值"
"cb11a2ed4272f3f0",11263,0.385311335884033,NA
"cb138fb22a81354d",11264,0.15549429433347,NA
"cb166e4ac4d5b0e3",11265,NA,"edu 缺值"
"cb1bd9c2006cbaf0",11266,0.161035702786106,NA
"cb1ecaa16a0160ce",11267,0.141599791476844,NA
"cb2164248e4d9624",11268,NA,"age 缺值"
"cb2918189e2392e7",11269,NA,"party_tpp 缺值"
"cb2ac959586ef2ac",11270,NA,"edu 缺值"
"cb2e0a26886a9a0e",11271,0.657988232409691,NA
"cb2fee4a5032f28b",11272,NA,"edu 缺值"
"cb31ef952cc8a353-1",11273,NA,"party_kmt 缺值"
"cb31ef952cc8a353",11274,NA,"party_kmt 缺值"
"cb355c861fd8a6c5-1",11275,1.63390656713318,NA
"cb355c861fd8a6c5",11276,0.497339493660158,NA
"cb38f10fa958a3b0",11277,0.109703744645957,NA
"cb44e7ac2c101e36",11278,0.0999201607532301,NA
"cb46022757ce25d8",11279,NA,"sex 缺值"
"cb4de4d58e825bfa",11280,0.317223720565632,NA
"cb5382277fc6f15f",11281,0.395558802542504,NA
"cb53e77fd3192f13",11282,2.52771758708171,NA
"cb5b337baa04da38",11283,NA,"party_tpp 缺值"
"cb62af8ee292ec25",11284,NA,"party_tpp 缺值"
"cb66889fb9ea4ddf",11285,0.338444762581863,NA
"cb6aa088e77b2b89",11286,5.00009104606325,NA
"cb6aea5751c04346",11287,NA,"party_tpp 缺值"
"cb6cc70e5abd2a70",11288,0.246748424732736,NA
"cb70bf878b95d71a",11289,NA,"edu 缺值"
"cb7134db7a23e260-1",11290,NA,"party_dpp 缺值"
"cb7134db7a23e260",11291,NA,"party_tpp 缺值"
"cb82cc41405c2ee8",11292,0.106699590892319,NA
"cb83c2fdcaa21275",11293,NA,"sex 缺值"
"cb8a7c6f26972835",11294,5.00009104606325,NA
"cb8ab121fbe5010a",11295,0.294616007802654,NA
"cb8fb8a641e9c336",11296,NA,"sex 缺值"
"cb9072a551435ff7",11297,0.328602099431772,NA
"cb9597118a6ececf",11298,0.308605683994492,NA
"cb9648540029da46",11299,0.915450706309203,NA
"cb969d8f7b049fbb",11300,0.0704952927516892,NA
"cb9cbd8d7af6b42c",11301,NA,"edu 缺值"
"cba0f7f8767d6c25",11302,NA,"party_tpp 缺值"
"cba29e9d852d79f5",11303,NA,"sex 缺值"
"cba81a7ff219c47c",11304,NA,"edu 缺值"
"cba93ef8bfbfb999",11305,0.106699590892319,NA
"cbaee489b18d36d8",11306,NA,"edu 缺值"
"cbaf5dd5d39b1009",11307,1.02846521641355,NA
"cbb06ab756a2b9bf",11308,0.585951957346482,NA
"cbb25c8af2410143",11309,NA,"party_tpp 缺值"
"cbb34ecddad3b536",11310,NA,"party_tpp 缺值"
"cbb390cacc3f929d",11311,0.0704952927516892,NA
"cbb3ed3271c32262",11312,NA,"edu 缺值"
"cbb7fc327ce4a5ce",11313,NA,"party_tpp 缺值"
"cbbc0eb91b78d12d",11314,NA,"edu 缺值"
"cbc0c72803f73b73",11315,0.449895992224538,NA
"cbc73cdc049b94af",11316,NA,"edu 缺值"
"cbc7f9e46e1ccb7e",11317,1.43234454905599,NA
"cbc898ffb574a44d",11318,0.0981324511294532,NA
"cbd08364b5a8ab06",11319,5.00009104606325,NA
"cbd42ab1b7d807d8",11320,0.32858695060914,NA
"cbd53d5e0859babe",11321,0.0826649852446509,NA
"cbda2bf3a0540f05",11322,0.946887646635036,NA
"cbda64904364984b",11323,NA,"party_tpp 缺值"
"cbdd9d91b2b11065",11324,0.0836856844568212,NA
"cbddf15b2996e364",11325,NA,"party_tpp 缺值"
"cbde1757cc961e3d",11326,NA,"party_tpp 缺值"
"cbde30ba81ae5961-1",11327,NA,"party_dpp 缺值"
"cbde30ba81ae5961",11328,0.0863931964567863,NA
"cbe2b0b5cb91ea5e",11329,NA,"edu 缺值"
"cbe6959ab9ba193c",11330,5.00009104606325,NA
"cbf24207f907379f",11331,0.0704952927516892,NA
"cbf633ad2829a4cd",11332,NA,"party_tpp 缺值"
"cbfc3a89f3aa06fc",11333,0.217230741594507,NA
"cbfce39cfa1b0ea9-1",11334,5.00009104606325,NA
"cbfce39cfa1b0ea9",11335,1.91025356785221,NA
"cbffce11a29b4227",11336,NA,"sex 缺值"
"cc035ca4c055be96",11337,NA,"edu 缺值"
"cc12faa9b2b12f56",11338,NA,"edu 缺值"
"cc14dedba9496473",11339,NA,"sex 缺值"
"cc25de5b80c71e92",11340,NA,"edu 缺值"
"cc2d4dbde0fc4ecf",11341,0.118616246805632,NA
"cc365c3d923090dd",11342,0.0736746478324626,NA
"cc39141e261e90eb",11343,0.710315479646997,NA
"cc3a626c12b29a34",11344,0.589954048650274,NA
"cc407d92fb0beb52",11345,NA,"sex 缺值"
"cc41d6dc68186e6b",11346,5.00009104606325,NA
"cc44d1d70a2313a4",11347,0.311452109748683,NA
"cc44d72be0059794",11348,0.143522056601192,NA
"cc44d72be0059794-1",11349,NA,"party_kmt 缺值"
"cc4f8c0525f9a0c5",11350,1.26099799399855,NA
"cc55ce1c8095076f",11351,0.270960654542958,NA
"cc56e00896a3b83b",11352,0.409455600887348,NA
"cc6525ecb62da720",11353,0.0826649852446509,NA
"cc6e3c69c1fe5d46",11354,0.469297935118666,NA
"cc6e698e09f452c2",11355,0.32858695060914,NA
"cc702e6fad44d05b",11356,NA,"party_tpp 缺值"
"cc71d34e5cb2815f",11357,NA,"edu 缺值"
"cc747e409cecc21f",11358,0.147101185861357,NA
"cc7e3e570360f059",11359,0.617968352991575,NA
"cc8f75a1052e400a",11360,0.270522990875408,NA
"cc9056c08b3779e5",11361,5.00009104606325,NA
"cc9b0212e372658e",11362,0.161035702786106,NA
"cca1015b6c145320",11363,NA,"edu 缺值"
"cca35a6cd6c69519",11364,NA,"edu 缺值"
"cca4b4c4e40789f0",11365,3.06270327336968,NA
"ccadf34e88cbd3f2",11366,1.54167608380652,NA
"ccb046c62dadb744",11367,0.122293839857739,NA
"ccbd515e008f9d09",11368,NA,"edu 缺值"
"ccc5e15e06ea6c7f",11369,0.317223720565632,NA
"ccc89dc3292afb08",11370,0.627025849299429,NA
"ccc96a82ac73f67b",11371,0.391650743289372,NA
"cccbde8e6204e91d",11372,1.28668792573382,NA
"cccbf47631158f95",11373,NA,"party_tpp 缺值"
"ccd4ff93bbcadd62",11374,1.3841120141743,NA
"ccd9eda6e26c21de",11375,1.90963547561239,NA
"ccdc10c5aab5b8cb",11376,0.359217514958461,NA
"ccde7e2653ffdfe7",11377,NA,"party_tpp 缺值"
"ccf27121ad6271d9",11378,0.143849474355578,NA
"ccf5ffb63b993599-1",11379,NA,"party_kmt 缺值"
"ccf5ffb63b993599",11380,0.153735485605362,NA
"ccf6ffe8e28d5600",11381,NA,"edu 缺值"
"cd0315d99c8dda32",11382,5.00009104606325,NA
"cd039928da09bf87",11383,NA,"party_tpp 缺值"
"cd0447c70b8b01d0",11384,0.0935534866653076,NA
"cd05947a0732f139",11385,0.109703744645957,NA
"cd07f49a4746b519",11386,NA,"sex 缺值"
"cd07f49a4746b519-1",11387,NA,"sex 缺值"
"cd0929b0bfc8780c",11388,NA,"sex 缺值"
"cd0c343cbd9a2776",11389,NA,"party_tpp 缺值"
"cd0f74d959a54157",11390,0.287214515247601,NA
"cd10616914df4c8e",11391,0.909734706449712,NA
"cd12d3171c581a71",11392,0.161035702786106,NA
"cd13af816ea5412f",11393,1.68771509332565,NA
"cd196b2634fe23d6",11394,NA,"edu 缺值"
"cd1b43aba50f1d54",11395,0.799184617214002,NA
"cd1d43bb6190ddb5",11396,0.104426584634346,NA
"cd1ec0e073d270fb",11397,0.295288117121358,NA
"cd2394b2ce10e7af",11398,0.982306284207653,NA
"cd2693f54032f980",11399,0.391650743289372,NA
"cd26974f0b840edc",11400,NA,"party_tpp 缺值"
"cd32dc2e3f0ad264",11401,0.617968352991575,NA
"cd3b5cf4605b647c",11402,4.41340811052105,NA
"cd41c84a9e9ef7ac",11403,NA,"party_tpp 缺值"
"cd47b02d3820a9ee",11404,NA,"party_tpp 缺值"
"cd4d6664de934cf5",11405,0.407098394999057,NA
"cd50c4785dfa98a6",11406,0.623780229721267,NA
"cd5474af1a7de20c",11407,NA,"edu 缺值"
"cd5a29fa7cc70ccc",11408,NA,"edu 缺值"
"cd628d3db2e960ff",11409,NA,"party_tpp 缺值"
"cd67411528d8a59f",11410,0.319998172222897,NA
"cd6ad5d0388bbf04",11411,0.111511768743893,NA
"cd71d955328f017b",11412,0.915450706309203,NA
"cd71d955328f017b-1",11413,NA,"party_kmt 缺值"
"cd732be39ebcc277",11414,0.345119283638798,NA
"cd76fc3bf8505e11",11415,NA,"edu 缺值"
"cd7712832c3aa2e0",11416,NA,"party_tpp 缺值"
"cd7cc0dfe48f3f92",11417,0.122293839857739,NA
"cd82d55aba5b2bb5",11418,0.74235088287771,NA
"cd86204706d0b22b",11419,0.131103006091378,NA
"cd8f5f16c3ce3397",11420,NA,"edu 缺值"
"cd911a2dc83b10a2",11421,0.225397134049326,NA
"cd9570eb7d4aef55",11422,NA,"edu 缺值"
"cdb3e0471b016e69",11423,0.0826649852446509,NA
"cdba2933a478a570",11424,0.111511768743893,NA
"cdc3cb9763afb5f0",11425,NA,"party_tpp 缺值"
"cdcaeb3ddb7cfc2f",11426,NA,"party_dpp 缺值"
"cdcb53a95ac44a4c",11427,NA,"edu 缺值"
"cdd296175826558a",11428,0.217230741594507,NA
"cdda67738622af1b",11429,NA,"sex 缺值"
"cdda67738622af1b-1",11430,NA,"sex 缺值"
"cdf175fd0e2104f1",11431,NA,"party_tpp 缺值"
"cdf2c6554b7de966",11432,1.42308203522184,NA
"cdf3c2a442fea59b",11433,5.00009104606325,NA
"cdf77ce639681a4b",11434,0.412125009469762,NA
"ce05ba5b6818bb1b",11435,0.143405581745165,NA
"ce0d12be7edc1f36",11436,0.37657952957204,NA
"ce0ebce9a0523deb",11437,NA,"edu 缺值"
"ce0eec7e7dfbfc8c",11438,0.290760873219717,NA
"ce0fcedcc21fd8a9",11439,5.00009104606325,NA
"ce152951f3bf354f",11440,NA,"party_tpp 缺值"
"ce1b871568777ec6",11441,NA,"party_tpp 缺值"
"ce1f1b09c3bada91",11442,0.137328507079303,NA
"ce1f1b09c3bada91-1",11443,NA,"party_kmt 缺值"
"ce22038c3f2eb14a",11444,0.231070635404622,NA
"ce22268d1b9c5600",11445,NA,"party_dpp 缺值"
"ce223a64a399be28",11446,3.99125149388073,NA
"ce247c0afcb566e0",11447,NA,"party_tpp 缺值"
"ce296f4464b70d47",11448,0.106699590892319,NA
"ce2a2a9af3ab8c3e",11449,NA,"edu 缺值"
"ce32d3fde155e182",11450,5.00009104606325,NA
"ce35af33f36bc59e",11451,NA,"edu 缺值"
"ce3935fc97664314",11452,1.5983817150522,NA
"ce3cdb5ad42ca89d",11453,1.78143172759595,NA
"ce452fad7db94905",11454,0.360409078911018,NA
"ce4bc2e545e2739e",11455,0.118616246805632,NA
"ce50b24c46c1dbf0",11456,NA,"party_tpp 缺值"
"ce5125e7627514d1",11457,NA,"edu 缺值"
"ce5457ddd7e55b76",11458,NA,"edu 缺值"
"ce57f832a7f5ec4a",11459,0.141599791476844,NA
"ce597fddd56ca5a5",11460,0.0704952927516892,NA
"ce59975a7e5a2b6f",11461,0.464221361547281,NA
"ce5fccce9a777c55",11462,NA,"party_tpp 缺值"
"ce6513e2567f56ef",11463,NA,"edu 缺值"
"ce6b5e1877b310a2",11464,NA,"edu 缺值"
"ce70f909b0591acd",11465,NA,"party_tpp 缺值"
"ce70f91205fd276c",11466,1.36167036604999,NA
"ce7bb0049217a186",11467,0.682869326233153,NA
"ce7f4f6e62ff3309",11468,NA,"edu 缺值"
"ce86ac8ff5201d3d",11469,0.0826649852446509,NA
"ce91751b7bdde562",11470,NA,"edu 缺值"
"ce949ee368971c3a",11471,NA,"sex 缺值"
"cea16f26e7b58564-1",11472,NA,"party_tpp 缺值"
"cea16f26e7b58564",11473,0.137328507079303,NA
"ceaab8c405fb697d",11474,NA,"edu 缺值"
"ceaafb991d06e143",11475,5.00009104606325,NA
"cead75583e5bcb29",11476,NA,"edu 缺值"
"ceb05c1019bdfc20",11477,NA,"sex 缺值"
"ceb58ec2f313d264",11478,5.00009104606325,NA
"ceb674b0c5699086",11479,NA,"edu 缺值"
"cebfb833a2e16241",11480,0.147985976977968,NA
"cec12baafa9d1c3a",11481,NA,"sex 缺值"
"cec21c39706c811b",11482,0.0826649852446509,NA
"cec5abb4902647ca",11483,NA,"edu 缺值"
"cec76e0c394743e5",11484,0.833614666063227,NA
"cec84d2191779d80",11485,0.0826649852446509,NA
"ced634cc3fa92d8a",11486,NA,"party_tpp 缺值"
"ced73ab039face1c",11487,NA,"party_dpp 缺值"
"ced918aef5e420c8",11488,0.153735485605362,NA
"cedf5a1c062b1f83",11489,0.282723644450041,NA
"cee5d7e2b148d35c",11490,NA,"edu 缺值"
"cee6da67dae4ecf5",11491,NA,"party_tpp 缺值"
"cee926644bc066b0",11492,0.143849474355578,NA
"ceebab4b88d4c69e-1",11493,NA,"edu 缺值"
"ceebab4b88d4c69e",11494,NA,"edu 缺值"
"cef673ea9cae9fb8",11495,0.0863931964567863,NA
"cefd040988ce82be",11496,0.189870430687549,NA
"cf050b45d5252ff2",11497,NA,"edu 缺值"
"cf07ac78a1993bba",11498,1.07233400120656,NA
"cf0822905e624cee",11499,5.00009104606325,NA
"cf0a843bdee07d9e",11500,2.69921936073565,NA
"cf0a843bdee07d9e-1",11501,5.00009104606325,NA
"cf0e51ddaac4d83b",11502,0.608109079478263,NA
"cf109f2d88227157",11503,0.618329118842617,NA
"cf188e0045db9a3d",11504,NA,"edu 缺值"
"cf1cc58c2f458721",11505,NA,"sex 缺值"
"cf1d1ffc73b17327",11506,0.597051761421968,NA
"cf1d24d7f068908e",11507,0.16829845267839,NA
"cf1dda5ea36cc180",11508,NA,"party_tpp 缺值"
"cf1e929805ecf359",11509,0.207856368152516,NA
"cf20cd8b93f988a6",11510,0.0826649852446509,NA
"cf27b4eb09f913ae",11511,NA,"party_dpp 缺值"
"cf317bbf3ed7e732",11512,NA,"party_tpp 缺值"
"cf348e53ba6bfa6d",11513,NA,"party_tpp 缺值"
"cf36400ee2cd50d9",11514,0.401743698398901,NA
"cf3a593592d97f0d",11515,0.307350729610672,NA
"cf3e4e12403d6940",11516,NA,"edu 缺值"
"cf4393427efa383e",11517,5.00009104606325,NA
"cf492bf2236af5d6",11518,0.797640866365096,NA
"cf4be50a83c8670b",11519,0.27157879875813,NA
"cf4e1a1734bfc941",11520,0.314421607429191,NA
"cf4f0a3069887d5f",11521,NA,"sex 缺值"
"cf5025809b26f25b",11522,0.111511768743893,NA
"cf520045e9734430",11523,0.1512362011435,NA
"cf52160c9128247f",11524,0.529049664623895,NA
"cf52b93a9050f4f9",11525,NA,"sex 缺值"
"cf5438a27b828817",11526,0.549159501387348,NA
"cf59848db21de269",11527,NA,"party_tpp 缺值"
"cf5be9c3a34deabd",11528,0.764696611529967,NA
"cf5cfe9333d6b07f",11529,5.00009104606325,NA
"cf625774c96ed7fd",11530,0.16829845267839,NA
"cf65be0dc1dbb794",11531,1.76785529967695,NA
"cf6b3bda129b8e9c",11532,NA,"edu 缺值"
"cf712d3012c0de96",11533,0.141599791476844,NA
"cf73c64cf9710ec3",11534,0.185100340350864,NA
"cf7857f509674aa0",11535,NA,"party_tpp 缺值"
"cf84227b4f084ee4",11536,NA,"edu 缺值"
"cf8496d34cca266d",11537,0.412125009469762,NA
"cf8fd81443c02da7",11538,NA,"sex 缺值"
"cf96f4c061a65e88",11539,NA,"edu 缺值"
"cf9a6d04209f2683",11540,NA,"party_tpp 缺值"
"cfa610450e019856",11541,0.359007928496261,NA
"cfaca8a9ef3223ec",11542,0.0836856844568212,NA
"cfafecdd3e5aee71",11543,0.345119283638798,NA
"cfb17fb1334fc649",11544,NA,"edu 缺值"
"cfb4ae185544ff88",11545,0.193448411329452,NA
"cfb5aa54e1061012",11546,5.00009104606325,NA
"cfb60359447f79c3",11547,0.217230741594507,NA
"cfbbc469f16badb4",11548,NA,"party_kmt 缺值"
"cfc89bd3f644f891",11549,0.319998172222897,NA
"cfd2774159150017",11550,0.223856450355422,NA
"cfd28d18222a8eda",11551,0.126664177798915,NA
"cfd748eaad337a18",11552,0.0863931964567863,NA
"cfd9185ce22a35ec",11553,NA,"edu 缺值"
"cfdafdfa0e0a5491",11554,0.0836856844568212,NA
"cfe5e289c994e3af",11555,0.185100340350864,NA
"cfeabd09744b675b",11556,0.317223720565632,NA
"cfeb0b3e30a2e9d9",11557,0.106699590892319,NA
"cfeb3627f3ef1a4c",11558,0.360409078911018,NA
"cfee507d938510f5",11559,2.57996532225476,NA
"cff0d4e330e1c68b",11560,NA,"edu 缺值"
"d0046c8550f88cad",11561,NA,"edu 缺值"
"d016e62ee660a2a9",11562,NA,"party_tpp 缺值"
"d0200d49428d02eb",11563,0.147985976977968,NA
"d0254905ab99475e",11564,0.670118009544355,NA
"d025e871eef3d0f8",11565,0.360409078911018,NA
"d02e475efc7a8522",11566,0.109703744645957,NA
"d03463fe762a65c0-1",11567,NA,"party_kmt 缺值"
"d03463fe762a65c0",11568,0.915450706309203,NA
"d03aea448d79bc01",11569,NA,"party_tpp 缺值"
"d03e7c0d3c2d3595",11570,0.106699590892319,NA
"d040b87f6cc6b9c2",11571,NA,"edu 缺值"
"d042426a5dfead64",11572,NA,"party_tpp 缺值"
"d0461b34b8fde6b0",11573,NA,"party_tpp 缺值"
"d04728628d89db2e",11574,1.29756155575198,NA
"d04728628d89db2e-1",11575,NA,"party_kmt 缺值"
"d04a44943b1ad330",11576,0.147101185861357,NA
"d04d0f96b8f4a26b",11577,3.00752492008486,NA
"d04eb62c0ee6ab75",11578,0.317223720565632,NA
"d04ef7397f29dadd",11579,0.2794383541969,NA
"d04f5cbe56a4d2e0",11580,NA,"edu 缺值"
"d05b653cae591267",11581,0.481672914658405,NA
"d05c16aa9f1bd003",11582,NA,"party_tpp 缺值"
"d05e25a5bd8b0e76",11583,0.131103006091378,NA
"d06f632b961cd9fe-1",11584,2.37281435462443,NA
"d06f632b961cd9fe",11585,0.161035702786106,NA
"d06fd28130a5661c",11586,0.0736746478324626,NA
"d07b471d6b643dbf",11587,NA,"party_tpp 缺值"
"d07d59424eee0271",11588,NA,"party_dpp 缺值"
"d09420a5556f9bb5",11589,0.143405581745165,NA
"d094abdb7c58b316",11590,0.321140614770656,NA
"d09acf417b026134",11591,0.0826649852446509,NA
"d09cc2b1d0f90ebf-1",11592,0.483270676621923,NA
"d09cc2b1d0f90ebf",11593,0.147101185861357,NA
"d0a483f9a71585a1",11594,NA,"edu 缺值"
"d0a4e5ece79c089d",11595,4.68026634078251,NA
"d0af41293c245c77",11596,0.238778264953032,NA
"d0b782dff4a01966",11597,0.62959341422803,NA
"d0b825e62020ed2a",11598,0.130230439506235,NA
"d0c21d0c5aacb031",11599,NA,"edu 缺值"
"d0c5df262311a1b3",11600,NA,"sex 缺值"
"d0c6f54692a39ef6",11601,0.1512362011435,NA
"d0d01800ec0199b0",11602,0.106699590892319,NA
"d0db8d6c45e5c63d",11603,0.729045882807985,NA
"d0ee8e6a02bd7dcd",11604,NA,"party_dpp 缺值"
"d0fa968a5fc1edf9",11605,NA,"edu 缺值"
"d0fbc27763daae24",11606,1.10880413419924,NA
"d0fc60a54498ec8d",11607,NA,"edu 缺值"
"d1009a9a07a3070d",11608,NA,"age 缺值"
"d100aa6bd27c2e65",11609,NA,"party_tpp 缺值"
"d102133c2f305ad6",11610,0.0704952927516892,NA
"d10381234e0ff5e2",11611,NA,"edu 缺值"
"d10576806de800e6",11612,NA,"edu 缺值"
"d10ab24e54a37fa4",11613,5.00009104606325,NA
"d1158d7d4ca186a0",11614,0.161035702786106,NA
"d11740e41dbcad95",11615,NA,"party_kmt 缺值"
"d128981a61a4e04a-1",11616,NA,"party_kmt 缺值"
"d128981a61a4e04a",11617,0.109703744645957,NA
"d131bea9a54fa797-1",11618,NA,"party_kmt 缺值"
"d131bea9a54fa797",11619,1.3855991234668,NA
"d136d5692af446cf",11620,NA,"edu 缺值"
"d13dd8914458f705",11621,1.62728336093566,NA
"d13fd1e739dd7d1a",11622,0.427922149421554,NA
"d1451d48fbd2443a",11623,0.86636032179925,NA
"d145c31321f0c127",11624,0.106699590892319,NA
"d14960120cf2f0e6",11625,0.33153058856141,NA
"d15434f469875451",11626,NA,"sex 缺值"
"d15717583e89a6a1",11627,0.40268897211483,NA
"d15a84e3721fcac9",11628,0.481672914658405,NA
"d169bffc254bb90c",11629,1.68870037027229,NA
"d16e0720d24044b7",11630,0.241295995996585,NA
"d17824f9a716e383",11631,NA,"party_tpp 缺值"
"d17f47358acd15a6",11632,0.0704952927516892,NA
"d1834321261fe39f",11633,NA,"sex 缺值"
"d1834321261fe39f-1",11634,NA,"sex 缺值"
"d184c70c00ad66af",11635,NA,"party_tpp 缺值"
"d1872251665e898f",11636,NA,"edu 缺值"
"d1875dd0eb6ec4f9",11637,5.00009104606325,NA
"d18ea2c54113dced",11638,NA,"party_tpp 缺值"
"d19731908ecde127",11639,0.694441419898456,NA
"d19ad7e705fc62b8",11640,NA,"party_tpp 缺值"
"d1add5e914d57201",11641,0.174625325219644,NA
"d1b263aff3324154",11642,5.00009104606325,NA
"d1b3a9ca86771ac9",11643,0.117169505819394,NA
"d1b4e02c5d370529",11644,0.321140614770656,NA
"d1b76fa0c8315a91",11645,0.564495177014209,NA
"d1c4d603fd0f685f",11646,2.09597765767388,NA
"d1cc58b30518a739",11647,0.316245533290368,NA
"d1d0f50884f69d5e",11648,0.191167133061059,NA
"d1d4d3b5fd75ac0d",11649,NA,"edu 缺值"
"d1d517637022f2f6",11650,5.00009104606325,NA
"d1d73d59a6370d9b",11651,0.914468188906357,NA
"d1dd4bd7ad32eb9a",11652,NA,"party_tpp 缺值"
"d1e13a64b51f50f1-1",11653,NA,"party_kmt 缺值"
"d1e13a64b51f50f1",11654,0.728620518951834,NA
"d1e1f5aa0f0c6dd5",11655,0.0826649852446509,NA
"d1e27ba364ab7ea0",11656,NA,"edu 缺值"
"d1e402cc99bf322c",11657,0.270680920414285,NA
"d1e70a6038059d47-1",11658,2.69632239427121,NA
"d1e70a6038059d47",11659,0.682869326233153,NA
"d1e85e1a0c6d905a",11660,NA,"party_tpp 缺值"
"d1eaa1b202df5811",11661,NA,"party_tpp 缺值"
"d1ee6dff42ea934c",11662,1.2148840312943,NA
"d1f10cee8090a132",11663,2.70759700582491,NA
"d1f9cf79b4434982",11664,0.2794383541969,NA
"d201ef292b095ae9",11665,0.409694638368157,NA
"d20241e4a69c9017",11666,5.00009104606325,NA
"d20a3fff0823eaee",11667,5.00009104606325,NA
"d20d452461e1ce57",11668,1.44943732248566,NA
"d213a0ada038977a",11669,0.161035702786106,NA
"d21774d29782e26c",11670,0.4017712460214,NA
"d21bf293ad33723a",11671,0.122453879415099,NA
"d21c9dbe9442a4ab",11672,0.193448411329452,NA
"d22731603ad69a0e",11673,NA,"edu 缺值"
"d229fa7f66a18dcd",11674,0.526992895800938,NA
"d2341acc55302d9c",11675,NA,"party_tpp 缺值"
"d2367148bb8277ff",11676,NA,"edu 缺值"
"d23a0117b1dbc432",11677,1.5983817150522,NA
"d23b8bebff2fd5e6",11678,0.238257551076571,NA
"d23c3577bdec88e7",11679,0.148917505843435,NA
"d240a5f64625dec3",11680,0.0826649852446509,NA
"d24a8beea25ea9c5",11681,5.00009104606325,NA
"d24cbf903dd1902c",11682,NA,"edu 缺值"
"d2604a3cf02ab6ba",11683,NA,"party_kmt 缺值"
"d268fe3fd020bdb3",11684,NA,"edu 缺值"
"d26dc281c752e74b",11685,NA,"edu 缺值"
"d26fd5f62699f8fb",11686,0.228773021907763,NA
"d27ca5e131dcb8a4",11687,0.1512362011435,NA
"d27d151d8caa32fd",11688,NA,"edu 缺值"
"d296d2967fbb69e1",11689,NA,"party_tpp 缺值"
"d2a3bb601378a66d",11690,NA,"edu 缺值"
"d2a607530411cac0",11691,0.299608652671325,NA
"d2a7f918e42ec616",11692,0.316245533290368,NA
"d2a94d0528ce3be6",11693,NA,"party_tpp 缺值"
"d2b8ee6e75c00121",11694,0.564495177014209,NA
"d2bae3f3fc8badc5",11695,0.0704952927516892,NA
"d2c4361a119fb407",11696,NA,"edu 缺值"
"d2c6de3ad133333c",11697,0.125445388161949,NA
"d2cedb688c2989ec",11698,0.350539549928668,NA
"d2dbba0ed1cb6537",11699,0.126664177798915,NA
"d2e28c8c39e6122c",11700,NA,"party_dpp 缺值"
"d2ed5630aab5b0b0",11701,0.0736746478324626,NA
"d304e58ab61515ac",11702,0.147985976977968,NA
"d31a53280b4990bb",11703,0.274194142658307,NA
"d31aeb7c5d2edf2b",11704,5.00009104606325,NA
"d323ac750c7baeeb",11705,0.238300273409114,NA
"d3259b86fb8ea56f-1",11706,NA,"party_dpp 缺值"
"d3259b86fb8ea56f",11707,2.11702798308037,NA
"d329b81c392dec81",11708,5.00009104606325,NA
"d329e3ab1148a2e2",11709,0.486068939888409,NA
"d32b50d4dec86b3b",11710,0.0826649852446509,NA
"d32d1a69b1e40906",11711,0.0826649852446509,NA
"d32ebbf97e99364d",11712,0.728620518951834,NA
"d33060caa89c9de5",11713,0.106699590892319,NA
"d339b05d03d096b0-1",11714,NA,"party_tpp 缺值"
"d339b05d03d096b0",11715,3.48032973365229,NA
"d3499ec9a438a1d6",11716,0.328602099431772,NA
"d3499ec9a438a1d6-1",11717,NA,"party_kmt 缺值"
"d34b1155c7efce3a",11718,0.17953404423645,NA
"d34f149d01fad046",11719,0.16829845267839,NA
"d352425ca8e281dd",11720,NA,"sex 缺值"
"d35853d22019a8c3",11721,0.0836856844568212,NA
"d3590d743caa3315",11722,3.7047744043569,NA
"d359f89ff630cf76",11723,0.185100340350864,NA
"d35d2434d285b111",11724,NA,"edu 缺值"
"d3618b485ec02f00",11725,0.117169505819394,NA
"d373dee515cb3f2b",11726,0.0826649852446509,NA
"d373dee515cb3f2b-1",11727,NA,"party_kmt 缺值"
"d374757f0a81f3be",11728,0.424665868732917,NA
"d374ecd04d6a0419",11729,0.86636032179925,NA
"d379f0518b93d6c0",11730,0.235945903887984,NA
"d379f0518b93d6c0-1",11731,NA,"party_dpp 缺值"
"d37be22cc597cbaf",11732,NA,"edu 缺值"
"d38087c8e3d2388c",11733,NA,"sex 缺值"
"d392ce74589b3d90",11734,0.307350729610672,NA
"d392ce74589b3d90-1",11735,NA,"party_kmt 缺值"
"d394f115bd7ca205",11736,0.189870430687549,NA
"d394f115bd7ca205-1",11737,NA,"party_kmt 缺值"
"d39ea982cc9e4322",11738,0.143849474355578,NA
"d39ea982cc9e4322-1",11739,NA,"party_kmt 缺值"
"d3a4491390414af2",11740,NA,"edu 缺值"
"d3a6fd8725b8407a",11741,0.225397134049326,NA
"d3aa1d6197c42cef",11742,0.469297935118666,NA
"d3aa1d6197c42cef-1",11743,NA,"party_dpp 缺值"
"d3b1c45a6937022b",11744,0.161035702786106,NA
"d3b5286cd97202ba",11745,NA,"edu 缺值"
"d3bb549699ced711",11746,0.185100340350864,NA
"d3cbb09ba2cd1db0",11747,0.0863931964567863,NA
"d3cd384cfb0226ad",11748,5.00009104606325,NA
"d3cf0cb6b0fcdcb1",11749,NA,"edu 缺值"
"d3d07e9a1a2906e0",11750,0.914468188906357,NA
"d3d69286ff8be9f7",11751,NA,"sex 缺值"
"d3d6dcd5cae16cc5",11752,0.16829845267839,NA
"d3db64d886a1b370",11753,NA,"edu 缺值"
"d3e43329f1d3b811",11754,1.26099799399855,NA
"d3e4a9769ca19085",11755,0.231597778272698,NA
"d3f18dfe9148ca59",11756,NA,"party_tpp 缺值"
"d3f36fc445f36cbc",11757,NA,"sex 缺值"
"d3f7c2bd9ce59b2f",11758,0.469297935118666,NA
"d4040947f30612ad",11759,NA,"party_tpp 缺值"
"d406812e59b2cbea",11760,0.0704952927516892,NA
"d4090303564bb05b",11761,1.11074593937265,NA
"d414a3215778f15c",11762,NA,"sex 缺值"
"d41693087710c836",11763,0.238778264953032,NA
"d43852f5fac997e2",11764,0.323191251361309,NA
"d43a21a54ba9b679",11765,NA,"party_tpp 缺值"
"d43f4c7be6575ae7",11766,NA,"edu 缺值"
"d4421313b09c7245",11767,NA,"party_tpp 缺值"
"d442d1117479ad96",11768,0.270522990875408,NA
"d442e539715783a0",11769,NA,"party_tpp 缺值"
"d4456a263e5667b9",11770,0.0863931964567863,NA
"d44645604d45c1a2",11771,0.283456125310266,NA
"d44b7f518e14d176",11772,0.225763896503032,NA
"d44e391879c5d3da",11773,NA,"edu 缺值"
"d44fe2c840e242c1",11774,NA,"edu 缺值"
"d45365a91a43db08",11775,0.125445388161949,NA
"d454def02b94a721",11776,NA,"sex 缺值"
"d4568f2b64ad0f5e",11777,NA,"edu 缺值"
"d4585e723edecdf5",11778,1.86026382044382,NA
"d465c2a6870a088d",11779,0.317223720565632,NA
"d4770464eaf4100b",11780,NA,"party_tpp 缺值"
"d4788922e3c0c8aa",11781,1.06095481070243,NA
"d47f5b91bd58f1d0",11782,0.111511768743893,NA
"d47f6997922060c2",11783,0.228016665583315,NA
"d47f95bd77ed7994",11784,0.390068936406348,NA
"d4853e9e98beb922",11785,0.31740891368267,NA
"d48bbbe46c34d52f",11786,NA,"sex 缺值"
"d48d04ff2fd22ec6-1",11787,NA,"sex 缺值"
"d48d04ff2fd22ec6",11788,NA,"sex 缺值"
"d4a5e4593dbcb9a1",11789,NA,"party_tpp 缺值"
"d4b0d74a69348772",11790,0.469297935118666,NA
"d4bc8d8e5c359d8f",11791,0.316245533290368,NA
"d4c77f7239ed0fd7",11792,NA,"edu 缺值"
"d4cf973097f70293",11793,NA,"edu 缺值"
"d4d27ae29401b5eb",11794,0.168094563567848,NA
"d4d27ae29401b5eb-1",11795,NA,"party_tpp 缺值"
"d4d56f10fb3ce298",11796,NA,"sex 缺值"
"d4d68fb703bc59dd",11797,1.2214790580093,NA
"d4e0833268ffde85",11798,NA,"edu 缺值"
"d4e1522aca12a52b",11799,NA,"party_tpp 缺值"
"d4e2b0ecdbb8e23b",11800,NA,"party_tpp 缺值"
"d4e2fbd702586870",11801,NA,"sex 缺值"
"d4e6ace54523e9bf",11802,NA,"party_tpp 缺值"
"d4ec16321a939786",11803,5.00009104606325,NA
"d4ec16321a939786-1",11804,NA,"party_kmt 缺值"
"d4ed755fab0e4cb2",11805,NA,"party_tpp 缺值"
"d4ed9a671dd6eece",11806,NA,"edu 缺值"
"d4f035d27a0f6564",11807,1.62762951783611,NA
"d4f1e11d76cd80d7",11808,0.383663646534465,NA
"d4f447609c355107",11809,NA,"party_tpp 缺值"
"d503205e91f5f856",11810,0.143522056601192,NA
"d507807d3b771963",11811,0.158056991096045,NA
"d509c11100985f9e",11812,0.143849474355578,NA
"d50c58cdbc80a405",11813,0.147101185861357,NA
"d50c5a688d62f772",11814,5.00009104606325,NA
"d50cdba917952f4a",11815,0.543383786383836,NA
"d516e1d7598b5efd",11816,NA,"party_tpp 缺值"
"d519d9151b87a611",11817,0.601052112020434,NA
"d51ede30b830924f",11818,NA,"edu 缺值"
"d526f0abcf82a022",11819,0.0736746478324626,NA
"d528d21d734ad725",11820,0.427922149421554,NA
"d528d21d734ad725-1",11821,NA,"party_dpp 缺值"
"d53366ecae7fa5ce",11822,0.481391881251299,NA
"d539d33be58bb27e",11823,0.370839403919046,NA
"d539d33be58bb27e-1",11824,NA,"party_kmt 缺值"
"d53b43405f4f488e",11825,5.00009104606325,NA
"d53c2fca5f7c8bd4",11826,NA,"edu 缺值"
"d53cae91a986350a",11827,NA,"party_tpp 缺值"
"d541b90e1b80367c",11828,NA,"party_tpp 缺值"
"d5451a0518683747",11829,0.109703744645957,NA
"d550b0935e3e9ebd-1",11830,0.451164551441784,NA
"d550b0935e3e9ebd",11831,0.137328507079303,NA
"d5516caa64826591",11832,NA,"edu 缺值"
"d551b087955fa185",11833,NA,"party_tpp 缺值"
"d55b54328f993a02",11834,0.158056991096045,NA
"d568692b083776bb",11835,0.544360488546779,NA
"d56ce323625b32c8",11836,NA,"party_tpp 缺值"
"d571e00087abfc17",11837,0.14517627055464,NA
"d582180014e31a16",11838,NA,"edu 缺值"
"d5882dd2dd1cb6a6",11839,NA,"edu 缺值"
"d58876a3b784b314",11840,0.625707901789997,NA
"d58876a3b784b314-1",11841,NA,"party_kmt 缺值"
"d58a5979eb419e36",11842,NA,"party_tpp 缺值"
"d58abdfa4c38360c",11843,NA,"sex 缺值"
"d58fd3b42f007f41",11844,NA,"edu 缺值"
"d5987135ed996146",11845,0.143405581745165,NA
"d59c0b36965f0ef4",11846,0.163024078087676,NA
"d59d384825d24472",11847,5.00009104606325,NA
"d5a034683e555821",11848,0.141599791476844,NA
"d5aab60140da2a2c",11849,0.191167133061059,NA
"d5ac34c707a826a9",11850,NA,"edu 缺值"
"d5b3bac76f85b1d2",11851,0.0863931964567863,NA
"d5b664430984f975",11852,NA,"edu 缺值"
"d5cf9e52030d0a2a",11853,0.761481483967541,NA
"d5d5e5530f9ef77e",11854,0.214196151137979,NA
"d5dfc7a0022fd0a3",11855,0.0704952927516892,NA
"d5e40261d96ff934",11856,0.117169505819394,NA
"d5e4192c1353ba9c",11857,0.170238235700995,NA
"d5e6b837e48ae493",11858,NA,"party_tpp 缺值"
"d5e926fdc060c6c1",11859,0.0863931964567863,NA
"d5e926fdc060c6c1-1",11860,NA,"party_kmt 缺值"
"d5eb99e2522bdd9c",11861,NA,"sex 缺值"
"d5f01e0dc3d62b37",11862,NA,"edu 缺值"
"d5f590ecd29606cd",11863,NA,"party_tpp 缺值"
"d5fa2a9413ec1bb4",11864,0.481391881251299,NA
"d5fea02a5e651bfa",11865,0.137641795450903,NA
"d5ff0956e6208b33",11866,NA,"edu 缺值"
"d6037ac7db3dbc9e",11867,0.984302576831165,NA
"d60861338dac417c",11868,0.37657952957204,NA
"d60b76a24fc6c8ac",11869,0.710315479646997,NA
"d60d7212ffc18d93",11870,0.359007928496261,NA
"d60fa56063522481",11871,NA,"edu 缺值"
"d61272e39f5b7e4f",11872,3.12083432081933,NA
"d61275b11dfaf1a7",11873,0.481391881251299,NA
"d6157e3405218e40",11874,2.08896256371023,NA
"d61982c9c4885a37",11875,0.122293839857739,NA
"d61fb09c0b435f9b",11876,0.0704952927516892,NA
"d620576ac6db2922",11877,NA,"sex 缺值"
"d6241bb7d93ca125",11878,NA,"edu 缺值"
"d6250da38ca3f225",11879,0.74235088287771,NA
"d62801e2d8afc18e",11880,0.486068939888409,NA
"d628a2c61e1682c3",11881,4.04056606280493,NA
"d62b96cd323e2dbd",11882,3.88653726077979,NA
"d62e8b19eb9a6c15-1",11883,NA,"party_kmt 缺值"
"d62e8b19eb9a6c15",11884,0.267379474007893,NA
"d6393f70748db306",11885,NA,"edu 缺值"
"d63b22e5c3a4d60b",11886,0.564495177014209,NA
"d63c6d76e7a8ffbf",11887,1.6811922142635,NA
"d63c6d76e7a8ffbf-1",11888,NA,"party_kmt 缺值"
"d643fc9b4d2b8734",11889,NA,"party_tpp 缺值"
"d647399f5eb93845",11890,0.0826649852446509,NA
"d65b08f9a2729bdd",11891,NA,"edu 缺值"
"d665587d660c289c",11892,0.117169505819394,NA
"d66694c925549c95",11893,0.0935534866653076,NA
"d66694c925549c95-1",11894,NA,"party_kmt 缺值"
"d666a59095496976",11895,NA,"edu 缺值"
"d66ab51f2c3cc19e",11896,0.567890529098339,NA
"d66d69cba9e30647",11897,NA,"sex 缺值"
"d67527656dd60a54",11898,NA,"edu 缺值"
"d67a5b951c5e4900",11899,NA,"sex 缺值"
"d67eea82e7ccbef9-1",11900,NA,"party_kmt 缺值"
"d67eea82e7ccbef9",11901,1.89745531405295,NA
"d680294142d8e63a",11902,0.653282721236478,NA
"d6821b4264324d35",11903,0.897435475821293,NA
"d68c8a5eeaddb1f8",11904,NA,"party_tpp 缺值"
"d6952143ab6ad413",11905,0.132602888246019,NA
"d6967405655d5499-1",11906,0.27157879875813,NA
"d6967405655d5499",11907,0.0826649852446509,NA
"d69908d66a9c7ad9",11908,NA,"party_tpp 缺值"
"d6a00a1ddacc7e45",11909,2.3089926528666,NA
"d6a856088e50b8a4",11910,5.00009104606325,NA
"d6aa1010674827d0",11911,0.109703744645957,NA
"d6ad264a3e17ae25",11912,0.17953404423645,NA
"d6b1d2e61e9ac5d4",11913,0.428903367081198,NA
"d6b9d07567a6ed7e",11914,NA,"edu 缺值"
"d6bdf7aa587b5a72",11915,0.118616246805632,NA
"d6ce6c6e1c7802b0",11916,0.270522990875408,NA
"d6cfeae7b100c655",11917,0.231597778272698,NA
"d6d024b807ea3313",11918,0.308605683994492,NA
"d6d0f3708e4a794d",11919,0.244931651230463,NA
"d6d6b045e2ce32e3",11920,0.299608652671325,NA
"d6de4210f0798afa-1",11921,NA,"sex 缺值"
"d6de4210f0798afa",11922,NA,"sex 缺值"
"d6e6e8a8a9f4d400",11923,NA,"edu 缺值"
"d6f6837e88284f8c",11924,NA,"edu 缺值"
"d6f8ca88f84bbd67",11925,0.426181991008403,NA
"d6fb89347f1058ac",11926,1.90820336748497,NA
"d703b48ae4c0c16c",11927,0.427922149421554,NA
"d703b48ae4c0c16c-1",11928,NA,"party_dpp 缺值"
"d7040095e2e00d16",11929,NA,"sex 缺值"
"d7050e89cf9cbd7b",11930,0.469297935118666,NA
"d70947a23375d3b4",11931,NA,"edu 缺值"
"d71697ede290b431",11932,0.185100340350864,NA
"d7207d8e5acddb45",11933,5.00009104606325,NA
"d725fcb23864f3e9",11934,0.27157879875813,NA
"d72d2c3be3b3e445",11935,1.35608190177604,NA
"d738b76775f6b789",11936,0.0826649852446509,NA
"d738b76775f6b789-1",11937,NA,"party_tpp 缺值"
"d739b0b87a22003e",11938,1.4246110144496,NA
"d74634695d893410",11939,NA,"edu 缺值"
"d74634695d893410-1",11940,NA,"edu 缺值"
"d748945db2392465",11941,0.728620518951834,NA
"d74c83b27ed45f1b",11942,0.247514264945212,NA
"d74d744af6aeedd6",11943,0.122293839857739,NA
"d7550fbce0d1ee53",11944,NA,"edu 缺值"
"d7562f7260cfe3d6",11945,0.130230439506235,NA
"d75d3d6247c16910",11946,NA,"edu 缺值"
"d75dadb07a3f1ec1",11947,0.114651410572369,NA
"d75ee08a6d0c9e04",11948,NA,"edu 缺值"
"d760e93bee7250bc",11949,0.0863931964567863,NA
"d761ad68d9528520",11950,4.86126715819673,NA
"d76318d38a6c415e",11951,0.463844624218321,NA
"d763def76f5b822a",11952,0.231597778272698,NA
"d76c60b9605d8f63",11953,NA,"sex 缺值"
"d770946c9f80c333",11954,NA,"edu 缺值"
"d77279c60302af70",11955,5.00009104606325,NA
"d7754dae77919d23-1",11956,NA,"party_kmt 缺值"
"d7754dae77919d23",11957,0.584984773828304,NA
"d776cb5348d47175",11958,NA,"party_tpp 缺值"
"d777073fb54a2009",11959,NA,"edu 缺值"
"d778482586bdcbb2",11960,NA,"edu 缺值"
"d77c5ffa734fdbf2",11961,5.00009104606325,NA
"d77d285e17a9121d",11962,0.0704952927516892,NA
"d78147f0179dee03",11963,NA,"party_tpp 缺值"
"d781d98099d801c1",11964,NA,"edu 缺值"
"d785691bfde0e770",11965,0.458003804786937,NA
"d785691bfde0e770-1",11966,NA,"party_dpp 缺值"
"d7859511b1c5081c",11967,NA,"edu 缺值"
"d78f15feb20d0e76-1",11968,0.290760873219717,NA
"d78f15feb20d0e76",11969,0.481391881251299,NA
"d7a9d7069473c5a6",11970,2.51809097447879,NA
"d7a9d7069473c5a6-1",11971,NA,"party_kmt 缺值"
"d7aa9d769e108b93",11972,NA,"party_tpp 缺值"
"d7ac60ebda24715d",11973,NA,"party_tpp 缺值"
"d7ad6a4cbdc409f4",11974,NA,"party_tpp 缺值"
"d7b3528050eaf53f",11975,0.550313437502534,NA
"d7b3e5715776b295",11976,0.354836203663754,NA
"d7b5a2f51ea5b009-1",11977,NA,"party_tpp 缺值"
"d7b5a2f51ea5b009",11978,0.143522056601192,NA
"d7bb7a7069ceac81",11979,NA,"edu 缺值"
"d7bf388917c44420",11980,NA,"edu 缺值"
"d7c06b6fd1d24ce3",11981,0.231597778272698,NA
"d7c16b9a4aeb7431",11982,0.16829845267839,NA
"d7c92626f6d82f10",11983,0.109703744645957,NA
"d7cde13721a10a4d",11984,5.00009104606325,NA
"d7d2762e2b8f6be7",11985,NA,"sex 缺值"
"d7d49e0e0789cef8",11986,5.00009104606325,NA
"d7d60f0f61ff8186",11987,NA,"party_tpp 缺值"
"d7d67d0c05e7ecec",11988,0.414769890615208,NA
"d7d8868d7e734ba4",11989,0.0826649852446509,NA
"d7e1a4c9aef2cbe8",11990,NA,"edu 缺值"
"d7e23287b0104cc4",11991,0.149873208832532,NA
"d7e45561cadbf435",11992,NA,"party_tpp 缺值"
"d7e61460913d1ee1-1",11993,NA,"party_dpp 缺值"
"d7e61460913d1ee1",11994,0.161035702786106,NA
"d7e6ef7d2ed53533",11995,NA,"edu 缺值"
"d7ea245c0b9f7408",11996,0.147985976977968,NA
"d801b4d646adb75e",11997,0.317223720565632,NA
"d802848206709313",11998,0.866866097244371,NA
"d8075fc10c5d47d5",11999,NA,"edu 缺值"
"d807e23bf6656f33-1",12000,NA,"party_kmt 缺值"
"d807e23bf6656f33",12001,0.170238235700995,NA
"d80bd887b812d2a3",12002,NA,"edu 缺值"
"d811b7b545006008",12003,0.0999201607532301,NA
"d815f0a0fd8e715d-1",12004,NA,"party_kmt 缺值"
"d815f0a0fd8e715d",12005,1.70455583906694,NA
"d81a563a9226d66a",12006,0.4017712460214,NA
"d81a58d48c1acf87",12007,NA,"party_tpp 缺值"
"d81bbb11dc86f970",12008,NA,"party_tpp 缺值"
"d81e66a31f51be46",12009,0.163395985924161,NA
"d822f19b68e4e2dc",12010,NA,"sex 缺值"
"d8267715b8992a29",12011,0.391650743289372,NA
"d826e45aad111938",12012,5.00009104606325,NA
"d82b65a531ce6a72",12013,0.483270676621923,NA
"d834e9c750acb4ed",12014,1.5983817150522,NA
"d834e9c750acb4ed-1",12015,NA,"party_tpp 缺值"
"d83531391ea6c8ad",12016,0.228252308506251,NA
"d83531391ea6c8ad-1",12017,NA,"party_kmt 缺值"
"d83b147b79547d36",12018,NA,"party_tpp 缺值"
"d83cfe801bb8c726",12019,0.449895992224538,NA
"d83e9bf89452c6fe",12020,0.0736746478324626,NA
"d842701a329ec66a",12021,0.308605683994492,NA
"d849f11e12c402a1",12022,0.370839403919046,NA
"d84b9678cf76e1ed",12023,NA,"edu 缺值"
"d84bbac1a8318b27",12024,2.48249322972927,NA
"d85dc391440fce9b",12025,5.00009104606325,NA
"d86be4ba9019e9e7",12026,0.238257551076571,NA
"d8759f2c3137a11a",12027,0.2794383541969,NA
"d87a0fbfee4d4871",12028,0.359217514958461,NA
"d87a95ae1774eab4",12029,0.182662832831437,NA
"d87a95ae1774eab4-1",12030,NA,"party_kmt 缺值"
"d87c3f8ab0704745",12031,NA,"edu 缺值"
"d882490b99dd591f",12032,NA,"edu 缺值"
"d888c2e28be508b0",12033,0.0826649852446509,NA
"d88e6c597de2aa2b",12034,NA,"party_tpp 缺值"
"d88faa97e6d73ac0",12035,NA,"party_tpp 缺值"
"d899029294f53fe8",12036,NA,"edu 缺值"
"d8a0c10e82cf4b0a",12037,NA,"edu 缺值"
"d8a1135694d03603",12038,0.127809322181766,NA
"d8a115ef3c3076fc",12039,0.6458388780458,NA
"d8a609a9d1f894db",12040,0.143522056601192,NA
"d8a742b0ab7e2dfb",12041,NA,"edu 缺值"
"d8ae52a4ed5e9b64",12042,NA,"edu 缺值"
"d8b54cb4c7cd2a42",12043,0.269122706155871,NA
"d8b5c8b49154ccbc",12044,0.0826649852446509,NA
"d8b5c8b49154ccbc-1",12045,0.647312234268205,NA
"d8bb00f01c9c0a4a",12046,0.106699590892319,NA
"d8c7ded83b910870",12047,0.219734510927064,NA
"d8cec3d1961a4e22",12048,0.300167960686019,NA
"d8d4412c0a8f56a9",12049,4.26702470870888,NA
"d8da7f9a149a3d4a",12050,0.282723644450041,NA
"d8db0c6f0d08b6d5",12051,0.161035702786106,NA
"d8db9366828a7c69",12052,5.00009104606325,NA
"d8dc89fdbc1b7f46",12053,NA,"edu 缺值"
"d8dd8918c0c623cd",12054,0.0704952927516892,NA
"d8debd7ae196b171",12055,0.0826649852446509,NA
"d8e023fbe81ed7d2",12056,1.2148840312943,NA
"d8e73a18f62ad848",12057,0.109703744645957,NA
"d8fd287b1de980a6",12058,5.00009104606325,NA
"d9020521da22d698",12059,NA,"sex 缺值"
"d90268deebe3c6a9",12060,0.231597778272698,NA
"d9029bea18d40f92",12061,0.267379474007893,NA
"d904ac01fd0e43c5",12062,NA,"edu 缺值"
"d90dc67dde9ed2d4",12063,0.31740891368267,NA
"d90dc67dde9ed2d4-1",12064,NA,"party_kmt 缺值"
"d90ea202ff185e38",12065,0.0836856844568212,NA
"d90f3776fa8e97b3",12066,NA,"edu 缺值"
"d91336c64fa81ddf",12067,0.122293839857739,NA
"d916b093bad83da7",12068,NA,"edu 缺值"
"d91c3b3f416f58e7",12069,0.185100340350864,NA
"d91f2b9036e17749",12070,5.00009104606325,NA
"d91f2b9036e17749-1",12071,NA,"party_kmt 缺值"
"d9200d7ed5711e85",12072,0.161035702786106,NA
"d92bb5a6f8cd2869",12073,NA,"party_tpp 缺值"
"d931be434b6283be-1",12074,NA,"party_kmt 缺值"
"d931be434b6283be",12075,NA,"party_kmt 缺值"
"d9365d43928a4f4f",12076,NA,"party_tpp 缺值"
"d94243627229256e",12077,0.114651410572369,NA
"d94db4bd399014d4",12078,NA,"sex 缺值"
"d952038c26a5b7c4",12079,0.269122706155871,NA
"d952038c26a5b7c4-1",12080,NA,"party_kmt 缺值"
"d958b681a62c5b74",12081,NA,"party_tpp 缺值"
"d958dd2af718bce0-1",12082,NA,"party_dpp 缺值"
"d958dd2af718bce0",12083,0.641564792175367,NA
"d964ca4c1eceab2c",12084,0.207856368152516,NA
"d9673491675905bf",12085,5.00009104606325,NA
"d968e6a6b9f07a25",12086,0.529049664623895,NA
"d96b5096c9cf2c6d",12087,NA,"edu 缺值"
"d96c461d4cb8d339",12088,NA,"edu 缺值"
"d96e46eb6979be23",12089,0.557108388114855,NA
"d970812ba82a5bcf",12090,NA,"party_tpp 缺值"
"d97e0c15b5356899",12091,0.117169505819394,NA
"d97f98f80a9f5882",12092,NA,"sex 缺值"
"d987bafcc4e3c8f3",12093,NA,"sex 缺值"
"d987bafcc4e3c8f3-1",12094,NA,"sex 缺值"
"d988d2c20eb896a8",12095,0.189870430687549,NA
"d98bffd8dddaa59d",12096,0.975768465849945,NA
"d99502af481624d0",12097,0.833614666063227,NA
"d9958b43eded5ce1",12098,NA,"sex 缺值"
"d99bf5746612a25f",12099,NA,"edu 缺值"
"d9a5a472776e4f8b",12100,0.189870430687549,NA
"d9a856b78d69becc",12101,0.111511768743893,NA
"d9ad7f83b7d619f9",12102,NA,"party_tpp 缺值"
"d9b07a47d1502f4b",12103,NA,"party_tpp 缺值"
"d9b2630038c008de",12104,0.543383786383836,NA
"d9c937cca4e554fe",12105,2.12119386455947,NA
"d9cbabdbdf290188",12106,0.241295995996585,NA
"d9cdaefedd98dfcf",12107,NA,"sex 缺值"
"d9cdaefedd98dfcf-1",12108,NA,"sex 缺值"
"d9d0bffe4714ffc2",12109,0.308605683994492,NA
"d9d127dd9db3a036",12110,NA,"edu 缺值"
"d9d4d0a9e2eed013",12111,0.319998172222897,NA
"d9d62756fc1d73ff",12112,0.710315479646997,NA
"d9df7553f3990d2a",12113,NA,"edu 缺值"
"d9e03a51eda40aac",12114,NA,"edu 缺值"
"d9e3e6c21e8db949",12115,3.09400861962264,NA
"d9e456e423457ba6",12116,NA,"edu 缺值"
"d9e9ea284ea52be8",12117,0.137328507079303,NA
"da02c83127b55607",12118,0.203892515951466,NA
"da063caa439b5e44",12119,NA,"edu 缺值"
"da063caa439b5e44-1",12120,NA,"edu 缺值"
"da0c87212a3eac70",12121,NA,"party_tpp 缺值"
"da0cde307e87af9b",12122,5.00009104606325,NA
"da0f1747052f2bee",12123,NA,"edu 缺值"
"da1101aa255c9485",12124,0.343406303081009,NA
"da148baadb896832",12125,NA,"party_tpp 缺值"
"da33de0634e58129",12126,0.1512362011435,NA
"da35f9c8b9c35b0f",12127,NA,"edu 缺值"
"da3864c68d6e2fa6",12128,NA,"edu 缺值"
"da3ddd94036e4ba5",12129,NA,"edu 缺值"
"da408d08f8fd21e3",12130,NA,"party_tpp 缺值"
"da41b6d59616fe7b",12131,0.109703744645957,NA
"da45f30fb9eeaaf5",12132,0.522090903608683,NA
"da48dcf994b1e099",12133,0.0736746478324626,NA
"da4ad7657865f3df",12134,0.564495177014209,NA
"da4cf263b799c59e",12135,NA,"party_tpp 缺值"
"da545cf7432b1f8a",12136,NA,"edu 缺值"
"da5a62841e10257a",12137,0.0863931964567863,NA
"da5b5f39b46ca474-1",12138,NA,"party_kmt 缺值"
"da5b5f39b46ca474",12139,0.0863931964567863,NA
"da6344e140a38a75",12140,0.409694638368157,NA
"da63a7b08567c870",12141,0.370839403919046,NA
"da63bac796fe255f",12142,0.231597778272698,NA
"da660036d1b39039",12143,NA,"edu 缺值"
"da67a146a5ae1518",12144,0.476914061413288,NA
"da79e5f216a01c2c",12145,0.207856368152516,NA
"da7ab6c23b177687",12146,NA,"edu 缺值"
"da7fd53231e85ede",12147,0.177806529508921,NA
"da8439ba0b407a19",12148,NA,"edu 缺值"
"da844088c22d24d3",12149,0.0999201607532301,NA
"da846b7a6e14368f",12150,NA,"edu 缺值"
"da9fe658f5b627e0",12151,NA,"party_tpp 缺值"
"daa2448113ffa8bc",12152,NA,"edu 缺值"
"dacce1fd93a7f846",12153,NA,"party_tpp 缺值"
"dad9b5560da4da3a",12154,0.106699590892319,NA
"dadc274db81dd017",12155,0.409455600887348,NA
"dae60d99f38a4195",12156,NA,"edu 缺值"
"daf1826607f3202b",12157,0.147101185861357,NA
"daf2903af221ce1e",12158,NA,"edu 缺值"
"daf62bed0b7c0373",12159,0.141599791476844,NA
"dafd65e20280e351",12160,0.0981324511294532,NA
"dafef6c842366351",12161,0.0826649852446509,NA
"db0f8862b38984b6",12162,0.208330552169296,NA
"db14d4009b40a405",12163,5.00009104606325,NA
"db162ec8bc3f1ff3",12164,3.52671779117873,NA
"db1a2501877d43d0",12165,0.360409078911018,NA
"db2dabbafe325064",12166,0.153735485605362,NA
"db305a739a0cb640",12167,5.00009104606325,NA
"db325e630524ffe3",12168,5.00009104606325,NA
"db32e26976318426",12169,NA,"sex 缺值"
"db32fbe243a7df9c",12170,NA,"party_tpp 缺值"
"db35a9a763a94677",12171,0.0704952927516892,NA
"db38765079b3e1f6",12172,0.617968352991575,NA
"db38e6adc37654b2",12173,0.147101185861357,NA
"db3f703582f55b95",12174,1.83881255131899,NA
"db42859b0c4dbc5d",12175,0.161035702786106,NA
"db46b8e5b20d92c8",12176,0.0704952927516892,NA
"db46b8e5b20d92c8-1",12177,NA,"party_tpp 缺值"
"db5a952c353e2078",12178,0.106699590892319,NA
"db615e85459a5f6d",12179,NA,"party_tpp 缺值"
"db6dcbfc97f195fb",12180,NA,"party_tpp 缺值"
"db744557933499b4",12181,NA,"party_tpp 缺值"
"db78e689dcaaab17",12182,0.426181991008403,NA
"db7cb62dd8628d1c",12183,0.0826649852446509,NA
"db8cfd0578b472e2",12184,0.0999201607532301,NA
"db8e2b722318f47d",12185,0.231597778272698,NA
"db8f5b96bddd1965",12186,0.543701010256528,NA
"db9abdf225ebad14",12187,0.377707299639131,NA
"dba8c1713e916af2",12188,0.0981324511294532,NA
"dba8d0618b37ae64",12189,5.00009104606325,NA
"dbaef3e8378faa51",12190,NA,"edu 缺值"
"dbb64a3c6e88e4ba",12191,0.141599791476844,NA
"dbbb244a08f583d6",12192,0.27157879875813,NA
"dbc3103575c7a1d0",12193,0.460683494922433,NA
"dbc987f673284790",12194,0.122293839857739,NA
"dbcb1b3996b5638d",12195,0.163024078087676,NA
"dbd79931c69a6f60",12196,0.728620518951834,NA
"dbe7bcd7189881d2",12197,0.130230439506235,NA
"dbeb9f75f2059d74-1",12198,NA,"edu 缺值"
"dbeb9f75f2059d74",12199,NA,"edu 缺值"
"dbecab6f55ed2673",12200,NA,"sex 缺值"
"dbedffb4cddf5229",12201,NA,"party_tpp 缺值"
"dbf49fd058507483",12202,1.61645284584953,NA
"dbf60e31028ff277",12203,1.5983817150522,NA
"dbfc6c28d805ad20",12204,0.0863931964567863,NA
"dbfebac7988226aa",12205,NA,"sex 缺值"
"dc0e54b6d1c0b58a",12206,NA,"party_tpp 缺值"
"dc0f301ccc66a83d",12207,0.525461077271888,NA
"dc12dcf2a8a7299b",12208,0.0863931964567863,NA
"dc1c847d60814ff9",12209,5.00009104606325,NA
"dc1e28978c74058b",12210,NA,"edu 缺值"
"dc24e78358910c93",12211,NA,"party_tpp 缺值"
"dc256d1f0dd7afd4",12212,NA,"sex 缺值"
"dc26394192f4264c",12213,1.70455583906694,NA
"dc27a5f491516430",12214,0.439799845478686,NA
"dc2b13080e2791f7",12215,0.238300273409114,NA
"dc3003cbcc0407a0",12216,0.0863931964567863,NA
"dc36057e13092738-1",12217,NA,"edu 缺值"
"dc36057e13092738",12218,NA,"edu 缺值"
"dc37ed860a3de2ec",12219,1.3855991234668,NA
"dc3829afbac41f9a",12220,0.409694638368157,NA
"dc3cb6b0d7b36bd7",12221,0.185100340350864,NA
"dc3cb6b0d7b36bd7-1",12222,NA,"party_kmt 缺值"
"dc42b06672191226",12223,0.497256645674774,NA
"dc451dc527ba52f9",12224,0.161035702786106,NA
"dc4771c86c0a4600",12225,0.0736746478324626,NA
"dc4c14a8a1af1af1",12226,0.580701952252006,NA
"dc4ce35dbd7bc195",12227,0.359217514958461,NA
"dc51175251e6e00a",12228,0.231597778272698,NA
"dc564fc1363454b0",12229,NA,"edu 缺值"
"dc5743898119896c",12230,5.00009104606325,NA
"dc5876939059d577",12231,NA,"sex 缺值"
"dc649b78b9f4bc97",12232,NA,"edu 缺值"
"dc6a0371f85cb17e",12233,0.246748424732736,NA
"dc6a54b88509ca01",12234,NA,"edu 缺值"
"dc6bca52733ae20c",12235,0.319478322430065,NA
"dc7155fbfa1a76b8",12236,NA,"edu 缺值"
"dc73604e7101a8d6",12237,0.216840920771329,NA
"dc77333380326e86",12238,0.149873208832532,NA
"dc7957be5035f0ef",12239,0.0826649852446509,NA
"dc7a7ed5bd6c975e",12240,NA,"party_tpp 缺值"
"dc7d6febfb6781cf",12241,0.86636032179925,NA
"dc7f2ce8df77bbc0",12242,NA,"edu 缺值"
"dc80209e7ac16abc",12243,NA,"party_tpp 缺值"
"dc814fe8cba49b95",12244,0.624795234497572,NA
"dc829b15aa16f46a",12245,0.225397134049326,NA
"dc932bbcd4a9c547",12246,0.27157879875813,NA
"dc95c688851d36ab",12247,NA,"party_tpp 缺值"
"dc9d0e6e0307dec8",12248,0.294616007802654,NA
"dc9e521108585ab4",12249,5.00009104606325,NA
"dca5668b91e1a920",12250,NA,"party_tpp 缺值"
"dca827721f74f249",12251,0.590396809627575,NA
"dcabd45b4b3a307c",12252,0.323191251361309,NA
"dcb4bfc59817e481",12253,0.177806529508921,NA
"dcb754739d22702c",12254,0.174625325219644,NA
"dcb75ad05c5f779a",12255,0.0704952927516892,NA
"dcb8780da92023e2",12256,0.359007928496261,NA
"dcbd57d6abb7f9d1",12257,0.420983926067105,NA
"dcbf62536e8a0c8c",12258,0.106699590892319,NA
"dcc17ac6bba22466",12259,0.16829845267839,NA
"dcc17ac6bba22466-1",12260,NA,"party_dpp 缺值"
"dcc2ae74d30bee1a",12261,NA,"edu 缺值"
"dccaff6755110d14",12262,1.02846521641355,NA
"dcdd4492aec38fbe",12263,0.409455600887348,NA
"dce5d6bf8ec86bc4",12264,0.350539549928668,NA
"dceb25b821998b74",12265,NA,"edu 缺值"
"dcec310051ef3783",12266,NA,"edu 缺值"
"dcee8aefc5228956",12267,0.401743698398901,NA
"dcee8aefc5228956-1",12268,NA,"party_kmt 缺值"
"dceee0c087c498fe",12269,NA,"edu 缺值"
"dcef9fb14249755b",12270,0.0981324511294532,NA
"dcf81ffc838ab441",12271,NA,"edu 缺值"
"dcf85c640f91bab7",12272,NA,"edu 缺值"
"dcfd07a7988222ea",12273,0.148917505843435,NA
"dcff813f904c9512",12274,NA,"edu 缺值"
"dd04707ab710f147",12275,NA,"edu 缺值"
"dd06cd883aaff542",12276,0.122293839857739,NA
"dd06d8f5ecd85ae7",12277,1.50294475443083,NA
"dd0b075ddb9e6858",12278,NA,"edu 缺值"
"dd1038ba96728660",12279,0.207856368152516,NA
"dd1038ba96728660-1",12280,NA,"party_kmt 缺值"
"dd10fc939951932a",12281,0.106699590892319,NA
"dd1419d3c169608c",12282,NA,"edu 缺值"
"dd1471d157230c78",12283,NA,"edu 缺值"
"dd1471d157230c78-1",12284,NA,"edu 缺值"
"dd15175a8fc33387",12285,5.00009104606325,NA
"dd1cb47e1a7c6a54",12286,0.401743698398901,NA
"dd1dafaf58261956",12287,0.0935534866653076,NA
"dd20a197ec8b39c4",12288,0.0981324511294532,NA
"dd238d28bb0d9ec8",12289,NA,"party_tpp 缺值"
"dd296fadd2338317",12290,2.08643184098348,NA
"dd2b85914a56ab3d",12291,NA,"party_dpp 缺值"
"dd2b8c4eec7d5d14",12292,0.126664177798915,NA
"dd2d89a43af9589f",12293,1.07233400120656,NA
"dd2ec62594fe0ce5",12294,NA,"sex 缺值"
"dd34debc0b2eab5d",12295,0.223856450355422,NA
"dd3ea4edd6ba881b",12296,0.203263341729211,NA
"dd40b5000b637195",12297,NA,"party_tpp 缺值"
"dd48e9c02c8f2b6d",12298,NA,"party_tpp 缺值"
"dd49e238c2bdee9b",12299,NA,"edu 缺值"
"dd52091b9b88cb4d",12300,NA,"party_kmt 缺值"
"dd52824d22a3ffed",12301,NA,"edu 缺值"
"dd53e94bd9fbabe9",12302,1.02605850949637,NA
"dd53e94bd9fbabe9-1",12303,NA,"party_kmt 缺值"
"dd5d8d05c9a21f61",12304,4.1194619912105,NA
"dd5f5cffb12f2cb6",12305,0.163024078087676,NA
"dd61a90ad031050d",12306,0.191167133061059,NA
"dd654b73ab680fb6",12307,4.26205180551276,NA
"dd68d5be0611d598",12308,0.377707299639131,NA
"dd692e41975dd70d",12309,0.614134941615733,NA
"dd6eb99ff77dca48",12310,0.147101185861357,NA
"dd7bc28979276b0f",12311,0.623780229721267,NA
"dd81bfc6c2716da3",12312,0.207856368152516,NA
"dd85b10d1604e59c",12313,0.0999201607532301,NA
"dd8ae38b12a49448",12314,4.13348921944869,NA
"dd8d16496268d573",12315,0.543383786383836,NA
"dd95bae0c7ffc507",12316,0.15549429433347,NA
"dd9aefdc134846b9",12317,NA,"edu 缺值"
"dda39741ae42c550",12318,NA,"party_tpp 缺值"
"dda6438c2e447b16",12319,0.228016665583315,NA
"dda6438c2e447b16-1",12320,NA,"party_dpp 缺值"
"dda787a66d237a2f",12321,NA,"party_tpp 缺值"
"ddacc9c27bb519cc",12322,0.995911534935665,NA
"ddadc1f4673f4f50",12323,0.158056991096045,NA
"ddb23ebcfe4480f7-1",12324,NA,"party_kmt 缺值"
"ddb23ebcfe4480f7",12325,0.219734510927064,NA
"ddb3f1b76534a51d",12326,0.409455600887348,NA
"ddb884d179b4f638-1",12327,NA,"party_dpp 缺值"
"ddb884d179b4f638",12328,5.00009104606325,NA
"ddb9fbdc55c979c7",12329,1.83013947808549,NA
"ddbc41ab4074c335",12330,0.694441419898456,NA
"ddbc927a5c79a89d",12331,0.122453879415099,NA
"ddcff1ccfcf3076e",12332,NA,"sex 缺值"
"ddcff1ccfcf3076e-1",12333,NA,"sex 缺值"
"ddd7b1f047eedd2c",12334,0.217904966921292,NA
"dddc1fd6561a55fb",12335,0.238778264953032,NA
"dde4d4aaa751b0b8",12336,NA,"party_tpp 缺值"
"ddee1c5093e889a2",12337,NA,"edu 缺值"
"ddf122bb189e196e",12338,NA,"party_tpp 缺值"
"ddf23df737d80203",12339,0.282723644450041,NA
"ddf5beaafb91cf9b",12340,NA,"edu 缺值"
"ddf5ca9e56a2d85d",12341,0.125445388161949,NA
"ddf5ca9e56a2d85d-1",12342,NA,"party_kmt 缺值"
"ddfd36b4d00cb406-1",12343,NA,"party_dpp 缺值"
"ddfd36b4d00cb406",12344,5.00009104606325,NA
"ddffbdc341dc7425",12345,0.137641795450903,NA
"ddffbdc341dc7425-1",12346,NA,"party_kmt 缺值"
"de06293e3f5650a8",12347,NA,"edu 缺值"
"de08430f1b80543e",12348,NA,"party_tpp 缺值"
"de0d73e4ef95fa5b",12349,0.147101185861357,NA
"de0d73e4ef95fa5b-1",12350,NA,"party_dpp 缺值"
"de1059d5a43b33a1",12351,NA,"edu 缺值"
"de10b45b1a4b015c",12352,0.0826649852446509,NA
"de13e1659a6a76c1",12353,NA,"edu 缺值"
"de1b063614aa5e14",12354,NA,"edu 缺值"
"de1e3648f45cbfc1",12355,2.08896256371023,NA
"de1f3ff9afcb9ad6",12356,0.0704952927516892,NA
"de267fd4b465bd41",12357,NA,"edu 缺值"
"de291fe98fa5d069",12358,0.427922149421554,NA
"de365ce53db8de45",12359,NA,"sex 缺值"
"de39fbfa090e0bc4",12360,0.141599791476844,NA
"de402615a1490f21",12361,0.2794383541969,NA
"de446c3b1ca71d2c",12362,NA,"edu 缺值"
"de44a25052996846",12363,5.00009104606325,NA
"de685fe2bfb66f55",12364,NA,"party_tpp 缺值"
"de6ff2cfe3f91bf1",12365,0.207856368152516,NA
"de70a2caf0884cfd",12366,NA,"party_tpp 缺值"
"de7b3f448dd8daa3-1",12367,NA,"party_kmt 缺值"
"de7b3f448dd8daa3",12368,0.168682392978214,NA
"de84618555970bc2",12369,1.57218751197137,NA
"de87cd571066b4eb",12370,0.360409078911018,NA
"de89918c425c3442",12371,NA,"edu 缺值"
"de8a7a883808e23f",12372,NA,"edu 缺值"
"de8c5560dfe1d193",12373,0.1512362011435,NA
"de9e8df9d4ec03d9",12374,0.280226278752786,NA
"dea04087dc0c9e71-1",12375,NA,"party_kmt 缺值"
"dea04087dc0c9e71",12376,0.444188357143988,NA
"dea23815389ddb96",12377,NA,"party_tpp 缺值"
"dea23d65aeb35c65",12378,0.235945903887984,NA
"dea2d8f3aa677994",12379,5.00009104606325,NA
"dea3b8578cfc3ceb",12380,0.282723644450041,NA
"deadb970dc7a1cee",12381,5.00009104606325,NA
"deae911f6d50d646",12382,0.114651410572369,NA
"deb8e617dbda6771",12383,0.4847641311121,NA
"debc6a8261d288e7",12384,0.270680920414285,NA
"debd44c8e7286a69-1",12385,NA,"party_kmt 缺值"
"debd44c8e7286a69",12386,0.0826649852446509,NA
"debfae8fabcb1cd1",12387,NA,"edu 缺值"
"dec4020d7552299f",12388,0.571465235506897,NA
"dec4020d7552299f-1",12389,NA,"party_kmt 缺值"
"decccbc0de0d9672",12390,NA,"edu 缺值"
"dece3cb8f95d9d32",12391,1.3841120141743,NA
"ded60b40e190154f",12392,4.66479271099245,NA
"ded97f5d52804800",12393,NA,"party_tpp 缺值"
"dedb21a07452ebe2",12394,0.122293839857739,NA
"dedb93b12eaecdea",12395,0.231070635404622,NA
"dedc3ac655d265d9",12396,0.106699590892319,NA
"dedc640b4e7c8c57",12397,0.143405581745165,NA
"dee818f4c2a7cd65",12398,0.17953404423645,NA
"deed62de2d6965c8",12399,0.469297935118666,NA
"df00d6c79cb70134",12400,0.125445388161949,NA
"df00d6c79cb70134-1",12401,0.412125009469762,NA
"df020ec4cc1f5a23",12402,NA,"edu 缺值"
"df120f19b69ee59f",12403,0.405752469491046,NA
"df190ab56b859b2e",12404,0.14517627055464,NA
"df19303d71937ba1",12405,NA,"edu 缺值"
"df1b62a66b915337",12406,0.4847641311121,NA
"df3092942ed8fd4f",12407,NA,"edu 缺值"
"df341307281b5848",12408,0.254274446084471,NA
"df34c36ac57b1bf0",12409,NA,"edu 缺值"
"df368582616498a4",12410,0.465761234792302,NA
"df3903a6e32e5e2f",12411,5.00009104606325,NA
"df3a76c43b15b7ea",12412,0.682869326233153,NA
"df3c0a0f47087d54",12413,0.311452109748683,NA
"df43dd113f84225c",12414,5.00009104606325,NA
"df486e33ebdfac3e",12415,0.318303902769141,NA
"df498339dd3125cd",12416,4.78585067343991,NA
"df510975d5f9f80f",12417,NA,"sex 缺值"
"df5251a5569ddbcf",12418,NA,"edu 缺值"
"df526552bac56735",12419,1.02605850949637,NA
"df526552bac56735-1",12420,NA,"party_tpp 缺值"
"df5a93dc7e7ab729",12421,0.269122706155871,NA
"df5c1f0ec61c1883",12422,NA,"sex 缺值"
"df5e90a983c7f92e",12423,5.00009104606325,NA
"df5f2646a074b3cd",12424,NA,"edu 缺值"
"df631e4a130cd0ea",12425,NA,"edu 缺值"
"df67728086441305-1",12426,0.231597778272698,NA
"df67728086441305",12427,0.0704952927516892,NA
"df67d4cdac3bc5a8",12428,1.21358014382667,NA
"df6a1e56856dd636",12429,NA,"party_tpp 缺值"
"df6a246ff35fe445",12430,0.497339493660158,NA
"df6d62044df3adf3",12431,NA,"edu 缺值"
"df6e5c57c16bbac3",12432,NA,"sex 缺值"
"df72e8cb4ff1aba4",12433,NA,"sex 缺值"
"df74765481d0b8e9",12434,0.147101185861357,NA
"df776b2040312cbf",12435,0.915450706309203,NA
"df7ae45ecc129f27",12436,1.07348613184449,NA
"df7f578af3f33ad2",12437,5.00009104606325,NA
"df968179853336ee",12438,NA,"party_dpp 缺值"
"df975d041e2e9bc3",12439,0.137328507079303,NA
"df9c01bbd3c692e2",12440,0.106699590892319,NA
"df9c01bbd3c692e2-1",12441,NA,"party_kmt 缺值"
"df9cbe974ed25997",12442,0.550313437502534,NA
"df9feb515c811668",12443,0.161035702786106,NA
"dfa411fa67faf303",12444,NA,"edu 缺值"
"dfa484ce0ac7ded0",12445,0.914468188906357,NA
"dfa50a5a72ef9276",12446,0.0826649852446509,NA
"dfa78cfcbb07a130",12447,0.294616007802654,NA
"dfb08472545ca4f3",12448,0.0826649852446509,NA
"dfb87a0adf7bb023",12449,NA,"party_tpp 缺值"
"dfba22fe60b0775e",12450,0.4017712460214,NA
"dfbdf4643860c53e",12451,5.00009104606325,NA
"dfc782a007dc2a82",12452,NA,"edu 缺值"
"dfd73773ffcd7e2c",12453,NA,"edu 缺值"
"dfd8994b88800b13",12454,0.445661778713033,NA
"dfe227d733974b21",12455,0.109703744645957,NA
"dfe2b59bbe47ed20",12456,0.564495177014209,NA
"dfe3b269bfc398e1",12457,NA,"party_tpp 缺值"
"dfe9d4c3d97c4065",12458,0.254274446084471,NA
"dff179ace77a9d93",12459,NA,"edu 缺值"
"dff213d3027e30eb",12460,1.68881727292147,NA
"dff4ce7c8b772c89",12461,NA,"party_tpp 缺值"
"dff5bda4bb546fa0",12462,0.137328507079303,NA
"dff5bda4bb546fa0-1",12463,NA,"party_kmt 缺值"
"dff68435b7f154bd",12464,NA,"sex 缺值"
"dffaac6e2efbb4e8",12465,0.231597778272698,NA
"dffb3fc205d9bfc6",12466,0.0981324511294532,NA
"e011ef0da82adf2f",12467,NA,"party_tpp 缺值"
"e013335cfbd5b2eb",12468,0.580701952252006,NA
"e0138aacaed1a674",12469,0.0935534866653076,NA
"e014cc15727b5ca0",12470,0.0704952927516892,NA
"e019c801e1829974",12471,0.161403074529731,NA
"e01e981ab5875766",12472,NA,"edu 缺值"
"e0259dc539d4c4a7",12473,1.27553206998897,NA
"e0270b0cf44c7131",12474,0.350539549928668,NA
"e031c270b6464532",12475,0.503102773762811,NA
"e0360e188794ab9e",12476,5.00009104606325,NA
"e038dd56b417efea",12477,0.738280930056031,NA
"e038dd56b417efea-1",12478,NA,"party_kmt 缺值"
"e03e70bcdc16ceed",12479,0.111511768743893,NA
"e04852cd86c3df92",12480,1.4246110144496,NA
"e048d3fcb2de20e1",12481,0.161035702786106,NA
"e0525bd236b3e629",12482,0.15549429433347,NA
"e05b8cacb4565e14",12483,NA,"party_tpp 缺值"
"e05dd30f3425793f",12484,NA,"sex 缺值"
"e062af9de3c9cd07",12485,0.956737758829911,NA
"e065b7bf66dc4d5b",12486,NA,"party_tpp 缺值"
"e067b0daa52e833d",12487,NA,"party_tpp 缺值"
"e068cdc0ce423ca0",12488,0.228016665583315,NA
"e0693793fbdf7384",12489,NA,"party_tpp 缺值"
"e06a9c01c4fc1324",12490,0.564495177014209,NA
"e06b24417921ebae",12491,NA,"party_dpp 缺值"
"e06bb29e81ba3d47",12492,1.07233400120656,NA
"e0787c844770de3d",12493,NA,"edu 缺值"
"e07d978372cee156",12494,0.564495177014209,NA
"e0902b521803cd05",12495,0.141599791476844,NA
"e090a09e31f127e1",12496,NA,"edu 缺值"
"e093339377a7c308",12497,0.106699590892319,NA
"e09a0fa8e7ed40b5",12498,0.143405581745165,NA
"e0a41519529f418d",12499,NA,"party_tpp 缺值"
"e0a471c640387b1b",12500,0.225763896503032,NA
"e0b808fc2dcbac8a",12501,0.763165825157738,NA
"e0b808fc2dcbac8a-1",12502,NA,"party_kmt 缺值"
"e0ba90b8571205a0",12503,0.0981324511294532,NA
"e0bff2dbcc35e0a1",12504,0.321140614770656,NA
"e0c17f5481e2480b",12505,0.117169505819394,NA
"e0ca286d71293b10",12506,0.131103006091378,NA
"e0ccd829d9909cb7",12507,0.109703744645957,NA
"e0d27a2e19d6a4a5",12508,0.317223720565632,NA
"e0d55b534d0f5316-1",12509,NA,"party_kmt 缺值"
"e0d55b534d0f5316",12510,0.111058302750587,NA
"e0dc1616a3d0a533",12511,0.246748424732736,NA
"e0de358c40a287d5",12512,NA,"party_tpp 缺值"
"e0e0a77d1f935c25",12513,0.409455600887348,NA
"e0e152acd28a422a",12514,0.14517627055464,NA
"e0e621df5df8a36e",12515,5.00009104606325,NA
"e0e7f7e304f58307",12516,0.0935534866653076,NA
"e0f31b7c17d38ec5",12517,5.00009104606325,NA
"e0f7e7d6667777be",12518,0.405752469491046,NA
"e0f92d6aadd1c3c6",12519,NA,"edu 缺值"
"e0fa666cbb0f69ea",12520,0.143405581745165,NA
"e0fe393e0dfa3e6a",12521,NA,"edu 缺值"
"e1030c78df483d8d",12522,NA,"edu 缺值"
"e10f64cc7d59d3fb",12523,0.969082662053173,NA
"e1134ca5370e929e",12524,0.481391881251299,NA
"e11589aae1fd7f4d",12525,0.16829845267839,NA
"e11bfab8ffa5d410",12526,1.83881255131899,NA
"e123d9619284c453",12527,0.270522990875408,NA
"e1288a05a3db7e5c",12528,0.0704952927516892,NA
"e1348b9e88c673ff",12529,NA,"party_tpp 缺值"
"e1388ff91443e785-1",12530,NA,"party_dpp 缺值"
"e1388ff91443e785",12531,0.15549429433347,NA
"e139e892ce5a0f33",12532,0.401743698398901,NA
"e13d12d983576f85",12533,NA,"sex 缺值"
"e14a63d7817eb1a4",12534,1.32392498227484,NA
"e14c2b69e5ab5c92",12535,1.78143172759595,NA
"e16702cb2016fa36",12536,0.317223720565632,NA
"e1678772f558594e",12537,0.137328507079303,NA
"e16bd7039afbb6a0",12538,0.984302576831165,NA
"e17c3d3724ddb67d",12539,0.223856450355422,NA
"e1877cdf677e6d29",12540,NA,"party_tpp 缺值"
"e19baf700ba644ae",12541,NA,"party_tpp 缺值"
"e19c061c935daa3f",12542,0.127809322181766,NA
"e19c4d7b7e086533",12543,NA,"party_tpp 缺值"
"e1a223f7a79c7af0",12544,5.00009104606325,NA
"e1a7a6ed973370dc",12545,NA,"edu 缺值"
"e1b68a7dcfb5e4c2",12546,0.47865988928455,NA
"e1b72b0e56feedce",12547,1.54257610414205,NA
"e1ba84942d6edd10",12548,0.147985976977968,NA
"e1bc91aad4d6d4f3",12549,0.0826649852446509,NA
"e1be5ced96f73db6",12550,0.360409078911018,NA
"e1c425a4f6603008",12551,0.383663646534465,NA
"e1cd9e0d1f7a29c4",12552,0.401743698398901,NA
"e1d557cbfb4faf83",12553,5.00009104606325,NA
"e1d9960fdd1c9c34",12554,NA,"party_tpp 缺值"
"e1ee2b70a52d2acb",12555,0.177806529508921,NA
"e1f863b9edafdf64",12556,NA,"edu 缺值"
"e1fd4ace4bcbb93b-1",12557,NA,"party_kmt 缺值"
"e1fd4ace4bcbb93b",12558,0.143405581745165,NA
"e206dba79b9771eb",12559,0.770642836222907,NA
"e20fd153185fed20-1",12560,NA,"party_kmt 缺值"
"e20fd153185fed20",12561,NA,"party_kmt 缺值"
"e213f6af91e2a8a4",12562,0.16829845267839,NA
"e2186f46b78446a3",12563,0.109703744645957,NA
"e2188da64b2a5c1a",12564,NA,"edu 缺值"
"e21afd2db53f4729",12565,0.623780229721267,NA
"e223283b0b91b102",12566,0.401743698398901,NA
"e22653568bdbc2a2-1",12567,NA,"sex 缺值"
"e22653568bdbc2a2",12568,NA,"sex 缺值"
"e230dc5d4321c410",12569,NA,"party_tpp 缺值"
"e234f0cd2122b0b4",12570,5.00009104606325,NA
"e23f4f45aa42fdbb",12571,NA,"edu 缺值"
"e240f29b9dbc1186",12572,NA,"party_tpp 缺值"
"e24118823031757e",12573,5.00009104606325,NA
"e2414cca7cdff439",12574,0.137328507079303,NA
"e2538146ac7cece5",12575,NA,"edu 缺值"
"e25a68125536f849",12576,NA,"edu 缺值"
"e26086ada894e855",12577,0.0704952927516892,NA
"e26a50a8a63288ba",12578,0.122293839857739,NA
"e26c4c02f82abc85-1",12579,NA,"party_kmt 缺值"
"e26c4c02f82abc85",12580,0.276473063286616,NA
"e27080b173f7d407",12581,NA,"sex 缺值"
"e274a39387589d07",12582,0.231597778272698,NA
"e276cf61ae85baa8",12583,NA,"party_tpp 缺值"
"e278ac5b8ba789da",12584,0.469297935118666,NA
"e27a120c11c149a7",12585,5.00009104606325,NA
"e28a5be489e25a8f",12586,NA,"edu 缺值"
"e28f1e420edb08aa",12587,1.86226251389172,NA
"e2936f71ed267c1a",12588,NA,"edu 缺值"
"e29740f614369e52",12589,0.800583630114224,NA
"e29aedb6c9a6aaaf",12590,0.550313437502534,NA
"e29af0f2db828263",12591,0.114651410572369,NA
"e29efaf84399d1d5",12592,0.4847641311121,NA
"e29f807ff805f56d",12593,0.47112952975556,NA
"e2a8b79b25d75af8",12594,NA,"edu 缺值"
"e2ab0c772c0964a5",12595,NA,"edu 缺值"
"e2ab0c772c0964a5-1",12596,NA,"edu 缺值"
"e2b6703ff492b653",12597,NA,"edu 缺值"
"e2b7afba035deb46",12598,0.231597778272698,NA
"e2b7de8e591a6325",12599,0.0977727719756202,NA
"e2bc9c7767e16180",12600,NA,"party_tpp 缺值"
"e2c14852e4af3905",12601,0.529049664623895,NA
"e2c4ef93ad1fa60e",12602,0.33153058856141,NA
"e2c81a9ceab1cb84-1",12603,NA,"edu 缺值"
"e2c81a9ceab1cb84",12604,NA,"edu 缺值"
"e2ce7767540fbc6f",12605,5.00009104606325,NA
"e2d533ac4113d503",12606,0.337767256467019,NA
"e2d70db0af0b762c",12607,0.109703744645957,NA
"e2d93b826b6ec71d",12608,0.231597778272698,NA
"e2e5877195765236",12609,NA,"edu 缺值"
"e2e79dff4bf2c92c-1",12610,NA,"party_kmt 缺值"
"e2e79dff4bf2c92c",12611,0.377707299639131,NA
"e2ed5e6abfd75bea",12612,0.282723644450041,NA
"e2fde0292f954350",12613,0.143522056601192,NA
"e2fdf8a2243bba28",12614,0.143405581745165,NA
"e2fea0cafe5dd1b6",12615,0.189870430687549,NA
"e30474fe13ae3dbb",12616,0.451164551441784,NA
"e3076e836bb8698a",12617,3.40369908340704,NA
"e31606df41572d54",12618,5.00009104606325,NA
"e3166d235d325cc4",12619,NA,"edu 缺值"
"e317606db44db2dd",12620,NA,"edu 缺值"
"e317a7a8a9f42f09",12621,0.147985976977968,NA
"e31c8001bdd45e94",12622,4.32841130964515,NA
"e31da94037a0f3d6",12623,NA,"party_tpp 缺值"
"e31e6f5eae08817b",12624,0.618329118842617,NA
"e322c7ca6763acc1",12625,0.459634926924071,NA
"e32745236dab61e1",12626,0.334430168672342,NA
"e32de0514db058f5",12627,NA,"party_tpp 缺值"
"e33597af6d62c0dd",12628,0.0704952927516892,NA
"e33c95f104e010cb",12629,0.405838781451556,NA
"e33cdd449006a9c0",12630,0.231597778272698,NA
"e3458eb7b221ef79",12631,0.170238235700995,NA
"e346d1de79de2f24",12632,0.763165825157738,NA
"e346d1de79de2f24-1",12633,NA,"party_kmt 缺值"
"e34b1586415815b4",12634,0.682869326233153,NA
"e34cd3b596d14c6a",12635,0.161035702786106,NA
"e34fa5a582cc4bac",12636,NA,"party_tpp 缺值"
"e35f72b97c4c1a09",12637,0.0826649852446509,NA
"e364cf0b2c4963b4",12638,0.137328507079303,NA
"e367691d019b4ab3",12639,0.409694638368157,NA
"e36992e6dc98d6f6",12640,NA,"sex 缺值"
"e36992e6dc98d6f6-1",12641,NA,"sex 缺值"
"e369e765977bf22a",12642,0.2794383541969,NA
"e36a4ca16ce4608d",12643,0.118616246805632,NA
"e36a77be1252e098",12644,NA,"party_tpp 缺值"
"e36a7a4b4bde3dad",12645,NA,"edu 缺值"
"e36a7a4b4bde3dad-1",12646,NA,"edu 缺值"
"e3700eddb0629736",12647,5.00009104606325,NA
"e3714c8a31e9bb32",12648,0.0999201607532301,NA
"e3773f2729b6dea8",12649,0.409455600887348,NA
"e37940376a175694",12650,0.163024078087676,NA
"e37a40fc13c98947",12651,NA,"edu 缺值"
"e3836385539ed71c",12652,NA,"sex 缺值"
"e38a070fbdb7b7b2",12653,2.4037099598854,NA
"e38b04ad058b6e4d",12654,0.282723644450041,NA
"e38c373eda13c62c",12655,0.584984773828304,NA
"e38c373eda13c62c-1",12656,NA,"party_kmt 缺值"
"e3902cb1fdd08dbb",12657,NA,"edu 缺值"
"e391fa6c80f61707",12658,0.0935534866653076,NA
"e39200e398ccdc8b",12659,5.00009104606325,NA
"e393aa7b71076725",12660,0.270583396815022,NA
"e39c165dd3cd8500",12661,0.37657952957204,NA
"e3a0df5cea2e8c8c",12662,0.0935534866653076,NA
"e3a996fc12a90d3e",12663,NA,"edu 缺值"
"e3ae045fe9c1dbcc",12664,NA,"edu 缺值"
"e3bec3e1f105ef5f",12665,NA,"edu 缺值"
"e3c3949bb6ec1ee9",12666,NA,"sex 缺值"
"e3c424c1dbd51a44",12667,1.28668792573382,NA
"e3c5042ff52db9c4",12668,0.19160324382272,NA
"e3c937aa4cb79b84",12669,NA,"party_tpp 缺值"
"e3d7d6461ba9934f",12670,4.86126715819673,NA
"e3dc1a18dbdb5a38",12671,0.481391881251299,NA
"e3e00bc826d018fa",12672,0.0935534866653076,NA
"e3e8bb449391e550",12673,0.282723644450041,NA
"e3eae4c6c64a620f",12674,NA,"party_tpp 缺值"
"e3f3cac7a5501f7f",12675,0.409455600887348,NA
"e3f6eed90dbdacb7",12676,NA,"edu 缺值"
"e3fe1abc335369cf",12677,0.182662832831437,NA
"e40d8685ea01afa9",12678,0.118616246805632,NA
"e40dc807032a7ac8",12679,1.63059040866816,NA
"e41100b628b22391",12680,0.458003804786937,NA
"e412c424b2d7f676",12681,1.68881727292147,NA
"e41476dce043b251",12682,NA,"edu 缺值"
"e41881aa95dacd47",12683,0.396870914537603,NA
"e41a09e80c4b8add",12684,5.00009104606325,NA
"e41adb2ea6dc7172",12685,NA,"party_tpp 缺值"
"e4208593efd3b565",12686,0.122293839857739,NA
"e4220319617dbd0f",12687,0.109703744645957,NA
"e44693148f42406f",12688,0.439970404908748,NA
"e44e5d8ed78955b3",12689,5.00009104606325,NA
"e4525cceed27f553",12690,2.84429792187621,NA
"e456a915eff58ceb",12691,0.270680920414285,NA
"e45d1f9979226a6b",12692,0.409455600887348,NA
"e463fe78033502d6",12693,0.149873208832532,NA
"e466ba421a4eabbc-1",12694,NA,"party_kmt 缺值"
"e466ba421a4eabbc",12695,0.153735485605362,NA
"e46f44aa1b43d9a8",12696,0.117169505819394,NA
"e478e3df4fb750c1",12697,NA,"edu 缺值"
"e47d6288d2aaa6c6",12698,0.360409078911018,NA
"e47da5615662d919",12699,1.43552836900799,NA
"e47feb32d40c9e6d",12700,0.375199274569863,NA
"e487574680d529fe",12701,0.125445388161949,NA
"e48e014e9456b17b",12702,0.168682392978214,NA
"e48e60222a15339c",12703,0.939915847775935,NA
"e48eebb13de803b1",12704,NA,"edu 缺值"
"e48ef98cd991e884",12705,NA,"party_tpp 缺值"
"e493fa4a9c5803a3",12706,0.163395985924161,NA
"e49bd24d28b6467e",12707,0.317223720565632,NA
"e49cf4c9fbad22cb",12708,0.914468188906357,NA
"e4a1e98d54b7910d",12709,0.307350729610672,NA
"e4a4604114260b77",12710,NA,"edu 缺值"
"e4ad5e2b6ca969e8",12711,0.481391881251299,NA
"e4af09b6f8ff72e7",12712,1.52156126563066,NA
"e4b532d029832fe7",12713,NA,"edu 缺值"
"e4be281650f9b886",12714,NA,"party_tpp 缺值"
"e4ce31438ff97f83",12715,NA,"edu 缺值"
"e4d6bb6358e2d86c",12716,NA,"edu 缺值"
"e4d8465c72b247ba",12717,0.544360488546779,NA
"e4d8465c72b247ba-1",12718,NA,"party_kmt 缺值"
"e4dd42897409e734",12719,0.132602888246019,NA
"e4ee4ef8458eb3d7",12720,NA,"edu 缺值"
"e4ffb517ab43735d",12721,0.0826649852446509,NA
"e504fec4310cdab9",12722,NA,"edu 缺值"
"e50c2721dec02ca1",12723,NA,"sex 缺值"
"e50c2721dec02ca1-1",12724,NA,"sex 缺值"
"e50c530cbdd89ab6",12725,NA,"party_tpp 缺值"
"e50ce4343de20f9a-1",12726,NA,"party_kmt 缺值"
"e50ce4343de20f9a",12727,NA,"party_dpp 缺值"
"e5170f9784413dd8",12728,NA,"party_tpp 缺值"
"e51ba29db7112605",12729,NA,"sex 缺值"
"e51e061ffed4e983",12730,0.106699590892319,NA
"e521ac3f8d5b8589",12731,NA,"edu 缺值"
"e522ac0a81cfb35f",12732,NA,"party_tpp 缺值"
"e5273ed686614840",12733,0.359007928496261,NA
"e53388955cc5fa85",12734,NA,"party_tpp 缺值"
"e535de8564f7ac48",12735,NA,"edu 缺值"
"e5361bcf5c864781",12736,NA,"edu 缺值"
"e537e72eada2a8fc",12737,0.323191251361309,NA
"e53931679f7142bc",12738,0.420983926067105,NA
"e53b7397ed39ebef",12739,NA,"party_tpp 缺值"
"e53d76f10b3af502",12740,NA,"party_tpp 缺值"
"e53f3495bed3981e",12741,0.0999201607532301,NA
"e541e89bc7b1f8ba",12742,NA,"edu 缺值"
"e543eaa97fc7dc3b",12743,0.350539549928668,NA
"e544498c417c3876",12744,0.185825647820552,NA
"e54774a273ea5242",12745,NA,"party_dpp 缺值"
"e54774a273ea5242-1",12746,NA,"party_kmt 缺值"
"e54ae5f63ee1f3f1",12747,0.0981324511294532,NA
"e54b25f3cc71845b",12748,0.733596564736804,NA
"e54d2b24642b777d",12749,1.5983817150522,NA
"e55523723212f8ac",12750,0.130230439506235,NA
"e55905a4e6f954cb",12751,0.109703744645957,NA
"e562bfae90bc1eb3",12752,0.0826649852446509,NA
"e5650a200522dfe9",12753,NA,"party_tpp 缺值"
"e5675241793530ef",12754,NA,"party_tpp 缺值"
"e568d7a091ca8d1f",12755,0.228773021907763,NA
"e56de0b4dc28c9d8",12756,NA,"edu 缺值"
"e572d89211e1e61c",12757,0.15549429433347,NA
"e573684882f8cb23",12758,0.270680920414285,NA
"e5844bf0a33659b1",12759,NA,"edu 缺值"
"e5845aa544e77f13",12760,NA,"edu 缺值"
"e5855ec87184fba0",12761,0.141599791476844,NA
"e586e2d40a465808",12762,1.63390656713318,NA
"e58766eeac2184b5",12763,NA,"edu 缺值"
"e5968a58ed0b44bb",12764,NA,"edu 缺值"
"e597ef1c86832961",12765,NA,"edu 缺值"
"e5991bd2ca322f25-1",12766,NA,"party_kmt 缺值"
"e5991bd2ca322f25",12767,0.316245533290368,NA
"e59a62c2fe7c6a39",12768,0.143522056601192,NA
"e59f358a05f8046c",12769,0.350539549928668,NA
"e5a170f601a9ac35",12770,0.168682392978214,NA
"e5a679cb65af16e2",12771,0.317294554459812,NA
"e5acfd1bd05b3921",12772,NA,"edu 缺值"
"e5aee29af7c7470a",12773,1.52156126563066,NA
"e5b3867ae3961a46",12774,0.359007928496261,NA
"e5b3867ae3961a46-1",12775,NA,"party_kmt 缺值"
"e5b58b2fa9b94837",12776,0.0736746478324626,NA
"e5b58b2fa9b94837-1",12777,NA,"party_tpp 缺值"
"e5b6648cf43aeca1",12778,NA,"party_tpp 缺值"
"e5b6c7f64646e9db",12779,NA,"party_tpp 缺值"
"e5c205a83bea28d2-1",12780,NA,"party_kmt 缺值"
"e5c205a83bea28d2",12781,0.143522056601192,NA
"e5ca25c1e4c86a2d",12782,0.238546543885963,NA
"e5ca5a83d1a826f0",12783,NA,"edu 缺值"
"e5d5bc1d3768f97f",12784,0.212430568547291,NA
"e5d836fcc1b28a99",12785,0.0863931964567863,NA
"e5d8c28de53ffbfc",12786,0.317223720565632,NA
"e5d9ce070caf83c6",12787,2.00350388288415,NA
"e5dc683e6e401d0a",12788,0.185100340350864,NA
"e5f04c41a8062228",12789,0.106699590892319,NA
"e5f227530d5f1002",12790,0.223856450355422,NA
"e5f3989b00176e6d",12791,0.409455600887348,NA
"e5f863c964ad59a3",12792,0.280226278752786,NA
"e6006cfefd038ad2",12793,1.11443040565475,NA
"e60426b8f99cb355",12794,0.397193255426077,NA
"e60cbc6ead495963",12795,0.439799845478686,NA
"e60debb44089be57",12796,0.122293839857739,NA
"e616c450436c740c",12797,0.223856450355422,NA
"e6170e10a9de1243-1",12798,NA,"party_kmt 缺值"
"e6170e10a9de1243",12799,0.111511768743893,NA
"e6174f5790eca57e",12800,0.340955294406571,NA
"e61c5dd75cae7fc9",12801,0.414769890615208,NA
"e61c88ace0e3678b",12802,0.106699590892319,NA
"e61c88ace0e3678b-1",12803,NA,"party_kmt 缺值"
"e61de1dec51f515e",12804,0.114651410572369,NA
"e62035ec267593d9",12805,NA,"party_tpp 缺值"
"e6235f26064c069d",12806,0.127809322181766,NA
"e62a3d630d1c0c0d",12807,NA,"party_tpp 缺值"
"e62c2e0f8eadec07",12808,0.377707299639131,NA
"e62cab6f41175dd4",12809,0.209755602561252,NA
"e6370266cd4d8b56",12810,0.231597778272698,NA
"e63ab5f0877720ea-1",12811,NA,"sex 缺值"
"e63ab5f0877720ea",12812,NA,"sex 缺值"
"e6417789babb9107",12813,0.141599791476844,NA
"e6417789babb9107-1",12814,0.465196977412774,NA
"e642faaec9226e88",12815,0.657988232409691,NA
"e64367aa2eb9915d",12816,0.184588870298933,NA
"e6438bb86782685b",12817,0.0736746478324626,NA
"e64fa26eda30566b",12818,1.6290317369217,NA
"e6569c55b41e24fc",12819,NA,"party_tpp 缺值"
"e661b0cbc399c68f",12820,NA,"edu 缺值"
"e66eb5db5044db21",12821,0.225763896503032,NA
"e6839d3763e395ae",12822,NA,"edu 缺值"
"e683c0cc017b779c",12823,NA,"party_tpp 缺值"
"e68b21a9bb131922",12824,NA,"edu 缺值"
"e68b307b8a85fb8d",12825,0.231597778272698,NA
"e6924570d274ad9d",12826,0.343406303081009,NA
"e6968017e0f16a6d",12827,5.00009104606325,NA
"e6a89e568787c5fa",12828,4.93535913531493,NA
"e6ade1005ef6bb78",12829,2.7976857036017,NA
"e6b2e59de20d0fd2",12830,5.00009104606325,NA
"e6bbdd40094699a6",12831,0.481391881251299,NA
"e6bde9974bfa7969",12832,0.409455600887348,NA
"e6c42ba64a33871e",12833,NA,"party_tpp 缺值"
"e6c57cfad888da5f",12834,NA,"party_tpp 缺值"
"e6c6f9c89c9363ab",12835,0.161035702786106,NA
"e6cd03407748acd1",12836,NA,"edu 缺值"
"e6de4a0ec9e2ad69",12837,NA,"edu 缺值"
"e6df3ffcdb9e3404",12838,NA,"party_tpp 缺值"
"e6e0e393965ea101",12839,0.0826649852446509,NA
"e6e5185de8e54405",12840,NA,"edu 缺值"
"e6e57126b13c5d18",12841,NA,"party_tpp 缺值"
"e6efd4d88d5f5ba7",12842,0.0704952927516892,NA
"e6f5092d1ad80e20",12843,0.238300273409114,NA
"e6f6b994cbc67518",12844,0.0704952927516892,NA
"e6f8f87cbd8a7e7a",12845,5.00009104606325,NA
"e708f5f0e13a9c77",12846,1.21358014382667,NA
"e71311d8010e4cf1",12847,0.409455600887348,NA
"e7157488bd06cf6c",12848,5.00009104606325,NA
"e7157488bd06cf6c-1",12849,NA,"party_kmt 缺值"
"e71992d585a48051",12850,NA,"edu 缺值"
"e71b5882694b6469",12851,0.0736746478324626,NA
"e71e8c5bab2956b4",12852,0.157414247542842,NA
"e721b3037c6f7d11",12853,0.109703744645957,NA
"e7238f773ff3e5e3",12854,0.138583311193623,NA
"e737f89e1b66af41",12855,NA,"edu 缺值"
"e73cbbc5703ae67f-1",12856,NA,"party_dpp 缺值"
"e73cbbc5703ae67f",12857,0.0826649852446509,NA
"e73dbe77a7a81e79",12858,0.130230439506235,NA
"e7409d1aaaf32161",12859,0.207856368152516,NA
"e740c05f1dfb72a5",12860,0.15549429433347,NA
"e7410532fb70107e",12861,0.223856450355422,NA
"e7433f4ba56bd2d5",12862,1.2594703283825,NA
"e7455443831b4ec5",12863,0.0704952927516892,NA
"e74754c87daf3bd1",12864,0.177806529508921,NA
"e748ab1e3bbfd192",12865,0.27157879875813,NA
"e750493b7c526b54",12866,0.27157879875813,NA
"e75104b2d2fa8c80",12867,0.525628469743962,NA
"e754f1a67dbee20d",12868,0.276473063286616,NA
"e7563ed2de465fe5-1",12869,NA,"party_tpp 缺值"
"e7563ed2de465fe5",12870,0.111058302750587,NA
"e75ca1c8451994f9",12871,NA,"edu 缺值"
"e75dfcce2bf4e238",12872,0.185100340350864,NA
"e75ecacb3c9ac4f1",12873,0.481391881251299,NA
"e7659dc27339297c",12874,NA,"edu 缺值"
"e76955d6cf461352",12875,NA,"edu 缺值"
"e76f4ca18ab35f89",12876,5.00009104606325,NA
"e7711b979e7f22a4",12877,3.89071301073134,NA
"e7785266ebbdf238",12878,0.761481483967541,NA
"e78dbeada8bf2085",12879,0.897435475821293,NA
"e791157b63a501c4",12880,0.529049664623895,NA
"e795808321e1d1e5",12881,NA,"party_tpp 缺值"
"e797d49638944497",12882,0.741700825734021,NA
"e799a7422795ca80",12883,NA,"edu 缺值"
"e79f3b0c1e43b151",12884,NA,"party_tpp 缺值"
"e7a5beb358499a7d",12885,4.62297632383408,NA
"e7a6c3f90c53553d",12886,0.27157879875813,NA
"e7abb007b6d6cf7c",12887,0.0935534866653076,NA
"e7ac8367dcd2092f",12888,0.86636032179925,NA
"e7adb6d09d5902b8-1",12889,NA,"sex 缺值"
"e7adb6d09d5902b8",12890,NA,"sex 缺值"
"e7af3acaec31c306",12891,0.270522990875408,NA
"e7b12650546a2ba2",12892,NA,"edu 缺值"
"e7b4ff5c8b260c45",12893,0.270680920414285,NA
"e7b5d81f35d28cb4",12894,NA,"edu 缺值"
"e7bd7213d2e62a5e",12895,0.0826649852446509,NA
"e7c03c653c0ed7af",12896,0.225763896503032,NA
"e7c0ff3da8b82b42",12897,0.302598276430383,NA
"e7c9a4e213356d7b",12898,NA,"edu 缺值"
"e7d6e432000e77df",12899,NA,"sex 缺值"
"e7d75a1e6e030a0e",12900,0.0826649852446509,NA
"e7db1e74429eaba7",12901,0.19160324382272,NA
"e7e2ac4ece9c2f1f",12902,NA,"party_tpp 缺值"
"e7e3c8635a978060",12903,0.317223720565632,NA
"e7ebcf008bee93ba",12904,0.360409078911018,NA
"e7ecb42e01aba5c6",12905,0.106699590892319,NA
"e7fd3211b785602c",12906,2.0080744886696,NA
"e8049310f6fa2323",12907,NA,"edu 缺值"
"e807cf3021250e41",12908,5.00009104606325,NA
"e807cf3021250e41-1",12909,NA,"party_dpp 缺值"
"e809f2c3810abb78",12910,NA,"party_tpp 缺值"
"e80b4dd756d47fcb",12911,NA,"sex 缺值"
"e80bbbe566a05c96",12912,0.270522990875408,NA
"e81032717b7ee7cc",12913,0.914468188906357,NA
"e82c1fb7f821898b",12914,NA,"party_tpp 缺值"
"e82f21ff6793fb0c",12915,0.359007928496261,NA
"e8356bf6256ed4e4",12916,1.54167608380652,NA
"e83e2ea67bbe4315",12917,NA,"edu 缺值"
"e842e27a02d07328",12918,0.111058302750587,NA
"e8467ecb3ac97cf1",12919,0.33153058856141,NA
"e84860502373e8bb",12920,NA,"party_tpp 缺值"
"e84a17f36397431b",12921,NA,"edu 缺值"
"e852ebbd1c2832e8",12922,NA,"party_tpp 缺值"
"e8546236387bb349",12923,0.139093121103869,NA
"e85a1a081efc49f7",12924,NA,"party_tpp 缺值"
"e85c8b094c346d97",12925,0.109703744645957,NA
"e85c8b094c346d97-1",12926,NA,"party_dpp 缺值"
"e85e22947f029e93",12927,0.0836856844568212,NA
"e861be4bc229664c",12928,2.19050676671077,NA
"e861cc01f0c3ea32",12929,NA,"sex 缺值"
"e866642867e46e9f",12930,0.117169505819394,NA
"e869f824d699745a",12931,1.07950481174013,NA
"e86f4f8eb881fb96",12932,NA,"edu 缺值"
"e86f897256c343fb",12933,0.995911534935665,NA
"e874b6015d018d1a",12934,0.106699590892319,NA
"e875f86ddbfd3a75",12935,0.143405581745165,NA
"e87a2b65cae26c96",12936,NA,"party_tpp 缺值"
"e87cc2f788e7ffee",12937,0.608109079478263,NA
"e87d9554038df7f5",12938,2.53348408482907,NA
"e88230e2124633db",12939,0.439970404908748,NA
"e88ee20737016a2f",12940,0.153735485605362,NA
"e8901556d13073cb",12941,NA,"party_tpp 缺值"
"e8a031a0901c0d42",12942,NA,"edu 缺值"
"e8ad1562d9cf9f3e",12943,NA,"sex 缺值"
"e8b534a1c368f036",12944,0.401743698398901,NA
"e8b638f9d7c0da29-1",12945,NA,"party_kmt 缺值"
"e8b638f9d7c0da29",12946,0.225763896503032,NA
"e8bd2455b81eb2ce",12947,NA,"party_tpp 缺值"
"e8be62f0bd8eff64",12948,NA,"sex 缺值"
"e8c5937013027f6f",12949,NA,"edu 缺值"
"e8c598ff35e4a190",12950,NA,"edu 缺值"
"e8c7bd3b16db4789",12951,0.31740891368267,NA
"e8caa2d5a8c16c2e",12952,0.118616246805632,NA
"e8ccc56119f52451",12953,0.158056991096045,NA
"e8d17ea5294634ab",12954,NA,"party_kmt 缺值"
"e8d17ea5294634ab-1",12955,NA,"party_kmt 缺值"
"e8d17fabd8adde23",12956,0.490463387678337,NA
"e8d17fabd8adde23-1",12957,NA,"party_kmt 缺值"
"e8d2cd6fadcf0b6d",12958,5.00009104606325,NA
"e8d60464e6f188c2",12959,0.238300273409114,NA
"e8d677d981bb7189",12960,0.617968352991575,NA
"e8db9c5833c11607",12961,0.0935534866653076,NA
"e8de20b002877f19",12962,NA,"edu 缺值"
"e8e0084762f24fcc",12963,0.86636032179925,NA
"e8e08845464f7beb",12964,0.231597778272698,NA
"e8e0f2d2eaf1df89",12965,1.48678974956663,NA
"e8e1fee3eda11680",12966,0.405752469491046,NA
"e8e710fd56e4411d",12967,NA,"edu 缺值"
"e8e8141374b0663d-1",12968,NA,"party_kmt 缺值"
"e8e8141374b0663d",12969,NA,"party_kmt 缺值"
"e8f2b9646ab54c7c",12970,5.00009104606325,NA
"e901b1e142a09d86",12971,0.27157879875813,NA
"e9036e5955b45707",12972,0.137328507079303,NA
"e9036e5955b45707-1",12973,NA,"party_kmt 缺值"
"e90c5002bba7b2be",12974,NA,"edu 缺值"
"e918c6b392d286a6",12975,0.653282721236478,NA
"e91dd2580daa1ea2",12976,0.460683494922433,NA
"e920df48c22b0009",12977,NA,"edu 缺值"
"e92a4c20625aa27f",12978,NA,"sex 缺值"
"e92c7ebe0c2cb6c1",12979,0.702631727979924,NA
"e930571c54eca720",12980,0.106699590892319,NA
"e938373a69489b7b",12981,0.83551639635089,NA
"e93ec9bac9d2ea3d",12982,0.323191251361309,NA
"e940e95fc9a673b7",12983,0.185100340350864,NA
"e94506d612704847",12984,0.350539549928668,NA
"e94a33ccaa725205",12985,NA,"party_tpp 缺值"
"e94a5cc0159322c5",12986,0.350539549928668,NA
"e94e1addd40d979d-1",12987,NA,"party_dpp 缺值"
"e94e1addd40d979d",12988,4.14162308745656,NA
"e950f2cc43047519",12989,NA,"sex 缺值"
"e9591e47a745fe08",12990,NA,"party_tpp 缺值"
"e95b907abc848fa2",12991,0.409314288356866,NA
"e95c7311635156a1",12992,0.317223720565632,NA
"e96071fd3ae9972f",12993,0.412125009469762,NA
"e960d9d8a8f384e1",12994,5.00009104606325,NA
"e9632689c286e301",12995,NA,"edu 缺值"
"e96359b9446f8d18",12996,NA,"edu 缺值"
"e96e81ec64a06690",12997,5.00009104606325,NA
"e97260309f99369f",12998,0.6458388780458,NA
"e97a171177ac923a",12999,NA,"party_tpp 缺值"
"e97a58706818bb00",13000,0.141599791476844,NA
"e97a58706818bb00-1",13001,NA,"party_kmt 缺值"
"e987ee9c83cba38d",13002,0.143522056601192,NA
"e9a8bd2e53613bc5",13003,0.741700825734021,NA
"e9abb197cdbdc9e7",13004,NA,"sex 缺值"
"e9b522e62ef0b0c7",13005,NA,"edu 缺值"
"e9bd6ea91eb5f092",13006,0.0704952927516892,NA
"e9bd6ea91eb5f092-1",13007,NA,"party_dpp 缺值"
"e9c928fc06d9b298",13008,0.914468188906357,NA
"e9cc1ac412416a6f",13009,1.3841120141743,NA
"e9ce05b91d04dad2",13010,NA,"edu 缺值"
"e9cee8d17f353ed8",13011,NA,"edu 缺值"
"e9d6bd353c868abd",13012,0.268006635152847,NA
"e9ddccd61d11c4aa",13013,NA,"edu 缺值"
"e9de885219f403c0",13014,NA,"sex 缺值"
"e9e2692d9b1a8337",13015,0.161035702786106,NA
"e9e6a1873fa7ea28",13016,5.00009104606325,NA
"e9e849869d81e6d2",13017,NA,"edu 缺值"
"e9eb475dc8ceb612",13018,0.317223720565632,NA
"e9f0c5bb80c2ad12",13019,0.0863931964567863,NA
"e9f37c693a8aa8fe",13020,NA,"party_tpp 缺值"
"e9f4394c6315efa5",13021,NA,"edu 缺值"
"e9f90aa5bd538188",13022,NA,"party_tpp 缺值"
"e9fe7acab3a4f223",13023,NA,"edu 缺值"
"e9ff79e5e4222f1a",13024,NA,"edu 缺值"
"ea00e53347590e7b-1",13025,NA,"party_kmt 缺值"
"ea00e53347590e7b",13026,3.48032973365229,NA
"ea0374b0d3f92908",13027,NA,"edu 缺值"
"ea04ec0d067cc2b7",13028,0.733596564736804,NA
"ea0748a744cbe092",13029,NA,"edu 缺值"
"ea0a1c83c4c02ca5",13030,5.00009104606325,NA
"ea0b1faf26abfceb",13031,NA,"party_tpp 缺值"
"ea0b5d1eee175e4d",13032,NA,"age 缺值"
"ea0e7bb1ffd0c003",13033,NA,"party_tpp 缺值"
"ea12236e03c1b6c2",13034,4.71162493892605,NA
"ea13676c3afffa09",13035,0.125445388161949,NA
"ea1465a5f724800e",13036,NA,"edu 缺值"
"ea18df8740cbdd4c",13037,NA,"party_tpp 缺值"
"ea1d481ec3d9adde",13038,0.33153058856141,NA
"ea26c0c23e330d36",13039,NA,"edu 缺值"
"ea2747d622e3c351",13040,NA,"party_tpp 缺值"
"ea2c5909a9c60632",13041,0.307350729610672,NA
"ea35f576ddcdacb3",13042,0.2794383541969,NA
"ea38bdd36a84c0d8",13043,NA,"party_tpp 缺值"
"ea474466a9435ce3",13044,0.137328507079303,NA
"ea4a2dffb6f0e7a5-1",13045,NA,"party_tpp 缺值"
"ea4a2dffb6f0e7a5",13046,0.149873208832532,NA
"ea57fb05e68f872a",13047,0.137641795450903,NA
"ea6f3b4fff0cb691",13048,0.481391881251299,NA
"ea701b83c2f7dfbd",13049,0.682869326233153,NA
"ea71c73f60e21acc",13050,NA,"edu 缺值"
"ea73f4897547276e",13051,NA,"edu 缺值"
"ea792bc7f4658926",13052,0.198433633916187,NA
"ea79b8745884904d",13053,NA,"party_tpp 缺值"
"ea819dd667789326",13054,NA,"edu 缺值"
"ea8d15103456dda8",13055,NA,"edu 缺值"
"ea8d4c7784aabf6a",13056,0.424142210537634,NA
"ea8e8ff2b9951fb6",13057,0.360684248405661,NA
"ea936f2ee420625a",13058,NA,"sex 缺值"
"ea9d6f86387f4689",13059,0.217726311427333,NA
"eaa3e7a15c204ce1",13060,0.0736746478324626,NA
"eaa457bee92ea598-1",13061,NA,"party_kmt 缺值"
"eaa457bee92ea598",13062,0.127809322181766,NA
"eaa4fe8772e37a76",13063,5.00009104606325,NA
"eaa504812a4cbf6e",13064,5.00009104606325,NA
"eaa8c1665b6d75ea",13065,0.409455600887348,NA
"eabadef85487448c-1",13066,NA,"party_dpp 缺值"
"eabadef85487448c",13067,0.33153058856141,NA
"eabb33c1c23009ef",13068,0.0704952927516892,NA
"eabd52d7d96f20fd",13069,0.270960654542958,NA
"eabe96fc7051a417",13070,1.14973675048474,NA
"eabf03f24830bae0",13071,NA,"party_kmt 缺值"
"eac74c24f7dfcbe6",13072,0.569432274960708,NA
"ead1cea817ac82f8",13073,0.170238235700995,NA
"ead627fbfd153ad3",13074,1.76785529967695,NA
"ead7a4b11dbeb768-1",13075,NA,"party_tpp 缺值"
"ead7a4b11dbeb768",13076,0.0704952927516892,NA
"ead7ff70af30b4a1",13077,NA,"party_tpp 缺值"
"ead81472edea0c9a",13078,2.47903686165604,NA
"eade599d68e01a1b",13079,NA,"edu 缺值"
"eadfb188e61bf513",13080,0.0981324511294532,NA
"eae1e4dce3eb4b4d",13081,NA,"edu 缺值"
"eae9e49d6cda1f7c",13082,0.0704952927516892,NA
"eaf5e8ec951dec94",13083,0.0836856844568212,NA
"eaff34f2824ec057",13084,1.12294446374441,NA
"eb01809342c502c8",13085,2.41312879069666,NA
"eb02400da340b473",13086,0.543383786383836,NA
"eb08c7e7f9e942b5",13087,0.710315479646997,NA
"eb11ce90fdfbae8a",13088,0.465761234792302,NA
"eb12333c94aee8a0",13089,NA,"edu 缺值"
"eb12364a3c9ada30",13090,0.182662832831437,NA
"eb129462cec688cf",13091,0.86636032179925,NA
"eb12cf80ba1381dc",13092,NA,"age 缺值"
"eb1dd8e3085fba70",13093,NA,"edu 缺值"
"eb2153b9b5dd5571",13094,0.424665868732917,NA
"eb23d76da58a96cf",13095,NA,"edu 缺值"
"eb248e281ebb3802",13096,0.282723644450041,NA
"eb28c865cef97b1f",13097,0.47865988928455,NA
"eb28f9c5d3459b7d",13098,2.77284099210224,NA
"eb2afa683981372d",13099,NA,"edu 缺值"
"eb2bb1b7c646b7a8",13100,NA,"edu 缺值"
"eb2ec1bd8a08b60f",13101,0.915450706309203,NA
"eb310dc18ec2c52b",13102,5.00009104606325,NA
"eb32366ddc56d2ad",13103,NA,"party_tpp 缺值"
"eb377367d60b2cba",13104,NA,"sex 缺值"
"eb3c004bd76870ac",13105,0.270522990875408,NA
"eb3d60c02169379a",13106,0.569432274960708,NA
"eb47cb517116ba32",13107,5.00009104606325,NA
"eb47cb517116ba32-1",13108,NA,"party_dpp 缺值"
"eb4bbda5cd270397",13109,NA,"sex 缺值"
"eb4ce38b7f2f57da",13110,0.670118009544355,NA
"eb56fdcd0aad4d90",13111,0.401743698398901,NA
"eb60764c9e6c9a94",13112,0.409455600887348,NA
"eb634dd675ea2d5e",13113,0.106699590892319,NA
"eb64d13d3e2165db",13114,0.106699590892319,NA
"eb745c8b8d99b507",13115,NA,"sex 缺值"
"eb79694eeb197da4",13116,NA,"edu 缺值"
"eb80c6f9049cbca9",13117,5.00009104606325,NA
"eb83b54524306213",13118,NA,"edu 缺值"
"eb8d2d6af7ff0138",13119,5.00009104606325,NA
"eb8d3e799c134bb3",13120,0.104426584634346,NA
"eb8fd46f47dcf0f6",13121,NA,"sex 缺值"
"eb9717684b2bc68b",13122,0.62559866719508,NA
"eb9c986eeba434cd",13123,0.114651410572369,NA
"eb9fa891f2a92be4-1",13124,0.623780229721267,NA
"eb9fa891f2a92be4",13125,0.189870430687549,NA
"eba39b1281a1f5ee",13126,5.00009104606325,NA
"ebaf4f6857a53dc1",13127,0.354836203663754,NA
"ebbd46bd352b726f",13128,NA,"edu 缺值"
"ebbda52ebc23acdf",13129,NA,"sex 缺值"
"ebc0d5078dfff16f",13130,NA,"edu 缺值"
"ebc754557c3ad8d3",13131,0.147101185861357,NA
"ebcc2e76b4bdb004",13132,1.2214790580093,NA
"ebcd525aa07a4630",13133,NA,"edu 缺值"
"ebd57e85ccf24cc0",13134,0.207856368152516,NA
"ebd6db3da216d757",13135,NA,"edu 缺值"
"ebdb142197bb3b0e",13136,0.111511768743893,NA
"ebe1327a7b7b902f",13137,0.141599791476844,NA
"ebea55658abae10f",13138,0.317223720565632,NA
"ebeb6b67d39f0ace",13139,0.425458632966633,NA
"ebf6404cc2944a62",13140,NA,"party_tpp 缺值"
"ebf6d33935c4183c",13141,NA,"sex 缺值"
"ebfc4b70d02b99ff",13142,0.483270676621923,NA
"ec014ad0f470a809",13143,NA,"sex 缺值"
"ec0abf0a7810dec2",13144,0.126664177798915,NA
"ec0e2ac64e0d10fb",13145,0.575132709190708,NA
"ec15afe41346db5d",13146,0.86636032179925,NA
"ec15f192eeda3f3f",13147,0.359217514958461,NA
"ec22998ffddd577d",13148,0.149873208832532,NA
"ec2bffc4a41e2eb1",13149,0.0826649852446509,NA
"ec40efe19041a8c2",13150,NA,"edu 缺值"
"ec477f08ef2215b8",13151,0.239090741590243,NA
"ec48b446f54d6ef2",13152,0.225763896503032,NA
"ec4d3c7f494abbcc",13153,NA,"edu 缺值"
"ec4e9aefc8353861",13154,0.544360488546779,NA
"ec52df82300648c8",13155,0.702631727979924,NA
"ec57ca6b9fa44bf9",13156,NA,"edu 缺值"
"ec5c9e8eb367fe77",13157,NA,"sex 缺值"
"ec629ccd2b57d4a5",13158,0.148917505843435,NA
"ec62c90f8dd23a57",13159,NA,"sex 缺值"
"ec72ef1b3e5139c1",13160,NA,"sex 缺值"
"ec76c62ded28f1c3",13161,0.225763896503032,NA
"ec7beb0379d941e1-1",13162,NA,"party_kmt 缺值"
"ec7beb0379d941e1",13163,0.143405581745165,NA
"ec858595535a9faf",13164,5.00009104606325,NA
"ec85b2726c2f322a",13165,NA,"sex 缺值"
"ec85b2726c2f322a-1",13166,NA,"sex 缺值"
"ec885a08500bb59e",13167,NA,"edu 缺值"
"ec8b3e388ea24c29",13168,NA,"edu 缺值"
"ec8bccf37e6d3c6a",13169,NA,"edu 缺值"
"ec8e03966f2a5839",13170,0.270522990875408,NA
"ec9a9d019e9bf6a3-1",13171,NA,"edu 缺值"
"ec9a9d019e9bf6a3",13172,NA,"edu 缺值"
"eca903c88c6a8134",13173,1.2214790580093,NA
"ecb08ac89a1fddf7",13174,0.143849474355578,NA
"ecb08ac89a1fddf7-1",13175,NA,"party_kmt 缺值"
"ecb237700406e221",13176,0.73023217409767,NA
"ecb4e5e1d75e984a",13177,0.915450706309203,NA
"ecbff9539ead6cec",13178,NA,"party_tpp 缺值"
"ecc30d6c025eb2b7",13179,0.141599791476844,NA
"ecc7e3920aa7b350",13180,0.198433633916187,NA
"ecc8105396d17b87",13181,2.92264211881677,NA
"ecc961b630bd6235",13182,NA,"party_tpp 缺值"
"eccb0bcb3a960fe8-1",13183,NA,"party_kmt 缺值"
"eccb0bcb3a960fe8",13184,5.00009104606325,NA
"eccece1f93027ad9",13185,NA,"edu 缺值"
"ecd1e02712c84ae6",13186,0.481391881251299,NA
"ecd586068cdb8e79",13187,0.0826649852446509,NA
"ecd7931ce634f7b9",13188,1.07233400120656,NA
"ecd970f4918be970",13189,NA,"edu 缺值"
"ecda798008b7828b",13190,0.137328507079303,NA
"ecde25d26ca0a1ba",13191,NA,"edu 缺值"
"ece0c97d3f9bfae2",13192,0.0863931964567863,NA
"ece12533a0bd741d",13193,0.564495177014209,NA
"ece66c4245e47399-1",13194,NA,"party_kmt 缺值"
"ece66c4245e47399",13195,0.33153058856141,NA
"ece72579aa3a8a9f",13196,0.255978129078632,NA
"ecebf7acfe363ec3",13197,5.00009104606325,NA
"ecf0116032ccb82c",13198,NA,"sex 缺值"
"ecf4452347bae468",13199,NA,"sex 缺值"
"ecf478ebe5e88e44",13200,5.00009104606325,NA
"ecf478ebe5e88e44-1",13201,NA,"party_kmt 缺值"
"ecf90842b48545ff",13202,0.238300273409114,NA
"ecfa53ac6620eee3",13203,0.111511768743893,NA
"ecfb568f99e25c0e",13204,0.486068939888409,NA
"ecfec8994bc4dd5b",13205,NA,"party_tpp 缺值"
"ecff93d2d145c7c8",13206,0.0826649852446509,NA
"ed041544b3d4a3ab",13207,2.77284099210224,NA
"ed0675f07eaee08c-1",13208,NA,"party_kmt 缺值"
"ed0675f07eaee08c",13209,0.162507125338537,NA
"ed07f9508c58567c",13210,0.319478322430065,NA
"ed0ddee906dcef4d",13211,0.147101185861357,NA
"ed1501a8278b0d03",13212,0.1512362011435,NA
"ed16521573259a7f",13213,NA,"edu 缺值"
"ed1864ca3e3e6724",13214,NA,"edu 缺值"
"ed2e99e22147e8e7",13215,0.225763896503032,NA
"ed38b853881673f1",13216,0.526992895800938,NA
"ed39d9be08a5254c",13217,0.529049664623895,NA
"ed3a2e249dbcdcd2",13218,2.8209548192847,NA
"ed3b1e4fa45ced1e",13219,0.225763896503032,NA
"ed3e3219c7e8bc2f",13220,NA,"edu 缺值"
"ed499f44269e777d",13221,3.93023004599641,NA
"ed500d4d88fdd464",13222,0.0935534866653076,NA
"ed51516d375f7530",13223,1.4246110144496,NA
"ed570817e47dbdb9",13224,NA,"edu 缺值"
"ed5e59fdfa3fcc1a",13225,NA,"party_tpp 缺值"
"ed5e74919743c6c9",13226,0.360684248405661,NA
"ed610dbdbbc76163",13227,0.109703744645957,NA
"ed692eea7c0ea3d0",13228,0.483270676621923,NA
"ed6e11c86425c8c9",13229,1.5983817150522,NA
"ed79228fa4a04ce1",13230,0.126664177798915,NA
"ed7f1bf997e69c2c-1",13231,NA,"party_kmt 缺值"
"ed7f1bf997e69c2c",13232,NA,"party_kmt 缺值"
"ed8693375276a535",13233,0.0826649852446509,NA
"ed8867995b88a03f",13234,NA,"sex 缺值"
"ed8e6959ea5db831",13235,0.33153058856141,NA
"ed8f071f001840bb",13236,1.50382216367157,NA
"ed90f3876823d2f8",13237,NA,"sex 缺值"
"ed912433e74a0d7c",13238,0.125445388161949,NA
"ed9668aea86905de",13239,NA,"party_tpp 缺值"
"ed9d2fa2e9803143",13240,0.527300550779753,NA
"ed9e070123129854",13241,5.00009104606325,NA
"eda22a054bb82f95",13242,0.797640866365096,NA
"eda64e177ef6ec0b",13243,5.00009104606325,NA
"eda89a83677d340e",13244,NA,"sex 缺值"
"edae539d4df9172e",13245,NA,"edu 缺值"
"edae6636caf34a0d",13246,NA,"edu 缺值"
"edb5f1c3c67fed03",13247,0.361407722274559,NA
"edbd415232dce5c0",13248,NA,"party_tpp 缺值"
"edcc731419483803",13249,NA,"edu 缺值"
"edcd1b9487a623b1",13250,0.465196977412774,NA
"edcf80cf355fd34b",13251,0.19464968464914,NA
"edd3dc216644ea72",13252,NA,"age 缺值"
"edda42926edc457b",13253,0.317294554459812,NA
"edda8448d01d673a-1",13254,NA,"party_tpp 缺值"
"edda8448d01d673a",13255,0.143522056601192,NA
"eddce53ba5ad1854",13256,0.27157879875813,NA
"edef2676bab7bd2a",13257,0.665572107258151,NA
"edf25c188644cdac",13258,0.486068939888409,NA
"edfacabfe4fe82ef",13259,0.141599791476844,NA
"ee04c44ac5359838-1",13260,NA,"age 缺值"
"ee04c44ac5359838",13261,NA,"age 缺值"
"ee0a5e821b2a4c18",13262,NA,"party_tpp 缺值"
"ee0d7235e749f466",13263,NA,"party_tpp 缺值"
"ee10dae86c5e24b5",13264,0.370721305817178,NA
"ee14bbcbfbec8e5a-1",13265,NA,"party_dpp 缺值"
"ee14bbcbfbec8e5a",13266,2.12185757209693,NA
"ee16deac809e9141",13267,0.147101185861357,NA
"ee1ceefb2d40a600",13268,NA,"party_tpp 缺值"
"ee1f95e747ef83dd",13269,0.267379474007893,NA
"ee1f95e747ef83dd-1",13270,NA,"party_kmt 缺值"
"ee262a36bdbf3e9b",13271,0.141599791476844,NA
"ee2cdd5ce344f336",13272,0.511234533187864,NA
"ee3028a3f8ead5a1",13273,0.396870914537603,NA
"ee30c4305bf38192",13274,NA,"party_tpp 缺值"
"ee370c378c3a2796",13275,0.161035702786106,NA
"ee48e9290d0aa5fd-1",13276,NA,"party_tpp 缺值"
"ee48e9290d0aa5fd",13277,0.143522056601192,NA
"ee4b08c640c3e2cd",13278,0.106699590892319,NA
"ee4eeee6d021d805",13279,NA,"party_tpp 缺值"
"ee5c2810082f24e1",13280,0.624795234497572,NA
"ee5e40a553f261ec",13281,0.914468188906357,NA
"ee5f4c98e00bd7fb",13282,0.109703744645957,NA
"ee630c6364a26fc4",13283,NA,"edu 缺值"
"ee68b195e80bba26",13284,NA,"party_kmt 缺值"
"ee6a82bd683f44c7",13285,0.445661778713033,NA
"ee70be20698687ea",13286,5.00009104606325,NA
"ee71a457bb0381b5",13287,0.125445388161949,NA
"ee72322e296248a1",13288,0.147985976977968,NA
"ee7619d3e3364710",13289,0.464221361547281,NA
"ee787cf1c3d3a6dc",13290,1.89745531405295,NA
"ee787cf1c3d3a6dc-1",13291,NA,"party_dpp 缺值"
"ee8e71c9b42a9838",13292,0.682869326233153,NA
"ee962e021996f0ec",13293,0.0826649852446509,NA
"ee9801b253de85c9",13294,0.44080316358321,NA
"ee9916709f02ec5a",13295,0.328602099431772,NA
"eea61b257aa96578",13296,NA,"edu 缺值"
"eea8e855449e5fe5",13297,0.909734706449712,NA
"eeabca6d6628c1c0",13298,5.00009104606325,NA
"eeb47fd2e4e16818",13299,2.11303963662122,NA
"eebaa7956941ebcb",13300,0.0826649852446509,NA
"eecd085a940d1f51",13301,NA,"edu 缺值"
"eecdb8613c28806e",13302,NA,"party_tpp 缺值"
"eecf04be84a7f523",13303,1.21358014382667,NA
"eed27d83781412c8",13304,0.211075953330083,NA
"eed64bada958e8e4",13305,0.292626879731677,NA
"eee19249e605e94c",13306,NA,"sex 缺值"
"eeeab7813fba020e",13307,0.139093121103869,NA
"eeeace6308c84b2d",13308,0.0826649852446509,NA
"eeec2f7ca351863a-1",13309,NA,"edu 缺值"
"eeec2f7ca351863a",13310,NA,"edu 缺值"
"eeed5fb0e089ca14",13311,0.147101185861357,NA
"eeee877da2c9f0f7",13312,5.00009104606325,NA
"eefc29763710076d",13313,NA,"edu 缺值"
"ef03c087d56d4f59",13314,NA,"edu 缺值"
"ef0a22c2077b2700",13315,0.143405581745165,NA
"ef1adb5e63cdc974",13316,0.4017712460214,NA
"ef1c3002b7747145",13317,0.106699590892319,NA
"ef2380b4b3233b14",13318,0.424665868732917,NA
"ef25e8acf6c195d5",13319,NA,"edu 缺值"
"ef29b77ef6efd249",13320,NA,"party_tpp 缺值"
"ef2cbaeb73497036",13321,0.214196151137979,NA
"ef332bf759cdd836",13322,NA,"age 缺值"
"ef332bf759cdd836-1",13323,NA,"age 缺值"
"ef3476dc4c868790",13324,0.0863931964567863,NA
"ef35b88e8ae30721",13325,0.246748424732736,NA
"ef390b092836079c",13326,0.763165825157738,NA
"ef390b092836079c-1",13327,NA,"party_kmt 缺值"
"ef39e5df9c32f304",13328,0.617968352991575,NA
"ef3b65f8d9ccd416",13329,NA,"party_tpp 缺值"
"ef3d91295f75d4db",13330,0.543383786383836,NA
"ef3e0c3c16ecd609",13331,NA,"party_tpp 缺值"
"ef3e5ebb25716c9a",13332,NA,"party_tpp 缺值"
"ef51cfb3a0ab17fa-1",13333,NA,"party_tpp 缺值"
"ef51cfb3a0ab17fa",13334,0.15549429433347,NA
"ef51fdaf7cfa3d94",13335,NA,"sex 缺值"
"ef51fdaf7cfa3d94-1",13336,NA,"sex 缺值"
"ef525b8ea1e5aac3",13337,0.832118743557264,NA
"ef5750d7e16cea66",13338,0.401743698398901,NA
"ef598da73bd81cd3",13339,0.139093121103869,NA
"ef59a6e3d09e36aa",13340,NA,"party_tpp 缺值"
"ef61bc9fa66dee24",13341,0.125445388161949,NA
"ef6aec0f1020311c",13342,NA,"edu 缺值"
"ef6aec0f1020311c-1",13343,NA,"edu 缺值"
"ef6be5f1d45902c6",13344,NA,"edu 缺值"
"ef6f3965b83e4fad",13345,0.995911534935665,NA
"ef72acd0f14df2b0",13346,0.86636032179925,NA
"ef786add29bbaa0e",13347,NA,"party_tpp 缺值"
"ef7ab1b2f43b017f",13348,5.00009104606325,NA
"ef9e09d77d3c8a18",13349,0.147101185861357,NA
"efa6159ade71e880",13350,0.409455600887348,NA
"efa6159ade71e880-1",13351,NA,"party_dpp 缺值"
"efa833f8e087feb6",13352,0.0704952927516892,NA
"efa833f8e087feb6-1",13353,NA,"party_tpp 缺值"
"efa90fe8a734e494",13354,NA,"edu 缺值"
"efa95c2dd4b1495c",13355,2.21071091458904,NA
"efa9a06eb80589b7",13356,NA,"edu 缺值"
"efaf9cf476f5c20b",13357,0.147985976977968,NA
"efb33009cdc3c122",13358,NA,"sex 缺值"
"efbea662e88c3ccc",13359,0.946887646635036,NA
"efc151abb2b85bc8",13360,0.111058302750587,NA
"efc151abb2b85bc8-1",13361,NA,"party_tpp 缺值"
"efc44a1bb94a1bb8",13362,NA,"edu 缺值"
"efc51fdd884fe4d2",13363,5.00009104606325,NA
"efccbf967d391603",13364,0.728620518951834,NA
"efda16ad6e7e4920",13365,0.118616246805632,NA
"efdb94ac1af306ed",13366,NA,"party_tpp 缺值"
"efe161b99481595f",13367,0.0826649852446509,NA
"efe2d3ef8b4ee47b",13368,0.316245533290368,NA
"efe2d3ef8b4ee47b-1",13369,NA,"party_kmt 缺值"
"efe596e2f493e125",13370,0.203892515951466,NA
"efe679230fa842e0",13371,0.710315479646997,NA
"efedc9651d6740a8",13372,0.141599791476844,NA
"eff6ac198ab862ac",13373,0.465196977412774,NA
"eff70293f17b0abe",13374,0.270522990875408,NA
"f0082cfc13ff2c71",13375,0.0826649852446509,NA
"f01308b8265c744b",13376,1.15040795922101,NA
"f014c4129cd424b8",13377,5.00009104606325,NA
"f014c4129cd424b8-1",13378,NA,"party_kmt 缺值"
"f01a9760c90dbc58",13379,5.00009104606325,NA
"f01aa1da3c00eb76",13380,0.859040570130117,NA
"f01ad9735ba3f610",13381,0.0826649852446509,NA
"f01da28983d2331f",13382,0.52819512794983,NA
"f02448e18b2a7265",13383,NA,"edu 缺值"
"f02c1c9aec685f8d",13384,NA,"sex 缺值"
"f03d428419d0db20",13385,NA,"party_tpp 缺值"
"f0418558f86450a9",13386,5.00009104606325,NA
"f04efe1288b187a1",13387,0.198433633916187,NA
"f0524f71ce0d7768",13388,0.451164551441784,NA
"f0596720c87ee05c",13389,0.385311335884033,NA
"f05ec0d169a1c96a",13390,5.00009104606325,NA
"f060e25f613512a6",13391,NA,"sex 缺值"
"f0629828006ecfee",13392,NA,"edu 缺值"
"f06403dba4cbf1fe",13393,0.617968352991575,NA
"f064d5f056c0d426",13394,0.317223720565632,NA
"f067b8b40367e88b",13395,0.44080316358321,NA
"f06f5d8bd41523d3",13396,0.161035702786106,NA
"f07369409b81f482",13397,0.109703744645957,NA
"f073a618d4c146dc",13398,NA,"edu 缺值"
"f0771bf31502f88e",13399,NA,"edu 缺值"
"f07bfa45b99732f5",13400,0.127809322181766,NA
"f0866e2c42ba4af4",13401,NA,"sex 缺值"
"f0866e2c42ba4af4-1",13402,NA,"sex 缺值"
"f088f9f5da5732d2",13403,NA,"sex 缺值"
"f08ac327047055d1",13404,NA,"edu 缺值"
"f093ed47b29145d0",13405,NA,"sex 缺值"
"f09bd73d28723254",13406,5.00009104606325,NA
"f09ef4977fa06d5d",13407,NA,"edu 缺值"
"f09f7829d7c629fa",13408,NA,"edu 缺值"
"f0a156de094f0c57",13409,NA,"party_tpp 缺值"
"f0a682040c6638e2",13410,NA,"party_tpp 缺值"
"f0ad8970c4229fa5",13411,NA,"party_tpp 缺值"
"f0b43f57366e49e9",13412,NA,"party_tpp 缺值"
"f0ba2241aa8e0835",13413,NA,"party_tpp 缺值"
"f0cf410c213b2c43",13414,NA,"edu 缺值"
"f0cf89f30d1e157c",13415,0.37657952957204,NA
"f0d31142f3722ec1",13416,NA,"party_tpp 缺值"
"f0d5e8202f2985a9",13417,1.01278852899865,NA
"f0d6e5473f95d579",13418,0.106699590892319,NA
"f0da91620939e2a2",13419,NA,"party_kmt 缺值"
"f0e09cc3103ca92d",13420,NA,"edu 缺值"
"f0e1aa31fef32845",13421,NA,"sex 缺值"
"f0e2eb50bb74d919",13422,NA,"edu 缺值"
"f0e499b156080edd",13423,0.239090741590243,NA
"f0e740232650c72d",13424,NA,"party_tpp 缺值"
"f0e8440c3b52eff8",13425,0.682869326233153,NA
"f0ed749a8a860dd1",13426,0.238300273409114,NA
"f0eee308a24b7079",13427,3.40702302552158,NA
"f0f4bc3fedf8a6f6",13428,5.00009104606325,NA
"f0f9f8c369d3a49b",13429,0.623780229721267,NA
"f10629d9cf0adcd6",13430,0.0863931964567863,NA
"f10edab7193ac0f2",13431,0.137328507079303,NA
"f10edab7193ac0f2-1",13432,1.78143172759595,NA
"f116ce2c79c636fe",13433,NA,"party_tpp 缺值"
"f119d2f143c8d990",13434,NA,"edu 缺值"
"f1213ae181878d0a",13435,0.975768465849945,NA
"f126d6ea60b5ba01",13436,0.238300273409114,NA
"f12c960883467ecb",13437,0.897435475821293,NA
"f12e031562ef20e7",13438,0.544360488546779,NA
"f131d5beec458b33",13439,NA,"edu 缺值"
"f13d5fa35ef890fc",13440,2.84429792187621,NA
"f13f3a818495e784",13441,0.427922149421554,NA
"f144dc574981ed3f",13442,NA,"party_tpp 缺值"
"f14614a593a2b502",13443,0.0736746478324626,NA
"f146f51338ad2dc6",13444,0.141599791476844,NA
"f14bc99b1b230956",13445,NA,"sex 缺值"
"f14bc99b1b230956-1",13446,NA,"sex 缺值"
"f15481b9d51ce65d",13447,1.5983817150522,NA
"f15481b9d51ce65d-1",13448,NA,"party_kmt 缺值"
"f1576dc5c1c4cb34",13449,0.317223720565632,NA
"f16a8b08632f7ada",13450,0.126664177798915,NA
"f16c30939a545f84",13451,0.575132709190708,NA
"f17c0d50a1cd6771",13452,0.4017712460214,NA
"f17c369bacd3e167",13453,0.270522990875408,NA
"f17e62ba82da845e",13454,0.0704952927516892,NA
"f181ce3ecb49e9ac",13455,NA,"sex 缺值"
"f185fbd321b5c92f",13456,NA,"edu 缺值"
"f1887bb40f2257cb",13457,0.0704952927516892,NA
"f18ee119e3958ea0-1",13458,NA,"party_kmt 缺值"
"f18ee119e3958ea0",13459,0.359217514958461,NA
"f18f3d740afbdbb1",13460,0.161035702786106,NA
"f19185aff50795c7",13461,0.137328507079303,NA
"f191eb50cde945e4",13462,0.270522990875408,NA
"f191eb50cde945e4-1",13463,NA,"party_kmt 缺值"
"f193ed5140793cbb",13464,0.0863931964567863,NA
"f19e6bd67b4482ab",13465,NA,"edu 缺值"
"f1a8b1f7bf96ace4",13466,3.21158088770524,NA
"f1b337f8018b4ea1",13467,0.231597778272698,NA
"f1b886427f5cbe1c",13468,0.0704952927516892,NA
"f1be0ef6161b7966",13469,0.143849474355578,NA
"f1bf6f22cf24de0b",13470,5.00009104606325,NA
"f1bfc0e70709e2f0",13471,NA,"party_tpp 缺值"
"f1c2cad5a2672d73",13472,0.0704952927516892,NA
"f1c60ca9b416553a",13473,0.228773021907763,NA
"f1db4300b7111cc5",13474,0.0704952927516892,NA
"f1dcaa9be4500124",13475,0.619378128012992,NA
"f1e43775154ac964",13476,NA,"edu 缺值"
"f1eba15151edecd8",13477,0.0736746478324626,NA
"f1ee5ba394ddc511",13478,NA,"edu 缺值"
"f1f25b077e224aed",13479,0.481391881251299,NA
"f1f55a05c22f9f73",13480,0.111511768743893,NA
"f1f806988e47c153",13481,NA,"party_dpp 缺值"
"f1ff3189932677ad",13482,0.137328507079303,NA
"f203c59425f2a9a1",13483,NA,"party_tpp 缺值"
"f20ccff7a939dc5a",13484,5.00009104606325,NA
"f20d0ebfd1326693",13485,1.07233400120656,NA
"f2119b7d52c53a62",13486,0.0826649852446509,NA
"f213b57aa2e2c664",13487,NA,"sex 缺值"
"f216b6a0316f0dcc",13488,5.00009104606325,NA
"f217a126c00401f6",13489,0.141599791476844,NA
"f21af9d78e66fc1c",13490,0.481391881251299,NA
"f21b21c484bb6546",13491,NA,"edu 缺值"
"f2240e6aa087e31f",13492,NA,"party_tpp 缺值"
"f2269b4ef630fec1",13493,5.00009104606325,NA
"f22986e334fe1aae",13494,NA,"edu 缺值"
"f22c574eb1dae042",13495,2.18552092432422,NA
"f22d07632b2f5fdc",13496,0.106699590892319,NA
"f2302eae4283f890-1",13497,1.21358014382667,NA
"f2302eae4283f890",13498,0.0935534866653076,NA
"f2314dcbe09bef8a",13499,2.48249322972927,NA
"f239c0b36a9cb445",13500,5.00009104606325,NA
"f249a0336e336be8",13501,5.00009104606325,NA
"f25118ed13a48bed",13502,0.526992895800938,NA
"f255c98662b665c3",13503,NA,"party_tpp 缺值"
"f26ab9aef2dd68be",13504,0.0863931964567863,NA
"f275d128331237b5",13505,0.143405581745165,NA
"f2796a7111e6eea8",13506,0.125445388161949,NA
"f27b0c5ec8641f6f",13507,0.207856368152516,NA
"f27ed4eca95ce0aa",13508,1.83683902579785,NA
"f2819ec0ee47dd04",13509,0.168682392978214,NA
"f28717b6a78f0c6d",13510,NA,"party_tpp 缺值"
"f28f417ad3efacc1",13511,NA,"party_tpp 缺值"
"f290882aa88b25fb",13512,NA,"party_dpp 缺值"
"f295a7b8794d8c04",13513,0.170238235700995,NA
"f29a5b0becbbc7f4",13514,0.317223720565632,NA
"f2a2783ae0e3d804",13515,NA,"edu 缺值"
"f2a36abbbb495569",13516,0.228016665583315,NA
"f2a4f972c0932e87-1",13517,NA,"party_kmt 缺值"
"f2a4f972c0932e87",13518,0.114651410572369,NA
"f2a65af6d36169be",13519,0.143405581745165,NA
"f2a6a53aba92bae7",13520,0.126664177798915,NA
"f2aab16179f361c3",13521,4.39503809202624,NA
"f2ab896d7232b581",13522,4.26702470870888,NA
"f2ac44b26ca3b4f2",13523,NA,"edu 缺值"
"f2ae9661f11dda4f",13524,NA,"edu 缺值"
"f2aef619d8dfbc11",13525,NA,"party_tpp 缺值"
"f2b0823c8714b8fc",13526,NA,"sex 缺值"
"f2b354021d01618c",13527,0.109703744645957,NA
"f2b5ef58ae8560c8",13528,0.424142210537634,NA
"f2b5f66f29dabf2c",13529,NA,"edu 缺值"
"f2bcc09cf6384954",13530,NA,"edu 缺值"
"f2c3dccf7431ae65",13531,0.0935534866653076,NA
"f2c576ccbbf305d6",13532,0.308605683994492,NA
"f2cb90a422b1916b",13533,NA,"party_tpp 缺值"
"f2cba5d79ffcad5e",13534,0.299608652671325,NA
"f2dc8f755bf9ce60",13535,0.317294554459812,NA
"f2ddd70d17bf135d",13536,5.00009104606325,NA
"f2dfa2a7a0718fd2",13537,NA,"party_tpp 缺值"
"f2e29a19891def2e",13538,5.00009104606325,NA
"f2e29e56c6fb2a7a",13539,0.350539549928668,NA
"f2e3d778a1cfd8fb",13540,NA,"sex 缺值"
"f2ea600f2f73c2bc",13541,0.238300273409114,NA
"f2f8661fbff73f4e",13542,0.915450706309203,NA
"f2fef65fa9443ad0",13543,0.282723644450041,NA
"f301be939939687b",13544,5.00009104606325,NA
"f302b3b4e62a3644-1",13545,NA,"party_dpp 缺值"
"f302b3b4e62a3644",13546,NA,"party_dpp 缺值"
"f30862b3e83593b6",13547,NA,"party_tpp 缺值"
"f316447c8bd6e2dc",13548,NA,"sex 缺值"
"f32366420693ce21",13549,NA,"party_kmt 缺值"
"f32bcff174220c46",13550,5.00009104606325,NA
"f32cd2e0a393209c",13551,NA,"edu 缺值"
"f32ef707ea4601a7",13552,0.0826649852446509,NA
"f32ef707ea4601a7-1",13553,NA,"party_kmt 缺值"
"f3307fbf67ca3f32-1",13554,NA,"party_dpp 缺值"
"f3307fbf67ca3f32",13555,5.00009104606325,NA
"f33643612c8addc0",13556,NA,"edu 缺值"
"f3393633cd2ca099",13557,1.70455583906694,NA
"f3393633cd2ca099-1",13558,NA,"party_kmt 缺值"
"f35197793f7e89ff",13559,0.360409078911018,NA
"f358770a0f82a2f5",13560,0.623780229721267,NA
"f35a2363e9cb59e8",13561,5.00009104606325,NA
"f35d70d434ee4ea8",13562,NA,"edu 缺值"
"f35e60fa4d935185",13563,1.07233400120656,NA
"f360526c790d5949",13564,NA,"age 缺值"
"f36948c03d07f933",13565,4.6838396872911,NA
"f36948c03d07f933-1",13566,NA,"party_kmt 缺值"
"f36b15fb911376c5",13567,0.126664177798915,NA
"f373d5554cc492d6",13568,NA,"edu 缺值"
"f390f18bc167d68b",13569,0.168682392978214,NA
"f3955394774a3771",13570,NA,"edu 缺值"
"f3993ef36efac6d5",13571,1.58640133098009,NA
"f3a74b039d03b6bd",13572,NA,"party_kmt 缺值"
"f3a7b23544464fe8",13573,0.409455600887348,NA
"f3adb5627784acbf",13574,NA,"edu 缺值"
"f3af26c061f7568b",13575,0.280226278752786,NA
"f3b643e477d85ea9",13576,0.185100340350864,NA
"f3bdcf666bc3039a",13577,0.544360488546779,NA
"f3bf7d27585f6c58",13578,NA,"party_tpp 缺值"
"f3c2af2fb96c7256",13579,NA,"edu 缺值"
"f3d08b7868f044fc",13580,NA,"party_tpp 缺值"
"f3d6ddd7a89a18f1",13581,NA,"sex 缺值"
"f3d6df24f18ed741",13582,0.193448411329452,NA
"f3d9d494bf1708df",13583,5.00009104606325,NA
"f3d9d494bf1708df-1",13584,NA,"party_kmt 缺值"
"f3df491bc4791729",13585,0.270522990875408,NA
"f3e331ca3ff0b4f5",13586,NA,"edu 缺值"
"f3e761b7507e0476",13587,0.307350729610672,NA
"f3fe729756b25770",13588,0.0977727719756202,NA
"f400eeb5fabac9d9",13589,1.2148840312943,NA
"f4069877670f6f87",13590,0.439799845478686,NA
"f40ebfdf68517eb5",13591,0.0935534866653076,NA
"f4156404e38eb2f9",13592,0.189870430687549,NA
"f41695985cd7d11b",13593,NA,"party_tpp 缺值"
"f41805dc9c7353a4",13594,NA,"edu 缺值"
"f419abb954eba31d",13595,0.412125009469762,NA
"f41f95844459e9cf",13596,0.350539549928668,NA
"f4207eee8111c7e7",13597,0.137328507079303,NA
"f4276bc1f74e9038",13598,NA,"party_tpp 缺值"
"f4291eea3773bc8f",13599,NA,"edu 缺值"
"f4294bd4b9b51fdc",13600,0.270522990875408,NA
"f42c6010d5296cd2",13601,NA,"edu 缺值"
"f42e6e013710b840",13602,0.307903262379834,NA
"f4361dbaa6928577",13603,0.710315479646997,NA
"f437451032f88e15",13604,NA,"party_tpp 缺值"
"f439e990fd00df3e",13605,0.109703744645957,NA
"f43d5d8cb3b14c43",13606,0.519769627422528,NA
"f43d68090eaa6e7b",13607,0.299608652671325,NA
"f443e227dea31a83",13608,0.0826649852446509,NA
"f44b9db56b03a077",13609,0.360409078911018,NA
"f44fce2dc2faeabb",13610,0.270960654542958,NA
"f4536c8ee2c21057",13611,0.122293839857739,NA
"f4536f7be0f56588-1",13612,NA,"party_dpp 缺值"
"f4536f7be0f56588",13613,0.317223720565632,NA
"f45628f97de1f3f2",13614,0.345119283638798,NA
"f45a2e699a1f7044",13615,NA,"sex 缺值"
"f45abd524ba86f27",13616,NA,"edu 缺值"
"f45b3a065918ac5c",13617,0.439799845478686,NA
"f4602ac96cf93cca",13618,2.12119386455947,NA
"f46564bd6a845a43",13619,0.481391881251299,NA
"f46b70324715348b",13620,0.280226278752786,NA
"f46f0c7c325ac0e7",13621,0.552016858424831,NA
"f471acb2f7c06bfc",13622,0.16829845267839,NA
"f4782f2fccebadf3",13623,0.235945903887984,NA
"f479d0e14a52ef55",13624,NA,"edu 缺值"
"f480585b561f1496",13625,NA,"sex 缺值"
"f482663d82af5feb",13626,NA,"sex 缺值"
"f4881331976e8916",13627,0.14517627055464,NA
"f48a20801048ae7c",13628,0.529049664623895,NA
"f4996901f67c5818",13629,0.141599791476844,NA
"f49f5adfadddbabd",13630,0.86636032179925,NA
"f4a38768807bdbb2",13631,NA,"party_tpp 缺值"
"f4aaeebd50b1f243",13632,NA,"edu 缺值"
"f4b0f44d75803332",13633,NA,"party_tpp 缺值"
"f4b32f449adf8cb9",13634,NA,"edu 缺值"
"f4b62c022ed1e660",13635,NA,"party_dpp 缺值"
"f4c2b0afef9ad572",13636,0.0704952927516892,NA
"f4c63216424d73f0",13637,0.647312234268205,NA
"f4c74dd7fd45db9a",13638,0.33153058856141,NA
"f4cda974ea55b5e8",13639,NA,"party_tpp 缺值"
"f4d9dc25e4aa0b42-1",13640,NA,"sex 缺值"
"f4d9dc25e4aa0b42",13641,NA,"sex 缺值"
"f4dd00ff1bf74972",13642,NA,"party_tpp 缺值"
"f4df855a5c4f73c1",13643,NA,"edu 缺值"
"f4df855a5c4f73c1-1",13644,NA,"edu 缺值"
"f4df8e465424ef05",13645,1.91025356785221,NA
"f4e2d6d3689ccab4",13646,5.00009104606325,NA
"f4e4ebd93025e371",13647,1.11578373509283,NA
"f4f289e60a98e955",13648,0.225397134049326,NA
"f4fbbecb67dc2d36-1",13649,NA,"party_kmt 缺值"
"f4fbbecb67dc2d36",13650,0.317223720565632,NA
"f509bcb7dd6c948f",13651,0.143849474355578,NA
"f51509d97d10969c",13652,0.481391881251299,NA
"f51921489707a335",13653,0.465196977412774,NA
"f51dc3f5335e72f6",13654,NA,"party_tpp 缺值"
"f51fd6b51749d284",13655,0.168094563567848,NA
"f5261679637585f0",13656,0.15549429433347,NA
"f526917dce8a1573",13657,0.413398602045685,NA
"f52718627454dbc6",13658,NA,"edu 缺值"
"f5289d3181e12168",13659,0.86495288490461,NA
"f52a429a3e38672a",13660,0.238300273409114,NA
"f52e7d32585f0ffc",13661,0.0704952927516892,NA
"f5311db5455e453c",13662,0.728620518951834,NA
"f532c02fdab06302",13663,0.463844624218321,NA
"f533a887a2b13668",13664,1.26586110718561,NA
"f53a0df39548c578",13665,0.412125009469762,NA
"f53cd79e067e70d2",13666,NA,"party_tpp 缺值"
"f547f414562026c8",13667,NA,"edu 缺值"
"f549dd61ae5708b2",13668,NA,"edu 缺值"
"f54e30677cb7b23d",13669,NA,"edu 缺值"
"f55952e8a63f9ba8",13670,0.421229693708162,NA
"f55ea7dc2f3ef11a",13671,0.0704952927516892,NA
"f564516c42753f0a",13672,0.0704952927516892,NA
"f566238b90ff98ce",13673,0.0981324511294532,NA
"f56743a2fc105967",13674,0.19464968464914,NA
"f56ae372824fee9b",13675,0.0863931964567863,NA
"f56f8f6cd8c168a6",13676,NA,"edu 缺值"
"f5735174a2980aa5",13677,0.280226278752786,NA
"f580bf2b234229e5",13678,NA,"edu 缺值"
"f581c646f17dcd3a",13679,NA,"party_tpp 缺值"
"f5885be2261a5148",13680,NA,"edu 缺值"
"f58bccc6944294e0",13681,NA,"party_tpp 缺值"
"f5a50981d801ff26",13682,5.00009104606325,NA
"f5a51cda38a02357",13683,NA,"party_tpp 缺值"
"f5a6e5bcaf731b44",13684,0.0863931964567863,NA
"f5ac7460f24151a1",13685,0.419862438229833,NA
"f5af63787ff37345",13686,0.228016665583315,NA
"f5bb7b0aa88fe58c",13687,5.00009104606325,NA
"f5bd69dc626e3700",13688,3.99125149388073,NA
"f5c70ec0909b7647",13689,NA,"edu 缺值"
"f5c9c63d83741e07",13690,NA,"party_tpp 缺值"
"f5d1f95408d105ec",13691,NA,"edu 缺值"
"f5d28af107620642",13692,NA,"edu 缺值"
"f5d682df8785d1c0",13693,NA,"party_tpp 缺值"
"f5d7a9f01631f837",13694,0.497256645674774,NA
"f5db145cc056985b",13695,0.564495177014209,NA
"f5e348cdae4ae1eb",13696,0.111511768743893,NA
"f5eea672d8ab49bf",13697,NA,"sex 缺值"
"f5f142f0b0dc6f87",13698,0.475798036921469,NA
"f5f3afeaa5d3a7b3",13699,0.0826649852446509,NA
"f5f404d08554db54",13700,NA,"edu 缺值"
"f5f5a91bba44819b",13701,NA,"sex 缺值"
"f5f728d21eaba2fc",13702,0.481391881251299,NA
"f603daf705669271",13703,0.143405581745165,NA
"f60e2f247a5f7eec",13704,0.168094563567848,NA
"f60e2f247a5f7eec-1",13705,NA,"party_tpp 缺值"
"f610129d600c5390",13706,0.217230741594507,NA
"f611e9a69d42d0d4",13707,NA,"edu 缺值"
"f6160814900af1fe",13708,0.571465235506897,NA
"f61ba038e01779e0",13709,1.62728336093566,NA
"f62005ca98a9e570",13710,NA,"edu 缺值"
"f631cca2cdf8bba1",13711,0.200703811200941,NA
"f63f7aeec7e6aaa8",13712,NA,"edu 缺值"
"f641e22cc00b632a",13713,NA,"edu 缺值"
"f6426adf4c9d3e18",13714,1.5983817150522,NA
"f644602a82184ee2",13715,NA,"sex 缺值"
"f64821ceb60fff11",13716,1.07233400120656,NA
"f6538935d761a39b",13717,3.457155833804,NA
"f654eab640ea51d5",13718,0.161035702786106,NA
"f658a587de90bb0f",13719,0.189870430687549,NA
"f659c4f867cda437",13720,NA,"edu 缺值"
"f65fbe1ce2387b7e",13721,0.359007928496261,NA
"f6661acf83b06732",13722,3.51505795784848,NA
"f66e2217bc9f4396",13723,2.18552092432422,NA
"f6792d33f20713d3",13724,0.75231894227992,NA
"f68ada5c9c6b839e",13725,0.0826649852446509,NA
"f69327623c137211",13726,0.641564792175367,NA
"f6aaea798b142f95-1",13727,NA,"party_kmt 缺值"
"f6aaea798b142f95",13728,0.0999201607532301,NA
"f6aea81fc889629a",13729,1.44943732248566,NA
"f6b0a287e9b3347a",13730,NA,"sex 缺值"
"f6c2f1209da34c16",13731,NA,"party_tpp 缺值"
"f6c41470f6e47a95",13732,0.122293839857739,NA
"f6c72366ca6e36b3",13733,0.288942066593736,NA
"f6cd91d416516be2",13734,NA,"edu 缺值"
"f6d3b3228eb20cd8",13735,0.19160324382272,NA
"f6e96833faeb27d4-1",13736,NA,"party_dpp 缺值"
"f6e96833faeb27d4",13737,0.122293839857739,NA
"f6ea51edf8971892",13738,0.682869326233153,NA
"f6eda15f76a894f8",13739,0.106699590892319,NA
"f6f1894fb61b6264",13740,0.360684248405661,NA
"f6ff42ce37567671",13741,0.86636032179925,NA
"f7076b5b89945b91",13742,5.00009104606325,NA
"f70bc5604a1697cd",13743,NA,"sex 缺值"
"f7115a6ac0bdb5d0",13744,0.0704952927516892,NA
"f71d42ac4f6b239f",13745,5.00009104606325,NA
"f71fb84806fe9e48",13746,0.26813339647468,NA
"f73209c51abb220c",13747,NA,"sex 缺值"
"f7377c4bfc740593",13748,0.483270676621923,NA
"f73883129f177b6b",13749,NA,"edu 缺值"
"f73b7df98756e5e5",13750,0.623780229721267,NA
"f741229ff2028a99",13751,0.570772107706478,NA
"f753bafd7bc0119e",13752,NA,"party_tpp 缺值"
"f75514d0d8afdf67",13753,NA,"edu 缺值"
"f755e2f1ba1b0324",13754,0.270522990875408,NA
"f7627a174ca0bcd6",13755,NA,"edu 缺值"
"f76effb8d51f66a8",13756,0.207856368152516,NA
"f77386c02cd73408",13757,0.519769627422528,NA
"f7822d01daf9fb33",13758,0.147101185861357,NA
"f78d16e5a252c14c",13759,0.125445388161949,NA
"f78daeecef535aca",13760,0.161035702786106,NA
"f79128f74f44d874",13761,0.295288117121358,NA
"f7992defcd791aff",13762,NA,"sex 缺值"
"f79e310e5a013c5b",13763,NA,"edu 缺值"
"f79e35a2f0f06d1a",13764,0.193448411329452,NA
"f7a006ccac36756f",13765,0.228016665583315,NA
"f7a6d57bc33b1ad2",13766,0.270522990875408,NA
"f7aba7911f4a7fca",13767,5.00009104606325,NA
"f7b1667dd2ee8996",13768,0.283456125310266,NA
"f7b5f83be4eef8bb",13769,NA,"edu 缺值"
"f7b74bc13d5ead35",13770,0.246748424732736,NA
"f7b99431c125a79d",13771,NA,"party_tpp 缺值"
"f7ba475a0bac2500",13772,NA,"party_tpp 缺值"
"f7bf30f3fe5002ab",13773,NA,"edu 缺值"
"f7c2887a195e0eae",13774,0.86636032179925,NA
"f7c5e5ac07843c73",13775,0.17953404423645,NA
"f7cd81e186219c5e-1",13776,0.231597778272698,NA
"f7cd81e186219c5e",13777,0.0704952927516892,NA
"f7d115423f88e1b6",13778,0.141599791476844,NA
"f7d38fdb9f7202e8",13779,NA,"sex 缺值"
"f7d57b2a7276384a",13780,5.00009104606325,NA
"f7e2ccef494d31fd",13781,NA,"party_tpp 缺值"
"f7e3a06a818efe41",13782,1.62728336093566,NA
"f7ee48ae0d12dc72",13783,0.0935534866653076,NA
"f7ef20fc34387007",13784,5.00009104606325,NA
"f7f41aabdf009f8a-1",13785,NA,"party_tpp 缺值"
"f7f41aabdf009f8a",13786,0.486068939888409,NA
"f7f68c1d6345b0d4",13787,1.2180445716057,NA
"f7f770165978e2d6",13788,0.0704952927516892,NA
"f8004a4266bcb9b9",13789,0.106699590892319,NA
"f804fbe8bc5578ad",13790,0.153735485605362,NA
"f80838948f3234af",13791,NA,"sex 缺值"
"f811c26514a393bf",13792,NA,"party_tpp 缺值"
"f814d3b4e9e6699d",13793,NA,"edu 缺值"
"f81671c183663a5f",13794,NA,"edu 缺值"
"f81a52d740f64cef",13795,0.0736746478324626,NA
"f81c69014851c148",13796,0.109703744645957,NA
"f824b44f44eed687",13797,NA,"edu 缺值"
"f82d71963ee6edfb",13798,0.137328507079303,NA
"f83b7730b9eabbc4",13799,5.00009104606325,NA
"f846f112679f820e",13800,1.60864206077881,NA
"f853e46f0024b0fc",13801,NA,"party_dpp 缺值"
"f858fd0b1e510595",13802,0.914468188906357,NA
"f8663c13966d9c4b",13803,0.360684248405661,NA
"f8691ed5fefb09c6",13804,0.168094563567848,NA
"f879a06889e1f2fe",13805,0.174625325219644,NA
"f87a44e6e6959ddf",13806,0.710315479646997,NA
"f888396e8f6df57a",13807,0.483270676621923,NA
"f897675b759b18ee",13808,0.106699590892319,NA
"f89a6097ff76cf4f",13809,0.354836203663754,NA
"f89c6f7343c1d113",13810,0.106699590892319,NA
"f8a9e00f4e4f4fe2",13811,0.424142210537634,NA
"f8b1a04c9d3b406f",13812,0.217230741594507,NA
"f8b79693eb46fb90",13813,0.280226278752786,NA
"f8b8cd6c557f3a59",13814,NA,"edu 缺值"
"f8be8e3bc11fe8ff",13815,0.147101185861357,NA
"f8c8b61414095d8d",13816,0.424052005886429,NA
"f8ca090d718001ad",13817,NA,"party_tpp 缺值"
"f8cdef9db9a423db",13818,0.270522990875408,NA
"f8ce4c38238a93a3",13819,0.763165825157738,NA
"f8cf361c4981bc1d",13820,5.00009104606325,NA
"f8d4d79f4be3261d",13821,0.526992895800938,NA
"f8db537011189be8",13822,0.185100340350864,NA
"f8dc12d92337d0f5",13823,0.0704952927516892,NA
"f8dc807dbf9c519b",13824,NA,"edu 缺值"
"f8e3c7fc547bbc00",13825,5.00009104606325,NA
"f8e6a2308dbe5492",13826,0.526992895800938,NA
"f8e93197db162d84",13827,0.858707553480802,NA
"f8f2b48bcd48342b",13828,0.161035702786106,NA
"f8fe97d87dc75a05",13829,0.111511768743893,NA
"f8ff95840aa483dc",13830,NA,"party_tpp 缺值"
"f9044b17a2c141a8",13831,0.316245533290368,NA
"f90e4f26dc93b5d6",13832,0.0981324511294532,NA
"f9107cfa0bde2cd4",13833,0.704929935258156,NA
"f919621f4f1c132a",13834,0.469297935118666,NA
"f91f32f0fb39b9b2",13835,0.526992895800938,NA
"f920c80a9e70039c",13836,0.208501497965697,NA
"f9292172441292b3",13837,NA,"edu 缺值"
"f92af17ab7d72653",13838,NA,"party_tpp 缺值"
"f92e680824b91d1d",13839,NA,"edu 缺值"
"f938d3d3820eed63",13840,0.209755602561252,NA
"f93f8f44ff51a65d",13841,0.139093121103869,NA
"f94b3f3ad3a5aa90",13842,0.239090741590243,NA
"f959dd99c6a53562",13843,NA,"edu 缺值"
"f9658e5bf26c5b7e",13844,0.288942066593736,NA
"f96a7f7b80dcd022",13845,NA,"sex 缺值"
"f97144e7e06609e9",13846,NA,"edu 缺值"
"f97534f7d1787664",13847,0.137328507079303,NA
"f97888b0fd178374",13848,NA,"party_tpp 缺值"
"f98efc7550bf16c4",13849,0.0826649852446509,NA
"f9947752e2b9952f-1",13850,NA,"edu 缺值"
"f9947752e2b9952f",13851,NA,"edu 缺值"
"f99df21cff7d6234",13852,0.238257551076571,NA
"f9a3f50ae540caf5",13853,3.88653726077979,NA
"f9aaad5a5ed0accf",13854,NA,"sex 缺值"
"f9aaad5a5ed0accf-1",13855,NA,"sex 缺值"
"f9b4649353099d2d",13856,0.741700825734021,NA
"f9ba29d2e21431bc",13857,0.122293839857739,NA
"f9bc39daeb8990ad",13858,1.57218751197137,NA
"f9bc95298d6b8be9",13859,NA,"party_tpp 缺值"
"f9bfa914f2f7b5de",13860,0.15549429433347,NA
"f9c18dad6c35ed53",13861,1.78334572274152,NA
"f9c236c875f76d33",13862,NA,"party_tpp 缺值"
"f9c29f31e3c6e082",13863,5.00009104606325,NA
"f9c4f8f52e355fdd",13864,NA,"party_tpp 缺值"
"f9c98fe3f345cb11",13865,0.497339493660158,NA
"f9cbce1f72bcb32e",13866,0.627025849299429,NA
"f9cdb99695962321",13867,NA,"edu 缺值"
"f9d0baf0e339cacc",13868,NA,"party_tpp 缺值"
"f9dc5ead23a196c9",13869,0.161035702786106,NA
"f9dcc31c52605432",13870,0.409455600887348,NA
"f9de458de50987e8",13871,NA,"edu 缺值"
"f9defb2520f46fb8",13872,5.00009104606325,NA
"f9e171bf4d8ba28a",13873,0.111511768743893,NA
"f9ec495cc7572d1b-1",13874,NA,"party_kmt 缺值"
"f9ec495cc7572d1b",13875,5.00009104606325,NA
"f9f1415ef126e6cc",13876,NA,"party_tpp 缺值"
"f9f4577f72386643",13877,NA,"edu 缺值"
"f9f5db4d5aebda63",13878,NA,"party_tpp 缺值"
"f9f61384d30c03b8",13879,NA,"party_tpp 缺值"
"f9f695a82ab3213d",13880,0.424052005886429,NA
"f9f6cf924c17d1b6",13881,0.270522990875408,NA
"f9f97f76afd12d4a",13882,1.26679233566172,NA
"fa01dba3288d64aa",13883,0.254274446084471,NA
"fa0ba7478b57b9ff",13884,0.424052005886429,NA
"fa0ef9e8510c293f",13885,NA,"edu 缺值"
"fa102dfe1871548f",13886,0.32858695060914,NA
"fa11527295ba05ea",13887,3.14587379703902,NA
"fa11527295ba05ea-1",13888,NA,"party_dpp 缺值"
"fa11ff2eed2492dc",13889,NA,"party_tpp 缺值"
"fa171c325cd31139",13890,0.6458388780458,NA
"fa198edbbe3203a0",13891,0.153735485605362,NA
"fa19a572d8569798",13892,NA,"party_kmt 缺值"
"fa1e0b5ff5dc5f1d",13893,0.350539549928668,NA
"fa20308ae2cdc102",13894,0.458003804786937,NA
"fa26c65069de7b7c",13895,NA,"edu 缺值"
"fa2952afd01b914e",13896,5.00009104606325,NA
"fa2b523b5a042d5e",13897,NA,"edu 缺值"
"fa2c6de27281d7c6",13898,1.07233400120656,NA
"fa3ac8a7d0645243",13899,5.00009104606325,NA
"fa48e270c74f1209",13900,NA,"party_tpp 缺值"
"fa52357b9e38a1dd",13901,0.111511768743893,NA
"fa56fdb7425c092e",13902,0.401743698398901,NA
"fa5868e8f057e2bc",13903,0.270522990875408,NA
"fa5cf8573203f51b",13904,5.00009104606325,NA
"fa6452f9af2b8e36",13905,0.0863931964567863,NA
"fa650b2984f51ff2",13906,0.141599791476844,NA
"fa66db7efd42efd4",13907,5.00009104606325,NA
"fa6b41f6d1ee4660",13908,NA,"party_tpp 缺值"
"fa6e552150210e68",13909,NA,"party_tpp 缺值"
"fa7116dc22818528",13910,0.161035702786106,NA
"fa75ea6d7592ea9f",13911,NA,"edu 缺值"
"fa76e2264c3ff970",13912,NA,"party_tpp 缺值"
"fa7709b39a4c9f42",13913,0.27157879875813,NA
"fa7b8304f6fdc716",13914,NA,"party_tpp 缺值"
"fa7e6e9fa540b874",13915,0.125445388161949,NA
"fa7f235308ffc2ef",13916,0.0999201607532301,NA
"fa86dfcfdb25d384",13917,0.497339493660158,NA
"fa901a9eb45ca29e",13918,NA,"edu 缺值"
"fa9c66e0d59e18df",13919,0.0981324511294532,NA
"fa9c66e0d59e18df-1",13920,NA,"party_dpp 缺值"
"fa9f0bfda61bf65d-1",13921,NA,"party_kmt 缺值"
"fa9f0bfda61bf65d",13922,0.149873208832532,NA
"faa0764b21d85bd8",13923,NA,"edu 缺值"
"faa1d57d55ccd249",13924,NA,"party_tpp 缺值"
"faa5f1e7d2c8d73b",13925,1.16120931736579,NA
"faafc4677c3df08c",13926,2.93176622786441,NA
"fab1f3e07a6454d1",13927,0.949047787273069,NA
"fabc768c370da888",13928,0.1512362011435,NA
"fac31e586f90e0ed",13929,5.00009104606325,NA
"fad0321fce5299fd",13930,0.83551639635089,NA
"fadaf12670199f54",13931,NA,"edu 缺值"
"fadf7faaa11dead6",13932,NA,"edu 缺值"
"fae06f6e0e946a32",13933,NA,"edu 缺值"
"fae731888822dbeb",13934,0.0935534866653076,NA
"fae973fb4a8b658e",13935,NA,"party_tpp 缺值"
"faef5b87130b755f",13936,0.16829845267839,NA
"faf31b1734ecc67c",13937,0.228016665583315,NA
"faf933f58ae490a0",13938,0.549159501387348,NA
"faff04e2b46eccf7",13939,0.522090903608683,NA
"faff0c4ea634438c",13940,0.0826649852446509,NA
"faffb1aecf197f76",13941,NA,"sex 缺值"
"fb1fb78450ec66b9",13942,0.875005237020704,NA
"fb2979e06af2b3ba",13943,1.5983817150522,NA
"fb3080a54a81a01c",13944,NA,"party_tpp 缺值"
"fb32119d9e139113",13945,0.141599791476844,NA
"fb3bedf35734f90f",13946,3.99125149388073,NA
"fb45a1c93443156c",13947,2.12185757209693,NA
"fb47a4d1de145905",13948,NA,"edu 缺值"
"fb4ab596d0ab8051",13949,0.161035702786106,NA
"fb54d3fcd0c4c99e",13950,NA,"edu 缺值"
"fb57a8093a589716",13951,0.741700825734021,NA
"fb59870a2f31ed62",13952,0.481672914658405,NA
"fb5ba87aa9ae69a5",13953,2.4011301520916,NA
"fb5fa286e32d66fb",13954,0.350539549928668,NA
"fb64a5f6a9d170ed",13955,0.682869326233153,NA
"fb6f0b9f31863832",13956,0.141599791476844,NA
"fb7085888252ffef",13957,0.137328507079303,NA
"fb7d4e9fd0f9c17f-1",13958,NA,"party_dpp 缺值"
"fb7d4e9fd0f9c17f",13959,5.00009104606325,NA
"fb7e72381c09c8ff",13960,5.00009104606325,NA
"fb834beb811802b7",13961,0.106699590892319,NA
"fb8c5bffbbaa3f70",13962,0.106699590892319,NA
"fb9402444d6f02c5",13963,0.0981324511294532,NA
"fb9708a5fbb2413d",13964,1.80196424566803,NA
"fb97a15fd65bbaf1",13965,NA,"party_tpp 缺值"
"fb97c3140ec99108",13966,0.360684248405661,NA
"fb9c84c24548a04c",13967,1.82585677676413,NA
"fb9d07a31e287d6f",13968,0.231597778272698,NA
"fba508cfd665ab65",13969,NA,"edu 缺值"
"fbaaeab73d2aeb13",13970,0.139093121103869,NA
"fbab21ac62415b9d",13971,0.163024078087676,NA
"fbb54713a59b0d99",13972,NA,"age 缺值"
"fbbd24f5950d9280",13973,3.00752492008486,NA
"fbc05882df9c44fa",13974,0.125445388161949,NA
"fbc0640c028f4a46",13975,0.391873440753598,NA
"fbc06907135a3537",13976,NA,"party_tpp 缺值"
"fbc4930b36a69850",13977,NA,"party_tpp 缺值"
"fbc73fd9fe2bf487",13978,NA,"party_tpp 缺值"
"fbcc213b0d0d235e",13979,NA,"edu 缺值"
"fbd0ffa88c9a798f",13980,NA,"edu 缺值"
"fbd48ea7261694de",13981,0.17953404423645,NA
"fbd5f2a5c0367175",13982,0.153735485605362,NA
"fbd7e57105a9445e",13983,0.0826649852446509,NA
"fbda7c0812eb744e",13984,0.771577581993906,NA
"fbdb7a670f0b384b",13985,0.353708704803735,NA
"fbdc3267dc865ce7",13986,NA,"edu 缺值"
"fbe48b28ec14817c",13987,5.00009104606325,NA
"fbe6beb0b082d76f",13988,0.137328507079303,NA
"fbe88bb33f6cca3a",13989,5.00009104606325,NA
"fbe9390b3e6df397",13990,0.270522990875408,NA
"fbe97d494fb077f0",13991,NA,"edu 缺值"
"fbee72d741424b00",13992,0.302598276430383,NA
"fbf4c3196c38d43f-1",13993,NA,"party_kmt 缺值"
"fbf4c3196c38d43f",13994,NA,"party_kmt 缺值"
"fbfb5821ecccccb4",13995,0.370839403919046,NA
"fbfe30b7c43eb0fb",13996,5.00009104606325,NA
"fc03a67fd45dfe40",13997,NA,"sex 缺值"
"fc085f9796e1e5d6",13998,NA,"party_tpp 缺值"
"fc0a6ee94e76f2f9",13999,NA,"party_tpp 缺值"
"fc1cb6e4999f61e4",14000,5.00009104606325,NA
"fc1d3d6cce5293f4",14001,0.125445388161949,NA
"fc1d7886819d08ea",14002,NA,"edu 缺值"
"fc1f6e7f5604e073",14003,NA,"party_tpp 缺值"
"fc279947defca787",14004,0.174625325219644,NA
"fc2eb78ab38ed0ae",14005,0.292626879731677,NA
"fc2f0257593a3c57-1",14006,NA,"party_kmt 缺值"
"fc2f0257593a3c57",14007,0.584984773828304,NA
"fc3264d01f4a1314",14008,0.451164551441784,NA
"fc39307497bb0c75",14009,5.00009104606325,NA
"fc3e2a1bdef8c7d0",14010,0.469297935118666,NA
"fc4088b0cce55770",14011,0.106699590892319,NA
"fc5334d34e0dfbe0",14012,NA,"edu 缺值"
"fc5f69530dc3a7a3",14013,0.161035702786106,NA
"fc68cc51e8d59a3a",14014,NA,"edu 缺值"
"fc735d89c32e30b1",14015,0.0863931964567863,NA
"fc8748ca4bd16c49",14016,NA,"sex 缺值"
"fc8a1e0f5617eec5",14017,0.228016665583315,NA
"fc9a3bc2fd2dab23",14018,0.254274446084471,NA
"fc9e1012cfa06570",14019,0.238257551076571,NA
"fca49e6ea33f8729",14020,0.270522990875408,NA
"fca787afba82e6b3",14021,0.282723644450041,NA
"fcb0a50c2a22cc73",14022,0.231070635404622,NA
"fcb3be5c42a65155",14023,NA,"party_tpp 缺值"
"fcb66086908c3d89",14024,NA,"edu 缺值"
"fcb66086908c3d89-1",14025,NA,"edu 缺值"
"fcb6c2c76acb5f43",14026,NA,"edu 缺值"
"fcbb6de26224858e",14027,0.375199274569863,NA
"fcbd2a2502cb95c8",14028,3.12083432081933,NA
"fcc5aa30f8197e61",14029,NA,"sex 缺值"
"fccb1ccb8bfe8a89",14030,0.317223720565632,NA
"fccc542e956f3c5c",14031,1.6290317369217,NA
"fccf954e9c09a95f",14032,2.93176622786441,NA
"fcd114317fe13848",14033,NA,"edu 缺值"
"fcd1ae4277649741",14034,0.451164551441784,NA
"fcd3d89537c7f1a6",14035,0.360684248405661,NA
"fcd3d89537c7f1a6-1",14036,NA,"party_kmt 缺值"
"fcd5e18aefe06096",14037,0.0863931964567863,NA
"fcdd831c47b5b75a",14038,5.00009104606325,NA
"fce1e18dce9a2346",14039,NA,"party_tpp 缺值"
"fce52cb7b06d347a",14040,0.682869326233153,NA
"fce8c227947a16b8",14041,0.207856368152516,NA
"fceba91c90db3980",14042,NA,"edu 缺值"
"fcec62f61572f878",14043,1.37848348064439,NA
"fcf11cfc08cbb242",14044,0.122453879415099,NA
"fcf2d3e6c146e4b8",14045,NA,"edu 缺值"
"fcf75e2266538013",14046,0.86636032179925,NA
"fcf982e5ee02af96",14047,0.0863931964567863,NA
"fd02191a3396eefb",14048,NA,"sex 缺值"
"fd02191a3396eefb-1",14049,NA,"sex 缺值"
"fd07c408894c5e66",14050,0.623780229721267,NA
"fd15ef0ffd3cc379",14051,0.409455600887348,NA
"fd16d3ff010a74b5",14052,NA,"party_tpp 缺值"
"fd1ec1675792f386",14053,NA,"edu 缺值"
"fd2acba2b5ef110c",14054,0.465196977412774,NA
"fd2b688bc7b3d0fa",14055,NA,"edu 缺值"
"fd2b6b4c55de409c",14056,0.303602028149845,NA
"fd2d4f353ad67338",14057,NA,"edu 缺值"
"fd2e1d4f632bbc83",14058,0.17953404423645,NA
"fd3076a0868ae3bc",14059,0.126664177798915,NA
"fd31ae22a5b76f6c",14060,0.185100340350864,NA
"fd31cfc0c03a1e4a",14061,0.228016665583315,NA
"fd3b8dc311c68f8c",14062,NA,"edu 缺值"
"fd3ee04fa7705b7f",14063,1.30840290744747,NA
"fd4b0adca3f16205",14064,NA,"edu 缺值"
"fd4b513d7d6f9060",14065,0.395558802542504,NA
"fd56db71d71a9777",14066,5.00009104606325,NA
"fd58cb03c509ef65",14067,NA,"edu 缺值"
"fd5a4699d1f1fc17",14068,0.132602888246019,NA
"fd5bcbf493cebe24",14069,0.147101185861357,NA
"fd627276c9c64d6a",14070,NA,"edu 缺值"
"fd62df03bbc1cdbf",14071,0.0826649852446509,NA
"fd636ea0641afb8b",14072,0.439799845478686,NA
"fd662a2c1e8ab5cf",14073,0.106699590892319,NA
"fd68e4889ed7f157",14074,0.682869326233153,NA
"fd6ae9051eeb002a",14075,0.122293839857739,NA
"fd6ae9051eeb002a-1",14076,NA,"party_tpp 缺值"
"fd6cf558129d2c5a",14077,0.617968352991575,NA
"fd780afac59586aa",14078,1.78143172759595,NA
"fd7c85bb4f40c79d",14079,0.33153058856141,NA
"fd7eb4d162e84ef8",14080,0.302598276430383,NA
"fd8c6495256c14aa",14081,NA,"party_tpp 缺值"
"fd914769b7169d33",14082,0.86636032179925,NA
"fd930f357c7f3ccd",14083,5.00009104606325,NA
"fd93dcc6efeae67c",14084,0.122453879415099,NA
"fd97171d0e9edab7",14085,1.442201283604,NA
"fd98dbfe39953544",14086,NA,"edu 缺值"
"fd9a2de6da06f12a",14087,0.193448411329452,NA
"fda8bf03959e3be4",14088,0.318303902769141,NA
"fdaacf30fb2144a5",14089,0.207856368152516,NA
"fdab5089c3730495",14090,0.308605683994492,NA
"fdb86becbd2dca65",14091,0.460683494922433,NA
"fdbf995edfe714ed",14092,NA,"party_tpp 缺值"
"fdc54c53b53921b3-1",14093,NA,"party_dpp 缺值"
"fdc54c53b53921b3",14094,0.469297935118666,NA
"fdc9f66c29878a69",14095,0.228252308506251,NA
"fdcdebd854dd640b",14096,0.914468188906357,NA
"fdd02525dcc62f32",14097,NA,"edu 缺值"
"fdd471109d8eeee2",14098,NA,"party_tpp 缺值"
"fdd7f15c8e429090",14099,1.4246110144496,NA
"fdd7f15c8e429090-1",14100,NA,"party_dpp 缺值"
"fddb9fd9d695f82a",14101,0.203892515951466,NA
"fddd40563091ad81",14102,5.00009104606325,NA
"fde2ad15f08ea940-1",14103,NA,"sex 缺值"
"fde2ad15f08ea940",14104,NA,"sex 缺值"
"fde31fea4b630bad",14105,NA,"party_tpp 缺值"
"fde61c56f35f72cf",14106,NA,"sex 缺值"
"fde7f2cda9995070",14107,NA,"edu 缺值"
"fde8283cc3b8a0f3",14108,0.126664177798915,NA
"fdf16c49e6b69ad1",14109,NA,"sex 缺值"
"fdfc49cd905b0dc5",14110,NA,"party_tpp 缺值"
"fdfddf74be240cd0",14111,0.279998862032001,NA
"fdffb7928784099b",14112,0.409455600887348,NA
"fe00a128b7fd1bae",14113,NA,"party_tpp 缺值"
"fe05eaa51bc6476a",14114,0.412125009469762,NA
"fe087cf4df842a2b",14115,0.31740891368267,NA
"fe0c682d3d5b234d",14116,0.412125009469762,NA
"fe132f21799495cf",14117,0.114651410572369,NA
"fe15753600e50d28",14118,0.190900971620032,NA
"fe186a96ab70f127",14119,NA,"edu 缺值"
"fe19dae3c8bfb1c3",14120,3.11373094717328,NA
"fe1e64d93c0edabf",14121,0.833614666063227,NA
"fe251a9ea2c3685f",14122,NA,"sex 缺值"
"fe2d0fdddfb74531",14123,0.139093121103869,NA
"fe2d129728aaa8d7-1",14124,NA,"party_tpp 缺值"
"fe2d129728aaa8d7",14125,1.26967560058462,NA
"fe3361f44861e948",14126,NA,"party_tpp 缺值"
"fe3487c74d8e479b",14127,0.682869326233153,NA
"fe37a978776e26e0",14128,NA,"party_tpp 缺值"
"fe3c18037ecd9fbf",14129,NA,"edu 缺值"
"fe475ea90a999666",14130,0.189870430687549,NA
"fe4b2a133e4f256b-1",14131,NA,"sex 缺值"
"fe4b2a133e4f256b",14132,NA,"sex 缺值"
"fe4bd73694641375",14133,0.317223720565632,NA
"fe4d5c73512e2942",14134,0.550313437502534,NA
"fe4f591fb80d8207",14135,NA,"party_tpp 缺值"
"fe58480947b0e1a0",14136,0.185100340350864,NA
"fe5f05ed4d4eab31",14137,0.694441419898456,NA
"fe6071df8a4667cc",14138,1.69117033457647,NA
"fe60b9956099f776",14139,0.214196151137979,NA
"fe6f3106f97adbfa",14140,0.464221361547281,NA
"fe6f314d8638278c-1",14141,NA,"party_kmt 缺值"
"fe6f314d8638278c",14142,0.915450706309203,NA
"fe76e42df90ad88f",14143,NA,"edu 缺值"
"fe7abbd747967415",14144,0.6723103647975,NA
"fe7deada1161b3c2",14145,0.267379474007893,NA
"fe808c2ad53ce8e0",14146,NA,"party_tpp 缺值"
"fe80f54ee88d27f5",14147,0.163395985924161,NA
"fe83a332bf921ba8",14148,5.00009104606325,NA
"fe85074da36c2a2f",14149,NA,"sex 缺值"
"fe8583e5355da382",14150,0.148917505843435,NA
"fe8598c0f09f8086",14151,5.00009104606325,NA
"fe8cd77e64e8a844",14152,0.523281952812502,NA
"fe8d02531db99a34",14153,5.00009104606325,NA
"fe919072d534057e",14154,0.481672914658405,NA
"fe9affe9f87b1766",14155,NA,"edu 缺值"
"fe9b43d8a153474f",14156,NA,"sex 缺值"
"fe9e076af9895f8b",14157,0.412125009469762,NA
"fe9fe1b9e726ed10",14158,0.529049664623895,NA
"fea3e490f71266bc",14159,0.481391881251299,NA
"fea5c851fe75725c",14160,NA,"party_tpp 缺值"
"feac19b67a28a8df",14161,NA,"edu 缺值"
"feac51f14d6a5d82",14162,0.1512362011435,NA
"feade2fd736b3637-1",14163,NA,"party_kmt 缺值"
"feade2fd736b3637",14164,0.106699590892319,NA
"feaee2b5f31f9d3c",14165,0.106699590892319,NA
"feb22595364d2a5d",14166,0.111511768743893,NA
"febd2b22e833d33d",14167,5.00009104606325,NA
"febefcbfea154f56",14168,1.37848348064439,NA
"fec1dc684fbf0752",14169,0.161035702786106,NA
"fecc4c671ba1ae27",14170,NA,"sex 缺值"
"fececac9995e1fd9",14171,NA,"edu 缺值"
"fed0843b7201a09f-1",14172,NA,"party_tpp 缺值"
"fed0843b7201a09f",14173,0.143522056601192,NA
"fed20e645f1a997d",14174,NA,"edu 缺值"
"fed5d7cf3158382a",14175,NA,"edu 缺值"
"fed8a92fa2497c8b",14176,0.141599791476844,NA
"feda47aaf755ddaf",14177,NA,"party_tpp 缺值"
"fee4bc6f807ad61e",14178,0.409455600887348,NA
"fee5bff5503ba55d",14179,0.19464968464914,NA
"fee754260c661b8c",14180,NA,"party_tpp 缺值"
"fee7f34eefd17a2e",14181,0.141599791476844,NA
"feee3670f5fe8f79",14182,1.4246110144496,NA
"feee8942c7515a1c",14183,NA,"party_tpp 缺值"
"fef04aa11ebaf509",14184,0.0935534866653076,NA
"fef6b1e4cb206f61",14185,NA,"age 缺值"
"ff01c8b1cb100227",14186,4.4234764457091,NA
"ff06c7dc4a82f972",14187,NA,"party_tpp 缺值"
"ff0fc406d8494553",14188,NA,"sex 缺值"
"ff1043b1a48152e9",14189,NA,"party_tpp 缺值"
"ff1caed4c9aac583",14190,0.158056991096045,NA
"ff1d73b976eda1ef",14191,0.33153058856141,NA
"ff2159d7edb9bb16",14192,0.106699590892319,NA
"ff22562da8112d9a",14193,0.4017712460214,NA
"ff2e6d5cda23a561",14194,NA,"edu 缺值"
"ff37540c8c26ab39",14195,0.130230439506235,NA
"ff3a57878d3c79fd",14196,0.0704952927516892,NA
"ff3c685541efed1c",14197,NA,"edu 缺值"
"ff3dc4f330df8457",14198,5.00009104606325,NA
"ff4fcf0c3e3fce7b",14199,NA,"party_dpp 缺值"
"ff5d801eda270568",14200,0.0863931964567863,NA
"ff6114bdbb66751d",14201,0.949047787273069,NA
"ff63b2bb33751912",14202,0.109703744645957,NA
"ff66d6366a47b57a",14203,0.141599791476844,NA
"ff66d6366a47b57a-1",14204,NA,"party_dpp 缺值"
"ff6accddd0893ca5",14205,NA,"edu 缺值"
"ff744b556f827328",14206,0.225763896503032,NA
"ff75cf373482e3b5",14207,0.26236157112622,NA
"ff84c12ca98151a9",14208,NA,"party_tpp 缺值"
"ff8cf0b947fd4527",14209,NA,"edu 缺值"
"ff8cf0b947fd4527-1",14210,NA,"edu 缺值"
"ff91346ad705006c",14211,0.0999201607532301,NA
"ff91d1986c0bc565",14212,NA,"sex 缺值"
"ff942d92dc2561f7",14213,NA,"edu 缺值"
"ffa0f5b47edc218b",14214,0.735270123112013,NA
"ffa6a9ebc92b9661",14215,0.189870430687549,NA
"ffabcbdbbcf30daf",14216,0.914468188906357,NA
"ffacd637153fdd9a",14217,NA,"edu 缺值"
"ffafcd88ed58b405",14218,NA,"edu 缺值"
"ffbbbf286f6906d1-1",14219,NA,"sex 缺值"
"ffbbbf286f6906d1",14220,NA,"sex 缺值"
"ffc169f503d27779",14221,NA,"party_kmt 缺值"
"ffc38846277db488",14222,0.86495288490461,NA
"ffc4b5d7a481266e",14223,0.225763896503032,NA
"ffc601d0d453b727",14224,NA,"edu 缺值"
"ffc7bd88be1a3749",14225,0.0826649852446509,NA
"ffc88c4b3b13f966",14226,1.02605850949637,NA
"ffcdc86c696f0435",14227,0.228252308506251,NA
"ffd17cccdda112b8",14228,NA,"edu 缺值"
"ffd1826b68f5773c",14229,0.125445388161949,NA
"ffd59dae8b287e63",14230,NA,"edu 缺值"
"ffd5cd4ced875624",14231,0.0704952927516892,NA
"ffd5cd4ced875624-1",14232,NA,"party_tpp 缺值"
"ffdc9b37c6d1629b",14233,NA,"edu 缺值"
"ffdf7dc7d3295d87",14234,0.143522056601192,NA
"ffdf7dc7d3295d87-1",14235,NA,"party_dpp 缺值"
"ffe199f434a506fe",14236,NA,"sex 缺值"
"ffe33e4346bf8c1c",14237,0.106699590892319,NA
"ffe56b9d3422842c",14238,2.92861967795179,NA
"ffef9b846a8ffd6f",14239,3.12083432081933,NA
"ffefd089996d48d9",14240,0.682869326233153,NA
"fff14bef0b7dc59f",14241,0.228016665583315,NA
"fff3dfc4e5a99e22",14242,0.246748424732736,NA
"fff3f736d8f57854",14243,0.459634926924071,NA
"ffff1c32084e8abe",14244,NA,"party_tpp 缺值"
"ffff1c32084e8abe-1",14245,NA,"party_tpp 缺值"
