"sex","age","edu","arear","ethnicity","party_kmt","party_dpp","party_tpp","n","n_wt","prop","prop_wt","cell"
"女性","30至39歲","大學及以上","中彰投區","本省閩南人","05","05","05",4,3.874122094,0.00217627856365615,0.00212803438925733,"女性 | 30至39歲 | 大學及以上 | 中彰投區 | 本省閩南人 | 05 | 05 | 05"
"男性","20至29歲","大學及以上","北北基宜蘭區","本省閩南人","05","05","05",4,5.187816272,0.00217627856365615,0.00284963952196101,"男性 | 20至29歲 | 大學及以上 | 北北基宜蘭區 | 本省閩南人 | 05 | 05 | 05"
"女性","20至29歲","大學及以上","中彰投區","本省閩南人","05","05","05",3,3.208925742,0.00163220892274211,0.00176264561773233,"女性 | 20至29歲 | 大學及以上 | 中彰投區 | 本省閩南人 | 05 | 05 | 05"
"女性","30至39歲","大學及以上","高屏澎湖區","本省閩南人","05","05","05",3,2.847761289,0.00163220892274211,0.00156425992995248,"女性 | 30至39歲 | 大學及以上 | 高屏澎湖區 | 本省閩南人 | 05 | 05 | 05"
"女性","60歲及以上","小學及以下","中彰投區","本省閩南人","05","05","05",3,2.890571922,0.00163220892274211,0.00158777557996025,"女性 | 60歲及以上 | 小學及以下 | 中彰投區 | 本省閩南人 | 05 | 05 | 05"
"女性","60歲及以上","小學及以下","桃竹苗區","本省客家人","05","05","05",3,2.876064912,0.00163220892274211,0.00157980695754303,"女性 | 60歲及以上 | 小學及以下 | 桃竹苗區 | 本省客家人 | 05 | 05 | 05"
"女性","60歲及以上","小學及以下","高屏澎湖區","本省閩南人","00","10","00",3,2.663477166,0.00163220892274211,0.00146303365426398,"女性 | 60歲及以上 | 小學及以下 | 高屏澎湖區 | 本省閩南人 | 00 | 10 | 00"
"男性","30至39歲","大學及以上","高屏澎湖區","本省閩南人","05","05","05",3,2.86503171,0.00163220892274211,0.00157374647914045,"男性 | 30至39歲 | 大學及以上 | 高屏澎湖區 | 本省閩南人 | 05 | 05 | 05"
"男性","30至39歲","大學及以上","高屏澎湖區","本省閩南人","05","05","07",3,3.1313864,0.00163220892274211,0.00172005367501789,"男性 | 30至39歲 | 大學及以上 | 高屏澎湖區 | 本省閩南人 | 05 | 05 | 07"
"男性","30至39歲","高中、職","中彰投區","本省閩南人","05","05","05",3,3.610686299,0.00163220892274211,0.00198333052667397,"男性 | 30至39歲 | 高中、職 | 中彰投區 | 本省閩南人 | 05 | 05 | 05"
"男性","40至49歲","大學及以上","雲嘉南區","本省閩南人","05","05","05",3,2.634151004,0.00163220892274211,0.00144692495151102,"男性 | 40至49歲 | 大學及以上 | 雲嘉南區 | 本省閩南人 | 05 | 05 | 05"
"男性","40至49歲","高中、職","雲嘉南區","本省閩南人","05","05","05",3,3.102660137,0.00163220892274211,0.00170427449355288,"男性 | 40至49歲 | 高中、職 | 雲嘉南區 | 本省閩南人 | 05 | 05 | 05"
"女性","20至29歲","大學及以上","高屏澎湖區","本省閩南人","04","06","05",2,2.47135875,0.00108813928182807,0.00135750404364825,"女性 | 20至29歲 | 大學及以上 | 高屏澎湖區 | 本省閩南人 | 04 | 06 | 05"
"女性","20至29歲","大學及以上","高屏澎湖區","本省閩南人","05","05","05",2,2.47135875,0.00108813928182807,0.00135750404364825,"女性 | 20至29歲 | 大學及以上 | 高屏澎湖區 | 本省閩南人 | 05 | 05 | 05"
"女性","30至39歲","大學及以上","中彰投區","本省閩南人","04","07","05",2,1.871804706,0.00108813928182807,0.00102817223817255,"女性 | 30至39歲 | 大學及以上 | 中彰投區 | 本省閩南人 | 04 | 07 | 05"
"女性","30至39歲","大學及以上","雲嘉南區","本省閩南人","05","05","05",2,1.86023562,0.00108813928182807,0.00102181740157656,"女性 | 30至39歲 | 大學及以上 | 雲嘉南區 | 本省閩南人 | 05 | 05 | 05"
"女性","30至39歲","大學及以上","雲嘉南區","本省閩南人","05","08","08",2,1.989941641,0.00108813928182807,0.00109306421994845,"女性 | 30至39歲 | 大學及以上 | 雲嘉南區 | 本省閩南人 | 05 | 08 | 08"
"女性","40至49歲","大學及以上","中彰投區","本省閩南人","05","05","05",2,1.738207317,0.00108813928182807,0.000954787912328176,"女性 | 40至49歲 | 大學及以上 | 中彰投區 | 本省閩南人 | 05 | 05 | 05"
"女性","40至49歲","大學及以上","北北基宜蘭區","本省閩南人","00","07","00",2,2.132779112,0.00108813928182807,0.00117152407304221,"女性 | 40至49歲 | 大學及以上 | 北北基宜蘭區 | 本省閩南人 | 00 | 07 | 00"
"女性","40至49歲","大學及以上","北北基宜蘭區","本省閩南人","05","05","05",2,1.968855214,0.00108813928182807,0.00108148155922847,"女性 | 40至49歲 | 大學及以上 | 北北基宜蘭區 | 本省閩南人 | 05 | 05 | 05"
"女性","40至49歲","專科","中彰投區","本省閩南人","05","05","05",2,1.747336002,0.00108813928182807,0.000959802249805764,"女性 | 40至49歲 | 專科 | 中彰投區 | 本省閩南人 | 05 | 05 | 05"
"女性","40至49歲","專科","北北基宜蘭區","本省閩南人","00","10","05",2,2.14398,0.00108813928182807,0.00117767666046096,"女性 | 40至49歲 | 專科 | 北北基宜蘭區 | 本省閩南人 | 00 | 10 | 05"
"女性","40至49歲","高中、職","中彰投區","本省閩南人","05","05","05",2,2.155028549,0.00108813928182807,0.00118374556888793,"女性 | 40至49歲 | 高中、職 | 中彰投區 | 本省閩南人 | 05 | 05 | 05"
"女性","50至59歲","國、初中","雲嘉南區","本省閩南人","05","05","05",2,2.53795812,0.00108813928182807,0.00139408671869671,"女性 | 50至59歲 | 國、初中 | 雲嘉南區 | 本省閩南人 | 05 | 05 | 05"
"女性","50至59歲","專科","中彰投區","本省閩南人","05","05","05",2,1.747336002,0.00108813928182807,0.000959802249805764,"女性 | 50至59歲 | 專科 | 中彰投區 | 本省閩南人 | 05 | 05 | 05"
"女性","50至59歲","高中、職","北北基宜蘭區","本省閩南人","05","06","05",2,2.498832632,0.00108813928182807,0.00137259529897883,"女性 | 50至59歲 | 高中、職 | 北北基宜蘭區 | 本省閩南人 | 05 | 06 | 05"
"女性","50至59歲","高中、職","桃竹苗區","本省客家人","05","04","05",2,2.263946592,0.00108813928182807,0.00124357366296725,"女性 | 50至59歲 | 高中、職 | 桃竹苗區 | 本省客家人 | 05 | 04 | 05"
"女性","60歲及以上","國、初中","中彰投區","本省閩南人","05","05","05",2,1.845392566,0.00108813928182807,0.00101366419200103,"女性 | 60歲及以上 | 國、初中 | 中彰投區 | 本省閩南人 | 05 | 05 | 05"
"女性","60歲及以上","國、初中","北北基宜蘭區","本省閩南人","01","09","02",2,2.190300552,0.00108813928182807,0.00120312029006108,"女性 | 60歲及以上 | 國、初中 | 北北基宜蘭區 | 本省閩南人 | 01 | 09 | 02"
"女性","60歲及以上","國、初中","北北基宜蘭區","本省閩南人","05","05","05",2,2.190300552,0.00108813928182807,0.00120312029006108,"女性 | 60歲及以上 | 國、初中 | 北北基宜蘭區 | 本省閩南人 | 05 | 05 | 05"
"女性","60歲及以上","專科","北北基宜蘭區","本省閩南人","00","10","00",2,1.890396445,0.00108813928182807,0.00103838458021757,"女性 | 60歲及以上 | 專科 | 北北基宜蘭區 | 本省閩南人 | 00 | 10 | 00"
"女性","60歲及以上","小學及以下","中彰投區","本省閩南人","02","08","02",2,1.785087085,0.00108813928182807,0.000980538716263578,"女性 | 60歲及以上 | 小學及以下 | 中彰投區 | 本省閩南人 | 02 | 08 | 02"
"女性","60歲及以上","小學及以下","北北基宜蘭區","本省閩南人","00","10","00",2,2.11630577,0.00108813928182807,0.00116247535505362,"女性 | 60歲及以上 | 小學及以下 | 北北基宜蘭區 | 本省閩南人 | 00 | 10 | 00"
"女性","60歲及以上","小學及以下","高屏澎湖區","本省閩南人","05","05","05",2,1.775651444,0.00108813928182807,0.000975355769509323,"女性 | 60歲及以上 | 小學及以下 | 高屏澎湖區 | 本省閩南人 | 05 | 05 | 05"
"女性","60歲及以上","高中、職","高屏澎湖區","本省閩南人","00","10","00",2,1.805829315,0.00108813928182807,0.000991932311426272,"女性 | 60歲及以上 | 高中、職 | 高屏澎湖區 | 本省閩南人 | 00 | 10 | 00"
"女性","60歲及以上","高中、職","高屏澎湖區","本省閩南人","05","05","05",2,1.515054334,0.00108813928182807,0.000832211181299276,"女性 | 60歲及以上 | 高中、職 | 高屏澎湖區 | 本省閩南人 | 05 | 05 | 05"
"男性","20至29歲","大學及以上","北北基宜蘭區","本省閩南人","03","04","06",2,2.593908136,0.00108813928182807,0.00142481976098051,"男性 | 20至29歲 | 大學及以上 | 北北基宜蘭區 | 本省閩南人 | 03 | 04 | 06"
"男性","20至29歲","高中、職","高屏澎湖區","本省閩南人","05","05","05",2,2.698269648,0.00108813928182807,0.00148214497713589,"男性 | 20至29歲 | 高中、職 | 高屏澎湖區 | 本省閩南人 | 05 | 05 | 05"
"男性","30至39歲","國、初中","北北基宜蘭區","本省閩南人","05","05","05",2,3.539113506,0.00108813928182807,0.00194401597717253,"男性 | 30至39歲 | 國、初中 | 北北基宜蘭區 | 本省閩南人 | 05 | 05 | 05"
"男性","30至39歲","大學及以上","北北基宜蘭區","本省閩南人","04","05","05",2,2.593908136,0.00108813928182807,0.00142481976098051,"男性 | 30至39歲 | 大學及以上 | 北北基宜蘭區 | 本省閩南人 | 04 | 05 | 05"
"男性","30至39歲","大學及以上","桃竹苗區","本省閩南人","00","06","07",2,2.062471138,0.00108813928182807,0.00113290428180158,"男性 | 30至39歲 | 大學及以上 | 桃竹苗區 | 本省閩南人 | 00 | 06 | 07"
"男性","30至39歲","大學及以上","雲嘉南區","本省閩南人","05","01","04",2,1.972397174,0.00108813928182807,0.00108342713876946,"男性 | 30至39歲 | 大學及以上 | 雲嘉南區 | 本省閩南人 | 05 | 01 | 04"
"男性","40至49歲","專科","中彰投區","本省閩南人","05","05","05",2,1.731930484,0.00108813928182807,0.000951340081786048,"男性 | 40至49歲 | 專科 | 中彰投區 | 本省閩南人 | 05 | 05 | 05"
"男性","40至49歲","高中、職","北北基宜蘭區","本省閩南人","06","05","05",2,2.419464564,0.00108813928182807,0.00132899884692728,"男性 | 40至49歲 | 高中、職 | 北北基宜蘭區 | 本省閩南人 | 06 | 05 | 05"
"男性","50至59歲","高中、職","雲嘉南區","本省閩南人","05","03","00",2,1.982887748,0.00108813928182807,0.00108918955453577,"男性 | 50至59歲 | 高中、職 | 雲嘉南區 | 本省閩南人 | 05 | 03 | 00"
"男性","60歲及以上","國、初中","中彰投區","本省閩南人","05","05","05",2,1.829122528,0.00108813928182807,0.00100472714780406,"男性 | 60歲及以上 | 國、初中 | 中彰投區 | 本省閩南人 | 05 | 05 | 05"
"男性","60歲及以上","國、初中","高屏澎湖區","本省客家人","05","05","05",2,1.883069746,0.00108813928182807,0.00103436006393919,"男性 | 60歲及以上 | 國、初中 | 高屏澎湖區 | 本省客家人 | 05 | 05 | 05"
"男性","60歲及以上","國、初中","高屏澎湖區","本省閩南人","00","10","00",2,1.821533014,0.00108813928182807,0.00100055826866244,"男性 | 60歲及以上 | 國、初中 | 高屏澎湖區 | 本省閩南人 | 00 | 10 | 00"
"男性","60歲及以上","專科","北北基宜蘭區","本省閩南人","05","05","05",2,1.982615735,0.00108813928182807,0.0010890401392607,"男性 | 60歲及以上 | 專科 | 北北基宜蘭區 | 本省閩南人 | 05 | 05 | 05"
"男性","60歲及以上","專科","高屏澎湖區","本省閩南人","00","10","00",2,1.368985316,0.00108813928182807,0.000751976256852661,"男性 | 60歲及以上 | 專科 | 高屏澎湖區 | 本省閩南人 | 00 | 10 | 00"
"男性","60歲及以上","小學及以下","北北基宜蘭區","本省閩南人","05","05","05",2,2.097647204,0.00108813928182807,0.00115222630529762,"男性 | 60歲及以上 | 小學及以下 | 北北基宜蘭區 | 本省閩南人 | 05 | 05 | 05"
"男性","60歲及以上","小學及以下","桃竹苗區","本省客家人","10","00","00",2,1.761013948,0.00108813928182807,0.000967315471835468,"男性 | 60歲及以上 | 小學及以下 | 桃竹苗區 | 本省客家人 | 10 | 00 | 00"
"男性","60歲及以上","小學及以下","雲嘉南區","本省閩南人","00","10","00",2,1.69900855,0.00108813928182807,0.000933256240850481,"男性 | 60歲及以上 | 小學及以下 | 雲嘉南區 | 本省閩南人 | 00 | 10 | 00"
"男性","60歲及以上","高中、職","中彰投區","本省閩南人","08","09","07",2,1.738629816,0.00108813928182807,0.000955019988752101,"男性 | 60歲及以上 | 高中、職 | 中彰投區 | 本省閩南人 | 08 | 09 | 07"
"男性","60歲及以上","高中、職","北北基宜蘭區","本省閩南人","05","05","05",2,1.789793544,0.00108813928182807,0.000983123948829981,"男性 | 60歲及以上 | 高中、職 | 北北基宜蘭區 | 本省閩南人 | 05 | 05 | 05"
"男性","60歲及以上","高中、職","高屏澎湖區","本省客家人","05","09","03",2,1.501696746,0.00108813928182807,0.000824873930192617,"男性 | 60歲及以上 | 高中、職 | 高屏澎湖區 | 本省客家人 | 05 | 09 | 03"
"女性","20至29歲","大學及以上","中彰投區","大陸各省市","03","05","06",1,1.066415035,0.000544069640914037,0.000585776031998505,"女性 | 20至29歲 | 大學及以上 | 中彰投區 | 大陸各省市 | 03 | 05 | 06"
"女性","20至29歲","大學及以上","中彰投區","本省客家人","07","04","07",1,1.066415035,0.000544069640914037,0.000585776031998505,"女性 | 20至29歲 | 大學及以上 | 中彰投區 | 本省客家人 | 07 | 04 | 07"
"女性","20至29歲","大學及以上","中彰投區","本省閩南人","00","06","01",1,1.066415035,0.000544069640914037,0.000585776031998505,"女性 | 20至29歲 | 大學及以上 | 中彰投區 | 本省閩南人 | 00 | 06 | 01"
"女性","20至29歲","大學及以上","中彰投區","本省閩南人","03","04","06",1,1.066415035,0.000544069640914037,0.000585776031998505,"女性 | 20至29歲 | 大學及以上 | 中彰投區 | 本省閩南人 | 03 | 04 | 06"
"女性","20至29歲","大學及以上","中彰投區","本省閩南人","03","06","07",1,1.066415035,0.000544069640914037,0.000585776031998505,"女性 | 20至29歲 | 大學及以上 | 中彰投區 | 本省閩南人 | 03 | 06 | 07"
"女性","20至29歲","大學及以上","中彰投區","本省閩南人","04","06","05",1,1.066415035,0.000544069640914037,0.000585776031998505,"女性 | 20至29歲 | 大學及以上 | 中彰投區 | 本省閩南人 | 04 | 06 | 05"
"女性","20至29歲","大學及以上","中彰投區","本省閩南人","06","04","03",1,1.066415035,0.000544069640914037,0.000585776031998505,"女性 | 20至29歲 | 大學及以上 | 中彰投區 | 本省閩南人 | 06 | 04 | 03"
"女性","20至29歲","大學及以上","中彰投區","本省閩南人","06","07","06",1,1.066415035,0.000544069640914037,0.000585776031998505,"女性 | 20至29歲 | 大學及以上 | 中彰投區 | 本省閩南人 | 06 | 07 | 06"
"女性","20至29歲","大學及以上","中彰投區","本省閩南人","07","04","06",1,1.334142869,0.000544069640914037,0.000732837488475509,"女性 | 20至29歲 | 大學及以上 | 中彰投區 | 本省閩南人 | 07 | 04 | 06"
"女性","20至29歲","大學及以上","中彰投區","本省閩南人","07","06","07",1,1.066415035,0.000544069640914037,0.000585776031998505,"女性 | 20至29歲 | 大學及以上 | 中彰投區 | 本省閩南人 | 07 | 06 | 07"
"女性","20至29歲","大學及以上","北北基宜蘭區","大陸各省市","01","07","03",1,1.30849047,0.000544069640914037,0.00071874676394117,"女性 | 20至29歲 | 大學及以上 | 北北基宜蘭區 | 大陸各省市 | 01 | 07 | 03"
"女性","20至29歲","大學及以上","北北基宜蘭區","大陸各省市","06","06","04",1,1.30849047,0.000544069640914037,0.00071874676394117,"女性 | 20至29歲 | 大學及以上 | 北北基宜蘭區 | 大陸各省市 | 06 | 06 | 04"
"女性","20至29歲","大學及以上","北北基宜蘭區","本省客家人","04","04","07",1,1.636992328,0.000544069640914037,0.000899191064300623,"女性 | 20至29歲 | 大學及以上 | 北北基宜蘭區 | 本省客家人 | 04 | 04 | 07"
"女性","20至29歲","大學及以上","北北基宜蘭區","本省客家人","04","05","04",1,1.30849047,0.000544069640914037,0.00071874676394117,"女性 | 20至29歲 | 大學及以上 | 北北基宜蘭區 | 本省客家人 | 04 | 05 | 04"
"女性","20至29歲","大學及以上","北北基宜蘭區","本省閩南人","00","07","03",1,1.30849047,0.000544069640914037,0.00071874676394117,"女性 | 20至29歲 | 大學及以上 | 北北基宜蘭區 | 本省閩南人 | 00 | 07 | 03"
"女性","20至29歲","大學及以上","北北基宜蘭區","本省閩南人","02","07","07",1,1.30849047,0.000544069640914037,0.00071874676394117,"女性 | 20至29歲 | 大學及以上 | 北北基宜蘭區 | 本省閩南人 | 02 | 07 | 07"
"女性","20至29歲","大學及以上","北北基宜蘭區","本省閩南人","02","09","07",1,1.30849047,0.000544069640914037,0.00071874676394117,"女性 | 20至29歲 | 大學及以上 | 北北基宜蘭區 | 本省閩南人 | 02 | 09 | 07"
"女性","20至29歲","大學及以上","北北基宜蘭區","本省閩南人","03","03","07",1,1.30849047,0.000544069640914037,0.00071874676394117,"女性 | 20至29歲 | 大學及以上 | 北北基宜蘭區 | 本省閩南人 | 03 | 03 | 07"
"女性","20至29歲","大學及以上","北北基宜蘭區","本省閩南人","03","07","01",1,1.30849047,0.000544069640914037,0.00071874676394117,"女性 | 20至29歲 | 大學及以上 | 北北基宜蘭區 | 本省閩南人 | 03 | 07 | 01"
"女性","20至29歲","大學及以上","北北基宜蘭區","本省閩南人","04","02","08",1,1.30849047,0.000544069640914037,0.00071874676394117,"女性 | 20至29歲 | 大學及以上 | 北北基宜蘭區 | 本省閩南人 | 04 | 02 | 08"
"女性","20至29歲","大學及以上","北北基宜蘭區","本省閩南人","04","05","05",1,1.30849047,0.000544069640914037,0.00071874676394117,"女性 | 20至29歲 | 大學及以上 | 北北基宜蘭區 | 本省閩南人 | 04 | 05 | 05"
"女性","20至29歲","大學及以上","北北基宜蘭區","本省閩南人","04","06","03",1,1.30849047,0.000544069640914037,0.00071874676394117,"女性 | 20至29歲 | 大學及以上 | 北北基宜蘭區 | 本省閩南人 | 04 | 06 | 03"
"女性","20至29歲","大學及以上","北北基宜蘭區","本省閩南人","04","06","05",1,1.30849047,0.000544069640914037,0.00071874676394117,"女性 | 20至29歲 | 大學及以上 | 北北基宜蘭區 | 本省閩南人 | 04 | 06 | 05"
"女性","20至29歲","大學及以上","北北基宜蘭區","本省閩南人","04","06","06",1,1.30849047,0.000544069640914037,0.00071874676394117,"女性 | 20至29歲 | 大學及以上 | 北北基宜蘭區 | 本省閩南人 | 04 | 06 | 06"
"女性","20至29歲","大學及以上","北北基宜蘭區","本省閩南人","07","03","05",1,1.30849047,0.000544069640914037,0.00071874676394117,"女性 | 20至29歲 | 大學及以上 | 北北基宜蘭區 | 本省閩南人 | 07 | 03 | 05"
"女性","20至29歲","大學及以上","北北基宜蘭區","本省閩南人","07","04","06",1,1.30849047,0.000544069640914037,0.00071874676394117,"女性 | 20至29歲 | 大學及以上 | 北北基宜蘭區 | 本省閩南人 | 07 | 04 | 06"
"女性","20至29歲","大學及以上","北北基宜蘭區","本省閩南人","07","05","05",1,1.30849047,0.000544069640914037,0.00071874676394117,"女性 | 20至29歲 | 大學及以上 | 北北基宜蘭區 | 本省閩南人 | 07 | 05 | 05"
"女性","20至29歲","大學及以上","桃竹苗區","大陸各省市","02","02","03",1,1.18549458,0.000544069640914037,0.000651185784367842,"女性 | 20至29歲 | 大學及以上 | 桃竹苗區 | 大陸各省市 | 02 | 02 | 03"
"女性","20至29歲","大學及以上","桃竹苗區","大陸各省市","03","06","07",1,1.18549458,0.000544069640914037,0.000651185784367842,"女性 | 20至29歲 | 大學及以上 | 桃竹苗區 | 大陸各省市 | 03 | 06 | 07"
"女性","20至29歲","大學及以上","桃竹苗區","本省客家人","03","06","04",1,1.18549458,0.000544069640914037,0.000651185784367842,"女性 | 20至29歲 | 大學及以上 | 桃竹苗區 | 本省客家人 | 03 | 06 | 04"
"女性","20至29歲","大學及以上","桃竹苗區","本省客家人","05","05","05",1,1.483117819,0.000544069640914037,0.000814668625710156,"女性 | 20至29歲 | 大學及以上 | 桃竹苗區 | 本省客家人 | 05 | 05 | 05"
"女性","20至29歲","大學及以上","桃竹苗區","本省客家人","07","09","09",1,1.18549458,0.000544069640914037,0.000651185784367842,"女性 | 20至29歲 | 大學及以上 | 桃竹苗區 | 本省客家人 | 07 | 09 | 09"
"女性","20至29歲","大學及以上","桃竹苗區","本省閩南人","02","07","05",1,1.18549458,0.000544069640914037,0.000651185784367842,"女性 | 20至29歲 | 大學及以上 | 桃竹苗區 | 本省閩南人 | 02 | 07 | 05"
"女性","20至29歲","大學及以上","桃竹苗區","本省閩南人","04","06","08",1,1.18549458,0.000544069640914037,0.000651185784367842,"女性 | 20至29歲 | 大學及以上 | 桃竹苗區 | 本省閩南人 | 04 | 06 | 08"
"女性","20至29歲","大學及以上","桃竹苗區","本省閩南人","06","00","03",1,1.18549458,0.000544069640914037,0.000651185784367842,"女性 | 20至29歲 | 大學及以上 | 桃竹苗區 | 本省閩南人 | 06 | 00 | 03"
"女性","20至29歲","大學及以上","桃竹苗區","本省閩南人","08","00","05",1,1.18549458,0.000544069640914037,0.000651185784367842,"女性 | 20至29歲 | 大學及以上 | 桃竹苗區 | 本省閩南人 | 08 | 00 | 05"
"女性","20至29歲","大學及以上","雲嘉南區","本省閩南人","01","07","04",1,1.059823831,0.000544069640914037,0.000582155519160169,"女性 | 20至29歲 | 大學及以上 | 雲嘉南區 | 本省閩南人 | 01 | 07 | 04"
"女性","20至29歲","大學及以上","雲嘉南區","本省閩南人","01","10","03",1,1.059823831,0.000544069640914037,0.000582155519160169,"女性 | 20至29歲 | 大學及以上 | 雲嘉南區 | 本省閩南人 | 01 | 10 | 03"
"女性","20至29歲","大學及以上","雲嘉南區","本省閩南人","02","02","05",1,1.059823831,0.000544069640914037,0.000582155519160169,"女性 | 20至29歲 | 大學及以上 | 雲嘉南區 | 本省閩南人 | 02 | 02 | 05"
"女性","20至29歲","大學及以上","雲嘉南區","本省閩南人","03","05","04",1,1.059823831,0.000544069640914037,0.000582155519160169,"女性 | 20至29歲 | 大學及以上 | 雲嘉南區 | 本省閩南人 | 03 | 05 | 04"
"女性","20至29歲","大學及以上","雲嘉南區","本省閩南人","03","06","05",1,1.059823831,0.000544069640914037,0.000582155519160169,"女性 | 20至29歲 | 大學及以上 | 雲嘉南區 | 本省閩南人 | 03 | 06 | 05"
"女性","20至29歲","大學及以上","雲嘉南區","本省閩南人","04","08","05",1,1.059823831,0.000544069640914037,0.000582155519160169,"女性 | 20至29歲 | 大學及以上 | 雲嘉南區 | 本省閩南人 | 04 | 08 | 05"
"女性","20至29歲","大學及以上","雲嘉南區","本省閩南人","05","06","06",1,1.325896916,0.000544069640914037,0.00072830803092863,"女性 | 20至29歲 | 大學及以上 | 雲嘉南區 | 本省閩南人 | 05 | 06 | 06"
"女性","20至29歲","大學及以上","雲嘉南區","本省閩南人","06","06","07",1,1.059823831,0.000544069640914037,0.000582155519160169,"女性 | 20至29歲 | 大學及以上 | 雲嘉南區 | 本省閩南人 | 06 | 06 | 07"
"女性","20至29歲","大學及以上","雲嘉南區","本省閩南人","07","04","04",1,1.069444635,0.000544069640914037,0.000587440174952513,"女性 | 20至29歲 | 大學及以上 | 雲嘉南區 | 本省閩南人 | 07 | 04 | 04"
"女性","20至29歲","大學及以上","雲嘉南區","本省閩南人","07","07","06",1,1.069444635,0.000544069640914037,0.000587440174952513,"女性 | 20至29歲 | 大學及以上 | 雲嘉南區 | 本省閩南人 | 07 | 07 | 06"
"女性","20至29歲","大學及以上","高屏澎湖區","本省客家人","04","05","05",1,1.373491407,0.000544069640914037,0.000754451428356413,"女性 | 20至29歲 | 大學及以上 | 高屏澎湖區 | 本省客家人 | 04 | 05 | 05"
"女性","20至29歲","大學及以上","高屏澎湖區","本省閩南人","02","08","07",1,1.107833496,0.000544069640914037,0.000608526969428851,"女性 | 20至29歲 | 大學及以上 | 高屏澎湖區 | 本省閩南人 | 02 | 08 | 07"
"女性","20至29歲","大學及以上","高屏澎湖區","本省閩南人","04","05","05",1,1.097867343,0.000544069640914037,0.000603052615291834,"女性 | 20至29歲 | 大學及以上 | 高屏澎湖區 | 本省閩南人 | 04 | 05 | 05"
"女性","20至29歲","大學及以上","高屏澎湖區","本省閩南人","05","06","05",1,1.097867343,0.000544069640914037,0.000603052615291834,"女性 | 20至29歲 | 大學及以上 | 高屏澎湖區 | 本省閩南人 | 05 | 06 | 05"
"女性","20至29歲","大學及以上","高屏澎湖區","本省閩南人","06","06","07",1,1.097867343,0.000544069640914037,0.000603052615291834,"女性 | 20至29歲 | 大學及以上 | 高屏澎湖區 | 本省閩南人 | 06 | 06 | 07"
"女性","20至29歲","專科","中彰投區","本省客家人","05","05","06",1,1.161270007,0.000544069640914037,0.000637879356960995,"女性 | 20至29歲 | 專科 | 中彰投區 | 本省客家人 | 05 | 05 | 06"
"女性","20至29歲","專科","中彰投區","本省閩南人","05","05","05",1,1.161270007,0.000544069640914037,0.000637879356960995,"女性 | 20至29歲 | 專科 | 中彰投區 | 本省閩南人 | 05 | 05 | 05"
"女性","20至29歲","專科","北北基宜蘭區","本省閩南人","06","04","08",1,1.424877452,0.000544069640914037,0.000782677505964365,"女性 | 20至29歲 | 專科 | 北北基宜蘭區 | 本省閩南人 | 06 | 04 | 08"
"女性","20至29歲","專科","高屏澎湖區","本省閩南人","05","05","05",1,1.19551992,0.000544069640914037,0.000656692649605011,"女性 | 20至29歲 | 專科 | 高屏澎湖區 | 本省閩南人 | 05 | 05 | 05"
"女性","20至29歲","小學及以下","桃竹苗區","外籍人士","06","05","05",1,1.72258451,0.000544069640914037,0.000946206388631692,"女性 | 20至29歲 | 小學及以下 | 桃竹苗區 | 外籍人士 | 06 | 05 | 05"
"女性","20至29歲","高中、職","北北基宜蘭區","本省閩南人","02","05","06",1,1.636992328,0.000544069640914037,0.000899191064300623,"女性 | 20至29歲 | 高中、職 | 北北基宜蘭區 | 本省閩南人 | 02 | 05 | 06"
"女性","20至29歲","高中、職","雲嘉南區","本省閩南人","06","04","06",1,1.313969048,0.000544069640914037,0.000721756117313456,"女性 | 20至29歲 | 高中、職 | 雲嘉南區 | 本省閩南人 | 06 | 04 | 06"
"女性","20至29歲","高中、職","高屏澎湖區","本省閩南人","07","05","06",1,1.361135375,0.000544069640914037,0.000747664326563342,"女性 | 20至29歲 | 高中、職 | 高屏澎湖區 | 本省閩南人 | 07 | 05 | 06"
"女性","30至39歲","國、初中","北北基宜蘭區","外國新住民","05","10","08",1,1.785296955,0.000544069640914037,0.000980653996723625,"女性 | 30至39歲 | 國、初中 | 北北基宜蘭區 | 外國新住民 | 05 | 10 | 08"
"女性","30至39歲","大學及以上","中彰投區","大陸各省市","05","05","05",1,0.935902353,0.000544069640914037,0.000514086119086275,"女性 | 30至39歲 | 大學及以上 | 中彰投區 | 大陸各省市 | 05 | 05 | 05"
"女性","30至39歲","大學及以上","中彰投區","本省客家人","06","05","05",1,0.935902353,0.000544069640914037,0.000514086119086275,"女性 | 30至39歲 | 大學及以上 | 中彰投區 | 本省客家人 | 06 | 05 | 05"
"女性","30至39歲","大學及以上","中彰投區","本省閩南人","00","00","04",1,1.066415035,0.000544069640914037,0.000585776031998505,"女性 | 30至39歲 | 大學及以上 | 中彰投區 | 本省閩南人 | 00 | 00 | 04"
"女性","30至39歲","大學及以上","中彰投區","本省閩南人","03","10","05",1,1.066415035,0.000544069640914037,0.000585776031998505,"女性 | 30至39歲 | 大學及以上 | 中彰投區 | 本省閩南人 | 03 | 10 | 05"
"女性","30至39歲","大學及以上","中彰投區","本省閩南人","04","04","07",1,1.066415035,0.000544069640914037,0.000585776031998505,"女性 | 30至39歲 | 大學及以上 | 中彰投區 | 本省閩南人 | 04 | 04 | 07"
"女性","30至39歲","大學及以上","中彰投區","本省閩南人","04","07","07",1,0.935902353,0.000544069640914037,0.000514086119086275,"女性 | 30至39歲 | 大學及以上 | 中彰投區 | 本省閩南人 | 04 | 07 | 07"
"女性","30至39歲","大學及以上","中彰投區","本省閩南人","04","08","07",1,0.935902353,0.000544069640914037,0.000514086119086275,"女性 | 30至39歲 | 大學及以上 | 中彰投區 | 本省閩南人 | 04 | 08 | 07"
"女性","30至39歲","大學及以上","中彰投區","本省閩南人","07","08","07",1,1.019148546,0.000544069640914037,0.000559812804301776,"女性 | 30至39歲 | 大學及以上 | 中彰投區 | 本省閩南人 | 07 | 08 | 07"
"女性","30至39歲","大學及以上","北北基宜蘭區","原住民","04","08","02",1,1.30849047,0.000544069640914037,0.00071874676394117,"女性 | 30至39歲 | 大學及以上 | 北北基宜蘭區 | 原住民 | 04 | 08 | 02"
"女性","30至39歲","大學及以上","北北基宜蘭區","大陸各省市","04","05","07",1,1.148351505,0.000544069640914037,0.000630783293427977,"女性 | 30至39歲 | 大學及以上 | 北北基宜蘭區 | 大陸各省市 | 04 | 05 | 07"
"女性","30至39歲","大學及以上","北北基宜蘭區","大陸各省市","05","01","08",1,1.30849047,0.000544069640914037,0.00071874676394117,"女性 | 30至39歲 | 大學及以上 | 北北基宜蘭區 | 大陸各省市 | 05 | 01 | 08"
"女性","30至39歲","大學及以上","北北基宜蘭區","本省閩南人","00","05","03",1,1.148351505,0.000544069640914037,0.000630783293427977,"女性 | 30至39歲 | 大學及以上 | 北北基宜蘭區 | 本省閩南人 | 00 | 05 | 03"
"女性","30至39歲","大學及以上","北北基宜蘭區","本省閩南人","00","06","04",1,1.148351505,0.000544069640914037,0.000630783293427977,"女性 | 30至39歲 | 大學及以上 | 北北基宜蘭區 | 本省閩南人 | 00 | 06 | 04"
"女性","30至39歲","大學及以上","北北基宜蘭區","本省閩南人","00","06","06",1,1.30849047,0.000544069640914037,0.00071874676394117,"女性 | 30至39歲 | 大學及以上 | 北北基宜蘭區 | 本省閩南人 | 00 | 06 | 06"
"女性","30至39歲","大學及以上","北北基宜蘭區","本省閩南人","00","08","07",1,1.30849047,0.000544069640914037,0.00071874676394117,"女性 | 30至39歲 | 大學及以上 | 北北基宜蘭區 | 本省閩南人 | 00 | 08 | 07"
"女性","30至39歲","大學及以上","北北基宜蘭區","本省閩南人","01","05","06",1,1.148351505,0.000544069640914037,0.000630783293427977,"女性 | 30至39歲 | 大學及以上 | 北北基宜蘭區 | 本省閩南人 | 01 | 05 | 06"
"女性","30至39歲","大學及以上","北北基宜蘭區","本省閩南人","02","01","02",1,1.30849047,0.000544069640914037,0.00071874676394117,"女性 | 30至39歲 | 大學及以上 | 北北基宜蘭區 | 本省閩南人 | 02 | 01 | 02"
"女性","30至39歲","大學及以上","北北基宜蘭區","本省閩南人","02","06","08",1,1.148351505,0.000544069640914037,0.000630783293427977,"女性 | 30至39歲 | 大學及以上 | 北北基宜蘭區 | 本省閩南人 | 02 | 06 | 08"
"女性","30至39歲","大學及以上","北北基宜蘭區","本省閩南人","02","07","00",1,1.30849047,0.000544069640914037,0.00071874676394117,"女性 | 30至39歲 | 大學及以上 | 北北基宜蘭區 | 本省閩南人 | 02 | 07 | 00"
"女性","30至39歲","大學及以上","北北基宜蘭區","本省閩南人","03","00","07",1,1.148351505,0.000544069640914037,0.000630783293427977,"女性 | 30至39歲 | 大學及以上 | 北北基宜蘭區 | 本省閩南人 | 03 | 00 | 07"
"女性","30至39歲","大學及以上","北北基宜蘭區","本省閩南人","03","05","07",1,1.148351505,0.000544069640914037,0.000630783293427977,"女性 | 30至39歲 | 大學及以上 | 北北基宜蘭區 | 本省閩南人 | 03 | 05 | 07"
"女性","30至39歲","大學及以上","北北基宜蘭區","本省閩南人","03","06","01",1,1.30849047,0.000544069640914037,0.00071874676394117,"女性 | 30至39歲 | 大學及以上 | 北北基宜蘭區 | 本省閩南人 | 03 | 06 | 01"
"女性","30至39歲","大學及以上","北北基宜蘭區","本省閩南人","03","06","05",1,1.148351505,0.000544069640914037,0.000630783293427977,"女性 | 30至39歲 | 大學及以上 | 北北基宜蘭區 | 本省閩南人 | 03 | 06 | 05"
"女性","30至39歲","大學及以上","北北基宜蘭區","本省閩南人","03","07","05",1,1.148351505,0.000544069640914037,0.000630783293427977,"女性 | 30至39歲 | 大學及以上 | 北北基宜蘭區 | 本省閩南人 | 03 | 07 | 05"
"女性","30至39歲","大學及以上","北北基宜蘭區","本省閩南人","03","08","05",1,1.148351505,0.000544069640914037,0.000630783293427977,"女性 | 30至39歲 | 大學及以上 | 北北基宜蘭區 | 本省閩南人 | 03 | 08 | 05"
"女性","30至39歲","大學及以上","北北基宜蘭區","本省閩南人","04","01","07",1,1.148351505,0.000544069640914037,0.000630783293427977,"女性 | 30至39歲 | 大學及以上 | 北北基宜蘭區 | 本省閩南人 | 04 | 01 | 07"
"女性","30至39歲","大學及以上","北北基宜蘭區","本省閩南人","05","04","06",1,1.30849047,0.000544069640914037,0.00071874676394117,"女性 | 30至39歲 | 大學及以上 | 北北基宜蘭區 | 本省閩南人 | 05 | 04 | 06"
"女性","30至39歲","大學及以上","北北基宜蘭區","本省閩南人","05","05","05",1,1.30849047,0.000544069640914037,0.00071874676394117,"女性 | 30至39歲 | 大學及以上 | 北北基宜蘭區 | 本省閩南人 | 05 | 05 | 05"
"女性","30至39歲","大學及以上","北北基宜蘭區","本省閩南人","06","04","05",1,1.148351505,0.000544069640914037,0.000630783293427977,"女性 | 30至39歲 | 大學及以上 | 北北基宜蘭區 | 本省閩南人 | 06 | 04 | 05"
"女性","30至39歲","大學及以上","北北基宜蘭區","本省閩南人","07","06","03",1,1.148351505,0.000544069640914037,0.000630783293427977,"女性 | 30至39歲 | 大學及以上 | 北北基宜蘭區 | 本省閩南人 | 07 | 06 | 03"
"女性","30至39歲","大學及以上","北北基宜蘭區","本省閩南人","07","06","07",1,1.148351505,0.000544069640914037,0.000630783293427977,"女性 | 30至39歲 | 大學及以上 | 北北基宜蘭區 | 本省閩南人 | 07 | 06 | 07"
"女性","30至39歲","大學及以上","北北基宜蘭區","本省閩南人","07","08","08",1,1.148351505,0.000544069640914037,0.000630783293427977,"女性 | 30至39歲 | 大學及以上 | 北北基宜蘭區 | 本省閩南人 | 07 | 08 | 08"
"女性","30至39歲","大學及以上","北北基宜蘭區","本省閩南人","07","09","06",1,1.148351505,0.000544069640914037,0.000630783293427977,"女性 | 30至39歲 | 大學及以上 | 北北基宜蘭區 | 本省閩南人 | 07 | 09 | 06"
"女性","30至39歲","大學及以上","桃竹苗區","原住民","06","08","05",1,1.040408407,0.000544069640914037,0.000571490731383346,"女性 | 30至39歲 | 大學及以上 | 桃竹苗區 | 原住民 | 06 | 08 | 05"
"女性","30至39歲","大學及以上","桃竹苗區","大陸各省市","02","02","04",1,1.040408407,0.000544069640914037,0.000571490731383346,"女性 | 30至39歲 | 大學及以上 | 桃竹苗區 | 大陸各省市 | 02 | 02 | 04"
"女性","30至39歲","大學及以上","桃竹苗區","大陸各省市","05","05","05",1,1.18549458,0.000544069640914037,0.000651185784367842,"女性 | 30至39歲 | 大學及以上 | 桃竹苗區 | 大陸各省市 | 05 | 05 | 05"
"女性","30至39歲","大學及以上","桃竹苗區","大陸各省市","06","00","10",1,1.040408407,0.000544069640914037,0.000571490731383346,"女性 | 30至39歲 | 大學及以上 | 桃竹苗區 | 大陸各省市 | 06 | 00 | 10"
"女性","30至39歲","大學及以上","桃竹苗區","本省客家人","02","05","02",1,1.040408407,0.000544069640914037,0.000571490731383346,"女性 | 30至39歲 | 大學及以上 | 桃竹苗區 | 本省客家人 | 02 | 05 | 02"
"女性","30至39歲","大學及以上","桃竹苗區","本省客家人","03","03","07",1,1.040408407,0.000544069640914037,0.000571490731383346,"女性 | 30至39歲 | 大學及以上 | 桃竹苗區 | 本省客家人 | 03 | 03 | 07"
"女性","30至39歲","大學及以上","桃竹苗區","本省客家人","03","03","08",1,1.18549458,0.000544069640914037,0.000651185784367842,"女性 | 30至39歲 | 大學及以上 | 桃竹苗區 | 本省客家人 | 03 | 03 | 08"
"女性","30至39歲","大學及以上","桃竹苗區","本省客家人","04","04","06",1,1.18549458,0.000544069640914037,0.000651185784367842,"女性 | 30至39歲 | 大學及以上 | 桃竹苗區 | 本省客家人 | 04 | 04 | 06"
"女性","30至39歲","大學及以上","桃竹苗區","本省客家人","04","05","07",1,1.040408407,0.000544069640914037,0.000571490731383346,"女性 | 30至39歲 | 大學及以上 | 桃竹苗區 | 本省客家人 | 04 | 05 | 07"
"女性","30至39歲","大學及以上","桃竹苗區","本省客家人","04","08","07",1,1.040408407,0.000544069640914037,0.000571490731383346,"女性 | 30至39歲 | 大學及以上 | 桃竹苗區 | 本省客家人 | 04 | 08 | 07"
"女性","30至39歲","大學及以上","桃竹苗區","本省閩南人","00","08","05",1,1.18549458,0.000544069640914037,0.000651185784367842,"女性 | 30至39歲 | 大學及以上 | 桃竹苗區 | 本省閩南人 | 00 | 08 | 05"
"女性","30至39歲","大學及以上","桃竹苗區","本省閩南人","03","06","03",1,1.18549458,0.000544069640914037,0.000651185784367842,"女性 | 30至39歲 | 大學及以上 | 桃竹苗區 | 本省閩南人 | 03 | 06 | 03"
"女性","30至39歲","大學及以上","桃竹苗區","本省閩南人","03","09","02",1,1.18549458,0.000544069640914037,0.000651185784367842,"女性 | 30至39歲 | 大學及以上 | 桃竹苗區 | 本省閩南人 | 03 | 09 | 02"
"女性","30至39歲","大學及以上","桃竹苗區","本省閩南人","05","02","07",1,1.040408407,0.000544069640914037,0.000571490731383346,"女性 | 30至39歲 | 大學及以上 | 桃竹苗區 | 本省閩南人 | 05 | 02 | 07"
"女性","30至39歲","大學及以上","桃竹苗區","本省閩南人","05","05","05",1,1.040408407,0.000544069640914037,0.000571490731383346,"女性 | 30至39歲 | 大學及以上 | 桃竹苗區 | 本省閩南人 | 05 | 05 | 05"
"女性","30至39歲","大學及以上","桃竹苗區","本省閩南人","05","05","08",1,1.040408407,0.000544069640914037,0.000571490731383346,"女性 | 30至39歲 | 大學及以上 | 桃竹苗區 | 本省閩南人 | 05 | 05 | 08"
"女性","30至39歲","大學及以上","桃竹苗區","本省閩南人","06","08","09",1,1.040408407,0.000544069640914037,0.000571490731383346,"女性 | 30至39歲 | 大學及以上 | 桃竹苗區 | 本省閩南人 | 06 | 08 | 09"
"女性","30至39歲","大學及以上","花東外島區","本省客家人","03","06","03",1,0.739453032,0.000544069640914037,0.000406177565692539,"女性 | 30至39歲 | 大學及以上 | 花東外島區 | 本省客家人 | 03 | 06 | 03"
"女性","30至39歲","大學及以上","花東外島區","本省閩南人","05","01","05",1,0.739453032,0.000544069640914037,0.000406177565692539,"女性 | 30至39歲 | 大學及以上 | 花東外島區 | 本省閩南人 | 05 | 01 | 05"
"女性","30至39歲","大學及以上","花東外島區","本省閩南人","05","05","06",1,0.739453032,0.000544069640914037,0.000406177565692539,"女性 | 30至39歲 | 大學及以上 | 花東外島區 | 本省閩南人 | 05 | 05 | 06"
"女性","30至39歲","大學及以上","花東外島區","本省閩南人","07","05","07",1,0.739453032,0.000544069640914037,0.000406177565692539,"女性 | 30至39歲 | 大學及以上 | 花東外島區 | 本省閩南人 | 07 | 05 | 07"
"女性","30至39歲","大學及以上","雲嘉南區","本省客家人","03","07","05",1,0.93011781,0.000544069640914037,0.000510908700788282,"女性 | 30至39歲 | 大學及以上 | 雲嘉南區 | 本省客家人 | 03 | 07 | 05"
"女性","30至39歲","大學及以上","雲嘉南區","本省閩南人","00","08","05",1,1.059823831,0.000544069640914037,0.000582155519160169,"女性 | 30至39歲 | 大學及以上 | 雲嘉南區 | 本省閩南人 | 00 | 08 | 05"
"女性","30至39歲","大學及以上","雲嘉南區","本省閩南人","00","09","00",1,0.93011781,0.000544069640914037,0.000510908700788282,"女性 | 30至39歲 | 大學及以上 | 雲嘉南區 | 本省閩南人 | 00 | 09 | 00"
"女性","30至39歲","大學及以上","雲嘉南區","本省閩南人","00","10","07",1,1.059823831,0.000544069640914037,0.000582155519160169,"女性 | 30至39歲 | 大學及以上 | 雲嘉南區 | 本省閩南人 | 00 | 10 | 07"
"女性","30至39歲","大學及以上","雲嘉南區","本省閩南人","01","01","02",1,0.93011781,0.000544069640914037,0.000510908700788282,"女性 | 30至39歲 | 大學及以上 | 雲嘉南區 | 本省閩南人 | 01 | 01 | 02"
"女性","30至39歲","大學及以上","雲嘉南區","本省閩南人","01","07","03",1,0.93011781,0.000544069640914037,0.000510908700788282,"女性 | 30至39歲 | 大學及以上 | 雲嘉南區 | 本省閩南人 | 01 | 07 | 03"
"女性","30至39歲","大學及以上","雲嘉南區","本省閩南人","01","10","00",1,0.93011781,0.000544069640914037,0.000510908700788282,"女性 | 30至39歲 | 大學及以上 | 雲嘉南區 | 本省閩南人 | 01 | 10 | 00"
"女性","30至39歲","大學及以上","雲嘉南區","本省閩南人","03","06","05",1,0.93011781,0.000544069640914037,0.000510908700788282,"女性 | 30至39歲 | 大學及以上 | 雲嘉南區 | 本省閩南人 | 03 | 06 | 05"
"女性","30至39歲","大學及以上","雲嘉南區","本省閩南人","04","04","04",1,0.93011781,0.000544069640914037,0.000510908700788282,"女性 | 30至39歲 | 大學及以上 | 雲嘉南區 | 本省閩南人 | 04 | 04 | 04"
"女性","30至39歲","大學及以上","雲嘉南區","本省閩南人","04","05","05",1,0.93011781,0.000544069640914037,0.000510908700788282,"女性 | 30至39歲 | 大學及以上 | 雲嘉南區 | 本省閩南人 | 04 | 05 | 05"
"女性","30至39歲","大學及以上","雲嘉南區","本省閩南人","04","06","07",1,0.93011781,0.000544069640914037,0.000510908700788282,"女性 | 30至39歲 | 大學及以上 | 雲嘉南區 | 本省閩南人 | 04 | 06 | 07"
"女性","30至39歲","大學及以上","雲嘉南區","本省閩南人","05","02","05",1,0.93011781,0.000544069640914037,0.000510908700788282,"女性 | 30至39歲 | 大學及以上 | 雲嘉南區 | 本省閩南人 | 05 | 02 | 05"
"女性","30至39歲","大學及以上","雲嘉南區","本省閩南人","06","05","08",1,0.93011781,0.000544069640914037,0.000510908700788282,"女性 | 30至39歲 | 大學及以上 | 雲嘉南區 | 本省閩南人 | 06 | 05 | 08"
"女性","30至39歲","大學及以上","雲嘉南區","本省閩南人","08","07","08",1,0.93011781,0.000544069640914037,0.000510908700788282,"女性 | 30至39歲 | 大學及以上 | 雲嘉南區 | 本省閩南人 | 08 | 07 | 08"
"女性","30至39歲","大學及以上","高屏澎湖區","本省客家人","05","00","05",1,0.963505386,0.000544069640914037,0.000529248316365184,"女性 | 30至39歲 | 大學及以上 | 高屏澎湖區 | 本省客家人 | 05 | 00 | 05"
"女性","30至39歲","大學及以上","高屏澎湖區","本省閩南人","00","00","00",1,0.963505386,0.000544069640914037,0.000529248316365184,"女性 | 30至39歲 | 大學及以上 | 高屏澎湖區 | 本省閩南人 | 00 | 00 | 00"
"女性","30至39歲","大學及以上","高屏澎湖區","本省閩南人","00","07","01",1,0.963505386,0.000544069640914037,0.000529248316365184,"女性 | 30至39歲 | 大學及以上 | 高屏澎湖區 | 本省閩南人 | 00 | 07 | 01"
"女性","30至39歲","大學及以上","高屏澎湖區","本省閩南人","01","07","00",1,0.963505386,0.000544069640914037,0.000529248316365184,"女性 | 30至39歲 | 大學及以上 | 高屏澎湖區 | 本省閩南人 | 01 | 07 | 00"
"女性","30至39歲","大學及以上","高屏澎湖區","本省閩南人","01","07","03",1,0.963505386,0.000544069640914037,0.000529248316365184,"女性 | 30至39歲 | 大學及以上 | 高屏澎湖區 | 本省閩南人 | 01 | 07 | 03"
"女性","30至39歲","大學及以上","高屏澎湖區","本省閩南人","01","07","08",1,0.963505386,0.000544069640914037,0.000529248316365184,"女性 | 30至39歲 | 大學及以上 | 高屏澎湖區 | 本省閩南人 | 01 | 07 | 08"
"女性","30至39歲","大學及以上","高屏澎湖區","本省閩南人","01","08","00",1,0.963505386,0.000544069640914037,0.000529248316365184,"女性 | 30至39歲 | 大學及以上 | 高屏澎湖區 | 本省閩南人 | 01 | 08 | 00"
"女性","30至39歲","大學及以上","高屏澎湖區","本省閩南人","02","04","05",1,0.963505386,0.000544069640914037,0.000529248316365184,"女性 | 30至39歲 | 大學及以上 | 高屏澎湖區 | 本省閩南人 | 02 | 04 | 05"
"女性","30至39歲","大學及以上","高屏澎湖區","本省閩南人","03","05","06",1,1.097867343,0.000544069640914037,0.000603052615291834,"女性 | 30至39歲 | 大學及以上 | 高屏澎湖區 | 本省閩南人 | 03 | 05 | 06"
"女性","30至39歲","大學及以上","高屏澎湖區","本省閩南人","03","05","07",1,0.963505386,0.000544069640914037,0.000529248316365184,"女性 | 30至39歲 | 大學及以上 | 高屏澎湖區 | 本省閩南人 | 03 | 05 | 07"
"女性","30至39歲","大學及以上","高屏澎湖區","本省閩南人","03","08","00",1,0.963505386,0.000544069640914037,0.000529248316365184,"女性 | 30至39歲 | 大學及以上 | 高屏澎湖區 | 本省閩南人 | 03 | 08 | 00"
"女性","30至39歲","大學及以上","高屏澎湖區","本省閩南人","04","05","05",1,1.097867343,0.000544069640914037,0.000603052615291834,"女性 | 30至39歲 | 大學及以上 | 高屏澎湖區 | 本省閩南人 | 04 | 05 | 05"
"女性","30至39歲","大學及以上","高屏澎湖區","本省閩南人","04","05","06",1,1.097867343,0.000544069640914037,0.000603052615291834,"女性 | 30至39歲 | 大學及以上 | 高屏澎湖區 | 本省閩南人 | 04 | 05 | 06"
"女性","30至39歲","大學及以上","高屏澎湖區","本省閩南人","04","08","03",1,1.097867343,0.000544069640914037,0.000603052615291834,"女性 | 30至39歲 | 大學及以上 | 高屏澎湖區 | 本省閩南人 | 04 | 08 | 03"
"女性","30至39歲","大學及以上","高屏澎湖區","本省閩南人","05","03","07",1,0.963505386,0.000544069640914037,0.000529248316365184,"女性 | 30至39歲 | 大學及以上 | 高屏澎湖區 | 本省閩南人 | 05 | 03 | 07"
"女性","30至39歲","大學及以上","高屏澎湖區","本省閩南人","05","05","06",1,0.963505386,0.000544069640914037,0.000529248316365184,"女性 | 30至39歲 | 大學及以上 | 高屏澎湖區 | 本省閩南人 | 05 | 05 | 06"
"女性","30至39歲","大學及以上","高屏澎湖區","本省閩南人","05","06","07",1,0.963505386,0.000544069640914037,0.000529248316365184,"女性 | 30至39歲 | 大學及以上 | 高屏澎湖區 | 本省閩南人 | 05 | 06 | 07"
"女性","30至39歲","大學及以上","高屏澎湖區","本省閩南人","07","04","05",1,0.963505386,0.000544069640914037,0.000529248316365184,"女性 | 30至39歲 | 大學及以上 | 高屏澎湖區 | 本省閩南人 | 07 | 04 | 05"
"女性","30至39歲","大學及以上","高屏澎湖區","本省閩南人","07","05","10",1,0.963505386,0.000544069640914037,0.000529248316365184,"女性 | 30至39歲 | 大學及以上 | 高屏澎湖區 | 本省閩南人 | 07 | 05 | 10"
"女性","30至39歲","專科","中彰投區","本省閩南人","04","05","07",1,1.019148546,0.000544069640914037,0.000559812804301776,"女性 | 30至39歲 | 專科 | 中彰投區 | 本省閩南人 | 04 | 05 | 07"
"女性","30至39歲","專科","北北基宜蘭區","本省閩南人","04","04","05",1,1.250494523,0.000544069640914037,0.000686889902784242,"女性 | 30至39歲 | 專科 | 北北基宜蘭區 | 本省閩南人 | 04 | 04 | 05"
"女性","30至39歲","專科","雲嘉南區","外籍人士","03","08","08",1,1.154092532,0.000544069640914037,0.000633936808621672,"女性 | 30至39歲 | 專科 | 雲嘉南區 | 外籍人士 | 03 | 08 | 08"
"女性","30至39歲","專科","雲嘉南區","本省閩南人","05","05","05",1,1.012849482,0.000544069640914037,0.000556352762391147,"女性 | 30至39歲 | 專科 | 雲嘉南區 | 本省閩南人 | 05 | 05 | 05"
"女性","30至39歲","專科","高屏澎湖區","本省閩南人","01","08","05",1,1.0492068,0.000544069640914037,0.000576323641245221,"女性 | 30至39歲 | 專科 | 高屏澎湖區 | 本省閩南人 | 01 | 08 | 05"
"女性","30至39歲","專科","高屏澎湖區","本省閩南人","05","05","05",1,1.0492068,0.000544069640914037,0.000576323641245221,"女性 | 30至39歲 | 專科 | 高屏澎湖區 | 本省閩南人 | 05 | 05 | 05"
"女性","30至39歲","高中、職","中彰投區","本省閩南人","00","08","00",1,1.160331262,0.000544069640914037,0.00063736370939123,"女性 | 30至39歲 | 高中、職 | 中彰投區 | 本省閩南人 | 00 | 08 | 00"
"女性","30至39歲","高中、職","北北基宜蘭區","外國新住民","07","00","06",1,1.423725613,0.000544069640914037,0.000782044807008727,"女性 | 30至39歲 | 高中、職 | 北北基宜蘭區 | 外國新住民 | 07 | 00 | 06"
"女性","30至39歲","高中、職","北北基宜蘭區","本省客家人","04","06","05",1,1.423725613,0.000544069640914037,0.000782044807008727,"女性 | 30至39歲 | 高中、職 | 北北基宜蘭區 | 本省客家人 | 04 | 06 | 05"
"女性","30至39歲","高中、職","桃竹苗區","本省客家人","05","00","05",1,1.289897815,0.000544069640914037,0.000708533918742286,"女性 | 30至39歲 | 高中、職 | 桃竹苗區 | 本省客家人 | 05 | 00 | 05"
"女性","30至39歲","高中、職","桃竹苗區","本省客家人","05","03","06",1,1.289897815,0.000544069640914037,0.000708533918742286,"女性 | 30至39歲 | 高中、職 | 桃竹苗區 | 本省客家人 | 05 | 03 | 06"
"女性","30至39歲","高中、職","桃竹苗區","本省閩南人","03","05","05",1,1.289897815,0.000544069640914037,0.000708533918742286,"女性 | 30至39歲 | 高中、職 | 桃竹苗區 | 本省閩南人 | 03 | 05 | 05"
"女性","30至39歲","高中、職","桃竹苗區","本省閩南人","05","05","05",1,1.289897815,0.000544069640914037,0.000708533918742286,"女性 | 30至39歲 | 高中、職 | 桃竹苗區 | 本省閩南人 | 05 | 05 | 05"
"女性","30至39歲","高中、職","桃竹苗區","本省閩南人","06","02","07",1,1.040408407,0.000544069640914037,0.000571490731383346,"女性 | 30至39歲 | 高中、職 | 桃竹苗區 | 本省閩南人 | 06 | 02 | 07"
"女性","30至39歲","高中、職","雲嘉南區","本省閩南人","00","02","04",1,1.153159589,0.000544069640914037,0.000633424348059241,"女性 | 30至39歲 | 高中、職 | 雲嘉南區 | 本省閩南人 | 00 | 02 | 04"
"女性","30至39歲","高中、職","雲嘉南區","本省閩南人","05","05","05",1,1.153159589,0.000544069640914037,0.000633424348059241,"女性 | 30至39歲 | 高中、職 | 雲嘉南區 | 本省閩南人 | 05 | 05 | 05"
"女性","30至39歲","高中、職","雲嘉南區","本省閩南人","05","09","08",1,1.153159589,0.000544069640914037,0.000633424348059241,"女性 | 30至39歲 | 高中、職 | 雲嘉南區 | 本省閩南人 | 05 | 09 | 08"
"女性","30至39歲","高中、職","高屏澎湖區","本省閩南人","00","06","06",1,1.194553488,0.000544069640914037,0.000656161793715347,"女性 | 30至39歲 | 高中、職 | 高屏澎湖區 | 本省閩南人 | 00 | 06 | 06"
"女性","30至39歲","高中、職","高屏澎湖區","本省閩南人","03","07","04",1,1.194553488,0.000544069640914037,0.000656161793715347,"女性 | 30至39歲 | 高中、職 | 高屏澎湖區 | 本省閩南人 | 03 | 07 | 04"
"女性","30至39歲","高中、職","高屏澎湖區","本省閩南人","04","04","04",1,1.194553488,0.000544069640914037,0.000656161793715347,"女性 | 30至39歲 | 高中、職 | 高屏澎湖區 | 本省閩南人 | 04 | 04 | 04"
"女性","30至39歲","高中、職","高屏澎湖區","本省閩南人","05","05","05",1,1.194553488,0.000544069640914037,0.000656161793715347,"女性 | 30至39歲 | 高中、職 | 高屏澎湖區 | 本省閩南人 | 05 | 05 | 05"
"女性","40至49歲","國、初中","中彰投區","本省閩南人","10","00","05",1,1.247311998,0.000544069640914037,0.000685141758951821,"女性 | 40至49歲 | 國、初中 | 中彰投區 | 本省閩南人 | 10 | 00 | 05"
"女性","40至49歲","國、初中","北北基宜蘭區","本省閩南人","08","07","07",1,1.220492847,0.000544069640914037,0.000670410143831308,"女性 | 40至49歲 | 國、初中 | 北北基宜蘭區 | 本省閩南人 | 08 | 07 | 07"
"女性","40至49歲","國、初中","雲嘉南區","大陸各省市","05","02","04",1,1.239602722,0.000544069640914037,0.000680907095188982,"女性 | 40至49歲 | 國、初中 | 雲嘉南區 | 大陸各省市 | 05 | 02 | 04"
"女性","40至49歲","國、初中","高屏澎湖區","外國新住民","05","08","00",1,1.28409959,0.000544069640914037,0.000705348984995422,"女性 | 40至49歲 | 國、初中 | 高屏澎湖區 | 外國新住民 | 05 | 08 | 00"
"女性","40至49歲","國、初中","高屏澎湖區","外籍人士","07","05","08",1,1.497923958,0.000544069640914037,0.000822801558075122,"女性 | 40至49歲 | 國、初中 | 高屏澎湖區 | 外籍人士 | 07 | 05 | 08"
"女性","40至49歲","大學及以上","中彰投區","大陸各省市","02","09","00",1,0.802304964,0.000544069640914037,0.0004407017932419,"女性 | 40至49歲 | 大學及以上 | 中彰投區 | 大陸各省市 | 02 | 09 | 00"
"女性","40至49歲","大學及以上","中彰投區","本省客家人","07","08","08",1,0.802304964,0.000544069640914037,0.0004407017932419,"女性 | 40至49歲 | 大學及以上 | 中彰投區 | 本省客家人 | 07 | 08 | 08"
"女性","40至49歲","大學及以上","中彰投區","本省閩南人","00","02","07",1,0.935902353,0.000544069640914037,0.000514086119086275,"女性 | 40至49歲 | 大學及以上 | 中彰投區 | 本省閩南人 | 00 | 02 | 07"
"女性","40至49歲","大學及以上","中彰投區","本省閩南人","00","05","05",1,0.802304964,0.000544069640914037,0.0004407017932419,"女性 | 40至49歲 | 大學及以上 | 中彰投區 | 本省閩南人 | 00 | 05 | 05"
"女性","40至49歲","大學及以上","中彰投區","本省閩南人","02","06","03",1,0.935902353,0.000544069640914037,0.000514086119086275,"女性 | 40至49歲 | 大學及以上 | 中彰投區 | 本省閩南人 | 02 | 06 | 03"
"女性","40至49歲","大學及以上","中彰投區","本省閩南人","04","06","06",1,0.935902353,0.000544069640914037,0.000514086119086275,"女性 | 40至49歲 | 大學及以上 | 中彰投區 | 本省閩南人 | 04 | 06 | 06"
"女性","40至49歲","大學及以上","中彰投區","本省閩南人","05","05","03",1,0.802304964,0.000544069640914037,0.0004407017932419,"女性 | 40至49歲 | 大學及以上 | 中彰投區 | 本省閩南人 | 05 | 05 | 03"
"女性","40至49歲","大學及以上","中彰投區","本省閩南人","06","05","05",1,0.802304964,0.000544069640914037,0.0004407017932419,"女性 | 40至49歲 | 大學及以上 | 中彰投區 | 本省閩南人 | 06 | 05 | 05"
"女性","40至49歲","大學及以上","中彰投區","本省閩南人","07","09","04",1,0.802304964,0.000544069640914037,0.0004407017932419,"女性 | 40至49歲 | 大學及以上 | 中彰投區 | 本省閩南人 | 07 | 09 | 04"
"女性","40至49歲","大學及以上","北北基宜蘭區","大陸各省市","06","00","01",1,0.984427607,0.000544069640914037,0.000540740779614237,"女性 | 40至49歲 | 大學及以上 | 北北基宜蘭區 | 大陸各省市 | 06 | 00 | 01"
"女性","40至49歲","大學及以上","北北基宜蘭區","大陸各省市","08","03","05",1,0.984427607,0.000544069640914037,0.000540740779614237,"女性 | 40至49歲 | 大學及以上 | 北北基宜蘭區 | 大陸各省市 | 08 | 03 | 05"
"女性","40至49歲","大學及以上","北北基宜蘭區","本省客家人","05","05","08",1,0.984427607,0.000544069640914037,0.000540740779614237,"女性 | 40至49歲 | 大學及以上 | 北北基宜蘭區 | 本省客家人 | 05 | 05 | 08"
"女性","40至49歲","大學及以上","北北基宜蘭區","本省閩南人","00","03","09",1,0.984427607,0.000544069640914037,0.000540740779614237,"女性 | 40至49歲 | 大學及以上 | 北北基宜蘭區 | 本省閩南人 | 00 | 03 | 09"
"女性","40至49歲","大學及以上","北北基宜蘭區","本省閩南人","00","08","03",1,0.984427607,0.000544069640914037,0.000540740779614237,"女性 | 40至49歲 | 大學及以上 | 北北基宜蘭區 | 本省閩南人 | 00 | 08 | 03"
"女性","40至49歲","大學及以上","北北基宜蘭區","本省閩南人","01","06","07",1,0.984427607,0.000544069640914037,0.000540740779614237,"女性 | 40至49歲 | 大學及以上 | 北北基宜蘭區 | 本省閩南人 | 01 | 06 | 07"
"女性","40至49歲","大學及以上","北北基宜蘭區","本省閩南人","02","08","00",1,1.148351505,0.000544069640914037,0.000630783293427977,"女性 | 40至49歲 | 大學及以上 | 北北基宜蘭區 | 本省閩南人 | 02 | 08 | 00"
"女性","40至49歲","大學及以上","北北基宜蘭區","本省閩南人","03","02","05",1,0.984427607,0.000544069640914037,0.000540740779614237,"女性 | 40至49歲 | 大學及以上 | 北北基宜蘭區 | 本省閩南人 | 03 | 02 | 05"
"女性","40至49歲","大學及以上","北北基宜蘭區","本省閩南人","03","05","06",1,1.148351505,0.000544069640914037,0.000630783293427977,"女性 | 40至49歲 | 大學及以上 | 北北基宜蘭區 | 本省閩南人 | 03 | 05 | 06"
"女性","40至49歲","大學及以上","北北基宜蘭區","本省閩南人","03","07","04",1,1.148351505,0.000544069640914037,0.000630783293427977,"女性 | 40至49歲 | 大學及以上 | 北北基宜蘭區 | 本省閩南人 | 03 | 07 | 04"
"女性","40至49歲","大學及以上","北北基宜蘭區","本省閩南人","03","07","06",1,1.148351505,0.000544069640914037,0.000630783293427977,"女性 | 40至49歲 | 大學及以上 | 北北基宜蘭區 | 本省閩南人 | 03 | 07 | 06"
"女性","40至49歲","大學及以上","北北基宜蘭區","本省閩南人","04","02","04",1,0.984427607,0.000544069640914037,0.000540740779614237,"女性 | 40至49歲 | 大學及以上 | 北北基宜蘭區 | 本省閩南人 | 04 | 02 | 04"
"女性","40至49歲","大學及以上","北北基宜蘭區","本省閩南人","04","05","07",1,1.250494523,0.000544069640914037,0.000686889902784242,"女性 | 40至49歲 | 大學及以上 | 北北基宜蘭區 | 本省閩南人 | 04 | 05 | 07"
"女性","40至49歲","大學及以上","北北基宜蘭區","本省閩南人","04","08","01",1,0.984427607,0.000544069640914037,0.000540740779614237,"女性 | 40至49歲 | 大學及以上 | 北北基宜蘭區 | 本省閩南人 | 04 | 08 | 01"
"女性","40至49歲","大學及以上","北北基宜蘭區","本省閩南人","05","02","08",1,0.984427607,0.000544069640914037,0.000540740779614237,"女性 | 40至49歲 | 大學及以上 | 北北基宜蘭區 | 本省閩南人 | 05 | 02 | 08"
"女性","40至49歲","大學及以上","北北基宜蘭區","本省閩南人","05","05","04",1,0.984427607,0.000544069640914037,0.000540740779614237,"女性 | 40至49歲 | 大學及以上 | 北北基宜蘭區 | 本省閩南人 | 05 | 05 | 04"
"女性","40至49歲","大學及以上","北北基宜蘭區","本省閩南人","05","10","05",1,0.984427607,0.000544069640914037,0.000540740779614237,"女性 | 40至49歲 | 大學及以上 | 北北基宜蘭區 | 本省閩南人 | 05 | 10 | 05"
"女性","40至49歲","大學及以上","北北基宜蘭區","本省閩南人","06","01","06",1,1.148351505,0.000544069640914037,0.000630783293427977,"女性 | 40至49歲 | 大學及以上 | 北北基宜蘭區 | 本省閩南人 | 06 | 01 | 06"
"女性","40至49歲","大學及以上","北北基宜蘭區","本省閩南人","06","06","09",1,0.984427607,0.000544069640914037,0.000540740779614237,"女性 | 40至49歲 | 大學及以上 | 北北基宜蘭區 | 本省閩南人 | 06 | 06 | 09"
"女性","40至49歲","大學及以上","北北基宜蘭區","本省閩南人","06","08","05",1,0.984427607,0.000544069640914037,0.000540740779614237,"女性 | 40至49歲 | 大學及以上 | 北北基宜蘭區 | 本省閩南人 | 06 | 08 | 05"
"女性","40至49歲","大學及以上","北北基宜蘭區","本省閩南人","07","00","05",1,0.984427607,0.000544069640914037,0.000540740779614237,"女性 | 40至49歲 | 大學及以上 | 北北基宜蘭區 | 本省閩南人 | 07 | 00 | 05"
"女性","40至49歲","大學及以上","北北基宜蘭區","本省閩南人","07","03","09",1,0.984427607,0.000544069640914037,0.000540740779614237,"女性 | 40至49歲 | 大學及以上 | 北北基宜蘭區 | 本省閩南人 | 07 | 03 | 09"
"女性","40至49歲","大學及以上","北北基宜蘭區","本省閩南人","07","04","06",1,1.148351505,0.000544069640914037,0.000630783293427977,"女性 | 40至49歲 | 大學及以上 | 北北基宜蘭區 | 本省閩南人 | 07 | 04 | 06"
"女性","40至49歲","大學及以上","北北基宜蘭區","本省閩南人","07","08","05",1,0.984427607,0.000544069640914037,0.000540740779614237,"女性 | 40至49歲 | 大學及以上 | 北北基宜蘭區 | 本省閩南人 | 07 | 08 | 05"
"女性","40至49歲","大學及以上","北北基宜蘭區","本省閩南人","08","01","07",1,0.984427607,0.000544069640914037,0.000540740779614237,"女性 | 40至49歲 | 大學及以上 | 北北基宜蘭區 | 本省閩南人 | 08 | 01 | 07"
"女性","40至49歲","大學及以上","北北基宜蘭區","本省閩南人","08","04","06",1,0.984427607,0.000544069640914037,0.000540740779614237,"女性 | 40至49歲 | 大學及以上 | 北北基宜蘭區 | 本省閩南人 | 08 | 04 | 06"
"女性","40至49歲","大學及以上","桃竹苗區","大陸各省市","04","07","06",1,1.040408407,0.000544069640914037,0.000571490731383346,"女性 | 40至49歲 | 大學及以上 | 桃竹苗區 | 大陸各省市 | 04 | 07 | 06"
"女性","40至49歲","大學及以上","桃竹苗區","大陸各省市","05","05","05",1,1.040408407,0.000544069640914037,0.000571490731383346,"女性 | 40至49歲 | 大學及以上 | 桃竹苗區 | 大陸各省市 | 05 | 05 | 05"
"女性","40至49歲","大學及以上","桃竹苗區","大陸各省市","09","03","02",1,0.891893077,0.000544069640914037,0.000489912060937886,"女性 | 40至49歲 | 大學及以上 | 桃竹苗區 | 大陸各省市 | 09 | 03 | 02"
"女性","40至49歲","大學及以上","桃竹苗區","本省客家人","03","06","07",1,0.891893077,0.000544069640914037,0.000489912060937886,"女性 | 40至49歲 | 大學及以上 | 桃竹苗區 | 本省客家人 | 03 | 06 | 07"
"女性","40至49歲","大學及以上","桃竹苗區","本省客家人","03","07","05",1,0.891893077,0.000544069640914037,0.000489912060937886,"女性 | 40至49歲 | 大學及以上 | 桃竹苗區 | 本省客家人 | 03 | 07 | 05"
"女性","40至49歲","大學及以上","桃竹苗區","本省客家人","08","07","05",1,0.891893077,0.000544069640914037,0.000489912060937886,"女性 | 40至49歲 | 大學及以上 | 桃竹苗區 | 本省客家人 | 08 | 07 | 05"
"女性","40至49歲","大學及以上","桃竹苗區","本省閩南人","02","08","00",1,1.040408407,0.000544069640914037,0.000571490731383346,"女性 | 40至49歲 | 大學及以上 | 桃竹苗區 | 本省閩南人 | 02 | 08 | 00"
"女性","40至49歲","大學及以上","桃竹苗區","本省閩南人","03","07","02",1,0.891893077,0.000544069640914037,0.000489912060937886,"女性 | 40至49歲 | 大學及以上 | 桃竹苗區 | 本省閩南人 | 03 | 07 | 02"
"女性","40至49歲","大學及以上","桃竹苗區","本省閩南人","03","07","06",1,0.891893077,0.000544069640914037,0.000489912060937886,"女性 | 40至49歲 | 大學及以上 | 桃竹苗區 | 本省閩南人 | 03 | 07 | 06"
"女性","40至49歲","大學及以上","桃竹苗區","本省閩南人","04","06","04",1,1.040408407,0.000544069640914037,0.000571490731383346,"女性 | 40至49歲 | 大學及以上 | 桃竹苗區 | 本省閩南人 | 04 | 06 | 04"
"女性","40至49歲","大學及以上","桃竹苗區","本省閩南人","04","06","06",1,1.040408407,0.000544069640914037,0.000571490731383346,"女性 | 40至49歲 | 大學及以上 | 桃竹苗區 | 本省閩南人 | 04 | 06 | 06"
"女性","40至49歲","大學及以上","桃竹苗區","本省閩南人","06","03","05",1,1.040408407,0.000544069640914037,0.000571490731383346,"女性 | 40至49歲 | 大學及以上 | 桃竹苗區 | 本省閩南人 | 06 | 03 | 05"
"女性","40至49歲","大學及以上","桃竹苗區","本省閩南人","07","03","07",1,1.040408407,0.000544069640914037,0.000571490731383346,"女性 | 40至49歲 | 大學及以上 | 桃竹苗區 | 本省閩南人 | 07 | 03 | 07"
"女性","40至49歲","大學及以上","桃竹苗區","本省閩南人","08","00","09",1,0.891893077,0.000544069640914037,0.000489912060937886,"女性 | 40至49歲 | 大學及以上 | 桃竹苗區 | 本省閩南人 | 08 | 00 | 09"
"女性","40至49歲","大學及以上","桃竹苗區","本省閩南人","08","02","05",1,0.891893077,0.000544069640914037,0.000489912060937886,"女性 | 40至49歲 | 大學及以上 | 桃竹苗區 | 本省閩南人 | 08 | 02 | 05"
"女性","40至49歲","大學及以上","花東外島區","本省閩南人","05","05","05",1,0.739453032,0.000544069640914037,0.000406177565692539,"女性 | 40至49歲 | 大學及以上 | 花東外島區 | 本省閩南人 | 05 | 05 | 05"
"女性","40至49歲","大學及以上","花東外島區","本省閩南人","06","03","06",1,0.633898223,0.000544069640914037,0.000348196877925529,"女性 | 40至49歲 | 大學及以上 | 花東外島區 | 本省閩南人 | 06 | 03 | 06"
"女性","40至49歲","大學及以上","花東外島區","本省閩南人","06","06","05",1,0.739453032,0.000544069640914037,0.000406177565692539,"女性 | 40至49歲 | 大學及以上 | 花東外島區 | 本省閩南人 | 06 | 06 | 05"
"女性","40至49歲","大學及以上","雲嘉南區","大陸各省市","06","06","06",1,0.797346149,0.000544069640914037,0.0004379779428846,"女性 | 40至49歲 | 大學及以上 | 雲嘉南區 | 大陸各省市 | 06 | 06 | 06"
"女性","40至49歲","大學及以上","雲嘉南區","本省閩南人","00","06","00",1,0.93011781,0.000544069640914037,0.000510908700788282,"女性 | 40至49歲 | 大學及以上 | 雲嘉南區 | 本省閩南人 | 00 | 06 | 00"
"女性","40至49歲","大學及以上","雲嘉南區","本省閩南人","02","08","05",1,0.797346149,0.000544069640914037,0.0004379779428846,"女性 | 40至49歲 | 大學及以上 | 雲嘉南區 | 本省閩南人 | 02 | 08 | 05"
"女性","40至49歲","大學及以上","雲嘉南區","本省閩南人","02","08","08",1,0.93011781,0.000544069640914037,0.000510908700788282,"女性 | 40至49歲 | 大學及以上 | 雲嘉南區 | 本省閩南人 | 02 | 08 | 08"
"女性","40至49歲","大學及以上","雲嘉南區","本省閩南人","03","05","07",1,0.797346149,0.000544069640914037,0.0004379779428846,"女性 | 40至49歲 | 大學及以上 | 雲嘉南區 | 本省閩南人 | 03 | 05 | 07"
"女性","40至49歲","大學及以上","雲嘉南區","本省閩南人","03","06","07",1,0.93011781,0.000544069640914037,0.000510908700788282,"女性 | 40至49歲 | 大學及以上 | 雲嘉南區 | 本省閩南人 | 03 | 06 | 07"
"女性","40至49歲","大學及以上","雲嘉南區","本省閩南人","04","05","05",1,0.93011781,0.000544069640914037,0.000510908700788282,"女性 | 40至49歲 | 大學及以上 | 雲嘉南區 | 本省閩南人 | 04 | 05 | 05"
"女性","40至49歲","大學及以上","雲嘉南區","本省閩南人","04","07","04",1,0.93011781,0.000544069640914037,0.000510908700788282,"女性 | 40至49歲 | 大學及以上 | 雲嘉南區 | 本省閩南人 | 04 | 07 | 04"
"女性","40至49歲","大學及以上","雲嘉南區","本省閩南人","04","08","00",1,0.797346149,0.000544069640914037,0.0004379779428846,"女性 | 40至49歲 | 大學及以上 | 雲嘉南區 | 本省閩南人 | 04 | 08 | 00"
"女性","40至49歲","大學及以上","雲嘉南區","本省閩南人","04","08","06",1,0.93011781,0.000544069640914037,0.000510908700788282,"女性 | 40至49歲 | 大學及以上 | 雲嘉南區 | 本省閩南人 | 04 | 08 | 06"
"女性","40至49歲","大學及以上","雲嘉南區","本省閩南人","05","05","07",1,0.93011781,0.000544069640914037,0.000510908700788282,"女性 | 40至49歲 | 大學及以上 | 雲嘉南區 | 本省閩南人 | 05 | 05 | 07"
"女性","40至49歲","大學及以上","雲嘉南區","本省閩南人","05","06","08",1,0.797346149,0.000544069640914037,0.0004379779428846,"女性 | 40至49歲 | 大學及以上 | 雲嘉南區 | 本省閩南人 | 05 | 06 | 08"
"女性","40至49歲","大學及以上","雲嘉南區","本省閩南人","06","05","05",1,0.797346149,0.000544069640914037,0.0004379779428846,"女性 | 40至49歲 | 大學及以上 | 雲嘉南區 | 本省閩南人 | 06 | 05 | 05"
"女性","40至49歲","大學及以上","雲嘉南區","本省閩南人","06","08","05",1,0.797346149,0.000544069640914037,0.0004379779428846,"女性 | 40至49歲 | 大學及以上 | 雲嘉南區 | 本省閩南人 | 06 | 08 | 05"
"女性","40至49歲","大學及以上","雲嘉南區","本省閩南人","08","09","08",1,0.93011781,0.000544069640914037,0.000510908700788282,"女性 | 40至49歲 | 大學及以上 | 雲嘉南區 | 本省閩南人 | 08 | 09 | 08"
"女性","40至49歲","大學及以上","高屏澎湖區","本省客家人","02","07","06",1,0.963505386,0.000544069640914037,0.000529248316365184,"女性 | 40至49歲 | 大學及以上 | 高屏澎湖區 | 本省客家人 | 02 | 07 | 06"
"女性","40至49歲","大學及以上","高屏澎湖區","本省閩南人","00","03","07",1,0.963505386,0.000544069640914037,0.000529248316365184,"女性 | 40至49歲 | 大學及以上 | 高屏澎湖區 | 本省閩南人 | 00 | 03 | 07"
"女性","40至49歲","大學及以上","高屏澎湖區","本省閩南人","00","06","05",1,0.825967743,0.000544069640914037,0.000453699630231959,"女性 | 40至49歲 | 大學及以上 | 高屏澎湖區 | 本省閩南人 | 00 | 06 | 05"
"女性","40至49歲","大學及以上","高屏澎湖區","本省閩南人","01","06","08",1,0.899435525,0.000544069640914037,0.000494055086979332,"女性 | 40至49歲 | 大學及以上 | 高屏澎湖區 | 本省閩南人 | 01 | 06 | 08"
"女性","40至49歲","大學及以上","高屏澎湖區","本省閩南人","02","07","05",1,0.825967743,0.000544069640914037,0.000453699630231959,"女性 | 40至49歲 | 大學及以上 | 高屏澎湖區 | 本省閩南人 | 02 | 07 | 05"
"女性","40至49歲","大學及以上","高屏澎湖區","本省閩南人","03","06","05",1,0.963505386,0.000544069640914037,0.000529248316365184,"女性 | 40至49歲 | 大學及以上 | 高屏澎湖區 | 本省閩南人 | 03 | 06 | 05"
"女性","40至49歲","大學及以上","高屏澎湖區","本省閩南人","04","07","06",1,0.825967743,0.000544069640914037,0.000453699630231959,"女性 | 40至49歲 | 大學及以上 | 高屏澎湖區 | 本省閩南人 | 04 | 07 | 06"
"女性","40至49歲","大學及以上","高屏澎湖區","本省閩南人","05","03","07",1,0.825967743,0.000544069640914037,0.000453699630231959,"女性 | 40至49歲 | 大學及以上 | 高屏澎湖區 | 本省閩南人 | 05 | 03 | 07"
"女性","40至49歲","大學及以上","高屏澎湖區","本省閩南人","05","04","06",1,0.963505386,0.000544069640914037,0.000529248316365184,"女性 | 40至49歲 | 大學及以上 | 高屏澎湖區 | 本省閩南人 | 05 | 04 | 06"
"女性","40至49歲","大學及以上","高屏澎湖區","本省閩南人","05","05","04",1,0.825967743,0.000544069640914037,0.000453699630231959,"女性 | 40至49歲 | 大學及以上 | 高屏澎湖區 | 本省閩南人 | 05 | 05 | 04"
"女性","40至49歲","大學及以上","高屏澎湖區","本省閩南人","05","05","05",1,0.825967743,0.000544069640914037,0.000453699630231959,"女性 | 40至49歲 | 大學及以上 | 高屏澎湖區 | 本省閩南人 | 05 | 05 | 05"
"女性","40至49歲","大學及以上","高屏澎湖區","本省閩南人","05","06","06",1,0.825967743,0.000544069640914037,0.000453699630231959,"女性 | 40至49歲 | 大學及以上 | 高屏澎湖區 | 本省閩南人 | 05 | 06 | 06"
"女性","40至49歲","大學及以上","高屏澎湖區","本省閩南人","06","07","09",1,0.963505386,0.000544069640914037,0.000529248316365184,"女性 | 40至49歲 | 大學及以上 | 高屏澎湖區 | 本省閩南人 | 06 | 07 | 09"
"女性","40至49歲","大學及以上","高屏澎湖區","本省閩南人","08","01","06",1,0.963505386,0.000544069640914037,0.000529248316365184,"女性 | 40至49歲 | 大學及以上 | 高屏澎湖區 | 本省閩南人 | 08 | 01 | 06"
"女性","40至49歲","大學及以上","高屏澎湖區","本省閩南人","08","09","08",1,0.825967743,0.000544069640914037,0.000453699630231959,"女性 | 40至49歲 | 大學及以上 | 高屏澎湖區 | 本省閩南人 | 08 | 09 | 08"
"女性","40至49歲","大學及以上","高屏澎湖區","本省閩南人","10","00","00",1,0.963505386,0.000544069640914037,0.000529248316365184,"女性 | 40至49歲 | 大學及以上 | 高屏澎湖區 | 本省閩南人 | 10 | 00 | 00"
"女性","40至49歲","專科","中彰投區","本省客家人","05","00","10",1,0.873668001,0.000544069640914037,0.000479901124902882,"女性 | 40至49歲 | 專科 | 中彰投區 | 本省客家人 | 05 | 00 | 10"
"女性","40至49歲","專科","中彰投區","本省閩南人","00","05","05",1,0.873668001,0.000544069640914037,0.000479901124902882,"女性 | 40至49歲 | 專科 | 中彰投區 | 本省閩南人 | 00 | 05 | 05"
"女性","40至49歲","專科","中彰投區","本省閩南人","00","09","01",1,0.873668001,0.000544069640914037,0.000479901124902882,"女性 | 40至49歲 | 專科 | 中彰投區 | 本省閩南人 | 00 | 09 | 01"
"女性","40至49歲","專科","中彰投區","本省閩南人","02","06","05",1,0.873668001,0.000544069640914037,0.000479901124902882,"女性 | 40至49歲 | 專科 | 中彰投區 | 本省閩南人 | 02 | 06 | 05"
"女性","40至49歲","專科","中彰投區","本省閩南人","04","06","05",1,0.873668001,0.000544069640914037,0.000479901124902882,"女性 | 40至49歲 | 專科 | 中彰投區 | 本省閩南人 | 04 | 06 | 05"
"女性","40至49歲","專科","中彰投區","本省閩南人","04","07","03",1,0.873668001,0.000544069640914037,0.000479901124902882,"女性 | 40至49歲 | 專科 | 中彰投區 | 本省閩南人 | 04 | 07 | 03"
"女性","40至49歲","專科","中彰投區","本省閩南人","08","00","06",1,0.873668001,0.000544069640914037,0.000479901124902882,"女性 | 40至49歲 | 專科 | 中彰投區 | 本省閩南人 | 08 | 00 | 06"
"女性","40至49歲","專科","北北基宜蘭區","大陸各省市","07","05","03",1,1.07199,0.000544069640914037,0.000588838330230479,"女性 | 40至49歲 | 專科 | 北北基宜蘭區 | 大陸各省市 | 07 | 05 | 03"
"女性","40至49歲","專科","北北基宜蘭區","本省客家人","02","09","05",1,1.07199,0.000544069640914037,0.000588838330230479,"女性 | 40至49歲 | 專科 | 北北基宜蘭區 | 本省客家人 | 02 | 09 | 05"
"女性","40至49歲","專科","北北基宜蘭區","本省客家人","04","05","06",1,1.250494523,0.000544069640914037,0.000686889902784242,"女性 | 40至49歲 | 專科 | 北北基宜蘭區 | 本省客家人 | 04 | 05 | 06"
"女性","40至49歲","專科","北北基宜蘭區","本省客家人","05","07","06",1,1.07199,0.000544069640914037,0.000588838330230479,"女性 | 40至49歲 | 專科 | 北北基宜蘭區 | 本省客家人 | 05 | 07 | 06"
"女性","40至49歲","專科","北北基宜蘭區","本省閩南人","04","07","00",1,1.250494523,0.000544069640914037,0.000686889902784242,"女性 | 40至49歲 | 專科 | 北北基宜蘭區 | 本省閩南人 | 04 | 07 | 00"
"女性","40至49歲","專科","北北基宜蘭區","本省閩南人","04","07","06",1,1.250494523,0.000544069640914037,0.000686889902784242,"女性 | 40至49歲 | 專科 | 北北基宜蘭區 | 本省閩南人 | 04 | 07 | 06"
"女性","40至49歲","專科","北北基宜蘭區","本省閩南人","05","05","05",1,1.250494523,0.000544069640914037,0.000686889902784242,"女性 | 40至49歲 | 專科 | 北北基宜蘭區 | 本省閩南人 | 05 | 05 | 05"
"女性","40至49歲","專科","北北基宜蘭區","本省閩南人","06","06","07",1,1.07199,0.000544069640914037,0.000588838330230479,"女性 | 40至49歲 | 專科 | 北北基宜蘭區 | 本省閩南人 | 06 | 06 | 07"
"女性","40至49歲","專科","北北基宜蘭區","本省閩南人","07","04","05",1,1.07199,0.000544069640914037,0.000588838330230479,"女性 | 40至49歲 | 專科 | 北北基宜蘭區 | 本省閩南人 | 07 | 04 | 05"
"女性","40至49歲","專科","北北基宜蘭區","本省閩南人","07","05","05",1,1.07199,0.000544069640914037,0.000588838330230479,"女性 | 40至49歲 | 專科 | 北北基宜蘭區 | 本省閩南人 | 07 | 05 | 05"
"女性","40至49歲","專科","桃竹苗區","大陸各省市","04","05","05",1,0.971224754,0.000544069640914037,0.000533488523609239,"女性 | 40至49歲 | 專科 | 桃竹苗區 | 大陸各省市 | 04 | 05 | 05"
"女性","40至49歲","專科","桃竹苗區","大陸各省市","06","03","03",1,0.971224754,0.000544069640914037,0.000533488523609239,"女性 | 40至49歲 | 專科 | 桃竹苗區 | 大陸各省市 | 06 | 03 | 03"
"女性","40至49歲","專科","桃竹苗區","大陸各省市","06","06","05",1,0.971224754,0.000544069640914037,0.000533488523609239,"女性 | 40至49歲 | 專科 | 桃竹苗區 | 大陸各省市 | 06 | 06 | 05"
"女性","40至49歲","專科","桃竹苗區","本省客家人","06","04","05",1,0.971224754,0.000544069640914037,0.000533488523609239,"女性 | 40至49歲 | 專科 | 桃竹苗區 | 本省客家人 | 06 | 04 | 05"
"女性","40至49歲","專科","桃竹苗區","本省客家人","06","04","08",1,0.971224754,0.000544069640914037,0.000533488523609239,"女性 | 40至49歲 | 專科 | 桃竹苗區 | 本省客家人 | 06 | 04 | 08"
"女性","40至49歲","專科","桃竹苗區","本省閩南人","00","07","07",1,1.132950154,0.000544069640914037,0.000622323414318906,"女性 | 40至49歲 | 專科 | 桃竹苗區 | 本省閩南人 | 00 | 07 | 07"
"女性","40至49歲","專科","桃竹苗區","本省閩南人","03","08","05",1,1.132950154,0.000544069640914037,0.000622323414318906,"女性 | 40至49歲 | 專科 | 桃竹苗區 | 本省閩南人 | 03 | 08 | 05"
"女性","40至49歲","專科","花東外島區","本省閩南人","04","00","07",1,0.690281897,0.000544069640914037,0.000379168126211819,"女性 | 40至49歲 | 專科 | 花東外島區 | 本省閩南人 | 04 | 00 | 07"
"女性","40至49歲","專科","雲嘉南區","本省閩南人","04","05","07",1,0.868268111,0.000544069640914037,0.000476934994424959,"女性 | 40至49歲 | 專科 | 雲嘉南區 | 本省閩南人 | 04 | 05 | 07"
"女性","40至49歲","專科","雲嘉南區","本省閩南人","05","06","06",1,0.868268111,0.000544069640914037,0.000476934994424959,"女性 | 40至49歲 | 專科 | 雲嘉南區 | 本省閩南人 | 05 | 06 | 06"
"女性","40至49歲","專科","雲嘉南區","本省閩南人","05","08","00",1,0.868268111,0.000544069640914037,0.000476934994424959,"女性 | 40至49歲 | 專科 | 雲嘉南區 | 本省閩南人 | 05 | 08 | 00"
"女性","40至49歲","專科","雲嘉南區","本省閩南人","05","08","05",1,0.868268111,0.000544069640914037,0.000476934994424959,"女性 | 40至49歲 | 專科 | 雲嘉南區 | 本省閩南人 | 05 | 08 | 05"
"女性","40至49歲","專科","雲嘉南區","本省閩南人","08","08","10",1,0.868268111,0.000544069640914037,0.000476934994424959,"女性 | 40至49歲 | 專科 | 雲嘉南區 | 本省閩南人 | 08 | 08 | 10"
"女性","40至49歲","專科","高屏澎湖區","本省閩南人","04","05","05",1,0.899435525,0.000544069640914037,0.000494055086979332,"女性 | 40至49歲 | 專科 | 高屏澎湖區 | 本省閩南人 | 04 | 05 | 05"
"女性","40至49歲","專科","高屏澎湖區","本省閩南人","05","05","07",1,0.899435525,0.000544069640914037,0.000494055086979332,"女性 | 40至49歲 | 專科 | 高屏澎湖區 | 本省閩南人 | 05 | 05 | 07"
"女性","40至49歲","專科","高屏澎湖區","本省閩南人","05","08","06",1,0.899435525,0.000544069640914037,0.000494055086979332,"女性 | 40至49歲 | 專科 | 高屏澎湖區 | 本省閩南人 | 05 | 08 | 06"
"女性","40至49歲","專科","高屏澎湖區","本省閩南人","08","01","08",1,0.899435525,0.000544069640914037,0.000494055086979332,"女性 | 40至49歲 | 專科 | 高屏澎湖區 | 本省閩南人 | 08 | 01 | 08"
"女性","40至49歲","專科","高屏澎湖區","本省閩南人","08","10","08",1,0.899435525,0.000544069640914037,0.000494055086979332,"女性 | 40至49歲 | 專科 | 高屏澎湖區 | 本省閩南人 | 08 | 10 | 08"
"女性","40至49歲","小學及以下","北北基宜蘭區","大陸各省市","05","07","03",1,1.430423871,0.000544069640914037,0.000785724124032368,"女性 | 40至49歲 | 小學及以下 | 北北基宜蘭區 | 大陸各省市 | 05 | 07 | 03"
"女性","40至49歲","高中、職","中彰投區","本省閩南人","02","07","07",1,1.160331262,0.000544069640914037,0.00063736370939123,"女性 | 40至49歲 | 高中、職 | 中彰投區 | 本省閩南人 | 02 | 07 | 07"
"女性","40至49歲","高中、職","中彰投區","本省閩南人","05","00","09",1,0.994697287,0.000544069640914037,0.0005463818594967,"女性 | 40至49歲 | 高中、職 | 中彰投區 | 本省閩南人 | 05 | 00 | 09"
"女性","40至49歲","高中、職","中彰投區","本省閩南人","05","05","03",1,0.994697287,0.000544069640914037,0.0005463818594967,"女性 | 40至49歲 | 高中、職 | 中彰投區 | 本省閩南人 | 05 | 05 | 03"
"女性","40至49歲","高中、職","中彰投區","本省閩南人","05","10","04",1,0.994697287,0.000544069640914037,0.0005463818594967,"女性 | 40至49歲 | 高中、職 | 中彰投區 | 本省閩南人 | 05 | 10 | 04"
"女性","40至49歲","高中、職","中彰投區","本省閩南人","08","05","03",1,0.994697287,0.000544069640914037,0.0005463818594967,"女性 | 40至49歲 | 高中、職 | 中彰投區 | 本省閩南人 | 08 | 05 | 03"
"女性","40至49歲","高中、職","北北基宜蘭區","原住民","07","04","02",1,1.220492847,0.000544069640914037,0.000670410143831308,"女性 | 40至49歲 | 高中、職 | 北北基宜蘭區 | 原住民 | 07 | 04 | 02"
"女性","40至49歲","高中、職","北北基宜蘭區","外籍人士","05","05","05",1,1.220492847,0.000544069640914037,0.000670410143831308,"女性 | 40至49歲 | 高中、職 | 北北基宜蘭區 | 外籍人士 | 05 | 05 | 05"
"女性","40至49歲","高中、職","北北基宜蘭區","大陸各省市","07","00","09",1,1.220492847,0.000544069640914037,0.000670410143831308,"女性 | 40至49歲 | 高中、職 | 北北基宜蘭區 | 大陸各省市 | 07 | 00 | 09"
"女性","40至49歲","高中、職","北北基宜蘭區","大陸新住民","05","04","08",1,1.530450912,0.000544069640914037,0.000840668438625168,"女性 | 40至49歲 | 高中、職 | 北北基宜蘭區 | 大陸新住民 | 05 | 04 | 08"
"女性","40至49歲","高中、職","北北基宜蘭區","本省閩南人","00","05","06",1,1.220492847,0.000544069640914037,0.000670410143831308,"女性 | 40至49歲 | 高中、職 | 北北基宜蘭區 | 本省閩南人 | 00 | 05 | 06"
"女性","40至49歲","高中、職","北北基宜蘭區","本省閩南人","00","07","00",1,1.220492847,0.000544069640914037,0.000670410143831308,"女性 | 40至49歲 | 高中、職 | 北北基宜蘭區 | 本省閩南人 | 00 | 07 | 00"
"女性","40至49歲","高中、職","北北基宜蘭區","本省閩南人","00","10","03",1,1.220492847,0.000544069640914037,0.000670410143831308,"女性 | 40至49歲 | 高中、職 | 北北基宜蘭區 | 本省閩南人 | 00 | 10 | 03"
"女性","40至49歲","高中、職","北北基宜蘭區","本省閩南人","03","03","09",1,1.220492847,0.000544069640914037,0.000670410143831308,"女性 | 40至49歲 | 高中、職 | 北北基宜蘭區 | 本省閩南人 | 03 | 03 | 09"
"女性","40至49歲","高中、職","北北基宜蘭區","本省閩南人","03","05","05",1,1.423725613,0.000544069640914037,0.000782044807008727,"女性 | 40至49歲 | 高中、職 | 北北基宜蘭區 | 本省閩南人 | 03 | 05 | 05"
"女性","40至49歲","高中、職","北北基宜蘭區","本省閩南人","03","07","02",1,1.220492847,0.000544069640914037,0.000670410143831308,"女性 | 40至49歲 | 高中、職 | 北北基宜蘭區 | 本省閩南人 | 03 | 07 | 02"
"女性","40至49歲","高中、職","北北基宜蘭區","本省閩南人","04","04","05",1,1.220492847,0.000544069640914037,0.000670410143831308,"女性 | 40至49歲 | 高中、職 | 北北基宜蘭區 | 本省閩南人 | 04 | 04 | 05"
"女性","40至49歲","高中、職","北北基宜蘭區","本省閩南人","05","05","05",1,1.220492847,0.000544069640914037,0.000670410143831308,"女性 | 40至49歲 | 高中、職 | 北北基宜蘭區 | 本省閩南人 | 05 | 05 | 05"
"女性","40至49歲","高中、職","北北基宜蘭區","本省閩南人","05","06","07",1,1.220492847,0.000544069640914037,0.000670410143831308,"女性 | 40至49歲 | 高中、職 | 北北基宜蘭區 | 本省閩南人 | 05 | 06 | 07"
"女性","40至49歲","高中、職","北北基宜蘭區","本省閩南人","05","08","07",1,1.220492847,0.000544069640914037,0.000670410143831308,"女性 | 40至49歲 | 高中、職 | 北北基宜蘭區 | 本省閩南人 | 05 | 08 | 07"
"女性","40至49歲","高中、職","北北基宜蘭區","本省閩南人","05","08","08",1,1.220492847,0.000544069640914037,0.000670410143831308,"女性 | 40至49歲 | 高中、職 | 北北基宜蘭區 | 本省閩南人 | 05 | 08 | 08"
"女性","40至49歲","高中、職","北北基宜蘭區","本省閩南人","07","06","09",1,1.220492847,0.000544069640914037,0.000670410143831308,"女性 | 40至49歲 | 高中、職 | 北北基宜蘭區 | 本省閩南人 | 07 | 06 | 09"
"女性","40至49歲","高中、職","桃竹苗區","本省客家人","04","06","03",1,1.105768584,0.000544069640914037,0.000607392724394706,"女性 | 40至49歲 | 高中、職 | 桃竹苗區 | 本省客家人 | 04 | 06 | 03"
"女性","40至49歲","高中、職","桃竹苗區","本省客家人","07","04","08",1,1.105768584,0.000544069640914037,0.000607392724394706,"女性 | 40至49歲 | 高中、職 | 桃竹苗區 | 本省客家人 | 07 | 04 | 08"
"女性","40至49歲","高中、職","桃竹苗區","本省閩南人","05","00","02",1,1.105768584,0.000544069640914037,0.000607392724394706,"女性 | 40至49歲 | 高中、職 | 桃竹苗區 | 本省閩南人 | 05 | 00 | 02"
"女性","40至49歲","高中、職","桃竹苗區","本省閩南人","05","05","06",1,1.105768584,0.000544069640914037,0.000607392724394706,"女性 | 40至49歲 | 高中、職 | 桃竹苗區 | 本省閩南人 | 05 | 05 | 06"
"女性","40至49歲","高中、職","桃竹苗區","本省閩南人","05","06","06",1,1.105768584,0.000544069640914037,0.000607392724394706,"女性 | 40至49歲 | 高中、職 | 桃竹苗區 | 本省閩南人 | 05 | 06 | 06"
"女性","40至49歲","高中、職","桃竹苗區","本省閩南人","08","00","03",1,0.971224754,0.000544069640914037,0.000533488523609239,"女性 | 40至49歲 | 高中、職 | 桃竹苗區 | 本省閩南人 | 08 | 00 | 03"
"女性","40至49歲","高中、職","桃竹苗區","本省閩南人","09","00","03",1,1.105768584,0.000544069640914037,0.000607392724394706,"女性 | 40至49歲 | 高中、職 | 桃竹苗區 | 本省閩南人 | 09 | 00 | 03"
"女性","40至49歲","高中、職","花東外島區","本省閩南人","08","00","04",1,0.785906695,0.000544069640914037,0.000431694312447648,"女性 | 40至49歲 | 高中、職 | 花東外島區 | 本省閩南人 | 08 | 00 | 04"
"女性","40至49歲","高中、職","雲嘉南區","大陸各省市","07","01","00",1,0.98854935,0.000544069640914037,0.000543004830832774,"女性 | 40至49歲 | 高中、職 | 雲嘉南區 | 大陸各省市 | 07 | 01 | 00"
"女性","40至49歲","高中、職","雲嘉南區","本省閩南人","00","10","07",1,0.98854935,0.000544069640914037,0.000543004830832774,"女性 | 40至49歲 | 高中、職 | 雲嘉南區 | 本省閩南人 | 00 | 10 | 07"
"女性","40至49歲","高中、職","雲嘉南區","本省閩南人","03","07","03",1,1.153159589,0.000544069640914037,0.000633424348059241,"女性 | 40至49歲 | 高中、職 | 雲嘉南區 | 本省閩南人 | 03 | 07 | 03"
"女性","40至49歲","高中、職","雲嘉南區","本省閩南人","05","04","03",1,0.98854935,0.000544069640914037,0.000543004830832774,"女性 | 40至49歲 | 高中、職 | 雲嘉南區 | 本省閩南人 | 05 | 04 | 03"
"女性","40至49歲","高中、職","雲嘉南區","本省閩南人","05","05","05",1,1.153159589,0.000544069640914037,0.000633424348059241,"女性 | 40至49歲 | 高中、職 | 雲嘉南區 | 本省閩南人 | 05 | 05 | 05"
"女性","40至49歲","高中、職","雲嘉南區","本省閩南人","05","10","05",1,0.98854935,0.000544069640914037,0.000543004830832774,"女性 | 40至49歲 | 高中、職 | 雲嘉南區 | 本省閩南人 | 05 | 10 | 05"
"女性","40至49歲","高中、職","雲嘉南區","本省閩南人","10","00","10",1,0.98854935,0.000544069640914037,0.000543004830832774,"女性 | 40至49歲 | 高中、職 | 雲嘉南區 | 本省閩南人 | 10 | 00 | 10"
"女性","40至49歲","高中、職","高屏澎湖區","本省閩南人","00","07","00",1,1.024034389,0.000544069640914037,0.000562496571532709,"女性 | 40至49歲 | 高中、職 | 高屏澎湖區 | 本省閩南人 | 00 | 07 | 00"
"女性","40至49歲","高中、職","高屏澎湖區","本省閩南人","00","10","00",1,1.024034389,0.000544069640914037,0.000562496571532709,"女性 | 40至49歲 | 高中、職 | 高屏澎湖區 | 本省閩南人 | 00 | 10 | 00"
"女性","40至49歲","高中、職","高屏澎湖區","本省閩南人","03","01","00",1,1.024034389,0.000544069640914037,0.000562496571532709,"女性 | 40至49歲 | 高中、職 | 高屏澎湖區 | 本省閩南人 | 03 | 01 | 00"
"女性","40至49歲","高中、職","高屏澎湖區","本省閩南人","03","03","05",1,1.194553488,0.000544069640914037,0.000656161793715347,"女性 | 40至49歲 | 高中、職 | 高屏澎湖區 | 本省閩南人 | 03 | 03 | 05"
"女性","40至49歲","高中、職","高屏澎湖區","本省閩南人","03","08","06",1,1.194553488,0.000544069640914037,0.000656161793715347,"女性 | 40至49歲 | 高中、職 | 高屏澎湖區 | 本省閩南人 | 03 | 08 | 06"
"女性","40至49歲","高中、職","高屏澎湖區","本省閩南人","06","03","03",1,1.024034389,0.000544069640914037,0.000562496571532709,"女性 | 40至49歲 | 高中、職 | 高屏澎湖區 | 本省閩南人 | 06 | 03 | 03"
"女性","40至49歲","高中、職","高屏澎湖區","本省閩南人","10","00","03",1,0.899435525,0.000544069640914037,0.000494055086979332,"女性 | 40至49歲 | 高中、職 | 高屏澎湖區 | 本省閩南人 | 10 | 00 | 03"
"女性","50至59歲","國、初中","中彰投區","大陸各省市","06","02","08",1,1.276871032,0.000544069640914037,0.000701378377039477,"女性 | 50至59歲 | 國、初中 | 中彰投區 | 大陸各省市 | 06 | 02 | 08"
"女性","50至59歲","國、初中","中彰投區","本省閩南人","00","06","00",1,1.276871032,0.000544069640914037,0.000701378377039477,"女性 | 50至59歲 | 國、初中 | 中彰投區 | 本省閩南人 | 00 | 06 | 00"
"女性","50至59歲","國、初中","中彰投區","本省閩南人","10","00","05",1,1.276871032,0.000544069640914037,0.000701378377039477,"女性 | 50至59歲 | 國、初中 | 中彰投區 | 本省閩南人 | 10 | 00 | 05"
"女性","50至59歲","國、初中","北北基宜蘭區","本省客家人","03","09","02",1,1.566719825,0.000544069640914037,0.000860590757089141,"女性 | 50至59歲 | 國、初中 | 北北基宜蘭區 | 本省客家人 | 03 | 09 | 02"
"女性","50至59歲","國、初中","北北基宜蘭區","本省閩南人","02","10","01",1,1.566719825,0.000544069640914037,0.000860590757089141,"女性 | 50至59歲 | 國、初中 | 北北基宜蘭區 | 本省閩南人 | 02 | 10 | 01"
"女性","50至59歲","國、初中","北北基宜蘭區","本省閩南人","05","05","04",1,1.566719825,0.000544069640914037,0.000860590757089141,"女性 | 50至59歲 | 國、初中 | 北北基宜蘭區 | 本省閩南人 | 05 | 05 | 04"
"女性","50至59歲","國、初中","桃竹苗區","大陸各省市","05","05","01",1,1.419450813,0.000544069640914037,0.000779696682404888,"女性 | 50至59歲 | 國、初中 | 桃竹苗區 | 大陸各省市 | 05 | 05 | 01"
"女性","50至59歲","國、初中","桃竹苗區","本省客家人","09","06","09",1,1.419450813,0.000544069640914037,0.000779696682404888,"女性 | 50至59歲 | 國、初中 | 桃竹苗區 | 本省客家人 | 09 | 06 | 09"
"女性","50至59歲","國、初中","桃竹苗區","本省閩南人","04","06","03",1,1.419450813,0.000544069640914037,0.000779696682404888,"女性 | 50至59歲 | 國、初中 | 桃竹苗區 | 本省閩南人 | 04 | 06 | 03"
"女性","50至59歲","國、初中","雲嘉南區","本省閩南人","00","10","00",1,1.26897906,0.000544069640914037,0.000697043359348355,"女性 | 50至59歲 | 國、初中 | 雲嘉南區 | 本省閩南人 | 00 | 10 | 00"
"女性","50至59歲","國、初中","雲嘉南區","本省閩南人","02","07","09",1,1.26897906,0.000544069640914037,0.000697043359348355,"女性 | 50至59歲 | 國、初中 | 雲嘉南區 | 本省閩南人 | 02 | 07 | 09"
"女性","50至59歲","國、初中","雲嘉南區","本省閩南人","04","06","03",1,1.26897906,0.000544069640914037,0.000697043359348355,"女性 | 50至59歲 | 國、初中 | 雲嘉南區 | 本省閩南人 | 04 | 06 | 03"
"女性","50至59歲","國、初中","雲嘉南區","本省閩南人","05","07","02",1,1.26897906,0.000544069640914037,0.000697043359348355,"女性 | 50至59歲 | 國、初中 | 雲嘉南區 | 本省閩南人 | 05 | 07 | 02"
"女性","50至59歲","國、初中","雲嘉南區","本省閩南人","05","07","06",1,1.011976179,0.000544069640914037,0.000555873061759326,"女性 | 50至59歲 | 國、初中 | 雲嘉南區 | 本省閩南人 | 05 | 07 | 06"
"女性","50至59歲","國、初中","雲嘉南區","本省閩南人","05","09","08",1,1.239602722,0.000544069640914037,0.000680907095188982,"女性 | 50至59歲 | 國、初中 | 雲嘉南區 | 本省閩南人 | 05 | 09 | 08"
"女性","50至59歲","國、初中","雲嘉南區","本省閩南人","09","05","00",1,1.186041267,0.000544069640914037,0.00065148607659094,"女性 | 50至59歲 | 國、初中 | 雲嘉南區 | 本省閩南人 | 09 | 05 | 00"
"女性","50至59歲","國、初中","高屏澎湖區","本省閩南人","05","05","05",1,1.314530423,0.000544069640914037,0.000722064477575803,"女性 | 50至59歲 | 國、初中 | 高屏澎湖區 | 本省閩南人 | 05 | 05 | 05"
"女性","50至59歲","大學及以上","中彰投區","本省閩南人","00","06","07",1,0.821318138,0.000544069640914037,0.000451145627261379,"女性 | 50至59歲 | 大學及以上 | 中彰投區 | 本省閩南人 | 00 | 06 | 07"
"女性","50至59歲","大學及以上","中彰投區","本省閩南人","01","00","00",1,0.821318138,0.000544069640914037,0.000451145627261379,"女性 | 50至59歲 | 大學及以上 | 中彰投區 | 本省閩南人 | 01 | 00 | 00"
"女性","50至59歲","大學及以上","中彰投區","本省閩南人","01","05","07",1,0.802304964,0.000544069640914037,0.0004407017932419,"女性 | 50至59歲 | 大學及以上 | 中彰投區 | 本省閩南人 | 01 | 05 | 07"
"女性","50至59歲","大學及以上","中彰投區","本省閩南人","02","07","07",1,0.802304964,0.000544069640914037,0.0004407017932419,"女性 | 50至59歲 | 大學及以上 | 中彰投區 | 本省閩南人 | 02 | 07 | 07"
"女性","50至59歲","大學及以上","中彰投區","本省閩南人","02","09","01",1,0.894372349,0.000544069640914037,0.000491273911687116,"女性 | 50至59歲 | 大學及以上 | 中彰投區 | 本省閩南人 | 02 | 09 | 01"
"女性","50至59歲","大學及以上","中彰投區","本省閩南人","03","05","02",1,0.821318138,0.000544069640914037,0.000451145627261379,"女性 | 50至59歲 | 大學及以上 | 中彰投區 | 本省閩南人 | 03 | 05 | 02"
"女性","50至59歲","大學及以上","中彰投區","本省閩南人","03","09","07",1,0.802304964,0.000544069640914037,0.0004407017932419,"女性 | 50至59歲 | 大學及以上 | 中彰投區 | 本省閩南人 | 03 | 09 | 07"
"女性","50至59歲","大學及以上","中彰投區","本省閩南人","07","05","05",1,0.821318138,0.000544069640914037,0.000451145627261379,"女性 | 50至59歲 | 大學及以上 | 中彰投區 | 本省閩南人 | 07 | 05 | 05"
"女性","50至59歲","大學及以上","中彰投區","本省閩南人","07","08","06",1,0.821318138,0.000544069640914037,0.000451145627261379,"女性 | 50至59歲 | 大學及以上 | 中彰投區 | 本省閩南人 | 07 | 08 | 06"
"女性","50至59歲","大學及以上","中彰投區","本省閩南人","08","02","05",1,0.821318138,0.000544069640914037,0.000451145627261379,"女性 | 50至59歲 | 大學及以上 | 中彰投區 | 本省閩南人 | 08 | 02 | 05"
"女性","50至59歲","大學及以上","中彰投區","本省閩南人","08","05","04",1,0.821318138,0.000544069640914037,0.000451145627261379,"女性 | 50至59歲 | 大學及以上 | 中彰投區 | 本省閩南人 | 08 | 05 | 04"
"女性","50至59歲","大學及以上","中彰投區","本省閩南人","09","04","04",1,0.821318138,0.000544069640914037,0.000451145627261379,"女性 | 50至59歲 | 大學及以上 | 中彰投區 | 本省閩南人 | 09 | 04 | 04"
"女性","50至59歲","大學及以上","北北基宜蘭區","原住民","05","05","06",1,1.007756757,0.000544069640914037,0.000553555355992465,"女性 | 50至59歲 | 大學及以上 | 北北基宜蘭區 | 原住民 | 05 | 05 | 06"
"女性","50至59歲","大學及以上","北北基宜蘭區","大陸各省市","05","07","02",1,0.984427607,0.000544069640914037,0.000540740779614237,"女性 | 50至59歲 | 大學及以上 | 北北基宜蘭區 | 大陸各省市 | 05 | 07 | 02"
"女性","50至59歲","大學及以上","北北基宜蘭區","大陸各省市","06","03","03",1,0.984427607,0.000544069640914037,0.000540740779614237,"女性 | 50至59歲 | 大學及以上 | 北北基宜蘭區 | 大陸各省市 | 06 | 03 | 03"
"女性","50至59歲","大學及以上","北北基宜蘭區","大陸各省市","08","02","05",1,1.007756757,0.000544069640914037,0.000553555355992465,"女性 | 50至59歲 | 大學及以上 | 北北基宜蘭區 | 大陸各省市 | 08 | 02 | 05"
"女性","50至59歲","大學及以上","北北基宜蘭區","本省客家人","05","04","04",1,1.007756757,0.000544069640914037,0.000553555355992465,"女性 | 50至59歲 | 大學及以上 | 北北基宜蘭區 | 本省客家人 | 05 | 04 | 04"
"女性","50至59歲","大學及以上","北北基宜蘭區","本省客家人","07","03","05",1,0.984427607,0.000544069640914037,0.000540740779614237,"女性 | 50至59歲 | 大學及以上 | 北北基宜蘭區 | 本省客家人 | 07 | 03 | 05"
"女性","50至59歲","大學及以上","北北基宜蘭區","本省客家人","10","00","00",1,0.984427607,0.000544069640914037,0.000540740779614237,"女性 | 50至59歲 | 大學及以上 | 北北基宜蘭區 | 本省客家人 | 10 | 00 | 00"
"女性","50至59歲","大學及以上","北北基宜蘭區","本省閩南人","00","08","04",1,1.007756757,0.000544069640914037,0.000553555355992465,"女性 | 50至59歲 | 大學及以上 | 北北基宜蘭區 | 本省閩南人 | 00 | 08 | 04"
"女性","50至59歲","大學及以上","北北基宜蘭區","本省閩南人","02","07","03",1,0.984427607,0.000544069640914037,0.000540740779614237,"女性 | 50至59歲 | 大學及以上 | 北北基宜蘭區 | 本省閩南人 | 02 | 07 | 03"
"女性","50至59歲","大學及以上","北北基宜蘭區","本省閩南人","02","08","05",1,1.007756757,0.000544069640914037,0.000553555355992465,"女性 | 50至59歲 | 大學及以上 | 北北基宜蘭區 | 本省閩南人 | 02 | 08 | 05"
"女性","50至59歲","大學及以上","北北基宜蘭區","本省閩南人","03","03","08",1,0.984427607,0.000544069640914037,0.000540740779614237,"女性 | 50至59歲 | 大學及以上 | 北北基宜蘭區 | 本省閩南人 | 03 | 03 | 08"
"女性","50至59歲","大學及以上","北北基宜蘭區","本省閩南人","03","08","01",1,1.09739422,0.000544069640914037,0.000602792731377512,"女性 | 50至59歲 | 大學及以上 | 北北基宜蘭區 | 本省閩南人 | 03 | 08 | 01"
"女性","50至59歲","大學及以上","北北基宜蘭區","本省閩南人","04","05","08",1,1.007756757,0.000544069640914037,0.000553555355992465,"女性 | 50至59歲 | 大學及以上 | 北北基宜蘭區 | 本省閩南人 | 04 | 05 | 08"
"女性","50至59歲","大學及以上","北北基宜蘭區","本省閩南人","04","09","00",1,1.007756757,0.000544069640914037,0.000553555355992465,"女性 | 50至59歲 | 大學及以上 | 北北基宜蘭區 | 本省閩南人 | 04 | 09 | 00"
"女性","50至59歲","大學及以上","北北基宜蘭區","本省閩南人","05","04","03",1,1.007756757,0.000544069640914037,0.000553555355992465,"女性 | 50至59歲 | 大學及以上 | 北北基宜蘭區 | 本省閩南人 | 05 | 04 | 03"
"女性","50至59歲","大學及以上","北北基宜蘭區","本省閩南人","05","05","05",1,0.984427607,0.000544069640914037,0.000540740779614237,"女性 | 50至59歲 | 大學及以上 | 北北基宜蘭區 | 本省閩南人 | 05 | 05 | 05"
"女性","50至59歲","大學及以上","北北基宜蘭區","本省閩南人","05","06","02",1,0.984427607,0.000544069640914037,0.000540740779614237,"女性 | 50至59歲 | 大學及以上 | 北北基宜蘭區 | 本省閩南人 | 05 | 06 | 02"
"女性","50至59歲","大學及以上","北北基宜蘭區","本省閩南人","06","04","04",1,1.007756757,0.000544069640914037,0.000553555355992465,"女性 | 50至59歲 | 大學及以上 | 北北基宜蘭區 | 本省閩南人 | 06 | 04 | 04"
"女性","50至59歲","大學及以上","北北基宜蘭區","本省閩南人","06","05","03",1,1.007756757,0.000544069640914037,0.000553555355992465,"女性 | 50至59歲 | 大學及以上 | 北北基宜蘭區 | 本省閩南人 | 06 | 05 | 03"
"女性","50至59歲","大學及以上","北北基宜蘭區","本省閩南人","07","03","00",1,0.728228138,0.000544069640914037,0.00040001179190736,"女性 | 50至59歲 | 大學及以上 | 北北基宜蘭區 | 本省閩南人 | 07 | 03 | 00"
"女性","50至59歲","大學及以上","桃竹苗區","大陸各省市","07","00","07",1,0.891893077,0.000544069640914037,0.000489912060937886,"女性 | 50至59歲 | 大學及以上 | 桃竹苗區 | 大陸各省市 | 07 | 00 | 07"
"女性","50至59歲","大學及以上","桃竹苗區","本省客家人","00","07","07",1,0.891893077,0.000544069640914037,0.000489912060937886,"女性 | 50至59歲 | 大學及以上 | 桃竹苗區 | 本省客家人 | 00 | 07 | 07"
"女性","50至59歲","大學及以上","桃竹苗區","本省客家人","00","09","00",1,0.913029327,0.000544069640914037,0.000501522089163274,"女性 | 50至59歲 | 大學及以上 | 桃竹苗區 | 本省客家人 | 00 | 09 | 00"
"女性","50至59歲","大學及以上","桃竹苗區","本省閩南人","05","03","02",1,0.913029327,0.000544069640914037,0.000501522089163274,"女性 | 50至59歲 | 大學及以上 | 桃竹苗區 | 本省閩南人 | 05 | 03 | 02"
"女性","50至59歲","大學及以上","桃竹苗區","本省閩南人","05","07","06",1,0.891893077,0.000544069640914037,0.000489912060937886,"女性 | 50至59歲 | 大學及以上 | 桃竹苗區 | 本省閩南人 | 05 | 07 | 06"
"女性","50至59歲","大學及以上","桃竹苗區","本省閩南人","08","03","05",1,0.913029327,0.000544069640914037,0.000501522089163274,"女性 | 50至59歲 | 大學及以上 | 桃竹苗區 | 本省閩南人 | 08 | 03 | 05"
"女性","50至59歲","大學及以上","花東外島區","本省客家人","08","03","02",1,0.648920462,0.000544069640914037,0.00035644851285597,"女性 | 50至59歲 | 大學及以上 | 花東外島區 | 本省客家人 | 08 | 03 | 02"
"女性","50至59歲","大學及以上","雲嘉南區","大陸各省市","07","01","06",1,0.816241807,0.000544069640914037,0.000448357225998553,"女性 | 50至59歲 | 大學及以上 | 雲嘉南區 | 大陸各省市 | 07 | 01 | 06"
"女性","50至59歲","大學及以上","雲嘉南區","本省閩南人","05","05","05",1,0.816241807,0.000544069640914037,0.000448357225998553,"女性 | 50至59歲 | 大學及以上 | 雲嘉南區 | 本省閩南人 | 05 | 05 | 05"
"女性","50至59歲","大學及以上","雲嘉南區","本省閩南人","06","06","04",1,0.816241807,0.000544069640914037,0.000448357225998553,"女性 | 50至59歲 | 大學及以上 | 雲嘉南區 | 本省閩南人 | 06 | 06 | 04"
"女性","50至59歲","大學及以上","雲嘉南區","本省閩南人","07","03","01",1,0.816241807,0.000544069640914037,0.000448357225998553,"女性 | 50至59歲 | 大學及以上 | 雲嘉南區 | 本省閩南人 | 07 | 03 | 01"
"女性","50至59歲","大學及以上","高屏澎湖區","大陸各省市","05","05","05",1,0.825967743,0.000544069640914037,0.000453699630231959,"女性 | 50至59歲 | 大學及以上 | 高屏澎湖區 | 大陸各省市 | 05 | 05 | 05"
"女性","50至59歲","大學及以上","高屏澎湖區","大陸各省市","06","04","07",1,0.845541682,0.000544069640914037,0.000464451489444072,"女性 | 50至59歲 | 大學及以上 | 高屏澎湖區 | 大陸各省市 | 06 | 04 | 07"
"女性","50至59歲","大學及以上","高屏澎湖區","本省閩南人","00","08","03",1,0.825967743,0.000544069640914037,0.000453699630231959,"女性 | 50至59歲 | 大學及以上 | 高屏澎湖區 | 本省閩南人 | 00 | 08 | 03"
"女性","50至59歲","大學及以上","高屏澎湖區","本省閩南人","00","10","02",1,0.825967743,0.000544069640914037,0.000453699630231959,"女性 | 50至59歲 | 大學及以上 | 高屏澎湖區 | 本省閩南人 | 00 | 10 | 02"
"女性","50至59歲","大學及以上","高屏澎湖區","本省閩南人","01","07","02",1,0.845541682,0.000544069640914037,0.000464451489444072,"女性 | 50至59歲 | 大學及以上 | 高屏澎湖區 | 本省閩南人 | 01 | 07 | 02"
"女性","50至59歲","大學及以上","高屏澎湖區","本省閩南人","01","09","01",1,0.825967743,0.000544069640914037,0.000453699630231959,"女性 | 50至59歲 | 大學及以上 | 高屏澎湖區 | 本省閩南人 | 01 | 09 | 01"
"女性","50至59歲","大學及以上","高屏澎湖區","本省閩南人","02","09","00",1,0.845541682,0.000544069640914037,0.000464451489444072,"女性 | 50至59歲 | 大學及以上 | 高屏澎湖區 | 本省閩南人 | 02 | 09 | 00"
"女性","50至59歲","大學及以上","高屏澎湖區","本省閩南人","03","10","02",1,0.845541682,0.000544069640914037,0.000464451489444072,"女性 | 50至59歲 | 大學及以上 | 高屏澎湖區 | 本省閩南人 | 03 | 10 | 02"
"女性","50至59歲","大學及以上","高屏澎湖區","本省閩南人","05","04","04",1,0.825967743,0.000544069640914037,0.000453699630231959,"女性 | 50至59歲 | 大學及以上 | 高屏澎湖區 | 本省閩南人 | 05 | 04 | 04"
"女性","50至59歲","大學及以上","高屏澎湖區","本省閩南人","05","05","04",1,0.825967743,0.000544069640914037,0.000453699630231959,"女性 | 50至59歲 | 大學及以上 | 高屏澎湖區 | 本省閩南人 | 05 | 05 | 04"
"女性","50至59歲","大學及以上","高屏澎湖區","本省閩南人","06","07","05",1,0.845541682,0.000544069640914037,0.000464451489444072,"女性 | 50至59歲 | 大學及以上 | 高屏澎湖區 | 本省閩南人 | 06 | 07 | 05"
"女性","50至59歲","專科","中彰投區","本省閩南人","00","00","10",1,0.894372349,0.000544069640914037,0.000491273911687116,"女性 | 50至59歲 | 專科 | 中彰投區 | 本省閩南人 | 00 | 00 | 10"
"女性","50至59歲","專科","中彰投區","本省閩南人","00","08","02",1,0.894372349,0.000544069640914037,0.000491273911687116,"女性 | 50至59歲 | 專科 | 中彰投區 | 本省閩南人 | 00 | 08 | 02"
"女性","50至59歲","專科","中彰投區","本省閩南人","03","00","08",1,0.821318138,0.000544069640914037,0.000451145627261379,"女性 | 50至59歲 | 專科 | 中彰投區 | 本省閩南人 | 03 | 00 | 08"
"女性","50至59歲","專科","中彰投區","本省閩南人","04","04","04",1,0.894372349,0.000544069640914037,0.000491273911687116,"女性 | 50至59歲 | 專科 | 中彰投區 | 本省閩南人 | 04 | 04 | 04"
"女性","50至59歲","專科","中彰投區","本省閩南人","05","04","05",1,0.894372349,0.000544069640914037,0.000491273911687116,"女性 | 50至59歲 | 專科 | 中彰投區 | 本省閩南人 | 05 | 04 | 05"
"女性","50至59歲","專科","中彰投區","本省閩南人","05","08","08",1,0.873668001,0.000544069640914037,0.000479901124902882,"女性 | 50至59歲 | 專科 | 中彰投區 | 本省閩南人 | 05 | 08 | 08"
"女性","50至59歲","專科","北北基宜蘭區","大陸各省市","02","00","02",1,1.09739422,0.000544069640914037,0.000602792731377512,"女性 | 50至59歲 | 專科 | 北北基宜蘭區 | 大陸各省市 | 02 | 00 | 02"
"女性","50至59歲","專科","北北基宜蘭區","本省閩南人","00","08","03",1,1.09739422,0.000544069640914037,0.000602792731377512,"女性 | 50至59歲 | 專科 | 北北基宜蘭區 | 本省閩南人 | 00 | 08 | 03"
"女性","50至59歲","專科","北北基宜蘭區","本省閩南人","03","08","00",1,1.09739422,0.000544069640914037,0.000602792731377512,"女性 | 50至59歲 | 專科 | 北北基宜蘭區 | 本省閩南人 | 03 | 08 | 00"
"女性","50至59歲","專科","北北基宜蘭區","本省閩南人","04","06","05",1,1.07199,0.000544069640914037,0.000588838330230479,"女性 | 50至59歲 | 專科 | 北北基宜蘭區 | 本省閩南人 | 04 | 06 | 05"
"女性","50至59歲","專科","北北基宜蘭區","本省閩南人","05","02","02",1,1.07199,0.000544069640914037,0.000588838330230479,"女性 | 50至59歲 | 專科 | 北北基宜蘭區 | 本省閩南人 | 05 | 02 | 02"
"女性","50至59歲","專科","北北基宜蘭區","本省閩南人","05","04","04",1,1.09739422,0.000544069640914037,0.000602792731377512,"女性 | 50至59歲 | 專科 | 北北基宜蘭區 | 本省閩南人 | 05 | 04 | 04"
"女性","50至59歲","專科","北北基宜蘭區","本省閩南人","05","06","05",1,1.07199,0.000544069640914037,0.000588838330230479,"女性 | 50至59歲 | 專科 | 北北基宜蘭區 | 本省閩南人 | 05 | 06 | 05"
"女性","50至59歲","專科","北北基宜蘭區","本省閩南人","05","07","05",1,1.07199,0.000544069640914037,0.000588838330230479,"女性 | 50至59歲 | 專科 | 北北基宜蘭區 | 本省閩南人 | 05 | 07 | 05"
"女性","50至59歲","專科","北北基宜蘭區","本省閩南人","07","08","08",1,1.07199,0.000544069640914037,0.000588838330230479,"女性 | 50至59歲 | 專科 | 北北基宜蘭區 | 本省閩南人 | 07 | 08 | 08"
"女性","50至59歲","專科","北北基宜蘭區","本省閩南人","07","09","01",1,1.09739422,0.000544069640914037,0.000602792731377512,"女性 | 50至59歲 | 專科 | 北北基宜蘭區 | 本省閩南人 | 07 | 09 | 01"
"女性","50至59歲","專科","桃竹苗區","大陸各省市","09","02","03",1,1.131973296,0.000544069640914037,0.000621786831483626,"女性 | 50至59歲 | 專科 | 桃竹苗區 | 大陸各省市 | 09 | 02 | 03"
"女性","50至59歲","專科","桃竹苗區","本省閩南人","05","05","04",1,0.971224754,0.000544069640914037,0.000533488523609239,"女性 | 50至59歲 | 專科 | 桃竹苗區 | 本省閩南人 | 05 | 05 | 04"
"女性","50至59歲","專科","桃竹苗區","本省閩南人","05","05","05",1,0.891893077,0.000544069640914037,0.000489912060937886,"女性 | 50至59歲 | 專科 | 桃竹苗區 | 本省閩南人 | 05 | 05 | 05"
"女性","50至59歲","專科","花東外島區","本省閩南人","03","08","05",1,0.706640327,0.000544069640914037,0.000388153723658056,"女性 | 50至59歲 | 專科 | 花東外島區 | 本省閩南人 | 03 | 08 | 05"
"女性","50至59歲","專科","花東外島區","本省閩南人","10","00","00",1,0.706640327,0.000544069640914037,0.000388153723658056,"女性 | 50至59歲 | 專科 | 花東外島區 | 本省閩南人 | 10 | 00 | 00"
"女性","50至59歲","專科","雲嘉南區","大陸各省市","05","07","04",1,0.888844491,0.000544069640914037,0.000488237489076391,"女性 | 50至59歲 | 專科 | 雲嘉南區 | 大陸各省市 | 05 | 07 | 04"
"女性","50至59歲","專科","雲嘉南區","本省閩南人","04","06","03",1,0.888844491,0.000544069640914037,0.000488237489076391,"女性 | 50至59歲 | 專科 | 雲嘉南區 | 本省閩南人 | 04 | 06 | 03"
"女性","50至59歲","專科","雲嘉南區","本省閩南人","05","00","05",1,0.888844491,0.000544069640914037,0.000488237489076391,"女性 | 50至59歲 | 專科 | 雲嘉南區 | 本省閩南人 | 05 | 00 | 05"
"女性","50至59歲","專科","雲嘉南區","本省閩南人","05","02","04",1,0.888844491,0.000544069640914037,0.000488237489076391,"女性 | 50至59歲 | 專科 | 雲嘉南區 | 本省閩南人 | 05 | 02 | 04"
"女性","50至59歲","專科","雲嘉南區","本省閩南人","05","05","05",1,0.888844491,0.000544069640914037,0.000488237489076391,"女性 | 50至59歲 | 專科 | 雲嘉南區 | 本省閩南人 | 05 | 05 | 05"
"女性","50至59歲","專科","雲嘉南區","本省閩南人","05","05","09",1,0.868268111,0.000544069640914037,0.000476934994424959,"女性 | 50至59歲 | 專科 | 雲嘉南區 | 本省閩南人 | 05 | 05 | 09"
"女性","50至59歲","專科","高屏澎湖區","大陸各省市","07","05","06",1,0.899435525,0.000544069640914037,0.000494055086979332,"女性 | 50至59歲 | 專科 | 高屏澎湖區 | 大陸各省市 | 07 | 05 | 06"
"女性","50至59歲","專科","高屏澎湖區","本省閩南人","05","07","04",1,0.920750517,0.000544069640914037,0.000505763297222111,"女性 | 50至59歲 | 專科 | 高屏澎湖區 | 本省閩南人 | 05 | 07 | 04"
"女性","50至59歲","專科","高屏澎湖區","本省閩南人","06","04","05",1,0.920750517,0.000544069640914037,0.000505763297222111,"女性 | 50至59歲 | 專科 | 高屏澎湖區 | 本省閩南人 | 06 | 04 | 05"
"女性","50至59歲","專科","高屏澎湖區","本省閩南人","06","05","03",1,0.899435525,0.000544069640914037,0.000494055086979332,"女性 | 50至59歲 | 專科 | 高屏澎湖區 | 本省閩南人 | 06 | 05 | 03"
"女性","50至59歲","專科","高屏澎湖區","本省閩南人","07","02","00",1,0.920750517,0.000544069640914037,0.000505763297222111,"女性 | 50至59歲 | 專科 | 高屏澎湖區 | 本省閩南人 | 07 | 02 | 00"
"女性","50至59歲","專科","高屏澎湖區","本省閩南人","08","01","05",1,0.920750517,0.000544069640914037,0.000505763297222111,"女性 | 50至59歲 | 專科 | 高屏澎湖區 | 本省閩南人 | 08 | 01 | 05"
"女性","50至59歲","高中、職","中彰投區","大陸各省市","00","00","10",1,0.994697287,0.000544069640914037,0.0005463818594967,"女性 | 50至59歲 | 高中、職 | 中彰投區 | 大陸各省市 | 00 | 00 | 10"
"女性","50至59歲","高中、職","中彰投區","本省客家人","05","00","08",1,0.994697287,0.000544069640914037,0.0005463818594967,"女性 | 50至59歲 | 高中、職 | 中彰投區 | 本省客家人 | 05 | 00 | 08"
"女性","50至59歲","高中、職","中彰投區","本省閩南人","03","07","02",1,1.018269811,0.000544069640914037,0.000559330119901627,"女性 | 50至59歲 | 高中、職 | 中彰投區 | 本省閩南人 | 03 | 07 | 02"
"女性","50至59歲","高中、職","中彰投區","本省閩南人","03","08","04",1,0.994697287,0.000544069640914037,0.0005463818594967,"女性 | 50至59歲 | 高中、職 | 中彰投區 | 本省閩南人 | 03 | 08 | 04"
"女性","50至59歲","高中、職","中彰投區","本省閩南人","03","08","06",1,1.018269811,0.000544069640914037,0.000559330119901627,"女性 | 50至59歲 | 高中、職 | 中彰投區 | 本省閩南人 | 03 | 08 | 06"
"女性","50至59歲","高中、職","中彰投區","本省閩南人","04","05","08",1,1.018269811,0.000544069640914037,0.000559330119901627,"女性 | 50至59歲 | 高中、職 | 中彰投區 | 本省閩南人 | 04 | 05 | 08"
"女性","50至59歲","高中、職","中彰投區","本省閩南人","04","06","04",1,1.018269811,0.000544069640914037,0.000559330119901627,"女性 | 50至59歲 | 高中、職 | 中彰投區 | 本省閩南人 | 04 | 06 | 04"
"女性","50至59歲","高中、職","中彰投區","本省閩南人","05","01","05",1,0.994697287,0.000544069640914037,0.0005463818594967,"女性 | 50至59歲 | 高中、職 | 中彰投區 | 本省閩南人 | 05 | 01 | 05"
"女性","50至59歲","高中、職","中彰投區","本省閩南人","05","06","02",1,0.994697287,0.000544069640914037,0.0005463818594967,"女性 | 50至59歲 | 高中、職 | 中彰投區 | 本省閩南人 | 05 | 06 | 02"
"女性","50至59歲","高中、職","中彰投區","本省閩南人","05","07","04",1,1.018269811,0.000544069640914037,0.000559330119901627,"女性 | 50至59歲 | 高中、職 | 中彰投區 | 本省閩南人 | 05 | 07 | 04"
"女性","50至59歲","高中、職","中彰投區","本省閩南人","06","04","05",1,1.018269811,0.000544069640914037,0.000559330119901627,"女性 | 50至59歲 | 高中、職 | 中彰投區 | 本省閩南人 | 06 | 04 | 05"
"女性","50至59歲","高中、職","中彰投區","本省閩南人","06","08","07",1,1.018269811,0.000544069640914037,0.000559330119901627,"女性 | 50至59歲 | 高中、職 | 中彰投區 | 本省閩南人 | 06 | 08 | 07"
"女性","50至59歲","高中、職","中彰投區","本省閩南人","07","05","07",1,0.994697287,0.000544069640914037,0.0005463818594967,"女性 | 50至59歲 | 高中、職 | 中彰投區 | 本省閩南人 | 07 | 05 | 07"
"女性","50至59歲","高中、職","中彰投區","本省閩南人","08","05","03",1,1.018269811,0.000544069640914037,0.000559330119901627,"女性 | 50至59歲 | 高中、職 | 中彰投區 | 本省閩南人 | 08 | 05 | 03"
"女性","50至59歲","高中、職","北北基宜蘭區","大陸各省市","00","09","00",1,1.249416316,0.000544069640914037,0.000686297649489414,"女性 | 50至59歲 | 高中、職 | 北北基宜蘭區 | 大陸各省市 | 00 | 09 | 00"
"女性","50至59歲","高中、職","北北基宜蘭區","大陸各省市","07","03","08",1,1.249416316,0.000544069640914037,0.000686297649489414,"女性 | 50至59歲 | 高中、職 | 北北基宜蘭區 | 大陸各省市 | 07 | 03 | 08"
"女性","50至59歲","高中、職","北北基宜蘭區","本省客家人","07","05","00",1,1.249416316,0.000544069640914037,0.000686297649489414,"女性 | 50至59歲 | 高中、職 | 北北基宜蘭區 | 本省客家人 | 07 | 05 | 00"
"女性","50至59歲","高中、職","北北基宜蘭區","本省客家人","08","03","05",1,1.249416316,0.000544069640914037,0.000686297649489414,"女性 | 50至59歲 | 高中、職 | 北北基宜蘭區 | 本省客家人 | 08 | 03 | 05"
"女性","50至59歲","高中、職","北北基宜蘭區","本省閩南人","03","06","02",1,1.220492847,0.000544069640914037,0.000670410143831308,"女性 | 50至59歲 | 高中、職 | 北北基宜蘭區 | 本省閩南人 | 03 | 06 | 02"
"女性","50至59歲","高中、職","北北基宜蘭區","本省閩南人","03","07","00",1,1.249416316,0.000544069640914037,0.000686297649489414,"女性 | 50至59歲 | 高中、職 | 北北基宜蘭區 | 本省閩南人 | 03 | 07 | 00"
"女性","50至59歲","高中、職","北北基宜蘭區","本省閩南人","04","06","06",1,1.249416316,0.000544069640914037,0.000686297649489414,"女性 | 50至59歲 | 高中、職 | 北北基宜蘭區 | 本省閩南人 | 04 | 06 | 06"
"女性","50至59歲","高中、職","北北基宜蘭區","本省閩南人","05","05","03",1,1.249416316,0.000544069640914037,0.000686297649489414,"女性 | 50至59歲 | 高中、職 | 北北基宜蘭區 | 本省閩南人 | 05 | 05 | 03"
"女性","50至59歲","高中、職","北北基宜蘭區","本省閩南人","05","05","04",1,1.249416316,0.000544069640914037,0.000686297649489414,"女性 | 50至59歲 | 高中、職 | 北北基宜蘭區 | 本省閩南人 | 05 | 05 | 04"
"女性","50至59歲","高中、職","北北基宜蘭區","本省閩南人","07","04","05",1,1.220492847,0.000544069640914037,0.000670410143831308,"女性 | 50至59歲 | 高中、職 | 北北基宜蘭區 | 本省閩南人 | 07 | 04 | 05"
"女性","50至59歲","高中、職","北北基宜蘭區","本省閩南人","08","05","08",1,1.220492847,0.000544069640914037,0.000670410143831308,"女性 | 50至59歲 | 高中、職 | 北北基宜蘭區 | 本省閩南人 | 08 | 05 | 08"
"女性","50至59歲","高中、職","桃竹苗區","大陸各省市","00","10","03",1,1.131973296,0.000544069640914037,0.000621786831483626,"女性 | 50至59歲 | 高中、職 | 桃竹苗區 | 大陸各省市 | 00 | 10 | 03"
"女性","50至59歲","高中、職","桃竹苗區","大陸各省市","04","00","02",1,1.105768584,0.000544069640914037,0.000607392724394706,"女性 | 50至59歲 | 高中、職 | 桃竹苗區 | 大陸各省市 | 04 | 00 | 02"
"女性","50至59歲","高中、職","桃竹苗區","大陸各省市","06","05","04",1,1.131973296,0.000544069640914037,0.000621786831483626,"女性 | 50至59歲 | 高中、職 | 桃竹苗區 | 大陸各省市 | 06 | 05 | 04"
"女性","50至59歲","高中、職","桃竹苗區","本省客家人","05","00","02",1,1.131973296,0.000544069640914037,0.000621786831483626,"女性 | 50至59歲 | 高中、職 | 桃竹苗區 | 本省客家人 | 05 | 00 | 02"
"女性","50至59歲","高中、職","桃竹苗區","本省客家人","05","04","08",1,1.131973296,0.000544069640914037,0.000621786831483626,"女性 | 50至59歲 | 高中、職 | 桃竹苗區 | 本省客家人 | 05 | 04 | 08"
"女性","50至59歲","高中、職","桃竹苗區","本省客家人","05","05","05",1,1.131973296,0.000544069640914037,0.000621786831483626,"女性 | 50至59歲 | 高中、職 | 桃竹苗區 | 本省客家人 | 05 | 05 | 05"
"女性","50至59歲","高中、職","桃竹苗區","本省客家人","05","10","04",1,1.131973296,0.000544069640914037,0.000621786831483626,"女性 | 50至59歲 | 高中、職 | 桃竹苗區 | 本省客家人 | 05 | 10 | 04"
"女性","50至59歲","高中、職","桃竹苗區","本省閩南人","05","10","07",1,1.131973296,0.000544069640914037,0.000621786831483626,"女性 | 50至59歲 | 高中、職 | 桃竹苗區 | 本省閩南人 | 05 | 10 | 07"
"女性","50至59歲","高中、職","桃竹苗區","本省閩南人","07","06","07",1,1.105768584,0.000544069640914037,0.000607392724394706,"女性 | 50至59歲 | 高中、職 | 桃竹苗區 | 本省閩南人 | 07 | 06 | 07"
"女性","50至59歲","高中、職","花東外島區","本省閩南人","08","03","06",1,0.804531259,0.000544069640914037,0.00044192468508828,"女性 | 50至59歲 | 高中、職 | 花東外島區 | 本省閩南人 | 08 | 03 | 06"
"女性","50至59歲","高中、職","花東外島區","本省閩南人","08","09","08",1,0.785906695,0.000544069640914037,0.000431694312447648,"女性 | 50至59歲 | 高中、職 | 花東外島區 | 本省閩南人 | 08 | 09 | 08"
"女性","50至59歲","高中、職","雲嘉南區","原住民","05","04","04",1,1.011976179,0.000544069640914037,0.000555873061759326,"女性 | 50至59歲 | 高中、職 | 雲嘉南區 | 原住民 | 05 | 04 | 04"
"女性","50至59歲","高中、職","雲嘉南區","本省閩南人","00","08","03",1,1.011976179,0.000544069640914037,0.000555873061759326,"女性 | 50至59歲 | 高中、職 | 雲嘉南區 | 本省閩南人 | 00 | 08 | 03"
"女性","50至59歲","高中、職","雲嘉南區","本省閩南人","02","08","00",1,0.98854935,0.000544069640914037,0.000543004830832774,"女性 | 50至59歲 | 高中、職 | 雲嘉南區 | 本省閩南人 | 02 | 08 | 00"
"女性","50至59歲","高中、職","雲嘉南區","本省閩南人","03","03","03",1,0.98854935,0.000544069640914037,0.000543004830832774,"女性 | 50至59歲 | 高中、職 | 雲嘉南區 | 本省閩南人 | 03 | 03 | 03"
"女性","50至59歲","高中、職","雲嘉南區","本省閩南人","03","03","05",1,1.011976179,0.000544069640914037,0.000555873061759326,"女性 | 50至59歲 | 高中、職 | 雲嘉南區 | 本省閩南人 | 03 | 03 | 05"
"女性","50至59歲","高中、職","雲嘉南區","本省閩南人","03","07","02",1,1.011976179,0.000544069640914037,0.000555873061759326,"女性 | 50至59歲 | 高中、職 | 雲嘉南區 | 本省閩南人 | 03 | 07 | 02"
"女性","50至59歲","高中、職","雲嘉南區","本省閩南人","03","08","05",1,1.011976179,0.000544069640914037,0.000555873061759326,"女性 | 50至59歲 | 高中、職 | 雲嘉南區 | 本省閩南人 | 03 | 08 | 05"
"女性","50至59歲","高中、職","雲嘉南區","本省閩南人","05","05","03",1,1.011976179,0.000544069640914037,0.000555873061759326,"女性 | 50至59歲 | 高中、職 | 雲嘉南區 | 本省閩南人 | 05 | 05 | 03"
"女性","50至59歲","高中、職","雲嘉南區","本省閩南人","06","06","05",1,1.011976179,0.000544069640914037,0.000555873061759326,"女性 | 50至59歲 | 高中、職 | 雲嘉南區 | 本省閩南人 | 06 | 06 | 05"
"女性","50至59歲","高中、職","雲嘉南區","本省閩南人","10","00","08",1,0.98854935,0.000544069640914037,0.000543004830832774,"女性 | 50至59歲 | 高中、職 | 雲嘉南區 | 本省閩南人 | 10 | 00 | 08"
"女性","50至59歲","高中、職","高屏澎湖區","大陸各省市","08","00","07",1,1.048302148,0.000544069640914037,0.000575826720776635,"女性 | 50至59歲 | 高中、職 | 高屏澎湖區 | 大陸各省市 | 08 | 00 | 07"
"女性","50至59歲","高中、職","高屏澎湖區","大陸各省市","08","09","07",1,1.024034389,0.000544069640914037,0.000562496571532709,"女性 | 50至59歲 | 高中、職 | 高屏澎湖區 | 大陸各省市 | 08 | 09 | 07"
"女性","50至59歲","高中、職","高屏澎湖區","大陸新住民","08","05","02",1,0.899435525,0.000544069640914037,0.000494055086979332,"女性 | 50至59歲 | 高中、職 | 高屏澎湖區 | 大陸新住民 | 08 | 05 | 02"
"女性","50至59歲","高中、職","高屏澎湖區","本省客家人","04","08","02",1,1.048302148,0.000544069640914037,0.000575826720776635,"女性 | 50至59歲 | 高中、職 | 高屏澎湖區 | 本省客家人 | 04 | 08 | 02"
"女性","50至59歲","高中、職","高屏澎湖區","本省閩南人","02","10","02",1,1.048302148,0.000544069640914037,0.000575826720776635,"女性 | 50至59歲 | 高中、職 | 高屏澎湖區 | 本省閩南人 | 02 | 10 | 02"
"女性","50至59歲","高中、職","高屏澎湖區","本省閩南人","05","03","04",1,1.048302148,0.000544069640914037,0.000575826720776635,"女性 | 50至59歲 | 高中、職 | 高屏澎湖區 | 本省閩南人 | 05 | 03 | 04"
"女性","50至59歲","高中、職","高屏澎湖區","本省閩南人","05","05","04",1,1.314530423,0.000544069640914037,0.000722064477575803,"女性 | 50至59歲 | 高中、職 | 高屏澎湖區 | 本省閩南人 | 05 | 05 | 04"
"女性","50至59歲","高中、職","高屏澎湖區","本省閩南人","05","05","05",1,1.048302148,0.000544069640914037,0.000575826720776635,"女性 | 50至59歲 | 高中、職 | 高屏澎湖區 | 本省閩南人 | 05 | 05 | 05"
"女性","50至59歲","高中、職","高屏澎湖區","本省閩南人","08","00","02",1,1.048302148,0.000544069640914037,0.000575826720776635,"女性 | 50至59歲 | 高中、職 | 高屏澎湖區 | 本省閩南人 | 08 | 00 | 02"
"女性","50至59歲","高中、職","高屏澎湖區","本省閩南人","08","03","02",1,1.048302148,0.000544069640914037,0.000575826720776635,"女性 | 50至59歲 | 高中、職 | 高屏澎湖區 | 本省閩南人 | 08 | 03 | 02"
"女性","50至59歲","高中、職","高屏澎湖區","本省閩南人","08","03","07",1,1.048302148,0.000544069640914037,0.000575826720776635,"女性 | 50至59歲 | 高中、職 | 高屏澎湖區 | 本省閩南人 | 08 | 03 | 07"
"女性","50至59歲","高中、職","高屏澎湖區","本省閩南人","08","05","03",1,1.048302148,0.000544069640914037,0.000575826720776635,"女性 | 50至59歲 | 高中、職 | 高屏澎湖區 | 本省閩南人 | 08 | 05 | 03"
"女性","50至59歲","高中、職","高屏澎湖區","本省閩南人","10","00","05",1,1.048302148,0.000544069640914037,0.000575826720776635,"女性 | 50至59歲 | 高中、職 | 高屏澎湖區 | 本省閩南人 | 10 | 00 | 05"
"女性","60歲及以上","國、初中","中彰投區","大陸各省市","08","00","02",1,0.922696283,0.000544069640914037,0.000506832096000513,"女性 | 60歲及以上 | 國、初中 | 中彰投區 | 大陸各省市 | 08 | 00 | 02"
"女性","60歲及以上","國、初中","中彰投區","本省客家人","03","10","03",1,0.922696283,0.000544069640914037,0.000506832096000513,"女性 | 60歲及以上 | 國、初中 | 中彰投區 | 本省客家人 | 03 | 10 | 03"
"女性","60歲及以上","國、初中","中彰投區","本省閩南人","03","02","01",1,1.276871032,0.000544069640914037,0.000701378377039477,"女性 | 60歲及以上 | 國、初中 | 中彰投區 | 本省閩南人 | 03 | 02 | 01"
"女性","60歲及以上","國、初中","中彰投區","本省閩南人","04","04","08",1,0.922696283,0.000544069640914037,0.000506832096000513,"女性 | 60歲及以上 | 國、初中 | 中彰投區 | 本省閩南人 | 04 | 04 | 08"
"女性","60歲及以上","國、初中","中彰投區","本省閩南人","05","05","03",1,1.276871032,0.000544069640914037,0.000701378377039477,"女性 | 60歲及以上 | 國、初中 | 中彰投區 | 本省閩南人 | 05 | 05 | 03"
"女性","60歲及以上","國、初中","中彰投區","本省閩南人","05","09","04",1,0.922696283,0.000544069640914037,0.000506832096000513,"女性 | 60歲及以上 | 國、初中 | 中彰投區 | 本省閩南人 | 05 | 09 | 04"
"女性","60歲及以上","國、初中","中彰投區","本省閩南人","06","00","03",1,0.922696283,0.000544069640914037,0.000506832096000513,"女性 | 60歲及以上 | 國、初中 | 中彰投區 | 本省閩南人 | 06 | 00 | 03"
"女性","60歲及以上","國、初中","中彰投區","本省閩南人","06","02","03",1,0.922696283,0.000544069640914037,0.000506832096000513,"女性 | 60歲及以上 | 國、初中 | 中彰投區 | 本省閩南人 | 06 | 02 | 03"
"女性","60歲及以上","國、初中","中彰投區","本省閩南人","06","08","06",1,0.862390802,0.000544069640914037,0.000473706620263066,"女性 | 60歲及以上 | 國、初中 | 中彰投區 | 本省閩南人 | 06 | 08 | 06"
"女性","60歲及以上","國、初中","中彰投區","本省閩南人","07","03","06",1,0.922696283,0.000544069640914037,0.000506832096000513,"女性 | 60歲及以上 | 國、初中 | 中彰投區 | 本省閩南人 | 07 | 03 | 06"
"女性","60歲及以上","國、初中","中彰投區","本省閩南人","08","03","05",1,0.922696283,0.000544069640914037,0.000506832096000513,"女性 | 60歲及以上 | 國、初中 | 中彰投區 | 本省閩南人 | 08 | 03 | 05"
"女性","60歲及以上","國、初中","北北基宜蘭區","大陸各省市","05","02","03",1,1.249416316,0.000544069640914037,0.000686297649489414,"女性 | 60歲及以上 | 國、初中 | 北北基宜蘭區 | 大陸各省市 | 05 | 02 | 03"
"女性","60歲及以上","國、初中","北北基宜蘭區","大陸各省市","05","05","05",1,1.132147667,0.000544069640914037,0.00062188261253427,"女性 | 60歲及以上 | 國、初中 | 北北基宜蘭區 | 大陸各省市 | 05 | 05 | 05"
"女性","60歲及以上","國、初中","北北基宜蘭區","大陸各省市","08","00","00",1,1.132147667,0.000544069640914037,0.00062188261253427,"女性 | 60歲及以上 | 國、初中 | 北北基宜蘭區 | 大陸各省市 | 08 | 00 | 00"
"女性","60歲及以上","國、初中","北北基宜蘭區","本省客家人","00","10","06",1,1.566719825,0.000544069640914037,0.000860590757089141,"女性 | 60歲及以上 | 國、初中 | 北北基宜蘭區 | 本省客家人 | 00 | 10 | 06"
"女性","60歲及以上","國、初中","北北基宜蘭區","本省客家人","02","05","01",1,1.132147667,0.000544069640914037,0.00062188261253427,"女性 | 60歲及以上 | 國、初中 | 北北基宜蘭區 | 本省客家人 | 02 | 05 | 01"
"女性","60歲及以上","國、初中","北北基宜蘭區","本省客家人","04","08","02",1,1.132147667,0.000544069640914037,0.00062188261253427,"女性 | 60歲及以上 | 國、初中 | 北北基宜蘭區 | 本省客家人 | 04 | 08 | 02"
"女性","60歲及以上","國、初中","北北基宜蘭區","本省客家人","05","05","03",1,1.132147667,0.000544069640914037,0.00062188261253427,"女性 | 60歲及以上 | 國、初中 | 北北基宜蘭區 | 本省客家人 | 05 | 05 | 03"
"女性","60歲及以上","國、初中","北北基宜蘭區","本省閩南人","00","00","10",1,1.132147667,0.000544069640914037,0.00062188261253427,"女性 | 60歲及以上 | 國、初中 | 北北基宜蘭區 | 本省閩南人 | 00 | 00 | 10"
"女性","60歲及以上","國、初中","北北基宜蘭區","本省閩南人","03","08","07",1,1.132147667,0.000544069640914037,0.00062188261253427,"女性 | 60歲及以上 | 國、初中 | 北北基宜蘭區 | 本省閩南人 | 03 | 08 | 07"
"女性","60歲及以上","國、初中","北北基宜蘭區","本省閩南人","03","10","00",1,1.132147667,0.000544069640914037,0.00062188261253427,"女性 | 60歲及以上 | 國、初中 | 北北基宜蘭區 | 本省閩南人 | 03 | 10 | 00"
"女性","60歲及以上","國、初中","北北基宜蘭區","本省閩南人","04","05","04",1,1.132147667,0.000544069640914037,0.00062188261253427,"女性 | 60歲及以上 | 國、初中 | 北北基宜蘭區 | 本省閩南人 | 04 | 05 | 04"
"女性","60歲及以上","國、初中","北北基宜蘭區","本省閩南人","05","05","03",1,1.132147667,0.000544069640914037,0.00062188261253427,"女性 | 60歲及以上 | 國、初中 | 北北基宜蘭區 | 本省閩南人 | 05 | 05 | 03"
"女性","60歲及以上","國、初中","北北基宜蘭區","本省閩南人","05","08","03",1,1.132147667,0.000544069640914037,0.00062188261253427,"女性 | 60歲及以上 | 國、初中 | 北北基宜蘭區 | 本省閩南人 | 05 | 08 | 03"
"女性","60歲及以上","國、初中","北北基宜蘭區","本省閩南人","05","08","05",1,1.132147667,0.000544069640914037,0.00062188261253427,"女性 | 60歲及以上 | 國、初中 | 北北基宜蘭區 | 本省閩南人 | 05 | 08 | 05"
"女性","60歲及以上","國、初中","北北基宜蘭區","本省閩南人","06","03","01",1,1.132147667,0.000544069640914037,0.00062188261253427,"女性 | 60歲及以上 | 國、初中 | 北北基宜蘭區 | 本省閩南人 | 06 | 03 | 01"
"女性","60歲及以上","國、初中","北北基宜蘭區","本省閩南人","06","10","05",1,1.132147667,0.000544069640914037,0.00062188261253427,"女性 | 60歲及以上 | 國、初中 | 北北基宜蘭區 | 本省閩南人 | 06 | 10 | 05"
"女性","60歲及以上","國、初中","北北基宜蘭區","本省閩南人","10","00","00",1,1.132147667,0.000544069640914037,0.00062188261253427,"女性 | 60歲及以上 | 國、初中 | 北北基宜蘭區 | 本省閩南人 | 10 | 00 | 00"
"女性","60歲及以上","國、初中","桃竹苗區","大陸各省市","07","03","00",1,1.025727702,0.000544069640914037,0.000563426699238637,"女性 | 60歲及以上 | 國、初中 | 桃竹苗區 | 大陸各省市 | 07 | 03 | 00"
"女性","60歲及以上","國、初中","桃竹苗區","大陸新住民","06","05","01",1,1.131973296,0.000544069640914037,0.000621786831483626,"女性 | 60歲及以上 | 國、初中 | 桃竹苗區 | 大陸新住民 | 06 | 05 | 01"
"女性","60歲及以上","國、初中","桃竹苗區","本省客家人","03","04","03",1,1.419450813,0.000544069640914037,0.000779696682404888,"女性 | 60歲及以上 | 國、初中 | 桃竹苗區 | 本省客家人 | 03 | 04 | 03"
"女性","60歲及以上","國、初中","桃竹苗區","本省客家人","03","08","00",1,1.025727702,0.000544069640914037,0.000563426699238637,"女性 | 60歲及以上 | 國、初中 | 桃竹苗區 | 本省客家人 | 03 | 08 | 00"
"女性","60歲及以上","國、初中","桃竹苗區","本省客家人","05","00","01",1,1.025727702,0.000544069640914037,0.000563426699238637,"女性 | 60歲及以上 | 國、初中 | 桃竹苗區 | 本省客家人 | 05 | 00 | 01"
"女性","60歲及以上","國、初中","桃竹苗區","本省客家人","05","09","03",1,1.025727702,0.000544069640914037,0.000563426699238637,"女性 | 60歲及以上 | 國、初中 | 桃竹苗區 | 本省客家人 | 05 | 09 | 03"
"女性","60歲及以上","國、初中","桃竹苗區","本省客家人","06","04","04",1,1.025727702,0.000544069640914037,0.000563426699238637,"女性 | 60歲及以上 | 國、初中 | 桃竹苗區 | 本省客家人 | 06 | 04 | 04"
"女性","60歲及以上","國、初中","桃竹苗區","本省客家人","09","00","03",1,0.817989857,0.000544069640914037,0.000449317420443613,"女性 | 60歲及以上 | 國、初中 | 桃竹苗區 | 本省客家人 | 09 | 00 | 03"
"女性","60歲及以上","國、初中","桃竹苗區","本省閩南人","00","08","00",1,1.025727702,0.000544069640914037,0.000563426699238637,"女性 | 60歲及以上 | 國、初中 | 桃竹苗區 | 本省閩南人 | 00 | 08 | 00"
"女性","60歲及以上","國、初中","桃竹苗區","本省閩南人","05","10","00",1,1.419450813,0.000544069640914037,0.000779696682404888,"女性 | 60歲及以上 | 國、初中 | 桃竹苗區 | 本省閩南人 | 05 | 10 | 00"
"女性","60歲及以上","國、初中","桃竹苗區","本省閩南人","07","08","06",1,1.025727702,0.000544069640914037,0.000563426699238637,"女性 | 60歲及以上 | 國、初中 | 桃竹苗區 | 本省閩南人 | 07 | 08 | 06"
"女性","60歲及以上","國、初中","桃竹苗區","本省閩南人","08","05","04",1,1.419450813,0.000544069640914037,0.000779696682404888,"女性 | 60歲及以上 | 國、初中 | 桃竹苗區 | 本省閩南人 | 08 | 05 | 04"
"女性","60歲及以上","國、初中","桃竹苗區","本省閩南人","10","00","00",1,1.025727702,0.000544069640914037,0.000563426699238637,"女性 | 60歲及以上 | 國、初中 | 桃竹苗區 | 本省閩南人 | 10 | 00 | 00"
"女性","60歲及以上","國、初中","花東外島區","本省客家人","00","03","01",1,0.729018964,0.000544069640914037,0.000400446188367535,"女性 | 60歲及以上 | 國、初中 | 花東外島區 | 本省客家人 | 00 | 03 | 01"
"女性","60歲及以上","國、初中","花東外島區","本省客家人","05","05","05",1,1.00885114,0.000544069640914037,0.000554156494676924,"女性 | 60歲及以上 | 國、初中 | 花東外島區 | 本省客家人 | 05 | 05 | 05"
"女性","60歲及以上","國、初中","花東外島區","本省客家人","08","05","06",1,0.729018964,0.000544069640914037,0.000400446188367535,"女性 | 60歲及以上 | 國、初中 | 花東外島區 | 本省客家人 | 08 | 05 | 06"
"女性","60歲及以上","國、初中","雲嘉南區","本省閩南人","00","06","05",1,0.916993364,0.000544069640914037,0.000503699513325861,"女性 | 60歲及以上 | 國、初中 | 雲嘉南區 | 本省閩南人 | 00 | 06 | 05"
"女性","60歲及以上","國、初中","雲嘉南區","本省閩南人","00","10","00",1,0.916993364,0.000544069640914037,0.000503699513325861,"女性 | 60歲及以上 | 國、初中 | 雲嘉南區 | 本省閩南人 | 00 | 10 | 00"
"女性","60歲及以上","國、初中","雲嘉南區","本省閩南人","00","10","08",1,0.916993364,0.000544069640914037,0.000503699513325861,"女性 | 60歲及以上 | 國、初中 | 雲嘉南區 | 本省閩南人 | 00 | 10 | 08"
"女性","60歲及以上","國、初中","雲嘉南區","本省閩南人","01","10","05",1,1.26897906,0.000544069640914037,0.000697043359348355,"女性 | 60歲及以上 | 國、初中 | 雲嘉南區 | 本省閩南人 | 01 | 10 | 05"
"女性","60歲及以上","國、初中","雲嘉南區","本省閩南人","02","09","00",1,0.916993364,0.000544069640914037,0.000503699513325861,"女性 | 60歲及以上 | 國、初中 | 雲嘉南區 | 本省閩南人 | 02 | 09 | 00"
"女性","60歲及以上","國、初中","雲嘉南區","本省閩南人","02","09","03",1,0.916993364,0.000544069640914037,0.000503699513325861,"女性 | 60歲及以上 | 國、初中 | 雲嘉南區 | 本省閩南人 | 02 | 09 | 03"
"女性","60歲及以上","國、初中","雲嘉南區","本省閩南人","03","07","03",1,0.916993364,0.000544069640914037,0.000503699513325861,"女性 | 60歲及以上 | 國、初中 | 雲嘉南區 | 本省閩南人 | 03 | 07 | 03"
"女性","60歲及以上","國、初中","雲嘉南區","本省閩南人","04","07","02",1,0.916993364,0.000544069640914037,0.000503699513325861,"女性 | 60歲及以上 | 國、初中 | 雲嘉南區 | 本省閩南人 | 04 | 07 | 02"
"女性","60歲及以上","國、初中","雲嘉南區","本省閩南人","05","05","05",1,0.916993364,0.000544069640914037,0.000503699513325861,"女性 | 60歲及以上 | 國、初中 | 雲嘉南區 | 本省閩南人 | 05 | 05 | 05"
"女性","60歲及以上","國、初中","雲嘉南區","本省閩南人","05","06","05",1,0.916993364,0.000544069640914037,0.000503699513325861,"女性 | 60歲及以上 | 國、初中 | 雲嘉南區 | 本省閩南人 | 05 | 06 | 05"
"女性","60歲及以上","國、初中","雲嘉南區","本省閩南人","05","06","06",1,1.26897906,0.000544069640914037,0.000697043359348355,"女性 | 60歲及以上 | 國、初中 | 雲嘉南區 | 本省閩南人 | 05 | 06 | 06"
"女性","60歲及以上","國、初中","雲嘉南區","本省閩南人","05","07","04",1,0.916993364,0.000544069640914037,0.000503699513325861,"女性 | 60歲及以上 | 國、初中 | 雲嘉南區 | 本省閩南人 | 05 | 07 | 04"
"女性","60歲及以上","國、初中","雲嘉南區","本省閩南人","09","00","08",1,0.916993364,0.000544069640914037,0.000503699513325861,"女性 | 60歲及以上 | 國、初中 | 雲嘉南區 | 本省閩南人 | 09 | 00 | 08"
"女性","60歲及以上","國、初中","高屏澎湖區","大陸各省市","09","02","07",1,0.949909823,0.000544069640914037,0.000521780346873432,"女性 | 60歲及以上 | 國、初中 | 高屏澎湖區 | 大陸各省市 | 09 | 02 | 07"
"女性","60歲及以上","國、初中","高屏澎湖區","本省閩南人","00","09","00",1,0.949909823,0.000544069640914037,0.000521780346873432,"女性 | 60歲及以上 | 國、初中 | 高屏澎湖區 | 本省閩南人 | 00 | 09 | 00"
"女性","60歲及以上","國、初中","高屏澎湖區","本省閩南人","00","10","00",1,0.949909823,0.000544069640914037,0.000521780346873432,"女性 | 60歲及以上 | 國、初中 | 高屏澎湖區 | 本省閩南人 | 00 | 10 | 00"
"女性","60歲及以上","國、初中","高屏澎湖區","本省閩南人","02","10","03",1,0.949909823,0.000544069640914037,0.000521780346873432,"女性 | 60歲及以上 | 國、初中 | 高屏澎湖區 | 本省閩南人 | 02 | 10 | 03"
"女性","60歲及以上","國、初中","高屏澎湖區","本省閩南人","05","04","05",1,0.949909823,0.000544069640914037,0.000521780346873432,"女性 | 60歲及以上 | 國、初中 | 高屏澎湖區 | 本省閩南人 | 05 | 04 | 05"
"女性","60歲及以上","國、初中","高屏澎湖區","本省閩南人","05","05","03",1,0.949909823,0.000544069640914037,0.000521780346873432,"女性 | 60歲及以上 | 國、初中 | 高屏澎湖區 | 本省閩南人 | 05 | 05 | 03"
"女性","60歲及以上","國、初中","高屏澎湖區","本省閩南人","05","05","05",1,0.949909823,0.000544069640914037,0.000521780346873432,"女性 | 60歲及以上 | 國、初中 | 高屏澎湖區 | 本省閩南人 | 05 | 05 | 05"
"女性","60歲及以上","國、初中","高屏澎湖區","本省閩南人","05","10","02",1,0.887825722,0.000544069640914037,0.000487677884754661,"女性 | 60歲及以上 | 國、初中 | 高屏澎湖區 | 本省閩南人 | 05 | 10 | 02"
"女性","60歲及以上","國、初中","高屏澎湖區","本省閩南人","05","10","04",1,0.949909823,0.000544069640914037,0.000521780346873432,"女性 | 60歲及以上 | 國、初中 | 高屏澎湖區 | 本省閩南人 | 05 | 10 | 04"
"女性","60歲及以上","國、初中","高屏澎湖區","本省閩南人","07","04","03",1,0.949909823,0.000544069640914037,0.000521780346873432,"女性 | 60歲及以上 | 國、初中 | 高屏澎湖區 | 本省閩南人 | 07 | 04 | 03"
"女性","60歲及以上","國、初中","高屏澎湖區","本省閩南人","08","05","07",1,0.949909823,0.000544069640914037,0.000521780346873432,"女性 | 60歲及以上 | 國、初中 | 高屏澎湖區 | 本省閩南人 | 08 | 05 | 07"
"女性","60歲及以上","大學及以上","中彰投區","大陸各省市","07","05","04",1,0.593503317,0.000544069640914037,0.000326008173740922,"女性 | 60歲及以上 | 大學及以上 | 中彰投區 | 大陸各省市 | 07 | 05 | 04"
"女性","60歲及以上","大學及以上","中彰投區","本省閩南人","01","09","03",1,0.593503317,0.000544069640914037,0.000326008173740922,"女性 | 60歲及以上 | 大學及以上 | 中彰投區 | 本省閩南人 | 01 | 09 | 03"
"女性","60歲及以上","大學及以上","中彰投區","本省閩南人","06","00","02",1,0.821318138,0.000544069640914037,0.000451145627261379,"女性 | 60歲及以上 | 大學及以上 | 中彰投區 | 本省閩南人 | 06 | 00 | 02"
"女性","60歲及以上","大學及以上","中彰投區","本省閩南人","08","02","04",1,0.593503317,0.000544069640914037,0.000326008173740922,"女性 | 60歲及以上 | 大學及以上 | 中彰投區 | 本省閩南人 | 08 | 02 | 04"
"女性","60歲及以上","大學及以上","北北基宜蘭區","大陸各省市","05","03","04",1,1.007756757,0.000544069640914037,0.000553555355992465,"女性 | 60歲及以上 | 大學及以上 | 北北基宜蘭區 | 大陸各省市 | 05 | 03 | 04"
"女性","60歲及以上","大學及以上","北北基宜蘭區","大陸各省市","06","00","04",1,1.007756757,0.000544069640914037,0.000553555355992465,"女性 | 60歲及以上 | 大學及以上 | 北北基宜蘭區 | 大陸各省市 | 06 | 00 | 04"
"女性","60歲及以上","大學及以上","北北基宜蘭區","大陸各省市","06","02","03",1,1.007756757,0.000544069640914037,0.000553555355992465,"女性 | 60歲及以上 | 大學及以上 | 北北基宜蘭區 | 大陸各省市 | 06 | 02 | 03"
"女性","60歲及以上","大學及以上","北北基宜蘭區","大陸各省市","06","07","07",1,0.728228138,0.000544069640914037,0.00040001179190736,"女性 | 60歲及以上 | 大學及以上 | 北北基宜蘭區 | 大陸各省市 | 06 | 07 | 07"
"女性","60歲及以上","大學及以上","北北基宜蘭區","大陸各省市","07","00","04",1,0.728228138,0.000544069640914037,0.00040001179190736,"女性 | 60歲及以上 | 大學及以上 | 北北基宜蘭區 | 大陸各省市 | 07 | 00 | 04"
"女性","60歲及以上","大學及以上","北北基宜蘭區","大陸各省市","07","02","04",1,0.728228138,0.000544069640914037,0.00040001179190736,"女性 | 60歲及以上 | 大學及以上 | 北北基宜蘭區 | 大陸各省市 | 07 | 02 | 04"
"女性","60歲及以上","大學及以上","北北基宜蘭區","大陸各省市","08","01","01",1,0.728228138,0.000544069640914037,0.00040001179190736,"女性 | 60歲及以上 | 大學及以上 | 北北基宜蘭區 | 大陸各省市 | 08 | 01 | 01"
"女性","60歲及以上","大學及以上","北北基宜蘭區","本省客家人","06","09","02",1,0.728228138,0.000544069640914037,0.00040001179190736,"女性 | 60歲及以上 | 大學及以上 | 北北基宜蘭區 | 本省客家人 | 06 | 09 | 02"
"女性","60歲及以上","大學及以上","北北基宜蘭區","本省客家人","07","04","03",1,0.728228138,0.000544069640914037,0.00040001179190736,"女性 | 60歲及以上 | 大學及以上 | 北北基宜蘭區 | 本省客家人 | 07 | 04 | 03"
"女性","60歲及以上","大學及以上","北北基宜蘭區","本省閩南人","00","09","00",1,0.728228138,0.000544069640914037,0.00040001179190736,"女性 | 60歲及以上 | 大學及以上 | 北北基宜蘭區 | 本省閩南人 | 00 | 09 | 00"
"女性","60歲及以上","大學及以上","北北基宜蘭區","本省閩南人","01","10","00",1,0.728228138,0.000544069640914037,0.00040001179190736,"女性 | 60歲及以上 | 大學及以上 | 北北基宜蘭區 | 本省閩南人 | 01 | 10 | 00"
"女性","60歲及以上","大學及以上","北北基宜蘭區","本省閩南人","02","09","01",1,1.007756757,0.000544069640914037,0.000553555355992465,"女性 | 60歲及以上 | 大學及以上 | 北北基宜蘭區 | 本省閩南人 | 02 | 09 | 01"
"女性","60歲及以上","大學及以上","北北基宜蘭區","本省閩南人","03","08","00",1,0.728228138,0.000544069640914037,0.00040001179190736,"女性 | 60歲及以上 | 大學及以上 | 北北基宜蘭區 | 本省閩南人 | 03 | 08 | 00"
"女性","60歲及以上","大學及以上","北北基宜蘭區","本省閩南人","05","04","04",1,1.007756757,0.000544069640914037,0.000553555355992465,"女性 | 60歲及以上 | 大學及以上 | 北北基宜蘭區 | 本省閩南人 | 05 | 04 | 04"
"女性","60歲及以上","大學及以上","北北基宜蘭區","本省閩南人","05","05","05",1,1.007756757,0.000544069640914037,0.000553555355992465,"女性 | 60歲及以上 | 大學及以上 | 北北基宜蘭區 | 本省閩南人 | 05 | 05 | 05"
"女性","60歲及以上","大學及以上","北北基宜蘭區","本省閩南人","05","07","07",1,1.007756757,0.000544069640914037,0.000553555355992465,"女性 | 60歲及以上 | 大學及以上 | 北北基宜蘭區 | 本省閩南人 | 05 | 07 | 07"
"女性","60歲及以上","大學及以上","北北基宜蘭區","本省閩南人","06","05","08",1,1.007756757,0.000544069640914037,0.000553555355992465,"女性 | 60歲及以上 | 大學及以上 | 北北基宜蘭區 | 本省閩南人 | 06 | 05 | 08"
"女性","60歲及以上","大學及以上","北北基宜蘭區","本省閩南人","06","06","05",1,0.728228138,0.000544069640914037,0.00040001179190736,"女性 | 60歲及以上 | 大學及以上 | 北北基宜蘭區 | 本省閩南人 | 06 | 06 | 05"
"女性","60歲及以上","大學及以上","北北基宜蘭區","本省閩南人","08","02","05",1,0.728228138,0.000544069640914037,0.00040001179190736,"女性 | 60歲及以上 | 大學及以上 | 北北基宜蘭區 | 本省閩南人 | 08 | 02 | 05"
"女性","60歲及以上","大學及以上","北北基宜蘭區","本省閩南人","09","00","00",1,0.728228138,0.000544069640914037,0.00040001179190736,"女性 | 60歲及以上 | 大學及以上 | 北北基宜蘭區 | 本省閩南人 | 09 | 00 | 00"
"女性","60歲及以上","大學及以上","北北基宜蘭區","本省閩南人","09","00","04",1,0.728228138,0.000544069640914037,0.00040001179190736,"女性 | 60歲及以上 | 大學及以上 | 北北基宜蘭區 | 本省閩南人 | 09 | 00 | 04"
"女性","60歲及以上","大學及以上","北北基宜蘭區","本省閩南人","10","00","03",1,0.728228138,0.000544069640914037,0.00040001179190736,"女性 | 60歲及以上 | 大學及以上 | 北北基宜蘭區 | 本省閩南人 | 10 | 00 | 03"
"女性","60歲及以上","大學及以上","桃竹苗區","大陸各省市","06","02","04",1,0.913029327,0.000544069640914037,0.000501522089163274,"女性 | 60歲及以上 | 大學及以上 | 桃竹苗區 | 大陸各省市 | 06 | 02 | 04"
"女性","60歲及以上","大學及以上","桃竹苗區","本省客家人","05","08","06",1,0.659775925,0.000544069640914037,0.000362411360183649,"女性 | 60歲及以上 | 大學及以上 | 桃竹苗區 | 本省客家人 | 05 | 08 | 06"
"女性","60歲及以上","大學及以上","花東外島區","本省閩南人","04","10","00",1,0.648920462,0.000544069640914037,0.00035644851285597,"女性 | 60歲及以上 | 大學及以上 | 花東外島區 | 本省閩南人 | 04 | 10 | 00"
"女性","60歲及以上","大學及以上","雲嘉南區","本省閩南人","02","07","03",1,0.816241807,0.000544069640914037,0.000448357225998553,"女性 | 60歲及以上 | 大學及以上 | 雲嘉南區 | 本省閩南人 | 02 | 07 | 03"
"女性","60歲及以上","大學及以上","雲嘉南區","本省閩南人","03","10","03",1,0.589835045,0.000544069640914037,0.000323993211699008,"女性 | 60歲及以上 | 大學及以上 | 雲嘉南區 | 本省閩南人 | 03 | 10 | 03"
"女性","60歲及以上","大學及以上","雲嘉南區","本省閩南人","04","05","02",1,0.816241807,0.000544069640914037,0.000448357225998553,"女性 | 60歲及以上 | 大學及以上 | 雲嘉南區 | 本省閩南人 | 04 | 05 | 02"
"女性","60歲及以上","大學及以上","雲嘉南區","本省閩南人","06","09","05",1,0.589835045,0.000544069640914037,0.000323993211699008,"女性 | 60歲及以上 | 大學及以上 | 雲嘉南區 | 本省閩南人 | 06 | 09 | 05"
"女性","60歲及以上","大學及以上","高屏澎湖區","大陸各省市","07","04","08",1,0.611007806,0.000544069640914037,0.000335623295219945,"女性 | 60歲及以上 | 大學及以上 | 高屏澎湖區 | 大陸各省市 | 07 | 04 | 08"
"女性","60歲及以上","大學及以上","高屏澎湖區","本省閩南人","03","08","03",1,0.611007806,0.000544069640914037,0.000335623295219945,"女性 | 60歲及以上 | 大學及以上 | 高屏澎湖區 | 本省閩南人 | 03 | 08 | 03"
"女性","60歲及以上","大學及以上","高屏澎湖區","本省閩南人","03","10","01",1,0.611007806,0.000544069640914037,0.000335623295219945,"女性 | 60歲及以上 | 大學及以上 | 高屏澎湖區 | 本省閩南人 | 03 | 10 | 01"
"女性","60歲及以上","大學及以上","高屏澎湖區","本省閩南人","05","05","04",1,0.611007806,0.000544069640914037,0.000335623295219945,"女性 | 60歲及以上 | 大學及以上 | 高屏澎湖區 | 本省閩南人 | 05 | 05 | 04"
"女性","60歲及以上","大學及以上","高屏澎湖區","本省閩南人","06","02","04",1,0.611007806,0.000544069640914037,0.000335623295219945,"女性 | 60歲及以上 | 大學及以上 | 高屏澎湖區 | 本省閩南人 | 06 | 02 | 04"
"女性","60歲及以上","大學及以上","高屏澎湖區","本省閩南人","08","05","02",1,0.611007806,0.000544069640914037,0.000335623295219945,"女性 | 60歲及以上 | 大學及以上 | 高屏澎湖區 | 本省閩南人 | 08 | 05 | 02"
"女性","60歲及以上","專科","中彰投區","本省客家人","08","02","05",1,0.646293965,0.000544069640914037,0.00035500579220761,"女性 | 60歲及以上 | 專科 | 中彰投區 | 本省客家人 | 08 | 02 | 05"
"女性","60歲及以上","專科","中彰投區","本省閩南人","06","06","02",1,0.735825112,0.000544069640914037,0.000404184768786775,"女性 | 60歲及以上 | 專科 | 中彰投區 | 本省閩南人 | 06 | 06 | 02"
"女性","60歲及以上","專科","中彰投區","本省閩南人","08","02","01",1,0.646293965,0.000544069640914037,0.00035500579220761,"女性 | 60歲及以上 | 專科 | 中彰投區 | 本省閩南人 | 08 | 02 | 01"
"女性","60歲及以上","專科","北北基宜蘭區","大陸各省市","06","03","02",1,0.793002225,0.000544069640914037,0.000435591848840059,"女性 | 60歲及以上 | 專科 | 北北基宜蘭區 | 大陸各省市 | 06 | 03 | 02"
"女性","60歲及以上","專科","北北基宜蘭區","大陸各省市","08","00","05",1,0.793002225,0.000544069640914037,0.000435591848840059,"女性 | 60歲及以上 | 專科 | 北北基宜蘭區 | 大陸各省市 | 08 | 00 | 05"
"女性","60歲及以上","專科","北北基宜蘭區","大陸各省市","08","03","05",1,0.793002225,0.000544069640914037,0.000435591848840059,"女性 | 60歲及以上 | 專科 | 北北基宜蘭區 | 大陸各省市 | 08 | 03 | 05"
"女性","60歲及以上","專科","北北基宜蘭區","本省客家人","03","08","01",1,0.793002225,0.000544069640914037,0.000435591848840059,"女性 | 60歲及以上 | 專科 | 北北基宜蘭區 | 本省客家人 | 03 | 08 | 01"
"女性","60歲及以上","專科","北北基宜蘭區","本省客家人","07","04","02",1,0.793002225,0.000544069640914037,0.000435591848840059,"女性 | 60歲及以上 | 專科 | 北北基宜蘭區 | 本省客家人 | 07 | 04 | 02"
"女性","60歲及以上","專科","北北基宜蘭區","本省閩南人","03","06","06",1,0.793002225,0.000544069640914037,0.000435591848840059,"女性 | 60歲及以上 | 專科 | 北北基宜蘭區 | 本省閩南人 | 03 | 06 | 06"
"女性","60歲及以上","專科","北北基宜蘭區","本省閩南人","03","10","01",1,0.728228138,0.000544069640914037,0.00040001179190736,"女性 | 60歲及以上 | 專科 | 北北基宜蘭區 | 本省閩南人 | 03 | 10 | 01"
"女性","60歲及以上","專科","北北基宜蘭區","本省閩南人","04","04","08",1,0.793002225,0.000544069640914037,0.000435591848840059,"女性 | 60歲及以上 | 專科 | 北北基宜蘭區 | 本省閩南人 | 04 | 04 | 08"
"女性","60歲及以上","專科","北北基宜蘭區","本省閩南人","04","07","04",1,1.09739422,0.000544069640914037,0.000602792731377512,"女性 | 60歲及以上 | 專科 | 北北基宜蘭區 | 本省閩南人 | 04 | 07 | 04"
"女性","60歲及以上","專科","北北基宜蘭區","本省閩南人","05","03","03",1,0.793002225,0.000544069640914037,0.000435591848840059,"女性 | 60歲及以上 | 專科 | 北北基宜蘭區 | 本省閩南人 | 05 | 03 | 03"
"女性","60歲及以上","專科","北北基宜蘭區","本省閩南人","05","05","05",1,0.793002225,0.000544069640914037,0.000435591848840059,"女性 | 60歲及以上 | 專科 | 北北基宜蘭區 | 本省閩南人 | 05 | 05 | 05"
"女性","60歲及以上","專科","北北基宜蘭區","本省閩南人","05","05","09",1,0.793002225,0.000544069640914037,0.000435591848840059,"女性 | 60歲及以上 | 專科 | 北北基宜蘭區 | 本省閩南人 | 05 | 05 | 09"
"女性","60歲及以上","專科","北北基宜蘭區","本省閩南人","05","08","04",1,0.793002225,0.000544069640914037,0.000435591848840059,"女性 | 60歲及以上 | 專科 | 北北基宜蘭區 | 本省閩南人 | 05 | 08 | 04"
"女性","60歲及以上","專科","北北基宜蘭區","本省閩南人","05","08","06",1,0.793002225,0.000544069640914037,0.000435591848840059,"女性 | 60歲及以上 | 專科 | 北北基宜蘭區 | 本省閩南人 | 05 | 08 | 06"
"女性","60歲及以上","專科","北北基宜蘭區","本省閩南人","05","09","08",1,0.902856876,0.000544069640914037,0.000495934416646561,"女性 | 60歲及以上 | 專科 | 北北基宜蘭區 | 本省閩南人 | 05 | 09 | 08"
"女性","60歲及以上","專科","北北基宜蘭區","本省閩南人","05","10","03",1,0.793002225,0.000544069640914037,0.000435591848840059,"女性 | 60歲及以上 | 專科 | 北北基宜蘭區 | 本省閩南人 | 05 | 10 | 03"
"女性","60歲及以上","專科","北北基宜蘭區","本省閩南人","06","05","02",1,0.793002225,0.000544069640914037,0.000435591848840059,"女性 | 60歲及以上 | 專科 | 北北基宜蘭區 | 本省閩南人 | 06 | 05 | 02"
"女性","60歲及以上","專科","北北基宜蘭區","本省閩南人","06","08","04",1,1.09739422,0.000544069640914037,0.000602792731377512,"女性 | 60歲及以上 | 專科 | 北北基宜蘭區 | 本省閩南人 | 06 | 08 | 04"
"女性","60歲及以上","專科","北北基宜蘭區","本省閩南人","07","05","08",1,0.793002225,0.000544069640914037,0.000435591848840059,"女性 | 60歲及以上 | 專科 | 北北基宜蘭區 | 本省閩南人 | 07 | 05 | 08"
"女性","60歲及以上","專科","北北基宜蘭區","本省閩南人","08","10","05",1,0.793002225,0.000544069640914037,0.000435591848840059,"女性 | 60歲及以上 | 專科 | 北北基宜蘭區 | 本省閩南人 | 08 | 10 | 05"
"女性","60歲及以上","專科","北北基宜蘭區","本省閩南人","10","00","03",1,0.793002225,0.000544069640914037,0.000435591848840059,"女性 | 60歲及以上 | 專科 | 北北基宜蘭區 | 本省閩南人 | 10 | 00 | 03"
"女性","60歲及以上","專科","桃竹苗區","本省閩南人","06","10","08",1,0.99424102,0.000544069640914037,0.000546131234492344,"女性 | 60歲及以上 | 專科 | 桃竹苗區 | 本省閩南人 | 06 | 10 | 08"
"女性","60歲及以上","專科","雲嘉南區","本省閩南人","02","09","02",1,0.589835045,0.000544069640914037,0.000323993211699008,"女性 | 60歲及以上 | 專科 | 雲嘉南區 | 本省閩南人 | 02 | 09 | 02"
"女性","60歲及以上","專科","雲嘉南區","本省閩南人","05","05","05",1,0.888844491,0.000544069640914037,0.000488237489076391,"女性 | 60歲及以上 | 專科 | 雲嘉南區 | 本省閩南人 | 05 | 05 | 05"
"女性","60歲及以上","專科","雲嘉南區","本省閩南人","06","01","05",1,0.642299409,0.000544069640914037,0.000352811604122784,"女性 | 60歲及以上 | 專科 | 雲嘉南區 | 本省閩南人 | 06 | 01 | 05"
"女性","60歲及以上","專科","高屏澎湖區","大陸各省市","10","00","05",1,0.920750517,0.000544069640914037,0.000505763297222111,"女性 | 60歲及以上 | 專科 | 高屏澎湖區 | 大陸各省市 | 10 | 00 | 05"
"女性","60歲及以上","專科","高屏澎湖區","本省閩南人","05","05","05",1,0.611007806,0.000544069640914037,0.000335623295219945,"女性 | 60歲及以上 | 專科 | 高屏澎湖區 | 本省閩南人 | 05 | 05 | 05"
"女性","60歲及以上","專科","高屏澎湖區","本省閩南人","09","05","07",1,0.665355434,0.000544069640914037,0.000365476154410336,"女性 | 60歲及以上 | 專科 | 高屏澎湖區 | 本省閩南人 | 09 | 05 | 07"
"女性","60歲及以上","小學及以下","中彰投區","原住民","10","00","10",1,0.862390802,0.000544069640914037,0.000473706620263066,"女性 | 60歲及以上 | 小學及以下 | 中彰投區 | 原住民 | 10 | 00 | 10"
"女性","60歲及以上","小學及以下","中彰投區","大陸各省市","10","00","00",1,0.862390802,0.000544069640914037,0.000473706620263066,"女性 | 60歲及以上 | 小學及以下 | 中彰投區 | 大陸各省市 | 10 | 00 | 00"
"女性","60歲及以上","小學及以下","中彰投區","大陸各省市","10","03","00",1,0.922696283,0.000544069640914037,0.000506832096000513,"女性 | 60歲及以上 | 小學及以下 | 中彰投區 | 大陸各省市 | 10 | 03 | 00"
"女性","60歲及以上","小學及以下","中彰投區","本省閩南人","00","07","00",1,0.862390802,0.000544069640914037,0.000473706620263066,"女性 | 60歲及以上 | 小學及以下 | 中彰投區 | 本省閩南人 | 00 | 07 | 00"
"女性","60歲及以上","小學及以下","中彰投區","本省閩南人","00","10","05",1,0.862390802,0.000544069640914037,0.000473706620263066,"女性 | 60歲及以上 | 小學及以下 | 中彰投區 | 本省閩南人 | 00 | 10 | 05"
"女性","60歲及以上","小學及以下","中彰投區","本省閩南人","01","03","01",1,0.862390802,0.000544069640914037,0.000473706620263066,"女性 | 60歲及以上 | 小學及以下 | 中彰投區 | 本省閩南人 | 01 | 03 | 01"
"女性","60歲及以上","小學及以下","中彰投區","本省閩南人","02","06","02",1,0.862390802,0.000544069640914037,0.000473706620263066,"女性 | 60歲及以上 | 小學及以下 | 中彰投區 | 本省閩南人 | 02 | 06 | 02"
"女性","60歲及以上","小學及以下","中彰投區","本省閩南人","02","10","01",1,0.862390802,0.000544069640914037,0.000473706620263066,"女性 | 60歲及以上 | 小學及以下 | 中彰投區 | 本省閩南人 | 02 | 10 | 01"
"女性","60歲及以上","小學及以下","中彰投區","本省閩南人","03","05","00",1,0.862390802,0.000544069640914037,0.000473706620263066,"女性 | 60歲及以上 | 小學及以下 | 中彰投區 | 本省閩南人 | 03 | 05 | 00"
"女性","60歲及以上","小學及以下","中彰投區","本省閩南人","03","08","02",1,0.862390802,0.000544069640914037,0.000473706620263066,"女性 | 60歲及以上 | 小學及以下 | 中彰投區 | 本省閩南人 | 03 | 08 | 02"
"女性","60歲及以上","小學及以下","中彰投區","本省閩南人","03","08","08",1,0.862390802,0.000544069640914037,0.000473706620263066,"女性 | 60歲及以上 | 小學及以下 | 中彰投區 | 本省閩南人 | 03 | 08 | 08"
"女性","60歲及以上","小學及以下","中彰投區","本省閩南人","04","08","06",1,0.862390802,0.000544069640914037,0.000473706620263066,"女性 | 60歲及以上 | 小學及以下 | 中彰投區 | 本省閩南人 | 04 | 08 | 06"
"女性","60歲及以上","小學及以下","中彰投區","本省閩南人","05","08","05",1,0.862390802,0.000544069640914037,0.000473706620263066,"女性 | 60歲及以上 | 小學及以下 | 中彰投區 | 本省閩南人 | 05 | 08 | 05"
"女性","60歲及以上","小學及以下","中彰投區","本省閩南人","05","10","05",1,0.862390802,0.000544069640914037,0.000473706620263066,"女性 | 60歲及以上 | 小學及以下 | 中彰投區 | 本省閩南人 | 05 | 10 | 05"
"女性","60歲及以上","小學及以下","中彰投區","本省閩南人","06","06","07",1,0.862390802,0.000544069640914037,0.000473706620263066,"女性 | 60歲及以上 | 小學及以下 | 中彰投區 | 本省閩南人 | 06 | 06 | 07"
"女性","60歲及以上","小學及以下","中彰投區","本省閩南人","06","08","04",1,0.862390802,0.000544069640914037,0.000473706620263066,"女性 | 60歲及以上 | 小學及以下 | 中彰投區 | 本省閩南人 | 06 | 08 | 04"
"女性","60歲及以上","小學及以下","中彰投區","本省閩南人","06","09","05",1,0.862390802,0.000544069640914037,0.000473706620263066,"女性 | 60歲及以上 | 小學及以下 | 中彰投區 | 本省閩南人 | 06 | 09 | 05"
"女性","60歲及以上","小學及以下","中彰投區","本省閩南人","08","05","03",1,0.862390802,0.000544069640914037,0.000473706620263066,"女性 | 60歲及以上 | 小學及以下 | 中彰投區 | 本省閩南人 | 08 | 05 | 03"
"女性","60歲及以上","小學及以下","中彰投區","本省閩南人","08","05","05",1,0.862390802,0.000544069640914037,0.000473706620263066,"女性 | 60歲及以上 | 小學及以下 | 中彰投區 | 本省閩南人 | 08 | 05 | 05"
"女性","60歲及以上","小學及以下","北北基宜蘭區","大陸各省市","01","01","00",1,1.058152885,0.000544069640914037,0.000581237677526809,"女性 | 60歲及以上 | 小學及以下 | 北北基宜蘭區 | 大陸各省市 | 01 | 01 | 00"
"女性","60歲及以上","小學及以下","北北基宜蘭區","本省客家人","00","03","05",1,1.058152885,0.000544069640914037,0.000581237677526809,"女性 | 60歲及以上 | 小學及以下 | 北北基宜蘭區 | 本省客家人 | 00 | 03 | 05"
"女性","60歲及以上","小學及以下","北北基宜蘭區","本省客家人","05","10","02",1,1.058152885,0.000544069640914037,0.000581237677526809,"女性 | 60歲及以上 | 小學及以下 | 北北基宜蘭區 | 本省客家人 | 05 | 10 | 02"
"女性","60歲及以上","小學及以下","北北基宜蘭區","本省客家人","08","01","00",1,1.058152885,0.000544069640914037,0.000581237677526809,"女性 | 60歲及以上 | 小學及以下 | 北北基宜蘭區 | 本省客家人 | 08 | 01 | 00"
"女性","60歲及以上","小學及以下","北北基宜蘭區","本省客家人","10","02","00",1,1.058152885,0.000544069640914037,0.000581237677526809,"女性 | 60歲及以上 | 小學及以下 | 北北基宜蘭區 | 本省客家人 | 10 | 02 | 00"
"女性","60歲及以上","小學及以下","北北基宜蘭區","本省閩南人","00","05","00",1,1.058152885,0.000544069640914037,0.000581237677526809,"女性 | 60歲及以上 | 小學及以下 | 北北基宜蘭區 | 本省閩南人 | 00 | 05 | 00"
"女性","60歲及以上","小學及以下","北北基宜蘭區","本省閩南人","02","05","02",1,1.058152885,0.000544069640914037,0.000581237677526809,"女性 | 60歲及以上 | 小學及以下 | 北北基宜蘭區 | 本省閩南人 | 02 | 05 | 02"
"女性","60歲及以上","小學及以下","北北基宜蘭區","本省閩南人","02","09","02",1,1.058152885,0.000544069640914037,0.000581237677526809,"女性 | 60歲及以上 | 小學及以下 | 北北基宜蘭區 | 本省閩南人 | 02 | 09 | 02"
"女性","60歲及以上","小學及以下","北北基宜蘭區","本省閩南人","02","10","01",1,1.058152885,0.000544069640914037,0.000581237677526809,"女性 | 60歲及以上 | 小學及以下 | 北北基宜蘭區 | 本省閩南人 | 02 | 10 | 01"
"女性","60歲及以上","小學及以下","北北基宜蘭區","本省閩南人","03","05","05",1,1.058152885,0.000544069640914037,0.000581237677526809,"女性 | 60歲及以上 | 小學及以下 | 北北基宜蘭區 | 本省閩南人 | 03 | 05 | 05"
"女性","60歲及以上","小學及以下","北北基宜蘭區","本省閩南人","04","08","03",1,1.058152885,0.000544069640914037,0.000581237677526809,"女性 | 60歲及以上 | 小學及以下 | 北北基宜蘭區 | 本省閩南人 | 04 | 08 | 03"
"女性","60歲及以上","小學及以下","北北基宜蘭區","本省閩南人","05","04","04",1,1.058152885,0.000544069640914037,0.000581237677526809,"女性 | 60歲及以上 | 小學及以下 | 北北基宜蘭區 | 本省閩南人 | 05 | 04 | 04"
"女性","60歲及以上","小學及以下","北北基宜蘭區","本省閩南人","05","05","03",1,1.058152885,0.000544069640914037,0.000581237677526809,"女性 | 60歲及以上 | 小學及以下 | 北北基宜蘭區 | 本省閩南人 | 05 | 05 | 03"
"女性","60歲及以上","小學及以下","北北基宜蘭區","本省閩南人","05","05","04",1,1.058152885,0.000544069640914037,0.000581237677526809,"女性 | 60歲及以上 | 小學及以下 | 北北基宜蘭區 | 本省閩南人 | 05 | 05 | 04"
"女性","60歲及以上","小學及以下","北北基宜蘭區","本省閩南人","05","07","00",1,1.058152885,0.000544069640914037,0.000581237677526809,"女性 | 60歲及以上 | 小學及以下 | 北北基宜蘭區 | 本省閩南人 | 05 | 07 | 00"
"女性","60歲及以上","小學及以下","北北基宜蘭區","本省閩南人","05","08","00",1,1.058152885,0.000544069640914037,0.000581237677526809,"女性 | 60歲及以上 | 小學及以下 | 北北基宜蘭區 | 本省閩南人 | 05 | 08 | 00"
"女性","60歲及以上","小學及以下","北北基宜蘭區","本省閩南人","06","09","03",1,1.058152885,0.000544069640914037,0.000581237677526809,"女性 | 60歲及以上 | 小學及以下 | 北北基宜蘭區 | 本省閩南人 | 06 | 09 | 03"
"女性","60歲及以上","小學及以下","北北基宜蘭區","本省閩南人","09","01","00",1,1.058152885,0.000544069640914037,0.000581237677526809,"女性 | 60歲及以上 | 小學及以下 | 北北基宜蘭區 | 本省閩南人 | 09 | 01 | 00"
"女性","60歲及以上","小學及以下","北北基宜蘭區","本省閩南人","09","02","05",1,1.058152885,0.000544069640914037,0.000581237677526809,"女性 | 60歲及以上 | 小學及以下 | 北北基宜蘭區 | 本省閩南人 | 09 | 02 | 05"
"女性","60歲及以上","小學及以下","桃竹苗區","大陸各省市","05","06","02",1,0.958688304,0.000544069640914037,0.000526602319181009,"女性 | 60歲及以上 | 小學及以下 | 桃竹苗區 | 大陸各省市 | 05 | 06 | 02"
"女性","60歲及以上","小學及以下","桃竹苗區","大陸各省市","06","00","00",1,0.958688304,0.000544069640914037,0.000526602319181009,"女性 | 60歲及以上 | 小學及以下 | 桃竹苗區 | 大陸各省市 | 06 | 00 | 00"
"女性","60歲及以上","小學及以下","桃竹苗區","大陸各省市","09","03","05",1,0.958688304,0.000544069640914037,0.000526602319181009,"女性 | 60歲及以上 | 小學及以下 | 桃竹苗區 | 大陸各省市 | 09 | 03 | 05"
"女性","60歲及以上","小學及以下","桃竹苗區","大陸各省市","10","03","05",1,0.958688304,0.000544069640914037,0.000526602319181009,"女性 | 60歲及以上 | 小學及以下 | 桃竹苗區 | 大陸各省市 | 10 | 03 | 05"
"女性","60歲及以上","小學及以下","桃竹苗區","本省客家人","04","07","05",1,0.958688304,0.000544069640914037,0.000526602319181009,"女性 | 60歲及以上 | 小學及以下 | 桃竹苗區 | 本省客家人 | 04 | 07 | 05"
"女性","60歲及以上","小學及以下","桃竹苗區","本省客家人","04","09","03",1,0.958688304,0.000544069640914037,0.000526602319181009,"女性 | 60歲及以上 | 小學及以下 | 桃竹苗區 | 本省客家人 | 04 | 09 | 03"
"女性","60歲及以上","小學及以下","桃竹苗區","本省客家人","04","09","05",1,0.958688304,0.000544069640914037,0.000526602319181009,"女性 | 60歲及以上 | 小學及以下 | 桃竹苗區 | 本省客家人 | 04 | 09 | 05"
"女性","60歲及以上","小學及以下","桃竹苗區","本省客家人","05","04","05",1,0.958688304,0.000544069640914037,0.000526602319181009,"女性 | 60歲及以上 | 小學及以下 | 桃竹苗區 | 本省客家人 | 05 | 04 | 05"
"女性","60歲及以上","小學及以下","桃竹苗區","本省客家人","07","00","00",1,1.326678503,0.000544069640914037,0.000728737352455892,"女性 | 60歲及以上 | 小學及以下 | 桃竹苗區 | 本省客家人 | 07 | 00 | 00"
"女性","60歲及以上","小學及以下","桃竹苗區","本省客家人","07","03","00",1,0.958688304,0.000544069640914037,0.000526602319181009,"女性 | 60歲及以上 | 小學及以下 | 桃竹苗區 | 本省客家人 | 07 | 03 | 00"
"女性","60歲及以上","小學及以下","桃竹苗區","本省客家人","09","02","03",1,0.958688304,0.000544069640914037,0.000526602319181009,"女性 | 60歲及以上 | 小學及以下 | 桃竹苗區 | 本省客家人 | 09 | 02 | 03"
"女性","60歲及以上","小學及以下","桃竹苗區","本省客家人","10","00","00",1,0.958688304,0.000544069640914037,0.000526602319181009,"女性 | 60歲及以上 | 小學及以下 | 桃竹苗區 | 本省客家人 | 10 | 00 | 00"
"女性","60歲及以上","小學及以下","桃竹苗區","本省客家人","10","03","03",1,1.025727702,0.000544069640914037,0.000563426699238637,"女性 | 60歲及以上 | 小學及以下 | 桃竹苗區 | 本省客家人 | 10 | 03 | 03"
"女性","60歲及以上","小學及以下","桃竹苗區","本省閩南人","05","05","00",1,0.958688304,0.000544069640914037,0.000526602319181009,"女性 | 60歲及以上 | 小學及以下 | 桃竹苗區 | 本省閩南人 | 05 | 05 | 00"
"女性","60歲及以上","小學及以下","花東外島區","本省客家人","08","05","05",1,0.681371823,0.000544069640914037,0.000374273870578473,"女性 | 60歲及以上 | 小學及以下 | 花東外島區 | 本省客家人 | 08 | 05 | 05"
"女性","60歲及以上","小學及以下","花東外島區","本省客家人","10","00","00",1,0.681371823,0.000544069640914037,0.000374273870578473,"女性 | 60歲及以上 | 小學及以下 | 花東外島區 | 本省客家人 | 10 | 00 | 00"
"女性","60歲及以上","小學及以下","花東外島區","本省閩南人","03","08","03",1,0.681371823,0.000544069640914037,0.000374273870578473,"女性 | 60歲及以上 | 小學及以下 | 花東外島區 | 本省閩南人 | 03 | 08 | 03"
"女性","60歲及以上","小學及以下","花東外島區","本省閩南人","03","08","04",1,0.681371823,0.000544069640914037,0.000374273870578473,"女性 | 60歲及以上 | 小學及以下 | 花東外島區 | 本省閩南人 | 03 | 08 | 04"
"女性","60歲及以上","小學及以下","花東外島區","本省閩南人","08","07","06",1,0.681371823,0.000544069640914037,0.000374273870578473,"女性 | 60歲及以上 | 小學及以下 | 花東外島區 | 本省閩南人 | 08 | 07 | 06"
"女性","60歲及以上","小學及以下","雲嘉南區","本省客家人","04","07","02",1,0.857060613,0.000544069640914037,0.000470778776168836,"女性 | 60歲及以上 | 小學及以下 | 雲嘉南區 | 本省客家人 | 04 | 07 | 02"
"女性","60歲及以上","小學及以下","雲嘉南區","本省閩南人","00","10","00",1,0.857060613,0.000544069640914037,0.000470778776168836,"女性 | 60歲及以上 | 小學及以下 | 雲嘉南區 | 本省閩南人 | 00 | 10 | 00"
"女性","60歲及以上","小學及以下","雲嘉南區","本省閩南人","00","10","01",1,0.857060613,0.000544069640914037,0.000470778776168836,"女性 | 60歲及以上 | 小學及以下 | 雲嘉南區 | 本省閩南人 | 00 | 10 | 01"
"女性","60歲及以上","小學及以下","雲嘉南區","本省閩南人","00","10","05",1,0.857060613,0.000544069640914037,0.000470778776168836,"女性 | 60歲及以上 | 小學及以下 | 雲嘉南區 | 本省閩南人 | 00 | 10 | 05"
"女性","60歲及以上","小學及以下","雲嘉南區","本省閩南人","00","10","08",1,0.857060613,0.000544069640914037,0.000470778776168836,"女性 | 60歲及以上 | 小學及以下 | 雲嘉南區 | 本省閩南人 | 00 | 10 | 08"
"女性","60歲及以上","小學及以下","雲嘉南區","本省閩南人","02","09","00",1,1.186041267,0.000544069640914037,0.00065148607659094,"女性 | 60歲及以上 | 小學及以下 | 雲嘉南區 | 本省閩南人 | 02 | 09 | 00"
"女性","60歲及以上","小學及以下","雲嘉南區","本省閩南人","02","10","03",1,0.857060613,0.000544069640914037,0.000470778776168836,"女性 | 60歲及以上 | 小學及以下 | 雲嘉南區 | 本省閩南人 | 02 | 10 | 03"
"女性","60歲及以上","小學及以下","雲嘉南區","本省閩南人","03","09","02",1,0.857060613,0.000544069640914037,0.000470778776168836,"女性 | 60歲及以上 | 小學及以下 | 雲嘉南區 | 本省閩南人 | 03 | 09 | 02"
"女性","60歲及以上","小學及以下","雲嘉南區","本省閩南人","04","09","05",1,0.857060613,0.000544069640914037,0.000470778776168836,"女性 | 60歲及以上 | 小學及以下 | 雲嘉南區 | 本省閩南人 | 04 | 09 | 05"
"女性","60歲及以上","小學及以下","雲嘉南區","本省閩南人","05","05","03",1,0.857060613,0.000544069640914037,0.000470778776168836,"女性 | 60歲及以上 | 小學及以下 | 雲嘉南區 | 本省閩南人 | 05 | 05 | 03"
"女性","60歲及以上","小學及以下","雲嘉南區","本省閩南人","05","05","05",1,0.857060613,0.000544069640914037,0.000470778776168836,"女性 | 60歲及以上 | 小學及以下 | 雲嘉南區 | 本省閩南人 | 05 | 05 | 05"
"女性","60歲及以上","小學及以下","雲嘉南區","本省閩南人","05","09","02",1,0.857060613,0.000544069640914037,0.000470778776168836,"女性 | 60歲及以上 | 小學及以下 | 雲嘉南區 | 本省閩南人 | 05 | 09 | 02"
"女性","60歲及以上","小學及以下","雲嘉南區","本省閩南人","06","07","04",1,0.857060613,0.000544069640914037,0.000470778776168836,"女性 | 60歲及以上 | 小學及以下 | 雲嘉南區 | 本省閩南人 | 06 | 07 | 04"
"女性","60歲及以上","小學及以下","雲嘉南區","本省閩南人","06","07","05",1,1.186041267,0.000544069640914037,0.00065148607659094,"女性 | 60歲及以上 | 小學及以下 | 雲嘉南區 | 本省閩南人 | 06 | 07 | 05"
"女性","60歲及以上","小學及以下","雲嘉南區","本省閩南人","08","03","02",1,0.857060613,0.000544069640914037,0.000470778776168836,"女性 | 60歲及以上 | 小學及以下 | 雲嘉南區 | 本省閩南人 | 08 | 03 | 02"
"女性","60歲及以上","小學及以下","雲嘉南區","本省閩南人","08","05","04",1,0.857060613,0.000544069640914037,0.000470778776168836,"女性 | 60歲及以上 | 小學及以下 | 雲嘉南區 | 本省閩南人 | 08 | 05 | 04"
"女性","60歲及以上","小學及以下","雲嘉南區","本省閩南人","10","10","00",1,0.857060613,0.000544069640914037,0.000470778776168836,"女性 | 60歲及以上 | 小學及以下 | 雲嘉南區 | 本省閩南人 | 10 | 10 | 00"
"女性","60歲及以上","小學及以下","雲嘉南區","本省閩南人","10","10","10",1,0.857060613,0.000544069640914037,0.000470778776168836,"女性 | 60歲及以上 | 小學及以下 | 雲嘉南區 | 本省閩南人 | 10 | 10 | 10"
"女性","60歲及以上","小學及以下","高屏澎湖區","本省客家人","04","05","00",1,0.887825722,0.000544069640914037,0.000487677884754661,"女性 | 60歲及以上 | 小學及以下 | 高屏澎湖區 | 本省客家人 | 04 | 05 | 00"
"女性","60歲及以上","小學及以下","高屏澎湖區","本省閩南人","00","10","02",1,0.887825722,0.000544069640914037,0.000487677884754661,"女性 | 60歲及以上 | 小學及以下 | 高屏澎湖區 | 本省閩南人 | 00 | 10 | 02"
"女性","60歲及以上","小學及以下","高屏澎湖區","本省閩南人","01","09","02",1,0.887825722,0.000544069640914037,0.000487677884754661,"女性 | 60歲及以上 | 小學及以下 | 高屏澎湖區 | 本省閩南人 | 01 | 09 | 02"
"女性","60歲及以上","小學及以下","高屏澎湖區","本省閩南人","01","10","01",1,0.887825722,0.000544069640914037,0.000487677884754661,"女性 | 60歲及以上 | 小學及以下 | 高屏澎湖區 | 本省閩南人 | 01 | 10 | 01"
"女性","60歲及以上","小學及以下","高屏澎湖區","本省閩南人","01","10","04",1,0.887825722,0.000544069640914037,0.000487677884754661,"女性 | 60歲及以上 | 小學及以下 | 高屏澎湖區 | 本省閩南人 | 01 | 10 | 04"
"女性","60歲及以上","小學及以下","高屏澎湖區","本省閩南人","02","01","00",1,0.887825722,0.000544069640914037,0.000487677884754661,"女性 | 60歲及以上 | 小學及以下 | 高屏澎湖區 | 本省閩南人 | 02 | 01 | 00"
"女性","60歲及以上","小學及以下","高屏澎湖區","本省閩南人","02","06","00",1,0.887825722,0.000544069640914037,0.000487677884754661,"女性 | 60歲及以上 | 小學及以下 | 高屏澎湖區 | 本省閩南人 | 02 | 06 | 00"
"女性","60歲及以上","小學及以下","高屏澎湖區","本省閩南人","02","08","02",1,0.887825722,0.000544069640914037,0.000487677884754661,"女性 | 60歲及以上 | 小學及以下 | 高屏澎湖區 | 本省閩南人 | 02 | 08 | 02"
"女性","60歲及以上","小學及以下","高屏澎湖區","本省閩南人","04","07","03",1,0.887825722,0.000544069640914037,0.000487677884754661,"女性 | 60歲及以上 | 小學及以下 | 高屏澎湖區 | 本省閩南人 | 04 | 07 | 03"
"女性","60歲及以上","小學及以下","高屏澎湖區","本省閩南人","06","08","06",1,0.887825722,0.000544069640914037,0.000487677884754661,"女性 | 60歲及以上 | 小學及以下 | 高屏澎湖區 | 本省閩南人 | 06 | 08 | 06"
"女性","60歲及以上","小學及以下","高屏澎湖區","本省閩南人","06","08","07",1,0.887825722,0.000544069640914037,0.000487677884754661,"女性 | 60歲及以上 | 小學及以下 | 高屏澎湖區 | 本省閩南人 | 06 | 08 | 07"
"女性","60歲及以上","小學及以下","高屏澎湖區","本省閩南人","07","07","05",1,0.949909823,0.000544069640914037,0.000521780346873432,"女性 | 60歲及以上 | 小學及以下 | 高屏澎湖區 | 本省閩南人 | 07 | 07 | 05"
"女性","60歲及以上","小學及以下","高屏澎湖區","本省閩南人","07","07","07",1,0.887825722,0.000544069640914037,0.000487677884754661,"女性 | 60歲及以上 | 小學及以下 | 高屏澎湖區 | 本省閩南人 | 07 | 07 | 07"
"女性","60歲及以上","高中、職","中彰投區","大陸各省市","07","05","03",1,1.018269811,0.000544069640914037,0.000559330119901627,"女性 | 60歲及以上 | 高中、職 | 中彰投區 | 大陸各省市 | 07 | 05 | 03"
"女性","60歲及以上","高中、職","中彰投區","大陸各省市","08","05","00",1,0.735825112,0.000544069640914037,0.000404184768786775,"女性 | 60歲及以上 | 高中、職 | 中彰投區 | 大陸各省市 | 08 | 05 | 00"
"女性","60歲及以上","高中、職","中彰投區","本省客家人","10","00","05",1,0.735825112,0.000544069640914037,0.000404184768786775,"女性 | 60歲及以上 | 高中、職 | 中彰投區 | 本省客家人 | 10 | 00 | 05"
"女性","60歲及以上","高中、職","中彰投區","本省閩南人","02","10","00",1,0.735825112,0.000544069640914037,0.000404184768786775,"女性 | 60歲及以上 | 高中、職 | 中彰投區 | 本省閩南人 | 02 | 10 | 00"
"女性","60歲及以上","高中、職","中彰投區","本省閩南人","03","06","02",1,1.018269811,0.000544069640914037,0.000559330119901627,"女性 | 60歲及以上 | 高中、職 | 中彰投區 | 本省閩南人 | 03 | 06 | 02"
"女性","60歲及以上","高中、職","中彰投區","本省閩南人","04","07","04",1,1.018269811,0.000544069640914037,0.000559330119901627,"女性 | 60歲及以上 | 高中、職 | 中彰投區 | 本省閩南人 | 04 | 07 | 04"
"女性","60歲及以上","高中、職","中彰投區","本省閩南人","05","05","02",1,1.018269811,0.000544069640914037,0.000559330119901627,"女性 | 60歲及以上 | 高中、職 | 中彰投區 | 本省閩南人 | 05 | 05 | 02"
"女性","60歲及以上","高中、職","中彰投區","本省閩南人","05","05","06",1,1.018269811,0.000544069640914037,0.000559330119901627,"女性 | 60歲及以上 | 高中、職 | 中彰投區 | 本省閩南人 | 05 | 05 | 06"
"女性","60歲及以上","高中、職","中彰投區","本省閩南人","05","09","07",1,0.735825112,0.000544069640914037,0.000404184768786775,"女性 | 60歲及以上 | 高中、職 | 中彰投區 | 本省閩南人 | 05 | 09 | 07"
"女性","60歲及以上","高中、職","中彰投區","本省閩南人","06","09","04",1,0.735825112,0.000544069640914037,0.000404184768786775,"女性 | 60歲及以上 | 高中、職 | 中彰投區 | 本省閩南人 | 06 | 09 | 04"
"女性","60歲及以上","高中、職","中彰投區","本省閩南人","07","01","01",1,0.735825112,0.000544069640914037,0.000404184768786775,"女性 | 60歲及以上 | 高中、職 | 中彰投區 | 本省閩南人 | 07 | 01 | 01"
"女性","60歲及以上","高中、職","中彰投區","本省閩南人","07","02","03",1,1.018269811,0.000544069640914037,0.000559330119901627,"女性 | 60歲及以上 | 高中、職 | 中彰投區 | 本省閩南人 | 07 | 02 | 03"
"女性","60歲及以上","高中、職","中彰投區","本省閩南人","10","02","03",1,0.735825112,0.000544069640914037,0.000404184768786775,"女性 | 60歲及以上 | 高中、職 | 中彰投區 | 本省閩南人 | 10 | 02 | 03"
"女性","60歲及以上","高中、職","北北基宜蘭區","大陸各省市","05","00","00",1,0.902856876,0.000544069640914037,0.000495934416646561,"女性 | 60歲及以上 | 高中、職 | 北北基宜蘭區 | 大陸各省市 | 05 | 00 | 00"
"女性","60歲及以上","高中、職","北北基宜蘭區","大陸各省市","05","03","02",1,0.902856876,0.000544069640914037,0.000495934416646561,"女性 | 60歲及以上 | 高中、職 | 北北基宜蘭區 | 大陸各省市 | 05 | 03 | 02"
"女性","60歲及以上","高中、職","北北基宜蘭區","大陸各省市","05","05","05",1,1.249416316,0.000544069640914037,0.000686297649489414,"女性 | 60歲及以上 | 高中、職 | 北北基宜蘭區 | 大陸各省市 | 05 | 05 | 05"
"女性","60歲及以上","高中、職","北北基宜蘭區","大陸各省市","07","03","07",1,0.902856876,0.000544069640914037,0.000495934416646561,"女性 | 60歲及以上 | 高中、職 | 北北基宜蘭區 | 大陸各省市 | 07 | 03 | 07"
"女性","60歲及以上","高中、職","北北基宜蘭區","大陸各省市","08","00","03",1,0.902856876,0.000544069640914037,0.000495934416646561,"女性 | 60歲及以上 | 高中、職 | 北北基宜蘭區 | 大陸各省市 | 08 | 00 | 03"
"女性","60歲及以上","高中、職","北北基宜蘭區","大陸各省市","08","00","05",1,0.902856876,0.000544069640914037,0.000495934416646561,"女性 | 60歲及以上 | 高中、職 | 北北基宜蘭區 | 大陸各省市 | 08 | 00 | 05"
"女性","60歲及以上","高中、職","北北基宜蘭區","大陸各省市","08","03","05",1,0.902856876,0.000544069640914037,0.000495934416646561,"女性 | 60歲及以上 | 高中、職 | 北北基宜蘭區 | 大陸各省市 | 08 | 03 | 05"
"女性","60歲及以上","高中、職","北北基宜蘭區","大陸各省市","09","00","00",1,0.902856876,0.000544069640914037,0.000495934416646561,"女性 | 60歲及以上 | 高中、職 | 北北基宜蘭區 | 大陸各省市 | 09 | 00 | 00"
"女性","60歲及以上","高中、職","北北基宜蘭區","本省客家人","00","07","03",1,0.902856876,0.000544069640914037,0.000495934416646561,"女性 | 60歲及以上 | 高中、職 | 北北基宜蘭區 | 本省客家人 | 00 | 07 | 03"
"女性","60歲及以上","高中、職","北北基宜蘭區","本省客家人","03","02","02",1,0.902856876,0.000544069640914037,0.000495934416646561,"女性 | 60歲及以上 | 高中、職 | 北北基宜蘭區 | 本省客家人 | 03 | 02 | 02"
"女性","60歲及以上","高中、職","北北基宜蘭區","本省客家人","05","05","04",1,0.902856876,0.000544069640914037,0.000495934416646561,"女性 | 60歲及以上 | 高中、職 | 北北基宜蘭區 | 本省客家人 | 05 | 05 | 04"
"女性","60歲及以上","高中、職","北北基宜蘭區","本省客家人","05","05","05",1,0.902856876,0.000544069640914037,0.000495934416646561,"女性 | 60歲及以上 | 高中、職 | 北北基宜蘭區 | 本省客家人 | 05 | 05 | 05"
"女性","60歲及以上","高中、職","北北基宜蘭區","本省客家人","07","08","01",1,0.902856876,0.000544069640914037,0.000495934416646561,"女性 | 60歲及以上 | 高中、職 | 北北基宜蘭區 | 本省客家人 | 07 | 08 | 01"
"女性","60歲及以上","高中、職","北北基宜蘭區","本省閩南人","01","08","01",1,1.132147667,0.000544069640914037,0.00062188261253427,"女性 | 60歲及以上 | 高中、職 | 北北基宜蘭區 | 本省閩南人 | 01 | 08 | 01"
"女性","60歲及以上","高中、職","北北基宜蘭區","本省閩南人","02","05","02",1,0.902856876,0.000544069640914037,0.000495934416646561,"女性 | 60歲及以上 | 高中、職 | 北北基宜蘭區 | 本省閩南人 | 02 | 05 | 02"
"女性","60歲及以上","高中、職","北北基宜蘭區","本省閩南人","02","08","04",1,0.902856876,0.000544069640914037,0.000495934416646561,"女性 | 60歲及以上 | 高中、職 | 北北基宜蘭區 | 本省閩南人 | 02 | 08 | 04"
"女性","60歲及以上","高中、職","北北基宜蘭區","本省閩南人","03","09","01",1,1.249416316,0.000544069640914037,0.000686297649489414,"女性 | 60歲及以上 | 高中、職 | 北北基宜蘭區 | 本省閩南人 | 03 | 09 | 01"
"女性","60歲及以上","高中、職","北北基宜蘭區","本省閩南人","05","02","01",1,0.902856876,0.000544069640914037,0.000495934416646561,"女性 | 60歲及以上 | 高中、職 | 北北基宜蘭區 | 本省閩南人 | 05 | 02 | 01"
"女性","60歲及以上","高中、職","北北基宜蘭區","本省閩南人","05","03","00",1,0.902856876,0.000544069640914037,0.000495934416646561,"女性 | 60歲及以上 | 高中、職 | 北北基宜蘭區 | 本省閩南人 | 05 | 03 | 00"
"女性","60歲及以上","高中、職","北北基宜蘭區","本省閩南人","05","03","04",1,1.249416316,0.000544069640914037,0.000686297649489414,"女性 | 60歲及以上 | 高中、職 | 北北基宜蘭區 | 本省閩南人 | 05 | 03 | 04"
"女性","60歲及以上","高中、職","北北基宜蘭區","本省閩南人","05","04","04",1,0.902856876,0.000544069640914037,0.000495934416646561,"女性 | 60歲及以上 | 高中、職 | 北北基宜蘭區 | 本省閩南人 | 05 | 04 | 04"
"女性","60歲及以上","高中、職","北北基宜蘭區","本省閩南人","05","05","05",1,0.902856876,0.000544069640914037,0.000495934416646561,"女性 | 60歲及以上 | 高中、職 | 北北基宜蘭區 | 本省閩南人 | 05 | 05 | 05"
"女性","60歲及以上","高中、職","北北基宜蘭區","本省閩南人","05","07","04",1,0.902856876,0.000544069640914037,0.000495934416646561,"女性 | 60歲及以上 | 高中、職 | 北北基宜蘭區 | 本省閩南人 | 05 | 07 | 04"
"女性","60歲及以上","高中、職","北北基宜蘭區","本省閩南人","05","08","01",1,1.249416316,0.000544069640914037,0.000686297649489414,"女性 | 60歲及以上 | 高中、職 | 北北基宜蘭區 | 本省閩南人 | 05 | 08 | 01"
"女性","60歲及以上","高中、職","北北基宜蘭區","本省閩南人","05","09","00",1,1.249416316,0.000544069640914037,0.000686297649489414,"女性 | 60歲及以上 | 高中、職 | 北北基宜蘭區 | 本省閩南人 | 05 | 09 | 00"
"女性","60歲及以上","高中、職","北北基宜蘭區","本省閩南人","06","00","00",1,0.902856876,0.000544069640914037,0.000495934416646561,"女性 | 60歲及以上 | 高中、職 | 北北基宜蘭區 | 本省閩南人 | 06 | 00 | 00"
"女性","60歲及以上","高中、職","北北基宜蘭區","本省閩南人","06","00","01",1,1.249416316,0.000544069640914037,0.000686297649489414,"女性 | 60歲及以上 | 高中、職 | 北北基宜蘭區 | 本省閩南人 | 06 | 00 | 01"
"女性","60歲及以上","高中、職","北北基宜蘭區","本省閩南人","06","04","01",1,0.902856876,0.000544069640914037,0.000495934416646561,"女性 | 60歲及以上 | 高中、職 | 北北基宜蘭區 | 本省閩南人 | 06 | 04 | 01"
"女性","60歲及以上","高中、職","北北基宜蘭區","本省閩南人","06","04","03",1,0.902856876,0.000544069640914037,0.000495934416646561,"女性 | 60歲及以上 | 高中、職 | 北北基宜蘭區 | 本省閩南人 | 06 | 04 | 03"
"女性","60歲及以上","高中、職","北北基宜蘭區","本省閩南人","06","05","03",1,0.902856876,0.000544069640914037,0.000495934416646561,"女性 | 60歲及以上 | 高中、職 | 北北基宜蘭區 | 本省閩南人 | 06 | 05 | 03"
"女性","60歲及以上","高中、職","北北基宜蘭區","本省閩南人","06","08","05",1,0.902856876,0.000544069640914037,0.000495934416646561,"女性 | 60歲及以上 | 高中、職 | 北北基宜蘭區 | 本省閩南人 | 06 | 08 | 05"
"女性","60歲及以上","高中、職","北北基宜蘭區","本省閩南人","07","00","00",1,0.902856876,0.000544069640914037,0.000495934416646561,"女性 | 60歲及以上 | 高中、職 | 北北基宜蘭區 | 本省閩南人 | 07 | 00 | 00"
"女性","60歲及以上","高中、職","北北基宜蘭區","本省閩南人","07","03","01",1,0.902856876,0.000544069640914037,0.000495934416646561,"女性 | 60歲及以上 | 高中、職 | 北北基宜蘭區 | 本省閩南人 | 07 | 03 | 01"
"女性","60歲及以上","高中、職","北北基宜蘭區","本省閩南人","07","09","02",1,0.902856876,0.000544069640914037,0.000495934416646561,"女性 | 60歲及以上 | 高中、職 | 北北基宜蘭區 | 本省閩南人 | 07 | 09 | 02"
"女性","60歲及以上","高中、職","北北基宜蘭區","本省閩南人","08","02","03",1,0.902856876,0.000544069640914037,0.000495934416646561,"女性 | 60歲及以上 | 高中、職 | 北北基宜蘭區 | 本省閩南人 | 08 | 02 | 03"
"女性","60歲及以上","高中、職","北北基宜蘭區","本省閩南人","10","00","08",1,0.902856876,0.000544069640914037,0.000495934416646561,"女性 | 60歲及以上 | 高中、職 | 北北基宜蘭區 | 本省閩南人 | 10 | 00 | 08"
"女性","60歲及以上","高中、職","北北基宜蘭區","本省閩南人","10","07","00",1,0.902856876,0.000544069640914037,0.000495934416646561,"女性 | 60歲及以上 | 高中、職 | 北北基宜蘭區 | 本省閩南人 | 10 | 07 | 00"
"女性","60歲及以上","高中、職","桃竹苗區","大陸各省市","05","01","03",1,0.817989857,0.000544069640914037,0.000449317420443613,"女性 | 60歲及以上 | 高中、職 | 桃竹苗區 | 大陸各省市 | 05 | 01 | 03"
"女性","60歲及以上","高中、職","桃竹苗區","大陸各省市","07","01","03",1,0.817989857,0.000544069640914037,0.000449317420443613,"女性 | 60歲及以上 | 高中、職 | 桃竹苗區 | 大陸各省市 | 07 | 01 | 03"
"女性","60歲及以上","高中、職","桃竹苗區","大陸各省市","10","00","01",1,1.131973296,0.000544069640914037,0.000621786831483626,"女性 | 60歲及以上 | 高中、職 | 桃竹苗區 | 大陸各省市 | 10 | 00 | 01"
"女性","60歲及以上","高中、職","桃竹苗區","大陸各省市","10","00","05",1,0.817989857,0.000544069640914037,0.000449317420443613,"女性 | 60歲及以上 | 高中、職 | 桃竹苗區 | 大陸各省市 | 10 | 00 | 05"
"女性","60歲及以上","高中、職","桃竹苗區","本省客家人","00","08","00",1,0.817989857,0.000544069640914037,0.000449317420443613,"女性 | 60歲及以上 | 高中、職 | 桃竹苗區 | 本省客家人 | 00 | 08 | 00"
"女性","60歲及以上","高中、職","桃竹苗區","本省客家人","03","05","05",1,1.131973296,0.000544069640914037,0.000621786831483626,"女性 | 60歲及以上 | 高中、職 | 桃竹苗區 | 本省客家人 | 03 | 05 | 05"
"女性","60歲及以上","高中、職","桃竹苗區","本省客家人","04","07","01",1,0.817989857,0.000544069640914037,0.000449317420443613,"女性 | 60歲及以上 | 高中、職 | 桃竹苗區 | 本省客家人 | 04 | 07 | 01"
"女性","60歲及以上","高中、職","桃竹苗區","本省客家人","05","10","02",1,0.817989857,0.000544069640914037,0.000449317420443613,"女性 | 60歲及以上 | 高中、職 | 桃竹苗區 | 本省客家人 | 05 | 10 | 02"
"女性","60歲及以上","高中、職","桃竹苗區","本省客家人","07","05","06",1,0.817989857,0.000544069640914037,0.000449317420443613,"女性 | 60歲及以上 | 高中、職 | 桃竹苗區 | 本省客家人 | 07 | 05 | 06"
"女性","60歲及以上","高中、職","桃竹苗區","本省客家人","08","00","00",1,0.817989857,0.000544069640914037,0.000449317420443613,"女性 | 60歲及以上 | 高中、職 | 桃竹苗區 | 本省客家人 | 08 | 00 | 00"
"女性","60歲及以上","高中、職","桃竹苗區","本省客家人","08","05","02",1,0.817989857,0.000544069640914037,0.000449317420443613,"女性 | 60歲及以上 | 高中、職 | 桃竹苗區 | 本省客家人 | 08 | 05 | 02"
"女性","60歲及以上","高中、職","桃竹苗區","本省閩南人","03","05","01",1,0.817989857,0.000544069640914037,0.000449317420443613,"女性 | 60歲及以上 | 高中、職 | 桃竹苗區 | 本省閩南人 | 03 | 05 | 01"
"女性","60歲及以上","高中、職","桃竹苗區","本省閩南人","03","09","02",1,0.817989857,0.000544069640914037,0.000449317420443613,"女性 | 60歲及以上 | 高中、職 | 桃竹苗區 | 本省閩南人 | 03 | 09 | 02"
"女性","60歲及以上","高中、職","桃竹苗區","本省閩南人","05","06","03",1,1.131973296,0.000544069640914037,0.000621786831483626,"女性 | 60歲及以上 | 高中、職 | 桃竹苗區 | 本省閩南人 | 05 | 06 | 03"
"女性","60歲及以上","高中、職","桃竹苗區","本省閩南人","05","09","00",1,0.817989857,0.000544069640914037,0.000449317420443613,"女性 | 60歲及以上 | 高中、職 | 桃竹苗區 | 本省閩南人 | 05 | 09 | 00"
"女性","60歲及以上","高中、職","桃竹苗區","本省閩南人","07","03","04",1,0.817989857,0.000544069640914037,0.000449317420443613,"女性 | 60歲及以上 | 高中、職 | 桃竹苗區 | 本省閩南人 | 07 | 03 | 04"
"女性","60歲及以上","高中、職","桃竹苗區","本省閩南人","08","00","02",1,0.817989857,0.000544069640914037,0.000449317420443613,"女性 | 60歲及以上 | 高中、職 | 桃竹苗區 | 本省閩南人 | 08 | 00 | 02"
"女性","60歲及以上","高中、職","花東外島區","本省客家人","06","01","02",1,0.581372734,0.000544069640914037,0.000319344909868645,"女性 | 60歲及以上 | 高中、職 | 花東外島區 | 本省客家人 | 06 | 01 | 02"
"女性","60歲及以上","高中、職","花東外島區","本省閩南人","03","08","01",1,0.804531259,0.000544069640914037,0.00044192468508828,"女性 | 60歲及以上 | 高中、職 | 花東外島區 | 本省閩南人 | 03 | 08 | 01"
"女性","60歲及以上","高中、職","花東外島區","本省閩南人","05","05","03",1,0.581372734,0.000544069640914037,0.000319344909868645,"女性 | 60歲及以上 | 高中、職 | 花東外島區 | 本省閩南人 | 05 | 05 | 03"
"女性","60歲及以上","高中、職","花東外島區","本省閩南人","08","08","08",1,0.581372734,0.000544069640914037,0.000319344909868645,"女性 | 60歲及以上 | 高中、職 | 花東外島區 | 本省閩南人 | 08 | 08 | 08"
"女性","60歲及以上","高中、職","雲嘉南區","原住民","06","05","04",1,0.731277189,0.000544069640914037,0.000401686619190849,"女性 | 60歲及以上 | 高中、職 | 雲嘉南區 | 原住民 | 06 | 05 | 04"
"女性","60歲及以上","高中、職","雲嘉南區","本省客家人","03","08","06",1,0.731277189,0.000544069640914037,0.000401686619190849,"女性 | 60歲及以上 | 高中、職 | 雲嘉南區 | 本省客家人 | 03 | 08 | 06"
"女性","60歲及以上","高中、職","雲嘉南區","本省閩南人","00","10","00",1,0.731277189,0.000544069640914037,0.000401686619190849,"女性 | 60歲及以上 | 高中、職 | 雲嘉南區 | 本省閩南人 | 00 | 10 | 00"
"女性","60歲及以上","高中、職","雲嘉南區","本省閩南人","04","06","04",1,0.731277189,0.000544069640914037,0.000401686619190849,"女性 | 60歲及以上 | 高中、職 | 雲嘉南區 | 本省閩南人 | 04 | 06 | 04"
"女性","60歲及以上","高中、職","雲嘉南區","本省閩南人","05","05","00",1,0.731277189,0.000544069640914037,0.000401686619190849,"女性 | 60歲及以上 | 高中、職 | 雲嘉南區 | 本省閩南人 | 05 | 05 | 00"
"女性","60歲及以上","高中、職","雲嘉南區","本省閩南人","05","05","05",1,0.731277189,0.000544069640914037,0.000401686619190849,"女性 | 60歲及以上 | 高中、職 | 雲嘉南區 | 本省閩南人 | 05 | 05 | 05"
"女性","60歲及以上","高中、職","雲嘉南區","本省閩南人","06","02","07",1,0.731277189,0.000544069640914037,0.000401686619190849,"女性 | 60歲及以上 | 高中、職 | 雲嘉南區 | 本省閩南人 | 06 | 02 | 07"
"女性","60歲及以上","高中、職","雲嘉南區","本省閩南人","07","02","02",1,0.731277189,0.000544069640914037,0.000401686619190849,"女性 | 60歲及以上 | 高中、職 | 雲嘉南區 | 本省閩南人 | 07 | 02 | 02"
"女性","60歲及以上","高中、職","雲嘉南區","本省閩南人","07","05","05",1,0.731277189,0.000544069640914037,0.000401686619190849,"女性 | 60歲及以上 | 高中、職 | 雲嘉南區 | 本省閩南人 | 07 | 05 | 05"
"女性","60歲及以上","高中、職","雲嘉南區","本省閩南人","07","08","04",1,0.589835045,0.000544069640914037,0.000323993211699008,"女性 | 60歲及以上 | 高中、職 | 雲嘉南區 | 本省閩南人 | 07 | 08 | 04"
"女性","60歲及以上","高中、職","雲嘉南區","本省閩南人","08","02","05",1,1.011976179,0.000544069640914037,0.000555873061759326,"女性 | 60歲及以上 | 高中、職 | 雲嘉南區 | 本省閩南人 | 08 | 02 | 05"
"女性","60歲及以上","高中、職","雲嘉南區","本省閩南人","08","04","01",1,0.731277189,0.000544069640914037,0.000401686619190849,"女性 | 60歲及以上 | 高中、職 | 雲嘉南區 | 本省閩南人 | 08 | 04 | 01"
"女性","60歲及以上","高中、職","雲嘉南區","本省閩南人","08","07","07",1,0.731277189,0.000544069640914037,0.000401686619190849,"女性 | 60歲及以上 | 高中、職 | 雲嘉南區 | 本省閩南人 | 08 | 07 | 07"
"女性","60歲及以上","高中、職","雲嘉南區","本省閩南人","10","00","05",1,0.731277189,0.000544069640914037,0.000401686619190849,"女性 | 60歲及以上 | 高中、職 | 雲嘉南區 | 本省閩南人 | 10 | 00 | 05"
"女性","60歲及以上","高中、職","雲嘉南區","本省閩南人","10","02","00",1,0.731277189,0.000544069640914037,0.000401686619190849,"女性 | 60歲及以上 | 高中、職 | 雲嘉南區 | 本省閩南人 | 10 | 02 | 00"
"女性","60歲及以上","高中、職","高屏澎湖區","大陸各省市","10","00","02",1,0.757527167,0.000544069640914037,0.000416105590649638,"女性 | 60歲及以上 | 高中、職 | 高屏澎湖區 | 大陸各省市 | 10 | 00 | 02"
"女性","60歲及以上","高中、職","高屏澎湖區","本省客家人","01","10","01",1,0.949909823,0.000544069640914037,0.000521780346873432,"女性 | 60歲及以上 | 高中、職 | 高屏澎湖區 | 本省客家人 | 01 | 10 | 01"
"女性","60歲及以上","高中、職","高屏澎湖區","本省客家人","06","07","05",1,0.757527167,0.000544069640914037,0.000416105590649638,"女性 | 60歲及以上 | 高中、職 | 高屏澎湖區 | 本省客家人 | 06 | 07 | 05"
"女性","60歲及以上","高中、職","高屏澎湖區","本省閩南人","05","00","00",1,0.757527167,0.000544069640914037,0.000416105590649638,"女性 | 60歲及以上 | 高中、職 | 高屏澎湖區 | 本省閩南人 | 05 | 00 | 00"
"女性","60歲及以上","高中、職","高屏澎湖區","本省閩南人","05","07","06",1,1.048302148,0.000544069640914037,0.000575826720776635,"女性 | 60歲及以上 | 高中、職 | 高屏澎湖區 | 本省閩南人 | 05 | 07 | 06"
"女性","60歲及以上","高中、職","高屏澎湖區","本省閩南人","07","04","03",1,0.757527167,0.000544069640914037,0.000416105590649638,"女性 | 60歲及以上 | 高中、職 | 高屏澎湖區 | 本省閩南人 | 07 | 04 | 03"
"女性","60歲及以上","高中、職","高屏澎湖區","本省閩南人","08","00","05",1,0.757527167,0.000544069640914037,0.000416105590649638,"女性 | 60歲及以上 | 高中、職 | 高屏澎湖區 | 本省閩南人 | 08 | 00 | 05"
"女性","60歲及以上","高中、職","高屏澎湖區","本省閩南人","08","05","03",1,0.757527167,0.000544069640914037,0.000416105590649638,"女性 | 60歲及以上 | 高中、職 | 高屏澎湖區 | 本省閩南人 | 08 | 05 | 03"
"女性","60歲及以上","高中、職","高屏澎湖區","本省閩南人","08","05","04",1,1.048302148,0.000544069640914037,0.000575826720776635,"女性 | 60歲及以上 | 高中、職 | 高屏澎湖區 | 本省閩南人 | 08 | 05 | 04"
"男性","20至29歲","國、初中","中彰投區","本省閩南人","00","00","10",1,1.3223803,0.000544069640914037,0.000726376372710268,"男性 | 20至29歲 | 國、初中 | 中彰投區 | 本省閩南人 | 00 | 00 | 10"
"男性","20至29歲","大學及以上","中彰投區","本省客家人","04","04","06",1,1.658213845,0.000544069640914037,0.000910847929229622,"男性 | 20至29歲 | 大學及以上 | 中彰投區 | 本省客家人 | 04 | 04 | 06"
"男性","20至29歲","大學及以上","中彰投區","本省閩南人","00","00","05",1,1.057012908,0.000544069640914037,0.000580611494303849,"男性 | 20至29歲 | 大學及以上 | 中彰投區 | 本省閩南人 | 00 | 00 | 05"
"男性","20至29歲","大學及以上","中彰投區","本省閩南人","01","03","06",1,1.057012908,0.000544069640914037,0.000580611494303849,"男性 | 20至29歲 | 大學及以上 | 中彰投區 | 本省閩南人 | 01 | 03 | 06"
"男性","20至29歲","大學及以上","中彰投區","本省閩南人","01","06","08",1,1.057012908,0.000544069640914037,0.000580611494303849,"男性 | 20至29歲 | 大學及以上 | 中彰投區 | 本省閩南人 | 01 | 06 | 08"
"男性","20至29歲","大學及以上","中彰投區","本省閩南人","02","05","08",1,1.3223803,0.000544069640914037,0.000726376372710268,"男性 | 20至29歲 | 大學及以上 | 中彰投區 | 本省閩南人 | 02 | 05 | 08"
"男性","20至29歲","大學及以上","中彰投區","本省閩南人","02","06","00",1,1.057012908,0.000544069640914037,0.000580611494303849,"男性 | 20至29歲 | 大學及以上 | 中彰投區 | 本省閩南人 | 02 | 06 | 00"
"男性","20至29歲","大學及以上","中彰投區","本省閩南人","02","06","09",1,1.3223803,0.000544069640914037,0.000726376372710268,"男性 | 20至29歲 | 大學及以上 | 中彰投區 | 本省閩南人 | 02 | 06 | 09"
"男性","20至29歲","大學及以上","中彰投區","本省閩南人","03","02","08",1,1.057012908,0.000544069640914037,0.000580611494303849,"男性 | 20至29歲 | 大學及以上 | 中彰投區 | 本省閩南人 | 03 | 02 | 08"
"男性","20至29歲","大學及以上","中彰投區","本省閩南人","03","05","07",1,1.057012908,0.000544069640914037,0.000580611494303849,"男性 | 20至29歲 | 大學及以上 | 中彰投區 | 本省閩南人 | 03 | 05 | 07"
"男性","20至29歲","大學及以上","中彰投區","本省閩南人","04","02","04",1,1.057012908,0.000544069640914037,0.000580611494303849,"男性 | 20至29歲 | 大學及以上 | 中彰投區 | 本省閩南人 | 04 | 02 | 04"
"男性","20至29歲","大學及以上","中彰投區","本省閩南人","04","04","05",1,1.057012908,0.000544069640914037,0.000580611494303849,"男性 | 20至29歲 | 大學及以上 | 中彰投區 | 本省閩南人 | 04 | 04 | 05"
"男性","20至29歲","大學及以上","中彰投區","本省閩南人","05","04","05",1,1.057012908,0.000544069640914037,0.000580611494303849,"男性 | 20至29歲 | 大學及以上 | 中彰投區 | 本省閩南人 | 05 | 04 | 05"
"男性","20至29歲","大學及以上","中彰投區","本省閩南人","05","05","06",1,1.057012908,0.000544069640914037,0.000580611494303849,"男性 | 20至29歲 | 大學及以上 | 中彰投區 | 本省閩南人 | 05 | 05 | 06"
"男性","20至29歲","大學及以上","中彰投區","本省閩南人","05","06","07",1,1.057012908,0.000544069640914037,0.000580611494303849,"男性 | 20至29歲 | 大學及以上 | 中彰投區 | 本省閩南人 | 05 | 06 | 07"
"男性","20至29歲","大學及以上","中彰投區","本省閩南人","06","03","08",1,1.057012908,0.000544069640914037,0.000580611494303849,"男性 | 20至29歲 | 大學及以上 | 中彰投區 | 本省閩南人 | 06 | 03 | 08"
"男性","20至29歲","大學及以上","中彰投區","本省閩南人","06","08","06",1,1.057012908,0.000544069640914037,0.000580611494303849,"男性 | 20至29歲 | 大學及以上 | 中彰投區 | 本省閩南人 | 06 | 08 | 06"
"男性","20至29歲","大學及以上","北北基宜蘭區","外國新住民","05","05","06",1,1.296954068,0.000544069640914037,0.000712409880490254,"男性 | 20至29歲 | 大學及以上 | 北北基宜蘭區 | 外國新住民 | 05 | 05 | 06"
"男性","20至29歲","大學及以上","北北基宜蘭區","大陸各省市","00","00","05",1,1.296954068,0.000544069640914037,0.000712409880490254,"男性 | 20至29歲 | 大學及以上 | 北北基宜蘭區 | 大陸各省市 | 00 | 00 | 05"
"男性","20至29歲","大學及以上","北北基宜蘭區","大陸各省市","01","00","05",1,1.296954068,0.000544069640914037,0.000712409880490254,"男性 | 20至29歲 | 大學及以上 | 北北基宜蘭區 | 大陸各省市 | 01 | 00 | 05"
"男性","20至29歲","大學及以上","北北基宜蘭區","本省客家人","04","01","04",1,1.296954068,0.000544069640914037,0.000712409880490254,"男性 | 20至29歲 | 大學及以上 | 北北基宜蘭區 | 本省客家人 | 04 | 01 | 04"
"男性","20至29歲","大學及以上","北北基宜蘭區","本省閩南人","00","05","07",1,1.296954068,0.000544069640914037,0.000712409880490254,"男性 | 20至29歲 | 大學及以上 | 北北基宜蘭區 | 本省閩南人 | 00 | 05 | 07"
"男性","20至29歲","大學及以上","北北基宜蘭區","本省閩南人","00","08","00",1,1.296954068,0.000544069640914037,0.000712409880490254,"男性 | 20至29歲 | 大學及以上 | 北北基宜蘭區 | 本省閩南人 | 00 | 08 | 00"
"男性","20至29歲","大學及以上","北北基宜蘭區","本省閩南人","01","06","08",1,1.296954068,0.000544069640914037,0.000712409880490254,"男性 | 20至29歲 | 大學及以上 | 北北基宜蘭區 | 本省閩南人 | 01 | 06 | 08"
"男性","20至29歲","大學及以上","北北基宜蘭區","本省閩南人","02","00","06",1,1.296954068,0.000544069640914037,0.000712409880490254,"男性 | 20至29歲 | 大學及以上 | 北北基宜蘭區 | 本省閩南人 | 02 | 00 | 06"
"男性","20至29歲","大學及以上","北北基宜蘭區","本省閩南人","02","01","08",1,1.296954068,0.000544069640914037,0.000712409880490254,"男性 | 20至29歲 | 大學及以上 | 北北基宜蘭區 | 本省閩南人 | 02 | 01 | 08"
"男性","20至29歲","大學及以上","北北基宜蘭區","本省閩南人","02","07","04",1,1.296954068,0.000544069640914037,0.000712409880490254,"男性 | 20至29歲 | 大學及以上 | 北北基宜蘭區 | 本省閩南人 | 02 | 07 | 04"
"男性","20至29歲","大學及以上","北北基宜蘭區","本省閩南人","03","06","05",1,1.296954068,0.000544069640914037,0.000712409880490254,"男性 | 20至29歲 | 大學及以上 | 北北基宜蘭區 | 本省閩南人 | 03 | 06 | 05"
"男性","20至29歲","大學及以上","北北基宜蘭區","本省閩南人","03","07","02",1,1.296954068,0.000544069640914037,0.000712409880490254,"男性 | 20至29歲 | 大學及以上 | 北北基宜蘭區 | 本省閩南人 | 03 | 07 | 02"
"男性","20至29歲","大學及以上","北北基宜蘭區","本省閩南人","04","05","06",1,1.296954068,0.000544069640914037,0.000712409880490254,"男性 | 20至29歲 | 大學及以上 | 北北基宜蘭區 | 本省閩南人 | 04 | 05 | 06"
"男性","20至29歲","大學及以上","北北基宜蘭區","本省閩南人","05","02","05",1,1.412314915,0.000544069640914037,0.000775776972087614,"男性 | 20至29歲 | 大學及以上 | 北北基宜蘭區 | 本省閩南人 | 05 | 02 | 05"
"男性","20至29歲","大學及以上","北北基宜蘭區","本省閩南人","05","06","06",1,1.296954068,0.000544069640914037,0.000712409880490254,"男性 | 20至29歲 | 大學及以上 | 北北基宜蘭區 | 本省閩南人 | 05 | 06 | 06"
"男性","20至29歲","大學及以上","北北基宜蘭區","本省閩南人","06","03","05",1,1.296954068,0.000544069640914037,0.000712409880490254,"男性 | 20至29歲 | 大學及以上 | 北北基宜蘭區 | 本省閩南人 | 06 | 03 | 05"
"男性","20至29歲","大學及以上","桃竹苗區","外國新住民","05","03","05",1,1.17504258,0.000544069640914037,0.00064544455709187,"男性 | 20至29歲 | 大學及以上 | 桃竹苗區 | 外國新住民 | 05 | 03 | 05"
"男性","20至29歲","大學及以上","桃竹苗區","大陸各省市","01","01","07",1,1.17504258,0.000544069640914037,0.00064544455709187,"男性 | 20至29歲 | 大學及以上 | 桃竹苗區 | 大陸各省市 | 01 | 01 | 07"
"男性","20至29歲","大學及以上","桃竹苗區","大陸各省市","06","03","01",1,1.17504258,0.000544069640914037,0.00064544455709187,"男性 | 20至29歲 | 大學及以上 | 桃竹苗區 | 大陸各省市 | 06 | 03 | 01"
"男性","20至29歲","大學及以上","桃竹苗區","本省客家人","00","07","00",1,1.17504258,0.000544069640914037,0.00064544455709187,"男性 | 20至29歲 | 大學及以上 | 桃竹苗區 | 本省客家人 | 00 | 07 | 00"
"男性","20至29歲","大學及以上","桃竹苗區","本省客家人","05","03","06",1,1.17504258,0.000544069640914037,0.00064544455709187,"男性 | 20至29歲 | 大學及以上 | 桃竹苗區 | 本省客家人 | 05 | 03 | 06"
"男性","20至29歲","大學及以上","花東外島區","大陸各省市","04","00","08",1,0.835142039,0.000544069640914037,0.000458739021586057,"男性 | 20至29歲 | 大學及以上 | 花東外島區 | 大陸各省市 | 04 | 00 | 08"
"男性","20至29歲","大學及以上","花東外島區","本省閩南人","02","06","07",1,0.835142039,0.000544069640914037,0.000458739021586057,"男性 | 20至29歲 | 大學及以上 | 花東外島區 | 本省閩南人 | 02 | 06 | 07"
"男性","20至29歲","大學及以上","花東外島區","本省閩南人","04","04","04",1,0.835142039,0.000544069640914037,0.000458739021586057,"男性 | 20至29歲 | 大學及以上 | 花東外島區 | 本省閩南人 | 04 | 04 | 04"
"男性","20至29歲","大學及以上","雲嘉南區","原住民","00","00","00",1,1.050479816,0.000544069640914037,0.000577022902073957,"男性 | 20至29歲 | 大學及以上 | 雲嘉南區 | 原住民 | 00 | 00 | 00"
"男性","20至29歲","大學及以上","雲嘉南區","原住民","05","07","06",1,1.314207048,0.000544069640914037,0.000721886849430916,"男性 | 20至29歲 | 大學及以上 | 雲嘉南區 | 原住民 | 05 | 07 | 06"
"男性","20至29歲","大學及以上","雲嘉南區","本省客家人","07","07","05",1,1.050479816,0.000544069640914037,0.000577022902073957,"男性 | 20至29歲 | 大學及以上 | 雲嘉南區 | 本省客家人 | 07 | 07 | 05"
"男性","20至29歲","大學及以上","雲嘉南區","本省閩南人","01","04","09",1,1.050479816,0.000544069640914037,0.000577022902073957,"男性 | 20至29歲 | 大學及以上 | 雲嘉南區 | 本省閩南人 | 01 | 04 | 09"
"男性","20至29歲","大學及以上","雲嘉南區","本省閩南人","02","05","08",1,1.050479816,0.000544069640914037,0.000577022902073957,"男性 | 20至29歲 | 大學及以上 | 雲嘉南區 | 本省閩南人 | 02 | 05 | 08"
"男性","20至29歲","大學及以上","雲嘉南區","本省閩南人","03","02","06",1,1.314207048,0.000544069640914037,0.000721886849430916,"男性 | 20至29歲 | 大學及以上 | 雲嘉南區 | 本省閩南人 | 03 | 02 | 06"
"男性","20至29歲","大學及以上","雲嘉南區","本省閩南人","03","03","06",1,1.050479816,0.000544069640914037,0.000577022902073957,"男性 | 20至29歲 | 大學及以上 | 雲嘉南區 | 本省閩南人 | 03 | 03 | 06"
"男性","20至29歲","大學及以上","雲嘉南區","本省閩南人","03","05","08",1,1.050479816,0.000544069640914037,0.000577022902073957,"男性 | 20至29歲 | 大學及以上 | 雲嘉南區 | 本省閩南人 | 03 | 05 | 08"
"男性","20至29歲","大學及以上","雲嘉南區","本省閩南人","03","07","09",1,1.050479816,0.000544069640914037,0.000577022902073957,"男性 | 20至29歲 | 大學及以上 | 雲嘉南區 | 本省閩南人 | 03 | 07 | 09"
"男性","20至29歲","大學及以上","雲嘉南區","本省閩南人","04","08","04",1,1.050479816,0.000544069640914037,0.000577022902073957,"男性 | 20至29歲 | 大學及以上 | 雲嘉南區 | 本省閩南人 | 04 | 08 | 04"
"男性","20至29歲","大學及以上","雲嘉南區","本省閩南人","05","03","05",1,1.314207048,0.000544069640914037,0.000721886849430916,"男性 | 20至29歲 | 大學及以上 | 雲嘉南區 | 本省閩南人 | 05 | 03 | 05"
"男性","20至29歲","大學及以上","雲嘉南區","本省閩南人","05","05","04",1,1.050479816,0.000544069640914037,0.000577022902073957,"男性 | 20至29歲 | 大學及以上 | 雲嘉南區 | 本省閩南人 | 05 | 05 | 04"
"男性","20至29歲","大學及以上","雲嘉南區","本省閩南人","05","05","05",1,1.050479816,0.000544069640914037,0.000577022902073957,"男性 | 20至29歲 | 大學及以上 | 雲嘉南區 | 本省閩南人 | 05 | 05 | 05"
"男性","20至29歲","大學及以上","高屏澎湖區","本省客家人","04","05","06",1,1.098066201,0.000544069640914037,0.000603161846919622,"男性 | 20至29歲 | 大學及以上 | 高屏澎湖區 | 本省客家人 | 04 | 05 | 06"
"男性","20至29歲","大學及以上","高屏澎湖區","本省閩南人","00","00","02",1,1.088187915,0.000544069640914037,0.000597735757652204,"男性 | 20至29歲 | 大學及以上 | 高屏澎湖區 | 本省閩南人 | 00 | 00 | 02"
"男性","20至29歲","大學及以上","高屏澎湖區","本省閩南人","00","00","07",1,1.088187915,0.000544069640914037,0.000597735757652204,"男性 | 20至29歲 | 大學及以上 | 高屏澎湖區 | 本省閩南人 | 00 | 00 | 07"
"男性","20至29歲","大學及以上","高屏澎湖區","本省閩南人","00","06","06",1,1.088187915,0.000544069640914037,0.000597735757652204,"男性 | 20至29歲 | 大學及以上 | 高屏澎湖區 | 本省閩南人 | 00 | 06 | 06"
"男性","20至29歲","大學及以上","高屏澎湖區","本省閩南人","00","08","02",1,1.088187915,0.000544069640914037,0.000597735757652204,"男性 | 20至29歲 | 大學及以上 | 高屏澎湖區 | 本省閩南人 | 00 | 08 | 02"
"男性","20至29歲","大學及以上","高屏澎湖區","本省閩南人","01","07","07",1,1.088187915,0.000544069640914037,0.000597735757652204,"男性 | 20至29歲 | 大學及以上 | 高屏澎湖區 | 本省閩南人 | 01 | 07 | 07"
"男性","20至29歲","大學及以上","高屏澎湖區","本省閩南人","02","05","05",1,1.088187915,0.000544069640914037,0.000597735757652204,"男性 | 20至29歲 | 大學及以上 | 高屏澎湖區 | 本省閩南人 | 02 | 05 | 05"
"男性","20至29歲","大學及以上","高屏澎湖區","本省閩南人","03","04","07",1,1.088187915,0.000544069640914037,0.000597735757652204,"男性 | 20至29歲 | 大學及以上 | 高屏澎湖區 | 本省閩南人 | 03 | 04 | 07"
"男性","20至29歲","大學及以上","高屏澎湖區","本省閩南人","03","06","03",1,1.098066201,0.000544069640914037,0.000603161846919622,"男性 | 20至29歲 | 大學及以上 | 高屏澎湖區 | 本省閩南人 | 03 | 06 | 03"
"男性","20至29歲","大學及以上","高屏澎湖區","本省閩南人","03","07","01",1,1.088187915,0.000544069640914037,0.000597735757652204,"男性 | 20至29歲 | 大學及以上 | 高屏澎湖區 | 本省閩南人 | 03 | 07 | 01"
"男性","20至29歲","大學及以上","高屏澎湖區","本省閩南人","03","07","06",1,1.088187915,0.000544069640914037,0.000597735757652204,"男性 | 20至29歲 | 大學及以上 | 高屏澎湖區 | 本省閩南人 | 03 | 07 | 06"
"男性","20至29歲","大學及以上","高屏澎湖區","本省閩南人","03","08","05",1,1.088187915,0.000544069640914037,0.000597735757652204,"男性 | 20至29歲 | 大學及以上 | 高屏澎湖區 | 本省閩南人 | 03 | 08 | 05"
"男性","20至29歲","大學及以上","高屏澎湖區","本省閩南人","04","02","08",1,1.088187915,0.000544069640914037,0.000597735757652204,"男性 | 20至29歲 | 大學及以上 | 高屏澎湖區 | 本省閩南人 | 04 | 02 | 08"
"男性","20至29歲","大學及以上","高屏澎湖區","本省閩南人","04","05","05",1,1.088187915,0.000544069640914037,0.000597735757652204,"男性 | 20至29歲 | 大學及以上 | 高屏澎湖區 | 本省閩南人 | 04 | 05 | 05"
"男性","20至29歲","大學及以上","高屏澎湖區","本省閩南人","04","05","06",1,1.088187915,0.000544069640914037,0.000597735757652204,"男性 | 20至29歲 | 大學及以上 | 高屏澎湖區 | 本省閩南人 | 04 | 05 | 06"
"男性","20至29歲","大學及以上","高屏澎湖區","本省閩南人","04","06","06",1,1.088187915,0.000544069640914037,0.000597735757652204,"男性 | 20至29歲 | 大學及以上 | 高屏澎湖區 | 本省閩南人 | 04 | 06 | 06"
"男性","20至29歲","大學及以上","高屏澎湖區","本省閩南人","04","07","08",1,1.088187915,0.000544069640914037,0.000597735757652204,"男性 | 20至29歲 | 大學及以上 | 高屏澎湖區 | 本省閩南人 | 04 | 07 | 08"
"男性","20至29歲","大學及以上","高屏澎湖區","本省閩南人","05","00","09",1,1.18497953,0.000544069640914037,0.000650902870178358,"男性 | 20至29歲 | 大學及以上 | 高屏澎湖區 | 本省閩南人 | 05 | 00 | 09"
"男性","20至29歲","大學及以上","高屏澎湖區","本省閩南人","05","04","05",1,1.088187915,0.000544069640914037,0.000597735757652204,"男性 | 20至29歲 | 大學及以上 | 高屏澎湖區 | 本省閩南人 | 05 | 04 | 05"
"男性","20至29歲","大學及以上","高屏澎湖區","本省閩南人","05","05","05",1,1.098066201,0.000544069640914037,0.000603161846919622,"男性 | 20至29歲 | 大學及以上 | 高屏澎湖區 | 本省閩南人 | 05 | 05 | 05"
"男性","20至29歲","大學及以上","高屏澎湖區","本省閩南人","07","05","07",1,1.361381919,0.000544069640914037,0.000747799751853959,"男性 | 20至29歲 | 大學及以上 | 高屏澎湖區 | 本省閩南人 | 07 | 05 | 07"
"男性","20至29歲","專科","北北基宜蘭區","本省閩南人","06","02","05",1,1.296954068,0.000544069640914037,0.000712409880490254,"男性 | 20至29歲 | 專科 | 北北基宜蘭區 | 本省閩南人 | 06 | 02 | 05"
"男性","20至29歲","專科","桃竹苗區","本省閩南人","06","02","07",1,1.291175212,0.000544069640914037,0.000709235586030714,"男性 | 20至29歲 | 專科 | 桃竹苗區 | 本省閩南人 | 06 | 02 | 07"
"男性","20至29歲","專科","高屏澎湖區","本省閩南人","05","08","05",1,1.18497953,0.000544069640914037,0.000650902870178358,"男性 | 20至29歲 | 專科 | 高屏澎湖區 | 本省閩南人 | 05 | 08 | 05"
"男性","20至29歲","高中、職","中彰投區","本省閩南人","00","10","09",1,1.310484067,0.000544069640914037,0.000719841836030119,"男性 | 20至29歲 | 高中、職 | 中彰投區 | 本省閩南人 | 00 | 10 | 09"
"男性","20至29歲","高中、職","中彰投區","本省閩南人","05","02","10",1,1.310484067,0.000544069640914037,0.000719841836030119,"男性 | 20至29歲 | 高中、職 | 中彰投區 | 本省閩南人 | 05 | 02 | 10"
"男性","20至29歲","高中、職","北北基宜蘭區","本省閩南人","00","07","04",1,1.607962995,0.000544069640914037,0.0008832454081178,"男性 | 20至29歲 | 高中、職 | 北北基宜蘭區 | 本省閩南人 | 00 | 07 | 04"
"男性","20至29歲","高中、職","北北基宜蘭區","本省閩南人","02","04","10",1,1.607962995,0.000544069640914037,0.0008832454081178,"男性 | 20至29歲 | 高中、職 | 北北基宜蘭區 | 本省閩南人 | 02 | 04 | 10"
"男性","20至29歲","高中、職","北北基宜蘭區","本省閩南人","03","04","06",1,1.607962995,0.000544069640914037,0.0008832454081178,"男性 | 20至29歲 | 高中、職 | 北北基宜蘭區 | 本省閩南人 | 03 | 04 | 06"
"男性","20至29歲","高中、職","北北基宜蘭區","本省閩南人","05","00","08",1,1.607962995,0.000544069640914037,0.0008832454081178,"男性 | 20至29歲 | 高中、職 | 北北基宜蘭區 | 本省閩南人 | 05 | 00 | 08"
"男性","20至29歲","高中、職","北北基宜蘭區","本省閩南人","07","07","07",1,1.607962995,0.000544069640914037,0.0008832454081178,"男性 | 20至29歲 | 高中、職 | 北北基宜蘭區 | 本省閩南人 | 07 | 07 | 07"
"男性","20至29歲","高中、職","桃竹苗區","大陸各省市","06","03","09",1,1.17504258,0.000544069640914037,0.00064544455709187,"男性 | 20至29歲 | 高中、職 | 桃竹苗區 | 大陸各省市 | 06 | 03 | 09"
"男性","20至29歲","高中、職","桃竹苗區","本省客家人","00","00","07",1,1.470041801,0.000544069640914037,0.000807486039487165,"男性 | 20至29歲 | 高中、職 | 桃竹苗區 | 本省客家人 | 00 | 00 | 07"
"男性","20至29歲","高中、職","桃竹苗區","本省客家人","03","00","07",1,1.456817194,0.000544069640914037,0.000800221834127195,"男性 | 20至29歲 | 高中、職 | 桃竹苗區 | 本省客家人 | 03 | 00 | 07"
"男性","20至29歲","高中、職","桃竹苗區","本省閩南人","05","05","05",1,1.456817194,0.000544069640914037,0.000800221834127195,"男性 | 20至29歲 | 高中、職 | 桃竹苗區 | 本省閩南人 | 05 | 05 | 05"
"男性","20至29歲","高中、職","雲嘉南區","本省客家人","05","05","05",1,1.302384343,0.000544069640914037,0.000715392701284937,"男性 | 20至29歲 | 高中、職 | 雲嘉南區 | 本省客家人 | 05 | 05 | 05"
"男性","20至29歲","高中、職","雲嘉南區","本省閩南人","05","05","05",1,1.302384343,0.000544069640914037,0.000715392701284937,"男性 | 20至29歲 | 高中、職 | 雲嘉南區 | 本省閩南人 | 05 | 05 | 05"
"男性","20至29歲","高中、職","雲嘉南區","本省閩南人","07","05","08",1,1.302384343,0.000544069640914037,0.000715392701284937,"男性 | 20至29歲 | 高中、職 | 雲嘉南區 | 本省閩南人 | 07 | 05 | 08"
"男性","20至29歲","高中、職","高屏澎湖區","本省閩南人","00","04","10",1,1.088187915,0.000544069640914037,0.000597735757652204,"男性 | 20至29歲 | 高中、職 | 高屏澎湖區 | 本省閩南人 | 00 | 04 | 10"
"男性","20至29歲","高中、職","高屏澎湖區","本省閩南人","00","10","05",1,1.361381919,0.000544069640914037,0.000747799751853959,"男性 | 20至29歲 | 高中、職 | 高屏澎湖區 | 本省閩南人 | 00 | 10 | 05"
"男性","20至29歲","高中、職","高屏澎湖區","本省閩南人","03","08","05",1,1.349134824,0.000544069640914037,0.000741072488567945,"男性 | 20至29歲 | 高中、職 | 高屏澎湖區 | 本省閩南人 | 03 | 08 | 05"
"男性","20至29歲","高中、職","高屏澎湖區","本省閩南人","06","08","07",1,1.349134824,0.000544069640914037,0.000741072488567945,"男性 | 20至29歲 | 高中、職 | 高屏澎湖區 | 本省閩南人 | 06 | 08 | 07"
"男性","30至39歲","國、初中","高屏澎湖區","本省閩南人","00","00","00",1,1.484717401,0.000544069640914037,0.000815547267482884,"男性 | 30至39歲 | 國、初中 | 高屏澎湖區 | 本省閩南人 | 00 | 00 | 00"
"男性","30至39歲","國、初中","高屏澎湖區","本省閩南人","00","10","05",1,1.349134824,0.000544069640914037,0.000741072488567945,"男性 | 30至39歲 | 國、初中 | 高屏澎湖區 | 本省閩南人 | 00 | 10 | 05"
"男性","30至39歲","大學及以上","中彰投區","本省客家人","04","07","07",1,0.927650901,0.000544069640914037,0.000509553640968329,"男性 | 30至39歲 | 大學及以上 | 中彰投區 | 本省客家人 | 04 | 07 | 07"
"男性","30至39歲","大學及以上","中彰投區","本省閩南人","00","00","10",1,0.927650901,0.000544069640914037,0.000509553640968329,"男性 | 30至39歲 | 大學及以上 | 中彰投區 | 本省閩南人 | 00 | 00 | 10"
"男性","30至39歲","大學及以上","中彰投區","本省閩南人","03","00","05",1,0.927650901,0.000544069640914037,0.000509553640968329,"男性 | 30至39歲 | 大學及以上 | 中彰投區 | 本省閩南人 | 03 | 00 | 05"
"男性","30至39歲","大學及以上","中彰投區","本省閩南人","03","00","06",1,0.927650901,0.000544069640914037,0.000509553640968329,"男性 | 30至39歲 | 大學及以上 | 中彰投區 | 本省閩南人 | 03 | 00 | 06"
"男性","30至39歲","大學及以上","中彰投區","本省閩南人","03","04","03",1,0.927650901,0.000544069640914037,0.000509553640968329,"男性 | 30至39歲 | 大學及以上 | 中彰投區 | 本省閩南人 | 03 | 04 | 03"
"男性","30至39歲","大學及以上","中彰投區","本省閩南人","03","07","06",1,0.927650901,0.000544069640914037,0.000509553640968329,"男性 | 30至39歲 | 大學及以上 | 中彰投區 | 本省閩南人 | 03 | 07 | 06"
"男性","30至39歲","大學及以上","中彰投區","本省閩南人","05","02","08",1,1.057012908,0.000544069640914037,0.000580611494303849,"男性 | 30至39歲 | 大學及以上 | 中彰投區 | 本省閩南人 | 05 | 02 | 08"
"男性","30至39歲","大學及以上","中彰投區","本省閩南人","05","04","03",1,1.057012908,0.000544069640914037,0.000580611494303849,"男性 | 30至39歲 | 大學及以上 | 中彰投區 | 本省閩南人 | 05 | 04 | 03"
"男性","30至39歲","大學及以上","中彰投區","本省閩南人","06","00","03",1,1.057012908,0.000544069640914037,0.000580611494303849,"男性 | 30至39歲 | 大學及以上 | 中彰投區 | 本省閩南人 | 06 | 00 | 03"
"男性","30至39歲","大學及以上","北北基宜蘭區","大陸各省市","00","10","00",1,1.13822698,0.000544069640914037,0.000625221946404799,"男性 | 30至39歲 | 大學及以上 | 北北基宜蘭區 | 大陸各省市 | 00 | 10 | 00"
"男性","30至39歲","大學及以上","北北基宜蘭區","大陸各省市","01","00","07",1,1.296954068,0.000544069640914037,0.000712409880490254,"男性 | 30至39歲 | 大學及以上 | 北北基宜蘭區 | 大陸各省市 | 01 | 00 | 07"
"男性","30至39歲","大學及以上","北北基宜蘭區","大陸各省市","02","04","03",1,1.13822698,0.000544069640914037,0.000625221946404799,"男性 | 30至39歲 | 大學及以上 | 北北基宜蘭區 | 大陸各省市 | 02 | 04 | 03"
"男性","30至39歲","大學及以上","北北基宜蘭區","大陸各省市","05","05","05",1,1.13822698,0.000544069640914037,0.000625221946404799,"男性 | 30至39歲 | 大學及以上 | 北北基宜蘭區 | 大陸各省市 | 05 | 05 | 05"
"男性","30至39歲","大學及以上","北北基宜蘭區","大陸各省市","07","04","06",1,1.13822698,0.000544069640914037,0.000625221946404799,"男性 | 30至39歲 | 大學及以上 | 北北基宜蘭區 | 大陸各省市 | 07 | 04 | 06"
"男性","30至39歲","大學及以上","北北基宜蘭區","本省客家人","04","02","05",1,1.296954068,0.000544069640914037,0.000712409880490254,"男性 | 30至39歲 | 大學及以上 | 北北基宜蘭區 | 本省客家人 | 04 | 02 | 05"
"男性","30至39歲","大學及以上","北北基宜蘭區","本省客家人","06","05","06",1,1.13822698,0.000544069640914037,0.000625221946404799,"男性 | 30至39歲 | 大學及以上 | 北北基宜蘭區 | 本省客家人 | 06 | 05 | 06"
"男性","30至39歲","大學及以上","北北基宜蘭區","本省客家人","07","00","09",1,1.13822698,0.000544069640914037,0.000625221946404799,"男性 | 30至39歲 | 大學及以上 | 北北基宜蘭區 | 本省客家人 | 07 | 00 | 09"
"男性","30至39歲","大學及以上","北北基宜蘭區","本省客家人","08","04","10",1,1.13822698,0.000544069640914037,0.000625221946404799,"男性 | 30至39歲 | 大學及以上 | 北北基宜蘭區 | 本省客家人 | 08 | 04 | 10"
"男性","30至39歲","大學及以上","北北基宜蘭區","本省閩南人","00","00","00",1,1.13822698,0.000544069640914037,0.000625221946404799,"男性 | 30至39歲 | 大學及以上 | 北北基宜蘭區 | 本省閩南人 | 00 | 00 | 00"
"男性","30至39歲","大學及以上","北北基宜蘭區","本省閩南人","00","09","03",1,1.296954068,0.000544069640914037,0.000712409880490254,"男性 | 30至39歲 | 大學及以上 | 北北基宜蘭區 | 本省閩南人 | 00 | 09 | 03"
"男性","30至39歲","大學及以上","北北基宜蘭區","本省閩南人","02","02","02",1,1.13822698,0.000544069640914037,0.000625221946404799,"男性 | 30至39歲 | 大學及以上 | 北北基宜蘭區 | 本省閩南人 | 02 | 02 | 02"
"男性","30至39歲","大學及以上","北北基宜蘭區","本省閩南人","02","06","04",1,1.13822698,0.000544069640914037,0.000625221946404799,"男性 | 30至39歲 | 大學及以上 | 北北基宜蘭區 | 本省閩南人 | 02 | 06 | 04"
"男性","30至39歲","大學及以上","北北基宜蘭區","本省閩南人","03","03","06",1,1.296954068,0.000544069640914037,0.000712409880490254,"男性 | 30至39歲 | 大學及以上 | 北北基宜蘭區 | 本省閩南人 | 03 | 03 | 06"
"男性","30至39歲","大學及以上","北北基宜蘭區","本省閩南人","03","04","06",1,1.296954068,0.000544069640914037,0.000712409880490254,"男性 | 30至39歲 | 大學及以上 | 北北基宜蘭區 | 本省閩南人 | 03 | 04 | 06"
"男性","30至39歲","大學及以上","北北基宜蘭區","本省閩南人","03","05","07",1,1.296954068,0.000544069640914037,0.000712409880490254,"男性 | 30至39歲 | 大學及以上 | 北北基宜蘭區 | 本省閩南人 | 03 | 05 | 07"
"男性","30至39歲","大學及以上","北北基宜蘭區","本省閩南人","03","07","00",1,1.13822698,0.000544069640914037,0.000625221946404799,"男性 | 30至39歲 | 大學及以上 | 北北基宜蘭區 | 本省閩南人 | 03 | 07 | 00"
"男性","30至39歲","大學及以上","北北基宜蘭區","本省閩南人","03","08","00",1,1.13822698,0.000544069640914037,0.000625221946404799,"男性 | 30至39歲 | 大學及以上 | 北北基宜蘭區 | 本省閩南人 | 03 | 08 | 00"
"男性","30至39歲","大學及以上","北北基宜蘭區","本省閩南人","04","02","07",1,1.13822698,0.000544069640914037,0.000625221946404799,"男性 | 30至39歲 | 大學及以上 | 北北基宜蘭區 | 本省閩南人 | 04 | 02 | 07"
"男性","30至39歲","大學及以上","北北基宜蘭區","本省閩南人","04","07","07",1,1.239469446,0.000544069640914037,0.000680833887400383,"男性 | 30至39歲 | 大學及以上 | 北北基宜蘭區 | 本省閩南人 | 04 | 07 | 07"
"男性","30至39歲","大學及以上","北北基宜蘭區","本省閩南人","05","03","07",1,1.296954068,0.000544069640914037,0.000712409880490254,"男性 | 30至39歲 | 大學及以上 | 北北基宜蘭區 | 本省閩南人 | 05 | 03 | 07"
"男性","30至39歲","大學及以上","北北基宜蘭區","本省閩南人","05","04","06",1,1.13822698,0.000544069640914037,0.000625221946404799,"男性 | 30至39歲 | 大學及以上 | 北北基宜蘭區 | 本省閩南人 | 05 | 04 | 06"
"男性","30至39歲","大學及以上","北北基宜蘭區","本省閩南人","05","05","05",1,1.13822698,0.000544069640914037,0.000625221946404799,"男性 | 30至39歲 | 大學及以上 | 北北基宜蘭區 | 本省閩南人 | 05 | 05 | 05"
"男性","30至39歲","大學及以上","北北基宜蘭區","本省閩南人","05","05","08",1,1.13822698,0.000544069640914037,0.000625221946404799,"男性 | 30至39歲 | 大學及以上 | 北北基宜蘭區 | 本省閩南人 | 05 | 05 | 08"
"男性","30至39歲","大學及以上","北北基宜蘭區","本省閩南人","05","07","03",1,1.13822698,0.000544069640914037,0.000625221946404799,"男性 | 30至39歲 | 大學及以上 | 北北基宜蘭區 | 本省閩南人 | 05 | 07 | 03"
"男性","30至39歲","大學及以上","北北基宜蘭區","本省閩南人","07","00","08",1,1.296954068,0.000544069640914037,0.000712409880490254,"男性 | 30至39歲 | 大學及以上 | 北北基宜蘭區 | 本省閩南人 | 07 | 00 | 08"
"男性","30至39歲","大學及以上","桃竹苗區","大陸各省市","03","04","08",1,1.031235569,0.000544069640914037,0.00056645214090079,"男性 | 30至39歲 | 大學及以上 | 桃竹苗區 | 大陸各省市 | 03 | 04 | 08"
"男性","30至39歲","大學及以上","桃竹苗區","大陸各省市","04","04","04",1,1.17504258,0.000544069640914037,0.00064544455709187,"男性 | 30至39歲 | 大學及以上 | 桃竹苗區 | 大陸各省市 | 04 | 04 | 04"
"男性","30至39歲","大學及以上","桃竹苗區","大陸各省市","04","06","08",1,1.031235569,0.000544069640914037,0.00056645214090079,"男性 | 30至39歲 | 大學及以上 | 桃竹苗區 | 大陸各省市 | 04 | 06 | 08"
"男性","30至39歲","大學及以上","桃竹苗區","大陸各省市","05","03","10",1,1.031235569,0.000544069640914037,0.00056645214090079,"男性 | 30至39歲 | 大學及以上 | 桃竹苗區 | 大陸各省市 | 05 | 03 | 10"
"男性","30至39歲","大學及以上","桃竹苗區","本省客家人","02","00","10",1,1.17504258,0.000544069640914037,0.00064544455709187,"男性 | 30至39歲 | 大學及以上 | 桃竹苗區 | 本省客家人 | 02 | 00 | 10"
"男性","30至39歲","大學及以上","桃竹苗區","本省客家人","02","03","05",1,1.031235569,0.000544069640914037,0.00056645214090079,"男性 | 30至39歲 | 大學及以上 | 桃竹苗區 | 本省客家人 | 02 | 03 | 05"
"男性","30至39歲","大學及以上","桃竹苗區","本省客家人","02","07","09",1,1.031235569,0.000544069640914037,0.00056645214090079,"男性 | 30至39歲 | 大學及以上 | 桃竹苗區 | 本省客家人 | 02 | 07 | 09"
"男性","30至39歲","大學及以上","桃竹苗區","本省客家人","03","01","03",1,1.031235569,0.000544069640914037,0.00056645214090079,"男性 | 30至39歲 | 大學及以上 | 桃竹苗區 | 本省客家人 | 03 | 01 | 03"
"男性","30至39歲","大學及以上","桃竹苗區","本省客家人","03","02","07",1,1.031235569,0.000544069640914037,0.00056645214090079,"男性 | 30至39歲 | 大學及以上 | 桃竹苗區 | 本省客家人 | 03 | 02 | 07"
"男性","30至39歲","大學及以上","桃竹苗區","本省客家人","04","06","07",1,1.031235569,0.000544069640914037,0.00056645214090079,"男性 | 30至39歲 | 大學及以上 | 桃竹苗區 | 本省客家人 | 04 | 06 | 07"
"男性","30至39歲","大學及以上","桃竹苗區","本省客家人","06","04","02",1,1.031235569,0.000544069640914037,0.00056645214090079,"男性 | 30至39歲 | 大學及以上 | 桃竹苗區 | 本省客家人 | 06 | 04 | 02"
"男性","30至39歲","大學及以上","桃竹苗區","本省閩南人","00","05","07",1,1.031235569,0.000544069640914037,0.00056645214090079,"男性 | 30至39歲 | 大學及以上 | 桃竹苗區 | 本省閩南人 | 00 | 05 | 07"
"男性","30至39歲","大學及以上","桃竹苗區","本省閩南人","00","07","05",1,1.17504258,0.000544069640914037,0.00064544455709187,"男性 | 30至39歲 | 大學及以上 | 桃竹苗區 | 本省閩南人 | 00 | 07 | 05"
"男性","30至39歲","大學及以上","桃竹苗區","本省閩南人","02","01","08",1,1.031235569,0.000544069640914037,0.00056645214090079,"男性 | 30至39歲 | 大學及以上 | 桃竹苗區 | 本省閩南人 | 02 | 01 | 08"
"男性","30至39歲","大學及以上","桃竹苗區","本省閩南人","03","01","08",1,1.031235569,0.000544069640914037,0.00056645214090079,"男性 | 30至39歲 | 大學及以上 | 桃竹苗區 | 本省閩南人 | 03 | 01 | 08"
"男性","30至39歲","大學及以上","桃竹苗區","本省閩南人","04","02","07",1,1.031235569,0.000544069640914037,0.00056645214090079,"男性 | 30至39歲 | 大學及以上 | 桃竹苗區 | 本省閩南人 | 04 | 02 | 07"
"男性","30至39歲","大學及以上","桃竹苗區","本省閩南人","04","04","06",1,1.031235569,0.000544069640914037,0.00056645214090079,"男性 | 30至39歲 | 大學及以上 | 桃竹苗區 | 本省閩南人 | 04 | 04 | 06"
"男性","30至39歲","大學及以上","桃竹苗區","本省閩南人","04","06","08",1,1.17504258,0.000544069640914037,0.00064544455709187,"男性 | 30至39歲 | 大學及以上 | 桃竹苗區 | 本省閩南人 | 04 | 06 | 08"
"男性","30至39歲","大學及以上","桃竹苗區","本省閩南人","05","02","07",1,1.031235569,0.000544069640914037,0.00056645214090079,"男性 | 30至39歲 | 大學及以上 | 桃竹苗區 | 本省閩南人 | 05 | 02 | 07"
"男性","30至39歲","大學及以上","桃竹苗區","本省閩南人","05","05","05",1,1.031235569,0.000544069640914037,0.00056645214090079,"男性 | 30至39歲 | 大學及以上 | 桃竹苗區 | 本省閩南人 | 05 | 05 | 05"
"男性","30至39歲","大學及以上","桃竹苗區","本省閩南人","05","05","07",1,1.031235569,0.000544069640914037,0.00056645214090079,"男性 | 30至39歲 | 大學及以上 | 桃竹苗區 | 本省閩南人 | 05 | 05 | 07"
"男性","30至39歲","大學及以上","桃竹苗區","本省閩南人","06","00","06",1,1.031235569,0.000544069640914037,0.00056645214090079,"男性 | 30至39歲 | 大學及以上 | 桃竹苗區 | 本省閩南人 | 06 | 00 | 06"
"男性","30至39歲","大學及以上","桃竹苗區","本省閩南人","07","03","05",1,1.031235569,0.000544069640914037,0.00056645214090079,"男性 | 30至39歲 | 大學及以上 | 桃竹苗區 | 本省閩南人 | 07 | 03 | 05"
"男性","30至39歲","大學及以上","桃竹苗區","本省閩南人","07","03","10",1,1.17504258,0.000544069640914037,0.00064544455709187,"男性 | 30至39歲 | 大學及以上 | 桃竹苗區 | 本省閩南人 | 07 | 03 | 10"
"男性","30至39歲","大學及以上","桃竹苗區","本省閩南人","08","00","03",1,1.031235569,0.000544069640914037,0.00056645214090079,"男性 | 30至39歲 | 大學及以上 | 桃竹苗區 | 本省閩南人 | 08 | 00 | 03"
"男性","30至39歲","大學及以上","花東外島區","外國新住民","07","03","09",1,0.73293359,0.000544069640914037,0.000402596471334089,"男性 | 30至39歲 | 大學及以上 | 花東外島區 | 外國新住民 | 07 | 03 | 09"
"男性","30至39歲","大學及以上","花東外島區","本省閩南人","07","00","05",1,0.73293359,0.000544069640914037,0.000402596471334089,"男性 | 30至39歲 | 大學及以上 | 花東外島區 | 本省閩南人 | 07 | 00 | 05"
"男性","30至39歲","大學及以上","雲嘉南區","原住民","08","03","06",1,0.921917358,0.000544069640914037,0.000506404236695505,"男性 | 30至39歲 | 大學及以上 | 雲嘉南區 | 原住民 | 08 | 03 | 06"
"男性","30至39歲","大學及以上","雲嘉南區","本省客家人","00","05","04",1,0.921917358,0.000544069640914037,0.000506404236695505,"男性 | 30至39歲 | 大學及以上 | 雲嘉南區 | 本省客家人 | 00 | 05 | 04"
"男性","30至39歲","大學及以上","雲嘉南區","本省閩南人","00","00","01",1,0.921917358,0.000544069640914037,0.000506404236695505,"男性 | 30至39歲 | 大學及以上 | 雲嘉南區 | 本省閩南人 | 00 | 00 | 01"
"男性","30至39歲","大學及以上","雲嘉南區","本省閩南人","00","05","00",1,0.921917358,0.000544069640914037,0.000506404236695505,"男性 | 30至39歲 | 大學及以上 | 雲嘉南區 | 本省閩南人 | 00 | 05 | 00"
"男性","30至39歲","大學及以上","雲嘉南區","本省閩南人","00","06","03",1,0.921917358,0.000544069640914037,0.000506404236695505,"男性 | 30至39歲 | 大學及以上 | 雲嘉南區 | 本省閩南人 | 00 | 06 | 03"
"男性","30至39歲","大學及以上","雲嘉南區","本省閩南人","02","02","02",1,0.921917358,0.000544069640914037,0.000506404236695505,"男性 | 30至39歲 | 大學及以上 | 雲嘉南區 | 本省閩南人 | 02 | 02 | 02"
"男性","30至39歲","大學及以上","雲嘉南區","本省閩南人","02","03","03",1,0.921917358,0.000544069640914037,0.000506404236695505,"男性 | 30至39歲 | 大學及以上 | 雲嘉南區 | 本省閩南人 | 02 | 03 | 03"
"男性","30至39歲","大學及以上","雲嘉南區","本省閩南人","03","05","04",1,0.921917358,0.000544069640914037,0.000506404236695505,"男性 | 30至39歲 | 大學及以上 | 雲嘉南區 | 本省閩南人 | 03 | 05 | 04"
"男性","30至39歲","大學及以上","雲嘉南區","本省閩南人","04","06","05",1,0.921917358,0.000544069640914037,0.000506404236695505,"男性 | 30至39歲 | 大學及以上 | 雲嘉南區 | 本省閩南人 | 04 | 06 | 05"
"男性","30至39歲","大學及以上","雲嘉南區","本省閩南人","05","03","06",1,0.921917358,0.000544069640914037,0.000506404236695505,"男性 | 30至39歲 | 大學及以上 | 雲嘉南區 | 本省閩南人 | 05 | 03 | 06"
"男性","30至39歲","大學及以上","雲嘉南區","本省閩南人","05","05","05",1,0.921917358,0.000544069640914037,0.000506404236695505,"男性 | 30至39歲 | 大學及以上 | 雲嘉南區 | 本省閩南人 | 05 | 05 | 05"
"男性","30至39歲","大學及以上","雲嘉南區","本省閩南人","05","05","06",1,1.050479816,0.000544069640914037,0.000577022902073957,"男性 | 30至39歲 | 大學及以上 | 雲嘉南區 | 本省閩南人 | 05 | 05 | 06"
"男性","30至39歲","大學及以上","雲嘉南區","本省閩南人","06","03","07",1,0.921917358,0.000544069640914037,0.000506404236695505,"男性 | 30至39歲 | 大學及以上 | 雲嘉南區 | 本省閩南人 | 06 | 03 | 07"
"男性","30至39歲","大學及以上","雲嘉南區","本省閩南人","06","04","08",1,0.921917358,0.000544069640914037,0.000506404236695505,"男性 | 30至39歲 | 大學及以上 | 雲嘉南區 | 本省閩南人 | 06 | 04 | 08"
"男性","30至39歲","大學及以上","雲嘉南區","本省閩南人","07","07","07",1,0.921917358,0.000544069640914037,0.000506404236695505,"男性 | 30至39歲 | 大學及以上 | 雲嘉南區 | 本省閩南人 | 07 | 07 | 07"
"男性","30至39歲","大學及以上","高屏澎湖區","大陸各省市","03","05","05",1,0.95501057,0.000544069640914037,0.000524582159713484,"男性 | 30至39歲 | 大學及以上 | 高屏澎湖區 | 大陸各省市 | 03 | 05 | 05"
"男性","30至39歲","大學及以上","高屏澎湖區","本省客家人","00","08","00",1,0.95501057,0.000544069640914037,0.000524582159713484,"男性 | 30至39歲 | 大學及以上 | 高屏澎湖區 | 本省客家人 | 00 | 08 | 00"
"男性","30至39歲","大學及以上","高屏澎湖區","本省客家人","05","02","08",1,1.088187915,0.000544069640914037,0.000597735757652204,"男性 | 30至39歲 | 大學及以上 | 高屏澎湖區 | 本省客家人 | 05 | 02 | 08"
"男性","30至39歲","大學及以上","高屏澎湖區","本省閩南人","00","08","00",1,1.088187915,0.000544069640914037,0.000597735757652204,"男性 | 30至39歲 | 大學及以上 | 高屏澎湖區 | 本省閩南人 | 00 | 08 | 00"
"男性","30至39歲","大學及以上","高屏澎湖區","本省閩南人","01","05","05",1,0.95501057,0.000544069640914037,0.000524582159713484,"男性 | 30至39歲 | 大學及以上 | 高屏澎湖區 | 本省閩南人 | 01 | 05 | 05"
"男性","30至39歲","大學及以上","高屏澎湖區","本省閩南人","01","08","06",1,0.95501057,0.000544069640914037,0.000524582159713484,"男性 | 30至39歲 | 大學及以上 | 高屏澎湖區 | 本省閩南人 | 01 | 08 | 06"
"男性","30至39歲","大學及以上","高屏澎湖區","本省閩南人","02","03","05",1,0.95501057,0.000544069640914037,0.000524582159713484,"男性 | 30至39歲 | 大學及以上 | 高屏澎湖區 | 本省閩南人 | 02 | 03 | 05"
"男性","30至39歲","大學及以上","高屏澎湖區","本省閩南人","02","08","04",1,0.95501057,0.000544069640914037,0.000524582159713484,"男性 | 30至39歲 | 大學及以上 | 高屏澎湖區 | 本省閩南人 | 02 | 08 | 04"
"男性","30至39歲","大學及以上","高屏澎湖區","本省閩南人","03","03","03",1,0.95501057,0.000544069640914037,0.000524582159713484,"男性 | 30至39歲 | 大學及以上 | 高屏澎湖區 | 本省閩南人 | 03 | 03 | 03"
"男性","30至39歲","大學及以上","高屏澎湖區","本省閩南人","03","03","05",1,0.95501057,0.000544069640914037,0.000524582159713484,"男性 | 30至39歲 | 大學及以上 | 高屏澎湖區 | 本省閩南人 | 03 | 03 | 05"
"男性","30至39歲","大學及以上","高屏澎湖區","本省閩南人","03","05","06",1,1.088187915,0.000544069640914037,0.000597735757652204,"男性 | 30至39歲 | 大學及以上 | 高屏澎湖區 | 本省閩南人 | 03 | 05 | 06"
"男性","30至39歲","大學及以上","高屏澎湖區","本省閩南人","03","05","07",1,0.95501057,0.000544069640914037,0.000524582159713484,"男性 | 30至39歲 | 大學及以上 | 高屏澎湖區 | 本省閩南人 | 03 | 05 | 07"
"男性","30至39歲","大學及以上","高屏澎湖區","本省閩南人","03","09","00",1,0.95501057,0.000544069640914037,0.000524582159713484,"男性 | 30至39歲 | 大學及以上 | 高屏澎湖區 | 本省閩南人 | 03 | 09 | 00"
"男性","30至39歲","大學及以上","高屏澎湖區","本省閩南人","04","00","04",1,0.95501057,0.000544069640914037,0.000524582159713484,"男性 | 30至39歲 | 大學及以上 | 高屏澎湖區 | 本省閩南人 | 04 | 00 | 04"
"男性","30至39歲","大學及以上","高屏澎湖區","本省閩南人","04","06","07",1,1.088187915,0.000544069640914037,0.000597735757652204,"男性 | 30至39歲 | 大學及以上 | 高屏澎湖區 | 本省閩南人 | 04 | 06 | 07"
"男性","30至39歲","大學及以上","高屏澎湖區","本省閩南人","05","00","08",1,0.95501057,0.000544069640914037,0.000524582159713484,"男性 | 30至39歲 | 大學及以上 | 高屏澎湖區 | 本省閩南人 | 05 | 00 | 08"
"男性","30至39歲","大學及以上","高屏澎湖區","本省閩南人","05","06","06",1,0.95501057,0.000544069640914037,0.000524582159713484,"男性 | 30至39歲 | 大學及以上 | 高屏澎湖區 | 本省閩南人 | 05 | 06 | 06"
"男性","30至39歲","大學及以上","高屏澎湖區","本省閩南人","05","07","04",1,1.088187915,0.000544069640914037,0.000597735757652204,"男性 | 30至39歲 | 大學及以上 | 高屏澎湖區 | 本省閩南人 | 05 | 07 | 04"
"男性","30至39歲","大學及以上","高屏澎湖區","本省閩南人","06","00","06",1,0.95501057,0.000544069640914037,0.000524582159713484,"男性 | 30至39歲 | 大學及以上 | 高屏澎湖區 | 本省閩南人 | 06 | 00 | 06"
"男性","30至39歲","大學及以上","高屏澎湖區","本省閩南人","06","01","09",1,1.088187915,0.000544069640914037,0.000597735757652204,"男性 | 30至39歲 | 大學及以上 | 高屏澎湖區 | 本省閩南人 | 06 | 01 | 09"
"男性","30至39歲","大學及以上","高屏澎湖區","本省閩南人","06","03","05",1,0.95501057,0.000544069640914037,0.000524582159713484,"男性 | 30至39歲 | 大學及以上 | 高屏澎湖區 | 本省閩南人 | 06 | 03 | 05"
"男性","30至39歲","專科","北北基宜蘭區","本省閩南人","06","03","05",1,1.411173232,0.000544069640914037,0.000775149851768047,"男性 | 30至39歲 | 專科 | 北北基宜蘭區 | 本省閩南人 | 06 | 03 | 05"
"男性","30至39歲","專科","桃竹苗區","本省閩南人","05","05","05",1,1.122961415,0.000544069640914037,0.0006168366538138,"男性 | 30至39歲 | 專科 | 桃竹苗區 | 本省閩南人 | 05 | 05 | 05"
"男性","30至39歲","專科","桃竹苗區","本省閩南人","06","05","09",1,1.279559703,0.000544069640914037,0.000702855249530992,"男性 | 30至39歲 | 專科 | 桃竹苗區 | 本省閩南人 | 06 | 05 | 09"
"男性","30至39歲","專科","雲嘉南區","本省閩南人","04","04","07",1,1.00391962,0.000544069640914037,0.000551447637316036,"男性 | 30至39歲 | 專科 | 雲嘉南區 | 本省閩南人 | 04 | 04 | 07"
"男性","30至39歲","專科","雲嘉南區","本省閩南人","05","05","05",1,1.14391739,0.000544069640914037,0.00062834765795316,"男性 | 30至39歲 | 專科 | 雲嘉南區 | 本省閩南人 | 05 | 05 | 05"
"男性","30至39歲","高中、職","中彰投區","本省閩南人","00","08","07",1,1.310484067,0.000544069640914037,0.000719841836030119,"男性 | 30至39歲 | 高中、職 | 中彰投區 | 本省閩南人 | 00 | 08 | 07"
"男性","30至39歲","高中、職","中彰投區","本省閩南人","04","04","04",1,1.310484067,0.000544069640914037,0.000719841836030119,"男性 | 30至39歲 | 高中、職 | 中彰投區 | 本省閩南人 | 04 | 04 | 04"
"男性","30至39歲","高中、職","北北基宜蘭區","本省閩南人","03","05","08",1,1.411173232,0.000544069640914037,0.000775149851768047,"男性 | 30至39歲 | 高中、職 | 北北基宜蘭區 | 本省閩南人 | 03 | 05 | 08"
"男性","30至39歲","高中、職","北北基宜蘭區","本省閩南人","04","07","06",1,1.411173232,0.000544069640914037,0.000775149851768047,"男性 | 30至39歲 | 高中、職 | 北北基宜蘭區 | 本省閩南人 | 04 | 07 | 06"
"男性","30至39歲","高中、職","桃竹苗區","本省客家人","03","05","07",1,1.278525336,0.000544069640914037,0.000702287077311917,"男性 | 30至39歲 | 高中、職 | 桃竹苗區 | 本省客家人 | 03 | 05 | 07"
"男性","30至39歲","高中、職","桃竹苗區","本省閩南人","05","05","05",1,1.456817194,0.000544069640914037,0.000800221834127195,"男性 | 30至39歲 | 高中、職 | 桃竹苗區 | 本省閩南人 | 05 | 05 | 05"
"男性","30至39歲","高中、職","花東外島區","本省客家人","05","05","05",1,0.908690692,0.000544069640914037,0.000499138900337931,"男性 | 30至39歲 | 高中、職 | 花東外島區 | 本省客家人 | 05 | 05 | 05"
"男性","30至39歲","高中、職","雲嘉南區","本省客家人","00","03","05",1,1.142992673,0.000544069640914037,0.0006278397158882,"男性 | 30至39歲 | 高中、職 | 雲嘉南區 | 本省客家人 | 00 | 03 | 05"
"男性","30至39歲","高中、職","雲嘉南區","本省閩南人","00","10","05",1,1.142992673,0.000544069640914037,0.0006278397158882,"男性 | 30至39歲 | 高中、職 | 雲嘉南區 | 本省閩南人 | 00 | 10 | 05"
"男性","30至39歲","高中、職","雲嘉南區","本省閩南人","03","01","09",1,1.142992673,0.000544069640914037,0.0006278397158882,"男性 | 30至39歲 | 高中、職 | 雲嘉南區 | 本省閩南人 | 03 | 01 | 09"
"男性","30至39歲","高中、職","雲嘉南區","本省閩南人","04","04","09",1,1.142992673,0.000544069640914037,0.0006278397158882,"男性 | 30至39歲 | 高中、職 | 雲嘉南區 | 本省閩南人 | 04 | 04 | 09"
"男性","30至39歲","高中、職","雲嘉南區","本省閩南人","04","05","05",1,1.142992673,0.000544069640914037,0.0006278397158882,"男性 | 30至39歲 | 高中、職 | 雲嘉南區 | 本省閩南人 | 04 | 05 | 05"
"男性","30至39歲","高中、職","雲嘉南區","本省閩南人","05","05","05",1,1.302384343,0.000544069640914037,0.000715392701284937,"男性 | 30至39歲 | 高中、職 | 雲嘉南區 | 本省閩南人 | 05 | 05 | 05"
"男性","30至39歲","高中、職","雲嘉南區","本省閩南人","05","08","05",1,1.142992673,0.000544069640914037,0.0006278397158882,"男性 | 30至39歲 | 高中、職 | 雲嘉南區 | 本省閩南人 | 05 | 08 | 05"
"男性","30至39歲","高中、職","雲嘉南區","本省閩南人","06","08","00",1,1.142992673,0.000544069640914037,0.0006278397158882,"男性 | 30至39歲 | 高中、職 | 雲嘉南區 | 本省閩南人 | 06 | 08 | 00"
"男性","30至39歲","高中、職","高屏澎湖區","大陸各省市","06","02","05",1,1.349134824,0.000544069640914037,0.000741072488567945,"男性 | 30至39歲 | 高中、職 | 高屏澎湖區 | 大陸各省市 | 06 | 02 | 05"
"男性","30至39歲","高中、職","高屏澎湖區","本省閩南人","00","10","00",1,1.349134824,0.000544069640914037,0.000741072488567945,"男性 | 30至39歲 | 高中、職 | 高屏澎湖區 | 本省閩南人 | 00 | 10 | 00"
"男性","30至39歲","高中、職","高屏澎湖區","本省閩南人","05","05","00",1,1.18402162,0.000544069640914037,0.00065037669537737,"男性 | 30至39歲 | 高中、職 | 高屏澎湖區 | 本省閩南人 | 05 | 05 | 00"
"男性","40至49歲","國、初中","中彰投區","本省閩南人","06","03","07",1,1.4421824,0.000544069640914037,0.00079218302064738,"男性 | 40至49歲 | 國、初中 | 中彰投區 | 本省閩南人 | 06 | 03 | 07"
"男性","40至49歲","國、初中","北北基宜蘭區","本省閩南人","02","10","04",1,1.769556753,0.000544069640914037,0.000972007988586263,"男性 | 40至49歲 | 國、初中 | 北北基宜蘭區 | 本省閩南人 | 02 | 10 | 04"
"男性","40至49歲","國、初中","北北基宜蘭區","本省閩南人","04","10","04",1,1.516957579,0.000544069640914037,0.000833256623521516,"男性 | 40至49歲 | 國、初中 | 北北基宜蘭區 | 本省閩南人 | 04 | 10 | 04"
"男性","40至49歲","國、初中","北北基宜蘭區","本省閩南人","05","05","05",1,1.516957579,0.000544069640914037,0.000833256623521516,"男性 | 40至49歲 | 國、初中 | 北北基宜蘭區 | 本省閩南人 | 05 | 05 | 05"
"男性","40至49歲","國、初中","桃竹苗區","本省客家人","05","05","05",1,1.603221413,0.000544069640914037,0.000880640882676769,"男性 | 40至49歲 | 國、初中 | 桃竹苗區 | 本省客家人 | 05 | 05 | 05"
"男性","40至49歲","國、初中","雲嘉南區","本省閩南人","00","10","00",1,1.228673673,0.000544069640914037,0.000674903827468045,"男性 | 40至49歲 | 國、初中 | 雲嘉南區 | 本省閩南人 | 00 | 10 | 00"
"男性","40至49歲","國、初中","雲嘉南區","本省閩南人","00","10","05",1,1.228673673,0.000544069640914037,0.000674903827468045,"男性 | 40至49歲 | 國、初中 | 雲嘉南區 | 本省閩南人 | 00 | 10 | 05"
"男性","40至49歲","國、初中","雲嘉南區","本省閩南人","05","10","00",1,1.228673673,0.000544069640914037,0.000674903827468045,"男性 | 40至49歲 | 國、初中 | 雲嘉南區 | 本省閩南人 | 05 | 10 | 00"
"男性","40至49歲","國、初中","雲嘉南區","本省閩南人","06","01","10",1,1.228673673,0.000544069640914037,0.000674903827468045,"男性 | 40至49歲 | 國、初中 | 雲嘉南區 | 本省閩南人 | 06 | 01 | 10"
"男性","40至49歲","大學及以上","中彰投區","大陸各省市","05","03","06",1,0.795231383,0.000544069640914037,0.00043681631331691,"男性 | 40至49歲 | 大學及以上 | 中彰投區 | 大陸各省市 | 05 | 03 | 06"
"男性","40至49歲","大學及以上","中彰投區","大陸各省市","07","02","03",1,0.795231383,0.000544069640914037,0.00043681631331691,"男性 | 40至49歲 | 大學及以上 | 中彰投區 | 大陸各省市 | 07 | 02 | 03"
"男性","40至49歲","大學及以上","中彰投區","本省閩南人","00","07","05",1,0.927650901,0.000544069640914037,0.000509553640968329,"男性 | 40至49歲 | 大學及以上 | 中彰投區 | 本省閩南人 | 00 | 07 | 05"
"男性","40至49歲","大學及以上","中彰投區","本省閩南人","00","08","00",1,0.795231383,0.000544069640914037,0.00043681631331691,"男性 | 40至49歲 | 大學及以上 | 中彰投區 | 本省閩南人 | 00 | 08 | 00"
"男性","40至49歲","大學及以上","中彰投區","本省閩南人","02","08","00",1,0.927650901,0.000544069640914037,0.000509553640968329,"男性 | 40至49歲 | 大學及以上 | 中彰投區 | 本省閩南人 | 02 | 08 | 00"
"男性","40至49歲","大學及以上","中彰投區","本省閩南人","03","00","06",1,0.927650901,0.000544069640914037,0.000509553640968329,"男性 | 40至49歲 | 大學及以上 | 中彰投區 | 本省閩南人 | 03 | 00 | 06"
"男性","40至49歲","大學及以上","中彰投區","本省閩南人","03","05","05",1,0.795231383,0.000544069640914037,0.00043681631331691,"男性 | 40至49歲 | 大學及以上 | 中彰投區 | 本省閩南人 | 03 | 05 | 05"
"男性","40至49歲","大學及以上","中彰投區","本省閩南人","03","07","07",1,0.927650901,0.000544069640914037,0.000509553640968329,"男性 | 40至49歲 | 大學及以上 | 中彰投區 | 本省閩南人 | 03 | 07 | 07"
"男性","40至49歲","大學及以上","中彰投區","本省閩南人","03","08","02",1,0.795231383,0.000544069640914037,0.00043681631331691,"男性 | 40至49歲 | 大學及以上 | 中彰投區 | 本省閩南人 | 03 | 08 | 02"
"男性","40至49歲","大學及以上","中彰投區","本省閩南人","04","03","07",1,0.795231383,0.000544069640914037,0.00043681631331691,"男性 | 40至49歲 | 大學及以上 | 中彰投區 | 本省閩南人 | 04 | 03 | 07"
"男性","40至49歲","大學及以上","中彰投區","本省閩南人","04","07","08",1,0.927650901,0.000544069640914037,0.000509553640968329,"男性 | 40至49歲 | 大學及以上 | 中彰投區 | 本省閩南人 | 04 | 07 | 08"
"男性","40至49歲","大學及以上","中彰投區","本省閩南人","04","08","03",1,0.795231383,0.000544069640914037,0.00043681631331691,"男性 | 40至49歲 | 大學及以上 | 中彰投區 | 本省閩南人 | 04 | 08 | 03"
"男性","40至49歲","大學及以上","中彰投區","本省閩南人","05","02","07",1,0.795231383,0.000544069640914037,0.00043681631331691,"男性 | 40至49歲 | 大學及以上 | 中彰投區 | 本省閩南人 | 05 | 02 | 07"
"男性","40至49歲","大學及以上","中彰投區","本省閩南人","05","03","09",1,0.795231383,0.000544069640914037,0.00043681631331691,"男性 | 40至49歲 | 大學及以上 | 中彰投區 | 本省閩南人 | 05 | 03 | 09"
"男性","40至49歲","大學及以上","中彰投區","本省閩南人","05","05","05",1,0.795231383,0.000544069640914037,0.00043681631331691,"男性 | 40至49歲 | 大學及以上 | 中彰投區 | 本省閩南人 | 05 | 05 | 05"
"男性","40至49歲","大學及以上","中彰投區","本省閩南人","07","09","05",1,0.865965242,0.000544069640914037,0.000475670040893024,"男性 | 40至49歲 | 大學及以上 | 中彰投區 | 本省閩南人 | 07 | 09 | 05"
"男性","40至49歲","大學及以上","中彰投區","本省閩南人","09","01","00",1,0.795231383,0.000544069640914037,0.00043681631331691,"男性 | 40至49歲 | 大學及以上 | 中彰投區 | 本省閩南人 | 09 | 01 | 00"
"男性","40至49歲","大學及以上","北北基宜蘭區","大陸各省市","05","04","05",1,1.13822698,0.000544069640914037,0.000625221946404799,"男性 | 40至49歲 | 大學及以上 | 北北基宜蘭區 | 大陸各省市 | 05 | 04 | 05"
"男性","40至49歲","大學及以上","北北基宜蘭區","大陸各省市","05","05","05",1,1.13822698,0.000544069640914037,0.000625221946404799,"男性 | 40至49歲 | 大學及以上 | 北北基宜蘭區 | 大陸各省市 | 05 | 05 | 05"
"男性","40至49歲","大學及以上","北北基宜蘭區","大陸各省市","05","05","06",1,0.975748328,0.000544069640914037,0.000535973298430677,"男性 | 40至49歲 | 大學及以上 | 北北基宜蘭區 | 大陸各省市 | 05 | 05 | 06"
"男性","40至49歲","大學及以上","北北基宜蘭區","大陸各省市","05","08","04",1,0.975748328,0.000544069640914037,0.000535973298430677,"男性 | 40至49歲 | 大學及以上 | 北北基宜蘭區 | 大陸各省市 | 05 | 08 | 04"
"男性","40至49歲","大學及以上","北北基宜蘭區","大陸各省市","06","04","00",1,1.13822698,0.000544069640914037,0.000625221946404799,"男性 | 40至49歲 | 大學及以上 | 北北基宜蘭區 | 大陸各省市 | 06 | 04 | 00"
"男性","40至49歲","大學及以上","北北基宜蘭區","大陸各省市","06","04","05",1,0.975748328,0.000544069640914037,0.000535973298430677,"男性 | 40至49歲 | 大學及以上 | 北北基宜蘭區 | 大陸各省市 | 06 | 04 | 05"
"男性","40至49歲","大學及以上","北北基宜蘭區","大陸各省市","07","03","05",1,0.975748328,0.000544069640914037,0.000535973298430677,"男性 | 40至49歲 | 大學及以上 | 北北基宜蘭區 | 大陸各省市 | 07 | 03 | 05"
"男性","40至49歲","大學及以上","北北基宜蘭區","大陸各省市","07","04","05",1,0.975748328,0.000544069640914037,0.000535973298430677,"男性 | 40至49歲 | 大學及以上 | 北北基宜蘭區 | 大陸各省市 | 07 | 04 | 05"
"男性","40至49歲","大學及以上","北北基宜蘭區","本省客家人","00","06","07",1,0.975748328,0.000544069640914037,0.000535973298430677,"男性 | 40至49歲 | 大學及以上 | 北北基宜蘭區 | 本省客家人 | 00 | 06 | 07"
"男性","40至49歲","大學及以上","北北基宜蘭區","本省客家人","00","10","00",1,0.975748328,0.000544069640914037,0.000535973298430677,"男性 | 40至49歲 | 大學及以上 | 北北基宜蘭區 | 本省客家人 | 00 | 10 | 00"
"男性","40至49歲","大學及以上","北北基宜蘭區","本省客家人","01","07","04",1,0.975748328,0.000544069640914037,0.000535973298430677,"男性 | 40至49歲 | 大學及以上 | 北北基宜蘭區 | 本省客家人 | 01 | 07 | 04"
"男性","40至49歲","大學及以上","北北基宜蘭區","本省客家人","03","08","01",1,0.975748328,0.000544069640914037,0.000535973298430677,"男性 | 40至49歲 | 大學及以上 | 北北基宜蘭區 | 本省客家人 | 03 | 08 | 01"
"男性","40至49歲","大學及以上","北北基宜蘭區","本省客家人","04","05","06",1,0.975748328,0.000544069640914037,0.000535973298430677,"男性 | 40至49歲 | 大學及以上 | 北北基宜蘭區 | 本省客家人 | 04 | 05 | 06"
"男性","40至49歲","大學及以上","北北基宜蘭區","本省客家人","05","06","08",1,0.975748328,0.000544069640914037,0.000535973298430677,"男性 | 40至49歲 | 大學及以上 | 北北基宜蘭區 | 本省客家人 | 05 | 06 | 08"
"男性","40至49歲","大學及以上","北北基宜蘭區","本省客家人","05","07","03",1,0.975748328,0.000544069640914037,0.000535973298430677,"男性 | 40至49歲 | 大學及以上 | 北北基宜蘭區 | 本省客家人 | 05 | 07 | 03"
"男性","40至49歲","大學及以上","北北基宜蘭區","本省閩南人","00","00","05",1,1.13822698,0.000544069640914037,0.000625221946404799,"男性 | 40至49歲 | 大學及以上 | 北北基宜蘭區 | 本省閩南人 | 00 | 00 | 05"
"男性","40至49歲","大學及以上","北北基宜蘭區","本省閩南人","00","00","10",1,0.975748328,0.000544069640914037,0.000535973298430677,"男性 | 40至49歲 | 大學及以上 | 北北基宜蘭區 | 本省閩南人 | 00 | 00 | 10"
"男性","40至49歲","大學及以上","北北基宜蘭區","本省閩南人","00","07","07",1,1.13822698,0.000544069640914037,0.000625221946404799,"男性 | 40至49歲 | 大學及以上 | 北北基宜蘭區 | 本省閩南人 | 00 | 07 | 07"
"男性","40至49歲","大學及以上","北北基宜蘭區","本省閩南人","01","04","08",1,0.975748328,0.000544069640914037,0.000535973298430677,"男性 | 40至49歲 | 大學及以上 | 北北基宜蘭區 | 本省閩南人 | 01 | 04 | 08"
"男性","40至49歲","大學及以上","北北基宜蘭區","本省閩南人","01","10","00",1,0.975748328,0.000544069640914037,0.000535973298430677,"男性 | 40至49歲 | 大學及以上 | 北北基宜蘭區 | 本省閩南人 | 01 | 10 | 00"
"男性","40至49歲","大學及以上","北北基宜蘭區","本省閩南人","02","01","05",1,1.13822698,0.000544069640914037,0.000625221946404799,"男性 | 40至49歲 | 大學及以上 | 北北基宜蘭區 | 本省閩南人 | 02 | 01 | 05"
"男性","40至49歲","大學及以上","北北基宜蘭區","本省閩南人","02","02","05",1,1.13822698,0.000544069640914037,0.000625221946404799,"男性 | 40至49歲 | 大學及以上 | 北北基宜蘭區 | 本省閩南人 | 02 | 02 | 05"
"男性","40至49歲","大學及以上","北北基宜蘭區","本省閩南人","02","04","05",1,1.13822698,0.000544069640914037,0.000625221946404799,"男性 | 40至49歲 | 大學及以上 | 北北基宜蘭區 | 本省閩南人 | 02 | 04 | 05"
"男性","40至49歲","大學及以上","北北基宜蘭區","本省閩南人","02","05","08",1,0.966213039,0.000544069640914037,0.000530735615567008,"男性 | 40至49歲 | 大學及以上 | 北北基宜蘭區 | 本省閩南人 | 02 | 05 | 08"
"男性","40至49歲","大學及以上","北北基宜蘭區","本省閩南人","02","06","05",1,0.975748328,0.000544069640914037,0.000535973298430677,"男性 | 40至49歲 | 大學及以上 | 北北基宜蘭區 | 本省閩南人 | 02 | 06 | 05"
"男性","40至49歲","大學及以上","北北基宜蘭區","本省閩南人","02","06","06",1,1.13822698,0.000544069640914037,0.000625221946404799,"男性 | 40至49歲 | 大學及以上 | 北北基宜蘭區 | 本省閩南人 | 02 | 06 | 06"
"男性","40至49歲","大學及以上","北北基宜蘭區","本省閩南人","02","08","07",1,1.13822698,0.000544069640914037,0.000625221946404799,"男性 | 40至49歲 | 大學及以上 | 北北基宜蘭區 | 本省閩南人 | 02 | 08 | 07"
"男性","40至49歲","大學及以上","北北基宜蘭區","本省閩南人","03","03","03",1,0.975748328,0.000544069640914037,0.000535973298430677,"男性 | 40至49歲 | 大學及以上 | 北北基宜蘭區 | 本省閩南人 | 03 | 03 | 03"
"男性","40至49歲","大學及以上","北北基宜蘭區","本省閩南人","03","03","08",1,0.975748328,0.000544069640914037,0.000535973298430677,"男性 | 40至49歲 | 大學及以上 | 北北基宜蘭區 | 本省閩南人 | 03 | 03 | 08"
"男性","40至49歲","大學及以上","北北基宜蘭區","本省閩南人","03","08","00",1,0.975748328,0.000544069640914037,0.000535973298430677,"男性 | 40至49歲 | 大學及以上 | 北北基宜蘭區 | 本省閩南人 | 03 | 08 | 00"
"男性","40至49歲","大學及以上","北北基宜蘭區","本省閩南人","04","07","06",1,0.975748328,0.000544069640914037,0.000535973298430677,"男性 | 40至49歲 | 大學及以上 | 北北基宜蘭區 | 本省閩南人 | 04 | 07 | 06"
"男性","40至49歲","大學及以上","北北基宜蘭區","本省閩南人","05","00","06",1,0.975748328,0.000544069640914037,0.000535973298430677,"男性 | 40至49歲 | 大學及以上 | 北北基宜蘭區 | 本省閩南人 | 05 | 00 | 06"
"男性","40至49歲","大學及以上","北北基宜蘭區","本省閩南人","05","00","10",1,0.975748328,0.000544069640914037,0.000535973298430677,"男性 | 40至49歲 | 大學及以上 | 北北基宜蘭區 | 本省閩南人 | 05 | 00 | 10"
"男性","40至49歲","大學及以上","北北基宜蘭區","本省閩南人","05","03","10",1,0.975748328,0.000544069640914037,0.000535973298430677,"男性 | 40至49歲 | 大學及以上 | 北北基宜蘭區 | 本省閩南人 | 05 | 03 | 10"
"男性","40至49歲","大學及以上","北北基宜蘭區","本省閩南人","05","05","06",1,1.13822698,0.000544069640914037,0.000625221946404799,"男性 | 40至49歲 | 大學及以上 | 北北基宜蘭區 | 本省閩南人 | 05 | 05 | 06"
"男性","40至49歲","大學及以上","北北基宜蘭區","本省閩南人","05","05","08",1,0.975748328,0.000544069640914037,0.000535973298430677,"男性 | 40至49歲 | 大學及以上 | 北北基宜蘭區 | 本省閩南人 | 05 | 05 | 08"
"男性","40至49歲","大學及以上","北北基宜蘭區","本省閩南人","05","06","04",1,0.975748328,0.000544069640914037,0.000535973298430677,"男性 | 40至49歲 | 大學及以上 | 北北基宜蘭區 | 本省閩南人 | 05 | 06 | 04"
"男性","40至49歲","大學及以上","北北基宜蘭區","本省閩南人","05","06","05",1,0.975748328,0.000544069640914037,0.000535973298430677,"男性 | 40至49歲 | 大學及以上 | 北北基宜蘭區 | 本省閩南人 | 05 | 06 | 05"
"男性","40至49歲","大學及以上","北北基宜蘭區","本省閩南人","05","06","06",1,1.13822698,0.000544069640914037,0.000625221946404799,"男性 | 40至49歲 | 大學及以上 | 北北基宜蘭區 | 本省閩南人 | 05 | 06 | 06"
"男性","40至49歲","大學及以上","北北基宜蘭區","本省閩南人","06","02","04",1,0.975748328,0.000544069640914037,0.000535973298430677,"男性 | 40至49歲 | 大學及以上 | 北北基宜蘭區 | 本省閩南人 | 06 | 02 | 04"
"男性","40至49歲","大學及以上","北北基宜蘭區","本省閩南人","06","05","06",1,1.13822698,0.000544069640914037,0.000625221946404799,"男性 | 40至49歲 | 大學及以上 | 北北基宜蘭區 | 本省閩南人 | 06 | 05 | 06"
"男性","40至49歲","大學及以上","北北基宜蘭區","本省閩南人","06","05","07",1,0.721807661,0.000544069640914037,0.000396485058490105,"男性 | 40至49歲 | 大學及以上 | 北北基宜蘭區 | 本省閩南人 | 06 | 05 | 07"
"男性","40至49歲","大學及以上","北北基宜蘭區","本省閩南人","06","07","08",1,0.975748328,0.000544069640914037,0.000535973298430677,"男性 | 40至49歲 | 大學及以上 | 北北基宜蘭區 | 本省閩南人 | 06 | 07 | 08"
"男性","40至49歲","大學及以上","北北基宜蘭區","本省閩南人","07","04","05",1,0.975748328,0.000544069640914037,0.000535973298430677,"男性 | 40至49歲 | 大學及以上 | 北北基宜蘭區 | 本省閩南人 | 07 | 04 | 05"
"男性","40至49歲","大學及以上","北北基宜蘭區","本省閩南人","07","09","05",1,0.975748328,0.000544069640914037,0.000535973298430677,"男性 | 40至49歲 | 大學及以上 | 北北基宜蘭區 | 本省閩南人 | 07 | 09 | 05"
"男性","40至49歲","大學及以上","北北基宜蘭區","本省閩南人","08","03","06",1,1.13822698,0.000544069640914037,0.000625221946404799,"男性 | 40至49歲 | 大學及以上 | 北北基宜蘭區 | 本省閩南人 | 08 | 03 | 06"
"男性","40至49歲","大學及以上","北北基宜蘭區","本省閩南人","08","04","08",1,0.975748328,0.000544069640914037,0.000535973298430677,"男性 | 40至49歲 | 大學及以上 | 北北基宜蘭區 | 本省閩南人 | 08 | 04 | 08"
"男性","40至49歲","大學及以上","桃竹苗區","大陸各省市","01","05","08",1,1.031235569,0.000544069640914037,0.00056645214090079,"男性 | 40至49歲 | 大學及以上 | 桃竹苗區 | 大陸各省市 | 01 | 05 | 08"
"男性","40至49歲","大學及以上","桃竹苗區","大陸各省市","06","04","02",1,0.884029636,0.000544069640914037,0.000485592715171315,"男性 | 40至49歲 | 大學及以上 | 桃竹苗區 | 大陸各省市 | 06 | 04 | 02"
"男性","40至49歲","大學及以上","桃竹苗區","本省客家人","03","03","03",1,0.884029636,0.000544069640914037,0.000485592715171315,"男性 | 40至49歲 | 大學及以上 | 桃竹苗區 | 本省客家人 | 03 | 03 | 03"
"男性","40至49歲","大學及以上","桃竹苗區","本省客家人","05","03","08",1,1.031235569,0.000544069640914037,0.00056645214090079,"男性 | 40至49歲 | 大學及以上 | 桃竹苗區 | 本省客家人 | 05 | 03 | 08"
"男性","40至49歲","大學及以上","桃竹苗區","本省客家人","05","06","06",1,0.884029636,0.000544069640914037,0.000485592715171315,"男性 | 40至49歲 | 大學及以上 | 桃竹苗區 | 本省客家人 | 05 | 06 | 06"
"男性","40至49歲","大學及以上","桃竹苗區","本省客家人","06","00","04",1,0.884029636,0.000544069640914037,0.000485592715171315,"男性 | 40至49歲 | 大學及以上 | 桃竹苗區 | 本省客家人 | 06 | 00 | 04"
"男性","40至49歲","大學及以上","桃竹苗區","本省客家人","06","04","04",1,0.884029636,0.000544069640914037,0.000485592715171315,"男性 | 40至49歲 | 大學及以上 | 桃竹苗區 | 本省客家人 | 06 | 04 | 04"
"男性","40至49歲","大學及以上","桃竹苗區","本省客家人","06","08","00",1,0.884029636,0.000544069640914037,0.000485592715171315,"男性 | 40至49歲 | 大學及以上 | 桃竹苗區 | 本省客家人 | 06 | 08 | 00"
"男性","40至49歲","大學及以上","桃竹苗區","本省閩南人","00","07","07",1,0.884029636,0.000544069640914037,0.000485592715171315,"男性 | 40至49歲 | 大學及以上 | 桃竹苗區 | 本省閩南人 | 00 | 07 | 07"
"男性","40至49歲","大學及以上","桃竹苗區","本省閩南人","00","08","00",1,0.962661879,0.000544069640914037,0.000528784982515598,"男性 | 40至49歲 | 大學及以上 | 桃竹苗區 | 本省閩南人 | 00 | 08 | 00"
"男性","40至49歲","大學及以上","桃竹苗區","本省閩南人","02","01","10",1,0.884029636,0.000544069640914037,0.000485592715171315,"男性 | 40至49歲 | 大學及以上 | 桃竹苗區 | 本省閩南人 | 02 | 01 | 10"
"男性","40至49歲","大學及以上","桃竹苗區","本省閩南人","03","01","04",1,0.884029636,0.000544069640914037,0.000485592715171315,"男性 | 40至49歲 | 大學及以上 | 桃竹苗區 | 本省閩南人 | 03 | 01 | 04"
"男性","40至49歲","大學及以上","桃竹苗區","本省閩南人","03","04","08",1,1.031235569,0.000544069640914037,0.00056645214090079,"男性 | 40至49歲 | 大學及以上 | 桃竹苗區 | 本省閩南人 | 03 | 04 | 08"
"男性","40至49歲","大學及以上","桃竹苗區","本省閩南人","04","05","02",1,0.884029636,0.000544069640914037,0.000485592715171315,"男性 | 40至49歲 | 大學及以上 | 桃竹苗區 | 本省閩南人 | 04 | 05 | 02"
"男性","40至49歲","大學及以上","桃竹苗區","本省閩南人","04","05","08",1,0.884029636,0.000544069640914037,0.000485592715171315,"男性 | 40至49歲 | 大學及以上 | 桃竹苗區 | 本省閩南人 | 04 | 05 | 08"
"男性","40至49歲","大學及以上","桃竹苗區","本省閩南人","04","07","04",1,1.031235569,0.000544069640914037,0.00056645214090079,"男性 | 40至49歲 | 大學及以上 | 桃竹苗區 | 本省閩南人 | 04 | 07 | 04"
"男性","40至49歲","大學及以上","桃竹苗區","本省閩南人","05","00","05",1,1.031235569,0.000544069640914037,0.00056645214090079,"男性 | 40至49歲 | 大學及以上 | 桃竹苗區 | 本省閩南人 | 05 | 00 | 05"
"男性","40至49歲","大學及以上","桃竹苗區","本省閩南人","05","02","06",1,0.884029636,0.000544069640914037,0.000485592715171315,"男性 | 40至49歲 | 大學及以上 | 桃竹苗區 | 本省閩南人 | 05 | 02 | 06"
"男性","40至49歲","大學及以上","桃竹苗區","本省閩南人","05","03","06",1,1.031235569,0.000544069640914037,0.00056645214090079,"男性 | 40至49歲 | 大學及以上 | 桃竹苗區 | 本省閩南人 | 05 | 03 | 06"
"男性","40至49歲","大學及以上","桃竹苗區","本省閩南人","05","07","04",1,0.884029636,0.000544069640914037,0.000485592715171315,"男性 | 40至49歲 | 大學及以上 | 桃竹苗區 | 本省閩南人 | 05 | 07 | 04"
"男性","40至49歲","大學及以上","桃竹苗區","本省閩南人","07","07","07",1,0.884029636,0.000544069640914037,0.000485592715171315,"男性 | 40至49歲 | 大學及以上 | 桃竹苗區 | 本省閩南人 | 07 | 07 | 07"
"男性","40至49歲","大學及以上","雲嘉南區","原住民","06","06","06",1,0.921917358,0.000544069640914037,0.000506404236695505,"男性 | 40至49歲 | 大學及以上 | 雲嘉南區 | 原住民 | 06 | 06 | 06"
"男性","40至49歲","大學及以上","雲嘉南區","大陸各省市","04","07","08",1,0.790316288,0.000544069640914037,0.000434116478120011,"男性 | 40至49歲 | 大學及以上 | 雲嘉南區 | 大陸各省市 | 04 | 07 | 08"
"男性","40至49歲","大學及以上","雲嘉南區","本省客家人","06","03","02",1,0.921917358,0.000544069640914037,0.000506404236695505,"男性 | 40至49歲 | 大學及以上 | 雲嘉南區 | 本省客家人 | 06 | 03 | 02"
"男性","40至49歲","大學及以上","雲嘉南區","本省閩南人","03","07","07",1,0.921917358,0.000544069640914037,0.000506404236695505,"男性 | 40至49歲 | 大學及以上 | 雲嘉南區 | 本省閩南人 | 03 | 07 | 07"
"男性","40至49歲","大學及以上","雲嘉南區","本省閩南人","03","08","08",1,0.921917358,0.000544069640914037,0.000506404236695505,"男性 | 40至49歲 | 大學及以上 | 雲嘉南區 | 本省閩南人 | 03 | 08 | 08"
"男性","40至49歲","大學及以上","雲嘉南區","本省閩南人","04","02","07",1,0.790316288,0.000544069640914037,0.000434116478120011,"男性 | 40至49歲 | 大學及以上 | 雲嘉南區 | 本省閩南人 | 04 | 02 | 07"
"男性","40至49歲","大學及以上","雲嘉南區","本省閩南人","06","02","06",1,0.790316288,0.000544069640914037,0.000434116478120011,"男性 | 40至49歲 | 大學及以上 | 雲嘉南區 | 本省閩南人 | 06 | 02 | 06"
"男性","40至49歲","大學及以上","雲嘉南區","本省閩南人","06","08","08",1,0.921917358,0.000544069640914037,0.000506404236695505,"男性 | 40至49歲 | 大學及以上 | 雲嘉南區 | 本省閩南人 | 06 | 08 | 08"
"男性","40至49歲","大學及以上","雲嘉南區","本省閩南人","08","03","08",1,0.790316288,0.000544069640914037,0.000434116478120011,"男性 | 40至49歲 | 大學及以上 | 雲嘉南區 | 本省閩南人 | 08 | 03 | 08"
"男性","40至49歲","大學及以上","高屏澎湖區","大陸各省市","07","00","02",1,0.818685538,0.000544069640914037,0.000449699554268008,"男性 | 40至49歲 | 大學及以上 | 高屏澎湖區 | 大陸各省市 | 07 | 00 | 02"
"男性","40至49歲","大學及以上","高屏澎湖區","本省客家人","07","05","06",1,0.818685538,0.000544069640914037,0.000449699554268008,"男性 | 40至49歲 | 大學及以上 | 高屏澎湖區 | 本省客家人 | 07 | 05 | 06"
"男性","40至49歲","大學及以上","高屏澎湖區","本省閩南人","00","08","00",1,0.95501057,0.000544069640914037,0.000524582159713484,"男性 | 40至49歲 | 大學及以上 | 高屏澎湖區 | 本省閩南人 | 00 | 08 | 00"
"男性","40至49歲","大學及以上","高屏澎湖區","本省閩南人","00","08","02",1,1.015005914,0.000544069640914037,0.000557537278868106,"男性 | 40至49歲 | 大學及以上 | 高屏澎湖區 | 本省閩南人 | 00 | 08 | 02"
"男性","40至49歲","大學及以上","高屏澎湖區","本省閩南人","00","10","00",1,0.818685538,0.000544069640914037,0.000449699554268008,"男性 | 40至49歲 | 大學及以上 | 高屏澎湖區 | 本省閩南人 | 00 | 10 | 00"
"男性","40至49歲","大學及以上","高屏澎湖區","本省閩南人","02","07","03",1,0.818685538,0.000544069640914037,0.000449699554268008,"男性 | 40至49歲 | 大學及以上 | 高屏澎湖區 | 本省閩南人 | 02 | 07 | 03"
"男性","40至49歲","大學及以上","高屏澎湖區","本省閩南人","03","03","06",1,0.95501057,0.000544069640914037,0.000524582159713484,"男性 | 40至49歲 | 大學及以上 | 高屏澎湖區 | 本省閩南人 | 03 | 03 | 06"
"男性","40至49歲","大學及以上","高屏澎湖區","本省閩南人","03","05","08",1,0.95501057,0.000544069640914037,0.000524582159713484,"男性 | 40至49歲 | 大學及以上 | 高屏澎湖區 | 本省閩南人 | 03 | 05 | 08"
"男性","40至49歲","大學及以上","高屏澎湖區","本省閩南人","03","07","02",1,0.95501057,0.000544069640914037,0.000524582159713484,"男性 | 40至49歲 | 大學及以上 | 高屏澎湖區 | 本省閩南人 | 03 | 07 | 02"
"男性","40至49歲","大學及以上","高屏澎湖區","本省閩南人","03","08","03",1,0.95501057,0.000544069640914037,0.000524582159713484,"男性 | 40至49歲 | 大學及以上 | 高屏澎湖區 | 本省閩南人 | 03 | 08 | 03"
"男性","40至49歲","大學及以上","高屏澎湖區","本省閩南人","04","06","04",1,0.818685538,0.000544069640914037,0.000449699554268008,"男性 | 40至49歲 | 大學及以上 | 高屏澎湖區 | 本省閩南人 | 04 | 06 | 04"
"男性","40至49歲","大學及以上","高屏澎湖區","本省閩南人","05","07","05",1,0.818685538,0.000544069640914037,0.000449699554268008,"男性 | 40至49歲 | 大學及以上 | 高屏澎湖區 | 本省閩南人 | 05 | 07 | 05"
"男性","40至49歲","大學及以上","高屏澎湖區","本省閩南人","06","05","06",1,0.95501057,0.000544069640914037,0.000524582159713484,"男性 | 40至49歲 | 大學及以上 | 高屏澎湖區 | 本省閩南人 | 06 | 05 | 06"
"男性","40至49歲","大學及以上","高屏澎湖區","本省閩南人","06","06","07",1,0.95501057,0.000544069640914037,0.000524582159713484,"男性 | 40至49歲 | 大學及以上 | 高屏澎湖區 | 本省閩南人 | 06 | 06 | 07"
"男性","40至49歲","大學及以上","高屏澎湖區","本省閩南人","06","08","06",1,0.818685538,0.000544069640914037,0.000449699554268008,"男性 | 40至49歲 | 大學及以上 | 高屏澎湖區 | 本省閩南人 | 06 | 08 | 06"
"男性","40至49歲","大學及以上","高屏澎湖區","本省閩南人","08","00","08",1,0.818685538,0.000544069640914037,0.000449699554268008,"男性 | 40至49歲 | 大學及以上 | 高屏澎湖區 | 本省閩南人 | 08 | 00 | 08"
"男性","40至49歲","專科","中彰投區","本省閩南人","02","01","09",1,0.865965242,0.000544069640914037,0.000475670040893024,"男性 | 40至49歲 | 專科 | 中彰投區 | 本省閩南人 | 02 | 01 | 09"
"男性","40至49歲","專科","中彰投區","本省閩南人","02","07","07",1,0.865965242,0.000544069640914037,0.000475670040893024,"男性 | 40至49歲 | 專科 | 中彰投區 | 本省閩南人 | 02 | 07 | 07"
"男性","40至49歲","專科","中彰投區","本省閩南人","03","04","07",1,1.010163148,0.000544069640914037,0.000554877173601138,"男性 | 40至49歲 | 專科 | 中彰投區 | 本省閩南人 | 03 | 04 | 07"
"男性","40至49歲","專科","中彰投區","本省閩南人","03","07","05",1,0.865965242,0.000544069640914037,0.000475670040893024,"男性 | 40至49歲 | 專科 | 中彰投區 | 本省閩南人 | 03 | 07 | 05"
"男性","40至49歲","專科","中彰投區","本省閩南人","07","07","03",1,1.010163148,0.000544069640914037,0.000554877173601138,"男性 | 40至49歲 | 專科 | 中彰投區 | 本省閩南人 | 07 | 07 | 03"
"男性","40至49歲","專科","北北基宜蘭區","本省客家人","03","08","03",1,1.239469446,0.000544069640914037,0.000680833887400383,"男性 | 40至49歲 | 專科 | 北北基宜蘭區 | 本省客家人 | 03 | 08 | 03"
"男性","40至49歲","專科","北北基宜蘭區","本省閩南人","00","03","02",1,1.239469446,0.000544069640914037,0.000680833887400383,"男性 | 40至49歲 | 專科 | 北北基宜蘭區 | 本省閩南人 | 00 | 03 | 02"
"男性","40至49歲","專科","北北基宜蘭區","本省閩南人","02","04","03",1,1.239469446,0.000544069640914037,0.000680833887400383,"男性 | 40至49歲 | 專科 | 北北基宜蘭區 | 本省閩南人 | 02 | 04 | 03"
"男性","40至49歲","專科","北北基宜蘭區","本省閩南人","03","03","05",1,1.062538721,0.000544069640914037,0.000583646793607094,"男性 | 40至49歲 | 專科 | 北北基宜蘭區 | 本省閩南人 | 03 | 03 | 05"
"男性","40至49歲","專科","北北基宜蘭區","本省閩南人","07","03","08",1,1.062538721,0.000544069640914037,0.000583646793607094,"男性 | 40至49歲 | 專科 | 北北基宜蘭區 | 本省閩南人 | 07 | 03 | 08"
"男性","40至49歲","專科","北北基宜蘭區","本省閩南人","08","02","03",1,1.062538721,0.000544069640914037,0.000583646793607094,"男性 | 40至49歲 | 專科 | 北北基宜蘭區 | 本省閩南人 | 08 | 02 | 03"
"男性","40至49歲","專科","桃竹苗區","大陸各省市","06","02","04",1,0.962661879,0.000544069640914037,0.000528784982515598,"男性 | 40至49歲 | 專科 | 桃竹苗區 | 大陸各省市 | 06 | 02 | 04"
"男性","40至49歲","專科","桃竹苗區","本省閩南人","05","05","08",1,0.962661879,0.000544069640914037,0.000528784982515598,"男性 | 40至49歲 | 專科 | 桃竹苗區 | 本省閩南人 | 05 | 05 | 08"
"男性","40至49歲","專科","桃竹苗區","本省閩南人","06","07","06",1,0.962661879,0.000544069640914037,0.000528784982515598,"男性 | 40至49歲 | 專科 | 桃竹苗區 | 本省閩南人 | 06 | 07 | 06"
"男性","40至49歲","專科","雲嘉南區","本省閩南人","02","10","00",1,0.860612961,0.000544069640914037,0.000472730061782245,"男性 | 40至49歲 | 專科 | 雲嘉南區 | 本省閩南人 | 02 | 10 | 00"
"男性","40至49歲","專科","雲嘉南區","本省閩南人","03","05","05",1,0.860612961,0.000544069640914037,0.000472730061782245,"男性 | 40至49歲 | 專科 | 雲嘉南區 | 本省閩南人 | 03 | 05 | 05"
"男性","40至49歲","專科","雲嘉南區","本省閩南人","04","03","07",1,0.860612961,0.000544069640914037,0.000472730061782245,"男性 | 40至49歲 | 專科 | 雲嘉南區 | 本省閩南人 | 04 | 03 | 07"
"男性","40至49歲","專科","雲嘉南區","本省閩南人","04","04","04",1,0.860612961,0.000544069640914037,0.000472730061782245,"男性 | 40至49歲 | 專科 | 雲嘉南區 | 本省閩南人 | 04 | 04 | 04"
"男性","40至49歲","專科","雲嘉南區","本省閩南人","04","07","00",1,0.860612961,0.000544069640914037,0.000472730061782245,"男性 | 40至49歲 | 專科 | 雲嘉南區 | 本省閩南人 | 04 | 07 | 00"
"男性","40至49歲","專科","雲嘉南區","本省閩南人","04","08","07",1,0.860612961,0.000544069640914037,0.000472730061782245,"男性 | 40至49歲 | 專科 | 雲嘉南區 | 本省閩南人 | 04 | 08 | 07"
"男性","40至49歲","專科","雲嘉南區","本省閩南人","05","05","05",1,0.881007928,0.000544069640914037,0.000483932907250379,"男性 | 40至49歲 | 專科 | 雲嘉南區 | 本省閩南人 | 05 | 05 | 05"
"男性","40至49歲","專科","雲嘉南區","本省閩南人","05","08","02",1,0.860612961,0.000544069640914037,0.000472730061782245,"男性 | 40至49歲 | 專科 | 雲嘉南區 | 本省閩南人 | 05 | 08 | 02"
"男性","40至49歲","專科","雲嘉南區","本省閩南人","05","08","06",1,0.860612961,0.000544069640914037,0.000472730061782245,"男性 | 40至49歲 | 專科 | 雲嘉南區 | 本省閩南人 | 05 | 08 | 06"
"男性","40至49歲","專科","雲嘉南區","本省閩南人","05","09","02",1,0.860612961,0.000544069640914037,0.000472730061782245,"男性 | 40至49歲 | 專科 | 雲嘉南區 | 本省閩南人 | 05 | 09 | 02"
"男性","40至49歲","專科","高屏澎湖區","大陸各省市","05","03","05",1,0.891505585,0.000544069640914037,0.000489699213670413,"男性 | 40至49歲 | 專科 | 高屏澎湖區 | 大陸各省市 | 05 | 03 | 05"
"男性","40至49歲","專科","高屏澎湖區","本省閩南人","01","04","05",1,0.891505585,0.000544069640914037,0.000489699213670413,"男性 | 40至49歲 | 專科 | 高屏澎湖區 | 本省閩南人 | 01 | 04 | 05"
"男性","40至49歲","專科","高屏澎湖區","本省閩南人","04","08","00",1,1.039059715,0.000544069640914037,0.000570749902135615,"男性 | 40至49歲 | 專科 | 高屏澎湖區 | 本省閩南人 | 04 | 08 | 00"
"男性","40至49歲","高中、職","中彰投區","本省閩南人","00","00","10",1,1.150101116,0.000544069640914037,0.000631744345321925,"男性 | 40至49歲 | 高中、職 | 中彰投區 | 本省閩南人 | 00 | 00 | 10"
"男性","40至49歲","高中、職","中彰投區","本省閩南人","00","04","03",1,0.985927466,0.000544069640914037,0.000541564644080455,"男性 | 40至49歲 | 高中、職 | 中彰投區 | 本省閩南人 | 00 | 04 | 03"
"男性","40至49歲","高中、職","中彰投區","本省閩南人","00","10","07",1,0.985927466,0.000544069640914037,0.000541564644080455,"男性 | 40至49歲 | 高中、職 | 中彰投區 | 本省閩南人 | 00 | 10 | 07"
"男性","40至49歲","高中、職","中彰投區","本省閩南人","01","10","05",1,1.150101116,0.000544069640914037,0.000631744345321925,"男性 | 40至49歲 | 高中、職 | 中彰投區 | 本省閩南人 | 01 | 10 | 05"
"男性","40至49歲","高中、職","中彰投區","本省閩南人","02","07","04",1,1.150101116,0.000544069640914037,0.000631744345321925,"男性 | 40至49歲 | 高中、職 | 中彰投區 | 本省閩南人 | 02 | 07 | 04"
"男性","40至49歲","高中、職","中彰投區","本省閩南人","03","07","05",1,0.985927466,0.000544069640914037,0.000541564644080455,"男性 | 40至49歲 | 高中、職 | 中彰投區 | 本省閩南人 | 03 | 07 | 05"
"男性","40至49歲","高中、職","中彰投區","本省閩南人","03","07","07",1,0.985927466,0.000544069640914037,0.000541564644080455,"男性 | 40至49歲 | 高中、職 | 中彰投區 | 本省閩南人 | 03 | 07 | 07"
"男性","40至49歲","高中、職","中彰投區","本省閩南人","03","07","10",1,0.985927466,0.000544069640914037,0.000541564644080455,"男性 | 40至49歲 | 高中、職 | 中彰投區 | 本省閩南人 | 03 | 07 | 10"
"男性","40至49歲","高中、職","中彰投區","本省閩南人","04","04","04",1,0.985927466,0.000544069640914037,0.000541564644080455,"男性 | 40至49歲 | 高中、職 | 中彰投區 | 本省閩南人 | 04 | 04 | 04"
"男性","40至49歲","高中、職","中彰投區","本省閩南人","05","05","05",1,0.985927466,0.000544069640914037,0.000541564644080455,"男性 | 40至49歲 | 高中、職 | 中彰投區 | 本省閩南人 | 05 | 05 | 05"
"男性","40至49歲","高中、職","中彰投區","本省閩南人","05","05","07",1,0.985927466,0.000544069640914037,0.000541564644080455,"男性 | 40至49歲 | 高中、職 | 中彰投區 | 本省閩南人 | 05 | 05 | 07"
"男性","40至49歲","高中、職","中彰投區","本省閩南人","06","06","06",1,0.985927466,0.000544069640914037,0.000541564644080455,"男性 | 40至49歲 | 高中、職 | 中彰投區 | 本省閩南人 | 06 | 06 | 06"
"男性","40至49歲","高中、職","中彰投區","本省閩南人","08","02","07",1,0.985927466,0.000544069640914037,0.000541564644080455,"男性 | 40至49歲 | 高中、職 | 中彰投區 | 本省閩南人 | 08 | 02 | 07"
"男性","40至49歲","高中、職","中彰投區","本省閩南人","09","01","06",1,0.985927466,0.000544069640914037,0.000541564644080455,"男性 | 40至49歲 | 高中、職 | 中彰投區 | 本省閩南人 | 09 | 01 | 06"
"男性","40至49歲","高中、職","北北基宜蘭區","大陸各省市","06","03","06",1,1.209732282,0.000544069640914037,0.00066449942346364,"男性 | 40至49歲 | 高中、職 | 北北基宜蘭區 | 大陸各省市 | 06 | 03 | 06"
"男性","40至49歲","高中、職","北北基宜蘭區","本省閩南人","00","05","05",1,1.411173232,0.000544069640914037,0.000775149851768047,"男性 | 40至49歲 | 高中、職 | 北北基宜蘭區 | 本省閩南人 | 00 | 05 | 05"
"男性","40至49歲","高中、職","北北基宜蘭區","本省閩南人","00","10","00",1,1.209732282,0.000544069640914037,0.00066449942346364,"男性 | 40至49歲 | 高中、職 | 北北基宜蘭區 | 本省閩南人 | 00 | 10 | 00"
"男性","40至49歲","高中、職","北北基宜蘭區","本省閩南人","03","05","03",1,1.239469446,0.000544069640914037,0.000680833887400383,"男性 | 40至49歲 | 高中、職 | 北北基宜蘭區 | 本省閩南人 | 03 | 05 | 03"
"男性","40至49歲","高中、職","北北基宜蘭區","本省閩南人","05","05","05",1,1.411173232,0.000544069640914037,0.000775149851768047,"男性 | 40至49歲 | 高中、職 | 北北基宜蘭區 | 本省閩南人 | 05 | 05 | 05"
"男性","40至49歲","高中、職","北北基宜蘭區","本省閩南人","08","06","07",1,1.411173232,0.000544069640914037,0.000775149851768047,"男性 | 40至49歲 | 高中、職 | 北北基宜蘭區 | 本省閩南人 | 08 | 06 | 07"
"男性","40至49歲","高中、職","北北基宜蘭區","本省閩南人","09","02","02",1,1.209732282,0.000544069640914037,0.00066449942346364,"男性 | 40至49歲 | 高中、職 | 北北基宜蘭區 | 本省閩南人 | 09 | 02 | 02"
"男性","40至49歲","高中、職","桃竹苗區","大陸各省市","05","05","05",1,0.884029636,0.000544069640914037,0.000485592715171315,"男性 | 40至49歲 | 高中、職 | 桃竹苗區 | 大陸各省市 | 05 | 05 | 05"
"男性","40至49歲","高中、職","桃竹苗區","大陸各省市","07","05","04",1,1.096019494,0.000544069640914037,0.000602037601793874,"男性 | 40至49歲 | 高中、職 | 桃竹苗區 | 大陸各省市 | 07 | 05 | 04"
"男性","40至49歲","高中、職","桃竹苗區","大陸各省市","08","07","05",1,1.374366133,0.000544069640914037,0.000754931910634465,"男性 | 40至49歲 | 高中、職 | 桃竹苗區 | 大陸各省市 | 08 | 07 | 05"
"男性","40至49歲","高中、職","桃竹苗區","本省客家人","02","03","02",1,1.096019494,0.000544069640914037,0.000602037601793874,"男性 | 40至49歲 | 高中、職 | 桃竹苗區 | 本省客家人 | 02 | 03 | 02"
"男性","40至49歲","高中、職","桃竹苗區","本省客家人","05","01","04",1,1.096019494,0.000544069640914037,0.000602037601793874,"男性 | 40至49歲 | 高中、職 | 桃竹苗區 | 本省客家人 | 05 | 01 | 04"
"男性","40至49歲","高中、職","桃竹苗區","本省客家人","05","05","05",1,1.096019494,0.000544069640914037,0.000602037601793874,"男性 | 40至49歲 | 高中、職 | 桃竹苗區 | 本省客家人 | 05 | 05 | 05"
"男性","40至49歲","高中、職","桃竹苗區","本省客家人","07","02","07",1,1.096019494,0.000544069640914037,0.000602037601793874,"男性 | 40至49歲 | 高中、職 | 桃竹苗區 | 本省客家人 | 07 | 02 | 07"
"男性","40至49歲","高中、職","桃竹苗區","本省客家人","07","03","09",1,1.278525336,0.000544069640914037,0.000702287077311917,"男性 | 40至49歲 | 高中、職 | 桃竹苗區 | 本省客家人 | 07 | 03 | 09"
"男性","40至49歲","高中、職","桃竹苗區","本省閩南人","00","10","00",1,1.278525336,0.000544069640914037,0.000702287077311917,"男性 | 40至49歲 | 高中、職 | 桃竹苗區 | 本省閩南人 | 00 | 10 | 00"
"男性","40至49歲","高中、職","桃竹苗區","本省閩南人","03","04","10",1,1.096019494,0.000544069640914037,0.000602037601793874,"男性 | 40至49歲 | 高中、職 | 桃竹苗區 | 本省閩南人 | 03 | 04 | 10"
"男性","40至49歲","高中、職","桃竹苗區","本省閩南人","03","08","07",1,1.096019494,0.000544069640914037,0.000602037601793874,"男性 | 40至49歲 | 高中、職 | 桃竹苗區 | 本省閩南人 | 03 | 08 | 07"
"男性","40至49歲","高中、職","桃竹苗區","本省閩南人","04","06","04",1,1.096019494,0.000544069640914037,0.000602037601793874,"男性 | 40至49歲 | 高中、職 | 桃竹苗區 | 本省閩南人 | 04 | 06 | 04"
"男性","40至49歲","高中、職","桃竹苗區","本省閩南人","05","05","05",1,1.096019494,0.000544069640914037,0.000602037601793874,"男性 | 40至49歲 | 高中、職 | 桃竹苗區 | 本省閩南人 | 05 | 05 | 05"
"男性","40至49歲","高中、職","桃竹苗區","本省閩南人","06","03","05",1,1.096019494,0.000544069640914037,0.000602037601793874,"男性 | 40至49歲 | 高中、職 | 桃竹苗區 | 本省閩南人 | 06 | 03 | 05"
"男性","40至49歲","高中、職","花東外島區","本省客家人","10","00","05",1,0.778977691,0.000544069640914037,0.000427888247889658,"男性 | 40至49歲 | 高中、職 | 花東外島區 | 本省客家人 | 10 | 00 | 05"
"男性","40至49歲","高中、職","花東外島區","本省閩南人","03","08","00",1,0.778977691,0.000544069640914037,0.000427888247889658,"男性 | 40至49歲 | 高中、職 | 花東外島區 | 本省閩南人 | 03 | 08 | 00"
"男性","40至49歲","高中、職","花東外島區","本省閩南人","05","03","06",1,0.908690692,0.000544069640914037,0.000499138900337931,"男性 | 40至49歲 | 高中、職 | 花東外島區 | 本省閩南人 | 05 | 03 | 06"
"男性","40至49歲","高中、職","花東外島區","本省閩南人","06","04","00",1,0.778977691,0.000544069640914037,0.000427888247889658,"男性 | 40至49歲 | 高中、職 | 花東外島區 | 本省閩南人 | 06 | 04 | 00"
"男性","40至49歲","高中、職","雲嘉南區","本省客家人","05","00","03",1,0.979833732,0.000544069640914037,0.000538217388832339,"男性 | 40至49歲 | 高中、職 | 雲嘉南區 | 本省客家人 | 05 | 00 | 03"
"男性","40至49歲","高中、職","雲嘉南區","本省閩南人","00","06","00",1,0.979833732,0.000544069640914037,0.000538217388832339,"男性 | 40至49歲 | 高中、職 | 雲嘉南區 | 本省閩南人 | 00 | 06 | 00"
"男性","40至49歲","高中、職","雲嘉南區","本省閩南人","00","09","00",1,0.979833732,0.000544069640914037,0.000538217388832339,"男性 | 40至49歲 | 高中、職 | 雲嘉南區 | 本省閩南人 | 00 | 09 | 00"
"男性","40至49歲","高中、職","雲嘉南區","本省閩南人","02","08","08",1,0.979833732,0.000544069640914037,0.000538217388832339,"男性 | 40至49歲 | 高中、職 | 雲嘉南區 | 本省閩南人 | 02 | 08 | 08"
"男性","40至49歲","高中、職","雲嘉南區","本省閩南人","03","01","05",1,0.979833732,0.000544069640914037,0.000538217388832339,"男性 | 40至49歲 | 高中、職 | 雲嘉南區 | 本省閩南人 | 03 | 01 | 05"
"男性","40至49歲","高中、職","雲嘉南區","本省閩南人","03","05","08",1,1.142992673,0.000544069640914037,0.0006278397158882,"男性 | 40至49歲 | 高中、職 | 雲嘉南區 | 本省閩南人 | 03 | 05 | 08"
"男性","40至49歲","高中、職","雲嘉南區","本省閩南人","05","05","04",1,0.979833732,0.000544069640914037,0.000538217388832339,"男性 | 40至49歲 | 高中、職 | 雲嘉南區 | 本省閩南人 | 05 | 05 | 04"
"男性","40至49歲","高中、職","雲嘉南區","本省閩南人","05","06","05",1,0.979833732,0.000544069640914037,0.000538217388832339,"男性 | 40至49歲 | 高中、職 | 雲嘉南區 | 本省閩南人 | 05 | 06 | 05"
"男性","40至49歲","高中、職","雲嘉南區","本省閩南人","05","08","06",1,0.979833732,0.000544069640914037,0.000538217388832339,"男性 | 40至49歲 | 高中、職 | 雲嘉南區 | 本省閩南人 | 05 | 08 | 06"
"男性","40至49歲","高中、職","雲嘉南區","本省閩南人","09","02","03",1,0.979833732,0.000544069640914037,0.000538217388832339,"男性 | 40至49歲 | 高中、職 | 雲嘉南區 | 本省閩南人 | 09 | 02 | 03"
"男性","40至49歲","高中、職","高屏澎湖區","大陸各省市","01","10","00",1,1.015005914,0.000544069640914037,0.000557537278868106,"男性 | 40至49歲 | 高中、職 | 高屏澎湖區 | 大陸各省市 | 01 | 10 | 00"
"男性","40至49歲","高中、職","高屏澎湖區","本省閩南人","00","05","00",1,1.015005914,0.000544069640914037,0.000557537278868106,"男性 | 40至49歲 | 高中、職 | 高屏澎湖區 | 本省閩南人 | 00 | 05 | 00"
"男性","40至49歲","高中、職","高屏澎湖區","本省閩南人","00","05","10",1,1.015005914,0.000544069640914037,0.000557537278868106,"男性 | 40至49歲 | 高中、職 | 高屏澎湖區 | 本省閩南人 | 00 | 05 | 10"
"男性","40至49歲","高中、職","高屏澎湖區","本省閩南人","02","02","05",1,1.18402162,0.000544069640914037,0.00065037669537737,"男性 | 40至49歲 | 高中、職 | 高屏澎湖區 | 本省閩南人 | 02 | 02 | 05"
"男性","40至49歲","高中、職","高屏澎湖區","本省閩南人","03","10","05",1,1.18402162,0.000544069640914037,0.00065037669537737,"男性 | 40至49歲 | 高中、職 | 高屏澎湖區 | 本省閩南人 | 03 | 10 | 05"
"男性","40至49歲","高中、職","高屏澎湖區","本省閩南人","05","00","00",1,1.015005914,0.000544069640914037,0.000557537278868106,"男性 | 40至49歲 | 高中、職 | 高屏澎湖區 | 本省閩南人 | 05 | 00 | 00"
"男性","40至49歲","高中、職","高屏澎湖區","本省閩南人","05","06","06",1,1.015005914,0.000544069640914037,0.000557537278868106,"男性 | 40至49歲 | 高中、職 | 高屏澎湖區 | 本省閩南人 | 05 | 06 | 06"
"男性","40至49歲","高中、職","高屏澎湖區","本省閩南人","05","08","03",1,1.015005914,0.000544069640914037,0.000557537278868106,"男性 | 40至49歲 | 高中、職 | 高屏澎湖區 | 本省閩南人 | 05 | 08 | 03"
"男性","40至49歲","高中、職","高屏澎湖區","本省閩南人","05","09","07",1,1.015005914,0.000544069640914037,0.000557537278868106,"男性 | 40至49歲 | 高中、職 | 高屏澎湖區 | 本省閩南人 | 05 | 09 | 07"
"男性","50至59歲","國、初中","中彰投區","本省閩南人","03","06","03",1,1.265613404,0.000544069640914037,0.000695194622644495,"男性 | 50至59歲 | 國、初中 | 中彰投區 | 本省閩南人 | 03 | 06 | 03"
"男性","50至59歲","國、初中","中彰投區","本省閩南人","06","05","04",1,1.265613404,0.000544069640914037,0.000695194622644495,"男性 | 50至59歲 | 國、初中 | 中彰投區 | 本省閩南人 | 06 | 05 | 04"
"男性","50至59歲","國、初中","北北基宜蘭區","本省閩南人","05","06","03",1,1.552906725,0.000544069640914037,0.000853003295695558,"男性 | 50至59歲 | 國、初中 | 北北基宜蘭區 | 本省閩南人 | 05 | 06 | 03"
"男性","50至59歲","國、初中","北北基宜蘭區","本省閩南人","05","08","04",1,1.516957579,0.000544069640914037,0.000833256623521516,"男性 | 50至59歲 | 國、初中 | 北北基宜蘭區 | 本省閩南人 | 05 | 08 | 04"
"男性","50至59歲","國、初中","北北基宜蘭區","本省閩南人","05","10","03",1,1.516957579,0.000544069640914037,0.000833256623521516,"男性 | 50至59歲 | 國、初中 | 北北基宜蘭區 | 本省閩南人 | 05 | 10 | 03"
"男性","50至59歲","國、初中","北北基宜蘭區","本省閩南人","06","06","06",1,1.552906725,0.000544069640914037,0.000853003295695558,"男性 | 50至59歲 | 國、初中 | 北北基宜蘭區 | 本省閩南人 | 06 | 06 | 06"
"男性","50至59歲","國、初中","桃竹苗區","本省客家人","05","05","05",1,1.360935439,0.000544069640914037,0.000747554502795963,"男性 | 50至59歲 | 國、初中 | 桃竹苗區 | 本省客家人 | 05 | 05 | 05"
"男性","50至59歲","國、初中","桃竹苗區","本省閩南人","10","10","10",1,1.374366133,0.000544069640914037,0.000754931910634465,"男性 | 50至59歲 | 國、初中 | 桃竹苗區 | 本省閩南人 | 10 | 10 | 10"
"男性","50至59歲","國、初中","高屏澎湖區","本省閩南人","00","10","00",1,1.272778231,0.000544069640914037,0.000699130223505576,"男性 | 50至59歲 | 國、初中 | 高屏澎湖區 | 本省閩南人 | 00 | 10 | 00"
"男性","50至59歲","國、初中","高屏澎湖區","本省閩南人","03","09","01",1,1.302940769,0.000544069640914037,0.000715698343088253,"男性 | 50至59歲 | 國、初中 | 高屏澎湖區 | 本省閩南人 | 03 | 09 | 01"
"男性","50至59歲","國、初中","高屏澎湖區","本省閩南人","08","02","00",1,1.039059715,0.000544069640914037,0.000570749902135615,"男性 | 50至59歲 | 國、初中 | 高屏澎湖區 | 本省閩南人 | 08 | 02 | 00"
"男性","50至59歲","大學及以上","中彰投區","大陸各省市","06","01","03",1,0.795231383,0.000544069640914037,0.00043681631331691,"男性 | 50至59歲 | 大學及以上 | 中彰投區 | 大陸各省市 | 06 | 01 | 03"
"男性","50至59歲","大學及以上","中彰投區","本省閩南人","04","07","02",1,0.814076926,0.000544069640914037,0.000447168068531424,"男性 | 50至59歲 | 大學及以上 | 中彰投區 | 本省閩南人 | 04 | 07 | 02"
"男性","50至59歲","大學及以上","中彰投區","本省閩南人","06","03","02",1,0.814076926,0.000544069640914037,0.000447168068531424,"男性 | 50至59歲 | 大學及以上 | 中彰投區 | 本省閩南人 | 06 | 03 | 02"
"男性","50至59歲","大學及以上","中彰投區","本省閩南人","06","08","02",1,0.795231383,0.000544069640914037,0.00043681631331691,"男性 | 50至59歲 | 大學及以上 | 中彰投區 | 本省閩南人 | 06 | 08 | 02"
"男性","50至59歲","大學及以上","中彰投區","本省閩南人","08","07","03",1,0.795231383,0.000544069640914037,0.00043681631331691,"男性 | 50至59歲 | 大學及以上 | 中彰投區 | 本省閩南人 | 08 | 07 | 03"
"男性","50至59歲","大學及以上","中彰投區","本省閩南人","10","10","10",1,0.814076926,0.000544069640914037,0.000447168068531424,"男性 | 50至59歲 | 大學及以上 | 中彰投區 | 本省閩南人 | 10 | 10 | 10"
"男性","50至59歲","大學及以上","北北基宜蘭區","大陸各省市","05","00","05",1,0.998871795,0.000544069640914037,0.000548674894245395,"男性 | 50至59歲 | 大學及以上 | 北北基宜蘭區 | 大陸各省市 | 05 | 00 | 05"
"男性","50至59歲","大學及以上","北北基宜蘭區","大陸各省市","05","05","00",1,1.087718963,0.000544069640914037,0.000597478164845706,"男性 | 50至59歲 | 大學及以上 | 北北基宜蘭區 | 大陸各省市 | 05 | 05 | 00"
"男性","50至59歲","大學及以上","北北基宜蘭區","大陸各省市","07","03","06",1,0.998871795,0.000544069640914037,0.000548674894245395,"男性 | 50至59歲 | 大學及以上 | 北北基宜蘭區 | 大陸各省市 | 07 | 03 | 06"
"男性","50至59歲","大學及以上","北北基宜蘭區","本省客家人","00","05","00",1,0.998871795,0.000544069640914037,0.000548674894245395,"男性 | 50至59歲 | 大學及以上 | 北北基宜蘭區 | 本省客家人 | 00 | 05 | 00"
"男性","50至59歲","大學及以上","北北基宜蘭區","本省客家人","05","05","05",1,0.975748328,0.000544069640914037,0.000535973298430677,"男性 | 50至59歲 | 大學及以上 | 北北基宜蘭區 | 本省客家人 | 05 | 05 | 05"
"男性","50至59歲","大學及以上","北北基宜蘭區","本省客家人","07","04","05",1,0.998871795,0.000544069640914037,0.000548674894245395,"男性 | 50至59歲 | 大學及以上 | 北北基宜蘭區 | 本省客家人 | 07 | 04 | 05"
"男性","50至59歲","大學及以上","北北基宜蘭區","本省客家人","08","02","05",1,0.998871795,0.000544069640914037,0.000548674894245395,"男性 | 50至59歲 | 大學及以上 | 北北基宜蘭區 | 本省客家人 | 08 | 02 | 05"
"男性","50至59歲","大學及以上","北北基宜蘭區","本省閩南人","00","08","00",1,0.998871795,0.000544069640914037,0.000548674894245395,"男性 | 50至59歲 | 大學及以上 | 北北基宜蘭區 | 本省閩南人 | 00 | 08 | 00"
"男性","50至59歲","大學及以上","北北基宜蘭區","本省閩南人","03","08","06",1,0.975748328,0.000544069640914037,0.000535973298430677,"男性 | 50至59歲 | 大學及以上 | 北北基宜蘭區 | 本省閩南人 | 03 | 08 | 06"
"男性","50至59歲","大學及以上","北北基宜蘭區","本省閩南人","04","05","09",1,0.975748328,0.000544069640914037,0.000535973298430677,"男性 | 50至59歲 | 大學及以上 | 北北基宜蘭區 | 本省閩南人 | 04 | 05 | 09"
"男性","50至59歲","大學及以上","北北基宜蘭區","本省閩南人","05","02","05",1,0.998871795,0.000544069640914037,0.000548674894245395,"男性 | 50至59歲 | 大學及以上 | 北北基宜蘭區 | 本省閩南人 | 05 | 02 | 05"
"男性","50至59歲","大學及以上","北北基宜蘭區","本省閩南人","05","04","06",1,0.975748328,0.000544069640914037,0.000535973298430677,"男性 | 50至59歲 | 大學及以上 | 北北基宜蘭區 | 本省閩南人 | 05 | 04 | 06"
"男性","50至59歲","大學及以上","北北基宜蘭區","本省閩南人","05","05","04",1,0.998871795,0.000544069640914037,0.000548674894245395,"男性 | 50至59歲 | 大學及以上 | 北北基宜蘭區 | 本省閩南人 | 05 | 05 | 04"
"男性","50至59歲","大學及以上","北北基宜蘭區","本省閩南人","05","05","05",1,0.998871795,0.000544069640914037,0.000548674894245395,"男性 | 50至59歲 | 大學及以上 | 北北基宜蘭區 | 本省閩南人 | 05 | 05 | 05"
"男性","50至59歲","大學及以上","北北基宜蘭區","本省閩南人","05","08","03",1,0.998871795,0.000544069640914037,0.000548674894245395,"男性 | 50至59歲 | 大學及以上 | 北北基宜蘭區 | 本省閩南人 | 05 | 08 | 03"
"男性","50至59歲","大學及以上","北北基宜蘭區","本省閩南人","06","06","00",1,0.998871795,0.000544069640914037,0.000548674894245395,"男性 | 50至59歲 | 大學及以上 | 北北基宜蘭區 | 本省閩南人 | 06 | 06 | 00"
"男性","50至59歲","大學及以上","北北基宜蘭區","本省閩南人","07","00","02",1,0.998871795,0.000544069640914037,0.000548674894245395,"男性 | 50至59歲 | 大學及以上 | 北北基宜蘭區 | 本省閩南人 | 07 | 00 | 02"
"男性","50至59歲","大學及以上","北北基宜蘭區","本省閩南人","07","00","05",1,0.998871795,0.000544069640914037,0.000548674894245395,"男性 | 50至59歲 | 大學及以上 | 北北基宜蘭區 | 本省閩南人 | 07 | 00 | 05"
"男性","50至59歲","大學及以上","北北基宜蘭區","本省閩南人","07","00","07",1,0.998871795,0.000544069640914037,0.000548674894245395,"男性 | 50至59歲 | 大學及以上 | 北北基宜蘭區 | 本省閩南人 | 07 | 00 | 07"
"男性","50至59歲","大學及以上","桃竹苗區","大陸各省市","06","00","00",1,0.884029636,0.000544069640914037,0.000485592715171315,"男性 | 50至59歲 | 大學及以上 | 桃竹苗區 | 大陸各省市 | 06 | 00 | 00"
"男性","50至59歲","大學及以上","桃竹苗區","大陸新住民","05","05","05",1,0.875390649,0.000544069640914037,0.000480847366166229,"男性 | 50至59歲 | 大學及以上 | 桃竹苗區 | 大陸新住民 | 05 | 05 | 05"
"男性","50至59歲","大學及以上","桃竹苗區","本省客家人","05","05","04",1,0.904979536,0.000544069640914037,0.000497100382345912,"男性 | 50至59歲 | 大學及以上 | 桃竹苗區 | 本省客家人 | 05 | 05 | 04"
"男性","50至59歲","大學及以上","桃竹苗區","本省閩南人","00","00","00",1,0.904979536,0.000544069640914037,0.000497100382345912,"男性 | 50至59歲 | 大學及以上 | 桃竹苗區 | 本省閩南人 | 00 | 00 | 00"
"男性","50至59歲","大學及以上","桃竹苗區","本省閩南人","05","03","05",1,0.904979536,0.000544069640914037,0.000497100382345912,"男性 | 50至59歲 | 大學及以上 | 桃竹苗區 | 本省閩南人 | 05 | 03 | 05"
"男性","50至59歲","大學及以上","桃竹苗區","本省閩南人","05","06","02",1,0.904979536,0.000544069640914037,0.000497100382345912,"男性 | 50至59歲 | 大學及以上 | 桃竹苗區 | 本省閩南人 | 05 | 06 | 02"
"男性","50至59歲","大學及以上","桃竹苗區","本省閩南人","06","02","05",1,0.884029636,0.000544069640914037,0.000485592715171315,"男性 | 50至59歲 | 大學及以上 | 桃竹苗區 | 本省閩南人 | 06 | 02 | 05"
"男性","50至59歲","大學及以上","桃竹苗區","本省閩南人","07","08","06",1,0.884029636,0.000544069640914037,0.000485592715171315,"男性 | 50至59歲 | 大學及以上 | 桃竹苗區 | 本省閩南人 | 07 | 08 | 06"
"男性","50至59歲","大學及以上","花東外島區","大陸各省市","04","06","05",1,0.643199207,0.000544069640914037,0.000353305858315328,"男性 | 50至59歲 | 大學及以上 | 花東外島區 | 大陸各省市 | 04 | 06 | 05"
"男性","50至59歲","大學及以上","花東外島區","大陸各省市","06","04","06",1,0.628309412,0.000544069640914037,0.000345126974160369,"男性 | 50至59歲 | 大學及以上 | 花東外島區 | 大陸各省市 | 06 | 04 | 06"
"男性","50至59歲","大學及以上","花東外島區","本省閩南人","03","10","02",1,0.643199207,0.000544069640914037,0.000353305858315328,"男性 | 50至59歲 | 大學及以上 | 花東外島區 | 本省閩南人 | 03 | 10 | 02"
"男性","50至59歲","大學及以上","花東外島區","本省閩南人","08","03","05",1,0.628309412,0.000544069640914037,0.000345126974160369,"男性 | 50至59歲 | 大學及以上 | 花東外島區 | 本省閩南人 | 08 | 03 | 05"
"男性","50至59歲","大學及以上","雲嘉南區","本省閩南人","02","06","02",1,0.790316288,0.000544069640914037,0.000434116478120011,"男性 | 50至59歲 | 大學及以上 | 雲嘉南區 | 本省閩南人 | 02 | 06 | 02"
"男性","50至59歲","大學及以上","雲嘉南區","本省閩南人","08","05","03",1,0.809045351,0.000544069640914037,0.000444404251498215,"男性 | 50至59歲 | 大學及以上 | 雲嘉南區 | 本省閩南人 | 08 | 05 | 03"
"男性","50至59歲","大學及以上","高屏澎湖區","大陸各省市","05","04","05",1,1.039059715,0.000544069640914037,0.000570749902135615,"男性 | 50至59歲 | 大學及以上 | 高屏澎湖區 | 大陸各省市 | 05 | 04 | 05"
"男性","50至59歲","大學及以上","高屏澎湖區","大陸各省市","07","00","00",1,0.838086901,0.000544069640914037,0.000460356618413303,"男性 | 50至59歲 | 大學及以上 | 高屏澎湖區 | 大陸各省市 | 07 | 00 | 00"
"男性","50至59歲","大學及以上","高屏澎湖區","本省閩南人","05","05","04",1,0.818685538,0.000544069640914037,0.000449699554268008,"男性 | 50至59歲 | 大學及以上 | 高屏澎湖區 | 本省閩南人 | 05 | 05 | 04"
"男性","50至59歲","大學及以上","高屏澎湖區","本省閩南人","06","03","08",1,0.838086901,0.000544069640914037,0.000460356618413303,"男性 | 50至59歲 | 大學及以上 | 高屏澎湖區 | 本省閩南人 | 06 | 03 | 08"
"男性","50至59歲","大學及以上","高屏澎湖區","本省閩南人","06","06","05",1,0.838086901,0.000544069640914037,0.000460356618413303,"男性 | 50至59歲 | 大學及以上 | 高屏澎湖區 | 本省閩南人 | 06 | 06 | 05"
"男性","50至59歲","專科","中彰投區","大陸各省市","10","00","03",1,0.886487049,0.000544069640914037,0.00048694255888964,"男性 | 50至59歲 | 專科 | 中彰投區 | 大陸各省市 | 10 | 00 | 03"
"男性","50至59歲","專科","中彰投區","本省客家人","02","08","03",1,0.886487049,0.000544069640914037,0.00048694255888964,"男性 | 50至59歲 | 專科 | 中彰投區 | 本省客家人 | 02 | 08 | 03"
"男性","50至59歲","專科","中彰投區","本省客家人","05","04","05",1,0.886487049,0.000544069640914037,0.00048694255888964,"男性 | 50至59歲 | 專科 | 中彰投區 | 本省客家人 | 05 | 04 | 05"
"男性","50至59歲","專科","中彰投區","本省閩南人","01","10","01",1,0.886487049,0.000544069640914037,0.00048694255888964,"男性 | 50至59歲 | 專科 | 中彰投區 | 本省閩南人 | 01 | 10 | 01"
"男性","50至59歲","專科","中彰投區","本省閩南人","03","08","00",1,0.886487049,0.000544069640914037,0.00048694255888964,"男性 | 50至59歲 | 專科 | 中彰投區 | 本省閩南人 | 03 | 08 | 00"
"男性","50至59歲","專科","中彰投區","本省閩南人","04","06","08",1,0.886487049,0.000544069640914037,0.00048694255888964,"男性 | 50至59歲 | 專科 | 中彰投區 | 本省閩南人 | 04 | 06 | 08"
"男性","50至59歲","專科","中彰投區","本省閩南人","05","04","03",1,0.865965242,0.000544069640914037,0.000475670040893024,"男性 | 50至59歲 | 專科 | 中彰投區 | 本省閩南人 | 05 | 04 | 03"
"男性","50至59歲","專科","中彰投區","本省閩南人","07","02","05",1,0.886487049,0.000544069640914037,0.00048694255888964,"男性 | 50至59歲 | 專科 | 中彰投區 | 本省閩南人 | 07 | 02 | 05"
"男性","50至59歲","專科","北北基宜蘭區","大陸各省市","00","08","00",1,1.087718963,0.000544069640914037,0.000597478164845706,"男性 | 50至59歲 | 專科 | 北北基宜蘭區 | 大陸各省市 | 00 | 08 | 00"
"男性","50至59歲","專科","北北基宜蘭區","大陸各省市","05","00","03",1,1.087718963,0.000544069640914037,0.000597478164845706,"男性 | 50至59歲 | 專科 | 北北基宜蘭區 | 大陸各省市 | 05 | 00 | 03"
"男性","50至59歲","專科","北北基宜蘭區","大陸各省市","06","02","05",1,1.087718963,0.000544069640914037,0.000597478164845706,"男性 | 50至59歲 | 專科 | 北北基宜蘭區 | 大陸各省市 | 06 | 02 | 05"
"男性","50至59歲","專科","北北基宜蘭區","大陸各省市","08","01","00",1,1.087718963,0.000544069640914037,0.000597478164845706,"男性 | 50至59歲 | 專科 | 北北基宜蘭區 | 大陸各省市 | 08 | 01 | 00"
"男性","50至59歲","專科","北北基宜蘭區","本省閩南人","02","09","01",1,1.087718963,0.000544069640914037,0.000597478164845706,"男性 | 50至59歲 | 專科 | 北北基宜蘭區 | 本省閩南人 | 02 | 09 | 01"
"男性","50至59歲","專科","北北基宜蘭區","本省閩南人","03","06","02",1,1.087718963,0.000544069640914037,0.000597478164845706,"男性 | 50至59歲 | 專科 | 北北基宜蘭區 | 本省閩南人 | 03 | 06 | 02"
"男性","50至59歲","專科","北北基宜蘭區","本省閩南人","04","03","03",1,1.062538721,0.000544069640914037,0.000583646793607094,"男性 | 50至59歲 | 專科 | 北北基宜蘭區 | 本省閩南人 | 04 | 03 | 03"
"男性","50至59歲","專科","北北基宜蘭區","本省閩南人","06","06","00",1,1.087718963,0.000544069640914037,0.000597478164845706,"男性 | 50至59歲 | 專科 | 北北基宜蘭區 | 本省閩南人 | 06 | 06 | 00"
"男性","50至59歲","專科","北北基宜蘭區","本省閩南人","07","07","06",1,1.062538721,0.000544069640914037,0.000583646793607094,"男性 | 50至59歲 | 專科 | 北北基宜蘭區 | 本省閩南人 | 07 | 07 | 06"
"男性","50至59歲","專科","北北基宜蘭區","本省閩南人","08","03","02",1,1.087718963,0.000544069640914037,0.000597478164845706,"男性 | 50至59歲 | 專科 | 北北基宜蘭區 | 本省閩南人 | 08 | 03 | 02"
"男性","50至59歲","專科","桃竹苗區","大陸各省市","05","00","00",1,0.962661879,0.000544069640914037,0.000528784982515598,"男性 | 50至59歲 | 專科 | 桃竹苗區 | 大陸各省市 | 05 | 00 | 00"
"男性","50至59歲","專科","桃竹苗區","大陸各省市","07","05","05",1,0.985475221,0.000544069640914037,0.000541316228339026,"男性 | 50至59歲 | 專科 | 桃竹苗區 | 大陸各省市 | 07 | 05 | 05"
"男性","50至59歲","專科","桃竹苗區","本省客家人","03","01","08",1,0.962661879,0.000544069640914037,0.000528784982515598,"男性 | 50至59歲 | 專科 | 桃竹苗區 | 本省客家人 | 03 | 01 | 08"
"男性","50至59歲","專科","桃竹苗區","本省閩南人","03","07","04",1,0.985475221,0.000544069640914037,0.000541316228339026,"男性 | 50至59歲 | 專科 | 桃竹苗區 | 本省閩南人 | 03 | 07 | 04"
"男性","50至59歲","專科","桃竹苗區","本省閩南人","05","04","07",1,0.985475221,0.000544069640914037,0.000541316228339026,"男性 | 50至59歲 | 專科 | 桃竹苗區 | 本省閩南人 | 05 | 04 | 07"
"男性","50至59歲","專科","桃竹苗區","本省閩南人","07","03","05",1,0.985475221,0.000544069640914037,0.000541316228339026,"男性 | 50至59歲 | 專科 | 桃竹苗區 | 本省閩南人 | 07 | 03 | 05"
"男性","50至59歲","專科","雲嘉南區","本省客家人","00","10","10",1,0.881007928,0.000544069640914037,0.000483932907250379,"男性 | 50至59歲 | 專科 | 雲嘉南區 | 本省客家人 | 00 | 10 | 10"
"男性","50至59歲","專科","雲嘉南區","本省閩南人","04","07","06",1,0.881007928,0.000544069640914037,0.000483932907250379,"男性 | 50至59歲 | 專科 | 雲嘉南區 | 本省閩南人 | 04 | 07 | 06"
"男性","50至59歲","專科","雲嘉南區","本省閩南人","06","04","08",1,0.860612961,0.000544069640914037,0.000472730061782245,"男性 | 50至59歲 | 專科 | 雲嘉南區 | 本省閩南人 | 06 | 04 | 08"
"男性","50至59歲","專科","雲嘉南區","本省閩南人","07","08","02",1,0.881007928,0.000544069640914037,0.000483932907250379,"男性 | 50至59歲 | 專科 | 雲嘉南區 | 本省閩南人 | 07 | 08 | 02"
"男性","50至59歲","專科","高屏澎湖區","本省閩南人","03","03","03",1,1.039059715,0.000544069640914037,0.000570749902135615,"男性 | 50至59歲 | 專科 | 高屏澎湖區 | 本省閩南人 | 03 | 03 | 03"
"男性","50至59歲","專科","高屏澎湖區","本省閩南人","05","06","00",1,0.891505585,0.000544069640914037,0.000489699213670413,"男性 | 50至59歲 | 專科 | 高屏澎湖區 | 本省閩南人 | 05 | 06 | 00"
"男性","50至59歲","專科","高屏澎湖區","本省閩南人","06","05","05",1,0.912632652,0.000544069640914037,0.000501304197723387,"男性 | 50至59歲 | 專科 | 高屏澎湖區 | 本省閩南人 | 06 | 05 | 05"
"男性","50至59歲","專科","高屏澎湖區","本省閩南人","06","07","06",1,0.912632652,0.000544069640914037,0.000501304197723387,"男性 | 50至59歲 | 專科 | 高屏澎湖區 | 本省閩南人 | 06 | 07 | 06"
"男性","50至59歲","專科","高屏澎湖區","本省閩南人","06","08","06",1,0.912632652,0.000544069640914037,0.000501304197723387,"男性 | 50至59歲 | 專科 | 高屏澎湖區 | 本省閩南人 | 06 | 08 | 06"
"男性","50至59歲","專科","高屏澎湖區","本省閩南人","07","02","07",1,0.912632652,0.000544069640914037,0.000501304197723387,"男性 | 50至59歲 | 專科 | 高屏澎湖區 | 本省閩南人 | 07 | 02 | 07"
"男性","50至59歲","專科","高屏澎湖區","本省閩南人","07","06","00",1,0.912632652,0.000544069640914037,0.000501304197723387,"男性 | 50至59歲 | 專科 | 高屏澎湖區 | 本省閩南人 | 07 | 06 | 00"
"男性","50至59歲","小學及以下","北北基宜蘭區","大陸各省市","05","10","05",1,1.451412019,0.000544069640914037,0.000797252800627252,"男性 | 50至59歲 | 小學及以下 | 北北基宜蘭區 | 大陸各省市 | 05 | 10 | 05"
"男性","50至59歲","小學及以下","北北基宜蘭區","大陸各省市","06","04","05",1,1.516957579,0.000544069640914037,0.000833256623521516,"男性 | 50至59歲 | 小學及以下 | 北北基宜蘭區 | 大陸各省市 | 06 | 04 | 05"
"男性","50至59歲","高中、職","中彰投區","本省客家人","05","04","04",1,1.00929216,0.000544069640914037,0.000554398744586343,"男性 | 50至59歲 | 高中、職 | 中彰投區 | 本省客家人 | 05 | 04 | 04"
"男性","50至59歲","高中、職","中彰投區","本省閩南人","00","10","05",1,1.00929216,0.000544069640914037,0.000554398744586343,"男性 | 50至59歲 | 高中、職 | 中彰投區 | 本省閩南人 | 00 | 10 | 05"
"男性","50至59歲","高中、職","中彰投區","本省閩南人","02","07","06",1,0.985927466,0.000544069640914037,0.000541564644080455,"男性 | 50至59歲 | 高中、職 | 中彰投區 | 本省閩南人 | 02 | 07 | 06"
"男性","50至59歲","高中、職","中彰投區","本省閩南人","03","08","00",1,1.00929216,0.000544069640914037,0.000554398744586343,"男性 | 50至59歲 | 高中、職 | 中彰投區 | 本省閩南人 | 03 | 08 | 00"
"男性","50至59歲","高中、職","中彰投區","本省閩南人","04","02","01",1,1.00929216,0.000544069640914037,0.000554398744586343,"男性 | 50至59歲 | 高中、職 | 中彰投區 | 本省閩南人 | 04 | 02 | 01"
"男性","50至59歲","高中、職","中彰投區","本省閩南人","04","05","03",1,0.985927466,0.000544069640914037,0.000541564644080455,"男性 | 50至59歲 | 高中、職 | 中彰投區 | 本省閩南人 | 04 | 05 | 03"
"男性","50至59歲","高中、職","中彰投區","本省閩南人","04","08","06",1,1.265613404,0.000544069640914037,0.000695194622644495,"男性 | 50至59歲 | 高中、職 | 中彰投區 | 本省閩南人 | 04 | 08 | 06"
"男性","50至59歲","高中、職","中彰投區","本省閩南人","05","05","05",1,1.00929216,0.000544069640914037,0.000554398744586343,"男性 | 50至59歲 | 高中、職 | 中彰投區 | 本省閩南人 | 05 | 05 | 05"
"男性","50至59歲","高中、職","中彰投區","本省閩南人","05","08","04",1,0.985927466,0.000544069640914037,0.000541564644080455,"男性 | 50至59歲 | 高中、職 | 中彰投區 | 本省閩南人 | 05 | 08 | 04"
"男性","50至59歲","高中、職","中彰投區","本省閩南人","06","04","05",1,1.00929216,0.000544069640914037,0.000554398744586343,"男性 | 50至59歲 | 高中、職 | 中彰投區 | 本省閩南人 | 06 | 04 | 05"
"男性","50至59歲","高中、職","中彰投區","本省閩南人","06","07","05",1,0.985927466,0.000544069640914037,0.000541564644080455,"男性 | 50至59歲 | 高中、職 | 中彰投區 | 本省閩南人 | 06 | 07 | 05"
"男性","50至59歲","高中、職","中彰投區","本省閩南人","06","08","07",1,1.00929216,0.000544069640914037,0.000554398744586343,"男性 | 50至59歲 | 高中、職 | 中彰投區 | 本省閩南人 | 06 | 08 | 07"
"男性","50至59歲","高中、職","中彰投區","本省閩南人","07","02","03",1,1.00929216,0.000544069640914037,0.000554398744586343,"男性 | 50至59歲 | 高中、職 | 中彰投區 | 本省閩南人 | 07 | 02 | 03"
"男性","50至59歲","高中、職","中彰投區","本省閩南人","07","03","04",1,1.00929216,0.000544069640914037,0.000554398744586343,"男性 | 50至59歲 | 高中、職 | 中彰投區 | 本省閩南人 | 07 | 03 | 04"
"男性","50至59歲","高中、職","中彰投區","本省閩南人","07","05","03",1,1.00929216,0.000544069640914037,0.000554398744586343,"男性 | 50至59歲 | 高中、職 | 中彰投區 | 本省閩南人 | 07 | 05 | 03"
"男性","50至59歲","高中、職","中彰投區","本省閩南人","08","00","06",1,1.00929216,0.000544069640914037,0.000554398744586343,"男性 | 50至59歲 | 高中、職 | 中彰投區 | 本省閩南人 | 08 | 00 | 06"
"男性","50至59歲","高中、職","北北基宜蘭區","大陸各省市","04","03","02",1,1.238400745,0.000544069640914037,0.000680246855700129,"男性 | 50至59歲 | 高中、職 | 北北基宜蘭區 | 大陸各省市 | 04 | 03 | 02"
"男性","50至59歲","高中、職","北北基宜蘭區","本省客家人","05","07","03",1,1.238400745,0.000544069640914037,0.000680246855700129,"男性 | 50至59歲 | 高中、職 | 北北基宜蘭區 | 本省客家人 | 05 | 07 | 03"
"男性","50至59歲","高中、職","北北基宜蘭區","本省客家人","09","08","01",1,1.209732282,0.000544069640914037,0.00066449942346364,"男性 | 50至59歲 | 高中、職 | 北北基宜蘭區 | 本省客家人 | 09 | 08 | 01"
"男性","50至59歲","高中、職","北北基宜蘭區","本省閩南人","04","09","01",1,1.238400745,0.000544069640914037,0.000680246855700129,"男性 | 50至59歲 | 高中、職 | 北北基宜蘭區 | 本省閩南人 | 04 | 09 | 01"
"男性","50至59歲","高中、職","北北基宜蘭區","本省閩南人","05","05","05",1,1.238400745,0.000544069640914037,0.000680246855700129,"男性 | 50至59歲 | 高中、職 | 北北基宜蘭區 | 本省閩南人 | 05 | 05 | 05"
"男性","50至59歲","高中、職","北北基宜蘭區","本省閩南人","05","06","05",1,1.238400745,0.000544069640914037,0.000680246855700129,"男性 | 50至59歲 | 高中、職 | 北北基宜蘭區 | 本省閩南人 | 05 | 06 | 05"
"男性","50至59歲","高中、職","北北基宜蘭區","本省閩南人","05","08","03",1,1.238400745,0.000544069640914037,0.000680246855700129,"男性 | 50至59歲 | 高中、職 | 北北基宜蘭區 | 本省閩南人 | 05 | 08 | 03"
"男性","50至59歲","高中、職","北北基宜蘭區","本省閩南人","05","10","00",1,1.238400745,0.000544069640914037,0.000680246855700129,"男性 | 50至59歲 | 高中、職 | 北北基宜蘭區 | 本省閩南人 | 05 | 10 | 00"
"男性","50至59歲","高中、職","北北基宜蘭區","本省閩南人","06","03","04",1,1.516957579,0.000544069640914037,0.000833256623521516,"男性 | 50至59歲 | 高中、職 | 北北基宜蘭區 | 本省閩南人 | 06 | 03 | 04"
"男性","50至59歲","高中、職","北北基宜蘭區","本省閩南人","06","05","06",1,1.238400745,0.000544069640914037,0.000680246855700129,"男性 | 50至59歲 | 高中、職 | 北北基宜蘭區 | 本省閩南人 | 06 | 05 | 06"
"男性","50至59歲","高中、職","北北基宜蘭區","本省閩南人","07","01","04",1,1.238400745,0.000544069640914037,0.000680246855700129,"男性 | 50至59歲 | 高中、職 | 北北基宜蘭區 | 本省閩南人 | 07 | 01 | 04"
"男性","50至59歲","高中、職","北北基宜蘭區","本省閩南人","08","01","00",1,1.209732282,0.000544069640914037,0.00066449942346364,"男性 | 50至59歲 | 高中、職 | 北北基宜蘭區 | 本省閩南人 | 08 | 01 | 00"
"男性","50至59歲","高中、職","北北基宜蘭區","本省閩南人","08","07","06",1,1.238400745,0.000544069640914037,0.000680246855700129,"男性 | 50至59歲 | 高中、職 | 北北基宜蘭區 | 本省閩南人 | 08 | 07 | 06"
"男性","50至59歲","高中、職","桃竹苗區","大陸各省市","01","05","00",1,1.12199317,0.000544069640914037,0.000616304802053006,"男性 | 50至59歲 | 高中、職 | 桃竹苗區 | 大陸各省市 | 01 | 05 | 00"
"男性","50至59歲","高中、職","桃竹苗區","本省客家人","00","00","05",1,1.12199317,0.000544069640914037,0.000616304802053006,"男性 | 50至59歲 | 高中、職 | 桃竹苗區 | 本省客家人 | 00 | 00 | 05"
"男性","50至59歲","高中、職","桃竹苗區","本省客家人","05","08","06",1,1.12199317,0.000544069640914037,0.000616304802053006,"男性 | 50至59歲 | 高中、職 | 桃竹苗區 | 本省客家人 | 05 | 08 | 06"
"男性","50至59歲","高中、職","桃竹苗區","本省客家人","06","07","05",1,1.096019494,0.000544069640914037,0.000602037601793874,"男性 | 50至59歲 | 高中、職 | 桃竹苗區 | 本省客家人 | 06 | 07 | 05"
"男性","50至59歲","高中、職","桃竹苗區","本省客家人","07","04","06",1,1.12199317,0.000544069640914037,0.000616304802053006,"男性 | 50至59歲 | 高中、職 | 桃竹苗區 | 本省客家人 | 07 | 04 | 06"
"男性","50至59歲","高中、職","桃竹苗區","本省客家人","10","10","10",1,1.12199317,0.000544069640914037,0.000616304802053006,"男性 | 50至59歲 | 高中、職 | 桃竹苗區 | 本省客家人 | 10 | 10 | 10"
"男性","50至59歲","高中、職","桃竹苗區","本省閩南人","05","04","06",1,1.12199317,0.000544069640914037,0.000616304802053006,"男性 | 50至59歲 | 高中、職 | 桃竹苗區 | 本省閩南人 | 05 | 04 | 06"
"男性","50至59歲","高中、職","花東外島區","大陸各省市","08","00","05",1,0.79743805,0.000544069640914037,0.000438028423608662,"男性 | 50至59歲 | 高中、職 | 花東外島區 | 大陸各省市 | 08 | 00 | 05"
"男性","50至59歲","高中、職","花東外島區","本省客家人","06","04","04",1,0.79743805,0.000544069640914037,0.000438028423608662,"男性 | 50至59歲 | 高中、職 | 花東外島區 | 本省客家人 | 06 | 04 | 04"
"男性","50至59歲","高中、職","花東外島區","本省閩南人","07","03","02",1,0.79743805,0.000544069640914037,0.000438028423608662,"男性 | 50至59歲 | 高中、職 | 花東外島區 | 本省閩南人 | 07 | 03 | 02"
"男性","50至59歲","高中、職","雲嘉南區","大陸各省市","09","09","02",1,0.979833732,0.000544069640914037,0.000538217388832339,"男性 | 50至59歲 | 高中、職 | 雲嘉南區 | 大陸各省市 | 09 | 09 | 02"
"男性","50至59歲","高中、職","雲嘉南區","本省客家人","00","10","00",1,0.979833732,0.000544069640914037,0.000538217388832339,"男性 | 50至59歲 | 高中、職 | 雲嘉南區 | 本省客家人 | 00 | 10 | 00"
"男性","50至59歲","高中、職","雲嘉南區","本省閩南人","00","10","02",1,0.979833732,0.000544069640914037,0.000538217388832339,"男性 | 50至59歲 | 高中、職 | 雲嘉南區 | 本省閩南人 | 00 | 10 | 02"
"男性","50至59歲","高中、職","雲嘉南區","本省閩南人","01","08","00",1,1.003054016,0.000544069640914037,0.000550972165703427,"男性 | 50至59歲 | 高中、職 | 雲嘉南區 | 本省閩南人 | 01 | 08 | 00"
"男性","50至59歲","高中、職","雲嘉南區","本省閩南人","01","08","01",1,1.003054016,0.000544069640914037,0.000550972165703427,"男性 | 50至59歲 | 高中、職 | 雲嘉南區 | 本省閩南人 | 01 | 08 | 01"
"男性","50至59歲","高中、職","雲嘉南區","本省閩南人","01","10","05",1,0.979833732,0.000544069640914037,0.000538217388832339,"男性 | 50至59歲 | 高中、職 | 雲嘉南區 | 本省閩南人 | 01 | 10 | 05"
"男性","50至59歲","高中、職","雲嘉南區","本省閩南人","03","08","04",1,0.979833732,0.000544069640914037,0.000538217388832339,"男性 | 50至59歲 | 高中、職 | 雲嘉南區 | 本省閩南人 | 03 | 08 | 04"
"男性","50至59歲","高中、職","雲嘉南區","本省閩南人","04","05","06",1,0.881007928,0.000544069640914037,0.000483932907250379,"男性 | 50至59歲 | 高中、職 | 雲嘉南區 | 本省閩南人 | 04 | 05 | 06"
"男性","50至59歲","高中、職","雲嘉南區","本省閩南人","06","03","05",1,1.003054016,0.000544069640914037,0.000550972165703427,"男性 | 50至59歲 | 高中、職 | 雲嘉南區 | 本省閩南人 | 06 | 03 | 05"
"男性","50至59歲","高中、職","雲嘉南區","本省閩南人","06","04","05",1,0.979833732,0.000544069640914037,0.000538217388832339,"男性 | 50至59歲 | 高中、職 | 雲嘉南區 | 本省閩南人 | 06 | 04 | 05"
"男性","50至59歲","高中、職","雲嘉南區","本省閩南人","06","05","05",1,1.003054016,0.000544069640914037,0.000550972165703427,"男性 | 50至59歲 | 高中、職 | 雲嘉南區 | 本省閩南人 | 06 | 05 | 05"
"男性","50至59歲","高中、職","雲嘉南區","本省閩南人","07","10","05",1,1.003054016,0.000544069640914037,0.000550972165703427,"男性 | 50至59歲 | 高中、職 | 雲嘉南區 | 本省閩南人 | 07 | 10 | 05"
"男性","50至59歲","高中、職","高屏澎湖區","原住民","06","05","05",1,1.039059715,0.000544069640914037,0.000570749902135615,"男性 | 50至59歲 | 高中、職 | 高屏澎湖區 | 原住民 | 06 | 05 | 05"
"男性","50至59歲","高中、職","高屏澎湖區","大陸各省市","03","08","03",1,1.039059715,0.000544069640914037,0.000570749902135615,"男性 | 50至59歲 | 高中、職 | 高屏澎湖區 | 大陸各省市 | 03 | 08 | 03"
"男性","50至59歲","高中、職","高屏澎湖區","大陸各省市","08","00","05",1,1.015005914,0.000544069640914037,0.000557537278868106,"男性 | 50至59歲 | 高中、職 | 高屏澎湖區 | 大陸各省市 | 08 | 00 | 05"
"男性","50至59歲","高中、職","高屏澎湖區","本省客家人","05","08","05",1,1.039059715,0.000544069640914037,0.000570749902135615,"男性 | 50至59歲 | 高中、職 | 高屏澎湖區 | 本省客家人 | 05 | 08 | 05"
"男性","50至59歲","高中、職","高屏澎湖區","本省閩南人","03","10","06",1,1.039059715,0.000544069640914037,0.000570749902135615,"男性 | 50至59歲 | 高中、職 | 高屏澎湖區 | 本省閩南人 | 03 | 10 | 06"
"男性","50至59歲","高中、職","高屏澎湖區","本省閩南人","04","05","05",1,1.039059715,0.000544069640914037,0.000570749902135615,"男性 | 50至59歲 | 高中、職 | 高屏澎湖區 | 本省閩南人 | 04 | 05 | 05"
"男性","50至59歲","高中、職","高屏澎湖區","本省閩南人","04","06","08",1,1.039059715,0.000544069640914037,0.000570749902135615,"男性 | 50至59歲 | 高中、職 | 高屏澎湖區 | 本省閩南人 | 04 | 06 | 08"
"男性","50至59歲","高中、職","高屏澎湖區","本省閩南人","04","07","02",1,1.039059715,0.000544069640914037,0.000570749902135615,"男性 | 50至59歲 | 高中、職 | 高屏澎湖區 | 本省閩南人 | 04 | 07 | 02"
"男性","50至59歲","高中、職","高屏澎湖區","本省閩南人","05","01","05",1,1.015005914,0.000544069640914037,0.000557537278868106,"男性 | 50至59歲 | 高中、職 | 高屏澎湖區 | 本省閩南人 | 05 | 01 | 05"
"男性","50至59歲","高中、職","高屏澎湖區","本省閩南人","05","03","08",1,1.015005914,0.000544069640914037,0.000557537278868106,"男性 | 50至59歲 | 高中、職 | 高屏澎湖區 | 本省閩南人 | 05 | 03 | 08"
"男性","50至59歲","高中、職","高屏澎湖區","本省閩南人","05","05","05",1,1.039059715,0.000544069640914037,0.000570749902135615,"男性 | 50至59歲 | 高中、職 | 高屏澎湖區 | 本省閩南人 | 05 | 05 | 05"
"男性","50至59歲","高中、職","高屏澎湖區","本省閩南人","05","06","05",1,1.039059715,0.000544069640914037,0.000570749902135615,"男性 | 50至59歲 | 高中、職 | 高屏澎湖區 | 本省閩南人 | 05 | 06 | 05"
"男性","50至59歲","高中、職","高屏澎湖區","本省閩南人","05","10","05",1,1.015005914,0.000544069640914037,0.000557537278868106,"男性 | 50至59歲 | 高中、職 | 高屏澎湖區 | 本省閩南人 | 05 | 10 | 05"
"男性","50至59歲","高中、職","高屏澎湖區","本省閩南人","06","02","04",1,1.039059715,0.000544069640914037,0.000570749902135615,"男性 | 50至59歲 | 高中、職 | 高屏澎湖區 | 本省閩南人 | 06 | 02 | 04"
"男性","50至59歲","高中、職","高屏澎湖區","本省閩南人","08","09","06",1,1.039059715,0.000544069640914037,0.000570749902135615,"男性 | 50至59歲 | 高中、職 | 高屏澎湖區 | 本省閩南人 | 08 | 09 | 06"
"男性","50至59歲","高中、職","高屏澎湖區","本省閩南人","10","05","05",1,1.015005914,0.000544069640914037,0.000557537278868106,"男性 | 50至59歲 | 高中、職 | 高屏澎湖區 | 本省閩南人 | 10 | 05 | 05"
"男性","50至59歲","高中、職","高屏澎湖區","本省閩南人","10","10","10",1,1.039059715,0.000544069640914037,0.000570749902135615,"男性 | 50至59歲 | 高中、職 | 高屏澎湖區 | 本省閩南人 | 10 | 10 | 10"
"男性","60歲及以上","國、初中","中彰投區","大陸各省市","06","05","04",1,1.265613404,0.000544069640914037,0.000695194622644495,"男性 | 60歲及以上 | 國、初中 | 中彰投區 | 大陸各省市 | 06 | 05 | 04"
"男性","60歲及以上","國、初中","中彰投區","本省客家人","02","09","00",1,0.914561264,0.000544069640914037,0.000502363573902029,"男性 | 60歲及以上 | 國、初中 | 中彰投區 | 本省客家人 | 02 | 09 | 00"
"男性","60歲及以上","國、初中","中彰投區","本省閩南人","03","08","02",1,1.265613404,0.000544069640914037,0.000695194622644495,"男性 | 60歲及以上 | 國、初中 | 中彰投區 | 本省閩南人 | 03 | 08 | 02"
"男性","60歲及以上","國、初中","中彰投區","本省閩南人","03","09","00",1,0.914561264,0.000544069640914037,0.000502363573902029,"男性 | 60歲及以上 | 國、初中 | 中彰投區 | 本省閩南人 | 03 | 09 | 00"
"男性","60歲及以上","國、初中","中彰投區","本省閩南人","04","05","01",1,1.265613404,0.000544069640914037,0.000695194622644495,"男性 | 60歲及以上 | 國、初中 | 中彰投區 | 本省閩南人 | 04 | 05 | 01"
"男性","60歲及以上","國、初中","中彰投區","本省閩南人","04","09","03",1,0.914561264,0.000544069640914037,0.000502363573902029,"男性 | 60歲及以上 | 國、初中 | 中彰投區 | 本省閩南人 | 04 | 09 | 03"
"男性","60歲及以上","國、初中","中彰投區","本省閩南人","05","02","05",1,0.914561264,0.000544069640914037,0.000502363573902029,"男性 | 60歲及以上 | 國、初中 | 中彰投區 | 本省閩南人 | 05 | 02 | 05"
"男性","60歲及以上","國、初中","中彰投區","本省閩南人","05","05","00",1,0.914561264,0.000544069640914037,0.000502363573902029,"男性 | 60歲及以上 | 國、初中 | 中彰投區 | 本省閩南人 | 05 | 05 | 00"
"男性","60歲及以上","國、初中","中彰投區","本省閩南人","05","05","03",1,1.265613404,0.000544069640914037,0.000695194622644495,"男性 | 60歲及以上 | 國、初中 | 中彰投區 | 本省閩南人 | 05 | 05 | 03"
"男性","60歲及以上","國、初中","中彰投區","本省閩南人","05","10","03",1,0.914561264,0.000544069640914037,0.000502363573902029,"男性 | 60歲及以上 | 國、初中 | 中彰投區 | 本省閩南人 | 05 | 10 | 03"
"男性","60歲及以上","國、初中","中彰投區","本省閩南人","08","05","04",1,0.914561264,0.000544069640914037,0.000502363573902029,"男性 | 60歲及以上 | 國、初中 | 中彰投區 | 本省閩南人 | 08 | 05 | 04"
"男性","60歲及以上","國、初中","中彰投區","本省閩南人","10","09","09",1,0.914561264,0.000544069640914037,0.000502363573902029,"男性 | 60歲及以上 | 國、初中 | 中彰投區 | 本省閩南人 | 10 | 09 | 09"
"男性","60歲及以上","國、初中","北北基宜蘭區","本省客家人","02","10","01",1,1.122166004,0.000544069640914037,0.000616399738837833,"男性 | 60歲及以上 | 國、初中 | 北北基宜蘭區 | 本省客家人 | 02 | 10 | 01"
"男性","60歲及以上","國、初中","北北基宜蘭區","本省閩南人","00","06","00",1,1.122166004,0.000544069640914037,0.000616399738837833,"男性 | 60歲及以上 | 國、初中 | 北北基宜蘭區 | 本省閩南人 | 00 | 06 | 00"
"男性","60歲及以上","國、初中","北北基宜蘭區","本省閩南人","00","10","05",1,1.048823602,0.000544069640914037,0.000576113152648809,"男性 | 60歲及以上 | 國、初中 | 北北基宜蘭區 | 本省閩南人 | 00 | 10 | 05"
"男性","60歲及以上","國、初中","北北基宜蘭區","本省閩南人","01","06","01",1,1.122166004,0.000544069640914037,0.000616399738837833,"男性 | 60歲及以上 | 國、初中 | 北北基宜蘭區 | 本省閩南人 | 01 | 06 | 01"
"男性","60歲及以上","國、初中","北北基宜蘭區","本省閩南人","01","08","01",1,1.122166004,0.000544069640914037,0.000616399738837833,"男性 | 60歲及以上 | 國、初中 | 北北基宜蘭區 | 本省閩南人 | 01 | 08 | 01"
"男性","60歲及以上","國、初中","北北基宜蘭區","本省閩南人","01","09","02",1,1.122166004,0.000544069640914037,0.000616399738837833,"男性 | 60歲及以上 | 國、初中 | 北北基宜蘭區 | 本省閩南人 | 01 | 09 | 02"
"男性","60歲及以上","國、初中","北北基宜蘭區","本省閩南人","03","06","02",1,1.122166004,0.000544069640914037,0.000616399738837833,"男性 | 60歲及以上 | 國、初中 | 北北基宜蘭區 | 本省閩南人 | 03 | 06 | 02"
"男性","60歲及以上","國、初中","北北基宜蘭區","本省閩南人","03","08","02",1,1.048823602,0.000544069640914037,0.000576113152648809,"男性 | 60歲及以上 | 國、初中 | 北北基宜蘭區 | 本省閩南人 | 03 | 08 | 02"
"男性","60歲及以上","國、初中","北北基宜蘭區","本省閩南人","04","01","01",1,1.122166004,0.000544069640914037,0.000616399738837833,"男性 | 60歲及以上 | 國、初中 | 北北基宜蘭區 | 本省閩南人 | 04 | 01 | 01"
"男性","60歲及以上","國、初中","北北基宜蘭區","本省閩南人","04","07","03",1,1.122166004,0.000544069640914037,0.000616399738837833,"男性 | 60歲及以上 | 國、初中 | 北北基宜蘭區 | 本省閩南人 | 04 | 07 | 03"
"男性","60歲及以上","國、初中","北北基宜蘭區","本省閩南人","04","09","05",1,1.122166004,0.000544069640914037,0.000616399738837833,"男性 | 60歲及以上 | 國、初中 | 北北基宜蘭區 | 本省閩南人 | 04 | 09 | 05"
"男性","60歲及以上","國、初中","北北基宜蘭區","本省閩南人","05","09","09",1,1.122166004,0.000544069640914037,0.000616399738837833,"男性 | 60歲及以上 | 國、初中 | 北北基宜蘭區 | 本省閩南人 | 05 | 09 | 09"
"男性","60歲及以上","國、初中","北北基宜蘭區","本省閩南人","06","08","05",1,1.122166004,0.000544069640914037,0.000616399738837833,"男性 | 60歲及以上 | 國、初中 | 北北基宜蘭區 | 本省閩南人 | 06 | 08 | 05"
"男性","60歲及以上","國、初中","桃竹苗區","本省客家人","03","08","04",1,1.016684298,0.000544069640914037,0.000558459206154784,"男性 | 60歲及以上 | 國、初中 | 桃竹苗區 | 本省客家人 | 03 | 08 | 04"
"男性","60歲及以上","國、初中","桃竹苗區","本省客家人","04","09","01",1,1.016684298,0.000544069640914037,0.000558459206154784,"男性 | 60歲及以上 | 國、初中 | 桃竹苗區 | 本省客家人 | 04 | 09 | 01"
"男性","60歲及以上","國、初中","桃竹苗區","本省客家人","08","08","08",1,1.016684298,0.000544069640914037,0.000558459206154784,"男性 | 60歲及以上 | 國、初中 | 桃竹苗區 | 本省客家人 | 08 | 08 | 08"
"男性","60歲及以上","國、初中","桃竹苗區","本省客家人","10","00","03",1,1.016684298,0.000544069640914037,0.000558459206154784,"男性 | 60歲及以上 | 國、初中 | 桃竹苗區 | 本省客家人 | 10 | 00 | 03"
"男性","60歲及以上","國、初中","桃竹苗區","本省閩南人","03","09","02",1,1.016684298,0.000544069640914037,0.000558459206154784,"男性 | 60歲及以上 | 國、初中 | 桃竹苗區 | 本省閩南人 | 03 | 09 | 02"
"男性","60歲及以上","國、初中","花東外島區","本省客家人","05","05","05",1,0.999956529,0.000544069640914037,0.000549270732786151,"男性 | 60歲及以上 | 國、初中 | 花東外島區 | 本省客家人 | 05 | 05 | 05"
"男性","60歲及以上","國、初中","雲嘉南區","本省閩南人","02","10","02",1,1.257791013,0.000544069640914037,0.000690897825421714,"男性 | 60歲及以上 | 國、初中 | 雲嘉南區 | 本省閩南人 | 02 | 10 | 02"
"男性","60歲及以上","國、初中","雲嘉南區","本省閩南人","03","05","03",1,0.908908624,0.000544069640914037,0.000499258609211133,"男性 | 60歲及以上 | 國、初中 | 雲嘉南區 | 本省閩南人 | 03 | 05 | 03"
"男性","60歲及以上","國、初中","雲嘉南區","本省閩南人","04","06","03",1,0.908908624,0.000544069640914037,0.000499258609211133,"男性 | 60歲及以上 | 國、初中 | 雲嘉南區 | 本省閩南人 | 04 | 06 | 03"
"男性","60歲及以上","國、初中","雲嘉南區","本省閩南人","04","08","03",1,0.908908624,0.000544069640914037,0.000499258609211133,"男性 | 60歲及以上 | 國、初中 | 雲嘉南區 | 本省閩南人 | 04 | 08 | 03"
"男性","60歲及以上","國、初中","雲嘉南區","本省閩南人","04","09","06",1,1.257791013,0.000544069640914037,0.000690897825421714,"男性 | 60歲及以上 | 國、初中 | 雲嘉南區 | 本省閩南人 | 04 | 09 | 06"
"男性","60歲及以上","國、初中","雲嘉南區","本省閩南人","05","05","03",1,0.908908624,0.000544069640914037,0.000499258609211133,"男性 | 60歲及以上 | 國、初中 | 雲嘉南區 | 本省閩南人 | 05 | 05 | 03"
"男性","60歲及以上","國、初中","雲嘉南區","本省閩南人","05","10","03",1,0.908908624,0.000544069640914037,0.000499258609211133,"男性 | 60歲及以上 | 國、初中 | 雲嘉南區 | 本省閩南人 | 05 | 10 | 03"
"男性","60歲及以上","國、初中","雲嘉南區","本省閩南人","06","03","01",1,0.908908624,0.000544069640914037,0.000499258609211133,"男性 | 60歲及以上 | 國、初中 | 雲嘉南區 | 本省閩南人 | 06 | 03 | 01"
"男性","60歲及以上","國、初中","雲嘉南區","本省閩南人","06","05","03",1,0.908908624,0.000544069640914037,0.000499258609211133,"男性 | 60歲及以上 | 國、初中 | 雲嘉南區 | 本省閩南人 | 06 | 05 | 03"
"男性","60歲及以上","國、初中","高屏澎湖區","本省客家人","08","05","03",1,0.941534873,0.000544069640914037,0.000517180031969595,"男性 | 60歲及以上 | 國、初中 | 高屏澎湖區 | 本省客家人 | 08 | 05 | 03"
"男性","60歲及以上","國、初中","高屏澎湖區","本省閩南人","02","05","03",1,0.941534873,0.000544069640914037,0.000517180031969595,"男性 | 60歲及以上 | 國、初中 | 高屏澎湖區 | 本省閩南人 | 02 | 05 | 03"
"男性","60歲及以上","國、初中","高屏澎湖區","本省閩南人","02","10","03",1,0.941534873,0.000544069640914037,0.000517180031969595,"男性 | 60歲及以上 | 國、初中 | 高屏澎湖區 | 本省閩南人 | 02 | 10 | 03"
"男性","60歲及以上","國、初中","高屏澎湖區","本省閩南人","05","03","02",1,1.302940769,0.000544069640914037,0.000715698343088253,"男性 | 60歲及以上 | 國、初中 | 高屏澎湖區 | 本省閩南人 | 05 | 03 | 02"
"男性","60歲及以上","國、初中","高屏澎湖區","本省閩南人","05","05","00",1,1.302940769,0.000544069640914037,0.000715698343088253,"男性 | 60歲及以上 | 國、初中 | 高屏澎湖區 | 本省閩南人 | 05 | 05 | 00"
"男性","60歲及以上","國、初中","高屏澎湖區","本省閩南人","05","05","05",1,0.941534873,0.000544069640914037,0.000517180031969595,"男性 | 60歲及以上 | 國、初中 | 高屏澎湖區 | 本省閩南人 | 05 | 05 | 05"
"男性","60歲及以上","國、初中","高屏澎湖區","本省閩南人","05","07","03",1,0.941534873,0.000544069640914037,0.000517180031969595,"男性 | 60歲及以上 | 國、初中 | 高屏澎湖區 | 本省閩南人 | 05 | 07 | 03"
"男性","60歲及以上","國、初中","高屏澎湖區","本省閩南人","05","09","03",1,1.302940769,0.000544069640914037,0.000715698343088253,"男性 | 60歲及以上 | 國、初中 | 高屏澎湖區 | 本省閩南人 | 05 | 09 | 03"
"男性","60歲及以上","國、初中","高屏澎湖區","本省閩南人","07","07","02",1,0.941534873,0.000544069640914037,0.000517180031969595,"男性 | 60歲及以上 | 國、初中 | 高屏澎湖區 | 本省閩南人 | 07 | 07 | 02"
"男性","60歲及以上","國、初中","高屏澎湖區","本省閩南人","07","09","04",1,0.941534873,0.000544069640914037,0.000517180031969595,"男性 | 60歲及以上 | 國、初中 | 高屏澎湖區 | 本省閩南人 | 07 | 09 | 04"
"男性","60歲及以上","大學及以上","中彰投區","本省閩南人","02","07","00",1,0.588270652,0.000544069640914037,0.000323133899054352,"男性 | 60歲及以上 | 大學及以上 | 中彰投區 | 本省閩南人 | 02 | 07 | 00"
"男性","60歲及以上","大學及以上","中彰投區","本省閩南人","03","07","05",1,0.588270652,0.000544069640914037,0.000323133899054352,"男性 | 60歲及以上 | 大學及以上 | 中彰投區 | 本省閩南人 | 03 | 07 | 05"
"男性","60歲及以上","大學及以上","中彰投區","本省閩南人","03","08","05",1,0.729337656,0.000544069640914037,0.000400621244165759,"男性 | 60歲及以上 | 大學及以上 | 中彰投區 | 本省閩南人 | 03 | 08 | 05"
"男性","60歲及以上","大學及以上","中彰投區","本省閩南人","04","03","03",1,0.814076926,0.000544069640914037,0.000447168068531424,"男性 | 60歲及以上 | 大學及以上 | 中彰投區 | 本省閩南人 | 04 | 03 | 03"
"男性","60歲及以上","大學及以上","中彰投區","本省閩南人","05","05","03",1,0.814076926,0.000544069640914037,0.000447168068531424,"男性 | 60歲及以上 | 大學及以上 | 中彰投區 | 本省閩南人 | 05 | 05 | 03"
"男性","60歲及以上","大學及以上","中彰投區","本省閩南人","06","04","05",1,0.588270652,0.000544069640914037,0.000323133899054352,"男性 | 60歲及以上 | 大學及以上 | 中彰投區 | 本省閩南人 | 06 | 04 | 05"
"男性","60歲及以上","大學及以上","中彰投區","本省閩南人","06","07","05",1,0.814076926,0.000544069640914037,0.000447168068531424,"男性 | 60歲及以上 | 大學及以上 | 中彰投區 | 本省閩南人 | 06 | 07 | 05"
"男性","60歲及以上","大學及以上","中彰投區","本省閩南人","08","02","05",1,0.588270652,0.000544069640914037,0.000323133899054352,"男性 | 60歲及以上 | 大學及以上 | 中彰投區 | 本省閩南人 | 08 | 02 | 05"
"男性","60歲及以上","大學及以上","中彰投區","本省閩南人","08","02","09",1,0.814076926,0.000544069640914037,0.000447168068531424,"男性 | 60歲及以上 | 大學及以上 | 中彰投區 | 本省閩南人 | 08 | 02 | 09"
"男性","60歲及以上","大學及以上","北北基宜蘭區","大陸各省市","03","00","04",1,0.721807661,0.000544069640914037,0.000396485058490105,"男性 | 60歲及以上 | 大學及以上 | 北北基宜蘭區 | 大陸各省市 | 03 | 00 | 04"
"男性","60歲及以上","大學及以上","北北基宜蘭區","大陸各省市","05","00","05",1,0.721807661,0.000544069640914037,0.000396485058490105,"男性 | 60歲及以上 | 大學及以上 | 北北基宜蘭區 | 大陸各省市 | 05 | 00 | 05"
"男性","60歲及以上","大學及以上","北北基宜蘭區","大陸各省市","05","01","05",1,0.721807661,0.000544069640914037,0.000396485058490105,"男性 | 60歲及以上 | 大學及以上 | 北北基宜蘭區 | 大陸各省市 | 05 | 01 | 05"
"男性","60歲及以上","大學及以上","北北基宜蘭區","大陸各省市","05","05","05",1,0.721807661,0.000544069640914037,0.000396485058490105,"男性 | 60歲及以上 | 大學及以上 | 北北基宜蘭區 | 大陸各省市 | 05 | 05 | 05"
"男性","60歲及以上","大學及以上","北北基宜蘭區","大陸各省市","06","00","04",1,0.721807661,0.000544069640914037,0.000396485058490105,"男性 | 60歲及以上 | 大學及以上 | 北北基宜蘭區 | 大陸各省市 | 06 | 00 | 04"
"男性","60歲及以上","大學及以上","北北基宜蘭區","大陸各省市","06","04","06",1,0.721807661,0.000544069640914037,0.000396485058490105,"男性 | 60歲及以上 | 大學及以上 | 北北基宜蘭區 | 大陸各省市 | 06 | 04 | 06"
"男性","60歲及以上","大學及以上","北北基宜蘭區","大陸各省市","10","00","00",1,0.721807661,0.000544069640914037,0.000396485058490105,"男性 | 60歲及以上 | 大學及以上 | 北北基宜蘭區 | 大陸各省市 | 10 | 00 | 00"
"男性","60歲及以上","大學及以上","北北基宜蘭區","大陸各省市","10","00","03",1,0.998871795,0.000544069640914037,0.000548674894245395,"男性 | 60歲及以上 | 大學及以上 | 北北基宜蘭區 | 大陸各省市 | 10 | 00 | 03"
"男性","60歲及以上","大學及以上","北北基宜蘭區","大陸各省市","10","02","05",1,0.721807661,0.000544069640914037,0.000396485058490105,"男性 | 60歲及以上 | 大學及以上 | 北北基宜蘭區 | 大陸各省市 | 10 | 02 | 05"
"男性","60歲及以上","大學及以上","北北基宜蘭區","本省客家人","03","08","07",1,0.721807661,0.000544069640914037,0.000396485058490105,"男性 | 60歲及以上 | 大學及以上 | 北北基宜蘭區 | 本省客家人 | 03 | 08 | 07"
"男性","60歲及以上","大學及以上","北北基宜蘭區","本省客家人","05","10","08",1,0.998871795,0.000544069640914037,0.000548674894245395,"男性 | 60歲及以上 | 大學及以上 | 北北基宜蘭區 | 本省客家人 | 05 | 10 | 08"
"男性","60歲及以上","大學及以上","北北基宜蘭區","本省客家人","06","01","01",1,0.721807661,0.000544069640914037,0.000396485058490105,"男性 | 60歲及以上 | 大學及以上 | 北北基宜蘭區 | 本省客家人 | 06 | 01 | 01"
"男性","60歲及以上","大學及以上","北北基宜蘭區","本省客家人","06","03","04",1,0.721807661,0.000544069640914037,0.000396485058490105,"男性 | 60歲及以上 | 大學及以上 | 北北基宜蘭區 | 本省客家人 | 06 | 03 | 04"
"男性","60歲及以上","大學及以上","北北基宜蘭區","本省閩南人","00","06","00",1,0.721807661,0.000544069640914037,0.000396485058490105,"男性 | 60歲及以上 | 大學及以上 | 北北基宜蘭區 | 本省閩南人 | 00 | 06 | 00"
"男性","60歲及以上","大學及以上","北北基宜蘭區","本省閩南人","00","10","00",1,0.721807661,0.000544069640914037,0.000396485058490105,"男性 | 60歲及以上 | 大學及以上 | 北北基宜蘭區 | 本省閩南人 | 00 | 10 | 00"
"男性","60歲及以上","大學及以上","北北基宜蘭區","本省閩南人","03","08","01",1,0.721807661,0.000544069640914037,0.000396485058490105,"男性 | 60歲及以上 | 大學及以上 | 北北基宜蘭區 | 本省閩南人 | 03 | 08 | 01"
"男性","60歲及以上","大學及以上","北北基宜蘭區","本省閩南人","03","08","02",1,0.721807661,0.000544069640914037,0.000396485058490105,"男性 | 60歲及以上 | 大學及以上 | 北北基宜蘭區 | 本省閩南人 | 03 | 08 | 02"
"男性","60歲及以上","大學及以上","北北基宜蘭區","本省閩南人","03","08","03",1,0.998871795,0.000544069640914037,0.000548674894245395,"男性 | 60歲及以上 | 大學及以上 | 北北基宜蘭區 | 本省閩南人 | 03 | 08 | 03"
"男性","60歲及以上","大學及以上","北北基宜蘭區","本省閩南人","04","02","05",1,1.13822698,0.000544069640914037,0.000625221946404799,"男性 | 60歲及以上 | 大學及以上 | 北北基宜蘭區 | 本省閩南人 | 04 | 02 | 05"
"男性","60歲及以上","大學及以上","北北基宜蘭區","本省閩南人","04","08","03",1,0.721807661,0.000544069640914037,0.000396485058490105,"男性 | 60歲及以上 | 大學及以上 | 北北基宜蘭區 | 本省閩南人 | 04 | 08 | 03"
"男性","60歲及以上","大學及以上","北北基宜蘭區","本省閩南人","04","08","05",1,0.721807661,0.000544069640914037,0.000396485058490105,"男性 | 60歲及以上 | 大學及以上 | 北北基宜蘭區 | 本省閩南人 | 04 | 08 | 05"
"男性","60歲及以上","大學及以上","北北基宜蘭區","本省閩南人","05","08","03",1,0.721807661,0.000544069640914037,0.000396485058490105,"男性 | 60歲及以上 | 大學及以上 | 北北基宜蘭區 | 本省閩南人 | 05 | 08 | 03"
"男性","60歲及以上","大學及以上","北北基宜蘭區","本省閩南人","05","09","00",1,0.721807661,0.000544069640914037,0.000396485058490105,"男性 | 60歲及以上 | 大學及以上 | 北北基宜蘭區 | 本省閩南人 | 05 | 09 | 00"
"男性","60歲及以上","大學及以上","北北基宜蘭區","本省閩南人","05","10","05",1,0.894896772,0.000544069640914037,0.00049156197441499,"男性 | 60歲及以上 | 大學及以上 | 北北基宜蘭區 | 本省閩南人 | 05 | 10 | 05"
"男性","60歲及以上","大學及以上","北北基宜蘭區","本省閩南人","07","01","04",1,0.721807661,0.000544069640914037,0.000396485058490105,"男性 | 60歲及以上 | 大學及以上 | 北北基宜蘭區 | 本省閩南人 | 07 | 01 | 04"
"男性","60歲及以上","大學及以上","北北基宜蘭區","本省閩南人","07","02","01",1,0.998871795,0.000544069640914037,0.000548674894245395,"男性 | 60歲及以上 | 大學及以上 | 北北基宜蘭區 | 本省閩南人 | 07 | 02 | 01"
"男性","60歲及以上","大學及以上","北北基宜蘭區","本省閩南人","07","03","02",1,0.721807661,0.000544069640914037,0.000396485058490105,"男性 | 60歲及以上 | 大學及以上 | 北北基宜蘭區 | 本省閩南人 | 07 | 03 | 02"
"男性","60歲及以上","大學及以上","北北基宜蘭區","本省閩南人","07","05","04",1,0.721807661,0.000544069640914037,0.000396485058490105,"男性 | 60歲及以上 | 大學及以上 | 北北基宜蘭區 | 本省閩南人 | 07 | 05 | 04"
"男性","60歲及以上","大學及以上","北北基宜蘭區","本省閩南人","08","00","07",1,0.721807661,0.000544069640914037,0.000396485058490105,"男性 | 60歲及以上 | 大學及以上 | 北北基宜蘭區 | 本省閩南人 | 08 | 00 | 07"
"男性","60歲及以上","大學及以上","北北基宜蘭區","本省閩南人","08","05","02",1,0.721807661,0.000544069640914037,0.000396485058490105,"男性 | 60歲及以上 | 大學及以上 | 北北基宜蘭區 | 本省閩南人 | 08 | 05 | 02"
"男性","60歲及以上","大學及以上","北北基宜蘭區","本省閩南人","08","07","00",1,0.998871795,0.000544069640914037,0.000548674894245395,"男性 | 60歲及以上 | 大學及以上 | 北北基宜蘭區 | 本省閩南人 | 08 | 07 | 00"
"男性","60歲及以上","大學及以上","北北基宜蘭區","本省閩南人","09","00","02",1,0.721807661,0.000544069640914037,0.000396485058490105,"男性 | 60歲及以上 | 大學及以上 | 北北基宜蘭區 | 本省閩南人 | 09 | 00 | 02"
"男性","60歲及以上","大學及以上","北北基宜蘭區","本省閩南人","09","02","04",1,0.721807661,0.000544069640914037,0.000396485058490105,"男性 | 60歲及以上 | 大學及以上 | 北北基宜蘭區 | 本省閩南人 | 09 | 02 | 04"
"男性","60歲及以上","大學及以上","桃竹苗區","大陸各省市","03","02","03",1,0.653958962,0.000544069640914037,0.000359216133754361,"男性 | 60歲及以上 | 大學及以上 | 桃竹苗區 | 大陸各省市 | 03 | 02 | 03"
"男性","60歲及以上","大學及以上","桃竹苗區","大陸各省市","07","04","05",1,0.653958962,0.000544069640914037,0.000359216133754361,"男性 | 60歲及以上 | 大學及以上 | 桃竹苗區 | 大陸各省市 | 07 | 04 | 05"
"男性","60歲及以上","大學及以上","桃竹苗區","大陸各省市","10","00","00",1,0.653958962,0.000544069640914037,0.000359216133754361,"男性 | 60歲及以上 | 大學及以上 | 桃竹苗區 | 大陸各省市 | 10 | 00 | 00"
"男性","60歲及以上","大學及以上","桃竹苗區","大陸各省市","10","01","03",1,0.653958962,0.000544069640914037,0.000359216133754361,"男性 | 60歲及以上 | 大學及以上 | 桃竹苗區 | 大陸各省市 | 10 | 01 | 03"
"男性","60歲及以上","大學及以上","桃竹苗區","本省客家人","05","02","05",1,0.653958962,0.000544069640914037,0.000359216133754361,"男性 | 60歲及以上 | 大學及以上 | 桃竹苗區 | 本省客家人 | 05 | 02 | 05"
"男性","60歲及以上","大學及以上","桃竹苗區","本省客家人","08","00","01",1,0.653958962,0.000544069640914037,0.000359216133754361,"男性 | 60歲及以上 | 大學及以上 | 桃竹苗區 | 本省客家人 | 08 | 00 | 01"
"男性","60歲及以上","大學及以上","桃竹苗區","本省閩南人","04","04","04",1,0.904979536,0.000544069640914037,0.000497100382345912,"男性 | 60歲及以上 | 大學及以上 | 桃竹苗區 | 本省閩南人 | 04 | 04 | 04"
"男性","60歲及以上","大學及以上","桃竹苗區","本省閩南人","05","04","05",1,0.653958962,0.000544069640914037,0.000359216133754361,"男性 | 60歲及以上 | 大學及以上 | 桃竹苗區 | 本省閩南人 | 05 | 04 | 05"
"男性","60歲及以上","大學及以上","桃竹苗區","本省閩南人","06","06","08",1,0.653958962,0.000544069640914037,0.000359216133754361,"男性 | 60歲及以上 | 大學及以上 | 桃竹苗區 | 本省閩南人 | 06 | 06 | 08"
"男性","60歲及以上","大學及以上","桃竹苗區","本省閩南人","07","04","04",1,0.653958962,0.000544069640914037,0.000359216133754361,"男性 | 60歲及以上 | 大學及以上 | 桃竹苗區 | 本省閩南人 | 07 | 04 | 04"
"男性","60歲及以上","大學及以上","花東外島區","本省客家人","03","09","03",1,0.464790494,0.000544069640914037,0.000255306913678261,"男性 | 60歲及以上 | 大學及以上 | 花東外島區 | 本省客家人 | 03 | 09 | 03"
"男性","60歲及以上","大學及以上","花東外島區","本省客家人","06","04","05",1,0.464790494,0.000544069640914037,0.000255306913678261,"男性 | 60歲及以上 | 大學及以上 | 花東外島區 | 本省客家人 | 06 | 04 | 05"
"男性","60歲及以上","大學及以上","花東外島區","本省閩南人","01","10","00",1,0.464790494,0.000544069640914037,0.000255306913678261,"男性 | 60歲及以上 | 大學及以上 | 花東外島區 | 本省閩南人 | 01 | 10 | 00"
"男性","60歲及以上","大學及以上","花東外島區","本省閩南人","06","04","01",1,0.643199207,0.000544069640914037,0.000353305858315328,"男性 | 60歲及以上 | 大學及以上 | 花東外島區 | 本省閩南人 | 06 | 04 | 01"
"男性","60歲及以上","大學及以上","雲嘉南區","原住民","09","01","04",1,0.584634721,0.000544069640914037,0.000321136701749458,"男性 | 60歲及以上 | 大學及以上 | 雲嘉南區 | 原住民 | 09 | 01 | 04"
"男性","60歲及以上","大學及以上","雲嘉南區","大陸各省市","05","05","05",1,0.584634721,0.000544069640914037,0.000321136701749458,"男性 | 60歲及以上 | 大學及以上 | 雲嘉南區 | 大陸各省市 | 05 | 05 | 05"
"男性","60歲及以上","大學及以上","雲嘉南區","本省閩南人","02","08","00",1,1.003054016,0.000544069640914037,0.000550972165703427,"男性 | 60歲及以上 | 大學及以上 | 雲嘉南區 | 本省閩南人 | 02 | 08 | 00"
"男性","60歲及以上","大學及以上","雲嘉南區","本省閩南人","03","00","03",1,0.584634721,0.000544069640914037,0.000321136701749458,"男性 | 60歲及以上 | 大學及以上 | 雲嘉南區 | 本省閩南人 | 03 | 00 | 03"
"男性","60歲及以上","大學及以上","雲嘉南區","本省閩南人","04","09","01",1,0.809045351,0.000544069640914037,0.000444404251498215,"男性 | 60歲及以上 | 大學及以上 | 雲嘉南區 | 本省閩南人 | 04 | 09 | 01"
"男性","60歲及以上","大學及以上","雲嘉南區","本省閩南人","05","10","00",1,0.584634721,0.000544069640914037,0.000321136701749458,"男性 | 60歲及以上 | 大學及以上 | 雲嘉南區 | 本省閩南人 | 05 | 10 | 00"
"男性","60歲及以上","大學及以上","雲嘉南區","本省閩南人","07","05","06",1,0.72482983,0.000544069640914037,0.000398145119635857,"男性 | 60歲及以上 | 大學及以上 | 雲嘉南區 | 本省閩南人 | 07 | 05 | 06"
"男性","60歲及以上","大學及以上","雲嘉南區","本省閩南人","08","01","01",1,0.881007928,0.000544069640914037,0.000483932907250379,"男性 | 60歲及以上 | 大學及以上 | 雲嘉南區 | 本省閩南人 | 08 | 01 | 01"
"男性","60歲及以上","大學及以上","雲嘉南區","本省閩南人","08","02","03",1,0.584634721,0.000544069640914037,0.000321136701749458,"男性 | 60歲及以上 | 大學及以上 | 雲嘉南區 | 本省閩南人 | 08 | 02 | 03"
"男性","60歲及以上","大學及以上","雲嘉南區","本省閩南人","08","05","06",1,0.809045351,0.000544069640914037,0.000444404251498215,"男性 | 60歲及以上 | 大學及以上 | 雲嘉南區 | 本省閩南人 | 08 | 05 | 06"
"男性","60歲及以上","大學及以上","高屏澎湖區","本省閩南人","01","05","01",1,0.838086901,0.000544069640914037,0.000460356618413303,"男性 | 60歲及以上 | 大學及以上 | 高屏澎湖區 | 本省閩南人 | 01 | 05 | 01"
"男性","60歲及以上","大學及以上","高屏澎湖區","本省閩南人","02","06","04",1,0.60562081,0.000544069640914037,0.000332664247346739,"男性 | 60歲及以上 | 大學及以上 | 高屏澎湖區 | 本省閩南人 | 02 | 06 | 04"
"男性","60歲及以上","大學及以上","高屏澎湖區","本省閩南人","02","08","00",1,0.60562081,0.000544069640914037,0.000332664247346739,"男性 | 60歲及以上 | 大學及以上 | 高屏澎湖區 | 本省閩南人 | 02 | 08 | 00"
"男性","60歲及以上","大學及以上","高屏澎湖區","本省閩南人","05","08","01",1,0.659489279,0.000544069640914037,0.000362253907080535,"男性 | 60歲及以上 | 大學及以上 | 高屏澎湖區 | 本省閩南人 | 05 | 08 | 01"
"男性","60歲及以上","大學及以上","高屏澎湖區","本省閩南人","07","05","04",1,0.60562081,0.000544069640914037,0.000332664247346739,"男性 | 60歲及以上 | 大學及以上 | 高屏澎湖區 | 本省閩南人 | 07 | 05 | 04"
"男性","60歲及以上","大學及以上","高屏澎湖區","本省閩南人","08","03","03",1,0.838086901,0.000544069640914037,0.000460356618413303,"男性 | 60歲及以上 | 大學及以上 | 高屏澎湖區 | 本省閩南人 | 08 | 03 | 03"
"男性","60歲及以上","專科","中彰投區","大陸各省市","07","02","03",1,0.886487049,0.000544069640914037,0.00048694255888964,"男性 | 60歲及以上 | 專科 | 中彰投區 | 大陸各省市 | 07 | 02 | 03"
"男性","60歲及以上","專科","中彰投區","本省閩南人","00","10","00",1,0.588270652,0.000544069640914037,0.000323133899054352,"男性 | 60歲及以上 | 專科 | 中彰投區 | 本省閩南人 | 00 | 10 | 00"
"男性","60歲及以上","專科","中彰投區","本省閩南人","01","08","01",1,0.640595867,0.000544069640914037,0.000351875857682279,"男性 | 60歲及以上 | 專科 | 中彰投區 | 本省閩南人 | 01 | 08 | 01"
"男性","60歲及以上","專科","中彰投區","本省閩南人","08","04","03",1,0.640595867,0.000544069640914037,0.000351875857682279,"男性 | 60歲及以上 | 專科 | 中彰投區 | 本省閩南人 | 08 | 04 | 03"
"男性","60歲及以上","專科","北北基宜蘭區","大陸各省市","06","05","03",1,0.894896772,0.000544069640914037,0.00049156197441499,"男性 | 60歲及以上 | 專科 | 北北基宜蘭區 | 大陸各省市 | 06 | 05 | 03"
"男性","60歲及以上","專科","北北基宜蘭區","大陸各省市","07","00","00",1,0.786010662,0.000544069640914037,0.000431751420960488,"男性 | 60歲及以上 | 專科 | 北北基宜蘭區 | 大陸各省市 | 07 | 00 | 00"
"男性","60歲及以上","專科","北北基宜蘭區","大陸各省市","08","01","05",1,0.786010662,0.000544069640914037,0.000431751420960488,"男性 | 60歲及以上 | 專科 | 北北基宜蘭區 | 大陸各省市 | 08 | 01 | 05"
"男性","60歲及以上","專科","北北基宜蘭區","本省客家人","05","05","06",1,0.786010662,0.000544069640914037,0.000431751420960488,"男性 | 60歲及以上 | 專科 | 北北基宜蘭區 | 本省客家人 | 05 | 05 | 06"
"男性","60歲及以上","專科","北北基宜蘭區","本省客家人","06","00","01",1,1.087718963,0.000544069640914037,0.000597478164845706,"男性 | 60歲及以上 | 專科 | 北北基宜蘭區 | 本省客家人 | 06 | 00 | 01"
"男性","60歲及以上","專科","北北基宜蘭區","本省閩南人","00","09","04",1,0.786010662,0.000544069640914037,0.000431751420960488,"男性 | 60歲及以上 | 專科 | 北北基宜蘭區 | 本省閩南人 | 00 | 09 | 04"
"男性","60歲及以上","專科","北北基宜蘭區","本省閩南人","03","05","05",1,0.786010662,0.000544069640914037,0.000431751420960488,"男性 | 60歲及以上 | 專科 | 北北基宜蘭區 | 本省閩南人 | 03 | 05 | 05"
"男性","60歲及以上","專科","北北基宜蘭區","本省閩南人","05","04","06",1,0.786010662,0.000544069640914037,0.000431751420960488,"男性 | 60歲及以上 | 專科 | 北北基宜蘭區 | 本省閩南人 | 05 | 04 | 06"
"男性","60歲及以上","專科","北北基宜蘭區","本省閩南人","05","08","04",1,0.786010662,0.000544069640914037,0.000431751420960488,"男性 | 60歲及以上 | 專科 | 北北基宜蘭區 | 本省閩南人 | 05 | 08 | 04"
"男性","60歲及以上","專科","北北基宜蘭區","本省閩南人","07","05","06",1,0.786010662,0.000544069640914037,0.000431751420960488,"男性 | 60歲及以上 | 專科 | 北北基宜蘭區 | 本省閩南人 | 07 | 05 | 06"
"男性","60歲及以上","專科","桃竹苗區","大陸各省市","05","05","00",1,0.71212699,0.000544069640914037,0.000391167518077274,"男性 | 60歲及以上 | 專科 | 桃竹苗區 | 大陸各省市 | 05 | 05 | 00"
"男性","60歲及以上","專科","桃竹苗區","大陸各省市","08","05","04",1,0.985475221,0.000544069640914037,0.000541316228339026,"男性 | 60歲及以上 | 專科 | 桃竹苗區 | 大陸各省市 | 08 | 05 | 04"
"男性","60歲及以上","專科","桃竹苗區","本省客家人","03","05","00",1,0.71212699,0.000544069640914037,0.000391167518077274,"男性 | 60歲及以上 | 專科 | 桃竹苗區 | 本省客家人 | 03 | 05 | 00"
"男性","60歲及以上","專科","桃竹苗區","本省客家人","03","06","05",1,0.71212699,0.000544069640914037,0.000391167518077274,"男性 | 60歲及以上 | 專科 | 桃竹苗區 | 本省客家人 | 03 | 06 | 05"
"男性","60歲及以上","專科","桃竹苗區","本省客家人","05","05","01",1,0.71212699,0.000544069640914037,0.000391167518077274,"男性 | 60歲及以上 | 專科 | 桃竹苗區 | 本省客家人 | 05 | 05 | 01"
"男性","60歲及以上","專科","桃竹苗區","本省客家人","05","05","05",1,0.653958962,0.000544069640914037,0.000359216133754361,"男性 | 60歲及以上 | 專科 | 桃竹苗區 | 本省客家人 | 05 | 05 | 05"
"男性","60歲及以上","專科","桃竹苗區","本省客家人","08","02","01",1,0.985475221,0.000544069640914037,0.000541316228339026,"男性 | 60歲及以上 | 專科 | 桃竹苗區 | 本省客家人 | 08 | 02 | 01"
"男性","60歲及以上","專科","桃竹苗區","本省客家人","09","03","08",1,0.71212699,0.000544069640914037,0.000391167518077274,"男性 | 60歲及以上 | 專科 | 桃竹苗區 | 本省客家人 | 09 | 03 | 08"
"男性","60歲及以上","專科","桃竹苗區","本省閩南人","00","10","00",1,0.81077799,0.000544069640914037,0.000445355980764022,"男性 | 60歲及以上 | 專科 | 桃竹苗區 | 本省閩南人 | 00 | 10 | 00"
"男性","60歲及以上","專科","桃竹苗區","本省閩南人","05","04","04",1,0.985475221,0.000544069640914037,0.000541316228339026,"男性 | 60歲及以上 | 專科 | 桃竹苗區 | 本省閩南人 | 05 | 04 | 04"
"男性","60歲及以上","專科","桃竹苗區","本省閩南人","06","05","05",1,0.985475221,0.000544069640914037,0.000541316228339026,"男性 | 60歲及以上 | 專科 | 桃竹苗區 | 本省閩南人 | 06 | 05 | 05"
"男性","60歲及以上","專科","花東外島區","本省客家人","08","02","02",1,0.506132455,0.000544069640914037,0.000278015830070852,"男性 | 60歲及以上 | 專科 | 花東外島區 | 本省客家人 | 08 | 02 | 02"
"男性","60歲及以上","專科","花東外島區","本省閩南人","02","08","01",1,0.506132455,0.000544069640914037,0.000278015830070852,"男性 | 60歲及以上 | 專科 | 花東外島區 | 本省閩南人 | 02 | 08 | 01"
"男性","60歲及以上","專科","花東外島區","本省閩南人","06","02","04",1,0.506132455,0.000544069640914037,0.000278015830070852,"男性 | 60歲及以上 | 專科 | 花東外島區 | 本省閩南人 | 06 | 02 | 04"
"男性","60歲及以上","專科","花東外島區","本省閩南人","06","03","05",1,0.700410181,0.000544069640914037,0.00038473153803344,"男性 | 60歲及以上 | 專科 | 花東外島區 | 本省閩南人 | 06 | 03 | 05"
"男性","60歲及以上","專科","花東外島區","本省閩南人","08","00","06",1,0.506132455,0.000544069640914037,0.000278015830070852,"男性 | 60歲及以上 | 專科 | 花東外島區 | 本省閩南人 | 08 | 00 | 06"
"男性","60歲及以上","專科","花東外島區","本省閩南人","08","02","06",1,0.506132455,0.000544069640914037,0.000278015830070852,"男性 | 60歲及以上 | 專科 | 花東外島區 | 本省閩南人 | 08 | 02 | 06"
"男性","60歲及以上","專科","雲嘉南區","本省閩南人","00","10","00",1,0.636636529,0.000544069640914037,0.00034970101465507,"男性 | 60歲及以上 | 專科 | 雲嘉南區 | 本省閩南人 | 00 | 10 | 00"
"男性","60歲及以上","專科","雲嘉南區","本省閩南人","03","07","00",1,0.72482983,0.000544069640914037,0.000398145119635857,"男性 | 60歲及以上 | 專科 | 雲嘉南區 | 本省閩南人 | 03 | 07 | 00"
"男性","60歲及以上","專科","雲嘉南區","本省閩南人","05","05","03",1,0.636636529,0.000544069640914037,0.00034970101465507,"男性 | 60歲及以上 | 專科 | 雲嘉南區 | 本省閩南人 | 05 | 05 | 03"
"男性","60歲及以上","專科","雲嘉南區","本省閩南人","05","05","05",1,0.636636529,0.000544069640914037,0.00034970101465507,"男性 | 60歲及以上 | 專科 | 雲嘉南區 | 本省閩南人 | 05 | 05 | 05"
"男性","60歲及以上","專科","雲嘉南區","本省閩南人","06","00","00",1,0.636636529,0.000544069640914037,0.00034970101465507,"男性 | 60歲及以上 | 專科 | 雲嘉南區 | 本省閩南人 | 06 | 00 | 00"
"男性","60歲及以上","專科","雲嘉南區","本省閩南人","10","05","06",1,0.636636529,0.000544069640914037,0.00034970101465507,"男性 | 60歲及以上 | 專科 | 雲嘉南區 | 本省閩南人 | 10 | 05 | 06"
"男性","60歲及以上","專科","雲嘉南區","本省閩南人","10","05","09",1,0.881007928,0.000544069640914037,0.000483932907250379,"男性 | 60歲及以上 | 專科 | 雲嘉南區 | 本省閩南人 | 10 | 05 | 09"
"男性","60歲及以上","專科","高屏澎湖區","大陸各省市","04","00","03",1,0.659489279,0.000544069640914037,0.000362253907080535,"男性 | 60歲及以上 | 專科 | 高屏澎湖區 | 大陸各省市 | 04 | 00 | 03"
"男性","60歲及以上","專科","高屏澎湖區","大陸各省市","06","05","06",1,0.659489279,0.000544069640914037,0.000362253907080535,"男性 | 60歲及以上 | 專科 | 高屏澎湖區 | 大陸各省市 | 06 | 05 | 06"
"男性","60歲及以上","專科","高屏澎湖區","本省客家人","05","05","03",1,0.659489279,0.000544069640914037,0.000362253907080535,"男性 | 60歲及以上 | 專科 | 高屏澎湖區 | 本省客家人 | 05 | 05 | 03"
"男性","60歲及以上","專科","高屏澎湖區","本省閩南人","01","09","02",1,0.659489279,0.000544069640914037,0.000362253907080535,"男性 | 60歲及以上 | 專科 | 高屏澎湖區 | 本省閩南人 | 01 | 09 | 02"
"男性","60歲及以上","專科","高屏澎湖區","本省閩南人","03","10","01",1,0.659489279,0.000544069640914037,0.000362253907080535,"男性 | 60歲及以上 | 專科 | 高屏澎湖區 | 本省閩南人 | 03 | 10 | 01"
"男性","60歲及以上","專科","高屏澎湖區","本省閩南人","05","00","01",1,0.750848373,0.000544069640914037,0.000412436965096309,"男性 | 60歲及以上 | 專科 | 高屏澎湖區 | 本省閩南人 | 05 | 00 | 01"
"男性","60歲及以上","專科","高屏澎湖區","本省閩南人","05","02","03",1,0.659489279,0.000544069640914037,0.000362253907080535,"男性 | 60歲及以上 | 專科 | 高屏澎湖區 | 本省閩南人 | 05 | 02 | 03"
"男性","60歲及以上","專科","高屏澎湖區","本省閩南人","05","04","03",1,0.912632652,0.000544069640914037,0.000501304197723387,"男性 | 60歲及以上 | 專科 | 高屏澎湖區 | 本省閩南人 | 05 | 04 | 03"
"男性","60歲及以上","專科","高屏澎湖區","本省閩南人","05","05","05",1,0.659489279,0.000544069640914037,0.000362253907080535,"男性 | 60歲及以上 | 專科 | 高屏澎湖區 | 本省閩南人 | 05 | 05 | 05"
"男性","60歲及以上","專科","高屏澎湖區","本省閩南人","07","06","02",1,0.750848373,0.000544069640914037,0.000412436965096309,"男性 | 60歲及以上 | 專科 | 高屏澎湖區 | 本省閩南人 | 07 | 06 | 02"
"男性","60歲及以上","小學及以下","中彰投區","本省閩南人","00","10","00",1,1.182895583,0.000544069640914037,0.00064975816932129,"男性 | 60歲及以上 | 小學及以下 | 中彰投區 | 本省閩南人 | 00 | 10 | 00"
"男性","60歲及以上","小學及以下","中彰投區","本省閩南人","03","08","05",1,0.85478747,0.000544069640914037,0.000469530150968512,"男性 | 60歲及以上 | 小學及以下 | 中彰投區 | 本省閩南人 | 03 | 08 | 05"
"男性","60歲及以上","小學及以下","中彰投區","本省閩南人","04","06","02",1,0.85478747,0.000544069640914037,0.000469530150968512,"男性 | 60歲及以上 | 小學及以下 | 中彰投區 | 本省閩南人 | 04 | 06 | 02"
"男性","60歲及以上","小學及以下","中彰投區","本省閩南人","04","08","02",1,0.85478747,0.000544069640914037,0.000469530150968512,"男性 | 60歲及以上 | 小學及以下 | 中彰投區 | 本省閩南人 | 04 | 08 | 02"
"男性","60歲及以上","小學及以下","中彰投區","本省閩南人","04","08","04",1,0.85478747,0.000544069640914037,0.000469530150968512,"男性 | 60歲及以上 | 小學及以下 | 中彰投區 | 本省閩南人 | 04 | 08 | 04"
"男性","60歲及以上","小學及以下","中彰投區","本省閩南人","06","09","06",1,0.85478747,0.000544069640914037,0.000469530150968512,"男性 | 60歲及以上 | 小學及以下 | 中彰投區 | 本省閩南人 | 06 | 09 | 06"
"男性","60歲及以上","小學及以下","中彰投區","本省閩南人","07","02","01",1,1.265613404,0.000544069640914037,0.000695194622644495,"男性 | 60歲及以上 | 小學及以下 | 中彰投區 | 本省閩南人 | 07 | 02 | 01"
"男性","60歲及以上","小學及以下","北北基宜蘭區","原住民","01","09","04",1,1.048823602,0.000544069640914037,0.000576113152648809,"男性 | 60歲及以上 | 小學及以下 | 北北基宜蘭區 | 原住民 | 01 | 09 | 04"
"男性","60歲及以上","小學及以下","北北基宜蘭區","大陸各省市","09","03","02",1,1.048823602,0.000544069640914037,0.000576113152648809,"男性 | 60歲及以上 | 小學及以下 | 北北基宜蘭區 | 大陸各省市 | 09 | 03 | 02"
"男性","60歲及以上","小學及以下","北北基宜蘭區","本省客家人","05","05","04",1,1.048823602,0.000544069640914037,0.000576113152648809,"男性 | 60歲及以上 | 小學及以下 | 北北基宜蘭區 | 本省客家人 | 05 | 05 | 04"
"男性","60歲及以上","小學及以下","北北基宜蘭區","本省客家人","05","10","03",1,1.048823602,0.000544069640914037,0.000576113152648809,"男性 | 60歲及以上 | 小學及以下 | 北北基宜蘭區 | 本省客家人 | 05 | 10 | 03"
"男性","60歲及以上","小學及以下","北北基宜蘭區","本省閩南人","00","10","00",1,1.451412019,0.000544069640914037,0.000797252800627252,"男性 | 60歲及以上 | 小學及以下 | 北北基宜蘭區 | 本省閩南人 | 00 | 10 | 00"
"男性","60歲及以上","小學及以下","北北基宜蘭區","本省閩南人","02","07","00",1,1.048823602,0.000544069640914037,0.000576113152648809,"男性 | 60歲及以上 | 小學及以下 | 北北基宜蘭區 | 本省閩南人 | 02 | 07 | 00"
"男性","60歲及以上","小學及以下","北北基宜蘭區","本省閩南人","03","07","02",1,1.048823602,0.000544069640914037,0.000576113152648809,"男性 | 60歲及以上 | 小學及以下 | 北北基宜蘭區 | 本省閩南人 | 03 | 07 | 02"
"男性","60歲及以上","小學及以下","北北基宜蘭區","本省閩南人","03","07","03",1,1.048823602,0.000544069640914037,0.000576113152648809,"男性 | 60歲及以上 | 小學及以下 | 北北基宜蘭區 | 本省閩南人 | 03 | 07 | 03"
"男性","60歲及以上","小學及以下","北北基宜蘭區","本省閩南人","04","07","01",1,1.048823602,0.000544069640914037,0.000576113152648809,"男性 | 60歲及以上 | 小學及以下 | 北北基宜蘭區 | 本省閩南人 | 04 | 07 | 01"
"男性","60歲及以上","小學及以下","北北基宜蘭區","本省閩南人","05","05","04",1,1.048823602,0.000544069640914037,0.000576113152648809,"男性 | 60歲及以上 | 小學及以下 | 北北基宜蘭區 | 本省閩南人 | 05 | 05 | 04"
"男性","60歲及以上","小學及以下","北北基宜蘭區","本省閩南人","06","04","03",1,1.048823602,0.000544069640914037,0.000576113152648809,"男性 | 60歲及以上 | 小學及以下 | 北北基宜蘭區 | 本省閩南人 | 06 | 04 | 03"
"男性","60歲及以上","小學及以下","北北基宜蘭區","本省閩南人","06","04","04",1,1.048823602,0.000544069640914037,0.000576113152648809,"男性 | 60歲及以上 | 小學及以下 | 北北基宜蘭區 | 本省閩南人 | 06 | 04 | 04"
"男性","60歲及以上","小學及以下","北北基宜蘭區","本省閩南人","06","09","06",1,1.048823602,0.000544069640914037,0.000576113152648809,"男性 | 60歲及以上 | 小學及以下 | 北北基宜蘭區 | 本省閩南人 | 06 | 09 | 06"
"男性","60歲及以上","小學及以下","北北基宜蘭區","本省閩南人","07","06","05",1,1.048823602,0.000544069640914037,0.000576113152648809,"男性 | 60歲及以上 | 小學及以下 | 北北基宜蘭區 | 本省閩南人 | 07 | 06 | 05"
"男性","60歲及以上","小學及以下","桃竹苗區","本省客家人","03","09","00",1,0.950235958,0.000544069640914037,0.000521959491071446,"男性 | 60歲及以上 | 小學及以下 | 桃竹苗區 | 本省客家人 | 03 | 09 | 00"
"男性","60歲及以上","小學及以下","桃竹苗區","本省客家人","05","05","05",1,0.950235958,0.000544069640914037,0.000521959491071446,"男性 | 60歲及以上 | 小學及以下 | 桃竹苗區 | 本省客家人 | 05 | 05 | 05"
"男性","60歲及以上","小學及以下","桃竹苗區","本省客家人","06","03","01",1,0.950235958,0.000544069640914037,0.000521959491071446,"男性 | 60歲及以上 | 小學及以下 | 桃竹苗區 | 本省客家人 | 06 | 03 | 01"
"男性","60歲及以上","小學及以下","桃竹苗區","本省客家人","06","06","05",1,0.950235958,0.000544069640914037,0.000521959491071446,"男性 | 60歲及以上 | 小學及以下 | 桃竹苗區 | 本省客家人 | 06 | 06 | 05"
"男性","60歲及以上","小學及以下","桃竹苗區","本省客家人","10","03","01",1,0.950235958,0.000544069640914037,0.000521959491071446,"男性 | 60歲及以上 | 小學及以下 | 桃竹苗區 | 本省客家人 | 10 | 03 | 01"
"男性","60歲及以上","小學及以下","桃竹苗區","本省閩南人","00","10","00",1,0.950235958,0.000544069640914037,0.000521959491071446,"男性 | 60歲及以上 | 小學及以下 | 桃竹苗區 | 本省閩南人 | 00 | 10 | 00"
"男性","60歲及以上","小學及以下","桃竹苗區","本省閩南人","08","03","01",1,0.950235958,0.000544069640914037,0.000521959491071446,"男性 | 60歲及以上 | 小學及以下 | 桃竹苗區 | 本省閩南人 | 08 | 03 | 01"
"男性","60歲及以上","小學及以下","花東外島區","本省客家人","07","06","05",1,0.675364459,0.000544069640914037,0.000370974057905923,"男性 | 60歲及以上 | 小學及以下 | 花東外島區 | 本省客家人 | 07 | 06 | 05"
"男性","60歲及以上","小學及以下","雲嘉南區","本省閩南人","00","08","03",1,0.849504275,0.000544069640914037,0.000466628120425241,"男性 | 60歲及以上 | 小學及以下 | 雲嘉南區 | 本省閩南人 | 00 | 08 | 03"
"男性","60歲及以上","小學及以下","雲嘉南區","本省閩南人","00","09","00",1,0.908908624,0.000544069640914037,0.000499258609211133,"男性 | 60歲及以上 | 小學及以下 | 雲嘉南區 | 本省閩南人 | 00 | 09 | 00"
"男性","60歲及以上","小學及以下","雲嘉南區","本省閩南人","02","07","01",1,0.849504275,0.000544069640914037,0.000466628120425241,"男性 | 60歲及以上 | 小學及以下 | 雲嘉南區 | 本省閩南人 | 02 | 07 | 01"
"男性","60歲及以上","小學及以下","雲嘉南區","本省閩南人","03","06","01",1,0.849504275,0.000544069640914037,0.000466628120425241,"男性 | 60歲及以上 | 小學及以下 | 雲嘉南區 | 本省閩南人 | 03 | 06 | 01"
"男性","60歲及以上","小學及以下","雲嘉南區","本省閩南人","04","07","03",1,0.908908624,0.000544069640914037,0.000499258609211133,"男性 | 60歲及以上 | 小學及以下 | 雲嘉南區 | 本省閩南人 | 04 | 07 | 03"
"男性","60歲及以上","小學及以下","雲嘉南區","本省閩南人","05","08","05",1,0.849504275,0.000544069640914037,0.000466628120425241,"男性 | 60歲及以上 | 小學及以下 | 雲嘉南區 | 本省閩南人 | 05 | 08 | 05"
"男性","60歲及以上","小學及以下","雲嘉南區","本省閩南人","05","10","05",1,0.849504275,0.000544069640914037,0.000466628120425241,"男性 | 60歲及以上 | 小學及以下 | 雲嘉南區 | 本省閩南人 | 05 | 10 | 05"
"男性","60歲及以上","小學及以下","雲嘉南區","本省閩南人","05","10","07",1,1.257791013,0.000544069640914037,0.000690897825421714,"男性 | 60歲及以上 | 小學及以下 | 雲嘉南區 | 本省閩南人 | 05 | 10 | 07"
"男性","60歲及以上","小學及以下","雲嘉南區","本省閩南人","07","09","05",1,0.849504275,0.000544069640914037,0.000466628120425241,"男性 | 60歲及以上 | 小學及以下 | 雲嘉南區 | 本省閩南人 | 07 | 09 | 05"
"男性","60歲及以上","小學及以下","高屏澎湖區","本省客家人","04","05","03",1,0.879998141,0.000544069640914037,0.000483378236692848,"男性 | 60歲及以上 | 小學及以下 | 高屏澎湖區 | 本省客家人 | 04 | 05 | 03"
"男性","60歲及以上","小學及以下","高屏澎湖區","本省閩南人","00","10","05",1,0.879998141,0.000544069640914037,0.000483378236692848,"男性 | 60歲及以上 | 小學及以下 | 高屏澎湖區 | 本省閩南人 | 00 | 10 | 05"
"男性","60歲及以上","小學及以下","高屏澎湖區","本省閩南人","01","08","01",1,0.879998141,0.000544069640914037,0.000483378236692848,"男性 | 60歲及以上 | 小學及以下 | 高屏澎湖區 | 本省閩南人 | 01 | 08 | 01"
"男性","60歲及以上","小學及以下","高屏澎湖區","本省閩南人","01","09","00",1,0.879998141,0.000544069640914037,0.000483378236692848,"男性 | 60歲及以上 | 小學及以下 | 高屏澎湖區 | 本省閩南人 | 01 | 09 | 00"
"男性","60歲及以上","小學及以下","高屏澎湖區","本省閩南人","01","10","02",1,0.879998141,0.000544069640914037,0.000483378236692848,"男性 | 60歲及以上 | 小學及以下 | 高屏澎湖區 | 本省閩南人 | 01 | 10 | 02"
"男性","60歲及以上","小學及以下","高屏澎湖區","本省閩南人","02","09","01",1,0.879998141,0.000544069640914037,0.000483378236692848,"男性 | 60歲及以上 | 小學及以下 | 高屏澎湖區 | 本省閩南人 | 02 | 09 | 01"
"男性","60歲及以上","小學及以下","高屏澎湖區","本省閩南人","03","08","00",1,0.879998141,0.000544069640914037,0.000483378236692848,"男性 | 60歲及以上 | 小學及以下 | 高屏澎湖區 | 本省閩南人 | 03 | 08 | 00"
"男性","60歲及以上","小學及以下","高屏澎湖區","本省閩南人","04","05","05",1,0.879998141,0.000544069640914037,0.000483378236692848,"男性 | 60歲及以上 | 小學及以下 | 高屏澎湖區 | 本省閩南人 | 04 | 05 | 05"
"男性","60歲及以上","小學及以下","高屏澎湖區","本省閩南人","05","05","05",1,0.879998141,0.000544069640914037,0.000483378236692848,"男性 | 60歲及以上 | 小學及以下 | 高屏澎湖區 | 本省閩南人 | 05 | 05 | 05"
"男性","60歲及以上","小學及以下","高屏澎湖區","本省閩南人","05","10","05",1,0.879998141,0.000544069640914037,0.000483378236692848,"男性 | 60歲及以上 | 小學及以下 | 高屏澎湖區 | 本省閩南人 | 05 | 10 | 05"
"男性","60歲及以上","小學及以下","高屏澎湖區","本省閩南人","06","05","03",1,0.879998141,0.000544069640914037,0.000483378236692848,"男性 | 60歲及以上 | 小學及以下 | 高屏澎湖區 | 本省閩南人 | 06 | 05 | 03"
"男性","60歲及以上","小學及以下","高屏澎湖區","本省閩南人","08","03","03",1,0.879998141,0.000544069640914037,0.000483378236692848,"男性 | 60歲及以上 | 小學及以下 | 高屏澎湖區 | 本省閩南人 | 08 | 03 | 03"
"男性","60歲及以上","小學及以下","高屏澎湖區","本省閩南人","08","10","07",1,0.879998141,0.000544069640914037,0.000483378236692848,"男性 | 60歲及以上 | 小學及以下 | 高屏澎湖區 | 本省閩南人 | 08 | 10 | 07"
"男性","60歲及以上","高中、職","中彰投區","本省客家人","00","10","00",1,0.976292704,0.000544069640914037,0.000536272321233929,"男性 | 60歲及以上 | 高中、職 | 中彰投區 | 本省客家人 | 00 | 10 | 00"
"男性","60歲及以上","高中、職","中彰投區","本省客家人","05","05","05",1,0.729337656,0.000544069640914037,0.000400621244165759,"男性 | 60歲及以上 | 高中、職 | 中彰投區 | 本省客家人 | 05 | 05 | 05"
"男性","60歲及以上","高中、職","中彰投區","本省客家人","05","08","03",1,0.729337656,0.000544069640914037,0.000400621244165759,"男性 | 60歲及以上 | 高中、職 | 中彰投區 | 本省客家人 | 05 | 08 | 03"
"男性","60歲及以上","高中、職","中彰投區","本省閩南人","00","10","00",1,0.729337656,0.000544069640914037,0.000400621244165759,"男性 | 60歲及以上 | 高中、職 | 中彰投區 | 本省閩南人 | 00 | 10 | 00"
"男性","60歲及以上","高中、職","中彰投區","本省閩南人","00","10","02",1,1.00929216,0.000544069640914037,0.000554398744586343,"男性 | 60歲及以上 | 高中、職 | 中彰投區 | 本省閩南人 | 00 | 10 | 02"
"男性","60歲及以上","高中、職","中彰投區","本省閩南人","04","01","00",1,0.729337656,0.000544069640914037,0.000400621244165759,"男性 | 60歲及以上 | 高中、職 | 中彰投區 | 本省閩南人 | 04 | 01 | 00"
"男性","60歲及以上","高中、職","中彰投區","本省閩南人","04","06","03",1,1.00929216,0.000544069640914037,0.000554398744586343,"男性 | 60歲及以上 | 高中、職 | 中彰投區 | 本省閩南人 | 04 | 06 | 03"
"男性","60歲及以上","高中、職","中彰投區","本省閩南人","04","06","04",1,0.729337656,0.000544069640914037,0.000400621244165759,"男性 | 60歲及以上 | 高中、職 | 中彰投區 | 本省閩南人 | 04 | 06 | 04"
"男性","60歲及以上","高中、職","中彰投區","本省閩南人","04","07","03",1,0.729337656,0.000544069640914037,0.000400621244165759,"男性 | 60歲及以上 | 高中、職 | 中彰投區 | 本省閩南人 | 04 | 07 | 03"
"男性","60歲及以上","高中、職","中彰投區","本省閩南人","05","05","04",1,1.00929216,0.000544069640914037,0.000554398744586343,"男性 | 60歲及以上 | 高中、職 | 中彰投區 | 本省閩南人 | 05 | 05 | 04"
"男性","60歲及以上","高中、職","中彰投區","本省閩南人","05","07","03",1,1.00929216,0.000544069640914037,0.000554398744586343,"男性 | 60歲及以上 | 高中、職 | 中彰投區 | 本省閩南人 | 05 | 07 | 03"
"男性","60歲及以上","高中、職","中彰投區","本省閩南人","06","09","02",1,0.729337656,0.000544069640914037,0.000400621244165759,"男性 | 60歲及以上 | 高中、職 | 中彰投區 | 本省閩南人 | 06 | 09 | 02"
"男性","60歲及以上","高中、職","中彰投區","本省閩南人","07","02","02",1,0.729337656,0.000544069640914037,0.000400621244165759,"男性 | 60歲及以上 | 高中、職 | 中彰投區 | 本省閩南人 | 07 | 02 | 02"
"男性","60歲及以上","高中、職","中彰投區","本省閩南人","10","03","00",1,0.729337656,0.000544069640914037,0.000400621244165759,"男性 | 60歲及以上 | 高中、職 | 中彰投區 | 本省閩南人 | 10 | 03 | 00"
"男性","60歲及以上","高中、職","北北基宜蘭區","大陸各省市","05","02","05",1,1.122166004,0.000544069640914037,0.000616399738837833,"男性 | 60歲及以上 | 高中、職 | 北北基宜蘭區 | 大陸各省市 | 05 | 02 | 05"
"男性","60歲及以上","高中、職","北北基宜蘭區","大陸各省市","06","01","03",1,0.894896772,0.000544069640914037,0.00049156197441499,"男性 | 60歲及以上 | 高中、職 | 北北基宜蘭區 | 大陸各省市 | 06 | 01 | 03"
"男性","60歲及以上","高中、職","北北基宜蘭區","大陸各省市","07","05","04",1,1.238400745,0.000544069640914037,0.000680246855700129,"男性 | 60歲及以上 | 高中、職 | 北北基宜蘭區 | 大陸各省市 | 07 | 05 | 04"
"男性","60歲及以上","高中、職","北北基宜蘭區","本省客家人","00","10","00",1,1.238400745,0.000544069640914037,0.000680246855700129,"男性 | 60歲及以上 | 高中、職 | 北北基宜蘭區 | 本省客家人 | 00 | 10 | 00"
"男性","60歲及以上","高中、職","北北基宜蘭區","本省客家人","05","07","01",1,0.894896772,0.000544069640914037,0.00049156197441499,"男性 | 60歲及以上 | 高中、職 | 北北基宜蘭區 | 本省客家人 | 05 | 07 | 01"
"男性","60歲及以上","高中、職","北北基宜蘭區","本省客家人","06","05","05",1,0.894896772,0.000544069640914037,0.00049156197441499,"男性 | 60歲及以上 | 高中、職 | 北北基宜蘭區 | 本省客家人 | 06 | 05 | 05"
"男性","60歲及以上","高中、職","北北基宜蘭區","本省客家人","07","09","06",1,0.894896772,0.000544069640914037,0.00049156197441499,"男性 | 60歲及以上 | 高中、職 | 北北基宜蘭區 | 本省客家人 | 07 | 09 | 06"
"男性","60歲及以上","高中、職","北北基宜蘭區","本省客家人","09","01","01",1,0.894896772,0.000544069640914037,0.00049156197441499,"男性 | 60歲及以上 | 高中、職 | 北北基宜蘭區 | 本省客家人 | 09 | 01 | 01"
"男性","60歲及以上","高中、職","北北基宜蘭區","本省閩南人","00","08","00",1,0.894896772,0.000544069640914037,0.00049156197441499,"男性 | 60歲及以上 | 高中、職 | 北北基宜蘭區 | 本省閩南人 | 00 | 08 | 00"
"男性","60歲及以上","高中、職","北北基宜蘭區","本省閩南人","00","10","00",1,1.122166004,0.000544069640914037,0.000616399738837833,"男性 | 60歲及以上 | 高中、職 | 北北基宜蘭區 | 本省閩南人 | 00 | 10 | 00"
"男性","60歲及以上","高中、職","北北基宜蘭區","本省閩南人","00","10","02",1,0.894896772,0.000544069640914037,0.00049156197441499,"男性 | 60歲及以上 | 高中、職 | 北北基宜蘭區 | 本省閩南人 | 00 | 10 | 02"
"男性","60歲及以上","高中、職","北北基宜蘭區","本省閩南人","02","06","01",1,0.894896772,0.000544069640914037,0.00049156197441499,"男性 | 60歲及以上 | 高中、職 | 北北基宜蘭區 | 本省閩南人 | 02 | 06 | 01"
"男性","60歲及以上","高中、職","北北基宜蘭區","本省閩南人","04","02","03",1,1.238400745,0.000544069640914037,0.000680246855700129,"男性 | 60歲及以上 | 高中、職 | 北北基宜蘭區 | 本省閩南人 | 04 | 02 | 03"
"男性","60歲及以上","高中、職","北北基宜蘭區","本省閩南人","04","08","01",1,0.894896772,0.000544069640914037,0.00049156197441499,"男性 | 60歲及以上 | 高中、職 | 北北基宜蘭區 | 本省閩南人 | 04 | 08 | 01"
"男性","60歲及以上","高中、職","北北基宜蘭區","本省閩南人","05","04","05",1,0.894896772,0.000544069640914037,0.00049156197441499,"男性 | 60歲及以上 | 高中、職 | 北北基宜蘭區 | 本省閩南人 | 05 | 04 | 05"
"男性","60歲及以上","高中、職","北北基宜蘭區","本省閩南人","05","05","04",1,0.894896772,0.000544069640914037,0.00049156197441499,"男性 | 60歲及以上 | 高中、職 | 北北基宜蘭區 | 本省閩南人 | 05 | 05 | 04"
"男性","60歲及以上","高中、職","北北基宜蘭區","本省閩南人","05","06","00",1,0.894896772,0.000544069640914037,0.00049156197441499,"男性 | 60歲及以上 | 高中、職 | 北北基宜蘭區 | 本省閩南人 | 05 | 06 | 00"
"男性","60歲及以上","高中、職","北北基宜蘭區","本省閩南人","05","06","04",1,0.894896772,0.000544069640914037,0.00049156197441499,"男性 | 60歲及以上 | 高中、職 | 北北基宜蘭區 | 本省閩南人 | 05 | 06 | 04"
"男性","60歲及以上","高中、職","北北基宜蘭區","本省閩南人","05","06","05",1,0.894896772,0.000544069640914037,0.00049156197441499,"男性 | 60歲及以上 | 高中、職 | 北北基宜蘭區 | 本省閩南人 | 05 | 06 | 05"
"男性","60歲及以上","高中、職","北北基宜蘭區","本省閩南人","05","07","03",1,0.786010662,0.000544069640914037,0.000431751420960488,"男性 | 60歲及以上 | 高中、職 | 北北基宜蘭區 | 本省閩南人 | 05 | 07 | 03"
"男性","60歲及以上","高中、職","北北基宜蘭區","本省閩南人","05","09","03",1,0.894896772,0.000544069640914037,0.00049156197441499,"男性 | 60歲及以上 | 高中、職 | 北北基宜蘭區 | 本省閩南人 | 05 | 09 | 03"
"男性","60歲及以上","高中、職","北北基宜蘭區","本省閩南人","06","03","05",1,0.894896772,0.000544069640914037,0.00049156197441499,"男性 | 60歲及以上 | 高中、職 | 北北基宜蘭區 | 本省閩南人 | 06 | 03 | 05"
"男性","60歲及以上","高中、職","北北基宜蘭區","本省閩南人","07","02","07",1,0.894896772,0.000544069640914037,0.00049156197441499,"男性 | 60歲及以上 | 高中、職 | 北北基宜蘭區 | 本省閩南人 | 07 | 02 | 07"
"男性","60歲及以上","高中、職","北北基宜蘭區","本省閩南人","07","09","03",1,0.894896772,0.000544069640914037,0.00049156197441499,"男性 | 60歲及以上 | 高中、職 | 北北基宜蘭區 | 本省閩南人 | 07 | 09 | 03"
"男性","60歲及以上","高中、職","北北基宜蘭區","本省閩南人","08","05","06",1,1.238400745,0.000544069640914037,0.000680246855700129,"男性 | 60歲及以上 | 高中、職 | 北北基宜蘭區 | 本省閩南人 | 08 | 05 | 06"
"男性","60歲及以上","高中、職","桃竹苗區","大陸各省市","10","00","05",1,0.81077799,0.000544069640914037,0.000445355980764022,"男性 | 60歲及以上 | 高中、職 | 桃竹苗區 | 大陸各省市 | 10 | 00 | 05"
"男性","60歲及以上","高中、職","桃竹苗區","本省客家人","02","06","02",1,0.81077799,0.000544069640914037,0.000445355980764022,"男性 | 60歲及以上 | 高中、職 | 桃竹苗區 | 本省客家人 | 02 | 06 | 02"
"男性","60歲及以上","高中、職","桃竹苗區","本省客家人","02","09","00",1,0.81077799,0.000544069640914037,0.000445355980764022,"男性 | 60歲及以上 | 高中、職 | 桃竹苗區 | 本省客家人 | 02 | 09 | 00"
"男性","60歲及以上","高中、職","桃竹苗區","本省客家人","04","03","06",1,0.81077799,0.000544069640914037,0.000445355980764022,"男性 | 60歲及以上 | 高中、職 | 桃竹苗區 | 本省客家人 | 04 | 03 | 06"
"男性","60歲及以上","高中、職","桃竹苗區","本省客家人","05","05","02",1,0.81077799,0.000544069640914037,0.000445355980764022,"男性 | 60歲及以上 | 高中、職 | 桃竹苗區 | 本省客家人 | 05 | 05 | 02"
"男性","60歲及以上","高中、職","桃竹苗區","本省客家人","08","04","05",1,0.81077799,0.000544069640914037,0.000445355980764022,"男性 | 60歲及以上 | 高中、職 | 桃竹苗區 | 本省客家人 | 08 | 04 | 05"
"男性","60歲及以上","高中、職","桃竹苗區","本省客家人","08","05","02",1,0.81077799,0.000544069640914037,0.000445355980764022,"男性 | 60歲及以上 | 高中、職 | 桃竹苗區 | 本省客家人 | 08 | 05 | 02"
"男性","60歲及以上","高中、職","桃竹苗區","本省客家人","09","01","03",1,0.81077799,0.000544069640914037,0.000445355980764022,"男性 | 60歲及以上 | 高中、職 | 桃竹苗區 | 本省客家人 | 09 | 01 | 03"
"男性","60歲及以上","高中、職","桃竹苗區","本省閩南人","00","10","00",1,0.81077799,0.000544069640914037,0.000445355980764022,"男性 | 60歲及以上 | 高中、職 | 桃竹苗區 | 本省閩南人 | 00 | 10 | 00"
"男性","60歲及以上","高中、職","桃竹苗區","本省閩南人","02","08","02",1,0.81077799,0.000544069640914037,0.000445355980764022,"男性 | 60歲及以上 | 高中、職 | 桃竹苗區 | 本省閩南人 | 02 | 08 | 02"
"男性","60歲及以上","高中、職","桃竹苗區","本省閩南人","05","05","05",1,0.81077799,0.000544069640914037,0.000445355980764022,"男性 | 60歲及以上 | 高中、職 | 桃竹苗區 | 本省閩南人 | 05 | 05 | 05"
"男性","60歲及以上","高中、職","桃竹苗區","本省閩南人","05","06","04",1,1.12199317,0.000544069640914037,0.000616304802053006,"男性 | 60歲及以上 | 高中、職 | 桃竹苗區 | 本省閩南人 | 05 | 06 | 04"
"男性","60歲及以上","高中、職","桃竹苗區","本省閩南人","07","02","04",1,0.81077799,0.000544069640914037,0.000445355980764022,"男性 | 60歲及以上 | 高中、職 | 桃竹苗區 | 本省閩南人 | 07 | 02 | 04"
"男性","60歲及以上","高中、職","花東外島區","原住民","10","01","05",1,0.576247019,0.000544069640914037,0.00031652938224074,"男性 | 60歲及以上 | 高中、職 | 花東外島區 | 原住民 | 10 | 01 | 05"
"男性","60歲及以上","高中、職","花東外島區","本省客家人","05","04","06",1,0.79743805,0.000544069640914037,0.000438028423608662,"男性 | 60歲及以上 | 高中、職 | 花東外島區 | 本省客家人 | 05 | 04 | 06"
"男性","60歲及以上","高中、職","花東外島區","本省閩南人","05","07","03",1,0.576247019,0.000544069640914037,0.00031652938224074,"男性 | 60歲及以上 | 高中、職 | 花東外島區 | 本省閩南人 | 05 | 07 | 03"
"男性","60歲及以上","高中、職","花東外島區","本省閩南人","07","07","06",1,0.576247019,0.000544069640914037,0.00031652938224074,"男性 | 60歲及以上 | 高中、職 | 花東外島區 | 本省閩南人 | 07 | 07 | 06"
"男性","60歲及以上","高中、職","雲嘉南區","大陸各省市","07","04","06",1,0.72482983,0.000544069640914037,0.000398145119635857,"男性 | 60歲及以上 | 高中、職 | 雲嘉南區 | 大陸各省市 | 07 | 04 | 06"
"男性","60歲及以上","高中、職","雲嘉南區","本省閩南人","00","00","00",1,0.72482983,0.000544069640914037,0.000398145119635857,"男性 | 60歲及以上 | 高中、職 | 雲嘉南區 | 本省閩南人 | 00 | 00 | 00"
"男性","60歲及以上","高中、職","雲嘉南區","本省閩南人","00","05","00",1,0.72482983,0.000544069640914037,0.000398145119635857,"男性 | 60歲及以上 | 高中、職 | 雲嘉南區 | 本省閩南人 | 00 | 05 | 00"
"男性","60歲及以上","高中、職","雲嘉南區","本省閩南人","00","05","05",1,0.72482983,0.000544069640914037,0.000398145119635857,"男性 | 60歲及以上 | 高中、職 | 雲嘉南區 | 本省閩南人 | 00 | 05 | 05"
"男性","60歲及以上","高中、職","雲嘉南區","本省閩南人","00","10","00",1,0.72482983,0.000544069640914037,0.000398145119635857,"男性 | 60歲及以上 | 高中、職 | 雲嘉南區 | 本省閩南人 | 00 | 10 | 00"
"男性","60歲及以上","高中、職","雲嘉南區","本省閩南人","01","09","01",1,0.72482983,0.000544069640914037,0.000398145119635857,"男性 | 60歲及以上 | 高中、職 | 雲嘉南區 | 本省閩南人 | 01 | 09 | 01"
"男性","60歲及以上","高中、職","雲嘉南區","本省閩南人","02","08","05",1,0.72482983,0.000544069640914037,0.000398145119635857,"男性 | 60歲及以上 | 高中、職 | 雲嘉南區 | 本省閩南人 | 02 | 08 | 05"
"男性","60歲及以上","高中、職","雲嘉南區","本省閩南人","03","08","00",1,0.72482983,0.000544069640914037,0.000398145119635857,"男性 | 60歲及以上 | 高中、職 | 雲嘉南區 | 本省閩南人 | 03 | 08 | 00"
"男性","60歲及以上","高中、職","雲嘉南區","本省閩南人","04","07","02",1,0.72482983,0.000544069640914037,0.000398145119635857,"男性 | 60歲及以上 | 高中、職 | 雲嘉南區 | 本省閩南人 | 04 | 07 | 02"
"男性","60歲及以上","高中、職","雲嘉南區","本省閩南人","04","10","05",1,0.72482983,0.000544069640914037,0.000398145119635857,"男性 | 60歲及以上 | 高中、職 | 雲嘉南區 | 本省閩南人 | 04 | 10 | 05"
"男性","60歲及以上","高中、職","雲嘉南區","本省閩南人","05","04","03",1,0.72482983,0.000544069640914037,0.000398145119635857,"男性 | 60歲及以上 | 高中、職 | 雲嘉南區 | 本省閩南人 | 05 | 04 | 03"
"男性","60歲及以上","高中、職","雲嘉南區","本省閩南人","05","04","04",1,0.72482983,0.000544069640914037,0.000398145119635857,"男性 | 60歲及以上 | 高中、職 | 雲嘉南區 | 本省閩南人 | 05 | 04 | 04"
"男性","60歲及以上","高中、職","雲嘉南區","本省閩南人","05","05","00",1,0.72482983,0.000544069640914037,0.000398145119635857,"男性 | 60歲及以上 | 高中、職 | 雲嘉南區 | 本省閩南人 | 05 | 05 | 00"
"男性","60歲及以上","高中、職","雲嘉南區","本省閩南人","05","05","05",1,0.72482983,0.000544069640914037,0.000398145119635857,"男性 | 60歲及以上 | 高中、職 | 雲嘉南區 | 本省閩南人 | 05 | 05 | 05"
"男性","60歲及以上","高中、職","雲嘉南區","本省閩南人","05","10","00",1,0.72482983,0.000544069640914037,0.000398145119635857,"男性 | 60歲及以上 | 高中、職 | 雲嘉南區 | 本省閩南人 | 05 | 10 | 00"
"男性","60歲及以上","高中、職","雲嘉南區","本省閩南人","06","01","07",1,0.72482983,0.000544069640914037,0.000398145119635857,"男性 | 60歲及以上 | 高中、職 | 雲嘉南區 | 本省閩南人 | 06 | 01 | 07"
"男性","60歲及以上","高中、職","雲嘉南區","本省閩南人","08","10","07",1,1.003054016,0.000544069640914037,0.000550972165703427,"男性 | 60歲及以上 | 高中、職 | 雲嘉南區 | 本省閩南人 | 08 | 10 | 07"
"男性","60歲及以上","高中、職","高屏澎湖區","本省客家人","03","08","02",1,0.750848373,0.000544069640914037,0.000412436965096309,"男性 | 60歲及以上 | 高中、職 | 高屏澎湖區 | 本省客家人 | 03 | 08 | 02"
"男性","60歲及以上","高中、職","高屏澎湖區","本省客家人","04","08","03",1,0.750848373,0.000544069640914037,0.000412436965096309,"男性 | 60歲及以上 | 高中、職 | 高屏澎湖區 | 本省客家人 | 04 | 08 | 03"
"男性","60歲及以上","高中、職","高屏澎湖區","本省客家人","05","05","04",1,0.750848373,0.000544069640914037,0.000412436965096309,"男性 | 60歲及以上 | 高中、職 | 高屏澎湖區 | 本省客家人 | 05 | 05 | 04"
"男性","60歲及以上","高中、職","高屏澎湖區","本省閩南人","00","08","00",1,0.750848373,0.000544069640914037,0.000412436965096309,"男性 | 60歲及以上 | 高中、職 | 高屏澎湖區 | 本省閩南人 | 00 | 08 | 00"
"男性","60歲及以上","高中、職","高屏澎湖區","本省閩南人","00","10","05",1,1.039059715,0.000544069640914037,0.000570749902135615,"男性 | 60歲及以上 | 高中、職 | 高屏澎湖區 | 本省閩南人 | 00 | 10 | 05"
"男性","60歲及以上","高中、職","高屏澎湖區","本省閩南人","01","05","01",1,0.750848373,0.000544069640914037,0.000412436965096309,"男性 | 60歲及以上 | 高中、職 | 高屏澎湖區 | 本省閩南人 | 01 | 05 | 01"
"男性","60歲及以上","高中、職","高屏澎湖區","本省閩南人","02","01","08",1,0.750848373,0.000544069640914037,0.000412436965096309,"男性 | 60歲及以上 | 高中、職 | 高屏澎湖區 | 本省閩南人 | 02 | 01 | 08"
"男性","60歲及以上","高中、職","高屏澎湖區","本省閩南人","02","08","03",1,0.750848373,0.000544069640914037,0.000412436965096309,"男性 | 60歲及以上 | 高中、職 | 高屏澎湖區 | 本省閩南人 | 02 | 08 | 03"
"男性","60歲及以上","高中、職","高屏澎湖區","本省閩南人","03","07","02",1,0.750848373,0.000544069640914037,0.000412436965096309,"男性 | 60歲及以上 | 高中、職 | 高屏澎湖區 | 本省閩南人 | 03 | 07 | 02"
"男性","60歲及以上","高中、職","高屏澎湖區","本省閩南人","03","08","05",1,0.750848373,0.000544069640914037,0.000412436965096309,"男性 | 60歲及以上 | 高中、職 | 高屏澎湖區 | 本省閩南人 | 03 | 08 | 05"
"男性","60歲及以上","高中、職","高屏澎湖區","本省閩南人","03","10","00",1,0.750848373,0.000544069640914037,0.000412436965096309,"男性 | 60歲及以上 | 高中、職 | 高屏澎湖區 | 本省閩南人 | 03 | 10 | 00"
"男性","60歲及以上","高中、職","高屏澎湖區","本省閩南人","04","08","02",1,0.750848373,0.000544069640914037,0.000412436965096309,"男性 | 60歲及以上 | 高中、職 | 高屏澎湖區 | 本省閩南人 | 04 | 08 | 02"
"男性","60歲及以上","高中、職","高屏澎湖區","本省閩南人","04","09","04",1,0.750848373,0.000544069640914037,0.000412436965096309,"男性 | 60歲及以上 | 高中、職 | 高屏澎湖區 | 本省閩南人 | 04 | 09 | 04"
"男性","60歲及以上","高中、職","高屏澎湖區","本省閩南人","06","08","05",1,0.750848373,0.000544069640914037,0.000412436965096309,"男性 | 60歲及以上 | 高中、職 | 高屏澎湖區 | 本省閩南人 | 06 | 08 | 05"
"男性","60歲及以上","高中、職","高屏澎湖區","本省閩南人","08","03","05",1,0.750848373,0.000544069640914037,0.000412436965096309,"男性 | 60歲及以上 | 高中、職 | 高屏澎湖區 | 本省閩南人 | 08 | 03 | 05"
