"order","vars","cell","target_count","target_pct","sample_n","sample_pct","raking_pct","mlcal_pct","rel_imbalance_raking","rel_imbalance_mlcal"
1,"sex","男性",1308.38174140402,50.6602770464424,4236,48.3893077450308,50.6602770464426,50.6602770464425,3.50640964274986e-15,2.38435855706991e-15
1,"sex","女性",1274.27634434741,49.3397229535576,4518,51.6106922549692,49.3397229535574,49.3397229535575,-3.60025702023559e-15,-2.4481747737602e-15
1,"age","20至29歲",365.622693206458,14.1568369124665,1898,21.6815170207905,14.1568369124665,14.1568369124664,-7.5286175169652e-16,-7.40314055834911e-15
1,"age","30至39歲",430.04477382191,16.651246876018,2724,31.117203564085,16.651246876018,16.651246876018,-2.13360218922542e-16,2.13360218922542e-16
1,"age","40至49歲",537.183648252679,20.7996424775054,2656,30.3404158099155,20.7996424775053,20.7996424775053,-2.04967773805308e-15,-2.39129069439526e-15
1,"age","50至59歲",475.162664744738,18.3982025095084,869,9.92689056431346,18.3982025095084,18.3982025095084,9.65505645718495e-16,2.89651693715549e-15
1,"age","60歲及以上",774.644305725633,29.9940712245017,607,6.93397304089559,29.9940712245017,29.9940712245018,7.10683185128601e-16,2.60583834547154e-15
1,"edu","高中職及以下",1175.10208218625,45.4997155321998,1086,12.4057573680603,45.4997155321999,45.4997155321999,2.03013479465477e-15,6.24656859893776e-16
1,"edu","專科及以上",1407.55600356517,54.5002844678002,7668,87.5942426319397,54.5002844678001,54.5002844678001,-1.30374133401066e-15,-5.21496533604262e-16
1,"arear","北北基宜蘭區",833.558795230551,32.2752283714717,3556,40.6214302033356,32.2752283714717,32.2752283714717,-4.40302220379115e-16,-1.10075555094779e-15
1,"arear","桃竹苗區",430.651669509929,16.6747457546101,1373,15.6842586246287,16.6747457546101,16.6747457546101,0,-6.39178623365506e-16
1,"arear","中彰投區",486.954918679404,18.8547962026389,1559,17.8090015992689,18.8547962026389,18.8547962026389,0,7.53699725124215e-16
1,"arear","雲嘉南區",371.173428384616,14.3717602586416,988,11.2862691341101,14.3717602586416,14.3717602586416,1.11240455357508e-15,1.8540075892918e-15
1,"arear","高屏區",397.632187750941,15.3962380829536,1168,13.3424720127942,15.3962380829536,15.3962380829536,-1.26913633889807e-15,2.3075206161783e-16
1,"arear","花東區",62.6870861959766,2.42723132968404,110,1.25656842586246,2.42723132968404,2.42723132968404,-1.82961221874089e-16,1.82961221874089e-16
1,"party_kmt","0-4 冷淡",1109.01723532118,42.9409235949448,5345,61.0578021475897,42.9409235949447,42.9409235949448,-1.15828881493975e-15,4.96409492117037e-16
1,"party_kmt","5 中間",795.456662395492,30.7999214756318,1860,21.2474297464016,30.7999214756318,30.7999214756318,1.03813326714167e-15,3.46044422380556e-16
1,"party_kmt","6-10 溫暖",678.184188034746,26.2591549294234,1549,17.6947681060087,26.2591549294234,26.2591549294234,6.76471441740815e-16,-1.35294288348163e-15
1,"party_dpp","0-4 冷淡",1034.78371839704,40.0666167970883,4720,53.9182088188257,40.0666167970883,40.0666167970882,-1.2413823646528e-15,-1.77340337807543e-15
1,"party_dpp","5 中間",668.044899665344,25.8665637294756,1768,20.1964816084076,25.8665637294756,25.8665637294756,2.33491132302145e-15,1.37347724883615e-15
1,"party_dpp","6-10 溫暖",879.829467689036,34.0668194734361,2266,25.8853095727667,34.0668194734361,34.0668194734362,-2.08573253019452e-16,1.66858602415562e-15
1,"party_tpp","0-4 冷淡",1310.31382383336,50.7350868882872,4323,49.3831391363948,50.7350868882871,50.7350868882871,-5.60198300103149e-16,-1.54054532528366e-15
1,"party_tpp","5 中間",768.955345961161,29.7737958502329,2057,23.4978295636281,29.773795850233,29.773795850233,8.35264535187204e-16,1.78985257540115e-15
1,"party_tpp","6-10 溫暖",503.388915956902,19.4911172614799,2374,27.1190312999772,19.4911172614799,19.4911172614799,5.46820425603055e-16,1.82273475201018e-15
2,"sex × age","男性 | 20至29歲",214.466657306438,8.3041056998468,817,9.33287639936029,7.17389675528332,8.29415108133391,-0.136102427571982,-0.00119875864695093
2,"sex × age","男性 | 30至39歲",222.944650684724,8.63237189292362,1285,14.6790038839388,8.38883344741806,8.62921510327881,-0.0282122281716335,-0.000365692035047148
2,"sex × age","男性 | 40至49歲",273.891499120253,10.605023585248,1378,15.7413753712589,10.9996240270518,10.6061360991133,0.037208822651999,0.000104904421603118
2,"sex × age","男性 | 50至59歲",227.999185472441,8.82808246009481,449,5.12908384738405,9.13768791263761,8.82828679170214,0.0350705211400427,2.31456387328092e-05
2,"sex × age","男性 | 60歲及以上",369.079748820157,14.2906934083291,307,3.50696824308887,14.9602349040518,14.3024879710143,0.0468515751189789,0.000825331728010112
2,"sex × age","女性 | 20至29歲",151.15603590002,5.85273121261971,1081,12.3486406214302,6.98294015718319,5.86268583113251,0.193107953108543,0.00170085010761006
2,"sex × age","女性 | 30至39歲",207.100123137186,8.01887498309444,1439,16.4381996801462,8.26241342859998,8.02203177273925,0.030370650000027,0.000393669891532446
2,"sex × age","女性 | 40至49歲",263.292149132426,10.1946188922573,1278,14.5990404386566,9.80001845045356,10.193506378392,-0.0387067379344097,-0.000109127558085691
2,"sex × age","女性 | 50至59歲",247.163479272297,9.57012004941356,420,4.7978067169294,9.26051459687076,9.56991571780627,-0.032351261106883,-2.13509972947774e-05
2,"sex × age","女性 | 60歲及以上",405.564556905476,15.7033778161726,300,3.42700479780672,15.03383632045,15.6915832534875,-0.0426367819433763,-0.000751084436939226
2,"sex × edu","男性 | 高中職及以下",554.858686863234,21.4840164063684,473,5.40324423120859,20.1328019524689,21.4724214390842,-0.0628939407018382,-0.000539702030797485
2,"sex × edu","男性 | 專科及以上",753.52305454078,29.176260640074,3763,42.9860635138223,30.5274750939736,29.1878556073583,0.0463121189712593,0.000397411012581259
2,"sex × edu","女性 | 高中職及以下",620.243395323019,24.0156991258314,613,7.00251313685173,25.366913579731,24.0272940931157,0.0562637983936986,0.000482807817649703
2,"sex × edu","女性 | 專科及以上",654.032949024385,25.3240238277262,3905,44.6081791181174,23.9728093738265,25.3124288604418,-0.0533570203176101,-0.000457864333221489
2,"sex × arear","男性 | 北北基宜蘭區",395.89528750544,15.328985655887,1755,20.0479780671693,16.3486552123046,15.4490303075045,0.0665190495514662,0.00783121951525955
2,"sex × arear","男性 | 桃竹苗區",232.258571404633,8.9930050240103,666,7.60795065113091,8.20327028014445,8.9791413495313,-0.0878165576197665,-0.00154160644211542
2,"sex × arear","男性 | 中彰投區",258.011201575702,9.99014166835151,762,8.70459218642906,10.5888561307595,9.9899672973894,0.0599305277426355,-1.74543032422091e-05
2,"sex × arear","男性 | 雲嘉南區",195.284017193868,7.56135774500131,441,5.03769705277587,7.03455873574878,7.54509241542154,-0.0696698962036007,-0.00215111229071613
2,"sex × arear","男性 | 高屏區",191.65791094662,7.42095564271558,564,6.44276901987663,7.47958311545314,7.41378371888179,0.00790025915262169,-0.000966442083618425
2,"sex × arear","男性 | 花東區",35.2747527777514,1.36583131047671,48,0.548320767649075,1.00535357203203,1.28326195771395,-0.26392551970336,-0.0604535509834977
2,"sex × arear","女性 | 北北基宜蘭區",437.663507725111,16.9462427155848,1801,20.5734521361663,15.9265731591671,16.8261980639672,-0.0601708339442052,-0.00708385059935379
2,"sex × arear","女性 | 桃竹苗區",198.393098105296,7.6817407305998,707,8.07630797349783,8.47147547446566,7.6956044050788,0.102806742841501,0.00180475688586735
2,"sex × arear","女性 | 中彰投區",228.943717103702,8.86465453428736,797,9.10440941283984,8.26594007187935,8.86482890524948,-0.0675395143817789,1.96703618231034e-05
2,"sex × arear","女性 | 雲嘉南區",175.889411190749,6.81040251364029,547,6.24857208133425,7.33720152289283,6.8266678432201,0.0773521107155468,0.00238830664520052
2,"sex × arear","女性 | 高屏區",205.974276804321,7.97528244023805,604,6.89970299291752,7.91665496750049,7.98245436407185,-0.00735114689377842,0.000899268945964708
2,"sex × arear","女性 | 花東區",27.4123334182252,1.06140001920733,62,0.708247658213388,1.42187775765202,1.14396937197009,0.339624770983042,0.0777928691054936
2,"sex × party_kmt","男性 | 0-4 冷淡",610.618847890591,23.6430385911085,2665,30.4432259538497,22.9970301654044,23.6321300358138,-0.0273234095192425,-0.000461385504771357
2,"sex × party_kmt","男性 | 5 中間",367.417928127467,14.2263480463992,820,9.36714644733836,14.6321383555677,14.2315393345569,0.0285238564278799,0.000364906590279641
2,"sex × party_kmt","男性 | 6-10 溫暖",330.344965385956,12.7908904089347,751,8.57893534384282,13.0311085254704,12.7966076760718,0.0187804061215246,0.000446979604567007
2,"sex × party_kmt","女性 | 0-4 冷淡",498.398387430588,19.2978850038363,2680,30.61457619374,19.9438934295404,19.308793559131,0.0334756075899328,0.000565272064399853
2,"sex × party_kmt","女性 | 5 中間",428.038734268026,16.5735734292327,1040,11.8802832990633,16.1677831200641,16.5683821410749,-0.024484177229565,-0.000313226847541912
2,"sex × party_kmt","女性 | 6-10 溫暖",347.83922264879,13.4682645204887,798,9.11583276216587,13.228046403953,13.4625472533517,-0.017835862680766,-0.000424499171983951
2,"sex × party_dpp","男性 | 0-4 冷淡",581.445722836622,22.5134610750247,2380,27.1875713959333,20.8915685242026,22.4952424979194,-0.0720410133927064,-0.000809230399740782
2,"sex × party_dpp","男性 | 5 中間",308.564726767409,11.9475639640325,737,8.4190084532785,11.7805280374269,11.9469570416457,-0.013980751817566,-5.07988397200837e-05
2,"sex × party_dpp","男性 | 6-10 溫暖",418.371291799983,16.1992520073852,1119,12.7827278958191,17.988180484813,16.2180775068774,0.11043278273665,0.00116212152781221
2,"sex × party_dpp","女性 | 0-4 冷淡",453.337995560415,17.5531557220637,2340,26.7306374228924,19.1750482728856,17.5713742991688,0.0923989154145839,0.00103790893179693
2,"sex × party_dpp","女性 | 5 中間",359.480172897936,13.918999765443,1031,11.7774731551291,14.0860356920487,13.91960668783,0.0120005696832039,4.36038793856578e-05
2,"sex × party_dpp","女性 | 6-10 溫暖",461.458175889054,17.8675674660509,1147,13.1025816769477,16.0786389886231,17.8487419665587,-0.100121545970197,-0.00105361289542929
2,"sex × party_tpp","男性 | 0-4 冷淡",652.073672747077,25.2481610455748,1970,22.5039981722641,25.8324180724274,25.2481637956822,0.023140577478019,1.08923078483e-07
2,"sex × party_tpp","男性 | 5 中間",369.726175941949,14.315722936061,945,10.7950651130912,14.6483376828148,14.3162606119716,0.0232342263285849,3.75584183247107e-05
2,"sex × party_tpp","男性 | 6-10 溫暖",286.581892714987,11.0963930648066,1321,15.0902444596756,10.1795212912003,11.0958526387886,-0.0826279105517824,-4.87028546011417e-05
2,"sex × party_tpp","女性 | 0-4 冷淡",658.240151086278,25.4869258427123,2353,26.8791409641307,24.9026688158597,25.4869230926048,-0.0229237935739394,-1.07902676708085e-07
2,"sex × party_tpp","女性 | 5 中間",399.229170019212,15.458072914172,1112,12.7027644505369,15.1254581674182,15.4575352382613,-0.0215172194231809,-3.47828551218895e-05
2,"sex × party_tpp","女性 | 6-10 溫暖",216.807023241915,8.39472419667334,1053,12.0287868403016,9.31159597027959,8.39526462269142,0.109219999624239,6.43768640185094e-05
2,"age × edu","20至29歲 | 高中職及以下",82.1132196146069,3.17940729621266,130,1.48503541238291,4.27789393923656,3.3701401703437,0.34550044731055,0.059990072476163
2,"age × edu","20至29歲 | 專科及以上",283.509473591851,10.9774296162539,1768,20.1964816084076,9.87894297322993,10.7866967421227,-0.100067746405537,-0.017375003147252
2,"age × edu","30至39歲 | 高中職及以下",76.0434252613936,2.94438608350547,177,2.02193283070596,5.51084370059582,2.97329454644315,0.871644391836966,0.00981816314770263
2,"age × edu","30至39歲 | 專科及以上",354.001348560517,13.7068607925126,2547,29.095270733379,11.1404031754222,13.6779523295749,-0.187238905825344,-0.00210905059701709
2,"age × edu","40至49歲 | 高中職及以下",171.845227986974,6.65381255594952,304,3.47269819511081,9.43935515692649,6.6712292164187,0.418638574133903,0.00261754600429892
2,"age × edu","40至49歲 | 專科及以上",365.338420265706,14.1458299215558,2352,26.8677176148047,11.3602873205789,14.1284132610866,-0.196916166561023,-0.00123122224470329
2,"age × edu","50至59歲 | 高中職及以下",252.633865810622,9.78193231246556,189,2.15901302261823,7.9989783708813,9.69960202282913,-0.182270116438258,-0.00841656709600242
2,"age × edu","50至59歲 | 專科及以上",222.528798934116,8.61627019704281,680,7.76787754169523,10.3992241386271,8.69860048667928,0.206928740720805,0.00955521214558976
2,"age × edu","60歲及以上 | 高中職及以下",592.466343512657,22.9401772840666,286,3.2670779072424,18.2726443645597,22.7854495761652,-0.203465424948951,-0.00674483488010688
2,"age × edu","60歲及以上 | 專科及以上",182.177962212976,7.05389394043506,321,3.66689513365319,11.721426859942,7.20862164833655,0.661695931200667,0.0219350771656116
2,"age × arear","20至29歲 | 北北基宜蘭區",85.5561011045185,3.312714972862,759,8.67032213845099,3.64703087906192,3.46107904688699,0.100919007200636,0.0447862479085577
2,"age × arear","20至29歲 | 桃竹苗區",64.247935308146,2.48766709238839,326,3.7240118802833,3.20581371671337,2.65593693748937,0.288682768897139,0.0676416252061376
2,"age × arear","20至29歲 | 中彰投區",74.0396555673913,2.86680052523676,366,4.1809458533242,3.13081201644976,2.87266502753873,0.0920927315622,0.00204566109512671
2,"age × arear","20至29歲 | 雲嘉南區",65.7541432208328,2.54598715887325,181,2.06762622801005,1.64911415216725,2.35361587944077,-0.352269257753413,-0.0755586212452135
2,"age × arear","20至29歲 | 高屏區",62.810772284406,2.43202043007297,238,2.71875713959333,2.06773692635941,2.35800456514546,-0.149786366598341,-0.0304338993259567
2,"age × arear","20至29歲 | 花東區",13.2140857211632,0.511646733033135,28,0.319853781128627,0.456329221714806,0.4555354559651,-0.108116612003747,-0.109668006156116
2,"age × arear","30至39歲 | 北北基宜蘭區",166.60988519896,6.4511011394869,1116,12.748457847841,4.49193132101281,6.28975750261543,-0.303695412009913,-0.0250102476124411
2,"age × arear","30至39歲 | 桃竹苗區",62.9183613254763,2.43618625603591,438,5.00342700479781,3.67974722465675,2.46270787211604,0.510453979263607,0.010886530541094
2,"age × arear","30至39歲 | 中彰投區",83.5209834895916,3.23391562941989,487,5.5631711217729,3.10964474568966,3.24498030775805,-0.038427373491038,0.0034214492912258
2,"age × arear","30至39歲 | 雲嘉南區",54.678714274616,2.117148784668,296,3.38131140050263,2.25671851642822,2.16479254085857,0.065923440417108,0.0225037354651685
2,"age × arear","30至39歲 | 高屏區",55.1277324592808,2.13453467818376,362,4.1352524560201,2.71857618875792,2.17356549732467,0.273615376945345,0.0182853994080437
2,"age × arear","30至39歲 | 花東區",7.18909707398552,0.278360388223588,25,0.28558373315056,0.39462887947268,0.315443155345292,0.417690505431045,0.133218549371753
2,"age × arear","40至49歲 | 北北基宜蘭區",169.258824542203,6.55366753640396,1046,11.9488233950194,5.07807876951671,6.33388491168375,-0.225154657097072,-0.0335358215074807
2,"age × arear","40至49歲 | 桃竹苗區",92.4986724831001,3.58152993589888,455,5.19762394334019,4.55472853303861,3.60105770296086,0.27172705926175,0.00545235343874898
2,"age × arear","40至49歲 | 中彰投區",112.541878903024,4.35759884453617,446,5.09481379940599,3.91485049373006,4.35851077959454,-0.101603742474197,0.00020927466958375
2,"age × arear","40至49歲 | 雲嘉南區",82.5771651436568,3.19737117349125,312,3.56408498971899,3.27225124395866,3.2453605863803,0.0234192611380958,0.0150090215633763
2,"age × arear","40至49歲 | 高屏區",71.4071400948276,2.76487005727868,361,4.12382910669408,3.28580646430705,2.80455437709721,0.188412618400269,0.0143530505942078
2,"age × arear","40至49歲 | 花東區",8.89996708586797,0.344604929896423,36,0.411240575736806,0.693926972954248,0.456274119788685,1.01368846685629,0.324049890771517
2,"age × arear","50至59歲 | 北北基宜蘭區",162.547457580631,6.29380476174563,372,4.24948594928033,6.74685721041648,6.18638999267172,0.0719838739556301,-0.0170667462910172
2,"age × arear","50至59歲 | 桃竹苗區",86.5646248306094,3.35176480805525,95,1.08521818597213,2.18297264605788,3.29408646340607,-0.348709479611585,-0.0172083508098681
2,"age × arear","50至59歲 | 中彰投區",76.818597487551,2.97440059570258,150,1.71350239890336,3.28476398491154,2.98318323156868,0.10434485175177,0.00295274142924591
2,"age × arear","50至59歲 | 雲嘉南區",54.3527448618732,2.10452731477459,113,1.29083847384053,2.71925016791042,2.16820551170581,0.292095450042504,0.030257719386286
2,"age × arear","50至59歲 | 高屏區",81.0207866635961,3.13710851276015,124,1.41649531642678,2.93961272126169,3.14550792953294,-0.0629547211054844,0.00267743902980327
2,"age × arear","50至59歲 | 花東區",13.8584533204767,0.536596516470147,15,0.171350239890336,0.524745778950372,0.620829380623175,-0.0220850064359938,0.156976166575084
2,"age × arear","60歲及以上 | 北北基宜蘭區",249.586526804238,9.66393996097324,263,3.00434087274389,12.3113301914638,10.0041169176138,0.273945227431232,0.0352006488051763
2,"age × arear","60歲及以上 | 桃竹苗區",124.422075562597,4.81759766223167,59,0.673977610235321,3.0514836341435,4.66095677863776,-0.366596414211568,-0.0325143140993101
2,"age × arear","60歲及以上 | 中彰投區",140.033803231846,5.42208060774346,110,1.25656842586246,5.41472496185784,5.39545685617888,-0.00135660946742739,-0.00491024635940571
2,"age × arear","60歲及以上 | 雲嘉南區",113.810660883638,4.40672582683451,86,0.982408042037926,4.47442617817707,4.43978574025618,0.0153629597126974,0.00750214892434433
2,"age × arear","60歲及以上 | 高屏區",127.265756248831,4.92770440465808,83,0.948137994059858,4.38450578226756,4.91460571385337,-0.11023360530251,-0.00265817300086511
2,"age × arear","60歲及以上 | 花東區",19.5254829944832,0.75602276206075,6,0.0685400959561343,0.357600476591935,0.579149217961793,-0.526997737981862,-0.233952670441879
2,"age × party_kmt","20至29歲 | 0-4 冷淡",151.637731049672,5.87138235162684,1253,14.3134567055061,6.07746407805942,5.74187314775692,0.0350993537962101,-0.0220577022775633
2,"age × party_kmt","20至29歲 | 5 中間",139.501361821534,5.40146458376221,382,4.36371944254055,5.01552770431608,5.42579622774867,-0.0714504137648747,0.00450463825304021
2,"age × party_kmt","20至29歲 | 6-10 溫暖",74.4836003352515,2.88398997707746,263,3.00434087274389,3.063845130091,2.98916753696083,0.0623633072386066,0.0364694609618428
2,"age × party_kmt","30至39歲 | 0-4 冷淡",212.752104537703,8.23771856257169,1800,20.5620287868403,6.8874397524728,8.17618857357858,-0.163914171119407,-0.00746929972488744
2,"age × party_kmt","30至39歲 | 5 中間",147.495214729625,5.71098495551381,549,6.27141877998629,5.9402218158132,5.73261777011309,0.0401396365224299,0.00378793058776894
2,"age × party_kmt","30至39歲 | 6-10 溫暖",69.7974545545827,2.70254335793254,375,4.2837559972584,3.82358530773203,2.74244053232638,0.414809977612012,0.0147628249059297
2,"age × party_kmt","40至49歲 | 0-4 冷淡",250.178988705126,9.68687996623977,1553,17.7404615033128,7.978627623534,9.62862634259357,-0.176347012522019,-0.00601366217494412
2,"age × party_kmt","40至49歲 | 5 中間",156.54933167998,6.06155853706171,581,6.63696595841901,7.37121039918998,6.09550790754947,0.216058601780511,0.00560076592186406
2,"age × party_kmt","40至49歲 | 6-10 溫暖",130.455327867574,5.05120397420388,522,5.96298834818369,5.44980445478136,5.0755082273623,0.0789119747713812,0.00481157626627946
2,"age × party_kmt","50至59歲 | 0-4 冷淡",164.859613815415,6.38333098465294,429,4.90061686086361,7.62877598849279,6.43302625695211,0.195108949674426,0.00778516301577568
2,"age × party_kmt","50至59歲 | 5 中間",142.542407918957,5.51921327508922,217,2.47886680374686,5.2336192090821,5.50749425631897,-0.05174543033083,-0.00212331326697285
2,"age × party_kmt","50至59歲 | 6-10 溫暖",167.760643010366,6.4956582497662,223,2.54740689970299,5.53580731193349,6.45768199623733,-0.147768078449518,-0.00584640571727134
2,"age × party_kmt","60歲及以上 | 0-4 冷淡",329.588797213263,12.7616117298535,310,3.54123829106694,14.3686161523857,12.9612092740635,0.125924879752681,0.0156404652041794
2,"age × party_kmt","60歲及以上 | 5 中間",209.368346245397,8.10670012420486,131,1.49645876170893,7.23934234723044,8.03850531390162,-0.106992705254346,-0.00841215405262407
2,"age × party_kmt","60歲及以上 | 6-10 溫暖",235.687162266973,9.12575937044334,166,1.89627598811972,8.38611272488557,8.9943566365366,-0.0810504217274621,-0.01439910133203
2,"age × party_dpp","20至29歲 | 0-4 冷淡",163.836530203755,6.3437173936281,1027,11.731779757825,4.67898756943989,6.06742948474053,-0.262421813723974,-0.0435529976737434
2,"age × party_dpp","20至29歲 | 5 中間",125.792945126897,4.870677455173,420,4.7978067169294,4.74145463606755,4.90352660484499,-0.0265307691373001,0.00674426709104016
2,"age × party_dpp","20至29歲 | 6-10 溫暖",75.9932178758058,2.94244206366542,451,5.1519305460361,4.73639470695906,3.1858808228809,0.60968155174444,0.0827335777385623
2,"age × party_dpp","30至39歲 | 0-4 冷淡",180.137539883733,6.97488919952495,1485,16.9636737491433,5.04018955643559,6.96801718180796,-0.277380699211843,-0.000985251166062318
2,"age × party_dpp","30至39歲 | 5 中間",128.004818930298,4.95632076257028,551,6.29426547863834,5.35818239632054,4.96695855306419,0.0810806348098157,0.00214630791740658
2,"age × party_dpp","30至39歲 | 6-10 溫暖",121.90241500788,4.72003691392283,688,7.8592643363034,6.2528749232619,4.71627114114591,0.324751275740581,-0.000797826975845658
2,"age × party_dpp","40至49歲 | 0-4 冷淡",221.23801970942,8.56629148589181,1383,15.798492117889,7.2152067776423,8.57620810299744,-0.157721075739095,0.0011576324623043
2,"age × party_dpp","40至49歲 | 5 中間",137.775095286544,5.33462389182107,542,6.19145533470414,5.9168805751371,5.33989232974705,0.109146716830165,0.000987593133614139
2,"age × party_dpp","40至49歲 | 6-10 溫暖",178.170533256715,6.8987270997925,731,8.35046835732237,7.66755512472594,6.88354204476086,0.111444910606272,-0.00220113867558182
2,"age × party_dpp","50至59歲 | 0-4 冷淡",203.122674997354,7.86486899361502,503,5.74594471098926,8.9650460006772,7.91388371433533,0.139884975573699,0.00623210898491805
2,"age × party_dpp","50至59歲 | 5 中間",110.715780626999,4.28689268772436,155,1.77061914553347,4.20954302581356,4.30685334066041,-0.0180432932534785,0.00465620541265451
2,"age × party_dpp","50至59歲 | 6-10 溫暖",161.324209120384,6.24644082816898,211,2.41032670779072,5.22361348301761,6.17746545451267,-0.163745623033652,-0.0110423480432673
2,"age × party_dpp","60歲及以上 | 0-4 冷淡",266.448953602774,10.3168497244284,322,3.67831848297921,14.1671868928933,10.5410783132069,0.373208612251852,0.0217342110012071
2,"age × party_dpp","60歲及以上 | 5 中間",165.756259694607,6.41804893218687,100,1.14233493260224,5.64050309613688,6.34933290115902,-0.121149876584854,-0.0107066854356997
2,"age × party_dpp","60歲及以上 | 6-10 溫暖",342.439092428252,13.2591725678864,185,2.11331962531414,10.1863812354716,13.1036600101358,-0.231748347544483,-0.0117286774083632
2,"age × party_tpp","20至29歲 | 0-4 冷淡",127.015958764972,4.91803229648251,871,9.9497372629655,5.92285586852434,5.21192814569078,0.204314146688404,0.0597588286312139
2,"age × party_tpp","20至29歲 | 5 中間",128.249004050551,4.96577556115941,484,5.52890107379484,5.20208279687788,4.89821420910613,0.0475871760227726,-0.0136053978318552
2,"age × party_tpp","20至29歲 | 6-10 溫暖",110.357730390935,4.2730290548246,543,6.20287868403016,3.03189824706428,4.04669455766951,-0.29045690816424,-0.0529681624559844
2,"age × party_tpp","30至39歲 | 0-4 冷淡",169.459580813138,6.56144077870974,1303,14.8846241718072,7.62297557411108,6.59179241008875,0.161783795846449,0.00462575711686633
2,"age × party_tpp","30至39歲 | 5 中間",152.70138635951,5.91256687061933,632,7.21955677404615,5.74941661628527,5.8908756371868,-0.0275938112674525,-0.00366866606453413
2,"age × party_tpp","30至39歲 | 6-10 溫暖",107.883806649263,4.17723922668898,789,9.01302261823167,3.27885468562168,4.1685788287425,-0.215066576826002,-0.00207323485117752
2,"age × party_tpp","40至49歲 | 0-4 冷淡",246.654120544685,9.55039778224927,1305,14.9074708704592,9.85892892295764,9.5632343349134,0.0323055801174918,0.001344085655572
2,"age × party_tpp","40至49歲 | 5 中間",163.456310974392,6.32899538178065,617,7.04820653415581,6.80116929693537,6.32117990678085,0.074604875919799,-0.00123486817865163
2,"age × party_tpp","40至49歲 | 6-10 溫暖",127.073216733602,4.92024931347545,734,8.38473840530043,4.13954425761233,4.91522823581109,-0.158671848949796,-0.00102049252882423
2,"age × party_tpp","50至59歲 | 0-4 冷淡",257.280771719724,9.96185957170047,497,5.67740461503313,10.5850785424096,9.95145103578778,0.0625605055184278,-0.00104483865063275
2,"age × party_tpp","50至59歲 | 5 中間",144.419101464027,5.59187847051031,182,2.07904957733607,4.38946460773281,5.56949308869681,-0.215028611426129,-0.00400319533615727
2,"age × party_tpp","50至59歲 | 6-10 溫暖",73.462791560987,2.84446446729758,190,2.17043637194425,3.42365935936593,2.87725838502382,0.203621770891243,0.0115290305445083
2,"age × party_tpp","60歲及以上 | 0-4 冷淡",509.903391990837,19.7433564591452,347,3.96390221612977,16.7452479802845,19.4166809618063,-0.151854041893266,-0.0165460973170805
2,"age × party_tpp","60歲及以上 | 5 中間",180.129543112681,6.97457956616323,142,1.62211560429518,7.6316625324016,7.09403300846236,0.094211121975893,0.0171269739151962
2,"age × party_tpp","60歲及以上 | 6-10 溫暖",84.6113706221144,3.27613519919331,118,1.34795522047064,5.61716071181568,3.48335725423305,0.714569262342653,0.0632519851716622
2,"edu × arear","高中職及以下 | 北北基宜蘭區",318.164177058671,12.3192527425132,379,4.32944939456249,15.5915665387366,12.809228998327,0.265625997340794,0.0397732123899753
2,"edu × arear","高中職及以下 | 桃竹苗區",210.996417438571,8.16973871232291,145,1.65638565227325,6.04589600125858,8.04920174180203,-0.259964582203934,-0.0147540790183486
2,"edu × arear","高中職及以下 | 中彰投區",221.298699374681,8.5686409902879,253,2.89010737948366,9.87075847145262,8.54854610958909,0.15196312724977,-0.00234516543773842
2,"edu × arear","高中職及以下 | 雲嘉南區",182.423192811372,7.06338921972693,144,1.64496230294722,6.41405235176064,6.99941752324968,-0.0919299287872738,-0.0090567990078454
2,"edu × arear","高中職及以下 | 高屏區",209.133933279644,8.09762370146635,149,1.70207904957734,6.7550053316707,8.01974576836668,-0.165803996245532,-0.00961738109484791
2,"edu × arear","高中職及以下 | 花東區",33.0856622233145,1.28107016588254,16,0.182773589216358,0.822436837320799,1.07357539086547,-0.358007969255754,-0.161969875298847
2,"edu × arear","專科及以上 | 北北基宜蘭區",515.39461817188,19.9559756289585,3177,36.2919808087731,16.6836618327352,19.4659993731447,-0.163976638229345,-0.0245528589994278
2,"edu × arear","專科及以上 | 桃竹苗區",219.655252071358,8.50500704228719,1228,14.0278729723555,10.6288497533515,8.62554401280807,0.249716749263642,0.0141724715713423
2,"edu × arear","專科及以上 | 中彰投區",265.656219304723,10.286155212351,1306,14.9188942197852,8.98403773118624,10.3062500930498,-0.126589328498682,0.00195358521079896
2,"edu × arear","專科及以上 | 雲嘉南區",188.750235573245,7.30837103891467,844,9.6413068311629,7.95770790688098,7.37234273539196,0.0888483718887287,0.00875320863386104
2,"edu × arear","專科及以上 | 高屏區",188.498254471297,7.29861438148728,1019,11.6403929632168,8.64123275128293,7.37649231458698,0.183955241312812,0.0106702353390851
2,"edu × arear","專科及以上 | 花東區",29.6014239726621,1.1461611638015,94,1.0737948366461,1.60479449236324,1.35365593881858,0.400147329229492,0.18103455392684
2,"edu × party_kmt","高中職及以下 | 0-4 冷淡",452.386893369841,17.5163292371402,570,6.51130911583276,21.6620698657074,17.7219133542186,0.236678619843302,0.0117367123154125
2,"edu × party_kmt","高中職及以下 | 5 中間",391.378981429813,15.1541151958542,272,3.10715101667809,12.4971202450318,15.0506798266443,-0.17533157934218,-0.00682556308125712
2,"edu × party_kmt","高中職及以下 | 6-10 溫暖",331.336207386599,12.8292710992054,244,2.78729723554946,11.3405254214607,12.7271223513371,-0.116042888659272,-0.00796216301600176
2,"edu × party_kmt","專科及以上 | 0-4 冷淡",656.630341951338,25.4245943578045,4775,54.5464930317569,21.2788537292373,25.2190102407262,-0.163060246713223,-0.00808603331817837
2,"edu × party_kmt","專科及以上 | 5 中間",404.077680965679,15.6458062797776,1588,18.1402787297236,18.3028012306,15.7492416489875,0.169821542163452,0.00661106032890261
2,"edu × party_kmt","專科及以上 | 6-10 溫暖",346.847980648148,13.429883830218,1305,14.9074708704592,14.9186295079628,13.5320325780864,0.110853205922376,0.00760607829224363
2,"edu × party_dpp","高中職及以下 | 0-4 冷淡",400.141857387599,15.493411984931,535,6.11149188942198,19.8391915551916,15.5986935485402,0.280492093961441,0.00679524714837503
2,"edu × party_dpp","高中職及以下 | 5 中間",333.840577943838,12.9262398218968,247,2.82156728352753,11.1597313414049,12.8867229677482,-0.136660661169188,-0.00305710358875676
2,"edu × party_dpp","高中職及以下 | 6-10 溫暖",441.119646854816,17.0800637253721,304,3.47269819511081,14.5007926356035,17.0142990159116,-0.151010624505877,-0.00385037845981678
2,"edu × party_dpp","專科及以上 | 0-4 冷淡",634.641861009437,24.5732048121573,4185,47.8067169294037,20.2274252418967,24.467923248548,-0.176850337734969,-0.00428440508326508
2,"edu × party_dpp","專科及以上 | 5 中間",334.204321721507,12.9403239075788,1521,17.3749143248801,14.7068323880707,12.9798407617275,0.136511921425504,0.00305377627569219
2,"edu × party_dpp","專科及以上 | 6-10 溫暖",438.709820834221,16.9867557480641,1962,22.4126113776559,19.5660268378327,17.0525204575246,0.151840123448088,0.00387152852704111
2,"edu × party_tpp","高中職及以下 | 0-4 冷淡",660.631871786129,25.579532785654,574,6.55700251313685,23.9646765925444,25.4933007228703,-0.0631307931478447,-0.00337113517695268
2,"edu × party_tpp","高中職及以下 | 5 中間",340.527849876861,13.1851696419112,267,3.05003427004798,12.1314246208456,13.2034800808665,-0.0799189581691945,0.00138871470391095
2,"edu × party_tpp","高中職及以下 | 6-10 溫暖",173.942360523263,6.73501310463461,245,2.79872058487549,9.40361431880993,6.80293472846315,0.396228065590394,0.0100848539970615
2,"edu × party_tpp","專科及以上 | 0-4 冷淡",649.681952047226,25.1555541026331,3749,42.8261366232579,26.7704102957427,25.2417861654168,0.0641948170380642,0.00342795322384263
2,"edu × party_tpp","專科及以上 | 5 中間",428.4274960843,16.5886262083217,1790,20.4477952935801,17.6423712293874,16.5703157693665,0.0635221390748444,-0.00110379477633063
2,"edu × party_tpp","專科及以上 | 6-10 溫暖",329.446555433638,12.7561041568453,2129,24.3203107151017,10.08750294267,12.6881825330168,-0.209201899056562,-0.00532463697327614
2,"arear × party_kmt","北北基宜蘭區 | 0-4 冷淡",368.933724016832,14.2850393574065,2225,25.4169522503998,12.9226975736282,14.0299420327593,-0.095368430544221,-0.0178576564099518
2,"arear × party_kmt","北北基宜蘭區 | 5 中間",229.37593348122,8.88138986522034,732,8.36189170664839,10.8917294372697,8.96257242151539,0.226354163318721,0.00914074908624006
2,"arear × party_kmt","北北基宜蘭區 | 6-10 溫暖",235.249137732499,9.1087991488449,599,6.84258624628741,8.46080136057387,9.28271391719697,-0.0711397603221063,0.0190930511816279
2,"arear × party_kmt","桃竹苗區 | 0-4 冷淡",153.44935565337,5.9415280907664,815,9.31002970070825,6.90171113733068,5.97648094030948,0.161605403844926,0.00588280472786033
2,"arear × party_kmt","桃竹苗區 | 5 中間",143.501750506974,5.55635882653906,303,3.46127484578478,5.20139843076939,5.54137825394086,-0.0638836343819733,-0.00269611323995981
2,"arear × party_kmt","桃竹苗區 | 6-10 溫暖",133.700563349585,5.17685883730465,255,2.91295407813571,4.57163618651005,5.15688656035977,-0.116909243580943,-0.00385799141382138
2,"arear × party_kmt","中彰投區 | 0-4 冷淡",190.346124458763,7.37016353457341,888,10.1439342015079,7.71810526402556,7.37568728798914,0.0472094991949572,0.000749475013656566
2,"arear × party_kmt","中彰投區 | 5 中間",166.243326595061,6.43690806430123,363,4.14667580534613,5.87168930557321,6.42300134094084,-0.0878090463747183,-0.00216046636389214
2,"arear × party_kmt","中彰投區 | 6-10 溫暖",130.36546762558,5.04772460376422,308,3.5183915924149,5.26500163304011,5.05610757370891,0.0430445490456935,0.00166074233495886
2,"arear × party_kmt","雲嘉南區 | 0-4 冷淡",182.319792924909,7.0593855969852,624,7.12816997943797,6.914506807511,7.07850988101272,-0.020522861017263,0.00270905785847558
2,"arear × party_kmt","雲嘉南區 | 5 中間",110.302340500394,4.27088436943839,204,2.33036326250857,4.06009034059411,4.26290643528258,-0.0493560608553765,-0.00186798177279021
2,"arear × party_kmt","雲嘉南區 | 6-10 溫暖",78.5512949593134,3.04149029221803,160,1.82773589216358,3.39716311053651,3.03034394234634,0.116940310225057,-0.00366476588802949
2,"arear × party_kmt","高屏區 | 0-4 冷淡",194.481105090429,7.53026915035272,729,8.32762165867032,7.3810898187535,7.52403234904657,-0.0198106241119195,-0.000828230861556491
2,"arear × party_kmt","高屏區 | 5 中間",133.701953351084,5.17691265788224,231,2.63879369431117,3.99172108415457,5.13564074079415,-0.228937911850441,-0.00797230314968614
2,"arear × party_kmt","高屏區 | 6-10 溫暖",69.4491293094277,2.68905627471867,208,2.37605665981266,4.02342718004556,2.73656499311292,0.496222752149911,0.0176674318201901
2,"arear × party_kmt","花東區 | 0-4 冷淡",19.4871331768764,0.754537864860521,64,0.731094356865433,1.10281299369577,0.956271103827509,0.461574090651677,0.267359993927248
2,"arear × party_kmt","花東區 | 5 中間",12.3313579607601,0.477467692250572,27,0.308430431802605,0.7832928772709,0.474422283157991,0.64051492903908,-0.00637825164300892
2,"arear × party_kmt","花東區 | 6-10 溫暖",30.8685950583401,1.19522577257295,19,0.217043637194425,0.541125458717366,0.996537942698545,-0.547260884818028,-0.166234559556636
2,"arear × party_dpp","北北基宜蘭區 | 0-4 冷淡",366.932241649416,14.2075423639617,1974,22.5496915695682,13.6686877095008,13.9984590572399,-0.0379273656665448,-0.0147163598999477
2,"arear × party_dpp","北北基宜蘭區 | 5 中間",185.768760085616,7.19292890957988,711,8.12200137080192,8.85526013200631,7.25178357422595,0.231106305000798,0.00818229477670519
2,"arear × party_dpp","北北基宜蘭區 | 6-10 溫暖",280.857793495519,10.8747570979301,871,9.9497372629655,9.75128052996461,11.0249857400058,-0.10331049768269,0.013814436563762
2,"arear × party_dpp","桃竹苗區 | 0-4 冷淡",187.149360272301,7.24638547025672,723,8.25908156271419,6.31805256349341,7.24807599326808,-0.128109788055537,0.000233291896808193
2,"arear × party_dpp","桃竹苗區 | 5 中間",125.886093610593,4.87428414566795,301,3.43842814713274,4.85254998144713,4.87048274245074,-0.0044589448565749,-0.000779889539387208
2,"arear × party_dpp","桃竹苗區 | 6-10 溫暖",117.616215627035,4.55407613868544,349,3.98674891478181,5.50414320966956,4.55618701889129,0.208619057312985,0.000463514473972034
2,"arear × party_dpp","中彰投區 | 0-4 冷淡",218.474447308253,8.45928652010042,869,9.92689056431346,8.20190260957353,8.45811720703832,-0.0304261961000264,-0.00013822833158733
2,"arear × party_dpp","中彰投區 | 5 中間",132.42647453409,5.12752637543042,315,3.59835503769705,4.64707828029462,5.12012120374676,-0.0936997803537314,-0.00144419962794152
2,"arear × party_dpp","中彰投區 | 6-10 溫暖",136.053996837061,5.26798330710804,375,4.2837559972584,6.00581531277071,5.27655779185381,0.14005967039932,0.00162765981703138
2,"arear × party_dpp","雲嘉南區 | 0-4 冷淡",114.141620065975,4.41954049959988,521,5.95156499885767,5.62065306596135,4.48865990870797,0.271773177883586,0.0156395012364629
2,"arear × party_dpp","雲嘉南區 | 5 中間",102.836697446267,3.98181617665998,172,1.96481608407585,2.90401502472097,3.92843944497012,-0.270680790905595,-0.0134051220151099
2,"arear × party_dpp","雲嘉南區 | 6-10 溫暖",154.195110872374,5.97040358238174,295,3.3698880511766,5.84709216795929,5.95466090496355,-0.0206537820636341,-0.0026367861403293
2,"arear × party_dpp","高屏區 | 0-4 冷淡",119.877936653395,4.64164952049843,569,6.49988576650674,5.00714390617091,4.62927911295185,0.078742348826292,-0.00266508866986988
2,"arear × party_dpp","高屏區 | 5 中間",107.652857088998,4.16829690631218,243,2.77587388622344,3.89774237722775,4.16714539484709,-0.0649076913582429,-0.000276254664908126
2,"arear × party_dpp","高屏區 | 6-10 溫暖",170.101394008549,6.58629165614302,356,4.06671236006397,6.49135179955496,6.59981357515472,-0.0144147665400627,0.00205303981628024
2,"arear × party_dpp","花東區 | 0-4 冷淡",28.2081124476971,1.09221242267112,64,0.731094356865433,1.25017694238821,1.24402551788203,0.144628019639969,0.138995942602113
2,"arear × party_dpp","花東區 | 5 中間",13.4740168997808,0.521711215825171,26,0.297007082476582,0.709917933778841,0.52859136923501,0.360748843890564,0.0131876662819248
2,"arear × party_dpp","花東區 | 6-10 溫暖",21.0049568484987,0.813307691187755,20,0.228466986520448,0.467136453516984,0.654614442567009,-0.42563379323909,-0.195120801561572
2,"arear × party_tpp","北北基宜蘭區 | 0-4 冷淡",427.386967958383,16.5483371692245,1766,20.1736349097555,16.3026946365777,16.4254500943139,-0.0148439405201148,-0.007425947009292
2,"arear × party_tpp","北北基宜蘭區 | 5 中間",234.326744344344,9.07308426295875,820,9.36714644733836,10.2558127902957,9.13292618950839,0.13035573053868,0.00659554400855136
2,"arear × party_tpp","北北基宜蘭區 | 6-10 溫暖",171.845082927824,6.6538069392885,970,11.0806488462417,5.71672094459831,6.71685208764935,-0.140834563316981,0.00947504923663952
2,"arear × party_tpp","桃竹苗區 | 0-4 冷淡",198.403330686383,7.68213693407494,605,6.91112634224355,7.90890400750432,7.72288568419267,0.0295187491937995,0.0053043509205075
2,"arear × party_tpp","桃竹苗區 | 5 中間",135.718884299937,5.25500781728333,323,3.68974183230523,4.47821590508927,5.21229183355108,-0.147819363777014,-0.0081286242033285
2,"arear × party_tpp","桃竹苗區 | 6-10 溫暖",96.5294545236097,3.73760100325184,445,5.08339045007996,4.28762584201651,3.73956823686636,0.147159859569316,0.000526335907126938
2,"arear × party_tpp","中彰投區 | 0-4 冷淡",228.472445305183,8.84640698533306,757,8.64747543979895,9.36525817032995,8.86058637988902,0.0586510643086072,0.00160284221373342
2,"arear × party_tpp","中彰投區 | 5 中間",155.360055186109,6.01550999116893,377,4.30660269591044,5.73806824412207,6.00377848794403,-0.0461210682808532,-0.00195020924944336
2,"arear × party_tpp","中彰投區 | 6-10 溫暖",103.122418188112,3.99287922613687,425,4.85492346355952,3.75146978818684,3.99043133480584,-0.0604599899665852,-0.000613064205650717
2,"arear × party_tpp","雲嘉南區 | 0-4 冷淡",198.350082156643,7.68007516174691,519,5.92871830020562,7.58361202578448,7.68346414059049,-0.012560181239227,0.000441268968363463
2,"arear × party_tpp","雲嘉南區 | 5 中間",109.060285989211,4.22279226936384,221,2.52456020105095,4.04543860261324,4.21357739594453,-0.0419991454557893,-0.00218217540231813
2,"arear × party_tpp","雲嘉南區 | 6-10 溫暖",63.7630602387625,2.46889282753086,248,2.83299063285355,2.74270963024389,2.47471872210662,0.11090671885781,0.00235971951102854
2,"arear × party_tpp","高屏區 | 0-4 冷淡",228.240977609626,8.83744460286232,617,7.04820653415581,8.24970715609645,8.84727170428058,-0.066505361354741,0.00111198450003098
2,"arear × party_tpp","高屏區 | 5 中間",117.419935844473,4.54647622510628,288,3.28992460589445,4.4866931602981,4.53259308806772,-0.0131493186917036,-0.00305360379141244
2,"arear × party_tpp","高屏區 | 6-10 溫暖",51.971274296842,2.01231725498504,263,3.00434087274389,2.65983776655907,2.01637329060535,0.32177854161413,0.00201560445315712
2,"arear × party_tpp","花東區 | 0-4 冷淡",29.4600201171378,1.14068603504542,59,0.673977610235321,1.32491089199424,1.19542888502039,0.161503561268268,0.0479911634692587
2,"arear × party_tpp","花東區 | 5 中間",17.0694402970875,0.660925284351806,28,0.319853781128627,0.769567147814513,0.678628855217202,0.164378434347925,0.0267860396395017
2,"arear × party_tpp","花東區 | 6-10 溫暖",16.1576257817513,0.625620010286815,23,0.262737034498515,0.33275328987529,0.553173589446457,-0.468122367565033,-0.115799398435394
2,"party_kmt × party_dpp","0-4 冷淡 | 0-4 冷淡",358.476336973449,13.8801314409821,3258,37.2172721041809,19.5985796761019,14.0288940632721,0.411988046326111,0.0107176666822329
2,"party_kmt × party_dpp","0-4 冷淡 | 5 中間",123.148778411777,4.7682958534539,639,7.29952021932831,5.5254628940425,4.7549353905321,0.158791959194427,-0.0028019366525077
2,"party_kmt × party_dpp","0-4 冷淡 | 6-10 溫暖",627.392119935954,24.2924963005088,1448,16.5410098240804,17.8168810248003,24.1570941411405,-0.266568540161633,-0.00557382648918721
2,"party_kmt × party_dpp","5 中間 | 0-4 冷淡",228.239948825499,8.83740476854849,628,7.17386337674206,8.18432890542855,8.81267169317624,-0.0738990552344264,-0.00279868083674066
2,"party_kmt × party_dpp","5 中間 | 5 中間",455.845402244125,17.6502420029595,924,10.5551747772447,16.6259367205947,17.6329415428773,-0.0580334979085819,-0.000980182599155604
2,"party_kmt × party_dpp","5 中間 | 6-10 溫暖",111.371311325868,4.31227470412386,308,3.5183915924149,5.98965584960852,4.35430823957831,0.388978267984776,0.00974741600164165
2,"party_kmt × party_dpp","6-10 溫暖 | 0-4 冷淡",448.067432598089,17.3490805875577,834,9.52707333790267,12.2837082155578,17.2250510406398,-0.291967770074957,-0.00714905589906901
2,"party_kmt × party_dpp","6-10 溫暖 | 5 中間",89.0507190094423,3.44802587306222,205,2.34178661183459,3.71516411483838,3.47868679606627,0.0774757068568383,0.00889231233547135
2,"party_kmt × party_dpp","6-10 溫暖 | 6-10 溫暖",141.066036427215,5.46204846880349,510,5.82590815627142,10.2602825990273,5.55541709271737,0.878467878421245,0.0170940672619724
2,"party_kmt × party_tpp","0-4 冷淡 | 0-4 冷淡",883.141412547719,34.1950573101422,3473,39.6732922092758,33.0299575068654,34.0079408107194,-0.0340721699253086,-0.00547203350839981
2,"party_kmt × party_tpp","0-4 冷淡 | 5 中間",124.838961309035,4.83373939422236,760,8.68174548777702,5.85176401670135,4.93317055436826,0.210608090228407,0.020570236009154
2,"party_kmt × party_tpp","0-4 冷淡 | 6-10 溫暖",101.036861464425,3.91212689058021,1112,12.7027644505369,4.05920207137803,3.99981222985703,0.0375946856815806,0.0224137257633322
2,"party_kmt × party_tpp","5 中間 | 0-4 冷淡",233.532542775809,9.04233293846417,420,4.7978067169294,8.45314016511166,9.07583032521167,-0.0651593761656591,0.00370450711950779
2,"party_kmt × party_tpp","5 中間 | 5 中間",432.92598950405,16.7628069659128,950,10.8521818597213,17.239162896049,16.743489989294,0.0284174321821432,-0.00115237123819132
2,"party_kmt × party_tpp","5 中間 | 6-10 溫暖",128.998130115633,4.99478157125479,490,5.59744116975097,5.10761841447113,4.98060116112618,0.0225909464921793,-0.00283904509663003
2,"party_kmt × party_tpp","6-10 溫暖 | 0-4 冷淡",193.639868509828,7.49769663968078,430,4.91204021018963,9.25198921631013,7.65131575235596,0.233977534826488,0.0204888407810694
2,"party_kmt × party_tpp","6-10 溫暖 | 5 中間",211.190395148075,8.17724949009771,347,3.96390221612977,6.68286893748256,8.09713530657072,-0.182748557986984,-0.00979720425847394
2,"party_kmt × party_tpp","6-10 溫暖 | 6-10 溫暖",273.353924376843,10.5842087996449,772,8.81882567968928,10.3242967756308,10.5107038704968,-0.0245565850914513,-0.00694477315589508
2,"party_dpp × party_tpp","0-4 冷淡 | 0-4 冷淡",448.802844735105,17.3775555971253,2679,30.603152844414,25.6543346343871,17.6175960759754,0.476291328259711,0.0138132476405226
2,"party_dpp × party_tpp","0-4 冷淡 | 5 中間",284.371999890236,11.0108264605029,786,8.9787525702536,8.52735236314003,10.9142939837371,-0.225548382428096,-0.00876705096680421
2,"party_dpp × party_tpp","0-4 冷淡 | 6-10 溫暖",301.608873771696,11.67823473946,1255,14.3363034041581,5.88492979956113,11.5347267373757,-0.496077110038188,-0.0122885012406385
2,"party_dpp × party_tpp","5 中間 | 0-4 冷淡",207.308633695476,8.02694846984206,547,6.24857208133425,7.68428549792161,7.95203569684228,-0.0426890708477649,-0.00933265901497034
2,"party_dpp × party_tpp","5 中間 | 5 中間",369.612648673307,14.3113271831246,892,10.189627598812,15.2143088616848,14.3572607132894,0.0630955932322609,0.00320959262387538
2,"party_dpp × party_tpp","5 中間 | 6-10 溫暖",91.1236172965615,3.52828807650895,329,3.75828192826137,2.96796936986922,3.55726731934398,-0.158807527755537,0.00821340043857978
2,"party_dpp × party_tpp","6-10 溫暖 | 0-4 冷淡",654.202345402775,25.3305828213198,1097,12.5314142106466,17.3964667559784,25.1654551154694,-0.313222799542674,-0.00651890669137546
2,"party_dpp × party_tpp","6-10 溫暖 | 5 中間",114.970697397618,4.45164220660542,379,4.32944939456249,6.03213462540812,4.50224115320649,0.355035814975772,0.011366355212912
2,"party_dpp × party_tpp","6-10 溫暖 | 6-10 溫暖",110.656424888644,4.28459444551094,790,9.02444596755769,10.6382180920496,4.39912320476028,1.48289966001227,0.0267303616960379
3,"sex × age × edu","男性 | 20至29歲 | 高中職及以下",64.877141178477,2.51202981673825,74,0.845327850125657,2.5315248840821,2.39191836135035,0.00776068309936064,-0.0478145022752389
3,"sex × age × edu","男性 | 20至29歲 | 專科及以上",149.589516127961,5.79207588310855,743,8.48754854923463,4.64237187120121,5.90223271998356,-0.198496020271458,0.0190185417280629
3,"sex × age × edu","男性 | 30至39歲 | 高中職及以下",38.7145406983416,1.49901920474609,82,0.936714644733836,2.62776364127031,1.57379558348849,0.752988642807551,0.0498835361852865
3,"sex × age × edu","男性 | 30至39歲 | 專科及以上",184.230109986383,7.13335268817752,1203,13.7422892392049,5.76106980614775,7.05541951979032,-0.192375582985561,-0.010925180878321
3,"sex × age × edu","男性 | 40至49歲 | 高中職及以下",86.4310739718869,3.3465937457509,132,1.50788211103496,4.2148971448078,3.37017373309845,0.259458860269301,0.00704596647785046
3,"sex × age × edu","男性 | 40至49歲 | 專科及以上",187.460425148366,7.25842983949712,1246,14.2334932602239,6.78472688224398,7.23596236601488,-0.0652624558930728,-0.00309536276840257
3,"sex × age × edu","男性 | 50至59歲 | 高中職及以下",111.283627547026,4.30887960589827,65,0.742517706191455,2.78816404647647,3.58720506954324,-0.35292598041963,-0.167485425994999
3,"sex × age × edu","男性 | 50至59歲 | 專科及以上",116.715557925416,4.51920285419654,384,4.3865661411926,6.34952386616114,5.2410817221589,0.405009704369644,0.159735885122311
3,"sex × age × edu","男性 | 60歲及以上 | 高中職及以下",253.552303467503,9.81749403323487,120,1.37080191912269,7.97045223583226,10.5493286916037,-0.188137806974965,0.0745439371688258
3,"sex × age × edu","男性 | 60歲及以上 | 專科及以上",115.527445352654,4.47319937509425,187,2.13616632396619,6.98978266821949,3.75315927941062,0.562591353995308,-0.160967583893678
3,"sex × age × edu","女性 | 20至29歲 | 高中職及以下",17.2360784361299,0.667377479474413,56,0.639707562257254,1.74636905515446,0.978221808993349,1.61676353917396,0.465769881482572
3,"sex × age × edu","女性 | 20至29歲 | 專科及以上",133.91995746389,5.1853537331453,1025,11.708933059173,5.23657110202873,4.88446402213916,0.00987731435871836,-0.0580268437778544
3,"sex × age × edu","女性 | 30至39歲 | 高中職及以下",37.328884563052,1.44536687875938,95,1.08521818597213,2.88308005932551,1.39949896295467,0.994704667509877,-0.0317344450594304
3,"sex × age × edu","女性 | 30至39歲 | 專科及以上",169.771238574134,6.57350810433506,1344,15.3529814941741,5.37933336927446,6.62253280978458,-0.181664754360472,0.00745792119997384
3,"sex × age × edu","女性 | 40至49歲 | 高中職及以下",85.4141540150866,3.30721881019862,172,1.96481608407585,5.22445801211869,3.30105548332026,0.57971344260857,-0.00186359815666261
3,"sex × age × edu","女性 | 40至49歲 | 專科及以上",177.877995117339,6.88740008205872,1106,12.6342243545808,4.57556043833487,6.89245089507176,-0.33566216804307,0.000733341021701541
3,"sex × age × edu","女性 | 50至59歲 | 高中職及以下",141.350238263597,5.47305270656728,124,1.41649531642678,5.21081432440482,6.1123969532859,-0.047914463138239,0.116816753098586
3,"sex × age × edu","女性 | 50至59歲 | 專科及以上",105.8132410087,4.09706734284627,296,3.38131140050263,4.04970027246595,3.45751876452037,-0.0115612135258225,-0.156099113050359
3,"sex × age × edu","女性 | 60歲及以上 | 高中職及以下",338.914040045154,13.1226832508318,166,1.89627598811972,10.3021921287275,12.2361208845616,-0.214932500327287,-0.0675595340773014
3,"sex × age × edu","女性 | 60歲及以上 | 專科及以上",66.6505168603221,2.58069456534082,134,1.530728809687,4.7316441917225,3.45546236892593,0.833477024080768,0.338966034699879
3,"sex × age × arear","男性 | 20至29歲 | 北北基宜蘭區",46.8660908207963,1.81464558082069,320,3.65547178432716,1.76476385436253,1.86394362458559,-0.0274884126053939,0.0271667615351135
3,"sex × age × arear","男性 | 20至29歲 | 桃竹苗區",44.3689494040411,1.71795676899027,158,1.80488919351154,1.62721928291812,1.72304405012953,-0.0528170951155455,0.00296123932282947
3,"sex × age × arear","男性 | 20至29歲 | 中彰投區",48.240924692919,1.86787887096109,159,1.81631254283756,1.85815121833502,1.775968687332,-0.00520786051884795,-0.0492056444654815
3,"sex × age × arear","男性 | 20至29歲 | 雲嘉南區",32.9688343221934,1.27654661312247,64,0.731094356865433,0.64106413945354,1.28273607512877,-0.497813763427347,0.00484859850997271
3,"sex × age × arear","男性 | 20至29歲 | 高屏區",34.4884184090197,1.33538460237122,107,1.2222983778844,1.10983203343747,1.37178966711267,-0.16890457515628,0.0272618575029311
3,"sex × age × arear","男性 | 20至29歲 | 花東區",7.53343965746832,0.291693263581055,9,0.102810143934202,0.172866226776632,0.276668977045355,-0.407369835510115,-0.051507142644468
3,"sex × age × arear","男性 | 30至39歲 | 北北基宜蘭區",79.1769514189194,3.06571558410075,537,6.13433858807402,2.38725717492442,3.13794913988179,-0.221305072360566,0.0235617276943913
3,"sex × age × arear","男性 | 30至39歲 | 桃竹苗區",32.1246285489261,1.24385913590957,207,2.36463331048663,1.78516859255294,1.39509547454053,0.435185497309181,0.121586387288443
3,"sex × age × arear","男性 | 30至39歲 | 中彰投區",45.7587980579253,1.77177142845108,232,2.65021704363719,1.68415433803094,1.56315905489155,-0.0494516894296789,-0.117742260773391
3,"sex × age × arear","男性 | 30至39歲 | 雲嘉南區",31.0846892113113,1.20359289457657,129,1.47361206305689,1.11222789815469,1.266301539345,-0.0759102158492033,0.052101208848105
3,"sex × age × arear","男性 | 30至39歲 | 高屏區",31.3640455555732,1.21440951586311,166,1.89627598811972,1.19735344341744,1.01483012354221,-0.014044745386849,-0.164342744118775
3,"sex × age × arear","男性 | 30至39歲 | 花東區",3.43553789206915,0.133023334022536,14,0.159926890564313,0.222672000337622,0.251879771077725,0.673931885513392,0.893500662335317
3,"sex × age × arear","男性 | 40至49歲 | 北北基宜蘭區",79.2251358896161,3.06758127708437,579,6.61411925976696,2.86879271239162,3.14825149192482,-0.0648030310322196,0.0262976617581657
3,"sex × age × arear","男性 | 40至49歲 | 桃竹苗區",49.3635009289791,1.91134479632897,222,2.53598355037697,2.19029308848162,1.73162807686123,0.145943470109848,-0.0940263210556847
3,"sex × age × arear","男性 | 40至49歲 | 中彰投區",60.1617097921202,2.3294492648498,219,2.5017135023989,1.97935037115735,2.09497916380014,-0.150292560123655,-0.100654736116254
3,"sex × age × arear","男性 | 40至49歲 | 雲嘉南區",41.9579150440995,1.62460200502661,150,1.71350239890336,1.77998907191892,1.91055749629169,0.095646236069841,0.176015719776482
3,"sex × age × arear","男性 | 40至49歲 | 高屏區",39.6279004802955,1.53438431122275,190,2.17043637194425,1.8148815462669,1.408195864453,0.182807679270801,-0.0822404438358627
3,"sex × age × arear","男性 | 40至49歲 | 花東區",3.55533698514282,0.137661930735535,18,0.205620287868403,0.366317236835367,0.312524005782459,1.6609915673717,1.27022826218277
3,"sex × age × arear","男性 | 50至59歲 | 北北基宜蘭區",74.307108971837,2.87715626709517,188,2.14758967329221,3.30308231513518,2.79511278599265,0.148037161870961,-0.0285154762154609
3,"sex × age × arear","男性 | 50至59歲 | 桃竹苗區",49.6697548112951,1.92320288486208,52,0.594014164953164,1.2009435230186,1.86372803036858,-0.375550269567775,-0.0309248987517866
3,"sex × age × arear","男性 | 50至59歲 | 中彰投區",31.6084890520344,1.22387431872686,88,1.00525474068997,1.92720774823647,1.71906132146428,0.574677823325232,0.404606089988502
3,"sex × age × arear","男性 | 50至59歲 | 雲嘉南區",33.6050089962909,1.30117916814814,54,0.616860863605209,1.27264761593286,0.987621961387083,-0.0219274585035668,-0.240979270523762
3,"sex × age × arear","男性 | 50至59歲 | 高屏區",30.6515988645802,1.18682372373198,62,0.708247658213388,1.28503020118292,1.19318879432696,0.0827473157868164,0.0053631137191634
3,"sex × age × arear","男性 | 50至59歲 | 花東區",8.15722477640376,0.315846097530577,5,0.057116746630112,0.148776509131572,0.269573898162584,-0.528958849595509,-0.146502362162361
3,"sex × age × arear","男性 | 60歲及以上 | 北北基宜蘭區",116.320000404271,4.50388694678597,131,1.49645876170893,6.02475915549086,4.50377326511963,0.337679925511939,-2.52407903864436e-05
3,"sex × age × arear","男性 | 60歲及以上 | 桃竹苗區",56.7317377113919,2.19664143791941,27,0.308430431802605,1.39964579317317,2.26564571763143,-0.362824642651343,0.0314135381955556
3,"sex × age × arear","男性 | 60歲及以上 | 中彰投區",72.241279980703,2.79716778536267,64,0.731094356865433,3.13999245499973,2.83679906990144,0.122561353462965,0.0141683615642047
3,"sex × age × arear","男性 | 60歲及以上 | 雲嘉南區",55.6675696199726,2.15543706412753,44,0.502627370344985,2.22863001028876,2.097875343269,0.0339573571315843,-0.0267053591202083
3,"sex × age × arear","男性 | 60歲及以上 | 高屏區",55.5259476371516,2.14995348952653,39,0.445510623714873,2.07248589114841,2.42577926944695,-0.0360322205831446,0.128293835780218
3,"sex × age × arear","男性 | 60歲及以上 | 花東區",12.5932134666673,0.487606684607008,2,0.0228466986520448,0.0947215989508317,0.172615305645828,-0.805741795711489,-0.6459947923295
3,"sex × age × arear","女性 | 20至29歲 | 北北基宜蘭區",38.6900102837222,1.49806939204132,439,5.01485035412383,1.88226702469939,1.5971354223014,0.256461839951587,0.0661291331272014
3,"sex × age × arear","女性 | 20至29歲 | 桃竹苗區",19.8789859041049,0.769710323398118,168,1.91912268677176,1.57859443379525,0.93289288735984,1.05089419461865,0.212005164801874
3,"sex × age × arear","女性 | 20至29歲 | 中彰投區",25.7987308744723,0.998921654275667,207,2.36463331048663,1.27266079811474,1.09669634020673,0.274034647929985,0.0978802346636097
3,"sex × age × arear","女性 | 20至29歲 | 雲嘉南區",32.7853088986394,1.26944054575078,117,1.33653187114462,1.00805001271371,1.070879804312,-0.205910023838475,-0.156415944097125
3,"sex × age × arear","女性 | 20至29歲 | 高屏區",28.3223538753863,1.09663582770175,131,1.49645876170893,0.957904892921937,0.98621489803279,-0.126505929566936,-0.100690609297688
3,"sex × age × arear","女性 | 20至29歲 | 花東區",5.6806460636949,0.219953469452079,19,0.217043637194425,0.283462994938174,0.178866478919745,0.288740730684094,-0.186798556234124
3,"sex × age × arear","女性 | 30至39歲 | 北北基宜蘭區",87.4329337800409,3.38538555538615,579,6.61411925976696,2.10467414608839,3.15180836273365,-0.378305923607475,-0.0689957432709192
3,"sex × age × arear","女性 | 30至39歲 | 桃竹苗區",30.7937327765501,1.19232712012635,231,2.63879369431117,1.89457863210381,1.06761239757551,0.588975542133985,-0.104597740373149
3,"sex × age × arear","女性 | 30至39歲 | 中彰投區",37.7621854316663,1.4621442009688,255,2.91295407813571,1.42549040765872,1.6818212528665,-0.025068521480847,0.150243082557889
3,"sex × age × arear","女性 | 30至39歲 | 雲嘉南區",23.5940250633047,0.913555890091433,167,1.90769933744574,1.14449061827352,0.898491001513576,0.252786644678056,-0.0164903852531124
3,"sex × age × arear","女性 | 30至39歲 | 高屏區",23.7636869037076,0.92012516232065,196,2.23897646790039,1.52122274534047,1.15873537378246,0.653278062197314,0.259323645557096
3,"sex × age × arear","女性 | 30至39歲 | 花東區",3.75355918191637,0.145337054201051,11,0.125656842586246,0.171956879135058,0.0635633842675671,0.183159243734102,-0.562648461419639
3,"sex × age × arear","女性 | 40至49歲 | 北北基宜蘭區",90.0336886525865,3.48608625931959,467,5.33470413525246,2.2092860571251,3.18563341975893,-0.366256055420641,-0.0861862894979819
3,"sex × age × arear","女性 | 40至49歲 | 桃竹苗區",43.135171554121,1.67018513956992,233,2.66164039296322,2.36443544455699,1.86942962609964,0.415672663191008,0.119294850498447
3,"sex × age × arear","女性 | 40至49歲 | 中彰投區",52.3801691109035,2.02814957968637,227,2.59310029700708,1.93550012257271,2.2635316157944,-0.0456817672826649,0.116057532671938
3,"sex × age × arear","女性 | 40至49歲 | 雲嘉南區",40.6192500995574,1.57276916846464,162,1.85058259081563,1.49226217203974,1.33480309008861,-0.0511880560982102,-0.151303880535969
3,"sex × age × arear","女性 | 40至49歲 | 高屏區",31.7792396145322,1.23048574605593,171,1.95339273474983,1.47092491804015,1.3963585126442,0.195401834401494,0.134802672131672
3,"sex × age × arear","女性 | 40至49歲 | 花東區",5.34463010072515,0.206942999160887,18,0.205620287868403,0.32760973611888,0.143750114006226,0.583091660250757,-0.305363725329659
3,"sex × age × arear","女性 | 50至59歲 | 北北基宜蘭區",88.2403486087943,3.41664849465046,184,2.10189627598812,3.44377489528129,3.39127720667907,0.00793947655818206,-0.00742578231594953
3,"sex × age × arear","女性 | 50至59歲 | 桃竹苗區",36.8948700193144,1.42856192319317,43,0.491204021018963,0.982029123039276,1.43035843303749,-0.312575039908518,0.0012575652585651
3,"sex × age × arear","女性 | 50至59歲 | 中彰投區",45.2101084355166,1.75052627697571,62,0.708247658213388,1.35755623667507,1.2641219101044,-0.224486798895447,-0.277861791204669
3,"sex × age × arear","女性 | 50至59歲 | 雲嘉南區",20.7477358655823,0.803348146626457,59,0.673977610235321,1.44660255197756,1.18058355031873,0.800716859872463,0.469578980516008
3,"sex × age × arear","女性 | 50至59歲 | 高屏區",50.3691877990159,1.95028478902817,62,0.708247658213388,1.65458252007877,1.95231913520598,-0.151620045755852,0.00104310210963156
3,"sex × age × arear","女性 | 50至59歲 | 花東區",5.70122854407293,0.22075041893957,10,0.114233493260224,0.3759692698188,0.351255482460591,0.70314181791755,0.591188293766031
3,"sex × age × arear","女性 | 60歲及以上 | 北北基宜蘭區",133.266526399967,5.16005301418727,132,1.50788211103496,6.28657103597297,5.50034365249414,0.218315203097411,0.0659471205763314
3,"sex × age × arear","女性 | 60歲及以上 | 桃竹苗區",67.6903378512056,2.62095622431226,32,0.365547178432716,1.65183784097033,2.39531106100633,-0.369757561897556,-0.0860926867884393
3,"sex × age × arear","女性 | 60歲及以上 | 中彰投區",67.7925232511432,2.62491282238079,46,0.52547406899703,2.27473250685811,2.55865778627745,-0.13340645545899,-0.0252408520155149
3,"sex × age × arear","女性 | 60歲及以上 | 雲嘉南區",58.1430912636649,2.25128876270698,42,0.47978067169294,2.24579616788831,2.34191039698718,-0.00243975580105859,0.0402532255219167
3,"sex × age × arear","女性 | 60歲及以上 | 高屏區",71.739808611679,2.77775091513155,44,0.502627370344985,2.31201989111915,2.48882644440642,-0.167664790055642,-0.104013815332123
3,"sex × age × arear","女性 | 60歲及以上 | 花東區",6.93226952781586,0.268416077453742,4,0.0456933973040896,0.262878877641103,0.406533912315965,-0.0206291659768151,0.514566177154666
3,"sex × age × party_kmt","男性 | 20至29歲 | 0-4 冷淡",92.7931489204154,3.5929320041378,555,6.33995887594243,3.35187299110162,3.85007236944694,-0.0670925619406558,0.0715683917794734
3,"sex × age × party_kmt","男性 | 20至29歲 | 5 中間",77.2062083853078,2.98940881145887,133,1.51930546036098,2.1304820401598,2.59336260573482,-0.287323288807697,-0.132483119808152
3,"sex × age × party_kmt","男性 | 20至29歲 | 6-10 溫暖",44.4673000007145,1.72176488425013,129,1.47361206305689,1.6915417240219,1.85071610615215,-0.0175535931210481,0.0748947914326749
3,"sex × age × party_kmt","男性 | 30至39歲 | 0-4 冷淡",118.530776324224,4.5894877443577,900,10.2810143934202,4.09694880930728,4.75325788341757,-0.107318934592633,0.0356837512555104
3,"sex × age × party_kmt","男性 | 30至39歲 | 5 中間",71.6790381302216,2.77539789435065,216,2.46744345442084,2.5513799859681,2.42334208078367,-0.0807156007571163,-0.126848771588245
3,"sex × age × party_kmt","男性 | 30至39歲 | 6-10 溫暖",32.7348362302785,1.26748625421527,169,1.93054603609778,1.74050465214268,1.45261513907757,0.37319410475206,0.146059875794799
3,"sex × age × party_kmt","男性 | 40至49歲 | 0-4 冷淡",135.561762697018,5.24892410051937,835,9.5384966872287,4.64197287115235,5.27938651792546,-0.115633455112633,0.00580355456141344
3,"sex × age × party_kmt","男性 | 40至49歲 | 5 中間",74.1126919944745,2.8696284809575,291,3.32419465387252,3.74800551603401,2.90439428754877,0.306094339704706,0.0121150897483671
3,"sex × age × party_kmt","男性 | 40至49歲 | 6-10 溫暖",64.2170444287602,2.48647100377116,252,2.87868403015764,2.60964563986542,2.42235529363911,0.04953793384578,-0.0257858265931151
3,"sex × age × party_kmt","男性 | 50至59歲 | 0-4 冷淡",85.6701843737693,3.31713225402982,219,2.5017135023989,3.87289371775121,3.29530969382814,0.167542751135781,-0.00657874288104369
3,"sex × age × party_kmt","男性 | 50至59歲 | 5 中間",64.660218819573,2.50363062676802,117,1.33653187114462,2.70110176598692,2.70672630696914,0.0788739109945408,0.0811204648280357
3,"sex × age × party_kmt","男性 | 50至59歲 | 6-10 溫暖",77.668782279099,3.00731957929698,113,1.29083847384053,2.56369242889948,2.82625079090486,-0.147515798936541,-0.0602093604014148
3,"sex × age × party_kmt","男性 | 60歲及以上 | 0-4 冷淡",178.062975575164,6.8945624880638,156,1.78204249485949,7.03334177609192,6.45410357119567,0.020128802700445,-0.0638849698774467
3,"sex × age × party_kmt","男性 | 60歲及以上 | 5 中間",79.7597707978897,3.08828223286412,63,0.719671007539411,3.50116904741887,3.60371405352049,0.13369465075471,0.166899195666567
3,"sex × age × party_kmt","男性 | 60歲及以上 | 6-10 溫暖",111.257002447104,4.30784868740121,88,1.00525474068997,4.42572408054096,4.24467034629811,0.0273629372091212,-0.0146658682065298
3,"sex × age × party_kmt","女性 | 20至29歲 | 0-4 冷淡",58.8445821292571,2.27845034748904,698,7.97349782956363,2.7255910869578,1.89180077830998,0.196247743542678,-0.169698483710726
3,"sex × age × party_kmt","女性 | 20至29歲 | 5 中間",62.2951534362261,2.41205577230334,249,2.84441398217957,2.88504566415629,2.83243362201385,0.196094094209634,0.174281977447427
3,"sex × age × party_kmt","女性 | 20至29歲 | 6-10 溫暖",30.0163003345369,1.16222509282733,134,1.530728809687,1.37230340606911,1.13845143080868,0.180755272397987,-0.0204552992061211
3,"sex × age × party_kmt","女性 | 30至39歲 | 0-4 冷淡",94.221328213479,3.648230818214,900,10.2810143934202,2.79049094316552,3.42293069016101,-0.235111186158005,-0.0617559960647688
3,"sex × age × party_kmt","女性 | 30至39歲 | 5 中間",75.8161765994029,2.93558706116316,333,3.80397532556546,3.3888418298451,3.30927568932943,0.15440004307089,0.127296046882764
3,"sex × age × party_kmt","女性 | 30至39歲 | 6-10 溫暖",37.0626183243042,1.43505710371727,206,2.35320996116061,2.08308065558935,1.28982539324882,0.451566387284162,-0.101202739662594
3,"sex × age × party_kmt","女性 | 40至49歲 | 0-4 冷淡",114.617226008107,4.4379558657204,718,8.20196481608408,3.33665475238165,4.34923982466812,-0.248155039540931,-0.0199902936704582
3,"sex × age × party_kmt","女性 | 40至49歲 | 5 中間",82.4366396855052,3.19193005610421,290,3.31277130454649,3.62320488315598,3.1911136200007,0.135114122011226,-0.000255781326394216
3,"sex × age × party_kmt","女性 | 40至49歲 | 6-10 溫暖",66.2382834388134,2.56473297043273,270,3.08430431802605,2.84015881491594,2.6531529337232,0.107389676686981,0.0344753096364456
3,"sex × age × party_kmt","女性 | 50至59歲 | 0-4 冷淡",79.1894294416453,3.06619873062312,210,2.3989033584647,3.75588227074158,3.13771656312398,0.224931128315451,0.0233245913862611
3,"sex × age × party_kmt","女性 | 50至59歲 | 5 中間",77.8821890993842,3.0155826483212,100,1.14233493260224,2.53251744309518,2.80076794934982,-0.160189675283796,-0.0712348902428409
3,"sex × age × party_kmt","女性 | 50至59歲 | 6-10 溫暖",90.0918607312669,3.48833867046922,110,1.25656842586246,2.97211488303401,3.63143120533247,-0.147985570267401,0.0410202530145954
3,"sex × age × party_kmt","女性 | 60歲及以上 | 0-4 冷淡",151.525821638099,5.86704924178971,154,1.75919579620745,7.3352743762938,6.50710570286787,0.250249328750514,0.109093418974426
3,"sex × age × party_kmt","女性 | 60歲及以上 | 5 中間",129.608575447508,5.01841789134075,68,0.776787754169523,3.73817329981158,4.43479126038112,-0.255109203587493,-0.116296937320957
3,"sex × age × party_kmt","女性 | 60歲及以上 | 6-10 溫暖",124.430159819869,4.81791068304213,78,0.891021247429746,3.9603886443446,4.74968629023849,-0.177986288063786,-0.014160576501298
3,"sex × age × party_dpp","男性 | 20至29歲 | 0-4 冷淡",115.19960603216,4.46050550275001,479,5.47178432716473,2.81266175749215,4.52226610888084,-0.369429820060063,0.0138461001993508
3,"sex × age × party_dpp","男性 | 20至29歲 | 5 中間",66.7544257460338,2.58471789643079,141,1.61069225496916,1.86958486070549,2.25023052593695,-0.27667740325272,-0.129409623756516
3,"sex × age × party_dpp","男性 | 20至29歲 | 6-10 溫暖",32.5126255282439,1.258882300666,197,2.25039981722641,2.49165013708567,1.52165444651612,0.979255833343191,0.208734482732106
3,"sex × age × party_dpp","男性 | 30至39歲 | 0-4 冷淡",104.0239149613,4.02778499930758,738,8.43043180260452,2.79972051346798,4.40687821008171,-0.30489822223647,0.0941195249595762
3,"sex × age × party_dpp","男性 | 30至39歲 | 5 中間",61.1087924564898,2.36612011452961,225,2.57025359835504,2.47066566930935,2.28890221166768,0.0441843819076456,-0.0326348195037804
3,"sex × age × party_dpp","男性 | 30至39歲 | 6-10 溫暖",57.8119432669348,2.23846677908642,322,3.67831848297921,3.11844726464073,1.93343468152942,0.39311750961676,-0.136268315619808
3,"sex × age × party_dpp","男性 | 40至49歲 | 0-4 冷淡",130.404450913311,5.04923402879983,738,8.43043180260452,4.03292963705092,5.15288408672245,-0.201278923882733,0.0205278775615128
3,"sex × age × party_dpp","男性 | 40至49歲 | 5 中間",65.0749069053807,2.51968726578251,261,2.98149417409184,3.09484236778728,2.67308246261242,0.228264479411955,0.0608786649490314
3,"sex × age × party_dpp","男性 | 40至49歲 | 6-10 溫暖",78.4121413015617,3.0361022906657,379,4.32944939456249,3.87185202221358,2.78016954977846,0.275270610650155,-0.0842964816021147
3,"sex × age × party_dpp","男性 | 50至59歲 | 0-4 冷淡",103.482790658751,4.0068327754908,270,3.08430431802605,4.72658392986502,4.2194358123766,0.17963094411547,0.0530601222457462
3,"sex × age × party_dpp","男性 | 50至59歲 | 5 中間",51.5179414333201,1.99476429797447,66,0.753941055517478,1.78433578395137,1.91296760384369,-0.105490415201823,-0.0410056938625963
3,"sex × age × party_dpp","男性 | 50至59歲 | 6-10 溫暖",72.9984533803702,2.82648538662955,113,1.29083847384053,2.62676819882122,2.69588337548185,-0.0706591970201125,-0.0462065049992825
3,"sex × age × party_dpp","男性 | 60歲及以上 | 0-4 冷淡",128.3349602711,4.96910376867644,155,1.77061914553347,6.51967268632655,4.19377827985774,0.312041967693324,-0.156029240867557
3,"sex × age × party_dpp","男性 | 60歲及以上 | 5 中間",64.1086602261843,2.48227438931515,44,0.502627370344985,2.56109935567339,2.82177423758493,0.0317551382303034,0.136769669675178
3,"sex × age × party_dpp","男性 | 60歲及以上 | 6-10 溫暖",176.636128322872,6.83931525033754,108,1.23372172721042,5.87946286205181,7.2869354535716,-0.140343346249225,0.065448102163732
3,"sex × age × party_dpp","女性 | 20至29歲 | 0-4 冷淡",48.6369241715952,1.88321189087809,548,6.25999543066027,1.86632581194774,1.54516337585969,-0.00896663780222687,-0.179506361793828
3,"sex × age × party_dpp","女性 | 20至29歲 | 5 中間",59.038519380863,2.2859595587422,279,3.18711446196025,2.87186977536206,2.65329607890804,0.25630821611833,0.160692484152238
3,"sex × age × party_dpp","女性 | 20至29歲 | 6-10 溫暖",43.4805923475618,1.68355976299942,254,2.90153072880969,2.24474456987339,1.66422637636478,0.333332275579079,-0.0114836354844892
3,"sex × age × party_dpp","女性 | 30至39歲 | 0-4 冷淡",76.1136249224336,2.94710420021737,747,8.53324194653873,2.24046904296761,2.56113897172624,-0.239772708816213,-0.130964228703776
3,"sex × age × party_dpp","女性 | 30至39歲 | 5 中間",66.8960264738078,2.59020064804066,326,3.7240118802833,2.88751672701119,2.67805634139652,0.114784960460662,0.0339184894507349
3,"sex × age × party_dpp","女性 | 30至39歲 | 6-10 溫暖",64.0904717409447,2.4815701348364,366,4.1809458533242,3.13442765862117,2.7828364596165,0.263082439065463,0.121401495186818
3,"sex × age × party_dpp","女性 | 40至49歲 | 0-4 冷淡",90.8335687961091,3.51705745709197,645,7.36806031528444,3.18227714059138,3.42332401627498,-0.0951876165188965,-0.0266510973905135
3,"sex × age × party_dpp","女性 | 40至49歲 | 5 中間",72.7001883811631,2.81493662603856,281,3.20996116061229,2.82203820734982,2.66680986713463,0.00252282102750152,-0.0526217029306236
3,"sex × age × party_dpp","女性 | 40至49歲 | 6-10 溫暖",99.7583919551536,3.8626248091268,352,4.02101896275988,3.79570310251237,4.1033724949824,-0.0173254483470167,0.062327483965503
3,"sex × age × party_dpp","女性 | 50至59歲 | 0-4 冷淡",99.6398843386032,3.85803621812421,233,2.66164039296322,4.23846207081218,3.69444790195873,0.0986060864075897,-0.0424019648641408
3,"sex × age × party_dpp","女性 | 50至59歲 | 5 中間",59.1978391936794,2.29212838974989,89,1.01667809001599,2.42520724186219,2.39388573681672,0.0580590741371262,0.0443942614741288
3,"sex × age × party_dpp","女性 | 50至59歲 | 6-10 溫暖",88.3257557400138,3.41995544153943,98,1.11948823395019,2.5968452841964,3.48158207903082,-0.240678620354343,0.0180197194217367
3,"sex × age × party_dpp","女性 | 60歲及以上 | 0-4 冷淡",138.113993331673,5.34774595575199,167,1.90769933744574,7.64751420656672,6.34730003334916,0.430044409334949,0.186911286711751
3,"sex × age × party_dpp","女性 | 60歲及以上 | 5 中間",101.647599468423,3.93577454287173,56,0.639707562257254,3.07940374046348,3.52755866357408,-0.217586346240096,-0.103719325091165
3,"sex × age × party_dpp","女性 | 60歲及以上 | 6-10 溫暖",165.80296410538,6.41985731754886,77,0.879597898103724,4.30691837341978,5.81672455656424,-0.329125530306306,-0.0939480008902912
3,"sex × age × party_tpp","男性 | 20至29歲 | 0-4 冷淡",65.998755959171,2.55545851474834,341,3.89536212017364,3.17732736070631,3.06674820582981,0.243349223776859,0.200077476558771
3,"sex × age × party_tpp","男性 | 20至29歲 | 5 中間",76.3203703152306,2.95510934011326,189,2.15901302261823,2.32886051908261,2.46449722474348,-0.211920693603388,-0.166021645531053
3,"sex × age × party_tpp","男性 | 20至29歲 | 6-10 溫暖",72.1475310320361,2.7935378449852,287,3.27850125656843,1.6677088754944,2.76290565076063,-0.403011891001163,-0.0109653764954569
3,"sex × age × party_tpp","男性 | 30至39歲 | 0-4 冷淡",86.4301009011278,3.34655606864744,574,6.55700251313685,3.85973778915675,3.23083853250352,0.153346219212374,-0.0345780957408793
3,"sex × age × party_tpp","男性 | 30至39歲 | 5 中間",75.235711460942,2.91311156811732,268,3.061457619374,2.71769154724691,2.59122999347224,-0.0670829167716035,-0.110494077249884
3,"sex × age × party_tpp","男性 | 30至39歲 | 6-10 溫暖",61.2788383226547,2.37270425615885,443,5.06054375142792,1.8114041110144,2.80714657730305,-0.236565574359922,0.183100072424325
3,"sex × age × party_tpp","男性 | 40至49歲 | 0-4 冷淡",132.787609905399,5.14150946414438,633,7.23098012337217,5.23398777790412,4.67850983810119,0.0179866077082339,-0.0900513028852798
3,"sex × age × party_tpp","男性 | 40至49歲 | 5 中間",69.9554156022066,2.70865957782612,326,3.7240118802833,3.75488601596823,3.17877439694247,0.386252464764057,0.173559949343521
3,"sex × age × party_tpp","男性 | 40至49歲 | 6-10 溫暖",71.1484736126472,2.75485454327752,419,4.78638336760338,2.01075023317943,2.74885186406968,-0.270106569478913,-0.00217894597102903
3,"sex × age × party_tpp","男性 | 50至59歲 | 0-4 冷淡",123.68245304634,4.78895962762934,247,2.82156728352753,5.14403935433744,4.65825566284262,0.0741454834280725,-0.0272927681479369
3,"sex × age × party_tpp","男性 | 50至59歲 | 5 中間",65.0465488433502,2.51858924734224,95,1.08521818597213,2.22176243099625,2.84522202093359,-0.117854396725953,0.129688782692943
3,"sex × age × party_tpp","男性 | 50至59歲 | 6-10 溫暖",39.2701835827509,1.52053358512323,107,1.2222983778844,1.77188612730392,1.32480910792592,0.165305485284842,-0.128720916862512
3,"sex × age × party_tpp","男性 | 60歲及以上 | 0-4 冷淡",243.174752935039,9.4156773704053,175,1.99908613205392,8.41732579032284,9.6138115564051,-0.106030776205269,0.0210430092499307
3,"sex × age × party_tpp","男性 | 60歲及以上 | 5 中間",83.1681297202201,3.22025320266204,67,0.7653644048435,3.62513716952075,3.23653697587988,0.125730475642105,0.00505667479947984
3,"sex × age × party_tpp","男性 | 60歲及以上 | 6-10 溫暖",42.7368661648979,1.65476283526179,65,0.742517706191455,2.91777194420817,1.45213943872929,0.763256874056261,-0.122448602430957
3,"sex × age × party_tpp","女性 | 20至29歲 | 0-4 冷淡",61.0172028058005,2.36257378173417,530,6.05437514279187,2.74552850781804,2.14517993986097,0.162092176356403,-0.0920156837233775
3,"sex × age × party_tpp","女性 | 20至29歲 | 5 中間",51.9286337353207,2.01066622104614,295,3.3698880511766,2.87322227779528,2.43371698436265,0.428990176350776,0.210403277723738
3,"sex × age × party_tpp","女性 | 20至29歲 | 6-10 溫暖",38.2101993588988,1.4794912098394,256,2.92437742746173,1.36418937156988,1.28378890690888,-0.0779334392138995,-0.132276759489339
3,"sex × age × party_tpp","女性 | 30至39歲 | 0-4 冷淡",83.0294799120101,3.2148847100623,729,8.32762165867032,3.76323778495434,3.36095387758523,0.170566948536519,0.0454352739511138
3,"sex × age × party_tpp","女性 | 30至39歲 | 5 中間",77.4656748985677,2.99945530250201,364,4.15809915467215,3.03172506903836,3.29964564371456,0.0107585422291283,0.100081618473245
3,"sex × age × party_tpp","女性 | 30至39歲 | 6-10 溫暖",46.6049683266082,1.80453497053012,346,3.95247886680375,1.46745057460728,1.36143225143946,-0.186798483502825,-0.2455495328863
3,"sex × age × party_tpp","女性 | 40至49歲 | 0-4 冷淡",113.866510639285,4.40888831810488,672,7.67649074708705,4.62494114505352,4.88472449681221,0.0490039237468158,0.10792656660259
3,"sex × age × party_tpp","女性 | 40至49歲 | 5 中間",93.5008953721853,3.62033580395453,291,3.32419465387252,3.04628328096714,3.14240550983839,-0.158563336130406,-0.132012697163091
3,"sex × age × party_tpp","女性 | 40至49歲 | 6-10 溫暖",55.924743120955,2.16539477019792,315,3.59835503769705,2.1287940244329,2.16637637174142,-0.0169025741951333,0.000453312974153527
3,"sex × age × party_tpp","女性 | 50至59歲 | 0-4 冷淡",133.598318673383,5.17289994407111,250,2.8558373315056,5.4410391880722,5.29319537294515,0.0518353818748047,0.0232549305369639
3,"sex × age × party_tpp","女性 | 50至59歲 | 5 中間",79.3725526206771,3.07328922316807,87,0.993831391363948,2.16770217673656,2.72427106776322,-0.294663788752687,-0.113565021077018
3,"sex × age × party_tpp","女性 | 50至59歲 | 6-10 溫暖",34.192607978236,1.32393088217435,83,0.948137994059858,1.65177323206201,1.5524492770979,0.247627995012267,0.172605985705417
3,"sex × age × party_tpp","女性 | 60歲及以上 | 0-4 冷淡",266.728639055799,10.3276790887399,172,1.96481608407585,8.32792218996162,9.80286940540125,-0.193630813040905,-0.0508158395346356
3,"sex × age × party_tpp","女性 | 60歲及以上 | 5 中間",96.9614133924608,3.75432636350119,75,0.856751199451679,4.00652536288086,3.85749603258248,0.067175566256438,0.0274802079233938
3,"sex × age × party_tpp","女性 | 60歲及以上 | 6-10 溫暖",41.8745044572165,1.62137236393153,53,0.605437514279187,2.69938876760751,2.03121781550376,0.664878980089432,0.252776882528347
3,"sex × edu × arear","男性 | 高中職及以下 | 北北基宜蘭區",142.390734879896,5.5133405256185,162,1.85058259081563,6.75845710096415,5.82809764559598,0.225837052792231,0.0570900923886193
3,"sex × edu × arear","男性 | 高中職及以下 | 桃竹苗區",107.572756860401,4.16519544162202,50,0.57116746630112,2.25022856129349,3.56587503400721,-0.459754387799579,-0.143887703713952
3,"sex × edu × arear","男性 | 高中職及以下 | 中彰投區",106.057737919798,4.10653421391399,137,1.56499885766507,5.45630171875311,4.87610590192494,0.328687753353122,0.187401747537727
3,"sex × edu × arear","男性 | 高中職及以下 | 雲嘉南區",86.4742237121669,3.3482644949886,63,0.719671007539411,2.80700048093281,3.43696418198681,-0.161655094711276,0.0264912425917883
3,"sex × edu × arear","男性 | 高中職及以下 | 高屏區",94.9594083882445,3.67680913366495,56,0.639707562257254,2.66152883054198,3.52122488625261,-0.276130815120926,-0.0423150187448685
3,"sex × edu × arear","男性 | 高中職及以下 | 花東區",17.4038251027286,0.673872596560336,5,0.057116746630112,0.199285259983401,0.244153789316631,-0.704268639204773,-0.637685534976684
3,"sex × edu × arear","男性 | 專科及以上 | 北北基宜蘭區",253.504552625544,9.81564513026846,1593,18.1973954763537,9.59019811134046,9.62093266190849,-0.0229681305646219,-0.0198369506818796
3,"sex × edu × arear","男性 | 專科及以上 | 桃竹苗區",124.685814544233,4.82780958238828,616,7.03678318482979,5.95304171885095,5.4132663155241,0.233073015258822,0.121267569307529
3,"sex × edu × arear","男性 | 專科及以上 | 中彰投區",151.953463655904,5.88360745443752,625,7.13959332876399,5.1325544120064,5.11386139546447,-0.127651793265824,-0.130828928499045
3,"sex × edu × arear","男性 | 專科及以上 | 雲嘉南區",108.809793481701,4.21309325001272,378,4.31802604523646,4.22755825481597,4.10812823343472,0.00343334551239796,-0.0249140026933139
3,"sex × edu × arear","男性 | 專科及以上 | 高屏區",96.6985025583757,3.74414650905063,508,5.80306145761937,4.81805428491116,3.89255883262918,0.286823117969501,0.0396384925696133
3,"sex × edu × arear","男性 | 專科及以上 | 花東區",17.8709276750228,0.691958713916376,43,0.491204021018963,0.806068312048623,1.03910816839732,0.164908101939211,0.501690993261915
3,"sex × edu × arear","女性 | 高中職及以下 | 北北基宜蘭區",175.773442178775,6.80591221689471,217,2.47886680374686,8.83310943777243,6.98113135273099,0.297858267381924,0.0257451360306009
3,"sex × edu × arear","女性 | 高中職及以下 | 桃竹苗區",103.423660578171,4.00454327070089,95,1.08521818597213,3.79566743996509,4.48332670779483,-0.0521597137591291,0.119560060843127
3,"sex × edu × arear","女性 | 高中職及以下 | 中彰投區",115.240961454883,4.46210677637392,116,1.3251085218186,4.41445675269951,3.67244020766415,-0.0106788174426269,-0.176971688102784
3,"sex × edu × arear","女性 | 高中職及以下 | 雲嘉南區",95.9489690992048,3.71512472473834,81,0.925291295407814,3.60705187082783,3.56245334126287,-0.0290899665335256,-0.0410945512700703
3,"sex × edu × arear","女性 | 高中職及以下 | 高屏區",114.174524891399,4.4208145678014,93,1.06237148732008,4.09347650112872,4.49852088211406,-0.0740447403193118,0.0175773747396303
3,"sex × edu × arear","女性 | 高中職及以下 | 花東區",15.6818371205859,0.607197569322202,11,0.125656842586246,0.623151577337397,0.829421601548837,0.0262748219381124,0.36598307281549
3,"sex × edu × arear","女性 | 專科及以上 | 北北基宜蘭區",261.890065546337,10.1403304986901,1584,18.0945853324195,7.0934637213947,9.84506671123622,-0.300470164921052,-0.0291177676597429
3,"sex × edu × arear","女性 | 專科及以上 | 桃竹苗區",94.969437527125,3.67719745989891,612,6.9910897875257,4.67580803450057,3.21227769728398,0.271568384752749,-0.12643317844229
3,"sex × edu × arear","女性 | 專科及以上 | 中彰投區",113.702755648819,4.40254775791343,681,7.77930089102125,3.85148331917984,5.19238869758533,-0.125169440295809,0.179405422292623
3,"sex × edu × arear","女性 | 專科及以上 | 雲嘉南區",79.940442091544,3.09527778890195,466,5.32328078592643,3.730149652065,3.26421450195723,0.205109817748627,0.0545788535235832
3,"sex × edu × arear","女性 | 專科及以上 | 高屏區",91.7997519129215,3.55446787243665,511,5.83733150559744,3.82317846637177,3.4839334819578,0.0755979807888691,-0.019843867777176
3,"sex × edu × arear","女性 | 專科及以上 | 花東區",11.7304962976393,0.454202449885128,51,0.582590815627142,0.798726180314618,0.314547770421257,0.758524597383001,-0.307472316583038
3,"sex × edu × party_kmt","男性 | 高中職及以下 | 0-4 冷淡",235.182036389346,9.10620099837647,259,2.9586474754398,9.86092600988726,8.90902061802954,0.082880337436583,-0.0216534184103871
3,"sex × edu × party_kmt","男性 | 高中職及以下 | 5 中間",183.647725554393,7.1108028804735,119,1.35937856979666,5.62810710854087,7.17692203485844,-0.208513130915802,0.00929840912430641
3,"sex × edu × party_kmt","男性 | 高中職及以下 | 6-10 溫暖",136.028924919495,5.26701252751843,95,1.08521818597213,4.64376883404082,5.38647878619621,-0.11832963947235,0.0226819773170471
3,"sex × edu × party_kmt","男性 | 專科及以上 | 0-4 冷淡",375.436811501245,14.536837592732,2406,27.4845784784099,13.1361041555171,14.7231094177842,-0.0963575074894708,0.0128137790536609
3,"sex × edu × party_kmt","男性 | 專科及以上 | 5 中間",183.770202573073,7.11554516592565,701,8.0077678775417,9.00403124702683,7.05461729969846,0.265402866128179,-0.00856264204729678
3,"sex × edu × party_kmt","男性 | 專科及以上 | 6-10 溫暖",194.316040466461,7.52387788141631,656,7.49371715787069,8.38733969142962,7.41012888987558,0.114762868778881,-0.0151183994920615
3,"sex × edu × party_kmt","女性 | 高中職及以下 | 0-4 冷淡",217.204856980495,8.41012823876375,311,3.55266164039296,11.8011438558202,8.81289273618904,0.403206172460802,0.0478904109415219
3,"sex × edu × party_kmt","女性 | 高中職及以下 | 5 中間",207.73125587542,8.04331231538072,153,1.74777244688143,6.86901313649091,7.87375779178584,-0.145996964042323,-0.0210801864886745
3,"sex × edu × party_kmt","女性 | 高中職及以下 | 6-10 溫暖",195.307282467104,7.56225857168699,149,1.70207904957734,6.69675658741989,7.34064356514085,-0.114450197128611,-0.0293053992329573
3,"sex × edu × party_kmt","女性 | 專科及以上 | 0-4 冷淡",281.193530450093,10.8877567650725,2369,27.061914553347,8.14274957372017,10.4959008229419,-0.252118710087117,-0.0359905121491765
3,"sex × edu × party_kmt","女性 | 專科及以上 | 5 中間",220.307478392606,8.53026111385194,887,10.1325108521819,9.29876998357321,8.69462434928908,0.0900920686323794,0.0192682537197174
3,"sex × edu × party_kmt","女性 | 專科及以上 | 6-10 溫暖",152.531940181687,5.90600594880169,649,7.41375371258853,6.53128981653313,6.1219036882108,0.105872542823684,0.0365556251180074
3,"sex × edu × party_dpp","男性 | 高中職及以下 | 0-4 冷淡",204.236648928725,7.90800183948091,231,2.63879369431117,8.37896260353109,7.0778731037484,0.0595549638973131,-0.104973260323243
3,"sex × edu × party_dpp","男性 | 高中職及以下 | 5 中間",153.7058643902,5.95146005730293,110,1.25656842586246,5.0716876011914,6.22727297861883,-0.147824642632354,0.0463437406384764
3,"sex × edu × party_dpp","男性 | 高中職及以下 | 6-10 溫暖",196.916173544309,7.62455450958454,132,1.50788211103496,6.68215174774646,8.16727535671694,-0.123601026217784,0.0711806632702499
3,"sex × edu × party_dpp","男性 | 專科及以上 | 0-4 冷淡",377.209073907897,14.6054592355437,2149,24.5487777016221,12.5126059206715,15.4173693941709,-0.143292537476606,0.0555894987985969
3,"sex × edu × party_dpp","男性 | 專科及以上 | 5 中間",154.858862377208,5.99610390672959,627,7.16244002741604,6.70884043623548,5.71968406302683,0.118866607482563,-0.0460999088745812
3,"sex × edu × party_dpp","男性 | 專科及以上 | 6-10 溫暖",221.455118255674,8.57469749780067,987,11.2748457847841,11.3060287370666,8.0508021501605,0.318533830489816,-0.0610978227248883
3,"sex × edu × party_dpp","女性 | 高中職及以下 | 0-4 冷淡",195.905208458874,7.58541014545006,304,3.47269819511081,11.4602289516605,8.52082044479177,0.510825219982947,0.123317036443019
3,"sex × edu × party_dpp","女性 | 高中職及以下 | 5 中間",180.134713553638,6.97477976459388,137,1.56499885766507,6.0880437402135,6.65944998912933,-0.127134627086252,-0.0452099974633273
3,"sex × edu × party_dpp","女性 | 高中職及以下 | 6-10 溫暖",244.203473310507,9.45550921578751,172,1.96481608407585,7.818640887857,8.84702365919464,-0.173112657454502,-0.0643524894013015
3,"sex × edu × party_dpp","女性 | 專科及以上 | 0-4 冷淡",257.43278710154,9.9677455766136,2036,23.2579392277816,7.71481932122517,9.05055385437704,-0.226021645323118,-0.0920159644110979
3,"sex × edu × party_dpp","女性 | 專科及以上 | 5 中間",179.345459344298,6.94422000084916,894,10.212474297464,7.99799195183524,7.26015669870066,0.151748065420914,0.0454963549272437
3,"sex × edu × party_dpp","女性 | 專科及以上 | 6-10 溫暖",217.254702578547,8.41205825026341,975,11.1377655928718,8.25999810076609,9.0017183073641,-0.0180764498976872,0.0700970011806835
3,"sex × edu × party_tpp","男性 | 高中職及以下 | 0-4 冷淡",305.916525222607,11.8450261345222,245,2.79872058487549,10.4933704924385,12.1625202425901,-0.114111663978886,0.0268040023265583
3,"sex × edu × party_tpp","男性 | 高中職及以下 | 5 中間",156.235119547263,6.04939230667875,127,1.45076536440484,5.72327317310298,6.47000436093065,-0.0539094039604151,0.069529637512106
3,"sex × edu × party_tpp","男性 | 高中職及以下 | 6-10 溫暖",92.7070420933646,3.58959796516741,101,1.15375828192826,3.91615828692747,2.83989683556344,0.0909740658783845,-0.208853787214861
3,"sex × edu × party_tpp","男性 | 專科及以上 | 0-4 冷淡",346.157147524471,13.4031349110526,1725,19.7052775873886,15.3390475799889,13.0856435530921,0.144437303793754,-0.0236878431850012
3,"sex × edu × party_tpp","男性 | 專科及以上 | 5 中間",213.491056394686,8.26633062938224,818,9.34429974868631,8.92506450971177,7.84625625104101,0.079688789362973,-0.0508175147081695
3,"sex × edu × party_tpp","男性 | 專科及以上 | 6-10 溫暖",193.874850621622,7.50679509963917,1220,13.9364861777473,6.26336300427286,8.25595580322511,-0.165640873217131,0.0997976757913574
3,"sex × edu × party_tpp","女性 | 高中職及以下 | 0-4 冷淡",354.715346563522,13.7345066511318,329,3.75828192826137,13.4713061001059,13.3307804802802,-0.0191634514228586,-0.0293950253261063
3,"sex × edu × party_tpp","女性 | 高中職及以下 | 5 中間",184.292730329598,7.13577733523244,140,1.59926890564313,6.40815144774259,6.73347571993582,-0.101968692870677,-0.0563781066023861
3,"sex × edu × party_tpp","女性 | 高中職及以下 | 6-10 溫暖",81.2353184298989,3.1454151394672,144,1.64496230294722,5.48745603188246,3.9630378928997,0.74458880261255,0.259941126108715
3,"sex × edu × party_tpp","女性 | 專科及以上 | 0-4 冷淡",303.524804522756,11.7524191915805,2024,23.1208590358693,11.4313627157538,12.1561426123246,-0.0273183308553827,0.0343523673009647
3,"sex × edu × party_tpp","女性 | 專科及以上 | 5 中間",214.936439689614,8.3222955789395,972,11.1034955448938,8.7173067196756,8.72405951832549,0.047464204676378,0.0482756152524427
3,"sex × edu × party_tpp","女性 | 專科及以上 | 6-10 溫暖",135.571704812016,5.24930905720613,909,10.3838245373544,3.82413993839712,4.43222672979171,-0.27149651568954,-0.155655214526328
3,"sex × arear × party_kmt","男性 | 北北基宜蘭區 | 0-4 冷淡",192.865763602874,7.46772345386789,1136,12.9769248343614,7.02532268115362,7.38339051634931,-0.059241718771084,-0.0112929915039773
3,"sex × arear × party_kmt","男性 | 北北基宜蘭區 | 5 中間",93.6536669301905,3.62625108785711,321,3.66689513365319,5.08276573642682,3.52575618839062,0.401658520957637,-0.0277131663063838
3,"sex × arear × party_kmt","男性 | 北北基宜蘭區 | 6-10 溫暖",109.375856972375,4.23501111416195,298,3.40415809915467,4.24056679472417,4.53988360276454,0.00131184556839575,0.0719885923281493
3,"sex × arear × party_kmt","男性 | 桃竹苗區 | 0-4 冷淡",106.071410453832,4.10706361167319,404,4.61503312771305,3.53636018308253,3.4298595194056,-0.138956559369714,-0.164887656072047
3,"sex × arear × party_kmt","男性 | 桃竹苗區 | 5 中間",61.8912283558757,2.3964158746886,140,1.59926890564313,2.42622643157868,2.87834010398955,0.0124396425532563,0.201102085156055
3,"sex × arear × party_kmt","男性 | 桃竹苗區 | 6-10 溫暖",64.2959325949257,2.48952553764851,122,1.39364861777473,2.24068366548324,2.67094172613615,-0.0999555410868822,0.0728717925340102
3,"sex × arear × party_kmt","男性 | 中彰投區 | 0-4 冷淡",105.91795051536,4.10112167381784,449,5.12908384738405,4.79383409718055,4.37572685580386,0.168908039911396,0.066958555201896
3,"sex × arear × party_kmt","男性 | 中彰投區 | 5 中間",86.8153068176031,3.36147116401374,157,1.79346584418552,2.93823921866279,3.0439704526909,-0.125906760671298,-0.0944529034554417
3,"sex × arear × party_kmt","男性 | 中彰投區 | 6-10 溫暖",65.2779442427384,2.52754883051993,156,1.78204249485949,2.85678281491618,2.57026998889464,0.130258209226573,0.0169022089143666
3,"sex × arear × party_kmt","男性 | 雲嘉南區 | 0-4 冷淡",104.566651665337,4.04879965498468,278,3.17569111263422,3.32495069076962,3.82881565178409,-0.178781126728237,-0.0543331411643818
3,"sex × arear × party_kmt","男性 | 雲嘉南區 | 5 中間",54.0347092660586,2.0922130406719,86,0.982408042037926,1.92972070654453,2.08744283035867,-0.0776652907560481,-0.00227998307079642
3,"sex × arear × party_kmt","男性 | 雲嘉南區 | 6-10 溫暖",36.6826562624718,1.42034504934474,77,0.879597898103724,1.77988733843464,1.62883393327876,0.253137284673028,0.146787489441536
3,"sex × arear × party_kmt","男性 | 高屏區 | 0-4 冷淡",90.6026417270427,3.50811600756985,369,4.21521590130226,3.75839570495898,3.89278026059758,0.0713430504718393,0.10964980981179
3,"sex × arear × party_kmt","男性 | 高屏區 | 5 中間",64.5791303358347,2.50049089703818,105,1.19945167923235,2.0013021395534,2.53966323784491,-0.199636302646039,0.015665860192946
3,"sex × arear × party_kmt","男性 | 高屏區 | 6-10 溫暖",36.4761388837427,1.41234873810755,90,1.02810143934202,1.71988527094077,0.981340220439295,0.217748297240875,-0.305171453791063
3,"sex × arear × party_kmt","男性 | 花東區 | 0-4 冷淡",10.594429926145,0.410214189195028,29,0.331277130454649,0.558166808259089,0.721557231873322,0.360671627069732,0.758976775740619
3,"sex × arear × party_kmt","男性 | 花東區 | 5 中間",6.44388642190416,0.249505982129621,11,0.125656842586246,0.253884122801487,0.156366521282239,0.0175472372826358,-0.373295501985179
3,"sex × arear × party_kmt","男性 | 花東區 | 6-10 溫暖",18.2364364297022,0.706111139152062,8,0.0913867946081791,0.193302640971449,0.405338204558389,-0.726243320274515,-0.425956932154984
3,"sex × arear × party_kmt","女性 | 北北基宜蘭區 | 0-4 冷淡",176.067960413958,6.81731590353862,1089,12.4400274160384,5.89737489247461,6.64655151641001,-0.134941819343667,-0.0250486246412581
3,"sex × arear × party_kmt","女性 | 北北基宜蘭區 | 5 中間",135.722266551029,5.25513877736322,411,4.6949965729952,5.80896370084283,5.43681623312477,0.105387306966133,0.0345713906822277
3,"sex × arear × party_kmt","女性 | 北北基宜蘭區 | 6-10 溫暖",125.873280760124,4.87378803468294,301,3.43842814713274,4.2202345658497,4.74283031443242,-0.134095587289068,-0.0268698021577047
3,"sex × arear × party_kmt","女性 | 桃竹苗區 | 0-4 冷淡",47.3779451995384,1.83446447909321,411,4.6949965729952,3.36535095424814,2.54662142090388,0.834514100764525,0.388209720017415
3,"sex × arear × party_kmt","女性 | 桃竹苗區 | 5 中間",81.6105221510978,3.15994295185045,163,1.86200594014165,2.77517199919071,2.66303814995131,-0.121765157954646,-0.157251193920497
3,"sex × arear × party_kmt","女性 | 桃竹苗區 | 6-10 溫暖",69.4046307546598,2.68733329965614,133,1.51930546036098,2.3309525210268,2.48594483422361,-0.13261502719999,-0.0749398913258351
3,"sex × arear × party_kmt","女性 | 中彰投區 | 0-4 冷淡",84.4281739434023,3.26904186075557,439,5.01485035412383,2.924271166845,2.99996043218527,-0.105465365264817,-0.082312016802411
3,"sex × arear × party_kmt","女性 | 中彰投區 | 5 中間",79.4280197774577,3.07543690028749,206,2.35320996116061,2.93345008691042,3.37903088824994,-0.0461680138401801,0.0987157265148485
3,"sex × arear × party_kmt","女性 | 中彰投區 | 6-10 溫暖",65.087523382842,2.52017577324429,152,1.7363490975554,2.40821881812393,2.48583758481427,-0.044424264493359,-0.0136253148667559
3,"sex × arear × party_kmt","女性 | 雲嘉南區 | 0-4 冷淡",77.7531412595718,3.01058594200051,346,3.95247886680375,3.58955611674138,3.24969422922862,0.1923114589302,0.0794225083869292
3,"sex × arear × party_kmt","女性 | 雲嘉南區 | 5 中間",56.2676312343353,2.17867132876648,118,1.34795522047064,2.13036963404958,2.17546360492391,-0.022170253070822,-0.00147233031445332
3,"sex × arear × party_kmt","女性 | 雲嘉南區 | 6-10 溫暖",41.8686386968416,1.62114524287329,83,0.948137994059858,1.61727577210187,1.40151000906757,-0.00238687482718684,-0.135481527501165
3,"sex × arear × party_kmt","女性 | 高屏區 | 0-4 冷淡",103.878463363387,4.02215314278287,360,4.11240575736806,3.62269411379453,3.63125208844899,-0.0993147239321577,-0.097187014133286
3,"sex × arear × party_kmt","女性 | 高屏區 | 5 中間",69.1228230152495,2.67642176084406,126,1.43934201507882,1.99041894460116,2.59597750294924,-0.256313420507592,-0.030056644685719
3,"sex × arear × party_kmt","女性 | 高屏區 | 6-10 溫暖",32.9729904256849,1.27670753661112,118,1.34795522047064,2.30354190910479,1.75522477267362,0.804283160432566,0.374805679719469
3,"sex × arear × party_kmt","女性 | 花東區 | 0-4 冷淡",8.89270325073134,0.344323675665493,35,0.399817226410784,0.544646185436685,0.234713871954186,0.581785465039597,-0.31833362460324
3,"sex × arear × party_kmt","女性 | 花東區 | 5 中間",5.88747153885593,0.22796171012095,16,0.182773589216358,0.529408754469413,0.318055761875752,1.32235823370742,0.395215721565696
3,"sex × arear × party_kmt","女性 | 花東區 | 6-10 溫暖",12.6321586286379,0.489114633420887,11,0.125656842586246,0.347822817745918,0.591199738140156,-0.288872599633277,0.208714067713088
3,"sex × arear × party_dpp","男性 | 北北基宜蘭區 | 0-4 冷淡",186.692585361107,7.22869923785476,998,11.4005026273703,6.86243489799871,7.33864316069335,-0.0506680839531989,0.0152093646755755
3,"sex × arear × party_dpp","男性 | 北北基宜蘭區 | 5 中間",67.7640718604881,2.62381119027501,305,3.48412154443683,4.07085962166678,3.03493165829911,0.551506311412637,0.15668828212483
3,"sex × arear × party_dpp","男性 | 北北基宜蘭區 | 6-10 溫暖",141.438630283844,5.47647522775718,452,5.16335389536212,5.41536069263912,5.07545548851201,-0.0111594652721716,-0.073225883906609
3,"sex × arear × party_dpp","男性 | 桃竹苗區 | 0-4 冷淡",115.678025394142,4.47902980391948,364,4.15809915467215,3.01150906183878,3.95362543719954,-0.327642549017314,-0.117303163792341
3,"sex × arear × party_dpp","男性 | 桃竹苗區 | 5 中間",50.4738030164965,1.95433546914172,131,1.49645876170893,2.290951697319,2.64357558345321,0.172240760858273,0.352672366231058
3,"sex × arear × party_dpp","男性 | 桃竹苗區 | 6-10 溫暖",66.1067429939945,2.5596397509491,171,1.95339273474983,2.90080952098667,2.38194032887855,0.133288198040783,-0.0694236061948403
3,"sex × arear × party_dpp","男性 | 中彰投區 | 0-4 冷淡",123.787337571229,4.79302073527142,454,5.18620059401417,4.90664569147333,4.96886347400342,0.0237063352064717,0.0366872476553244
3,"sex × arear × party_dpp","男性 | 中彰投區 | 5 中間",70.3100019005218,2.72238908775512,121,1.38222526844871,2.22188307858491,2.31794563819915,-0.183848080871836,-0.148561956619312
3,"sex × arear × party_dpp","男性 | 中彰投區 | 6-10 溫暖",63.9138621039508,2.47473184532498,187,2.13616632396619,3.46032736070128,2.70315818518683,0.398263560247221,0.092303471300688
3,"sex × arear × party_dpp","男性 | 雲嘉南區 | 0-4 冷淡",67.9555474544673,2.63122508664153,245,2.79872058487549,3.21740881112671,3.23266708751704,0.222779771848927,0.228578696641717
3,"sex × arear × party_dpp","男性 | 雲嘉南區 | 5 中間",54.5949881191093,2.11390692481947,68,0.776787754169523,1.19066704163443,1.80603703922045,-0.436745758455703,-0.145640227573083
3,"sex × arear × party_dpp","男性 | 雲嘉南區 | 6-10 溫暖",72.733481620291,2.81622573354031,128,1.46218871373087,2.62648288298765,2.50638828868404,-0.0673748727926497,-0.1100186825105
3,"sex × arear × party_dpp","男性 | 高屏區 | 0-4 冷淡",67.0020858572284,2.59430724596804,287,3.27850125656843,2.28679614757817,2.2864264444217,-0.118533029913008,-0.11867553545357
3,"sex × arear × party_dpp","男性 | 高屏區 | 5 中間",58.397716920541,2.26114781676764,104,1.18802832990633,1.80360885573638,1.96198025274982,-0.202348098447329,-0.132307831358625
3,"sex × arear × party_dpp","男性 | 高屏區 | 6-10 溫暖",66.2581081688507,2.56550057997991,173,1.97623943340187,3.38917811213859,3.16537702171027,0.321059187663536,0.233824325128415
3,"sex × arear × party_dpp","男性 | 花東區 | 0-4 冷淡",20.3301411984476,0.787178965369417,32,0.365547178432716,0.606773914186921,0.71501689408429,-0.229179207167755,-0.0916717474167543
3,"sex × arear × party_dpp","男性 | 花東區 | 5 中間",7.02414495025197,0.271973475273569,8,0.0913867946081791,0.202557742485387,0.182486869723925,-0.25522978929603,-0.329026959190166
3,"sex × arear × party_dpp","男性 | 花東區 | 6-10 溫暖",7.92046662905178,0.306678869833725,8,0.0913867946081791,0.196021915359717,0.385758193905736,-0.360823536796012,0.25785710021328
3,"sex × arear × party_dpp","女性 | 北北基宜蘭區 | 0-4 冷淡",180.239656288309,6.97884312610697,976,11.1491889421979,6.80625281150211,6.65981589654657,-0.0247305049685407,-0.0457134834234859
3,"sex × arear × party_dpp","女性 | 北北基宜蘭區 | 5 中間",118.004688225128,4.56911771930487,406,4.63787982636509,4.78440051033953,4.21685191592684,0.0471169280942512,-0.0770971169969374
3,"sex × arear × party_dpp","女性 | 北北基宜蘭區 | 6-10 溫暖",139.419163211675,5.39828187017295,419,4.78638336760338,4.3359198373255,5.94953025149379,-0.196796324904283,0.102115523897825
3,"sex × arear × party_dpp","女性 | 桃竹苗區 | 0-4 冷淡",71.4713348781588,2.76735566633724,359,4.10098240804204,3.30654350165463,3.29445055606854,0.194838647549425,0.190468791613236
3,"sex × arear × party_dpp","女性 | 桃竹苗區 | 5 中間",75.4122905940962,2.91994867652623,170,1.94196938542381,2.56159828412814,2.22690715899752,-0.122724894200677,-0.237347157194967
3,"sex × arear × party_dpp","女性 | 桃竹苗區 | 6-10 溫暖",51.509472633041,1.99443638773634,178,2.03335618003199,2.60333368868289,2.17424669001274,0.30529793012734,0.0901559475057936
3,"sex × arear × party_dpp","女性 | 中彰投區 | 0-4 冷淡",94.6871097370237,3.66626578482899,415,4.74068997029929,3.29525691810021,3.4892537330349,-0.101195300205462,-0.0482812927874924
3,"sex × arear × party_dpp","女性 | 中彰投區 | 5 中間",62.1164726335684,2.4051372876753,194,2.21612976924834,2.42519520170971,2.8021755655476,0.00833961293486195,0.165079257598666
3,"sex × arear × party_dpp","女性 | 中彰投區 | 6-10 溫暖",72.1401347331099,2.79325146178306,188,2.14758967329221,2.54548795206943,2.57339960666698,-0.0887007536211821,-0.0787082216277585
3,"sex × arear × party_dpp","女性 | 雲嘉南區 | 0-4 冷淡",46.1860726115076,1.78831541295835,276,3.15284441398218,2.40324425483465,1.25599282119093,0.343859275282455,-0.297667060245718
3,"sex × arear × party_dpp","女性 | 雲嘉南區 | 5 中間",48.2417093271577,1.86790925184051,104,1.18802832990633,1.71334798308654,2.12240240574967,-0.0827455983751242,0.136244923921437
3,"sex × arear × party_dpp","女性 | 雲嘉南區 | 6-10 溫暖",81.4616292520834,3.15417784884143,167,1.90769933744574,3.22060928497165,3.44827261627951,0.0210614110281116,0.0932397542345618
3,"sex × arear × party_dpp","女性 | 高屏區 | 0-4 冷淡",52.8758507961663,2.0473422745304,282,3.22138450993831,2.72034775859274,2.34285266853014,0.328721529582402,0.144338539615966
3,"sex × arear × party_dpp","女性 | 高屏區 | 5 中間",49.2551401684566,1.90714908954454,139,1.58784555631711,2.09413352149137,2.20516514209727,0.0980439510324224,0.156262588062215
3,"sex × arear × party_dpp","女性 | 高屏區 | 6-10 溫暖",103.843285839698,4.02079107616311,183,2.0904729266621,3.10217368741637,3.43443655344445,-0.22846682937412,-0.145830636710973
3,"sex × arear × party_dpp","女性 | 花東區 | 0-4 冷淡",7.87797124924945,0.3050334573017,32,0.365547178432716,0.643403028201294,0.529008623797736,1.10928674478132,0.73426426227897
3,"sex × arear × party_dpp","女性 | 花東區 | 5 中間",6.44987194952882,0.249737740551601,18,0.205620287868403,0.507360191293454,0.346104499511085,1.03157196094125,0.385871829971059
3,"sex × arear × party_dpp","女性 | 花東區 | 6-10 溫暖",13.0844902194469,0.506628821354029,12,0.137080191912269,0.271114538157268,0.268856248661273,-0.464865545089441,-0.469323028360841
3,"sex × arear × party_tpp","男性 | 北北基宜蘭區 | 0-4 冷淡",203.371488148779,7.87450298863732,825,9.42426319396847,8.13613466542947,7.5409056784239,0.0332251669939905,-0.0423642369168942
3,"sex × arear × party_tpp","男性 | 北北基宜蘭區 | 5 中間",98.6785984253352,3.82081542151271,372,4.24948594928033,5.11191677358607,3.92546845092231,0.33791251595247,0.0273902342469506
3,"sex × arear × party_tpp","男性 | 北北基宜蘭區 | 6-10 溫暖",93.8452009313254,3.63366724573692,558,6.37422892392049,3.10060377328907,3.98265617815827,-0.146701234977762,0.0960431731416213
3,"sex × arear × party_tpp","男性 | 桃竹苗區 | 0-4 冷淡",114.665947470157,4.43984235090087,281,3.20996116061229,4.00830776259502,4.10207874129086,-0.0971959259360383,-0.076075586229198
3,"sex × arear × party_tpp","男性 | 桃竹苗區 | 5 中間",60.8155815390635,2.35476704696546,148,1.69065570025131,2.19368064377382,2.95167180654162,-0.0684086365992037,0.253487817550944
3,"sex × arear × party_tpp","男性 | 桃竹苗區 | 6-10 溫暖",56.7770423954127,2.19839562614397,237,2.70733379026731,2.0012818737756,1.92539080169882,-0.089662547552511,-0.12418366430432
3,"sex × arear × party_tpp","男性 | 中彰投區 | 0-4 冷淡",109.58784653267,4.24321930716528,350,3.99817226410784,5.32559725475186,4.74645940975237,0.255084139949785,0.118598654973428
3,"sex × arear × party_tpp","男性 | 中彰投區 | 5 中間",90.5966694917346,3.50788476382369,177,2.02193283070596,3.09096007728316,2.97098319821904,-0.118853586879538,-0.153055645140238
3,"sex × arear × party_tpp","男性 | 中彰投區 | 6-10 溫暖",57.8266855512978,2.23903759736254,235,2.68448709161526,2.17229879872449,2.27252468941799,-0.0298069128971569,0.0149560204325755
3,"sex × arear × party_tpp","男性 | 雲嘉南區 | 0-4 冷淡",104.495385546801,4.04604024525371,210,2.3989033584647,3.7585214080186,3.98935553597176,-0.0710617838199678,-0.0140099222563199
3,"sex × arear × party_tpp","男性 | 雲嘉南區 | 5 中間",52.8511368778667,2.04638535660015,98,1.11948823395019,1.90389069837614,2.13136739827631,-0.0696323680016663,0.0415278781203537
3,"sex × arear × party_tpp","男性 | 雲嘉南區 | 6-10 溫暖",37.9374947691996,1.46893214314747,133,1.51930546036098,1.37214662935404,1.42436948117346,-0.065888349060184,-0.0303367736773204
3,"sex × arear × party_tpp","男性 | 高屏區 | 0-4 冷淡",105.091890487655,4.06913679621197,278,3.17569111263422,4.03244748012016,4.16314027223308,-0.00901648627934277,0.0231015767542186
3,"sex × arear × party_tpp","男性 | 高屏區 | 5 中間",58.5068022073945,2.26537157706542,139,1.58784555631711,2.07611621169873,2.09042749256278,-0.0835427473720908,-0.0772253374562356
3,"sex × arear × party_tpp","男性 | 高屏區 | 6-10 溫暖",28.0592182515709,1.08644726943819,147,1.67923235092529,1.37101942363426,1.16021595408594,0.261929098816936,0.0678990013807994
3,"sex × arear × party_tpp","男性 | 花東區 | 0-4 冷淡",14.8611145610159,0.575419357405649,26,0.297007082476582,0.571409501512334,0.706224158010281,-0.00696858011762718,0.227320820756503
3,"sex × arear × party_tpp","男性 | 花東區 | 5 中間",8.27738740055503,0.320498770093554,11,0.125656842586246,0.271773278096822,0.246342265449593,-0.152030199624509,-0.231378437497016
3,"sex × arear × party_tpp","男性 | 花東區 | 6-10 溫暖",12.1362508161805,0.469913182977508,11,0.125656842586246,0.162170792422869,0.330695534254078,-0.6548920134666,-0.296262487979814
3,"sex × arear × party_tpp","女性 | 北北基宜蘭區 | 0-4 冷淡",224.015479809605,8.67383418058716,941,10.7493717157871,8.16655997114822,8.88454441589003,-0.0584832726655371,0.024292628947699
3,"sex × arear × party_tpp","女性 | 北北基宜蘭區 | 5 中間",135.648145919009,5.25226884144604,448,5.11766049805803,5.14389601670967,5.20745773858608,-0.0206335258167271,-0.00853176107558532
3,"sex × arear × party_tpp","女性 | 北北基宜蘭區 | 6-10 溫暖",77.9998819964981,3.02013969355158,412,4.70641992232122,2.61611717130924,2.73419590949109,-0.133776104166635,-0.0946789927204447
3,"sex × arear × party_tpp","女性 | 桃竹苗區 | 0-4 冷淡",83.7373832162255,3.24229458317408,324,3.70116518163125,3.9005962449093,3.6208069429018,0.203035734368953,0.116742125065385
3,"sex × arear × party_tpp","女性 | 桃竹苗區 | 5 中間",74.9033027608735,2.90024077031786,175,1.99908613205392,2.28453526131545,2.26062002700946,-0.212294618882602,-0.220540566788289
3,"sex × arear × party_tpp","女性 | 桃竹苗區 | 6-10 溫暖",39.752412128197,1.53920537710787,208,2.37605665981266,2.28634396824091,1.81417743516754,0.485405393097635,0.178645463528939
3,"sex × arear × party_tpp","女性 | 中彰投區 | 0-4 冷淡",118.884598772513,4.60318767816778,407,4.64930317569111,4.03966091557809,4.11412697013665,-0.122420983455099,-0.106243921000803
3,"sex × arear × party_tpp","女性 | 中彰投區 | 5 中間",64.7633856943742,2.50762522734524,200,2.28466986520448,2.64710816683891,3.03279528972499,0.0556235190062033,0.209429246704355
3,"sex × arear × party_tpp","女性 | 中彰投區 | 6-10 溫暖",45.2957326368146,1.75384162877433,190,2.17043637194425,1.57917098946235,1.71790664538784,-0.0995931653384493,-0.0204892977774764
3,"sex × arear × party_tpp","女性 | 雲嘉南區 | 0-4 冷淡",93.8546966098416,3.6340349164932,309,3.52981494174092,3.82509061776589,3.69410860461872,0.0525739861236803,0.0165308505575638
3,"sex × arear × party_tpp","女性 | 雲嘉南區 | 5 中間",56.2091491113442,2.17640691276369,123,1.40507196710075,2.1415479042371,2.08220999766822,-0.0160167698063073,-0.0432809299322876
3,"sex × arear × party_tpp","女性 | 雲嘉南區 | 6-10 溫暖",25.8255654695629,0.999960684383392,115,1.31368517249257,1.37056300088985,1.05034924093316,0.370616887537912,0.0503905376848292
3,"sex × arear × party_tpp","女性 | 高屏區 | 0-4 冷淡",123.149087121971,4.76830780665035,339,3.87251542152159,4.2172596759763,4.6841314320475,-0.115564714573481,-0.017653301342134
3,"sex × arear × party_tpp","女性 | 高屏區 | 5 中間",58.9131336370786,2.28110464804085,149,1.70207904957734,2.41057694859937,2.44216559550494,0.0567585974934185,0.0706065579246523
3,"sex × arear × party_tpp","女性 | 高屏區 | 6-10 溫暖",23.9120560452711,0.925869985546846,116,1.3251085218186,1.28881834292482,0.85615733651941,0.392007909364944,-0.0752942098952069
3,"sex × arear × party_tpp","女性 | 花東區 | 0-4 冷淡",14.598905556122,0.565266677639772,33,0.376970527758739,0.753501390481903,0.489204727010105,0.333001608423286,-0.134559409989029
3,"sex × arear × party_tpp","女性 | 花東區 | 5 中間",8.79205289653244,0.340426514258251,17,0.194196938542381,0.497793869717692,0.43228658976761,0.462265272733896,0.269838193154579
3,"sex × arear × party_tpp","女性 | 花東區 | 6-10 溫暖",4.0213749655708,0.155706827309307,12,0.137080191912269,0.170582497452421,0.222478055192379,0.0955364026110739,0.428826590567114
3,"sex × party_kmt × party_dpp","男性 | 0-4 冷淡 | 0-4 冷淡",213.77301002172,8.27724781693366,1603,18.3116289696139,9.72624807988597,8.65591071934756,0.175058219229336,0.0457474405489263
3,"sex × party_kmt × party_dpp","男性 | 0-4 冷淡 | 5 中間",65.4658797879827,2.53482565691368,298,3.40415809915467,2.99519345205652,2.80699859393898,0.181617143525116,0.107373434651393
3,"sex × party_kmt × party_dpp","男性 | 0-4 冷淡 | 6-10 溫暖",331.379958080889,12.8309651172611,764,8.72743888508111,10.2755886334619,12.1692207225272,-0.19915699718968,-0.0515740155698561
3,"sex × party_kmt × party_dpp","男性 | 5 中間 | 0-4 冷淡",133.07871170197,5.15278086697454,341,3.89536212017364,4.78419649380735,5.0355038025976,-0.0715311562208162,-0.0227599557218898
3,"sex × party_kmt × party_dpp","男性 | 5 中間 | 5 中間",202.886380581756,7.85571972151811,357,4.07813570938999,7.26916063889796,7.77185554473452,-0.0746664982221137,-0.010675556124269
3,"sex × party_kmt × party_dpp","男性 | 5 中間 | 6-10 溫暖",31.4528358437402,1.2178474579065,122,1.39364861777473,2.57878122286238,1.42417998722477,1.11749115713996,0.169423952054693
3,"sex × party_kmt × party_dpp","男性 | 6-10 溫暖 | 0-4 冷淡",234.594001112932,9.08343239111645,436,4.98058030614576,6.38112395050929,8.80382797597418,-0.297498602317996,-0.0307818017576393
3,"sex × party_kmt × party_dpp","男性 | 6-10 溫暖 | 5 中間",40.2124663976696,1.55701858560073,82,0.936714644733836,1.5161739464724,1.36810290297217,-0.0262325957480909,-0.121331681185856
3,"sex × party_kmt × party_dpp","男性 | 6-10 溫暖 | 6-10 溫暖",55.5384978753539,2.15043943221757,233,2.66164039296322,5.13381062848875,2.62467679712543,1.38733095737306,0.22053044498855
3,"sex × party_kmt × party_dpp","女性 | 0-4 冷淡 | 0-4 冷淡",144.703326951729,5.60288362404843,1655,18.9056431345671,9.87233159621596,5.37298334392456,0.762009040102567,-0.0410324924717517
3,"sex × party_kmt × party_dpp","女性 | 0-4 冷淡 | 5 中間",57.6828986237939,2.23347019654021,341,3.89536212017364,2.53026944198598,1.94793679659313,0.132887040939936,-0.127842941620352
3,"sex × party_kmt × party_dpp","女性 | 0-4 冷淡 | 6-10 溫暖",296.012161855065,11.4615311832476,684,7.81357093899931,7.54129239133841,11.9878734186133,-0.342034474210489,0.0459225060727432
3,"sex × party_kmt × party_dpp","女性 | 5 中間 | 0-4 冷淡",95.161237123529,3.68462390157395,287,3.27850125656843,3.40013241162119,3.77716789057863,-0.0772104555450642,0.0251162646383393
3,"sex × party_kmt × party_dpp","女性 | 5 中間 | 5 中間",252.959021662369,9.79452228144135,567,6.4770390678547,9.35677608169678,9.86108599814276,-0.0446929607352063,0.00679601462825159
3,"sex × party_kmt × party_dpp","女性 | 5 中間 | 6-10 溫暖",79.9184754821277,3.09442724621736,186,2.12474297464016,3.41087462674614,2.93012825235353,0.102263635674616,-0.0530951225512483
3,"sex × party_kmt × party_dpp","女性 | 6-10 溫暖 | 0-4 冷淡",213.473431485157,8.26564819644127,398,4.54649303175691,5.90258426504848,8.42122306466562,-0.285889730028698,0.0188218594025484
3,"sex × party_kmt × party_dpp","女性 | 6-10 溫暖 | 5 中間",48.8382526117727,1.89100728746149,123,1.40507196710075,2.19899016836598,2.1105838930941,0.162867104186535,0.11611621334753
3,"sex × party_kmt × party_dpp","女性 | 6-10 溫暖 | 6-10 溫暖",85.527538551861,3.31160903658592,277,3.1642677633082,5.12647197053856,2.93074029559194,0.548030553698346,-0.115010176861529
3,"sex × party_kmt × party_tpp","男性 | 0-4 冷淡 | 0-4 冷淡",480.487702711951,18.6043869052126,1612,18.4144391135481,17.9200021250996,18.1257096521888,-0.0367862044366105,-0.0257292678045547
3,"sex × party_kmt × party_tpp","男性 | 0-4 冷淡 | 5 中間",64.2339827898052,2.48712685369331,377,4.30660269591044,2.8405052234458,2.47571245794544,0.142082969844391,-0.00458939025604022
3,"sex × party_kmt × party_tpp","男性 | 0-4 冷淡 | 6-10 溫暖",65.8971623888356,2.55152483220259,676,7.72218414439114,2.23652281685896,3.03070792567954,-0.123456378463583,0.187802637634255
3,"sex × party_kmt × party_tpp","男性 | 5 中間 | 0-4 冷淡",92.2368505056002,3.57139224175561,170,1.94196938542381,3.74060907559679,3.86559225608455,0.0473811954516633,0.0823768419747462
3,"sex × party_kmt × party_tpp","男性 | 5 中間 | 5 中間",207.277973720701,8.02576132180478,408,4.66072652501714,8.39990557416456,7.91788692008367,0.0466179141589077,-0.0134410179166475
3,"sex × party_kmt × party_tpp","男性 | 5 中間 | 6-10 溫暖",67.9031039011653,2.62919448283875,242,2.76445053689742,2.49162370580634,2.44806015838868,-0.0523243061440934,-0.0688934674221982
3,"sex × party_kmt × party_tpp","男性 | 6-10 溫暖 | 0-4 冷淡",79.3491195295268,3.07238189860662,188,2.14758967329221,4.17180687173103,3.2568618874089,0.357841248063276,0.0600446151847025
3,"sex × party_kmt × party_tpp","男性 | 6-10 溫暖 | 5 中間",98.214219431443,3.80283476056289,160,1.82773589216358,3.40792688520438,3.92266123394255,-0.103845657311718,0.0315097765020758
3,"sex × party_kmt × party_tpp","男性 | 6-10 溫暖 | 6-10 溫暖",152.781626424986,5.91567374976524,403,4.60360977838702,5.45137476853503,5.61708455472034,-0.0784862385706506,-0.0504742498784261
3,"sex × party_kmt × party_tpp","女性 | 0-4 冷淡 | 0-4 冷淡",402.653709835768,15.5906704049296,1861,21.2588530957277,15.1099553817657,15.8822311585306,-0.0308335055952361,0.018700976034285
3,"sex × party_kmt × party_tpp","女性 | 0-4 冷淡 | 5 中間",60.6049785192303,2.34661254052905,383,4.37514279186658,3.01125879325555,2.45745809642283,0.283236470123294,0.0472364116271139
3,"sex × party_kmt × party_tpp","女性 | 0-4 冷淡 | 6-10 溫暖",35.1396990755896,1.36060205837761,436,4.98058030614576,1.82267925451907,0.969104304177494,0.339612301257604,-0.287738616731876
3,"sex × party_kmt × party_tpp","女性 | 5 中間 | 0-4 冷淡",141.295692270209,5.47094069670856,250,2.8558373315056,4.71253108951486,5.21023806912712,-0.138625082821675,-0.0476522488606548
3,"sex × party_kmt × party_tpp","女性 | 5 中間 | 5 中間",225.648015783349,8.73704564410806,542,6.19145533470414,8.83925732188447,8.82560306921031,0.0116986544353617,0.0101358546938533
3,"sex × party_kmt × party_tpp","女性 | 5 中間 | 6-10 溫暖",61.0950262144682,2.36558708841603,248,2.83299063285355,2.61599470866479,2.5325410027375,0.105854323214295,0.0705761014418018
3,"sex × party_kmt × party_tpp","女性 | 6-10 溫暖 | 0-4 冷淡",114.290748980301,4.42531474107416,242,2.76445053689742,5.08018234457911,4.39445386494706,0.147982153094491,-0.00697371326849511
3,"sex × party_kmt × party_tpp","女性 | 6-10 溫暖 | 5 中間",112.976175716632,4.37441472953483,187,2.13616632396619,3.27494205227817,4.17447407262817,-0.251341664024978,-0.0457068360612255
3,"sex × party_kmt × party_tpp","女性 | 6-10 溫暖 | 6-10 溫暖",120.572297951857,4.66853504987969,369,4.21521590130226,4.87292200709573,4.89361931577643,0.0437796771433279,0.0482130397419935
3,"sex × party_dpp × party_tpp","男性 | 0-4 冷淡 | 0-4 冷淡",228.162731160002,8.83441491612,1168,13.3424720127942,12.1186786354657,8.27159550596796,0.371757920646558,-0.0637076043513719
3,"sex × party_dpp × party_tpp","男性 | 0-4 冷淡 | 5 中間",161.495115329811,6.25305828211574,423,4.83207676490747,5.18225053359283,6.51829670137436,-0.171245445062539,0.0424173911855616
3,"sex × party_dpp × party_tpp","男性 | 0-4 冷淡 | 6-10 溫暖",191.787876346809,7.42598787678891,789,9.01302261823167,3.59063935514409,7.70535029057703,-0.516476539590484,0.0376195623293855
3,"sex × party_dpp × party_tpp","男性 | 5 中間 | 0-4 冷淡",96.4148017064308,3.73316166930317,220,2.51313685172493,3.66781559253181,4.0508200020866,-0.0175042182900033,0.0850909660289992
3,"sex × party_dpp × party_tpp","男性 | 5 中間 | 5 中間",164.890002183804,6.38450761614576,363,4.14667580534613,6.77540960663437,6.28784004278188,0.0612266464370814,-0.0151409598321123
3,"sex × party_dpp × party_tpp","男性 | 5 中間 | 6-10 溫暖",47.2599228771743,1.8298946785836,154,1.75919579620745,1.3373028382607,1.60829699677719,-0.269191361714971,-0.121098598952121
3,"sex × party_dpp × party_tpp","男性 | 6-10 溫暖 | 0-4 冷淡",327.496139880644,12.6805844601516,582,6.64838930774503,10.0459238444299,12.9257482876277,-0.207771228842098,0.019333795555438
3,"sex × party_dpp × party_tpp","男性 | 6-10 溫暖 | 5 中間",43.341058428335,1.67815703779949,159,1.81631254283756,2.69067754258755,1.51012386781542,0.603352655312723,-0.100129586325487
3,"sex × party_dpp × party_tpp","男性 | 6-10 溫暖 | 6-10 溫暖",47.5340934910038,1.84051050943408,378,4.31802604523646,5.25157909779554,1.78220535143434,1.85332741697319,-0.031678796562623
3,"sex × party_dpp × party_tpp","女性 | 0-4 冷淡 | 0-4 冷淡",220.640113575103,8.54314068100532,1511,17.2606808316198,13.5356559989214,9.34600057000741,0.584388751670254,0.0939771354564194
3,"sex × party_dpp × party_tpp","女性 | 0-4 冷淡 | 5 中間",122.876884560425,4.7577681783872,363,4.14667580534613,3.3451018295472,4.39599728236273,-0.296917860617344,-0.0760379409967621
3,"sex × party_dpp × party_tpp","女性 | 0-4 冷淡 | 6-10 溫暖",109.820997424887,4.25224686267112,466,5.32328078592643,2.29429044441704,3.82937644679869,-0.460452198916824,-0.0994463467266349
3,"sex × party_dpp × party_tpp","女性 | 5 中間 | 0-4 冷淡",110.893831989045,4.29378680053889,327,3.73543522960932,4.0164699053898,3.90121569475568,-0.0645856229084971,-0.0914277126507399
3,"sex × party_dpp × party_tpp","女性 | 5 中間 | 5 中間",204.722646489504,7.92681956697881,529,6.04295179346584,8.43889925505042,8.06942067050751,0.0646009012498291,0.0179896996927677
3,"sex × party_dpp × party_tpp","女性 | 5 中間 | 6-10 溫暖",43.8636944193872,1.69839339792535,175,1.99908613205392,1.63066653160852,1.9489703225668,-0.0398770193051625,0.147537622877913
3,"sex × party_dpp × party_tpp","女性 | 6-10 溫暖 | 0-4 冷淡",326.706205522131,12.6499983611681,515,5.88302490290153,7.3505429115485,12.2397068278417,-0.418929338828014,-0.0324341175083372
3,"sex × party_dpp × party_tpp","女性 | 6-10 溫暖 | 5 中間",71.6296389692827,2.77348516880593,220,2.51313685172493,3.34145708282057,2.99211728539107,0.204786353430968,0.0788293801041896
3,"sex × party_dpp × party_tpp","女性 | 6-10 溫暖 | 6-10 溫暖",63.1223313976406,2.44408393607686,412,4.70641992232122,5.38663899425403,2.61691785332594,1.20395008319576,0.070715213458053
3,"age × edu × arear","20至29歲 | 高中職及以下 | 北北基宜蘭區",8.65877552489113,0.335266041318508,36,0.411240575736806,1.1053389260195,0.628564784725444,2.29690093775234,0.874823892850806
3,"age × edu × arear","20至29歲 | 高中職及以下 | 桃竹苗區",16.5375606298396,0.640331010948669,19,0.217043637194425,0.665734190934006,0.791157434694865,0.0396719502116594,0.235544462422244
3,"age × edu × arear","20至29歲 | 高中職及以下 | 中彰投區",14.5072461097918,0.561717642371191,48,0.548320767649075,1.55476173681961,1.07018323038262,1.76787058041557,0.90519782477373
3,"age × edu × arear","20至29歲 | 高中職及以下 | 雲嘉南區",10.5703657132218,0.409282427725866,17,0.194196938542381,0.590526206965332,0.580644966323223,0.442833034016457,0.418690192856591
3,"age × edu × arear","20至29歲 | 高中職及以下 | 高屏區",25.4421252459768,0.985113956289514,9,0.102810143934202,0.309605326635975,0.209577712801214,-0.685716231447861,-0.787255361206535
3,"age × edu × arear","20至29歲 | 高中職及以下 | 花東區",6.39714639088579,0.247696217558917,1,0.0114233493260224,0.051927551862135,0.0900120414163328,-0.790357913520486,-0.63660308460333
3,"age × edu × arear","20至29歲 | 專科及以上 | 北北基宜蘭區",76.8973255796273,2.9774489315435,723,8.25908156271419,2.54169195304242,2.83251426216155,-0.146352460955622,-0.0486774660839656
3,"age × edu × arear","20至29歲 | 專科及以上 | 桃竹苗區",47.7103746783064,1.84733608143972,307,3.50696824308887,2.54007952577936,1.8647795027945,0.374995893437943,0.00944247315365929
3,"age × edu × arear","20至29歲 | 專科及以上 | 中彰投區",59.5324094575995,2.30508288286557,318,3.63262508567512,1.57605027963015,1.80248179715611,-0.316271752592741,-0.218040353102035
3,"age × edu × arear","20至29歲 | 專科及以上 | 雲嘉南區",55.183777507611,2.13670473114739,164,1.87342928946767,1.05858794520192,1.77297091311755,-0.504569850119878,-0.17023120355732
3,"age × edu × arear","20至29歲 | 專科及以上 | 高屏區",37.3686470384292,1.44690647378346,229,2.61594699565913,1.75813159972343,2.14842685234425,0.21509691993164,0.484841550764792
3,"age × edu × arear","20至29歲 | 專科及以上 | 花東區",6.81693933027743,0.263950515474218,27,0.308430431802605,0.404401669852671,0.365523414548767,0.532111688155324,0.384817960639562
3,"age × edu × arear","30至39歲 | 高中職及以下 | 北北基宜蘭區",18.3278974342413,0.70965249079453,63,0.719671007539411,1.71806417540448,0.541012948653769,1.4209936520915,-0.237636793118208
3,"age × edu × arear","30至39歲 | 高中職及以下 | 桃竹苗區",19.2045244139208,0.743595310578376,28,0.319853781128627,0.986800300263375,0.858341018270405,0.327066330603714,0.154312037824416
3,"age × edu × arear","30至39歲 | 高中職及以下 | 中彰投區",6.82586825297543,0.264296241559574,41,0.468357322366918,1.2895674193145,0.599271068886364,3.8792499344862,1.26742183449205
3,"age × edu × arear","30至39歲 | 高中職及以下 | 雲嘉南區",11.9203550649589,0.461553743049604,20,0.228466986520448,0.657252745095572,0.42384936868831,0.424000465802606,-0.0816901063615494
3,"age × edu × arear","30至39歲 | 高中職及以下 | 高屏區",14.5344237486226,0.562769955063326,23,0.262737034498515,0.776713153849152,0.478146057477778,0.380161017589775,-0.150370318856176
3,"age × edu × arear","30至39歲 | 高中職及以下 | 花東區",5.23035634667457,0.202518342460063,2,0.0228466986520448,0.082445906668748,0.0726740844665276,-0.592896595600932,-0.641148137083637
3,"age × edu × arear","30至39歲 | 專科及以上 | 北北基宜蘭區",148.281987764719,5.74144864869237,1053,12.0287868403016,2.77386714560833,5.74874455396167,-0.5168698153836,0.0012707429284341
3,"age × edu × arear","30至39歲 | 專科及以上 | 桃竹苗區",43.7138369115554,1.69259094545754,410,4.68357322366918,2.69294692439338,1.60436685384564,0.591020518939044,-0.0521236934704574
3,"age × edu × arear","30至39歲 | 專科及以上 | 中彰投區",76.6951152366161,2.96961938786031,446,5.09481379940599,1.82007732637517,2.64570923887169,-0.387100806987061,-0.109074634383369
3,"age × edu × arear","30至39歲 | 專科及以上 | 雲嘉南區",42.7583592096571,1.6555950416184,276,3.15284441398218,1.59946577133264,1.74094317217026,-0.0339027774756368,0.0515513325459306
3,"age × edu × arear","30至39歲 | 專科及以上 | 高屏區",40.5933087106582,1.57176472312043,339,3.87251542152159,1.94186303490876,1.69541943984689,0.235466737702049,0.0786725359766093
3,"age × edu × arear","30至39歲 | 專科及以上 | 花東區",1.95874072731095,0.0758420457635244,23,0.262737034498515,0.312182972803932,0.242769070878764,3.11622563264339,2.2009826269154
3,"age × edu × arear","40至49歲 | 高中職及以下 | 北北基宜蘭區",32.3466695319469,1.25245651797287,87,0.993831391363948,2.45436945640602,1.10302481436867,0.959644443687739,-0.119310891404085
3,"age × edu × arear","40至49歲 | 高中職及以下 | 桃竹苗區",33.0524626517986,1.27978468517183,51,0.582590815627142,1.70067245801389,1.65525363625056,0.328873893959398,0.293384469613588
3,"age × edu × arear","40至49歲 | 高中職及以下 | 中彰投區",43.8656949110503,1.69847085655892,78,0.891021247429746,2.3282489107075,1.32438541598637,0.370791204168496,-0.220248371720925
3,"age × edu × arear","40至49歲 | 高中職及以下 | 雲嘉南區",35.1260859675586,1.36007496158125,41,0.468357322366918,1.37794646802225,1.2392428534564,0.013140089293479,-0.088842241448491
3,"age × edu × arear","40至49歲 | 高中職及以下 | 高屏區",23.6243930903274,0.914731733970662,41,0.468357322366918,1.33497148032586,1.12459879106349,0.45941310522925,0.229430169850825
3,"age × edu × arear","40至49歲 | 高中職及以下 | 花東區",3.8299218342917,0.148293800694001,6,0.0685400959561343,0.243146383450971,0.224723705293215,0.639626082230474,0.515395142895589
3,"age × edu × arear","40至49歲 | 專科及以上 | 北北基宜蘭區",136.912155010256,5.30121101843109,959,10.9549920036555,2.62370931311069,5.23086009731508,-0.505073594695881,-0.0132707264191932
3,"age × edu × arear","40至49歲 | 專科及以上 | 桃竹苗區",59.4462098313015,2.30174525072705,404,4.61503312771305,2.85405607502471,1.9458040667103,0.239953063495277,-0.154639695207068
3,"age × edu × arear","40至49歲 | 專科及以上 | 中彰投區",68.6761839919735,2.65912798797725,368,4.20379255197624,1.58660158302256,3.03412536360817,-0.403337639182437,0.141022687635343
3,"age × edu × arear","40至49歲 | 專科及以上 | 雲嘉南區",47.4510791760983,1.83729621191001,271,3.09572766735207,1.89430477593641,2.0061177329239,0.0310285100773933,0.0918858483022686
3,"age × edu × arear","40至49歲 | 專科及以上 | 高屏區",47.7827470045002,1.85013832330802,320,3.65547178432716,1.95083498398119,1.67995558603372,0.0544265579522369,-0.0919837912281146
3,"age × edu × arear","40至49歲 | 專科及以上 | 花東區",5.07004525157627,0.196311129202422,30,0.342700479780672,0.450780589503276,0.23155041449547,1.29625590426136,0.179507323075462
3,"age × edu × arear","50至59歲 | 高中職及以下 | 北北基宜蘭區",82.9861029192583,3.21320516165475,73,0.833904500799634,2.88596947626548,2.93544345597055,-0.101840893726421,-0.0864438128629043
3,"age × edu × arear","50至59歲 | 高中職及以下 | 桃竹苗區",48.6306248898234,1.88296798395884,19,0.217043637194425,0.882356587721931,1.57104380104019,-0.531401173445964,-0.165655595621357
3,"age × edu × arear","50至59歲 | 高中職及以下 | 中彰投區",45.8418480222318,1.77498710631277,35,0.399817226410784,1.46097612821001,1.60251304741351,-0.176908878372118,-0.097169189728677
3,"age × edu × arear","50至59歲 | 高中職及以下 | 雲嘉南區",26.3957654189892,1.02203871138093,26,0.297007082476582,1.1209508573201,1.2263161573023,0.0967792558517942,0.199872513288036
3,"age × edu × arear","50至59歲 | 高中職及以下 | 高屏區",43.444709188723,1.68217037432901,32,0.365547178432716,1.42551405405318,2.06940487661876,-0.15257450980743,0.23019933545329
3,"age × edu × arear","50至59歲 | 高中職及以下 | 花東區",5.33481537159641,0.206562974829254,4,0.0456933973040896,0.223211267310593,0.294880684483821,0.0805966920988645,0.427558277215798
3,"age × edu × arear","50至59歲 | 專科及以上 | 北北基宜蘭區",79.561354661373,3.08059960009088,299,3.41558144848069,3.86088773415099,3.25094653670118,0.253290993752349,0.0552966820502302
3,"age × edu × arear","50至59歲 | 專科及以上 | 桃竹苗區",37.9339999407861,1.46879682409641,76,0.868174548777702,1.30061605833595,1.72304266236587,-0.11450240292011,0.173098031054001
3,"age × edu × arear","50至59歲 | 專科及以上 | 中彰投區",30.9767494653192,1.19941348938981,115,1.31368517249257,1.82378785670154,1.38067018415518,0.520566404192576,0.15112110741524
3,"age × edu × arear","50至59歲 | 專科及以上 | 雲嘉南區",27.956979442884,1.08248860339366,87,0.993831391363948,1.59829931059031,0.941889354403514,0.47650451522497,-0.129885200222305
3,"age × edu × arear","50至59歲 | 專科及以上 | 高屏區",37.576077474873,1.45493813843114,92,1.05094813799406,1.51409866720851,1.07610305291419,0.0406618860381,-0.260378826776411
3,"age × edu × arear","50至59歲 | 專科及以上 | 花東區",8.52363794888028,0.330033541640893,11,0.125656842586246,0.301534511639778,0.325948696139354,-0.0863519200485498,-0.0123770616805467
3,"age × edu × arear","60歲及以上 | 高中職及以下 | 北北基宜蘭區",175.844731648333,6.80867253077255,120,1.37080191912269,7.4278245046411,7.60118299460853,0.0909357838947631,0.116397206688108
3,"age × edu × arear","60歲及以上 | 高中職及以下 | 桃竹苗區",93.5712448531891,3.6230597216652,28,0.319853781128627,1.81033246432537,3.17340585154601,-0.500330493174061,-0.12410887610556
3,"age × edu × arear","60歲及以上 | 高中職及以下 | 中彰投區",110.258042078632,4.26916914348546,51,0.582590815627142,3.23720427640101,3.95219334692023,-0.241724989664365,-0.0742476547336903
3,"age × edu × arear","60歲及以上 | 高中職及以下 | 雲嘉南區",98.4106206466432,3.81043937598929,40,0.456933973040896,2.66737607435738,3.52936417747945,-0.299982020140431,-0.0737645113266939
3,"age × edu × arear","60歲及以上 | 高中職及以下 | 高屏區",102.088282005994,3.95283768181384,44,0.502627370344985,2.90820131680653,4.13801833040543,-0.264275047218219,0.0468475215776173
3,"age × edu × arear","60歲及以上 | 高中職及以下 | 花東區",12.293422279866,0.475998830340302,3,0.0342700479780672,0.221705728028351,0.391284875205572,-0.534230519285418,-0.177970931302849
3,"age × edu × arear","60歲及以上 | 專科及以上 | 北北基宜蘭區",73.7417951559049,2.85526743020069,143,1.6335389536212,4.88350568682273,2.40293392300524,0.710349662931392,-0.158420714785256
3,"age × edu × arear","60歲及以上 | 專科及以上 | 桃竹苗區",30.8508307094084,1.19453794056647,31,0.354123829106694,1.24115116981813,1.48755092709176,0.0390219746637391,0.245293997431622
3,"age × edu × arear","60歲及以上 | 專科及以上 | 中彰投區",29.7757611532144,1.15291146425801,59,0.673977610235321,2.17752068545683,1.44326350925866,0.888714574330516,0.251842447579026
3,"age × edu × arear","60歲及以上 | 專科及以上 | 雲嘉南區",15.4000402369943,0.596286450845222,46,0.52547406899703,1.80705010381969,0.91042156277673,2.03050673255822,0.526819134471744
3,"age × edu × arear","60歲及以上 | 專科及以上 | 高屏區",25.1774742428365,0.974866722844235,39,0.445510623714873,1.47630446546103,0.776587383447937,0.514365431567728,-0.2033912274878
3,"age × edu × arear","60歲及以上 | 專科及以上 | 花東區",7.23206071461717,0.280023931720448,3,0.0342700479780672,0.135894748563584,0.187864342756221,-0.514703090808504,-0.329113259706071
3,"age × edu × party_kmt","20至29歲 | 高中職及以下 | 0-4 冷淡",15.714341823725,0.60845614486956,73,0.833904500799634,2.16705205797281,1.11892827723347,2.56155834113135,0.83896290088967
3,"age × edu × party_kmt","20至29歲 | 高中職及以下 | 5 中間",40.665963352042,1.57457789617592,35,0.399817226410784,1.2947701589613,1.52809547968835,-0.17770333109221,-0.029520556969877
3,"age × edu × party_kmt","20至29歲 | 高中職及以下 | 6-10 溫暖",25.7329144388399,0.996373255167184,22,0.251313685172493,0.816071722302462,0.723116413421877,-0.180957820705924,-0.274251481890144
3,"age × edu × party_kmt","20至29歲 | 專科及以上 | 0-4 冷淡",135.923389225947,5.26292620675729,1180,13.4795522047064,3.91041202008661,4.62294487052345,-0.256989008307607,-0.121601806883049
3,"age × edu × party_kmt","20至29歲 | 專科及以上 | 5 中間",98.8353984694919,3.82688668758629,347,3.96390221612977,3.72075754535479,3.89770074806031,-0.0277325018730667,0.0185043525599368
3,"age × edu × party_kmt","20至29歲 | 專科及以上 | 6-10 溫暖",48.7506858964116,1.88761672191028,241,2.7530271875714,2.24777340778854,2.26605112353895,0.190799690264337,0.200482649489193
3,"age × edu × party_kmt","30至39歲 | 高中職及以下 | 0-4 冷淡",24.1171028414572,0.933809356124675,101,1.15375828192826,2.74525955933189,0.935292501553148,1.93985013249895,0.00158827432895727
3,"age × edu × party_kmt","30至39歲 | 高中職及以下 | 5 中間",41.0365578132504,1.58892723894231,40,0.456933973040896,1.45537005784302,1.37865227527873,-0.0840549383420484,-0.132337692066729
3,"age × edu × party_kmt","30至39歲 | 高中職及以下 | 6-10 溫暖",10.889764606686,0.421649488438483,36,0.411240575736806,1.31021408342092,0.659349769611276,2.10735366541793,0.563739047930738
3,"age × edu × party_kmt","30至39歲 | 專科及以上 | 0-4 冷淡",188.635001696246,7.30390920644702,1699,19.408270504912,4.14218019314091,7.24089607202543,-0.432881751941182,-0.00862731622758567
3,"age × edu × party_kmt","30至39歲 | 專科及以上 | 5 中間",106.458656916374,4.1220577165715,509,5.8144848069454,4.48485175797019,4.35396549483437,0.0880128485198506,0.0562601967775826
3,"age × edu × party_kmt","30至39歲 | 專科及以上 | 6-10 溫暖",58.9076899478967,2.28089386949406,339,3.87251542152159,2.51337122431112,2.08309076271511,0.101923793091094,-0.0867217494967563
3,"age × edu × party_kmt","40至49歲 | 高中職及以下 | 0-4 冷淡",60.0003604201323,2.32320184972047,160,1.82773589216358,4.37983593342852,2.1419396716954,0.885258456537259,-0.0780225696044808
3,"age × edu × party_kmt","40至49歲 | 高中職及以下 | 5 中間",66.8409330229282,2.58806744073833,83,0.948137994059858,2.94231094526924,2.9002102027465,0.136875685291206,0.12060843434556
3,"age × edu × party_kmt","40至49歲 | 高中職及以下 | 6-10 溫暖",45.003934543913,1.74254326549073,61,0.696824308887366,2.11720827822872,1.62907934197681,0.215010450619995,-0.0651139778052895
3,"age × edu × party_kmt","40至49歲 | 專科及以上 | 0-4 冷淡",190.178628284993,7.3636781165193,1393,15.9127256111492,3.59879169010547,7.48668667089817,-0.511277973702826,0.0167047706910111
3,"age × edu × party_kmt","40至49歲 | 專科及以上 | 5 中間",89.7083986570514,3.47349109632338,498,5.68882796435915,4.42889945392074,3.19529770480298,0.275057091296026,-0.0800904288526517
3,"age × edu × party_kmt","40至49歲 | 專科及以上 | 6-10 溫暖",85.4513933236606,3.30866070871316,461,5.26616403929632,3.33259617655264,3.4464288853855,0.00723418626045428,0.0416386534616655
3,"age × edu × party_kmt","50至59歲 | 高中職及以下 | 0-4 冷淡",87.3806069656323,3.38335947168977,90,1.02810143934202,3.50842865895662,3.4157045001241,0.0369659766611749,0.00956003306919598
3,"age × edu × party_kmt","50至59歲 | 高中職及以下 | 5 中間",77.7620051751082,3.01092915102169,43,0.491204021018963,2.00263903586998,2.81246041773531,-0.334876732257073,-0.0659161087264502
3,"age × edu × party_kmt","50至59歲 | 高中職及以下 | 6-10 溫暖",87.4912536698816,3.38764368975409,56,0.639707562257254,2.48791067605469,3.47143710496972,-0.265592575872319,0.0247350143313673
3,"age × edu × party_kmt","50至59歲 | 專科及以上 | 0-4 冷淡",77.4790068497824,2.99997151296317,339,3.87251542152159,4.12034732953617,3.01732175682801,0.373462151801026,0.00578346953958558
3,"age × edu × party_kmt","50至59歲 | 專科及以上 | 5 中間",64.780402743849,2.50828412406752,174,1.9876627827279,3.23098017321211,2.69503383858366,0.288123678737255,0.0744531740739543
3,"age × edu × party_kmt","50至59歲 | 專科及以上 | 6-10 溫暖",80.2693893404842,3.10801456001211,167,1.90769933744574,3.0478966358788,2.9862448912676,-0.0193428708175294,-0.0391792465554075
3,"age × edu × party_kmt","60歲及以上 | 高中職及以下 | 0-4 冷淡",265.174481318894,10.2675024147357,146,1.66780900159927,8.8614936560176,10.1100484036125,-0.136937757784236,-0.0153351813092643
3,"age × edu × party_kmt","60歲及以上 | 高中職及以下 | 5 中間",165.073522066484,6.39161346897596,71,0.81105780214759,4.80203004708823,6.43126145119539,-0.248698302799967,0.00620312576970894
3,"age × edu × party_kmt","60歲及以上 | 高中職及以下 | 6-10 溫暖",162.218340127278,6.28106140035494,69,0.788211103495545,4.60912066145391,6.24413972135738,-0.26618761262333,-0.00587825474775382
3,"age × edu × party_kmt","60歲及以上 | 專科及以上 | 0-4 冷淡",64.4143158943686,2.49410931511778,164,1.87342928946767,5.50712249636813,2.85116087045109,1.20805177342761,0.14315794146194
3,"age × edu × party_kmt","60歲及以上 | 專科及以上 | 5 中間",44.2948241789128,1.7150866552289,60,0.685400959561343,2.43731230014221,1.60724386270623,0.421101547674813,-0.0628789176301292
3,"age × edu × party_kmt","60歲及以上 | 專科及以上 | 6-10 溫暖",73.4688221396943,2.84469797008839,97,1.10806488462417,3.77699206343166,2.75021691517923,0.327730431541838,-0.0332130355850159
3,"age × edu × party_dpp","20至29歲 | 高中職及以下 | 0-4 冷淡",41.6876114280631,1.61413590355048,69,0.788211103495545,2.05075116761833,1.32446924972112,0.27049473536117,-0.179456174162413
3,"age × edu × party_dpp","20至29歲 | 高中職及以下 | 5 中間",32.1852359709825,1.24620584306336,32,0.365547178432716,1.16943027264684,1.28851133577345,-0.0616074550154491,0.0339474356869482
3,"age × edu × party_dpp","20至29歲 | 高中職及以下 | 6-10 溫暖",8.24037221556127,0.319065549598826,29,0.331277130454649,1.05771249897139,0.757159584849129,2.31503197478166,1.37305339232373
3,"age × edu × party_dpp","20至29歲 | 專科及以上 | 0-4 冷淡",122.148918775692,4.72958149007763,958,10.9435686543295,2.62823640182157,4.74296023501941,-0.444298315329707,0.00282873758912015
3,"age × edu × party_dpp","20至29歲 | 專科及以上 | 5 中間",93.6077091559143,3.62447161210964,388,4.43225953849669,3.57202436342071,3.61501526907154,-0.0144703157595995,-0.00260902665274087
3,"age × edu × party_dpp","20至29歲 | 專科及以上 | 6-10 溫暖",67.7528456602445,2.62337651406659,422,4.82065341558145,3.67868220798767,2.42872123803177,0.402270008998902,-0.0742002815802755
3,"age × edu × party_dpp","30至39歲 | 高中職及以下 | 0-4 冷淡",27.2406290451214,1.05475166052404,90,1.02810143934202,2.4252925244524,0.807287872500744,1.2993967350072,-0.234618059667567
3,"age × edu × party_dpp","30至39歲 | 高中職及以下 | 5 中間",37.4459073142467,1.44989797607498,42,0.47978067169294,1.49138794500288,1.36048939082746,0.0286157851190425,-0.0616654321358234
3,"age × edu × party_dpp","30至39歲 | 高中職及以下 | 6-10 溫暖",11.3568889020255,0.439736446906453,45,0.514050719671008,1.59416323114055,0.805517283114949,2.62526973225779,0.831818328414133
3,"age × edu × party_dpp","30至39歲 | 專科及以上 | 0-4 冷淡",152.896910838612,5.92013753900091,1395,15.9355723098012,2.6148970319832,6.16072930930722,-0.558304682153637,0.0406395575645541
3,"age × edu × party_dpp","30至39歲 | 專科及以上 | 5 中間",90.5589116160509,3.5064227864953,509,5.8144848069454,3.86679445131767,3.60646916223673,0.102774732759071,0.0285323196411892
3,"age × edu × party_dpp","30至39歲 | 專科及以上 | 6-10 溫暖",110.545526105854,4.28030046701638,643,7.3452136166324,4.65871169212135,3.91075385803097,0.0884076311980854,-0.0863366045989305
3,"age × edu × party_dpp","40至49歲 | 高中職及以下 | 0-4 冷淡",62.2436300465929,2.41006079705217,163,1.86200594014165,4.5188417371938,2.36932023090075,0.874990764847489,-0.0169043727864658
3,"age × edu × party_dpp","40至49歲 | 高中職及以下 | 5 中間",60.8189498729281,2.3548974681731,66,0.753941055517478,2.29260871217997,2.23223729074103,-0.0264507295264368,-0.0520872688046298
3,"age × edu × party_dpp","40至49歲 | 高中職及以下 | 6-10 溫暖",48.7826480674525,1.88885429072425,75,0.856751199451679,2.62790470755273,2.06967169477693,0.391269152129832,0.0957286143990172
3,"age × edu × party_dpp","40至49歲 | 專科及以上 | 0-4 冷淡",158.994389662827,6.15623068883964,1220,13.9364861777473,2.6963650404485,6.20688787209669,-0.562010396176897,0.00822860380279199
3,"age × edu × party_dpp","40至49歲 | 專科及以上 | 5 中間",76.9561454136157,2.97972642364796,476,5.43751427918666,3.62427186295713,3.10765503900602,0.216310274055318,0.0429330069843927
3,"age × edu × party_dpp","40至49歲 | 專科及以上 | 6-10 溫暖",129.387885189263,5.00987280906825,656,7.49371715787069,5.03965041717322,4.81387034998394,0.00594378524961196,-0.0391232405600256
3,"age × edu × party_dpp","50至59歲 | 高中職及以下 | 0-4 冷淡",101.343933428858,3.92401665508783,93,1.06237148732008,3.63433703711061,3.69756423314663,-0.073822219281771,-0.0577093427082125
3,"age × edu × party_dpp","50至59歲 | 高中職及以下 | 5 中間",63.9621052204512,2.47659980906228,46,0.52547406899703,2.1330798444311,2.87295068364335,-0.138706287295262,0.160038320737469
3,"age × edu × party_dpp","50至59歲 | 高中職及以下 | 6-10 溫暖",87.3278271613128,3.38131584831544,50,0.57116746630112,2.23156148933958,3.12908710603916,-0.340031635775362,-0.0745948481570983
3,"age × edu × party_dpp","50至59歲 | 專科及以上 | 0-4 冷淡",101.778741568496,3.94085233852718,410,4.68357322366918,5.33070896356659,4.2163194811887,0.352679193648458,0.0699003969188221
3,"age × edu × party_dpp","50至59歲 | 專科及以上 | 5 中間",46.7536754065483,1.81029287866208,109,1.24514507653644,2.07646318138246,1.43390265701707,0.147031624472334,-0.207916755394401
3,"age × edu × party_dpp","50至59歲 | 專科及以上 | 6-10 溫暖",73.9963819590712,2.86512497985354,161,1.8391592414896,2.99205199367803,3.04837834847351,0.0443006900979862,0.0639599912424534
3,"age × edu × party_dpp","60歲及以上 | 高中職及以下 | 0-4 冷淡",167.626053438964,6.49044696871646,120,1.37080191912269,7.20996908881642,7.40005196227093,0.110858639407734,0.140145200775649
3,"age × edu × party_dpp","60歲及以上 | 高中職及以下 | 5 中間",139.428379565229,5.3986387255231,61,0.696824308887366,4.07322456714412,5.13253426676287,-0.245508956195352,-0.0492910291444695
3,"age × edu × party_dpp","60歲及以上 | 高中職及以下 | 6-10 溫暖",285.411910508464,11.0510915898271,105,1.19945167923235,6.9894507085992,10.2528633471314,-0.367533003252526,-0.0722307146047416
3,"age × edu × party_dpp","60歲及以上 | 專科及以上 | 0-4 冷淡",98.8229001638102,3.82640275571197,202,2.30751656385652,6.95721780407685,3.14102635093597,0.818213671755088,-0.179117685338502
3,"age × edu × party_dpp","60歲及以上 | 專科及以上 | 5 中間",26.3278801293774,1.01941020666378,39,0.445510623714873,1.56727852899276,1.21679863439615,0.537436567485409,0.193630028855954
3,"age × edu × party_dpp","60歲及以上 | 專科及以上 | 6-10 溫暖",57.027181919788,2.20808097805932,80,0.913867946081791,3.19693052687239,2.85079666300443,0.447832103368856,0.291074327133594
3,"age × edu × party_tpp","20至29歲 | 高中職及以下 | 0-4 冷淡",14.5106858638208,0.561850828953184,59,0.673977610235321,1.89456232802031,1.31045423479906,2.37200237214241,1.33238818431689
3,"age × edu × party_tpp","20至29歲 | 高中職及以下 | 5 中間",34.1902364687376,1.32383905780505,36,0.411240575736806,1.29144714347726,1.34020989934585,-0.0244681663808129,0.0123661871465994
3,"age × edu × party_tpp","20至29歲 | 高中職及以下 | 6-10 溫暖",33.4122972820486,1.29371740945443,35,0.399817226410784,1.09188446773899,0.719476036198795,-0.156010068536182,-0.443869247688177
3,"age × edu × party_tpp","20至29歲 | 專科及以上 | 0-4 冷淡",112.505272901151,4.35618146752932,812,9.27575965273018,4.02829354050403,3.90147391089172,-0.0752695748488323,-0.104382142944907
3,"age × edu × party_tpp","20至29歲 | 專科及以上 | 5 中間",94.0587675818137,3.64193650335435,448,5.11766049805803,3.91063565340062,3.55800430976028,0.0737791968088367,-0.0230460343053119
3,"age × edu × party_tpp","20至29歲 | 專科及以上 | 6-10 溫暖",76.9454331088863,2.97931164537017,508,5.80306145761937,1.94001377932529,3.32721852147071,-0.348838251835769,0.11677424771631
3,"age × edu × party_tpp","30至39歲 | 高中職及以下 | 0-4 冷淡",26.9097121901599,1.04193862666612,89,1.01667809001599,2.7179240312864,1.3713137433415,1.60852603188626,0.316117579525076
3,"age × edu × party_tpp","30至39歲 | 高中職及以下 | 5 中間",31.2462609067702,1.20984891802583,44,0.502627370344985,1.53718339873773,1.29815655475405,0.270558146422133,0.0729906316503628
3,"age × edu × party_tpp","30至39歲 | 高中職及以下 | 6-10 溫暖",17.8874521644634,0.692598538813513,44,0.502627370344985,1.25573627057169,0.303824248347605,0.813079583914353,-0.561327043992781
3,"age × edu × party_tpp","30至39歲 | 專科及以上 | 0-4 冷淡",142.549868622978,5.51950215204362,1214,13.8679460817912,4.90505154282468,5.22047866674725,-0.111323556417391,-0.0541758073571269
3,"age × edu × party_tpp","30至39歲 | 專科及以上 | 5 中間",121.45512545274,4.7027179525935,588,6.71692940370117,4.21223321754754,4.59271908243275,-0.104298139924691,-0.0233904884940166
3,"age × edu × party_tpp","30至39歲 | 專科及以上 | 6-10 溫暖",89.9963544847996,3.48464068787547,745,8.51039524788668,2.02311841504999,3.8647545803949,-0.41941835722424,0.109082664919229
3,"age × edu × party_tpp","40至49歲 | 高中職及以下 | 0-4 冷淡",72.4021805569583,2.80339782321178,158,1.80488919351154,4.79269499138219,3.08466124204261,0.709602166235302,0.100329470366998
3,"age × edu × party_tpp","40至49歲 | 高中職及以下 | 5 中間",64.8550135104732,2.51117303789765,73,0.833904500799634,2.54125332423951,2.47057640523515,0.0119785796868241,-0.016166401936397
3,"age × edu × party_tpp","40至49歲 | 高中職及以下 | 6-10 溫暖",34.588033919542,1.33924169484009,73,0.833904500799634,2.10540684130479,1.11599156914094,0.572088779356723,-0.166698906223803
3,"age × edu × party_tpp","40至49歲 | 專科及以上 | 0-4 冷淡",174.251939987727,6.74699995903749,1147,13.1025816769477,5.06623393157544,6.47857309287078,-0.249113092880738,-0.03978462543299
3,"age × edu × party_tpp","40至49歲 | 專科及以上 | 5 中間",98.6012974639186,3.817822343883,544,6.21430203335618,4.25991597269586,3.8506035015457,0.115797328684294,0.00858634968052514
3,"age × edu × party_tpp","40至49歲 | 專科及以上 | 6-10 溫暖",92.4851828140603,3.58100761863535,661,7.5508339045008,2.03413741630754,3.79923666667016,-0.431965068791809,0.0609406824211015
3,"age × edu × party_tpp","50至59歲 | 高中職及以下 | 0-4 冷淡",146.958422958365,5.6902004864344,114,1.30226182316655,4.80390445924479,5.82829641862227,-0.155758312787496,0.0242690802401591
3,"age × edu × party_tpp","50至59歲 | 高中職及以下 | 5 中間",75.8208632795487,2.93576852847282,37,0.422663925062828,1.67508482164851,2.28652079676875,-0.429422038760024,-0.221150858934305
3,"age × edu × party_tpp","50至59歲 | 高中職及以下 | 6-10 溫暖",29.8545795727087,1.15596329755832,38,0.434087274388851,1.51998908998799,1.5847848074381,0.314911202802531,0.370964641165994
3,"age × edu × party_tpp","50至59歲 | 專科及以上 | 0-4 冷淡",110.322348761359,4.27165908526605,383,4.37514279186658,5.78117408316484,4.12315461716551,0.353379089428147,-0.0347650561845568
3,"age × edu × party_tpp","50至59歲 | 專科及以上 | 5 中間",68.5982381844786,2.65610994203749,145,1.65638565227325,2.71437978608431,3.28297229192805,0.0219380392071094,0.236007681748933
3,"age × edu × party_tpp","50至59歲 | 專科及以上 | 6-10 溫暖",43.6082119882782,1.68850116973926,152,1.7363490975554,1.90367026937794,1.29247357758572,0.127432011001749,-0.234543866033978
3,"age × edu × party_tpp","60歲及以上 | 高中職及以下 | 0-4 冷淡",399.850870216825,15.4821450203885,154,1.75919579620745,9.75559078261071,13.8985750840649,-0.369881190896771,-0.102283626347529
3,"age × edu × party_tpp","60歲及以上 | 高中職及以下 | 5 中間",134.415475711331,5.20454009970984,77,0.879597898103724,5.08645593274256,5.80801642476266,-0.0226886842458682,0.115951902279793
3,"age × edu × party_tpp","60歲及以上 | 高中職及以下 | 6-10 溫暖",58.1999975845008,2.25349216396826,55,0.628284212931231,3.43059764920646,3.0788580673377,0.522347272406485,0.366260826891907
3,"age × edu × party_tpp","60歲及以上 | 專科及以上 | 0-4 冷淡",110.052521774012,4.26121143875662,193,2.20470641992232,6.98965719767373,5.51810587774149,0.64029814012544,0.2949617631158
3,"age × edu × party_tpp","60歲及以上 | 專科及以上 | 5 中間",45.7140674013498,1.77003946645339,65,0.742517706191455,2.54520659965904,1.28601658369971,0.437937767997251,-0.273453158490027
3,"age × edu × party_tpp","60歲及以上 | 專科及以上 | 6-10 溫暖",26.4113730376137,1.02264303522506,63,0.719671007539411,2.18656306260922,0.404499186895348,1.13814888215419,-0.604457104813384
3,"age × arear × party_kmt","20至29歲 | 北北基宜蘭區 | 0-4 冷淡",36.6742842110279,1.42002088520198,516,5.89444825222755,1.40432584145339,1.4096989427332,-0.0110526851486109,-0.00726886665988044
3,"age × arear × party_kmt","20至29歲 | 北北基宜蘭區 | 5 中間",29.3967911657656,1.13823782280544,143,1.6335389536212,1.41555387128194,1.00309157254323,0.243636297195772,-0.118732875989935
3,"age × arear × party_kmt","20至29歲 | 北北基宜蘭區 | 6-10 溫暖",19.4850257277249,0.754456264854579,100,1.14233493260224,0.827151166326593,1.04828853161056,0.0963540298602007,0.389462292837636
3,"age × arear × party_kmt","20至29歲 | 桃竹苗區 | 0-4 冷淡",28.3207352670677,1.09657315551423,199,2.27324651587846,1.27434682678526,0.735900184210724,0.162117475133397,-0.32890917444935
3,"age × arear × party_kmt","20至29歲 | 桃竹苗區 | 5 中間",25.3598903144942,0.981929836334328,76,0.868174548777702,1.23420736153597,1.32449912196208,0.256920113705302,0.348873486629768
3,"age × arear × party_kmt","20至29歲 | 桃竹苗區 | 6-10 溫暖",10.5673097265841,0.409164100539834,51,0.582590815627142,0.697259528392137,0.595537631316562,0.704107294535864,0.455498247600008
3,"age × arear × party_kmt","20至29歲 | 中彰投區 | 0-4 冷淡",27.5406416344671,1.06636808745259,239,2.73018048891935,1.32596190473984,0.95105602101886,0.243437346205082,-0.108135331308719
3,"age × arear × party_kmt","20至29歲 | 中彰投區 | 5 中間",33.4703824056622,1.29596645372142,82,0.936714644733836,1.23907087353077,1.41952470490941,-0.0439020470223392,0.0953406246227974
3,"age × arear × party_kmt","20至29歲 | 中彰投區 | 6-10 溫暖",13.028631527262,0.504465984062747,45,0.514050719671008,0.565779238179155,0.502084301610453,0.121540908710272,-0.00472119533831148
3,"age × arear × party_kmt","20至29歲 | 雲嘉南區 | 0-4 冷淡",32.2860184970422,1.25010812213838,134,1.530728809687,0.972962347737311,1.40070171989419,-0.221697443199552,0.120464458304776
3,"age × arear × party_kmt","20至29歲 | 雲嘉南區 | 5 中間",19.0608689910872,0.738033001590356,29,0.331277130454649,0.392202283346929,0.611330317846205,-0.468584355304182,-0.171676176364912
3,"age × arear × party_kmt","20至29歲 | 雲嘉南區 | 6-10 溫暖",14.4072557327034,0.557846035144509,18,0.205620287868403,0.28394952108301,0.34158384170038,-0.490989442975152,-0.387673622862816
3,"age × arear × party_kmt","20至29歲 | 高屏區 | 0-4 冷淡",22.9723625062542,0.889485241309843,146,1.66780900159927,0.851292201058564,1.07392989771615,-0.0429383630863136,0.207361120612523
3,"age × arear × party_kmt","20至29歲 | 高屏區 | 5 中間",30.6677094891634,1.18744752386535,48,0.548320767649075,0.620085129013946,0.976995768591624,-0.477799973008103,-0.17723036264261
3,"age × arear × party_kmt","20至29歲 | 高屏區 | 6-10 溫暖",9.17070028898839,0.355087664897779,44,0.502627370344985,0.596359596286896,0.307078898837684,0.679471452376624,-0.135202573353021
3,"age × arear × party_kmt","20至29歲 | 花東區 | 0-4 冷淡",3.84368893381339,0.148826860009813,19,0.217043637194425,0.248574956285061,0.170586382183796,0.670229125768499,0.146206956006115
3,"age × arear × party_kmt","20至29歲 | 花東區 | 5 中間",1.54571945536117,0.0598499454453122,4,0.0456933973040896,0.114408185606533,0.0903547418961135,0.911583791017374,0.509687957504908
3,"age × arear × party_kmt","20至29歲 | 花東區 | 6-10 溫暖",7.82467733198866,0.302969927578009,5,0.057116746630112,0.0933460798232125,0.19459433188519,-0.691896550362485,-0.357710735712916
3,"age × arear × party_kmt","30至39歲 | 北北基宜蘭區 | 0-4 冷淡",88.9123208045154,3.44266712249084,764,8.72743888508111,1.84999265478286,3.73692169942045,-0.462628076151505,0.085472851850023
3,"age × arear × party_kmt","30至39歲 | 北北基宜蘭區 | 5 中間",51.120673822102,1.97938217622131,207,2.36463331048663,1.64322749722746,1.46120123911034,-0.169828082232998,-0.26178923066802
3,"age × arear × party_kmt","30至39歲 | 北北基宜蘭區 | 6-10 溫暖",26.576890572343,1.02905184077475,145,1.65638565227325,0.998711169002483,1.09163456408465,-0.0294841042696434,0.0608159091992706
3,"age × arear × party_kmt","30至39歲 | 桃竹苗區 | 0-4 冷淡",19.4665584602205,0.753741215982785,276,3.15284441398218,1.44153193279439,0.705525342103968,0.912502464011885,-0.0639687373549689
3,"age × arear × party_kmt","30至39歲 | 桃竹苗區 | 5 中間",25.9521319136594,1.00486131156261,94,1.0737948366461,1.29979365727912,1.03142175128586,0.293505523919393,0.0264319457995186
3,"age × arear × party_kmt","30至39歲 | 桃竹苗區 | 6-10 溫暖",17.4996709515964,0.67758372849052,68,0.776787754169523,0.938421634583246,0.725760778726213,0.384953025176392,0.0711012502366579
3,"age × arear × party_kmt","30至39歲 | 中彰投區 | 0-4 冷淡",43.079901407365,1.66804509063889,298,3.40415809915467,1.16616537839974,1.38544799270169,-0.300878984060872,-0.169418140746398
3,"age × arear × party_kmt","30至39歲 | 中彰投區 | 5 中間",30.5614462463622,1.18333303254389,117,1.33653187114462,1.21922456924881,1.42571920972439,0.0303308837984258,0.204833441232876
3,"age × arear × party_kmt","30至39歲 | 中彰投區 | 6-10 溫暖",9.87963583586443,0.382537506237105,72,0.822481151473612,0.724254798041111,0.433813105331969,0.893290948553952,0.134040710410976
3,"age × arear × party_kmt","30至39歲 | 雲嘉南區 | 0-4 冷淡",25.7373036181276,0.996543203303638,206,2.35320996116061,1.07401924892698,1.23229958023409,0.0777447935689132,0.236574165724975
3,"age × arear × party_kmt","30至39歲 | 雲嘉南區 | 5 中間",18.7100126662713,0.724447915482691,51,0.582590815627142,0.646023047063554,0.577263247109439,-0.108254667786411,-0.203168047319433
3,"age × arear × party_kmt","30至39歲 | 雲嘉南區 | 6-10 溫暖",10.2313979902171,0.396157665881672,39,0.445510623714873,0.536676220437679,0.355229713515045,0.354703610854721,-0.103312281678406
3,"age × arear × party_kmt","30至39歲 | 高屏區 | 0-4 冷淡",33.2966807130684,1.28924075923046,239,2.73018048891935,1.12814853225449,0.911587797216745,-0.124951236472016,-0.292926638651366
3,"age × arear × party_kmt","30至39歲 | 高屏區 | 5 中間",17.4849847186506,0.677015080513973,73,0.833904500799634,0.989239541497502,1.16030071890397,0.461178000269205,0.713847670901363
3,"age × arear × party_kmt","30至39歲 | 高屏區 | 6-10 溫暖",4.34606702756181,0.168278838439326,50,0.57116746630112,0.601188115005923,0.101676981203951,2.5725711003329,-0.395782724988253
3,"age × arear × party_kmt","30至39歲 | 花東區 | 0-4 冷淡",2.25933953440649,0.0874811709250758,17,0.194196938542381,0.227582005314331,0.204406161901639,1.60149701824689,1.33657322758865
3,"age × arear × party_kmt","30至39歲 | 花東區 | 5 中間",3.66596536257905,0.141945439189348,7,0.0799634452821567,0.142713503496756,0.0767116039790993,0.00541098264089951,-0.459569786692687
3,"age × arear × party_kmt","30至39歲 | 花東區 | 6-10 溫暖",1.26379217699998,0.048933778109164,1,0.0114233493260224,0.0243333706615929,0.0343253894645538,-0.502728552712428,-0.298533839182027
3,"age × arear × party_kmt","40至49歲 | 北北基宜蘭區 | 0-4 冷淡",77.2560996961797,2.99134059294969,638,7.28809687000228,1.78302718880717,3.56904962657111,-0.403937086599367,0.193127133360548
3,"age × arear × party_kmt","40至49歲 | 北北基宜蘭區 | 5 中間",47.0901402506875,1.82332072954159,218,2.49029015307288,2.0003441592737,1.20705966347482,0.0970884753647372,-0.337988295795719
3,"age × arear × party_kmt","40至49歲 | 北北基宜蘭區 | 6-10 溫暖",44.9125845953354,1.73900621391268,190,2.17043637194425,1.29470742143584,1.55777562163783,-0.25549005456236,-0.104215034325317
3,"age × arear × party_kmt","40至49歲 | 桃竹苗區 | 0-4 冷淡",40.3085441833438,1.56073869807726,258,2.94722412611378,1.65443114318983,1.28315178436219,0.0600308336225633,-0.177856110095203
3,"age × arear × party_kmt","40至49歲 | 桃竹苗區 | 5 中間",30.8533334872274,1.19463484761866,98,1.11948823395019,1.4353965536565,1.1013711885508,0.201535813657013,-0.0780687582098949
3,"age × arear × party_kmt","40至49歲 | 桃竹苗區 | 6-10 溫暖",21.336794812529,0.826156390202967,99,1.13091158327622,1.46490083619227,1.21653473004788,0.773151976506991,0.472523537279674
3,"age × arear × party_kmt","40至49歲 | 中彰投區 | 0-4 冷淡",47.1403265608801,1.82526393334659,236,2.69591044094128,1.43397973998072,1.65585472199606,-0.214371295141114,-0.0928135423351749
3,"age × arear × party_kmt","40至49歲 | 中彰投區 | 5 中間",32.9783888376312,1.27691656203249,98,1.11948823395019,1.27958907334653,1.29908876448147,0.00209294122537559,0.0173638615930316
3,"age × arear × party_kmt","40至49歲 | 中彰投區 | 6-10 溫暖",32.4231635045126,1.25541834915709,112,1.27941512451451,1.20128168040281,1.40356729311701,-0.0431224131705794,0.118007629934191
3,"age × arear × party_kmt","40至49歲 | 雲嘉南區 | 0-4 冷淡",40.8247835577249,1.5807273824962,177,2.02193283070596,1.19552116171889,1.4146766847698,-0.243689218674133,-0.105047017952065
3,"age × arear × party_kmt","40至49歲 | 雲嘉南區 | 5 中間",24.7504498155813,0.958332423177891,82,0.936714644733836,1.41338756775659,1.39693977037639,0.474840601833869,0.457677666528335
3,"age × arear × party_kmt","40至49歲 | 雲嘉南區 | 6-10 溫暖",17.0019317703506,0.658311367817159,53,0.605437514279187,0.663342514483177,0.433744131234105,0.00764250309500171,-0.341126171537457
3,"age × arear × party_kmt","40至49歲 | 高屏區 | 0-4 冷淡",39.0864698713091,1.51342022728251,224,2.55883024902902,1.58464706048721,1.47212750528428,0.0470634870082337,-0.02728437300747
3,"age × arear × party_kmt","40至49歲 | 高屏區 | 5 中間",19.9358470634483,0.771911976015517,73,0.833904500799634,0.942870950997779,1.01334099426944,0.221474702160633,0.312767550906698
3,"age × arear × party_kmt","40至49歲 | 高屏區 | 6-10 溫暖",12.3848231600702,0.479537853980654,64,0.731094356865433,0.75828845282206,0.319085877543489,0.581290082790112,-0.334597102408598
3,"age × arear × party_kmt","40至49歲 | 花東區 | 0-4 冷淡",5.56276483568821,0.215389132087523,20,0.228466986520448,0.32702132935017,0.233766019610144,0.518281475860565,0.0853194743138401
3,"age × arear × party_kmt","40至49歲 | 花東區 | 5 中間",0.941172225403935,0.0364419986755662,12,0.137080191912269,0.299622094158878,0.077707526396552,7.22188971648721,1.13236181386104
3,"age × arear × party_kmt","40至49歲 | 花東區 | 6-10 溫暖",2.39603002477583,0.0927737991333339,4,0.0456933973040896,0.0672835494451993,0.144800573781989,-0.274756988786243,0.560791679705631
3,"age × arear × party_kmt","50至59歲 | 北北基宜蘭區 | 0-4 冷淡",55.7952197745558,2.16037965235813,181,2.06762622801005,2.65507210569829,2.03817639214517,0.228984036579027,-0.0565656411731015
3,"age × arear × party_kmt","50至59歲 | 北北基宜蘭區 | 5 中間",47.9861068990974,1.85801237739668,94,1.0737948366461,1.94959939857117,1.66618859800405,0.0492930091794233,-0.10324138941496
3,"age × arear × party_kmt","50至59歲 | 北北基宜蘭區 | 6-10 溫暖",58.7661309069781,2.27541273199082,97,1.10806488462417,2.14218570614701,2.4820250025225,-0.058550707733469,0.0908021070757185
3,"age × arear × party_kmt","50至59歲 | 桃竹苗區 | 0-4 冷淡",31.8809294636557,1.23442315649692,48,0.548320767649075,0.82045073322169,0.97905965727594,-0.33535698119113,-0.206868688323751
3,"age × arear × party_kmt","50至59歲 | 桃竹苗區 | 5 中間",21.1016454758596,0.817051455331149,25,0.28558373315056,0.653174672293215,0.96225643827562,-0.200570945646888,0.177718284444668
3,"age × arear × party_kmt","50至59歲 | 桃竹苗區 | 6-10 溫暖",33.5820498910942,1.30029019622718,22,0.251313685172493,0.709347240542976,1.35277036785451,-0.454470053991668,0.0403603532346861
3,"age × arear × party_kmt","50至59歲 | 中彰投區 | 0-4 冷淡",20.974391717953,0.812124215499884,61,0.696824308887366,1.17048351110035,0.804151550800962,0.441261679877238,-0.00981705082394863
3,"age × arear × party_kmt","50至59歲 | 中彰投區 | 5 中間",24.4988025826835,0.948588693092746,48,0.548320767649075,1.17978337388729,1.22429198666629,0.243724896235859,0.290645772589438
3,"age × arear × party_kmt","50至59歲 | 中彰投區 | 6-10 溫暖",31.3454031869144,1.21368768710995,41,0.468357322366918,0.93449709992391,0.954739694101429,-0.230034950631204,-0.213356364869392
3,"age × arear × party_kmt","50至59歲 | 雲嘉南區 | 0-4 冷淡",24.285230232357,0.940319214778727,60,0.685400959561343,1.36368772997762,0.937294652082427,0.450239140650249,-0.00321652758846495
3,"age × arear × party_kmt","50至59歲 | 雲嘉南區 | 5 中間",17.0315743869838,0.659459123952466,25,0.28558373315056,0.678444882881085,0.64257182436514,0.0287898949897434,-0.0256078033860717
3,"age × arear × party_kmt","50至59歲 | 雲嘉南區 | 6-10 溫暖",13.0359402425323,0.504748976043399,28,0.319853781128627,0.677117555051715,0.588339035258248,0.341493667524539,0.165607189280681
3,"age × arear × party_kmt","50至59歲 | 高屏區 | 0-4 冷淡",29.7523280118932,1.15200413775395,75,0.856751199451679,1.52303385111154,1.60621693574199,0.322073247133461,0.394280526521046
3,"age × arear × party_kmt","50至59歲 | 高屏區 | 5 中間",29.4961627990667,1.14208547239752,22,0.251313685172493,0.625131443830031,0.908527774982069,-0.452640403070947,-0.204501066741661
3,"age × arear × party_kmt","50至59歲 | 高屏區 | 6-10 溫暖",21.7722958526362,0.843018902608688,27,0.308430431802605,0.791447426320123,0.63076321880888,-0.0611747567331874,-0.251780456100084
3,"age × arear × party_kmt","50至59歲 | 花東區 | 0-4 冷淡",2.17151461499997,0.0840806077653199,4,0.0456933973040896,0.0960480573833033,0.0681270689056182,0.142333053198023,-0.189741003112515
3,"age × arear × party_kmt","50至59歲 | 花東區 | 5 中間",2.42811577526616,0.0940161529186589,3,0.0342700479780672,0.14748543761931,0.103657634025796,0.568724448307431,0.102551325573583
3,"age × arear × party_kmt","50至59歲 | 花東區 | 6-10 溫暖",9.25882293021056,0.358499755786168,8,0.0913867946081791,0.281212283947758,0.449044677691761,-0.215585842363889,0.25256620247072
3,"age × arear × party_kmt","60歲及以上 | 北北基宜蘭區 | 0-4 冷淡",110.295799530553,4.27063110440585,126,1.43934201507882,5.2302797828865,3.27609537188939,0.224708867382766,-0.232877930264321
3,"age × arear × party_kmt","60歲及以上 | 北北基宜蘭區 | 5 中間",53.7822213435674,2.08243675925532,70,0.799634452821567,3.88300451091538,3.62503134838296,0.864644625416594,0.740764194769243
3,"age × arear × party_kmt","60歲及以上 | 北北基宜蘭區 | 6-10 溫暖",85.5085059301176,3.31087209731206,67,0.7653644048435,3.19804589766194,3.10299019734142,-0.0340774866361396,-0.0627876565027715
3,"age × arear × party_kmt","60歲及以上 | 桃竹苗區 | 0-4 冷淡",33.4725882790827,1.2960518646952,34,0.388393877084761,1.71095050133951,2.27284397235666,0.320125025815906,0.75366745287711
3,"age × arear × party_kmt","60歲及以上 | 桃竹苗區 | 5 中間",40.234749315733,1.55788137569231,10,0.114233493260224,0.57882618600458,1.1218297538665,-0.628452977847974,-0.279900401037941
3,"age × arear × party_kmt","60歲及以上 | 桃竹苗區 | 6-10 溫暖",50.7147379677818,1.96366442184415,15,0.171350239890336,0.761706946799415,1.26628305241461,-0.61209922717647,-0.355142845015548
3,"age × arear × party_kmt","60歲及以上 | 中彰投區 | 0-4 冷淡",51.6108631380975,1.99836220763545,54,0.616860863605209,2.62151472980492,2.57917700147156,0.311831618806889,0.290645405330878
3,"age × arear × party_kmt","60歲及以上 | 中彰投區 | 5 中間",44.7343065227217,1.73210332291068,18,0.205620287868403,0.954021415559804,1.05437667515928,-0.449212178661123,-0.391273799193763
3,"age × arear × party_kmt","60歲及以上 | 中彰投區 | 6-10 溫暖",43.688633571027,1.69161507719733,38,0.434087274388851,1.83918881649312,1.76190317954805,0.0872383684001493,0.0415508842987907
3,"age × arear × party_kmt","60歲及以上 | 雲嘉南區 | 0-4 冷淡",59.1864570196574,2.29168767426824,47,0.536897418323052,2.3083163191502,2.09353724403221,0.00725606943243911,-0.0864648496655629
3,"age × arear × party_kmt","60歲及以上 | 雲嘉南區 | 5 中間",30.7494346404702,1.19061190523498,17,0.194196938542381,0.930032559545948,1.0348012755854,-0.218861700058006,-0.130866010128484
3,"age × arear × party_kmt","60歲及以上 | 雲嘉南區 | 6-10 溫暖",23.8747692235099,0.924426247331289,22,0.251313685172493,1.23607729948093,1.31144722063856,0.337129168551128,0.418660736239972
3,"age × arear × party_kmt","60歲及以上 | 高屏區 | 0-4 冷淡",69.3732639879043,2.68611878477597,45,0.514050719671008,2.29396817384169,2.4601702130874,-0.145991537364935,-0.0841171183378653
3,"age × arear × party_kmt","60歲及以上 | 高屏區 | 5 中間",36.1172492807552,1.39845260508988,15,0.171350239890336,0.814394018815307,1.07647548404705,-0.417646321476183,-0.23023813597325
3,"age × arear × party_kmt","60歲及以上 | 高屏區 | 6-10 溫暖",21.7752429801712,0.843133014792227,23,0.262737034498515,1.27614358961056,1.37796001671892,0.513573264504462,0.634332889998961
3,"age × arear × party_kmt","60歲及以上 | 花東區 | 0-4 冷淡",5.64982525796829,0.218760094072789,4,0.0456933973040896,0.203586645362909,0.279385471226311,-0.0693611363360977,0.277131793211563
3,"age × arear × party_kmt","60歲及以上 | 花東區 | 5 中間",3.75038514214977,0.145214156021687,1,0.0114233493260224,0.079063656389423,0.12599077686043,-0.455537541549218,-0.132379512355432
3,"age × arear × party_kmt","60歲及以上 | 花東區 | 6-10 溫暖",10.1252725943651,0.392048511966274,1,0.0114233493260224,0.0749501748396034,0.173772969875052,-0.808824233348829,-0.556756461072857
3,"age × arear × party_dpp","20至29歲 | 北北基宜蘭區 | 0-4 冷淡",42.6555991172045,1.65161619157164,406,4.63787982636509,1.03091341106363,1.5899546099429,-0.375815388390787,-0.0373340864199592
3,"age × arear × party_dpp","20至29歲 | 北北基宜蘭區 | 5 中間",22.1366508159035,0.857126653273693,165,1.88485263879369,1.25378984362008,0.81732356629653,0.46278247074849,-0.046437812690971
3,"age × arear × party_dpp","20至29歲 | 北北基宜蘭區 | 6-10 溫暖",20.7638511714104,0.803972128016674,188,2.14758967329221,1.36232762437821,1.05380087064757,0.694496086249845,0.310743039372766
3,"age × arear × party_dpp","20至29歲 | 桃竹苗區 | 0-4 冷淡",31.6360189382071,1.22494027036501,173,1.97623943340187,1.12956276729019,1.17189221399456,-0.0778629826957973,-0.0433066473964782
3,"age × arear × party_dpp","20至29歲 | 桃竹苗區 | 5 中間",21.5933781875395,0.836091246714797,79,0.902444596755769,1.16186412565129,1.18764267211635,0.389637949466086,0.420470166124666
3,"age × arear × party_dpp","20至29歲 | 桃竹苗區 | 6-10 溫暖",11.0185381823993,0.426635575308587,74,0.845327850125657,0.914386823771879,0.296402051378457,1.14325029765861,-0.305257065906732
3,"age × arear × party_dpp","20至29歲 | 中彰投區 | 0-4 冷淡",31.5563396230311,1.22185510335759,204,2.33036326250857,1.13724333658069,1.13387020905037,-0.0692486093845284,-0.0720092702198783
3,"age × arear × party_dpp","20至29歲 | 中彰投區 | 5 中間",28.6002358167503,1.10739536040556,88,1.00525474068997,1.17076552437985,1.26250612237581,0.057224516410361,0.140068098094112
3,"age × arear × party_dpp","20至29歲 | 中彰投區 | 6-10 溫暖",13.88308012761,0.537550061473613,74,0.845327850125657,0.82280315548923,0.476288696112541,0.530654006872659,-0.113964018891808
3,"age × arear × party_dpp","20至29歲 | 雲嘉南區 | 0-4 冷淡",28.1869186749868,1.09139180406786,107,1.2222983778844,0.606646943788536,0.988837490734892,-0.44415292333383,-0.09396654157629
3,"age × arear × party_dpp","20至29歲 | 雲嘉南區 | 5 中間",23.2570273079879,0.900507404998649,29,0.331277130454649,0.410684808695077,0.712257964854803,-0.543940664546014,-0.20904818672105
3,"age × arear × party_dpp","20至29歲 | 雲嘉南區 | 6-10 溫暖",14.3101972378582,0.554087949806745,45,0.514050719671008,0.631782399683636,0.652520423851074,0.140220428731555,0.177647743609404
3,"age × arear × party_dpp","20至29歲 | 高屏區 | 0-4 冷淡",22.7593917210695,0.881239055476742,120,1.37080191912269,0.557094228081654,0.964527450151449,-0.367828485790077,0.0945128273163619
3,"age × arear × party_dpp","20至29歲 | 高屏區 | 5 中間",27.9076835202633,1.08057987521579,52,0.594014164953164,0.582673737663069,0.833098836825604,-0.46077680046863,-0.229026140562508
3,"age × arear × party_dpp","20至29歲 | 高屏區 | 6-10 溫暖",12.1436970430732,0.470201499380435,66,0.753941055517478,0.927968960614682,0.560378278168407,0.973555936842881,0.191783265061455
3,"age × arear × party_dpp","20至29歲 | 花東區 | 0-4 冷淡",7.04226212925628,0.272674968789272,17,0.194196938542381,0.2175268826352,0.218347510866356,-0.202248436660469,-0.199238889305241
3,"age × arear × party_dpp","20至29歲 | 花東區 | 5 中間",2.29796947845222,0.0889769145645011,7,0.0799634452821567,0.161676596058188,0.0906974423758942,0.817062289128777,0.0193367888717462
3,"age × arear × party_dpp","20至29歲 | 花東區 | 6-10 溫暖",3.87385411345472,0.149994849679362,4,0.0456933973040896,0.077125743021419,0.146490502722849,-0.485810724926304,-0.0233631152269778
3,"age × arear × party_dpp","30至39歲 | 北北基宜蘭區 | 0-4 冷淡",74.0236025519397,2.86617895571735,623,7.11674663011195,1.29960155283236,3.04763368743139,-0.546573478868106,0.0633089330839156
3,"age × arear × party_dpp","30至39歲 | 北北基宜蘭區 | 5 中間",43.4963730720386,1.68417078946722,224,2.55883024902902,1.56459459937863,1.23757262135246,-0.0710000380225189,-0.265173918766304
3,"age × arear × party_dpp","30至39歲 | 北北基宜蘭區 | 6-10 溫暖",49.0899095749821,1.90075139430234,269,3.07288096870002,1.62773516880181,2.00455119383159,-0.143635946457234,0.0546098768310288
3,"age × arear × party_dpp","30至39歲 | 桃竹苗區 | 0-4 冷淡",27.6498004888056,1.07059469626855,234,2.67306374228924,1.1637693211766,0.95718023033263,0.0870307178176743,-0.1059359497401
3,"age × arear × party_dpp","30至39歲 | 桃竹苗區 | 5 中間",21.1509349045656,0.818959932065949,106,1.21087502855837,1.43134598386178,1.02515733537092,0.747760699660838,0.25177959901507
3,"age × arear × party_dpp","30至39歲 | 桃竹苗區 | 6-10 溫暖",14.1176259321051,0.546631627701411,98,1.11948823395019,1.08463191961838,0.480370306412489,0.984209959052791,-0.121217503581984
3,"age × arear × party_dpp","30至39歲 | 中彰投區 | 0-4 冷淡",38.8442582754919,1.50404184316137,269,3.07288096870002,0.970474719926922,1.46975941720267,-0.354755504749081,-0.0227935320513723
3,"age × arear × party_dpp","30至39歲 | 中彰投區 | 5 中間",26.3354803311198,1.01970448494182,94,1.0737948366461,0.831176327804655,0.982363254516229,-0.184885091633114,-0.0366196589080642
3,"age × arear × party_dpp","30至39歲 | 中彰投區 | 6-10 溫暖",18.3412448829799,0.710169301316692,124,1.41649531642678,1.30799369795809,0.792857636039152,0.841805461786357,0.116434679123909
3,"age × arear × party_dpp","30至39歲 | 雲嘉南區 | 0-4 冷淡",17.7913248539655,0.688876508745803,165,1.88485263879369,0.775953197971394,0.739678606629825,0.126403917277027,0.073746306107193
3,"age × arear × party_dpp","30至39歲 | 雲嘉南區 | 5 中間",16.7950117325616,0.650299465702412,46,0.52547406899703,0.533224889210793,0.741701919206629,-0.180031789454358,0.140554403509297
3,"age × arear × party_dpp","30至39歲 | 雲嘉南區 | 6-10 溫暖",20.0923776880889,0.777972810219789,85,0.970984692711903,0.947540429246027,0.68341201502212,0.217960855185072,-0.121547686442864
3,"age × arear × party_dpp","30至39歲 | 高屏區 | 0-4 冷淡",18.3930158214616,0.712173861609334,178,2.03335618003199,0.595472063091764,0.613534668073524,-0.163867006090133,-0.13850437211064
3,"age × arear × party_dpp","30至39歲 | 高屏區 | 5 中間",17.824845704433,0.690174429312693,76,0.868174548777702,0.916550466670691,0.936357031087262,0.327998296870305,0.356696207971264
3,"age × arear × party_dpp","30至39歲 | 高屏區 | 6-10 溫暖",18.9098709333863,0.732186387261731,108,1.23372172721042,1.20655365899546,0.623673798163881,0.64787775351546,-0.148203505262738
3,"age × arear × party_dpp","30至39歲 | 花東區 | 0-4 冷淡",3.43553789206915,0.133023334022536,16,0.182773589216358,0.234918701436545,0.140230572137925,0.765996192793856,0.0541802546774835
3,"age × arear × party_dpp","30至39歲 | 花東區 | 5 中間",2.40217318557907,0.0930116610801836,5,0.057116746630112,0.0812901293939979,0.0438063915306909,-0.126022173457163,-0.529022586824611
3,"age × arear × party_dpp","30至39歲 | 花東區 | 6-10 溫暖",1.3513859963373,0.0523253931208675,4,0.0456933973040896,0.0784200486421372,0.131406191676676,0.498699655461605,1.51132736591463
3,"age × arear × party_dpp","40至49歲 | 北北基宜蘭區 | 0-4 冷淡",83.6249960995819,3.237942976693,578,6.60269591044094,1.78845107586753,3.02624211491718,-0.44765825440999,-0.0653812816654462
3,"age × arear × party_dpp","40至49歲 | 北北基宜蘭區 | 5 中間",34.3345803911996,1.32942802535978,208,2.37605665981266,1.59023800148259,1.02110735754879,0.19618209571912,-0.231919789510642
3,"age × arear × party_dpp","40至49歲 | 北北基宜蘭區 | 6-10 溫暖",51.299248051421,1.98629653435118,260,2.97007082476582,1.6993896921666,2.28653543921778,-0.144443106667505,0.151155126978394
3,"age × arear × party_dpp","40至49歲 | 桃竹苗區 | 0-4 冷淡",34.7232153662904,1.34447589318382,226,2.58167694768106,1.41031516127615,1.42897567034853,0.0489702109395386,0.0628496037698468
3,"age × arear × party_dpp","40至49歲 | 桃竹苗區 | 5 中間",33.4110368638873,1.29366860631753,85,0.970984692711903,1.1502635516933,0.898385511408233,-0.11085146066305,-0.3055520501765
3,"age × arear × party_dpp","40至49歲 | 桃竹苗區 | 6-10 溫暖",24.3644202529224,0.94338543639754,144,1.64496230294722,1.99414982006915,1.2736965212041,1.11382298595166,0.350133754521276
3,"age × arear × party_dpp","40至49歲 | 中彰投區 | 0-4 冷淡",50.0326694116913,1.93725486496732,249,2.84441398217957,1.75051881352148,2.2906535119446,-0.0963920931740663,0.182422381983921
3,"age × arear × party_dpp","40至49歲 | 中彰投區 | 5 中間",29.5910285803918,1.14575865631019,89,1.01667809001599,0.988257179771892,1.11117191811342,-0.137464793018029,-0.0301867570506956
3,"age × arear × party_dpp","40至49歲 | 中彰投區 | 6-10 溫暖",32.9181809109407,1.27458532325866,108,1.23372172721042,1.17607450043669,0.956685349536519,-0.0772885275111425,-0.249414431439855
3,"age × arear × party_dpp","40至49歲 | 雲嘉南區 | 0-4 冷淡",28.9842995758227,1.12226623166766,144,1.64496230294722,0.956804463425095,0.730619497109303,-0.14743539774577,-0.348978454048628
3,"age × arear × party_dpp","40至49歲 | 雲嘉南區 | 5 中間",21.9479817412265,0.849821424768305,73,0.833904500799634,1.07230706676891,1.47312518063338,0.261802815881306,0.733452626279701
3,"age × arear × party_dpp","40至49歲 | 雲嘉南區 | 6-10 溫暖",31.6448838266076,1.22528351705528,95,1.08521818597213,1.24313971376466,1.04161590863762,0.0145731142717772,-0.149898048787166
3,"age × arear × party_dpp","40至49歲 | 高屏區 | 0-4 冷淡",23.1410189471026,0.89601558467116,167,1.90769933744574,0.973086269862079,0.849438146189281,0.0860148936128205,-0.0519828441365486
3,"age × arear × party_dpp","40至49歲 | 高屏區 | 5 中間",14.9439135431858,0.578625317289644,79,0.902444596755769,0.962447972123163,0.813715566213645,0.663335397475164,0.406290982954556
3,"age × arear × party_dpp","40至49歲 | 高屏區 | 6-10 溫暖",33.3222076045393,1.29022915531787,115,1.31368517249257,1.35027222232181,1.14140066469428,0.0465367464038935,-0.115350432138487
3,"age × arear × party_dpp","40至49歲 | 花東區 | 0-4 冷淡",0.731820308931016,0.0283359347088368,19,0.217043637194425,0.336030993689964,0.25027916248854,10.8588286267179,7.83257125837772
3,"age × arear × party_dpp","40至49歲 | 花東區 | 5 中間",3.54655416665268,0.13732186177563,8,0.0913867946081791,0.153366803297246,0.0223867958295887,0.116841858347595,-0.836975733214522
3,"age × arear × party_dpp","40至49歲 | 花東區 | 6-10 溫暖",4.62159261028427,0.178947133411957,9,0.102810143934202,0.204529175967037,0.183608161470557,0.142958660847547,0.0260469557110487
3,"age × arear × party_dpp","50至59歲 | 北北基宜蘭區 | 0-4 冷淡",71.2320068779605,2.75808893445668,220,2.51313685172493,3.46627360979442,2.91430230178876,0.256766439432183,0.0566382633208497
3,"age × arear × party_dpp","50至59歲 | 北北基宜蘭區 | 5 中間",40.8944273262437,1.58342397516183,62,0.708247658213388,1.38244784805227,0.972273106686451,-0.126925024669418,-0.385967926507442
3,"age × arear × party_dpp","50至59歲 | 北北基宜蘭區 | 6-10 溫暖",50.4210233764272,1.95229185212712,90,1.02810143934202,1.89813575256978,2.29981458419652,-0.0277397559685206,0.178007571813995
3,"age × arear × party_dpp","50至59歲 | 桃竹苗區 | 0-4 冷淡",42.195448297897,1.63379924468865,60,0.685400959561343,1.1645539713693,1.71878357616105,-0.287211096984427,0.0520163855802192
3,"age × arear × party_dpp","50至59歲 | 桃竹苗區 | 5 中間",18.0274617066092,0.6980196800369,22,0.251313685172493,0.67681857159431,1.04254902836994,-0.0303732244934255,0.493581138449884
3,"age × arear × party_dpp","50至59歲 | 桃竹苗區 | 6-10 溫暖",26.3417148261033,1.0199458833297,13,0.148503541238291,0.341600103094274,0.532753858875083,-0.665080168783965,-0.477664582422882
3,"age × arear × party_dpp","50至59歲 | 中彰投區 | 0-4 冷淡",41.7711297503766,1.61736971613969,88,1.00525474068997,1.6542072079877,1.34821963086154,0.0227761726217625,-0.1664122201574
3,"age × arear × party_dpp","50至59歲 | 中彰投區 | 5 中間",14.5908803412244,0.564955942938115,28,0.319853781128627,0.781969222723207,0.792545749024523,0.38412425340017,0.402845228785103
3,"age × arear × party_dpp","50至59歲 | 中彰投區 | 6-10 溫暖",20.4565873959501,0.792074936624771,34,0.388393877084761,0.848587554200631,0.842417851682617,0.0713475644320652,0.0635582729992318
3,"age × arear × party_dpp","50至59歲 | 雲嘉南區 | 0-4 冷淡",11.1645971310462,0.43229094833116,62,0.708247658213388,1.28134132672152,0.683885184617,1.9640716088738,0.582002092010271
3,"age × arear × party_dpp","50至59歲 | 雲嘉南區 | 5 中間",12.7154874957161,0.492341110341617,15,0.171350239890336,0.402303338338273,0.371559485719891,-0.182876810634135,-0.245321022528304
3,"age × arear × party_dpp","50至59歲 | 雲嘉南區 | 6-10 溫暖",30.4726602351109,1.17989525610182,36,0.411240575736806,1.03560550285062,1.11276084136892,-0.12229030713108,-0.0568986224715335
3,"age × arear × party_dpp","50至59歲 | 高屏區 | 0-4 冷淡",29.3051088963,1.13468790382966,65,0.742517706191455,1.16471240778965,0.941472204841314,0.026460583442066,-0.170280918952454
3,"age × arear × party_dpp","50至59歲 | 高屏區 | 5 中間",22.9681787063391,0.88932324542126,23,0.262737034498515,0.731483296465512,0.882216008221204,-0.177483215207067,-0.00799173667915212
3,"age × arear × party_dpp","50至59歲 | 高屏區 | 6-10 溫暖",28.7474990609569,1.11309736350923,36,0.411240575736806,1.04341701700653,1.32181971647043,-0.062600405667135,0.187514910917735
3,"age × arear × party_dpp","50至59歲 | 花東區 | 0-4 冷淡",7.45438404377394,0.288632246169167,8,0.0913867946081791,0.233957477014607,0.307220816065671,-0.189427099294082,0.0644022632371049
3,"age × arear × party_dpp","50至59歲 | 花東區 | 5 中間",1.51934505086706,0.0588287338246327,5,0.057116746630112,0.234520748639987,0.245709962638406,2.98650002121563,3.17669983125699
3,"age × arear × party_dpp","50至59歲 | 花東區 | 6-10 溫暖",4.88472422583569,0.189135536476347,2,0.0228466986520448,0.0562675532957784,0.0678986019190977,-0.702501421234422,-0.64100558158414
3,"age × arear × party_dpp","60歲及以上 | 北北基宜蘭區 | 0-4 冷淡",95.3960370027292,3.69371530552307,147,1.67923235092529,6.08344805994288,3.42032634315969,0.646972643193844,-0.074014627482141
3,"age × arear × party_dpp","60歲及以上 | 北北基宜蘭區 | 5 中間",44.9067284802307,1.73877946631736,52,0.594014164953164,3.06418983947275,3.20350692234172,0.76226479483481,0.842388286955433
3,"age × arear × party_dpp","60歲及以上 | 北北基宜蘭區 | 6-10 溫暖",109.283761321278,4.23144518913282,64,0.731094356865433,3.1636922920482,3.38028365211235,-0.25233764100899,-0.201151497650594
3,"age × arear × party_dpp","60歲及以上 | 桃竹苗區 | 0-4 冷淡",50.944877181101,1.9725753657507,30,0.342700479780672,1.44985134238117,1.97124430243131,-0.264995716992843,-0.000674784519009426
3,"age × arear × party_dpp","60歲及以上 | 桃竹苗區 | 5 中間",31.703281947991,1.22754468053277,9,0.102810143934202,0.432257748646458,0.716748195185297,-0.647868012055698,-0.416112336640799
3,"age × arear × party_dpp","60歲及以上 | 桃竹苗區 | 6-10 溫暖",41.7739164335054,1.6174776159482,20,0.228466986520448,1.16937454311587,1.97296428102116,-0.277038191078545,0.219778413974876
3,"age × arear × party_dpp","60歲及以上 | 中彰投區 | 0-4 冷淡",56.2700502476622,2.17876499247443,59,0.673977610235321,2.68945853155674,2.21561443797913,0.234395880623322,0.0169129968729911
3,"age × arear × party_dpp","60歲及以上 | 中彰投區 | 5 中間",33.308849464604,1.28971193083473,16,0.182773589216358,0.874910025615022,0.971534159716774,-0.321623686113566,-0.246704526422444
3,"age × arear × party_dpp","60歲及以上 | 中彰投區 | 6-10 溫暖",50.45490351958,1.9536036844343,35,0.399817226410784,1.85035640468608,2.20830825848298,-0.0528496544979232,0.130376788331269
3,"age × arear × party_dpp","60歲及以上 | 雲嘉南區 | 0-4 冷淡",28.0144798301538,1.0847150067874,43,0.491204021018963,1.99990713405481,1.34563912961695,0.843716664322672,0.24054624596956
3,"age × arear × party_dpp","60歲及以上 | 雲嘉南區 | 5 中間",28.1211891687749,1.088846770849,9,0.102810143934202,0.485494921707912,0.629794894555418,-0.554120070237835,-0.421594560946026
3,"age × arear × party_dpp","60歲及以上 | 雲嘉南區 | 6-10 溫暖",57.6749918847088,2.23316404919811,34,0.388393877084761,1.98902412241435,2.46435171608381,-0.109324671813262,0.103524712825603
3,"age × arear × party_dpp","60歲及以上 | 高屏區 | 0-4 冷淡",26.279401267461,1.01753311491153,39,0.445510623714873,1.71677893734577,1.26030664369628,0.687197116425077,0.238590297678766
3,"age × arear × party_dpp","60歲及以上 | 高屏區 | 5 中間",24.0082356147765,0.929594039072786,13,0.148503541238291,0.704586904305315,0.701757952499373,-0.242048814116646,-0.24509202619314
3,"age × arear × party_dpp","60歲及以上 | 高屏區 | 6-10 溫暖",76.9781193665931,2.98057725067376,31,0.354123829106694,1.96313994061647,2.95254111765772,-0.34135579268321,-0.00940627625393717
3,"age × arear × party_dpp","60歲及以上 | 花東區 | 0-4 冷淡",9.54410807366666,0.369545938981305,4,0.0456933973040896,0.227742887611899,0.327947456323534,-0.383722391214206,-0.112566472175128
3,"age × arear × party_dpp","60歲及以上 | 花東區 | 5 中間",3.70797501822977,0.143572044580223,1,0.0114233493260224,0.079063656389423,0.12599077686043,-0.449310228738543,-0.122456065672099
3,"age × arear × party_dpp","60歲及以上 | 花東區 | 6-10 溫暖",6.27339990258673,0.242904778499222,1,0.0114233493260224,0.0507939325906124,0.125210984777829,-0.790889529203827,-0.484526465261655
3,"age × arear × party_tpp","20至29歲 | 北北基宜蘭區 | 0-4 冷淡",32.3330218675588,1.25192808316133,357,4.07813570938999,1.5924032050917,1.44922108453384,0.271960607410142,0.157591321758925
3,"age × arear × party_tpp","20至29歲 | 北北基宜蘭區 | 5 中間",24.7467259690287,0.958188236590703,184,2.10189627598812,1.37156209290181,0.810195047476286,0.431411950726845,-0.154451060306257
3,"age × arear × party_tpp","20至29歲 | 北北基宜蘭區 | 6-10 溫暖",28.476353267931,1.10259865310997,218,2.49029015307288,0.683065581068412,1.20166291487687,-0.380494816366984,0.0898461661344096
3,"age × arear × party_tpp","20至29歲 | 桃竹苗區 | 0-4 冷淡",22.4313380339689,0.868536882900726,125,1.4279186657528,1.10835069404021,0.559495882006473,0.27611240911101,-0.355817935862577
3,"age × arear × party_tpp","20至29歲 | 桃竹苗區 | 5 中間",24.3741385153005,0.943761725556052,88,1.00525474068997,1.21112595241792,1.32319169833696,0.283296323237029,0.402040009153102
3,"age × arear × party_tpp","20至29歲 | 桃竹苗區 | 6-10 溫暖",17.4424587588765,0.675368483931612,113,1.29083847384053,0.886337070255235,0.773249357145939,0.312375527349877,0.144929583691143
3,"age × arear × party_tpp","20至29歲 | 中彰投區 | 0-4 冷淡",20.5874583677673,0.797142234248846,174,1.9876627827279,1.29839459561103,0.986086523070715,0.628811697368562,0.237027070833742
3,"age × arear × party_tpp","20至29歲 | 中彰投區 | 5 中間",34.1176078359767,1.32102689179819,95,1.08521818597213,1.19276740436734,1.084932154243,-0.0970907467722031,-0.178720614259273
3,"age × arear × party_tpp","20至29歲 | 中彰投區 | 6-10 溫暖",19.3345893636473,0.748631399189722,97,1.10806488462417,0.639650016471387,0.80164635022501,-0.145574154164907,0.0708158261764982
3,"age × arear × party_tpp","20至29歲 | 雲嘉南區 | 0-4 冷淡",26.0483446798454,1.00858665045732,91,1.03952478866804,0.836449808088333,1.08267457724756,-0.170671347167777,0.0734571756989273
3,"age × arear × party_tpp","20至29歲 | 雲嘉南區 | 5 中間",17.9431107383202,0.694753627563506,38,0.434087274388851,0.463151624483219,0.634462409547975,-0.333358465349095,-0.086780717111146
3,"age × arear × party_tpp","20至29歲 | 雲嘉南區 | 6-10 溫暖",21.7626878026673,0.842646880852424,52,0.594014164953164,0.349512719595697,0.636478892645238,-0.585220419682645,-0.244667123194743
3,"age × arear × party_tpp","20至29歲 | 高屏區 | 0-4 冷淡",21.7721068820178,0.843011585704473,106,1.21087502855837,0.807110255093423,0.904570505469435,-0.0425869955049882,0.0730226260336865
3,"age × arear × party_tpp","20至29歲 | 高屏區 | 5 中間",22.6813785047166,0.8782183994796,75,0.856751199451679,0.855618974995852,0.955078157605797,-0.025733262360638,0.0875178180868681
3,"age × arear × party_tpp","20至29歲 | 高屏區 | 6-10 溫暖",18.3572868976716,0.710790444888898,57,0.651130911583276,0.40500769627013,0.498355902070228,-0.430200983732363,-0.298870847724853
3,"age × arear × party_tpp","20至29歲 | 花東區 | 0-4 冷淡",3.84368893381339,0.148826860009813,18,0.205620287868403,0.280147310599646,0.229879573362762,0.882370632432704,0.544610786974904
3,"age × arear × party_tpp","20至29歲 | 花東區 | 5 中間",4.38604248720862,0.169826680171352,4,0.0456933973040896,0.10785674771174,0.0903547418961135,-0.364901041444642,-0.467959087435806
3,"age × arear × party_tpp","20至29歲 | 花東區 | 6-10 溫暖",4.98435430014121,0.192993192851969,6,0.0685400959561343,0.0683251634034213,0.135301140706225,-0.645971122640432,-0.29893309340706
3,"age × arear × party_tpp","30至39歲 | 北北基宜蘭區 | 0-4 冷淡",70.9786631915618,2.74827951803425,539,6.15718528672607,2.09357694207925,2.77796309831738,-0.238222703207166,0.0108007864878146
3,"age × arear × party_tpp","30至39歲 | 北北基宜蘭區 | 5 中間",51.8810397038126,2.00882338974878,256,2.92437742746173,1.53590374632643,1.659538472599,-0.235421215143005,-0.173875373480922
3,"age × arear × party_tpp","30至39歲 | 北北基宜蘭區 | 6-10 溫暖",43.750182303586,1.69399823170387,321,3.66689513365319,0.862450632607132,1.85225593169906,-0.490878670080042,0.0934225886623332
3,"age × arear × party_tpp","30至39歲 | 桃竹苗區 | 0-4 冷淡",17.4727797815853,0.676542507813287,197,2.25039981722641,1.67810565083461,0.706935856578833,1.48041421116105,0.0449245219842637
3,"age × arear × party_tpp","30至39歲 | 桃竹苗區 | 5 中間",27.8969499078198,1.08016427190761,104,1.18802832990633,1.23072801147527,1.29513437621514,0.13938966829718,0.199016121805144
3,"age × arear × party_tpp","30至39歲 | 桃竹苗區 | 6-10 溫暖",17.5486316360712,0.679479476315018,137,1.56499885766507,0.770913562346866,0.460637639322069,0.134564897423713,-0.322072769849916
3,"age × arear × party_tpp","30至39歲 | 中彰投區 | 0-4 冷淡",33.5037829091363,1.29725971447701,230,2.62737034498515,1.44186339704547,1.11435104281254,0.111468567901032,-0.14099618574698
3,"age × arear × party_tpp","30至39歲 | 中彰投區 | 5 中間",30.5020253210809,1.18103226630584,112,1.27941512451451,1.10573675012112,1.24694225879824,-0.0637539873658414,0.0558071056759223
3,"age × arear × party_tpp","30至39歲 | 中彰投區 | 6-10 溫暖",19.5151752593743,0.755623648637038,145,1.65638565227325,0.562044598523073,0.883687006147271,-0.256184478163348,0.169480346123667
3,"age × arear × party_tpp","30至39歲 | 雲嘉南區 | 0-4 冷淡",23.1585778312801,0.896695461123812,146,1.66780900159927,1.01153389232569,0.935583875524618,0.128068487218561,0.0433685861998978
3,"age × arear × party_tpp","30至39歲 | 雲嘉南區 | 5 中間",17.5502827998396,0.679543409042989,63,0.719671007539411,0.734161971975896,0.653158038735831,0.0803753847157855,-0.0388280865593519
3,"age × arear × party_tpp","30至39歲 | 雲嘉南區 | 6-10 溫暖",13.9698536434964,0.540909914501201,87,0.993831391363948,0.511022652126631,0.576050626598125,-0.0552536782435028,0.0649659234464744
3,"age × arear × party_tpp","30至39歲 | 高屏區 | 0-4 冷淡",22.9943911032372,0.890338184140507,178,2.03335618003199,1.15507302488383,0.841472667085381,0.297341892619027,-0.0548842203171364
3,"age × arear × party_tpp","30至39歲 | 高屏區 | 5 中間",21.2051232643778,0.821058094424769,92,1.05094813799406,1.06957851173854,1.02924647633962,0.30268310975959,0.253561085784936
3,"age × arear × party_tpp","30至39歲 | 高屏區 | 6-10 溫暖",10.9282180916659,0.423138399618482,92,1.05094813799406,0.493924652135543,0.302846353899663,0.167288652083776,-0.284285344528596
3,"age × arear × party_tpp","30至39歲 | 花東區 | 0-4 冷淡",1.3513859963373,0.0523253931208675,13,0.148503541238291,0.242822666942236,0.21548586977001,3.64062766583205,3.11818921784792
3,"age × arear × party_tpp","30至39歲 | 花東區 | 5 中間",3.66596536257905,0.141945439189348,5,0.057116746630112,0.0733076246480038,0.00685601449896683,-0.483550686329447,-0.951699649258746
3,"age × arear × party_tpp","30至39歲 | 花東區 | 6-10 溫暖",2.17174571506917,0.0840895559133723,7,0.0799634452821567,0.0784985878824402,0.0931012710763146,-0.0664882573133318,0.107168067009725
3,"age × arear × party_tpp","40至49歲 | 北北基宜蘭區 | 0-4 冷淡",72.1665595529434,2.79427462547551,513,5.86017820424949,2.51957285174933,3.33907949388851,-0.0983087958576858,0.194971841151902
3,"age × arear × party_tpp","40至49歲 | 北北基宜蘭區 | 5 中間",46.7294494541887,1.80935485467457,233,2.66164039296322,1.69846216691835,1.19504856790971,-0.0612885236247197,-0.339516753818504
3,"age × arear × party_tpp","40至49歲 | 北北基宜蘭區 | 6-10 溫暖",50.3628155350705,1.95003805625387,300,3.42700479780672,0.860043750849037,1.79975684988553,-0.558960529980001,-0.0770657812991846
3,"age × arear × party_tpp","40至49歲 | 桃竹苗區 | 0-4 冷淡",36.9763724232628,1.43171767983003,197,2.25039981722641,1.93144362066932,1.16843367263123,0.349039442537733,-0.183893801765484
3,"age × arear × party_tpp","40至49歲 | 桃竹苗區 | 5 中間",30.677060601606,1.18780959705243,105,1.19945167923235,1.31477671369394,1.38972388467807,0.106891809054729,0.16998876598294
3,"age × arear × party_tpp","40至49歲 | 桃竹苗區 | 6-10 溫暖",24.8452394582313,0.962002659016425,153,1.74777244688143,1.30850819867535,1.04290014565157,0.360191873079857,0.0840927890135552
3,"age × arear × party_tpp","40至49歲 | 中彰投區 | 0-4 冷淡",49.6454408775445,1.92226145425287,214,2.44459675576879,1.86291666511761,1.7961889559384,-0.030872381591988,-0.0655855102517633
3,"age × arear × party_tpp","40至49歲 | 中彰投區 | 5 中間",35.478453852858,1.37371857500586,108,1.23372172721042,1.35404988495797,1.53108193564077,-0.0143178453037996,0.114552837457436
3,"age × arear × party_tpp","40至49歲 | 中彰投區 | 6-10 溫暖",27.4179841726212,1.06161881527744,124,1.41649531642678,0.697883943654484,1.03123988801537,-0.342622857082558,-0.0286156639510283
3,"age × arear × party_tpp","40至49歲 | 雲嘉南區 | 0-4 冷淡",39.0326141412336,1.51133494427998,163,1.86200594014165,1.40569608914238,1.4649633652445,-0.0698977123088545,-0.0306825295153683
3,"age × arear × party_tpp","40至49歲 | 雲嘉南區 | 5 中間",28.7834894557639,1.11449090433469,78,0.891021247429746,1.21322791713345,1.25567160205491,0.0885938255886489,0.126677299178591
3,"age × arear × party_tpp","40至49歲 | 雲嘉南區 | 6-10 溫暖",14.7610615466594,0.571545324876586,71,0.81105780214759,0.653327237682834,0.524725619080888,0.143089111653406,-0.0819177478283252
3,"age × arear × party_tpp","40至49歲 | 高屏區 | 0-4 冷淡",44.0586391371292,1.70594161806403,202,2.30751656385652,1.80814073095779,1.59558900228238,0.0599077435075109,-0.0646872170847679
3,"age × arear × party_tpp","40至49歲 | 高屏區 | 5 中間",20.0584149614545,0.776657780296865,81,0.925291295407814,0.966734672686498,0.846278971547919,0.244736996411701,0.0896420444335758
3,"age × arear × party_tpp","40至49歲 | 高屏區 | 6-10 溫暖",7.29008599624401,0.282270658917786,78,0.891021247429746,0.510931060662761,0.362686403266911,0.81007499193026,0.284888782480741
3,"age × arear × party_tpp","40至49歲 | 花東區 | 0-4 冷淡",4.77449441257137,0.184867460346856,16,0.182773589216358,0.331158965321215,0.198979844928382,0.791331826054629,0.0763378506690567
3,"age × arear × party_tpp","40至49歲 | 花東區 | 5 中間",1.72944264852077,0.066963670416233,12,0.137080191912269,0.25391794154517,0.103374944949478,2.79187610187534,0.543746695886284
3,"age × arear × party_tpp","40至49歲 | 花東區 | 6-10 溫暖",2.39603002477583,0.0927737991333339,8,0.0913867946081791,0.108850066087862,0.153919329910825,0.173284559915706,0.659081888945968
3,"age × arear × party_tpp","50至59歲 | 北北基宜蘭區 | 0-4 冷淡",84.9709456736435,3.29005787264021,213,2.43317340644277,3.83131633531546,3.30845792391416,0.164513356186314,0.00559262237511518
3,"age × arear × party_tpp","50至59歲 | 北北基宜蘭區 | 5 中間",50.7892650079095,1.96655009380123,73,0.833904500799634,1.54084319886997,1.78032681026549,-0.216473964366902,-0.0946954181959233
3,"age × arear × party_tpp","50至59歲 | 北北基宜蘭區 | 6-10 溫暖",26.7872468990784,1.0371967953042,86,0.982408042037926,1.37469767623105,1.09760525849207,0.325397149754854,0.0582420457345909
3,"age × arear × party_tpp","50至59歲 | 桃竹苗區 | 0-4 冷淡",46.3209917433005,1.79353945451992,50,0.57116746630112,1.2809363999456,1.91481773278527,-0.285805284786178,0.0676195206967565
3,"age × arear × party_tpp","50至59歲 | 桃竹苗區 | 5 中間",22.5402164318832,0.872752632500528,20,0.228466986520448,0.441478741990409,0.77960714634475,-0.494153640390031,-0.106726101631921
3,"age × arear × party_tpp","50至59歲 | 桃竹苗區 | 6-10 溫暖",17.7034166554258,0.68547272103481,25,0.28558373315056,0.460557504121867,0.599661584276042,-0.328116947634918,-0.125185341627052
3,"age × arear × party_tpp","50至59歲 | 中彰投區 | 0-4 冷淡",40.5419766958746,1.56977715786482,77,0.879597898103724,1.67300803441006,1.30157573317763,0.0657614846973882,-0.170853183423813
3,"age × arear × party_tpp","50至59歲 | 中彰投區 | 5 中間",22.7275150783549,0.880004798302301,38,0.434087274388851,0.870097821024781,1.033334796729,-0.011257867339625,0.174237684524569
3,"age × arear × party_tpp","50至59歲 | 中彰投區 | 6-10 溫暖",13.5491057133215,0.524618639535456,35,0.399817226410784,0.741658129476703,0.648272701662047,0.413709070904215,0.235702761602381
3,"age × arear × party_tpp","50至59歲 | 雲嘉南區 | 0-4 冷淡",29.5220220238841,1.14308673636505,66,0.753941055517478,1.59624449718069,1.1383468508461,0.396433399495693,-0.00414656680736959
3,"age × arear × party_tpp","50至59歲 | 雲嘉南區 | 5 中間",18.90291749847,0.731917151664705,25,0.28558373315056,0.73280234103074,0.877689941287882,0.00120941197240988,0.199165696953031
3,"age × arear × party_tpp","50至59歲 | 雲嘉南區 | 6-10 溫暖",5.92780533951916,0.229523426744833,22,0.251313685172493,0.390203329698988,0.152168719571834,0.700058835967045,-0.337023145175488
3,"age × arear × party_tpp","50至59歲 | 高屏區 | 0-4 冷淡",48.3960907469166,1.87388686926539,83,0.948137994059858,1.9363779717896,2.01655466933169,0.0333483859400266,0.0761346922305032
3,"age × arear × party_tpp","50至59歲 | 高屏區 | 5 中間",28.0917371443723,1.08770639440641,21,0.23989033584647,0.623771502136339,0.920254986932521,-0.426525848019172,-0.153949088039765
3,"age × arear × party_tpp","50至59歲 | 高屏區 | 6-10 溫暖",4.53295877230712,0.175515249088354,20,0.228466986520448,0.379463247335757,0.208698273268734,1.1619958909937,0.189060633493304
3,"age × arear × party_tpp","50至59歲 | 花東區 | 0-4 冷淡",7.52874483610422,0.29151148104507,8,0.0913867946081791,0.267195303768232,0.271698125732921,-0.0834141324028295,-0.0679676671433958
3,"age × arear × party_tpp","50至59歲 | 花東區 | 5 中間",1.3674503030375,0.0529473998351448,5,0.057116746630112,0.180471002680573,0.178279407137162,2.4084960402679,2.36710410128253
3,"age × arear × party_tpp","50至59歲 | 花東區 | 6-10 溫暖",4.96225818133497,0.192137635589932,2,0.0228466986520448,0.0770794725015673,0.170851847753092,-0.59883199215549,-0.110784062536655
3,"age × arear × party_tpp","60歲及以上 | 北北基宜蘭區 | 0-4 冷淡",166.937777672676,6.46379706991318,144,1.64496230294722,6.26582530234197,5.55072849366003,-0.0306277820033524,-0.141258855495816
3,"age × arear × party_tpp","60歲及以上 | 北北基宜蘭區 | 5 中間",60.1802642094043,2.33016768814347,74,0.845327850125657,4.10904158527918,3.68781729125791,0.763410249909093,0.582640300963112
3,"age × arear × party_tpp","60歲及以上 | 北北基宜蘭區 | 6-10 溫暖",22.4684849221576,0.86997520291659,45,0.514050719671008,1.93646330384268,0.765571132695826,1.2258833324797,-0.120008098932877
3,"age × arear × party_tpp","60歲及以上 | 桃竹苗區 | 0-4 冷淡",75.2018487042651,2.91180040901099,36,0.411240575736806,1.91006764201458,3.37320254019086,-0.344025216802774,0.158459395002486
3,"age × arear × party_tpp","60歲及以上 | 桃竹苗區 | 5 中間",30.2305188433275,1.17051959026671,6,0.0685400959561343,0.280106485511736,0.424634727976165,-0.76069901961409,-0.637225441156939
3,"age × arear × party_tpp","60歲及以上 | 桃竹苗區 | 6-10 溫暖",18.9897080150049,0.735277662953974,17,0.194196938542381,0.86130950661719,0.863119510470739,0.171407143196604,0.173868803525406
3,"age × arear × party_tpp","60歲及以上 | 中彰投區 | 0-4 冷淡",84.1937864548598,3.25996642448951,62,0.708247658213388,3.08907547814579,3.66238412488974,-0.0524210755853055,0.123442283753962
3,"age × arear × party_tpp","60歲及以上 | 中彰投區 | 5 中間",32.5344530978383,1.25972745975674,24,0.274160383824537,1.21541638365085,1.10748734253302,-0.0351751291620178,-0.120851630282886
3,"age × arear × party_tpp","60歲及以上 | 中彰投區 | 6-10 溫暖",23.305563679148,0.902386723497211,24,0.274160383824537,1.1102331000612,0.625585388756133,0.230329603873686,-0.306743580699338
3,"age × arear × party_tpp","60歲及以上 | 雲嘉南區 | 0-4 冷淡",80.5885234803998,3.12037136952075,53,0.605437514279187,2.7336877390474,3.06189547172771,-0.123922310738526,-0.0187400443306911
3,"age × arear × party_tpp","60歲及以上 | 雲嘉南區 | 5 中間",25.8804854968173,1.00208717675795,17,0.194196938542381,0.902094747989939,0.792595404317934,-0.0997841615851388,-0.209055436791222
3,"age × arear × party_tpp","60歲及以上 | 雲嘉南區 | 6-10 溫暖",7.34165190642039,0.284267280555814,16,0.182773589216358,0.838643691139737,0.585294864210535,1.95019423093639,1.05895966312457
3,"age × arear × party_tpp","60歲及以上 | 高屏區 | 0-4 冷淡",91.0197497403253,3.52426634568793,48,0.548320767649075,2.54300517337181,3.48908486011169,-0.278429913084387,-0.00998264095994886
3,"age × arear × party_tpp","60歲及以上 | 高屏區 | 5 中間",25.3832819695519,0.982835556498635,19,0.217043637194425,0.970989498740871,0.781734495641863,-0.0120529397613225,-0.204613131390155
3,"age × arear × party_tpp","60歲及以上 | 高屏區 | 6-10 溫暖",10.8627245389534,0.420602502471517,16,0.182773589216358,0.870511110154879,0.643786358099814,1.06967648798958,0.530628929492429
3,"age × arear × party_tpp","60歲及以上 | 花東區 | 0-4 冷淡",11.9617059383115,0.463154840522814,4,0.0456933973040896,0.203586645362909,0.279385471226311,-0.560435026150007,-0.396777391096814
3,"age × arear × party_tpp","60歲及以上 | 花東區 | 5 中間",5.92053949574153,0.229242094739729,2,0.0228466986520448,0.154013831229026,0.299763746735482,-0.328160775167026,0.307629591658635
3,"age × arear × party_tpp","60歲及以上 | 花東區 | 6-10 溫暖",1.6432375604301,0.0636258267982074,0,0,0,0,-1,-1
3,"age × party_kmt × party_dpp","20至29歲 | 0-4 冷淡 | 0-4 冷淡",82.9638422305303,3.21234323227854,794,9.07013936486178,2.50279474873188,2.31458216322897,-0.220881902163169,-0.279472336588637
3,"age × party_kmt × party_dpp","20至29歲 | 0-4 冷淡 | 5 中間",17.3419668817003,0.671477458722715,159,1.81631254283756,1.11426043535692,0.897635774274464,0.659415995104986,0.336807010591163
3,"age × party_kmt × party_dpp","20至29歲 | 0-4 冷淡 | 6-10 溫暖",51.3319219374418,1.98756166062558,300,3.42700479780672,2.46040889397062,2.52965521025349,0.23790317689878,0.272743009873357
3,"age × party_kmt × party_dpp","20至29歲 | 5 中間 | 0-4 冷淡",38.6967305382937,1.49832959894244,102,1.16518163125428,1.06622295186912,1.57004894291613,-0.288392251863885,0.0478661998163238
3,"age × party_kmt × party_dpp","20至29歲 | 5 中間 | 5 中間",90.6894860688015,3.51147860296093,222,2.53598355037697,3.15541741676044,3.58187442110543,-0.101399218523004,0.0200473436133522
3,"age × party_kmt × party_dpp","20至29歲 | 5 中間 | 6-10 溫暖",10.1151452144387,0.391656381858836,58,0.662554260909299,0.793887335686522,0.273872863727111,1.02699961613969,-0.300731773021837
3,"age × party_kmt × party_dpp","20至29歲 | 6-10 溫暖 | 0-4 冷淡",42.1759574349312,1.63304456240712,131,1.49645876170893,1.1099698688389,2.18279837859544,-0.320306442095614,0.336643487167295
3,"age × party_kmt × party_dpp","20至29歲 | 6-10 溫暖 | 5 中間",17.7614921763949,0.687721393489346,39,0.445510623714873,0.471776783950185,0.424016409465103,-0.31400013375112,-0.383447405476603
3,"age × party_kmt × party_dpp","20至29歲 | 6-10 溫暖 | 6-10 溫暖",14.5461507239253,0.563224021180997,93,1.06237148732008,1.48209847730191,0.382352748900294,1.63145466380176,-0.321135579234428
3,"age × party_kmt × party_dpp","30至39歲 | 0-4 冷淡 | 0-4 冷淡",99.8660029040243,3.86679148335535,1128,12.8855380397533,2.77900747110825,3.26630281398228,-0.28131437056523,-0.155293780892474
3,"age × party_kmt × party_dpp","30至39歲 | 0-4 冷淡 | 5 中間",23.9775403889243,0.928405526120896,213,2.43317340644277,1.07217519735721,0.965925278493678,0.1548565440331,0.040413107545308
3,"age × party_kmt × party_dpp","30至39歲 | 0-4 冷淡 | 6-10 溫暖",88.9085612447548,3.44252155309544,459,5.24331734064428,3.03625708400734,3.94396048110262,-0.118013631235744,0.145660359789554
3,"age × party_kmt × party_dpp","30至39歲 | 5 中間 | 0-4 冷淡",35.7514485377786,1.38428887412624,166,1.89627598811972,1.07879113873293,1.58376098457134,-0.220689294773202,0.144097170882056
3,"age × party_kmt × party_dpp","30至39歲 | 5 中間 | 5 中間",99.0087880851419,3.83360029852095,288,3.28992460589445,3.6110933633287,3.70709459384694,-0.0580412452696484,-0.0329991900101898
3,"age × party_kmt × party_dpp","30至39歲 | 5 中間 | 6-10 溫暖",12.734978106704,0.493095782866619,95,1.08521818597213,1.25033731375157,0.441762191694819,1.53568851569308,-0.104104705323925
3,"age × party_kmt × party_dpp","30至39歲 | 6-10 溫暖 | 0-4 冷淡",44.5200884419306,1.72380884204335,191,2.18185972127028,1.18239094659441,2.11795338325434,-0.314082328761674,0.228647476215389
3,"age × party_kmt × party_dpp","30至39歲 | 6-10 溫暖 | 5 中間",5.01849045623132,0.194314937928425,50,0.57116746630112,0.674913835634634,0.293938680723572,2.47329877378359,0.512692147383145
3,"age × party_kmt × party_dpp","30至39歲 | 6-10 溫暖 | 6-10 溫暖",20.2588756564208,0.784419577960763,134,1.530728809687,1.96628052550299,0.330548468348474,1.50666936515618,-0.578607574778037
3,"age × party_kmt × party_dpp","40至49歲 | 0-4 冷淡 | 0-4 冷淡",92.4162150165073,3.57833719942913,906,10.3495544893763,3.32904024754504,3.03121778657553,-0.0696683789118189,-0.152897667928246
3,"age × party_kmt × party_dpp","40至49歲 | 0-4 冷淡 | 5 中間",34.5373109797912,1.33727771284687,200,2.28466986520448,1.21123180377324,1.24035096986976,-0.0942555969210685,-0.0724806388725079
3,"age × party_kmt × party_dpp","40至49歲 | 0-4 冷淡 | 6-10 溫暖",123.225462708827,4.77126505396377,447,5.10623714873201,3.43835557221571,5.35705758614829,-0.279361860360438,0.122775097497017
3,"age × party_kmt × party_dpp","40至49歲 | 5 中間 | 0-4 冷淡",57.4414405393877,2.22412098822889,212,2.42175005711675,1.90396688405523,1.9142533075361,-0.143946352679585,-0.13932141386766
3,"age × party_kmt × party_dpp","40至49歲 | 5 中間 | 5 中間",79.5447587657879,3.07995701036223,270,3.08430431802605,3.87817030560833,3.43059021785765,0.259163778117869,0.113843539476605
3,"age × party_kmt × party_dpp","40至49歲 | 5 中間 | 6-10 溫暖",19.563132374804,0.757480538470588,99,1.13091158327622,1.58907320952643,0.75066438215572,1.09784031248498,-0.00899845734469943
3,"age × party_kmt × party_dpp","40至49歲 | 6-10 溫暖 | 0-4 冷淡",71.3803641535249,2.76383329823378,265,3.02718757139593,1.98219964604203,3.63073700888581,-0.282807813586751,0.313659912559133
3,"age × party_kmt × party_dpp","40至49歲 | 6-10 溫暖 | 5 中間",23.6930255409647,0.917389168611966,72,0.822481151473612,0.827478465755526,0.668951142019637,-0.0980071554501541,-0.270809853759471
3,"age × party_kmt × party_dpp","40至49歲 | 6-10 溫暖 | 6-10 溫暖",35.381938173084,1.36998150735814,185,2.11331962531414,2.64012634298381,0.775820076456856,0.927125533303741,-0.433700329318355
3,"age × party_kmt × party_dpp","50至59歲 | 0-4 冷淡 | 0-4 冷淡",42.9313733403399,1.66229411385089,257,2.93580077678775,3.80329415130892,1.74109811840329,1.28797907639711,0.0474067759103381
3,"age × party_kmt × party_dpp","50至59歲 | 0-4 冷淡 | 5 中間",17.181642055782,0.665269713810492,41,0.468357322366918,0.843807937870379,0.49705582931722,0.26836968578844,-0.252850657411994
3,"age × party_kmt × party_dpp","50至59歲 | 0-4 冷淡 | 6-10 溫暖",104.746598419293,4.05576715699155,131,1.49645876170893,2.9816738993135,4.1948723092316,-0.264831095105269,0.0342981110245083
3,"age × party_kmt × party_dpp","50至59歲 | 5 中間 | 0-4 冷淡",39.0230433106111,1.5109643636493,102,1.16518163125428,1.88837742330491,1.80381161086887,0.249782899408745,0.193814794223393
3,"age × party_kmt × party_dpp","50至59歲 | 5 中間 | 5 中間",74.8925087504019,2.89982282841021,86,0.982408042037926,2.50157184284467,2.78190895825538,-0.13733631643416,-0.0406624394427164
3,"age × party_kmt × party_dpp","50至59歲 | 5 中間 | 6-10 溫暖",28.6268558579442,1.1084260830297,29,0.331277130454649,0.843669942932517,0.921773687194721,-0.238857731833155,-0.168394084813301
3,"age × party_kmt × party_dpp","50至59歲 | 6-10 溫暖 | 0-4 冷淡",121.168258346403,4.69161051611482,144,1.64496230294722,3.27337442606337,4.36897398506317,-0.302291949679127,-0.0687688225489842
3,"age × party_kmt × party_dpp","50至59歲 | 6-10 溫暖 | 5 中間",18.6416298208156,0.721800145503652,28,0.319853781128627,0.864163245098513,1.02788855308782,0.197233403846884,0.424062546247595
3,"age × party_kmt × party_dpp","50至59歲 | 6-10 溫暖 | 6-10 溫暖",27.950754843147,1.08224758814773,51,0.582590815627142,1.3982696407716,1.06081945808634,0.292005319378672,-0.019799656100931
3,"age × party_kmt × party_dpp","60歲及以上 | 0-4 冷淡 | 0-4 冷淡",40.2989034820468,1.56036541206816,173,1.97623943340187,7.18444305740785,3.67569318108205,3.60433370404266,1.35566179091996
3,"age × party_kmt × party_dpp","60歲及以上 | 0-4 冷淡 | 5 中間",30.1103181055788,1.16586544195293,26,0.297007082476582,1.28398751968475,1.15396753857699,0.101317076123261,-0.0102052114659228
3,"age × party_kmt × party_dpp","60歲及以上 | 0-4 冷淡 | 6-10 溫暖",259.179575625637,10.0353808758324,111,1.26799177518849,5.90018557529312,8.1315485544045,-0.412061619952844,-0.18971201442018
3,"age × party_kmt × party_dpp","60歲及以上 | 5 中間 | 0-4 冷淡",57.3272858994279,2.21970094360163,46,0.52547406899703,2.24697050746636,1.9407968472838,0.0122852422725433,-0.125649402061021
3,"age × party_kmt × party_dpp","60歲及以上 | 5 中間 | 5 中間",111.709860573992,4.32538326270512,58,0.662554260909299,3.4796837920526,4.13147335181189,-0.19552012371815,-0.0448306887773831
3,"age × party_kmt × party_dpp","60歲及以上 | 5 中間 | 6-10 溫暖",40.331199771977,1.56161591789812,27,0.308430431802605,1.51268804771148,1.96623511480594,-0.0313315647118237,0.259102889686487
3,"age × party_kmt × party_dpp","60歲及以上 | 6-10 溫暖 | 0-4 冷淡",168.822764221299,6.53678336875864,103,1.17660498058031,4.73577332801905,4.92458828484105,-0.275519309596091,-0.246634314305531
3,"age × party_kmt × party_dpp","60歲及以上 | 6-10 溫暖 | 5 中間",23.9360810150358,0.926800227528829,16,0.182773589216358,0.876831784399521,1.06389201077015,-0.0539150095620291,0.147919453588021
3,"age × party_kmt × party_dpp","60歲及以上 | 6-10 溫暖 | 6-10 溫暖",42.9283170306377,1.66217577415587,47,0.536897418323052,2.77350761246699,3.00587634092541,0.668600671234974,0.808398598789551
3,"age × party_kmt × party_tpp","20至29歲 | 0-4 冷淡 | 0-4 冷淡",102.68218639418,3.97583353989752,762,8.70459218642906,4.38629791592312,4.16403439892923,0.103239829310405,0.0473362018663798
3,"age × party_kmt × party_tpp","20至29歲 | 0-4 冷淡 | 5 中間",26.0395954149857,1.00824788068722,206,2.35320996116061,1.1574150778583,0.709556774527837,0.1479469483927,-0.296247690553828
3,"age × party_kmt × party_tpp","20至29歲 | 0-4 冷淡 | 6-10 溫暖",22.9159492405066,0.887300931042107,285,3.25565455791638,0.533751084278,0.868281974299852,-0.398455399284743,-0.0214346182640845
3,"age × party_kmt × party_tpp","20至29歲 | 5 中間 | 0-4 冷淡",11.1221697546469,0.430648168877181,52,0.594014164953164,0.703317594484266,0.679380228433678,0.633160536402626,0.577576029650864
3,"age × party_kmt × party_tpp","20至29歲 | 5 中間 | 5 中間",82.1589790506685,3.18117909234449,224,2.55883024902902,3.30623154365249,3.45774575990701,0.0393100946780822,0.0869384148248941
3,"age × party_kmt × party_tpp","20至29歲 | 5 中間 | 6-10 溫暖",46.2202130162184,1.78963732254054,106,1.21087502855837,1.00597856617933,1.28867023940797,-0.437886909538038,-0.279926595641959
3,"age × party_kmt × party_tpp","20至29歲 | 6-10 溫暖 | 0-4 冷淡",13.2116026161446,0.511550587707806,57,0.651130911583276,0.833240358116953,0.368513518327872,0.628852313220083,-0.279614710288703
3,"age × party_kmt × party_tpp","20至29歲 | 6-10 溫暖 | 5 中間",20.050429584897,0.776348588127699,54,0.616860863605209,0.7384361753671,0.730911674671278,-0.0488342650973723,-0.0585264327793787
3,"age × party_kmt × party_tpp","20至29歲 | 6-10 溫暖 | 6-10 溫暖",41.2215681342099,1.59609080124195,152,1.7363490975554,1.49216859660695,1.88974234396168,-0.065110458975228,0.183981727412521
3,"age × party_kmt × party_tpp","30至39歲 | 0-4 冷淡 | 0-4 冷淡",142.032242600317,5.49945977688305,1109,12.6684944025588,5.15386804806148,5.27904121230762,-0.0628410321817906,-0.0400800394071363
3,"age × party_kmt × party_tpp","30至39歲 | 0-4 冷淡 | 5 中間",38.0523569654,1.4733795842096,271,3.09572766735207,1.14236442228007,1.48620909457503,-0.224663871738868,0.00870753911817237
3,"age × party_kmt × party_tpp","30至39歲 | 0-4 冷淡 | 6-10 溫暖",32.6675049719863,1.26487920147904,420,4.7978067169294,0.591207282131243,1.41093826669593,-0.532597831128903,0.115472738460803
3,"age × party_kmt × party_tpp","30至39歲 | 5 中間 | 0-4 冷淡",14.5337755083788,0.562744855331877,107,1.2222983778844,1.31256908702642,1.03556467471762,1.33244084701998,0.840202828876861
3,"age × party_kmt × party_tpp","30至39歲 | 5 中間 | 5 中間",101.379741781582,3.92540314728055,274,3.12999771533013,3.47604459751298,3.38062177859531,-0.114474496735163,-0.138783546108545
3,"age × party_kmt × party_tpp","30至39歲 | 5 中間 | 6-10 溫暖",31.5816974396639,1.22283695290139,168,1.91912268677176,1.15160813127381,1.31643131680016,-0.0582488298694097,0.0765387108041748
3,"age × party_kmt × party_tpp","30至39歲 | 6-10 溫暖 | 0-4 冷淡",12.893562704442,0.499236146494809,87,0.993831391363948,1.15653843902318,0.277186523063516,1.3166159885324,-0.444778738459401
3,"age × party_kmt × party_tpp","30至39歲 | 6-10 溫暖 | 5 中間",13.269287612528,0.513784139129176,87,0.993831391363948,1.13100759649222,1.02404476401646,1.2013283602121,0.993142033835723
3,"age × party_kmt × party_tpp","30至39歲 | 6-10 溫暖 | 6-10 溫暖",43.6346042376127,1.68952307230856,201,2.2960932145305,1.53603927221664,1.44120924524641,-0.0908444534481555,-0.146972735165348
3,"age × party_kmt × party_tpp","40至49歲 | 0-4 冷淡 | 0-4 冷淡",185.633098437965,7.18767611795407,1027,11.731779757825,6.0208277529971,7.51184442430996,-0.162340142461665,0.0451005722901384
3,"age × party_kmt × party_tpp","40至49歲 | 0-4 冷淡 | 5 中間",30.1842243106057,1.16872707530016,207,2.36463331048663,1.17685975790833,1.04247528865766,0.00695858150294193,-0.108025037932893
3,"age × party_kmt × party_tpp","40至49歲 | 0-4 冷淡 | 6-10 溫暖",34.3616659565555,1.33047677298553,319,3.64404843500114,0.780940112628563,1.07430662962595,-0.41303739495116,-0.192540109350988
3,"age × party_kmt × party_tpp","40至49歲 | 5 中間 | 0-4 冷淡",39.8472126197422,1.54287603301344,139,1.58784555631711,1.9454041569595,1.41267280438295,0.260894663818113,-0.0843899482813158
3,"age × party_kmt × party_tpp","40至49歲 | 5 中間 | 5 中間",94.4334874667529,3.65644558169525,300,3.42700479780672,4.32260710067941,3.49372405517531,0.182188276592729,-0.0445026523393527
3,"age × party_kmt × party_tpp","40至49歲 | 5 中間 | 6-10 溫暖",22.2686315934845,0.862236922353023,142,1.62211560429518,1.10319914155108,1.18911104799122,0.279461726761218,0.379100125689543
3,"age × party_kmt × party_tpp","40至49歲 | 6-10 溫暖 | 0-4 冷淡",21.1738094869781,0.819845631281759,139,1.58784555631711,1.89269701300104,0.63871710622049,1.30860169376272,-0.220930036277793
3,"age × party_kmt × party_tpp","40至49歲 | 6-10 溫暖 | 5 中間",38.8385991970332,1.50382272478524,110,1.25656842586246,1.30170243834763,1.78498056294788,-0.134404330448237,0.186962089033999
3,"age × party_kmt × party_tpp","40至49歲 | 6-10 溫暖 | 6-10 溫暖",70.4429191835623,2.72753561813689,273,3.11857436600411,2.25540500343269,2.65181055819393,-0.173097873246728,-0.0277631791274962
3,"age × party_kmt × party_tpp","50至59歲 | 0-4 冷淡 | 0-4 冷淡",146.980789952947,5.69106653195182,333,3.80397532556546,6.14481727039641,5.377501079341,0.0797303521048393,-0.055097836380992
3,"age × party_kmt × party_tpp","50至59歲 | 0-4 冷淡 | 5 中間",13.9124894154278,0.538688783164264,44,0.502627370344985,0.851846646877499,0.863434314124959,0.581333551951354,0.602844427264915
3,"age × party_kmt × party_tpp","50至59歲 | 0-4 冷淡 | 6-10 溫暖",3.96633444704033,0.15357566953685,52,0.594014164953164,0.632112071218885,0.192090863486154,3.11596493849056,0.250789686058067
3,"age × party_kmt × party_tpp","50至59歲 | 5 中間 | 0-4 冷淡",59.5074276200923,2.30411559115766,75,0.856751199451679,1.92788321653056,2.01090061351857,-0.163287109410195,-0.127257060697971
3,"age × party_kmt × party_tpp","50至59歲 | 5 中間 | 5 中間",70.9379249670041,2.74670214219877,88,1.00525474068997,2.38049966305254,2.81133028233189,-0.133324423322102,0.0235293587681767
3,"age × party_kmt × party_tpp","50至59歲 | 5 中間 | 6-10 溫暖",12.0970553318608,0.468395541732782,54,0.616860863605209,0.925236329498998,0.685263360468512,0.975331204212962,0.463001457984528
3,"age × party_kmt × party_tpp","50至59歲 | 6-10 溫暖 | 0-4 冷淡",50.7925541466846,1.96667744859098,89,1.01667809001599,2.51237805548267,2.56304934292821,0.277473363658417,0.303238283819494
3,"age × party_kmt × party_tpp","50至59歲 | 6-10 溫暖 | 5 中間",59.5686870815954,2.30648754514727,50,0.57116746630112,1.15711829780277,1.89472849223996,-0.49832016208486,-0.178522122858904
3,"age × party_kmt × party_tpp","50至59歲 | 6-10 溫暖 | 6-10 溫暖",57.3994017820858,2.22249325602795,84,0.959561343385881,1.86631095864805,1.99990416106916,-0.160262487372615,-0.100152877564454
3,"age × party_kmt × party_tpp","60歲及以上 | 0-4 冷淡 | 0-4 冷淡",305.81309516231,11.8410213434557,242,2.76445053689742,11.3241465194872,11.6755196958316,-0.0436512027954526,-0.0139769740146244
3,"age × party_kmt × party_tpp","60歲及以上 | 0-4 冷淡 | 5 中間",16.6502952026162,0.644696070861113,32,0.365547178432716,1.52327811177715,0.831495082482777,1.36278485417559,0.289747402015587
3,"age × party_kmt × party_tpp","60歲及以上 | 0-4 冷淡 | 6-10 溫暖",7.1254068483366,0.27589431553668,36,0.411240575736806,1.52119152112134,0.454194495749146,4.51367474955858,0.64626260916478
3,"age × party_kmt × party_tpp","60歲及以上 | 5 中間 | 0-4 冷淡",108.521957272949,4.20194829008403,47,0.536897418323052,2.56396611011092,3.93731200415885,-0.38981493033565,-0.0629794246991746
3,"age × party_kmt × party_tpp","60歲及以上 | 5 中間 | 5 中間",84.015856238043,3.25307700239379,64,0.731094356865433,3.75377999115162,3.60006811328446,0.153916734337794,0.106665507959184
3,"age × party_kmt × party_tpp","60歲及以上 | 5 中間 | 6-10 溫暖",16.8305327344057,0.651674831727052,20,0.228466986520448,0.921596245967909,0.501125196458305,0.414196469005129,-0.231019563652265
3,"age × party_kmt × party_tpp","60歲及以上 | 6-10 溫暖 | 0-4 冷淡",95.5683395555788,3.70038682560543,58,0.662554260909299,2.85713535068629,3.80384926181587,-0.227881979549845,0.0279598974611311
3,"age × party_kmt × party_tpp","60歲及以上 | 6-10 溫暖 | 5 中間",79.4633916720217,3.07680649290833,46,0.52547406899703,2.35460442947284,2.66246981269513,-0.234724564284457,-0.134664523481797
3,"age × party_kmt × party_tpp","60歲及以上 | 6-10 溫暖 | 6-10 溫暖",60.6554310393722,2.34856605192958,62,0.708247658213388,3.17437294472644,2.5280375620256,0.351621744731588,0.0764174845959993
3,"age × party_dpp × party_tpp","20至29歲 | 0-4 冷淡 | 0-4 冷淡",63.7879737303764,2.46985747289957,562,6.41992232122458,2.64211121725021,1.59032737847525,0.0697423824008824,-0.356105606932761
3,"age × party_dpp × party_tpp","20至29歲 | 0-4 冷淡 | 5 中間",37.6924136460539,1.45944265150714,175,1.99908613205392,1.20227947475031,1.61930841842793,-0.176206428180828,0.109538916623893
3,"age × party_dpp × party_tpp","20至29歲 | 0-4 冷淡 | 6-10 溫暖",62.3561428273249,2.41441726922139,290,3.31277130454649,0.83459687743938,2.85779368783735,-0.654327821425614,0.183637030876166
3,"age × party_dpp × party_tpp","20至29歲 | 5 中間 | 0-4 冷淡",22.3922716399036,0.8670242400046,109,1.24514507653644,1.06046617071976,1.03225965115209,0.223110175920957,0.190577614239035
3,"age × party_dpp × party_tpp","20至29歲 | 5 中間 | 5 中間",76.9256747818693,2.97854660693454,229,2.61594699565913,3.05580000015852,2.9584980259471,0.025936607150658,-0.00673099455310098
3,"age × party_dpp × party_tpp","20至29歲 | 5 中間 | 6-10 溫暖",26.4749987051239,1.02510660823386,82,0.936714644733836,0.625188465189265,0.912768927745799,-0.390123466020385,-0.109586339201934
3,"age × party_dpp × party_tpp","20至29歲 | 6-10 溫暖 | 0-4 冷淡",40.8357133946916,1.58115058357833,200,2.28466986520448,2.22027848055437,2.58934111606344,0.404216969347482,0.637630939744808
3,"age × party_dpp × party_tpp","20至29歲 | 6-10 溫暖 | 5 中間",13.630915622628,0.527786302717734,80,0.913867946081791,0.944003321969051,0.320407764731097,0.788608982666067,-0.392921409515141
3,"age × party_dpp × party_tpp","20至29歲 | 6-10 溫暖 | 6-10 溫暖",21.5265888584861,0.833505177369347,171,1.95339273474983,1.57211290443564,0.27613194208636,0.886146537682506,-0.668709985752136
3,"age × party_dpp × party_tpp","30至39歲 | 0-4 冷淡 | 0-4 冷淡",74.5377344797059,2.88608604022856,801,9.15010281014393,3.04902965332116,1.48247913090342,0.0564583352060063,-0.486335781317864
3,"age × party_dpp × party_tpp","30至39歲 | 0-4 冷淡 | 5 中間",43.1631565204085,1.67126871181828,245,2.79872058487549,1.14351764057403,2.24633375361123,-0.315778706028712,0.344088917435242
3,"age × party_dpp × party_tpp","30至39歲 | 0-4 冷淡 | 6-10 溫暖",62.436648883619,2.4175344474781,439,5.01485035412383,0.847642262540393,3.23920429729331,-0.649377379741319,0.339879272732741
3,"age × party_dpp × party_tpp","30至39歲 | 5 中間 | 0-4 冷淡",19.630099452237,0.760073490197432,179,2.04477952935801,1.63173547773272,1.37300037575984,1.14681277373438,0.806404766732756
3,"age × party_dpp × party_tpp","30至39歲 | 5 中間 | 5 中間",86.264995249003,3.34016321110909,263,3.00434087274389,3.15680246454438,2.82189728904445,-0.0548957446016007,-0.155161855666492
3,"age × party_dpp × party_tpp","30至39歲 | 5 中間 | 6-10 溫暖",22.1097242290576,0.856084061263758,109,1.24514507653644,0.569644454043443,0.772060888259894,-0.334592851544824,-0.0981482739905566
3,"age × party_dpp × party_tpp","30至39歲 | 6-10 溫暖 | 0-4 冷淡",75.2917468811951,2.91528124828375,323,3.68974183230523,2.9422104430572,3.73631290342549,0.00923725448078235,0.281630342055365
3,"age × party_dpp × party_tpp","30至39歲 | 6-10 溫暖 | 5 中間",23.2732345900982,0.901134947691959,124,1.41649531642678,1.44909651116685,0.82264459453112,0.608079361341348,-0.0871016636985097
3,"age × party_dpp × party_tpp","30至39歲 | 6-10 溫暖 | 6-10 溫暖",23.3374335365863,0.90362071794712,241,2.7530271875714,1.86156796903785,0.157313643189304,1.060120946836,-0.825907440959637
3,"age × party_dpp × party_tpp","40至49歲 | 0-4 冷淡 | 0-4 冷淡",79.4669628392566,3.07694476778315,785,8.96732922092758,4.44651101977312,2.50547626790262,0.4451058941096,-0.185725953180582
3,"age × party_dpp × party_tpp","40至49歲 | 0-4 冷淡 | 5 中間",63.0853365066724,2.44265150136271,222,2.53598355037697,1.71903562959663,2.6677840824972,-0.29624196139416,0.0921672948469687
3,"age × party_dpp × party_tpp","40至49歲 | 0-4 冷淡 | 6-10 溫暖",78.6857203634909,3.04669521674595,376,4.29517934658442,1.04966012827255,3.40294775259763,-0.655475834109312,0.116930808796877
3,"age × party_dpp × party_tpp","40至49歲 | 5 中間 | 0-4 冷淡",47.3463434279944,1.83324086487504,164,1.87342928946767,1.63029923927037,1.61618052373483,-0.110701015612859,-0.118402521621185
3,"age × party_dpp × party_tpp","40至49歲 | 5 中間 | 5 中間",74.1388673535104,2.8706419855782,276,3.15284441398218,3.55669279906022,2.69535779140457,0.238988636315036,-0.0610609734875468
3,"age × party_dpp × party_tpp","40至49歲 | 5 中間 | 6-10 溫暖",16.289884505039,0.63074104136783,102,1.16518163125428,0.7298885368065,1.02835401460765,0.157192078739094,0.630390203208519
3,"age × party_dpp × party_tpp","40至49歲 | 6-10 溫暖 | 0-4 冷淡",119.840814277434,4.64021214959108,356,4.06671236006397,3.78211866391414,5.44157754327595,-0.184925485735079,0.172700162805161
3,"age × party_dpp × party_tpp","40至49歲 | 6-10 溫暖 | 5 中間",26.232107114209,1.01570189483974,119,1.35937856979666,1.52544086827852,0.958038032879091,0.501858838728664,-0.0567724272777399
3,"age × party_dpp × party_tpp","40至49歲 | 6-10 溫暖 | 6-10 溫暖",32.0976118650724,1.24281305536167,256,2.92437742746173,2.35999559253328,0.48392646860582,0.898914388090735,-0.610620063477695
3,"age × party_dpp × party_tpp","50至59歲 | 0-4 冷淡 | 0-4 冷淡",91.1899006547347,3.530854554764,316,3.60977838702308,5.99506420337361,4.16913829290677,0.697907435831584,0.18077316078669
3,"age × party_dpp × party_tpp","50至59歲 | 0-4 冷淡 | 5 中間",61.4344052169125,2.37872777491715,82,0.936714644733836,1.51638941836038,2.17050807740327,-0.36252082548067,-0.0875340590501706
3,"age × party_dpp × party_tpp","50至59歲 | 0-4 冷淡 | 6-10 溫暖",50.4983691257071,1.95528666393386,105,1.19945167923235,1.4535923789432,1.57423734402529,-0.256583494504737,-0.194881562349499
3,"age × party_dpp × party_tpp","50至59歲 | 5 中間 | 0-4 冷淡",36.3424702336884,1.4071731149466,63,0.719671007539411,1.66771942208776,1.53332850658137,0.185155830774277,0.0896516500313904
3,"age × party_dpp × party_tpp","50至59歲 | 5 中間 | 5 中間",61.7066829165957,2.3892703125138,66,0.753941055517478,1.9868495081172,2.25459599026008,-0.168428328217583,-0.0563662979229947
3,"age × party_dpp × party_tpp","50至59歲 | 5 中間 | 6-10 溫暖",12.6666274767154,0.490449260263968,26,0.297007082476582,0.554974095608604,0.518928843818967,0.13156271315387,0.058068358671131
3,"age × party_dpp × party_tpp","50至59歲 | 6-10 溫暖 | 0-4 冷淡",129.7484008313,5.02383190198986,118,1.34795522047064,2.92229491694826,4.24898423629964,-0.418313555477287,-0.154234393348893
3,"age × party_dpp × party_tpp","50至59歲 | 6-10 溫暖 | 5 中間",21.2780133305191,0.823880383079371,34,0.388393877084761,0.886225681255231,1.14438902103347,0.0756727547545622,0.38902326664964
3,"age × party_dpp × party_tpp","50至59歲 | 6-10 溫暖 | 6-10 溫暖",10.2977949585645,0.398728543099748,59,0.673977610235321,1.41509288481412,0.784092197179562,2.54901325551734,0.966481233282088
3,"age × party_dpp × party_tpp","60歲及以上 | 0-4 冷淡 | 0-4 冷淡",139.820273031031,5.41381276145004,215,2.45602010509481,9.52161854066899,7.8701750057873,0.758763917450059,0.453721314824222
3,"age × party_dpp × party_tpp","60歲及以上 | 0-4 冷淡 | 5 中間",78.9966880001886,3.05873582089767,62,0.708247658213388,2.94613019985868,2.21035965179746,-0.0368144317236077,-0.277361700642466
3,"age × party_dpp × party_tpp","60歲及以上 | 0-4 冷淡 | 6-10 溫暖",47.6319925715536,1.84430114208073,45,0.514050719671008,1.6994381523656,0.460543655622141,-0.078546277725392,-0.750288255472987
3,"age × party_dpp × party_tpp","60歲及以上 | 5 中間 | 0-4 冷淡",81.5974489416522,3.15943675981839,32,0.365547178432716,1.694065188111,2.39726663961415,-0.463807850292792,-0.241236074067851
3,"age × party_dpp × party_tpp","60歲及以上 | 5 中間 | 5 中間",70.5764283723289,2.73270506698895,58,0.662554260909299,3.45816408980447,3.62691161663319,0.265472857491667,0.327223951258497
3,"age × party_dpp × party_tpp","60歲及以上 | 5 中間 | 6-10 溫暖",13.5823823806258,0.525907105379535,10,0.114233493260224,0.48827381822141,0.325154644911674,-0.0715588110013574,-0.381726085109617
3,"age × party_dpp × party_tpp","60歲及以上 | 6-10 溫暖 | 0-4 冷淡",288.485670018154,11.1701069378767,100,1.14233493260224,5.52956425150446,9.1492393164049,-0.504967653196386,-0.180917482053755
3,"age × party_dpp × party_tpp","60歲及以上 | 6-10 溫暖 | 5 中間",30.5564267401633,1.18313867827661,22,0.251313685172493,1.22736824273846,1.25676174003171,0.0373832461688014,0.0622269080597921
3,"age × party_dpp × party_tpp","60歲及以上 | 6-10 溫暖 | 6-10 溫暖",23.396995669935,0.905926951733052,63,0.719671007539411,3.42944874122868,2.69765895369923,2.78556873119636,1.97778860485227
3,"edu × arear × party_kmt","高中職及以下 | 北北基宜蘭區 | 0-4 冷淡",131.068954731569,5.07496348257168,187,2.13616632396619,6.68338920991142,3.77634664951273,0.316933458312233,-0.25588693150574
3,"edu × arear × party_kmt","高中職及以下 | 北北基宜蘭區 | 5 中間",82.0078116591731,3.17532592144551,108,1.23372172721042,5.14652225443818,5.16209442919653,0.62078551360023,0.625689632151709
3,"edu × arear × party_kmt","高中職及以下 | 北北基宜蘭區 | 6-10 溫暖",105.087410667928,4.06896333849602,84,0.959561343385881,3.76165507438698,3.87078791961771,-0.0755249528059474,-0.048704154447252
3,"edu × arear × party_kmt","高中職及以下 | 桃竹苗區 | 0-4 冷淡",65.1283957347554,2.52175834246392,69,0.788211103495545,2.69932565725741,2.98630868559097,0.0704140883777137,0.184216836048276
3,"edu × arear × party_kmt","高中職及以下 | 桃竹苗區 | 5 中間",79.8230773627502,3.09073345028271,37,0.422663925062828,1.64120361788237,2.65019015373681,-0.46899218444986,-0.142536813229753
3,"edu × arear × party_kmt","高中職及以下 | 桃竹苗區 | 6-10 溫暖",66.0449443410659,2.55724691957628,39,0.445510623714873,1.7053667261188,2.41270290247425,-0.333123949406746,-0.0565232930756566
3,"edu × arear × party_kmt","高中職及以下 | 中彰投區 | 0-4 冷淡",71.8396723480072,2.78161761885355,137,1.56499885766507,4.85801430809043,3.21112892294738,0.74647092942008,0.15441062106547
3,"edu × arear × party_kmt","高中職及以下 | 中彰投區 | 5 中間",80.4716424243048,3.11584575861082,63,0.719671007539411,2.62806762458882,2.93245549386282,-0.156547586694237,-0.0588572987739148
3,"edu × arear × party_kmt","高中職及以下 | 中彰投區 | 6-10 溫暖",68.9873846023689,2.67117761282354,53,0.605437514279187,2.38467653877338,2.40496169277889,-0.107256467213096,-0.0996623806543699
3,"edu × arear × party_kmt","高中職及以下 | 雲嘉南區 | 0-4 冷淡",79.7911613974147,3.08949767054432,84,0.959561343385881,3.48453403488537,3.28025111418997,0.127864270009774,0.061742543282785
3,"edu × arear × party_kmt","高中職及以下 | 雲嘉南區 | 5 中間",62.243613678141,2.41006016326901,33,0.376970527758739,1.53523180614964,2.0618512113624,-0.362990256613659,-0.144481435448609
3,"edu × arear × party_kmt","高中職及以下 | 雲嘉南區 | 6-10 溫暖",40.3884177358159,1.5638313859136,27,0.308430431802605,1.39428651072563,1.65731519769732,-0.108416339968082,0.0597787028868894
3,"edu × arear × party_kmt","高中職及以下 | 高屏區 | 0-4 冷淡",95.9609111294833,3.71558711774128,87,0.993831391363948,3.67941807965084,4.16633831329789,-0.00973440722671803,0.121313585517709
3,"edu × arear × party_kmt","高中職及以下 | 高屏區 | 5 中間",77.9645794640665,3.01877278661852,24,0.274160383824537,1.16298469672868,1.83716307012623,-0.614749178247561,-0.391420553984743
3,"edu × arear × party_kmt","高中職及以下 | 高屏區 | 6-10 溫暖",35.2084426860942,1.36326379710655,38,0.434087274388851,1.91260255529117,2.01624438494256,0.402958517163412,0.478983296719183
3,"edu × arear × party_kmt","高中職及以下 | 花東區 | 0-4 冷淡",8.59779802861153,0.332905004965457,6,0.0685400959561343,0.257388575911971,0.30153966867965,-0.226840774176171,-0.0942170763970985
3,"edu × arear × party_kmt","高中職及以下 | 花東區 | 5 中間",8.86825684137754,0.343377115627652,7,0.0799634452821567,0.383110245244081,0.406925468359482,0.115712806148429,0.185068689320405
3,"edu × arear × party_kmt","高中職及以下 | 花東區 | 6-10 溫暖",15.6196073533254,0.604788045289429,3,0.0342700479780672,0.181938016164747,0.365110253826337,-0.699170614264245,-0.396300478043331
3,"edu × arear × party_kmt","專科及以上 | 北北基宜蘭區 | 0-4 冷淡",237.864769285262,9.21007587483483,2038,23.2807859264336,6.23930836371681,10.2535953832466,-0.322556247254727,0.113301944804062
3,"edu × arear × party_kmt","專科及以上 | 北北基宜蘭區 | 5 中間",147.368121822047,5.70606394377483,624,7.12816997943797,5.74520718283146,3.80047799231886,0.00685993697973591,-0.333958043623908
3,"edu × arear × party_kmt","專科及以上 | 北北基宜蘭區 | 6-10 溫暖",130.161727064571,5.03983581034888,515,5.88302490290153,4.69914628618689,5.41192599757926,-0.0675993300143644,0.0738298232784356
3,"edu × arear × party_kmt","專科及以上 | 桃竹苗區 | 0-4 冷淡",88.3209599186148,3.41976974830248,746,8.5218185972127,4.20238548007326,2.99017225471851,0.228850416657221,-0.125621759709761
3,"edu × arear × party_kmt","專科及以上 | 桃竹苗區 | 5 中間",63.6786731442234,2.46562537625635,266,3.03861092072196,3.56019481288702,2.89118810020405,0.443931769672406,0.172598290091357
3,"edu × arear × party_kmt","專科及以上 | 桃竹苗區 | 6-10 溫暖",67.6556190085196,2.61961191772837,216,2.46744345442084,2.86626946039125,2.74418365788552,0.0941580472258548,0.0475535094775304
3,"edu × arear × party_kmt","專科及以上 | 中彰投區 | 0-4 冷淡",118.506452110755,4.58854591571986,751,8.57893534384282,2.86009095593513,4.16455836504176,-0.376689040827342,-0.0924012875681521
3,"edu × arear × party_kmt","專科及以上 | 中彰投區 | 5 中間",85.771684170756,3.32106230569041,300,3.42700479780672,3.24362168098439,3.49054584707802,-0.0233180282626244,0.0510329303660495
3,"edu × arear × party_kmt","專科及以上 | 中彰投區 | 6-10 溫暖",61.3780830232115,2.37654699094068,255,2.91295407813571,2.88032509426673,2.65114588093002,0.211979020505983,0.115545323124728
3,"edu × arear × party_kmt","專科及以上 | 雲嘉南區 | 0-4 冷淡",102.528631527494,3.96988792644087,540,6.16860863605209,3.42997277262563,3.79825876682275,-0.136002618668202,-0.043232746817614
3,"edu × arear × party_kmt","專科及以上 | 雲嘉南區 | 5 中間",48.0587268222529,1.86082420616937,171,1.95339273474983,2.52485853444447,2.20105522392018,0.356849575620073,0.182838882159215
3,"edu × arear × party_kmt","專科及以上 | 雲嘉南區 | 6-10 溫暖",38.1628772234975,1.47765890630443,133,1.51930546036098,2.00287659981088,1.37302874464902,0.355439060574533,-0.0708080607838572
3,"edu × arear × party_kmt","專科及以上 | 高屏區 | 0-4 冷淡",98.520193960946,3.81468203261144,642,7.33379026730637,3.70167173910266,3.35769403574869,-0.0296250886817469,-0.119797139828691
3,"edu × arear × party_kmt","專科及以上 | 高屏區 | 5 中間",55.7373738870177,2.15813987126372,207,2.36463331048663,2.82873638742588,3.29847767066793,0.310728940737972,0.528389199693748
3,"edu × arear × party_kmt","專科及以上 | 高屏區 | 6-10 溫暖",34.2406866233335,1.32579247761212,170,1.94196938542381,2.11082462475439,0.72032060817036,0.592122945633382,-0.456686758799743
3,"edu × arear × party_kmt","專科及以上 | 花東區 | 0-4 冷淡",10.8893351482648,0.421632859895064,58,0.662554260909299,0.845424417783803,0.654731435147859,1.00511985236211,0.552847269330024
3,"edu × arear × party_kmt","專科及以上 | 花東區 | 5 中間",3.46310111938255,0.13409057662292,20,0.228466986520448,0.40018263202682,0.0674968147985089,1.98442024865166,-0.49663267547638
3,"edu × arear × party_kmt","專科及以上 | 花東區 | 6-10 溫暖",15.2489877050147,0.59043772728352,16,0.182773589216358,0.359187442552619,0.631427688872209,-0.391659059109984,0.0694230055001309
3,"edu × arear × party_dpp","高中職及以下 | 北北基宜蘭區 | 0-4 冷淡",113.179903244508,4.38230301830986,199,2.27324651587846,7.28088732590427,4.67333322798818,0.661429457407151,0.0664103345803241
3,"edu × arear × party_dpp","高中職及以下 | 北北基宜蘭區 | 5 中間",81.1887399228009,3.1436116290701,94,1.0737948366461,4.43702887302912,4.25716662030303,0.411443077763906,0.354227914458479
3,"edu × arear × party_dpp","高中職及以下 | 北北基宜蘭區 | 6-10 溫暖",123.795533891362,4.79333809513325,86,0.982408042037926,3.8736503398032,3.87872915003576,-0.191867908559135,-0.19080835253956
3,"edu × arear × party_dpp","高中職及以下 | 桃竹苗區 | 0-4 冷淡",79.6566306205872,3.08428866600866,71,0.81105780214759,2.6646377313053,3.01889851281772,-0.136060849079483,-0.0212010483686532
3,"edu × arear × party_dpp","高中職及以下 | 桃竹苗區 | 5 中間",69.873178602855,2.70547537780347,35,0.399817226410784,1.51301550829779,2.3564649895545,-0.440757982604085,-0.129001502328335
3,"edu × arear × party_dpp","高中職及以下 | 桃竹苗區 | 6-10 溫暖",61.4666082151292,2.37997466851078,39,0.445510623714873,1.8682427616555,2.67383823942981,-0.215015694757579,0.123473402808486
3,"edu × arear × party_dpp","高中職及以下 | 中彰投區 | 0-4 冷淡",96.5506203635536,3.73842054030402,138,1.57642220699109,4.80062875334939,3.36407247328663,0.284132884889133,-0.100135354752503
3,"edu × arear × party_dpp","高中職及以下 | 中彰投區 | 5 中間",60.5935893732713,2.34617155509541,51,0.582590815627142,2.17644852846054,2.37126843524109,-0.0723404161414642,0.0106969501404
3,"edu × arear × party_dpp","高中職及以下 | 中彰投區 | 6-10 溫暖",64.1544896378561,2.48404889488848,64,0.731094356865433,2.8936811896427,2.81320520106137,0.164905085240928,0.132507981968555
3,"edu × arear × party_dpp","高中職及以下 | 雲嘉南區 | 0-4 冷淡",51.9672024132708,2.01215959247471,67,0.7653644048435,2.67372134875103,2.21973505888153,0.328781950870351,0.103160538151712
3,"edu × arear × party_dpp","高中職及以下 | 雲嘉南區 | 5 中間",51.2872718984918,1.98583282012609,27,0.308430431802605,1.14758383641804,1.52456382564276,-0.422114578434063,-0.232279872609838
3,"edu × arear × party_dpp","高中職及以下 | 雲嘉南區 | 6-10 溫暖",79.168718499609,3.06539680712614,50,0.57116746630112,2.59274716659157,3.25511863872539,-0.154188729966639,0.0618914429473552
3,"edu × arear × party_dpp","高中職及以下 | 高屏區 | 0-4 冷淡",44.6171854620582,1.72756841907228,51,0.582590815627142,1.98832894160137,1.77725510322144,0.150940778756026,0.0287610514296388
3,"edu × arear × party_dpp","高中職及以下 | 高屏區 | 5 中間",63.042848373015,2.44100636939995,35,0.399817226410784,1.58578130525247,1.95890219212118,-0.350357571724695,-0.197502220118041
3,"edu × arear × party_dpp","高中職及以下 | 高屏區 | 6-10 溫暖",101.473899444571,3.92904891299412,63,0.719671007539411,3.18089508481686,4.28358847302405,-0.190416012817497,0.0902354661092175
3,"edu × arear × party_dpp","高中職及以下 | 花東區 | 0-4 冷淡",14.1703152836212,0.548671748761448,9,0.102810143934202,0.430987454280208,0.545399172344674,-0.214489436984674,-0.00596454332515142
3,"edu × arear × party_dpp","高中職及以下 | 花東區 | 5 中間",7.85494977340384,0.304142070401799,5,0.057116746630112,0.299873289946955,0.418356904885595,-0.0140354816721191,0.375531192816921
3,"edu × arear × party_dpp","高中職及以下 | 花東區 | 6-10 溫暖",11.0603971662894,0.42825634671929,2,0.0228466986520448,0.0915760930936359,0.1098193136352,-0.786165240059685,-0.743566407184659
3,"edu × arear × party_dpp","專科及以上 | 北北基宜蘭區 | 0-4 冷淡",253.752338404908,9.82523934565187,1775,20.2764450536897,6.38780038359656,9.32512582925174,-0.349858038173547,-0.0509008990830798
3,"edu × arear × party_dpp","專科及以上 | 北北基宜蘭區 | 5 中間",104.580020162815,4.04931728050978,617,7.04820653415581,4.4182312589772,2.99461695392292,0.0911052290822153,-0.26046374080474
3,"edu × arear × party_dpp","專科及以上 | 北北基宜蘭區 | 6-10 溫暖",157.062259604157,6.08141900279689,785,8.96732922092758,5.87763019016141,7.14625658997005,-0.0335100759447344,0.175096895425795
3,"edu × arear × party_dpp","專科及以上 | 桃竹苗區 | 0-4 冷淡",107.492729651714,4.16209680424806,652,7.4480237605666,3.65341483218812,4.22917748045036,-0.122217717651534,0.0161170389246656
3,"edu × arear × party_dpp","專科及以上 | 桃竹苗區 | 5 中間",56.0129150077376,2.16880876786448,266,3.03861092072196,3.33953447314935,2.51401775289623,0.539801259858255,0.159169858655481
3,"edu × arear × party_dpp","專科及以上 | 桃竹苗區 | 6-10 溫暖",56.1496074119062,2.17410147017466,310,3.54123829106694,3.63590044801406,1.88234877946149,0.672369251340403,-0.134194606238748
3,"edu × arear × party_dpp","專科及以上 | 中彰投區 | 0-4 冷淡",121.923826944699,4.72086597979639,731,8.35046835732237,3.40127385622415,5.09404473375169,-0.279523318225855,0.0790487922242173
3,"edu × arear × party_dpp","專科及以上 | 中彰投區 | 5 中間",71.832885160819,2.78135482033501,264,3.01576422206991,2.47062975183409,2.74885276850567,-0.111717162524232,-0.011685690582053
3,"edu × arear × party_dpp","專科及以上 | 中彰投區 | 6-10 溫暖",71.8995071992045,2.78393441221955,311,3.55266164039296,3.11213412312801,2.46335259079244,0.117890604558745,-0.115154229216027
3,"edu × arear × party_dpp","專科及以上 | 雲嘉南區 | 0-4 冷淡",62.1744176527041,2.40738090712517,454,5.18620059401417,2.94693171721033,2.26892484982644,0.224123572837283,-0.057513149202495
3,"edu × arear × party_dpp","專科及以上 | 雲嘉南區 | 5 中間",51.5494255477752,1.9959833565339,145,1.65638565227325,1.75643118830293,2.40387561932735,-0.120017117100094,0.204356545087519
3,"edu × arear × party_dpp","專科及以上 | 雲嘉南區 | 6-10 溫暖",75.0263923727654,2.9050067752556,245,2.79872058487549,3.25434500136772,2.69954226623816,0.120253842121033,-0.0707277211081092
3,"edu × arear × party_dpp","專科及以上 | 高屏區 | 0-4 冷淡",75.2607511913365,2.91408110142615,518,5.9172949508796,3.01881496456955,2.85202400973041,0.0359406136953908,-0.0212955952617012
3,"edu × arear × party_dpp","專科及以上 | 高屏區 | 5 中間",44.6100087159826,1.72729053691222,208,2.37605665981266,2.31196107197528,2.2082432027259,0.338489977550758,0.278443409221388
3,"edu × arear × party_dpp","專科及以上 | 高屏區 | 6-10 溫暖",68.6274945639781,2.65724274314891,293,3.34704135252456,3.3104567147381,2.31622510213067,0.245823974220405,-0.128335148114517
3,"edu × arear × party_dpp","專科及以上 | 花東區 | 0-4 冷淡",14.0377971640758,0.543540673909669,55,0.628284212931231,0.819189488108007,0.698626345537353,0.507135578678234,0.285324869088744
3,"edu × arear × party_dpp","專科及以上 | 花東區 | 5 中間",5.61906712637695,0.217569145423371,21,0.23989033584647,0.410044643831887,0.110234464349415,0.884663576877939,-0.493335950118717
3,"edu × arear × party_dpp","專科及以上 | 花東區 | 6-10 溫暖",9.94455968220934,0.385051344468464,18,0.205620287868403,0.375560360423348,0.544795128931808,-0.0246486194152038,0.414863593539348
3,"edu × arear × party_tpp","高中職及以下 | 北北基宜蘭區 | 0-4 冷淡",190.170331351965,7.36335686094642,196,2.23897646790039,7.64280248465131,6.31502436711235,0.0379508461944856,-0.142371545156828
3,"edu × arear × party_tpp","高中職及以下 | 北北基宜蘭區 | 5 中間",86.0839194666623,3.33315199335093,99,1.13091158327622,4.93620250550224,4.80007691972316,0.480941317812426,0.440101420306813
3,"edu × arear × party_tpp","高中職及以下 | 北北基宜蘭區 | 6-10 溫暖",41.9099262400439,1.62274388821586,84,0.959561343385881,3.01256154858304,1.69412771149146,0.856461497380976,0.0439895807305009
3,"edu × arear × party_tpp","高中職及以下 | 桃竹苗區 | 0-4 冷淡",113.288284517246,4.38649951932313,75,0.856751199451679,3.3143486864307,4.89415790551226,-0.244420597373705,0.115732005430029
3,"edu × arear × party_tpp","高中職及以下 | 桃竹苗區 | 5 中間",62.0893895500913,2.40408863614738,25,0.28558373315056,0.981088520829679,1.41780016366265,-0.5919083406168,-0.410254621088049
3,"edu × arear × party_tpp","高中職及以下 | 桃竹苗區 | 6-10 溫暖",35.6187433712343,1.3791505568524,45,0.514050719671008,1.7504587939982,1.73724367262712,0.269229661185958,0.259647588144391
3,"edu × arear × party_tpp","高中職及以下 | 中彰投區 | 0-4 冷淡",111.646809585253,4.32294194114237,133,1.51930546036098,5.21310116345543,4.50172298732566,0.205915146313029,0.0413563375630356
3,"edu × arear × party_tpp","高中職及以下 | 中彰投區 | 5 中間",71.5544418913334,2.77057355311959,65,0.742517706191455,2.64887596538696,2.70275436733746,-0.0439250521234501,-0.0244783921025169
3,"edu × arear × party_tpp","高中職及以下 | 中彰投區 | 6-10 溫暖",38.0974478980948,1.47512549602595,55,0.628284212931231,2.00878134261024,1.34406875492596,0.361769793839224,-0.0888444687947263
3,"edu × arear × party_tpp","高中職及以下 | 雲嘉南區 | 0-4 冷淡",106.122453380107,4.10903998348007,74,0.845327850125657,3.42020190322241,4.01053383579621,-0.167639663528965,-0.0239730321632039
3,"edu × arear × party_tpp","高中職及以下 | 雲嘉南區 | 5 中間",50.6526198738061,1.96125922177843,38,0.434087274388851,1.69143723399446,2.03456749010206,-0.137575892461225,0.037378163737658
3,"edu × arear × party_tpp","高中職及以下 | 雲嘉南區 | 6-10 溫暖",25.6481195574588,0.993090014468428,32,0.365547178432716,1.30241321454377,0.954316197351406,0.311475491213066,-0.0390436078825905
3,"edu × arear × party_tpp","高中職及以下 | 高屏區 | 0-4 冷淡",123.169452658841,4.76909635612897,87,0.993831391363948,3.94948652031156,5.3253569766083,-0.171858518808096,0.116638578661649
3,"edu × arear × party_tpp","高中職及以下 | 高屏區 | 5 中間",59.6495252789051,2.30961758383709,35,0.399817226410784,1.56086113111839,1.75817674919281,-0.324190661674281,-0.238758502058223
3,"edu × arear × party_tpp","高中職及以下 | 高屏區 | 6-10 溫暖",26.3149553418979,1.0189097615003,27,0.308430431802605,1.24465768024075,0.936212042565556,0.221558304052418,-0.0811629469649709
3,"edu × arear × party_tpp","高中職及以下 | 花東區 | 0-4 冷淡",16.2345402927181,0.628598124633083,9,0.102810143934202,0.424735834473019,0.446504650515526,-0.324312596826565,-0.289681860288473
3,"edu × arear × party_tpp","高中職及以下 | 花東區 | 5 中間",10.4979538160625,0.406478653677774,5,0.057116746630112,0.312959264013851,0.49010439084831,-0.23007208082828,0.205732174159452
3,"edu × arear × party_tpp","高中職及以下 | 花東區 | 6-10 溫暖",6.35316811453383,0.245993387571681,2,0.0228466986520448,0.0847417388339293,0.136966349501632,-0.655512127092293,-0.443211255173592
3,"edu × arear × party_tpp","專科及以上 | 北北基宜蘭區 | 0-4 冷淡",237.216636606419,9.18498030827806,1570,17.9346584418552,8.65989215192639,10.1104257272016,-0.0571681308754063,0.100756385736553
3,"edu × arear × party_tpp","專科及以上 | 北北基宜蘭區 | 5 中間",148.242824877681,5.73993226960783,721,8.23623486406214,5.31961028479351,4.33284926978523,-0.0732276906889424,-0.245139303694037
3,"edu × arear × party_tpp","專科及以上 | 北北基宜蘭區 | 6-10 溫暖",129.93515668778,5.03106305107264,886,10.1210875028558,2.70415939601527,5.0227243761579,-0.462507353105279,-0.0016574379669065
3,"edu × arear × party_tpp","專科及以上 | 桃竹苗區 | 0-4 冷淡",85.1150461691367,3.29563741475181,530,6.05437514279187,4.59455532107362,2.82872777868041,0.394132528204602,-0.14167506230553
3,"edu × arear × party_tpp","專科及以上 | 桃竹苗區 | 5 中間",73.6294947498456,2.85091918113595,298,3.40415809915467,3.49712738425959,3.79449166988842,0.226666615946008,0.330971321458685
3,"edu × arear × party_tpp","專科及以上 | 桃竹苗區 | 6-10 溫暖",60.9107111523754,2.35845044639944,400,4.56933973040896,2.53716704801831,2.00232456423924,0.0757771281104158,-0.150999942654671
3,"edu × arear × party_tpp","專科及以上 | 中彰投區 | 0-4 冷淡",116.82563571993,4.52346504419069,624,7.12816997943797,4.15215700687452,4.35886339256336,-0.0820848693841515,-0.036388399162877
3,"edu × arear × party_tpp","專科及以上 | 中彰投區 | 5 中間",83.8056132947754,3.24493643804934,312,3.56408498971899,3.08919227873512,3.30102412060657,-0.0479960585631224,0.0172846783374719
3,"edu × arear × party_tpp","專科及以上 | 中彰投區 | 6-10 溫暖",65.0249702900176,2.51775373011092,370,4.22663925062828,1.74268844557661,2.64636257987987,-0.307839990569755,0.0510807900831837
3,"edu × arear × party_tpp","專科及以上 | 雲嘉南區 | 0-4 冷淡",92.2276287765361,3.57103517826684,445,5.08339045007996,4.16341012256208,3.67293030479427,0.165883256457513,0.0285337784258063
3,"edu × arear × party_tpp","專科及以上 | 雲嘉南區 | 5 中間",58.4076661154049,2.2615330475854,183,2.0904729266621,2.35400136861879,2.17900990584247,0.0408874507193737,-0.0364899119343133
3,"edu × arear × party_tpp","專科及以上 | 雲嘉南區 | 6-10 溫暖",38.1149406813037,1.47580281306243,216,2.46744345442084,1.44029641570011,1.52040252475521,-0.0240590389502215,0.0302206441795802
3,"edu × arear × party_tpp","專科及以上 | 高屏區 | 0-4 冷淡",105.071524950785,4.06834824673335,530,6.05437514279187,4.3002206357849,3.52191472767227,0.056994233283183,-0.134313359113206
3,"edu × arear × party_tpp","專科及以上 | 高屏區 | 5 中間",57.770410565568,2.23685864126919,253,2.89010737948366,2.92583202917971,2.77441633887491,0.308009355262433,0.24031813530278
3,"edu × arear × party_tpp","專科及以上 | 高屏區 | 6-10 溫暖",25.6563189549442,0.993407493484741,236,2.69591044094128,1.41518008631832,1.08016124803979,0.424571583765745,0.0873294746858923
3,"edu × arear × party_tpp","專科及以上 | 花東區 | 0-4 冷淡",13.2254798244197,0.512087910412339,50,0.57116746630112,0.900175057521219,0.74892423450486,0.757852585889771,0.462491535685382
3,"edu × arear × party_tpp","專科及以上 | 花東區 | 5 中間",6.57148648102493,0.254446630674032,23,0.262737034498515,0.456607883800662,0.188524464368892,0.794513382201616,-0.259080523607293
3,"edu × arear × party_tpp","專科及以上 | 花東區 | 6-10 溫暖",9.80445766721744,0.379626622715134,21,0.23989033584647,0.248011551041361,0.416207239944824,-0.346696105590399,0.0963594622739087
3,"edu × party_kmt × party_dpp","高中職及以下 | 0-4 冷淡 | 0-4 冷淡",89.6910168014133,3.47281807438006,342,3.90678546949966,11.4727630576328,5.64993211525627,2.30358884684186,0.626901264116708
3,"edu × party_kmt × party_dpp","高中職及以下 | 0-4 冷淡 | 5 中間",53.7680371503653,2.08188755015636,70,0.799634452821567,2.665823867646,2.12767436244482,0.280484081594987,0.0219929324641087
3,"edu × party_kmt × party_dpp","高中職及以下 | 0-4 冷淡 | 6-10 溫暖",308.927839418063,11.9616236126038,158,1.80488919351154,7.52348294042863,9.94430687651749,-0.371031627136199,-0.168649073187747
3,"edu × party_kmt × party_dpp","高中職及以下 | 5 中間 | 0-4 冷淡",96.8046421556614,3.74825621284268,84,0.959561343385881,3.48409424001202,3.78344348089685,-0.0704759647767829,0.00938763682525344
3,"edu × party_kmt × party_dpp","高中職及以下 | 5 中間 | 5 中間",233.197573601236,9.02936299960852,144,1.64496230294722,6.89452789337812,8.68425449970199,-0.236432526449867,-0.0382206917499593
3,"edu × party_kmt × party_dpp","高中職及以下 | 5 中間 | 6-10 溫暖",61.3767656729158,2.37649598340302,44,0.502627370344985,2.11849811164163,2.58298184604544,-0.108562300783674,0.0868866869897838
3,"edu × party_kmt × party_dpp","高中職及以下 | 6-10 溫暖 | 0-4 冷淡",213.646198430524,8.27233769770823,109,1.24514507653644,4.88233425754673,6.16531795238705,-0.409799933711685,-0.254706689005807
3,"edu × party_kmt × party_dpp","高中職及以下 | 6-10 溫暖 | 5 中間",46.8749671922366,1.81498927213195,33,0.376970527758739,1.59937958038078,2.07479410560135,-0.11879392074748,0.143144005013446
3,"edu × party_kmt × party_dpp","高中職及以下 | 6-10 溫暖 | 6-10 溫暖",70.8150417638378,2.74194412936524,102,1.16518163125428,4.8588115835332,4.48701029334865,0.772031578432639,0.63643388838393
3,"edu × party_kmt × party_dpp","專科及以上 | 0-4 冷淡 | 0-4 冷淡",268.785320172035,10.407313366602,2916,33.3104866346813,8.12581661846913,8.37896194801585,-0.219220529618568,-0.194896737240115
3,"edu × party_kmt × party_dpp","專科及以上 | 0-4 冷淡 | 5 中間",69.3807412614113,2.68640830329754,569,6.49988576650674,2.8596390263965,2.62726102808729,0.0644841377560979,-0.0220172321302185
3,"edu × party_kmt × party_dpp","專科及以上 | 0-4 冷淡 | 6-10 溫暖",318.464280517891,12.330872687905,1290,14.7361206305689,10.2933980843717,14.212787264623,-0.165233609583191,0.152618117496578
3,"edu × party_kmt × party_dpp","專科及以上 | 5 中間 | 0-4 冷淡",131.435306669838,5.08914855570581,544,6.21430203335618,4.70023466541652,5.02922821227939,-0.0764202274766079,-0.0117741391846866
3,"edu × party_kmt × party_dpp","專科及以上 | 5 中間 | 5 中間",222.647828642889,8.62087900335094,780,8.91021247429746,9.73140882721662,8.94868704317529,0.128818630145953,0.0380248974259968
3,"edu × party_kmt × party_dpp","專科及以上 | 5 中間 | 6-10 溫暖",49.9945456529521,1.93577872072084,264,3.01576422206991,3.87115773796689,1.77132639353287,0.999793517993298,-0.0849540938887537
3,"edu × party_kmt × party_dpp","專科及以上 | 6-10 溫暖 | 0-4 冷淡",234.421234167565,9.07674288984949,725,8.28192826136623,7.40137395801105,11.0597330882528,-0.18457820742196,0.218469358719067
3,"edu × party_kmt × party_dpp","專科及以上 | 6-10 溫暖 | 5 中間",42.1757518172058,1.63303660093027,172,1.96481608407585,2.1157845344576,1.40389269046492,0.295613664294069,-0.140317682001014
3,"edu × party_kmt × party_dpp","專科及以上 | 6-10 溫暖 | 6-10 溫暖",70.2509946633771,2.72010433943825,408,4.66072652501714,5.4014710154941,1.06840679936872,0.985758758287047,-0.607218449719704
3,"edu × party_kmt × party_tpp","高中職及以下 | 0-4 冷淡 | 0-4 冷淡",406.621282052175,15.7442940006466,415,4.74068997029929,16.3724884782181,15.2418533644819,0.0398998187880438,-0.0319125542335573
3,"edu × party_kmt × party_tpp","高中職及以下 | 0-4 冷淡 | 5 中間",28.5175591359974,1.10419413600776,72,0.822481151473612,2.72219468992757,1.73960819364802,1.46532253809075,0.575455019112503
3,"edu × party_kmt × party_tpp","高中職及以下 | 0-4 冷淡 | 6-10 溫暖",17.2480521816686,0.667841100485834,83,0.948137994059858,2.56738669756177,0.740451796088655,2.8443077188482,0.108724508794082
3,"edu × party_kmt × party_tpp","高中職及以下 | 5 中間 | 0-4 冷淡",146.307532507698,5.66499813950905,70,0.799634452821567,3.44802139280989,5.09313057932845,-0.391346420970104,-0.100947528330549
3,"edu × party_kmt × party_tpp","高中職及以下 | 5 中間 | 5 中間",196.744409958079,7.61790385818091,147,1.67923235092529,6.99726520017897,8.24961152888395,-0.0814710541844703,0.0829240802277442
3,"edu × party_kmt × party_tpp","高中職及以下 | 5 中間 | 6-10 溫暖",48.3270389640368,1.87121319816425,55,0.628284212931231,2.05183365204292,1.70793771843188,0.0965258550206148,-0.0872564814594901
3,"edu × party_kmt × party_tpp","高中職及以下 | 6-10 溫暖 | 0-4 冷淡",107.703057226256,4.17024064549838,89,1.01667809001599,4.14416672151643,5.15831677905996,-0.00625237874703736,0.236935039858713
3,"edu × party_kmt × party_tpp","高中職及以下 | 6-10 溫暖 | 5 中間",115.265880782785,4.46307164772252,48,0.548320767649075,2.41196473073903,3.2142603583345,-0.459572930681084,-0.27980982335905
3,"edu × party_kmt × party_tpp","高中職及以下 | 6-10 溫暖 | 6-10 溫暖",108.367269377558,4.19595880598453,107,1.2222983778844,4.78439396920525,4.35454521394261,0.140238546284454,0.0377950345298664
3,"edu × party_kmt × party_tpp","專科及以上 | 0-4 冷淡 | 0-4 冷淡",476.520130495543,18.4507633094956,3058,34.9326022389765,16.6574690286473,18.7660874462375,-0.0971935009282465,0.0170900320736149
3,"edu × party_kmt × party_tpp","專科及以上 | 0-4 冷淡 | 5 中間",96.3214021730381,3.72954525821461,688,7.8592643363034,3.12956932677378,3.19356236072025,-0.160871068696467,-0.143712667466312
3,"edu × party_kmt × party_tpp","專科及以上 | 0-4 冷淡 | 6-10 溫暖",83.7888092827566,3.24428579009437,1029,11.754626456477,1.49181537381626,3.25936043376838,-0.540171405869621,0.0046465214994409
3,"edu × party_kmt × party_tpp","專科及以上 | 5 中間 | 0-4 冷淡",87.225010268111,3.37733479895513,350,3.99817226410784,5.00511877230177,3.98269974588322,0.48197293731443,0.179243392486697
3,"edu × party_kmt × party_tpp","專科及以上 | 5 中間 | 5 中間",236.181579545972,9.14490310773193,803,9.17294950879598,10.2418976958701,8.49387846041004,0.11995693942461,-0.0711898901117345
3,"edu × party_kmt × party_tpp","專科及以上 | 5 中間 | 6-10 溫暖",80.6710911515966,3.12356837309053,435,4.96915695681974,3.05578476242821,3.2726634426943,-0.02170069694849,0.0477322894187992
3,"edu × party_kmt × party_tpp","專科及以上 | 6-10 溫暖 | 0-4 冷淡",85.9368112835721,3.3274559941824,341,3.89536212017364,5.10782249479371,2.49299897329601,0.535053357196617,-0.250779280731384
3,"edu × party_kmt × party_tpp","專科及以上 | 6-10 溫暖 | 5 中間",95.9245143652905,3.7141778423752,299,3.41558144848069,4.27090420674353,4.88287494823622,0.149892220565376,0.314658359254453
3,"edu × party_kmt × party_tpp","專科及以上 | 6-10 溫暖 | 6-10 溫暖",164.986654999285,6.3882499936604,665,7.59652730180489,5.53990280642551,6.15615865655416,-0.132798057069899,-0.0363309728543128
3,"edu × party_dpp × party_tpp","高中職及以下 | 0-4 冷淡 | 0-4 冷淡",193.414636280331,7.48897569319779,347,3.96390221612977,13.2494767230168,10.4694223079054,0.769197453137845,0.397977872650162
3,"edu × party_dpp × party_tpp","高中職及以下 | 0-4 冷淡 | 5 中間",120.761776664442,4.67587162740153,96,1.09664153529815,3.85425710370188,3.59876727562576,-0.175713661359911,-0.230353704636312
3,"edu × party_dpp × party_tpp","高中職及以下 | 0-4 冷淡 | 6-10 溫暖",85.9654444428261,3.32856466433166,92,1.05094813799406,2.73545772847292,1.530503965009,-0.178186995197771,-0.540191007430433
3,"edu × party_dpp × party_tpp","高中職及以下 | 5 中間 | 0-4 冷淡",120.048629279064,4.64825870452521,82,0.936714644733836,3.53693527761674,4.20804798022216,-0.239083815585944,-0.0947044371421248
3,"edu × party_dpp × party_tpp","高中職及以下 | 5 中間 | 5 中間",172.162822156587,6.66610973811875,130,1.48503541238291,6.30305000249034,7.37179307451144,-0.0544635101868067,0.105861344039597
3,"edu × party_dpp × party_tpp","高中職及以下 | 5 中間 | 6-10 溫暖",41.629126508187,1.61187137925286,35,0.399817226410784,1.31974606129782,1.30688191301456,-0.181233640422629,-0.189214518083743
3,"edu × party_dpp × party_tpp","高中職及以下 | 6-10 溫暖 | 0-4 冷淡",347.168606226734,13.442298387931,145,1.65638565227325,7.17826459191092,10.8158304347427,-0.465994253009901,-0.195388309156003
3,"edu × party_dpp × party_tpp","高中職及以下 | 6-10 溫暖 | 5 中間",47.6032510558322,1.84318827639092,41,0.468357322366918,1.97411751465335,2.23291973072925,0.0710341097214429,0.211444191204089
3,"edu × party_dpp × party_tpp","高中職及以下 | 6-10 溫暖 | 6-10 溫暖",46.3477895722503,1.79457706105009,118,1.34795522047064,5.34841052903919,3.96554885043959,1.9803181179133,1.20974007553577
3,"edu × party_dpp × party_tpp","專科及以上 | 0-4 冷淡 | 0-4 冷淡",255.388208454774,9.88857990392753,2332,26.6392506282842,12.4048579113703,7.14817376806995,0.254463030272264,-0.277128380665575
3,"edu × party_dpp × party_tpp","專科及以上 | 0-4 冷淡 | 5 中間",163.610223225794,6.33495483310141,690,7.88211103495545,4.67309525943816,7.31552670811132,-0.262331716238876,0.154787508489598
3,"edu × party_dpp × party_tpp","專科及以上 | 0-4 冷淡 | 6-10 溫暖",215.64342932887,8.34967007512838,1163,13.285355266164,3.1494720710882,10.0042227723667,-0.622802812236892,0.198157853226662
3,"edu × party_dpp × party_tpp","專科及以上 | 5 中間 | 0-4 冷淡",87.2600044164111,3.37868976531685,465,5.31185743660041,4.14735022030487,3.74398771662012,0.22750252564723,0.108118228270959
3,"edu × party_dpp × party_tpp","專科及以上 | 5 中間 | 5 中間",197.449826516721,7.64521744500581,762,8.70459218642906,8.91125885919445,6.98546763877795,0.165599137407879,-0.086295754303083
3,"edu × party_dpp × party_tpp","專科及以上 | 5 中間 | 6-10 溫暖",49.4944907883745,1.91641669725608,294,3.35846470185058,1.6482233085714,2.25038540632943,-0.139945236893773,0.174267271596786
3,"edu × party_dpp × party_tpp","專科及以上 | 6-10 溫暖 | 0-4 冷淡",307.033739176041,11.8882844333887,952,10.8750285583733,10.2182021640675,14.3496246807267,-0.140481351929192,0.207039145229834
3,"edu × party_dpp × party_tpp","專科及以上 | 6-10 溫暖 | 5 中間",67.3674463417855,2.6084539302145,338,3.86109207219557,4.05801711075477,2.26932142247723,0.555717378693004,-0.130012841633504
3,"edu × party_dpp × party_tpp","專科及以上 | 6-10 溫暖 | 6-10 溫暖",64.308635316394,2.49001738446084,672,7.67649074708705,5.28980756301038,0.433574354320689,1.12440587604804,-0.82587496897554
3,"arear × party_kmt × party_dpp","北北基宜蘭區 | 0-4 冷淡 | 0-4 冷淡",125.090867732913,4.84349316012995,1349,15.4100982408042,6.13452894682889,4.32703710487819,0.266550554324374,-0.106628839595161
3,"arear × party_kmt × party_dpp","北北基宜蘭區 | 0-4 冷淡 | 5 中間",35.7794513980432,1.3853731392258,269,3.07288096870002,1.50928809035768,1.22322791537588,0.0894451809576238,-0.117040831281405
3,"arear × party_kmt × party_dpp","北北基宜蘭區 | 0-4 冷淡 | 6-10 溫暖",208.063404885876,8.05617305805077,607,6.93397304089559,5.27888053644165,8.47967701250525,-0.34474092122856,0.0525688749984409
3,"arear × party_kmt × party_dpp","北北基宜蘭區 | 5 中間 | 0-4 冷淡",71.5558415072575,2.77062774596578,259,2.9586474754398,2.86086476580163,2.75921425202318,0.0325691605331103,-0.00411946136005474
3,"arear × party_kmt × party_dpp","北北基宜蘭區 | 5 中間 | 5 中間",127.153075968835,4.92334144695118,373,4.26090929860635,6.35087082365757,5.1901168518277,0.289951325149386,0.054185842633711
3,"arear × party_kmt × party_dpp","北北基宜蘭區 | 5 中間 | 6-10 溫暖",30.6670160051269,1.18742067230337,100,1.14233493260224,1.67999384781044,1.01324131766451,0.414826174915391,-0.146687150309576
3,"arear × party_kmt × party_dpp","北北基宜蘭區 | 6-10 溫暖 | 0-4 冷淡",170.285532409245,6.593421457866,366,4.1809458533242,4.67329399687029,6.91220770033855,-0.291218675048443,0.048349137774627
3,"arear × party_kmt × party_dpp","北北基宜蘭區 | 6-10 溫暖 | 5 中間",22.8362327187374,0.884214323402908,69,0.788211103495545,0.995101217991057,0.838438807022369,0.125407258911392,-0.0517697069239636
3,"arear × party_kmt × party_dpp","北北基宜蘭區 | 6-10 溫暖 | 6-10 溫暖",42.1273726045164,1.63116336757599,164,1.87342928946767,2.79240614571252,1.53206740983605,0.711910775597058,-0.0607517062421529
3,"arear × party_kmt × party_dpp","桃竹苗區 | 0-4 冷淡 | 0-4 冷淡",55.6096508159499,2.15319445972154,519,5.92871830020562,3.45247899235486,2.89288077326032,0.603421826006996,0.343529730999978
3,"arear × party_kmt × party_dpp","桃竹苗區 | 0-4 冷淡 | 5 中間",20.00734148261,0.774680225500656,94,1.0737948366461,0.953406717487297,0.609938979609191,0.230710022152863,-0.212657094461134
3,"arear × party_kmt × party_dpp","桃竹苗區 | 0-4 冷淡 | 6-10 溫暖",77.8323633548104,3.01365340554421,202,2.30751656385652,2.49582542748851,2.47366118743997,-0.17182731667253,-0.179181924872587
3,"arear × party_kmt × party_dpp","桃竹苗區 | 5 中間 | 0-4 冷淡",47.5817781196164,1.84235684863305,97,1.10806488462417,1.29561925368111,1.51121240692185,-0.296759878715999,-0.179739577572549
3,"arear × party_kmt × party_dpp","桃竹苗區 | 5 中間 | 5 中間",81.1212686152159,3.14099915365351,157,1.79346584418552,2.94694277503064,3.2908525355303,-0.0617817354064379,0.0477088259328195
3,"arear × party_kmt × party_dpp","桃竹苗區 | 5 中間 | 6-10 溫暖",14.7987037721413,0.573002824252503,49,0.559744116975097,0.958836402057626,0.739313311488715,0.673353710443666,0.290243747843945
3,"arear × party_kmt × party_dpp","桃竹苗區 | 6-10 溫暖 | 0-4 冷淡",83.957931336735,3.25083416190214,107,1.2222983778844,1.56995431745744,2.84398281308591,-0.517061086703107,-0.125152908008747
3,"arear × party_kmt × party_dpp","桃竹苗區 | 6-10 溫暖 | 5 中間",24.7574835127667,0.958604766513782,50,0.57116746630112,0.952200488929193,0.969691227311249,-0.00668083219310499,0.0115652051656135
3,"arear × party_kmt × party_dpp","桃竹苗區 | 6-10 溫暖 | 6-10 溫暖",24.9851485000838,0.96741990888873,98,1.11948823395019,2.04948138012341,1.34321251996261,1.11850238070627,0.38844829181317
3,"arear × party_kmt × party_dpp","中彰投區 | 0-4 冷淡 | 0-4 冷淡",74.1492710587896,2.87104481494754,558,6.37422892392049,3.69059504490276,2.69615029398807,0.28545365286128,-0.0609166809410002
3,"arear × party_kmt × party_dpp","中彰投區 | 0-4 冷淡 | 5 中間",20.483736285023,0.79312613613208,108,1.23372172721042,1.0051877038463,0.872691038845584,0.267374328058839,0.10031809454865
3,"arear × party_kmt × party_dpp","中彰投區 | 0-4 冷淡 | 6-10 溫暖",95.7131171149501,3.70599258349378,222,2.53598355037697,3.02232251527649,3.80684595515548,-0.184476912140167,0.0272135924154002
3,"arear × party_kmt × party_dpp","中彰投區 | 5 中間 | 0-4 冷淡",51.7423045634683,2.00345159310602,138,1.57642220699109,1.89410463785852,2.22504767831867,-0.0545792848820357,0.110607157155763
3,"arear × party_kmt × party_dpp","中彰投區 | 5 中間 | 5 中間",95.1151933838704,3.68284109726421,169,1.93054603609778,2.87969950156616,3.47337216773024,-0.218076635534088,-0.0568769936040885
3,"arear × party_kmt × party_dpp","中彰投區 | 5 中間 | 6-10 溫暖",19.3858286477221,0.750615373930996,56,0.639707562257254,1.09788516614852,0.72458149489194,0.462646788592752,-0.034683381054022
3,"arear × party_kmt × party_dpp","中彰投區 | 6-10 溫暖 | 0-4 冷淡",92.5828716859951,3.58479011204684,173,1.97623943340187,2.61720292681225,3.53691923473159,-0.269914598900219,-0.0133538856722413
3,"arear × party_kmt × party_dpp","中彰投區 | 6-10 溫暖 | 5 中間",16.8275448651969,0.651559142034126,38,0.434087274388851,0.762191074882159,0.774057997170935,0.169795688082355,0.188008804165306
3,"arear × party_kmt × party_dpp","中彰投區 | 6-10 溫暖 | 6-10 溫暖",20.9550510743885,0.811375349683256,97,1.10806488462417,1.88560763134569,0.745130341806388,1.3239646509865,-0.0816453296279325
3,"arear × party_kmt × party_dpp","雲嘉南區 | 0-4 冷淡 | 0-4 冷淡",45.294163850758,1.75378088569474,380,4.34087274388851,3.04642486738553,1.71288528214566,0.737061278426881,-0.0233185364732048
3,"arear × party_kmt × party_dpp","雲嘉南區 | 0-4 冷淡 | 5 中間",26.441122065581,1.02379491158575,68,0.776787754169523,0.813327305664299,1.22687427861508,-0.205575944497966,0.198359422117831
3,"arear × party_kmt × party_dpp","雲嘉南區 | 0-4 冷淡 | 6-10 溫暖",110.58450700857,4.28180979970471,176,2.01050948137994,3.05475463446117,4.13875032025198,-0.286573954155591,-0.0334109841736985
3,"arear × party_kmt × party_dpp","雲嘉南區 | 5 中間 | 0-4 冷淡",30.4515738576046,1.17907879581918,64,0.731094356865433,1.15893139751006,1.08245643938882,-0.0170874061857153,-0.0819473276705298
3,"arear × party_kmt × party_dpp","雲嘉南區 | 5 中間 | 5 中間",63.4547675119584,2.45695579535053,89,1.01667809001599,1.79187589664459,2.34504955948749,-0.270692659576747,-0.0455467029870063
3,"arear × party_kmt × party_dpp","雲嘉南區 | 5 中間 | 6-10 溫暖",16.3959991308309,0.634849778268675,51,0.582590815627142,1.10928304643946,0.835400436406274,0.747315797234155,0.315902541046055
3,"arear × party_kmt × party_dpp","雲嘉南區 | 6-10 溫暖 | 0-4 冷淡",38.3958823576123,1.48668081808596,77,0.879597898103724,1.41529680106576,1.6933181871735,-0.0480156978900809,0.138992422969162
3,"arear × party_kmt × party_dpp","雲嘉南區 | 6-10 溫暖 | 5 中間",12.9408078687277,0.501065469723708,15,0.171350239890336,0.298811822412077,0.35651560686755,-0.403647146994895,-0.288484981684857
3,"arear × party_kmt × party_dpp","雲嘉南區 | 6-10 溫暖 | 6-10 溫暖",27.2146047329734,1.05374400440837,68,0.776787754169523,1.68305448705866,0.980510148305288,0.597213820451231,-0.0694987167629906
3,"arear × party_kmt × party_dpp","高屏區 | 0-4 冷淡 | 0-4 冷淡",54.0304170408421,2.09204684657753,410,4.68357322366918,2.60459255703013,1.9648447053255,0.244997243389219,-0.0608027212488715
3,"arear × party_kmt × party_dpp","高屏區 | 0-4 冷淡 | 5 中間",17.5882908878153,0.68101507454085,94,1.0737948366461,1.15956757711211,0.80362712302986,0.702704713098906,0.180043075510004
3,"arear × party_kmt × party_dpp","高屏區 | 0-4 冷淡 | 6-10 溫暖",122.862397161772,4.75720722923434,225,2.57025359835504,3.61692968461126,4.75556052069122,-0.239694738882883,-0.000346150265013533
3,"arear × party_kmt × party_dpp","高屏區 | 5 中間 | 0-4 冷淡",23.2282434353478,0.899392899257497,62,0.708247658213388,0.789219496201045,1.17431069097271,-0.122497523771209,0.305670404938902
3,"arear × party_kmt × party_dpp","高屏區 | 5 中間 | 5 中間",83.9756888159657,3.25152172791518,119,1.35937856979666,2.13355421456645,2.98186204336511,-0.3438290151195,-0.0829333792343978
3,"arear × party_kmt × party_dpp","高屏區 | 5 中間 | 6-10 溫暖",26.4980210997707,1.02599803070956,50,0.57116746630112,1.06894737338707,0.979468006456338,0.0418610381228549,-0.0453509878776684
3,"arear × party_kmt × party_dpp","高屏區 | 6-10 溫暖 | 0-4 冷淡",42.6192761772047,1.65020977466341,97,1.10806488462417,1.61333185293973,1.49012371665364,-0.0223474144256559,-0.0970095199214395
3,"arear × party_kmt × party_dpp","高屏區 | 6-10 溫暖 | 5 中間",6.0888773852167,0.235760103856146,30,0.342700479780672,0.604620585549189,0.381656228452122,1.56455853072626,0.618832967112184
3,"arear × party_kmt × party_dpp","高屏區 | 6-10 溫暖 | 6-10 溫暖",20.7409757470063,0.803086396199122,81,0.925291295407814,1.80547474155663,0.864785048007158,1.24816999777565,0.0768269168797354
3,"arear × party_kmt × party_dpp","花東區 | 0-4 冷淡 | 0-4 冷淡",4.30196647419607,0.166571273910787,42,0.47978067169294,0.669959267599749,0.435095903674391,3.02205765658352,1.61207045764339
3,"arear × party_kmt × party_dpp","花東區 | 0-4 冷淡 | 5 中間",2.84883629270417,0.110306366468766,6,0.0685400959561343,0.0846854995748213,0.0185760550565164,-0.232270064857945,-0.831595803114624
3,"arear × party_kmt × party_dpp","花東區 | 0-4 冷淡 | 6-10 溫暖",12.3363304099761,0.477660224480969,16,0.182773589216358,0.348168226521203,0.502599145096601,-0.271096464229303,0.05221058680934
3,"arear × party_kmt × party_dpp","花東區 | 5 中間 | 0-4 冷淡",3.68020734220443,0.142496885766963,8,0.0913867946081791,0.185589354376175,0.0604302255510168,0.302409897432319,-0.575918973767305
3,"arear × party_kmt × party_dpp","花東區 | 5 中間 | 5 中間",5.02540794827965,0.194582781824855,17,0.194196938542381,0.522993509129318,0.351688384936444,1.68776869271027,0.807397250867761
3,"arear × party_kmt × party_dpp","花東區 | 5 中間 | 6-10 溫暖",3.62574267027601,0.140388024658754,2,0.0228466986520448,0.0747100137654074,0.0623036726705305,-0.467832003854977,-0.556203794291044
3,"arear × party_kmt × party_dpp","花東區 | 6-10 溫暖 | 0-4 冷淡",20.2259386312966,0.783144262993368,14,0.159926890564313,0.39462832041229,0.748499388656619,-0.496097540312784,-0.0442381767623863
3,"arear × party_kmt × party_dpp","花東區 | 6-10 溫暖 | 5 中間",5.59977265879698,0.21682206753155,3,0.0342700479780672,0.102238925074702,0.15832692924205,-0.528466238521477,-0.269784062828331
3,"arear × party_kmt × party_dpp","花東區 | 6-10 溫暖 | 6-10 溫暖",5.0428837682466,0.195259442048032,2,0.0228466986520448,0.0442582132303739,0.0897116247998767,-0.773336373564527,-0.540551668800689
3,"arear × party_kmt × party_tpp","北北基宜蘭區 | 0-4 冷淡 | 0-4 冷淡",285.29903621767,11.0467211200612,1437,16.4153529814942,10.4064726249353,11.426309625316,-0.0579582383014216,0.0343620972349423
3,"arear × party_kmt × party_tpp","北北基宜蘭區 | 0-4 冷淡 | 5 中間",38.971826722678,1.50898126769805,298,3.40415809915467,1.29423201468854,1.10487532478662,-0.142314061550353,-0.267800503267942
3,"arear × party_kmt × party_tpp","北北基宜蘭區 | 0-4 冷淡 | 6-10 溫暖",44.6628610764834,1.72933696964726,490,5.59744116975097,1.22199293400433,1.49875708265666,-0.293374885605094,-0.133334272636077
3,"arear × party_kmt × party_tpp","北北基宜蘭區 | 5 中間 | 0-4 冷淡",67.2936506208143,2.60559657478762,150,1.71350239890336,2.57747429944198,2.34110294247975,-0.010793027446287,-0.101509817316759
3,"arear × party_kmt × party_tpp","北北基宜蘭區 | 5 中間 | 5 中間",120.887954190705,4.6807571957607,387,4.42083618917066,6.70632615410345,5.09795000725267,0.432743864641662,0.0891293425494954
3,"arear × party_kmt × party_tpp","北北基宜蘭區 | 5 中間 | 6-10 溫暖",41.1943286697006,1.59503609467202,195,2.22755311857437,1.60792898372422,1.52351947178297,0.0080831330997852,-0.0448369934247513
3,"arear × party_kmt × party_tpp","北北基宜蘭區 | 6-10 溫暖 | 0-4 冷淡",74.7942811198987,2.89601947437566,179,2.04477952935801,3.31874771220036,2.65803752651814,0.145968713803568,-0.0821755343716504
3,"arear × party_kmt × party_tpp","北北基宜蘭區 | 6-10 溫暖 | 5 中間",74.4669634309609,2.88334579950001,135,1.54215215901302,2.25525462150375,2.93010085746911,-0.217834148822932,0.0162155569329227
3,"arear × party_kmt × party_tpp","北北基宜蘭區 | 6-10 溫暖 | 6-10 溫暖",85.9878931816395,3.32943387496923,285,3.25565455791638,2.88679902686976,3.69457553320972,-0.132945979623507,0.109670794481199
3,"arear × party_kmt × party_tpp","桃竹苗區 | 0-4 冷淡 | 0-4 冷淡",120.079773693999,4.64946460998776,477,5.44893762851268,4.80787059554637,4.23176959755241,0.0340697260536908,-0.0898372280408544
3,"arear × party_kmt × party_tpp","桃竹苗區 | 0-4 冷淡 | 5 中間",22.5026636190039,0.871298595162544,130,1.48503541238291,1.01920192724854,1.04846124538756,0.169750453985764,0.203331729453744
3,"arear × party_kmt × party_tpp","桃竹苗區 | 0-4 冷淡 | 6-10 溫暖",10.8669183403669,0.420764885616098,208,2.37605665981266,1.07463861453575,0.696250097369508,1.55401211287446,0.654724814667066
3,"arear × party_kmt × party_tpp","桃竹苗區 | 5 中間 | 0-4 冷淡",44.4220847501676,1.72001415887164,66,0.753941055517478,1.57326348468073,1.93199662394446,-0.085319457071897,0.123244604690862
3,"arear × party_kmt × party_tpp","桃竹苗區 | 5 中間 | 5 中間",74.5807450977268,2.88775140268046,141,1.61069225496916,2.52518294838958,2.68592453293054,-0.125553901196041,-0.0698906663373356
3,"arear × party_kmt × party_tpp","桃竹苗區 | 5 中間 | 6-10 溫暖",24.4989206590792,0.948593264986964,96,1.09664153529815,1.10295199769907,0.923457097065858,0.162723833712045,-0.0264983622052724
3,"arear × party_kmt × party_tpp","桃竹苗區 | 6-10 溫暖 | 0-4 冷淡",33.9014722422156,1.31265816521555,62,0.708247658213388,1.52776992727721,1.5591194626958,0.163874927808293,0.187757410124958
3,"arear × party_kmt × party_tpp","桃竹苗區 | 6-10 溫暖 | 5 中間",38.6354755832062,1.49595781944033,52,0.594014164953164,0.933831029451141,1.47790605523297,-0.375763796735586,-0.0120670275409979
3,"arear × party_kmt × party_tpp","桃竹苗區 | 6-10 溫暖 | 6-10 溫暖",61.1636155241637,2.36824285264878,141,1.61069225496916,2.11003522978169,2.119861042431,-0.109029199677852,-0.104880211056048
3,"arear × party_kmt × party_tpp","中彰投區 | 0-4 冷淡 | 0-4 冷淡",147.898374600816,5.7265952243843,583,6.65981265707105,5.98118978646546,5.83062563510638,0.0444582779305008,0.0181661889213177
3,"arear × party_kmt × party_tpp","中彰投區 | 0-4 冷淡 | 5 中間",24.4657362446806,0.947308371156781,125,1.4279186657528,1.15435660577228,0.818982472153188,0.218564768263019,-0.135463702117285
3,"arear × party_kmt × party_tpp","中彰投區 | 0-4 冷淡 | 6-10 溫暖",17.9820136132663,0.69625993903233,180,2.05620287868403,0.582558871787819,0.726079180729563,-0.163302612818043,0.0428277429528351
3,"arear × party_kmt × party_tpp","中彰投區 | 5 中間 | 0-4 冷淡",47.0432281065686,1.82150430078636,92,1.05094813799406,1.65830434127195,1.80550768292464,-0.0895962526379693,-0.00878209173308461
3,"arear × party_kmt × party_tpp","中彰投區 | 5 中間 | 5 中間",95.5676538434506,3.70036027497018,179,2.04477952935801,3.09833128126012,3.41723354079168,-0.162694696995392,-0.0765132887447782
3,"arear × party_kmt × party_tpp","中彰投區 | 5 中間 | 6-10 溫暖",23.6324446450416,0.915043488544701,92,1.05094813799406,1.11505368304113,1.20026011722452,0.21857998772772,0.311697347995378
3,"arear × party_kmt × party_tpp","中彰投區 | 6-10 溫暖 | 0-4 冷淡",33.5308425977983,1.29830746016241,82,0.936714644733836,1.72576404259254,1.22445306185799,0.329241412798058,-0.0568851374351482
3,"arear × party_kmt × party_tpp","中彰投區 | 6-10 溫暖 | 5 中間",35.3266650979775,1.36784134504198,73,0.833904500799634,1.48538035708967,1.76756247499917,0.0859302962830741,0.292227699803098
3,"arear × party_kmt × party_tpp","中彰投區 | 6-10 溫暖 | 6-10 溫暖",61.5079599298046,2.38157579855984,153,1.74777244688143,2.05385723335789,2.06409203685175,-0.137605767324357,-0.133308275092515
3,"arear × party_kmt × party_tpp","雲嘉南區 | 0-4 冷淡 | 0-4 冷淡",146.96018902451,5.69026886815922,421,4.80923006625543,5.25483460964524,5.57366853477718,-0.0765226158205835,-0.0204911817145392
3,"arear × party_kmt × party_tpp","雲嘉南區 | 0-4 冷淡 | 5 中間",20.1480562448497,0.780128672703792,88,1.00525474068997,0.992388373754568,0.919392545675032,0.272082937696828,0.178513978326901
3,"arear × party_kmt × party_tpp","雲嘉南區 | 0-4 冷淡 | 6-10 溫暖",15.2115476555497,0.588988056122186,115,1.31368517249257,0.667283824111192,0.585448800560502,0.132932692225534,-0.00600904470794452
3,"arear × party_kmt × party_tpp","雲嘉南區 | 5 中間 | 0-4 冷淡",30.2636009565873,1.17180052301744,52,0.594014164953164,1.24487904574178,1.31081633861835,0.0623643028731189,0.118634368964901
3,"arear × party_kmt × party_tpp","雲嘉南區 | 5 中間 | 5 中間",61.7147437683564,2.3895824270676,99,1.13091158327622,2.18980199586727,2.38128585657626,-0.0836047457235014,-0.00347197501846468
3,"arear × party_kmt × party_tpp","雲嘉南區 | 5 中間 | 6-10 溫暖",18.3239957754502,0.709501419353344,53,0.605437514279187,0.62540929898506,0.570804240087964,-0.118522836000706,-0.195485414802682
3,"arear × party_kmt × party_tpp","雲嘉南區 | 6-10 溫暖 | 0-4 冷淡",21.126292175546,0.81800577057026,46,0.52547406899703,1.08389837039747,0.798979267194945,0.325049784968929,-0.0232596199927178
3,"arear × party_kmt × party_tpp","雲嘉南區 | 6-10 溫暖 | 5 中間",27.1974859760048,1.05308116959244,34,0.388393877084761,0.863248232991404,0.912898993693238,-0.180264296886541,-0.133116211690934
3,"arear × party_kmt × party_tpp","雲嘉南區 | 6-10 溫暖 | 6-10 溫暖",30.2275168077626,1.17040335205533,80,0.913867946081791,1.45001650714763,1.31846568145815,0.238903241862115,0.126505387346007
3,"arear × party_kmt × party_tpp","高屏區 | 0-4 冷淡 | 0-4 冷淡",167.600150062045,6.48944399518848,510,5.82590815627142,5.6724534709093,6.13605718873377,-0.125895303955922,-0.054455636987811
3,"arear × party_kmt × party_tpp","高屏區 | 0-4 冷淡 | 5 中間",16.5858879743808,0.642202235978718,111,1.26799177518849,1.29683311431255,1.03485222376106,1.01935315957935,0.611411741947519
3,"arear × party_kmt × party_tpp","高屏區 | 0-4 冷淡 | 6-10 溫暖",10.2950670540033,0.398622919185524,108,1.23372172721042,0.411803233531657,0.353122936551749,0.0330646174912956,-0.114142916635956
3,"arear × party_kmt × party_tpp","高屏區 | 5 中間 | 0-4 冷淡",39.5031075285154,1.5295523533082,54,0.616860863605209,1.1984737928489,1.59546998937846,-0.216454546157398,0.0430960312850236
3,"arear × party_kmt × party_tpp","高屏區 | 5 中間 | 5 中間",74.5495454881286,2.88654336009169,129,1.47361206305689,2.230050508967,2.83466917211843,-0.227432180718682,-0.0179710406191884
3,"arear × party_kmt × party_tpp","高屏區 | 5 中間 | 6-10 溫暖",19.6493003344402,0.760816944482348,48,0.548320767649075,0.563196782338663,0.705501579297266,-0.259747319742128,-0.0727052224404881
3,"arear × party_kmt × party_tpp","高屏區 | 6-10 溫暖 | 0-4 冷淡",21.1377200190654,0.818448254365636,53,0.605437514279187,1.37877989233826,1.11574452616835,0.684626834969459,0.363243821728408
3,"arear × party_kmt × party_tpp","高屏區 | 6-10 溫暖 | 5 中間",26.2845023819637,1.01773062903587,48,0.548320767649075,0.95980953701855,0.663071692188234,-0.0569120063451304,-0.348480164327587
3,"arear × party_kmt × party_tpp","高屏區 | 6-10 溫暖 | 6-10 溫暖",22.0269069083985,0.852877391317166,107,1.2222983778844,1.68483775068875,0.957748774756334,0.975474749174348,0.122961851852125
3,"arear × party_kmt × party_tpp","花東區 | 0-4 冷淡 | 0-4 冷淡",15.3038889486783,0.592563492361229,45,0.514050719671008,0.907136419363633,0.80951022923365,0.530867883454823,0.366115597179196
3,"arear × party_kmt × party_tpp","花東區 | 0-4 冷淡 | 5 中間",2.16479050344241,0.0838202515224763,8,0.0913867946081791,0.0947519809248665,0.00660674260480667,0.130418713900648,-0.921179637560082
3,"arear × party_kmt × party_tpp","花東區 | 0-4 冷淡 | 6-10 溫暖",2.01845372475568,0.078154120976816,11,0.125656842586246,0.100924593407274,0.140154131989051,0.291353445549124,0.793304437914763
3,"arear × party_kmt × party_tpp","花東區 | 5 中間 | 0-4 冷淡",5.00687081315561,0.193865027692927,6,0.0685400959561343,0.200745201126313,0.0909367478660041,0.0354895027497349,-0.530927527526813
3,"arear × party_kmt × party_tpp","花東區 | 5 中間 | 5 中間",5.62534711568286,0.217812305342237,15,0.171350239890336,0.489470007461605,0.326426879624393,1.24721007700885,0.498661331881573
3,"arear × party_kmt × party_tpp","花東區 | 5 中間 | 6-10 溫暖",1.69914003192162,0.0657903592154074,6,0.0685400959561343,0.0930776686829828,0.0570586556675933,0.414761521186299,-0.13272010750428
3,"arear × party_kmt × party_tpp","花東區 | 6-10 溫暖 | 0-4 冷淡",9.14926035530396,0.354257514991266,8,0.0913867946081791,0.217029271504291,0.294981907920731,-0.387368616556681,-0.167323499325048
3,"arear × party_kmt × party_tpp","花東區 | 6-10 溫暖 | 5 中間",9.2793026779622,0.359292727487093,5,0.057116746630112,0.185345159428042,0.345595232988002,-0.48413885044556,-0.038123494997774
3,"arear × party_kmt × party_tpp","花東區 | 6-10 溫暖 | 6-10 溫暖",12.440032025074,0.481675530094592,6,0.0685400959561343,0.138751027785033,0.355960801789812,-0.711940883196235,-0.260994633213134
3,"arear × party_dpp × party_tpp","北北基宜蘭區 | 0-4 冷淡 | 0-4 冷淡",142.124649128936,5.50303773902713,1105,12.6228010052547,8.53414330378965,5.25258345273655,0.550805883678783,-0.045512005944349
3,"arear × party_dpp × party_tpp","北北基宜蘭區 | 0-4 冷淡 | 5 中間",104.642982323684,4.05175516267528,335,3.8268220242175,3.13346050816069,3.93103772508909,-0.226641200577445,-0.0297938628420194
3,"arear × party_dpp × party_tpp","北北基宜蘭區 | 0-4 冷淡 | 6-10 溫暖",120.164610196796,4.65274946225932,534,6.10006854009596,2.00108389755048,4.81483787941427,-0.569913679259495,0.0348371255468894
3,"arear × party_dpp × party_tpp","北北基宜蘭區 | 5 中間 | 0-4 冷淡",60.7417911065669,2.35190989630725,214,2.44459675576879,2.42782697567755,2.24789536415824,0.0322789063856133,-0.0442255599639765
3,"arear × party_dpp × party_tpp","北北基宜蘭區 | 5 中間 | 5 中間",100.743358649023,3.90076252078532,364,4.15809915467215,5.57717345006457,4.00822195528578,0.429764929381485,0.0275483149583865
3,"arear × party_dpp × party_tpp","北北基宜蘭區 | 5 中間 | 6-10 溫暖",24.2836103300262,0.940256492487312,133,1.51930546036098,0.850259706264199,0.99566625478192,-0.0957151446889131,0.0589304756067457
3,"arear × party_dpp × party_tpp","北北基宜蘭區 | 6-10 溫暖 | 0-4 冷淡",224.52052772288,8.69338953389011,447,5.10623714873201,5.34072435711049,8.92497127741913,-0.38565684463001,0.0266388320259007
3,"arear × party_dpp × party_tpp","北北基宜蘭區 | 6-10 溫暖 | 5 中間",28.9404033716372,1.12056657949815,121,1.38222526844871,1.54517883207048,1.19366650913351,0.378926393434376,0.0652347936952554
3,"arear × party_dpp × party_tpp","北北基宜蘭區 | 6-10 溫暖 | 6-10 溫暖",27.3968624010012,1.06080098454187,303,3.46127484578478,2.86537734078364,0.90634795345316,1.7011450616452,-0.145600384369376
3,"arear × party_dpp × party_tpp","桃竹苗區 | 0-4 冷淡 | 0-4 冷淡",82.1122860872309,3.17937115022101,381,4.35229609321453,4.06065427171383,3.57507090368186,0.277187871391345,0.124458496590857
3,"arear × party_dpp × party_tpp","桃竹苗區 | 0-4 冷淡 | 5 中間",48.9406975305988,1.89497393404902,115,1.31368517249257,1.03328042007682,1.82645677379588,-0.454725787246588,-0.0361573101466067
3,"arear × party_dpp × party_tpp","桃竹苗區 | 0-4 冷淡 | 6-10 溫暖",56.0963766544715,2.17204038598669,227,2.59310029700708,1.22411787170277,1.84654831579033,-0.436420298811944,-0.149855441130987
3,"arear × party_dpp × party_tpp","桃竹苗區 | 5 中間 | 0-4 冷淡",37.5350585329508,1.45334989327594,90,1.02810143934202,1.68183010397814,1.72152864604715,0.157209362837734,0.184524562193839
3,"arear × party_dpp × party_tpp","桃竹苗區 | 5 中間 | 5 中間",66.0967605887342,2.55925323423149,145,1.65638565227325,2.50815913666298,2.54895609230835,-0.0199644556017731,-0.00402349473877924
3,"arear × party_dpp × party_tpp","桃竹苗區 | 5 中間 | 6-10 溫暖",22.2542744889077,0.861681018160517,66,0.753941055517478,0.662560740806016,0.599998004095233,-0.23108351368767,-0.30368896209866
3,"arear × party_dpp × party_tpp","桃竹苗區 | 6-10 溫暖 | 0-4 冷淡",78.755986066201,3.04941589057798,134,1.530728809687,2.16641963181235,2.42628613446365,-0.289562424559371,-0.204343972247166
3,"arear × party_dpp × party_tpp","桃竹苗區 | 6-10 溫暖 | 5 中間",20.681426180604,0.80078064900282,63,0.719671007539411,0.936776348349478,0.836878967446847,0.169828903228378,0.0450789095477998
3,"arear × party_dpp × party_tpp","桃竹苗區 | 6-10 溫暖 | 6-10 溫暖",18.1788033802305,0.703879599104634,152,1.7363490975554,2.40094722950773,1.29302191698079,2.41101977179313,0.836993029241896
3,"arear × party_dpp × party_tpp","中彰投區 | 0-4 冷淡 | 0-4 冷淡",97.7264987832689,3.78395031546871,488,5.57459447109893,5.04089344974937,3.48517972397507,0.33217749428218,-0.078957324115031
3,"arear × party_dpp × party_tpp","中彰投區 | 0-4 冷淡 | 5 中間",52.8808838633578,2.04753715387657,153,1.74777244688143,1.93473501636443,2.47772591915798,-0.0550916193625994,0.210100590588522
3,"arear × party_dpp × party_tpp","中彰投區 | 0-4 冷淡 | 6-10 溫暖",67.8670646616262,2.62779905075512,228,2.6045236463331,1.22627414345974,2.49521156390526,-0.533345541354329,-0.0504557176134762
3,"arear × party_dpp × party_tpp","中彰投區 | 5 中間 | 0-4 冷淡",38.1217327950907,1.47606580233787,97,1.10806488462417,1.31153701832961,1.41537651793193,-0.111464396605949,-0.0411155683641104
3,"arear × party_dpp × party_tpp","中彰投區 | 5 中間 | 5 中間",80.2849348769949,3.10861648004932,162,1.85058259081563,2.78203921847986,2.87393247922643,-0.105055500948858,-0.0754946782046168
3,"arear × party_dpp × party_tpp","中彰投區 | 5 中間 | 6-10 溫暖",14.0198068620047,0.542844093043221,56,0.639707562257254,0.553502043485152,0.830812206588401,0.0196335385767596,0.53048032986932
3,"arear × party_dpp × party_tpp","中彰投區 | 6-10 溫暖 | 0-4 冷淡",92.624213726823,3.58639086752648,172,1.96481608407585,3.01282770225097,3.96003013798202,-0.159927678399173,0.104182528970479
3,"arear × party_dpp × party_tpp","中彰投區 | 6-10 溫暖 | 5 中間",22.1942364457561,0.859356357243036,62,0.708247658213388,1.02129400927778,0.65212008955962,0.188440628465553,-0.24115288836434
3,"arear × party_dpp × party_tpp","中彰投區 | 6-10 溫暖 | 6-10 溫暖",21.2355466644815,0.822236082338521,141,1.61069225496916,1.97169360124195,0.664407564312168,1.39796530898311,-0.191950367317223
3,"arear × party_dpp × party_tpp","雲嘉南區 | 0-4 冷淡 | 0-4 冷淡",52.6722364467758,2.03945836800348,319,3.64404843500114,3.71911604314054,2.13809898513423,0.823580270864443,0.0483660851715828
3,"arear × party_dpp × party_tpp","雲嘉南區 | 0-4 冷淡 | 5 中間",31.2509916837509,1.21003209275604,74,0.845327850125657,1.13886671684574,1.14274930173248,-0.0588128003681342,-0.0556041376310173
3,"arear × party_dpp × party_tpp","雲嘉南區 | 0-4 冷淡 | 6-10 溫暖",30.2183919354482,1.17005003884036,128,1.46218871373087,0.762670305975073,1.20781162184125,-0.348172915125104,0.0322734769859213
3,"arear × party_dpp × party_tpp","雲嘉南區 | 5 中間 | 0-4 冷淡",33.9216444105858,1.31343922750488,61,0.696824308887366,0.992820136622325,1.39475185728807,-0.244106529002969,0.0619081782243176
3,"arear × party_dpp × party_tpp","雲嘉南區 | 5 中間 | 5 中間",55.0802121613945,2.13269470183735,84,0.959561343385881,1.62513567873153,2.00693964595394,-0.237989536274718,-0.0589653342201654
3,"arear × party_dpp × party_tpp","雲嘉南區 | 5 中間 | 6-10 溫暖",13.8348408742867,0.535682247317748,27,0.308430431802605,0.286059209367108,0.526747941728113,-0.465990872761875,-0.0166783678838903
3,"arear × party_dpp × party_tpp","雲嘉南區 | 6-10 溫暖 | 0-4 冷淡",111.756201299281,4.32717756623855,139,1.58784555631711,2.87167584602162,4.15061329816818,-0.336362836499484,-0.0408035643020423
3,"arear × party_dpp × party_tpp","雲嘉南區 | 6-10 溫暖 | 5 中間",22.7290821440656,0.880065474770447,63,0.719671007539411,1.28143620703597,1.06388844825811,0.456069171864983,0.208874201701426
3,"arear × party_dpp × party_tpp","雲嘉南區 | 6-10 溫暖 | 6-10 溫暖",19.7098274290276,0.763160541372748,93,1.06237148732008,1.69398011490171,0.740159158537253,1.2196903836965,-0.0301396385013839
3,"arear × party_dpp × party_tpp","高屏區 | 0-4 冷淡 | 0-4 冷淡",64.4575396738066,2.49578293113673,345,3.94105551747772,3.41324063587206,2.53570773345476,0.367603165038659,0.0159969049471135
3,"arear × party_dpp × party_tpp","高屏區 | 0-4 冷淡 | 5 中間",37.0188916472871,1.43336401560552,99,1.13091158327622,1.06695080079077,1.23142875457045,-0.255631654503311,-0.14088205008395
3,"arear × party_dpp × party_tpp","高屏區 | 0-4 冷淡 | 6-10 溫暖",18.401505332301,0.71250257375618,125,1.4279186657528,0.526952469508088,0.862142624926638,-0.260420258231359,0.210020365795429
3,"arear × party_dpp × party_tpp","高屏區 | 5 中間 | 0-4 冷淡",31.8590012656045,1.23357410109264,80,0.913867946081791,1.15113261964369,1.11486905828188,-0.0668313977862634,-0.0962285465507261
3,"arear × party_dpp × party_tpp","高屏區 | 5 中間 | 5 中間",62.0232142185466,2.40152634066159,123,1.40507196710075,2.2779127359907,2.61184569102471,-0.0514729331000496,0.0875773656120647
3,"arear × party_dpp × party_tpp","高屏區 | 5 中間 | 6-10 溫暖",13.7706416048466,0.53319646455795,40,0.456933973040896,0.468697021593358,0.4404306455405,-0.12096749932141,-0.173980559106593
3,"arear × party_dpp × party_tpp","高屏區 | 6-10 溫暖 | 0-4 冷淡",131.924436670215,5.10808757063294,192,2.1932830705963,3.68533390058071,5.19669491254394,-0.278529616099737,0.0173464805929352
3,"arear × party_dpp × party_tpp","高屏區 | 6-10 溫暖 | 5 中間",18.3778299786394,0.711585868839173,66,0.753941055517478,1.14182962351663,0.689318642472562,0.604626614324591,-0.0312923953969687
3,"arear × party_dpp × party_tpp","高屏區 | 6-10 溫暖 | 6-10 溫暖",19.7991273596945,0.766618216670906,98,1.11948823395019,1.66418827545762,0.713800020138211,1.17081754551109,-0.0688976538570422
3,"arear × party_dpp × party_tpp","花東區 | 0-4 冷淡 | 0-4 冷淡",9.70963461508676,0.375955093268251,41,0.468357322366918,0.886286930121645,0.63095527699288,1.3574276449269,0.678272986031026
3,"arear × party_dpp × party_tpp","花東區 | 0-4 冷淡 | 5 中間",9.63755284155765,0.373164101540511,10,0.114233493260224,0.220058900901589,0.304895509391196,-0.410289199863726,-0.182945229370903
3,"arear × party_dpp × party_tpp","花東區 | 0-4 冷淡 | 6-10 溫暖",8.86092499105265,0.343093227862355,13,0.148503541238291,0.143831111364981,0.30817473149795,-0.580781258023886,-0.101775533670439
3,"arear × party_dpp × party_tpp","花東區 | 5 中間 | 0-4 冷淡",5.12940558467689,0.198609549323464,5,0.057116746630112,0.119138643670306,0.0576142531350198,-0.400136377751544,-0.709911968828916
3,"arear × party_dpp × party_tpp","花東區 | 5 中間 | 5 中間",5.38416817861437,0.208473905559506,14,0.159926890564313,0.443888641755145,0.307364849490177,1.12922879035545,0.474356460417743
3,"arear × party_dpp × party_tpp","花東區 | 5 中間 | 6-10 溫暖",2.96044313648954,0.1146277609422,7,0.0799634452821567,0.14689064835339,0.163612266609813,0.28145788721685,0.427335448803829
3,"arear × party_dpp × party_tpp","花東區 | 6-10 溫暖 | 0-4 冷淡",14.6209799173742,0.566121392453707,13,0.148503541238291,0.319485318202285,0.506859354892485,-0.435659343630244,-0.104680795234332
3,"arear × party_dpp × party_tpp","花東區 | 6-10 溫暖 | 5 中間",2.04771927691546,0.0792872772517883,4,0.0456933973040896,0.105619605157779,0.0663684963358296,0.332112904096438,-0.162936367141644
3,"arear × party_dpp × party_tpp","花東區 | 6-10 溫暖 | 6-10 溫暖",4.33625765420909,0.16789902148226,3,0.0342700479780672,0.0420315301569198,0.081386591338693,-0.749661851594764,-0.515264647642438
3,"party_kmt × party_dpp × party_tpp","0-4 冷淡 | 0-4 冷淡 | 0-4 冷淡",243.059612474178,9.41121915499163,2157,24.6401644962303,15.5226709830024,8.69205498537114,0.649379397861462,-0.0764156224370832
3,"party_kmt × party_dpp × party_tpp","0-4 冷淡 | 0-4 冷淡 | 5 中間",54.1109495083091,2.09516504746952,406,4.63787982636509,2.1137272713454,2.22915261758999,0.00885955209032511,0.0639508425755275
3,"party_kmt × party_dpp × party_tpp","0-4 冷淡 | 0-4 冷淡 | 6-10 溫暖",61.305774990962,2.37374723852094,695,7.93922778158556,1.96218142175418,3.10768646031099,-0.173382325669685,0.309190131906111
3,"party_kmt × party_dpp × party_tpp","0-4 冷淡 | 5 中間 | 0-4 冷淡",91.3127938591222,3.5356129548428,374,4.27233264793237,3.93131801129604,3.79611601305881,0.111919789158831,0.0736797442319572
3,"party_kmt × party_dpp × party_tpp","0-4 冷淡 | 5 中間 | 5 中間",20.2770669383222,0.785123940725691,147,1.67923235092529,1.22996133881408,0.556777069546565,0.566582389115824,-0.290841814055581
3,"party_kmt × party_dpp × party_tpp","0-4 冷淡 | 5 中間 | 6-10 溫暖",11.5589176143322,0.447558957885405,118,1.34795522047064,0.364183543932385,0.402042307926729,-0.186289230690289,-0.101699785372925
3,"party_kmt × party_dpp × party_tpp","0-4 冷淡 | 6-10 溫暖 | 0-4 冷淡",548.769006214419,21.2482252003078,942,10.7607950651131,13.575968512567,21.5197698122895,-0.36107753073088,0.0127796373307353
3,"party_kmt × party_dpp × party_tpp","0-4 冷淡 | 6-10 溫暖 | 5 中間",50.4509448624042,1.95345040602715,207,2.36463331048663,2.50807540654186,2.14724086723171,0.283920696836468,0.0992041879367086
3,"party_kmt × party_dpp × party_tpp","0-4 冷淡 | 6-10 溫暖 | 6-10 溫暖",28.1721688591311,1.09082069417387,299,3.41558144848069,1.73283710569146,0.490083461619314,0.58856273533005,-0.550720421571687
3,"party_kmt × party_dpp × party_tpp","5 中間 | 0-4 冷淡 | 0-4 冷淡",74.3701903828306,2.87959876660146,213,2.43317340644277,3.76880351489923,3.31482613710473,0.308794669108443,0.151141671385327
3,"party_kmt × party_dpp × party_tpp","5 中間 | 0-4 冷淡 | 5 中間",75.7710216797053,2.93383867178299,183,2.0904729266621,2.9264082179446,3.15073115043193,-0.0025326729481916,0.0739278818344603
3,"party_kmt × party_dpp × party_tpp","5 中間 | 0-4 冷淡 | 6-10 溫暖",78.0987367629632,3.02396733016405,232,2.65021704363719,1.48911717258472,2.34711440563958,-0.507561752492898,-0.223829443450949
3,"party_kmt × party_dpp × party_tpp","5 中間 | 5 中間 | 0-4 冷淡",95.0860567912956,3.68171293427835,126,1.43934201507882,2.72034543799975,3.41989906955959,-0.26111962378377,-0.071111971354735
3,"party_kmt × party_dpp × party_tpp","5 中間 | 5 中間 | 5 中間",324.214392137383,12.5535158496621,674,7.69933744573909,12.4511964121779,12.3098085383279,-0.00815065983980117,-0.0194134706366556
3,"party_kmt × party_dpp × party_tpp","5 中間 | 5 中間 | 6-10 溫暖",36.5449533154463,1.41501321901903,124,1.41649531642678,1.45439487041707,1.90323393498982,0.0278312957566195,0.345029084823149
3,"party_kmt × party_dpp × party_tpp","5 中間 | 6-10 溫暖 | 0-4 冷淡",64.0762956016827,2.48102123758437,81,0.925291295407814,1.96399121221268,2.34110511854735,-0.208394034496494,-0.0563945672521725
3,"party_kmt × party_dpp × party_tpp","5 中間 | 6-10 溫暖 | 5 中間",32.9405756869613,1.27545244446778,93,1.06237148732008,1.86155826592651,1.28295030053418,0.459527773066672,0.00587858535919418
3,"party_kmt × party_dpp × party_tpp","5 中間 | 6-10 溫暖 | 6-10 溫暖",14.3544400372239,0.555801022071704,134,1.530728809687,2.16410637146934,0.730252820496775,2.8936710900653,0.313874554916823
3,"party_kmt × party_dpp × party_tpp","6-10 溫暖 | 0-4 冷淡 | 0-4 冷淡",131.373041878097,5.08673767553223,309,3.52981494174092,6.36286013648552,5.61071495349949,0.250872473155353,0.103008511818419
3,"party_kmt × party_dpp × party_tpp","6-10 溫暖 | 0-4 冷淡 | 5 中間",154.490028702222,5.98182274125044,197,2.25039981722641,3.48721687385003,5.53441021571517,-0.417031058141809,-0.07479534999423
3,"party_kmt × party_dpp × party_tpp","6-10 溫暖 | 0-4 冷淡 | 6-10 溫暖",162.20436201777,6.28052017077504,328,3.74685857893534,2.43363120522223,6.07992587142515,-0.612511203045479,-0.031939121903201
3,"party_kmt × party_dpp × party_tpp","6-10 溫暖 | 5 中間 | 0-4 冷淡",20.9097830450577,0.809622580720904,47,0.536897418323052,1.03262204862583,0.736020614223882,0.275436324548118,-0.0909089843214178
3,"party_kmt × party_dpp × party_tpp","6-10 溫暖 | 5 中間 | 5 中間",25.1211895976015,0.972687392736797,71,0.81105780214759,1.53315111069278,1.49067510541496,0.576201277143152,0.532532565494376
3,"party_kmt × party_dpp × party_tpp","6-10 溫暖 | 5 中間 | 6-10 溫暖",43.0197463667831,1.66571589960452,87,0.993831391363948,1.14939095551977,1.25199107642743,-0.309971793033458,-0.248376582870652
3,"party_kmt × party_dpp × party_tpp","6-10 溫暖 | 6-10 溫暖 | 0-4 冷淡",41.3570435866733,1.60133638342764,74,0.845327850125657,1.85650703119879,1.30458018463259,0.159348560622195,-0.185317839440988
3,"party_kmt × party_dpp × party_tpp","6-10 溫暖 | 6-10 溫暖 | 5 中間",31.5791768482522,1.22273935611048,79,0.902444596755769,1.66250095293975,1.0720499854406,0.359652770340312,-0.123239159610621
3,"party_kmt × party_dpp × party_tpp","6-10 溫暖 | 6-10 溫暖 | 6-10 溫暖",68.1298159922894,2.63797272926537,357,4.07813570938999,6.74127461488877,3.17878692264419,1.55547547558087,0.205011290442502
