"order","vars","cell","target_count","target_pct","sample_n","sample_pct","raking_pct","mlcal_pct","rel_imbalance_raking","rel_imbalance_mlcal"
1,"sex","男性",1308.38174140401,50.6602770464424,1622,51.8542199488491,50.6602770464424,50.6602770464423,0,-2.38435855706991e-15
1,"sex","女性",1274.2763443474,49.3397229535576,1506,48.1457800511509,49.3397229535576,49.3397229535577,0,2.4481747737602e-15
1,"age","20至29歲",365.622693206459,14.1568369124665,810,25.8951406649616,14.1568369124667,14.1568369124667,1.51827119925465e-14,9.78720277205476e-15
1,"age","30至39歲",430.044773821911,16.651246876018,995,31.809462915601,16.651246876018,16.651246876018,-1.06680109461271e-15,-8.53440875690168e-16
1,"age","40至49歲",537.18364825268,20.7996424775054,845,27.0140664961637,20.7996424775053,20.7996424775053,-3.58693604159289e-15,-3.4161295634218e-15
1,"age","50至59歲",475.162664744739,18.3982025095084,326,10.4219948849105,18.3982025095083,18.3982025095083,-4.82752822859248e-15,-2.31721354972439e-15
1,"age","60歲及以上",774.644305725634,29.9940712245017,152,4.85933503836317,29.9940712245017,29.9940712245017,-1.4213663702572e-15,-7.10683185128601e-16
1,"edu","高中職及以下",1175.10208218626,45.4997155321999,356,11.381074168798,45.4997155322002,45.4997155322001,5.46574752407053e-15,4.52876223422987e-15
1,"edu","專科",304.647270998214,11.79588086704,289,9.23913043478261,11.79588086704,11.79588086704,-3.16241695282278e-15,-4.21655593709704e-15
1,"edu","大學及以上",1102.90873256695,42.70440360076,2483,79.3797953964194,42.7044036007598,42.7044036007599,-5.1579750450305e-15,-3.49411212727873e-15
1,"arear","北北基宜蘭區",833.558795230551,32.2752283714717,1298,41.4961636828644,32.2752283714719,32.2752283714719,5.72392886492849e-15,5.28362664454938e-15
1,"arear","桃竹苗區",430.65166950993,16.6747457546101,473,15.1214833759591,16.6747457546101,16.6747457546101,-2.98283357570569e-15,-2.76977403458386e-15
1,"arear","中彰投區",486.954918679405,18.8547962026389,507,16.2084398976982,18.8547962026388,18.8547962026388,-3.01479890049686e-15,-3.76849862562107e-15
1,"arear","雲嘉南區",371.173428384617,14.3717602586416,381,12.1803069053708,14.3717602586416,14.3717602586416,-2.10120860119737e-15,-2.84281163691409e-15
1,"arear","高屏區",397.632187750942,15.3962380829536,425,13.5869565217391,15.3962380829536,15.3962380829536,-2.42289664698722e-15,-1.61526443132481e-15
1,"arear","花東區",62.6870861959766,2.42723132968404,44,1.40664961636829,2.42723132968404,2.42723132968404,-2.37849588436316e-15,-1.46368977499271e-15
1,"party_kmt","0-4 冷淡",1109.01723532118,42.9409235949447,1918,61.3171355498721,42.9409235949448,42.9409235949448,2.48204746058519e-15,2.15110779917383e-15
1,"party_kmt","5 中間",795.456662395493,30.7999214756318,594,18.9897698209719,30.7999214756318,30.7999214756318,-6.92088844761113e-16,2.30696281587038e-16
1,"party_kmt","6-10 溫暖",678.184188034748,26.2591549294235,616,19.693094629156,26.2591549294234,26.2591549294234,-3.51765149705224e-15,-2.97647434365958e-15
1,"party_dpp","0-4 冷淡",1034.78371839704,40.0666167970883,1740,55.6265984654731,40.0666167970884,40.0666167970885,3.19212608053577e-15,4.78818912080366e-15
1,"party_dpp","5 中間",668.044899665346,25.8665637294756,541,17.2953964194373,25.8665637294755,25.8665637294755,-1.78552042348699e-15,-2.7469544976723e-15
1,"party_dpp","6-10 溫暖",879.829467689038,34.0668194734361,847,27.0780051150895,34.0668194734361,34.066819473436,-1.66858602415562e-15,-3.54574530133069e-15
1,"party_tpp","0-4 冷淡",1310.31382383336,50.7350868882871,1587,50.7352941176471,50.7350868882872,50.7350868882872,2.38084277543838e-15,1.40049575025787e-15
1,"party_tpp","5 中間",768.955345961162,29.773795850233,709,22.6662404092072,29.7737958502329,29.773795850233,-1.90917608042789e-15,2.38647010053487e-16
1,"party_tpp","6-10 溫暖",503.388915956903,19.4911172614799,832,26.5984654731458,19.4911172614799,19.4911172614799,-3.09864907841731e-15,-3.28092255361833e-15
2,"sex × age","男性 | 20至29歲",214.466657306438,8.3041056998468,376,12.0204603580563,7.25747958353902,8.310403884999,-0.126037186199002,0.000758442315144545
2,"sex × age","男性 | 30至39歲",222.944650684725,8.63237189292361,512,16.3682864450128,9.04150331338482,8.65147325965203,0.0473950179088782,0.00221275994191958
2,"sex × age","男性 | 40至49歲",273.891499120253,10.605023585248,489,15.6329923273657,11.7400786744445,10.6253080746266,0.107029944824954,0.00191272458901347
2,"sex × age","男性 | 50至59歲",227.999185472441,8.82808246009481,175,5.59462915601023,9.41311516726068,8.84406748617771,0.0662695109397052,0.0018107019452021
2,"sex × age","男性 | 60歲及以上",369.079748820157,14.2906934083291,70,2.23785166240409,13.2081003078134,14.229024340987,-0.0757551134562005,-0.00431533065471987
2,"sex × age","女性 | 20至29歲",151.15603590002,5.85273121261972,434,13.8746803069054,6.89935732892772,5.84643302746769,0.178826957583709,-0.00107611043856734
2,"sex × age","女性 | 30至39歲",207.100123137186,8.01887498309444,483,15.4411764705882,7.60974356263319,7.999773616366,-0.0510210498759226,-0.00238205069523008
2,"sex × age","女性 | 40至49歲",263.292149132426,10.1946188922573,356,11.381074168798,9.05956380306086,10.1743344028787,-0.111338648476456,-0.00198972512783439
2,"sex × age","女性 | 50至59歲",247.163479272297,9.57012004941356,151,4.82736572890026,8.98508734224758,9.55413502333058,-0.0611311774716787,-0.00167030570154139
2,"sex × age","女性 | 60歲及以上",405.564556905476,15.7033778161726,82,2.62148337595908,16.7859709166883,15.7650468835147,0.0689401422540284,0.00392712116234185
2,"sex × edu","男性 | 高中職及以下",554.858686863235,21.4840164063684,158,5.05115089514067,19.1303748562102,21.4628262615687,-0.10955314433015,-0.000986321384182319
2,"sex × edu","男性 | 專科",163.853643944213,6.34438003420572,164,5.24296675191816,6.92693747744879,6.3602997831815,0.0918225957622674,0.00250926787013887
2,"sex × edu","男性 | 大學及以上",589.669410596568,22.8318806058683,1300,41.5601023017903,24.6029647127834,22.8371510016921,0.0775706625962243,0.000230834941493824
2,"sex × edu","女性 | 高中職及以下",620.24339532302,24.0156991258314,198,6.32992327365729,26.36934067599,24.0368892706315,0.0980042903530104,0.000882345531103582
2,"sex × edu","女性 | 專科",140.793627054001,5.45150083283429,125,3.99616368286445,4.86894338959119,5.43558108385848,-0.106861846142326,-0.0029202506729756
2,"sex × edu","女性 | 大學及以上",513.239321970385,19.8725229948919,1183,37.8196930946292,18.1014388879765,19.8672525990678,-0.08912225726802,-0.000265210201313403
2,"sex × arear","男性 | 北北基宜蘭區",395.89528750544,15.328985655887,677,21.6432225063939,14.8077990891033,15.4053715496447,-0.0340000687901666,0.00498310165281194
2,"sex × arear","男性 | 桃竹苗區",232.258571404634,8.9930050240103,253,8.08823529411765,8.83845098179113,8.98586685612873,-0.017186028675235,-0.000793746680060209
2,"sex × arear","男性 | 中彰投區",258.011201575702,9.99014166835152,266,8.50383631713555,10.4291857603967,9.99188602842601,0.0439477343385478,0.000174608141946691
2,"sex × arear","男性 | 雲嘉南區",195.284017193868,7.56135774500131,199,6.3618925831202,7.99500809648685,7.5630372514364,0.057350857625037,0.000222117044547035
2,"sex × arear","男性 | 高屏區",191.65791094662,7.42095564271558,205,6.5537084398977,7.55554326620475,7.42242435087209,0.0181361579247916,0.00019791361479818
2,"sex × arear","男性 | 花東區",35.2747527777514,1.36583131047671,22,0.703324808184143,1.03428985245963,1.29169100993433,-0.242739682033917,-0.0542821796320565
2,"sex × arear","女性 | 北北基宜蘭區",437.663507725111,16.9462427155848,621,19.8529411764706,17.4674292823686,16.8698568218272,0.0307552875012522,-0.00450754158544919
2,"sex × arear","女性 | 桃竹苗區",198.393098105296,7.6817407305998,220,7.03324808184143,7.83629477281893,7.68887889848134,0.0201196639719257,0.000929238323951559
2,"sex × arear","女性 | 中彰投區",228.943717103702,8.86465453428735,241,7.70460358056266,8.42561044224214,8.86291017421281,-0.0495274903660428,-0.00019677699427537
2,"sex × arear","女性 | 雲嘉南區",175.889411190749,6.81040251364029,182,5.81841432225064,6.37675216215472,6.80872300720518,-0.0636747021364782,-0.000246608982619099
2,"sex × arear","女性 | 高屏區",205.974276804321,7.97528244023805,220,7.03324808184143,7.84069481674884,7.97381373208152,-0.0168755933721129,-0.000184157510098921
2,"sex × arear","女性 | 花東區",27.4123334182252,1.06140001920733,22,0.703324808184143,1.39294147722441,1.13554031974971,0.3123624006194,0.0698514218962864
2,"sex × party_kmt","男性 | 0-4 冷淡",610.618847890592,23.6430385911085,1004,32.0971867007673,22.1604364255893,23.61079031622,-0.0627077674388586,-0.00136396490511306
2,"sex × party_kmt","男性 | 5 中間",367.417928127467,14.2263480463991,284,9.07928388746803,15.1921830009826,14.2411942096107,0.0678905753910553,0.00104356811481881
2,"sex × party_kmt","男性 | 6-10 溫暖",330.344965385956,12.7908904089347,334,10.6777493606138,13.3076576198705,12.8082925206116,0.0404011913490213,0.00136050823050787
2,"sex × party_kmt","女性 | 0-4 冷淡",498.398387430589,19.2978850038363,914,29.2199488491049,20.7804871693556,19.3301332787248,0.0768271841823355,0.00167107819754036
2,"sex × party_kmt","女性 | 5 中間",428.038734268026,16.5735734292327,310,9.91048593350384,15.6077384746492,16.5587272660211,-0.0582756011374064,-0.000895773218427685
2,"sex × party_kmt","女性 | 6-10 溫暖",347.839222648791,13.4682645204887,282,9.0153452685422,12.9514973095529,13.4508624088118,-0.0383692501843606,-0.00129208270675426
2,"sex × party_dpp","男性 | 0-4 冷淡",581.445722836622,22.5134610750246,942,30.1150895140665,21.6567160898766,22.5188841815638,-0.0380547878574953,0.000240882844318918
2,"sex × party_dpp","男性 | 5 中間",308.564726767409,11.9475639640325,235,7.51278772378517,11.4702254124498,11.9361790411022,-0.0399527931400639,-0.000952907468383246
2,"sex × party_dpp","男性 | 6-10 溫暖",418.371291799984,16.1992520073852,445,14.2263427109974,17.5333355441159,16.2052138237762,0.082354638110606,0.000368030350309207
2,"sex × party_dpp","女性 | 0-4 冷淡",453.337995560415,17.5531557220637,798,25.5115089514067,18.4099007072118,17.5477326155246,0.048808601639149,-0.000308953365704252
2,"sex × party_dpp","女性 | 5 中間",359.480172897936,13.918999765443,306,9.78260869565217,14.3963383170257,13.9303846883733,0.0342940268429151,0.000817941168339476
2,"sex × party_dpp","女性 | 6-10 溫暖",461.458175889054,17.8675674660509,402,12.8516624040921,16.5334839293201,17.8616056496598,-0.074665090212509,-0.000333666930456864
2,"sex × party_tpp","男性 | 0-4 冷淡",652.073672747078,25.2481610455748,750,23.9769820971867,25.6880949316482,25.2639884772271,0.0174243932173621,0.000626874631530856
2,"sex × party_tpp","男性 | 5 中間",369.72617594195,14.315722936061,360,11.5089514066496,14.4066443788102,14.3067405184174,0.00635115971127251,-0.000627451207579101
2,"sex × party_tpp","男性 | 6-10 溫暖",286.581892714987,11.0963930648066,512,16.3682864450128,10.5655377359839,11.0895480507978,-0.0478403500779291,-0.000616868379553077
2,"sex × party_tpp","女性 | 0-4 冷淡",658.240151086279,25.4869258427124,837,26.7583120204604,25.046991956639,25.47109841106,-0.0172611592621374,-0.000621001989411803
2,"sex × party_tpp","女性 | 5 中間",399.229170019212,15.4580729141719,349,11.1572890025575,15.3671514714227,15.4670553318156,-0.00588180967020364,0.000581082628701695
2,"sex × party_tpp","女性 | 6-10 溫暖",216.807023241915,8.39472419667333,320,10.230179028133,8.92557952549596,8.40156921068209,0.0632367801949942,0.000815394746556576
2,"age × edu","20至29歲 | 高中職及以下",82.113219614607,3.17940729621266,35,1.11892583120205,3.39166958799253,3.47972558109602,0.0667615917069546,0.0944573176393896
2,"age × edu","20至29歲 | 專科",21.545324448612,0.834230615638905,14,0.447570332480818,0.260851903371933,0.622757335767741,-0.687314396664576,-0.253494987964694
2,"age × edu","20至29歲 | 大學及以上",261.964149143239,10.1431990006149,761,24.3286445012788,10.5043154211023,10.0543539956029,0.0356018274378167,-0.00875907147307661
2,"age × edu","30至39歲 | 高中職及以下",76.0434252613937,2.94438608350547,56,1.79028132992327,4.89870763344499,3.01970596275729,0.663745003037365,0.0255808433798015
2,"age × edu","30至39歲 | 專科",32.3792344257526,1.25371742409069,48,1.53452685421995,1.05388877715368,1.23464911361919,-0.159388904626527,-0.0152094164961678
2,"age × edu","30至39歲 | 大學及以上",321.622114134765,12.4531433684219,891,28.4846547314578,10.6986504654193,12.3968917996415,-0.1408875535354,-0.00451705783159904
2,"age × edu","40至49歲 | 高中職及以下",171.845227986974,6.65381255594952,107,3.42071611253197,9.85722788498123,6.75411592167059,0.481440572918961,0.0150745703876773
2,"age × edu","40至49歲 | 專科",83.8430506726544,3.2463860057674,120,3.83631713554987,2.20722608544404,3.20834296395444,-0.320097461755082,-0.0117185823698644
2,"age × edu","40至49歲 | 大學及以上",281.495369593052,10.8994439157885,618,19.7570332480818,8.73518850708004,10.8371835918803,-0.198565672288415,-0.00571224774302411
2,"age × edu","50至59歲 | 高中職及以下",252.633865810622,9.78193231246555,85,2.71739130434783,9.92352995478454,9.79080359229018,0.014475426510419,0.000906904642278616
2,"age × edu","50至59歲 | 專科",88.8929987252452,3.44191897547994,74,2.36572890025575,3.00636623719553,3.45792175178908,-0.126543576820742,0.00464937624131803
2,"age × edu","50至59歲 | 大學及以上",133.635800208871,5.17435122156286,167,5.33887468030691,5.4683063175282,5.14947716542904,0.0568100392451821,-0.00480718356151896
2,"age × edu","60歲及以上 | 高中職及以下",592.466343512658,22.9401772840666,73,2.33375959079284,17.4285804709969,22.455364474386,-0.240259556184768,-0.0211337865299485
2,"age × edu","60歲及以上 | 專科",77.9866627259494,3.01962784606307,33,1.05498721227621,5.2675478638748,3.27220970190952,0.744436113457662,0.083646683870584
2,"age × edu","60歲及以上 | 大學及以上",104.191299487026,4.034266094372,46,1.47058823529412,7.29794288962997,4.26649704820615,0.808988975667958,0.0575646098699668
2,"age × arear","20至29歲 | 北北基宜蘭區",85.5561011045185,3.312714972862,342,10.9335038363171,4.1014134990298,3.62886862924112,0.238082217344042,0.0954364196645549
2,"age × arear","20至29歲 | 桃竹苗區",64.247935308146,2.48766709238839,137,4.37979539641944,3.37543219472422,2.71262037184041,0.356866521670908,0.0904274049129477
2,"age × arear","20至29歲 | 中彰投區",74.0396555673914,2.86680052523676,115,3.67647058823529,2.38965234237643,2.72860565050255,-0.166439268675984,-0.0482052635046175
2,"age × arear","20至29歲 | 雲嘉南區",65.7541432208329,2.54598715887325,84,2.68542199488491,1.29888257810688,2.33777225495902,-0.489831449628475,-0.0817816001893664
2,"age × arear","20至29歲 | 高屏區",62.810772284406,2.43202043007297,120,3.83631713554987,2.51852958126665,2.27536849467505,0.035570898222712,-0.0644122612873054
2,"age × arear","20至29歲 | 花東區",13.2140857211632,0.511646733033135,12,0.383631713554987,0.472926716962754,0.473601511248544,-0.0756772467613366,-0.0743583791868504
2,"age × arear","30至39歲 | 北北基宜蘭區",166.60988519896,6.4511011394869,402,12.8516624040921,4.55919297266526,6.32087848897745,-0.293269028947842,-0.0201861120595937
2,"age × arear","30至39歲 | 桃竹苗區",62.9183613254763,2.43618625603591,153,4.89130434782609,3.60119812949183,2.45276087092747,0.478211331571828,0.00680350890679677
2,"age × arear","30至39歲 | 中彰投區",83.5209834895916,3.23391562941989,176,5.62659846547315,3.56792777151653,3.25147418568693,0.103284123759457,0.00542950351187627
2,"age × arear","30至39歲 | 雲嘉南區",54.6787142746161,2.117148784668,123,3.93222506393862,2.18099582789008,2.17073062036918,0.0301570884788278,0.0253084885149338
2,"age × arear","30至39歲 | 高屏區",55.1277324592809,2.13453467818376,137,4.37979539641944,2.57131697491742,2.15417461361658,0.204626470208163,0.00920103834974116
2,"age × arear","30至39歲 | 花東區",7.18909707398553,0.278360388223588,4,0.127877237851662,0.17061519953689,0.301228096440415,-0.387070837823928,0.0821514453358903
2,"age × arear","40至49歲 | 北北基宜蘭區",169.258824542203,6.55366753640396,353,11.2851662404092,5.63460360740555,6.39902505375801,-0.140236581104128,-0.0235963270622054
2,"age × arear","40至49歲 | 桃竹苗區",92.4986724831002,3.58152993589888,137,4.37979539641944,4.50158728925024,3.59256062635028,0.256889477351371,0.00307988224273271
2,"age × arear","40至49歲 | 中彰投區",112.541878903024,4.35759884453617,128,4.0920716112532,3.87791839919545,4.35917143255924,-0.110079073924433,0.000360884073815243
2,"age × arear","40至49歲 | 雲嘉南區",82.577165143657,3.19737117349126,108,3.45268542199489,3.35925720465289,3.23700223471042,0.0506309785062786,0.0123948891350932
2,"age × arear","40至49歲 | 高屏區",71.4071400948277,2.76487005727868,102,3.26086956521739,2.76381217299655,2.77568651480481,-0.000382616274981653,0.00391210339077422
2,"age × arear","40至49歲 | 花東區",8.89996708586798,0.344604929896423,17,0.543478260869565,0.662463804004637,0.436196615322554,0.922386322806677,0.265787507606639
2,"age × arear","50至59歲 | 北北基宜蘭區",162.547457580632,6.29380476174564,141,4.5076726342711,6.78019738265878,6.15335330511158,0.0772811739997854,-0.0223158267456486
2,"age × arear","50至59歲 | 桃竹苗區",86.5646248306095,3.35176480805525,32,1.0230179028133,2.36377801096462,3.30396765666278,-0.294766146692696,-0.0142602939435362
2,"age × arear","50至59歲 | 中彰投區",76.818597487551,2.97440059570258,61,1.95012787723785,3.45540199542178,2.99286812439646,0.161713724914578,0.0062088236267032
2,"age × arear","50至59歲 | 雲嘉南區",54.3527448618733,2.10452731477459,38,1.21483375959079,2.15495599788054,2.13828760008386,0.0239619998048597,0.0160417425196877
2,"age × arear","50至59歲 | 高屏區",81.0207866635961,3.13710851276015,45,1.4386189258312,2.94307821325534,3.14643174193307,-0.061850043986553,0.00297191797319022
2,"age × arear","50至59歲 | 花東區",13.8584533204767,0.536596516470147,9,0.28772378516624,0.700790909327203,0.663294081320553,0.305992282501503,0.236113282441434
2,"age × arear","60歲及以上 | 北北基宜蘭區",249.586526804238,9.66393996097325,60,1.91815856777494,11.1998209097125,9.77310289438375,0.158929065675259,0.011295903518787
2,"age × arear","60歲及以上 | 桃竹苗區",124.422075562598,4.81759766223167,14,0.447570332480818,2.83275013017915,4.61283622882913,-0.41199943856106,-0.0425028090261262
2,"age × arear","60歲及以上 | 中彰投區",140.033803231846,5.42208060774346,27,0.863171355498721,5.56389569412863,5.52267680949363,0.0261551047733668,0.0185530627498429
2,"age × arear","60歲及以上 | 雲嘉南區",113.810660883638,4.40672582683451,28,0.895140664961637,5.37766865011119,4.48796754851909,0.220332024598438,0.0184358466755219
2,"age × arear","60歲及以上 | 高屏區",127.265756248831,4.92770440465808,21,0.671355498721228,4.59950114051762,5.0445767179241,-0.0666036834170107,0.0237173952957792
2,"age × arear","60歲及以上 | 花東區",19.5254829944832,0.75602276206075,2,0.0639386189258312,0.420434699852552,0.552911025351971,-0.44388618841774,-0.268658229489204
2,"age × party_kmt","20至29歲 | 0-4 冷淡",151.637731049673,5.87138235162684,566,18.0946291560102,5.97623728357447,5.57790864450928,0.0178586448076524,-0.0499837499147446
2,"age × party_kmt","20至29歲 | 5 中間",139.501361821534,5.40146458376221,129,4.12404092071611,5.67779085050193,5.55022799400788,0.0511576559384294,0.0275413099426549
2,"age × party_kmt","20至29歲 | 6-10 溫暖",74.4836003352515,2.88398997707746,115,3.67647058823529,2.50280877839034,3.02870027394952,-0.13217147137016,0.050177115046255
2,"age × party_kmt","30至39歲 | 0-4 冷淡",212.752104537703,8.23771856257169,649,20.7480818414322,6.54055448560932,8.17415949777912,-0.206023556652382,-0.00771561498608949
2,"age × party_kmt","30至39歲 | 5 中間",147.495214729625,5.71098495551381,192,6.1381074168798,6.81633586362948,5.74024400871497,0.193548208711088,0.00512329369260755
2,"age × party_kmt","30至39歲 | 6-10 溫暖",69.7974545545828,2.70254335793254,154,4.923273657289,3.2943565267792,2.73684336952392,0.218983783223889,0.0126917525636376
2,"age × party_kmt","40至49歲 | 0-4 冷淡",250.178988705126,9.68687996623978,481,15.3772378516624,8.51695569973762,9.6343462069716,-0.120774105860661,-0.00542318676924516
2,"age × party_kmt","40至49歲 | 5 中間",156.54933167998,6.06155853706171,170,5.43478260869565,7.20474063548281,6.08756116106351,0.188595406846512,0.00428975878774727
2,"age × party_kmt","40至49歲 | 6-10 溫暖",130.455327867574,5.05120397420388,194,6.20204603580563,5.0779461422849,5.0777351094702,0.00529421662985341,0.0052524379141697
2,"age × party_kmt","50至59歲 | 0-4 冷淡",164.859613815415,6.38333098465294,141,4.5076726342711,6.3176826045159,6.38124667787604,-0.0102843453198454,-0.000326523375007801
2,"age × party_kmt","50至59歲 | 5 中間",142.542407918957,5.51921327508921,78,2.49360613810742,5.59123771014201,5.52121407059558,0.0130497647876509,0.000362514620588726
2,"age × party_kmt","50至59歲 | 6-10 溫暖",167.760643010366,6.4956582497662,107,3.42071611253197,6.48928219485037,6.49574176103668,-0.000981587188036628,1.2856475397464e-05
2,"age × party_kmt","60歲及以上 | 0-4 冷淡",329.588797213263,12.7616117298535,81,2.58951406649616,15.5894935215075,13.1732625678088,0.221592840427726,0.032256963044275
2,"age × party_kmt","60歲及以上 | 5 中間",209.368346245397,8.10670012420487,25,0.79923273657289,5.50981641587555,7.90067424124984,-0.320337951144335,-0.0254142721204
2,"age × party_kmt","60歲及以上 | 6-10 溫暖",235.687162266973,9.12575937044334,46,1.47058823529412,8.89476128711858,8.92013441544305,-0.0253127519527769,-0.0225323665300956
2,"age × party_dpp","20至29歲 | 0-4 冷淡",163.836530203755,6.3437173936281,450,14.386189258312,3.6289806532659,5.77959284189709,-0.427940996093079,-0.0889264947864225
2,"age × party_dpp","20至29歲 | 5 中間",125.792945126897,4.870677455173,139,4.44373401534527,5.04055879833358,4.99651452577999,0.0348783808256821,0.0258356402708105
2,"age × party_dpp","20至29歲 | 6-10 溫暖",75.9932178758058,2.94244206366542,221,7.06521739130435,5.48729746086725,3.3807295447896,0.864878676330401,0.148953648582023
2,"age × party_dpp","30至39歲 | 0-4 冷淡",180.137539883733,6.97488919952495,548,17.5191815856777,4.49585368464266,6.96543438924894,-0.355422924144964,-0.00135554988839761
2,"age × party_dpp","30至39歲 | 5 中間",128.004818930298,4.95632076257028,183,5.85038363171356,5.79387902658884,4.97788567310815,0.168987905372012,0.00435099170754401
2,"age × party_dpp","30至39歲 | 6-10 溫暖",121.90241500788,4.72003691392283,264,8.43989769820972,6.36151416478651,4.70792681366093,0.347767884192127,-0.00256567914250308
2,"age × party_dpp","40至49歲 | 0-4 冷淡",221.23801970942,8.5662914858918,458,14.6419437340153,6.43420467125592,8.54071194551539,-0.248892629692477,-0.0029860693415045
2,"age × party_dpp","40至49歲 | 5 中間",137.775095286544,5.33462389182107,146,4.66751918158568,6.38735278958989,5.37555316305662,0.197338916316639,0.00767238179589395
2,"age × party_dpp","40至49歲 | 6-10 溫暖",178.170533256715,6.8987270997925,241,7.70460358056266,7.97808501665952,6.88337736893331,0.156457546624722,-0.00222500914112844
2,"age × party_dpp","50至59歲 | 0-4 冷淡",203.122674997354,7.86486899361501,192,6.1381074168798,8.64797987790324,7.87494563917243,0.0995707474497016,0.00128122230206152
2,"age × party_dpp","50至59歲 | 5 中間",110.715780627,4.28689268772436,56,1.79028132992327,4.84233884817948,4.34468039650707,0.129568477896743,0.0134800922234868
2,"age × party_dpp","50至59歲 | 6-10 溫暖",161.324209120384,6.24644082816898,78,2.49360613810742,4.90788378342554,6.1785764738288,-0.214291159008035,-0.010864483664704
2,"age × party_dpp","60歲及以上 | 0-4 冷淡",266.448953602774,10.3168497244284,92,2.94117647058824,16.8595979100207,10.9059319812546,0.634180816853444,0.057099044045521
2,"age × party_dpp","60歲及以上 | 5 中間",165.756259694607,6.41804893218688,17,0.543478260869565,3.80243426678374,6.1719299710237,-0.407540467989529,-0.0383479409028615
2,"age × party_dpp","60歲及以上 | 6-10 溫暖",342.439092428252,13.2591725678864,43,1.37468030690537,9.33203904769724,12.9162092722234,-0.296182397512545,-0.0258661159968349
2,"age × party_tpp","20至29歲 | 0-4 冷淡",127.015958764972,4.91803229648251,374,11.9565217391304,5.06293281249388,5.06863698380216,0.0294631078602336,0.0306229561419037
2,"age × party_tpp","20至29歲 | 5 中間",128.249004050551,4.96577556115941,194,6.20204603580563,5.42069910688276,4.91464849569402,0.0916117815073258,-0.0102958872860245
2,"age × party_tpp","20至29歲 | 6-10 溫暖",110.357730390935,4.2730290548246,242,7.73657289002558,3.67320499309009,4.17355143297051,-0.140374440248016,-0.0232803523162964
2,"age × party_tpp","30至39歲 | 0-4 冷淡",169.459580813138,6.56144077870974,500,15.9846547314578,7.06781402164258,6.62596323727956,0.0771740933143679,0.00983358087741563
2,"age × party_tpp","30至39歲 | 5 中間",152.70138635951,5.91256687061933,211,6.74552429667519,5.63743238054139,5.8809531535119,-0.0465338483434563,-0.00534686842435951
2,"age × party_tpp","30至39歲 | 6-10 溫暖",107.883806649263,4.17723922668898,284,9.07928388746803,3.94600047383404,4.14433048522657,-0.0553568374484089,-0.00787810792643925
2,"age × party_tpp","40至49歲 | 0-4 冷淡",246.654120544685,9.55039778224927,425,13.5869565217391,8.98977953331688,9.5684997680656,-0.0587010365133035,0.00189541694797048
2,"age × party_tpp","40至49歲 | 5 中間",163.456310974392,6.32899538178065,196,6.26598465473146,6.70728414644851,6.31863348110558,0.0597707443043554,-0.0016372109710959
2,"age × party_tpp","40至49歲 | 6-10 溫暖",127.073216733602,4.92024931347545,224,7.1611253196931,5.10257879773993,4.91250922833412,0.0370569604603411,-0.00157310832199583
2,"age × party_tpp","50至59歲 | 0-4 冷淡",257.280771719724,9.96185957170047,186,5.9462915601023,10.0248745032572,9.97154113673065,0.00632561933875498,0.000971863231005871
2,"age × party_tpp","50至59歲 | 5 中間",144.419101464027,5.59187847051031,76,2.42966751918159,5.16938112497437,5.56982337321365,-0.0755555307154931,-0.00394413029771167
2,"age × party_tpp","50至59歲 | 6-10 溫暖",73.462791560987,2.84446446729758,64,2.0460358056266,3.20394688127673,2.856837999564,0.126379646542282,0.00435003931625089
2,"age × party_tpp","60歲及以上 | 0-4 冷淡",509.903391990838,19.7433564591452,102,3.26086956521739,19.5896860175767,19.5004457624092,-0.00778340004580804,-0.0123034144289831
2,"age × party_tpp","60歲及以上 | 5 中間",180.129543112681,6.97457956616323,32,1.0230179028133,6.83899909138589,7.08973734670781,-0.0194392326435142,0.0165110713057543
2,"age × party_tpp","60歲及以上 | 6-10 溫暖",84.6113706221145,3.27613519919332,18,0.575447570332481,3.56538611553911,3.4038881153847,0.0882902868041031,0.0389950073558749
2,"edu × arear","高中職及以下 | 北北基宜蘭區",318.164177058671,12.3192527425132,127,4.06010230179028,15.5229761181239,12.9205482958523,0.26005825536437,0.04880941773879
2,"edu × arear","高中職及以下 | 桃竹苗區",210.996417438572,8.16973871232291,51,1.6304347826087,6.36283681855398,8.04822249676574,-0.221170095812669,-0.0148739414852873
2,"edu × arear","高中職及以下 | 中彰投區",221.298699374681,8.56864099028791,74,2.36572890025575,9.26259287458292,8.5651823487554,0.0809873917090895,-0.00040363944952722
2,"edu × arear","高中職及以下 | 雲嘉南區",182.423192811372,7.06338921972693,53,1.69437340153453,6.93129100777129,6.95824310967143,-0.0187018169106014,-0.0148860705228944
2,"edu × arear","高中職及以下 | 高屏區",209.133933279644,8.09762370146635,45,1.4386189258312,6.56215522663675,7.98166776307576,-0.18961963798732,-0.0143197489369124
2,"edu × arear","高中職及以下 | 花東區",33.0856622233145,1.28107016588254,6,0.191815856777494,0.857863486531331,1.02585151807952,-0.330354020116968,-0.199223004797086
2,"edu × arear","專科 | 北北基宜蘭區",103.049052591827,3.99003852505102,130,4.15601023017903,4.88318446612355,3.83734807385647,0.223843939216379,-0.0382679140153424
2,"edu × arear","專科 | 桃竹苗區",48.5571244927136,1.88012206341228,35,1.11892583120205,1.77043495077126,1.93115468506748,-0.0583404209628512,0.0271432491795711
2,"edu × arear","專科 | 中彰投區",53.6176539638692,2.07606474351673,41,1.31074168797954,1.89551391015708,2.0534648591446,-0.0869678240640036,-0.0108859246527344
2,"edu × arear","專科 | 雲嘉南區",35.4118620556302,1.37114015405284,42,1.34271099744246,1.88320295426128,1.41764604324832,0.373457664918404,0.0339176772396382
2,"edu × arear","專科 | 高屏區",54.2725846653479,2.10142352813835,36,1.15089514066496,1.08067447992602,2.11689524200293,-0.485741705346095,0.00736249197622943
2,"edu × arear","專科 | 花東區",9.73899322882584,0.377091852868797,5,0.159846547314578,0.282870105800793,0.439371963720178,-0.249864181236468,0.16515899343243
2,"edu × arear","大學及以上 | 北北基宜蘭區",412.345565580053,15.9659371039075,1041,33.2800511508951,11.8690677872244,15.5173320017632,-0.25660061730297,-0.0280976368142233
2,"edu × arear","大學及以上 | 桃竹苗區",171.098127578644,6.62488497887492,387,12.3721227621483,8.54147398528482,6.69536857277685,0.289301476557166,0.0106392177564871
2,"edu × arear","大學及以上 | 中彰投區",212.038565340854,8.21009046883423,392,12.5319693094629,7.69668941789883,8.23614899473882,-0.0625329346715842,0.00317396330813916
2,"edu × arear","大學及以上 | 雲嘉南區",153.338373517615,5.93723088486183,286,9.14322250639386,5.55726629660902,5.99587110572183,-0.0639969365553239,0.00987669538159902
2,"edu × arear","大學及以上 | 高屏區",134.22566980595,5.19719085334894,344,10.997442455243,7.75340837639082,5.29767507787492,0.491845998188564,0.0193343341357644
2,"edu × arear","大學及以上 | 花東區",19.8624307438363,0.769069310932707,33,1.05498721227621,1.28649773735191,0.962007847884342,0.672798171847062,0.250872755171629
2,"edu × party_kmt","高中職及以下 | 0-4 冷淡",452.386893369842,17.5163292371402,195,6.23401534526854,22.9572044241231,17.9078015379158,0.310617316751876,0.0223489919306591
2,"edu × party_kmt","高中職及以下 | 5 中間",391.378981429814,15.1541151958542,74,2.36572890025575,10.6914639371851,14.9136593284211,-0.294484448678996,-0.0158673643644293
2,"edu × party_kmt","高中職及以下 | 6-10 溫暖",331.336207386599,12.8292710992054,87,2.78132992327366,11.851047170892,12.6782546658632,-0.0762493769715449,-0.0117712403280304
2,"edu × party_kmt","專科 | 0-4 冷淡",105.316920582552,4.07784991608405,140,4.47570332480818,3.93298094557143,3.90645916846075,-0.0355258220615786,-0.0420296850424271
2,"edu × party_kmt","專科 | 5 中間",100.622115072968,3.89606799398274,68,2.17391304347826,3.67689124477847,4.00420013792763,-0.05625588402019,0.0277541726971635
2,"edu × party_kmt","專科 | 6-10 溫暖",98.7082353426931,3.82196295697323,81,2.58951406649616,4.18600867669009,3.88522156065161,0.0952509806649638,0.0165513387729116
2,"edu × party_kmt","大學及以上 | 0-4 冷淡",551.313421368786,21.3467444417205,1583,50.6074168797954,16.0507382252503,21.1266628885682,-0.248094327963172,-0.0103098415663862
2,"edu × party_kmt","大學及以上 | 5 中間",303.455565892711,11.7497382857949,452,14.4501278772379,16.4315662936682,11.8820620092831,0.398462322648801,0.0112618443296067
2,"edu × party_kmt","大學及以上 | 6-10 溫暖",248.139745305455,9.60792087324478,448,14.3222506393862,10.2220990818413,9.69567870290856,0.0639241534874485,0.00913390428809239
2,"edu × party_dpp","高中職及以下 | 0-4 冷淡",400.1418573876,15.493411984931,183,5.85038363171356,21.1699503370622,15.722908389532,0.366384006160314,0.0148125154629735
2,"edu × party_dpp","高中職及以下 | 5 中間",333.840577943838,12.9262398218968,67,2.14194373401535,9.36402271431243,12.7781447704556,-0.275580304610321,-0.0114569320608097
2,"edu × party_dpp","高中職及以下 | 6-10 溫暖",441.119646854816,17.0800637253721,106,3.38874680306905,14.9657424808255,16.9986623722125,-0.123788838176624,-0.0047658694058986
2,"edu × party_dpp","專科 | 0-4 冷淡",133.092817559388,5.15332704292774,164,5.24296675191816,5.88215279312457,5.06989370147589,0.141428196604957,-0.0161901895138512
2,"edu × party_dpp","專科 | 5 中間",79.6792248162864,3.0851635087075,49,1.56649616368286,2.69222129879935,3.13814507970883,-0.127365116564848,0.0171730188211419
2,"edu × party_dpp","專科 | 6-10 溫暖",91.8752286225394,3.55739031540478,76,2.42966751918159,3.22150677511606,3.58784208585526,-0.0944185232737097,0.00856014318097664
2,"edu × party_dpp","大學及以上 | 0-4 冷淡",501.54904345005,19.4198777692296,1393,44.5332480818414,13.0145136669016,19.2738147060806,-0.329835448937642,-0.00752131732674661
2,"edu × party_dpp","大學及以上 | 5 中間",254.52509690522,9.85516039887125,425,13.5869565217391,13.8103197163638,9.95027387931107,0.401328761523303,0.00965113469393299
2,"edu × party_dpp","大學及以上 | 6-10 溫暖",346.834592211682,13.4293654326593,665,21.2595907928389,15.8795702174945,13.4803150153683,0.182451270473021,0.00379389353610523
2,"edu × party_tpp","高中職及以下 | 0-4 冷淡",660.63187178613,25.5795327856541,196,6.26598465473146,25.2376135888044,25.4116430183533,-0.0133669054753594,-0.00656344151034975
2,"edu × party_tpp","高中職及以下 | 5 中間",340.527849876861,13.1851696419112,91,2.90920716112532,12.3262325956495,13.2691793879978,-0.0651441786180344,0.00637153319738687
2,"edu × party_tpp","高中職及以下 | 6-10 溫暖",173.942360523264,6.73501310463461,69,2.20588235294118,7.93586934774636,6.81889312584895,0.178300505797887,0.012454321901262
2,"edu × party_tpp","專科 | 0-4 冷淡",139.669291166095,5.40796677410199,157,5.01918158567775,6.74803224326573,5.53154988292841,0.247794693484644,0.0228520466172705
2,"edu × party_tpp","專科 | 5 中間",105.00257671835,4.06567858508454,72,2.30179028132992,3.1402072853545,4.00745452362815,-0.227630217284083,-0.0143208717162229
2,"edu × party_tpp","專科 | 6-10 溫暖",59.9754031137688,2.3222355078535,60,1.91815856777494,1.90764133841976,2.25687646048343,-0.178532352998492,-0.0281448833027628
2,"edu × party_tpp","大學及以上 | 0-4 冷淡",510.012660881132,19.7475873285311,1234,39.4501278772379,18.7494410562171,19.7918939870054,-0.0505452263969436,0.00224364919810982
2,"edu × party_tpp","大學及以上 | 5 中間",323.424919365951,12.5229476232372,546,17.4552429667519,14.307355969229,12.497161938607,0.142491081147753,-0.00205907470078012
2,"edu × party_tpp","大學及以上 | 6-10 溫暖",269.47115231987,10.4338686489918,703,22.4744245524297,9.64760657531377,10.4153476751475,-0.0753567157234644,-0.00177508213562508
2,"arear × party_kmt","北北基宜蘭區 | 0-4 冷淡",368.933724016832,14.2850393574065,813,25.9910485933504,13.7279977350535,14.0816161724168,-0.0389947558712338,-0.0142402957317887
2,"arear × party_kmt","北北基宜蘭區 | 5 中間",229.37593348122,8.88138986522033,235,7.51278772378517,10.3213373231871,8.98339185194235,0.162130869134079,0.0114849126397953
2,"arear × party_kmt","北北基宜蘭區 | 6-10 溫暖",235.249137732499,9.1087991488449,250,7.9923273657289,8.22589331323133,9.21022034711274,-0.0969288949274427,0.0111344203127701
2,"arear × party_kmt","桃竹苗區 | 0-4 冷淡",153.44935565337,5.9415280907664,281,8.98337595907928,6.37158284037601,5.95577271197474,0.0723811691268367,0.00239746761956428
2,"arear × party_kmt","桃竹苗區 | 5 中間",143.501750506974,5.55635882653906,95,3.03708439897698,5.46907640992188,5.55021390517497,-0.0157085637090766,-0.00110592594105623
2,"arear × party_kmt","桃竹苗區 | 6-10 溫暖",133.700563349586,5.17685883730465,97,3.10102301790281,4.83408650431217,5.16875913746035,-0.0662124164024812,-0.00156459739368065
2,"arear × party_kmt","中彰投區 | 0-4 冷淡",190.346124458763,7.37016353457341,290,9.27109974424552,7.62750781487498,7.39918407507648,0.0349170380133856,0.00393757076989272
2,"arear × party_kmt","中彰投區 | 5 中間",166.243326595061,6.43690806430123,109,3.4846547314578,5.95583972139703,6.41888119666547,-0.0747359350325634,-0.00280054763182599
2,"arear × party_kmt","中彰投區 | 6-10 溫暖",130.365467625581,5.04772460376422,108,3.45268542199489,5.27144866636682,5.03673093089686,0.0443217647879917,-0.00217794624912003
2,"arear × party_kmt","雲嘉南區 | 0-4 冷淡",182.319792924909,7.05938559698519,251,8.02429667519181,6.94727333290961,7.0437448552491,-0.0158813061753504,-0.00221559532642205
2,"arear × party_kmt","雲嘉南區 | 5 中間",110.302340500394,4.27088436943838,57,1.82225063938619,3.43995094927512,4.26499717452905,-0.194557695382544,-0.00137844867715482
2,"arear × party_kmt","雲嘉南區 | 6-10 溫暖",78.5512949593134,3.04149029221803,73,2.33375959079284,3.98453597645685,3.06301822886342,0.310060395935407,0.00707808823209841
2,"arear × party_kmt","高屏區 | 0-4 冷淡",194.481105090429,7.53026915035272,258,8.24808184143222,7.20687062212913,7.508624575439,-0.0429464766486396,-0.00287434279991285
2,"arear × party_kmt","高屏區 | 5 中間",133.701953351084,5.17691265788223,90,2.8772378516624,5.0042711407585,5.16077203149062,-0.0333483542282434,-0.003117809292579
2,"arear × party_kmt","高屏區 | 6-10 溫暖",69.4491293094278,2.68905627471867,77,2.4616368286445,3.18509632006596,2.72684147602398,0.184466219621671,0.0140514728756516
2,"arear × party_kmt","花東區 | 0-4 冷淡",19.4871331768764,0.75453786486052,25,0.79923273657289,1.05969124960164,0.9519812047887,0.404424216401022,0.261674528374633
2,"arear × party_kmt","花東區 | 5 中間",12.3313579607601,0.477467692250572,8,0.255754475703325,0.609445931092151,0.421665315829326,0.276412919624974,-0.116871523093463
2,"arear × party_kmt","花東區 | 6-10 溫暖",30.8685950583402,1.19522577257295,11,0.351662404092072,0.758094148990249,1.05358480906601,-0.365731423814341,-0.118505613547833
2,"arear × party_dpp","北北基宜蘭區 | 0-4 冷淡",366.932241649416,14.2075423639617,746,23.849104859335,13.97094673766,13.8453177431634,-0.0166528186396186,-0.0254952342579052
2,"arear × party_dpp","北北基宜蘭區 | 5 中間",185.768760085616,7.19292890957988,217,6.93734015345269,8.55212588312572,7.35913118560889,0.188962937161189,0.0231063420921144
2,"arear × party_dpp","北北基宜蘭區 | 6-10 溫暖",280.857793495519,10.8747570979301,335,10.7097186700767,9.75215575068621,11.0707794426996,-0.103230015818706,0.0180254458103521
2,"arear × party_dpp","桃竹苗區 | 0-4 冷淡",187.149360272301,7.24638547025672,268,8.56777493606138,6.49150991454761,7.25117413660009,-0.104172702212371,0.000660835165755935
2,"arear × party_dpp","桃竹苗區 | 5 中間",125.886093610593,4.87428414566795,79,2.52557544757033,4.52511621310154,4.8699848876154,-0.0716347102736583,-0.000882028606469674
2,"arear × party_dpp","桃竹苗區 | 6-10 溫暖",117.616215627036,4.55407613868544,126,4.02813299232737,5.65811962696091,4.55358673039457,0.242429738689911,-0.000107465987823996
2,"arear × party_dpp","中彰投區 | 0-4 冷淡",218.474447308253,8.45928652010041,268,8.56777493606138,6.99392625907385,8.4064356442003,-0.173225041798107,-0.00624767535353283
2,"arear × party_dpp","中彰投區 | 5 中間",132.42647453409,5.12752637543041,91,2.90920716112532,5.12955850689829,5.14468125789309,0.000396318091627094,0.00334564489904522
2,"arear × party_dpp","中彰投區 | 6-10 溫暖",136.053996837061,5.26798330710804,148,4.73145780051151,6.73131143666668,5.30367930054541,0.277777670172984,0.00677602630008619
2,"arear × party_dpp","雲嘉南區 | 0-4 冷淡",114.141620065975,4.41954049959988,204,6.52173913043478,6.38590558188621,4.5516413973954,0.444925232038116,0.0298901883142549
2,"arear × party_dpp","雲嘉南區 | 5 中間",102.836697446267,3.98181617665998,70,2.23785166240409,3.1316161360201,3.91500464159925,-0.213520665675994,-0.0167791610904487
2,"arear × party_dpp","雲嘉南區 | 6-10 溫暖",154.195110872375,5.97040358238174,107,3.42071611253197,4.85423854073527,5.90511421964692,-0.18694968041025,-0.0109355024051444
2,"arear × party_dpp","高屏區 | 0-4 冷淡",119.877936653395,4.64164952049843,230,7.35294117647059,4.90810916410726,4.65001003166351,0.0574062394052128,0.00180119397816523
2,"arear × party_dpp","高屏區 | 5 中間",107.652857088998,4.16829690631218,74,2.36572890025575,3.92363599778079,4.15315349744156,-0.0586956529322298,-0.00363299669169195
2,"arear × party_dpp","高屏區 | 6-10 溫暖",170.101394008549,6.58629165614302,121,3.86828644501279,6.56449292106555,6.59307455384855,-0.00330971299413086,0.0010298507961154
2,"arear × party_dpp","花東區 | 0-4 冷淡",28.2081124476971,1.09221242267112,24,0.767263427109974,1.3162191398135,1.36203784406574,0.205094460100123,0.247044820031196
2,"arear × party_dpp","花東區 | 5 中間",13.4740168997808,0.52171121582517,10,0.319693094629156,0.604510992549089,0.424608259317327,0.158708063411974,-0.186123958163828
2,"arear × party_dpp","花東區 | 6-10 溫暖",21.0049568484987,0.813307691187754,10,0.319693094629156,0.506501197321449,0.64058522630097,-0.377232992126565,-0.212370381785693
2,"arear × party_tpp","北北基宜蘭區 | 0-4 冷淡",427.386967958384,16.5483371692245,663,21.195652173913,17.0563640546883,16.4720266614411,0.0306995730307331,-0.00461137013363148
2,"arear × party_tpp","北北基宜蘭區 | 5 中間",234.326744344344,9.07308426295876,283,9.04731457800512,9.19147204564972,9.04418423791205,0.0130482401860061,-0.00318524817020492
2,"arear × party_tpp","北北基宜蘭區 | 6-10 溫暖",171.845082927824,6.65380693928851,352,11.2531969309463,6.02739227113392,6.75901747211881,-0.094143799763083,0.0158120807817654
2,"arear × party_tpp","桃竹苗區 | 0-4 冷淡",198.403330686383,7.68213693407494,214,6.84143222506394,7.70670102448401,7.70082020433112,0.00319755956186049,0.00243204077413747
2,"arear × party_tpp","桃竹苗區 | 5 中間",135.718884299937,5.25500781728333,107,3.42071611253197,4.3043029032432,5.23436811174182,-0.18091408178563,-0.00392762603960879
2,"arear × party_tpp","桃竹苗區 | 6-10 溫暖",96.5294545236098,3.73760100325184,152,4.85933503836317,4.66374182688284,3.73955743853713,0.247790179536346,0.000523446800122962
2,"arear × party_tpp","中彰投區 | 0-4 冷淡",228.472445305183,8.84640698533307,242,7.73657289002558,8.62296030214063,8.81351145919901,-0.0252584674843589,-0.00371851828528701
2,"arear × party_tpp","中彰投區 | 5 中間",155.360055186109,6.01550999116893,124,3.96419437340153,6.41377849224034,6.03375695602834,0.0662069386728792,0.00303331968298626
2,"arear × party_tpp","中彰投區 | 6-10 溫暖",103.122418188113,3.99287922613687,141,4.5076726342711,3.81805740825786,4.00752778741145,-0.043783397387692,0.00366867126325771
2,"arear × party_tpp","雲嘉南區 | 0-4 冷淡",198.350082156643,7.68007516174691,223,7.12915601023018,8.55188476313606,7.79418086967926,0.113515764237761,0.0148573686492926
2,"arear × party_tpp","雲嘉南區 | 5 中間",109.060285989211,4.22279226936384,76,2.42966751918159,3.81105857796724,4.17819431575922,-0.097502710323619,-0.0105612473358386
2,"arear × party_tpp","雲嘉南區 | 6-10 溫暖",63.7630602387626,2.46889282753086,82,2.62148337595908,2.00881691753828,2.39938507320309,-0.186349081200377,-0.0281534109349278
2,"arear × party_tpp","高屏區 | 0-4 冷淡",228.240977609626,8.83744460286232,222,7.09718670076726,7.62509157898782,8.84020133655127,-0.137183663191714,0.00031193787489902
2,"arear × party_tpp","高屏區 | 5 中間",117.419935844473,4.54647622510628,106,3.38874680306905,5.21716266172314,4.55485931334645,0.147517858536955,0.00184386496818773
2,"arear × party_tpp","高屏區 | 6-10 溫暖",51.9712742968421,2.01231725498504,97,3.10102301790281,2.55398384224263,2.00117743305589,0.269175541737141,-0.00553581792411225
2,"arear × party_tpp","花東區 | 0-4 冷淡",29.4600201171378,1.14068603504542,23,0.735294117647059,1.17208516485039,1.11434635708542,0.0275265312630194,-0.0230910847952617
2,"arear × party_tpp","花東區 | 5 中間",17.0694402970875,0.660925284351806,13,0.415601023017903,0.836021169409272,0.728432915445082,0.264925384461859,0.102141093239432
2,"arear × party_tpp","花東區 | 6-10 溫暖",16.1576257817513,0.625620010286815,8,0.255754475703325,0.419124995424376,0.584452057153538,-0.330064594269884,-0.0658034469108544
2,"party_kmt × party_dpp","0-4 冷淡 | 0-4 冷淡",358.476336973449,13.8801314409821,1070,34.2071611253197,14.7660803969516,13.7749348340195,0.0638285710575981,-0.00757893449423825
2,"party_kmt × party_dpp","0-4 冷淡 | 5 中間",123.148778411777,4.76829585345389,244,7.80051150895141,7.28602263448,4.843317354983,0.528013961046985,0.0157333990664114
2,"party_kmt × party_dpp","0-4 冷淡 | 6-10 溫暖",627.392119935955,24.2924963005088,604,19.309462915601,20.8888205635132,24.3226714059423,-0.140112226215479,0.00124215745719506
2,"party_kmt × party_dpp","5 中間 | 0-4 冷淡",228.239948825499,8.83740476854849,255,8.15217391304348,9.80727069553762,8.91483716447983,0.109745559062859,0.00876189310768159
2,"party_kmt × party_dpp","5 中間 | 5 中間",455.845402244126,17.6502420029595,230,7.35294117647059,15.0852791443138,17.6025929370412,-0.145321682173852,-0.00269962677623688
2,"party_kmt × party_dpp","5 中間 | 6-10 溫暖",111.371311325868,4.31227470412386,109,3.4846547314578,5.90737163578037,4.28249137411076,0.36989687371519,-0.00690664024363132
2,"party_kmt × party_dpp","6-10 溫暖 | 0-4 冷淡",448.06743259809,17.3490805875577,415,13.26726342711,15.4932657045992,17.3768447985892,-0.106969062342676,0.00160032751541522
2,"party_kmt × party_dpp","6-10 溫暖 | 5 中間",89.0507190094424,3.44802587306222,67,2.14194373401535,3.49526195068174,3.42065343745133,0.0136994556765224,-0.00793858184903432
2,"party_kmt × party_dpp","6-10 溫暖 | 6-10 溫暖",141.066036427215,5.46204846880349,134,4.28388746803069,7.27062727414248,5.46165669338291,0.33111731169518,-7.17268297448115e-05
2,"party_kmt × party_tpp","0-4 冷淡 | 0-4 冷淡",883.14141254772,34.1950573101422,1219,38.9705882352941,31.1708359044271,34.0055832656729,-0.0884403081499768,-0.00554097753809318
2,"party_kmt × party_tpp","0-4 冷淡 | 5 中間",124.838961309036,4.83373939422236,322,10.2941176470588,7.34771192062799,4.92305148726014,0.520088552852168,0.0184768117918251
2,"party_kmt × party_tpp","0-4 冷淡 | 6-10 溫暖",101.036861464425,3.91212689058021,377,12.0524296675192,4.42237576988973,4.0122888420118,0.130427487037326,0.0256029403526673
2,"party_kmt × party_tpp","5 中間 | 0-4 冷淡",233.532542775809,9.04233293846417,172,5.49872122762148,9.31719543207028,9.11151873477212,0.0303972985153978,0.00765132148736141
2,"party_kmt × party_tpp","5 中間 | 5 中間",432.925989504051,16.7628069659129,233,7.44884910485933,14.4794098084151,16.7215223000417,-0.136218066708099,-0.00246287307102383
2,"party_kmt × party_tpp","5 中間 | 6-10 溫暖",128.998130115634,4.99478157125478,189,6.04219948849105,7.00331623514636,4.96688044081795,0.402126626607816,-0.00558605617459041
2,"party_kmt × party_tpp","6-10 溫暖 | 0-4 冷淡",193.639868509828,7.49769663968078,196,6.26598465473146,10.2470555517898,7.61798488784212,0.366693805342607,0.0160433602400942
2,"party_kmt × party_tpp","6-10 溫暖 | 5 中間",211.190395148075,8.17724949009771,154,4.923273657289,7.94667412118977,8.12922206293109,-0.0281971791599559,-0.00587329850028207
2,"party_kmt × party_tpp","6-10 溫暖 | 6-10 溫暖",273.353924376843,10.5842087996449,266,8.50383631713555,8.06542525644381,10.5119479786502,-0.237975609786309,-0.0068272293529572
2,"party_dpp × party_tpp","0-4 冷淡 | 0-4 冷淡",448.802844735106,17.3775555971253,929,29.6994884910486,24.5673378052015,17.6960536600204,0.413739560083213,0.0183281279760513
2,"party_dpp × party_tpp","0-4 冷淡 | 5 中間",284.371999890236,11.0108264605029,334,10.6777493606138,9.61807053823737,10.9084745421798,-0.126489680612218,-0.00929557092651177
2,"party_dpp × party_tpp","0-4 冷淡 | 6-10 溫暖",301.608873771696,11.67823473946,477,15.2493606138107,5.88120845364949,11.4620885948882,-0.496395766581292,-0.0185084603447354
2,"party_dpp × party_tpp","5 中間 | 0-4 冷淡",207.308633695476,8.02694846984205,203,6.48976982097187,8.33053505388351,7.92830752280826,0.0378209210115228,-0.0122887230937624
2,"party_dpp × party_tpp","5 中間 | 5 中間",369.612648673308,14.3113271831246,228,7.28900255754476,13.3351873747883,14.3490290750837,-0.0682074971696037,0.00263440919746535
2,"party_dpp × party_tpp","5 中間 | 6-10 溫暖",91.1236172965616,3.52828807650895,110,3.51662404092072,4.2008413008037,3.58922713158354,0.190617435342811,0.0172715644961976
2,"party_dpp × party_tpp","6-10 溫暖 | 0-4 冷淡",654.202345402776,25.3305828213198,455,14.5460358056266,17.8372140292021,25.1107257054585,-0.295822991716194,-0.00867951272231513
2,"party_dpp × party_tpp","6-10 溫暖 | 5 中間",114.970697397618,4.45164220660542,147,4.69948849104859,6.82053793720722,4.5162922329694,0.532139740944768,0.014522736411308
2,"party_dpp × party_tpp","6-10 溫暖 | 6-10 溫暖",110.656424888644,4.28459444551094,245,7.83248081841432,9.40906750702671,4.43980153500814,1.19602289707601,0.0362244528557006
3,"sex × age × edu","男性 | 20至29歲 | 高中職及以下",64.877141178477,2.51202981673825,21,0.671355498721228,2.10752630495019,2.47210348070762,-0.161026556728253,-0.0158940533924383
3,"sex × age × edu","男性 | 20至29歲 | 專科",9.34731532097335,0.361926163302169,8,0.255754475703325,0.104767816600319,0.270535031794565,-0.710527098553941,-0.252513194055281
3,"sex × age × edu","男性 | 20至29歲 | 大學及以上",140.242200806988,5.43014971980638,347,11.0933503836317,5.04518546198851,5.56776537249681,-0.0708938570171865,0.0253428836756535
3,"sex × age × edu","男性 | 30至39歲 | 高中職及以下",38.7145406983416,1.49901920474609,30,0.959079283887468,2.76271244277998,2.06593666946083,0.843013374366961,0.37819226259397
3,"sex × age × edu","男性 | 30至39歲 | 專科",16.0797323913164,0.622603993925043,32,1.0230179028133,0.75891441581075,0.732450927406473,0.218935990157039,0.176431462941521
3,"sex × age × edu","男性 | 30至39歲 | 大學及以上",168.150377595067,6.51074869425248,450,14.386189258312,5.51987645479409,5.85308566278471,-0.152190214365531,-0.101011890083905
3,"sex × age × edu","男性 | 40至49歲 | 高中職及以下",86.4310739718871,3.3465937457509,51,1.6304347826087,4.67909520437669,3.45508440417276,0.398166482058849,0.0324182337816185
3,"sex × age × edu","男性 | 40至49歲 | 專科",38.1174839573296,1.47590128819702,71,2.26982097186701,1.36152601105836,1.51040006797317,-0.0774952078796362,0.0233747202824806
3,"sex × age × edu","男性 | 40至49歲 | 大學及以上",149.342941191037,5.78252855130011,367,11.73273657289,5.6994574590094,5.65982360248066,-0.0143658767187628,-0.0212199469022701
3,"sex × age × edu","男性 | 50至59歲 | 高中職及以下",111.283627547026,4.30887960589827,33,1.05498721227621,3.89965358383208,4.08145637092893,-0.0949727213324823,-0.0527801321387649
3,"sex × age × edu","男性 | 50至59歲 | 專科",51.4578670627873,1.99243823046812,34,1.08695652173913,1.60851860212979,1.47894952617263,-0.192688346603409,-0.257718757070249
3,"sex × age × edu","男性 | 50至59歲 | 大學及以上",65.2576908626286,2.52676462372842,108,3.45268542199489,3.90494298129882,3.28366158907615,0.545432029809248,0.29955182933932
3,"sex × age × edu","男性 | 60歲及以上 | 高中職及以下",253.552303467504,9.81749403323488,23,0.735294117647059,5.68138732027128,9.38824533629851,-0.421299641126519,-0.0437228375676364
3,"sex × age × edu","男性 | 60歲及以上 | 專科",48.8512452118061,1.89151035831338,19,0.607416879795396,3.09321063184957,2.36796422983466,0.63531255234982,0.251890701749118
3,"sex × age × edu","男性 | 60歲及以上 | 大學及以上",66.6762001408475,2.58168901678087,28,0.895140664961637,4.43350235569253,2.47281477485379,0.717287530324122,-0.0421717105427501
3,"sex × age × edu","女性 | 20至29歲 | 高中職及以下",17.23607843613,0.667377479474413,14,0.447570332480818,1.28414328304234,1.0076221003884,0.924163344639162,0.50982334792289
3,"sex × age × edu","女性 | 20至29歲 | 專科",12.1980091276387,0.472304452336736,6,0.191815856777494,0.156084086771615,0.352222303973176,-0.669526539503523,-0.254247335102287
3,"sex × age × edu","女性 | 20至29歲 | 大學及以上",121.721948336252,4.71304928080857,414,13.2352941176471,5.45912995911377,4.48658862310611,0.158301056036741,-0.0480497113884634
3,"sex × age × edu","女性 | 30至39歲 | 高中職及以下",37.328884563052,1.44536687875938,26,0.831202046035806,2.13599519066501,0.953769293296459,0.477822151631444,-0.340119586720348
3,"sex × age × edu","女性 | 30至39歲 | 專科",16.2995020344362,0.631113430165647,16,0.51150895140665,0.294974361342935,0.502198186212719,-0.532612764609504,-0.204266361308603
3,"sex × age × edu","女性 | 30至39歲 | 大學及以上",153.471736539698,5.94239467416941,441,14.0984654731458,5.17877401062525,6.54380613685682,-0.128503861728251,0.101206920048855
3,"sex × age × edu","女性 | 40至49歲 | 高中職及以下",85.4141540150867,3.30721881019862,56,1.79028132992327,5.17813268060454,3.29903151749783,0.565706104669125,-0.00247558240644523
3,"sex × age × edu","女性 | 40至49歲 | 專科",45.7255667153248,1.77048471757039,49,1.56649616368286,0.845700074385677,1.69794289598127,-0.52233415742429,-0.0409728595052034
3,"sex × age × edu","女性 | 40至49歲 | 大學及以上",132.152428402014,5.11691536448832,251,8.02429667519181,3.03573104807064,5.17735998939961,-0.406726351360279,0.0118127075798008
3,"sex × age × edu","女性 | 50至59歲 | 高中職及以下",141.350238263597,5.47305270656728,52,1.66240409207161,6.02387637095246,5.70934722136125,0.100642857636697,0.0431741712464124
3,"sex × age × edu","女性 | 50至59歲 | 專科",37.4351316624579,1.44948074501183,40,1.27877237851662,1.39784763506573,1.97897222561645,-0.0356217977532843,0.365297353846743
3,"sex × age × edu","女性 | 50至59歲 | 大學及以上",68.378109346242,2.64758659783444,59,1.88618925831202,1.56336333622938,1.86581557635288,-0.409513804946696,-0.295276846514103
3,"sex × age × edu","女性 | 60歲及以上 | 高中職及以下",338.914040045154,13.1226832508318,50,1.59846547314578,11.7471931507256,13.0671191380875,-0.104817747545569,-0.00423420360624358
3,"sex × age × edu","女性 | 60歲及以上 | 專科",29.1354175141433,1.1281174877497,14,0.447570332480818,2.17433723202523,0.904245472074861,0.927403178867896,-0.198447429550447
3,"sex × age × edu","女性 | 60歲及以上 | 大學及以上",37.5150993461789,1.45257707759113,18,0.575447570332481,2.86444053393744,1.79368227335236,0.97197145550973,0.234827604692004
3,"sex × age × arear","男性 | 20至29歲 | 北北基宜蘭區",46.8660908207963,1.81464558082069,161,5.14705882352941,2.00640039693375,2.24470311535965,0.105670670978262,0.236992578101374
3,"sex × age × arear","男性 | 20至29歲 | 桃竹苗區",44.3689494040411,1.71795676899027,64,2.0460358056266,1.92083237400171,1.84634273481772,0.1180912166554,0.0747317791372055
3,"sex × age × arear","男性 | 20至29歲 | 中彰投區",48.240924692919,1.86787887096109,49,1.56649616368286,1.19603533672927,1.3410006777307,-0.359682602912111,-0.282072998105758
3,"sex × age × arear","男性 | 20至29歲 | 雲嘉南區",32.9688343221935,1.27654661312247,39,1.24680306905371,0.743085108196517,1.304438338123,-0.417894262099127,0.0218493588199673
3,"sex × age × arear","男性 | 20至29歲 | 高屏區",34.4884184090197,1.33538460237122,57,1.82225063938619,1.19929874056662,1.28558264905188,-0.101907616399763,-0.0372940898306793
3,"sex × age × arear","男性 | 20至29歲 | 花東區",7.53343965746832,0.291693263581055,6,0.191815856777494,0.191827627111142,0.288336369916044,-0.342365247808209,-0.0115083002733749
3,"sex × age × arear","男性 | 30至39歲 | 北北基宜蘭區",79.1769514189195,3.06571558410075,215,6.87340153452685,2.48575246813248,3.4528152256068,-0.189177077931183,0.126267303957877
3,"sex × age × arear","男性 | 30至39歲 | 桃竹苗區",32.1246285489262,1.24385913590957,73,2.33375959079284,1.77699295437438,1.39220984592358,0.428612696625778,0.119266487443158
3,"sex × age × arear","男性 | 30至39歲 | 中彰投區",45.7587980579253,1.77177142845108,92,2.94117647058824,2.00099696921308,1.48682713423237,0.129376474347138,-0.160824522646137
3,"sex × age × arear","男性 | 30至39歲 | 雲嘉南區",31.0846892113113,1.20359289457657,65,2.07800511508951,1.28292631535172,0.97217650424154,0.0659138327690631,-0.19227131647071
3,"sex × age × arear","男性 | 30至39歲 | 高屏區",31.3640455555732,1.21440951586311,64,2.0460358056266,1.3592068343256,1.04653614630194,0.11923269421978,-0.138234563685754
3,"sex × age × arear","男性 | 30至39歲 | 花東區",3.43553789206916,0.133023334022536,3,0.0959079283887468,0.135627771987563,0.300908403345786,0.0195788053589581,1.26207233157159
3,"sex × age × arear","男性 | 40至49歲 | 北北基宜蘭區",79.2251358896162,3.06758127708437,204,6.52173913043478,3.12213633082415,2.98524527106905,0.0177843873762448,-0.0268406925776954
3,"sex × age × arear","男性 | 40至49歲 | 桃竹苗區",49.3635009289791,1.91134479632897,93,2.97314578005115,2.86698978972924,2.34640229111716,0.499985662050997,0.227618531006958
3,"sex × age × arear","男性 | 40至49歲 | 中彰投區",60.1617097921203,2.3294492648498,74,2.36572890025575,2.38870733418612,2.37659136413223,0.0254386606441702,0.0202374441005362
3,"sex × age × arear","男性 | 40至49歲 | 雲嘉南區",41.9579150440995,1.62460200502661,58,1.8542199488491,1.6542112332191,1.53725411809001,0.018225527298919,-0.0537657141049602
3,"sex × age × arear","男性 | 40至49歲 | 高屏區",39.6279004802955,1.53438431122275,52,1.66240409207161,1.41440593424149,1.2127465955713,-0.0781931724038863,-0.20962004974825
3,"sex × age × arear","男性 | 40至49歲 | 花東區",3.55533698514282,0.137661930735535,8,0.255754475703325,0.293628052244357,0.167068434646844,1.13296479771485,0.213613914567289
3,"sex × age × arear","男性 | 50至59歲 | 北北基宜蘭區",74.3071089718371,2.87715626709517,74,2.36572890025575,3.30062816020797,2.84659674368511,0.147184182505438,-0.0106214333088367
3,"sex × age × arear","男性 | 50至59歲 | 桃竹苗區",49.6697548112952,1.92320288486208,18,0.575447570332481,1.35341965837746,1.83809169008194,-0.296267872188367,-0.0442549225825686
3,"sex × age × arear","男性 | 50至59歲 | 中彰投區",31.6084890520345,1.22387431872686,39,1.24680306905371,2.34562427038917,1.82916105005905,0.916556491543355,0.494566085806779
3,"sex × age × arear","男性 | 50至59歲 | 雲嘉南區",33.6050089962909,1.30117916814814,20,0.639386189258312,1.1162635950755,1.03924344318819,-0.142113843811235,-0.201306423720832
3,"sex × age × arear","男性 | 50至59歲 | 高屏區",30.6515988645802,1.18682372373198,20,0.639386189258312,1.04702511659336,0.903589264895898,-0.117792225031555,-0.23864913817652
3,"sex × age × arear","男性 | 50至59歲 | 花東區",8.15722477640377,0.315846097530577,4,0.127877237851662,0.25015436661723,0.387385294267524,-0.207986520735744,0.226500176181602
3,"sex × age × arear","男性 | 60歲及以上 | 北北基宜蘭區",116.320000404271,4.50388694678597,23,0.735294117647059,3.89288173300497,3.87601119392412,-0.135661756389561,-0.139407529602828
3,"sex × age × arear","男性 | 60歲及以上 | 桃竹苗區",56.7317377113919,2.19664143791941,5,0.159846547314578,0.92021620530834,1.56282029418833,-0.581080375967076,-0.288541012105926
3,"sex × age × arear","男性 | 60歲及以上 | 中彰投區",72.241279980703,2.79716778536267,12,0.383631713554987,2.49782184987904,2.95830580227166,-0.107017511444998,0.0576075621034259
3,"sex × age × arear","男性 | 60歲及以上 | 雲嘉南區",55.6675696199727,2.15543706412753,17,0.543478260869565,3.19852184464401,2.70992484779366,0.483931912407147,0.257250741807474
3,"sex × age × arear","男性 | 60歲及以上 | 高屏區",55.5259476371517,2.14995348952653,12,0.383631713554987,2.53560664047768,2.97396969505107,0.17937743901431,0.383271642637259
3,"sex × age × arear","男性 | 60歲及以上 | 花東區",12.5932134666673,0.487606684607008,1,0.0319693094629156,0.163052034499335,0.14799250775813,-0.66560746674187,-0.696492044859053
3,"sex × age × arear","女性 | 20至29歲 | 北北基宜蘭區",38.6900102837222,1.49806939204132,181,5.78644501278772,2.09501310209605,1.38416551388147,0.398475339811409,-0.07603377972007
3,"sex × age × arear","女性 | 20至29歲 | 桃竹苗區",19.8789859041049,0.769710323398119,73,2.33375959079284,1.4545998207225,0.866277637022689,0.889801626020467,0.125459293826599
3,"sex × age × arear","女性 | 20至29歲 | 中彰投區",25.7987308744724,0.998921654275668,66,2.10997442455243,1.19361700564716,1.38760497277185,0.194905526913084,0.389102905951138
3,"sex × age × arear","女性 | 20至29歲 | 雲嘉南區",32.7853088986394,1.26944054575078,45,1.4386189258312,0.555797469910367,1.03333391683602,-0.562171326754295,-0.185992664016511
3,"sex × age × arear","女性 | 20至29歲 | 高屏區",28.3223538753864,1.09663582770175,63,2.01406649616368,1.31923084070003,0.989785845623167,0.202979883909843,-0.0974343345160586
3,"sex × age × arear","女性 | 20至29歲 | 花東區",5.68064606369491,0.219953469452079,6,0.191815856777494,0.281099089851612,0.1852651413325,0.277993434483445,-0.157707574270098
3,"sex × age × arear","女性 | 30至39歲 | 北北基宜蘭區",87.432933780041,3.38538555538615,187,5.97826086956522,2.07344050453278,2.86806326337064,-0.387531945590677,-0.152810450553394
3,"sex × age × arear","女性 | 30至39歲 | 桃竹苗區",30.7937327765502,1.19232712012635,80,2.55754475703325,1.82420517511746,1.06055102500389,0.529953604447204,-0.110520085384366
3,"sex × age × arear","女性 | 30至39歲 | 中彰投區",37.7621854316663,1.4621442009688,84,2.68542199488491,1.56693080230346,1.76464705145456,0.0716663932772301,0.206889888347073
3,"sex × age × arear","女性 | 30至39歲 | 雲嘉南區",23.5940250633048,0.913555890091433,58,1.8542199488491,0.898069512538356,1.19855411612764,-0.0169517571076324,0.31196583496132
3,"sex × age × arear","女性 | 30至39歲 | 高屏區",23.7636869037077,0.92012516232065,73,2.33375959079284,1.21211014059181,1.10763846731464,0.317331804658777,0.203791084814003
3,"sex × age × arear","女性 | 30至39歲 | 花東區",3.75355918191637,0.145337054201051,1,0.0319693094629156,0.0349874275493264,0.00031969309462916,-0.759266982933844,-0.997800333188349
3,"sex × age × arear","女性 | 40至49歲 | 北北基宜蘭區",90.0336886525866,3.48608625931959,149,4.76342710997442,2.5124672765814,3.41377978268896,-0.279287117504724,-0.0207414479309939
3,"sex × age × arear","女性 | 40至49歲 | 桃竹苗區",43.1351715541211,1.67018513956992,44,1.40664961636829,1.634597499521,1.24615833523311,-0.0213076018974036,-0.253880120407486
3,"sex × age × arear","女性 | 40至49歲 | 中彰投區",52.3801691109036,2.02814957968637,54,1.72634271099744,1.48921106500933,1.98258006842701,-0.265729175044567,-0.0224685159890475
3,"sex × age × arear","女性 | 40至49歲 | 雲嘉南區",40.6192500995574,1.57276916846464,50,1.59846547314578,1.70504597143378,1.69974811662042,0.0841043972767295,0.0807359088045536
3,"sex × age × arear","女性 | 40至49歲 | 高屏區",31.7792396145322,1.23048574605593,50,1.59846547314578,1.34940623875507,1.56293991923351,0.0966451607264135,0.270181246912603
3,"sex × age × arear","女性 | 40至49歲 | 花東區",5.34463010072516,0.206942999160888,9,0.28772378516624,0.368835751760281,0.26912818067571,0.782306013036615,0.300494250914361
3,"sex × age × arear","女性 | 50至59歲 | 北北基宜蘭區",88.2403486087944,3.41664849465046,67,2.14194373401535,3.47956922245081,3.30675656142647,0.0184159207184652,-0.0321636637178379
3,"sex × age × arear","女性 | 50至59歲 | 桃竹苗區",36.8948700193144,1.42856192319317,14,0.447570332480818,1.01035835258716,1.46587596658084,-0.292744447276901,0.0261200041677364
3,"sex × age × arear","女性 | 50至59歲 | 中彰投區",45.2101084355166,1.75052627697572,22,0.703324808184143,1.10977772503261,1.16370707433741,-0.366031953002208,-0.335224446703035
3,"sex × age × arear","女性 | 50至59歲 | 雲嘉南區",20.7477358655824,0.803348146626457,18,0.575447570332481,1.03869240280504,1.09904415689567,0.292954252980954,0.368079532530129
3,"sex × age × arear","女性 | 50至59歲 | 高屏區",50.369187799016,1.95028478902817,25,0.79923273657289,1.89605309666199,2.24284247703717,-0.0278070631895779,0.15000767562505
3,"sex × age × arear","女性 | 50至59歲 | 花東區",5.70122854407294,0.22075041893957,5,0.159846547314578,0.450636542709973,0.275908787053028,1.04138476780574,0.249867558025145
3,"sex × age × arear","女性 | 60歲及以上 | 北北基宜蘭區",133.266526399967,5.16005301418727,37,1.18286445012788,7.30693917670756,5.89709170045964,0.416058935173252,0.142835487202538
3,"sex × age × arear","女性 | 60歲及以上 | 桃竹苗區",67.6903378512057,2.62095622431226,9,0.28772378516624,1.91253392487081,3.0500159346408,-0.270291542021974,0.163703501168215
3,"sex × age × arear","女性 | 60歲及以上 | 中彰投區",67.7925232511433,2.62491282238079,15,0.479539641943734,3.06607384424959,2.56437100722198,0.16806692325449,-0.0230643146098471
3,"sex × age × arear","女性 | 60歲及以上 | 雲嘉南區",58.1430912636649,2.25128876270698,11,0.351662404092072,2.17914680546717,1.77804270072543,-0.0320447374121228,-0.210211177624549
3,"sex × age × arear","女性 | 60歲及以上 | 高屏區",71.739808611679,2.77775091513155,9,0.28772378516624,2.06389450003995,2.07060702287304,-0.256990794675986,-0.254574263086877
3,"sex × age × arear","女性 | 60歲及以上 | 花東區",6.93226952781587,0.268416077453742,1,0.0319693094629156,0.257382665353217,0.404918517593841,-0.0411056305016866,0.5085479284065
3,"sex × age × party_kmt","男性 | 20至29歲 | 0-4 冷淡",92.7931489204154,3.5929320041378,270,8.63171355498721,3.23461537422272,3.62340600965433,-0.0997281967770127,0.00848165383631955
3,"sex × age × party_kmt","男性 | 20至29歲 | 5 中間",77.2062083853079,2.98940881145887,48,1.53452685421995,2.50691494083462,2.87279390968639,-0.161401100035154,-0.0390093523928449
3,"sex × age × party_kmt","男性 | 20至29歲 | 6-10 溫暖",44.4673000007146,1.72176488425013,58,1.8542199488491,1.51594926848167,1.81420396565827,-0.119537584748743,0.0536885623895153
3,"sex × age × party_kmt","男性 | 30至39歲 | 0-4 冷淡",118.530776324224,4.5894877443577,341,10.9015345268542,3.91402934159208,4.77416289243676,-0.147175118529519,0.0402387277983489
3,"sex × age × party_kmt","男性 | 30至39歲 | 5 中間",71.6790381302217,2.77539789435065,85,2.71739130434783,3.18639499320839,2.30349052019732,0.148085829312737,-0.170032331261008
3,"sex × age × party_kmt","男性 | 30至39歲 | 6-10 溫暖",32.7348362302785,1.26748625421527,86,2.74936061381074,1.94107897858435,1.57381984701795,0.531439865425696,0.241685928966807
3,"sex × age × party_kmt","男性 | 40至49歲 | 0-4 冷淡",135.561762697019,5.24892410051937,285,9.11125319693095,5.13423931811399,5.58717390770085,-0.0218491980850009,0.0644417409556386
3,"sex × age × party_kmt","男性 | 40至49歲 | 5 中間",74.1126919944746,2.8696284809575,92,2.94117647058824,3.75476803950486,2.57425798170949,0.308450924717618,-0.102929874444743
3,"sex × age × party_kmt","男性 | 40至49歲 | 6-10 溫暖",64.2170444287603,2.48647100377116,112,3.58056265984655,2.85107131682561,2.46387618521626,0.146633647648203,-0.00908710317579863
3,"sex × age × party_kmt","男性 | 50至59歲 | 0-4 冷淡",85.6701843737694,3.31713225402982,72,2.30179028132992,3.27627952948095,3.27439252837692,-0.0123156755354687,-0.0128845407357432
3,"sex × age × party_kmt","男性 | 50至59歲 | 5 中間",64.6602188195731,2.50363062676802,45,1.4386189258312,2.82727962221355,2.4517339825601,0.129271863023715,-0.0207285546250523
3,"sex × age × party_kmt","男性 | 50至59歲 | 6-10 溫暖",77.668782279099,3.00731957929698,58,1.8542199488491,3.3095560155662,3.11794097524069,0.100500272185861,0.0367840507225283
3,"sex × age × party_kmt","男性 | 60歲及以上 | 0-4 冷淡",178.062975575164,6.8945624880638,36,1.15089514066496,6.60127286217956,6.35165497805112,-0.0425392657463036,-0.0787443018977041
3,"sex × age × party_kmt","男性 | 60歲及以上 | 5 中間",79.7597707978897,3.08828223286412,14,0.447570332480818,2.91682540522118,4.03891781545739,-0.055518509875287,0.307820176691441
3,"sex × age × party_kmt","男性 | 60歲及以上 | 6-10 溫暖",111.257002447104,4.30784868740121,20,0.639386189258312,3.69000204041265,3.83845154747845,-0.143423479286895,-0.108963237565785
3,"sex × age × party_kmt","女性 | 20至29歲 | 0-4 冷淡",58.8445821292571,2.27845034748904,296,9.46291560102302,2.74162190935175,1.95450263485495,0.203283588063765,-0.142178965186183
3,"sex × age × party_kmt","女性 | 20至29歲 | 5 中間",62.2951534362261,2.41205577230334,81,2.58951406649616,3.1708759096673,2.67743408432149,0.314594772673661,0.110021631782057
3,"sex × age × party_kmt","女性 | 20至29歲 | 6-10 溫暖",30.0163003345369,1.16222509282733,57,1.82225063938619,0.986859509908665,1.21449630829125,-0.150887796177291,0.0449751221054453
3,"sex × age × party_kmt","女性 | 30至39歲 | 0-4 冷淡",94.2213282134791,3.648230818214,308,9.846547314578,2.62652514401725,3.39999660534236,-0.280055107559486,-0.06804235401782
3,"sex × age × party_kmt","女性 | 30至39歲 | 5 中間",75.8161765994029,2.93558706116316,107,3.42071611253197,3.6299408704211,3.43675348851766,0.236529796184213,0.170721023397589
3,"sex × age × party_kmt","女性 | 30至39歲 | 6-10 溫暖",37.0626183243043,1.43505710371727,68,2.17391304347826,1.35327754819485,1.16302352250598,-0.0569869695851048,-0.189562896491462
3,"sex × age × party_kmt","女性 | 40至49歲 | 0-4 冷淡",114.617226008107,4.4379558657204,196,6.26598465473146,3.38271638162362,4.04717229927075,-0.237776020317742,-0.0880548563964174
3,"sex × age × party_kmt","女性 | 40至49歲 | 5 中間",82.4366396855052,3.19193005610421,78,2.49360613810742,3.44997259597795,3.51330317935403,0.0808421661308844,0.100683009214199
3,"sex × age × party_kmt","女性 | 40至49歲 | 6-10 溫暖",66.2382834388134,2.56473297043273,82,2.62148337595908,2.22687482545928,2.61385892425394,-0.131732289040773,0.0191544127156911
3,"sex × age × party_kmt","女性 | 50至59歲 | 0-4 冷淡",79.1894294416454,3.06619873062312,69,2.20588235294118,3.04140307503495,3.10685414949912,-0.00808677380905719,0.013259225003899
3,"sex × age × party_kmt","女性 | 50至59歲 | 5 中間",77.8821890993842,3.0155826483212,33,1.05498721227621,2.76395808792846,3.06948008803548,-0.0834414405895398,0.0178729771323915
3,"sex × age × party_kmt","女性 | 50至59歲 | 6-10 溫暖",90.091860731267,3.48833867046922,49,1.56649616368286,3.17972617928417,3.37780078579599,-0.0884697617801946,-0.031687830544952
3,"sex × age × party_kmt","女性 | 60歲及以上 | 0-4 冷淡",151.525821638099,5.86704924178971,45,1.4386189258312,8.98822065932798,6.82160758975767,0.531983163752376,0.162698199491637
3,"sex × age × party_kmt","女性 | 60歲及以上 | 5 中間",129.608575447508,5.01841789134075,11,0.351662404092072,2.59299101065437,3.86175642579245,-0.483305084032845,-0.230483289871915
3,"sex × age × party_kmt","女性 | 60歲及以上 | 6-10 溫暖",124.430159819869,4.81791068304213,26,0.831202046035806,5.20475924670593,5.0816828679646,0.0802938429359876,0.0547482513220684
3,"sex × age × party_dpp","男性 | 20至29歲 | 0-4 冷淡",115.19960603216,4.46050550275001,221,7.06521739130435,2.35576244925492,3.98123033671073,-0.471862001335379,-0.107448621180669
3,"sex × age × party_dpp","男性 | 20至29歲 | 5 中間",66.7544257460339,2.58471789643079,51,1.6304347826087,2.07066044889329,2.49509318274141,-0.198883386170443,-0.0346748532260122
3,"sex × age × party_dpp","男性 | 20至29歲 | 6-10 溫暖",32.5126255282439,1.258882300666,104,3.32480818414322,2.8310566853908,1.83408036554685,1.24886527032198,0.456911710154754
3,"sex × age × party_dpp","男性 | 30至39歲 | 0-4 冷淡",104.0239149613,4.02778499930758,293,9.36700767263427,2.66115657586408,4.02865248691417,-0.339300241616281,0.000215375847205507
3,"sex × age × party_dpp","男性 | 30至39歲 | 5 中間",61.1087924564899,2.36612011452961,80,2.55754475703325,2.82358245752357,2.52078124136854,0.193338596880531,0.0653648671042519
3,"sex × age × party_dpp","男性 | 30至39歲 | 6-10 溫暖",57.8119432669349,2.23846677908642,139,4.44373401534527,3.55676427999716,2.10203953136932,0.588928776262104,-0.0609467377366137
3,"sex × age × party_dpp","男性 | 40至49歲 | 0-4 冷淡",130.404450913311,5.04923402879983,276,8.82352941176471,3.81303029183149,4.82828838369871,-0.244829954388582,-0.0437582500317641
3,"sex × age × party_dpp","男性 | 40至49歲 | 5 中間",65.0749069053808,2.51968726578251,70,2.23785166240409,2.93286831566142,2.17413151225533,0.163981084275787,-0.137142318501125
3,"sex × age × party_dpp","男性 | 40至49歲 | 6-10 溫暖",78.4121413015617,3.0361022906657,143,4.57161125319693,4.99418006695155,3.62288817867255,0.644931424842252,0.193269472445276
3,"sex × age × party_dpp","男性 | 50至59歲 | 0-4 冷淡",103.482790658751,4.0068327754908,105,3.35677749360614,4.72479114023326,4.12789819055414,0.179183511010021,0.0302147411301723
3,"sex × age × party_dpp","男性 | 50至59歲 | 5 中間",51.5179414333201,1.99476429797447,27,0.863171355498721,2.00375812929802,1.76539640334804,0.00450871881589738,-0.114984960809321
3,"sex × age × party_dpp","男性 | 50至59歲 | 6-10 溫暖",72.9984533803703,2.82648538662955,43,1.37468030690537,2.6845658977294,2.95077289227553,-0.0502105864659644,0.043972456476838
3,"sex × age × party_dpp","男性 | 60歲及以上 | 0-4 冷淡",128.334960271101,4.96910376867644,47,1.50255754475703,8.10197563269282,5.55281478368609,0.630470203452976,0.117468067116886
3,"sex × age × party_dpp","男性 | 60歲及以上 | 5 中間",64.1086602261843,2.48227438931515,7,0.223785166240409,1.63935606107355,2.98077670138889,-0.339575001003076,0.200824821872846
3,"sex × age × party_dpp","男性 | 60歲及以上 | 6-10 溫暖",176.636128322873,6.83931525033754,16,0.51150895140665,3.46676861404702,5.69543285591199,-0.493111738945515,-0.167251011622706
3,"sex × age × party_dpp","女性 | 20至29歲 | 0-4 冷淡",48.6369241715953,1.88321189087809,229,7.32097186700767,1.27321820401098,1.79836250518636,-0.323911339887882,-0.0450556764763036
3,"sex × age × party_dpp","女性 | 20至29歲 | 5 中間",59.038519380863,2.2859595587422,88,2.81329923273657,2.96989834944029,2.50142134303858,0.299191115644412,0.0942544164757372
3,"sex × age × party_dpp","女性 | 20至29歲 | 6-10 溫暖",43.4805923475619,1.68355976299942,117,3.74040920716113,2.65624077547645,1.54664917924274,0.577752589396715,-0.0813220812029593
3,"sex × age × party_dpp","女性 | 30至39歲 | 0-4 冷淡",76.1136249224336,2.94710420021737,255,8.15217391304348,1.83469710877858,2.93678190233478,-0.377457672299726,-0.00350252219851122
3,"sex × age × party_dpp","女性 | 30至39歲 | 5 中間",66.8960264738078,2.59020064804066,103,3.29283887468031,2.97029656906527,2.45710443173961,0.14674381357758,-0.0513845197289
3,"sex × age × party_dpp","女性 | 30至39歲 | 6-10 溫暖",64.0904717409448,2.4815701348364,125,3.99616368286445,2.80474988478935,2.60588728229161,0.130231962988324,0.0500961652100972
3,"sex × age × party_dpp","女性 | 40至49歲 | 0-4 冷淡",90.8335687961092,3.51705745709197,182,5.81841432225064,2.62117437942442,3.71242356181668,-0.254725175405096,0.055548169772079
3,"sex × age × party_dpp","女性 | 40至49歲 | 5 中間",72.7001883811631,2.81493662603856,76,2.42966751918159,3.45448447392847,3.20142165080128,0.227197956065512,0.137297948802001
3,"sex × age × party_dpp","女性 | 40至49歲 | 6-10 溫暖",99.7583919551537,3.8626248091268,98,3.13299232736573,2.98390494970796,3.26048919026076,-0.227492936239252,-0.155887679653298
3,"sex × age × party_dpp","女性 | 50至59歲 | 0-4 冷淡",99.6398843386033,3.85803621812421,87,2.78132992327366,3.92318873766998,3.74704744861828,0.0168874826108917,-0.0287682031040891
3,"sex × age × party_dpp","女性 | 50至59歲 | 5 中間",59.1978391936794,2.29212838974989,29,0.927109974424552,2.83858071888146,2.57928399315904,0.238403892022468,0.125279022193202
3,"sex × age × party_dpp","女性 | 50至59歲 | 6-10 溫暖",88.3257557400139,3.41995544153943,35,1.11892583120205,2.22331788569615,3.22780358155327,-0.349898580931406,-0.0561854864108028
3,"sex × age × party_dpp","女性 | 60歲及以上 | 0-4 冷淡",138.113993331673,5.34774595575199,45,1.4386189258312,8.75762227732786,5.3531171975685,0.637628703717355,0.00100439360077089
3,"sex × age × party_dpp","女性 | 60歲及以上 | 5 中間",101.647599468423,3.93577454287173,10,0.319693094629156,2.1630782057102,3.19115326963481,-0.450405966564358,-0.189193071179734
3,"sex × age × party_dpp","女性 | 60歲及以上 | 6-10 溫暖",165.80296410538,6.41985731754886,27,0.863171355498721,5.86527043365022,7.22077641631141,-0.0863861697335024,0.124756526375315
3,"sex × age × party_tpp","男性 | 20至29歲 | 0-4 冷淡",65.9987559591711,2.55545851474834,156,4.98721227621483,2.62961704388337,2.76420670774527,0.0290196568275484,0.0816871773860491
3,"sex × age × party_tpp","男性 | 20至29歲 | 5 中間",76.3203703152306,2.95510934011326,80,2.55754475703325,2.50412171007815,2.54853453533776,-0.152612840382356,-0.13758367558742
3,"sex × age × party_tpp","男性 | 20至29歲 | 6-10 溫暖",72.1475310320361,2.7935378449852,140,4.47570332480818,2.12374082957749,2.99766264191595,-0.239766580076975,0.0730703531714066
3,"sex × age × party_tpp","男性 | 30至39歲 | 0-4 冷淡",86.4301009011278,3.34655606864743,215,6.87340153452685,3.98410383255279,2.91874184108741,0.190508615671583,-0.127837161184313
3,"sex × age × party_tpp","男性 | 30至39歲 | 5 中間",75.2357114609421,2.91311156811732,113,3.61253196930946,2.91397533861137,3.06577366167788,0.000296511298605541,0.0524051654016169
3,"sex × age × party_tpp","男性 | 30至39歲 | 6-10 溫暖",61.2788383226547,2.37270425615885,184,5.88235294117647,2.14342414222066,2.66695775688674,-0.0966324030241223,0.124016088378519
3,"sex × age × party_tpp","男性 | 40至49歲 | 0-4 冷淡",132.787609905399,5.14150946414438,236,7.54475703324808,5.16465863300885,4.87264700313779,0.00450240712886032,-0.0522925150447695
3,"sex × age × party_tpp","男性 | 40至49歲 | 5 中間",69.9554156022067,2.70865957782612,108,3.45268542199489,3.56828180213364,3.09833087831267,0.31736074601055,0.143861304564259
3,"sex × age × party_tpp","男性 | 40至49歲 | 6-10 溫暖",71.1484736126473,2.75485454327752,145,4.63554987212276,3.00713823930196,2.65433019317614,0.0915778644792955,-0.0364898939389325
3,"sex × age × party_tpp","男性 | 50至59歲 | 0-4 冷淡",123.68245304634,4.78895962762934,95,3.03708439897698,4.9058877467563,4.43683946389148,0.0244161839353073,-0.0735274863680923
3,"sex × age × party_tpp","男性 | 50至59歲 | 5 中間",65.0465488433502,2.51858924734224,45,1.4386189258312,2.65692123438299,2.91211533555322,0.0549243935614834,0.156248617604577
3,"sex × age × party_tpp","男性 | 50至59歲 | 6-10 溫暖",39.270183582751,1.52053358512323,35,1.11892583120205,1.8503061861214,1.49511268673301,0.21687952454628,-0.0167184063797934
3,"sex × age × party_tpp","男性 | 60歲及以上 | 0-4 冷淡",243.174752935039,9.4156773704053,48,1.53452685421995,9.00382767544686,10.2715534613651,-0.043740846118299,0.0908990460580086
3,"sex × age × party_tpp","男性 | 60歲及以上 | 5 中間",83.1681297202202,3.22025320266204,14,0.447570332480818,2.76334429360411,2.68198610753586,-0.141886019608714,-0.167150550360828
3,"sex × age × party_tpp","男性 | 60歲及以上 | 6-10 溫暖",42.736866164898,1.65476283526179,8,0.255754475703325,1.44092833876242,1.27548477208597,-0.129223651838627,-0.229203880516092
3,"sex × age × party_tpp","女性 | 20至29歲 | 0-4 冷淡",61.0172028058006,2.36257378173417,218,6.9693094629156,2.43331576861051,2.30443027605688,0.0299427630253388,-0.0246102391073717
3,"sex × age × party_tpp","女性 | 20至29歲 | 5 中間",51.9286337353207,2.01066622104614,114,3.64450127877238,2.91657739680461,2.36611396035625,0.450552740318642,0.176781076634971
3,"sex × age × party_tpp","女性 | 20至29歲 | 6-10 溫暖",38.2101993588989,1.4794912098394,102,3.26086956521739,1.5494641635126,1.17588879105456,0.0472952817886546,-0.205207315032173
3,"sex × age × party_tpp","女性 | 30至39歲 | 0-4 冷淡",83.0294799120102,3.2148847100623,285,9.11125319693095,3.08371018908979,3.70722139619214,-0.0408022472973748,0.153142874638355
3,"sex × age × party_tpp","女性 | 30至39歲 | 5 中間",77.4656748985678,2.99945530250201,98,3.13299232736573,2.72345704193002,2.81517949183403,-0.0920161271754106,-0.0614364249783165
3,"sex × age × party_tpp","女性 | 30至39歲 | 6-10 溫暖",46.6049683266083,1.80453497053013,100,3.19693094629156,1.80257633161338,1.47737272833983,-0.00108539814895962,-0.181300028834677
3,"sex × age × party_tpp","女性 | 40至49歲 | 0-4 冷淡",113.866510639286,4.40888831810488,189,6.04219948849105,3.82512090030803,4.69585276492782,-0.132406941541168,0.0650877105787706
3,"sex × age × party_tpp","女性 | 40至49歲 | 5 中間",93.5008953721853,3.62033580395453,88,2.81329923273657,3.13900234431486,3.22030260279292,-0.132952710937449,-0.110496159147627
3,"sex × age × party_tpp","女性 | 40至49歲 | 6-10 溫暖",55.9247431209551,2.16539477019793,79,2.52557544757033,2.09544055843796,2.25817903515798,-0.0323055235575209,0.0428486603168321
3,"sex × age × party_tpp","女性 | 50至59歲 | 0-4 冷淡",133.598318673383,5.17289994407111,91,2.90920716112532,5.11898675650088,5.53470167283917,-0.0104222366860255,0.0699417604592819
3,"sex × age × party_tpp","女性 | 50至59歲 | 5 中間",79.3725526206772,3.07328922316807,31,0.991048593350384,2.51245989059138,2.65770803766043,-0.182485048380369,-0.13522358467754
3,"sex × age × party_tpp","女性 | 50至59歲 | 6-10 溫暖",34.192607978236,1.32393088217435,29,0.927109974424552,1.35364069515533,1.36172531283099,0.0224406072711143,0.0285471327585969
3,"sex × age × party_tpp","女性 | 60歲及以上 | 0-4 冷淡",266.728639055799,10.3276790887399,54,1.72634271099744,10.5858583421298,9.22889230104405,0.024998767987614,-0.10639242159391
3,"sex × age × party_tpp","女性 | 60歲及以上 | 5 中間",96.9614133924609,3.7543263635012,18,0.575447570332481,4.07565479778178,4.40775123917195,0.0855888388938355,0.17404583736332
3,"sex × age × party_tpp","女性 | 60歲及以上 | 6-10 溫暖",41.8745044572165,1.62137236393153,10,0.319693094629156,2.12445777677669,2.12840334329873,0.310283697956513,0.312717171358307
3,"sex × edu × arear","男性 | 高中職及以下 | 北北基宜蘭區",142.390734879896,5.5133405256185,48,1.53452685421995,5.12334320447363,5.01245021431373,-0.0707370276391764,-0.0908506030014492
3,"sex × edu × arear","男性 | 高中職及以下 | 桃竹苗區",107.572756860401,4.16519544162202,23,0.735294117647059,2.7303033291586,3.72076320261844,-0.344495746375983,-0.10670141299072
3,"sex × edu × arear","男性 | 高中職及以下 | 中彰投區",106.057737919798,4.10653421391399,44,1.40664961636829,5.16738257096795,5.07604788876327,0.258331795570956,0.236090490020591
3,"sex × edu × arear","男性 | 高中職及以下 | 雲嘉南區",86.474223712167,3.3482644949886,27,0.863171355498721,3.57641863233387,3.87181910369353,0.0681410138556127,0.156365964961413
3,"sex × edu × arear","男性 | 高中職及以下 | 高屏區",94.9594083882446,3.67680913366495,15,0.479539641943734,2.44590288596775,3.69821298083522,-0.33477567177121,0.00582131037869224
3,"sex × edu × arear","男性 | 高中職及以下 | 花東區",17.4038251027286,0.673872596560336,1,0.0319693094629156,0.0870242333084074,0.0835328713444504,-0.870859515949146,-0.876040557561134
3,"sex × edu × arear","男性 | 專科 | 北北基宜蘭區",47.7984398684463,1.85074594783379,70,2.23785166240409,2.76993907783593,2.11606900988973,0.496660890209162,0.1433600664459
3,"sex × edu × arear","男性 | 專科 | 桃竹苗區",26.20088293147,1.01449290078392,22,0.703324808184143,1.1896179826714,1.25846238313561,0.172623269962917,0.240484169148125
3,"sex × edu × arear","男性 | 專科 | 中彰投區",32.7539576982417,1.26822663359684,25,0.79923273657289,0.908219505541895,1.02629227899666,-0.283866557063164,-0.190765868016837
3,"sex × edu × arear","男性 | 專科 | 雲嘉南區",22.7931411991025,0.882545828456843,25,0.79923273657289,1.29592307001324,0.719595918274601,0.468391814031006,-0.184636202368283
3,"sex × edu × arear","男性 | 專科 | 高屏區",27.5361025304433,1.0661923342606,19,0.607416879795396,0.573131386260044,0.946831870198795,-0.462450284209269,-0.111950217823113
3,"sex × edu × arear","男性 | 專科 | 花東區",6.77111971650906,0.262176389273728,3,0.0959079283887468,0.19010645512629,0.293048322686103,-0.274891016491163,0.117752531026516
3,"sex × edu × arear","男性 | 大學及以上 | 北北基宜蘭區",205.706112757098,7.96489918243466,559,17.8708439897698,6.91451680679377,8.27685232544128,-0.131876418217238,0.0391659876492325
3,"sex × edu × arear","男性 | 大學及以上 | 桃竹苗區",98.4849316127628,3.81331668160436,208,6.64961636828644,4.91852966996113,4.00664127037468,0.289829846466298,0.050697228924868
3,"sex × edu × arear","男性 | 大學及以上 | 中彰投區",119.199505957662,4.61538082084069,197,6.29795396419437,4.35358368388684,3.88954586066607,-0.0567227596413511,-0.157264370666255
3,"sex × edu × arear","男性 | 大學及以上 | 雲嘉南區",86.0166522825984,3.33054742155588,147,4.69948849104859,3.12266639413974,2.97162222946826,-0.0624164742620671,-0.107767626956635
3,"sex × edu × arear","男性 | 大學及以上 | 高屏區",69.1624000279324,2.67795417479003,171,5.46675191815857,4.53650899397696,2.77737949983807,0.694020396869806,0.0371273436954295
3,"sex × edu × arear","男性 | 大學及以上 | 花東區",11.0998079585138,0.429782324642648,18,0.575447570332481,0.757159164024929,0.915109815903775,0.761727089764536,1.1292402303065
3,"sex × edu × arear","女性 | 高中職及以下 | 北北基宜蘭區",175.773442178775,6.80591221689471,79,2.52557544757033,10.3996329136503,7.90809808153853,0.528029246077357,0.16194535420363
3,"sex × edu × arear","女性 | 高中職及以下 | 桃竹苗區",103.423660578171,4.00454327070089,28,0.895140664961637,3.63253348939538,4.32745929414729,-0.0928969313497773,0.0806374164586998
3,"sex × edu × arear","女性 | 高中職及以下 | 中彰投區",115.240961454883,4.46210677637392,30,0.959079283887468,4.09521030361496,3.48913445999212,-0.0822249424199368,-0.218052226256331
3,"sex × edu × arear","女性 | 高中職及以下 | 雲嘉南區",95.9489690992048,3.71512472473834,26,0.831202046035806,3.35487237543742,3.08642400597789,-0.0969691130157932,-0.169227351796304
3,"sex × edu × arear","女性 | 高中職及以下 | 高屏區",114.1745248914,4.4208145678014,30,0.959079283887468,4.11625234066901,4.28345478224053,-0.0688927849068008,-0.0310711484171533
3,"sex × edu × arear","女性 | 高中職及以下 | 花東區",15.6818371205859,0.607197569322202,5,0.159846547314578,0.770839253222924,0.942318646735067,0.269503193307232,0.551914392191906
3,"sex × edu × arear","女性 | 專科 | 北北基宜蘭區",55.2506127233807,2.13929257721723,60,1.91815856777494,2.11324538828763,1.72127906396674,-0.0121756085198413,-0.195398010399418
3,"sex × edu × arear","女性 | 專科 | 桃竹苗區",22.3562415612436,0.865629162628359,13,0.415601023017903,0.580816968099857,0.672692301931876,-0.329023335655317,-0.222886276278699
3,"sex × edu × arear","女性 | 專科 | 中彰投區",20.8636962656275,0.80783810991989,16,0.51150895140665,0.987294404615188,1.02717258014794,0.222143883151408,0.271507951326783
3,"sex × edu × arear","女性 | 專科 | 雲嘉南區",12.6187208565277,0.488594325596001,17,0.543478260869565,0.587279884248039,0.698050124973714,0.20197851977028,0.428690609785969
3,"sex × edu × arear","女性 | 專科 | 高屏區",26.7364821349046,1.03523119387775,17,0.543478260869565,0.507543093665977,1.17006337180413,-0.509729713838286,0.130243542431651
3,"sex × edu × arear","女性 | 專科 | 花東區",2.96787351231678,0.114915463595069,2,0.0639386189258312,0.0927636506745026,0.146323641034075,-0.192766162425481,0.273315500424553
3,"sex × edu × arear","女性 | 大學及以上 | 北北基宜蘭區",206.639452822956,8.00103792147285,482,15.4092071611253,4.95455098043068,7.2404796763219,-0.380761467567369,-0.0950574478730817
3,"sex × edu × arear","女性 | 大學及以上 | 桃竹苗區",72.6131959658815,2.81156829727055,179,5.72250639386189,3.62294431532369,2.68872730240217,0.288584850967631,-0.0436912718740056
3,"sex × edu × arear","女性 | 大學及以上 | 中彰投區",92.8390593831916,3.59470964799354,195,6.23401534526854,3.34310573401199,4.34660313407274,-0.0699928335302378,0.209166680958191
3,"sex × edu × arear","女性 | 大學及以上 | 雲嘉南區",67.3217212350163,2.60668346330595,139,4.44373401534527,2.43459990246927,3.02424887625356,-0.0660162859277265,0.160190302668368
3,"sex × edu × arear","女性 | 大學及以上 | 高屏區",65.063269778017,2.5192366785589,173,5.5306905370844,3.21689938241386,2.52029557803685,0.276934164142946,0.000420325524380869
3,"sex × edu × arear","女性 | 大學及以上 | 花東區",8.76262278532253,0.339286986290059,15,0.479539641943734,0.529338573326983,0.046898031980566,0.560149945964762,-0.861774739746509
3,"sex × edu × party_kmt","男性 | 高中職及以下 | 0-4 冷淡",235.182036389346,9.10620099837646,90,2.8772378516624,9.92821781991749,8.98900671940639,0.0902700063053281,-0.0128697224002601
3,"sex × edu × party_kmt","男性 | 高中職及以下 | 5 中間",183.647725554394,7.1108028804735,30,0.959079283887468,4.26937052397122,6.65654402999323,-0.399593745497425,-0.0638829198496948
3,"sex × edu × party_kmt","男性 | 高中職及以下 | 6-10 溫暖",136.028924919495,5.26701252751843,38,1.21483375959079,4.9327865123215,5.81727551216902,-0.0634564686244255,0.104473452792384
3,"sex × edu × party_kmt","男性 | 專科 | 0-4 冷淡",61.5856528581789,2.38458405307107,81,2.58951406649616,2.2726615623374,2.41319938257518,-0.0469358547414271,0.0120001345590043
3,"sex × edu × party_kmt","男性 | 專科 | 5 中間",43.0490694225095,1.66685128240599,36,1.15089514066496,2.1423213479827,1.90353110020406,0.285250442313249,0.141992162286029
3,"sex × edu × party_kmt","男性 | 專科 | 6-10 溫暖",59.2189216635243,2.29294469872866,47,1.50255754475703,2.51195456712869,2.04356930040226,0.0955146753087674,-0.10875770290695
3,"sex × edu × party_kmt","男性 | 大學及以上 | 0-4 冷淡",313.851158643067,12.1522535396609,833,26.6304347826087,9.95955704333439,12.2085842142384,-0.180435380908596,0.00463540975290132
3,"sex × edu × party_kmt","男性 | 大學及以上 | 5 中間",140.721133150564,5.44869388351967,218,6.9693094629156,8.78049112902868,5.68111907941339,0.611485489318183,0.0426570478838476
3,"sex × edu × party_kmt","男性 | 大學及以上 | 6-10 溫暖",135.097118802937,5.23093318268765,249,7.96035805626599,5.86291654042029,4.94744770804033,0.120816560957852,-0.0541940538612786
3,"sex × edu × party_kmt","女性 | 高中職及以下 | 0-4 冷淡",217.204856980495,8.41012823876375,105,3.35677749360614,13.0289866042056,8.91879481850943,0.549201894942906,0.0604826187312045
3,"sex × edu × party_kmt","女性 | 高中職及以下 | 5 中間",207.73125587542,8.04331231538072,44,1.40664961636829,6.42209341321388,8.25711529842783,-0.201561103013081,0.0265814598095695
3,"sex × edu × party_kmt","女性 | 高中職及以下 | 6-10 溫暖",195.307282467104,7.56225857168699,49,1.56649616368286,6.91826065857045,6.86097915369418,-0.0851594675071895,-0.0927341231915017
3,"sex × edu × party_kmt","女性 | 專科 | 0-4 冷淡",43.7312677243733,1.69326586301298,59,1.88618925831202,1.66031938323402,1.49325978588557,-0.0194573578187737,-0.118118531470022
3,"sex × edu × party_kmt","女性 | 專科 | 5 中間",57.5730456504589,2.22921671157675,32,1.0230179028133,1.53456989679577,2.10066903772357,-0.311610267038439,-0.0576649516332843
3,"sex × edu × party_kmt","女性 | 專科 | 6-10 溫暖",39.4893136791687,1.52901825824456,34,1.08695652173913,1.6740541095614,1.84165226024934,0.0948555391897994,0.204467147674028
3,"sex × edu × party_kmt","女性 | 大學及以上 | 0-4 冷淡",237.46226272572,9.19449090205955,750,23.9769820971867,6.09118118191589,8.91807867432985,-0.337518384998187,-0.0300628094229544
3,"sex × edu × party_kmt","女性 | 大學及以上 | 5 中間",162.734432742147,6.30104440227519,234,7.48081841432225,7.65107516463954,6.2009429298697,0.21425507839254,-0.0158864889714692
3,"sex × edu × party_kmt","女性 | 大學及以上 | 6-10 溫暖",113.042626502518,4.37698769055712,199,6.3618925831202,4.35918254142105,4.74823099486823,-0.00406790020782756,0.08481707753303
3,"sex × edu × party_dpp","男性 | 高中職及以下 | 0-4 冷淡",204.236648928725,7.90800183948092,84,2.68542199488491,8.95717283681499,7.76342609516758,0.132672073000293,-0.0182822092417248
3,"sex × edu × party_dpp","男性 | 高中職及以下 | 5 中間",153.7058643902,5.95146005730293,24,0.767263427109974,3.51773043807653,5.73000772308956,-0.408929841718422,-0.03720974888198
3,"sex × edu × party_dpp","男性 | 高中職及以下 | 6-10 溫暖",196.91617354431,7.62455450958454,50,1.59846547314578,6.65547158131868,7.9693924433115,-0.127100268880976,0.0452272894493023
3,"sex × edu × party_dpp","男性 | 專科 | 0-4 冷淡",75.1738097522601,2.91071474644652,93,2.97314578005115,3.60375710895589,3.06580093275784,0.238100405872973,0.0532811353296119
3,"sex × edu × party_dpp","男性 | 專科 | 5 中間",39.0262467299112,1.51108839939827,24,0.767263427109974,1.28805305597531,1.31381459488318,-0.147599136828645,-0.130550803376992
3,"sex × edu × party_dpp","男性 | 專科 | 6-10 溫暖",49.6535874620414,1.92257688836092,47,1.50255754475703,2.0351273125176,1.98068425554049,0.0585414423933007,0.0302236896382864
3,"sex × edu × party_dpp","男性 | 大學及以上 | 0-4 冷淡",302.035264155637,11.6947444890972,765,24.4565217391304,9.0957861441057,11.6896571536384,-0.222233016498518,-0.000435010398347707
3,"sex × edu × party_dpp","男性 | 大學及以上 | 5 中間",115.832615647297,4.48501550733132,187,5.97826086956522,6.664441918398,4.89235672312947,0.485935089299946,0.090822699527415
3,"sex × edu × party_dpp","男性 | 大學及以上 | 6-10 溫暖",171.801530793632,6.65212060943974,348,11.1253196930946,8.84273665027965,6.25513712492425,0.329310932476374,-0.0596777340374963
3,"sex × edu × party_dpp","女性 | 高中職及以下 | 0-4 冷淡",195.905208458874,7.58541014545006,99,3.16496163682864,12.2127775002472,7.95948229436439,0.610035221045073,0.0493146898772132
3,"sex × edu × party_dpp","女性 | 高中職及以下 | 5 中間",180.134713553638,6.97477976459388,43,1.37468030690537,5.8462922762359,7.04813704736605,-0.161795429597152,0.0105175052471986
3,"sex × edu × party_dpp","女性 | 高中職及以下 | 6-10 溫暖",244.203473310507,9.45550921578752,56,1.79028132992327,8.31027089950686,9.029269928901,-0.121118629377305,-0.0450784063723242
3,"sex × edu × party_dpp","女性 | 專科 | 0-4 冷淡",57.9190078071277,2.24261229648121,71,2.26982097186701,2.27839568416868,2.00409276871805,0.0159561185603114,-0.106357897054885
3,"sex × edu × party_dpp","女性 | 專科 | 5 中間",40.6529780863752,1.57407510930923,25,0.79923273657289,1.40416824282404,1.82433048482566,-0.10794076183553,0.158985663413644
3,"sex × edu × party_dpp","女性 | 專科 | 6-10 溫暖",42.221641160498,1.63481342704385,29,0.927109974424552,1.18637946259847,1.60715783031477,-0.274302839105174,-0.016916668453775
3,"sex × edu × party_dpp","女性 | 大學及以上 | 0-4 冷淡",199.513779294413,7.72513328013238,628,20.076726342711,3.91872752279592,7.58415755244216,-0.492730108246267,-0.0182489702867372
3,"sex × edu × party_dpp","女性 | 大學及以上 | 5 中間",138.692481257923,5.37014489153994,238,7.60869565217391,7.14587779796575,5.0579171561816,0.330667596925231,-0.0581413987265427
3,"sex × edu × party_dpp","女性 | 大學及以上 | 6-10 溫暖",175.033061418049,6.77724482321955,317,10.1342710997442,7.0368335672148,7.22517789044402,0.0383029904875025,0.0660936824489218
3,"sex × edu × party_tpp","男性 | 高中職及以下 | 0-4 冷淡",305.916525222607,11.8450261345222,87,2.78132992327366,10.9610712256044,12.6169987861327,-0.0746266744267941,0.0651727267498896
3,"sex × edu × party_tpp","男性 | 高中職及以下 | 5 中間",156.235119547263,6.04939230667875,40,1.27877237851662,4.85118495993297,5.40046987394323,-0.198070696361173,-0.107270681059829
3,"sex × edu × party_tpp","男性 | 高中職及以下 | 6-10 溫暖",92.7070420933647,3.58959796516741,31,0.991048593350384,3.31811867067287,3.44535760149268,-0.0756294429428893,-0.0401828742590135
3,"sex × edu × party_tpp","男性 | 專科 | 0-4 冷淡",76.6520408467389,2.96795155617501,85,2.71739130434783,3.96007485652386,3.13690602770813,0.334278805287331,0.0569262901820639
3,"sex × edu × party_tpp","男性 | 專科 | 5 中間",49.9726449765903,1.93493073095082,39,1.24680306905371,1.87469322844347,2.0025114222305,-0.031131606699816,0.0349266721535179
3,"sex × edu × party_tpp","男性 | 專科 | 6-10 溫暖",37.2289581208835,1.4414977470799,40,1.27877237851662,1.09216939248146,1.22088233324286,-0.242337079822764,-0.153045965062341
3,"sex × edu × party_tpp","男性 | 大學及以上 | 0-4 冷淡",269.505106677732,10.4351833548776,578,18.4782608695652,10.7669488495199,9.51008366338621,0.0317929722324726,-0.0886519824358378
3,"sex × edu × party_tpp","男性 | 大學及以上 | 5 中間",163.518411418096,6.33139989843142,281,8.98337595907928,7.68076619043382,6.90375922224365,0.21312289756594,0.0904001220889603
3,"sex × edu × party_tpp","男性 | 大學及以上 | 6-10 溫暖",156.645892500739,6.06529735255928,441,14.0984654731458,6.1552496728296,6.42330811606227,0.0148306529823087,0.0590260860585725
3,"sex × edu × party_tpp","女性 | 高中職及以下 | 0-4 冷淡",354.715346563523,13.7345066511318,109,3.4846547314578,14.2765423632,12.7946442322206,0.0394652480672481,-0.0684307374691009
3,"sex × edu × party_tpp","女性 | 高中職及以下 | 5 中間",184.292730329598,7.13577733523244,51,1.6304347826087,7.47504763571648,7.86870951405458,0.0475449673589047,0.102712310711173
3,"sex × edu × party_tpp","女性 | 高中職及以下 | 6-10 溫暖",81.2353184298989,3.1454151394672,38,1.21483375959079,4.61775067707349,3.37353552435626,0.468089416602632,0.0725247303692021
3,"sex × edu × party_tpp","女性 | 專科 | 0-4 冷淡",63.0172503193563,2.44001521792698,72,2.30179028132992,2.78795738674186,2.39464385522028,0.142598360148953,-0.0185947048089523
3,"sex × edu × party_tpp","女性 | 專科 | 5 中間",55.0299317417593,2.13074785413372,33,1.05498721227621,1.26551405691103,2.00494310139764,-0.40607047687229,-0.0590425340530147
3,"sex × edu × party_tpp","女性 | 專科 | 6-10 溫暖",22.7464449928853,0.880737760773596,20,0.639386189258312,0.815471945938299,1.03599412724056,-0.0741035728705114,0.176279902352085
3,"sex × edu × party_tpp","女性 | 大學及以上 | 0-4 冷淡",240.5075542034,9.31240397365355,656,20.9718670076726,7.98249220669715,10.2818103236192,-0.142810789858231,0.104098399587072
3,"sex × edu × party_tpp","女性 | 大學及以上 | 5 中間",159.906507947855,6.19154772480579,265,8.47186700767263,6.62658977879514,5.59340271636335,0.070263861852571,-0.0966067023994712
3,"sex × edu × party_tpp","女性 | 大學及以上 | 6-10 溫暖",112.825259819131,4.36857129643254,262,8.37595907928389,3.49235690248417,3.99203955908526,-0.200572300299619,-0.0861910477814009
3,"sex × arear × party_kmt","男性 | 北北基宜蘭區 | 0-4 冷淡",192.865763602874,7.46772345386789,431,13.7787723785166,6.45034121341653,7.4764938097297,-0.136237267854959,0.0011744350090083
3,"sex × arear × party_kmt","男性 | 北北基宜蘭區 | 5 中間",93.6536669301905,3.62625108785711,107,3.42071611253197,4.72296331567724,3.62372713468639,0.302436924870589,-0.000696022726933708
3,"sex × arear × party_kmt","男性 | 北北基宜蘭區 | 6-10 溫暖",109.375856972375,4.23501111416195,139,4.44373401534527,3.63449456000955,4.30515060522864,-0.141798105828876,0.0165618198337521
3,"sex × arear × party_kmt","男性 | 桃竹苗區 | 0-4 冷淡",106.071410453832,4.10706361167319,149,4.76342710997442,3.4869453900109,3.65265046975277,-0.15098821939348,-0.110641856295791
3,"sex × arear × party_kmt","男性 | 桃竹苗區 | 5 中間",61.8912283558757,2.3964158746886,50,1.59846547314578,2.89281996536859,3.03965258493892,0.207144384212735,0.268416144728596
3,"sex × arear × party_kmt","男性 | 桃竹苗區 | 6-10 溫暖",64.2959325949257,2.48952553764851,54,1.72634271099744,2.45868562641164,2.29356380143704,-0.0123878669933243,-0.0787144912747376
3,"sex × arear × party_kmt","男性 | 中彰投區 | 0-4 冷淡",105.91795051536,4.10112167381784,161,5.14705882352941,4.74510653441235,4.56489472445135,0.157026519038877,0.113084440677366
3,"sex × arear × party_kmt","男性 | 中彰投區 | 5 中間",86.8153068176032,3.36147116401374,52,1.66240409207161,2.95035204634757,3.00789589398565,-0.122303330180967,-0.105184680390326
3,"sex × arear × party_kmt","男性 | 中彰投區 | 6-10 溫暖",65.2779442427385,2.52754883051993,53,1.69437340153453,2.73372717963677,2.419095409989,0.081572449413144,-0.0429085362155488
3,"sex × arear × party_kmt","男性 | 雲嘉南區 | 0-4 冷淡",104.566651665337,4.04879965498468,127,4.06010230179028,3.46880364198365,3.64179687532359,-0.143251349146645,-0.100524307039992
3,"sex × arear × party_kmt","男性 | 雲嘉南區 | 5 中間",54.0347092660586,2.0922130406719,24,0.767263427109974,1.63504231230054,1.69112128921942,-0.218510600729525,-0.191706935983764
3,"sex × arear × party_kmt","男性 | 雲嘉南區 | 6-10 溫暖",36.6826562624718,1.42034504934474,48,1.53452685421995,2.89116214220266,2.23011908689339,1.03553505786251,0.570124870658884
3,"sex × arear × party_kmt","男性 | 高屏區 | 0-4 冷淡",90.6026417270428,3.50811600756985,122,3.9002557544757,3.3346180738098,3.48265033886968,-0.0494561563487871,-0.00725907257491583
3,"sex × arear × party_kmt","男性 | 高屏區 | 5 中間",64.5791303358348,2.50049089703818,49,1.56649616368286,2.91015129345983,2.81627427787932,0.163831988713454,0.126288554465517
3,"sex × arear × party_kmt","男性 | 高屏區 | 6-10 溫暖",36.4761388837428,1.41234873810755,34,1.08695652173913,1.31077389893512,1.12349973412309,-0.0719190922410089,-0.204516771382891
3,"sex × arear × party_kmt","男性 | 花東區 | 0-4 冷淡",10.594429926145,0.410214189195028,14,0.447570332480818,0.674621571956063,0.792304098092886,0.644559329553879,0.93144001100411
3,"sex × arear × party_kmt","男性 | 花東區 | 5 中間",6.44388642190416,0.249505982129621,2,0.0639386189258312,0.080854067828828,0.0625230289009862,-0.675943369618997,-0.749412705990734
3,"sex × arear × party_kmt","男性 | 花東區 | 6-10 溫暖",18.2364364297022,0.706111139152062,6,0.191815856777494,0.278814212674736,0.436863882940455,-0.605141177903592,-0.381310025125697
3,"sex × arear × party_kmt","女性 | 北北基宜蘭區 | 0-4 冷淡",176.067960413958,6.81731590353862,382,12.2122762148338,7.27765652163695,6.60512236268711,0.0675251997431107,-0.0311256723106186
3,"sex × arear × party_kmt","女性 | 北北基宜蘭區 | 5 中間",135.72226655103,5.25513877736322,128,4.0920716112532,5.59837400750987,5.35966471725597,0.0653142085657468,0.0198902339825914
3,"sex × arear × party_kmt","女性 | 北北基宜蘭區 | 6-10 溫暖",125.873280760124,4.87378803468294,111,3.54859335038363,4.59139875322178,4.9050697418841,-0.0579404109189028,0.00641835610792943
3,"sex × arear × party_kmt","女性 | 桃竹苗區 | 0-4 冷淡",47.3779451995385,1.83446447909321,132,4.21994884910486,2.88463745036511,2.30312224222197,0.572468414210456,0.255473882688872
3,"sex × arear × party_kmt","女性 | 桃竹苗區 | 5 中間",81.6105221510979,3.15994295185046,45,1.4386189258312,2.57625644455328,2.51056132023605,-0.184714254716328,-0.205504226345013
3,"sex × arear × party_kmt","女性 | 桃竹苗區 | 6-10 溫暖",69.4046307546598,2.68733329965614,43,1.37468030690537,2.37540087790053,2.87519533602331,-0.116075077771529,0.0699064892290101
3,"sex × arear × party_kmt","女性 | 中彰投區 | 0-4 冷淡",84.4281739434024,3.26904186075557,129,4.12404092071611,2.88240128046263,2.83428935062513,-0.118273364723318,-0.132990805455748
3,"sex × arear × party_kmt","女性 | 中彰投區 | 5 中間",79.4280197774578,3.07543690028749,57,1.82225063938619,3.00548767504946,3.41098530267981,-0.0227444839565696,0.109105929749674
3,"sex × arear × party_kmt","女性 | 中彰投區 | 6-10 溫暖",65.087523382842,2.52017577324429,55,1.75831202046036,2.53772148673005,2.61763552090786,0.0069620991011958,0.0386718056328717
3,"sex × arear × party_kmt","女性 | 雲嘉南區 | 0-4 冷淡",77.7531412595719,3.01058594200052,124,3.96419437340153,3.47846969092596,3.40194797992551,0.155412852494268,0.129995305055115
3,"sex × arear × party_kmt","女性 | 雲嘉南區 | 5 中間",56.2676312343354,2.17867132876648,33,1.05498721227621,1.80490863697458,2.57387588530963,-0.171555335977874,0.181397052104647
3,"sex × arear × party_kmt","女性 | 雲嘉南區 | 6-10 溫暖",41.8686386968416,1.62114524287329,25,0.79923273657289,1.09337383425418,0.832899141970029,-0.325554672500346,-0.486227933227123
3,"sex × arear × party_kmt","女性 | 高屏區 | 0-4 冷淡",103.878463363387,4.02215314278287,136,4.34782608695652,3.87225254831934,4.02597423656932,-0.0372687436659406,0.000950012008695319
3,"sex × arear × party_kmt","女性 | 高屏區 | 5 中間",69.1228230152496,2.67642176084406,41,1.31074168797954,2.09411984729867,2.34449775361131,-0.217567321438064,-0.124017825624043
3,"sex × arear × party_kmt","女性 | 高屏區 | 6-10 溫暖",32.972990425685,1.27670753661112,43,1.37468030690537,1.87432242113084,1.60334174190089,0.46809066867892,0.255841056720618
3,"sex × arear × party_kmt","女性 | 花東區 | 0-4 冷淡",8.89270325073135,0.344323675665493,11,0.351662404092072,0.385069677645574,0.159677106695814,0.118336335430113,-0.536258706616102
3,"sex × arear × party_kmt","女性 | 花東區 | 5 中間",5.88747153885594,0.22796171012095,6,0.191815856777494,0.528591863263323,0.35914228692834,1.31877477574136,0.575450047017936
3,"sex × arear × party_kmt","女性 | 花東區 | 6-10 溫暖",12.632158628638,0.489114633420887,5,0.159846547314578,0.479279936315513,0.616720926125554,-0.0201071414212033,0.260892404326946
3,"sex × arear × party_dpp","男性 | 北北基宜蘭區 | 0-4 冷淡",186.692585361107,7.22869923785476,406,12.9795396419437,6.35745112788432,7.41393413618475,-0.120526263619871,0.0256249281143084
3,"sex × arear × party_dpp","男性 | 北北基宜蘭區 | 5 中間",67.7640718604881,2.62381119027501,79,2.52557544757033,2.96467531014228,2.38130643475994,0.129911832501765,-0.0924246212585332
3,"sex × arear × party_dpp","男性 | 北北基宜蘭區 | 6-10 溫暖",141.438630283844,5.47647522775718,192,6.1381074168798,5.48567265107672,5.61013097870005,0.00167944214792084,0.0244054333096304
3,"sex × arear × party_dpp","男性 | 桃竹苗區 | 0-4 冷淡",115.678025394143,4.47902980391948,145,4.63554987212276,3.48236217725705,4.27207035084926,-0.222518641378602,-0.0462063130031243
3,"sex × arear × party_dpp","男性 | 桃竹苗區 | 5 中間",50.4738030164965,1.95433546914172,38,1.21483375959079,2.32628692935368,2.83693615541097,0.190321194127083,0.45161166043661
3,"sex × arear × party_dpp","男性 | 桃竹苗區 | 6-10 溫暖",66.1067429939945,2.5596397509491,70,2.23785166240409,3.02980187518039,1.8768603498685,0.183682928059294,-0.266748240969233
3,"sex × arear × party_dpp","男性 | 中彰投區 | 0-4 冷淡",123.787337571229,4.79302073527141,142,4.53964194373401,4.28727308270932,4.45312601508491,-0.105517518178117,-0.0709145106936947
3,"sex × arear × party_dpp","男性 | 中彰投區 | 5 中間",70.3100019005219,2.72238908775512,46,1.47058823529412,2.56294812045994,2.72398229516677,-0.0585665612649986,0.000585223992711495
3,"sex × arear × party_dpp","男性 | 中彰投區 | 6-10 溫暖",63.9138621039508,2.47473184532498,78,2.49360613810742,3.57896455722742,2.81477771817433,0.44620297507726,0.137407159281412
3,"sex × arear × party_dpp","男性 | 雲嘉南區 | 0-4 冷淡",67.9555474544673,2.63122508664153,117,3.74040920716113,4.23646227581593,3.46645907839274,0.610072166506786,0.317431600964742
3,"sex × arear × party_dpp","男性 | 雲嘉南區 | 5 中間",54.5949881191094,2.11390692481947,32,1.0230179028133,1.27816187581683,1.49473757686427,-0.395355651277796,-0.292902842923457
3,"sex × arear × party_dpp","男性 | 雲嘉南區 | 6-10 溫暖",72.7334816202911,2.81622573354031,50,1.59846547314578,2.48038394485409,2.60184059617938,-0.119252439421477,-0.0761249834513167
3,"sex × arear × party_dpp","男性 | 高屏區 | 0-4 冷淡",67.0020858572285,2.59430724596804,119,3.80434782608696,2.67361839518682,2.3143946093261,0.0305712244924126,-0.107894944624219
3,"sex × arear × party_dpp","男性 | 高屏區 | 5 中間",58.3977169205411,2.26114781676764,36,1.15089514066496,2.18558647600912,2.28925183886494,-0.0334172495040735,0.0124290954748288
3,"sex × arear × party_dpp","男性 | 高屏區 | 6-10 溫暖",66.2581081688508,2.56550057997991,50,1.59846547314578,2.69633839500881,2.81877790268104,0.0509989419023721,0.0987243287635952
3,"sex × arear × party_dpp","男性 | 花東區 | 0-4 冷淡",20.3301411984476,0.787178965369417,13,0.415601023017903,0.619549031023123,0.59889999172608,-0.212950220624387,-0.239181916598825
3,"sex × arear × party_dpp","男性 | 花東區 | 5 中間",7.02414495025198,0.271973475273569,4,0.127877237851662,0.152566700667999,0.209964740035316,-0.439038308737508,-0.227995524842564
3,"sex × arear × party_dpp","男性 | 花東區 | 6-10 溫暖",7.92046662905178,0.306678869833725,5,0.159846547314578,0.262174120768504,0.482826278172932,-0.145118407046924,0.574370866942054
3,"sex × arear × party_dpp","女性 | 北北基宜蘭區 | 0-4 冷淡",180.239656288309,6.97884312610696,340,10.8695652173913,7.61349560977565,6.43138360697866,0.0909394970198612,-0.0784455975346869
3,"sex × arear × party_dpp","女性 | 北北基宜蘭區 | 5 中間",118.004688225128,4.56911771930487,138,4.41176470588235,5.58745057298345,4.97782475084895,0.222872973785737,0.0894498799663807
3,"sex × arear × party_dpp","女性 | 北北基宜蘭區 | 6-10 溫暖",139.419163211675,5.39828187017295,143,4.57161125319693,4.26648309960949,5.46064846399956,-0.209659072605484,0.0115530450848072
3,"sex × arear × party_dpp","女性 | 桃竹苗區 | 0-4 冷淡",71.4713348781589,2.76735566633724,123,3.93222506393862,3.00914773729056,2.97910378575083,0.0873729654249117,0.0765164095057769
3,"sex × arear × party_dpp","女性 | 桃竹苗區 | 5 中間",75.4122905940963,2.91994867652623,41,1.31074168797954,2.19882928374785,2.03304873220444,-0.246963036910727,-0.303738196308611
3,"sex × arear × party_dpp","女性 | 桃竹苗區 | 6-10 溫暖",51.509472633041,1.99443638773634,56,1.79028132992327,2.62831775178051,2.67672638052606,0.317824809024682,0.342096642933856
3,"sex × arear × party_dpp","女性 | 中彰投區 | 0-4 冷淡",94.6871097370238,3.66626578482899,126,4.02813299232737,2.70665317636453,3.95330962911539,-0.261741146109848,0.078293244716241
3,"sex × arear × party_dpp","女性 | 中彰投區 | 5 中間",62.1164726335685,2.4051372876753,45,1.4386189258312,2.56661038643835,2.42069896272632,0.0671367491537753,0.00647018161115758
3,"sex × arear × party_dpp","女性 | 中彰投區 | 6-10 溫暖",72.1401347331099,2.79325146178306,70,2.23785166240409,3.15234687943926,2.48890158237109,0.128558213454572,-0.108958997632705
3,"sex × arear × party_dpp","女性 | 雲嘉南區 | 0-4 冷淡",46.1860726115077,1.78831541295835,87,2.78132992327366,2.14944330607027,1.08518231900265,0.201937471709492,-0.393181811698713
3,"sex × arear × party_dpp","女性 | 雲嘉南區 | 5 中間",48.2417093271577,1.86790925184051,38,1.21483375959079,1.85345426020328,2.42026706473498,-0.00773859416510186,0.2957091263134
3,"sex × arear × party_dpp","女性 | 雲嘉南區 | 6-10 溫暖",81.4616292520835,3.15417784884143,57,1.82225063938619,2.37385459588117,3.30327362346754,-0.247393549240377,0.0472692986163954
3,"sex × arear × party_dpp","女性 | 高屏區 | 0-4 冷淡",52.8758507961663,2.0473422745304,111,3.54859335038363,2.23449076892044,2.3356154223374,0.0914104577032509,0.140803592732498
3,"sex × arear × party_dpp","女性 | 高屏區 | 5 中間",49.2551401684567,1.90714908954454,38,1.21483375959079,1.73804952177167,1.86390165857661,-0.0886661502763046,-0.0226764814586448
3,"sex × arear × party_dpp","女性 | 高屏區 | 6-10 溫暖",103.843285839698,4.02079107616311,71,2.26982097186701,3.86815452605674,3.77429665116751,-0.0379618207499673,-0.0613049572401127
3,"sex × arear × party_dpp","女性 | 花東區 | 0-4 冷淡",7.87797124924946,0.3050334573017,11,0.351662404092072,0.696670108790374,0.763137852339659,1.28391375475025,1.50181687966399
3,"sex × arear × party_dpp","女性 | 花東區 | 5 中間",6.44987194952883,0.249737740551601,6,0.191815856777494,0.45194429188109,0.214643519282011,0.809675585607811,-0.140524300380379
3,"sex × arear × party_dpp","女性 | 花東區 | 6-10 溫暖",13.084490219447,0.506628821354029,5,0.159846547314578,0.244327076552945,0.157758948128039,-0.517739484500803,-0.688610395858633
3,"sex × arear × party_tpp","男性 | 北北基宜蘭區 | 0-4 冷淡",203.371488148779,7.87450298863732,313,10.0063938618926,8.13009328222721,7.50279963038888,0.0324579588018054,-0.0472034055717295
3,"sex × arear × party_tpp","男性 | 北北基宜蘭區 | 5 中間",98.6785984253352,3.82081542151271,141,4.5076726342711,3.96368640018096,4.02529077062445,0.0373927978472416,0.0535161546827059
3,"sex × arear × party_tpp","男性 | 北北基宜蘭區 | 6-10 溫暖",93.8452009313255,3.63366724573692,223,7.12915601023018,2.71401940669516,3.87728114863141,-0.25309082446135,0.067043536575977
3,"sex × arear × party_tpp","男性 | 桃竹苗區 | 0-4 冷淡",114.665947470157,4.43984235090087,105,3.35677749360614,4.18365666405009,4.5380143378844,-0.0577015278028508,0.0221115929856405
3,"sex × arear × party_tpp","男性 | 桃竹苗區 | 5 中間",60.8155815390635,2.35476704696546,60,1.91815856777494,2.30241740085389,2.74001016044224,-0.0222313481832676,0.163601369389484
3,"sex × arear × party_tpp","男性 | 桃竹苗區 | 6-10 溫暖",56.7770423954127,2.19839562614397,88,2.81329923273657,2.35237691688715,1.70784235780209,0.0700425750997658,-0.223141486686052
3,"sex × arear × party_tpp","男性 | 中彰投區 | 0-4 冷淡",109.58784653267,4.24321930716528,121,3.86828644501279,4.65410828202344,4.41390089081144,0.0968342536913683,0.0402245491666996
3,"sex × arear × party_tpp","男性 | 中彰投區 | 5 中間",90.5966694917346,3.50788476382369,64,2.0460358056266,3.27362460203017,3.0865273210226,-0.0667810311813582,-0.120117241919258
3,"sex × arear × party_tpp","男性 | 中彰投區 | 6-10 溫暖",57.8266855512979,2.23903759736254,81,2.58951406649616,2.50145287634308,2.49145781659197,0.117200032411094,0.112736034234873
3,"sex × arear × party_tpp","男性 | 雲嘉南區 | 0-4 冷淡",104.495385546801,4.04604024525371,108,3.45268542199489,4.80893139919461,4.49370314088558,0.18855253722101,0.110642225113063
3,"sex × arear × party_tpp","男性 | 雲嘉南區 | 5 中間",52.8511368778667,2.04638535660015,36,1.15089514066496,1.82915994079201,1.51439511259432,-0.106150786853279,-0.259965818407572
3,"sex × arear × party_tpp","男性 | 雲嘉南區 | 6-10 溫暖",37.9374947691996,1.46893214314747,55,1.75831202046036,1.35691675650023,1.5549389979565,-0.0762563384359058,0.0585505975958477
3,"sex × arear × party_tpp","男性 | 高屏區 | 0-4 冷淡",105.091890487655,4.06913679621197,91,2.90920716112532,3.3403102364091,3.60383029360993,-0.179110852326555,-0.114350174473171
3,"sex × arear × party_tpp","男性 | 高屏區 | 5 中間",58.5068022073946,2.26537157706542,54,1.72634271099744,2.79517249192737,2.6560859457757,0.233869322024537,0.17247253062847
3,"sex × arear × party_tpp","男性 | 高屏區 | 6-10 溫暖",28.0592182515709,1.08644726943819,60,1.91815856777494,1.42006053786829,1.16250811148645,0.307068072068156,0.0700087746436097
3,"sex × arear × party_tpp","男性 | 花東區 | 0-4 冷淡",14.8611145610159,0.575419357405649,12,0.383631713554987,0.570995067743737,0.711740183646859,-0.00768880922230222,0.236906917514609
3,"sex × arear × party_tpp","男性 | 花東區 | 5 中間",8.27738740055504,0.320498770093554,5,0.159846547314578,0.242583543025861,0.284431207958068,-0.243106165571087,-0.11253572712606
3,"sex × arear × party_tpp","男性 | 花東區 | 6-10 溫暖",12.1362508161805,0.469913182977508,5,0.159846547314578,0.220711241690029,0.295519618329401,-0.530314854561991,-0.37111868950579
3,"sex × arear × party_tpp","女性 | 北北基宜蘭區 | 0-4 冷淡",224.015479809605,8.67383418058716,350,11.1892583120205,8.92627077246108,8.96922703105217,0.0291032300846717,0.0340556257261789
3,"sex × arear × party_tpp","女性 | 北北基宜蘭區 | 5 中間",135.648145919009,5.25226884144604,142,4.53964194373401,5.22778564546876,5.0188934672876,-0.00466145140631174,-0.0444332499351249
3,"sex × arear × party_tpp","女性 | 北北基宜蘭區 | 6-10 溫暖",77.9998819964982,3.02013969355158,129,4.12404092071611,3.31337286443876,2.8817363234874,0.0970925853242054,-0.0458268107133249
3,"sex × arear × party_tpp","女性 | 桃竹苗區 | 0-4 冷淡",83.7373832162256,3.24229458317408,109,3.4846547314578,3.52304436043393,3.16280586644673,0.0865898424889604,-0.0245161920634411
3,"sex × arear × party_tpp","女性 | 桃竹苗區 | 5 中間",74.9033027608736,2.90024077031786,47,1.50255754475703,2.00188550238932,2.49435795129957,-0.309751961672509,-0.139947973689718
3,"sex × arear × party_tpp","女性 | 桃竹苗區 | 6-10 溫暖",39.7524121281971,1.53920537710787,64,2.0460358056266,2.31136490999569,2.03171508073504,0.501661145661201,0.319976600232895
3,"sex × arear × party_tpp","女性 | 中彰投區 | 0-4 冷淡",118.884598772513,4.60318767816778,121,3.86828644501279,3.96885202011719,4.39961056838757,-0.137803561879335,-0.0442252465059678
3,"sex × arear × party_tpp","女性 | 中彰投區 | 5 中間",64.7633856943743,2.50762522734524,60,1.91815856777494,3.14015389021018,2.94722963500574,0.252242103790996,0.17530706058732
3,"sex × arear × party_tpp","女性 | 中彰投區 | 6-10 溫暖",45.2957326368147,1.75384162877433,60,1.91815856777494,1.31660453191477,1.51606997081949,-0.24930249669414,-0.135571909147241
3,"sex × arear × party_tpp","女性 | 雲嘉南區 | 0-4 冷淡",93.8546966098417,3.63403491649321,115,3.67647058823529,3.74295336394145,3.30047772879369,0.0299717669067822,-0.0917870068296969
3,"sex × arear × party_tpp","女性 | 雲嘉南區 | 5 中間",56.2091491113443,2.17640691276369,40,1.27877237851662,1.98189863717523,2.6637992031649,-0.0893712818350995,0.223943550051631
3,"sex × arear × party_tpp","女性 | 雲嘉南區 | 6-10 溫暖",25.8255654695629,0.999960684383392,27,0.863171355498721,0.651900161038049,0.844446075246587,-0.34807420809746,-0.155520723529946
3,"sex × arear × party_tpp","女性 | 高屏區 | 0-4 冷淡",123.149087121971,4.76830780665035,131,4.18797953964194,4.28478134257873,5.23637104294134,-0.101404205365527,0.098161288085929
3,"sex × arear × party_tpp","女性 | 高屏區 | 5 中間",58.9131336370786,2.28110464804085,52,1.66240409207161,2.42199016979577,1.89877336757074,0.0617619721549896,-0.167607952926876
3,"sex × arear × party_tpp","女性 | 高屏區 | 6-10 溫暖",23.9120560452711,0.925869985546846,37,1.18286445012788,1.13392330437434,0.838669321569437,0.224711160395393,-0.094182407183127
3,"sex × arear × party_tpp","女性 | 花東區 | 0-4 冷淡",14.598905556122,0.565266677639772,11,0.351662404092072,0.601090097106651,0.402606173438557,0.0633743698044559,-0.287758876713538
3,"sex × arear × party_tpp","女性 | 花東區 | 5 中間",8.79205289653245,0.340426514258252,8,0.255754475703325,0.593437626383411,0.444001707487013,0.74321799721282,0.304251252151848
3,"sex × arear × party_tpp","女性 | 花東區 | 6-10 溫暖",4.02137496557081,0.155706827309307,3,0.0959079283887468,0.198413753734348,0.288932438824137,0.274277802476864,0.855618304072066
3,"sex × party_kmt × party_dpp","男性 | 0-4 冷淡 | 0-4 冷淡",213.77301002172,8.27724781693365,565,18.0626598465473,7.75512451082449,8.87068768066408,-0.0630793371972023,0.0716953118784679
3,"sex × party_kmt × party_dpp","男性 | 0-4 冷淡 | 5 中間",65.4658797879828,2.53482565691368,116,3.70843989769821,3.75349719028774,3.10712043326783,0.480771342222357,0.22577283561622
3,"sex × party_kmt × party_dpp","男性 | 0-4 冷淡 | 6-10 溫暖",331.379958080889,12.8309651172612,323,10.3260869565217,10.6518147244771,11.6329822022881,-0.16983526748526,-0.0933665475686991
3,"sex × party_kmt × party_dpp","男性 | 5 中間 | 0-4 冷淡",133.07871170197,5.15278086697455,141,4.5076726342711,6.06427472736698,5.04741330015713,0.176893581140706,-0.0204486799531371
3,"sex × party_kmt × party_dpp","男性 | 5 中間 | 5 中間",202.886380581756,7.85571972151811,90,2.8772378516624,6.20619967894883,7.45650294792367,-0.209976946867258,-0.0508186121382258
3,"sex × party_kmt × party_dpp","男性 | 5 中間 | 6-10 溫暖",31.4528358437402,1.2178474579065,53,1.69437340153453,2.92170859466678,1.73727796152988,1.39907598911382,0.426515242324598
3,"sex × party_kmt × party_dpp","男性 | 6-10 溫暖 | 0-4 冷淡",234.594001112932,9.08343239111645,236,7.54475703324808,7.8373168516851,8.60078320074263,-0.137185535794821,-0.0531351112213756
3,"sex × party_kmt × party_dpp","男性 | 6-10 溫暖 | 5 中間",40.2124663976696,1.55701858560073,29,0.927109974424552,1.51052854321327,1.3725556599107,-0.0298583734435767,-0.118471884276742
3,"sex × party_kmt × party_dpp","男性 | 6-10 溫暖 | 6-10 溫暖",55.5384978753539,2.15043943221757,69,2.20588235294118,3.9598122249721,2.83495365995829,0.841396770188815,0.318313651380006
3,"sex × party_kmt × party_dpp","女性 | 0-4 冷淡 | 0-4 冷淡",144.703326951729,5.60288362404843,505,16.1445012787724,7.01095588612714,4.9042471533554,0.251312066528573,-0.124692304458079
3,"sex × party_kmt × party_dpp","女性 | 0-4 冷淡 | 5 中間",57.682898623794,2.23347019654021,128,4.0920716112532,3.53252544419226,1.73619692171516,0.581630885276355,-0.222646031093389
3,"sex × party_kmt × party_dpp","女性 | 0-4 冷淡 | 6-10 溫暖",296.012161855066,11.4615311832476,281,8.98337595907928,10.2370058390362,12.6896892036543,-0.106837849553755,0.107154794657956
3,"sex × party_kmt × party_dpp","女性 | 5 中間 | 0-4 冷淡",95.161237123529,3.68462390157395,114,3.64450127877238,3.74299596817063,3.86742386432269,0.0158420691381129,0.0496115662362863
3,"sex × party_kmt × party_dpp","女性 | 5 中間 | 5 中間",252.959021662369,9.79452228144134,140,4.47570332480818,8.87907946536496,10.1460899891175,-0.0934647744700077,0.0358943190463038
3,"sex × party_kmt × party_dpp","女性 | 5 中間 | 6-10 溫暖",79.9184754821278,3.09442724621736,56,1.79028132992327,2.98566304111359,2.54521341258088,-0.0351484124361709,-0.177484810576123
3,"sex × party_kmt × party_dpp","女性 | 6-10 溫暖 | 0-4 冷淡",213.473431485157,8.26564819644127,179,5.72250639386189,7.65594885291405,8.77606159784651,-0.0737630406033634,0.0617511644912495
3,"sex × party_kmt × party_dpp","女性 | 6-10 溫暖 | 5 中間",48.8382526117728,1.89100728746149,38,1.21483375959079,1.98473340746846,2.04809777754062,0.0495641241725684,0.0830723874628802
3,"sex × party_kmt × party_dpp","女性 | 6-10 溫暖 | 6-10 溫暖",85.527538551861,3.31160903658592,65,2.07800511508951,3.31081504917038,2.62670303342462,-0.000239758802073291,-0.206819704740087
3,"sex × party_kmt × party_tpp","男性 | 0-4 冷淡 | 0-4 冷淡",480.487702711951,18.6043869052126,578,18.4782608695652,16.0286771236084,17.3675273727535,-0.138446367231942,-0.0664821441717358
3,"sex × party_kmt × party_tpp","男性 | 0-4 冷淡 | 5 中間",64.2339827898053,2.48712685369331,176,5.62659846547315,3.95036777969746,3.20196943141061,0.588325812103744,0.287417015604079
3,"sex × party_kmt × party_tpp","男性 | 0-4 冷淡 | 6-10 溫暖",65.8971623888357,2.5515248322026,250,7.9923273657289,2.18139152228345,3.0412935120559,-0.14506357345526,0.19195136714798
3,"sex × party_kmt × party_tpp","男性 | 5 中間 | 0-4 冷淡",92.2368505056003,3.57139224175561,70,2.23785166240409,4.64246155919473,4.34199881185762,0.29990245958327,0.215772034528249
3,"sex × party_kmt × party_tpp","男性 | 5 中間 | 5 中間",207.277973720701,8.02576132180479,109,3.4846547314578,6.68870201727823,7.52976560345968,-0.166595946591879,-0.061800457110226
3,"sex × party_kmt × party_tpp","男性 | 5 中間 | 6-10 溫暖",67.9031039011653,2.62919448283875,105,3.35677749360614,3.86101942450964,2.36942979429338,0.468518000365224,-0.0988001040778473
3,"sex × party_kmt × party_tpp","男性 | 6-10 溫暖 | 0-4 冷淡",79.3491195295268,3.07238189860662,102,3.26086956521739,5.01695624884507,3.55446229261599,0.632920780818411,0.156907705460707
3,"sex × party_kmt × party_tpp","男性 | 6-10 溫暖 | 5 中間",98.2142194314431,3.80283476056289,75,2.39769820971867,3.76757458183456,3.57500548354709,-0.0092720775285815,-0.059910380376893
3,"sex × party_kmt × party_tpp","男性 | 6-10 溫暖 | 6-10 溫暖",152.781626424986,5.91567374976524,157,5.01918158567775,4.52312678919084,5.67882474444853,-0.235399553707583,-0.0400375367769577
3,"sex × party_kmt × party_tpp","女性 | 0-4 冷淡 | 0-4 冷淡",402.653709835769,15.5906704049296,641,20.4923273657289,15.1421587808187,16.6380558929194,-0.0287679498355027,0.0671802726108963
3,"sex × party_kmt × party_tpp","女性 | 0-4 冷淡 | 5 中間",60.6049785192303,2.34661254052905,146,4.66751918158568,3.39734414093053,1.72108205584953,0.447765271110582,-0.266567434493678
3,"sex × party_kmt × party_tpp","女性 | 0-4 冷淡 | 6-10 溫暖",35.1396990755897,1.36060205837761,127,4.06010230179028,2.24098424760628,0.970995329955892,0.647053400961655,-0.2863487718711
3,"sex × party_kmt × party_tpp","女性 | 5 中間 | 0-4 冷淡",141.295692270209,5.47094069670856,102,3.26086956521739,4.67473387287555,4.76951992291449,-0.145533806336455,-0.128208440317413
3,"sex × party_kmt × party_tpp","女性 | 5 中間 | 5 中間",225.648015783349,8.73704564410806,124,3.96419437340153,7.79070779113692,9.19175669658205,-0.108313255019941,0.0520440284961342
3,"sex × party_kmt × party_tpp","女性 | 5 中間 | 6-10 溫暖",61.0950262144682,2.36558708841603,84,2.68542199488491,3.14229681063671,2.59745064652456,0.328336980711522,0.0980152281198757
3,"sex × party_kmt × party_tpp","女性 | 6-10 溫暖 | 0-4 冷淡",114.290748980301,4.42531474107416,94,3.00511508951407,5.23009930294472,4.06352259522613,0.181859282098253,-0.0817551218425231
3,"sex × party_kmt × party_tpp","女性 | 6-10 溫暖 | 5 中間",112.976175716632,4.37441472953483,79,2.52557544757033,4.1790995393552,4.55421657938399,-0.0446494450699684,0.0411030642877077
3,"sex × party_kmt × party_tpp","女性 | 6-10 溫暖 | 6-10 溫暖",120.572297951857,4.66853504987969,109,3.4846547314578,3.54229846725297,4.83312323420163,-0.241239825896935,0.0352547817598978
3,"sex × party_dpp × party_tpp","男性 | 0-4 冷淡 | 0-4 冷淡",228.162731160003,8.83441491612,417,13.3312020460358,12.0071988306042,8.6899329872884,0.35913911046841,-0.0163544422809444
3,"sex × party_dpp × party_tpp","男性 | 0-4 冷淡 | 5 中間",161.495115329811,6.25305828211574,202,6.45780051150895,5.53426357029045,6.09065165355768,-0.114950905524278,-0.0259723516447229
3,"sex × party_dpp × party_tpp","男性 | 0-4 冷淡 | 6-10 溫暖",191.787876346809,7.42598787678891,323,10.3260869565217,4.11525368898195,7.73829954071776,-0.445830809683272,0.0420565814421854
3,"sex × party_dpp × party_tpp","男性 | 5 中間 | 0-4 冷淡",96.4148017064309,3.73316166930316,90,2.8772378516624,4.26894076745202,4.62693408177148,0.143518857635991,0.239414333383304
3,"sex × party_dpp × party_tpp","男性 | 5 中間 | 5 中間",164.890002183804,6.38450761614576,88,2.81329923273657,5.33391205325058,5.80310686719379,-0.164553889831431,-0.0910643050188664
3,"sex × party_dpp × party_tpp","男性 | 5 中間 | 6-10 溫暖",47.2599228771743,1.8298946785836,57,1.82225063938619,1.86737259174726,1.50613809213694,0.0204809127007591,-0.176926350043961
3,"sex × party_dpp × party_tpp","男性 | 6-10 溫暖 | 0-4 冷淡",327.496139880645,12.6805844601516,243,7.76854219948849,9.41195533359197,11.9471214081672,-0.257766441036787,-0.0578414231843433
3,"sex × party_dpp × party_tpp","男性 | 6-10 溫暖 | 5 中間",43.341058428335,1.67815703779949,70,2.23785166240409,3.53846875526923,2.41298199766591,1.10854447800017,0.437876160165545
3,"sex × party_dpp × party_tpp","男性 | 6-10 溫暖 | 6-10 溫暖",47.5340934910038,1.84051050943408,132,4.21994884910486,4.58291145525473,1.84511041794312,1.49002188890728,0.00249925685589143
3,"sex × party_dpp × party_tpp","女性 | 0-4 冷淡 | 0-4 冷淡",220.640113575103,8.54314068100532,512,16.3682864450128,12.5601389745974,9.00612067273199,0.470201585527367,0.0541931836328126
3,"sex × party_dpp × party_tpp","女性 | 0-4 冷淡 | 5 中間",122.876884560425,4.7577681783872,132,4.21994884910486,4.08380696794692,4.81782288862215,-0.141654907336983,0.012622454054771
3,"sex × party_dpp × party_tpp","女性 | 0-4 冷淡 | 6-10 溫暖",109.820997424887,4.25224686267112,154,4.923273657289,1.76595476466754,3.72378905417046,-0.584700789559,-0.12427731163489
3,"sex × party_dpp × party_tpp","女性 | 5 中間 | 0-4 冷淡",110.893831989045,4.29378680053889,113,3.61253196930946,4.06159428643149,3.30137344103678,-0.0540763957069919,-0.231127768005985
3,"sex × party_dpp × party_tpp","女性 | 5 中間 | 5 中間",204.722646489504,7.92681956697881,140,4.47570332480818,8.00127532153775,8.54592220788994,0.009392891301463,0.0781022749010415
3,"sex × party_dpp × party_tpp","女性 | 5 中間 | 6-10 溫暖",43.8636944193873,1.69839339792535,53,1.69437340153453,2.33346870905645,2.0830890394466,0.373927095987813,0.226505615242719
3,"sex × party_dpp × party_tpp","女性 | 6-10 溫暖 | 0-4 冷淡",326.706205522131,12.6499983611681,212,6.77749360613811,8.42525869561016,13.1636042972913,-0.33397155833053,0.0406012650325527
3,"sex × party_dpp × party_tpp","女性 | 6-10 溫暖 | 5 中間",71.6296389692828,2.77348516880593,77,2.4616368286445,3.28206918193799,2.10331023530349,0.183373619174976,-0.241636386247911
3,"sex × party_dpp × party_tpp","女性 | 6-10 溫暖 | 6-10 溫暖",63.1223313976407,2.44408393607686,113,3.61253196930946,4.82615605177198,2.59469111706502,0.97462778611389,0.0616211165112072
3,"age × edu × arear","20至29歲 | 高中職及以下 | 北北基宜蘭區",8.65877552489114,0.335266041318508,13,0.415601023017903,1.19169975938932,1.11053104382189,2.55448990509954,2.3123874981626
3,"age × edu × arear","20至29歲 | 高中職及以下 | 桃竹苗區",16.5375606298396,0.640331010948669,7,0.223785166240409,0.7087928687643,0.839502262655568,0.106916355205415,0.311044207294943
3,"age × edu × arear","20至29歲 | 高中職及以下 | 中彰投區",14.5072461097918,0.561717642371191,5,0.159846547314578,0.537680076117088,0.549012955455001,-0.0427929700634515,-0.0226175678986321
3,"age × edu × arear","20至29歲 | 高中職及以下 | 雲嘉南區",10.5703657132218,0.409282427725866,4,0.127877237851662,0.395110103542029,0.404436815260915,-0.0346272481390994,-0.0118392878283957
3,"age × edu × arear","20至29歲 | 高中職及以下 | 高屏區",25.4421252459768,0.985113956289514,5,0.159846547314578,0.439463895795811,0.431424043161682,-0.553895371200429,-0.562056713939305
3,"age × edu × arear","20至29歲 | 高中職及以下 | 花東區",6.3971463908858,0.247696217558917,1,0.0319693094629156,0.118922884383978,0.144818460740959,-0.519884132442634,-0.415338424752036
3,"age × edu × arear","20至29歲 | 專科 | 北北基宜蘭區",3.24563180541538,0.125670208662989,4,0.127877237851662,0.0442107385402649,0.0519035451368005,-0.648200325195408,-0.586986082946751
3,"age × edu × arear","20至29歲 | 專科 | 桃竹苗區",2.95658191004362,0.11447825503326,2,0.0639386189258312,0.0350528728944727,0.0273830667380218,-0.69380322154379,-0.760801151886303
3,"age × edu × arear","20至29歲 | 專科 | 中彰投區",7.98530112099429,0.309189248280652,2,0.0639386189258312,0.0766183450358392,0.210362882469501,-0.752195959394123,-0.319630667498004
3,"age × edu × arear","20至29歲 | 專科 | 雲嘉南區",1.33891983541318,0.0518427058850737,2,0.0639386189258312,0.0450247249624962,0.0819058396529027,-0.131512829166204,0.579891293376426
3,"age × edu × arear","20至29歲 | 專科 | 高屏區",6.01888977674556,0.23305019777693,4,0.127877237851662,0.0599452219388604,0.251202001770515,-0.742779785167836,0.0778879579023539
3,"age × edu × arear","20至29歲 | 大學及以上 | 北北基宜蘭區",73.651693774212,2.85177872288051,325,10.3900255754476,2.86550300110021,2.46643404028243,0.00481253265184713,-0.135124327671838
3,"age × edu × arear","20至29歲 | 大學及以上 | 桃竹苗區",44.7537927682628,1.73285782640646,128,4.0920716112532,2.63158645306545,1.84573504244682,0.518639563479213,0.0651393405276871
3,"age × edu × arear","20至29歲 | 大學及以上 | 中彰投區",51.5471083366053,1.99589363458492,108,3.45268542199489,1.7753539212235,1.96922981257805,-0.110496726649105,-0.0133593401696573
3,"age × edu × arear","20至29歲 | 大學及以上 | 雲嘉南區",53.8448576721979,2.08486202526231,78,2.49360613810742,0.858747749602359,1.8514296000452,-0.588103318494511,-0.111965407009484
3,"age × edu × arear","20至29歲 | 大學及以上 | 高屏區",31.3497572616837,1.21385627600653,111,3.54859335038363,2.01912046353198,1.59274244974285,0.663393355080469,0.312134295653865
3,"age × edu × arear","20至29歲 | 大學及以上 | 花東區",6.81693933027743,0.263950515474218,11,0.351662404092072,0.354003832578777,0.328783050507585,0.341174999953185,0.245623824287246
3,"age × edu × arear","30至39歲 | 高中職及以下 | 北北基宜蘭區",18.3278974342413,0.70965249079453,23,0.735294117647059,1.75842829516967,0.675695559004779,1.47787236426229,-0.0478500846967122
3,"age × edu × arear","30至39歲 | 高中職及以下 | 桃竹苗區",19.2045244139208,0.743595310578376,9,0.28772378516624,0.886732823723209,0.572242011385157,0.192493835166199,-0.230438918529407
3,"age × edu × arear","30至39歲 | 高中職及以下 | 中彰投區",6.82586825297543,0.264296241559574,14,0.447570332480818,1.23532920794799,0.675680385496768,3.67403244426971,1.5565266517211
3,"age × edu × arear","30至39歲 | 高中職及以下 | 雲嘉南區",11.9203550649589,0.461553743049604,7,0.223785166240409,0.682978983938777,0.617825637596634,0.47973880446979,0.338577894557851
3,"age × edu × arear","30至39歲 | 高中職及以下 | 高屏區",14.5344237486226,0.562769955063326,3,0.0959079283887468,0.335238322665347,0.478262369273955,-0.404306644928078,-0.15016364151825
3,"age × edu × arear","30至39歲 | 高中職及以下 | 花東區",5.23035634667457,0.202518342460063,0,0,0,0,-1,-1
3,"age × edu × arear","30至39歲 | 專科 | 北北基宜蘭區",16.7327370730615,0.64788820345118,18,0.575447570332481,0.323799192728611,0.34733040999992,-0.500223663583018,-0.463903790577208
3,"age × edu × arear","30至39歲 | 專科 | 桃竹苗區",3.585502930816,0.138829950065682,6,0.191815856777494,0.185261905974822,0.168693732946984,0.334452010442791,0.215110520944314
3,"age × edu × arear","30至39歲 | 專科 | 中彰投區",3.89969400019042,0.15099536488028,7,0.223785166240409,0.139898439245993,0.19753031573954,-0.0734918296537473,0.308187942697154
3,"age × edu × arear","30至39歲 | 專科 | 雲嘉南區",2.18942241762559,0.0847739942698835,8,0.255754475703325,0.25611739276647,0.248944952619996,2.02117878215227,1.93657217362512
3,"age × edu × arear","30至39歲 | 專科 | 高屏區",4.92109081481734,0.190543643464348,9,0.28772378516624,0.148811846437788,0.272149702312751,-0.219014375225633,0.428280142883236
3,"age × edu × arear","30至39歲 | 專科 | 花東區",1.05078718924177,0.0406862679593161,0,0,0,0,-1,-1
3,"age × edu × arear","30至39歲 | 大學及以上 | 北北基宜蘭區",131.549250691658,5.09356044524119,361,11.5409207161125,2.47696548476699,5.29785251997275,-0.513706470867316,0.0401079121231234
3,"age × edu × arear","30至39歲 | 大學及以上 | 桃竹苗區",40.1283339807395,1.55376099539185,138,4.41176470588235,2.5292033997938,1.71182512659533,0.627794369465392,0.101730016181549
3,"age × edu × arear","30至39歲 | 大學及以上 | 中彰投區",72.7954212364258,2.81862402298003,155,4.95524296675192,2.19270012432255,2.37826348445063,-0.222067183687634,-0.156232450635197
3,"age × edu × arear","30至39歲 | 大學及以上 | 雲嘉南區",40.5689367920316,1.57082104734852,108,3.45268542199489,1.24189945118483,1.30396003015255,-0.209394696307954,-0.16988632641918
3,"age × edu × arear","30至39歲 | 大學及以上 | 高屏區",35.6722178958409,1.38122107965608,125,3.99616368286445,2.08726680581428,1.40376254202987,0.51117502951374,0.0163199524723448
3,"age × edu × arear","30至39歲 | 大學及以上 | 花東區",0.907953538069188,0.0351557778042083,4,0.127877237851662,0.17061519953689,0.301228096440415,3.85311974854007,7.56838093920245
3,"age × edu × arear","40至49歲 | 高中職及以下 | 北北基宜蘭區",32.346669531947,1.25245651797287,31,0.991048593350384,2.72693247380272,1.58491350543116,1.17726718227019,0.265443935727511
3,"age × edu × arear","40至49歲 | 高中職及以下 | 桃竹苗區",33.0524626517986,1.27978468517183,18,0.575447570332481,1.76906190253316,1.22965290365954,0.382312136588533,-0.0391720436204132
3,"age × edu × arear","40至49歲 | 高中職及以下 | 中彰投區",43.8656949110503,1.69847085655892,26,0.831202046035806,2.37296770320657,1.51992467819318,0.397120058930052,-0.105121720326407
3,"age × edu × arear","40至49歲 | 高中職及以下 | 雲嘉南區",35.1260859675586,1.36007496158125,19,0.607416879795396,1.73716027065581,1.3391824168117,0.27725332774023,-0.0153613185741308
3,"age × edu × arear","40至49歲 | 高中職及以下 | 高屏區",23.6243930903275,0.914731733970662,11,0.351662404092072,1.05295593516531,0.879277585599433,0.15110900394222,-0.0387590667892644
3,"age × edu × arear","40至49歲 | 高中職及以下 | 花東區",3.8299218342917,0.148293800694001,2,0.0639386189258312,0.198149599617667,0.201164831975577,0.336196109954333,0.356528938055029
3,"age × edu × arear","40至49歲 | 專科 | 北北基宜蘭區",30.7870773331746,1.19206942270166,57,1.82225063938619,0.829864000522575,0.807754946145478,-0.303845913066199,-0.322392697302128
3,"age × edu × arear","40至49歲 | 專科 | 桃竹苗區",9.99171947694297,0.386877362205532,14,0.447570332480818,0.409119453678357,0.466620737113584,0.0574913232090572,0.206120550588557
3,"age × edu × arear","40至49歲 | 專科 | 中彰投區",13.7714585355869,0.533228095951388,15,0.479539641943734,0.287619289237979,0.66452125396966,-0.460607399681731,0.246223256079593
3,"age × edu × arear","40至49歲 | 專科 | 雲嘉南區",11.809096315731,0.457245826727201,19,0.607416879795396,0.312634304661897,0.335732544845266,-0.31626646677211,-0.265750444901122
3,"age × edu × arear","40至49歲 | 專科 | 高屏區",16.751878702288,0.64862936347279,13,0.415601023017903,0.275225386668733,0.787389840846377,-0.575681580008707,0.213928763000579
3,"age × edu × arear","40至49歲 | 專科 | 花東區",0.731820308931017,0.0283359347088368,2,0.0639386189258312,0.0927636506745026,0.146323641034075,2.27371063025401,4.16388968769195
3,"age × edu × arear","40至49歲 | 大學及以上 | 北北基宜蘭區",106.125077677081,4.10914159572944,265,8.47186700767263,2.07780713308026,4.00635660218137,-0.494345209413156,-0.0250137385518389
3,"age × edu × arear","40至49歲 | 大學及以上 | 桃竹苗區",49.4544903543586,1.91486788852152,105,3.35677749360614,2.32340593303872,1.89628698557715,0.213350512046361,-0.00970349080255507
3,"age × edu × arear","40至49歲 | 大學及以上 | 中彰投區",54.9047254563867,2.12589989202587,87,2.78132992327366,1.2173314067509,2.1747255003964,-0.427380653568379,0.0229670308341789
3,"age × edu × arear","40至49歲 | 大學及以上 | 雲嘉南區",35.6419828603673,1.38005038518281,70,2.23785166240409,1.30946262933518,1.56208727305346,-0.0511486802261054,0.131905972292842
3,"age × edu × arear","40至49歲 | 大學及以上 | 高屏區",31.0308683022123,1.20150895983523,78,2.49360613810742,1.43563085116251,1.109019088359,0.194856550515774,-0.0769780955182505
3,"age × edu × arear","40至49歲 | 大學及以上 | 花東區",4.33822494264526,0.167975194493585,13,0.415601023017903,0.371550553712468,0.0887081423129019,1.2119370353023,-0.471897368058774
3,"age × edu × arear","50至59歲 | 高中職及以下 | 北北基宜蘭區",82.9861029192584,3.21320516165475,33,1.05498721227621,3.69247237588844,2.97643383064809,0.149155497430757,-0.0736869633574002
3,"age × edu × arear","50至59歲 | 高中職及以下 | 桃竹苗區",48.6306248898234,1.88296798395884,11,0.351662404092072,1.4409447843458,2.06514381530932,-0.234748122845779,0.0967492983961763
3,"age × edu × arear","50至59歲 | 高中職及以下 | 中彰投區",45.8418480222319,1.77498710631277,15,0.479539641943734,1.72432212827896,1.55237077227855,-0.0285438569404903,-0.125418564023639
3,"age × edu × arear","50至59歲 | 高中職及以下 | 雲嘉南區",26.3957654189892,1.02203871138093,11,0.351662404092072,1.26353869683737,1.12999758022895,0.236292405333782,0.105630899931526
3,"age × edu × arear","50至59歲 | 高中職及以下 | 高屏區",43.4447091887231,1.68217037432901,13,0.415601023017903,1.5188436322575,1.79190788605613,-0.097092865600284,0.0652356701804938
3,"age × edu × arear","50至59歲 | 高中職及以下 | 花東區",5.33481537159641,0.206562974829255,2,0.0639386189258312,0.28340833717647,0.274949707769141,0.372019053321324,0.331069655616717
3,"age × edu × arear","50至59歲 | 專科 | 北北基宜蘭區",24.1734736924178,0.935992024100419,35,1.11892583120205,1.15959955487549,0.947853361449379,0.238898970309047,0.0126724769480378
3,"age × edu × arear","50至59歲 | 專科 | 桃竹苗區",19.2347860348108,0.744767034433614,8,0.255754475703325,0.346060154694623,0.524782390723492,-0.535344424907585,-0.295373765942014
3,"age × edu × arear","50至59歲 | 專科 | 中彰投區",13.1714156702919,0.509994557272557,11,0.351662404092072,0.411103934154398,0.505819935164854,-0.193905251944304,-0.00818562090158147
3,"age × edu × arear","50至59歲 | 專科 | 雲嘉南區",11.9827163229593,0.463968358377293,7,0.223785166240409,0.302804113464088,0.380264044691966,-0.347360422328947,-0.180409530464703
3,"age × edu × arear","50至59歲 | 專科 | 高屏區",14.2915854536905,0.553367305278909,10,0.319693094629156,0.59669202488064,0.806153697073286,0.078292879229456,0.456814830552678
3,"age × edu × arear","50至59歲 | 專科 | 花東區",6.03902155107496,0.233829696017153,3,0.0959079283887468,0.19010645512629,0.293048322686103,-0.186987545361455,0.253255372083304
3,"age × edu × arear","50至59歲 | 大學及以上 | 北北基宜蘭區",55.3878809689553,2.14460757599047,73,2.33375959079284,1.92812545189485,2.22906611301411,-0.100942534438095,0.0393818141692626
3,"age × edu × arear","50至59歲 | 大學及以上 | 桃竹苗區",18.6992139059753,0.724029789662801,13,0.415601023017903,0.576773071924199,0.714041450629973,-0.203384888081999,-0.013795480759818
3,"age × edu × arear","50至59歲 | 大學及以上 | 中彰投區",17.8053337950274,0.689418932117255,35,1.11892583120205,1.31997593298842,0.934677416953055,0.914620953234752,0.355746663472954
3,"age × edu × arear","50至59歲 | 大學及以上 | 雲嘉南區",15.9742631199248,0.61852024501637,20,0.639386189258312,0.588613187579088,0.628025975162936,-0.0483525926245002,0.0153685028471688
3,"age × edu × arear","50至59歲 | 大學及以上 | 高屏區",23.2844920211826,0.901570833152233,22,0.703324808184143,0.827542556117203,0.54837015880365,-0.0821103282325574,-0.391761425016002
3,"age × edu × arear","50至59歲 | 大學及以上 | 花東區",2.48461639780533,0.0962038456237398,4,0.127877237851662,0.227276117024443,0.0952960508653092,1.36244315963559,-0.00943615873715775
3,"age × edu × arear","60歲及以上 | 高中職及以下 | 北北基宜蘭區",175.844731648333,6.80867253077256,27,0.863171355498721,6.15344321387378,6.57297435694635,-0.0962345176592652,-0.0346173461509488
3,"age × edu × arear","60歲及以上 | 高中職及以下 | 桃竹苗區",93.5712448531892,3.6230597216652,6,0.191815856777494,1.55730443918752,3.34168150375614,-0.570168708543463,-0.0776631464909253
3,"age × edu × arear","60歲及以上 | 高中職及以下 | 中彰投區",110.258042078632,4.26916914348546,14,0.447570332480818,3.39229375903231,4.2681935573319,-0.205397199075895,-0.000228518974248472
3,"age × edu × arear","60歲及以上 | 高中職及以下 | 雲嘉南區",98.4106206466433,3.81043937598929,12,0.383631713554987,2.8525029527973,3.46680065977322,-0.251397891074775,-0.0901834886500067
3,"age × edu × arear","60歲及以上 | 高中職及以下 | 高屏區",102.088282005994,3.95283768181384,13,0.415601023017903,3.21565344075279,4.40079587898455,-0.186494943734393,0.113325725271155
3,"age × edu × arear","60歲及以上 | 高中職及以下 | 花東區",12.293422279866,0.475998830340302,1,0.0319693094629156,0.257382665353217,0.404918517593841,-0.459278786107084,-0.149328755063629
3,"age × edu × arear","60歲及以上 | 專科 | 北北基宜蘭區",28.1101326877575,1.08841866613478,16,0.51150895140665,2.52571097945661,1.68250581112489,1.32053258368491,0.545825943154622
3,"age × edu × arear","60歲及以上 | 專科 | 桃竹苗區",12.7885341401002,0.495169461674189,5,0.159846547314578,0.794940563528984,0.743674757545402,0.605390931906942,0.501859090887807
3,"age × edu × arear","60歲及以上 | 專科 | 中彰投區",14.7897846368058,0.57265747713185,6,0.191815856777494,0.980273902482874,0.475230471801048,0.711797962357128,-0.170131377344034
3,"age × edu × arear","60歲及以上 | 專科 | 雲嘉南區",8.09170716390122,0.313309268793393,6,0.191815856777494,0.966622418406329,0.370798661438185,2.0852021139654,0.183490877452152
3,"age × edu × arear","60歲及以上 | 專科 | 高屏區",12.2891399178066,0.475833018145375,0,0,0,0,-1,-1
3,"age × edu × arear","60歲及以上 | 專科 | 花東區",1.91736417957809,0.0742399541834915,0,0,0,0,-1,-1
3,"age × edu × arear","60歲及以上 | 大學及以上 | 北北基宜蘭區",45.6316624681474,1.76684876406591,17,0.543478260869565,2.52066671638214,1.51762272631252,0.426645430920483,-0.14105680283573
3,"age × edu × arear","60歲及以上 | 大學及以上 | 桃竹苗區",18.0622965693082,0.699368478892281,3,0.0959079283887468,0.480505127462648,0.527479967527579,-0.312944260479522,-0.245776749385321
3,"age × edu × arear","60歲及以上 | 大學及以上 | 中彰投區",14.9859765164087,0.580253987126157,7,0.223785166240409,1.19132803261345,0.779252780360686,1.05311477222894,0.342951186290193
3,"age × edu × arear","60歲及以上 | 大學及以上 | 雲嘉南區",7.30833307309308,0.282977182051829,10,0.319693094629156,1.55854327890756,0.650368227307688,4.50766414311845,1.29830625420734
3,"age × edu × arear","60歲及以上 | 大學及以上 | 高屏區",12.88833432503,0.49903370469886,8,0.255754475703325,1.38384769976484,0.643780838939554,1.77305457874818,0.290054825711705
3,"age × edu × arear","60歲及以上 | 大學及以上 | 花東區",5.31469653503909,0.205783977536956,1,0.0319693094629156,0.163052034499335,0.14799250775813,-0.207654374014357,-0.280835614465892
3,"age × edu × party_kmt","20至29歲 | 高中職及以下 | 0-4 冷淡",15.7143418237251,0.60845614486956,19,0.607416879795396,1.66215507861867,1.20458892610041,1.73175822552503,0.979746504752035
3,"age × edu × party_kmt","20至29歲 | 高中職及以下 | 5 中間",40.665963352042,1.57457789617592,11,0.351662404092072,1.2567080860549,1.72735225826872,-0.201876204977225,0.0970255980754188
3,"age × edu × party_kmt","20至29歲 | 高中職及以下 | 6-10 溫暖",25.7329144388399,0.996373255167183,5,0.159846547314578,0.472806423318956,0.547784396726881,-0.525472586837327,-0.450221697655898
3,"age × edu × party_kmt","20至29歲 | 專科 | 0-4 冷淡",4.94349912939158,0.191411288883533,11,0.351662404092072,0.143029972889786,0.330808306739966,-0.252761037637576,0.728259125517154
3,"age × edu × party_kmt","20至29歲 | 專科 | 5 中間",11.9962553660263,0.464492587393194,3,0.0959079283887468,0.117821930482148,0.291949029027775,-0.746342710992692,-0.371466764052707
3,"age × edu × party_kmt","20至29歲 | 專科 | 6-10 溫暖",4.60556995319416,0.178326739362178,0,0,0,0,-1,-1
3,"age × edu × party_kmt","20至29歲 | 大學及以上 | 0-4 冷淡",130.979890096556,5.07151491787375,536,17.1355498721228,4.17105223206601,4.0425114116689,-0.177552999525684,-0.202898645250611
3,"age × edu × party_kmt","20至29歲 | 大學及以上 | 5 中間",86.8391431034657,3.3623941001931,115,3.67647058823529,4.30326083396488,3.53092670671138,0.279820480804956,0.0501227998551999
3,"age × edu × party_kmt","20至29歲 | 大學及以上 | 6-10 溫暖",44.1451159432175,1.7092899825481,110,3.51662404092072,2.03000235507138,2.48091587722264,0.187629001396934,0.451430653986664
3,"age × edu × party_kmt","30至39歲 | 高中職及以下 | 0-4 冷淡",24.1171028414572,0.933809356124676,37,1.18286445012788,2.81447881148483,1.12404206117876,2.01397581104238,0.203716854844495
3,"age × edu × party_kmt","30至39歲 | 高中職及以下 | 5 中間",41.0365578132505,1.58892723894231,10,0.319693094629156,1.17567738582782,1.40177698945637,-0.260081042722625,-0.117784027423764
3,"age × edu × party_kmt","30至39歲 | 高中職及以下 | 6-10 溫暖",10.889764606686,0.421649488438483,9,0.28772378516624,0.908551436132343,0.493886912122169,1.15475521978463,0.171321027688676
3,"age × edu × party_kmt","30至39歲 | 專科 | 0-4 冷淡",11.8203255700986,0.457680621190686,23,0.735294117647059,0.196416458961454,0.337544218183377,-0.570843837673389,-0.262489599613736
3,"age × edu × party_kmt","30至39歲 | 專科 | 5 中間",14.2471060925105,0.55164507338823,15,0.479539641943734,0.660411138893485,0.725375292429711,0.197166748607414,0.314931153059016
3,"age × edu × party_kmt","30至39歲 | 專科 | 6-10 溫暖",6.31180276314358,0.244391729511774,10,0.319693094629156,0.197061179298744,0.171729603006104,-0.1936667427641,-0.297318271165841
3,"age × edu × party_kmt","30至39歲 | 大學及以上 | 0-4 冷淡",176.814676126148,6.84622858525633,589,18.8299232736573,3.52965921516304,6.71257321841699,-0.48443742840192,-0.0195224809068134
3,"age × edu × party_kmt","30至39歲 | 大學及以上 | 5 中間",92.2115508238637,3.57041264318327,167,5.33887468030691,4.98024733890818,3.61309172682889,0.39486603836019,0.0119535437247312
3,"age × edu × party_kmt","30至39歲 | 大學及以上 | 6-10 溫暖",52.5958871847532,2.03650213998229,135,4.31585677749361,2.18874391134811,2.07122685439565,0.0747564995768445,0.0170511553764773
3,"age × edu × party_kmt","40至49歲 | 高中職及以下 | 0-4 冷淡",60.0003604201323,2.32320184972047,63,2.01406649616368,5.20616917029315,2.50685798441029,1.24094568920886,0.0790530253373884
3,"age × edu × party_kmt","40至49歲 | 高中職及以下 | 5 中間",66.8409330229283,2.58806744073833,21,0.671355498721228,2.35514265635437,2.60577918838427,-0.0899995033813767,0.00684361905224941
3,"age × edu × party_kmt","40至49歲 | 高中職及以下 | 6-10 溫暖",45.0039345439131,1.74254326549073,23,0.735294117647059,2.29591605833372,1.64147874887603,0.317566171125831,-0.057998282519682
3,"age × edu × party_kmt","40至49歲 | 專科 | 0-4 冷淡",38.1011629281203,1.47526934123898,65,2.07800511508951,0.562821386147647,1.03240953880728,-0.618495843155685,-0.300189118049298
3,"age × edu × party_kmt","40至49歲 | 專科 | 5 中間",24.6028151184247,0.952616037490948,27,0.863171355498721,1.07369878242647,1.20564820405556,0.127105507539471,0.265618209862458
3,"age × edu × party_kmt","40至49歲 | 專科 | 6-10 溫暖",21.1390726261093,0.818500627037472,28,0.895140664961637,0.57070591686992,0.970285221091595,-0.302742236208706,0.185442245296136
3,"age × edu × party_kmt","40至49歲 | 大學及以上 | 0-4 冷淡",152.077465356873,5.88840877528032,353,11.2851662404092,2.74796514329682,6.09507868375402,-0.533326362321711,0.0350977515931486
3,"age × edu × party_kmt","40至49歲 | 大學及以上 | 5 中間",65.1055835386268,2.52087505883244,122,3.9002557544757,3.77589919670197,2.27613376862368,0.497852574435325,-0.0970858469765291
3,"age × edu × party_kmt","40至49歲 | 大學及以上 | 6-10 溫暖",64.3123206975513,2.49016008167569,143,4.57161125319693,2.21132416708125,2.46597113950257,-0.111975096157993,-0.00971381010848056
3,"age × edu × party_kmt","50至59歲 | 高中職及以下 | 0-4 冷淡",87.3806069656323,3.38335947168977,34,1.08695652173913,3.62604796437122,2.88140531289501,0.07173003481071,-0.148359688940787
3,"age × edu × party_kmt","50至59歲 | 高中職及以下 | 5 中間",77.7620051751083,3.01092915102169,19,0.607416879795396,2.50815433411432,2.9817291118149,-0.166983277151096,-0.00969801604162194
3,"age × edu × party_kmt","50至59歲 | 高中職及以下 | 6-10 溫暖",87.4912536698817,3.38764368975409,32,1.0230179028133,3.789327656299,3.92766916758028,0.118573263109046,0.159410353414527
3,"age × edu × party_kmt","50至59歲 | 專科 | 0-4 冷淡",21.7493210648589,0.842129323461375,26,0.831202046035806,0.724571358531084,0.834753306381669,-0.139596094869487,-0.00875877002998632
3,"age × edu × party_kmt","50至59歲 | 專科 | 5 中間",30.8584329003698,1.19483229586667,19,0.607416879795396,1.13006343572274,1.17694897611753,-0.0542074903465402,-0.0149672216017296
3,"age × edu × party_kmt","50至59歲 | 專科 | 6-10 溫暖",36.2852447600164,1.4049573561519,29,0.927109974424552,1.1517314429417,1.44621946928988,-0.180237437173018,0.0293689434467933
3,"age × edu × party_kmt","50至59歲 | 大學及以上 | 0-4 冷淡",55.7296857849235,2.15784218950179,81,2.58951406649616,1.9670632816136,2.66508805859936,-0.0884118907380551,0.235070883109707
3,"age × edu × party_kmt","50至59歲 | 大學及以上 | 5 中間",33.9219698434792,1.31345182820086,40,1.27877237851662,1.95301994030494,1.36253598266315,0.486936862374432,0.0373703499499742
3,"age × edu × party_kmt","50至59歲 | 大學及以上 | 6-10 溫暖",43.9841445804679,1.70305720386022,46,1.47058823529412,1.54822309560966,1.12185312416652,-0.0909153890424813,-0.341271026232305
3,"age × edu × party_kmt","60歲及以上 | 高中職及以下 | 0-4 冷淡",265.174481318895,10.2675024147357,42,1.34271099744246,9.64835339935527,10.1909072533313,-0.0603018134665226,-0.00745996039839816
3,"age × edu × party_kmt","60歲及以上 | 高中職及以下 | 5 中間",165.073522066485,6.39161346897597,13,0.415601023017903,3.39578147483369,6.1970217804968,-0.468712948410232,-0.0304448461133774
3,"age × edu × party_kmt","60歲及以上 | 高中職及以下 | 6-10 溫暖",162.218340127278,6.28106140035494,18,0.575447570332481,4.38444559680793,6.06743544055785,-0.301957851174617,-0.0340111242639687
3,"age × edu × party_kmt","60歲及以上 | 專科 | 0-4 冷淡",28.7026118900828,1.11135934130947,15,0.479539641943734,2.30614176904145,1.37094379834845,1.07506400794203,0.233573829264905
3,"age × edu × party_kmt","60歲及以上 | 專科 | 5 中間",18.917505595637,0.732481999843701,4,0.127877237851662,0.694895957253623,0.604278636297049,-0.05131326448718,-0.175025957735491
3,"age × edu × party_kmt","60歲及以上 | 專科 | 6-10 溫暖",30.3665452402296,1.1757865049099,14,0.447570332480818,2.26651013757972,1.29698726726402,0.927654491793476,0.103080586354756
3,"age × edu × party_kmt","60歲及以上 | 大學及以上 | 0-4 冷淡",35.7117040042858,1.3827499738083,24,0.767263427109974,3.63499835311081,1.61141151612899,1.62881824043683,0.16536723677594
3,"age × edu × party_kmt","60歲及以上 | 大學及以上 | 5 中間",25.3773185832757,0.9826046553852,8,0.255754475703325,1.41913898378824,1.09937382445599,0.444262426409849,0.118836368656339
3,"age × edu × party_kmt","60歲及以上 | 大學及以上 | 6-10 溫暖",43.1022768994648,1.66891146517849,14,0.447570332480818,2.24380555273092,1.55571170762117,0.344472489732067,-0.0678284977479087
3,"age × edu × party_dpp","20至29歲 | 高中職及以下 | 0-4 冷淡",41.6876114280632,1.61413590355048,20,0.639386189258312,1.75417702963297,1.72421761638857,0.0867591915739294,0.0681985405293065
3,"age × edu × party_dpp","20至29歲 | 高中職及以下 | 5 中間",32.1852359709825,1.24620584306336,5,0.159846547314578,0.598790559771731,0.833341623268613,-0.519509105895528,-0.331296969993227
3,"age × edu × party_dpp","20至29歲 | 高中職及以下 | 6-10 溫暖",8.24037221556128,0.319065549598826,10,0.319693094629156,1.03870199858782,0.922166341438827,2.25545017283698,1.89020968449369
3,"age × edu × party_dpp","20至29歲 | 專科 | 0-4 冷淡",6.15954751476539,0.238496437013778,7,0.223785166240409,0.0368533336997909,0.215948874137817,-0.845476376245982,-0.0945404600516468
3,"age × edu × party_dpp","20至29歲 | 專科 | 5 中間",11.9962553660263,0.464492587393194,2,0.0639386189258312,0.0771459801903535,0.157956487481549,-0.833913430947716,-0.659937549556977
3,"age × edu × party_dpp","20至29歲 | 專科 | 6-10 溫暖",3.38952156782035,0.131241591231933,5,0.159846547314578,0.146852589481789,0.248851974148374,0.118948559700619,0.896136520537896
3,"age × edu × party_dpp","20至29歲 | 大學及以上 | 0-4 冷淡",115.989371260927,4.49108505306384,423,13.5230179028133,1.83795028993313,3.8394263513707,-0.590755848928029,-0.145100503329051
3,"age × edu × party_dpp","20至29歲 | 大學及以上 | 5 中間",81.6114537898881,3.15997902471644,132,4.21994884910486,4.3646222583715,4.00521641502983,0.381218743615919,0.267481962285883
3,"age × edu × party_dpp","20至29歲 | 大學及以上 | 6-10 溫暖",64.3633240924242,2.49213492283466,206,6.58567774936061,4.30174287279764,2.20971122920239,0.726127599827004,-0.11332600456119
3,"age × edu × party_dpp","30至39歲 | 高中職及以下 | 0-4 冷淡",27.2406290451214,1.05475166052404,31,0.991048593350384,2.31685652412286,0.798673561073108,1.19658959623895,-0.242785206257652
3,"age × edu × party_dpp","30至39歲 | 高中職及以下 | 5 中間",37.4459073142467,1.44989797607498,9,0.28772378516624,0.986154612278964,1.23602043289586,-0.319845514269505,-0.147512133066158
3,"age × edu × party_dpp","30至39歲 | 高中職及以下 | 6-10 溫暖",11.3568889020255,0.439736446906453,16,0.51150895140665,1.59569649704316,0.985011968788328,2.62875651601974,1.24000529343858
3,"age × edu × party_dpp","30至39歲 | 專科 | 0-4 冷淡",13.8921026055498,0.537899409999054,25,0.79923273657289,0.184593759384383,0.368189659343826,-0.656824759512736,-0.315504623170206
3,"age × edu × party_dpp","30至39歲 | 專科 | 5 中間",12.6439857571996,0.489572577452538,11,0.351662404092072,0.470969216491202,0.712655197094302,-0.0379991891256204,0.455668127497176
3,"age × edu × party_dpp","30至39歲 | 專科 | 6-10 溫暖",5.84314606300328,0.226245436639098,12,0.383631713554987,0.3983258012781,0.153804257181063,0.760591538089232,-0.320188466711889
3,"age × edu × party_dpp","30至39歲 | 大學及以上 | 0-4 冷淡",139.004808233062,5.38223812900186,492,15.7289002557545,1.99440340113541,5.79857116883201,-0.62944720145534,0.0773531437761491
3,"age × edu × party_dpp","30至39歲 | 大學及以上 | 5 中間",77.9149258588514,3.01685020904276,163,5.21099744245524,4.33675519781867,3.02921004311798,0.437510945959335,0.00409693329757624
3,"age × edu × party_dpp","30至39歲 | 大學及以上 | 6-10 溫暖",104.702380042851,4.05405503037728,236,7.54475703324808,4.36749186646525,3.56911058769154,0.0773144009490192,-0.119619600388258
3,"age × edu × party_dpp","40至49歲 | 高中職及以下 | 0-4 冷淡",62.243630046593,2.41006079705217,52,1.66240409207161,4.09333708161073,2.00280999715475,0.698437270386473,-0.168979471553389
3,"age × edu × party_dpp","40至49歲 | 高中職及以下 | 5 中間",60.8189498729282,2.3548974681731,22,0.703324808184143,2.44296277013146,2.65176201716891,0.0373966608519381,0.126062621837252
3,"age × edu × party_dpp","40至49歲 | 高中職及以下 | 6-10 溫暖",48.7826480674526,1.88885429072425,33,1.05498721227621,3.32092803323904,2.09954390734693,0.758170574378016,0.111543604849417
3,"age × edu × party_dpp","40至49歲 | 專科 | 0-4 冷淡",34.9872754027875,1.3547002445199,66,2.10997442455243,0.51931988751344,1.23589606175322,-0.616653285762501,-0.0876977643189162
3,"age × edu × party_dpp","40至49歲 | 專科 | 5 中間",20.6635721043135,0.800089342771109,21,0.671355498721228,0.904374655940548,1.0345525055458,0.13034208505796,0.293046226515932
3,"age × edu × party_dpp","40至49歲 | 專科 | 6-10 溫暖",28.1922031655535,1.09159641847639,33,1.05498721227621,0.783531541990052,0.93789439665543,-0.282214993812756,-0.140804805896574
3,"age × edu × party_dpp","40至49歲 | 大學及以上 | 0-4 冷淡",124.00711426004,4.80153044431973,340,10.8695652173913,1.82154770213174,5.30200588660742,-0.620631854102549,0.10423248339074
3,"age × edu × party_dpp","40至49歲 | 大學及以上 | 5 中間",56.2925733093023,2.17963708087685,103,3.29283887468031,3.04001536351788,1.6892386403419,0.394734651098384,-0.224990868818246
3,"age × edu × party_dpp","40至49歲 | 大學及以上 | 6-10 溫暖",101.195682023709,3.91827639059185,175,5.59462915601023,3.87362544143042,3.84593906493095,-0.0113955588402699,-0.0184615168635343
3,"age × edu × party_dpp","50至59歲 | 高中職及以下 | 0-4 冷淡",101.343933428858,3.92401665508783,43,1.37468030690537,4.59437913633256,3.98875872999078,0.170835788980546,0.0164989296921083
3,"age × edu × party_dpp","50至59歲 | 高中職及以下 | 5 中間",63.9621052204512,2.47659980906228,22,0.703324808184143,2.93309246734,3.14849085684475,0.184322334439072,0.271295768223799
3,"age × edu × party_dpp","50至59歲 | 高中職及以下 | 6-10 溫暖",87.3278271613129,3.38131584831544,20,0.639386189258312,2.39605835111198,2.65355400545465,-0.291382864364566,-0.215230364600028
3,"age × edu × party_dpp","50至59歲 | 專科 | 0-4 冷淡",40.3852323323757,1.56370804773508,41,1.31074168797954,1.21297728420336,1.30043636195184,-0.224294275417801,-0.168363708407441
3,"age × edu × party_dpp","50至59歲 | 專科 | 5 中間",23.3036901180106,0.902314179587982,12,0.383631713554987,0.716415482890675,0.726913992738712,-0.206024354823054,-0.194389261320666
3,"age × edu × party_dpp","50至59歲 | 專科 | 6-10 溫暖",25.2040762748589,0.975896748156882,21,0.671355498721228,1.0769734701015,1.43057139709853,0.103573172198302,0.465904461512308
3,"age × edu × party_dpp","50至59歲 | 大學及以上 | 0-4 冷淡",61.3935092361206,2.37714429079211,108,3.45268542199489,2.84062345736733,2.5857505472298,0.194973089505132,0.0877549828362258
3,"age × edu × party_dpp","50至59歲 | 大學及以上 | 5 中間",23.4499852885377,0.907978699074095,22,0.703324808184143,1.19283089794881,0.469275546923616,0.313721235052306,-0.483164585906965
3,"age × edu × party_dpp","50至59歲 | 大學及以上 | 6-10 溫暖",48.7923056842124,1.88922823169666,37,1.18286445012788,1.43485196221206,2.09445107127562,-0.240508934739206,0.108627870437155
3,"age × edu × party_dpp","60歲及以上 | 高中職及以下 | 0-4 冷淡",167.626053438964,6.49044696871646,37,1.18286445012788,8.41120056536309,7.20844848492476,0.295935488866103,0.11062435602186
3,"age × edu × party_dpp","60歲及以上 | 高中職及以下 | 5 中間",139.42837956523,5.39863872552309,9,0.28772378516624,2.40302230479027,4.90852984027748,-0.554883661055235,-0.0907837901670518
3,"age × edu × party_dpp","60歲及以上 | 高中職及以下 | 6-10 溫暖",285.411910508464,11.0510915898271,27,0.863171355498721,6.61435760084353,10.3383861491838,-0.401474727896357,-0.0644918590032671
3,"age × edu × party_dpp","60歲及以上 | 專科 | 0-4 冷淡",37.6686597039095,1.45852290365993,25,0.79923273657289,3.9284085283236,1.94942274428918,1.69341572797101,0.336573282049546
3,"age × edu × party_dpp","60歲及以上 | 專科 | 5 中間",11.0717214707365,0.428694821502676,3,0.0959079283887468,0.523315963286574,0.506066896848474,0.220719115412285,0.180482878413576
3,"age × edu × party_dpp","60歲及以上 | 專科 | 6-10 溫暖",29.2462815513034,1.13241012090047,5,0.159846547314578,0.815823372264623,0.816720060771864,-0.279568985469772,-0.278777144695223
3,"age × edu × party_dpp","60歲及以上 | 大學及以上 | 0-4 冷淡",61.1542404599007,2.36787985205204,30,0.959079283887468,4.51998881633399,1.74806075204065,0.908875913791364,-0.261761212028663
3,"age × edu × party_dpp","60歲及以上 | 大學及以上 | 5 中間",15.256158658641,0.590715385161107,5,0.159846547314578,0.876095998706897,0.757333233897742,0.483110175754028,0.28206112947472
3,"age × edu × party_dpp","60歲及以上 | 大學及以上 | 6-10 溫暖",27.7809003684847,1.07567085715885,11,0.351662404092072,1.90185807458908,1.76110306226776,0.768066934166483,0.637213698360605
3,"age × edu × party_tpp","20至29歲 | 高中職及以下 | 0-4 冷淡",14.5106858638208,0.561850828953184,15,0.479539641943734,1.38537210830842,1.31854763077501,1.46572940168049,1.34679306824494
3,"age × edu × party_tpp","20至29歲 | 高中職及以下 | 5 中間",34.1902364687376,1.32383905780505,12,0.383631713554987,1.29513698494274,1.41503240719265,-0.0216809382478111,0.0688855256610986
3,"age × edu × party_tpp","20至29歲 | 高中職及以下 | 6-10 溫暖",33.4122972820486,1.29371740945443,8,0.255754475703325,0.711160494741367,0.746145543128361,-0.450296881263066,-0.423254616753579
3,"age × edu × party_tpp","20至29歲 | 專科 | 0-4 冷淡",8.22799925023956,0.318586470877954,7,0.223785166240409,0.11696353168499,0.210408026205678,-0.632867235816183,-0.339557559911945
3,"age × edu × party_tpp","20至29歲 | 專科 | 5 中間",10.334571147886,0.400152509730268,2,0.0639386189258312,0.0771459801903535,0.157956487481549,-0.80720855595194,-0.605259285795749
3,"age × edu × party_tpp","20至29歲 | 專科 | 6-10 溫暖",2.98275405048647,0.115491635030684,5,0.159846547314578,0.0667423914965895,0.254392822080514,-0.422101942890864,1.2026947840242
3,"age × edu × party_tpp","20至29歲 | 大學及以上 | 0-4 冷淡",104.277273650911,4.03759499665137,352,11.2531969309463,3.56059717250047,3.53968132682147,-0.118139096305226,-0.123319369635352
3,"age × edu × party_tpp","20至29歲 | 大學及以上 | 5 中間",83.7241964339278,3.24178399362409,180,5.75447570332481,4.04841614174967,3.34165960101982,0.248823533496388,0.0308088409320801
3,"age × edu × party_tpp","20至29歲 | 大學及以上 | 6-10 溫暖",73.9626790584,2.86382001033949,229,7.32097186700767,2.89530210685213,3.17301306776164,0.0109930429981575,0.107965254906329
3,"age × edu × party_tpp","30至39歲 | 高中職及以下 | 0-4 冷淡",26.90971219016,1.04193862666612,32,1.0230179028133,2.72935937461864,1.62116216587045,1.61950109609788,0.555909459905192
3,"age × edu × party_tpp","30至39歲 | 高中職及以下 | 5 中間",31.2462609067703,1.20984891802583,13,0.415601023017903,1.30284417107884,1.20709387162785,0.0768651785090285,-0.00227718218112918
3,"age × edu × party_tpp","30至39歲 | 高中職及以下 | 6-10 溫暖",17.8874521644634,0.692598538813514,11,0.351662404092072,0.866504087747506,0.191449925258999,0.251091417593675,-0.723577347438575
3,"age × edu × party_tpp","30至39歲 | 專科 | 0-4 冷淡",7.96671417494678,0.308469565479818,21,0.671355498721228,0.319057366100351,0.245383150336176,0.0343236474692869,-0.204514228317831
3,"age × edu × party_tpp","30至39歲 | 專科 | 5 中間",15.3520891747671,0.594429795390452,17,0.543478260869565,0.604865862756843,0.803374089772868,0.0175564338250169,0.351503736862939
3,"age × edu × party_tpp","30至39歲 | 專科 | 6-10 溫暖",9.06043107603874,0.350818063220421,10,0.319693094629156,0.12996554829649,0.185891873510149,-0.629535756786753,-0.470118865021635
3,"age × edu × party_tpp","30至39歲 | 大學及以上 | 0-4 冷淡",134.583154448031,5.2110325865638,447,14.2902813299233,4.0193972809236,4.75941792107293,-0.22867546610872,-0.0866651010119032
3,"age × edu × party_tpp","30至39歲 | 大學及以上 | 5 中間",106.103036277972,4.10828815720305,181,5.78644501278772,3.7297223467057,3.87048519211119,-0.0921468494934091,-0.057883711169315
3,"age × edu × party_tpp","30至39歲 | 大學及以上 | 6-10 溫暖",80.9359234087609,3.13382262465505,263,8.4079283887468,2.94953083779004,3.76698868645742,-0.058807344555848,0.202042724696989
3,"age × edu × party_tpp","40至49歲 | 高中職及以下 | 0-4 冷淡",72.4021805569584,2.80339782321178,53,1.69437340153453,4.54621717856023,2.88660952145859,0.621681068922193,0.0296824437679972
3,"age × edu × party_tpp","40至49歲 | 高中職及以下 | 5 中間",64.8550135104733,2.51117303789765,27,0.863171355498721,2.70335210308542,2.06850884833445,0.0765295988318885,-0.176277852176129
3,"age × edu × party_tpp","40至49歲 | 高中職及以下 | 6-10 溫暖",34.588033919542,1.33924169484009,27,0.863171355498721,2.60765860333559,1.79899755187755,0.947115754671112,0.343295656645722
3,"age × edu × party_tpp","40至49歲 | 專科 | 0-4 冷淡",37.5823133877752,1.45517959172055,66,2.10997442455243,0.834602744232269,0.980390175648961,-0.426460658889899,-0.326275477455133
3,"age × edu × party_tpp","40至49歲 | 專科 | 5 中間",25.2555819246196,0.977891036523774,34,1.08695652173913,1.05292200484554,1.61083870408842,0.076727330059683,0.647257868130847
3,"age × edu × party_tpp","40至49歲 | 專科 | 6-10 溫暖",21.0051553602595,0.813315377523081,20,0.639386189258312,0.319701336366233,0.617114084217064,-0.606915908389843,-0.241236424059189
3,"age × edu × party_tpp","40至49歲 | 大學及以上 | 0-4 冷淡",136.669626599951,5.29182036731694,306,9.78260869565217,3.60895961052438,5.70150007095806,-0.318011693515932,0.0774175378611416
3,"age × edu × party_tpp","40至49歲 | 大學及以上 | 5 中間",73.345715539299,2.83993130735923,135,4.31585677749361,2.95101003851755,2.63928592868272,0.0391131753329689,-0.0706514901105414
3,"age × edu × party_tpp","40至49歲 | 大學及以上 | 6-10 溫暖",71.4800274538008,2.76769224111227,177,5.65856777493606,2.17521885803811,2.4963975922395,-0.214067653286502,-0.0980219711002775
3,"age × edu × party_tpp","50至59歲 | 高中職及以下 | 0-4 冷淡",146.958422958365,5.69020048643441,49,1.56649616368286,5.53472733497016,5.38846802816565,-0.0273229654798447,-0.0530266831525692
3,"age × edu × party_tpp","50至59歲 | 高中職及以下 | 5 中間",75.8208632795487,2.93576852847282,22,0.703324808184143,2.7759295649182,2.90918594967901,-0.0544453563025864,-0.00905472571696049
3,"age × edu × party_tpp","50至59歲 | 高中職及以下 | 6-10 溫暖",29.8545795727088,1.15596329755832,14,0.447570332480818,1.61287305489618,1.49314961444551,0.395263204552397,0.291692926236855
3,"age × edu × party_tpp","50至59歲 | 專科 | 0-4 冷淡",38.9559781712048,1.50836761498263,38,1.21483375959079,1.51585975437436,1.58673921078584,0.00496705134564356,0.0519578881333302
3,"age × edu × party_tpp","50至59歲 | 專科 | 5 中間",34.2459840975745,1.32599759474591,15,0.479539641943734,0.720518565460019,1.04679210159398,-0.456621514009542,-0.2105625939732
3,"age × edu × party_tpp","50至59歲 | 專科 | 6-10 溫暖",15.6910364564659,0.607553765751403,21,0.671355498721228,0.76998791736115,0.824390439409256,0.267357657488722,0.356901209211791
3,"age × edu × party_tpp","50至59歲 | 大學及以上 | 0-4 冷淡",71.3663705901541,2.76329147028342,99,3.16496163682864,2.97428741391265,2.99633389777915,0.076356745532743,0.0843350873412674
3,"age × edu × party_tpp","50至59歲 | 大學及以上 | 5 中間",34.3522540869042,1.33011234729159,39,1.24680306905371,1.67293299459615,1.61384532194065,0.257738113628238,0.213315044572596
3,"age × edu × party_tpp","50至59歲 | 大學及以上 | 6-10 溫暖",27.9171755318124,1.08094740398785,29,0.927109974424552,0.821085909019398,0.539297945709232,-0.240401608819976,-0.501087709059995
3,"age × edu × party_tpp","60歲及以上 | 高中職及以下 | 0-4 冷淡",399.850870216826,15.4821450203885,47,1.50255754475703,11.0419375923469,14.1968556720836,-0.286795364737528,-0.0830175241616913
3,"age × edu × party_tpp","60歲及以上 | 高中職及以下 | 5 中間",134.415475711331,5.20454009970984,17,0.543478260869565,4.24896977162426,5.66935831116386,-0.183603221375671,0.0893101412514687
3,"age × edu × party_tpp","60歲及以上 | 高中職及以下 | 6-10 溫暖",58.1999975845008,2.25349216396826,9,0.28772378516624,2.13767310702572,2.58915049113852,-0.051395367063796,0.148950297026633
3,"age × edu × party_tpp","60歲及以上 | 專科 | 0-4 冷淡",46.9362861819288,1.81736353104103,25,0.79923273657289,3.96154884687375,2.50862931995176,1.17983291686528,0.380367371251665
3,"age × edu × party_tpp","60歲及以上 | 專科 | 5 中間",19.8143503735024,0.767207648694134,4,0.127877237851662,0.684754872101745,0.388493140691324,-0.10747126509066,-0.493627127737088
3,"age × edu × party_tpp","60歲及以上 | 專科 | 6-10 溫暖",11.2360261705182,0.435056666327906,4,0.127877237851662,0.6212441448993,0.375087241266442,0.427961442684946,-0.137842790842939
3,"age × edu × party_tpp","60歲及以上 | 大學及以上 | 0-4 冷淡",63.1162355920835,2.44384790771559,30,0.959079283887468,4.586199578356,2.79496077037379,0.876630523477625,0.14367214160492
3,"age × edu × party_tpp","60歲及以上 | 大學及以上 | 5 中間",25.8997170278475,1.00283181775926,11,0.351662404092072,1.90527444765988,1.03188589485263,0.899894293259516,0.028972033574172
3,"age × edu × party_tpp","60歲及以上 | 大學及以上 | 6-10 溫暖",15.1753468670955,0.587586368897152,5,0.159846547314578,0.806468863614091,0.439650382979739,0.372511185253945,-0.25176892070365
3,"age × arear × party_kmt","20至29歲 | 北北基宜蘭區 | 0-4 冷淡",36.6742842110279,1.42002088520198,247,7.89641943734015,1.66390560026074,1.2112561591804,0.171747273297368,-0.147015250407315
3,"age × arear × party_kmt","20至29歲 | 北北基宜蘭區 | 5 中間",29.3967911657657,1.13823782280544,48,1.53452685421995,1.77284018947623,1.45309781331261,0.557530556405749,0.276620565754107
3,"age × arear × party_kmt","20至29歲 | 北北基宜蘭區 | 6-10 溫暖",19.485025727725,0.75445626485458,47,1.50255754475703,0.664667709292834,0.964514656748115,-0.119010948340462,0.278423550414845
3,"age × arear × party_kmt","20至29歲 | 桃竹苗區 | 0-4 冷淡",28.3207352670677,1.09657315551423,93,2.97314578005115,1.53009241529814,1.16994790934931,0.395340025974479,0.0669127759202434
3,"age × arear × party_kmt","20至29歲 | 桃竹苗區 | 5 中間",25.3598903144942,0.981929836334329,20,0.639386189258312,1.07246522939681,0.854226821237355,0.0922014890600137,-0.130053095823736
3,"age × arear × party_kmt","20至29歲 | 桃竹苗區 | 6-10 溫暖",10.5673097265841,0.409164100539834,24,0.767263427109974,0.77287455002927,0.68844564125375,0.888910950422021,0.682566091075545
3,"age × arear × party_kmt","20至29歲 | 中彰投區 | 0-4 冷淡",27.5406416344671,1.06636808745259,71,2.26982097186701,0.886663903292775,0.700989762242512,-0.168519844389853,-0.342638090457975
3,"age × arear × party_kmt","20至29歲 | 中彰投區 | 5 中間",33.4703824056623,1.29596645372142,25,0.79923273657289,1.18566497157485,1.44245060127074,-0.0851113713860735,0.113030817370836
3,"age × arear × party_kmt","20至29歲 | 中彰投區 | 6-10 溫暖",13.028631527262,0.504465984062747,19,0.607416879795396,0.317323467508806,0.585165286989297,-0.37097152725101,0.159969761046391
3,"age × arear × party_kmt","20至29歲 | 雲嘉南區 | 0-4 冷淡",32.2860184970422,1.25010812213838,66,2.10997442455243,0.516543625215886,1.15449623517314,-0.586800840608645,-0.0764828939769617
3,"age × arear × party_kmt","20至29歲 | 雲嘉南區 | 5 中間",19.0608689910873,0.738033001590356,8,0.255754475703325,0.421539279147635,0.703554010370166,-0.428834106009788,-0.0467174112077553
3,"age × arear × party_kmt","20至29歲 | 雲嘉南區 | 6-10 溫暖",14.4072557327034,0.55784603514451,10,0.319693094629156,0.360799673743362,0.479722009415716,-0.353227143310435,-0.140045856395763
3,"age × arear × party_kmt","20至29歲 | 高屏區 | 0-4 冷淡",22.9723625062542,0.889485241309843,80,2.55754475703325,1.10016629968141,1.1457738272051,0.236857283951475,0.28813135282363
3,"age × arear × party_kmt","20至29歲 | 高屏區 | 5 中間",30.6677094891635,1.18744752386535,26,0.831202046035806,1.06768259000483,0.8898769512697,-0.100859138154305,-0.250596819324701
3,"age × arear × party_kmt","20至29歲 | 高屏區 | 6-10 溫暖",9.17070028898839,0.355087664897779,14,0.447570332480818,0.350680691580411,0.239717716200245,-0.0124109445441779,-0.324905537709247
3,"age × arear × party_kmt","20至29歲 | 花東區 | 0-4 冷淡",3.84368893381339,0.148826860009813,9,0.28772378516624,0.278865439825515,0.19544475135883,0.873757464258317,0.313235738131835
3,"age × arear × party_kmt","20至29歲 | 花東區 | 5 中間",1.54571945536117,0.0598499454453122,2,0.0639386189258312,0.157598590901586,0.207021796547316,1.63322864756146,2.45901395576846
3,"age × arear × party_kmt","20至29歲 | 花東區 | 6-10 溫暖",7.82467733198867,0.302969927578009,1,0.0319693094629156,0.0364626862356525,0.0711349633423973,-0.879649156841601,-0.76520784121691
3,"age × arear × party_kmt","30至39歲 | 北北基宜蘭區 | 0-4 冷淡",88.9123208045155,3.44266712249084,281,8.98337595907928,2.1933883040859,3.62764114657203,-0.362881095951286,0.0537298604540524
3,"age × arear × party_kmt","30至39歲 | 北北基宜蘭區 | 5 中間",51.120673822102,1.97938217622131,65,2.07800511508951,1.83975880880905,1.54056139499576,-0.0705388626257127,-0.221695833425794
3,"age × arear × party_kmt","30至39歲 | 北北基宜蘭區 | 6-10 溫暖",26.576890572343,1.02905184077475,56,1.79028132992327,0.526045859770309,1.15267594740965,-0.488805287618689,0.120133992998667
3,"age × arear × party_kmt","30至39歲 | 桃竹苗區 | 0-4 冷淡",19.4665584602205,0.753741215982786,88,2.81329923273657,1.05749859039597,0.791581693559157,0.40299955471736,0.0502035403849206
3,"age × arear × party_kmt","30至39歲 | 桃竹苗區 | 5 中間",25.9521319136594,1.00486131156261,37,1.18286445012788,1.62703635464743,0.980276012199964,0.619165088680057,-0.0244663607601837
3,"age × arear × party_kmt","30至39歲 | 桃竹苗區 | 6-10 溫暖",17.4996709515964,0.677583728490521,28,0.895140664961637,0.916663184448438,0.680903165168349,0.352841200142931,0.00489893209983432
3,"age × arear × party_kmt","30至39歲 | 中彰投區 | 0-4 冷淡",43.079901407365,1.66804509063889,104,3.32480818414322,1.1864691067857,1.4105359077467,-0.288706814075836,-0.1543778308736
3,"age × arear × party_kmt","30至39歲 | 中彰投區 | 5 中間",30.5614462463622,1.18333303254389,44,1.40664961636829,1.4572545455039,1.3916617917033,0.231483027538874,0.176052517279567
3,"age × arear × party_kmt","30至39歲 | 中彰投區 | 6-10 溫暖",9.87963583586444,0.382537506237105,28,0.895140664961637,0.924204119226927,0.449276486236926,1.41598301907182,0.17446388631617
3,"age × arear × party_kmt","30至39歲 | 雲嘉南區 | 0-4 冷淡",25.7373036181276,0.996543203303639,87,2.78132992327366,1.03076818442507,1.12915717262921,0.0343437003112105,0.133073979016609
3,"age × arear × party_kmt","30至39歲 | 雲嘉南區 | 5 中間",18.7100126662714,0.724447915482692,17,0.543478260869565,0.731985723737283,0.853513081667699,0.0104049001915737,0.178156584381933
3,"age × arear × party_kmt","30至39歲 | 雲嘉南區 | 6-10 溫暖",10.2313979902171,0.396157665881672,19,0.607416879795396,0.418241919727723,0.188060366072268,0.0557461226880491,-0.525289090004786
3,"age × arear × party_kmt","30至39歲 | 高屏區 | 0-4 冷淡",33.2966807130685,1.28924075923046,87,2.78132992327366,0.995524666077896,1.0476262455227,-0.227820979944724,-0.187408373477101
3,"age × arear × party_kmt","30至39歲 | 高屏區 | 5 中間",17.4849847186506,0.677015080513973,28,0.895140664961637,1.1253130033825,0.973912035053615,0.662168296942794,0.438538170101389
3,"age × arear × party_kmt","30至39歲 | 高屏區 | 6-10 溫暖",4.34606702756181,0.168278838439326,22,0.703324808184143,0.450479305457023,0.132636333040269,1.67698131051366,-0.211806224297822
3,"age × arear × party_kmt","30至39歲 | 花東區 | 0-4 冷淡",2.25933953440649,0.0874811709250758,2,0.0639386189258312,0.0769056338387815,0.167617331749328,-0.120889295084445,0.916038959890984
3,"age × arear × party_kmt","30至39歲 | 花東區 | 5 中間",3.66596536257905,0.141945439189348,1,0.0319693094629156,0.0349874275493264,0.00031969309462916,-0.753514957936373,-0.997747774803791
3,"age × arear × party_kmt","30至39歲 | 花東區 | 6-10 溫暖",1.26379217699998,0.0489337781091641,1,0.0319693094629156,0.0587221381487818,0.133291071596458,0.200032787531372,1.72390722210546
3,"age × arear × party_kmt","40至49歲 | 北北基宜蘭區 | 0-4 冷淡",77.2560996961797,2.99134059294969,192,6.1381074168798,1.86660159820369,2.87776902314263,-0.375998305708451,-0.0379667798694484
3,"age × arear × party_kmt","40至49歲 | 北北基宜蘭區 | 5 中間",47.0901402506876,1.82332072954159,80,2.55754475703325,2.69297531854461,2.0585389245264,0.476961938134532,0.129005386256948
3,"age × arear × party_kmt","40至49歲 | 北北基宜蘭區 | 6-10 溫暖",44.9125845953354,1.73900621391268,81,2.58951406649616,1.07502669065725,1.46271710608899,-0.381815497807516,-0.158877585147928
3,"age × arear × party_kmt","40至49歲 | 桃竹苗區 | 0-4 冷淡",40.3085441833438,1.56073869807726,78,2.49360613810742,1.8011272959822,1.70497631210897,0.154022321738474,0.0924162476456823
3,"age × arear × party_kmt","40至49歲 | 桃竹苗區 | 5 中間",30.8533334872274,1.19463484761866,26,0.831202046035806,1.27163554434139,0.866743033921971,0.0644554249160058,-0.274470324007619
3,"age × arear × party_kmt","40至49歲 | 桃竹苗區 | 6-10 溫暖",21.336794812529,0.826156390202968,33,1.05498721227621,1.42882444892665,1.02084128031934,0.729484230674072,0.235651375968343
3,"age × arear × party_kmt","40至49歲 | 中彰投區 | 0-4 冷淡",47.1403265608801,1.82526393334659,81,2.58951406649616,2.00029583843985,2.19020683885066,0.095894024910875,0.19993979984854
3,"age × arear × party_kmt","40至49歲 | 中彰投區 | 5 中間",32.9783888376312,1.27691656203249,20,0.639386189258312,1.07626909945125,1.10752683190807,-0.157134356736563,-0.132655284739041
3,"age × arear × party_kmt","40至49歲 | 中彰投區 | 6-10 溫暖",32.4231635045126,1.25541834915709,27,0.863171355498721,0.801353461304352,1.0614377618005,-0.361684125580612,-0.154514698217393
3,"age × arear × party_kmt","40至49歲 | 雲嘉南區 | 0-4 冷淡",40.8247835577249,1.5807273824962,63,2.01406649616368,1.51960129305045,1.32578692196644,-0.038669596112915,-0.161280473377497
3,"age × arear × party_kmt","40至49歲 | 雲嘉南區 | 5 中間",24.7504498155813,0.958332423177892,24,0.767263427109974,1.16838246099446,1.34949134767821,0.219182856320386,0.408166221907858
3,"age × arear × party_kmt","40至49歲 | 雲嘉南區 | 6-10 溫暖",17.0019317703506,0.65831136781716,21,0.671355498721228,0.671273450607979,0.561723965065765,0.0196898966423731,-0.146719937514767
3,"age × arear × party_kmt","40至49歲 | 高屏區 | 0-4 冷淡",39.0864698713092,1.51342022728251,57,1.82225063938619,0.943318251678475,1.33188473417029,-0.376697737566059,-0.119950486877116
3,"age × arear × party_kmt","40至49歲 | 高屏區 | 5 中間",19.9358470634483,0.771911976015517,17,0.543478260869565,0.82027274766931,0.667456605514202,0.0626506300672044,-0.135320313386633
3,"age × arear × party_kmt","40至49歲 | 高屏區 | 6-10 溫暖",12.3848231600702,0.479537853980654,28,0.895140664961637,1.00022117364877,0.776345175120312,1.08580233102749,0.618944508083886
3,"age × arear × party_kmt","40至49歲 | 花東區 | 0-4 冷淡",5.56276483568822,0.215389132087523,10,0.319693094629156,0.386011422382945,0.20372237673261,0.79215830734714,-0.054165942551696
3,"age × arear × party_kmt","40至49歲 | 花東區 | 5 中間",0.941172225403936,0.0364419986755662,3,0.0959079283887468,0.175205464481792,0.0378044175146554,3.80778966163744,0.0373859527085354
3,"age × arear × party_kmt","40至49歲 | 花東區 | 6-10 溫暖",2.39603002477583,0.0927737991333339,4,0.127877237851662,0.1012469171399,0.194669821075288,0.0913309370287727,1.09832757625361
3,"age × arear × party_kmt","50至59歲 | 北北基宜蘭區 | 0-4 冷淡",55.7952197745558,2.16037965235813,62,1.98209718670077,2.32942200936897,2.46527540093827,0.0782465974562917,0.141130633334437
3,"age × arear × party_kmt","50至59歲 | 北北基宜蘭區 | 5 中間",47.9861068990975,1.85801237739668,32,1.0230179028133,2.00322243137116,1.48056858003148,0.0781534373726523,-0.203143855206198
3,"age × arear × party_kmt","50至59歲 | 北北基宜蘭區 | 6-10 溫暖",58.7661309069782,2.27541273199082,47,1.50255754475703,2.44755294191865,2.20750932414183,0.0756523014517989,-0.0298422378034146
3,"age × arear × party_kmt","50至59歲 | 桃竹苗區 | 0-4 冷淡",31.8809294636557,1.23442315649692,15,0.479539641943734,0.752484544679681,1.00915176119899,-0.390416049213545,-0.18249122605348
3,"age × arear × party_kmt","50至59歲 | 桃竹苗區 | 5 中間",21.1016454758596,0.817051455331149,9,0.28772378516624,0.675065817495551,0.869336624430556,-0.173778085711936,0.0639925047048785
3,"age × arear × party_kmt","50至59歲 | 桃竹苗區 | 6-10 溫暖",33.5820498910943,1.30029019622718,8,0.255754475703325,0.93622764878939,1.42547927103324,-0.279985612822526,0.09627779642521
3,"age × arear × party_kmt","50至59歲 | 中彰投區 | 0-4 冷淡",20.9743917179531,0.812124215499884,22,0.703324808184143,1.0414556340881,0.676635788597326,0.282384657680786,-0.166832147492562
3,"age × arear × party_kmt","50至59歲 | 中彰投區 | 5 中間",24.4988025826836,0.948588693092747,15,0.479539641943734,1.07773241452115,0.917230123475457,0.136143011580021,-0.0330581313541166
3,"age × arear × party_kmt","50至59歲 | 中彰投區 | 6-10 溫暖",31.3454031869145,1.21368768710995,24,0.767263427109974,1.33621394681254,1.39900221232367,0.100953697564774,0.152687159293012
3,"age × arear × party_kmt","50至59歲 | 雲嘉南區 | 0-4 冷淡",24.2852302323571,0.940319214778727,19,0.607416879795396,0.870698317608983,0.860388488458168,-0.0740396410873382,-0.0850038211112898
3,"age × arear × party_kmt","50至59歲 | 雲嘉南區 | 5 中間",17.0315743869838,0.659459123952466,5,0.159846547314578,0.450896943343679,0.601085284506155,-0.3162624839562,-0.0885177523914562
3,"age × arear × party_kmt","50至59歲 | 雲嘉南區 | 6-10 溫暖",13.0359402425323,0.504748976043399,14,0.447570332480818,0.833360736927882,0.676813827119534,0.651039975277192,0.340891926963197
3,"age × arear × party_kmt","50至59歲 | 高屏區 | 0-4 冷淡",29.7523280118932,1.15200413775395,20,0.639386189258312,1.16876537971511,1.13259100149348,0.0145496369430128,-0.0168516202539959
3,"age × arear × party_kmt","50至59歲 | 高屏區 | 5 中間",29.4961627990668,1.14208547239752,15,0.479539641943734,1.14266565525102,1.4764740494792,0.000508003006366138,0.292787698612194
3,"age × arear × party_kmt","50至59歲 | 高屏區 | 6-10 溫暖",21.7722958526362,0.843018902608688,10,0.319693094629156,0.63164717828921,0.537366690960381,-0.250731891853667,-0.362568633636183
3,"age × arear × party_kmt","50至59歲 | 花東區 | 0-4 冷淡",2.17151461499997,0.0840806077653199,3,0.0959079283887468,0.15485671905506,0.237204237189802,0.841764982090587,1.82115274251906
3,"age × arear × party_kmt","50至59歲 | 花東區 | 5 中間",2.42811577526617,0.094016152918659,2,0.0639386189258312,0.241654448159445,0.176519408672726,1.57035031382873,0.877543413475422
3,"age × arear × party_kmt","50至59歲 | 花東區 | 6-10 溫暖",9.25882293021057,0.358499755786168,4,0.127877237851662,0.304279742112698,0.249570435458025,-0.151241424292101,-0.303847683492191
3,"age × arear × party_kmt","60歲及以上 | 北北基宜蘭區 | 0-4 冷淡",110.295799530553,4.27063110440586,31,0.991048593350384,5.67468022313417,3.89967444258349,0.32876853195768,-0.0868622582361801
3,"age × arear × party_kmt","60歲及以上 | 北北基宜蘭區 | 5 中間",53.7822213435674,2.08243675925532,10,0.319693094629156,2.01254057498606,2.45062513907611,-0.033564613167054,0.176806511979002
3,"age × arear × party_kmt","60歲及以上 | 北北基宜蘭區 | 6-10 溫暖",85.5085059301177,3.31087209731207,19,0.607416879795396,3.51260011159229,3.42280331272415,0.0609289662515197,0.033807169870126
3,"age × arear × party_kmt","60歲及以上 | 桃竹苗區 | 0-4 冷淡",33.4725882790827,1.2960518646952,7,0.223785166240409,1.23037999402002,1.28011503575832,-0.0506707119245028,-0.0122964438160275
3,"age × arear × party_kmt","60歲及以上 | 桃竹苗區 | 5 中間",40.234749315733,1.55788137569231,3,0.0959079283887468,0.822873464040705,1.97963141338512,-0.471799665314681,0.270720251408992
3,"age × arear × party_kmt","60歲及以上 | 桃竹苗區 | 6-10 溫暖",50.7147379677818,1.96366442184415,4,0.127877237851662,0.779496672118424,1.35308977968568,-0.603039774287722,-0.310936347049082
3,"age × arear × party_kmt","60歲及以上 | 中彰投區 | 0-4 冷淡",51.6108631380975,1.99836220763545,12,0.383631713554987,2.51262333226856,2.42081577763927,0.25734129812313,0.211399899572606
3,"age × arear × party_kmt","60歲及以上 | 中彰投區 | 5 中間",44.7343065227217,1.73210332291068,5,0.159846547314578,1.15891869034587,1.56001184830789,-0.330918268548558,-0.0993540467976233
3,"age × arear × party_kmt","60歲及以上 | 中彰投區 | 6-10 溫暖",43.688633571027,1.69161507719733,10,0.319693094629156,1.8923536715142,1.54184918354646,0.118666827354984,-0.0885342627112308
3,"age × arear × party_kmt","60歲及以上 | 雲嘉南區 | 0-4 冷淡",59.1864570196574,2.29168767426824,16,0.51150895140665,3.00966191260922,2.57391603702214,0.313294977497417,0.123153065717831
3,"age × arear × party_kmt","60歲及以上 | 雲嘉南區 | 5 中間",30.7494346404702,1.19061190523498,3,0.0959079283887468,0.667146542052066,0.757353450306817,-0.439660783569606,-0.36389561789461
3,"age × arear × party_kmt","60歲及以上 | 雲嘉南區 | 6-10 溫暖",23.87476922351,0.924426247331289,9,0.28772378516624,1.7008601954499,1.15669806119014,0.839909025041301,0.251260513782887
3,"age × arear × party_kmt","60歲及以上 | 高屏區 | 0-4 冷淡",69.3732639879044,2.68611878477597,14,0.447570332480818,2.99909602497623,2.85074876704743,0.116516530085755,0.0612891668099445
3,"age × arear × party_kmt","60歲及以上 | 高屏區 | 5 中間",36.1172492807552,1.39845260508988,4,0.127877237851662,0.848337144450844,1.1530523901739,-0.393374404421579,-0.175479822500105
3,"age × arear × party_kmt","60歲及以上 | 高屏區 | 6-10 溫暖",21.7752429801712,0.843133014792227,3,0.0959079283887468,0.752067971090548,1.04077556070278,-0.108007920581926,0.234414430988989
3,"age × arear × party_kmt","60歲及以上 | 花東區 | 0-4 冷淡",5.6498252579683,0.218760094072789,1,0.0319693094629156,0.163052034499335,0.14799250775813,-0.254653664369507,-0.323494038593311
3,"age × arear × party_kmt","60歲及以上 | 花東區 | 5 中間",3.75038514214977,0.145214156021687,0,0,0,0,-1,-1
3,"age × arear × party_kmt","60歲及以上 | 花東區 | 6-10 溫暖",10.1252725943651,0.392048511966274,1,0.0319693094629156,0.257382665353217,0.404918517593841,-0.343492814033796,0.032827584430863
3,"age × arear × party_dpp","20至29歲 | 北北基宜蘭區 | 0-4 冷淡",42.6555991172046,1.65161619157164,188,6.01023017902813,0.982860891636553,1.42476244894915,-0.404909629336289,-0.137352578510762
3,"age × arear × party_dpp","20至29歲 | 北北基宜蘭區 | 5 中間",22.1366508159036,0.857126653273693,54,1.72634271099744,1.46917986172001,1.24928314213811,0.714075575772443,0.457524552954482
3,"age × arear × party_dpp","20至29歲 | 北北基宜蘭區 | 6-10 溫暖",20.7638511714104,0.803972128016675,100,3.19693094629156,1.64937274567324,0.954823038153857,1.05152975855281,0.187632014693492
3,"age × arear × party_dpp","20至29歲 | 桃竹苗區 | 0-4 冷淡",31.6360189382072,1.22494027036501,78,2.49360613810742,1.01944992720146,1.22801262265621,-0.167755398475322,0.00250816498202335
3,"age × arear × party_dpp","20至29歲 | 桃竹苗區 | 5 中間",21.5933781875396,0.836091246714798,22,0.703324808184143,0.961484568767217,0.706165533569019,0.149975642664745,-0.155396571434384
3,"age × arear × party_dpp","20至29歲 | 桃竹苗區 | 6-10 溫暖",11.0185381823993,0.426635575308587,37,1.18286445012788,1.39449769875555,0.778442215615184,2.26859216498039,0.824606902629099
3,"age × arear × party_dpp","20至29歲 | 中彰投區 | 0-4 冷淡",31.5563396230311,1.22185510335759,56,1.79028132992327,0.331420951999519,1.1413241261133,-0.728755929333361,-0.0659087784001531
3,"age × arear × party_dpp","20至29歲 | 中彰投區 | 5 中間",28.6002358167503,1.10739536040556,28,0.895140664961637,1.28936489060319,1.3301019630248,0.164322099138094,0.201108484451009
3,"age × arear × party_dpp","20至29歲 | 中彰投區 | 6-10 溫暖",13.88308012761,0.537550061473613,31,0.991048593350384,0.768866499773722,0.257179561364449,0.430316085660914,-0.521570957206424
3,"age × arear × party_dpp","20至29歲 | 雲嘉南區 | 0-4 冷淡",28.1869186749868,1.09139180406786,51,1.6304347826087,0.38935461091933,0.876736755469959,-0.643249464153826,-0.196680099481993
3,"age × arear × party_dpp","20至29歲 | 雲嘉南區 | 5 中間",23.2570273079879,0.900507404998649,13,0.415601023017903,0.391676409584444,0.790952667595582,-0.565049207357677,-0.121658896745254
3,"age × arear × party_dpp","20至29歲 | 雲嘉南區 | 6-10 溫暖",14.3101972378582,0.554087949806746,20,0.639386189258312,0.51785155760311,0.670082831893476,-0.0653982679397265,0.209343809276464
3,"age × arear × party_dpp","20至29歲 | 高屏區 | 0-4 冷淡",22.7593917210695,0.881239055476742,71,2.26982097186701,0.660764654316881,0.829641049534881,-0.25018682477774,-0.0585516558999377
3,"age × arear × party_dpp","20至29歲 | 高屏區 | 5 中間",27.9076835202633,1.08057987521579,18,0.575447570332481,0.771332738786391,0.765013148685187,-0.28618628157187,-0.292034613792514
3,"age × arear × party_dpp","20至29歲 | 高屏區 | 6-10 溫暖",12.1436970430732,0.470201499380435,31,0.991048593350384,1.08643218816338,0.680714296454977,1.31056725594224,0.447707626096312
3,"age × arear × party_dpp","20至29歲 | 花東區 | 0-4 冷淡",7.04226212925629,0.272674968789272,6,0.191815856777494,0.245129617192159,0.2791158391736,-0.10101899605754,0.0236210548145555
3,"age × arear × party_dpp","20至29歲 | 花東區 | 5 中間",2.29796947845222,0.0889769145645011,4,0.127877237851662,0.157520328872333,0.154998070767289,0.770350541410864,0.742003209775589
3,"age × arear × party_dpp","20至29歲 | 花東區 | 6-10 溫暖",3.87385411345472,0.149994849679362,2,0.0639386189258312,0.070276770898263,0.0394876013076536,-0.53147210688573,-0.736740285469369
3,"age × arear × party_dpp","30至39歲 | 北北基宜蘭區 | 0-4 冷淡",74.0236025519397,2.86617895571735,225,7.19309462915601,1.16596576392795,2.8208912994545,-0.593198546935765,-0.0158007078282792
3,"age × arear × party_dpp","30至39歲 | 北北基宜蘭區 | 5 中間",43.4963730720386,1.68417078946722,70,2.23785166240409,1.61274376569915,1.41064131829982,-0.0424107959921741,-0.162411955413338
3,"age × arear × party_dpp","30至39歲 | 北北基宜蘭區 | 6-10 溫暖",49.0899095749822,1.90075139430234,107,3.42071611253197,1.78048344303817,2.08934587122312,-0.0632738987458758,0.099221012009311
3,"age × arear × party_dpp","30至39歲 | 桃竹苗區 | 0-4 冷淡",27.6498004888056,1.07059469626855,91,2.90920716112532,1.36040715846686,1.45150365579841,0.270702314525202,0.3557919358815
3,"age × arear × party_dpp","30至39歲 | 桃竹苗區 | 5 中間",21.1509349045656,0.818959932065949,29,0.927109974424552,1.09630753023608,0.578693367794817,0.33865832418746,-0.293380121375442
3,"age × arear × party_dpp","30至39歲 | 桃竹苗區 | 6-10 溫暖",14.1176259321051,0.546631627701411,33,1.05498721227621,1.1444834407889,0.422563847334243,1.09370146693022,-0.226967804422282
3,"age × arear × party_dpp","30至39歲 | 中彰投區 | 0-4 冷淡",38.8442582754919,1.50404184316137,98,3.13299232736573,1.1229136271645,1.82613030741067,-0.253402668103818,0.21414860611344
3,"age × arear × party_dpp","30至39歲 | 中彰投區 | 5 中間",26.3354803311198,1.01970448494182,29,0.927109974424552,1.00160574413566,0.76507604508983,-0.0177490057888625,-0.249708070928529
3,"age × arear × party_dpp","30至39歲 | 中彰投區 | 6-10 溫暖",18.3412448829799,0.710169301316692,49,1.56649616368286,1.44340840021638,0.660267833186434,1.03248492653825,-0.070267002583382
3,"age × arear × party_dpp","30至39歲 | 雲嘉南區 | 0-4 冷淡",17.7913248539656,0.688876508745802,61,1.95012787723785,0.331156071961969,0.298274642315262,-0.519280933871753,-0.567012899222949
3,"age × arear × party_dpp","30至39歲 | 雲嘉南區 | 5 中間",16.7950117325616,0.650299465702412,27,0.863171355498721,0.986902175834575,1.14701994243262,0.517611850977897,0.763833438174035
3,"age × arear × party_dpp","30至39歲 | 雲嘉南區 | 6-10 溫暖",20.0923776880889,0.777972810219789,35,1.11892583120205,0.862937580093536,0.725436035621293,0.109213032586246,-0.0675303479869085
3,"age × arear × party_dpp","30至39歲 | 高屏區 | 0-4 冷淡",18.3930158214616,0.712173861609335,72,2.30179028132992,0.480423635572065,0.568314791175478,-0.325412428804354,-0.201999930338318
3,"age × arear × party_dpp","30至39歲 | 高屏區 | 5 中間",17.824845704433,0.690174429312693,27,0.863171355498721,1.05687429143584,1.0211686371284,0.531314761238434,0.479580514371305
3,"age × arear × party_dpp","30至39歲 | 高屏區 | 6-10 溫暖",18.9098709333863,0.732186387261731,38,1.21483375959079,1.03401904790951,0.564691185312705,0.412234734077198,-0.228760333247157
3,"age × arear × party_dpp","30至39歲 | 花東區 | 0-4 冷淡",3.43553789206916,0.133023334022536,1,0.0319693094629156,0.0349874275493264,0.00031969309462916,-0.736982779702402,-0.997596714163133
3,"age × arear × party_dpp","30至39歲 | 花東區 | 5 中間",2.40217318557907,0.0930116610801837,1,0.0319693094629156,0.0394455192475429,0.0552863623626556,-0.575907807801243,-0.405597516262029
3,"age × arear × party_dpp","30至39歲 | 花東區 | 6-10 溫暖",1.3513859963373,0.0523253931208675,2,0.0639386189258312,0.0961822527400205,0.24562204098313,0.838156332965279,3.69412700666696
3,"age × arear × party_dpp","40至49歲 | 北北基宜蘭區 | 0-4 冷淡",83.624996099582,3.237942976693,212,6.77749360613811,1.82865954691614,3.1363678305827,-0.435240348554935,-0.0313702702121231
3,"age × arear × party_dpp","40至49歲 | 北北基宜蘭區 | 5 中間",34.3345803911997,1.32942802535977,62,1.98209718670077,2.1781020302551,1.57519725315245,0.638375292762207,0.184868396862753
3,"age × arear × party_dpp","40至49歲 | 北北基宜蘭區 | 6-10 溫暖",51.2992480514211,1.98629653435118,79,2.52557544757033,1.62784203023431,1.68745997002286,-0.180463741398995,-0.150449119333501
3,"age × arear × party_dpp","40至49歲 | 桃竹苗區 | 0-4 冷淡",34.7232153662905,1.34447589318382,72,2.30179028132992,1.47164454652657,1.44842633500284,0.0945860420313004,0.0773167018806536
3,"age × arear × party_dpp","40至49歲 | 桃竹苗區 | 5 中間",33.4110368638874,1.29366860631753,19,0.607416879795396,0.998395390191663,0.754292706866061,-0.228244864785249,-0.416935138425303
3,"age × arear × party_dpp","40至49歲 | 桃竹苗區 | 6-10 溫暖",24.3644202529224,0.94338543639754,46,1.47058823529412,2.031547352532,1.38984158448138,1.15346482376257,0.473248929714982
3,"age × arear × party_dpp","40至49歲 | 中彰投區 | 0-4 冷淡",50.0326694116914,1.93725486496732,62,1.98209718670077,1.14409658954901,2.09647822351117,-0.409423813955266,0.0821901967692484
3,"age × arear × party_dpp","40至49歲 | 中彰投區 | 5 中間",29.5910285803918,1.14575865631019,20,0.639386189258312,1.01927282061451,0.888061599454264,-0.110394833151872,-0.224913907860677
3,"age × arear × party_dpp","40至49歲 | 中彰投區 | 6-10 溫暖",32.9181809109407,1.27458532325866,46,1.47058823529412,1.71454898903194,1.37463160959381,0.345181807561101,0.0784932044246049
3,"age × arear × party_dpp","40至49歲 | 雲嘉南區 | 0-4 冷淡",28.9842995758227,1.12226623166766,48,1.53452685421995,0.738542453018374,0.300994410984358,-0.341918671186501,-0.731797676441635
3,"age × arear × party_dpp","40至49歲 | 雲嘉南區 | 5 中間",21.9479817412266,0.849821424768305,26,0.831202046035806,1.32119403257953,1.52452878946858,0.554672539515862,0.793940167940846
3,"age × arear × party_dpp","40至49歲 | 雲嘉南區 | 6-10 溫暖",31.6448838266077,1.22528351705528,34,1.08695652173913,1.29952071905498,1.41147903425748,0.0605877749650241,0.151961170300958
3,"age × arear × party_dpp","40至49歲 | 高屏區 | 0-4 冷淡",23.1410189471026,0.89601558467116,54,1.72634271099744,0.969810652518762,1.27864398754144,0.0823591342718486,0.427033200556113
3,"age × arear × party_dpp","40至49歲 | 高屏區 | 5 中間",14.9439135431858,0.578625317289644,16,0.51150895140665,0.704497819679316,0.595668396600598,0.217537149911232,0.0294544307027311
3,"age × arear × party_dpp","40至49歲 | 高屏區 | 6-10 溫暖",33.3222076045393,1.29022915531787,32,1.0230179028133,1.08950370079848,0.901374130662767,-0.15557349149341,-0.30138446573803
3,"age × arear × party_dpp","40至49歲 | 花東區 | 0-4 冷淡",0.731820308931017,0.0283359347088368,10,0.319693094629156,0.281450882727065,0.279801157892884,8.93264861805644,8.87442838106293
3,"age × arear × party_dpp","40至49歲 | 花東區 | 5 中間",3.54655416665268,0.13732186177563,3,0.0959079283887468,0.165890696269769,0.0378044175146554,0.208042871868557,-0.724702119343356
3,"age × arear × party_dpp","40至49歲 | 花東區 | 6-10 溫暖",4.62159261028428,0.178947133411957,4,0.127877237851662,0.215122225007804,0.118591039915014,0.202155189111456,-0.337284494845726
3,"age × arear × party_dpp","50至59歲 | 北北基宜蘭區 | 0-4 冷淡",71.2320068779606,2.75808893445668,80,2.55754475703325,2.76789320422313,2.34976268653164,0.0035547330051489,-0.148046802560945
3,"age × arear × party_dpp","50至59歲 | 北北基宜蘭區 | 5 中間",40.8944273262437,1.58342397516184,25,0.79923273657289,2.02918333409292,1.28559752405555,0.281516110608041,-0.188090148802911
3,"age × arear × party_dpp","50至59歲 | 北北基宜蘭區 | 6-10 溫暖",50.4210233764272,1.95229185212712,36,1.15089514066496,1.98312084434273,2.51799309452439,0.015791180085101,0.289762640652785
3,"age × arear × party_dpp","50至59歲 | 桃竹苗區 | 0-4 冷淡",42.1954482978971,1.63379924468865,18,0.575447570332481,1.06537363640386,1.48081079914944,-0.34791643473499,-0.0936396843348828
3,"age × arear × party_dpp","50至59歲 | 桃竹苗區 | 5 中間",18.0274617066092,0.6980196800369,6,0.191815856777494,0.719801221837303,0.967119853320975,0.0312047674633633,0.385519464536944
3,"age × arear × party_dpp","50至59歲 | 桃竹苗區 | 6-10 溫暖",26.3417148261033,1.0199458833297,8,0.255754475703325,0.578603152723464,0.856037004192373,-0.43271190934703,-0.160703505760751
3,"age × arear × party_dpp","50至59歲 | 中彰投區 | 0-4 冷淡",41.7711297503766,1.61736971613969,39,1.24680306905371,1.90666626745138,1.93813031203808,0.178868534772728,0.198322370387871
3,"age × arear × party_dpp","50至59歲 | 中彰投區 | 5 中間",14.5908803412244,0.564955942938115,9,0.28772378516624,0.652666060219534,0.430007362529202,0.155251251673312,-0.238865671024006
3,"age × arear × party_dpp","50至59歲 | 中彰投區 | 6-10 溫暖",20.4565873959501,0.792074936624771,13,0.415601023017903,0.896069667750865,0.624730449829177,0.131294056051365,-0.211273553874448
3,"age × arear × party_dpp","50至59歲 | 雲嘉南區 | 0-4 冷淡",11.1645971310462,0.43229094833116,24,0.767263427109974,1.18348924300858,0.743830154744927,1.73771460535406,0.720670205139501
3,"age × arear × party_dpp","50至59歲 | 雲嘉南區 | 5 中間",12.7154874957161,0.492341110341617,3,0.0959079283887468,0.2691023256307,0.378578575472986,-0.453423002917672,-0.231064464207945
3,"age × arear × party_dpp","50至59歲 | 雲嘉南區 | 6-10 溫暖",30.472660235111,1.17989525610182,11,0.351662404092072,0.702364429241268,1.01587886986594,-0.404723067061252,-0.139009276787634
3,"age × arear × party_dpp","50至59歲 | 高屏區 | 0-4 冷淡",29.3051088963001,1.13468790382966,26,0.831202046035806,1.39034101432391,1.11252155815569,0.225306984970401,-0.0195351916585714
3,"age × arear × party_dpp","50至59歲 | 高屏區 | 5 中間",22.9681787063391,0.88932324542126,11,0.351662404092072,0.929931458239585,1.10685767245564,0.0456619266699697,0.244606703079412
3,"age × arear × party_dpp","50至59歲 | 高屏區 | 6-10 溫暖",28.747499060957,1.11309736350923,8,0.255754475703325,0.622805740691852,0.927052511321745,-0.440475055364113,-0.167141580140793
3,"age × arear × party_dpp","50至59歲 | 花東區 | 0-4 冷淡",7.45438404377395,0.288632246169168,5,0.159846547314578,0.334216512492396,0.249890128552654,0.157931994530199,-0.134226574233175
3,"age × arear × party_dpp","50至59歲 | 花東區 | 5 中間",1.51934505086706,0.0588287338246327,2,0.0639386189258312,0.241654448159445,0.176519408672726,3.10776218437426,2.00056447243837
3,"age × arear × party_dpp","50至59歲 | 花東區 | 6-10 溫暖",4.8847242258357,0.189135536476347,2,0.0639386189258312,0.124919948675362,0.236884544095172,-0.339521535705773,0.252459207340959
3,"age × arear × party_dpp","60歲及以上 | 北北基宜蘭區 | 0-4 冷淡",95.3960370027292,3.69371530552307,41,1.31074168797954,7.22556733095621,4.11353347764542,0.956178734227867,0.113657425490973
3,"age × arear × party_dpp","60歲及以上 | 北北基宜蘭區 | 5 中間",44.9067284802307,1.73877946631736,6,0.191815856777494,1.26291689135855,1.83841194796296,-0.273676210340039,0.057300240528268
3,"age × arear × party_dpp","60歲及以上 | 北北基宜蘭區 | 6-10 溫暖",109.283761321278,4.23144518913282,13,0.415601023017903,2.71133668739777,3.82115746877537,-0.359240976496396,-0.0969616057915973
3,"age × arear × party_dpp","60歲及以上 | 桃竹苗區 | 0-4 冷淡",50.944877181101,1.9725753657507,9,0.28772378516624,1.57463464594887,1.6424207239932,-0.201736636638155,-0.16737238408726
3,"age × arear × party_dpp","60歲及以上 | 桃竹苗區 | 5 中間",31.7032819479911,1.22754468053277,3,0.0959079283887468,0.749127502069276,1.86371342606453,-0.389735042683625,0.518244879897695
3,"age × arear × party_dpp","60歲及以上 | 桃竹苗區 | 6-10 溫暖",41.7739164335055,1.6174776159482,2,0.0639386189258312,0.508987982160999,1.10670207877139,-0.685319922116746,-0.315785227653603
3,"age × arear × party_dpp","60歲及以上 | 中彰投區 | 0-4 冷淡",56.2700502476622,2.17876499247443,13,0.415601023017903,2.48882882290945,1.40437267512709,0.14231173692711,-0.35542718926646
3,"age × arear × party_dpp","60歲及以上 | 中彰投區 | 5 中間",33.308849464604,1.28971193083473,5,0.159846547314578,1.1666489913254,1.731434287795,-0.0954189354747484,0.342496914543055
3,"age × arear × party_dpp","60歲及以上 | 中彰投區 | 6-10 溫暖",50.4549035195801,1.9536036844343,9,0.28772378516624,1.90841787989378,2.38686984657155,-0.0231294632071714,0.221777920255465
3,"age × arear × party_dpp","60歲及以上 | 雲嘉南區 | 0-4 冷淡",28.0144798301538,1.0847150067874,20,0.639386189258312,3.74336320297796,2.33180543388089,2.45101079966127,1.14969408488871
3,"age × arear × party_dpp","60歲及以上 | 雲嘉南區 | 5 中間",28.1211891687749,1.088846770849,1,0.0319693094629156,0.162741192390856,0.0739246666294751,-0.850538021742065,-0.932107373958749
3,"age × arear × party_dpp","60歲及以上 | 雲嘉南區 | 6-10 溫暖",57.6749918847089,2.23316404919811,7,0.223785166240409,1.47156425474237,2.08223744800873,-0.341040683835662,-0.0675841979650253
3,"age × arear × party_dpp","60歲及以上 | 高屏區 | 0-4 冷淡",26.279401267461,1.01753311491153,7,0.223785166240409,1.40676920737564,0.860888645256015,0.382529164663055,-0.153945328520476
3,"age × arear × party_dpp","60歲及以上 | 高屏區 | 5 中間",24.0082356147765,0.929594039072786,2,0.0639386189258312,0.46099968963966,0.664445642571737,-0.504084933570057,-0.285230310604744
3,"age × arear × party_dpp","60歲及以上 | 高屏區 | 6-10 溫暖",76.9781193665932,2.98057725067376,12,0.383631713554987,2.73173224350233,3.51924243009635,-0.0834888634794423,0.180725119371031
3,"age × arear × party_dpp","60歲及以上 | 花東區 | 0-4 冷淡",9.54410807366667,0.369545938981305,2,0.0639386189258312,0.420434699852552,0.552911025351971,0.137706183462678,0.496190235173827
3,"age × arear × party_dpp","60歲及以上 | 花東區 | 5 中間",3.70797501822978,0.143572044580224,0,0,0,0,-1,-1
3,"age × arear × party_dpp","60歲及以上 | 花東區 | 6-10 溫暖",6.27339990258673,0.242904778499222,0,0,0,0,-1,-1
3,"age × arear × party_tpp","20至29歲 | 北北基宜蘭區 | 0-4 冷淡",32.3330218675588,1.25192808316133,167,5.33887468030691,1.39106803945025,1.19689902236832,0.111140534476684,-0.0439554488258244
3,"age × arear × party_tpp","20至29歲 | 北北基宜蘭區 | 5 中間",24.7467259690287,0.958188236590703,79,2.52557544757033,1.57380983987703,1.19931426913491,0.64248503558836,0.251647873910606
3,"age × arear × party_tpp","20至29歲 | 北北基宜蘭區 | 6-10 溫暖",28.476353267931,1.10259865310997,96,3.0690537084399,1.13653561970253,1.2326553377379,0.0307790749579,0.117954692091347
3,"age × arear × party_tpp","20至29歲 | 桃竹苗區 | 0-4 冷淡",22.431338033969,0.868536882900726,57,1.82225063938619,1.24407631431151,0.840193056574485,0.43238167405921,-0.0326339927345163
3,"age × arear × party_tpp","20至29歲 | 桃竹苗區 | 5 中間",24.3741385153005,0.943761725556053,35,1.11892583120205,1.25770523627804,1.22412592032663,0.332651242597294,0.297070952528186
3,"age × arear × party_tpp","20至29歲 | 桃竹苗區 | 6-10 溫暖",17.4424587588765,0.675368483931611,45,1.4386189258312,0.873650644134668,0.648301394939292,0.293591076457655,-0.0400775127005482
3,"age × arear × party_tpp","20至29歲 | 中彰投區 | 0-4 冷淡",20.5874583677674,0.797142234248846,45,1.4386189258312,0.500721547562351,0.682609414471784,-0.371854198599595,-0.143679276867054
3,"age × arear × party_tpp","20至29歲 | 中彰投區 | 5 中間",34.1176078359767,1.32102689179819,33,1.05498721227621,1.32169253358191,1.30977219636957,0.000503882084349636,-0.00851965656301374
3,"age × arear × party_tpp","20至29歲 | 中彰投區 | 6-10 溫暖",19.3345893636473,0.748631399189722,37,1.18286445012788,0.567238261232164,0.736224039661197,-0.242299665968977,-0.016573389176507
3,"age × arear × party_tpp","20至29歲 | 雲嘉南區 | 0-4 冷淡",26.0483446798454,1.00858665045732,45,1.4386189258312,0.614981350372911,0.940319242634688,-0.390254322626557,-0.0676862099966104
3,"age × arear × party_tpp","20至29歲 | 雲嘉南區 | 5 中間",17.9431107383202,0.694753627563506,15,0.479539641943734,0.349144754754515,0.588135399594893,-0.497455297960859,-0.153461923390774
3,"age × arear × party_tpp","20至29歲 | 雲嘉南區 | 6-10 溫暖",21.7626878026673,0.842646880852424,24,0.767263427109974,0.334756472979458,0.809317612729437,-0.602732199470295,-0.0395530665102223
3,"age × arear × party_tpp","20至29歲 | 高屏區 | 0-4 冷淡",21.7721068820178,0.843011585704472,52,1.66240409207161,0.969149703691272,1.06792872455223,0.149627976798671,0.266801954637199
3,"age × arear × party_tpp","20至29歲 | 高屏區 | 5 中間",22.6813785047166,0.8782183994796,30,0.959079283887468,0.86357109792733,0.592661324078755,-0.016678427098487,-0.325154967796229
3,"age × arear × party_tpp","20至29歲 | 高屏區 | 6-10 溫暖",18.3572868976716,0.710790444888898,38,1.21483375959079,0.68580877964805,0.61477844604406,-0.0351463155146281,-0.13507778492977
3,"age × arear × party_tpp","20至29歲 | 花東區 | 0-4 冷淡",3.84368893381339,0.148826860009813,8,0.255754475703325,0.342935857105594,0.340687523200654,1.30426051509104,1.28915347120936
3,"age × arear × party_tpp","20至29歲 | 花東區 | 5 中間",4.38604248720862,0.169826680171352,2,0.0639386189258312,0.0547756444639361,0.000639386189258321,-0.67746148950996,-0.996235066312236
3,"age × arear × party_tpp","20至29歲 | 花東區 | 6-10 溫暖",4.98435430014122,0.192993192851969,2,0.0639386189258312,0.0752152153932242,0.132274601858631,-0.610270112216257,-0.314615194950998
3,"age × arear × party_tpp","30至39歲 | 北北基宜蘭區 | 0-4 冷淡",70.9786631915618,2.74827951803425,203,6.48976982097187,2.07631121887139,2.60133311594331,-0.244505078451226,-0.0534685067973162
3,"age × arear × party_tpp","30至39歲 | 北北基宜蘭區 | 5 中間",51.8810397038126,2.00882338974878,80,2.55754475703325,1.51499649781734,1.86010354137471,-0.245828923762778,-0.0740333118048107
3,"age × arear × party_tpp","30至39歲 | 北北基宜蘭區 | 6-10 溫暖",43.7501823035861,1.69399823170387,119,3.80434782608696,0.96788525597653,1.85944183165942,-0.428638567702043,0.0976645647316547
3,"age × arear × party_tpp","30至39歲 | 桃竹苗區 | 0-4 冷淡",17.4727797815853,0.676542507813286,61,1.95012787723785,1.24257964874332,0.640346830776775,0.836661605727594,-0.0535009650073616
3,"age × arear × party_tpp","30至39歲 | 桃竹苗區 | 5 中間",27.8969499078198,1.08016427190761,32,1.0230179028133,1.02531685235101,1.06074252255152,-0.0507769243836701,-0.0179803663768512
3,"age × arear × party_tpp","30至39歲 | 桃竹苗區 | 6-10 溫暖",17.5486316360712,0.679479476315017,60,1.91815856777494,1.3333016283975,0.75167151759917,0.962239736258579,0.106246095431267
3,"age × arear × party_tpp","30至39歲 | 中彰投區 | 0-4 冷淡",33.5037829091363,1.29725971447701,78,2.49360613810742,1.17680782713635,1.24817988264375,-0.092851019727554,-0.0378334664104246
3,"age × arear × party_tpp","30至39歲 | 中彰投區 | 5 中間",30.5020253210809,1.18103226630584,45,1.4386189258312,1.42814436716922,1.19442303989458,0.209233996321138,0.0113381945360597
3,"age × arear × party_tpp","30至39歲 | 中彰投區 | 6-10 溫暖",19.5151752593744,0.755623648637037,53,1.69437340153453,0.962975577210969,0.80887126314861,0.274411645199227,0.070468433071964
3,"age × arear × party_tpp","30至39歲 | 雲嘉南區 | 0-4 冷淡",23.1585778312801,0.896695461123812,77,2.4616368286445,1.26183001603566,0.920841413474954,0.407200181937163,0.0269277066718735
3,"age × arear × party_tpp","30至39歲 | 雲嘉南區 | 5 中間",17.5502827998396,0.679543409042989,21,0.671355498721228,0.700086378698733,0.881421727201006,0.0302305480155783,0.297079355743182
3,"age × arear × party_tpp","30至39歲 | 雲嘉南區 | 6-10 溫暖",13.9698536434964,0.540909914501201,25,0.79923273657289,0.219079433155689,0.368467479693219,-0.594979815894643,-0.318800654572952
3,"age × arear × party_tpp","30至39歲 | 高屏區 | 0-4 冷淡",22.9943911032372,0.890338184140507,78,2.49360613810742,1.19839224946776,1.0473249695968,0.345996690712119,0.176322647116212
3,"age × arear × party_tpp","30至39歲 | 高屏區 | 5 中間",21.2051232643778,0.821058094424769,32,1.0230179028133,0.910166146356303,0.750971250893627,0.108528315519456,-0.0853616132732285
3,"age × arear × party_tpp","30至39歲 | 高屏區 | 6-10 溫暖",10.9282180916659,0.423138399618481,27,0.863171355498721,0.462758579093356,0.35587839312615,0.0936340911403871,-0.158955099686004
3,"age × arear × party_tpp","30至39歲 | 花東區 | 0-4 冷淡",1.3513859963373,0.0523253931208675,3,0.0959079283887468,0.111893061388108,0.167937024843957,1.1384084230317,2.209474689584
3,"age × arear × party_tpp","30至39歲 | 花東區 | 5 中間",3.66596536257905,0.141945439189348,1,0.0319693094629156,0.0587221381487818,0.133291071596458,-0.586304861331616,-0.0609696770978677
3,"age × arear × party_tpp","30至39歲 | 花東區 | 6-10 溫暖",2.17174571506917,0.0840895559133723,0,0,0,0,-1,-1
3,"age × arear × party_tpp","40至49歲 | 北北基宜蘭區 | 0-4 冷淡",72.1665595529435,2.79427462547551,167,5.33887468030691,2.16985247865465,2.66566724921587,-0.223464845268957,-0.0460253172995665
3,"age × arear × party_tpp","40至49歲 | 北北基宜蘭區 | 5 中間",46.7294494541887,1.80935485467457,83,2.653452685422,2.18637868791442,2.1024623998287,0.208374732168091,0.161995610975297
3,"age × arear × party_tpp","40至49歲 | 北北基宜蘭區 | 6-10 溫暖",50.3628155350705,1.95003805625387,103,3.29283887468031,1.27837244083647,1.63089540471344,-0.344437183296671,-0.163659704238553
3,"age × arear × party_tpp","40至49歲 | 桃竹苗區 | 0-4 冷淡",36.9763724232629,1.43171767983003,69,2.20588235294118,2.07311616809351,1.62134859829075,0.447992294360453,0.132449938372793
3,"age × arear × party_tpp","40至49歲 | 桃竹苗區 | 5 中間",30.677060601606,1.18780959705243,31,0.991048593350384,0.991524425233264,0.991553418460868,-0.165249693474655,-0.165225284488841
3,"age × arear × party_tpp","40至49歲 | 桃竹苗區 | 6-10 溫暖",24.8452394582314,0.962002659016425,37,1.18286445012788,1.43694669592347,0.979658609598653,0.493703455448488,0.0183533282540821
3,"age × arear × party_tpp","40至49歲 | 中彰投區 | 0-4 冷淡",49.6454408775446,1.92226145425287,72,2.30179028132992,1.99777938261446,2.69228749325389,0.0392859817245533,0.400583405185282
3,"age × arear × party_tpp","40至49歲 | 中彰投區 | 5 中間",35.4784538528581,1.37371857500586,24,0.767263427109974,1.14480290879763,0.87506403168591,-0.16663941972777,-0.362996142290515
3,"age × arear × party_tpp","40至49歲 | 中彰投區 | 6-10 溫暖",27.4179841726213,1.06161881527744,32,1.0230179028133,0.735336107783369,0.791819907619438,-0.307344503317607,-0.254139154068679
3,"age × arear × party_tpp","40至49歲 | 雲嘉南區 | 0-4 冷淡",39.0326141412336,1.51133494427998,58,1.8542199488491,1.32462931221284,1.06286199663777,-0.123536898801802,-0.296739613769642
3,"age × arear × party_tpp","40至49歲 | 雲嘉南區 | 5 中間",28.7834894557639,1.11449090433469,26,0.831202046035806,1.07505492256476,1.27797350070858,-0.0353847497691929,0.146688138717011
3,"age × arear × party_tpp","40至49歲 | 雲嘉南區 | 6-10 溫暖",14.7610615466594,0.571545324876586,24,0.767263427109974,0.959572969875288,0.896166737364068,0.678909664920255,0.567971424764216
3,"age × arear × party_tpp","40至49歲 | 高屏區 | 0-4 冷淡",44.0586391371292,1.70594161806403,52,1.66240409207161,1.15290122917273,1.40455935876549,-0.324184827332435,-0.176666221227759
3,"age × arear × party_tpp","40至49歲 | 高屏區 | 5 中間",20.0584149614545,0.776657780296865,27,0.863171355498721,1.10690833359077,1.03313632671761,0.425220169902467,0.330233666522614
3,"age × arear × party_tpp","40至49歲 | 高屏區 | 6-10 溫暖",7.29008599624402,0.282270658917786,23,0.735294117647059,0.50400261023306,0.33799082932171,0.785529577056944,0.197399795705131
3,"age × arear × party_tpp","40至49歲 | 花東區 | 0-4 冷淡",4.77449441257138,0.184867460346856,7,0.223785166240409,0.271500962568702,0.12177507190183,0.46862493842508,-0.341284444145275
3,"age × arear × party_tpp","40至49歲 | 花東區 | 5 中間",1.72944264852077,0.066963670416233,5,0.159846547314578,0.202614868347665,0.0384438037039138,2.02574316921773,-0.425900589603966
3,"age × arear × party_tpp","40至49歲 | 花東區 | 6-10 溫暖",2.39603002477583,0.0927737991333339,5,0.159846547314578,0.188347973088271,0.27597773971681,1.03018497515207,1.97473793565548
3,"age × arear × party_tpp","50至59歲 | 北北基宜蘭區 | 0-4 冷淡",84.9709456736435,3.29005787264021,82,2.62148337595908,3.66633203458803,3.46958606220061,0.114367034415071,0.0545668789152123
3,"age × arear × party_tpp","50至59歲 | 北北基宜蘭區 | 5 中間",50.7892650079095,1.96655009380123,31,0.991048593350384,1.75099862274072,1.71971258830568,-0.109608939909511,-0.125518036013219
3,"age × arear × party_tpp","50至59歲 | 北北基宜蘭區 | 6-10 溫暖",26.7872468990784,1.0371967953042,28,0.895140664961637,1.36286672533003,0.964054654605292,0.313990490040337,-0.0705190577429926
3,"age × arear × party_tpp","50至59歲 | 桃竹苗區 | 0-4 冷淡",46.3209917433005,1.79353945451991,19,0.607416879795396,1.6059454727056,2.23334293497392,-0.104594287759636,0.245215392025892
3,"age × arear × party_tpp","50至59歲 | 桃竹苗區 | 5 中間",22.5402164318832,0.872752632500527,7,0.223785166240409,0.492060918162869,0.869433493812016,-0.436196580979581,-0.0038030692373869
3,"age × arear × party_tpp","50至59歲 | 桃竹苗區 | 6-10 溫暖",17.7034166554258,0.68547272103481,6,0.191815856777494,0.265771620096156,0.201191227876849,-0.612279800580627,-0.706492728735982
3,"age × arear × party_tpp","50至59歲 | 中彰投區 | 0-4 冷淡",40.5419766958746,1.56977715786482,30,0.959079283887468,1.47525278928356,1.02599607262711,-0.0602151509898567,-0.346406547269011
3,"age × arear × party_tpp","50至59歲 | 中彰投區 | 5 中間",22.7275150783549,0.880004798302302,16,0.51150895140665,1.25913794194647,1.22449289550751,0.430830768622618,0.39146161233415
3,"age × arear × party_tpp","50至59歲 | 中彰投區 | 6-10 溫暖",13.5491057133216,0.524618639535456,15,0.479539641943734,0.721011264191746,0.742379156261839,0.374353120259305,0.415083453609669
3,"age × arear × party_tpp","50至59歲 | 雲嘉南區 | 0-4 冷淡",29.5220220238841,1.14308673636505,22,0.703324808184143,1.23438660635729,1.11769956084064,0.0798713405446098,-0.0222093168582687
3,"age × arear × party_tpp","50至59歲 | 雲嘉南區 | 5 中間",18.90291749847,0.731917151664704,9,0.28772378516624,0.716717522680147,0.76394114192237,-0.020766870881475,0.0437535726343194
3,"age × arear × party_tpp","50至59歲 | 雲嘉南區 | 6-10 溫暖",5.92780533951916,0.229523426744833,7,0.223785166240409,0.203851868843103,0.256646897320848,-0.111847223029959,0.118172994193613
3,"age × arear × party_tpp","50至59歲 | 高屏區 | 0-4 冷淡",48.3960907469167,1.87388686926539,29,0.927109974424552,1.76025435103405,1.78896227670753,-0.0606400098613678,-0.045320021155359
3,"age × arear × party_tpp","50至59歲 | 高屏區 | 5 中間",28.0917371443723,1.08770639440641,9,0.28772378516624,0.68794026634848,0.841103117304461,-0.367531284281997,-0.226718605655091
3,"age × arear × party_tpp","50至59歲 | 高屏區 | 6-10 溫暖",4.53295877230713,0.175515249088354,7,0.223785166240409,0.494883595872818,0.516366347921079,1.81960455540643,1.94200276388031
3,"age × arear × party_tpp","50至59歲 | 花東區 | 0-4 冷淡",7.52874483610423,0.29151148104507,4,0.127877237851662,0.282703249288649,0.335954229380845,-0.0302157284675159,0.152456253786119
3,"age × arear × party_tpp","50至59歲 | 花東區 | 5 中間",1.3674503030375,0.0529473998351448,4,0.127877237851662,0.262525853095673,0.15114013636161,3.95823881650589,1.8545336849816
3,"age × arear × party_tpp","50至59歲 | 花東區 | 6-10 溫暖",4.96225818133497,0.192137635589932,1,0.0319693094629156,0.155561806942881,0.176199715578097,-0.190362645687553,-0.082950536800869
3,"age × arear × party_tpp","60歲及以上 | 北北基宜蘭區 | 0-4 冷淡",166.937777672676,6.46379706991318,44,1.40664961636829,7.75280028312397,6.53854121171294,0.199418886340146,0.0115635037720586
3,"age × arear × party_tpp","60歲及以上 | 北北基宜蘭區 | 5 中間",60.1802642094044,2.33016768814347,10,0.319693094629156,2.1652883973002,2.16259143926805,-0.0707585517051956,-0.0719159611250694
3,"age × arear × party_tpp","60歲及以上 | 北北基宜蘭區 | 6-10 溫暖",22.4684849221576,0.86997520291659,6,0.191815856777494,1.28173222928836,1.07197024340276,0.473297428468488,0.232184825278906
3,"age × arear × party_tpp","60歲及以上 | 桃竹苗區 | 0-4 冷淡",75.2018487042652,2.91180040901099,8,0.255754475703325,1.54098342063008,2.36558878371519,-0.470779859820995,-0.187585530795815
3,"age × arear × party_tpp","60歲及以上 | 桃竹苗區 | 5 中間",30.2305188433275,1.17051959026671,2,0.0639386189258312,0.537695471218019,1.08851275659077,-0.540635222435275,-0.0700601975036114
3,"age × arear × party_tpp","60歲及以上 | 桃竹苗區 | 6-10 溫暖",18.9897080150049,0.735277662953974,4,0.127877237851662,0.754071238331051,1.15873468852316,0.0255598345005795,0.575914442807841
3,"age × arear × party_tpp","60歲及以上 | 中彰投區 | 0-4 冷淡",84.1937864548599,3.25996642448951,17,0.543478260869565,3.47239875554391,3.16443859620248,0.0651639628735316,-0.0293033166137564
3,"age × arear × party_tpp","60歲及以上 | 中彰投區 | 5 中間",32.5344530978384,1.25972745975674,6,0.191815856777494,1.26000074074512,1.43000479257078,0.000216936597088649,0.135169977835464
3,"age × arear × party_tpp","60歲及以上 | 中彰投區 | 6-10 溫暖",23.305563679148,0.902386723497211,4,0.127877237851662,0.831496197839608,0.928233420720369,-0.0785589191548224,0.0286425947436254
3,"age × arear × party_tpp","60歲及以上 | 雲嘉南區 | 0-4 冷淡",80.5885234803999,3.12037136952075,21,0.671355498721228,4.11605747815736,3.75245865609121,0.319092181899343,0.202567967628657
3,"age × arear × party_tpp","60歲及以上 | 雲嘉南區 | 5 中間",25.8804854968173,1.00208717675795,5,0.159846547314578,0.970054999269083,0.666722546332369,-0.0319654599238562,-0.334666123071832
3,"age × arear × party_tpp","60歲及以上 | 雲嘉南區 | 6-10 溫暖",7.3416519064204,0.284267280555814,2,0.0639386189258312,0.291556172684743,0.068786346095515,0.0256409816658372,-0.758022288175338
3,"age × arear × party_tpp","60歲及以上 | 高屏區 | 0-4 冷淡",91.0197497403253,3.52426634568793,11,0.351662404092072,2.54439404562202,3.53142600692922,-0.278035824751105,0.002031532392567
3,"age × arear × party_tpp","60歲及以上 | 高屏區 | 5 中間",25.3832819695519,0.982835556498634,8,0.255754475703325,1.64857681750025,1.33698729435199,0.677367904121554,0.360336717075059
3,"age × arear × party_tpp","60歲及以上 | 高屏區 | 6-10 溫暖",10.8627245389534,0.420602502471517,2,0.0639386189258312,0.406530277395348,0.176163416642892,-0.0334573023067585,-0.581164126205306
3,"age × arear × party_tpp","60歲及以上 | 花東區 | 0-4 冷淡",11.9617059383116,0.463154840522814,1,0.0319693094629156,0.163052034499335,0.14799250775813,-0.647953513094497,-0.680468614791817
3,"age × arear × party_tpp","60歲及以上 | 花東區 | 5 中間",5.92053949574153,0.229242094739729,1,0.0319693094629156,0.257382665353217,0.404918517593841,0.122754813619364,0.766335794713306
3,"age × arear × party_tpp","60歲及以上 | 花東區 | 6-10 溫暖",1.6432375604301,0.0636258267982074,0,0,0,0,-1,-1
3,"age × party_kmt × party_dpp","20至29歲 | 0-4 冷淡 | 0-4 冷淡",82.9638422305304,3.21234323227855,331,10.5818414322251,1.19414938465951,2.01448606205808,-0.628262206647048,-0.372892024172277
3,"age × party_kmt × party_dpp","20至29歲 | 0-4 冷淡 | 5 中間",17.3419668817003,0.671477458722715,63,2.01406649616368,1.28922090039271,0.978233211145255,0.919976439484758,0.456837006868482
3,"age × party_kmt × party_dpp","20至29歲 | 0-4 冷淡 | 6-10 溫暖",51.3319219374418,1.98756166062558,172,5.49872122762148,3.49286699852224,2.58518937130594,0.757362836946083,0.300683859283267
3,"age × party_kmt × party_dpp","20至29歲 | 5 中間 | 0-4 冷淡",38.6967305382938,1.49832959894244,44,1.40664961636829,1.2543849495653,1.35760421830692,-0.162811072776862,-0.0939215114850893
3,"age × party_kmt × party_dpp","20至29歲 | 5 中間 | 5 中間",90.6894860688016,3.51147860296093,60,1.91815856777494,3.18579648512121,3.47973442584927,-0.0927478577158647,-0.00904011691396899
3,"age × party_kmt × party_dpp","20至29歲 | 5 中間 | 6-10 溫暖",10.1151452144387,0.391656381858836,25,0.79923273657289,1.23760941581542,0.712889349851694,2.15993680465928,0.82019081744119
3,"age × party_kmt × party_dpp","20至29歲 | 6-10 溫暖 | 0-4 冷淡",42.1759574349313,1.63304456240712,75,2.39769820971867,1.18044631904108,2.40750256153209,-0.27714996503151,0.474241803899963
3,"age × party_kmt × party_dpp","20至29歲 | 6-10 溫暖 | 5 中間",17.7614921763949,0.687721393489346,16,0.51150895140665,0.565541412819661,0.538546888785468,-0.17765912450356,-0.2169112464962
3,"age × party_kmt × party_dpp","20至29歲 | 6-10 溫暖 | 6-10 溫暖",14.5461507239253,0.563224021180997,24,0.767263427109974,0.75682104652959,0.0826508236319611,0.343730057788816,-0.853254086253895
3,"age × party_kmt × party_dpp","30至39歲 | 0-4 冷淡 | 0-4 冷淡",99.8660029040244,3.86679148335536,371,11.8606138107417,1.7264449576294,3.56466362145075,-0.553520026859245,-0.0781339938305744
3,"age × party_kmt × party_dpp","30至39歲 | 0-4 冷淡 | 5 中間",23.9775403889243,0.928405526120896,95,3.03708439897698,1.82624508242627,1.26390029422031,0.967076919562041,0.361366621223375
3,"age × party_kmt × party_dpp","30至39歲 | 0-4 冷淡 | 6-10 溫暖",88.9085612447549,3.44252155309545,183,5.85038363171356,2.98786444555365,3.34559558210806,-0.132070954539986,-0.0281555160926246
3,"age × party_kmt × party_dpp","30至39歲 | 5 中間 | 0-4 冷淡",35.7514485377786,1.38428887412624,83,2.653452685422,1.64887852558004,1.4635863107598,0.191137598805606,0.0572838791929273
3,"age × party_kmt × party_dpp","30至39歲 | 5 中間 | 5 中間",99.008788085142,3.83360029852095,70,2.23785166240409,3.40129959420317,3.36406872511693,-0.112766243388643,-0.122477967665324
3,"age × party_kmt × party_dpp","30至39歲 | 5 中間 | 6-10 溫暖",12.734978106704,0.493095782866619,39,1.24680306905371,1.76615774384627,0.912588972838245,2.58177418102968,0.850733680042643
3,"age × party_kmt × party_dpp","30至39歲 | 6-10 溫暖 | 0-4 冷淡",44.5200884419306,1.72380884204335,94,3.00511508951407,1.12053020143321,1.9371844570384,-0.349968410589558,0.123781483068687
3,"age × party_kmt × party_dpp","30至39歲 | 6-10 溫暖 | 5 中間",5.01849045623133,0.194314937928425,18,0.575447570332481,0.566334349959403,0.349916653770902,1.91451782347279,0.800770735906017
3,"age × party_kmt × party_dpp","30至39歲 | 6-10 溫暖 | 6-10 溫暖",20.2588756564208,0.784419577960763,42,1.34271099744246,1.60749197538658,0.449742258714626,1.0492756944766,-0.426655999734466
3,"age × party_kmt × party_dpp","40至49歲 | 0-4 冷淡 | 0-4 冷淡",92.4162150165074,3.57833719942913,261,8.34398976982097,2.72542347100718,3.9423102447871,-0.238354766721822,0.101715692253944
3,"age × party_kmt × party_dpp","40至49歲 | 0-4 冷淡 | 5 中間",34.5373109797913,1.33727771284687,59,1.88618925831202,1.52851688641035,0.760314059590877,0.143006326753446,-0.431446398689857
3,"age × party_kmt × party_dpp","40至49歲 | 0-4 冷淡 | 6-10 溫暖",123.225462708827,4.77126505396378,161,5.14705882352941,4.26301534232009,4.93172190259362,-0.106523051202418,0.0336298333492387
3,"age × party_kmt × party_dpp","40至49歲 | 5 中間 | 0-4 冷淡",57.4414405393878,2.22412098822889,70,2.23785166240409,1.61530582393704,1.10663212214878,-0.273732934275604,-0.502440681956781
3,"age × party_kmt × party_dpp","40至49歲 | 5 中間 | 5 中間",79.544758765788,3.07995701036223,68,2.17391304347826,4.06403701356704,4.02308840314845,0.319510954176944,0.306215765224363
3,"age × party_kmt × party_dpp","40至49歲 | 5 中間 | 6-10 溫暖",19.563132374804,0.757480538470588,32,1.0230179028133,1.52539779797873,0.957840635766293,1.01377820354121,0.264508574306408
3,"age × party_kmt × party_dpp","40至49歲 | 6-10 溫暖 | 0-4 冷淡",71.3803641535249,2.76383329823378,127,4.06010230179028,2.09347537631169,3.49176957857952,-0.24254643807587,0.263379227976926
3,"age × party_kmt × party_dpp","40至49歲 | 6-10 溫暖 | 5 中間",23.6930255409647,0.917389168611967,19,0.607416879795396,0.794798889612501,0.592150700317289,-0.133629525171905,-0.354526169942437
3,"age × party_kmt × party_dpp","40至49歲 | 6-10 溫暖 | 6-10 溫暖",35.3819381730841,1.36998150735814,48,1.53452685421995,2.1896718763607,0.99381483057339,0.598322214278095,-0.27457792296054
3,"age × party_kmt × party_dpp","50至59歲 | 0-4 冷淡 | 0-4 冷淡",42.9313733403399,1.66229411385089,66,2.10997442455243,1.88084456649588,1.45406708725052,0.131475200943049,-0.125264852269727
3,"age × party_kmt × party_dpp","50至59歲 | 0-4 冷淡 | 5 中間",17.181642055782,0.665269713810492,20,0.639386189258312,1.33178400992056,0.612315655370913,1.00187079356498,-0.0795978793868003
3,"age × party_kmt × party_dpp","50至59歲 | 0-4 冷淡 | 6-10 溫暖",104.746598419293,4.05576715699155,55,1.75831202046036,3.10505402809946,4.31486393525461,-0.234410184828585,0.0638835436635972
3,"age × party_kmt × party_dpp","50至59歲 | 5 中間 | 0-4 冷淡",39.0230433106112,1.5109643636493,44,1.40664961636829,2.48132028997427,2.21206583427415,0.642209670637998,0.464009269504901
3,"age × party_kmt × party_dpp","50至59歲 | 5 中間 | 5 中間",74.892508750402,2.89982282841021,24,0.767263427109974,2.37993170036764,2.530806453004,-0.179283755872628,-0.127254800462592
3,"age × party_kmt × party_dpp","50至59歲 | 5 中間 | 6-10 溫暖",28.6268558579443,1.1084260830297,10,0.319693094629156,0.72998571980009,0.778341783317427,-0.341421380300981,-0.297795500093287
3,"age × party_kmt × party_dpp","50至59歲 | 6-10 溫暖 | 0-4 冷淡",121.168258346403,4.69161051611482,82,2.62148337595908,4.28581502143309,4.20881271764775,-0.0864938581938756,-0.102906623814732
3,"age × party_kmt × party_dpp","50至59歲 | 6-10 溫暖 | 5 中間",18.6416298208156,0.721800145503653,12,0.383631713554987,1.13062313789128,1.20155828813216,0.566393613155013,0.66466894696141
3,"age × party_kmt × party_dpp","50至59歲 | 6-10 溫暖 | 6-10 溫暖",27.9507548431471,1.08224758814773,13,0.415601023017903,1.072844035526,1.08537075525677,-0.00868891067507716,0.00288581572575696
3,"age × party_kmt × party_dpp","60歲及以上 | 0-4 冷淡 | 0-4 冷淡",40.2989034820468,1.56036541206816,41,1.31074168797954,7.23921801715964,2.79940781847302,3.63943763503738,0.794071950596874
3,"age × party_kmt × party_dpp","60歲及以上 | 0-4 冷淡 | 5 中間",30.1103181055788,1.16586544195293,7,0.223785166240409,1.31025575533011,1.22855413465564,0.123848180228517,0.0537700925397523
3,"age × party_kmt × party_dpp","60歲及以上 | 0-4 冷淡 | 6-10 溫暖",259.179575625638,10.0353808758324,33,1.05498721227621,7.04001974901778,9.14530061468013,-0.298480064072923,-0.0886942182030991
3,"age × party_kmt × party_dpp","60歲及以上 | 5 中間 | 0-4 冷淡",57.327285899428,2.21970094360163,14,0.447570332480818,2.80738110648096,2.77494867899018,0.264756459456103,0.250145289611683
3,"age × party_kmt × party_dpp","60歲及以上 | 5 中間 | 5 中間",111.709860573992,4.32538326270512,8,0.255754475703325,2.05421435105474,4.20489492992256,-0.525079229679633,-0.0278561055667486
3,"age × party_kmt × party_dpp","60歲及以上 | 5 中間 | 6-10 溫暖",40.331199771977,1.56161591789812,3,0.0959079283887468,0.648220958339853,0.920830632337102,-0.584903719979791,-0.410334755311339
3,"age × party_kmt × party_dpp","60歲及以上 | 6-10 溫暖 | 0-4 冷淡",168.822764221299,6.53678336875864,37,1.18286445012788,6.81299878638007,5.33157548379139,0.0422555562941789,-0.184373233282799
3,"age × party_kmt × party_dpp","60歲及以上 | 6-10 溫暖 | 5 中間",23.9360810150358,0.926800227528828,2,0.0639386189258312,0.43796416039889,0.738480906445505,-0.527444914891038,-0.203193002644646
3,"age × party_kmt × party_dpp","60歲及以上 | 6-10 溫暖 | 6-10 溫暖",42.9283170306378,1.66217577415587,7,0.223785166240409,1.64379834033961,2.85007802520616,-0.0110562517526716,0.71466704636191
3,"age × party_kmt × party_tpp","20至29歲 | 0-4 冷淡 | 0-4 冷淡",102.68218639418,3.97583353989752,327,10.4539641943734,3.60602338216184,3.87208786029847,-0.0930144972179125,-0.0260940702265216
3,"age × party_kmt × party_tpp","20至29歲 | 0-4 冷淡 | 5 中間",26.0395954149858,1.00824788068722,110,3.51662404092072,1.69650179883348,0.771401839300683,0.682623719156399,-0.234908543745315
3,"age × party_kmt × party_tpp","20至29歲 | 0-4 冷淡 | 6-10 溫暖",22.9159492405066,0.887300931042107,129,4.12404092071611,0.673712102579149,0.934418944910123,-0.240717462351927,0.0531026309334276
3,"age × party_kmt × party_tpp","20至29歲 | 5 中間 | 0-4 冷淡",11.1221697546469,0.430648168877181,23,0.735294117647059,0.836741553616022,0.706529502082828,0.942981798338163,0.640618846528353
3,"age × party_kmt × party_tpp","20至29歲 | 5 中間 | 5 中間",82.1589790506686,3.18117909234449,59,1.88618925831202,3.12376502643064,3.5016156980707,-0.0180480457865489,0.100728879583467
3,"age × party_kmt × party_tpp","20至29歲 | 5 中間 | 6-10 溫暖",46.2202130162185,1.78963732254054,47,1.50255754475703,1.71728427045526,1.34208279385435,-0.0404288909121341,-0.250081132668182
3,"age × party_kmt × party_tpp","20至29歲 | 6-10 溫暖 | 0-4 冷淡",13.2116026161446,0.511550587707806,24,0.767263427109974,0.620167876716026,0.490019621420854,0.21232951660738,-0.0420896130398947
3,"age × party_kmt × party_tpp","20至29歲 | 6-10 溫暖 | 5 中間",20.050429584897,0.776348588127699,25,0.79923273657289,0.600432281618634,0.641630958322625,-0.226594482426146,-0.173527242614003
3,"age × party_kmt × party_tpp","20至29歲 | 6-10 溫暖 | 6-10 溫暖",41.2215681342099,1.59609080124195,66,2.10997442455243,1.28220862005568,1.89704969420604,-0.196656844925137,0.188560007193766
3,"age × party_kmt × party_tpp","30至39歲 | 0-4 冷淡 | 0-4 冷淡",142.032242600317,5.49945977688305,405,12.9475703324808,4.3412605444677,5.29744008280032,-0.210602364487479,-0.0367344616160162
3,"age × party_kmt × party_tpp","30至39歲 | 0-4 冷淡 | 5 中間",38.0523569654,1.47337958420961,102,3.26086956521739,1.23047252474735,1.16325807022077,-0.164863869477708,-0.210483107891845
3,"age × party_kmt × party_tpp","30至39歲 | 0-4 冷淡 | 6-10 溫暖",32.6675049719863,1.26487920147904,142,4.53964194373401,0.968821416394275,1.71346134475803,-0.234060125851211,0.35464425595303
3,"age × party_kmt × party_tpp","30至39歲 | 5 中間 | 0-4 冷淡",14.5337755083789,0.562744855331877,51,1.6304347826087,1.60422873535915,1.02657946104159,1.85072128187305,0.82423606598085
3,"age × party_kmt × party_tpp","30至39歲 | 5 中間 | 5 中間",101.379741781582,3.92540314728055,74,2.36572890025575,3.51513919443925,3.82615265839184,-0.104515112830008,-0.0252841517583922
3,"age × party_kmt × party_tpp","30至39歲 | 5 中間 | 6-10 溫暖",31.581697439664,1.22283695290139,67,2.14194373401535,1.69696793383108,0.887511889281548,0.387730334616352,-0.274218948670322
3,"age × party_kmt × party_tpp","30至39歲 | 6-10 溫暖 | 0-4 冷淡",12.893562704442,0.49923614649481,44,1.40664961636829,1.12232474181574,0.301943693437647,1.24808389716109,-0.395188638567889
3,"age × party_kmt × party_tpp","30至39歲 | 6-10 溫暖 | 5 中間",13.269287612528,0.513784139129177,35,1.11892583120205,0.891820661354782,0.891542424899291,0.735788619061592,0.735247075572213
3,"age × party_kmt × party_tpp","30至39歲 | 6-10 溫暖 | 6-10 溫暖",43.6346042376128,1.68952307230856,75,2.39769820971867,1.28021112360868,1.54335725118699,-0.242264787861459,-0.0865130660345764
3,"age × party_kmt × party_tpp","40至49歲 | 0-4 冷淡 | 0-4 冷淡",185.633098437965,7.18767611795408,315,10.0703324808184,5.81124971030208,7.56856521798327,-0.191498112194264,0.0529919676093596
3,"age × party_kmt × party_tpp","40至49歲 | 0-4 冷淡 | 5 中間",30.1842243106057,1.16872707530016,84,2.68542199488491,1.65564153380026,1.21503193594706,0.416619473263289,0.0396199092375813
3,"age × party_kmt × party_tpp","40至49歲 | 0-4 冷淡 | 6-10 溫暖",34.3616659565555,1.33047677298554,82,2.62148337595908,1.05006445563528,0.850749053041275,-0.210760776169748,-0.360568278743996
3,"age × party_kmt × party_tpp","40至49歲 | 5 中間 | 0-4 冷淡",39.8472126197423,1.54287603301344,49,1.56649616368286,1.62542850983907,1.16293605618399,0.0535055798775998,-0.246254377344483
3,"age × party_kmt × party_tpp","40至49歲 | 5 中間 | 5 中間",94.433487466753,3.65644558169525,68,2.17391304347826,3.74284254751203,3.67524845189292,0.0236286754134387,0.00514239027425956
3,"age × party_kmt × party_tpp","40至49歲 | 5 中間 | 6-10 溫暖",22.2686315934845,0.862236922353023,53,1.69437340153453,1.83646957813171,1.24937665298661,1.12988974436403,0.448994609946752
3,"age × party_kmt × party_tpp","40至49歲 | 6-10 溫暖 | 0-4 冷淡",21.1738094869781,0.81984563128176,61,1.95012787723785,1.55310131317574,0.836998493898352,0.894382617795497,0.0209220638155691
3,"age × party_kmt × party_tpp","40至49歲 | 6-10 溫暖 | 5 中間",38.8385991970332,1.50382272478524,44,1.40664961636829,1.30880006513622,1.4283530932656,-0.129684607390723,-0.0501851915626631
3,"age × party_kmt × party_tpp","40至49歲 | 6-10 溫暖 | 6-10 溫暖",70.4429191835624,2.72753561813689,89,2.84526854219949,2.21604476397294,2.81238352230624,-0.187528570025911,0.031107899601804
3,"age × party_kmt × party_tpp","50至59歲 | 0-4 冷淡 | 0-4 冷淡",146.980789952947,5.69106653195182,107,3.42071611253197,4.88948343003198,5.3885862027844,-0.140849364072525,-0.0531500251260777
3,"age × party_kmt × party_tpp","50至59歲 | 0-4 冷淡 | 5 中間",13.9124894154278,0.538688783164264,17,0.543478260869565,1.00171220622549,0.865143821910658,0.859537895594223,0.606017888155743
3,"age × party_kmt × party_tpp","50至59歲 | 0-4 冷淡 | 6-10 溫暖",3.96633444704033,0.15357566953685,17,0.543478260869565,0.426486968258429,0.127516653180976,1.77704775466465,-0.169681932264804
3,"age × party_kmt × party_tpp","50至59歲 | 5 中間 | 0-4 冷淡",59.5074276200924,2.30411559115766,36,1.15089514066496,2.53151632156652,2.43050786035603,0.0986932822648075,0.0548550036653646
3,"age × party_kmt × party_tpp","50至59歲 | 5 中間 | 5 中間",70.9379249670041,2.74670214219878,23,0.735294117647059,1.89251495161305,2.08046099438159,-0.310986465355118,-0.242560391817311
3,"age × party_kmt × party_tpp","50至59歲 | 5 中間 | 6-10 溫暖",12.0970553318609,0.468395541732782,19,0.607416879795396,1.16720643696244,1.01024521585795,1.49192473661144,1.15682073343536
3,"age × party_kmt × party_tpp","50至59歲 | 6-10 溫暖 | 0-4 冷淡",50.7925541466847,1.96667744859098,43,1.37468030690537,2.60387475165867,2.15244707359021,0.323996852419399,0.0944586135018333
3,"age × party_kmt × party_tpp","50至59歲 | 6-10 溫暖 | 5 中間",59.5686870815955,2.30648754514727,36,1.15089514066496,2.27515396713583,2.6242185569214,-0.0135849760287531,0.137755355515625
3,"age × party_kmt × party_tpp","50至59歲 | 6-10 溫暖 | 6-10 溫暖",57.3994017820858,2.22249325602795,28,0.895140664961637,1.61025347605586,1.71907613052507,-0.275474302705549,-0.22651008012622
3,"age × party_kmt × party_tpp","60歲及以上 | 0-4 冷淡 | 0-4 冷淡",305.81309516231,11.8410213434557,65,2.07800511508951,12.5228188374635,11.8789039018064,0.0575792808940955,0.00319926442592316
3,"age × party_kmt × party_tpp","60歲及以上 | 0-4 冷淡 | 5 中間",16.6502952026162,0.644696070861113,9,0.28772378516624,1.76338385702141,0.908215819880964,1.73521731669014,0.408750356843142
3,"age × party_kmt × party_tpp","60歲及以上 | 0-4 冷淡 | 6-10 溫暖",7.12540684833661,0.27589431553668,7,0.223785166240409,1.3032908270226,0.386142846121389,3.72387705592044,0.399604212106544
3,"age × party_kmt × party_tpp","60歲及以上 | 5 中間 | 0-4 冷淡",108.521957272949,4.20194829008403,13,0.415601023017903,2.71928031168951,3.78496585510768,-0.352852504609205,-0.0992354989137685
3,"age × party_kmt × party_tpp","60歲及以上 | 5 中間 | 5 中間",84.0158562380431,3.25307700239379,9,0.28772378516624,2.20514808842017,3.63804449730468,-0.322134678399095,0.118339496614316
3,"age × party_kmt × party_tpp","60歲及以上 | 5 中間 | 6-10 溫暖",16.8305327344057,0.651674831727053,3,0.0959079283887468,0.585388015765869,0.477663888837485,-0.101717624701743,-0.26702111914988
3,"age × party_kmt × party_tpp","60歲及以上 | 6-10 溫暖 | 0-4 冷淡",95.5683395555788,3.70038682560543,24,0.767263427109974,4.34758686842363,3.83657600549506,0.174900645073049,0.036804038687861
3,"age × party_kmt × party_tpp","60歲及以上 | 6-10 溫暖 | 5 中間",79.4633916720217,3.07680649290833,14,0.447570332480818,2.8704671459443,2.54347702952217,-0.0670628287607994,-0.173338643367863
3,"age × party_kmt × party_tpp","60歲及以上 | 6-10 溫暖 | 6-10 溫暖",60.6554310393722,2.34856605192958,8,0.255754475703325,1.67670727275065,2.54008138042582,-0.286071911252798,0.0815456428567953
3,"age × party_dpp × party_tpp","20至29歲 | 0-4 冷淡 | 0-4 冷淡",63.7879737303765,2.46985747289957,220,7.03324808184143,1.59037208518779,1.61705199752277,-0.356087506004659,-0.345285298740589
3,"age × party_dpp × party_tpp","20至29歲 | 0-4 冷淡 | 5 中間",37.692413646054,1.45944265150714,86,2.74936061381074,1.06020444166837,1.32891988633347,-0.273555257156891,-0.0894332949903041
3,"age × party_dpp × party_tpp","20至29歲 | 0-4 冷淡 | 6-10 溫暖",62.356142827325,2.41441726922139,144,4.60358056265985,0.978404126409736,2.83362095804086,-0.594765934255742,0.173625203134275
3,"age × party_dpp × party_tpp","20至29歲 | 5 中間 | 0-4 冷淡",22.3922716399036,0.8670242400046,37,1.18286445012788,0.78529157830574,0.803291588352567,-0.0942680238079926,-0.0735073469822419
3,"age × party_dpp × party_tpp","20至29歲 | 5 中間 | 5 中間",76.9256747818694,2.97854660693454,68,2.17391304347826,3.10095628250384,3.1285987451937,0.0410971160512686,0.0503776364988923
3,"age × party_dpp × party_tpp","20至29歲 | 5 中間 | 6-10 溫暖",26.4749987051239,1.02510660823386,34,1.08695652173913,1.154310937524,1.06462419223373,0.12603989502394,0.0385497310059824
3,"age × party_dpp × party_tpp","20至29歲 | 6-10 溫暖 | 0-4 冷淡",40.8357133946916,1.58115058357834,117,3.74040920716113,2.68726914900035,2.64829339792682,0.69956560552173,0.674915359379253
3,"age × party_dpp × party_tpp","20至29歲 | 6-10 溫暖 | 5 中間",13.630915622628,0.527786302717734,40,1.27877237851662,1.25953838271055,0.457129864166851,1.38645523050675,-0.133873194865141
3,"age × party_dpp × party_tpp","20至29歲 | 6-10 溫暖 | 6-10 溫暖",21.5265888584862,0.833505177369347,64,2.0460358056266,1.54048992915635,0.275306282695922,0.848206791010395,-0.669700572748899
3,"age × party_dpp × party_tpp","30至39歲 | 0-4 冷淡 | 0-4 冷淡",74.5377344797059,2.88608604022856,287,9.17519181585678,2.36846360220787,1.51229584183534,-0.179351007144504,-0.476004588651981
3,"age × party_dpp × party_tpp","30至39歲 | 0-4 冷淡 | 5 中間",43.1631565204085,1.67126871181828,95,3.03708439897698,1.16918793807612,1.99812333865313,-0.300418939331378,0.19557275531069
3,"age × party_dpp × party_tpp","30至39歲 | 0-4 冷淡 | 6-10 溫暖",62.4366488836191,2.4175344474781,166,5.30690537084399,0.958202144358668,3.45501520876047,-0.603644884829569,0.429148284676827
3,"age × party_dpp × party_tpp","30至39歲 | 5 中間 | 0-4 冷淡",19.630099452237,0.760073490197432,76,2.42966751918159,1.87645529393761,1.30736390142415,1.46878139829636,0.720049335077531
3,"age × party_dpp × party_tpp","30至39歲 | 5 中間 | 5 中間",86.2649952490031,3.34016321110909,68,2.17391304347826,3.0427782819468,3.16774577057744,-0.0890330532870997,-0.0516194657668832
3,"age × party_dpp × party_tpp","30至39歲 | 5 中間 | 6-10 溫暖",22.1097242290576,0.856084061263758,39,1.24680306905371,0.874645450704424,0.502776001106554,0.0216817369701583,-0.41270253254762
3,"age × party_dpp × party_tpp","30至39歲 | 6-10 溫暖 | 0-4 冷淡",75.2917468811951,2.91528124828375,137,4.37979539641944,2.8228951254971,3.80630349402006,-0.0316902950070569,0.305638519872092
3,"age × party_dpp × party_tpp","30至39歲 | 6-10 溫暖 | 5 中間",23.2732345900982,0.90113494769196,48,1.53452685421995,1.42546616051847,0.715084044281329,0.581856484613605,-0.206462865397857
3,"age × party_dpp × party_tpp","30至39歲 | 6-10 溫暖 | 6-10 溫暖",23.3374335365863,0.903620717947121,79,2.52557544757033,2.11315287877095,0.186539275359544,1.33853965142774,-0.793564632091071
3,"age × party_dpp × party_tpp","40至49歲 | 0-4 冷淡 | 0-4 冷淡",79.4669628392567,3.07694476778315,245,7.83248081841432,3.48566174477065,3.10282359394179,0.132832081117261,0.00841055921107377
3,"age × party_dpp × party_tpp","40至49歲 | 0-4 冷淡 | 5 中間",63.0853365066724,2.44265150136271,93,2.97314578005115,1.94007168996255,2.44803230428641,-0.20575174605128,0.00220285330130132
3,"age × party_dpp × party_tpp","40至49歲 | 0-4 冷淡 | 6-10 溫暖",78.685720363491,3.04669521674595,120,3.83631713554987,1.00847123652271,2.98985604728719,-0.668995037317904,-0.0186560077116835
3,"age × party_dpp × party_tpp","40至49歲 | 5 中間 | 0-4 冷淡",47.3463434279945,1.83324086487504,53,1.69437340153453,1.78190509024575,1.19752896872514,-0.028002743999923,-0.346769433482617
3,"age × party_dpp × party_tpp","40至49歲 | 5 中間 | 5 中間",74.1388673535105,2.8706419855782,64,2.0460358056266,3.21984163085793,3.04710425815143,0.121645139670525,0.0614713619670305
3,"age × party_dpp × party_tpp","40至49歲 | 5 中間 | 6-10 溫暖",16.289884505039,0.63074104136783,29,0.927109974424552,1.38560606848621,1.13091993618004,1.19679072330757,0.793001980222372
3,"age × party_dpp × party_tpp","40至49歲 | 6-10 溫暖 | 0-4 冷淡",119.840814277434,4.64021214959109,127,4.06010230179028,3.72221269830048,5.26814720539868,-0.197835663908492,0.135324643693916
3,"age × party_dpp × party_tpp","40至49歲 | 6-10 溫暖 | 5 中間",26.232107114209,1.01570189483974,39,1.24680306905371,1.54737082562802,0.823496918667737,0.523449777429196,-0.189233649310393
3,"age × party_dpp × party_tpp","40至49歲 | 6-10 溫暖 | 6-10 溫暖",32.0976118650725,1.24281305536167,75,2.39769820971867,2.70850149273101,0.791733244866893,1.17933138137401,-0.362950653397754
3,"age × party_dpp × party_tpp","50至59歲 | 0-4 冷淡 | 0-4 冷淡",91.1899006547348,3.530854554764,110,3.51662404092072,5.02664986599623,3.4788772878065,0.423635493343681,-0.014720874550715
3,"age × party_dpp × party_tpp","50至59歲 | 0-4 冷淡 | 5 中間",61.4344052169125,2.37872777491715,44,1.40664961636829,2.18355401223022,2.72036422733177,-0.0820496421427317,0.143621500542039
3,"age × party_dpp × party_tpp","50至59歲 | 0-4 冷淡 | 6-10 溫暖",50.4983691257071,1.95528666393387,38,1.21483375959079,1.43777599967679,1.67570412403415,-0.264672527973923,-0.142988005317448
3,"age × party_dpp × party_tpp","50至59歲 | 5 中間 | 0-4 冷淡",36.3424702336884,1.4071731149466,29,0.927109974424552,2.20630856722173,1.97636891637328,0.567901307797133,0.404495932576347
3,"age × party_dpp × party_tpp","50至59歲 | 5 中間 | 5 中間",61.7066829165958,2.3892703125138,20,0.639386189258312,2.03210208229259,1.78456953864584,-0.149488414245362,-0.25309014668656
3,"age × party_dpp × party_tpp","50至59歲 | 5 中間 | 6-10 溫暖",12.6666274767154,0.490449260263968,7,0.223785166240409,0.603928198665159,0.583741941487956,0.231377529940844,0.19021882339832
3,"age × party_dpp × party_tpp","50至59歲 | 6-10 溫暖 | 0-4 冷淡",129.748400831301,5.02383190198986,47,1.50255754475703,2.79191607003921,4.51629493255087,-0.444265627412141,-0.101025866179553
3,"age × party_dpp × party_tpp","50至59歲 | 6-10 溫暖 | 5 中間",21.2780133305192,0.823880383079372,12,0.383631713554987,0.953725030451556,1.06488960723604,0.157601333930141,0.292529387889857
3,"age × party_dpp × party_tpp","50至59歲 | 6-10 溫暖 | 6-10 溫暖",10.2977949585645,0.398728543099748,19,0.607416879795396,1.16224268293478,0.597391934041894,1.91487204276727,0.498242211098611
3,"age × party_dpp × party_tpp","60歲及以上 | 0-4 冷淡 | 0-4 冷淡",139.820273031032,5.41381276145004,67,2.14194373401535,12.096190507039,7.985004938914,1.23432006979849,0.474931862396972
3,"age × party_dpp × party_tpp","60歲及以上 | 0-4 冷淡 | 5 中間",78.9966880001887,3.05873582089767,16,0.51150895140665,3.26505245630011,2.41303478557504,0.0674516033692273,-0.211100622326098
3,"age × party_dpp × party_tpp","60歲及以上 | 0-4 冷淡 | 6-10 溫暖",47.6319925715537,1.84430114208073,9,0.28772378516624,1.49835494668158,0.507892256765552,-0.187575763797907,-0.724615332508794
3,"age × party_dpp × party_tpp","60歲及以上 | 5 中間 | 0-4 冷淡",81.5974489416523,3.15943675981839,8,0.255754475703325,1.68057452417267,2.64375414793312,-0.468077808821444,-0.163219792351506
3,"age × party_dpp × party_tpp","60歲及以上 | 5 中間 | 5 中間",70.576428372329,2.73270506698895,8,0.255754475703325,1.93950909718715,3.22101076251533,-0.29026036486103,0.178689497606273
3,"age × party_dpp × party_tpp","60歲及以上 | 5 中間 | 6-10 溫暖",13.5823823806258,0.525907105379535,1,0.0319693094629156,0.182350645423911,0.307165060575258,-0.653264533681641,-0.415932856899539
3,"age × party_dpp × party_tpp","60歲及以上 | 6-10 溫暖 | 0-4 冷淡",288.485670018154,11.1701069378767,27,0.863171355498721,5.812920986365,8.87168667556207,-0.479600238503183,-0.205765287216809
3,"age × party_dpp × party_tpp","60歲及以上 | 6-10 溫暖 | 5 中間",30.5564267401634,1.18313867827661,8,0.255754475703325,1.63443753789862,1.45569179861744,0.381442064153786,0.230364474887963
3,"age × party_dpp × party_tpp","60歲及以上 | 6-10 溫暖 | 6-10 溫暖",23.396995669935,0.905926951733052,8,0.255754475703325,1.88468052343362,2.58883079804389,1.08038906429287,1.85765954207612
3,"edu × arear × party_kmt","高中職及以下 | 北北基宜蘭區 | 0-4 冷淡",131.068954731569,5.07496348257168,68,2.17391304347826,7.76670977297764,4.57722803523028,0.530397174216109,-0.0980766559307693
3,"edu × arear × party_kmt","高中職及以下 | 北北基宜蘭區 | 5 中間",82.0078116591732,3.17532592144551,32,1.0230179028133,4.09195373589991,4.69327023126116,0.288672040959223,0.478043623668289
3,"edu × arear × party_kmt","高中職及以下 | 北北基宜蘭區 | 6-10 溫暖",105.087410667928,4.06896333849602,27,0.863171355498721,3.66431260924638,3.65005002936083,-0.0994481138282296,-0.102953326015966
3,"edu × arear × party_kmt","高中職及以下 | 桃竹苗區 | 0-4 冷淡",65.1283957347555,2.52175834246392,23,0.735294117647059,2.41332898041863,2.15924369223255,-0.042997522886887,-0.143754714370122
3,"edu × arear × party_kmt","高中職及以下 | 桃竹苗區 | 5 中間",79.8230773627503,3.09073345028271,11,0.351662404092072,1.77954432555926,3.13623276963403,-0.424232353198727,0.0147212045565312
3,"edu × arear × party_kmt","高中職及以下 | 桃竹苗區 | 6-10 溫暖",66.0449443410659,2.55724691957628,17,0.543478260869565,2.16996351257609,2.75274603489915,-0.151445448632843,0.0764490569237888
3,"edu × arear × party_kmt","高中職及以下 | 中彰投區 | 0-4 冷淡",71.8396723480073,2.78161761885355,43,1.37468030690537,4.80883386061142,3.23875276668691,0.7287904088677,0.164341476964677
3,"edu × arear × party_kmt","高中職及以下 | 中彰投區 | 5 中間",80.4716424243049,3.11584575861082,14,0.447570332480818,2.20914612651419,3.11973733622569,-0.290996314432738,0.00124896349702716
3,"edu × arear × party_kmt","高中職及以下 | 中彰投區 | 6-10 溫暖",68.987384602369,2.67117761282354,17,0.543478260869565,2.2446128874573,2.2066922458428,-0.159691636871479,-0.173887863072409
3,"edu × arear × party_kmt","高中職及以下 | 雲嘉南區 | 0-4 冷淡",79.7911613974148,3.08949767054432,31,0.991048593350384,3.80677274528037,3.30866736673876,0.232165598173011,0.0709402367524109
3,"edu × arear × party_kmt","高中職及以下 | 雲嘉南區 | 5 中間",62.2436136781411,2.41006016326901,9,0.28772378516624,1.36409461548133,1.93640360779634,-0.433999766366386,-0.19653308356842
3,"edu × arear × party_kmt","高中職及以下 | 雲嘉南區 | 6-10 溫暖",40.388417735816,1.56383138591359,13,0.415601023017903,1.76042364700959,1.71317213513632,0.125711929602399,0.0954967080005756
3,"edu × arear × party_kmt","高中職及以下 | 高屏區 | 0-4 冷淡",95.9609111294834,3.71558711774128,28,0.895140664961637,3.96340946521741,4.42274484505175,0.066698031730387,0.190321934300482
3,"edu × arear × party_kmt","高中職及以下 | 高屏區 | 5 中間",77.9645794640666,3.01877278661852,6,0.191815856777494,0.97224044240356,1.70699720718478,-0.677935203764502,-0.434539354948647
3,"edu × arear × party_kmt","高中職及以下 | 高屏區 | 6-10 溫暖",35.2084426860943,1.36326379710655,11,0.351662404092072,1.62650531901579,1.85192571083923,0.193096539692426,0.358450004151675
3,"edu × arear × party_kmt","高中職及以下 | 花東區 | 0-4 冷淡",8.59779802861154,0.332905004965457,2,0.0639386189258312,0.198149599617667,0.201164831975577,-0.404786360486748,-0.395729024871673
3,"edu × arear × party_kmt","高中職及以下 | 花東區 | 5 中間",8.86825684137755,0.343377115627652,2,0.0639386189258312,0.274484691326859,0.321018176319056,-0.200631961669507,-0.0651148206767545
3,"edu × arear × party_kmt","高中職及以下 | 花東區 | 6-10 溫暖",15.6196073533254,0.604788045289429,2,0.0639386189258312,0.385229195586805,0.503668509784885,-0.363034374460148,-0.167198304087099
3,"edu × arear × party_kmt","專科 | 北北基宜蘭區 | 0-4 冷淡",35.4754917123995,1.37360388152495,63,2.01406649616368,1.604170173897,1.2056105886629,0.167855009346712,-0.122301119792663
3,"edu × arear × party_kmt","專科 | 北北基宜蘭區 | 5 中間",36.2147018209229,1.40222594778303,34,1.08695652173913,1.81417066144855,1.45446905130996,0.293779126193476,0.0372572648577242
3,"edu × arear × party_kmt","專科 | 北北基宜蘭區 | 6-10 溫暖",31.3588590585045,1.21420869574304,33,1.05498721227621,1.46484363077801,1.17726843388361,0.206418333119899,-0.030423321780631
3,"edu × arear × party_kmt","專科 | 桃竹苗區 | 0-4 冷淡",13.78494072635,0.533750123657552,21,0.671355498721228,0.820756076611303,0.777170902206027,0.53771594653136,0.456057559069815
3,"edu × arear × party_kmt","專科 | 桃竹苗區 | 5 中間",13.1659133929489,0.509781510203984,7,0.223785166240409,0.457513947808246,0.499460320259182,-0.102529341197219,-0.0202463010882296
3,"edu × arear × party_kmt","專科 | 桃竹苗區 | 6-10 溫暖",21.6062703734147,0.836590429550739,7,0.223785166240409,0.492164926351709,0.654523462602275,-0.411701462308135,-0.217629751091267
3,"edu × arear × party_kmt","專科 | 中彰投區 | 0-4 冷淡",18.5513663801165,0.718305163291449,17,0.543478260869565,0.532854834445533,0.626540652211458,-0.258177635806121,-0.127751429015913
3,"edu × arear × party_kmt","專科 | 中彰投區 | 5 中間",16.9243588714424,0.655307760822635,8,0.255754475703325,0.355884243520392,0.442091553858319,-0.456920450516815,-0.325368047978949
3,"edu × arear × party_kmt","專科 | 中彰投區 | 6-10 溫暖",18.1419287123103,0.702451819402642,16,0.51150895140665,1.00677483219116,0.984832653074828,0.433229731040215,0.401993170025981
3,"edu × arear × party_kmt","專科 | 雲嘉南區 | 0-4 冷淡",15.1484776544392,0.586545998404268,18,0.575447570332481,0.592827769920504,0.314893191522118,0.0107097679181607,-0.463139817885037
3,"edu × arear × party_kmt","專科 | 雲嘉南區 | 5 中間",10.8435236100509,0.419859046378414,10,0.319693094629156,0.459537517937184,0.700975079319467,0.0945042673273937,0.669548591047119
3,"edu × arear × party_kmt","專科 | 雲嘉南區 | 6-10 溫暖",9.41986079114009,0.364735109270161,14,0.447570332480818,0.830837666403591,0.40177777240673,1.27792073010494,0.101560453586966
3,"edu × arear × party_kmt","專科 | 高屏區 | 0-4 冷淡",20.0599849413876,0.776718569603116,20,0.639386189258312,0.317500053512662,0.839696261344492,-0.59122896511294,0.0810817382331376
3,"edu × arear × party_kmt","專科 | 高屏區 | 5 中間",22.4228301883615,0.868207460835359,8,0.255754475703325,0.520859259632075,0.870039101855305,-0.400075116688214,0.00210968127155132
3,"edu × arear × party_kmt","專科 | 高屏區 | 6-10 溫暖",11.7897695355988,0.456497497699877,8,0.255754475703325,0.242315166781284,0.407159878803132,-0.469186210215345,-0.108078618492628
3,"edu × arear × party_kmt","專科 | 花東區 | 0-4 冷淡",2.29665916785934,0.0889261796027147,1,0.0319693094629156,0.0648720371844225,0.142547572513751,-0.270495623738208,0.602987704527442
3,"edu × arear × party_kmt","專科 | 花東區 | 5 中間",1.05078718924177,0.0406862679593161,1,0.0319693094629156,0.068925614432028,0.0371650313253971,0.694075615412789,-0.0865460709603549
3,"edu × arear × party_kmt","專科 | 花東區 | 6-10 溫暖",6.39154687172473,0.247479405306766,3,0.0959079283887468,0.149072454184342,0.25965935988103,-0.397636930638501,0.0492160329832932
3,"edu × arear × party_kmt","大學及以上 | 北北基宜蘭區 | 0-4 冷淡",202.389277572863,7.83647199330988,682,21.8030690537084,4.35711778817884,8.29877754852363,-0.443994977344578,0.0589940926999329
3,"edu × arear × party_kmt","大學及以上 | 北北基宜蘭區 | 5 中間",111.153420001124,4.30383799599179,169,5.40281329923274,4.41521292583865,2.83565256937124,0.0258780488370115,-0.341133989705907
3,"edu × arear × party_kmt","大學及以上 | 北北基宜蘭區 | 6-10 溫暖",98.8028680060663,3.82562711460583,190,6.07416879795396,3.09673707320695,4.3829018838683,-0.190528250549057,0.145668867500142
3,"edu × arear × party_kmt","大學及以上 | 桃竹苗區 | 0-4 冷淡",74.536019192265,2.88601962464492,237,7.576726342711,3.13749778334608,3.01935811753617,0.0871366766024997,0.0462015198207983
3,"edu × arear × party_kmt","大學及以上 | 桃竹苗區 | 5 中間",50.5127597512745,1.95584386605236,77,2.4616368286445,3.23201813655437,1.91452081528175,0.652492917585399,-0.0211279905762695
3,"edu × arear × party_kmt","大學及以上 | 桃竹苗區 | 6-10 溫暖",46.0493486351049,1.78302148817763,73,2.33375959079284,2.17195806538437,1.76148963995893,0.218133421153693,-0.0120760452756586
3,"edu × arear × party_kmt","大學及以上 | 中彰投區 | 0-4 冷淡",99.955085730639,3.87024075242841,230,7.35294117647059,2.28581911981802,3.53389065617811,-0.409385806714022,-0.0869067631100859
3,"edu × arear × party_kmt","大學及以上 | 中彰投區 | 5 中間",68.8473252993136,2.66575454486778,87,2.78132992327366,3.39080935136245,2.85705230658146,0.271988584954521,0.0717612062528333
3,"edu × arear × party_kmt","大學及以上 | 中彰投區 | 6-10 溫暖",43.2361543109013,1.67409517153804,75,2.39769820971867,2.02006094671836,1.84520603197924,0.206658367494407,0.102210951533895
3,"edu × arear × party_kmt","大學及以上 | 雲嘉南區 | 0-4 冷淡",87.3801538730553,3.3833419280366,202,6.45780051150895,2.54767281770873,3.42018429698822,-0.246995168712616,0.0108893424712179
3,"edu × arear × party_kmt","大學及以上 | 雲嘉南區 | 5 中間",37.215203212202,1.44096515979095,38,1.21483375959079,1.61631881585661,1.62761848741324,0.121691808350935,0.129533546563583
3,"edu × arear × party_kmt","大學及以上 | 雲嘉南區 | 6-10 溫暖",28.7430164323574,1.11292379703427,46,1.47058823529412,1.39327466304367,0.948068321320368,0.251904817523425,-0.148128269117089
3,"edu × arear × party_kmt","大學及以上 | 高屏區 | 0-4 冷淡",78.4602090195584,3.03796346300832,210,6.71355498721228,2.92596110339906,2.24618346904276,-0.0368675795390744,-0.260628543959351
3,"edu × arear × party_kmt","大學及以上 | 高屏區 | 5 中間",33.3145436986563,1.28993241042836,76,2.42966751918159,3.51117143872287,2.58373572245054,1.72198094282853,1.00300085613984
3,"edu × arear × party_kmt","大學及以上 | 高屏區 | 6-10 溫暖",22.4509170877347,0.869294979912243,58,1.8542199488491,1.31627583426889,0.467755886381626,0.514187778240445,-0.461913507853402
3,"edu × arear × party_kmt","大學及以上 | 花東區 | 0-4 冷淡",8.59267598040549,0.332706680292349,22,0.703324808184143,0.796669612799547,0.608268800299372,1.39451042010793,0.828243423801671
3,"edu × arear × party_kmt","大學及以上 | 花東區 | 5 中間",2.41231393014079,0.0934043086636041,5,0.159846547314578,0.266035625333263,0.0634821081848737,1.84821577440706,-0.320351393922258
3,"edu × arear × party_kmt","大學及以上 | 花東區 | 6-10 溫暖",8.85744083329002,0.342958321976754,6,0.191815856777494,0.223792499219101,0.290256939400095,-0.347464444282328,-0.153667017825656
3,"edu × arear × party_dpp","高中職及以下 | 北北基宜蘭區 | 0-4 冷淡",113.179903244508,4.38230301830986,65,2.07800511508951,7.43199088395652,4.3915464806489,0.695909856736207,0.00210927046815837
3,"edu × arear × party_dpp","高中職及以下 | 北北基宜蘭區 | 5 中間",81.188739922801,3.1436116290701,27,0.863171355498721,3.46176178795312,3.64054280485376,0.101205300279771,0.158076516573598
3,"edu × arear × party_dpp","高中職及以下 | 北北基宜蘭區 | 6-10 溫暖",123.795533891362,4.79333809513324,35,1.11892583120205,4.62922344621428,4.88845901034961,-0.0342380707685926,0.0198443993159883
3,"edu × arear × party_dpp","高中職及以下 | 桃竹苗區 | 0-4 冷淡",79.6566306205873,3.08428866600866,28,0.895140664961637,2.974271867253,2.83299084545809,-0.0356700719903847,-0.0814767512911722
3,"edu × arear × party_dpp","高中職及以下 | 桃竹苗區 | 5 中間",69.8731786028551,2.70547537780347,9,0.28772378516624,1.46617238158949,2.70057011709722,-0.458072177030919,-0.00181308643445407
3,"edu × arear × party_dpp","高中職及以下 | 桃竹苗區 | 6-10 溫暖",61.4666082151293,2.37997466851078,14,0.447570332480818,1.92239256971149,2.51466153421041,-0.192263432402671,0.0565917223748897
3,"edu × arear × party_dpp","高中職及以下 | 中彰投區 | 0-4 冷淡",96.5506203635537,3.73842054030402,38,1.21483375959079,4.061695528677,2.68326273029093,0.0864736818364194,-0.282246953930785
3,"edu × arear × party_dpp","高中職及以下 | 中彰投區 | 5 中間",60.5935893732714,2.34617155509541,13,0.415601023017903,2.05267350876075,2.93211826656681,-0.125096583707715,0.249745893559593
3,"edu × arear × party_dpp","高中職及以下 | 中彰投區 | 6-10 溫暖",64.1544896378562,2.48404889488848,23,0.735294117647059,3.14822383714516,2.94980135189765,0.267375953679244,0.187497298449949
3,"edu × arear × party_dpp","高中職及以下 | 雲嘉南區 | 0-4 冷淡",51.9672024132709,2.01215959247471,27,0.863171355498721,3.60929390047459,2.96194628568529,0.79374136821603,0.472023539664893
3,"edu × arear × party_dpp","高中職及以下 | 雲嘉南區 | 5 中間",51.2872718984918,1.98583282012609,9,0.28772378516624,1.02507092396045,1.36404517800831,-0.48380804588809,-0.313111776487959
3,"edu × arear × party_dpp","高中職及以下 | 雲嘉南區 | 6-10 溫暖",79.1687184996091,3.06539680712614,17,0.543478260869565,2.29692618333625,2.63225164597782,-0.250692054615384,-0.141301498109929
3,"edu × arear × party_dpp","高中職及以下 | 高屏區 | 0-4 冷淡",44.6171854620583,1.72756841907228,21,0.671355498721228,2.50152184342191,2.12114220557847,0.448001604917766,0.227819507558226
3,"edu × arear × party_dpp","高中職及以下 | 高屏區 | 5 中間",63.0428483730151,2.44100636939995,8,0.255754475703325,1.20278230510574,1.96466868835141,-0.507259661349674,-0.195139876331268
3,"edu × arear × party_dpp","高中職及以下 | 高屏區 | 6-10 溫暖",101.473899444571,3.92904891299412,16,0.51150895140665,2.85785107810911,3.89585686914587,-0.272635403275931,-0.00844785712350653
3,"edu × arear × party_dpp","高中職及以下 | 花東區 | 0-4 冷淡",14.1703152836213,0.548671748761448,4,0.127877237851662,0.59117631327919,0.732019841870294,0.0774681120609742,0.33416718379018
3,"edu × arear × party_dpp","高中職及以下 | 花東區 | 5 中間",7.85494977340385,0.304142070401799,1,0.0319693094629156,0.155561806942881,0.176199715578097,-0.488522562046842,-0.420666416371398
3,"edu × arear × party_dpp","高中職及以下 | 花東區 | 6-10 溫暖",11.0603971662894,0.42825634671929,1,0.0319693094629156,0.11112536630926,0.117631960631127,-0.740516708834443,-0.725323485495871
3,"edu × arear × party_dpp","專科 | 北北基宜蘭區 | 0-4 冷淡",50.6978980107361,1.96301238210499,71,2.26982097186701,2.35986307912355,1.41131189672117,0.20216413336782,-0.281047888649699
3,"edu × arear × party_dpp","專科 | 北北基宜蘭區 | 5 中間",23.8079993473121,0.92184093119648,22,0.703324808184143,1.14941105579643,1.18681138409831,0.246864851514654,0.287436198518459
3,"edu × arear × party_dpp","專科 | 北北基宜蘭區 | 6-10 溫暖",28.5431552337787,1.10518521174955,37,1.18286445012788,1.37391033120358,1.23922479303698,0.243149398487359,0.121282460045991
3,"edu × arear × party_dpp","專科 | 桃竹苗區 | 0-4 冷淡",23.0028439991459,0.890665478564626,21,0.671355498721228,1.03394708852917,1.08337243066145,0.160870285660401,0.216362884533694
3,"edu × arear × party_dpp","專科 | 桃竹苗區 | 5 中間",11.6128468482686,0.449647086942592,7,0.223785166240409,0.396014118071965,0.451780934019423,-0.119277919123879,0.00474560413888375
3,"edu × arear × party_dpp","專科 | 桃竹苗區 | 6-10 溫暖",13.9414336452991,0.539809497905058,7,0.223785166240409,0.340473744170119,0.39600132038661,-0.369270556573271,-0.266405422795545
3,"edu × arear × party_dpp","專科 | 中彰投區 | 0-4 冷淡",24.617900687656,0.9532001476879,25,0.79923273657289,1.05341342760983,1.25162344557319,0.105133512793729,0.313075169584426
3,"edu × arear × party_dpp","專科 | 中彰投區 | 5 中間",16.9858616077429,0.657689134363325,5,0.159846547314578,0.36836926931225,0.378847213168379,-0.439903671711333,-0.423972218219598
3,"edu × arear × party_dpp","專科 | 中彰投區 | 6-10 溫暖",12.0138916684702,0.465175461465501,11,0.351662404092072,0.473731213235003,0.422994200403036,0.0183925259998614,-0.090678173198508
3,"edu × arear × party_dpp","專科 | 雲嘉南區 | 0-4 冷淡",9.84285533907497,0.381113372822296,25,0.79923273657289,1.02070863470657,0.306386024134461,1.67822833701116,-0.196076427689872
3,"edu × arear × party_dpp","專科 | 雲嘉南區 | 5 中間",9.44151548762828,0.365573574749105,6,0.191815856777494,0.291379928413852,0.498543129170214,-0.202951338553867,0.363728572319174
3,"edu × arear × party_dpp","專科 | 雲嘉南區 | 6-10 溫暖",16.127491228927,0.624453206481443,11,0.351662404092072,0.571114391140855,0.61271688994364,-0.0854168331381168,-0.0187945492408189
3,"edu × arear × party_dpp","專科 | 高屏區 | 0-4 冷淡",18.5855745760876,0.719629697737561,19,0.607416879795396,0.265148108971108,0.757540544504586,-0.631549240109594,0.0526810481643717
3,"edu × arear × party_dpp","專科 | 高屏區 | 5 中間",16.3090376412335,0.63148264693692,8,0.255754475703325,0.418121312772829,0.584997387927106,-0.337873629939041,-0.0736128842736942
3,"edu × arear × party_dpp","專科 | 高屏區 | 6-10 溫暖",19.3779724480268,0.75031118346387,9,0.28772378516624,0.397405058182084,0.774357309571237,-0.470346348367843,0.0320482043148491
3,"edu × arear × party_dpp","專科 | 花東區 | 0-4 冷淡",6.34574494668721,0.245705964010367,3,0.0959079283887468,0.149072454184342,0.25965935988103,-0.393289231766256,0.0567889995135585
3,"edu × arear × party_dpp","專科 | 花東區 | 5 中間",1.52196388410113,0.058930134519077,1,0.0319693094629156,0.0689256144320281,0.0371650313253971,0.169615766102065,-0.369337408972554
3,"edu × arear × party_dpp","專科 | 花東區 | 6-10 溫暖",1.8712843980375,0.0724557543393534,1,0.0319693094629156,0.0648720371844225,0.142547572513751,-0.104666871859644,0.967374072818505
3,"edu × arear × party_dpp","大學及以上 | 北北基宜蘭區 | 0-4 冷淡",203.054440394172,7.86222696354688,610,19.5012787723785,4.17909277457991,8.04245936579334,-0.468459408007906,0.0229238360940363
3,"edu × arear × party_dpp","大學及以上 | 北北基宜蘭區 | 5 中間",80.7720208155032,3.1274763493133,168,5.37084398976982,3.94095303937617,2.53177699665682,0.260106424223318,-0.190472856105619
3,"edu × arear × party_dpp","大學及以上 | 北北基宜蘭區 | 6-10 溫暖",128.519104370378,4.97623379104733,263,8.4079283887468,3.74902197326836,4.94309563931301,-0.246614582294513,-0.0066592835316415
3,"edu × arear × party_dpp","大學及以上 | 桃竹苗區 | 0-4 冷淡",84.4898856525681,3.27143132568344,219,7.00127877237852,2.48329095876543,3.33481086048055,-0.240916066533462,0.0193736406139819
3,"edu × arear × party_dpp","大學及以上 | 桃竹苗區 | 5 中間",44.4000681594691,1.71916168092188,63,2.01406649616368,2.66292971344008,1.71763383649876,0.548969909573667,-0.000888714796335416
3,"edu × arear × party_dpp","大學及以上 | 桃竹苗區 | 6-10 溫暖",42.2081737666071,1.6342919722696,105,3.35677749360614,3.3952533130793,1.64292387579754,1.07750718396064,0.00528173892695385
3,"edu × arear × party_dpp","大學及以上 | 中彰投區 | 0-4 冷淡",97.3059262570435,3.76766583210849,205,6.5537084398977,1.87881730278702,4.47154946833618,-0.501331225615732,0.186822204408128
3,"edu × arear × party_dpp","大學及以上 | 中彰投區 | 5 中間",54.847023553076,2.12366568597168,73,2.33375959079284,2.70851572882529,1.83371577815791,0.275396474462508,-0.13653274605749
3,"edu × arear × party_dpp","大學及以上 | 中彰投區 | 6-10 溫暖",59.8856155307343,2.31875895075405,114,3.64450127877238,3.10935638628652,1.93088374824472,0.340957146613004,-0.16727706965107
3,"edu × arear × party_dpp","大學及以上 | 雲嘉南區 | 0-4 冷淡",52.3315623136292,2.02626753430288,152,4.85933503836317,1.75590304670505,1.28330908757565,-0.133429807772568,-0.366663549679209
3,"edu × arear × party_dpp","大學及以上 | 雲嘉南區 | 5 中間",42.107910060147,1.63040978178479,55,1.75831202046036,1.8151652836458,2.05241633442072,0.113318445414846,0.258834654545537
3,"edu × arear × party_dpp","大學及以上 | 雲嘉南區 | 6-10 溫暖",58.8989011438385,2.28055356877416,79,2.52557544757033,1.98619796625816,2.66014568372546,-0.129071996618006,0.166447357408637
3,"edu × arear × party_dpp","大學及以上 | 高屏區 | 0-4 冷淡",56.6751766152489,2.19445140368859,190,6.07416879795396,2.14143921171424,1.77132728158045,-0.0241573779602719,-0.192815444168381
3,"edu × arear × party_dpp","大學及以上 | 高屏區 | 5 中間",28.3009710747492,1.0958078899753,58,1.8542199488491,2.30273237990223,1.60348742116304,1.1014015330316,0.463292458315095
3,"edu × arear × party_dpp","大學及以上 | 高屏區 | 6-10 溫暖",49.2495221159513,1.90693155968504,96,3.0690537084399,3.30923678477436,1.92286037513144,0.735372603157787,0.00835311333828417
3,"edu × arear × party_dpp","大學及以上 | 花東區 | 0-4 冷淡",7.69205221738862,0.297834709899302,17,0.543478260869565,0.575970372349965,0.370358642314415,0.933859127919309,0.243503963791302
3,"edu × arear × party_dpp","大學及以上 | 花東區 | 5 中間",4.09710324227583,0.158639010904294,8,0.255754475703325,0.38002357117418,0.211243512413832,1.39552408331294,0.331598773906088
3,"edu × arear × party_dpp","大學及以上 | 花東區 | 6-10 溫暖",8.07327528417185,0.312595590129111,8,0.255754475703325,0.330503793827767,0.380405693156093,0.057288727877639,0.216925974544217
3,"edu × arear × party_tpp","高中職及以下 | 北北基宜蘭區 | 0-4 冷淡",190.170331351965,7.36335686094642,67,2.14194373401535,8.03000747814969,6.68503652775278,0.0905362363651063,-0.0921210727665938
3,"edu × arear × party_tpp","高中職及以下 | 北北基宜蘭區 | 5 中間",86.0839194666624,3.33315199335093,31,0.991048593350384,4.16883206620133,3.60935467836354,0.250717661396012,0.0828653135421325
3,"edu × arear × party_tpp","高中職及以下 | 北北基宜蘭區 | 6-10 溫暖",41.9099262400439,1.62274388821586,29,0.927109974424552,3.3241365737729,2.62615708973596,1.04846654972008,0.61834354071936
3,"edu × arear × party_tpp","高中職及以下 | 桃竹苗區 | 0-4 冷淡",113.288284517246,4.38649951932313,30,0.959079283887468,3.61530722184413,4.54064003148796,-0.175810414222501,0.0351397535747639
3,"edu × arear × party_tpp","高中職及以下 | 桃竹苗區 | 5 中間",62.0893895500914,2.40408863614738,11,0.351662404092072,1.51191596684916,2.28472164507034,-0.371106395947178,-0.049651659794178
3,"edu × arear × party_tpp","高中職及以下 | 桃竹苗區 | 6-10 溫暖",35.6187433712343,1.3791505568524,10,0.319693094629156,1.23561362986069,1.22286082020742,-0.104076328924744,-0.113323187137504
3,"edu × arear × party_tpp","高中職及以下 | 中彰投區 | 0-4 冷淡",111.646809585253,4.32294194114237,36,1.15089514066496,4.65609996080784,4.07626800381716,0.0770674286635064,-0.0570615892333779
3,"edu × arear × party_tpp","高中職及以下 | 中彰投區 | 5 中間",71.5544418913335,2.77057355311959,23,0.735294117647059,2.91105813492186,3.00424763046447,0.0507059564053401,0.0843414090493179
3,"edu × arear × party_tpp","高中職及以下 | 中彰投區 | 6-10 溫暖",38.0974478980948,1.47512549602595,15,0.479539641943734,1.69543477885321,1.48466671447376,0.149349518682167,0.00646807235961724
3,"edu × arear × party_tpp","高中職及以下 | 雲嘉南區 | 0-4 冷淡",106.122453380107,4.10903998348007,33,1.05498721227621,4.60422775874475,4.63012855741951,0.120511792841034,0.126815162674108
3,"edu × arear × party_tpp","高中職及以下 | 雲嘉南區 | 5 中間",50.6526198738061,1.96125922177843,12,0.383631713554987,1.57526124936447,1.70677481875836,-0.196811297623344,-0.129755618326329
3,"edu × arear × party_tpp","高中職及以下 | 雲嘉南區 | 6-10 溫暖",25.6481195574588,0.993090014468427,8,0.255754475703325,0.751801999662063,0.621339733493553,-0.242966912657478,-0.374336943840747
3,"edu × arear × party_tpp","高中職及以下 | 高屏區 | 0-4 冷淡",123.169452658841,4.76909635612897,27,0.863171355498721,3.97407638833113,5.11836948431279,-0.166702433423499,0.0732367522276946
3,"edu × arear × party_tpp","高中職及以下 | 高屏區 | 5 中間",59.6495252789052,2.30961758383709,13,0.415601023017903,1.90178251295942,2.25916209774727,-0.176581211422938,-0.0218458183046902
3,"edu × arear × party_tpp","高中職及以下 | 高屏區 | 6-10 溫暖",26.3149553418979,1.0189097615003,5,0.159846547314578,0.686296325346209,0.604136181015704,-0.32644052370676,-0.407075872817096
3,"edu × arear × party_tpp","高中職及以下 | 花東區 | 0-4 冷淡",16.2345402927181,0.628598124633082,3,0.0959079283887468,0.357894780926826,0.361200413563129,-0.430646120467299,-0.425387382798884
3,"edu × arear × party_tpp","高中職及以下 | 花東區 | 5 中間",10.4979538160626,0.406478653677774,1,0.0319693094629156,0.257382665353216,0.404918517593841,-0.36679906060393,-0.00383817469827032
3,"edu × arear × party_tpp","高中職及以下 | 花東區 | 6-10 溫暖",6.35316811453384,0.245993387571681,2,0.0639386189258312,0.242586040251289,0.259732586922548,-0.0138513776895696,0.0558519051527895
3,"edu × arear × party_tpp","專科 | 北北基宜蘭區 | 0-4 冷淡",44.2647278114885,1.71392132995451,71,2.26982097186701,2.94018727532328,1.97109773325474,0.715473880823521,0.15005146315966
3,"edu × arear × party_tpp","專科 | 北北基宜蘭區 | 5 中間",37.2606349712987,1.44272426833681,32,1.0230179028133,1.27959924855287,1.44420741211926,-0.11306735691914,0.00102801610466571
3,"edu × arear × party_tpp","專科 | 北北基宜蘭區 | 6-10 溫暖",21.5236898090397,0.833392926759695,27,0.863171355498721,0.663397942247405,0.422042928482473,-0.203979394417523,-0.493584700648453
3,"edu × arear × party_tpp","專科 | 桃竹苗區 | 0-4 冷淡",16.1716005462179,0.626161110347397,16,0.51150895140665,0.82124178357298,0.788309275956342,0.311550286343002,0.258955982620806
3,"edu × arear × party_tpp","專科 | 桃竹苗區 | 5 中間",18.8220571154794,0.728786253949799,10,0.319693094629156,0.451501100483073,0.593575977056136,-0.380475279224773,-0.185528028500627
3,"edu × arear × party_tpp","專科 | 桃竹苗區 | 6-10 溫暖",13.5634668310163,0.525174699115079,9,0.28772378516624,0.497692066715205,0.549269432055006,-0.0523304577432654,0.0458794625493706
3,"edu × arear × party_tpp","專科 | 中彰投區 | 0-4 冷淡",25.449824275185,0.985412061147089,21,0.671355498721228,1.07904657549645,0.854813770144903,0.0950206700741641,-0.132531654676684
3,"edu × arear × party_tpp","專科 | 中彰投區 | 5 中間",15.8380260339808,0.613245172535983,9,0.28772378516624,0.401112128081184,0.538066303108228,-0.345918816739403,-0.122591865039661
3,"edu × arear × party_tpp","專科 | 中彰投區 | 6-10 溫暖",12.3298036547034,0.477407509833654,11,0.351662404092072,0.415355206579449,0.660584785891473,-0.129977643786598,0.38369165185869
3,"edu × arear × party_tpp","專科 | 雲嘉南區 | 0-4 冷淡",18.5755481713878,0.719241477370523,24,0.767263427109974,1.08812384487504,0.465669863168468,0.512876939262613,-0.352554214655539
3,"edu × arear × party_tpp","專科 | 雲嘉南區 | 5 中間",13.14039492672,0.508793440340237,9,0.28772378516624,0.542277359136223,0.652275832683245,0.0658104372839295,0.282005193005357
3,"edu × arear × party_tpp","專科 | 雲嘉南區 | 6-10 溫暖",3.69591895752251,0.143105236342084,9,0.28772378516624,0.25280175025002,0.299700347396602,0.766544374698584,1.09426541653715
3,"edu × arear × party_tpp","專科 | 高屏區 | 0-4 冷淡",31.5434808909192,1.22135721584461,24,0.767263427109974,0.75456072681356,1.30911166789021,-0.382194891859089,0.0718499476706474
3,"edu × arear × party_tpp","專科 | 高屏區 | 5 中間",17.0520494837321,0.660251915567478,9,0.28772378516624,0.271557416727253,0.591663217163528,-0.588706355370658,-0.103882619325685
3,"edu × arear × party_tpp","專科 | 高屏區 | 6-10 溫暖",5.67705429069661,0.219814396726266,3,0.0959079283887468,0.0545563363852078,0.216120356949191,-0.751807264684549,-0.0168052676807818
3,"edu × arear × party_tpp","專科 | 花東區 | 0-4 冷淡",3.66410947089684,0.14187357943786,1,0.0319693094629156,0.0648720371844224,0.142547572513751,-0.542747582450076,0.00475065955593497
3,"edu × arear × party_tpp","專科 | 花東區 | 5 中間",2.88941418713864,0.111877534354222,3,0.0959079283887468,0.194160032373896,0.187665781497749,0.735469354903321,0.67742150004459
3,"edu × arear × party_tpp","專科 | 花東區 | 6-10 溫暖",3.18546957079036,0.123340739076716,1,0.0319693094629156,0.0238380362424745,0.109158609708678,-0.806730230247382,-0.114983333764659
3,"edu × arear × party_tpp","大學及以上 | 北北基宜蘭區 | 0-4 冷淡",192.951908794931,7.47105897832355,525,16.7838874680307,6.08616930121531,7.81589240043354,-0.185367252637992,0.0461558961200122
3,"edu × arear × party_tpp","大學及以上 | 北北基宜蘭區 | 5 中間",110.982189906383,4.29720800127101,220,7.03324808184143,3.74304073089551,3.99062214742926,-0.12895984327768,-0.0713453604645321
3,"edu × arear × party_tpp","大學及以上 | 北北基宜蘭區 | 6-10 溫暖",108.41146687874,4.19767012431295,296,9.46291560102302,2.03985775511361,3.71081745390038,-0.514050009957015,-0.115981641242535
3,"edu × arear × party_tpp","大學及以上 | 桃竹苗區 | 0-4 冷淡",68.9434456229189,2.66947630440442,168,5.37084398976982,3.2701520190669,2.37187089688681,0.225016312627094,-0.111484566102565
3,"edu × arear × party_tpp","大學及以上 | 桃竹苗區 | 5 中間",54.8074376343663,2.12213292718615,86,2.74936061381074,2.34088583591097,2.35607048961534,0.103081624116205,0.110236997613238
3,"edu × arear × party_tpp","大學及以上 | 桃竹苗區 | 6-10 溫暖",47.3472443213592,1.83327574728436,133,4.25191815856777,2.93043613030694,1.96742718627469,0.598469916294817,0.07317581067063
3,"edu × arear × party_tpp","大學及以上 | 中彰投區 | 0-4 冷淡",91.3758114447449,3.5380529830436,185,5.91432225063939,2.88781376583633,3.88242968523695,-0.183784477034004,0.0973350890571164
3,"edu × arear × party_tpp","大學及以上 | 中彰投區 | 5 中間",67.9675872607946,2.63169126551336,92,2.94117647058824,3.1016082292373,2.49144302245564,0.178560825079259,-0.053292057809203
3,"edu × arear × party_tpp","大學及以上 | 中彰投區 | 6-10 溫暖",52.6951666353143,2.04034622027727,115,3.67647058823529,1.70726742282519,1.86227628704622,-0.163246214854072,-0.087274371114744
3,"edu × arear × party_tpp","大學及以上 | 雲嘉南區 | 0-4 冷淡",73.6520806051485,2.85179370089632,166,5.30690537084399,2.85953315951627,2.69838244909128,0.00271389147732519,-0.0537946527327056
3,"edu × arear × party_tpp","大學及以上 | 雲嘉南區 | 5 中間",45.267271188685,1.75273960724517,55,1.75831202046036,1.69351996946654,1.81914366431761,-0.0337868999672457,0.0378858655318555
3,"edu × arear × party_tpp","大學及以上 | 雲嘉南區 | 6-10 溫暖",34.4190217237813,1.33269757672035,65,2.07800511508951,1.0042131676262,1.47834499231293,-0.246480833185366,0.109287671964565
3,"edu × arear × party_tpp","大學及以上 | 高屏區 | 0-4 冷淡",73.5280440598659,2.84699103088874,171,5.46675191815857,2.89645446384314,2.41272018434827,0.017373933538158,-0.152536780702433
3,"edu × arear × party_tpp","大學及以上 | 高屏區 | 5 中間",40.7183610818359,1.57660672570171,84,2.68542199488491,3.04382273203647,1.70403399843565,0.930616356264583,0.0808237531000183
3,"edu × arear × party_tpp","大學及以上 | 高屏區 | 6-10 溫暖",19.9792646642476,0.773593096758475,89,2.84526854219949,1.81313118051121,1.18092089509099,1.34377890406291,0.526540115261257
3,"edu × arear × party_tpp","大學及以上 | 花東區 | 0-4 冷淡",9.56137035352291,0.370214330974479,19,0.607416879795396,0.74931834673914,0.610598371008537,1.02401226545386,0.649310466726985
3,"edu × arear × party_tpp","大學及以上 | 花東區 | 5 中間",3.6820722938863,0.14256909631981,9,0.28772378516624,0.384478471682159,0.135848616353491,1.69678690267981,-0.0471384061468914
3,"edu × arear × party_tpp","大學及以上 | 花東區 | 6-10 溫暖",6.61898809642709,0.256285883638418,5,0.159846547314578,0.152700918930613,0.215560860522313,-0.40417741015322,-0.158904667467221
3,"edu × party_kmt × party_dpp","高中職及以下 | 0-4 冷淡 | 0-4 冷淡",89.6910168014134,3.47281807438006,99,3.16496163682864,10.0719147905369,4.26019130032169,1.90021376726879,0.226724581903758
3,"edu × party_kmt × party_dpp","高中職及以下 | 0-4 冷淡 | 5 中間",53.7680371503654,2.08188755015636,22,0.703324808184143,2.51846902533505,2.10305454043219,0.20970463805593,0.0101672111321455
3,"edu × party_kmt × party_dpp","高中職及以下 | 0-4 冷淡 | 6-10 溫暖",308.927839418063,11.9616236126038,74,2.36572890025575,10.3668206082512,11.5445556971619,-0.133326633240007,-0.0348671659424557
3,"edu × party_kmt × party_dpp","高中職及以下 | 5 中間 | 0-4 冷淡",96.8046421556615,3.74825621284268,29,0.927109974424552,3.95084499714451,4.67284909339489,0.0540488090455747,0.246672806779928
3,"edu × party_kmt × party_dpp","高中職及以下 | 5 中間 | 5 中間",233.197573601236,9.02936299960851,36,1.15089514066496,5.53954814978616,8.93135575283724,-0.386496240097298,-0.010854281390118
3,"edu × party_kmt × party_dpp","高中職及以下 | 5 中間 | 6-10 溫暖",61.3767656729159,2.37649598340302,9,0.28772378516624,1.20107079025443,1.30945448218893,-0.494604325594288,-0.448997813868021
3,"edu × party_kmt × party_dpp","高中職及以下 | 6-10 溫暖 | 0-4 冷淡",213.646198430524,8.27233769770823,55,1.75831202046036,7.14719054938078,6.7898679958154,-0.136013203213302,-0.179208073469188
3,"edu × party_kmt × party_dpp","高中職及以下 | 6-10 溫暖 | 5 中間",46.8749671922366,1.81498927213195,9,0.28772378516624,1.30600553919122,1.74373447718619,-0.280433466332754,-0.0392590722379641
3,"edu × party_kmt × party_dpp","高中職及以下 | 6-10 溫暖 | 6-10 溫暖",70.8150417638379,2.74194412936524,23,0.735294117647059,3.39785108231994,4.14465219286162,0.239212369767192,0.511574268955327
3,"edu × party_kmt × party_dpp","專科 | 0-4 冷淡 | 0-4 冷淡",31.751762533241,1.22942183901215,79,2.52557544757033,1.44390204709741,1.16634970096012,0.174456155958316,-0.0513022756312066
3,"edu × party_kmt × party_dpp","專科 | 0-4 冷淡 | 5 中間",16.5530534920674,0.640930891448268,14,0.447570332480818,0.701424505768924,0.565064368668688,0.0943839891754357,-0.118369271620142
3,"edu × party_kmt × party_dpp","專科 | 0-4 冷淡 | 6-10 溫暖",57.0121045572439,2.20749718562364,47,1.50255754475703,1.78765439270509,2.17504509883194,-0.190189503140832,-0.0147008508110646
3,"edu × party_kmt × party_dpp","專科 | 5 中間 | 0-4 冷淡",27.3289281076931,1.05817058241148,22,0.703324808184143,0.992860223347965,0.615259025341916,-0.0617200668295677,-0.418563475900274
3,"edu × party_kmt × party_dpp","專科 | 5 中間 | 5 中間",53.1767037223641,2.05899123913231,31,0.991048593350384,1.83023952135916,2.42471585490352,-0.111098927195803,0.177623201507804
3,"edu × party_kmt × party_dpp","專科 | 5 中間 | 6-10 溫暖",20.1164832429112,0.77890617243894,15,0.479539641943734,0.85379150007135,0.964225257682192,0.0961416538758772,0.237922219390011
3,"edu × party_kmt × party_dpp","專科 | 6-10 溫暖 | 0-4 冷淡",74.0121269184537,2.86573462150411,63,2.01406649616368,3.4453905226792,3.28828497517385,0.202271311804458,0.147449226630748
3,"edu × party_kmt × party_dpp","專科 | 6-10 溫暖 | 5 中間",9.94946760185503,0.385241378126917,4,0.127877237851662,0.160557271671272,0.148364856136628,-0.583229422415843,-0.614878191802778
3,"edu × party_kmt × party_dpp","專科 | 6-10 溫暖 | 6-10 溫暖",14.7466408223843,0.5709869573422,14,0.447570332480818,0.580060882339621,0.448571729341129,0.015891650204512,-0.214392336684681
3,"edu × party_kmt × party_dpp","大學及以上 | 0-4 冷淡 | 0-4 冷淡",237.033557638794,9.17789152758987,892,28.5166240409207,3.25026355931729,8.34839383273766,-0.645859449357557,-0.0903799845921735
3,"edu × party_kmt × party_dpp","大學及以上 | 0-4 冷淡 | 5 中間",52.827687769344,2.04547741184927,208,6.64961636828644,4.06612910337603,2.17519844588212,0.98786311685541,0.063418463230828
3,"edu × party_kmt × party_dpp","大學及以上 | 0-4 冷淡 | 6-10 溫暖",261.452175960648,10.1233755022813,483,15.4411764705882,8.73434556255697,10.6030706099485,-0.13721015677146,0.0473848972172403
3,"edu × party_kmt × party_dpp","大學及以上 | 5 中間 | 0-4 冷淡",104.106378562145,4.03097797329433,204,6.52173913043478,4.86356547504515,3.62672904574302,0.20654727147278,-0.10028557095313
3,"edu × party_kmt × party_dpp","大學及以上 | 5 中間 | 5 中間",169.471124920526,6.56188776421863,163,5.21099744245524,7.71549147316849,6.24652132930045,0.175803633100882,-0.0480603213968161
3,"edu × party_kmt × party_dpp","大學及以上 | 5 中間 | 6-10 溫暖",29.8780624100409,1.1568725482819,85,2.71739130434783,3.85250934545459,2.00881163423964,2.33010697779634,0.736415681418819
3,"edu × party_kmt × party_dpp","大學及以上 | 6-10 溫暖 | 0-4 冷淡",160.409107249111,6.21100826834538,297,9.49488491048593,4.90068463253919,7.2986918275999,-0.210967942593846,0.17512189845213
3,"edu × party_kmt × party_dpp","大學及以上 | 6-10 溫暖 | 5 中間",32.2262842153508,1.24779522280335,54,1.72634271099744,2.02869913981924,1.5285541041285,0.625826980857862,0.225003971961348
3,"edu × party_kmt × party_dpp","大學及以上 | 6-10 溫暖 | 6-10 溫暖",55.5043538409928,2.14911738209605,97,3.10102301790281,3.29271530948291,0.868432771180155,0.532124460447808,-0.595911894615469
3,"edu × party_kmt × party_tpp","高中職及以下 | 0-4 冷淡 | 0-4 冷淡",406.621282052176,15.7442940006466,136,4.34782608695652,16.8997063855291,15.3492892152821,0.0733861032342904,-0.0250887582096939
3,"edu × party_kmt × party_tpp","高中職及以下 | 0-4 冷淡 | 5 中間",28.5175591359974,1.10419413600776,32,1.0230179028133,3.49776017410854,1.83071283185927,2.16770399338904,0.657962827513525
3,"edu × party_kmt × party_tpp","高中職及以下 | 0-4 冷淡 | 6-10 溫暖",17.2480521816687,0.667841100485834,27,0.863171355498721,2.55973786448552,0.727799490774497,2.83285464554875,0.0897794254427372
3,"edu × party_kmt × party_tpp","高中職及以下 | 5 中間 | 0-4 冷淡",146.307532507698,5.66499813950905,23,0.735294117647059,3.52925950474483,5.09241765444657,-0.377006061108664,-0.10107337565906
3,"edu × party_kmt × party_tpp","高中職及以下 | 5 中間 | 5 中間",196.744409958079,7.61790385818091,34,1.08695652173913,5.11628306277126,7.4800570829026,-0.328387026402695,-0.0180951056674569
3,"edu × party_kmt × party_tpp","高中職及以下 | 5 中間 | 6-10 溫暖",48.3270389640368,1.87121319816425,17,0.543478260869565,2.045921369669,2.34118459107189,0.0933662565420906,0.251158656516907
3,"edu × party_kmt × party_tpp","高中職及以下 | 6-10 溫暖 | 0-4 冷淡",107.703057226256,4.17024064549837,37,1.18286445012788,4.80864769853046,4.96993614862472,0.153086382130303,0.191762435577809
3,"edu × party_kmt × party_tpp","高中職及以下 | 6-10 溫暖 | 5 中間",115.265880782785,4.46307164772252,25,0.79923273657289,3.71218935876965,3.95840947323594,-0.168243386667575,-0.113075077955361
3,"edu × party_kmt × party_tpp","高中職及以下 | 6-10 溫暖 | 6-10 溫暖",108.367269377558,4.19595880598452,25,0.79923273657289,3.33021011359184,3.74990904400256,-0.206329168712977,-0.106304609412701
3,"edu × party_kmt × party_tpp","專科 | 0-4 冷淡 | 0-4 冷淡",86.1672085387252,3.33637692941669,101,3.22890025575448,3.26753720921511,3.10942919085211,-0.0206330764352856,-0.0680222119280337
3,"edu × party_kmt × party_tpp","專科 | 0-4 冷淡 | 5 中間",12.2411435694385,0.473974609220365,16,0.51150895140665,0.217908756670953,0.416641773284013,-0.54025225733212,-0.120961829644542
3,"edu × party_kmt × party_tpp","專科 | 0-4 冷淡 | 6-10 溫暖",6.9085684743886,0.267498377446992,23,0.735294117647059,0.447534979685356,0.380388204324627,0.67303810945186,0.422020604218449
3,"edu × party_kmt × party_tpp","專科 | 5 中間 | 0-4 冷淡",26.9220197418429,1.0424151725841,26,0.831202046035806,1.47292068668257,1.28925901789456,0.41298853414736,0.236799935191414
3,"edu × party_kmt × party_tpp","專科 | 5 中間 | 5 中間",59.4534535409687,2.30202572570387,30,0.959079283887468,1.68726305441691,2.24624822953902,-0.267052911017744,-0.0242297449337975
3,"edu × party_kmt × party_tpp","專科 | 5 中間 | 6-10 溫暖",14.2466417901568,0.551627095694774,12,0.383631713554987,0.516707503678983,0.468692890494044,-0.0633028948148556,-0.150344690911664
3,"edu × party_kmt × party_tpp","專科 | 6-10 溫暖 | 0-4 冷淡",26.5800628855272,1.02917467210119,30,0.959079283887468,2.00757434736803,1.13286167418174,0.95066435444754,0.100747720373704
3,"edu × party_kmt × party_tpp","專科 | 6-10 溫暖 | 5 中間",33.3079796079425,1.2896782501603,26,0.831202046035806,1.23503547426663,1.34456452080511,-0.0423693086914343,0.0425581114033545
3,"edu × party_kmt × party_tpp","專科 | 6-10 溫暖 | 6-10 溫暖",38.8201928492234,1.50311003471173,25,0.79923273657289,0.943398855055423,1.40779536566475,-0.372368733313425,-0.063411637768258
3,"edu × party_kmt × party_tpp","大學及以上 | 0-4 冷淡 | 0-4 冷淡",390.352921956819,15.1143863800789,982,31.3938618925831,11.0035923096829,15.5468648595387,-0.271978892627363,0.0286136974789712
3,"edu × party_kmt × party_tpp","大學及以上 | 0-4 冷淡 | 5 中間",84.0802586035997,3.25557064899424,274,8.75959079283887,3.6320429898485,2.67569688211685,0.115639432051818,-0.178117396118106
3,"edu × party_kmt × party_tpp","大學及以上 | 0-4 冷淡 | 6-10 溫暖",76.8802408083681,2.97678741264738,327,10.4539641943734,1.41510292571886,2.90410114691267,-0.524620764080581,-0.024417687815357
3,"edu × party_kmt × party_tpp","大學及以上 | 5 中間 | 0-4 冷淡",60.3029905262682,2.33491962637103,123,3.93222506393862,4.31501524064287,2.72984206243098,0.848035877512985,0.169137486189944
3,"edu × party_kmt × party_tpp","大學及以上 | 5 中間 | 5 中間",176.728126005003,6.84287738202807,169,5.40281329923274,7.67586369122697,6.99521698760011,0.121730415831596,0.0222625069933507
3,"edu × party_kmt × party_tpp","大學及以上 | 5 中間 | 6-10 溫暖",66.4244493614399,2.57194127739576,160,5.1150895140665,4.44068736179837,2.15700295925201,0.726589716812988,-0.161332734067668
3,"edu × party_kmt × party_tpp","大學及以上 | 6-10 溫暖 | 0-4 冷淡",59.356748398045,2.29828132208121,129,4.12404092071611,3.4308335058913,1.51518706503566,0.492782225103979,-0.34073037513807
3,"edu × party_kmt × party_tpp","大學及以上 | 6-10 溫暖 | 5 中間",62.6165347573481,2.42449959221489,103,3.29283887468031,2.99944928815349,2.82624806889004,0.237141593170305,0.165703668486962
3,"edu × party_kmt × party_tpp","大學及以上 | 6-10 溫暖 | 6-10 溫暖",126.166462150062,4.88513995894867,216,6.90537084398977,3.79181628779655,5.35424356898286,-0.223806007676271,0.0960266469284823
3,"edu × party_dpp × party_tpp","高中職及以下 | 0-4 冷淡 | 0-4 冷淡",193.414636280331,7.48897569319779,114,3.64450127877238,13.5879286201097,9.7552170429807,0.81439080279718,0.302610322509302
3,"edu × party_dpp × party_tpp","高中職及以下 | 0-4 冷淡 | 5 中間",120.761776664442,4.67587162740153,42,1.34271099744246,5.20766542222176,4.53274393149946,0.11373147879078,-0.0306098428928867
3,"edu × party_dpp × party_tpp","高中職及以下 | 0-4 冷淡 | 6-10 溫暖",85.9654444428262,3.32856466433166,27,0.863171355498721,2.37435629473075,1.43494741505181,-0.286672624938325,-0.568899042152171
3,"edu × party_dpp × party_tpp","高中職及以下 | 5 中間 | 0-4 冷淡",120.048629279064,4.64825870452521,25,0.79923273657289,3.36597751283811,4.55546723227993,-0.275862698958377,-0.0199626307707308
3,"edu × party_dpp × party_tpp","高中職及以下 | 5 中間 | 5 中間",172.162822156587,6.66610973811875,31,0.991048593350384,4.70654191909004,6.75202160356133,-0.293959730039147,0.0128878564586645
3,"edu × party_dpp × party_tpp","高中職及以下 | 5 中間 | 6-10 溫暖",41.629126508187,1.61187137925286,11,0.351662404092072,1.29150328238428,1.47065593461435,-0.1987553727873,-0.0876096234824699
3,"edu × party_dpp × party_tpp","高中職及以下 | 6-10 溫暖 | 0-4 冷淡",347.168606226734,13.442298387931,57,1.82225063938619,8.28370745585655,11.1009587430927,-0.38375810320548,-0.174177032622672
3,"edu × party_dpp × party_tpp","高中職及以下 | 6-10 溫暖 | 5 中間",47.6032510558323,1.84318827639092,18,0.575447570332481,2.41202525433766,1.98441385293702,0.308615774759897,0.0766202662826347
3,"edu × party_dpp × party_tpp","高中職及以下 | 6-10 溫暖 | 6-10 溫暖",46.3477895722504,1.79457706105009,31,0.991048593350384,4.27000977063133,3.91328977618278,1.37939616152942,1.18061952374056
3,"edu × party_dpp × party_tpp","專科 | 0-4 冷淡 | 0-4 冷淡",50.4337758577739,1.95278562563191,96,3.0690537084399,3.86251091014759,1.93704040957924,0.977949273821449,-0.00806295163483075
3,"edu × party_dpp × party_tpp","專科 | 0-4 冷淡 | 5 中間",42.8764027909615,1.66016566526989,33,1.05498721227621,1.18203647666426,1.49549115628467,-0.288000889675005,-0.0991916122771037
3,"edu × party_dpp × party_tpp","專科 | 0-4 冷淡 | 6-10 溫暖",39.7826389106524,1.54037575202595,35,1.11892583120205,0.837605406312718,1.63736213561197,-0.456233061828535,0.0629628085604814
3,"edu × party_dpp × party_tpp","專科 | 5 中間 | 0-4 冷淡",22.7745819639999,0.881827218618204,17,0.543478260869565,1.04550057818784,1.03722128314821,0.185607062374538,0.176218267308079
3,"edu × party_dpp × party_tpp","專科 | 5 中間 | 5 中間",46.77833226397,1.81124758720665,25,0.79923273657289,1.33618064613597,1.83911421310066,-0.262287135356982,0.0153853211956455
3,"edu × party_dpp × party_tpp","專科 | 5 中間 | 6-10 溫暖",10.1263105883166,0.392088702882648,7,0.223785166240409,0.310540074475545,0.261809583459967,-0.207985151848434,-0.332269505509506
3,"edu × party_dpp × party_tpp","專科 | 6-10 溫暖 | 0-4 冷淡",66.4609333443214,2.57335392985188,44,1.40664961636829,1.84002075493029,2.55728819020096,-0.284971750840272,-0.00624311310797515
3,"edu × party_dpp × party_tpp","專科 | 6-10 溫暖 | 5 中間",15.3478416634181,0.594265332608001,14,0.447570332480818,0.621990162554267,0.672849154242806,0.0466539581311146,0.13223692738382
3,"edu × party_dpp × party_tpp","專科 | 6-10 溫暖 | 6-10 溫暖",10.0664536147999,0.389771052944898,18,0.575447570332481,0.759495857631499,0.357704741411492,0.94856917129469,-0.0822696074814449
3,"edu × party_dpp × party_tpp","大學及以上 | 0-4 冷淡 | 0-4 冷淡",204.954432597,7.93579427829562,719,22.9859335038363,7.11689827494425,6.00379620746044,-0.1031901753793,-0.243453648504875
3,"edu × party_dpp × party_tpp","大學及以上 | 0-4 冷淡 | 5 中間",120.733820434833,4.67478916783153,259,8.28005115089514,3.22836863935134,4.88023945439569,-0.30940871909976,0.0439485673445808
3,"edu × party_dpp × party_tpp","大學及以上 | 0-4 冷淡 | 6-10 溫暖",175.860790418217,6.80929432310243,415,13.26726342711,2.66924675260602,8.38977904422444,-0.607999503920713,0.232106977041627
3,"edu × party_dpp × party_tpp","大學及以上 | 5 中間 | 0-4 冷淡",64.4854224524113,2.49686254669864,161,5.14705882352941,3.91905696285756,2.33561900738012,0.569592594530019,-0.0645784604890345
3,"edu × party_dpp × party_tpp","大學及以上 | 5 中間 | 5 中間",150.671494252751,5.83396985779917,172,5.49872122762148,7.29246480956232,5.75789325842174,0.250000426350052,-0.0130402798149062
3,"edu × party_dpp × party_tpp","大學及以上 | 5 中間 | 6-10 溫暖",39.368180200058,1.52432799437344,92,2.94117647058824,2.59879794394388,1.85676161350922,0.704881071223843,0.218085359819444
3,"edu × party_dpp × party_tpp","大學及以上 | 6-10 溫暖 | 0-4 冷淡",240.57280583172,9.31493050353685,354,11.3171355498721,7.71348581841529,11.4524787721648,-0.171922343866494,0.229475492899959
3,"edu × party_dpp × party_tpp","大學及以上 | 6-10 溫暖 | 5 中間",52.0196046783674,2.0141885976065,115,3.67647058823529,3.78652252031529,1.85902922578957,0.879924513928285,-0.0770331894447756
3,"edu × party_dpp × party_tpp","大學及以上 | 6-10 溫暖 | 6-10 溫暖",54.2421817015942,2.10024633151595,196,6.26598465473146,4.37956187876387,0.16880701741387,1.08526105392729,-0.919625134023195
3,"arear × party_kmt × party_dpp","北北基宜蘭區 | 0-4 冷淡 | 0-4 冷淡",125.090867732913,4.84349316012994,445,14.2263427109974,4.8239592955617,3.87491163332366,-0.00403301169681531,-0.199975822156482
3,"arear × party_kmt × party_dpp","北北基宜蘭區 | 0-4 冷淡 | 5 中間",35.7794513980433,1.3853731392258,104,3.32480818414322,2.50412513195547,1.47602166310116,0.807545607066469,0.0654325692542495
3,"arear × party_kmt × party_dpp","北北基宜蘭區 | 0-4 冷淡 | 6-10 溫暖",208.063404885876,8.05617305805077,264,8.43989769820972,6.3999133075363,8.73068287599198,-0.205588899168361,0.0837258352173988
3,"arear × party_kmt × party_dpp","北北基宜蘭區 | 5 中間 | 0-4 冷淡",71.5558415072576,2.77062774596578,116,3.70843989769821,3.87661098798884,3.27801243399793,0.399181464790222,0.183129866064084
3,"arear × party_kmt × party_dpp","北北基宜蘭區 | 5 中間 | 5 中間",127.153075968836,4.92334144695118,86,2.74936061381074,4.69350069766258,4.62187348977315,-0.0466838938077171,-0.0612323886990851
3,"arear × party_kmt × party_dpp","北北基宜蘭區 | 5 中間 | 6-10 溫暖",30.6670160051269,1.18742067230337,33,1.05498721227621,1.75122563753569,1.08350592817127,0.474814847326724,-0.0875129990204081
3,"arear × party_kmt × party_dpp","北北基宜蘭區 | 6-10 溫暖 | 0-4 冷淡",170.285532409245,6.593421457866,185,5.91432225063939,5.27037645410944,6.69239367584181,-0.200661373190115,0.015010752552112
3,"arear × party_kmt × party_dpp","北北基宜蘭區 | 6-10 溫暖 | 5 中間",22.8362327187374,0.884214323402908,27,0.863171355498721,1.35450005350768,1.26123603273458,0.531868482173948,0.426391768774677
3,"arear × party_kmt × party_dpp","北北基宜蘭區 | 6-10 溫暖 | 6-10 溫暖",42.1273726045164,1.63116336757599,38,1.21483375959079,1.60101680561421,1.25659063853635,-0.0184816325335789,-0.229635324385857
3,"arear × party_kmt × party_dpp","桃竹苗區 | 0-4 冷淡 | 0-4 冷淡",55.6096508159499,2.15319445972154,174,5.56265984654731,2.71896332592545,2.9672375870327,0.262757905422568,0.378062986199789
3,"arear × party_kmt × party_dpp","桃竹苗區 | 0-4 冷淡 | 5 中間",20.00734148261,0.774680225500656,31,0.991048593350384,1.09759608278553,0.596720869554571,0.416837614612128,-0.229719760603252
3,"arear × party_kmt × party_dpp","桃竹苗區 | 0-4 冷淡 | 6-10 溫暖",77.8323633548105,3.01365340554421,76,2.42966751918159,2.55502343166503,2.39181425538747,-0.1521840477858,-0.206340632606505
3,"arear × party_kmt × party_dpp","桃竹苗區 | 5 中間 | 0-4 冷淡",47.5817781196164,1.84235684863305,41,1.31074168797954,1.94916585294798,1.88417759718085,0.0579741131009368,0.0226995918726786
3,"arear × party_kmt × party_dpp","桃竹苗區 | 5 中間 | 5 中間",81.121268615216,3.14099915365351,34,1.08695652173913,2.41531554338303,3.05226434766368,-0.231035913978641,-0.0282505029925334
3,"arear × party_kmt × party_dpp","桃竹苗區 | 5 中間 | 6-10 溫暖",14.7987037721413,0.573002824252503,20,0.639386189258312,1.10459501359086,0.613771960330442,0.927730487248181,0.071149974053135
3,"arear × party_kmt × party_dpp","桃竹苗區 | 6-10 溫暖 | 0-4 冷淡",83.9579313367351,3.25083416190214,53,1.69437340153453,1.82338073567418,2.39975895238654,-0.439103736190813,-0.261802099747106
3,"arear × party_kmt × party_dpp","桃竹苗區 | 6-10 溫暖 | 5 中間",24.7574835127667,0.958604766513782,14,0.447570332480818,1.01220458693297,1.22099967039716,0.0559144104969535,0.273725849327499
3,"arear × party_kmt × party_dpp","桃竹苗區 | 6-10 溫暖 | 6-10 溫暖",24.9851485000838,0.967419908888729,30,0.959079283887468,1.99850118170502,1.54800051467666,1.06580530681934,0.600132993391502
3,"arear × party_kmt × party_dpp","中彰投區 | 0-4 冷淡 | 0-4 冷淡",74.1492710587896,2.87104481494754,159,5.08312020460358,2.66656043461346,3.43814094593632,-0.071222984493129,0.197522563227262
3,"arear × party_kmt × party_dpp","中彰投區 | 0-4 冷淡 | 5 中間",20.483736285023,0.79312613613208,35,1.11892583120205,1.27265138151441,0.845117892634244,0.60460149216729,0.0655529481801179
3,"arear × party_kmt × party_dpp","中彰投區 | 0-4 冷淡 | 6-10 溫暖",95.7131171149502,3.70599258349379,96,3.0690537084399,3.68829599874711,3.11592523650591,-0.00477512686493104,-0.159219786249975
3,"arear × party_kmt × party_dpp","中彰投區 | 5 中間 | 0-4 冷淡",51.7423045634684,2.00345159310602,42,1.34271099744246,1.36602028385707,1.49611351806526,-0.318166563865275,-0.253232010589395
3,"arear × party_kmt × party_dpp","中彰投區 | 5 中間 | 5 中間",95.1151933838704,3.68284109726421,47,1.50255754475703,3.53264814290766,4.12327691111208,-0.0407818177298288,0.119591316110556
3,"arear × party_kmt × party_dpp","中彰投區 | 5 中間 | 6-10 溫暖",19.3858286477221,0.750615373930996,20,0.639386189258312,1.0571712946323,0.799490767488125,0.408406130953407,0.0651137656575914
3,"arear × party_kmt × party_dpp","中彰投區 | 6-10 溫暖 | 0-4 冷淡",92.5828716859951,3.58479011204684,67,2.14194373401535,2.96134554060333,3.47218118019872,-0.173913828134149,-0.0314129776997812
3,"arear × party_kmt × party_dpp","中彰投區 | 6-10 溫暖 | 5 中間",16.8275448651969,0.651559142034126,9,0.28772378516624,0.324258982476219,0.176286454146768,-0.502333769020717,-0.72943905967398
3,"arear × party_kmt × party_dpp","中彰投區 | 6-10 溫暖 | 6-10 溫暖",20.9550510743885,0.811375349683256,32,1.0230179028133,1.98584414328727,1.38826329655138,1.4475036665367,0.711000090270583
3,"arear × party_kmt × party_dpp","雲嘉南區 | 0-4 冷淡 | 0-4 冷淡",45.2941638507581,1.75378088569474,137,4.37979539641944,2.21185913610033,1.08689722175359,0.261194687513157,-0.380254836496847
3,"arear × party_kmt × party_dpp","雲嘉南區 | 0-4 冷淡 | 5 中間",26.441122065581,1.02379491158575,34,1.08695652173913,1.08787436761221,0.977543450112764,0.0625901294305228,-0.04517649086705
3,"arear × party_kmt × party_dpp","雲嘉南區 | 0-4 冷淡 | 6-10 溫暖",110.58450700857,4.2818097997047,80,2.55754475703325,3.64753982919707,4.97930418338274,-0.148131280971747,0.162897096392778
3,"arear × party_kmt × party_dpp","雲嘉南區 | 5 中間 | 0-4 冷淡",30.4515738576046,1.17907879581918,17,0.543478260869565,1.16106051033234,1.12820258496061,-0.0152816635756054,-0.0431491186500615
3,"arear × party_kmt × party_dpp","雲嘉南區 | 5 中間 | 5 中間",63.4547675119585,2.45695579535053,28,0.895140664961637,1.75278488185134,2.65566776986949,-0.286603004755615,0.0808773095938499
3,"arear × party_kmt × party_dpp","雲嘉南區 | 5 中間 | 6-10 溫暖",16.3959991308309,0.634849778268675,12,0.383631713554987,0.526105557091434,0.481126819698945,-0.171291264326817,-0.242140682460274
3,"arear × party_kmt × party_dpp","雲嘉南區 | 6-10 溫暖 | 0-4 冷淡",38.3958823576123,1.48668081808596,50,1.59846547314578,3.01298593545354,2.33654159068119,1.026652862403,0.57164978673055
3,"arear × party_kmt × party_dpp","雲嘉南區 | 6-10 溫暖 | 5 中間",12.9408078687277,0.501065469723708,8,0.255754475703325,0.290956886556547,0.281793421616991,-0.419323613105922,-0.437611572451053
3,"arear × party_kmt × party_dpp","雲嘉南區 | 6-10 溫暖 | 6-10 溫暖",27.2146047329734,1.05374400440837,15,0.479539641943734,0.680593154446762,0.444683216565232,-0.354119072944203,-0.577996918886477
3,"arear × party_kmt × party_dpp","高屏區 | 0-4 冷淡 | 0-4 冷淡",54.0304170408422,2.09204684657753,145,4.63554987212276,1.9626554555408,2.17366452211358,-0.0618491843279747,0.0390133116137321
3,"arear × party_kmt × party_dpp","高屏區 | 0-4 冷淡 | 5 中間",17.5882908878153,0.68101507454085,34,1.08695652173913,1.09394622939329,0.737309353355675,0.606346570420408,0.0826623094250589
3,"arear × party_kmt × party_dpp","高屏區 | 0-4 冷淡 | 6-10 溫暖",122.862397161772,4.75720722923434,79,2.52557544757033,4.15026893719504,4.59765069996974,-0.127582899544401,-0.0335399577054545
3,"arear × party_kmt × party_dpp","高屏區 | 5 中間 | 0-4 冷淡",23.2282434353479,0.899392899257497,35,1.11892583120205,1.21964868064925,0.920669847538596,0.356079953106304,0.0236570116338082
3,"arear × party_kmt × party_dpp","高屏區 | 5 中間 | 5 中間",83.9756888159657,3.25152172791518,31,0.991048593350384,2.31634832717917,2.93550628553005,-0.287610995401722,-0.09719001403929
3,"arear × party_kmt × party_dpp","高屏區 | 5 中間 | 6-10 溫暖",26.4980210997708,1.02599803070956,24,0.767263427109974,1.46827413293008,1.30459589842197,0.431069153139262,0.271538403947756
3,"arear × party_kmt × party_dpp","高屏區 | 6-10 溫暖 | 0-4 冷淡",42.6192761772047,1.65020977466341,50,1.59846547314578,1.72580502791721,1.55567566201132,0.0458094809608183,-0.0572861184702205
3,"arear × party_kmt × party_dpp","高屏區 | 6-10 溫暖 | 5 中間",6.0888773852167,0.235760103856146,9,0.28772378516624,0.513341441208325,0.48033785855583,1.17738893397142,1.03740094570419
3,"arear × party_kmt × party_dpp","高屏區 | 6-10 溫暖 | 6-10 溫暖",20.7409757470063,0.803086396199121,18,0.575447570332481,0.94594985094043,0.690827955456831,0.177893008046778,-0.139783765823442
3,"arear × party_kmt × party_dpp","花東區 | 0-4 冷淡 | 0-4 冷淡",4.30196647419607,0.166571273910787,10,0.319693094629156,0.382082749209899,0.234082923859613,1.29380937204417,0.40530187687095
3,"arear × party_kmt × party_dpp","花東區 | 0-4 冷淡 | 5 中間",2.84883629270417,0.110306366468766,6,0.191815856777494,0.229829441219071,0.210604126224574,1.08355554240969,0.909265375758784
3,"arear × party_kmt × party_dpp","花東區 | 0-4 冷淡 | 6-10 溫暖",12.3363304099761,0.477660224480969,9,0.28772378516624,0.447779059172667,0.507294154704512,-0.0625573656269383,0.0620397694946108
3,"arear × party_kmt × party_dpp","花東區 | 5 中間 | 0-4 冷淡",3.68020734220443,0.142496885766963,4,0.127877237851662,0.234764379762132,0.207661182736574,0.647505336685475,0.457303306095965
3,"arear × party_kmt × party_dpp","花東區 | 5 中間 | 5 中間",5.02540794827966,0.194582781824855,4,0.127877237851662,0.374681551330018,0.214004133092752,0.925563751407726,0.0998102251687352
3,"arear × party_kmt × party_dpp","花東區 | 5 中間 | 6-10 溫暖",3.62574267027601,0.140388024658754,0,0,0,0,-1,-1
3,"arear × party_kmt × party_dpp","花東區 | 6-10 溫暖 | 0-4 冷淡",20.2259386312966,0.783144262993368,10,0.319693094629156,0.699372010841467,0.920293737469551,-0.106969119369786,0.175126705202391
3,"arear × party_kmt × party_dpp","花東區 | 6-10 溫暖 | 5 中間",5.59977265879698,0.21682206753155,0,0,0,0,-1,-1
3,"arear × party_kmt × party_dpp","花東區 | 6-10 溫暖 | 6-10 溫暖",5.0428837682466,0.195259442048032,1,0.0319693094629156,0.0587221381487818,0.133291071596458,-0.69926095489745,-0.317364270847042
3,"arear × party_kmt × party_tpp","北北基宜蘭區 | 0-4 冷淡 | 0-4 冷淡",285.29903621767,11.0467211200612,515,16.4641943734015,10.2771150845069,11.4410134323488,-0.0696682777803309,0.035693153470815
3,"arear × party_kmt × party_tpp","北北基宜蘭區 | 0-4 冷淡 | 5 中間",38.971826722678,1.50898126769805,128,4.0920716112532,1.82775680793291,1.30207224336506,0.211252152070218,-0.137118351806068
3,"arear × party_kmt × party_tpp","北北基宜蘭區 | 0-4 冷淡 | 6-10 溫暖",44.6628610764834,1.72933696964726,170,5.43478260869565,1.62312584261364,1.33853049670291,-0.0614172534895129,-0.22598630562097
3,"arear × party_kmt × party_tpp","北北基宜蘭區 | 5 中間 | 0-4 冷淡",67.2936506208144,2.60559657478762,66,2.10997442455243,3.13460914048307,2.57832014936341,0.203029344916365,-0.0104683993248007
3,"arear × party_kmt × party_tpp","北北基宜蘭區 | 5 中間 | 5 中間",120.887954190705,4.6807571957607,85,2.71739130434783,4.49842273021263,4.36568368198693,-0.038954053355557,-0.0673125096211192
3,"arear × party_kmt × party_tpp","北北基宜蘭區 | 5 中間 | 6-10 溫暖",41.1943286697006,1.59503609467202,84,2.68542199488491,2.68830545249141,2.03938802059202,0.685419823081933,0.278584244835769
3,"arear × party_kmt × party_tpp","北北基宜蘭區 | 6-10 溫暖 | 0-4 冷淡",74.7942811198988,2.89601947437566,82,2.62148337595908,3.64463982969829,2.4526930797288,0.258499765608111,-0.153081289186576
3,"arear × party_kmt × party_tpp","北北基宜蘭區 | 6-10 溫暖 | 5 中間",74.4669634309609,2.88334579950001,70,2.23785166240409,2.86529250750418,3.37642831256006,-0.00626123026900267,0.171010536837293
3,"arear × party_kmt × party_tpp","北北基宜蘭區 | 6-10 溫暖 | 6-10 溫暖",85.9878931816396,3.32943387496923,98,3.13299232736573,1.71596097602886,3.38109895482388,-0.484608783214017,0.0155176771171429
3,"arear × party_kmt × party_tpp","桃竹苗區 | 0-4 冷淡 | 0-4 冷淡",120.079773694,4.64946460998776,161,5.14705882352941,4.43184550507435,4.22061602279569,-0.0468051965479921,-0.0922361224711425
3,"arear × party_kmt × party_tpp","桃竹苗區 | 0-4 冷淡 | 5 中間",22.502663619004,0.871298595162543,57,1.82225063938619,1.1762949614462,1.23097354956326,0.350048040909275,0.412803321843555
3,"arear × party_kmt × party_tpp","桃竹苗區 | 0-4 冷淡 | 6-10 溫暖",10.8669183403669,0.420764885616098,63,2.01406649616368,0.763442373855469,0.504183139615792,0.81441560347321,0.198253839261205
3,"arear × party_kmt × party_tpp","桃竹苗區 | 5 中間 | 0-4 冷淡",44.4220847501676,1.72001415887164,26,0.831202046035806,1.71759291765987,2.0704320898924,-0.00140768679099521,0.203729678161862
3,"arear × party_kmt × party_tpp","桃竹苗區 | 5 中間 | 5 中間",74.5807450977268,2.88775140268045,32,1.0230179028133,2.29712627789161,2.87420539138584,-0.204527690382427,-0.00469085090982675
3,"arear × party_kmt × party_tpp","桃竹苗區 | 5 中間 | 6-10 溫暖",24.4989206590792,0.948593264986964,37,1.18286445012788,1.4543572143704,0.60557642389673,0.533172612595335,-0.36160581542285
3,"arear × party_kmt × party_tpp","桃竹苗區 | 6-10 溫暖 | 0-4 冷淡",33.9014722422156,1.31265816521555,27,0.863171355498721,1.5572626017498,1.40977209164303,0.186342829394647,0.0739826475779687
3,"arear × party_kmt × party_tpp","桃竹苗區 | 6-10 溫暖 | 5 中間",38.6354755832062,1.49595781944033,18,0.575447570332481,0.830881663905403,1.12918917079271,-0.44458215792725,-0.245173121782826
3,"arear × party_kmt × party_tpp","桃竹苗區 | 6-10 溫暖 | 6-10 溫暖",61.1636155241637,2.36824285264878,52,1.66240409207161,2.44594223865697,2.6297978750246,0.0328088759652709,0.110442652485277
3,"arear × party_kmt × party_tpp","中彰投區 | 0-4 冷淡 | 0-4 冷淡",147.898374600816,5.7265952243843,181,5.78644501278772,5.66904683195994,6.26222332288012,-0.0100493207865143,0.0935334308622113
3,"arear × party_kmt × party_tpp","中彰投區 | 0-4 冷淡 | 5 中間",24.4657362446807,0.94730837115678,47,1.50255754475703,1.23810085939769,0.482073062777707,0.306967083892454,-0.491112844079446
3,"arear × party_kmt × party_tpp","中彰投區 | 0-4 冷淡 | 6-10 溫暖",17.9820136132664,0.696259939032329,62,1.98209718670077,0.720360123517352,0.654887689418652,0.0346137744453855,-0.0594206951949257
3,"arear × party_kmt × party_tpp","中彰投區 | 5 中間 | 0-4 冷淡",47.0432281065687,1.82150430078635,29,0.927109974424552,1.34682834710453,1.36507866201721,-0.260595571186358,-0.25057620702411
3,"arear × party_kmt × party_tpp","中彰投區 | 5 中間 | 5 中間",95.5676538434507,3.70036027497017,49,1.56649616368286,3.45437948564379,4.11606787570483,-0.0664748216518922,0.112342466636713
3,"arear × party_kmt × party_tpp","中彰投區 | 5 中間 | 6-10 溫暖",23.6324446450416,0.9150434885447,31,0.991048593350384,1.15463188864872,0.93773465894343,0.261832801504399,0.0247979147251445
3,"arear × party_kmt × party_tpp","中彰投區 | 6-10 溫暖 | 0-4 冷淡",33.5308425977984,1.29830746016241,32,1.0230179028133,1.60708512307616,1.18620947430169,0.237830924020972,-0.0863416327028574
3,"arear × party_kmt × party_tpp","中彰投區 | 6-10 溫暖 | 5 中間",35.3266650979775,1.36784134504197,28,0.895140664961637,1.72129814719887,1.43561601754581,0.258404824096068,0.0495486357021553
3,"arear × party_kmt × party_tpp","中彰投區 | 6-10 溫暖 | 6-10 溫暖",61.5079599298046,2.38157579855984,48,1.53452685421995,1.94306539609179,2.41490543904937,-0.184126158291171,0.0139947846756284
3,"arear × party_kmt × party_tpp","雲嘉南區 | 0-4 冷淡 | 0-4 冷淡",146.96018902451,5.69026886815922,175,5.59462915601023,5.13343943173144,5.20812069988537,-0.0978564368976667,-0.0847320538703853
3,"arear × party_kmt × party_tpp","雲嘉南區 | 0-4 冷淡 | 5 中間",20.1480562448497,0.780128672703792,34,1.08695652173913,1.17640075818375,1.0779040413744,0.507957340045649,0.381700325971317
3,"arear × party_kmt × party_tpp","雲嘉南區 | 0-4 冷淡 | 6-10 溫暖",15.2115476555497,0.588988056122186,42,1.34271099744246,0.637433142994421,0.757720113989325,0.0822513909555169,0.286477893928864
3,"arear × party_kmt × party_tpp","雲嘉南區 | 5 中間 | 0-4 冷淡",30.2636009565873,1.17180052301744,19,0.607416879795396,1.51715843003846,1.59904938072858,0.294724144798733,0.364608864152883
3,"arear × party_kmt × party_tpp","雲嘉南區 | 5 中間 | 5 中間",61.7147437683565,2.3895824270676,28,0.895140664961637,1.49903929231874,2.16493511972668,-0.372677303223099,-0.0940111145764487
3,"arear × party_kmt × party_tpp","雲嘉南區 | 5 中間 | 6-10 溫暖",18.3239957754502,0.709501419353344,10,0.319693094629156,0.423753226917922,0.501012674073788,-0.402745061025895,-0.293852471034628
3,"arear × party_kmt × party_tpp","雲嘉南區 | 6-10 溫暖 | 0-4 冷淡",21.126292175546,0.81800577057026,29,0.927109974424552,1.90128690136617,0.987010789065311,1.32429521865196,0.206606144571856
3,"arear × party_kmt × party_tpp","雲嘉南區 | 6-10 溫暖 | 5 中間",27.1974859760048,1.05308116959244,14,0.447570332480818,1.13561852746475,0.935355154658134,0.078377014284898,-0.111791966596334
3,"arear × party_kmt × party_tpp","雲嘉南區 | 6-10 溫暖 | 6-10 溫暖",30.2275168077626,1.17040335205533,30,0.959079283887468,0.947630547625937,1.14065228513997,-0.190338488041907,-0.0254194990668053
3,"arear × party_kmt × party_tpp","高屏區 | 0-4 冷淡 | 0-4 冷淡",167.600150062045,6.48944399518848,170,5.43478260869565,4.88048854647709,6.07715087893868,-0.247934252904307,-0.0635328876488482
3,"arear × party_kmt × party_tpp","高屏區 | 0-4 冷淡 | 5 中間",16.5858879743808,0.642202235978718,51,1.6304347826087,1.80479512402642,0.828430124706556,1.81032208066967,0.289983245611138
3,"arear × party_kmt × party_tpp","高屏區 | 0-4 冷淡 | 6-10 溫暖",10.2950670540033,0.398622919185524,37,1.18286445012788,0.521586951625627,0.603043571793764,0.30847205848411,0.512817108022584
3,"arear × party_kmt × party_tpp","高屏區 | 5 中間 | 0-4 冷淡",39.5031075285155,1.5295523533082,29,0.927109974424552,1.40491792353983,1.35318060584031,-0.0814842522381166,-0.115309389107494
3,"arear × party_kmt × party_tpp","高屏區 | 5 中間 | 5 中間",74.5495454881287,2.88654336009169,36,1.15089514066496,2.51132227796125,3.16282581372279,-0.129989761220324,0.0957139454237515
3,"arear × party_kmt × party_tpp","高屏區 | 5 中間 | 6-10 溫暖",19.6493003344402,0.760816944482348,25,0.79923273657289,1.08803093925741,0.644765611927521,0.430082422780028,-0.152535157630837
3,"arear × party_kmt × party_tpp","高屏區 | 6-10 溫暖 | 0-4 冷淡",21.1377200190654,0.818448254365635,23,0.735294117647059,1.33968510897091,1.40986985177228,0.636859876998913,0.72261330420339
3,"arear × party_kmt × party_tpp","高屏區 | 6-10 溫暖 | 5 中間",26.2845023819638,1.01773062903587,19,0.607416879795396,0.901045259735463,0.563603374917096,-0.114652508209318,-0.446215571353085
3,"arear × party_kmt × party_tpp","高屏區 | 6-10 溫暖 | 6-10 溫暖",22.0269069083986,0.852877391317166,35,1.11892583120205,0.944365951359591,0.753368249334605,0.107270471669008,-0.116674615830631
3,"arear × party_kmt × party_tpp","花東區 | 0-4 冷淡 | 0-4 冷淡",15.3038889486783,0.592563492361229,17,0.543478260869565,0.778900504677392,0.7964589088242,0.314459150315949,0.344090412405421
3,"arear × party_kmt × party_tpp","花東區 | 0-4 冷淡 | 5 中間",2.16479050344241,0.0838202515224763,5,0.159846547314578,0.124363409641027,0.0015984654731458,0.483691678110504,-0.980929841606152
3,"arear × party_kmt × party_tpp","花東區 | 0-4 冷淡 | 6-10 溫暖",2.01845372475568,0.078154120976816,3,0.0959079283887468,0.156427335283218,0.153923830491354,1.00152382661461,0.96949090550215
3,"arear × party_kmt × party_tpp","花東區 | 5 中間 | 0-4 冷淡",5.00687081315561,0.193865027692927,3,0.0959079283887468,0.196088673244523,0.145457846930217,0.0114700705849743,-0.249695271698951
3,"arear × party_kmt × party_tpp","花東區 | 5 中間 | 5 中間",5.62534711568286,0.217812305342237,3,0.0959079283887468,0.219119744387137,0.0378044175146554,0.0060025949536949,-0.826435804647239
3,"arear × party_kmt × party_tpp","花東區 | 5 中間 | 6-10 溫暖",1.69914003192162,0.0657903592154073,2,0.0639386189258312,0.19423751346049,0.238403051384454,1.95237046547395,2.62367760607428
3,"arear × party_kmt × party_tpp","花東區 | 6-10 溫暖 | 0-4 冷淡",9.14926035530397,0.354257514991266,3,0.0959079283887468,0.197095986928474,0.172429601330999,-0.443636398416747,-0.513264803048003
3,"arear × party_kmt × party_tpp","花東區 | 6-10 溫暖 | 5 中間",9.27930267796221,0.359292727487093,5,0.159846547314578,0.492538015381107,0.68903003245728,0.370854397265253,0.917739992335452
3,"arear × party_kmt × party_tpp","花東區 | 6-10 溫暖 | 6-10 溫暖",12.440032025074,0.481675530094591,3,0.0959079283887468,0.0684601466806682,0.19212517527773,-0.857870822984875,-0.601131543385647
3,"arear × party_dpp × party_tpp","北北基宜蘭區 | 0-4 冷淡 | 0-4 冷淡",142.124649128936,5.50303773902712,392,12.5319693094629,9.0286266643691,5.63917557808111,0.640662320074379,0.024738670805128
3,"arear × party_dpp × party_tpp","北北基宜蘭區 | 0-4 冷淡 | 5 中間",104.642982323684,4.05175516267528,141,4.5076726342711,3.15076126004273,3.95144221531686,-0.222371260468178,-0.0247578995598007
3,"arear × party_dpp × party_tpp","北北基宜蘭區 | 0-4 冷淡 | 6-10 溫暖",120.164610196796,4.65274946225932,213,6.80946291560102,1.79155881324814,4.25469994976544,-0.614946210239701,-0.0855514606412087
3,"arear × party_dpp × party_tpp","北北基宜蘭區 | 5 中間 | 0-4 冷淡",60.741791106567,2.35190989630725,81,2.58951406649616,2.80288269406816,2.43735417376239,0.191747480832062,0.0363297410284724
3,"arear × party_dpp × party_tpp","北北基宜蘭區 | 5 中間 | 5 中間",100.743358649023,3.90076252078532,92,2.94117647058824,4.47036217646858,4.05102611868926,0.146022643687776,0.0385215959964889
3,"arear × party_dpp × party_tpp","北北基宜蘭區 | 5 中間 | 6-10 溫暖",24.2836103300263,0.940256492487312,44,1.40664961636829,1.27888101258899,0.870750893157247,0.36014058164692,-0.0739219562804588
3,"arear × party_dpp × party_tpp","北北基宜蘭區 | 6-10 溫暖 | 0-4 冷淡",224.520527722881,8.6933895338901,190,6.07416879795396,5.22485469625103,8.39549690959755,-0.398985323747133,-0.0342665680781077
3,"arear × party_dpp × party_tpp","北北基宜蘭區 | 6-10 溫暖 | 5 中間",28.9404033716372,1.12056657949815,50,1.59846547314578,1.5703486091384,1.04171590390594,0.401388045895212,-0.070366792152173
3,"arear × party_dpp × party_tpp","北北基宜蘭區 | 6-10 溫暖 | 6-10 溫暖",27.3968624010013,1.06080098454187,95,3.03708439897698,2.95695244529679,1.63356662919612,1.78747143751362,0.539936946704113
3,"arear × party_dpp × party_tpp","桃竹苗區 | 0-4 冷淡 | 0-4 冷淡",82.112286087231,3.17937115022101,129,4.12404092071611,3.69324368103234,2.87579896883473,0.161627097476684,-0.0954818317972026
3,"arear × party_dpp × party_tpp","桃竹苗區 | 0-4 冷淡 | 5 中間",48.9406975305988,1.89497393404902,59,1.88618925831202,1.7040131086855,2.66675551903663,-0.100772270231437,0.407278206375395
3,"arear × party_dpp × party_tpp","桃竹苗區 | 0-4 冷淡 | 6-10 溫暖",56.0963766544716,2.17204038598669,80,2.55754475703325,1.09425312482977,1.70861964872873,-0.496209586207723,-0.213357329931709
3,"arear × party_dpp × party_tpp","桃竹苗區 | 5 中間 | 0-4 冷淡",37.5350585329508,1.45334989327594,28,0.895140664961637,1.70621211230084,2.0745692239492,0.173985782910766,0.427439623140571
3,"arear × party_dpp × party_tpp","桃竹苗區 | 5 中間 | 5 中間",66.0967605887342,2.55925323423148,25,0.79923273657289,1.51874456512203,1.75628378307066,-0.406567296737991,-0.313751464849453
3,"arear × party_dpp × party_tpp","桃竹苗區 | 5 中間 | 6-10 溫暖",22.2542744889077,0.861681018160516,26,0.831202046035806,1.30015953567867,1.03913188059555,0.508864078791247,0.205935675377702
3,"arear × party_dpp × party_tpp","桃竹苗區 | 6-10 溫暖 | 0-4 冷淡",78.755986066201,3.04941589057798,57,1.82225063938619,2.30724523115084,2.75045201154719,-0.243381252691799,-0.0980397196573045
3,"arear × party_dpp × party_tpp","桃竹苗區 | 6-10 溫暖 | 5 中間",20.681426180604,0.80078064900282,23,0.735294117647059,1.08154522943567,0.81132880963453,0.350613592851525,0.0131723470651363
3,"arear × party_dpp × party_tpp","桃竹苗區 | 6-10 溫暖 | 6-10 溫暖",18.1788033802305,0.703879599104633,46,1.47058823529412,2.2693291663744,0.99180590921285,2.22403031606696,0.40905619437539
3,"arear × party_dpp × party_tpp","中彰投區 | 0-4 冷淡 | 0-4 冷淡",97.726498783269,3.78395031546871,144,4.60358056265985,4.21022447153862,4.16688057072497,0.112653211731485,0.101198542087314
3,"arear × party_dpp × party_tpp","中彰投區 | 0-4 冷淡 | 5 中間",52.8808838633579,2.04753715387657,46,1.47058823529412,1.47437385441158,1.6275604924801,-0.279928155823613,-0.205113084566664
3,"arear × party_dpp × party_tpp","中彰投區 | 0-4 冷淡 | 6-10 溫暖",67.8670646616263,2.62779905075512,78,2.49360613810742,1.30932793312366,2.61199458099523,-0.501739703898816,-0.00601433726652467
3,"arear × party_dpp × party_tpp","中彰投區 | 5 中間 | 0-4 冷淡",38.1217327950907,1.47606580233787,27,0.863171355498721,1.20108752105075,1.00251099539386,-0.186291343415446,-0.32082228732213
3,"arear × party_dpp × party_tpp","中彰投區 | 5 中間 | 5 中間",80.2849348769949,3.10861648004932,48,1.53452685421995,3.41085646420433,3.79354399241474,0.0972265270079952,0.220331944053309
3,"arear × party_dpp × party_tpp","中彰投區 | 5 中間 | 6-10 溫暖",14.0198068620047,0.542844093043221,16,0.51150895140665,0.517614521643208,0.348626270084493,-0.0464766435213005,-0.357778274550119
3,"arear × party_dpp × party_tpp","中彰投區 | 6-10 溫暖 | 0-4 冷淡",92.6242137268231,3.58639086752648,71,2.26982097186701,3.21164830955125,3.64411989308018,-0.104490160670548,0.0160966909871482
3,"arear × party_dpp × party_tpp","中彰投區 | 6-10 溫暖 | 5 中間",22.1942364457561,0.859356357243036,30,0.959079283887468,1.52854817362444,0.612652471133504,0.778712824710214,-0.287079840662377
3,"arear × party_dpp × party_tpp","中彰投區 | 6-10 溫暖 | 6-10 溫暖",21.2355466644815,0.822236082338521,47,1.50255754475703,1.99111495349099,1.04690693633173,1.42158547436651,0.27324372989595
3,"arear × party_dpp × party_tpp","雲嘉南區 | 0-4 冷淡 | 0-4 冷淡",52.6722364467758,2.03945836800348,128,4.0920716112532,4.36472342303796,2.4852928241378,1.14013852477449,0.218604342765168
3,"arear × party_dpp × party_tpp","雲嘉南區 | 0-4 冷淡 | 5 中間",31.2509916837509,1.21003209275604,30,0.959079283887468,1.35911876908671,0.88418277381801,0.123208861337808,-0.269289815442707
3,"arear × party_dpp × party_tpp","雲嘉南區 | 0-4 冷淡 | 6-10 溫暖",30.2183919354483,1.17005003884036,46,1.47058823529412,0.662063389761538,1.18216579943958,-0.434158054968564,0.0103549080783161
3,"arear × party_dpp × party_tpp","雲嘉南區 | 5 中間 | 0-4 冷淡",33.9216444105858,1.31343922750488,32,1.0230179028133,1.28875740050296,1.01837057072775,-0.0187917541101693,-0.224653452248161
3,"arear × party_dpp × party_tpp","雲嘉南區 | 5 中間 | 5 中間",55.0802121613945,2.13269470183735,28,0.895140664961637,1.47143945500909,2.22483068715679,-0.310056214918422,0.0432016759079775
3,"arear × party_dpp × party_tpp","雲嘉南區 | 5 中間 | 6-10 溫暖",13.8348408742867,0.535682247317747,10,0.319693094629156,0.371419280508054,0.671803383714709,-0.306642543470846,0.254107984870777
3,"arear × party_dpp × party_tpp","雲嘉南區 | 6-10 溫暖 | 0-4 冷淡",111.756201299281,4.32717756623855,63,2.01406649616368,2.89840393959514,4.29051747481371,-0.330186040385993,-0.00847205617603125
3,"arear × party_dpp × party_tpp","雲嘉南區 | 6-10 溫暖 | 5 中間",22.7290821440656,0.880065474770446,18,0.575447570332481,0.980500353871437,1.06918085478442,0.114122053392888,0.214887852592218
3,"arear × party_dpp × party_tpp","雲嘉南區 | 6-10 溫暖 | 6-10 溫暖",19.7098274290276,0.763160541372747,26,0.831202046035806,0.975334247268689,0.545415890048792,0.278019753896462,-0.285319588106957
3,"arear × party_dpp × party_tpp","高屏區 | 0-4 冷淡 | 0-4 冷淡",64.4575396738067,2.49578293113673,124,3.96419437340153,2.62542892899131,2.06142729674929,0.0519460231245072,-0.174035822173692
3,"arear × party_dpp × party_tpp","高屏區 | 0-4 冷淡 | 5 中間",37.0188916472872,1.43336401560552,51,1.6304347826087,1.45283512893625,1.22183550138351,0.0135842068858594,-0.147574874155497
3,"arear × party_dpp × party_tpp","高屏區 | 0-4 冷淡 | 6-10 溫暖",18.401505332301,0.71250257375618,55,1.75831202046036,0.829845106179695,1.36674723353071,0.164690678666474,0.91823480205197
3,"arear × party_dpp × party_tpp","高屏區 | 5 中間 | 0-4 冷淡",31.8590012656045,1.23357410109264,32,1.0230179028133,1.21130793716218,1.25560908499201,-0.0180501227374508,0.0178627160539861
3,"arear × party_dpp × party_tpp","高屏區 | 5 中間 | 5 中間",62.0232142185466,2.40152634066158,31,0.991048593350384,2.20452601915152,2.48522038314301,-0.0820312974188724,0.0348503537372677
3,"arear × party_dpp × party_tpp","高屏區 | 5 中間 | 6-10 溫暖",13.7706416048466,0.53319646455795,11,0.351662404092072,0.507802041467093,0.412324029306539,-0.0476267657024137,-0.226693992338493
3,"arear × party_dpp × party_tpp","高屏區 | 6-10 溫暖 | 0-4 冷淡",131.924436670215,5.10808757063294,66,2.10997442455243,3.78835471283434,5.52316495480998,-0.258361439491743,0.0812588622331712
3,"arear × party_dpp × party_tpp","高屏區 | 6-10 溫暖 | 5 中間",18.3778299786394,0.711585868839173,24,0.767263427109974,1.55980151363537,0.847803428819925,1.19200743289058,0.191428140925518
3,"arear × party_dpp × party_tpp","高屏區 | 6-10 溫暖 | 6-10 溫暖",19.7991273596945,0.766618216670905,31,0.991048593350384,1.21633669459584,0.222106170218646,0.586626391266662,-0.710277990545074
3,"arear × party_dpp × party_tpp","花東區 | 0-4 冷淡 | 0-4 冷淡",9.70963461508677,0.375955093268251,12,0.383631713554987,0.645090636232218,0.467478421492491,0.715871517058913,0.243442181960113
3,"arear × party_dpp × party_tpp","花東區 | 0-4 冷淡 | 5 中間",9.63755284155766,0.373164101540511,7,0.223785166240409,0.476968417074595,0.55669804014471,0.278173369586074,0.491831711160122
3,"arear × party_dpp × party_tpp","花東區 | 0-4 冷淡 | 6-10 溫暖",8.86092499105266,0.343093227862355,5,0.159846547314578,0.194160086506685,0.337861382428538,-0.434089423109863,-0.0152490489725321
3,"arear × party_dpp × party_tpp","花東區 | 5 中間 | 0-4 冷淡",5.12940558467689,0.198609549323464,3,0.0959079283887468,0.120287388798624,0.139893473983042,-0.394352440714121,-0.29563571107447
3,"arear × party_dpp × party_tpp","花東區 | 5 中間 | 5 中間",5.38416817861437,0.208473905559506,4,0.127877237851662,0.259258694832773,0.0381241106092846,0.24360261845227,-0.817127661579677
3,"arear × party_dpp × party_tpp","花東區 | 5 中間 | 6-10 溫暖",2.96044313648954,0.1146277609422,3,0.0959079283887468,0.224964908917692,0.246590674725001,0.962569163600151,1.15122996993147
3,"arear × party_dpp × party_tpp","花東區 | 6-10 溫暖 | 0-4 冷淡",14.6209799173742,0.566121392453706,8,0.255754475703325,0.406707139819546,0.506974461609883,-0.281590229161313,-0.104477470083698
3,"arear × party_dpp × party_tpp","花東區 | 6-10 溫暖 | 5 中間",2.04771927691546,0.0792872772517883,2,0.0639386189258312,0.0997940575019034,0.133610764691087,0.258638976654386,0.685147596464774
3,"arear × party_dpp × party_tpp","花東區 | 6-10 溫暖 | 6-10 溫暖",4.33625765420909,0.167899021482259,0,0,0,0,-1,-1
3,"party_kmt × party_dpp × party_tpp","0-4 冷淡 | 0-4 冷淡 | 0-4 冷淡",243.059612474178,9.41121915499163,653,20.8759590792839,10.7499695776409,7.82458658509057,0.142250477924447,-0.168589482804629
3,"party_kmt × party_dpp × party_tpp","0-4 冷淡 | 0-4 冷淡 | 5 中間",54.1109495083091,2.09516504746952,174,5.56265984654731,2.21407378433957,2.62762056281949,0.0567538757930634,0.254135356063262
3,"party_kmt × party_dpp × party_tpp","0-4 冷淡 | 0-4 冷淡 | 6-10 溫暖",61.305774990962,2.37374723852094,243,7.76854219948849,1.80203703497115,3.32272768610942,-0.240847127390874,0.399781590975032
3,"party_kmt × party_dpp × party_tpp","0-4 冷淡 | 5 中間 | 0-4 冷淡",91.3127938591223,3.5356129548428,158,5.05115089514067,5.35304533055718,4.25503682096754,0.514036009859338,0.203479248241617
3,"party_kmt × party_dpp × party_tpp","0-4 冷淡 | 5 中間 | 5 中間",20.2770669383223,0.785123940725691,50,1.59846547314578,1.41853064228713,0.375729044418831,0.806760141559283,-0.521439832707758
3,"party_kmt × party_dpp × party_tpp","0-4 冷淡 | 5 中間 | 6-10 溫暖",11.5589176143322,0.447558957885405,36,1.15089514066496,0.514446661635682,0.212551489596629,0.149450039088266,-0.525087173763928
3,"party_kmt × party_dpp × party_tpp","0-4 冷淡 | 6-10 溫暖 | 0-4 冷淡",548.76900621442,21.2482252003078,408,13.0434782608696,15.067820996229,21.9259598596148,-0.290866843974772,0.0318960596905385
3,"party_kmt × party_dpp × party_tpp","0-4 冷淡 | 6-10 溫暖 | 5 中間",50.4509448624042,1.95345040602715,98,3.13299232736573,3.71510749400129,1.91970188002182,0.901818179022483,-0.017276366935757
3,"party_kmt × party_dpp × party_tpp","0-4 冷淡 | 6-10 溫暖 | 6-10 溫暖",28.1721688591311,1.09082069417387,98,3.13299232736573,2.1058920732829,0.477009666305744,0.930557500907878,-0.562705705114068
3,"party_kmt × party_dpp × party_tpp","5 中間 | 0-4 冷淡 | 0-4 冷淡",74.3701903828306,2.87959876660145,113,3.61253196930946,5.47150761137652,4.21346143368877,0.900093747377893,0.463211292683517
3,"party_kmt × party_dpp × party_tpp","5 中間 | 0-4 冷淡 | 5 中間",75.7710216797053,2.93383867178299,51,1.6304347826087,2.22014553876171,2.45443438687622,-0.2432625692358,-0.163405128413355
3,"party_kmt × party_dpp × party_tpp","5 中間 | 0-4 冷淡 | 6-10 溫暖",78.0987367629633,3.02396733016406,91,2.90920716112532,2.11561754539939,2.24694134391483,-0.30038346502751,-0.256955813807376
3,"party_kmt × party_dpp × party_tpp","5 中間 | 5 中間 | 0-4 冷淡",95.0860567912957,3.68171293427835,28,0.895140664961637,2.05788214199455,2.88781978249646,-0.441053069935254,-0.215631464471443
3,"party_kmt × party_dpp × party_tpp","5 中間 | 5 中間 | 5 中間",324.214392137384,12.5535158496621,158,5.05115089514067,10.6975511955141,12.8542476506109,-0.147844211643542,0.0239559820969948
3,"party_kmt × party_dpp × party_tpp","5 中間 | 5 中間 | 6-10 溫暖",36.5449533154463,1.41501321901903,44,1.40664961636829,2.32984580680516,1.86052550393382,0.6465187572031,0.314846729999917
3,"party_kmt × party_dpp × party_tpp","5 中間 | 6-10 溫暖 | 0-4 冷淡",64.0762956016827,2.48102123758437,31,0.991048593350384,1.78780567869921,2.01023751858689,-0.279407345807368,-0.189754006078504
3,"party_kmt × party_dpp × party_tpp","5 中間 | 6-10 溫暖 | 5 中間",32.9405756869614,1.27545244446778,24,0.767263427109974,1.56171307413935,1.41284026255459,0.224438497031552,0.107716927183538
3,"party_kmt × party_dpp × party_tpp","5 中間 | 6-10 溫暖 | 6-10 溫暖",14.3544400372239,0.555801022071704,54,1.72634271099744,2.55785288294181,0.859413592969289,3.60210179788373,0.54626126768514
3,"party_kmt × party_dpp × party_tpp","6-10 溫暖 | 0-4 冷淡 | 0-4 冷淡",131.373041878097,5.08673767553223,163,5.21099744245524,8.34586061618413,5.65800564124105,0.640709851488634,0.112305371762471
3,"party_kmt × party_dpp × party_tpp","6-10 溫暖 | 0-4 冷淡 | 5 中間",154.490028702222,5.98182274125044,109,3.4846547314578,5.18385121513608,5.82641959248413,-0.133399393568047,-0.0259792299919983
3,"party_kmt × party_dpp × party_tpp","6-10 溫暖 | 0-4 冷淡 | 6-10 溫暖",162.204362017771,6.28052017077504,143,4.57161125319693,1.96355387327895,5.89241956486397,-0.687358081832792,-0.0617943411306938
3,"party_kmt × party_dpp × party_tpp","6-10 溫暖 | 5 中間 | 0-4 冷淡",20.9097830450578,0.809622580720904,17,0.543478260869565,0.919607581331775,0.785450919344266,0.135847249360237,-0.0298554684024689
3,"party_kmt × party_dpp × party_tpp","6-10 溫暖 | 5 中間 | 5 中間",25.1211895976016,0.972687392736797,20,0.639386189258312,1.21910553698711,1.11905238005397,0.253337450542024,0.150474847736389
3,"party_kmt × party_dpp × party_tpp","6-10 溫暖 | 5 中間 | 6-10 溫暖",43.0197463667831,1.66571589960452,30,0.959079283887468,1.35654883236286,1.51615013805309,-0.185606121256973,-0.0897906789428755
3,"party_kmt × party_dpp × party_tpp","6-10 溫暖 | 6-10 溫暖 | 0-4 冷淡",41.3570435866734,1.60133638342764,16,0.51150895140665,0.98158735427389,1.17452832725681,-0.387019888867564,-0.26653241666642
3,"party_kmt × party_dpp × party_tpp","6-10 溫暖 | 6-10 溫暖 | 5 中間",31.5791768482522,1.22273935611048,25,0.79923273657289,1.54371736906658,1.18375009039299,0.262507304890493,-0.0318868166978085
3,"party_kmt × party_dpp × party_tpp","6-10 溫暖 | 6-10 溫暖 | 6-10 溫暖",68.1298159922894,2.63797272926537,93,2.97314578005115,4.745322550802,3.10337827573311,0.79885201168228,0.17642545781637
