"memberId","caseid","weight","excluded_reason"
"37797fe33ec110c9",1,0.0179895359383246,NA
"59093cf33f165d4d",2,0.209703272745993,NA
"483dd3b07ff8f4f6",3,0.388367248354534,NA
"6a25d459a8df229c",4,0.162902750324588,NA
"da02c83127b55607",5,0.451055230979469,NA
"f014c4129cd424b8",6,0.447687197497566,NA
"91fc0d194b25e1d4",7,1.10177569252306,NA
"3f2a0fa4b7302ad3",8,0.37235980296614,NA
"282d7d0e6b9cb6d9",9,0.0313257650654449,NA
"1d50936dde771906",10,0.050623240629463,NA
"2a6c641467eefd3d",11,1.16682819918341,NA
"4f308a7bc746648c",12,2.92565184923854,NA
"5a81bfc595f2452f",13,0.456619563006891,NA
"24a445e10eead605",14,0.47080046806276,NA
"6e6bf22e865c9099",15,0.0892393625509053,NA
"beb52c68c28efd79",16,0.36391558390339,NA
"05e19809fdbda2b6",17,5.00009999963804,NA
"75943986142dc919",18,0.0177703167916001,NA
"0f0c843dd8bb2f5a",19,0.0214433622502326,NA
"4bc470bb74fc823e",20,0.0464067700199429,NA
"43a39136229029aa",21,0.179454411263992,NA
"2546ac11d64b0229",22,0.179454411263992,NA
"e36992e6dc98d6f6",23,0.0582263414728006,NA
"12995ca8460d9c96",24,0.159823903522189,NA
"01204504e8de2067",25,5.00009999963804,NA
"8328a7760b8cab49",26,0.0496242596967169,NA
"cd82d55aba5b2bb5",27,0.816059897565484,NA
"e8e0084762f24fcc",28,0.160156468852985,NA
"207edc0e5714674a",29,0.0410263337825725,NA
"b10d9fb627e84202",30,0.166210317657212,NA
"2f7f0371a8026c68",31,0.237503156897723,NA
"6606b499900dda59",32,0.779591462232798,NA
"9f45804f3bd46acf",33,0.364672827994392,NA
"a941391525f60a7b",34,1.64610504452823,NA
"5b8b4fa823eb21a7",35,0.0581054343208653,NA
"857631c5d2772ad1",36,0.901925537941835,NA
"3fb394f30d14634e",37,0.0260641025938819,NA
"d6250da38ca3f225",38,0.283101590079484,NA
"25f21ebe26baee8f",39,0.0177703167916001,NA
"85fbfd99d295f526",40,0.511639619915953,NA
"6ef29471a4489a70",41,1.24225220329472,NA
"b74ee5b98fc2b66a",42,0.280130615766138,NA
"d145c31321f0c127",43,0.0214433622502326,NA
"819a786016d4ce5c",44,0.0329617480383356,NA
"fd2e1d4f632bbc83",45,0.625009574339701,NA
"3d4feb87b6d74971",46,0.127225780912718,NA
"28ef70e801131c94",47,0.031839429617324,NA
"c5a2115dd8c874e8",48,0.364489047122448,NA
"4d38fad90bd3b00a",49,1.11103829470973,NA
"eccb0bcb3a960fe8",50,5.00009999963804,NA
"7480489e33bd5952",51,0.0289983334975083,NA
"a9e0155e227343de",52,0.13269252964594,NA
"e41881aa95dacd47",53,0.0260641025938819,NA
"69cf1127a2ff126b",54,0.166210317657212,NA
"7af77cc02e399813",55,0.874904310884089,NA
"88c89ed05d419319",56,5.00009999963804,NA
"c81a56f871185aa3",57,0.219218216947144,NA
"d6a856088e50b8a4",58,5.00009999963804,NA
"a204cc8bf610181b",59,0.0419122541110809,NA
"9936bede8f40cd5b",60,0.683684632255973,NA
"36577fb3381c8bf5",61,0.0384577285458285,NA
"309a2349f07381fe",62,5.00009999963804,NA
"917adb495a03f14a",63,0.0329617480383356,NA
"a52d8fb8ede98cf7",64,0.0278990414240264,NA
"e493fa4a9c5803a3",65,0.0929486248989857,NA
"469f5a02fb7f579f",66,0.617393254160511,NA
"b3c81c8fb7bc6df6",67,5.00009999963804,NA
"20a375d5f3026728",68,0.154641131721769,NA
"fd15ef0ffd3cc379",69,0.219218216947144,NA
"f295a7b8794d8c04",70,0.0483456987638487,NA
"f20ccff7a939dc5a",71,5.00009999963804,NA
"c2880fe5a3bd22a1",72,0.238099519766671,NA
"a3f4e35a9c2d0a5b",73,0.218769143429353,NA
"6466645a576fb334",74,0.287167265785327,NA
"a78b7f0dc2edf699",75,0.0662220715200679,NA
"e17c3d3724ddb67d",76,0.216848950094603,NA
"43bb7926fe71a6a9",77,0.273727222528671,NA
"1ef3a0a4d881775d",78,0.492243975035152,NA
"b9facd8421339985",79,0.070610968174522,NA
"da844088c22d24d3",80,0.292841085865845,NA
"402c6c9a74f6d313",81,0.364787324037311,NA
"771177b88b423fcc",82,0.162902750324588,NA
"3d9a27a023f11cd6",83,5.00009999963804,NA
"124e844b1cf858bc",84,0.219218216947144,NA
"65e307e39181ede3",85,0.750432741350322,NA
"76b98515a6ba39a0",86,0.0379890855265933,NA
"fff14bef0b7dc59f",87,0.0752731268577446,NA
"4c3a9ce5c02d0e93",88,0.0156335632467025,NA
"e0fa666cbb0f69ea",89,0.0263856359912758,NA
"f6f1894fb61b6264",90,0.194178587971662,NA
"9535c031c342ef51",91,0.511639619915953,NA
"50869099098c1a0e",92,0.122833782966262,NA
"9a2d2d106669f915",93,0.0505753306577257,NA
"9f81f41ce9f968ba",94,0.0314514366965042,NA
"7fa728324bdc0c03",95,0.155789442001646,NA
"5f669b9cb68830b2",96,0.901188057362971,NA
"dddc1fd6561a55fb",97,0.0232612539633661,NA
"cb9072a551435ff7",98,0.0742554259536557,NA
"eebaa7956941ebcb",99,0.0217078930197472,NA
"ce223a64a399be28",100,5.00009999963804,NA
"2a86d6835851513b",101,5.00009999963804,NA
"220127e08cd470fb",102,5.00009999963804,NA
"baf1d8d7af08d5b4",103,0.668746820705709,NA
"bc46458570d6812d",104,0.333044059132264,NA
"fbe48b28ec14817c",105,5.00009999963804,NA
"c0475e48a6ab091b",106,5.00009999963804,NA
"a58d548818aa4014",107,0.0177703167916001,NA
"ac31ed930a2cd7b5",108,0.219218216947144,NA
"47d91ab0bde2a52d",109,0.450118613600397,NA
"6aa39270a18ec0e0",110,5.00009999963804,NA
"c82379052c326fb0",111,0.388367248354534,NA
"1806370888b37094",112,0.0289983334975083,NA
"10575fb4e5e00c9b",113,5.00009999963804,NA
"a01933a5f5c5bb10",114,0.401882785153095,NA
"a8766b50dd56656e",115,0.0177703167916001,NA
"d4b0d74a69348772",116,0.234417127573442,NA
"9eea5843034ad246",117,0.0564067705770978,NA
"e53f3495bed3981e",118,0.0179895359383246,NA
"3b1931121937e50d",119,0.0217078930197472,NA
"0ad71860b3bccb5f",120,0.904867259056546,NA
"feee8942c7515a1c",121,0.203924472204795,NA
"c592f29a6954d428",122,0.38421495503251,NA
"13510f65ca09bf09",123,1.40793761054541,NA
"2ab4f7d336efee53",124,0.0384577285458285,NA
"ecc7e3920aa7b350",125,0.345835504997429,NA
"c2207971f5832de7",126,0.101436359567262,NA
"f42e6e013710b840",127,0.519918936493445,NA
"a168ab2d5face1f2",128,5.00009999963804,NA
"fa7f235308ffc2ef",129,0.0156335632467025,NA
"805e68ea72744344",130,0.0378006614030392,NA
"ab1a25006dbdf1b7",131,0.109452879223274,NA
"ce22268d1b9c5600",132,0.0973314334765292,NA
"42424e497ea5c06c",133,0.0217078930197472,NA
"876b3167a7c572f7",134,0.0158593548506024,NA
"8dac91ce06b38c4f",135,0.0158593548506024,NA
"b8856b2e80c2f857",136,5.00009999963804,NA
"15658310b70fd779",137,0.134329458433808,NA
"ab00e183114117c8",138,0.129622117477143,NA
"f3a7b23544464fe8",139,0.216546840062806,NA
"7a149c0468a52f20",140,0.181668206514499,NA
"6e6adfa6b1551f88",141,0.121336939624492,NA
"3abd4c6c4b2a5d16",142,0.414306433678871,NA
"0fd4cb6de8e1daeb",143,0.0158264228583457,NA
"c932e0e3fbffaa65",144,0.128042551996,NA
"6cc51c2eed29f1b3",145,0.0464067700199429,NA
"cc8f75a1052e400a",146,0.181668206514499,NA
"7d353abb5ddb3dde",147,0.0653267418736196,NA
"048ea43237d7423a",148,0.0177703167916001,NA
"634b615928e70b4c",149,5.00009999963804,NA
"7aa33239d2557130",150,5.00009999963804,NA
"53c69d8f869a2b1d",151,0.163241722192096,NA
"d77d285e17a9121d",152,0.0179895359383246,NA
"dad9b5560da4da3a",153,0.0214433622502326,NA
"7656dd7fcc14dc2b",154,0.0177703167916001,NA
"945c6e2f5f5ac6ed",155,0.58195543975298,NA
"c9f229aba5d4df6d",156,0.492162271933691,NA
"306b1a338214151f",157,0.0179895359383246,NA
"b98ade89d915b471",158,5.00009999963804,NA
"dccaff6755110d14",159,0.158204814037391,NA
"6f5c83d6c369b6f3",160,0.790524203609275,NA
"5d2ab811e575a3f1",161,0.0777420670621453,NA
"6c99dd66fce29390",162,0.0356533812861607,NA
"f4d9dc25e4aa0b42",163,0.0405263899309977,NA
"68b3172033f78668",164,2.75365655823439,NA
"2da22a2d24ad7588",165,0.364489047122448,NA
"85f18694604b7e58",166,0.0289983334975083,NA
"f2240e6aa087e31f",167,0.0919522709838338,NA
"0dc5778abca94f1e",168,0.517951336371196,NA
"401bdc54ead3922b",169,5.00009999963804,NA
"c07baac9bf592338",170,0.0464067700199429,NA
"9cec01e898c8be09",171,0.0314514366965042,NA
"1e223ec35619b83b",172,0.068065799222117,NA
"5cac369a718c9ffa",173,0.108626566406871,NA
"b6a6f3deb24dcf4c",174,0.759122654658994,NA
"102e89480a0e61a9",175,5.00009999963804,NA
"a3a1fc11fe23e6e6",176,0.0425324741361911,NA
"03bb35d67d220609",177,0.0177703167916001,NA
"6a0dffbe339b9a55",178,0.0481420478185729,NA
"17d6151cd91069e6",179,0.121336939624492,NA
"84715d8951069932",180,0.594959124078087,NA
"572d4b5b40149394",181,0.179454411263992,NA
"05191a3b9a2c29c3",182,0.0158264228583457,NA
"95e0cbce14a95e24",183,0.158204814037391,NA
"0a61dcc6208f0970",184,5.00009999963804,NA
"9475f857aa1561a6",185,0.103131415948722,NA
"25bf2a2c3a9b9c8f",186,0.0179895359383246,NA
"15059a8af0140719",187,0.0405263899309977,NA
"42f607fffbe10ce8",188,0.0217078930197472,NA
"0605fc0982383f17",189,1.75394375137747,NA
"4b75e7562628d5f7",190,0.0896036922944571,NA
"b8eac0bc1aa904c2",191,0.0707578971349048,NA
"03c47272fd3e6c37",192,0.031839429617324,NA
"95c19b4342e75b1e",193,0.0872984866284234,NA
"c7d3846af8669b87",194,0.517951336371196,NA
"4163713ab9dbaec6",195,0.279237597449142,NA
"634dd3bc328220ba",196,0.0419122541110809,NA
"3483b6cb13912642",197,0.0177703167916001,NA
"3d9dcba13e2e2d08",198,0.157876301322975,NA
"3b929aa9534013f6",199,0.10822151571406,NA
"df120f19b69ee59f",200,0.156188340470285,NA
"04e4398e43aa0e9e",201,0.156188340470285,NA
"171ccc73a78706d0",202,5.00009999963804,NA
"d3bb549699ced711",203,0.0314514366965042,NA
"a404e0817b071073",204,0.0392901020910243,NA
"240f82741d61f037",205,0.277103991151409,NA
"6aa783ba26c15a94",206,0.0177703167916001,NA
"8a2b11e5387acf76",207,0.448300143265859,NA
"846efd9f9197059d",208,0.181668206514499,NA
"bc356d5b5bef0f10",209,0.033421169595869,NA
"c670a29290507a9f",210,0.562685098710715,NA
"1c58d898ae37c941",211,0.5162243962741,NA
"04757b1353ecb6b3",212,0.114946353560665,NA
"6e3e2a792da7c058",213,0.160917629527272,NA
"5ead2f4c94184faf",214,0.181668206514499,NA
"34ad7a0bae667711",215,0.0158264228583457,NA
"0aadea659160ea26",216,0.0771594606513832,NA
"a6d44d92ae3b3eec",217,2.33504660486946,NA
"ad80920636b0f645",218,0.161927936013739,NA
"58825d175ed7f874",219,0.0158264228583457,NA
"d801b4d646adb75e",220,0.179454411263992,NA
"6271c9bb24924301",221,0.388367248354534,NA
"25f65ce8cba0de98",222,0.0481420478185729,NA
"3b4e9c1ff6d205e6",223,4.28249673019505,NA
"1bcc41d911b097e5",224,0.396985471428796,NA
"96894afae790d5d9",225,0.905543851914704,NA
"ce296f4464b70d47",226,0.0214433622502326,NA
"5167f24c20abd72f",227,2.77512156803062,NA
"01a297c6be4bed85",228,0.0156660939321513,NA
"ac687418b4b5cced",229,5.00009999963804,NA
"f05ec0d169a1c96a",230,5.00009999963804,NA
"f509bcb7dd6c948f",231,0.14331485927505,NA
"b556cdb8a82c7bc7",232,0.0464067700199429,NA
"e75dfcce2bf4e238",233,0.031839429617324,NA
"faf31b1734ecc67c",234,0.0662220715200679,NA
"13e407de91d90bae",235,0.0214433622502326,NA
"82d515ef47928f07",236,1.392801418415,NA
"20dd573b82ecccaa",237,0.0378006614030392,NA
"d323ac750c7baeeb",238,0.14331485927505,NA
"30bfdec6f796d1ea",239,0.0382669799743723,NA
"14fee5676ec2027e",240,0.379041850325144,NA
"c5259935da95d651",241,0.050623240629463,NA
"0069b68a160cf6da",242,0.0672363544561294,NA
"c20c5308efd1bdbb",243,0.0464067700199429,NA
"e1ee2b70a52d2acb",244,0.03732747504096,NA
"2f94e887fde6ef48",245,0.108119094579127,NA
"9c7f0a3f72f3c9e5",246,3.15773521848208,NA
"8cd02ec3e0281aef",247,0.830571036702559,NA
"2ac5ff72f72c06fb",248,0.26320961190294,NA
"c6df7ac0df99c4a8",249,0.718641597778552,NA
"5792540a7233609e",250,0.915985178674507,NA
"5c7fc73bd2401037",251,0.0661326291731971,NA
"ae5c6c2f8e8c6c89",252,0.721796542038983,NA
"d91f2b9036e17749",253,5.00009999963804,NA
"8dec6c2b75986938",254,0.0683941393166349,NA
"fa20308ae2cdc102",255,0.160119485458054,NA
"374a09c502c92105",256,0.248065467370615,NA
"c2483ea39bf79812",257,0.068065799222117,NA
"41d2acc29e5f4478",258,0.0278990414240264,NA
"22744eaeb2c6856e",259,0.0368726052068568,NA
"d4090303564bb05b",260,0.7259962731807,NA
"69331e42f1e44cf5",261,5.00009999963804,NA
"e1be5ced96f73db6",262,1.08834953589374,NA
"ce0fcedcc21fd8a9",263,5.00009999963804,NA
"5d5388cdafbc1754",264,0.288319313583766,NA
"eb3d60c02169379a",265,0.113545625846895,NA
"ad8c91ab440c1b15",266,0.0384577285458285,NA
"db38765079b3e1f6",267,0.409257726297817,NA
"c45aa85fe8d5f48c",268,0.0314514366965042,NA
"7ba36fee474b1cc9",269,0.0495062945368822,NA
"2d95047cb72173fd",270,0.0177703167916001,NA
"074bef2aec1962cc",271,0.15621375760215,NA
"1d37cd0c6dc40833",272,0.0178072936839919,NA
"64a1ddc048594449",273,0.317613868225793,NA
"83a31dfc7d2b2261",274,0.13269252964594,NA
"714ce07ad3c88ad1",275,0.333257703460767,NA
"47f4293e605cfe86",276,0.182046225983823,NA
"469eb16480336e76",277,0.720336256041887,NA
"e0525bd236b3e629",278,0.579630099577799,NA
"f93f8f44ff51a65d",279,1.22711421035502,NA
"2db4d3834c4fb869",280,0.0670390038338362,NA
"ae692ffb8afa2278",281,0.108119094579127,NA
"e38a070fbdb7b7b2",282,4.70207204283591,NA
"afc82eca52c4df47",283,0.0589153091219772,NA
"b24ac2b793aea344",284,0.486164819099268,NA
"b17412779d692a0b",285,0.139622375371241,NA
"0633b9b58e326959",286,0.141568435060944,NA
"b69013e7d2192a19",287,2.49316768010957,NA
"f8b1a04c9d3b406f",288,0.44283719106853,NA
"fbee72d741424b00",289,0.118177301448723,NA
"3309699d5cc7da04",290,1.96092194602853,NA
"c1b3b3c79d504801",291,0.0384577285458285,NA
"7033dedeecf7e8b8",292,0.360047410708115,NA
"e4ad5e2b6ca969e8",293,0.37235980296614,NA
"ce949ee368971c3a",294,0.055719401866877,NA
"4baa83831a0386ce",295,0.076794708016065,NA
"1b67071ffda69f8f",296,1.96092194602853,NA
"f6792d33f20713d3",297,0.28794233190034,NA
"636ce53ccd50132b",298,1.05867438066754,NA
"6cb33a20fa312dff",299,0.121336939624492,NA
"2a6129ce69ac88e7",300,0.161772951267417,NA
"8cc86c456e04e3fc",301,0.376953328182263,NA
"4d0101cddc92a056",302,0.205898206429995,NA
"54d68cbdb4cf4ac6",303,0.0734979981192081,NA
"8f535d2e4efc253a",304,0.325294020713753,NA
"0d4f8177956f97e0",305,0.205898206429995,NA
"e562bfae90bc1eb3",306,0.0177703167916001,NA
"a1b619d577399b2e",307,0.181668206514499,NA
"a64c20d4d125db3d",308,1.18368040404623,NA
"1b0c190a36814e31",309,0.3782547689213,NA
"e807cf3021250e41",310,5.00009999963804,NA
"748cb8ee2f0af11f",311,5.00009999963804,NA
"874ef11d08e124fa",312,0.129629873262137,NA
"1ab95e6788d7c8de",313,0.0360932104639436,NA
"b6b283e6cccdcd52",314,0.105833727069813,NA
"84282cc1206f45cf",315,0.0662220715200679,NA
"13c8f5cc3b0a7cfe",316,0.0179895359383246,NA
"831e5e18a4757aae",317,5.00009999963804,NA
"52ed2d53b592bd7b",318,0.0742554259536557,NA
"523e7d7a654ffd4c",319,0.047756561675091,NA
"74cf63151894af75",320,0.0581054343208653,NA
"16832d718c6283eb",321,5.00009999963804,NA
"649323d2b241d257",322,1.27239312422678,NA
"f6538935d761a39b",323,5.00009999963804,NA
"fa2952afd01b914e",324,5.00009999963804,NA
"b9f769edbcdb8d97",325,0.137920947491307,NA
"d3f7c2bd9ce59b2f",326,0.234417127573442,NA
"8c804f6cc2d4e2c8",327,0.105342695609976,NA
"5a4dd776bc379ed4",328,0.3967730132183,NA
"0866b33c17e0b727",329,0.0751714597705044,NA
"4f7f6407307098a2",330,5.00009999963804,NA
"c449de18c25ff2e5",331,1.27239312422678,NA
"2d7e8a119294e4ee",332,5.00009999963804,NA
"d32b50d4dec86b3b",333,0.0217078930197472,NA
"9a7571dcb29b5b1e",334,0.0177703167916001,NA
"ed499f44269e777d",335,5.00009999963804,NA
"8e13b3745e3fd593",336,0.0286449619626588,NA
"9779d595bbecff68",337,0.121336939624492,NA
"5c54de5e89fa375d",338,0.123012942574791,NA
"2cb516be67999016",339,1.22711421035502,NA
"82764ac6ca2a30c3",340,0.381731823749952,NA
"f3fe729756b25770",341,0.0596421033567786,NA
"7e9d637b6b1112b9",342,0.2495588339482,NA
"c9997864be59f13b",343,0.0217078930197472,NA
"87707eb5b950b330",344,0.0338334616426152,NA
"6b7d88791a3a9db8",345,0.326839073157781,NA
"c6e4cc62251fbf58",346,0.0410263337825725,NA
"5b13e5027c61e3b1",347,0.0501104039712207,NA
"fc735d89c32e30b1",348,0.0379890855265933,NA
"341887968564f925",349,5.00009999963804,NA
"eabd52d7d96f20fd",350,0.369287433227776,NA
"746e8a9ef148b951",351,5.00009999963804,NA
"a5595deb487eefc7",352,0.0907090662277706,NA
"c707639bfcaa529b",353,0.775515106276965,NA
"5bb4eaefc1eb2127",354,0.0410263337825725,NA
"63507f2be9984e87",355,0.0458412605726235,NA
"3b3c0ecda4eb9300",356,0.181668206514499,NA
"1115a12381c2d127",357,0.0883754229584537,NA
"5328f0a9b455f2d2",358,0.076219201203685,NA
"78e268572dba2012",359,0.181668206514499,NA
"0a46d7835e35ce69",360,1.15166685949381,NA
"6b30fa71a5e1eee0",361,0.0384577285458285,NA
"38c1cc1380153170",362,0.492162271933691,NA
"8b7990de50734e30",363,0.0217078930197472,NA
"33fb06139e278dfa",364,0.0329617480383356,NA
"3e388be23ecc9703",365,0.493186374744127,NA
"3190042b63c7a67c",366,0.388367248354534,NA
"d2604a3cf02ab6ba",367,0.401667706004087,NA
"557a7bfd0808c8a4",368,1.64508137337217,NA
"cec21c39706c811b",369,0.0177703167916001,NA
"d75dadb07a3f1ec1",370,0.0677938262725142,NA
"8b7b86486d3ad9b6",371,0.468641031572878,NA
"bbb778faf788e1ab",372,0.0313257650654449,NA
"e60426b8f99cb355",373,1.21498427513117,NA
"675958e9b2546a6e",374,0.687365794873838,NA
"2160bb087988c56c",375,0.0317122076690673,NA
"2b16176104955771",376,0.658596989513901,NA
"aa8c223890cb1f56",377,0.414306433678871,NA
"76e1aa53c837c9af",378,0.068065799222117,NA
"51a3d3ae03b5d77a",379,0.0379890855265933,NA
"a490d3660aa92fd2",380,0.317613868225793,NA
"f5f142f0b0dc6f87",381,0.177535744443718,NA
"3ee48f02481445e1",382,0.186625242181218,NA
"121730b34051722a",383,0.0487359403624211,NA
"5ac29951de8ea87f",384,0.181668206514499,NA
"2a56784f0d07ff2e",385,1.37054075645205,NA
"0516db906d808a83",386,0.425611283372169,NA
"5f77c00d7c771f8e",387,0.297001916037372,NA
"badb240cbf65fff7",388,0.796024548545619,NA
"f8dc12d92337d0f5",389,0.0156335632467025,NA
"5eff340c21bb320c",390,0.0872984866284234,NA
"7fd845c13d93eb23",391,0.181668206514499,NA
"800a465bd8da84e7",392,5.00009999963804,NA
"289ef001bfbf06f6",393,0.10822151571406,NA
"fdb86becbd2dca65",394,0.0892975667713132,NA
"9c29458210c48831",395,0.033421169595869,NA
"2d86439e80750e64",396,0.0384577285458285,NA
"a5bf4e5cabee61a2",397,5.00009999963804,NA
"23d9a0697f7c4cd7",398,0.317613868225793,NA
"5d951e7bb5b80237",399,1.58966316113402,NA
"a518fdc8abd64473",400,0.1599546942311,NA
"bc2adc707733a18a",401,0.0583385397115639,NA
"5be05d2f7251c057",402,4.62494056002377,NA
"5ecfc94c4343f6bd",403,5.00009999963804,NA
"afb9e569087798b2",404,0.0338334616426152,NA
"504a8ba15d27ab94",405,0.03732747504096,NA
"a2b158af004ba314",406,0.328809542877094,NA
"fee4bc6f807ad61e",407,0.216546840062806,NA
"8679952d86dbe73d",408,1.92834767155034,NA
"e7455443831b4ec5",409,0.0156335632467025,NA
"e123d9619284c453",410,0.157876301322975,NA
"795e4d7db19f4934",411,0.219218216947144,NA
"04086e98af4defd7",412,0.208438219062016,NA
"4ee214b04a12234e",413,0.146630302090159,NA
"91de280ce3e2dd21",414,1.87109027237841,NA
"efe679230fa842e0",415,0.321532033669711,NA
"c6114d1e944aebd7",416,0.0733453793318903,NA
"afc9c7e45b3cdd9c",417,0.0877054090361196,NA
"0084fa7aa08ebf86",418,3.88001347205987,NA
"ce1b871568777ec6",419,0.0771594606513832,NA
"6687dc96474f8814",420,0.159823903522189,NA
"0456f952f15ba7f2",421,0.0768014677539114,NA
"709b1e699dab451d",422,0.901925537941835,NA
"abd94d1abc579afa",423,1.05574314136289,NA
"fbf4c3196c38d43f",424,0.0156335632467025,NA
"6928867b6e66cc2c",425,0.0313257650654449,NA
"2c7e6d92554693e6",426,0.0286449619626588,NA
"91e1771c2f19cea2",427,5.00009999963804,NA
"6852a6a04eb1f969",428,0.0214433622502326,NA
"cef673ea9cae9fb8",429,0.188927498625377,NA
"d3f36fc445f36cbc",430,5.00009999963804,NA
"010a4d210d8aba07",431,0.379532940171773,NA
"2ac1be0c193449d0",432,0.45567139127766,NA
"397c5e116d752af3",433,0.181668206514499,NA
"76b887a2edb12dff",434,0.106642229890433,NA
"a67f3357f53bd5f7",435,1.12240881103137,NA
"cb44e7ac2c101e36",436,0.0156660939321513,NA
"6db0a90661bf7d4f",437,0.110404700377088,NA
"419d34712628f33b",438,0.281739831219271,NA
"72c7b82a607c62cd",439,0.0317122076690673,NA
"6a2708666edcee99",440,0.227977972456253,NA
"eb2153b9b5dd5571",441,0.0859124030224604,NA
"0e853e44d7184aa3",442,0.0683941393166349,NA
"33cfebfcf3164e2d",443,0.320247276617149,NA
"1bb2798526ada6c9",444,1.10531524184454,NA
"7da38fcd5d4d254e",445,0.106902736374037,NA
"dd5f5cffb12f2cb6",446,0.0661326291731971,NA
"e938373a69489b7b",447,1.48075326082476,NA
"b6ff7252564906a0",448,0.326839073157781,NA
"60355692f31102e0",449,0.0217078930197472,NA
"8274e6b9f1a5aa7c",450,0.17768051738688,NA
"e85e22947f029e93",451,0.0286449619626588,NA
"f16a8b08632f7ada",452,0.0214433622502326,NA
"e234f0cd2122b0b4",453,5.00009999963804,NA
"1f43a544d4b7d970",454,0.104544045144585,NA
"33725166050cb5c4",455,0.137056875421179,NA
"ae27c7311854e353",456,2.69227100039642,NA
"e367691d019b4ab3",457,0.247115701532112,NA
"cedf5a1c062b1f83",458,0.337505312027736,NA
"c8303f23d4e9e865",459,0.0762017152917359,NA
"1805bcfc1c54bdb2",460,5.00009999963804,NA
"dcabd45b4b3a307c",461,0.32532265422718,NA
"01408a689b50bca0",462,2.20231999920869,NA
"a2ca09f7e7c84c7d",463,0.0564067705770978,NA
"11e2632a2121495d",464,0.154508378105692,NA
"28497786206cfca4",465,1.28548372046786,NA
"994c27fc3cff6bd1",466,0.179454411263992,NA
"fccc542e956f3c5c",467,1.70239621731095,NA
"7f2ab5b3481bd8f2",468,0.0392901020910243,NA
"e8d60464e6f188c2",469,0.14331485927505,NA
"3a7917e24a8cf9e9",470,0.104544045144585,NA
"6df446b5c098d593",471,0.0716307845468651,NA
"758327566cc680f9",472,0.0405263899309977,NA
"8f0d4bfa51f1d47b",473,0.19657402441022,NA
"bfebf1c18eae3a21",474,0.140721285849609,NA
"1f1c8286512471e5",475,0.0505753306577257,NA
"7142b4592522088c",476,0.0872984866284234,NA
"1cf1912abf34c284",477,0.0177703167916001,NA
"9ddb2cd8575a5fc9",478,0.162902750324588,NA
"0402ff98f3a3f1a6",479,5.00009999963804,NA
"3cccba68ccee34ea",480,0.248065467370615,NA
"ba56405d6faf962e",481,1.05574314136289,NA
"6f6354b02be3b8fe",482,0.0573973658206249,NA
"501bab22c5c37ae8",483,5.00009999963804,NA
"11136c48c4730453",484,0.363193097462277,NA
"d6de4210f0798afa",485,0.134329458433808,NA
"31539480a57bfa7a",486,5.00009999963804,NA
"ad65f1645e04a015",487,0.214206444919883,NA
"9929745852c14d4f",488,0.0156335632467025,NA
"842e60089c153fee",489,5.00009999963804,NA
"fed8a92fa2497c8b",490,0.0382669799743723,NA
"a1119c26b945f4df",491,1.44727209977162,NA
"2e5b6e5d7de55c7b",492,1.44727209977162,NA
"ab69de36b8b5de38",493,1.66304045238138,NA
"b58f83e7779b0561",494,1.9265447312053,NA
"ad177124d7d892fd",495,2.52018206243074,NA
"d67a5b951c5e4900",496,0.216546840062806,NA
"36f73feeaeff7f91",497,2.52018206243074,NA
"e5d836fcc1b28a99",498,0.0384577285458285,NA
"85b7cb4ddc59e68a",499,3.49243672306591,NA
"b03d4b6248f25c0a",500,0.219218216947144,NA
"10403bb51ccd7350",501,5.00009999963804,NA
"ef7ab1b2f43b017f",502,5.00009999963804,NA
"406c0cad34402217",503,5.00009999963804,NA
"dbcb1b3996b5638d",504,0.0661326291731971,NA
"e0c17f5481e2480b",505,0.0179895359383246,NA
"4f782105d97f58be",506,0.29014685933915,NA
"ff91d1986c0bc565",507,0.0325600786287252,NA
"5374852cfe0b3a48",508,2.06362635911792,NA
"b3f2b46b67a752c2",509,0.0158264228583457,NA
"5938707e897d0656",510,0.0158264228583457,NA
"6c7137949e846b34",511,0.0714820430334647,NA
"b8160ae30cb8f534",512,0.0374051469274002,NA
"be294add9ff9189f",513,0.0313257650654449,NA
"32505a0a33f10ce5",514,0.122833782966262,NA
"1144de8bf3f43da5",515,0.0458412605726235,NA
"af8620471223863b",516,0.0179895359383246,NA
"977a5e9459206554",517,0.38644096459766,NA
"e82f21ff6793fb0c",518,0.320247276617149,NA
"09da484144cdb5e2",519,5.00009999963804,NA
"1e50c3d0355b5e96",520,0.0671785001669568,NA
"3142e3dbc3552d10",521,4.99655226284399,NA
"5b8cbb7c39380a7a",522,0.155789442001646,NA
"e14c2b69e5ab5c92",523,3.30060032915808,NA
"1e8eddd0efcb52f2",524,5.00009999963804,NA
"2281f4460a3fae69",525,4.68199500284041,NA
"9720851e968f8b3d",526,0.3967730132183,NA
"6986d8812e19ecf3",527,0.0919522709838338,NA
"d1834321261fe39f",528,1.47411891463671,NA
"421edba799ac191e",529,0.0289983334975083,NA
"5ea92a1d9dc32104",530,0.181424003231923,NA
"355b471a8e0c8879",531,0.769526740313869,NA
"b99725fc8d286a78",532,5.00009999963804,NA
"65aaed8cbdc36996",533,0.179454411263992,NA
"5e995c5c647530c8",534,0.486164819099268,NA
"e32745236dab61e1",535,0.104186876821584,NA
"6b09c37501cf1c93",536,0.0419122541110809,NA
"d6d0f3708e4a794d",537,0.156188340470285,NA
"f44b9db56b03a077",538,2.86463379558392,NA
"579d4f6ddd04e8d5",539,0.0511992407974332,NA
"97d25c1c5029eb35",540,0.179454411263992,NA
"e96e81ec64a06690",541,5.00009999963804,NA
"4471d10abb1fd32b",542,5.00009999963804,NA
"1fb6df3a9773ccab",543,0.0881518983172689,NA
"6ac0181d4868b6c1",544,0.617393254160511,NA
"429e6c2f371f6253",545,0.38644096459766,NA
"8d3abbd77785cf9e",546,0.123089378385752,NA
"93e399e5fa7ad800",547,1.64277476514024,NA
"dba8c1713e916af2",548,0.0325600786287252,NA
"260deb29ac3a581f",549,0.0464067700199429,NA
"cc9b0212e372658e",550,0.0489030145143695,NA
"b0f49a9e7375bb67",551,0.179454411263992,NA
"c547edd7a5f1dd34",552,0.106902736374037,NA
"cf4e1a1734bfc941",553,0.129629873262137,NA
"29fb4b54254b2689",554,0.0392901020910243,NA
"c8f2aac80f38a63f",555,0.0818065086930824,NA
"12ce44daf0a0d2e9",556,0.239420258397621,NA
"b4d8caf646c0f250",557,0.181668206514499,NA
"c93a7d5f50cd4e3d",558,0.760016368663945,NA
"49c60770ae7e2ec0",559,0.278306570594322,NA
"c718181613848ca0",560,0.0263856359912758,NA
"817d22ab12dff1a5",561,0.617393254160511,NA
"2fa8e4ae4b705cd2",562,0.154641131721769,NA
"97447db6498fbbbb",563,0.0214433622502326,NA
"0ad0f4beca910e4e",564,5.00009999963804,NA
"0e6fd8fe789daab2",565,1.13102986684087,NA
"ba953056197ff39b",566,1.85403576472325,NA
"ecd1e02712c84ae6",567,0.376953328182263,NA
"f9f6cf924c17d1b6",568,0.157876301322975,NA
"7015abc79468a198",569,0.26320961190294,NA
"67518785bde0ed70",570,0.0275590657806095,NA
"28eac8e356e2a7aa",571,0.219218216947144,NA
"88ec8cf95621e2ad",572,0.179454411263992,NA
"5f57d953a9aad115",573,0.179454411263992,NA
"7526e02a4f014429",574,0.0419122541110809,NA
"913ed61c4c8494ea",575,0.104148404859978,NA
"b4e77a7d5f6e4c36",576,0.511639619915953,NA
"e03e70bcdc16ceed",577,0.0458412605726235,NA
"33cb51ac7b5ba771",578,0.201546032810406,NA
"0f56213824187e08",579,0.146630302090159,NA
"f566238b90ff98ce",580,0.0325600786287252,NA
"2de817e61ee7da6f",581,1.15487786268472,NA
"0afedc469877498e",582,0.0261183373904927,NA
"b0959ddb3f3b1279",583,0.168481699478689,NA
"4a40dd88642ef5dc",584,5.00009999963804,NA
"eed27d83781412c8",585,0.377261805149309,NA
"51200317e2f923dc",586,0.109452879223274,NA
"00c427b6db6bbe70",587,0.0384577285458285,NA
"43c2df8cd10d4b51",588,0.205898206429995,NA
"623bbcd493f655f8",589,0.0379890855265933,NA
"2b4a57d5333376c2",590,0.0568410834877054,NA
"00975beef615fb2f",591,0.0214433622502326,NA
"8ca8c58593cffb58",592,0.0907046346022173,NA
"60209d24c13d6de4",593,0.915985178674507,NA
"eb08c7e7f9e942b5",594,0.156414432747674,NA
"4a57a08cd0ed4ea6",595,1.03918892948761,NA
"27e1b217805e0e12",596,0.0859124030224604,NA
"ee5e40a553f261ec",597,0.0568410834877054,NA
"41d60d1731634f45",598,0.281739831219271,NA
"f10edab7193ac0f2",599,0.0360932104639436,NA
"37d8f7ce0ad1ed15",600,5.00009999963804,NA
"96b77c9e8484b9af",601,5.00009999963804,NA
"121c62ee54e4173d",602,5.00009999963804,NA
"7b2826c6fe26b171",603,5.00009999963804,NA
"f2302eae4283f890",604,0.0278990414240264,NA
"24b202c66359dcb9",605,0.177311563322994,NA
"8e356767de50d2cc",606,1.85821498142467,NA
"7473e59977b7bf4b",607,0.0275590657806095,NA
"9cbfc21d807a3b7f",608,0.129622117477143,NA
"24a0e66c1107419f",609,0.0156335632467025,NA
"cba93ef8bfbfb999",610,0.0214433622502326,NA
"2ed65459cfca0905",611,1.09184595253049,NA
"329e9b7dd4ca15a9",612,0.462930206823772,NA
"7ffd042277c2167b",613,5.00009999963804,NA
"7a492f2d8353cf4a",614,0.0314514366965042,NA
"2b3cb1594f24092d",615,5.00009999963804,NA
"53254a67babd8d9f",616,0.0777420670621453,NA
"9e56f9e047e0dafa",617,0.890206246734243,NA
"78f04040d826445a",618,0.0419122541110809,NA
"2d3e0b8195f9e769",619,0.668342946872606,NA
"5414e1af1aae328c",620,0.0214433622502326,NA
"302137a2d20f6712",621,0.105342695609976,NA
"4f26f29a4066d3e5",622,0.266456632606495,NA
"dbc3103575c7a1d0",623,0.333257703460767,NA
"f4c74dd7fd45db9a",624,0.388367248354534,NA
"a6f22990dd12eaf6",625,0.0573973658206249,NA
"5d14c58f26eb2dd7",626,0.596080043229706,NA
"3f348743dfcb74a8",627,4.52718087262047,NA
"4abb472551b0562b",628,0.0677938262725142,NA
"05c033d685d910ec",629,0.139622375371241,NA
"9075e543e019a6cf",630,0.37442287453355,NA
"6357b1dd6247f766",631,0.37442287453355,NA
"abd29273f42911a0",632,0.0487359403624211,NA
"c6dc47686a126776",633,0.770278849905343,NA
"0c4bf174eb1d6eec",634,0.206440136349517,NA
"59bcd0b00f7a16a6",635,0.0313257650654449,NA
"eb60764c9e6c9a94",636,0.105342695609976,NA
"510a3f3e07374ec5",637,0.0464067700199429,NA
"f8cdef9db9a423db",638,0.157876301322975,NA
"5ddef25553bddf12",639,5.00009999963804,NA
"8365da635ac5c650",640,0.219218216947144,NA
"cad942d1d951a14f",641,5.00009999963804,NA
"b59d5106a9e7bb1e",642,0.0217078930197472,NA
"b2d781c044f2aaea",643,1.05867438066754,NA
"b4600698103bd7e6",644,0.293382672782156,NA
"8b56e849bad582b7",645,0.423252943346859,NA
"5eb149157929c76b",646,0.379053689527649,NA
"392444b4031d90ee",647,0.179725870532434,NA
"036302e3c2117c66",648,1.21246135707319,NA
"578f33cf14a2cf44",649,0.38644096459766,NA
"0e775fe7c6932705",650,0.374348668145468,NA
"8ee714e808257785",651,5.00009999963804,NA
"cf5025809b26f25b",652,0.0464067700199429,NA
"1fad6af05e10d8f9",653,0.0692611460974382,NA
"813a3a21cde06edc",654,0.0495062945368822,NA
"1beb1c0c55e54d4a",655,0.0217078930197472,NA
"f71fb84806fe9e48",656,0.114042807794152,NA
"c608b1a1c5a485e0",657,0.0289983334975083,NA
"669da9ba552507ad",658,0.0313257650654449,NA
"63c6de7a9fbe2411",659,0.574012455293721,NA
"91a54d5d61460ff0",660,0.0872984866284234,NA
"93f90eec44683f46",661,5.00009999963804,NA
"6f97fe182e6a26f6",662,0.329335917215465,NA
"f51509d97d10969c",663,0.37235980296614,NA
"28496be1bcedaa34",664,0.0397747947814316,NA
"f32ef707ea4601a7",665,0.277120571338635,NA
"5660d361b30cea40",666,0.0384577285458285,NA
"9a8b5383ed81352a",667,0.0573973658206249,NA
"9b60fc48db3ea111",668,0.331898770322134,NA
"60627a58aa953992",669,0.139622375371241,NA
"dfd8994b88800b13",670,0.0406107181946454,NA
"c1b2e8870cb64b95",671,0.750432741350322,NA
"5f23e9f87849747e",672,0.0329617480383356,NA
"f5a50981d801ff26",673,5.00009999963804,NA
"3244c42e070b3aca",674,5.00009999963804,NA
"26d4a852e37b46a9",675,0.0464067700199429,NA
"ad0a5dbf6d3c8946",676,0.4242822122749,NA
"56e737c77e537adb",677,3.58964195409264,NA
"57b16b6a80ea95c8",678,0.0895993146723635,NA
"3dadd34ed57613ed",679,0.0419122541110809,NA
"6b1838e5d0db1c0a",680,1.4080063992277,NA
"33c38b661ed85ffd",681,0.749872042459539,NA
"fbda7c0812eb744e",682,1.80284305007464,NA
"a9b23a41ea70dba9",683,0.510737444588158,NA
"6a9b554e94714d39",684,0.160156468852985,NA
"b15f688f93bb9663",685,0.511639619915953,NA
"1ad2e78d3ea4f072",686,0.594959124078087,NA
"423b26dc278f8141",687,0.695469319996395,NA
"1b36387425afca7f",688,0.320247276617149,NA
"c08875811034a295",689,0.901925537941835,NA
"245ed4e1e46b7d10",690,0.0179895359383246,NA
"9c9580f2e32498eb",691,0.104544045144585,NA
"2a65ea09ff59a109",692,0.26320961190294,NA
"6262d8a0014d31a8",693,0.492162271933691,NA
"fe1e64d93c0edabf",694,0.468641031572878,NA
"4911941572abbbd3",695,0.326839073157781,NA
"3358919c37aab91f",696,0.0908317474498436,NA
"51df5922ba3d34c7",697,0.105833727069813,NA
"0e729617cbde71c3",698,0.105342695609976,NA
"32d82abeabdff629",699,0.278306570594322,NA
"7c5c658e29707d74",700,4.52718087262047,NA
"9fd9f8f9aa34991a",701,0.162902750324588,NA
"0cc7e1443db2759e",702,0.154508378105692,NA
"968ab2e9fd460944",703,3.13001896003547,NA
"8ec322697711c37b",704,0.769703322648952,NA
"1faee0af35967e96",705,0.0232129519080418,NA
"272e0723a2a0040d",706,0.105342695609976,NA
"97452db155094fd0",707,0.280539201175183,NA
"b5e7328026da2bb7",708,0.216848950094603,NA
"16cad29ecb180804",709,5.00009999963804,NA
"04a7a8c3912172d7",710,0.928584495555584,NA
"5dd25e0dbb0516a2",711,0.160156468852985,NA
"4abff869db0b1845",712,1.09184595253049,NA
"17c98948e04e4af9",713,0.841916309112372,NA
"d48bbbe46c34d52f",714,5.00009999963804,NA
"185408114c4ba3bd",715,0.510737444588158,NA
"a99fed8c9752a2fc",716,0.0369493305894669,NA
"c57646dcb407c257",717,0.0179895359383246,NA
"a83359e16a077b41",718,0.486164819099268,NA
"2ae133454b1839ff",719,1.8355709118914,NA
"5b5950c0257ef8e9",720,0.511639619915953,NA
"ebcc2e76b4bdb004",721,3.26037945907465,NA
"62e300babeb2d6fd",722,2.17548269152627,NA
"2f840c9ac3a0c72c",723,0.0313257650654449,NA
"1515c0bd30d9c6b6",724,0.320247276617149,NA
"725755f45db8bd92",725,5.00009999963804,NA
"bb546b284f76b13d",726,0.0505753306577257,NA
"707105cc9c9128d8",727,0.903802285776606,NA
"a06d80a6981efe6f",728,0.38644096459766,NA
"a9373aa8f6b59292",729,5.00009999963804,NA
"bf148f6556edf1bc",730,0.216546840062806,NA
"9b92df39a4e25ff5",731,5.00009999963804,NA
"0a8c4d6b8b588887",732,0.050623240629463,NA
"0524fd5bf91c5244",733,0.188927498625377,NA
"8e7d7910cebef3dc",734,0.0384577285458285,NA
"a0cb2285e5f5d222",735,0.0379890855265933,NA
"a8601d6b690248a8",736,0.2495588339482,NA
"1edbee6211349c05",737,5.00009999963804,NA
"37c335c7e9db7460",738,0.0379890855265933,NA
"511f7603e8b4bebc",739,5.00009999963804,NA
"9d94acf253a017c1",740,0.0260641025938819,NA
"47937c7cdc43fbe2",741,0.0581054343208653,NA
"84f9b0f6d47571f9",742,5.00009999963804,NA
"0565e1da06f12d41",743,0.0360932104639436,NA
"f46564bd6a845a43",744,0.181140419180793,NA
"299e71c04a50b9f4",745,0.0420141765703072,NA
"4a82ba83780d705a",746,3.45674086249273,NA
"cf5be9c3a34deabd",747,0.302790150361987,NA
"2719add8d9a2f3e6",748,5.00009999963804,NA
"f1c60ca9b416553a",749,0.279237597449142,NA
"a0d4b1511c057926",750,0.277120571338635,NA
"89261fe8ec26d28e",751,1.79721324963376,NA
"03c3b638b5518953",752,1.8941725177748,NA
"140fd6b8dce8cba6",753,4.81027429441097,NA
"3c1d735886f80bf4",754,4.52718087262047,NA
"96b584d55894c82f",755,0.0178072936839919,NA
"9f2e7cc87fc468ba",756,0.0670390038338362,NA
"917f0b4219205f19",757,0.278306570594322,NA
"427721250e96a7ba",758,0.0670390038338362,NA
"0990d5552e175ebb",759,0.316344767127102,NA
"febd2b22e833d33d",760,5.00009999963804,NA
"e36a4ca16ce4608d",761,0.033421169595869,NA
"07478640ca0ad78c",762,0.0877054090361196,NA
"4dfe786681aeca2f",763,0.0671785001669568,NA
"20a8826af6d8c9a1",764,5.00009999963804,NA
"1512d3d67de88373",765,0.0752731268577446,NA
"f07369409b81f482",766,0.0313257650654449,NA
"95f477ba3270ddb0",767,0.0797980507861907,NA
"271523cebd58299a",768,0.208945100315104,NA
"4db4d4a8e31aa9a4",769,2.43322282248682,NA
"6be024d770d07f1c",770,0.0753278783088718,NA
"51fb00768c3341f2",771,0.0385377522902978,NA
"4bcd8b99dac49a46",772,0.128042551996,NA
"fb6f0b9f31863832",773,0.0378006614030392,NA
"d61fb09c0b435f9b",774,0.0179895359383246,NA
"fbe88bb33f6cca3a",775,5.00009999963804,NA
"c63712a300555fbb",776,5.00009999963804,NA
"3decd64238f384ef",777,0.160119485458054,NA
"bcabdc2fd2ba910f",778,0.486164819099268,NA
"22d06684a5b11616",779,1.96092194602853,NA
"75d84315b50e7fc1",780,0.286179740420073,NA
"ea936f2ee420625a",781,1.96371052916172,NA
"6aea03e0802d6909",782,2.89997264652904,NA
"ef2cbaeb73497036",783,0.101436359567262,NA
"fb3bedf35734f90f",784,5.00009999963804,NA
"eb9717684b2bc68b",785,3.70599938953794,NA
"c096f1109873f33f",786,0.493849478409913,NA
"c46c14b1aacb8044",787,5.00009999963804,NA
"2eada72c368a188e",788,5.00009999963804,NA
"95a5a7949044b644",789,0.216848950094603,NA
"1a723cbd24eddbe1",790,0.134329458433808,NA
"c2cd3419bcd0d4c8",791,0.0895993146723635,NA
"08c9292209c45917",792,1.50328826460522,NA
"cfc89bd3f644f891",793,5.00009999963804,NA
"4745425e7a65a18e",794,0.0177703167916001,NA
"2890a17f646f4481",795,0.179454411263992,NA
"b016c23b0fef2dc4",796,0.0179895359383246,NA
"8790572bf8e223e6",797,0.104544045144585,NA
"44e276a19dcaa2f2",798,0.112646350561678,NA
"cdd296175826558a",799,0.105833727069813,NA
"72f40a9a01534cc3",800,0.0496242596967169,NA
"8b1a3ff67bbfe70b",801,0.317613868225793,NA
"825a0c068c2e142f",802,0.7850820578324,NA
"861ca94745680af2",803,0.699437063624007,NA
"caca471100678b85",804,0.166428594021992,NA
"be5a400810519df1",805,0.360047410708115,NA
"2d885a16c31e9de0",806,0.0489030145143695,NA
"a5e5c3bf29b95e91",807,0.292841085865845,NA
"4fbb14dd08c429d5",808,0.159823903522189,NA
"c4770b173a92ff1c",809,0.0501104039712207,NA
"a140df23039f9367",810,0.0260641025938819,NA
"4289c18cb4f8e1e9",811,0.345835504997429,NA
"3c94fddcfaed224a",812,2.21384793135117,NA
"d21bf293ad33723a",813,0.188927498625377,NA
"713c12a5d3939f3e",814,0.0177703167916001,NA
"de291fe98fa5d069",815,0.462930206823772,NA
"3a658cf1a76b3e7b",816,0.0360932104639436,NA
"0251ccf9f0612760",817,0.0156335632467025,NA
"1b35acd3b8e95ad4",818,0.0177703167916001,NA
"996ce82f8e4c7f8e",819,0.159823903522189,NA
"52ef39bd4d47d581",820,0.0260641025938819,NA
"1fd2b7b36aa849ac",821,5.00009999963804,NA
"fe85074da36c2a2f",822,0.360316627550967,NA
"1837fb5741500f41",823,0.0568410834877054,NA
"5d51cc72943c940f",824,0.0314514366965042,NA
"f89c6f7343c1d113",825,0.219218216947144,NA
"1e0ccdf4a6d41b96",826,0.280130615766138,NA
"3695078c89053518",827,0.283667866846493,NA
"3d59f7c96bde162d",828,0.0653267418736196,NA
"318b0a1dff461387",829,0.0214433622502326,NA
"7c2231d887bdb4bb",830,0.0464067700199429,NA
"ecd7931ce634f7b9",831,1.62503453413188,NA
"40733aeec7535d84",832,0.0768014677539114,NA
"65a62eabb2788fef",833,0.219218216947144,NA
"707dffa8d1da32cc",834,3.70599938953794,NA
"bb1412d4845e97f8",835,0.219218216947144,NA
"23815bd354d1bed1",836,5.00009999963804,NA
"eb28f9c5d3459b7d",837,5.00009999963804,NA
"f35e60fa4d935185",838,1.62503453413188,NA
"ff744b556f827328",839,0.0158593548506024,NA
"2fa03526a301223d",840,0.0511992407974332,NA
"207a17e97d4a4b0a",841,0.181668206514499,NA
"cdf2c6554b7de966",842,2.16317423672608,NA
"bd50aef5579614de",843,0.0505753306577257,NA
"8f266e131bb9c9ee",844,0.171665374688446,NA
"01c4f5abf04fb96b",845,0.602298691123848,NA
"ba28d821eec7ed59",846,0.0495062945368822,NA
"df74765481d0b8e9",847,1.47411891463671,NA
"321f858ea9868829",848,2.13620011910424,NA
"633066586a25dc97",849,0.316344767127102,NA
"fb8c5bffbbaa3f70",850,0.0464067700199429,NA
"b24175fce9d3b314",851,0.617393254160511,NA
"8c1e6b8ded847753",852,0.03732747504096,NA
"406979893c34d9aa",853,0.128042551996,NA
"6930218491ef4cb8",854,0.14331485927505,NA
"8708078bc9e501a3",855,0.0458412605726235,NA
"13dd7e06e9ae7b13",856,1.58341734040854,NA
"c5b7af6d9847be09",857,0.0458412605726235,NA
"47f2c487187b5e01",858,1.58341734040854,NA
"01a926e9b712ba83",859,0.194178587971662,NA
"dfe227d733974b21",860,0.285448849369784,NA
"bc8498baee067081",861,0.216546840062806,NA
"bd81cbcc7d79da56",862,1.66304045238138,NA
"bd86ef91746d6823",863,2.61029273211461,NA
"68879de308fafde2",864,0.455240142641537,NA
"e8e0f2d2eaf1df89",865,3.49243672306591,NA
"58ec7e992f3cda8f",866,0.0177703167916001,NA
"c799a4c7b7493900",867,0.885697352941066,NA
"9465c4f4ac296ac5",868,0.0489030145143695,NA
"71aa67dd82972bb2",869,0.0217078930197472,NA
"3b256b16231f1518",870,0.511639619915953,NA
"ee10dae86c5e24b5",871,0.161772951267417,NA
"e10f64cc7d59d3fb",872,0.359480935669185,NA
"f17c0d50a1cd6771",873,1.82203779785482,NA
"347384d65961014c",874,0.603433438219158,NA
"a10a3569dc54f90b",875,2.79851561240726,NA
"dc4ce35dbd7bc195",876,0.216533125009895,NA
"ed0ddee906dcef4d",877,0.0424292943355901,NA
"65bb335585564ce7",878,0.468641031572878,NA
"5e8d2c89665637cd",879,0.493849478409913,NA
"f146f51338ad2dc6",880,1.08834953589374,NA
"1c9cdf70f92ddd40",881,0.031839429617324,NA
"3ca9baa3850bc162",882,0.0872984866284234,NA
"e39200e398ccdc8b",883,5.00009999963804,NA
"9914fd3c97d665b7",884,2.14608694391679,NA
"8f097a1588125d9f",885,0.162902750324588,NA
"b426765df1ea008f",886,5.00009999963804,NA
"ce05ba5b6818bb1b",887,0.0263856359912758,NA
"d8b54cb4c7cd2a42",888,0.0505753306577257,NA
"3b3f627da187a808",889,0.562685098710715,NA
"25a1b3317c0a3e61",890,0.66157232612269,NA
"4beda4fd3e477378",891,0.0177703167916001,NA
"84ba0ecccdef924d",892,1.09288025735948,NA
"92402af1079760e9",893,0.290132684105189,NA
"0aa0c847346d065e",894,5.00009999963804,NA
"f8c8b61414095d8d",895,0.338719204967791,NA
"8f1196281385287f",896,0.990033076763345,NA
"fe8cd77e64e8a844",897,0.282151272022746,NA
"7f23316e40c61706",898,0.816059897565484,NA
"541e9f3eeec8393a",899,0.517038031579143,NA
"d213a0ada038977a",900,0.445617503504773,NA
"d442d1117479ad96",901,0.159823903522189,NA
"054fb0925d33a024",902,0.137920947491307,NA
"bbbc080126d0b677",903,0.181668206514499,NA
"9b937cca0aca26f1",904,0.0397747947814316,NA
"0c94896362f6e847",905,5.00009999963804,NA
"92a77e5084a36918",906,0.190774414212328,NA
"6dfa99c855ad5b39",907,0.0313257650654449,NA
"cbc898ffb574a44d",908,0.0379890855265933,NA
"32708360a415081f",909,0.148439170783111,NA
"55f353bcb93f795e",910,5.00009999963804,NA
"b4e9764525c87f50",911,0.0313257650654449,NA
"6095c0e56bb1f746",912,0.0424292943355901,NA
"9d03eae6967cd220",913,2.17548269152627,NA
"9151cd2f3c8454de",914,0.219218216947144,NA
"6c1358b517ebab8d",915,0.0405263899309977,NA
"da48dcf994b1e099",916,0.033421169595869,NA
"599266d228d7a8bd",917,0.414306433678871,NA
"a4517641b48822b2",918,0.0360932104639436,NA
"b2386d4b1eb93929",919,0.179454411263992,NA
"c3b4b4dcb8d74913",920,0.0329617480383356,NA
"f126d6ea60b5ba01",921,0.14331485927505,NA
"20ee9557859eb6e1",922,0.0410263337825725,NA
"c675b9a7d77b69d6",923,0.0158264228583457,NA
"a64936f25a61147d",924,0.181668206514499,NA
"f2a36abbbb495569",925,0.06635986796125,NA
"331fe9a8d67435d0",926,0.181668206514499,NA
"a50d3a8aa2402ae3",927,0.240447442261,NA
"c81bbc2f94aa6c8d",928,0.0263856359912758,NA
"4058d0bc5ecf5e17",929,0.111999247569104,NA
"ea8e8ff2b9951fb6",930,0.19657402441022,NA
"b88289793890518e",931,0.0214433622502326,NA
"317c4cc67a8cc2ad",932,0.388367248354534,NA
"92ff4998c1e8b58b",933,0.364761585092731,NA
"9343a4e96cfafbe1",934,0.0419122541110809,NA
"e26c4c02f82abc85",935,0.120911212551725,NA
"d9cbabdbdf290188",936,0.0263856359912758,NA
"7c213863804de323",937,0.13571660482686,NA
"e918c6b392d286a6",938,0.482271968468621,NA
"b60ed3a98e08044e",939,0.177311563322994,NA
"2d92196589e7f531",940,0.182046225983823,NA
"5f1e084b6c2618e5",941,0.379551483302267,NA
"f9bc39daeb8990ad",942,1.68068727800217,NA
"4270be34043871ab",943,0.517951336371196,NA
"4487abd10bffc2db",944,0.0384577285458285,NA
"1dbaa91669f2f148",945,0.0895993146723635,NA
"b3ac40fae886eca6",946,5.00009999963804,NA
"d665587d660c289c",947,0.0177703167916001,NA
"eb9c986eeba434cd",948,0.0677938262725142,NA
"60b28407149107b0",949,5.00009999963804,NA
"22dc9fd3c14d06a5",950,0.2043488030343,NA
"04a309954fe427bb",951,0.0378006614030392,NA
"37e8d22203e5cbbe",952,0.0464067700199429,NA
"35c9322bdcb129fe",953,0.450118613600397,NA
"7a86e069993bd498",954,0.0158264228583457,NA
"6c266c7d8765841f",955,0.0313257650654449,NA
"41747fabb409e062",956,5.00009999963804,NA
"f4881331976e8916",957,0.0425324741361911,NA
"ef35b88e8ae30721",958,0.0907090662277706,NA
"fe475ea90a999666",959,0.0505753306577257,NA
"f213b57aa2e2c664",960,0.360228952040025,NA
"d822f19b68e4e2dc",961,5.00009999963804,NA
"c4c440720d6d5d59",962,0.177311563322994,NA
"882c218069025e7e",963,0.0465033343165392,NA
"802a27e0a556c707",964,0.0971293244977105,NA
"9832c0b5a2ab0809",965,0.450118613600397,NA
"629b670b5f371562",966,3.26008548749402,NA
"137f74edb3193300",967,0.0314514366965042,NA
"22a35a7785b44d0a",968,0.0397747947814316,NA
"808c3adbde166ddc",969,0.925282601363263,NA
"ab0e52b7138349de",970,0.0379890855265933,NA
"f5f728d21eaba2fc",971,0.376953328182263,NA
"912b5981b40e7dd1",972,0.100200263635304,NA
"7050cbb755e72776",973,0.173783082403096,NA
"c50e599a431bbbb1",974,0.805844509796191,NA
"160d6e3c3414db7d",975,3.05332202901527,NA
"b1de578c03a380e0",976,0.214206444919883,NA
"575052c384ac677e",977,0.0751714597705044,NA
"69b2bd8e31639c69",978,0.216848950094603,NA
"8369775f3dd23688",979,5.00009999963804,NA
"a854b67ef89563b7",980,0.511639619915953,NA
"3fe5f9614ab33656",981,0.511639619915953,NA
"d7c16b9a4aeb7431",982,0.0877054090361196,NA
"bda69404c7080f77",983,5.00009999963804,NA
"8036974cc1efcea3",984,0.0356533812861607,NA
"7f8e45c90b8f48fe",985,2.37693502132584,NA
"e0138aacaed1a674",986,0.0275590657806095,NA
"9f16892ce36beb22",987,1.37387364530114,NA
"d5e926fdc060c6c1",988,0.0384577285458285,NA
"666448313e5d368e",989,0.0177703167916001,NA
"7bc61d655bbf06f8",990,0.129622117477143,NA
"c9cfc11c7aee8d8c",991,0.320247276617149,NA
"18a37dd2b2869022",992,0.0314514366965042,NA
"3a5b76f8021ad717",993,0.0392901020910243,NA
"ef0a22c2077b2700",994,0.128042551996,NA
"d1e402cc99bf322c",995,0.121336939624492,NA
"1437bf5d4b4336ce",996,0.376953328182263,NA
"f853e46f0024b0fc",997,5.00009999963804,NA
"814c4c972ca14bad",998,0.717149336601704,NA
"b18a5c4e20b8378c",999,0.216546840062806,NA
"220e9bf8af824961",1000,0.15621375760215,NA
"dfe3b269bfc398e1",1001,0.206440136349517,NA
"27976c136317f818",1002,0.0263856359912758,NA
"5fcbea12be0ff891",1003,0.282326082074765,NA
"555775c29b247547",1004,0.0314514366965042,NA
"82fac20fe62bab6d",1005,0.185699589531158,NA
"f4536c8ee2c21057",1006,0.0229777940529452,NA
"a34dd31361bde097",1007,0.0384577285458285,NA
"1bfe8f08a1ce5294",1008,0.219218216947144,NA
"13cdb7a5a8f1fba7",1009,5.00009999963804,NA
"c9b4ed02bf98083a",1010,0.817597376580477,NA
"7cd9f33728bd71ef",1011,0.166428594021992,NA
"b43e1af0ad84d744",1012,0.0818065086930824,NA
"dc9d0e6e0307dec8",1013,0.2402410271431,NA
"b2b7377baa9518c7",1014,2.28568955407029,NA
"e7d6e432000e77df",1015,0.377261805149309,NA
"9299cc6ce8cb0762",1016,0.33286582101044,NA
"c10dd23d79e3ed5e",1017,0.3967730132183,NA
"1946c4f9b14848ec",1018,5.00009999963804,NA
"ba5b11462ee155e0",1019,2.68270904749244,NA
"56cc7e04bd49ea71",1020,0.14510802114651,NA
"ea6f3b4fff0cb691",1021,0.37235980296614,NA
"a9926d80ea97881d",1022,0.0214433622502326,NA
"8b1daf4ca65f26df",1023,0.379551483302267,NA
"e5d8c28de53ffbfc",1024,0.179454411263992,NA
"4f4beff46f75aeb2",1025,0.166428594021992,NA
"556e3674d4db4f35",1026,0.205898206429995,NA
"7090a1f685d04cfa",1027,2.99333381503146,NA
"f7b74bc13d5ead35",1028,0.0896036922944571,NA
"d63b22e5c3a4d60b",1029,0.775515106276965,NA
"71dfc435152c7fd1",1030,0.3343801538785,NA
"87531c3318c6e114",1031,0.462930206823772,NA
"0760000c410fc129",1032,0.0286449619626588,NA
"01223372dc4b122a",1033,0.342300753491092,NA
"f471acb2f7c06bfc",1034,0.0866366374459053,NA
"4f39fa7903eb0aaf",1035,0.181668206514499,NA
"57aa6a560727c287",1036,5.00009999963804,NA
"b32b18e7138c7823",1037,0.320247276617149,NA
"e543eaa97fc7dc3b",1038,5.00009999963804,NA
"ac68c4c3fd690c88",1039,0.0378006614030392,NA
"1fc7ff2714203532",1040,0.388367248354534,NA
"ff91346ad705006c",1041,0.0768014677539114,NA
"ed9d2fa2e9803143",1042,0.280130615766138,NA
"e223283b0b91b102",1043,0.114946353560665,NA
"2b618ef23d93c66a",1044,0.219218216947144,NA
"a928263c3ae32d47",1045,0.503516050805929,NA
"8749e32c271ce4a9",1046,0.0581054343208653,NA
"e7af3acaec31c306",1047,0.292841085865845,NA
"55cedfdb8533a537",1048,0.486164819099268,NA
"0e5d72022d700376",1049,0.0214433622502326,NA
"936675ca608d59aa",1050,0.181140419180793,NA
"8e64d03f2e6aa664",1051,0.286775229942873,NA
"6a9514519f14d9db",1052,0.234904908236146,NA
"df9feb515c811668",1053,0.0405263899309977,NA
"7a7e90164c6bf122",1054,0.915985178674507,NA
"9a69939fec411734",1055,4.52718087262047,NA
"080bd0c447b91ac6",1056,1.63367204246215,NA
"a0b799ea339ce3d1",1057,0.0338334616426152,NA
"b9c97b6658c87b19",1058,0.219218216947144,NA
"b7864a26641b0613",1059,0.0397747947814316,NA
"b3d31ef1e291e8ab",1060,0.0158264228583457,NA
"ffe33e4346bf8c1c",1061,0.0214433622502326,NA
"1f8b618ed339c24c",1062,0.0314514366965042,NA
"30679ca41e5db0ac",1063,0.0410263337825725,NA
"ed3a2e249dbcdcd2",1064,0.0907090662277706,NA
"f0cf89f30d1e157c",1065,0.3967730132183,NA
"14a3b198072c5f09",1066,0.0214433622502326,NA
"98ffb2ec8d7cd4d8",1067,0.904867259056546,NA
"09d978a1ec48d048",1068,5.00009999963804,NA
"3d2bb1a95a53e29c",1069,0.0379890855265933,NA
"aac58452ed8acefc",1070,1.42530628693113,NA
"7c77cd5733ee3785",1071,0.159823903522189,NA
"76f2c02f1427be2e",1072,0.0158264228583457,NA
"e5b58b2fa9b94837",1073,0.0287045670720375,NA
"973a0d3baedcd0d7",1074,0.423252943346859,NA
"b9bd3ce435e4b165",1075,0.661078020838563,NA
"94260850eb5a605f",1076,0.0179895359383246,NA
"4a61130689a88a9b",1077,0.09275561683376,NA
"d07d59424eee0271",1078,0.0872984866284234,NA
"be47666318872e72",1079,0.162902750324588,NA
"39c1a94a4cb611ae",1080,1.16587411472791,NA
"0d2ec57facfe59b0",1081,0.0217078930197472,NA
"2239a598ea67ebf3",1082,0.19657402441022,NA
"9ab36ef0d84943e8",1083,0.0420141765703072,NA
"52344b6eef4cfcbb",1084,0.0419122541110809,NA
"63ad7f27227ba8a4",1085,0.181140419180793,NA
"a2df00ee046b079b",1086,0.0464067700199429,NA
"89c2a5ed72d74f5d",1087,0.0419122541110809,NA
"4254ea4aec9969ca",1088,1.68068727800217,NA
"347f64bc75bb3187",1089,0.219218216947144,NA
"d1b4e02c5d370529",1090,0.181668206514499,NA
"78d42b43aa0a2dc0",1091,0.334400161116696,NA
"e213f6af91e2a8a4",1092,0.0877054090361196,NA
"59f203163ecb16ec",1093,2.89997264652904,NA
"f8be8e3bc11fe8ff",1094,0.0419994661134518,NA
"6c95431b3f1bddcd",1095,2.83303881263165,NA
"dca827721f74f249",1096,0.199033567316482,NA
"96311c82bab6526e",1097,0.162902750324588,NA
"62a667216e7e7713",1098,0.0797980507861907,NA
"86911ccfd62fbdbc",1099,0.0419122541110809,NA
"21608cb5824f23dd",1100,0.0368726052068568,NA
"84f862ec1539bf75",1101,2.86463379558392,NA
"e34cd3b596d14c6a",1102,0.0405263899309977,NA
"34c1401ff593a586",1103,0.206440136349517,NA
"1f255e4a2ce43277",1104,0.0424292943355901,NA
"0fe0f0e486da7a7d",1105,0.0278990414240264,NA
"599aaadc40cfd131",1106,5.00009999963804,NA
"9efc939e84773536",1107,0.0275590657806095,NA
"dbd79931c69a6f60",1108,0.510737444588158,NA
"f9a3f50ae540caf5",1109,5.00009999963804,NA
"085e3446db3fe9d3",1110,5.00009999963804,NA
"e5b3867ae3961a46",1111,0.594959124078087,NA
"3c06ad4a7cd12f38",1112,0.14331485927505,NA
"55eca61d3db4a063",1113,2.86463379558392,NA
"b16671ca41349ead",1114,0.0177703167916001,NA
"658366f81981aa36",1115,0.181668206514499,NA
"bb4ebbeab7127ea1",1116,0.123012942574791,NA
"6f3266d3b40f9978",1117,0.0263856359912758,NA
"c77b446c95fa02d2",1118,0.462930206823772,NA
"f603daf705669271",1119,0.0260641025938819,NA
"f14614a593a2b502",1120,0.123012942574791,NA
"c6d99db180f1ae6e",1121,0.0214433622502326,NA
"f9bfa914f2f7b5de",1122,0.155789442001646,NA
"ffc4b5d7a481266e",1123,0.0487359403624211,NA
"36cf73cfc5e1c740",1124,0.0260641025938819,NA
"0c1a2330557e3b6f",1125,0.153205039880471,NA
"f66e2217bc9f4396",1126,3.51901578658962,NA
"d09cc2b1d0f90ebf",1127,0.0424292943355901,NA
"acd5c1f0b55f0cc3",1128,0.423252943346859,NA
"a66f89d890bcc7a3",1129,0.108626566406871,NA
"78f9a717006f518e",1130,0.0313257650654449,NA
"0b8123132676f98e",1131,0.106902736374037,NA
"49ef644c662fb56f",1132,0.137920947491307,NA
"5979e92012507038",1133,0.23156053789484,NA
"e4dd42897409e734",1134,2.48553857202062,NA
"4ba9e03fa78ffd17",1135,5.00009999963804,NA
"2c7ef64cd9357b91",1136,1.08834953589374,NA
"12e87ebcb92a15bb",1137,0.38644096459766,NA
"0c76210dd65838ca",1138,0.0581054343208653,NA
"2f5610e024a51e0b",1139,3.8327319165189,NA
"29c392fef3334cac",1140,0.0179895359383246,NA
"ca8463da04293368",1141,0.0313257650654449,NA
"23bfcb415034fb85",1142,0.199090007847346,NA
"2c98475d11d837e9",1143,0.0833700292991548,NA
"8bf106feff053024",1144,0.38644096459766,NA
"faef5b87130b755f",1145,0.0866366374459053,NA
"2be10a44d3f82396",1146,0.14331485927505,NA
"3f60e76b26e59d85",1147,0.617393254160511,NA
"73b272ba21276016",1148,0.12151391600736,NA
"dea23d65aeb35c65",1149,0.103131415948722,NA
"6049f2b1dc367ba7",1150,0.905543851914704,NA
"98495282b1102087",1151,0.0872984866284234,NA
"3fbaf6be5ee677d9",1152,0.105833727069813,NA
"5a0a267b2ab6bcea",1153,5.00009999963804,NA
"df975d041e2e9bc3",1154,0.0360932104639436,NA
"eb02400da340b473",1155,0.381731823749952,NA
"7a4902d244123066",1156,1.75394375137747,NA
"697925dd0e43c99f",1157,0.280539201175183,NA
"8a059a0dae29a676",1158,0.0424292943355901,NA
"a23a4f63f5d65d7b",1159,0.0424292943355901,NA
"819588e5eb5f3f12",1160,0.227977972456253,NA
"6ac25ee47bf15db2",1161,0.564685639934402,NA
"162894cc33edd5c6",1162,0.0368726052068568,NA
"b4a68267966f95cf",1163,0.617393254160511,NA
"d4f035d27a0f6564",1164,1.06876705721785,NA
"31822762627e5bd3",1165,0.0384577285458285,NA
"24c2b586689d3c4f",1166,0.0217078930197472,NA
"8653975b89ea19d1",1167,0.3967730132183,NA
"cc3a626c12b29a34",1168,0.775515106276965,NA
"f7992defcd791aff",1169,0.0685898826800169,NA
"1905e7d1e3e80d72",1170,0.901775835522972,NA
"b18541eaa94bad2a",1171,0.105833727069813,NA
"fe4d5c73512e2942",1172,0.266456632606495,NA
"29ea5e221d634112",1173,3.37187330576327,NA
"4d9aadbf08ee4514",1174,0.292841085865845,NA
"06b7438294e4a808",1175,0.14331485927505,NA
"7ab4b1f3ed7c9df7",1176,1.03931500543158,NA
"a74ecfb9c9226883",1177,0.0329617480383356,NA
"2edff6acd7d464c9",1178,0.23156053789484,NA
"abfd46af8fd68513",1179,0.0872984866284234,NA
"33c7e96325e06e11",1180,2.28492996711026,NA
"7c9eb6797fd15723",1181,0.3967730132183,NA
"7dcda16012e72865",1182,0.162902750324588,NA
"f755e2f1ba1b0324",1183,0.157876301322975,NA
"24983755bf85f18e",1184,0.790524203609275,NA
"0c375d627719125f",1185,5.00009999963804,NA
"fd9a2de6da06f12a",1186,0.068065799222117,NA
"3d650530e6306fb6",1187,2.89047037431293,NA
"3d0b040640bcd1a8",1188,5.00009999963804,NA
"d9b2630038c008de",1189,0.381731823749952,NA
"0bf6b3a96e60a0a2",1190,5.00009999963804,NA
"d628a2c61e1682c3",1191,1.89279156376751,NA
"718a867dc6bc41db",1192,1.08834953589374,NA
"80a09722f5fdb26f",1193,0.148439170783111,NA
"20f1f5a1c8752fe9",1194,0.0217078930197472,NA
"4d2b5f3bc52dcc47",1195,4.18800815281826,NA
"c69806b4beb7a4e9",1196,0.274803996467717,NA
"1fd4ff6c0864d29c",1197,3.88001347205987,NA
"a5ec3a73429efd7f",1198,0.157876301322975,NA
"9f50bcd684d0e3ad",1199,0.0818065086930824,NA
"bc13ba9d14287dfd",1200,0.0464067700199429,NA
"5d70a9223ff63032",1201,0.0919522709838338,NA
"c002e827e62b3e9b",1202,0.031839429617324,NA
"d7ea245c0b9f7408",1203,0.0818065086930824,NA
"4a86bcd9a01530d0",1204,5.00009999963804,NA
"cd1d43bb6190ddb5",1205,0.531649190797623,NA
"70306007e1feb07b",1206,2.92991906813668,NA
"72b270db1d879a19",1207,0.168481699478689,NA
"e6f5092d1ad80e20",1208,0.14331485927505,NA
"3cf1a4b2f4d00d7b",1209,0.759690270473871,NA
"18b3c17b0c0e20af",1210,1.92012867407865,NA
"f4156404e38eb2f9",1211,0.0926678326673232,NA
"1cf4369c18e8dc37",1212,0.377737701517662,NA
"a4a9241b12364336",1213,0.236502700938972,NA
"74d7355ce2f79780",1214,0.105833727069813,NA
"89afe5c963762ccc",1215,1.08834953589374,NA
"e3f3cac7a5501f7f",1216,0.219218216947144,NA
"12cffbc119f931cd",1217,0.0260641025938819,NA
"0eee81dbfd5bf0c2",1218,5.00009999963804,NA
"32decaefffa32cb3",1219,0.617393254160511,NA
"16cd24d0b6bea069",1220,1.68158722784652,NA
"eb634dd675ea2d5e",1221,0.0378006614030392,NA
"e3fe1abc335369cf",1222,0.793475440341894,NA
"93c1a2826955a3ba",1223,0.0929486248989857,NA
"308d936325716fa5",1224,0.0158264228583457,NA
"278e46fd02a217ff",1225,0.33286582101044,NA
"3b8dc32d4a3840a9",1226,1.10177569252306,NA
"42e4125baa6fb667",1227,0.219218216947144,NA
"0c42c7bd282d6449",1228,1.33884364767639,NA
"8a37614b0e352589",1229,0.179454411263992,NA
"35b97f494fee4474",1230,0.123012942574791,NA
"250708a0d65b62a1",1231,0.51902910167239,NA
"93546d5a122fb3ce",1232,0.820449759834482,NA
"1ff1ecb2942daded",1233,0.493849478409913,NA
"3ecaa5029523bd3f",1234,3.91821171308911,NA
"043677c9b0ac1514",1235,1.26981891147583,NA
"af22fda02f9818d7",1236,0.316344767127102,NA
"24964df1e111d772",1237,0.219218216947144,NA
"d507807d3b771963",1238,0.0392901020910243,NA
"944cd7af270e1753",1239,0.0317122076690673,NA
"8b2cf4f443e54d5e",1240,0.0685898826800169,NA
"77087955b1864868",1241,2.17637162645151,NA
"794f8c2b0d8d267e",1242,0.033421169595869,NA
"dff68435b7f154bd",1243,0.0872984866284234,NA
"ecfa53ac6620eee3",1244,0.0464067700199429,NA
"043e8a628cac8981",1245,2.61029273211461,NA
"3808658b214feb08",1246,0.750432741350322,NA
"d849f11e12c402a1",1247,0.287167265785327,NA
"ab2083921da7787a",1248,0.0405263899309977,NA
"d32ebbf97e99364d",1249,0.517038031579143,NA
"2ea82131f23a3393",1250,3.30060032915808,NA
"3e88b42b665e97a8",1251,0.236021318829029,NA
"30f056b96e2c6e54",1252,5.00009999963804,NA
"cfeb3627f3ef1a4c",1253,0.913051920726979,NA
"feaee2b5f31f9d3c",1254,0.0217078930197472,NA
"fdab5089c3730495",1255,0.0458412605726235,NA
"5628e9e112b5be80",1256,0.447687197497566,NA
"ca3142c5309425b7",1257,5.00009999963804,NA
"6e171e2fd62c41d6",1258,5.00009999963804,NA
"93d22217e0c81d43",1259,0.0424292943355901,NA
"e66eb5db5044db21",1260,0.0487359403624211,NA
"09bd36f9d2348fe7",1261,0.166428594021992,NA
"bb1aa5af1ae33068",1262,0.28794233190034,NA
"990992e6908b2c87",1263,0.35174507072962,NA
"966c498349d0d2d0",1264,1.04577271598212,NA
"83610ced3184979d",1265,0.800276311206038,NA
"a05aa378c0aa741d",1266,0.14331485927505,NA
"d4853e9e98beb922",1267,0.137920947491307,NA
"3c76b01bcd9613cf",1268,0.881262865707596,NA
"1715d95e207edf2d",1269,0.0505753306577257,NA
"0ddd93682874d2bb",1270,0.271455255409099,NA
"1d3578b1391fddd8",1271,0.0487359403624211,NA
"ebea55658abae10f",1272,0.181668206514499,NA
"2867039f00dd46c9",1273,0.493849478409913,NA
"2809080ad0a54479",1274,0.0791956166377553,NA
"42cb0db04212235c",1275,2.79443977330377,NA
"86d00e17c1b78a49",1276,0.244382712500685,NA
"1ea1377d200cfd0a",1277,0.0217078930197472,NA
"68cc063a4220c55c",1278,0.108626566406871,NA
"cc2d4dbde0fc4ecf",1279,0.077748910189837,NA
"8a2fe45b1da659f9",1280,0.369786883122794,NA
"f316447c8bd6e2dc",1281,0.0329617480383356,NA
"f44fce2dc2faeabb",1282,0.0877054090361196,NA
"d8e023fbe81ed7d2",1283,1.2880896893619,NA
"4479505912fec157",1284,5.00009999963804,NA
"a4f23d3cee212403",1285,5.00009999963804,NA
"e44e5d8ed78955b3",1286,5.00009999963804,NA
"c52fb2be65895dc0",1287,5.00009999963804,NA
"a1f993dc93481e21",1288,3.96654776913711,NA
"0ba62141a12fce35",1289,0.0232129519080418,NA
"65f1747abfc7f7d3",1290,3.96654776913711,NA
"843526d000441920",1291,1.4641423375303,NA
"e48e60222a15339c",1292,1.20574302920163,NA
"962bde6832719a7b",1293,0.0751714597705044,NA
"e791157b63a501c4",1294,1.18122248855927,NA
"293c375f0d9f96e0",1295,0.104544045144585,NA
"6952094a20ab158a",1296,0.0217078930197472,NA
"70131f6a18fdfdd0",1297,1.04135129821018,NA
"2c31fd0352213fca",1298,0.0314514366965042,NA
"8ccc5f13c5862c7c",1299,0.0158264228583457,NA
"c073c886f1e94884",1300,3.12755567618568,NA
"439bed92336d1778",1301,0.157876301322975,NA
"78be1ffa2c51667a",1302,0.615558293167817,NA
"34ca5ca3d6cc0ccc",1303,2.11647612523695,NA
"2b907b9a4c2632fe",1304,1.4080063992277,NA
"272e44c6e841f443",1305,0.0511992407974332,NA
"63233566ce206a46",1306,0.820449759834482,NA
"31b1323ad42ea421",1307,0.947355028032812,NA
"e1b72b0e56feedce",1308,0.881262865707596,NA
"32a246ff2ade3780",1309,1.45615541120088,NA
"b9b42b1476681637",1310,0.462930206823772,NA
"7f098500dd98d088",1311,0.0482422229219536,NA
"c0c870dd0bf41bb6",1312,0.194178587971662,NA
"473b9ba8f4a62b54",1313,0.203924472204795,NA
"b0678badc94833e9",1314,0.37235980296614,NA
"495ceb13a585a536",1315,3.09187678182682,NA
"fad0321fce5299fd",1316,0.193016618231814,NA
"0e706ee708e3f434",1317,5.00009999963804,NA
"663a01e85039228c",1318,5.00009999963804,NA
"2a29bcd508ec0524",1319,0.0405263899309977,NA
"6c79b6de276b4647",1320,0.0677938262725142,NA
"2644d3fdcfe396da",1321,2.99333381503146,NA
"ea4a2dffb6f0e7a5",1322,0.0260641025938819,NA
"b28d0479a032290b",1323,0.106902736374037,NA
"1eb3b1de54e5e1ce",1324,0.0217078930197472,NA
"e5855ec87184fba0",1325,0.0378006614030392,NA
"fa650b2984f51ff2",1326,0.0378006614030392,NA
"fb7085888252ffef",1327,0.0360932104639436,NA
"967f02288878c75a",1328,0.901925537941835,NA
"8bac2df63b168bf6",1329,3.75171754039949,NA
"67352677f031feab",1330,0.0505753306577257,NA
"8bdfdb5fd6833ba2",1331,0.119397653405446,NA
"6fc83bb67e2c832d",1332,0.0419122541110809,NA
"01a13853c3bc11ec",1333,0.0325600786287252,NA
"fdfddf74be240cd0",1334,0.0260641025938819,NA
"04d01ff47df2697f",1335,0.0179895359383246,NA
"6605dbb651ad53cf",1336,0.122833782966262,NA
"2ca3fe70f3e3127a",1337,0.0289983334975083,NA
"653ac5d641495e20",1338,0.617393254160511,NA
"467af8bdc2f04689",1339,0.139622375371241,NA
"d7b3528050eaf53f",1340,0.26320961190294,NA
"fa7e6e9fa540b874",1341,1.07472564312452,NA
"0e69ae0d2ad20a4c",1342,0.0497275190213729,NA
"d60d7212ffc18d93",1343,0.282326082074765,NA
"a3261392c2ace37e",1344,5.00009999963804,NA
"164b5a837406aa6b",1345,0.586780563879333,NA
"427b5c42c055b19a",1346,0.468641031572878,NA
"09403205649ae34d",1347,5.00009999963804,NA
"aaa27defc5888770",1348,0.0788256376753912,NA
"67fbb01a0a3b12e6",1349,0.162902750324588,NA
"65cd2a5a1c7c2e4d",1350,0.0581054343208653,NA
"67ef4915541a0ba0",1351,0.093811006615451,NA
"f0082cfc13ff2c71",1352,0.0329617480383356,NA
"d6bdf7aa587b5a72",1353,0.0156660939321513,NA
"2d40a80330bb605b",1354,0.38644096459766,NA
"bc2d41aa3788d13b",1355,1.04305307147862,NA
"4e0138ba19af6409",1356,5.00009999963804,NA
"03ef41499362fd6d",1357,0.0356533812861607,NA
"794041d2ee4cd2eb",1358,5.00009999963804,NA
"92e8d02dd9bc6b39",1359,0.114035984586854,NA
"0fa94237ff4136eb",1360,0.26320961190294,NA
"03d46dd20708b26c",1361,0.423252943346859,NA
"f01ad9735ba3f610",1362,0.0217078930197472,NA
"d9200d7ed5711e85",1363,0.0405263899309977,NA
"078fea94197fd3a1",1364,0.027616411331718,NA
"fca49e6ea33f8729",1365,0.157876301322975,NA
"bbef93da4d75e97b",1366,3.30951379968099,NA
"fd4b513d7d6f9060",1367,0.234417127573442,NA
"135b023de59f3000",1368,0.121336939624492,NA
"ea792bc7f4658926",1369,0.109452879223274,NA
"7852cc8a21ffd7d5",1370,0.0505753306577257,NA
"d83e9bf89452c6fe",1371,0.0338334616426152,NA
"d0461b34b8fde6b0",1372,0.329306930471736,NA
"c1bcb72f76632573",1373,0.0670390038338362,NA
"c4dccf0e27f9bbc7",1374,0.0214433622502326,NA
"959bb698701b6dae",1375,0.0751714597705044,NA
"cfa610450e019856",1376,0.281739831219271,NA
"553cda89cb368dc0",1377,0.0489030145143695,NA
"7891f4e618ea4f1c",1378,0.0214433622502326,NA
"9a9634d2e58eeef7",1379,0.178227051917119,NA
"c81bbc2f94aa6c8d",1380,0.0263856359912758,NA
"58f3a782216de7a1",1381,0.414306433678871,NA
"a2041ab005382f98",1382,0.0564067705770978,NA
"4891c9bfc10fdf31",1383,1.04135129821018,NA
"5f7c0b3d1bef7798",1384,0.0158264228583457,NA
"717722a267de4794",1385,0.423252943346859,NA
"0d893c0c82d08047",1386,0.162902750324588,NA
"bfed9c8b773ef0ef",1387,0.0701155692079939,NA
"394e11c2df94d611",1388,0.0384577285458285,NA
"387bb6b0fc3f7053",1389,1.63367204246215,NA
"da33de0634e58129",1390,0.0214433622502326,NA
"2e9511177b11c8c0",1391,5.00009999963804,NA
"344abffc77ca45bd",1392,2.39946675223187,NA
"f77386c02cd73408",1393,0.751954719334068,NA
"9a19dc30b23284d2",1394,0.0156335632467025,NA
"5197418b3db109c4",1395,0.154508378105692,NA
"66623c44bcefd88c",1396,0.227977972456253,NA
"c0a4edb5130b9ea5",1397,0.381731823749952,NA
"1d3dc8784f4f9019",1398,1.27239312422678,NA
"a9dd56cf95874886",1399,0.0260641025938819,NA
"ae085e317cfa5acc",1400,0.077748910189837,NA
"33002ab49356a608",1401,0.216546840062806,NA
"1fd54a2b84339413",1402,0.181668206514499,NA
"c0758d5cb382d7c1",1403,0.750432741350322,NA
"6fbb4daa5b3f635d",1404,2.49238615028942,NA
"25b536a04b727ce7",1405,1.64508137337217,NA
"e92a4c20625aa27f",1406,0.0214433622502326,NA
"10d9d7b77a9ad0ab",1407,0.0872984866284234,NA
"e48e014e9456b17b",1408,0.12151391600736,NA
"ba6f0e2c04b92f24",1409,0.0797980507861907,NA
"a8b62e87216ec180",1410,0.651402695795175,NA
"cd67411528d8a59f",1411,0.0481420478185729,NA
"c4c82150378798b1",1412,0.0661326291731971,NA
"44e91bfff4381a25",1413,5.00009999963804,NA
"8b1c556c1e81aeb6",1414,5.00009999963804,NA
"c9ae023cb8be79bd",1415,0.0263856359912758,NA
"0872fbcafec643f9",1416,0.699437063624007,NA
"49d5bb7e432efd67",1417,0.0361683140636741,NA
"0d2b7d80e7fc46e0",1418,0.409257726297817,NA
"f94b3f3ad3a5aa90",1419,1.06472237631698,NA
"c20b4ac29b8953c2",1420,0.0677012752997451,NA
"47d4d58cfa82f860",1421,0.431758279600349,NA
"25deab2fb3bb8fcb",1422,5.00009999963804,NA
"12456da3c61539c4",1423,0.10822151571406,NA
"61add7522cc9af29",1424,0.0279570944044358,NA
"6a16fa0b2fa0e622",1425,0.463630477685878,NA
"96271f58b4f829fd",1426,5.00009999963804,NA
"f6ff42ce37567671",1427,0.486164819099268,NA
"79fd552866ae03e3",1428,5.00009999963804,NA
"ab926678afc3a996",1429,0.280539201175183,NA
"74ebb6b909817708",1430,0.166210317657212,NA
"b1c1f631b59bc68f",1431,0.199090007847346,NA
"652607c3b6cefe29",1432,1.78793564326751,NA
"6dc55ef644482ca6",1433,0.0501104039712207,NA
"e5273ed686614840",1434,0.278306570594322,NA
"52a0046d1063da50",1435,0.371510562130601,NA
"65a14e1ab15c76d4",1436,0.526263340524592,NA
"5c37f6bc7855e43b",1437,0.0384577285458285,NA
"0bfb27403334b0da",1438,0.468641031572878,NA
"ac18ea395d6e8bd9",1439,0.569626525172638,NA
"efe161b99481595f",1440,0.0179895359383246,NA
"a49c0cc30a866263",1441,0.510737444588158,NA
"b1d778c4a4f6a3c6",1442,0.03732747504096,NA
"3ba641e404448e67",1443,0.658667353440154,NA
"b008dfe26ededd56",1444,0.245639650713399,NA
"ee7619d3e3364710",1445,0.323528043362432,NA
"ffefd089996d48d9",1446,1.4080063992277,NA
"7315371d5eb343b1",1447,0.253163149131844,NA
"cfd2774159150017",1448,0.0677938262725142,NA
"20cd58d390ffb837",1449,5.00009999963804,NA
"4dfe786681aeca2f",1450,0.0671785001669568,NA
"e1288a05a3db7e5c",1451,0.0156335632467025,NA
"e54774a273ea5242",1452,1.48345773807563,NA
"426438fb0bae2146",1453,0.0313257650654449,NA
"93f7ec97c123d6a3",1454,0.139622375371241,NA
"601f1e39ab94c8b1",1455,0.0576276306063725,NA
"0b67751782062acc",1456,0.423252943346859,NA
"c9062ded88caac48",1457,1.66641181494275,NA
"e8b534a1c368f036",1458,0.03732747504096,NA
"450179de28b88f34",1459,0.19657402441022,NA
"80f1b806287684da",1460,4.47201298327824,NA
"c1d9cc974b5c6b6c",1461,0.436853447620952,NA
"26937b0f3816b4e3",1462,0.317613868225793,NA
"b93f94b09c5af637",1463,0.19657402441022,NA
"dc7d6febfb6781cf",1464,0.492162271933691,NA
"5e5bb07e34709794",1465,1.79721324963376,NA
"35539f4994f36be7",1466,0.451055230979469,NA
"e3700eddb0629736",1467,5.00009999963804,NA
"034a05ae58e67998",1468,0.346523462629228,NA
"4c06edec4dfb9156",1469,0.0313257650654449,NA
"b4b3073b65205b27",1470,0.180162928932174,NA
"e9bd6ea91eb5f092",1471,0.0334907131502268,NA
"a25e2806affa75b2",1472,0.531649190797623,NA
"39887c61d35718dd",1473,0.0907046346022173,NA
"c3ac22e17242771c",1474,0.105342695609976,NA
"8b029b22d6086c6c",1475,0.157876301322975,NA
"39a01e1cfdacbff9",1476,0.152886909210304,NA
"500746e8242a13a8",1477,0.248456450097645,NA
"83a6c41084068b72",1478,5.00009999963804,NA
"58cf563d1919916f",1479,5.00009999963804,NA
"81d3be5148b716fd",1480,0.0263856359912758,NA
"95f88a588792cf74",1481,0.0872984866284234,NA
"20ac9adcb6861354",1482,0.409257726297817,NA
"26b34085a2691319",1483,0.177311563322994,NA
"cb9648540029da46",1484,4.28249673019505,NA
"8933358e0fe87b4e",1485,0.44283719106853,NA
"1ecacdc079f89111",1486,0.129622117477143,NA
"c12c11149a268a62",1487,0.636819922251928,NA
"c133d43a350c8625",1488,0.0330303356175302,NA
"86fccc6002d5f4da",1489,0.0156335632467025,NA
"7b8a8589c78af514",1490,5.00009999963804,NA
"c3c8a0d85a41a622",1491,0.114035984586854,NA
"7638ec5bb0e7f2d2",1492,0.0670390038338362,NA
"ac496008dd4bd51c",1493,0.155889379321684,NA
"3dda812cdef21fe9",1494,1.80999207201394,NA
"f98efc7550bf16c4",1495,0.131229020342056,NA
"73bed3ac9e210a20",1496,0.146630302090159,NA
"6962d2519a244ca8",1497,3.28499754165762,NA
"c5a0e29a096d6346",1498,0.0179895359383246,NA
"9006d10703c4a86e",1499,3.37695634487206,NA
"0da3a45304150cef",1500,1.10531524184454,NA
"b4bba3ae1322fee2",1501,0.0314514366965042,NA
"4483cd22f73ffbe7",1502,0.068065799222117,NA
"189a8a361d64b778",1503,0.721864899706307,NA
"2399611a36ec6a7a",1504,1.47411891463671,NA
"73c180daaf2d7f97",1505,0.0410263337825725,NA
"415dd46971d59234",1506,0.0583385397115639,NA
"360662b0719757ea",1507,0.0278990414240264,NA
"8ee287280f9e2d4d",1508,3.5458988442692,NA
"8c1329e1d5ee22a2",1509,0.379041850325144,NA
"c0e5ce8dd4f7bd9f",1510,0.0368726052068568,NA
"d7562f7260cfe3d6",1511,0.0317122076690673,NA
"3023ac03ea4f5278",1512,0.0179895359383246,NA
"462b6bfd29923d11",1513,0.0500063495849542,NA
"2d51865ae41a3afc",1514,0.0338334616426152,NA
"a145477aefcd9faa",1515,5.00009999963804,NA
"1a60b4c69b7da567",1516,0.314537898408625,NA
"6dcdc86a72a9580d",1517,0.379041850325144,NA
"27b09e268719f27e",1518,0.159823903522189,NA
"9439321336540ac0",1519,0.0313257650654449,NA
"8fe2d2e290c36555",1520,0.423252943346859,NA
"814dc1306fc0ab3e",1521,0.24379880391512,NA
"83b88857a7854fe7",1522,0.195804308480171,NA
"09ed1c535e36c268",1523,0.0685898826800169,NA
"8d9421dca5ffb7fe",1524,0.289874471283213,NA
"ba55dfae463f2b93",1525,0.0179895359383246,NA
"1cce0b4fd72ed291",1526,0.123012942574791,NA
"086b9415cd54bbc8",1527,0.916029931661411,NA
"87b4328aa3785362",1528,0.625009574339701,NA
"d888c2e28be508b0",1529,0.10543320606605,NA
"f216b6a0316f0dcc",1530,5.00009999963804,NA
"5077591a140cbbea",1531,0.137056875421179,NA
"0de2e12d44e9b753",1532,1.07472564312452,NA
"66524dc349dadbcf",1533,0.328809542877094,NA
"daf62bed0b7c0373",1534,0.0378006614030392,NA
"aa2aa194d9172377",1535,1.36138296098933,NA
"a74fac12fa862954",1536,0.376953328182263,NA
"1ec0678af9951498",1537,5.00009999963804,NA
"b7f5d4e7706db78e",1538,5.00009999963804,NA
"dd2b8c4eec7d5d14",1539,0.0392901020910243,NA
"c5cebd29c53e9afa",1540,5.00009999963804,NA
"e2fde0292f954350",1541,0.0338334616426152,NA
"873befcd087373cb",1542,0.494877091999195,NA
"ff91d1986c0bc565",1543,0.383634633956258,NA
"a592deeca120de96",1544,0.321532033669711,NA
"37d3bb8885ef975d",1545,0.0677938262725142,NA
"1cfac42acf0ea548",1546,0.266456632606495,NA
"f181ce3ecb49e9ac",1547,0.388367248354534,NA
"79b2e98d5d571e90",1548,5.00009999963804,NA
"0c1cd475f5329002",1549,0.64729971072597,NA
"34f20bacc1353aed",1550,0.0329617480383356,NA
"3bce9f241d0ed71e",1551,0.0384577285458285,NA
"af37549c39f63a47",1552,0.115449668870851,NA
"9fdf7b77c0102843",1553,0.23156053789484,NA
"d53366ecae7fa5ce",1554,0.373134617986421,NA
"f0e1aa31fef32845",1555,5.00009999963804,NA
"0b4fca266a55a99e",1556,0.0329617480383356,NA
"64db2609dc5f19b0",1557,5.00009999963804,NA
"3ed786e1779fd233",1558,0.0339038631039438,NA
"df3a76c43b15b7ea",1559,1.10177569252306,NA
"a5cd64658beb6b48",1560,0.447687197497566,NA
"d60861338dac417c",1561,0.328809542877094,NA
"40fb79607aa883ce",1562,0.0177703167916001,NA
"0fb31dfd7dd0178c",1563,0.0464067700199429,NA
"a64559dadff66d37",1564,2.39858072708568,NA
"55faaac1d6d2ed58",1565,0.106642229890433,NA
"b72a3f55e0cfa542",1566,0.482271968468621,NA
"99107a48c0ee4c25",1567,5.00009999963804,NA
"293b8f7430315b5f",1568,0.0581054343208653,NA
"25aeb4d033d71551",1569,5.00009999963804,NA
"8f0b83f9b20296d6",1570,1.14664604333828,NA
"a6f41bd1236d6f35",1571,0.185859142639645,NA
"95f477ba3270ddb0",1572,0.0797980507861907,NA
"d3cbb09ba2cd1db0",1573,0.0384577285458285,NA
"8d14c4de7e74a878",1574,5.00009999963804,NA
"967431d3b2585f2d",1575,0.0564067705770978,NA
"5ad3177a2d2c5470",1576,0.169303062464543,NA
"1e88dae8772a0941",1577,0.364489047122448,NA
"071fb0d096f9b6b8",1578,0.549174014722774,NA
"0e4ee40fdebf7c78",1579,5.00009999963804,NA
"01ce21a27d19fd1d",1580,0.206440136349517,NA
"20ee9557859eb6e1",1581,0.0410263337825725,NA
"226f84a7249bf357",1582,0.114273273340921,NA
"c648ddcd8ce6dfd7",1583,0.162902750324588,NA
"b57d2f366ef87e76",1584,0.1599546942311,NA
"528a5f3c5992a569",1585,0.510737444588158,NA
"0021dfb8930e4e39",1586,0.141568435060944,NA
"76ba45787091b3b9",1587,0.211535356413682,NA
"6fa9b624aff13077",1588,0.141014102005061,NA
"d9d4d0a9e2eed013",1589,0.765822413625179,NA
"675958e9b2546a6e",1590,0.687365794873838,NA
"8dafffcfb7faefaa",1591,0.45567139127766,NA
"081d9c0e89d7731b",1592,0.0384577285458285,NA
"2f3fcd84e027cd82",1593,0.0384577285458285,NA
"269035ae2fd342e5",1594,0.26320961190294,NA
"f3af26c061f7568b",1595,0.280539201175183,NA
"1a3a6996da3d7e94",1596,0.38421495503251,NA
"4787d387c3f1d8d2",1597,0.0773200158686577,NA
"5b3bfc2a73063fe3",1598,0.447687197497566,NA
"9cfd73c0cbdcdce1",1599,0.0156335632467025,NA
"3ba1c213c188ae80",1600,0.617393254160511,NA
"cd32dc2e3f0ad264",1601,0.243204701544414,NA
"e572d89211e1e61c",1602,0.316344767127102,NA
"42294a4806c60f6d",1603,2.57761724771762,NA
"f7e3a06a818efe41",1604,2.57761724771762,NA
"aaea522bfd9d8eea",1605,0.161772951267417,NA
"280f3779e756b837",1606,5.00009999963804,NA
"df6e5c57c16bbac3",1607,0.208871942201956,NA
"8f121ec24eb9b8c8",1608,0.234417127573442,NA
"ed500d4d88fdd464",1609,0.0278990414240264,NA
"b9bcaf97123f1f57",1610,0.0338334616426152,NA
"94fa6b6e0f306205",1611,0.38421495503251,NA
"135176d1239f5173",1612,0.139622375371241,NA
"b2fdfcb74d67b3bc",1613,0.423252943346859,NA
"d519d9151b87a611",1614,1.25392339618804,NA
"039f9ef12671a81d",1615,0.0179895359383246,NA
"4a6287935b9eadf5",1616,1.54519938166422,NA
"625cb25701faf2df",1617,0.266456632606495,NA
"34787be46433364c",1618,0.381731823749952,NA
"793564882b5d41f9",1619,0.364489047122448,NA
"d240a5f64625dec3",1620,0.0179895359383246,NA
"5cb04d11da1a2dd2",1621,0.0392901020910243,NA
"d34b1155c7efce3a",1622,0.195397720316187,NA
"347551703e9b2032",1623,5.00009999963804,NA
"16ae5103053dfbe2",1624,5.00009999963804,NA
"7f8d1f1c2324df1b",1625,0.0511992407974332,NA
"c26f7b735f8557ad",1626,0.123012942574791,NA
"5be5a4d1a487a165",1627,0.0214433622502326,NA
"c44758d8941d1bc9",1628,0.793475440341894,NA
"63f7e5a43316846a",1629,0.0384577285458285,NA
"0889c46797478449",1630,0.0768014677539114,NA
"af3fb1a8aa7c3171",1631,0.331898770322134,NA
"824a52b193fe7955",1632,0.0260641025938819,NA
"0e9d4487c5ca9e23",1633,0.0405263899309977,NA
"fc9e1012cfa06570",1634,0.344449857182158,NA
"e276cf61ae85baa8",1635,0.210640355572393,NA
"c15ecac2977e047c",1636,0.10822151571406,NA
"6d3218504495cc26",1637,0.068065799222117,NA
"7f9762408798da37",1638,0.423252943346859,NA
"f06f5d8bd41523d3",1639,5.00009999963804,NA
"b0692ac1e546fe9b",1640,0.0507285786570982,NA
"54878054ac9ca5f3",1641,2.28560440098773,NA
"c9a7391c3d3d7ff6",1642,0.0217078930197472,NA
"a12c944eeda56c07",1643,0.885697352941066,NA
"a6528216dc58d674",1644,0.246883758265214,NA
"b12d73f16265fc91",1645,0.109680631344099,NA
"38dc04e1e7cfa12b",1646,0.0581054343208653,NA
"c164fd7368338163",1647,0.817597376580477,NA
"08768c6d53409aee",1648,0.0384577285458285,NA
"d50c58cdbc80a405",1649,0.0424292943355901,NA
"fa86dfcfdb25d384",1650,0.768447768329484,NA
"157d408b9e2d2eb8",1651,0.139622375371241,NA
"ec8e03966f2a5839",1652,0.159823903522189,NA
"bda577b1fdf7d839",1653,5.00009999963804,NA
"98da1cac2374c068",1654,0.160119485458054,NA
"a107f3e21b29fac6",1655,0.667843582801283,NA
"d47f5b91bd58f1d0",1656,0.0397747947814316,NA
"e1b68a7dcfb5e4c2",1657,0.162094760147173,NA
"c83de584640e2e00",1658,0.282326082074765,NA
"e987ee9c83cba38d",1659,0.0661326291731971,NA
"7e7c427912a4bf65",1660,1.85403576472325,NA
"18d8ad87ea29b409",1661,1.43261056925746,NA
"0afb85d3b9e69dda",1662,0.179454411263992,NA
"aa8532338ff96604",1663,0.179454411263992,NA
"d3b1c45a6937022b",1664,0.0489030145143695,NA
"7c19d521b60a487f",1665,5.00009999963804,NA
"615d586eb1370b6b",1666,0.0752731268577446,NA
"02da868686b25e69",1667,0.10822151571406,NA
"98016f75f46a0802",1668,4.18800815281826,NA
"60696f4afcc24af9",1669,0.161927936013739,NA
"2f5fcd2aec767eda",1670,0.181668206514499,NA
"36022c8b661dd6fa",1671,5.00009999963804,NA
"5605be8a341a2376",1672,0.0214433622502326,NA
"2c21f9f9b95a35a3",1673,0.44283719106853,NA
"f2c576ccbbf305d6",1674,0.720336256041887,NA
"f1887bb40f2257cb",1675,0.09275561683376,NA
"abf896dc1dcf6eba",1676,0.14331485927505,NA
"c538fb0c22db7534",1677,5.00009999963804,NA
"1d92c44a9197d852",1678,0.379053689527649,NA
"da5a62841e10257a",1679,0.0385377522902978,NA
"b05f73fc61e24ca7",1680,5.00009999963804,NA
"72f13399d04eb340",1681,0.168481699478689,NA
"71a8849e00c3f7b2",1682,0.160917629527272,NA
"c0a2239ecbb434d9",1683,0.517951336371196,NA
"ebe1327a7b7b902f",1684,0.905543851914704,NA
"4bc226cb5b2a785c",1685,0.0313257650654449,NA
"2f0b9a1d1eff6807",1686,0.116737201644336,NA
"1bc0bbfb8f769dae",1687,0.160156468852985,NA
"e6bde9974bfa7969",1688,0.216546840062806,NA
"0adaef2051b20c46",1689,0.3782547689213,NA
"0a26dc5a51ad7007",1690,5.00009999963804,NA
"2fd1b65cdc8cad8d",1691,0.10822151571406,NA
"c0a03c8608fe51c1",1692,0.104544045144585,NA
"a479865269819834",1693,0.0679348932578866,NA
"045a5d5ffc131f81",1694,0.0896036922944571,NA
"b4e5a59ad32f296d",1695,0.730700807725977,NA
"36d461c968ff30b3",1696,0.193016618231814,NA
"046afed000d7d3c5",1697,0.334400161116696,NA
"6dbe92880fef5f32",1698,0.0405263899309977,NA
"4daddbf2e2c4a73e",1699,0.342300753491092,NA
"a4034c3b2de53120",1700,0.0405263899309977,NA
"1eaf263b4cb55230",1701,1.71991075829584,NA
"85ea5f3b73c65266",1702,0.163241722192096,NA
"fd7c85bb4f40c79d",1703,0.388367248354534,NA
"c736d3603e9fcd69",1704,5.00009999963804,NA
"5e79e66884d49645",1705,0.0214433622502326,NA
"d81e66a31f51be46",1706,0.14331485927505,NA
"cf492bf2236af5d6",1707,0.499941731155712,NA
"2b42bb40ccbe3c41",1708,0.199090007847346,NA
"55bfecfd90b4b0b0",1709,0.219218216947144,NA
"7ededc25c05eaa58",1710,0.0405263899309977,NA
"645ab7cddcf0e7f4",1711,0.093811006615451,NA
"ba8dc0aa84e57cf7",1712,0.64729971072597,NA
"69be48388f4f3724",1713,0.0286449619626588,NA
"a9a884f737423594",1714,0.401667706004087,NA
"8072675ae2ee8ad1",1715,5.00009999963804,NA
"59bfbb19e7fc9f5b",1716,0.0313257650654449,NA
"294601c6696fc78a",1717,2.89435669721075,NA
"6901957405fa156b",1718,5.00009999963804,NA
"9c62b756b9b5cfeb",1719,0.0158264228583457,NA
"249575ae3506d00a",1720,0.106642229890433,NA
"a15db8c048369385",1721,0.118177301448723,NA
"6ef86a3f45f926da",1722,0.214339545087944,NA
"884dc23da78e22fa",1723,1.64030203895565,NA
"dedc3ac655d265d9",1724,0.0217078930197472,NA
"6a90c067dbfabb4e",1725,0.234417127573442,NA
"a79dbb7937f845a8",1726,1.06693787563519,NA
"370833f331ead858",1727,5.00009999963804,NA
"0b0e46d60313fb79",1728,0.93864622418716,NA
"a30c7550845e5de3",1729,0.0883754229584537,NA
"e0f7e7d6667777be",1730,0.286179740420073,NA
"7d59d3b43757141f",1731,0.0481420478185729,NA
"46f5f80f55c146bd",1732,1.22711421035502,NA
"dc829b15aa16f46a",1733,0.093811006615451,NA
"5b8ba60fbd768abe",1734,0.0384577285458285,NA
"9fdf600ccafe94f5",1735,0.0317122076690673,NA
"20fea5592abfded3",1736,5.00009999963804,NA
"78124fb0944bbff9",1737,0.246806367955396,NA
"20b034f3160f5cb0",1738,0.0752731268577446,NA
"f3a74b039d03b6bd",1739,5.00009999963804,NA
"6b58f64766f9999e",1740,0.341668863380555,NA
"b2a49abcc1eaa5bf",1741,0.457980711173712,NA
"2d7e8a119294e4ee",1742,5.00009999963804,NA
"e1bc91aad4d6d4f3",1743,0.0177703167916001,NA
"74dabf709c5524c7",1744,0.445595732694008,NA
"66e3a745b7ee4833",1745,0.0158264228583457,NA
"ab6ce86139b8e87b",1746,5.00009999963804,NA
"6a684b9d73d5095f",1747,0.0872984866284234,NA
"df67d4cdac3bc5a8",1748,2.89997264652904,NA
"6158143ae75b48f6",1749,0.258481964537784,NA
"8e0bbff50e2b7a60",1750,0.0771594606513832,NA
"115b4d7319c166e8",1751,5.00009999963804,NA
"21fb3f77de8cc7ba",1752,0.462930206823772,NA
"fd56db71d71a9777",1753,5.00009999963804,NA
"4090185334bb7957",1754,3.37187330576327,NA
"7fd96fd42e1e4406",1755,0.179454411263992,NA
"d8b5c8b49154ccbc",1756,1.24225220329472,NA
"298968b7ccd070eb",1757,0.236021318829029,NA
"7b9b65fdc8f0bcf9",1758,1.24225220329472,NA
"cf07ac78a1993bba",1759,1.64508137337217,NA
"40ed5d83e45ebcd8",1760,0.0511992407974332,NA
"64a7f06423cf9bac",1761,1.05867438066754,NA
"23c2bde16a2fb4ef",1762,5.00009999963804,NA
"23cee3d06a8c7417",1763,0.518113896454283,NA
"d8cec3d1961a4e22",1764,0.350101819728992,NA
"a0b176efd164baf4",1765,0.0156335632467025,NA
"36a7988685b00d54",1766,0.730700807725977,NA
"daf1826607f3202b",1767,0.0424292943355901,NA
"dc4c14a8a1af1af1",1768,0.817597376580477,NA
"9224958033507626",1769,0.216533125009895,NA
"a42b3584d082863f",1770,0.826127019976321,NA
"a760175013c86679",1771,0.0589153091219772,NA
"e2b7de8e591a6325",1772,0.0669676957486588,NA
"e29af0f2db828263",1773,0.0669676957486588,NA
"a6d278d001bc9701",1774,0.0489030145143695,NA
"d05e25a5bd8b0e76",1775,0.0788256376753912,NA
"7517e6830a9f4350",1776,0.0214433622502326,NA
"a60cfdf9ce6a3584",1777,0.0158593548506024,NA
"967332701e97a8d3",1778,1.56426135416252,NA
"08ecc47d413583bf",1779,0.100200263635304,NA
"dd85b10d1604e59c",1780,0.0158264228583457,NA
"beb5586582f0b2aa",1781,0.0214433622502326,NA
"1e34cf2257ce2987",1782,0.219218216947144,NA
"2461cfa1d172ef0f",1783,0.193016618231814,NA
"0babe1ce0dc77dd5",1784,0.26320961190294,NA
"cd12d3171c581a71",1785,0.0495062945368822,NA
"186687acf410e85b",1786,0.499941731155712,NA
"891059a92fde5bb7",1787,0.0177703167916001,NA
"7e88f9609bebd313",1788,0.0378006614030392,NA
"17c4446b1de130d6",1789,0.617393254160511,NA
"b3b9c43f39f01a4a",1790,0.261670663781255,NA
"4822ddf2867ed991",1791,0.0419122541110809,NA
"db7cb62dd8628d1c",1792,0.0214433622502326,NA
"b6ef33a51522e228",1793,0.218769143429353,NA
"576e851ea5fa60a1",1794,0.460856100803394,NA
"6cf24b67ab2fd7ad",1795,0.338015853643587,NA
"a11e17d9e8690e1b",1796,0.0378006614030392,NA
"0024f284d6d025f2",1797,0.0685898826800169,NA
"bec89a1b22e1f9bb",1798,5.00009999963804,NA
"2921d097d0e3ec95",1799,0.0214433622502326,NA
"98f674fee11a9222",1800,0.210202960317417,NA
"ea12236e03c1b6c2",1801,5.00009999963804,NA
"a67e44484ab52a6e",1802,2.39946675223187,NA
"2fa56f5f20b0dd3a",1803,0.0314514366965042,NA
"b5f9332c0e8aa29e",1804,2.23210522384043,NA
"6a0b56c8502f2575",1805,0.10822151571406,NA
"aa8152e39555cee9",1806,5.00009999963804,NA
"baa97e82f232b8af",1807,0.281739831219271,NA
"6b79e05433ba9089",1808,0.0679348932578866,NA
"fe0c682d3d5b234d",1809,1.2067297400883,NA
"f8663c13966d9c4b",1810,0.194178587971662,NA
"339235e60b805a88",1811,0.105342695609976,NA
"d7cde13721a10a4d",1812,5.00009999963804,NA
"a7753346b88126ab",1813,0.0762017152917359,NA
"c13865b081b1e6eb",1814,0.179454411263992,NA
"20a162bfdeedf291",1815,0.238932937835559,NA
"9a8e2a5fbb857258",1816,0.219218216947144,NA
"3ae62ad2533d9575",1817,0.199090007847346,NA
"fbe9390b3e6df397",1818,0.292841085865845,NA
"79a92af51eb7c15e",1819,0.761731081303823,NA
"ee8e71c9b42a9838",1820,0.768447768329484,NA
"a62d01d3595faea2",1821,0.0263856359912758,NA
"5e73105065d92d2b",1822,0.154508378105692,NA
"29550f7728995cc5",1823,0.286179740420073,NA
"f858fd0b1e510595",1824,0.330021207124162,NA
"ead1cea817ac82f8",1825,1.05231092314572,NA
"f2a6a53aba92bae7",1826,0.0397747947814316,NA
"b54fb7cbdf694d86",1827,0.100200263635304,NA
"0c1654352d59c2e8",1828,0.549065174630908,NA
"eed64bada958e8e4",1829,0.238932937835559,NA
"fbe6beb0b082d76f",1830,0.0360932104639436,NA
"9c26c1133c3cbebe",1831,2.79851561240726,NA
"7c42c78aba261274",1832,1.72339740994711,NA
"876e2b45a052b4bd",1833,0.216546840062806,NA
"9b84170f02e7931a",1834,0.355516102868691,NA
"302568057ea7df11",1835,0.23156053789484,NA
"cc7e3e570360f059",1836,0.493849478409913,NA
"40ffb4d40e7730fb",1837,0.0214433622502326,NA
"b6ab3049d7474ada",1838,0.0313257650654449,NA
"0e9b409436ad6749",1839,0.3967730132183,NA
"8a04ed7b38dffb1d",1840,5.00009999963804,NA
"196fc0c9f0db2d89",1841,0.0329617480383356,NA
"a28a5a9e5fadedcf",1842,0.15873080494378,NA
"c30a4770252efacb",1843,0.0872984866284234,NA
"90044932fd6800fc",1844,0.364489047122448,NA
"546d6484826fe238",1845,0.0384577285458285,NA
"591b32082ac835a6",1846,0.586780563879333,NA
"1bb4d9ab1903e740",1847,0.451055230979469,NA
"b937c511537019ad",1848,0.0685898826800169,NA
"713338b0ea6c3724",1849,0.0734979981192081,NA
"c93ed2d505f9649e",1850,0.760016368663945,NA
"1b15e2fe724334e7",1851,0.0232612539633661,NA
"47e9ee4cef4b92db",1852,0.0217078930197472,NA
"b5ba55036adc8e97",1853,0.152886909210304,NA
"86ba8edae85ae129",1854,0.279818641597859,NA
"be1bb059b022b808",1855,0.0488373512513506,NA
"7e2e195a82676039",1856,0.239420258397621,NA
"cabf56088efc676e",1857,0.105342695609976,NA
"cdf175fd0e2104f1",1858,0.160917629527272,NA
"9cd9574781621452",1859,5.00009999963804,NA
"ca48851361718f6c",1860,0.216546840062806,NA
"38762719f90628ea",1861,3.75171754039949,NA
"668cf651b473849a",1862,0.758064281144378,NA
"42e734764ffa8498",1863,0.364489047122448,NA
"08473836a3ff3a23",1864,0.114035984586854,NA
"c9d4355898ddbe1d",1865,0.423252943346859,NA
"2e299d4fa2a7eff6",1866,0.105833727069813,NA
"d1d0f50884f69d5e",1867,0.0907090662277706,NA
"5269066bdedd3136",1868,0.371510562130601,NA
"43e8b36b14872b17",1869,0.0714820430334647,NA
"17dbe41bd3c47d94",1870,0.322856236525446,NA
"66ccf2616f25f57c",1871,0.0177703167916001,NA
"c3ea06a3a91ae561",1872,0.0670390038338362,NA
"835dedafda21afe9",1873,0.668342946872606,NA
"1b31e6d56df8bde1",1874,0.14331485927505,NA
"f0596720c87ee05c",1875,0.109966611352529,NA
"f5af63787ff37345",1876,0.0670390038338362,NA
"d38087c8e3d2388c",1877,0.885697352941066,NA
"8ca80a45e1966cbf",1878,0.885697352941066,NA
"49164ea48cfaeb3b",1879,0.155789442001646,NA
"bf5314fb6f7efcf1",1880,0.320247276617149,NA
"cfafecdd3e5aee71",1881,0.0908317474498436,NA
"b652d272fe087a2a",1882,0.293382672782156,NA
"aa26af3b98421246",1883,0.586780563879333,NA
"08c57b456b96b7b3",1884,0.0392901020910243,NA
"35b784435842fd3a",1885,0.0214433622502326,NA
"ab0014517869e245",1886,0.160156468852985,NA
"9688618e5559e5f8",1887,0.0217078930197472,NA
"b429f65a27fe6f64",1888,0.768887687956762,NA
"0a828539d35418f1",1889,0.179454411263992,NA
"cd0f74d959a54157",1890,0.134062772376235,NA
"e950f2cc43047519",1891,0.0907090662277706,NA
"9280ae285fb09ded",1892,0.219218216947144,NA
"cb6cc70e5abd2a70",1893,0.0907090662277706,NA
"c3cf42ca8c18ea4b",1894,0.0877054090361196,NA
"8a674b96b8244dac",1895,0.0289983334975083,NA
"d392ce74589b3d90",1896,0.803263955145456,NA
"477f1222b5a947a2",1897,5.00009999963804,NA
"38ea1f9c50b4e355",1898,0.077748910189837,NA
"f888396e8f6df57a",1899,1.22161626501926,NA
"776306d732f27061",1900,0.14331485927505,NA
"41e45f4f71e53f00",1901,0.4242822122749,NA
"9fa78a88097e67ad",1902,0.0177703167916001,NA
"d988d2c20eb896a8",1903,0.0505753306577257,NA
"4133fcebde081c3b",1904,0.0289983334975083,NA
"98c90cf64879f961",1905,0.0424292943355901,NA
"668dca925f5bb315",1906,1.2880896893619,NA
"679b85e8d9f4636c",1907,0.0425175822073994,NA
"3f7d64d37f883067",1908,0.183594276953277,NA
"b878775f8c64ec40",1909,0.0926678326673232,NA
"7800d01794a3315c",1910,0.768492321801024,NA
"eff70293f17b0abe",1911,0.157876301322975,NA
"bb92c18ad7393e31",1912,1.6605372220178,NA
"54fc18819b29e234",1913,3.45674086249273,NA
"4f2ff04b8c7584c2",1914,0.093811006615451,NA
"79becf9fe0a4e449",1915,0.510737444588158,NA
"dec4020d7552299f",1916,2.92565184923854,NA
"dc256d1f0dd7afd4",1917,1.81497047371446,NA
"3b22ef463bb86447",1918,0.116737201644336,NA
"ff2159d7edb9bb16",1919,0.0214433622502326,NA
"7c8dc6ffecdb04ee",1920,0.0177703167916001,NA
"a690656c17bf1c08",1921,0.216848950094603,NA
"74592b26418fe2f9",1922,0.216546840062806,NA
"d74d744af6aeedd6",1923,0.0733453793318903,NA
"a74f241a459c476f",1924,1.04147763649594,NA
"5637dfabd24a2b8d",1925,0.462930206823772,NA
"71f556251581499e",1926,0.0405263899309977,NA
"2d04bb867ead459f",1927,0.401667706004087,NA
"22c874b94034b2ed",1928,0.0777420670621453,NA
"084691ccd112b188",1929,5.00009999963804,NA
"72084250a366f141",1930,0.185859142639645,NA
"1517ab477b70071b",1931,0.0818065086930824,NA
"554ff7a4e20ef014",1932,0.492162271933691,NA
"fe83a332bf921ba8",1933,3.67535510215835,NA
"fcf75e2266538013",1934,0.487176442269037,NA
"eb248e281ebb3802",1935,1.09288025735948,NA
"21bf457e3a5c785c",1936,0.159823903522189,NA
"be6a30d1fa337e7a",1937,0.0483456987638487,NA
"a4bdba6841104569",1938,0.15095094480057,NA
"e391fa6c80f61707",1939,0.36391558390339,NA
"caaecc9a3bb35008",1940,0.209703272745993,NA
"c1c2d4edad7f9d66",1941,5.00009999963804,NA
"e06a9c01c4fc1324",1942,0.428474299284249,NA
"592ec19e8c581268",1943,0.0177703167916001,NA
"ec0abf0a7810dec2",1944,0.720336256041887,NA
"abcd09cb238ffce8",1945,0.0505753306577257,NA
"432c9cc499d919d9",1946,0.329881649994982,NA
"4eac7e312da7ec37",1947,5.00009999963804,NA
"4dc9eff5b8631fa4",1948,0.720336256041887,NA
"9c94522ef56f55a8",1949,0.364787324037311,NA
"ae33bd797381a8ad",1950,5.00009999963804,NA
"ffc38846277db488",1951,0.708065497099519,NA
"208c815f02af188e",1952,0.0260641025938819,NA
"7fd273479488080f",1953,0.156188340470285,NA
"8c26697c3ebf9c65",1954,5.00009999963804,NA
"dbecab6f55ed2673",1955,5.00009999963804,NA
"cbda2bf3a0540f05",1956,1.59914029743367,NA
"a916eabe107978fc",1957,5.00009999963804,NA
"89a60001d48a0534",1958,0.219218216947144,NA
"6f2a2115162c9677",1959,5.00009999963804,NA
"7f56f400b4ff5028",1960,0.0156335632467025,NA
"9a05a20e1aa38b3e",1961,0.0505753306577257,NA
"54dccf1ca6bb3d9c",1962,5.00009999963804,NA
"4d92eb27d1bc5876",1963,0.777972638501349,NA
"38ac333b2af6749c",1964,5.00009999963804,NA
"4b6b72189d1412c7",1965,1.09697068154623,NA
"3846e92ba30b49af",1966,5.00009999963804,NA
"ff1d73b976eda1ef",1967,0.383634633956258,NA
"ce597fddd56ca5a5",1968,0.0158264228583457,NA
"a8628b1d350405e8",1969,0.3782547689213,NA
"2e4a3735982b2ae3",1970,0.180162928932174,NA
"e6bbdd40094699a6",1971,0.205898206429995,NA
"486e1abc3cd1669e",1972,0.487913390219712,NA
"0fb9dfe45849af7c",1973,0.177535744443718,NA
"e93ec9bac9d2ea3d",1974,0.751072474164651,NA
"62a181401adee33f",1975,0.118177301448723,NA
"4456944e8541fe5b",1976,1.47411891463671,NA
"88eea79862e826a3",1977,5.00009999963804,NA
"61e04c8b9ddaf81b",1978,1.4641423375303,NA
"f2c3dccf7431ae65",1979,0.0275590657806095,NA
"11dcbddb6a5cf209",1980,0.666721609450039,NA
"85dcff6823557b2a",1981,0.779591462232798,NA
"026ecf482b5c1f85",1982,5.00009999963804,NA
"584612ece37907d5",1983,0.42293162682855,NA
"474b3f35d61054da",1984,0.0158264228583457,NA
"273391deec573ace",1985,0.077748910189837,NA
"9fb0f98cc3125cda",1986,0.0575422895476312,NA
"1a32647bf3331235",1987,0.376953328182263,NA
"3e225fca3c5a8c8b",1988,1.44727209977162,NA
"5217519d08870871",1989,5.00009999963804,NA
"4852ed13d02b20f6",1990,5.00009999963804,NA
"fe919072d534057e",1991,0.286775229942873,NA
"5f78dcbca43caef9",1992,5.00009999963804,NA
"e278ac5b8ba789da",1993,0.23156053789484,NA
"7bcfdf4dc59b2167",1994,0.050623240629463,NA
"a2f47ffe8917eeb5",1995,0.158115119555191,NA
"fcbd2a2502cb95c8",1996,5.00009999963804,NA
"fa52357b9e38a1dd",1997,0.0392901020910243,NA
"8883d49e6d1d0b7d",1998,0.280539201175183,NA
"3031853ef9fd25dd",1999,0.820449759834482,NA
"44fbb16eb9dfc739",2000,5.00009999963804,NA
"da7fd53231e85ede",2001,1.3538394487468,NA
"6cd7857a4742a968",2002,4.41158585808216,NA
"15c2cec36de7aa34",2003,0.0156335632467025,NA
"83b3aaacbb348d33",2004,0.0338334616426152,NA
"73fc001e26cd99a8",2005,0.0489030145143695,NA
"f4069877670f6f87",2006,0.211535356413682,NA
"843f0b927860a947",2007,0.0177703167916001,NA
"0a28e80ed146d2b8",2008,0.0419122541110809,NA
"c7f31fdb43bde450",2009,5.00009999963804,NA
"9d9080aff5f1f21c",2010,0.0217078930197472,NA
"3ad9fe54fde58295",2011,0.114035984586854,NA
"bbcff31afd757022",2012,0.0158264228583457,NA
"c166127cfa91cc3b",2013,1.20574302920163,NA
"c786c8e0ae810074",2014,0.173783082403096,NA
"b7f18d5911e616c5",2015,0.154310148372563,NA
"caa6f233254247f9",2016,5.00009999963804,NA
"2cc2c851ef67758f",2017,0.815167386807115,NA
"71d2a8a86a08ff98",2018,0.201546032810406,NA
"9d04b4851f05b9e7",2019,5.00009999963804,NA
"71e7a4b850eb3cd7",2020,0.0568410834877054,NA
"f217a126c00401f6",2021,0.0378006614030392,NA
"7c460b493960b21a",2022,0.219218216947144,NA
"63d7e44515ac20c1",2023,0.283101590079484,NA
"dedb93b12eaecdea",2024,0.0356533812861607,NA
"70013e218a700a99",2025,0.209703272745993,NA
"4c94d77c610f57c8",2026,0.341668863380555,NA
"dd296fadd2338317",2027,1.44127218649195,NA
"332151cb1abb428a",2028,5.00009999963804,NA
"966d909ba4265156",2029,0.3967730132183,NA
"1fafc7840e55f3f1",2030,0.0405263899309977,NA
"e7238f773ff3e5e3",2031,0.937198691698766,NA
"d96e46eb6979be23",2032,0.425165068663506,NA
"391b1748742bdc12",2033,0.684619262770717,NA
"398b817d6ebec689",2034,0.342379815973184,NA
"86781820963c9843",2035,5.00009999963804,NA
"5b77b6f6460c51a0",2036,5.00009999963804,NA
"5eea8d2efd2cac13",2037,0.10822151571406,NA
"4a652a5af566b98c",2038,5.00009999963804,NA
"674d056d9c3a5ae7",2039,0.830571036702559,NA
"e4ffb517ab43735d",2040,0.0177703167916001,NA
"dd34debc0b2eab5d",2041,0.12151391600736,NA
"c4f5a18abbe6d826",2042,0.24387525115238,NA
"3d8fcfaa7fdd5fe5",2043,0.450118613600397,NA
"5b327c62a4601f95",2044,0.0338334616426152,NA
"b17a1add10047088",2045,5.00009999963804,NA
"a5d1bff4b0d79841",2046,0.033421169595869,NA
"8155a3de9b148471",2047,1.42963574962463,NA
"2af58067fd324704",2048,5.00009999963804,NA
"11381bd08a43aedd",2049,5.00009999963804,NA
"9fd6564d817ee4c6",2050,5.00009999963804,NA
"a7ab4ebfa97e7728",2051,5.00009999963804,NA
"3b1b31ca0101030e",2052,5.00009999963804,NA
"dd5d8d05c9a21f61",2053,5.00009999963804,NA
"93c8c6b0fe478fda",2054,5.00009999963804,NA
"c64abcacb08d6f8d",2055,0.156188340470285,NA
"70ef2c3a1c00cacb",2056,0.0866366374459053,NA
"560f4557db9292e3",2057,0.364489047122448,NA
"d82b65a531ce6a72",2058,1.22161626501926,NA
"39d29b0c8a383035",2059,0.141568435060944,NA
"3553690f9cd5a2fa",2060,0.0714820430334647,NA
"387262ec58846e95",2061,0.0511992407974332,NA
"6c8c72bbdd9279d1",2062,0.0419122541110809,NA
"a8093749e8404a82",2063,0.786006333805216,NA
"814f6f777e72df44",2064,1.06374097546884,NA
"9ec5838cdd771300",2065,0.110404700377088,NA
"ddcff1ccfcf3076e",2066,0.153891003450403,NA
"11f59eb65cbcbaa3",2067,0.499941731155712,NA
"0218acec330eef46",2068,0.0505753306577257,NA
"e0e152acd28a422a",2069,0.0483456987638487,NA
"917d48f9b38e88c8",2070,0.0177703167916001,NA
"dcb4bfc59817e481",2071,0.376953328182263,NA
"8b2977bfe09cabb9",2072,5.00009999963804,NA
"a34b3a7c29d85881",2073,5.00009999963804,NA
"9de2d6fa72a03576",2074,0.0464067700199429,NA
"f18f3d740afbdbb1",2075,0.0410263337825725,NA
"780617b37d0eaf7e",2076,0.106902736374037,NA
"a24b679e612b519a",2077,0.162902750324588,NA
"40365a1d72cf8e37",2078,0.302790150361987,NA
"2c491797d1642685",2079,0.101647430725774,NA
"2da0e9d2197c5352",2080,5.00009999963804,NA
"123edf061bf3027f",2081,0.152886909210304,NA
"49c737267ab2b8a5",2082,1.03302900745893,NA
"c473dcd29bd9da86",2083,0.0672363544561294,NA
"1e311db650ffa3c8",2084,1.11492725421266,NA
"5b08982f8e0e7a84",2085,1.10177569252306,NA
"9589b4e1f0cf1aab",2086,1.66304045238138,NA
"a85d135a7efe0ac4",2087,0.050623240629463,NA
"4154e35eba34beb4",2088,0.0177703167916001,NA
"509d9deed443a9e5",2089,3.20674072847353,NA
"d14960120cf2f0e6",2090,0.468641031572878,NA
"bb255d165c065f73",2091,0.221542397580644,NA
"59814ea068afa18c",2092,0.33286582101044,NA
"f2269b4ef630fec1",2093,5.00009999963804,NA
"0bbfa940c4904e5c",2094,0.751954719334068,NA
"4d403445e59a77e4",2095,0.0275590657806095,NA
"5b82fb37a9d3d218",2096,0.920284480981997,NA
"ab25f524df84bb8a",2097,0.317613868225793,NA
"600f7d3baac21eab",2098,5.00009999963804,NA
"9314ab256418879f",2099,5.00009999963804,NA
"36cf758ab8089f64",2100,0.333044059132264,NA
"fd2acba2b5ef110c",2101,1.10177569252306,NA
"5d7fde2f5120d909",2102,5.00009999963804,NA
"fda8bf03959e3be4",2103,0.0360932104639436,NA
"1dfc73571b080167",2104,0.0677938262725142,NA
"8ea08bb812d5f5bb",2105,0.206326644252015,NA
"34160dc7866e36d0",2106,0.0425175822073994,NA
"b0e6fc070f23838f",2107,0.211535356413682,NA
"621fb75837422cb2",2108,3.05745155314644,NA
"7df1413f1fa65f48",2109,0.027616411331718,NA
"34854fc2ce838cd1",2110,0.465806591043325,NA
"8c3f0a4ffd99da39",2111,3.49243672306591,NA
"0c72f5f181609231",2112,0.0489030145143695,NA
"5a4eed0b71dae4b7",2113,5.00009999963804,NA
"ab16d44254e30590",2114,0.6762765433626,NA
"d571e00087abfc17",2115,0.0564067705770978,NA
"0b02c037064f5e86",2116,2.47357375470401,NA
"2fae710975569af8",2117,5.00009999963804,NA
"9fefd95d9324e92d",2118,0.499941731155712,NA
"826e9f2d39392499",2119,2.86463379558392,NA
"91fa6fea5143221b",2120,0.185699589531158,NA
"145227dc65ce3bd2",2121,5.00009999963804,NA
"a235ee5464a3deb0",2122,0.481967713941784,NA
"046755c73c2c6bc7",2123,5.00009999963804,NA
"8bdaf464831eab40",2124,0.341668863380555,NA
"eabe96fc7051a417",2125,0.416910296751684,NA
"318c17cf0e8078e3",2126,2.27763182454474,NA
"2c4456d470fe22fd",2127,0.280539201175183,NA
"7ed60514b6c14ae0",2128,0.326839073157781,NA
"7695773fad6d2d88",2129,0.0368726052068568,NA
"2b67a7ce7befe919",2130,0.0662220715200679,NA
"4602a376eaf34189",2131,5.00009999963804,NA
"15932bfb2317a8c8",2132,0.639411764602905,NA
"0172037ae722453f",2133,0.0379890855265933,NA
"8e018de72812ee6c",2134,5.00009999963804,NA
"c92e7feca1146287",2135,5.00009999963804,NA
"57103c4752487427",2136,2.27763182454474,NA
"6ac25ee47bf15db2",2137,1.16079136050756,NA
"8d9b511eeb7820a0",2138,0.151023840707741,NA
"afb9b172d3857556",2139,0.0568410834877054,NA
"934226f3f29a26d8",2140,0.0752731268577446,NA
"4c4a9104a3cc43a3",2141,5.00009999963804,NA
"7d143a34a6c33625",2142,0.0378006614030392,NA
"75c04f2859341b56",2143,5.00009999963804,NA
"1225321c1b45f0b5",2144,5.00009999963804,NA
"43c121df43d150fb",2145,0.251521472045613,NA
"07002c4e06b39581",2146,0.188927498625377,NA
"e0e621df5df8a36e",2147,1.7659866182309,NA
"f02c1c9aec685f8d",2148,0.0289983334975083,NA
"65b0083fcef9faf1",2149,0.730700807725977,NA
"be5ed92b15922346",2150,0.569626525172638,NA
"981c262ca823e74e",2151,0.333257703460767,NA
"a930a5dca4bbf3be",2152,1.92012867407865,NA
"3b8425b6494e9c1a",2153,5.00009999963804,NA
"f533a887a2b13668",2154,2.5918349231163,NA
"536244c3144e83f0",2155,1.54393591313327,NA
"7ed6f6e227afd291",2156,0.284805875876161,NA
"6515a272dd9ab4cc",2157,5.00009999963804,NA
"2cfd5044a06e81b9",2158,5.00009999963804,NA
"d5fea02a5e651bfa",2159,0.050623240629463,NA
"6fe41a9054358ef0",2160,0.0583385397115639,NA
"6a9ffb65748edd1a",2161,0.210202960317417,NA
"e60cbc6ead495963",2162,0.0489030145143695,NA
"b421d76caddaa769",2163,5.00009999963804,NA
"b5d7f88c0acc5931",2164,0.721864899706307,NA
"4681c5e0da69487e",2165,0.0260641025938819,NA
"565cfb64751c5f35",2166,0.916714871141113,NA
"cf3a593592d97f0d",2167,0.0275590657806095,NA
"9c8bbfc01f3b1873",2168,0.182046225983823,NA
"ccc89dc3292afb08",2169,1.44727209977162,NA
"829b41dffbab268b",2170,0.55896511527141,NA
"7bd03b18a3d7a973",2171,5.00009999963804,NA
"123a38e741f20c76",2172,0.499941731155712,NA
"b8554920450484f5",2173,0.37442287453355,NA
"96a366925fca731e",2174,0.328809542877094,NA
"bd74d8648974512e",2175,0.0848654808701494,NA
"61b8351698b90f4b",2176,2.86463379558392,NA
"718da8911a74a671",2177,0.580836207497564,NA
"7d7f5c95c6f33aef",2178,4.41158585808216,NA
"028317750b36abab",2179,0.0489030145143695,NA
"f45b3a065918ac5c",2180,0.109791143559943,NA
"b2a5cb7246d55210",2181,0.0801725939031161,NA
"8cf7303722a6e028",2182,0.104544045144585,NA
"269f00b0259368fa",2183,5.00009999963804,NA
"568e46678fb7bb2f",2184,5.00009999963804,NA
"6951264930272f78",2185,0.0489030145143695,NA
"569f96a395dbd465",2186,0.0489030145143695,NA
"aec7cff1e2c57784",2187,5.00009999963804,NA
"dbfebac7988226aa",2188,0.0325600786287252,NA
"0e393804446b808a",2189,5.00009999963804,NA
"14f32cbdc62213c1",2190,0.749872042459539,NA
"766e3fc784a7ae77",2191,0.0229300806028738,NA
"c5b33edc90f84671",2192,5.00009999963804,NA
"2140ff0afc4254c4",2193,0.45567139127766,NA
"93c8537a9ae657ba",2194,0.0156335632467025,NA
"bb91d4e1361b737d",2195,0.0908317474498436,NA
"7f0abc028e01cb71",2196,0.0158264228583457,NA
"2bd8b599634d0fdf",2197,0.3782547689213,NA
"a12e8fb9678e7c25",2198,5.00009999963804,NA
"5c98c96179db9f09",2199,0.0384577285458285,NA
"89bc828d9cc782cd",2200,0.0500063495849542,NA
"fa66db7efd42efd4",2201,5.00009999963804,NA
"b64244847a53c71e",2202,0.401667706004087,NA
"7249a53e50374c08",2203,0.0177703167916001,NA
"e29f807ff805f56d",2204,0.751994259417199,NA
"3b7e843889564e98",2205,0.219218216947144,NA
"db14d4009b40a405",2206,5.00009999963804,NA
"e95c7311635156a1",2207,0.179454411263992,NA
"2a3f176d7aaf1499",2208,0.503516050805929,NA
"9d15496d124afce8",2209,0.428474299284249,NA
"f249a0336e336be8",2210,5.00009999963804,NA
"4b3ddcb2d89d3e7d",2211,0.109452879223274,NA
"1ade6a282145a0c4",2212,0.159823903522189,NA
"4e74f0469e832fd2",2213,5.00009999963804,NA
"16e91ab5b9a18db6",2214,0.0405263899309977,NA
"5c3384278534a162",2215,1.52438548207167,NA
"91cce324f44b038e",2216,3.37242202372891,NA
"b2040cd4ea267edc",2217,0.0378006614030392,NA
"c69dbfedf211c0a5",2218,0.314537898408625,NA
"6f6e2e9bee63cde0",2219,1.78793564326751,NA
"4f6e53be11c68696",2220,0.216103238921496,NA
"ecf90842b48545ff",2221,0.14331485927505,NA
"4fd6f822099dde07",2222,0.0777420670621453,NA
"30697eaa490e23cd",2223,5.00009999963804,NA
"1202ee1b2aada13c",2224,0.68226495931041,NA
"aa83e01c442ae1d1",2225,1.02846951937463,NA
"9b0ed3ce10e3a1b0",2226,5.00009999963804,NA
"b65476d7ccb74809",2227,3.30060032915808,NA
"9fa73417b8ecb529",2228,5.00009999963804,NA
"a5957cec80c9e3b8",2229,0.0670390038338362,NA
"448c9b020cc1814f",2230,5.00009999963804,NA
"3e725e21fe8970a9",2231,0.0405263899309977,NA
"e5a170f601a9ac35",2232,0.12151391600736,NA
"0c7bc8287ae6b4b9",2233,1.03918892948761,NA
"d7d49e0e0789cef8",2234,5.00009999963804,NA
"744c8cbd862a8b93",2235,0.275375815075418,NA
"19a435c22acdef74",2236,0.462930206823772,NA
"2c0eb7708e3671a1",2237,0.468641031572878,NA
"f5eea672d8ab49bf",2238,5.00009999963804,NA
"c7a3f93bf773588b",2239,5.00009999963804,NA
"0686b773a5df28d3",2240,1.2880896893619,NA
"5cf132f0401a61ae",2241,5.00009999963804,NA
"2d413af0ef790e85",2242,0.0263856359912758,NA
"4273fcfd7dfbabe5",2243,0.0156660939321513,NA
"0f2c35b393b145fb",2244,3.96654776913711,NA
"c2007c6300a1b331",2245,5.00009999963804,NA
"a9d261e7c560f955",2246,2.79851561240726,NA
"d0db8d6c45e5c63d",2247,0.300068891378183,NA
"eeee877da2c9f0f7",2248,5.00009999963804,NA
"98ae9f123fd5d5db",2249,5.00009999963804,NA
"c0c1ecd4d4fb30b5",2250,5.00009999963804,NA
"dc27a5f491516430",2251,0.201167391047253,NA
"27e1c06de39aa059",2252,5.00009999963804,NA
"5cb59d0c84ed2e3e",2253,0.379532940171773,NA
"d1834321261fe39f",2254,0.565860651071677,NA
"af28da7fbabbbf8a",2255,0.38421495503251,NA
"ae79cab2ad9954a7",2256,0.0481420478185729,NA
"34cf255fd52b4d72",2257,1.9851123777942,NA
"a2737f8aa18b18ff",2258,1.15166685949381,NA
"648654cda712a5c2",2259,0.0158264228583457,NA
"778ab09f7e0ebaa1",2260,0.109452879223274,NA
"8b5ab78708dacbe0",2261,0.105833727069813,NA
"515550002a79b21c",2262,0.0489030145143695,NA
"b468a1a6923f6a4e",2263,0.916029931661411,NA
"1f3878a852efe49e",2264,0.920284480981997,NA
"8b7541d932127e71",2265,0.0464067700199429,NA
"13e4a37cde88c7e4",2266,0.0278990414240264,NA
"b254fa84c9347782",2267,0.0506805689931666,NA
"bb15d49e868f0f0c",2268,2.54620659568277,NA
"123420fa8c0a2499",2269,0.070610968174522,NA
"9c1c6ddc8b664f14",2270,2.17548269152627,NA
"733654f809f27fc2",2271,0.0589153091219772,NA
"6fae71938461bae4",2272,0.344449857182158,NA
"6f5bb9b642a12d4c",2273,2.91160665743844,NA
"40c8cbe9712c60ad",2274,0.19657402441022,NA
"12d3aef564255052",2275,0.175150857802333,NA
"fb5ba87aa9ae69a5",2276,2.87612603530181,NA
"6390aae452cbc70f",2277,0.173783082403096,NA
"889db324bf70be78",2278,0.699437063624007,NA
"cf1d1ffc73b17327",2279,1.19439587122613,NA
"4621f4fc7183f9dd",2280,5.00009999963804,NA
"305f8a60b153c3fa",2281,0.068065799222117,NA
"d8bb00f01c9c0a4a",2282,0.195397720316187,NA
"cc55ce1c8095076f",2283,0.440187241756015,NA
"7cc650072e36b4e6",2284,0.0179895359383246,NA
"b94a0f654ae0fe55",2285,0.0214433622502326,NA
"bef33b50e28dd8c4",2286,1.01187725182648,NA
"49942394853ee38d",2287,1.42963574962463,NA
"51b1f849bdeb9ecf",2288,0.0156660939321513,NA
"79f172cb352a19a3",2289,0.493849478409913,NA
"e78dbeada8bf2085",2290,0.35118381008555,NA
"accf44fc53eaef08",2291,0.867590594218226,NA
"83b93bfb58ba02b5",2292,0.0797980507861907,NA
"49d62c772a327825",2293,0.0500063495849542,NA
"c0ab86c0b8b96a91",2294,0.0877054090361196,NA
"b1dece89e46cf7f1",2295,0.0419994661134518,NA
"ffabcbdbbcf30daf",2296,0.450118613600397,NA
"4d7b5264ed620eba",2297,0.0263856359912758,NA
"27578ff90f476426",2298,1.58966316113402,NA
"cf1e929805ecf359",2299,0.0495062945368822,NA
"c2633e85ae881576",2300,0.206440136349517,NA
"dbf49fd058507483",2301,0.498316421883058,NA
"21386622479b3ccd",2302,4.23031054361068,NA
"46f79ea7505f3352",2303,0.181140419180793,NA
"7b8c99a5101e1d28",2304,0.050623240629463,NA
"429f30dcea7c0e31",2305,0.266456632606495,NA
"d0c5df262311a1b3",2306,0.493186374744127,NA
"7a3eb998af9dff67",2307,0.0384577285458285,NA
"a3350512d34002f7",2308,0.0158264228583457,NA
"7e1798ca48faa21a",2309,0.448300143265859,NA
"37051540bc4fb18d",2310,0.0158264228583457,NA
"39d34e6152426b69",2311,0.0177703167916001,NA
"112649d11df49dec",2312,0.108119094579127,NA
"b76346a3b310970a",2313,0.371510562130601,NA
"ef39e5df9c32f304",2314,0.409257726297817,NA
"d61982c9c4885a37",2315,0.0229777940529452,NA
"00794f8b955774d8",2316,0.216546840062806,NA
"0fa5f84e2dd05b6b",2317,0.409257726297817,NA
"09d46da5ad3e3b8c",2318,1.48075326082476,NA
"37030a0f27b119ed",2319,0.0263856359912758,NA
"49f2467b62f054f9",2320,0.0313257650654449,NA
"8147086b2b0790b1",2321,5.00009999963804,NA
"0028d9900928c300",2322,0.0505753306577257,NA
"1da849a83e8537cb",2323,0.0392901020910243,NA
"72dce3445e99751a",2324,0.278306570594322,NA
"910727e685a2be4b",2325,0.977772620418254,NA
"dfbdf4643860c53e",2326,5.00009999963804,NA
"4fe35fb57c138772",2327,0.594959124078087,NA
"800f24f42b1fdc00",2328,0.127225780912718,NA
"fa1e0b5ff5dc5f1d",2329,0.617393254160511,NA
"01edeff3bdbf2a08",2330,0.0859124030224604,NA
"1c2f7b72cf518fd1",2331,0.33286582101044,NA
"804ad573aee7cbda",2332,0.0410263337825725,NA
"a3aad1651a75cf75",2333,1.01187725182648,NA
"7e788d7d191d88f1",2334,0.289272546177581,NA
"5c68e468c8c8623f",2335,0.14331485927505,NA
"3067bc05f480f2f0",2336,0.031839429617324,NA
"e721b3037c6f7d11",2337,0.0378006614030392,NA
"eb377367d60b2cba",2338,0.0289983334975083,NA
"7664cfbaa54cbc90",2339,0.0214433622502326,NA
"9c8a7eac18b8af01",2340,1.36138296098933,NA
"0dd9fcc4e1ba3785",2341,2.45524998387822,NA
"0c62ec21d981a05b",2342,0.179454411263992,NA
"ac818fa9cb850207",2343,0.0768014677539114,NA
"9b34e03dfa8b9ba7",2344,0.564685639934402,NA
"1f26f57a0e40d6ea",2345,0.0926678326673232,NA
"59de532a2af1d68d",2346,0.0500063495849542,NA
"e3dc1a18dbdb5a38",2347,0.208438219062016,NA
"ba89564d426cdaa6",2348,0.0883754229584537,NA
"ebdb142197bb3b0e",2349,0.0464067700199429,NA
"b33fbe214d207c32",2350,0.14331485927505,NA
"141545dfa258727b",2351,0.0872984866284234,NA
"36ed1c83eac98c01",2352,0.425611283372169,NA
"b2eb119bc6a09d72",2353,0.759122654658994,NA
"ba55dfae463f2b93",2354,0.0179895359383246,NA
"fcf982e5ee02af96",2355,0.123012942574791,NA
"fcbb6de26224858e",2356,0.602298691123848,NA
"45cef5e04274e5de",2357,5.00009999963804,NA
"d90ea202ff185e38",2358,0.0289983334975083,NA
"527ef82a91998ea9",2359,0.366983362056702,NA
"8a6037f515d8b574",2360,0.388367248354534,NA
"24a0e66c1107419f",2361,0.0156335632467025,NA
"f9d0baf0e339cacc",2362,0.793475440341894,NA
"c26c401be01277c9",2363,0.164184891090426,NA
"480ad53e99b61405",2364,5.00009999963804,NA
"b3c2fd9d28164efa",2365,0.660198569439247,NA
"c2c51bed3256a696",2366,5.00009999963804,NA
"6c0a8f3a2eb97c72",2367,5.00009999963804,NA
"26b6a7baa2a7675b",2368,0.0158593548506024,NA
"00600e5244d42277",2369,0.0177703167916001,NA
"fe7deada1161b3c2",2370,0.0568410834877054,NA
"3a48eaed1892347b",2371,0.463630477685878,NA
"b7bc994f797a71ff",2372,0.0458412605726235,NA
"db38e6adc37654b2",2373,0.0424292943355901,NA
"c5c333f90341295f",2374,1.12868128033355,NA
"3c4bc08eb9db78a6",2375,0.282326082074765,NA
"9613d03790191c2a",2376,1.2880896893619,NA
"e748ab1e3bbfd192",2377,3.01611447390265,NA
"67fe38d7539533a3",2378,0.0410263337825725,NA
"2a20fc8ac86eb2d8",2379,0.0177703167916001,NA
"7ff9f7d4ac278485",2380,2.19122040411042,NA
"f7c2887a195e0eae",2381,0.487176442269037,NA
"771522f18b70ffa4",2382,0.237517367616203,NA
"3d4cc9d1c17c18d9",2383,5.00009999963804,NA
"1c68e53c34afd08b",2384,5.00009999963804,NA
"d1c4d603fd0f685f",2385,0.830571036702559,NA
"a21e620ae595647e",2386,5.00009999963804,NA
"efccbf967d391603",2387,0.248456450097645,NA
"1bd2de5ba9d2314d",2388,1.2067297400883,NA
"da63a7b08567c870",2389,0.346523462629228,NA
"31127f14821f10a0",2390,0.0672363544561294,NA
"c3ed0a208dc35e9b",2391,0.0677938262725142,NA
"5a8dfe1d0f73ec0d",2392,0.237503156897723,NA
"284395b3979dc75e",2393,0.160156468852985,NA
"64c418445c9241d3",2394,4.46600830304206,NA
"010484a6a8e747d6",2395,0.033421169595869,NA
"401fb4369a01cfdc",2396,0.383634633956258,NA
"7f7225237f531aad",2397,3.26037945907465,NA
"fca787afba82e6b3",2398,0.341668863380555,NA
"9cffeb0a6db948db",2399,0.0278990414240264,NA
"3d7dc84026d9db5d",2400,1.05574314136289,NA
"4a2bcb126fe3950d",2401,0.0158593548506024,NA
"117c0b3303b0539d",2402,0.104544045144585,NA
"1cdbf3bbacb06ef6",2403,3.30030273106928,NA
"215e66d40ae2f14c",2404,1.07472564312452,NA
"27389dadda908131",2405,0.333044059132264,NA
"431b1cc605b10d9a",2406,0.0575422895476312,NA
"af2c9953a31bd8ad",2407,0.441324264945597,NA
"ab4664b197b76eb9",2408,0.109452879223274,NA
"6bcc5fa2992c82df",2409,0.0289983334975083,NA
"f36b15fb911376c5",2410,0.0392901020910243,NA
"d19ad7e705fc62b8",2411,0.163510909541481,NA
"fe85074da36c2a2f",2412,0.433055156346897,NA
"5867908ecec223d1",2413,0.0419122541110809,NA
"d20a3fff0823eaee",2414,5.00009999963804,NA
"d72d2c3be3b3e445",2415,5.00009999963804,NA
"a99323a3f3df34b3",2416,0.245661272771566,NA
"fc4088b0cce55770",2417,0.0214433622502326,NA
"2239b4bd42a9aa7f",2418,5.00009999963804,NA
"8041aa95c29c18eb",2419,0.19657402441022,NA
"aeeba46f66c52066",2420,0.137056875421179,NA
"a142140df2071cf1",2421,0.266456632606495,NA
"e274a39387589d07",2422,0.451055230979469,NA
"6ee3cce9a8f3ba2a",2423,5.00009999963804,NA
"24dee4ae8df5cf79",2424,0.0489030145143695,NA
"408cf0771d152ad7",2425,0.841916309112372,NA
"6eca8084ee9548f7",2426,2.26321635475869,NA
"19d05d9b64c23c2e",2427,0.381915802710885,NA
"203e688afecd2650",2428,2.52542611643514,NA
"c2c8d730a98a869f",2429,0.0685898826800169,NA
"49f1a1b6d26bc8a2",2430,0.604313577997923,NA
"01e6091ae6a528b9",2431,0.181140419180793,NA
"c2c6d8d91540f566",2432,0.0908317474498436,NA
"202e5fa8fdc5a22f",2433,0.187990426888844,NA
"03d7104aa4c7ddd2",2434,5.00009999963804,NA
"fa0ba7478b57b9ff",2435,0.379532940171773,NA
"803696bb404a307c",2436,0.0511992407974332,NA
"c4e8c8828f0949f3",2437,0.511639619915953,NA
"2925006d00a581cc",2438,0.901925537941835,NA
"32aa7d6c99287e92",2439,0.775515106276965,NA
"5bf9d789d975f2c5",2440,0.0232129519080418,NA
"ec52df82300648c8",2441,0.448300143265859,NA
"bd00a8005a4eacf7",2442,0.0214433622502326,NA
"0bf44646b9f895b3",2443,0.0317122076690673,NA
"3d08f06f390d4bd9",2444,1.4990202095885,NA
"148ae8992c51aff8",2445,0.0214433622502326,NA
"67ed6869df9103b7",2446,1.41073836816074,NA
"74fc9eaa87996cc7",2447,1.48075326082476,NA
"8fd32f2e38bf786a",2448,5.00009999963804,NA
"1dada66d12272f21",2449,0.0919522709838338,NA
"fe7abbd747967415",2450,0.209703272745993,NA
"18fa5b6509b0e493",2451,0.502175777407508,NA
"47e718e538997b83",2452,0.100200263635304,NA
"1714b96d5fe03658",2453,2.75365655823439,NA
"103eaebddb7f72bc",2454,0.32488325961121,NA
"144ffc4fe0751f84",2455,1.7755808475018,NA
"d374757f0a81f3be",2456,0.422053408187815,NA
"88d7bc174b7c06ea",2457,5.00009999963804,NA
"162a2056c063d72a",2458,0.193016618231814,NA
"1efdd62880f7e115",2459,0.13571660482686,NA
"fbe88bb33f6cca3a",2460,5.00009999963804,NA
"7c1861fd6454e01f",2461,0.238932937835559,NA
"6fa645479a2f2714",2462,0.329196649877035,NA
"92ce3b7fc016bf6d",2463,0.48304401293575,NA
"3af24f2057cbecf6",2464,0.0564067705770978,NA
"83ae77ad536e56fb",2465,0.214206444919883,NA
"faff04e2b46eccf7",2466,0.201585984877555,NA
"c4a19df05e96b1d1",2467,0.0511992407974332,NA
"4743c7503d9403c6",2468,0.093811006615451,NA
"e50ce4343de20f9a",2469,0.0374051469274002,NA
"2f723a7045f71ce7",2470,0.181668206514499,NA
"fdd7f15c8e429090",2471,5.00009999963804,NA
"f610129d600c5390",2472,0.0818065086930824,NA
"4f9af0a25361285d",2473,0.0685898826800169,NA
"07452682421860c8",2474,5.00009999963804,NA
"43a848ceab781ff9",2475,0.457980711173712,NA
"f064d5f056c0d426",2476,0.181668206514499,NA
"9a3a0fa0a0bd3af7",2477,0.03732747504096,NA
"a84e95cd41ea1470",2478,0.156423791618937,NA
"3209f121cad60348",2479,0.429365878665927,NA
"0bfdc4b3986c557d",2480,0.320247276617149,NA
"fe251a9ea2c3685f",2481,5.00009999963804,NA
"843112383f75fb4f",2482,0.749819132411214,NA
"60c0c818a37e5feb",2483,0.0877054090361196,NA
"43e2e61dd754d130",2484,1.19439587122613,NA
"5665c759fa85eb73",2485,0.511800199053959,NA
"9996b91aba78414c",2486,3.41346959229104,NA
"bab4e04daaa5a1ca",2487,0.0314514366965042,NA
"3f331b9a466a2281",2488,0.669733650567829,NA
"0b78c590402dc611",2489,0.0424292943355901,NA
"1ee7f04577b01433",2490,0.141568435060944,NA
"c698b18599ef2c38",2491,1.64056897164151,NA
"9d476709bab060f4",2492,0.188927498625377,NA
"782d6c4932606824",2493,0.114042807794152,NA
"a967a8b8516d567b",2494,5.00009999963804,NA
"4c98ef35725b2fd1",2495,0.0907090662277706,NA
"2f1d5b6e650d39e1",2496,0.0384577285458285,NA
"f5bb7b0aa88fe58c",2497,5.00009999963804,NA
"c60f5aa3f2232991",2498,0.342300753491092,NA
"d620576ac6db2922",2499,5.00009999963804,NA
"e4af09b6f8ff72e7",2500,4.08026460033666,NA
"f302b3b4e62a3644",2501,0.0232129519080418,NA
"cdcaeb3ddb7cfc2f",2502,5.00009999963804,NA
"0b058044ef3c213e",2503,0.935810630133805,NA
"18ee4d947b7daf4b",2504,0.121589420377214,NA
"80c17d39a778bb3d",2505,1.2067297400883,NA
"2e229a74dc759b37",2506,0.392530848256847,NA
"5f4736f37021e9df",2507,0.0232129519080418,NA
"d87a95ae1774eab4",2508,2.89997264652904,NA
"239a7a0b950a7dbf",2509,0.0156335632467025,NA
"d647399f5eb93845",2510,0.0329617480383356,NA
"7983555496453edb",2511,0.0177703167916001,NA
"48eb7ab508ed5b7f",2512,0.193016618231814,NA
"9ae49b1478a84ecd",2513,0.0214433622502326,NA
"cbb06ab756a2b9bf",2514,1.02005968266428,NA
"4a162f5f77bb8977",2515,0.234417127573442,NA
"f1eba15151edecd8",2516,0.10822151571406,NA
"52573240845287ce",2517,3.77697996030454,NA
"83aaff3a100145ed",2518,0.251521472045613,NA
"c6d5bb99eb254b4d",2519,0.109452879223274,NA
"08757bf5ef20089c",2520,1.16830009295825,NA
"22c0c2082450165e",2521,0.0419122541110809,NA
"8316279627c86338",2522,0.138207936636958,NA
"6fb3c2251e504355",2523,0.0872984866284234,NA
"e7c03c653c0ed7af",2524,0.203924472204795,NA
"cafdcd6b6cb85950",2525,0.109452879223274,NA
"1cfca893b5b88263",2526,1.64610504452823,NA
"0e72eb39c961cd03",2527,0.080809620663636,NA
"d811b7b545006008",2528,0.0768014677539114,NA
"d1cc58b30518a739",2529,0.2495588339482,NA
"58302725c94deed3",2530,0.210613145162929,NA
"941d3b19d8c323dd",2531,0.0791956166377553,NA
"8b020d4a82935586",2532,0.0229777940529452,NA
"1b23a291220444a4",2533,0.219674371359777,NA
"fd97171d0e9edab7",2534,2.36013246462205,NA
"145df1e9d73a8796",2535,0.0866366374459053,NA
"f7d57b2a7276384a",2536,5.00009999963804,NA
"2ef7576dc4f4d4c1",2537,3.28499754165762,NA
"da79e5f216a01c2c",2538,0.0214433622502326,NA
"91381efbc268701e",2539,0.0877054090361196,NA
"e47feb32d40c9e6d",2540,0.602298691123848,NA
"e2414cca7cdff439",2541,0.0360932104639436,NA
"99035fc3be287770",2542,0.0177703167916001,NA
"d9958b43eded5ce1",2543,1.40319603165783,NA
"b41ee66e42bb534c",2544,0.450118613600397,NA
"532faf186e98c6f8",2545,0.841978785687041,NA
"c64934faec4fb396",2546,0.0777420670621453,NA
"40f7f6249b114bf2",2547,0.158204814037391,NA
"fb7d4e9fd0f9c17f",2548,5.00009999963804,NA
"51a7a02aab0a0f3d",2549,0.031839429617324,NA
"ab9798e547b75ee9",2550,0.114042807794152,NA
"148cd40eae23ef5e",2551,0.517951336371196,NA
"345bde9c84a582b3",2552,0.793475440341894,NA
"63a77906367f3942",2553,2.83303881263165,NA
"f1bf6f22cf24de0b",2554,5.00009999963804,NA
"4f8f40fc846e8d85",2555,0.142457259415624,NA
"577f5cc4cce34c39",2556,0.660198569439247,NA
"f6ea51edf8971892",2557,1.4080063992277,NA
"f3bdcf666bc3039a",2558,0.371510562130601,NA
"c62976ded4a8e626",2559,0.2402410271431,NA
"f7ee48ae0d12dc72",2560,0.0278990414240264,NA
"601882b8bcaf6497",2561,0.154310148372563,NA
"a72161f7762a8670",2562,0.0971293244977105,NA
"b800bd6f9165d440",2563,0.0278990414240264,NA
"142bc514a5fea923",2564,0.280539201175183,NA
"869e52c40c08c6e4",2565,3.49938409678112,NA
"9e9039430c835f0a",2566,0.129622117477143,NA
"e34b1586415815b4",2567,1.4080063992277,NA
"b2ea94cf7c5b123b",2568,0.068065799222117,NA
"9347d3486e38bdce",2569,0.0378006614030392,NA
"f8e6a2308dbe5492",2570,0.364489047122448,NA
"eb310dc18ec2c52b",2571,5.00009999963804,NA
"d7d60f0f61ff8186",2572,0.0158264228583457,NA
"4ebb1ab2777926d7",2573,1.28548372046786,NA
"875e9858021ac18b",2574,0.0156335632467025,NA
"74043ae8bae192b3",2575,0.068065799222117,NA
"10d4d99c11f56897",2576,0.106902736374037,NA
"d760e93bee7250bc",2577,0.0465033343165392,NA
"f193ed5140793cbb",2578,0.0177703167916001,NA
"c69046dd9248cf57",2579,0.261670663781255,NA
"4cbcadc3db8ea1d0",2580,5.00009999963804,NA
"843ca97f05e46b0f",2581,0.0177703167916001,NA
"d11740e41dbcad95",2582,5.00009999963804,NA
"133a1cef385df10e",2583,0.7700914186669,NA
"e6c6f9c89c9363ab",2584,0.0214433622502326,NA
"23be03e7e625aa57",2585,0.0360932104639436,NA
"4cb53a838f2ad7ad",2586,0.0356533812861607,NA
"43b8106acf171892",2587,0.0777420670621453,NA
"1c62ce35c13d31df",2588,3.70599938953794,NA
"fd62df03bbc1cdbf",2589,0.0214433622502326,NA
"e14a63d7817eb1a4",2590,0.648646627161361,NA
"84cff9ca19f90775",2591,0.280539201175183,NA
"e73dbe77a7a81e79",2592,0.0692611460974382,NA
"a9533e526e9be1af",2593,0.45567139127766,NA
"141b265fad7d5dd8",2594,0.492162271933691,NA
"76d9361da9789c7a",2595,0.350101819728992,NA
"82e00e438b86fcf0",2596,0.105833727069813,NA
"c25c8303e12d2228",2597,3.88001347205987,NA
"ed2e99e22147e8e7",2598,0.0482422229219536,NA
"0e72eb39c961cd03",2599,0.080809620663636,NA
"eb4ce38b7f2f57da",2600,0.423252943346859,NA
"70ef2c3a1c00cacb",2601,1.36138296098933,NA
"3848f9aadf6086ad",2602,0.19657402441022,NA
"8a6119b1f6f58308",2603,0.0487359403624211,NA
"58853ff6b935d3bc",2604,0.114042807794152,NA
"3795bf981ae56505",2605,1.09288025735948,NA
"aad3c952e2b13d0f",2606,0.799760799151039,NA
"e014cc15727b5ca0",2607,0.0156335632467025,NA
"ba97ea5b1c5a2290",2608,0.36767353986832,NA
"12bfd8c0326ff0c1",2609,0.0762017152917359,NA
"69ec672e53d04b5e",2610,0.185699589531158,NA
"d6037ac7db3dbc9e",2611,0.660037923933398,NA
"5ac9e4b8d76e073d",2612,5.00009999963804,NA
"1a89e7c8a9573fca",2613,0.333257703460767,NA
"a4709e24ceedc4c9",2614,0.0464067700199429,NA
"db305a739a0cb640",2615,5.00009999963804,NA
"28d2d773ce71eb80",2616,0.346523462629228,NA
"b82243a2676bf930",2617,0.274803996467717,NA
"8c775601878ec46e",2618,0.158204814037391,NA
"3647e2170f577f21",2619,0.26221515424196,NA
"51cc1f33674f6b86",2620,2.22270272578138,NA
"9fbf99f9dad8d7cb",2621,0.0217078930197472,NA
"b830c7358d7dd560",2622,1.96092194602853,NA
"a63f3fd4eeb6f1f5",2623,5.00009999963804,NA
"8006d8ab8428db48",2624,0.168481699478689,NA
"d7207d8e5acddb45",2625,5.00009999963804,NA
"4fe22374f8c62c6b",2626,0.113545625846895,NA
"8908d6de72d6216d",2627,0.0850420709552168,NA
"42552e38fca3a190",2628,5.00009999963804,NA
"8042f041d2b550e5",2629,0.285631961862179,NA
"6fac4ab94a4c035d",2630,5.00009999963804,NA
"deed62de2d6965c8",2631,0.852302402791033,NA
"8ea5e54e24e78a87",2632,0.0495062945368822,NA
"4938f7e7a61f76c9",2633,0.366983362056702,NA
"05272831ee78646b",2634,0.0568410834877054,NA
"815d813dac70870a",2635,5.00009999963804,NA
"088e5e979e03453d",2636,0.317613868225793,NA
"2cce44f6702c4303",2637,0.0232129519080418,NA
"040833f38b8fc14e",2638,5.00009999963804,NA
"7f9f71c9bf4ccaa0",2639,0.713068307737149,NA
"69495bebee45fbd9",2640,0.492162271933691,NA
"9f43ef161bdefd67",2641,0.0575422895476312,NA
"11d32e9a4b19e415",2642,0.181668206514499,NA
"68b4c5ade10dc081",2643,0.0314514366965042,NA
"5495852a6f8b2935",2644,5.00009999963804,NA
"eb3c004bd76870ac",2645,0.179454411263992,NA
"f938d3d3820eed63",2646,0.396985471428796,NA
"b391d49453b0ee93",2647,5.00009999963804,NA
"5bfe5dcacb64d38e",2648,0.0669676957486588,NA
"89aab10f18cc40c9",2649,0.141568435060944,NA
"8605305a191392e4",2650,0.0419122541110809,NA
"b451a0102a10d139",2651,1.54393591313327,NA
"5d21204806b89d86",2652,5.00009999963804,NA
"831638d13a3c36f2",2653,5.00009999963804,NA
"ea2c5909a9c60632",2654,0.0881518983172689,NA
"aeefa9480d7ff9f4",2655,1.44727209977162,NA
"1480c2977f5f24f7",2656,0.248456450097645,NA
"946ce725ff394dba",2657,1.82582913688242,NA
"8dba7a5c9a2b2551",2658,0.141014102005061,NA
"8fb02576d40b641a",2659,0.820449759834482,NA
"39ad3028709108e7",2660,2.33504660486946,NA
"ee70be20698687ea",2661,0.139622375371241,NA
"98d26605eb230994",2662,0.0278990414240264,NA
"b42a2d38b7159dfb",2663,0.10822151571406,NA
"65727972d21d81a7",2664,1.70239621731095,NA
"5848f39ad243281c",2665,0.799760799151039,NA
"91384e73d3be552f",2666,0.451724873173325,NA
"0fd248e8cec63d53",2667,0.140721285849609,NA
"b991e3ce3ce68bde",2668,0.093811006615451,NA
"33511849a51a0cf0",2669,0.0487359403624211,NA
"aa73ce54bd1dc75d",2670,0.205898206429995,NA
"d27ca5e131dcb8a4",2671,0.105342695609976,NA
"4f1b65cdfc2d8180",2672,0.0511992407974332,NA
"4542f02a2c0498a1",2673,0.486900236775577,NA
"df7f578af3f33ad2",2674,5.00009999963804,NA
"830ece0acc7ede1a",2675,1.22161626501926,NA
"33886335988eacec",2676,5.00009999963804,NA
"06089fb734031939",2677,0.0985321387901386,NA
"a3a5c27a4fd40cbc",2678,0.0275590657806095,NA
"66c8848bcf308042",2679,0.0214433622502326,NA
"24a216b43fd6366e",2680,0.0883754229584537,NA
"baac1a4bd54867f5",2681,0.486900236775577,NA
"463d0d3201b01e11",2682,0.234417127573442,NA
"88b74f92c1c74e6a",2683,2.09687724124937,NA
"8f20185e4cff62ca",2684,0.0771594606513832,NA
"2174e7c628891343",2685,0.333896817595679,NA
"e3c424c1dbd51a44",2686,0.668342946872606,NA
"b36b4faaf03f42be",2687,2.49238615028942,NA
"55006987f4121d55",2688,0.659705290581349,NA
"f532c02fdab06302",2689,0.111766680835561,NA
"b210f6042bf9563b",2690,0.14331485927505,NA
"efaf9cf476f5c20b",2691,0.080809620663636,NA
"e2c14852e4af3905",2692,1.18122248855927,NA
"5601c1712aadadf8",2693,0.0818065086930824,NA
"b2e07eea0e4e5379",2694,2.30877693337287,NA
"4c06edec4dfb9156",2695,0.183594276953277,NA
"3c6e9c514a1f7c2a",2696,1.06472237631698,NA
"016471dc0fd9de1d",2697,0.0214433622502326,NA
"81dae8cb173bf6f4",2698,0.339602377501583,NA
"a79cd1bbc8f4c5da",2699,0.759122654658994,NA
"50c7c0888dae466a",2700,0.0179895359383246,NA
"b5e94bbda74f1bcb",2701,0.0511992407974332,NA
"e47da5615662d919",2702,5.00009999963804,NA
"700686b5a643509a",2703,0.136046641242585,NA
"181ae4f679bf6aea",2704,0.0569593597487426,NA
"8d1e63470153dd86",2705,5.00009999963804,NA
"eda89a83677d340e",2706,2.16002372718359,NA
"a8109efef5ff8d47",2707,0.0382669799743723,NA
"3506e69a1fc76869",2708,0.0405263899309977,NA
"997158539b7aae01",2709,0.0229300806028738,NA
"c203b1a48007b8e4",2710,0.104148404859978,NA
"ab4551a41f21fa4e",2711,0.0158264228583457,NA
"c4539196265be1e4",2712,0.0179895359383246,NA
"908e7540c0872a4a",2713,0.625009574339701,NA
"d0b782dff4a01966",2714,0.853727047937834,NA
"d33060caa89c9de5",2715,0.069436024914361,NA
"87e590732d8d2b10",2716,0.292841085865845,NA
"9a87db0610a2fb33",2717,0.0289983334975083,NA
"c9063626d7452320",2718,0.0260641025938819,NA
"0f928afa280b6a90",2719,0.179725870532434,NA
"9118f1862f72b53a",2720,0.33286582101044,NA
"9bc7f57e20f24d13",2721,0.668342946872606,NA
"0777d7148ab8b248",2722,0.909069962755606,NA
"7d06a912fab91411",2723,0.0179895359383246,NA
"5ad76dbcd0f6654a",2724,0.499941731155712,NA
"9773e1806903a564",2725,2.24987677256114,NA
"0b0169479f3d0f29",2726,0.751994259417199,NA
"8e457a525683b4f4",2727,0.329992160064136,NA
"40ba403dd8f1c552",2728,2.1898597041802,NA
"bca18bdc5b3c151d",2729,0.0384577285458285,NA
"188d4189a5fcb311",2730,0.181668206514499,NA
"408f9923e6d65d26",2731,0.316344767127102,NA
"fbfe30b7c43eb0fb",2732,0.206440136349517,NA
"9b66ee551f19c4c2",2733,0.0179895359383246,NA
"ac943b2451c51897",2734,0.0397747947814316,NA
"5111409f0680f0f8",2735,0.713068307737149,NA
"3de5066e2080f36b",2736,0.540222150415999,NA
"3155a7854dc9c84b",2737,0.0179895359383246,NA
"2a9d6c2f3d5e4704",2738,0.0419122541110809,NA
"f7a6d57bc33b1ad2",2739,0.159823903522189,NA
"c3ff9d719d40ac9d",2740,0.0481420478185729,NA
"429d899710bccad8",2741,0.0671785001669568,NA
"9712183cf040504d",2742,0.203924472204795,NA
"7c876b828f0f5b61",2743,0.181668206514499,NA
"31bcb126df2c7274",2744,0.181668206514499,NA
"1b6154d13eb18b18",2745,0.596949457690601,NA
"8842331d71b84944",2746,0.0397747947814316,NA
"8f0e2ea8da642174",2747,1.85821498142467,NA
"c362fc416e8e5d3d",2748,0.574012455293721,NA
"04b17eeb06918f67",2749,0.0177703167916001,NA
"e0a471c640387b1b",2750,0.285631961862179,NA
"29b135615f2d3b66",2751,0.376953328182263,NA
"89af66ffeb5c3e99",2752,0.493849478409913,NA
"e7ecb42e01aba5c6",2753,0.193016618231814,NA
"c08e7e43b053c0e8",2754,0.134062772376235,NA
"bb2db99110b072ac",2755,0.0877054090361196,NA
"9aaadc1169fb1d1c",2756,0.0596421033567786,NA
"07259db11fc20e9a",2757,0.219218216947144,NA
"37bc7869a657bac1",2758,0.181424003231923,NA
"672444fe4c3d1590",2759,5.00009999963804,NA
"3efe487a8c64f84e",2760,0.0464067700199429,NA
"cf109f2d88227157",2761,0.314537898408625,NA
"5243f4756f05ce6b",2762,3.88001347205987,NA
"f5289d3181e12168",2763,0.935810630133805,NA
"b12241c41e296281",2764,4.03054279944294,NA
"7e82541c4dbbca6c",2765,0.388367248354534,NA
"1de9818ee72ae04b",2766,5.00009999963804,NA
"371d5492b27a0eb7",2767,1.22102778009797,NA
"44d4f62056dca00f",2768,0.139622375371241,NA
"3cff7a9ad1ebb6d6",2769,1.32265384851577,NA
"ca5e39de2417e10d",2770,0.186625242181218,NA
"83547aafce0fdb4c",2771,0.169303062464543,NA
"6a3d3f1a03f13a5d",2772,3.30060032915808,NA
"8441aae10094b382",2773,0.0229300806028738,NA
"a2ec65a660f5e1d6",2774,0.0896036922944571,NA
"d4456a263e5667b9",2775,0.0464067700199429,NA
"c38277955c0c264d",2776,1.16682819918341,NA
"d169bffc254bb90c",2777,0.280713518128335,NA
"0565bb09794d6d92",2778,0.0314514366965042,NA
"7e6f8fed11351ff0",2779,0.0911303692690264,NA
"6969d96611fe4f75",2780,5.00009999963804,NA
"3eb3c9ec6aa4d00e",2781,0.140721285849609,NA
"86ef8c8f8dff2c5b",2782,0.0217078930197472,NA
"c5bb0e9543e8f39f",2783,0.302790150361987,NA
"b5f6979666e50b21",2784,1.03264339829885,NA
"441f347f5069c370",2785,0.0356533812861607,NA
"353c7768a56e3bf3",2786,0.0596421033567786,NA
"e75104b2d2fa8c80",2787,1.41073836816074,NA
"45a40a391beaf5f4",2788,0.0495062945368822,NA
"7fe8f461fb488263",2789,0.106642229890433,NA
"6bc23226b771246f",2790,0.0384577285458285,NA
"77b5c2b6a5280218",2791,0.342379815973184,NA
"9da75241698d76a5",2792,0.281739831219271,NA
"64c8503266bb86a2",2793,0.366983362056702,NA
"01bbeaa351c96e8d",2794,0.216546840062806,NA
"ffff1c32084e8abe",2795,0.604313577997923,NA
"9f5dd5d807226f09",2796,0.245639650713399,NA
"3d5d705fed6166fe",2797,0.181668206514499,NA
"cd05947a0732f139",2798,0.0317122076690673,NA
"d62801e2d8afc18e",2799,0.2402410271431,NA
"23358c2da71b067e",2800,5.00009999963804,NA
"7c597cf2c1af57cf",2801,0.168481699478689,NA
"19be83181a0ab86c",2802,5.00009999963804,NA
"dd10fc939951932a",2803,0.0217078930197472,NA
"6aa158de6d91f4d1",2804,0.146898110594643,NA
"e0f31b7c17d38ec5",2805,5.00009999963804,NA
"e866642867e46e9f",2806,0.0872984866284234,NA
"a33b307a3a74751a",2807,0.219218216947144,NA
"b0bdd51f0499692e",2808,0.439309662551635,NA
"9d31735210d35a9b",2809,0.219218216947144,NA
"6dd73f14c4955746",2810,0.457980711173712,NA
"44e5ee872b2d10df",2811,0.142457259415624,NA
"3184dd87b973b465",2812,0.512893642339611,NA
"fccf954e9c09a95f",2813,3.05745155314644,NA
"ec2bffc4a41e2eb1",2814,0.0177703167916001,NA
"084ddd298389b75f",2815,0.428474299284249,NA
"1052fe0706460851",2816,0.0177703167916001,NA
"791b49769325ebe5",2817,0.0317122076690673,NA
"66a49f333d1882e9",2818,0.155789442001646,NA
"4441fdf68612b262",2819,0.0214433622502326,NA
"72fdbb3f63845a1a",2820,0.0661326291731971,NA
"7abf5c0f2c2b50f0",2821,0.0495062945368822,NA
"6e97161e304826d4",2822,0.0384577285458285,NA
"119766223a0f038d",2823,0.105342695609976,NA
"a55da46c5e3692da",2824,0.216546840062806,NA
"d55b54328f993a02",2825,0.225199849842908,NA
"7b467e4286c919b5",2826,0.328809542877094,NA
"2f17aec9e5880a13",2827,5.00009999963804,NA
"c948591bda49f211",2828,0.0214433622502326,NA
"8bab03bb48cc3083",2829,0.285448849369784,NA
"2610940048472fda",2830,5.00009999963804,NA
"8e9aa42b325c95bf",2831,0.542374307257157,NA
"3332040380c9e413",2832,0.364672827994392,NA
"f067b8b40367e88b",2833,0.0481420478185729,NA
"4725dd5c7633a920",2834,0.525170553307305,NA
"1f66c5b51930a4c1",2835,0.562685098710715,NA
"d3618b485ec02f00",2836,0.0872984866284234,NA
"ffef9b846a8ffd6f",2837,0.155889379321684,NA
"5a73a6ad275ae8e5",2838,0.779198578563684,NA
"7de549ebcc0870ca",2839,0.208438219062016,NA
"c23ca9156f744ab9",2840,0.219218216947144,NA
"02851e4cbfcaeab7",2841,1.36138296098933,NA
"bcb86c587c409ad8",2842,0.203924472204795,NA
"4bf79134b364f9ea",2843,0.0768014677539114,NA
"6f9ae8a768936fde",2844,0.157876301322975,NA
"c12c2efe8a360222",2845,0.3782547689213,NA
"0c80873a599a0b93",2846,5.00009999963804,NA
"620266e2c3801e5b",2847,0.0177703167916001,NA
"995ed1560ccc913e",2848,0.0482422229219536,NA
"76504b8f86a7929c",2849,0.0329617480383356,NA
"5e46c7f9b0c94178",2850,0.0214433622502326,NA
"e94e1addd40d979d",2851,5.00009999963804,NA
"b407681a32fca61f",2852,0.0313257650654449,NA
"ed38b853881673f1",2853,0.364489047122448,NA
"c2ba8a14baa63c17",2854,0.602298691123848,NA
"ef2380b4b3233b14",2855,0.422053408187815,NA
"519c45d77b18e1b7",2856,0.108446705584785,NA
"da45f30fb9eeaaf5",2857,0.203649043137722,NA
"6ed59d8db1d725fd",2858,1.07956249984136,NA
"18a59f4ccaec2511",2859,0.0177703167916001,NA
"572decd5e49ad25d",2860,0.0158264228583457,NA
"db2dabbafe325064",2861,0.286597148799305,NA
"4f92c012d9487d8e",2862,1.17378233170199,NA
"338c657612d7d648",2863,0.0464067700199429,NA
"bbf629936b75d70e",2864,1.09288025735948,NA
"4364df71b897ab04",2865,0.0317122076690673,NA
"8f264fd062a74e5c",2866,0.0179895359383246,NA
"27469c77e00f774f",2867,3.28499754165762,NA
"c73648b618e8e3dc",2868,0.0229300806028738,NA
"d329e3ab1148a2e2",2869,0.3967730132183,NA
"5adc745917002852",2870,5.00009999963804,NA
"9c0adb7564b8661b",2871,0.245661272771566,NA
"0faca13e604a4141",2872,0.125675417010689,NA
"16a41a76711e7ea6",2873,0.0329617480383356,NA
"9742447ab3ff6df8",2874,0.901925537941835,NA
"020ef4c983303e94",2875,0.0319056818499984,NA
"7ad84eaf9fb7d1eb",2876,0.699437063624007,NA
"f8a9e00f4e4f4fe2",2877,0.0896036922944571,NA
"ef51cfb3a0ab17fa",2878,0.913051920726979,NA
"24aaa2205ca25c15",2879,0.0179895359383246,NA
"9bd8becb71d2a7b3",2880,0.11001959954914,NA
"51224fb51f4cead3",2881,0.0926678326673232,NA
"9c1aea7ab93dac75",2882,0.239420258397621,NA
"1d4c81d9a5a0e4e7",2883,5.00009999963804,NA
"7c4f9d5543c27758",2884,0.32532265422718,NA
"3e42bdbf182f8a7f",2885,0.0877054090361196,NA
"63bcc4d0cc675494",2886,0.316344767127102,NA
"e0d55b534d0f5316",2887,0.0669676957486588,NA
"d5dfc7a0022fd0a3",2888,0.0158264228583457,NA
"4ffbf68f8c3a5c7b",2889,0.216848950094603,NA
"0ca6851f0ad62f7c",2890,0.156188340470285,NA
"13ed4b7df19e4a1f",2891,5.00009999963804,NA
"fbd5f2a5c0367175",2892,0.290132684105189,NA
"8e7d7910cebef3dc",2893,0.188927498625377,NA
"d9e3e6c21e8db949",2894,5.00009999963804,NA
"23f3275917c084a7",2895,0.363193097462277,NA
"5a569bdd65dde98b",2896,0.360047410708115,NA
"ab04069460102f88",2897,0.218769143429353,NA
"78c8b2203bcbd725",2898,3.53552031056739,NA
"5e9d18ae8a889401",2899,0.451055230979469,NA
"462214f33c497877",2900,0.0926678326673232,NA
"dfa78cfcbb07a130",2901,0.0489030145143695,NA
"fcc5aa30f8197e61",2902,0.765822413625179,NA
"0a02263a23b68aaa",2903,4.27844376371645,NA
"52c44340f85bc8ca",2904,0.109966611352529,NA
"b385d38122fc9202",2905,2.19441641566622,NA
"5fc446583c2d053c",2906,0.51902910167239,NA
"361c407b2f41c8ad",2907,0.0338334616426152,NA
"81c3aba0bc6bd458",2908,0.0217078930197472,NA
"664ff89dcbea3a6f",2909,0.320247276617149,NA
"4937205a66f009ab",2910,2.89421529232552,NA
"ac7473d7d1853e71",2911,0.0158264228583457,NA
"f65fbe1ce2387b7e",2912,0.282326082074765,NA
"352da60468c78768",2913,2.82891269294054,NA
"95f7426fd8c367ed",2914,1.09061419916032,NA
"c377686870e8ee4d",2915,0.245639650713399,NA
"a1414bb487638ccc",2916,0.468641031572878,NA
"4b42fdadb03998d8",2917,0.423252943346859,NA
"dd8d16496268d573",2918,5.00009999963804,NA
"93312299c1bd2e66",2919,0.249187362123828,NA
"3f7cce4c7f1d5871",2920,0.499941731155712,NA
"e5d9ce070caf83c6",2921,1.11103829470973,NA
"6a814977d6fe8314",2922,0.0489030145143695,NA
"61dc3a885b3deb20",2923,0.0263856359912758,NA
"e55523723212f8ac",2924,0.0701155692079939,NA
"ee72322e296248a1",2925,0.0818065086930824,NA
"2d9ee3bfc0475b06",2926,0.36391558390339,NA
"afab3fad6029b871",2927,0.0313257650654449,NA
"721bf4644830c3a6",2928,5.00009999963804,NA
"a9c12bf897593134",2929,1.44727209977162,NA
"50508ad7d1f8e9ee",2930,5.00009999963804,NA
"6db290566f71feec",2931,2.87612603530181,NA
"85f909b67c5f7be0",2932,1.05867438066754,NA
"92347dc7074041f3",2933,0.245661272771566,NA
"1d6fe02800a0f768",2934,0.0670390038338362,NA
"47fe9cda4d508643",2935,0.493849478409913,NA
"6433dfe6a0452456",2936,0.602298691123848,NA
"4794ba3f5f575eca",2937,0.0907090662277706,NA
"08de8a0a961a4f76",2938,0.38644096459766,NA
"08ee6e7bb23b29dc",2939,5.00009999963804,NA
"371b1b987e3f9b7a",2940,0.0742554259536557,NA
"d76318d38a6c415e",2941,0.110404700377088,NA
"005fc7855fe8bc45",2942,0.19657402441022,NA
"885f35c9cd4a0bd4",2943,0.105342695609976,NA
"2c223ebfda3b3e89",2944,0.184330814183562,NA
"8967e3df94915928",2945,5.00009999963804,NA
"f73b7df98756e5e5",2946,1.45615541120088,NA
"57efc187139ec120",2947,1.36138296098933,NA
"14d6caf3d15a441f",2948,0.0158593548506024,NA
"f52e7d32585f0ffc",2949,0.0156335632467025,NA
"f97534f7d1787664",2950,0.0360932104639436,NA
"2391d0141ad0eb2f",2951,0.139622375371241,NA
"706805a70671a181",2952,0.0896036922944571,NA
"121c58e0ac171ae7",2953,1.44727209977162,NA
"85168d1e1d795918",2954,1.74650897428808,NA
"514c9699029f7ac6",2955,0.586780563879333,NA
"f25118ed13a48bed",2956,0.364489047122448,NA
"1dc3ff1109e6086f",2957,5.00009999963804,NA
"cec12baafa9d1c3a",2958,1.4502836175359,NA
"aaacdd2cc1467b23",2959,0.0177703167916001,NA
"be8735c613c48026",2960,1.3538394487468,NA
"aa5a87c9570a063f",2961,0.0217078930197472,NA
"c0e3f9ada4fe6749",2962,0.106902736374037,NA
"993221edefb3f215",2963,0.338015853643587,NA
"9c5fef4982e67a5a",2964,0.0883754229584537,NA
"ee9801b253de85c9",2965,0.155889379321684,NA
"d6cfeae7b100c655",2966,0.450118613600397,NA
"49610d1967157cc2",2967,1.71991075829584,NA
"9da7be65e1a86a6f",2968,2.28018530399549,NA
"5df215cea7253a85",2969,0.0692611460974382,NA
"4fdc589c7c722896",2970,5.00009999963804,NA
"900e80ce1e23a39f",2971,0.830571036702559,NA
"7aeb95f7ccce83bd",2972,1.17887632726911,NA
"e322c7ca6763acc1",2973,0.0773200158686577,NA
"15b66ece28346e0e",2974,0.0900198613681928,NA
"e062af9de3c9cd07",2975,1.56207994514617,NA
"f1213ae181878d0a",2976,1.85403576472325,NA
"fac31e586f90e0ed",2977,5.00009999963804,NA
"816e55a5dd48c08b",2978,0.51902910167239,NA
"86df712c359e0f16",2979,0.281739831219271,NA
"978bad3b0ec9c91f",2980,0.867590594218226,NA
"a33337bb7881164d",2981,0.0496242596967169,NA
"e6b2e59de20d0fd2",2982,5.00009999963804,NA
"a4040a7bc2cd4aa0",2983,0.0384577285458285,NA
"581a0b688a162e6c",2984,0.388367248354534,NA
"880005c6bcc6d832",2985,0.38644096459766,NA
"5bbd74e6b83830ca",2986,0.0490047730551167,NA
"aa50b855098f2f2d",2987,0.33286582101044,NA
"b5ba7ac2fd2f226d",2988,1.09697068154623,NA
"42ceeaf374c007bc",2989,0.0392901020910243,NA
"b8069b92fc3667a4",2990,0.0217078930197472,NA
"6252e9ba1d86d266",2991,5.00009999963804,NA
"0d8b9a101f6bd89c",2992,0.0677938262725142,NA
"fab1f3e07a6454d1",2993,1.28479575682554,NA
"c7e7f76aa5a05800",2994,0.0505753306577257,NA
"8d00c8bb630a40f9",2995,5.00009999963804,NA
"b87ca452427d1f08",2996,1.44630040792095,NA
"0677328da2cc1b5a",2997,1.09697068154623,NA
"4db3c41cd6efcaa1",2998,1.66641181494275,NA
"9fd46575a98bc37e",2999,0.499941731155712,NA
"71c282c3bd7b3794",3000,0.0883754229584537,NA
"d3a6fd8725b8407a",3001,0.093811006615451,NA
"2311523b860dd05c",3002,2.44343096893536,NA
"5069f38c90a29699",3003,0.0158264228583457,NA
"bad526ef93f06720",3004,0.125675417010689,NA
"c6aab39d5c396f9b",3005,0.216546840062806,NA
"30cba17e47db703f",3006,5.00009999963804,NA
"745aee764c7c7e68",3007,1.50328826460522,NA
"389df5b6d8e6e05c",3008,0.288319313583766,NA
"2c3a27431a083a31",3009,4.24540651298814,NA
"ac26e20b6d79f131",3010,0.604689076684825,NA
"dcb8780da92023e2",3011,0.281739831219271,NA
"407b401230dcfc05",3012,0.0361683140636741,NA
"8eb826f659ce632c",3013,5.00009999963804,NA
"b6340cb30aad203f",3014,0.0983275365435632,NA
"f61ba038e01779e0",3015,4.68199500284041,NA
"191559d1ef72afe8",3016,0.0214433622502326,NA
"c1662371fdecbcc7",3017,2.12274485210872,NA
"21ece886e031fe21",3018,0.216546840062806,NA
"3001a0a40d856419",3019,0.0458412605726235,NA
"ddf5ca9e56a2d85d",3020,1.19352829900842,NA
"65f6bf4692faaa2f",3021,1.80284305007464,NA
"95d970b6d1317949",3022,0.0279570944044358,NA
"c2778b4985c61fc8",3023,0.596949457690601,NA
"4977c3d27394e600",3024,0.0568410834877054,NA
"138bd736b4b30fc6",3025,0.219218216947144,NA
"04352189f77fc6c3",3026,0.0263856359912758,NA
"aa4d61a55e735488",3027,5.00009999963804,NA
"febefcbfea154f56",3028,5.00009999963804,NA
"7bfed5a8e7e0a692",3029,0.0232612539633661,NA
"b6ecb1c4a401f7df",3030,2.4512807014053,NA
"a37ee68dc1be13d2",3031,5.00009999963804,NA
"a84d28b55b19cfba",3032,0.153891003450403,NA
"2d2d499d3f296e70",3033,0.0229300806028738,NA
"4c3d4c5addb12ca5",3034,0.163768623531218,NA
"4cedd5a473364344",3035,2.89997264652904,NA
"f9c18dad6c35ed53",3036,2.25783631119408,NA
"b61ee06d4e3f0d86",3037,2.68270904749244,NA
"bfebf1c18eae3a21",3038,0.1599546942311,NA
"47a06f7f546f2e67",3039,0.0866366374459053,NA
"a0abaf3ff80643a9",3040,5.00009999963804,NA
"00ddc0e86d20f26e",3041,0.448300143265859,NA
"89dfc66ff684d0df",3042,0.214206444919883,NA
"201cf37bb2bcabf4",3043,0.289272546177581,NA
"104c6c6512decc43",3044,1.47411891463671,NA
"7c5975f20db59f4c",3045,0.0907046346022173,NA
"3e38d2cef5774c14",3046,0.667843582801283,NA
"6789543d749668ae",3047,1.09288025735948,NA
"733bbd38a5fcd1c2",3048,0.0752731268577446,NA
"df9cbe974ed25997",3049,0.26320961190294,NA
"8e47916ae860208c",3050,0.031839429617324,NA
"5178eafdd9c86900",3051,0.418942489623296,NA
"cb4de4d58e825bfa",3052,0.181668206514499,NA
"c8bc5901c714d7de",3053,1.61697443730158,NA
"300a0a774e9310ca",3054,5.00009999963804,NA
"9b1ed92d59ab68bb",3055,0.0286449619626588,NA
"f7f41aabdf009f8a",3056,0.58195543975298,NA
"58078b4a1622e00b",3057,0.3782547689213,NA
"ef1c3002b7747145",3058,5.00009999963804,NA
"1ae822e80f22c577",3059,5.00009999963804,NA
"dcfd07a7988222ea",3060,0.0685364554474837,NA
"2feb125b05fbc0e4",3061,0.216983692220184,NA
"68fce9eabc25ec97",3062,5.00009999963804,NA
"e29aedb6c9a6aaaf",3063,0.26320961190294,NA
"b9971d798deace75",3064,0.17202258003046,NA
"08ecb4525c580b85",3065,0.0179895359383246,NA
"e9e2692d9b1a8337",3066,0.0410263337825725,NA
"3f1a8503f15ab65d",3067,0.0511992407974332,NA
"bcc56f0f74b025e9",3068,0.0177703167916001,NA
"eb56fdcd0aad4d90",3069,0.363193097462277,NA
"890009e93cb26a73",3070,0.786006333805216,NA
"752c4311aee0e919",3071,0.463630477685878,NA
"827f41a1096a2ab5",3072,0.364489047122448,NA
"167f61959ef543f4",3073,1.2411071654961,NA
"60020aa695aee8a6",3074,0.137056875421179,NA
"8938805c8aa1fc24",3075,5.00009999963804,NA
"a66d05ad06cd81d3",3076,0.157876301322975,NA
"2ce85bbdab8f04c6",3077,0.239430115102279,NA
"75ba1c579d7fe767",3078,0.350101819728992,NA
"7530fed652e2ef84",3079,1.44727209977162,NA
"3e3963d0e386b4ee",3080,5.00009999963804,NA
"6424daa5b810ddfa",3081,0.219218216947144,NA
"0fda4c41fdef9d32",3082,0.0892975667713132,NA
"dc7957be5035f0ef",3083,0.0177703167916001,NA
"e7563ed2de465fe5",3084,0.0511186712699325,NA
"d2c6de3ad133333c",3085,0.0368726052068568,NA
"2aa82523fdcb3518",3086,0.13571660482686,NA
"4c7a09c7a6862019",3087,0.03732747504096,NA
"56fa3b94d7221523",3088,5.00009999963804,NA
"2684a055aa5ab82b",3089,0.720336256041887,NA
"683deaff2cdb26d2",3090,0.0419122541110809,NA
"ac4e98f591ebc959",3091,0.14331485927505,NA
"553d2def2e934497",3092,0.0908317474498436,NA
"c8d1d6000d77c00e",3093,0.604313577997923,NA
"4f659ea6c5938f8a",3094,3.09516905298014,NA
"ae0e539d8df31ff7",3095,1.48075326082476,NA
"f8ce4c38238a93a3",3096,0.282151272022746,NA
"b55de1639f32dc55",3097,0.708065497099519,NA
"d968e6a6b9f07a25",3098,1.16682819918341,NA
"7a83623a120ed2b2",3099,0.181424003231923,NA
"cca4b4c4e40789f0",3100,3.83291917522705,NA
"7fbcf99adc1e428a",3101,0.790524203609275,NA
"4ddc8081bba333e0",3102,0.0464067700199429,NA
"8b343ac3698afea7",3103,0.194178587971662,NA
"96752afd7d44eb07",3104,0.517038031579143,NA
"42da08d111a6132d",3105,0.33286582101044,NA
"a9862d3e9d0415c7",3106,0.031839429617324,NA
"b876fe5f053771df",3107,0.441324264945597,NA
"8f24a4ff28945a91",3108,5.00009999963804,NA
"0c70654a3c28b763",3109,0.316344767127102,NA
"96f40e651d8de4fa",3110,0.0662702395006439,NA
"2a943d132ac382d5",3111,0.23156053789484,NA
"5049c9ca0a0856d6",3112,0.210613145162929,NA
"79e2eaca23ef16eb",3113,0.0382669799743723,NA
"143427088af54e02",3114,0.0338334616426152,NA
"7403cf7e9ce0b11f",3115,0.128042551996,NA
"ce1f1b09c3bada91",3116,0.0356533812861607,NA
"47be3c97ae044871",3117,0.569626525172638,NA
"4a883e323d7fb249",3118,0.101436359567262,NA
"65f3c197ee74fb06",3119,0.266456632606495,NA
"550f655ea633faf0",3120,5.00009999963804,NA
"88e1041325d225d6",3121,0.316344767127102,NA
"a3467aacd3a66531",3122,0.66679284140358,NA
"bba9bfb5d6047a6d",3123,0.214231593342831,NA
"23fff9e205ed79ad",3124,0.2495588339482,NA
"90062506f206c3c0",3125,0.0397747947814316,NA
"8807c17230063d2e",3126,0.0314514366965042,NA
"e71311d8010e4cf1",3127,0.219218216947144,NA
"9e2fd356ce6d2033",3128,0.219218216947144,NA
"7491c8130f94c655",3129,0.276716964920992,NA
"3204d3dd66beb87b",3130,0.360047410708115,NA
"3b34f19a28fd4185",3131,2.49238615028942,NA
"b9c915f9167eb6a3",3132,0.047756561675091,NA
"f69327623c137211",3133,0.256444336750768,NA
"cbf24207f907379f",3134,0.0662220715200679,NA
"2281841aa4c30b5a",3135,0.0158264228583457,NA
"be0e7d23f0a8b4bb",3136,2.07235593082859,NA
"0ac385c0e9dd1dec",3137,5.00009999963804,NA
"69e2a6d6036a14c2",3138,0.58195543975298,NA
"6e5a0a634c19d354",3139,5.00009999963804,NA
"55203e3a273f1ea0",3140,5.00009999963804,NA
"56f15544c6a48471",3141,2.49835552195297,NA
"2d1c19ac98eb38cb",3142,5.00009999963804,NA
"b41ca756623a84c4",3143,0.216546840062806,NA
"3b9df1f8ea497f57",3144,0.14331485927505,NA
"c352fe35dfe66bba",3145,0.11001959954914,NA
"2e0b3d3f9911e045",3146,1.41639792001379,NA
"eb129462cec688cf",3147,0.493186374744127,NA
"1cea41d97592eff2",3148,0.0158593548506024,NA
"8c6235e33ab20382",3149,0.468641031572878,NA
"8a8d5a098f342bd9",3150,5.00009999963804,NA
"b469a6c726f222b2",3151,0.953922041141277,NA
"43ded4f9dddbbb60",3152,2.12716190943483,NA
"7deeab16010ab2ca",3153,0.159823903522189,NA
"5b5aae230426a904",3154,0.216533125009895,NA
"da41b6d59616fe7b",3155,0.0313257650654449,NA
"a0e8229ca5b12736",3156,5.00009999963804,NA
"35998e4322299e2d",3157,0.157876301322975,NA
"f9107cfa0bde2cd4",3158,0.533639043477507,NA
"5a569bdd65dde98b",3159,0.360047410708115,NA
"549dfefea508df41",3160,5.00009999963804,NA
"93fa673cb9d5fe78",3161,5.00009999963804,NA
"a38a0ba96b219b77",3162,2.93006221742853,NA
"f36948c03d07f933",3163,5.00009999963804,NA
