"sex","age","edu","arear","ethnicity","party_kmt","party_dpp","party_tpp","n","n_wt","prop","prop_wt","cell"
"男性","20至29歲","大學及以上","中彰投區","本省閩南人","05","05","05",7,10.0506787323135,0.00264250660626652,0.0038083330804187,"男性 | 20至29歲 | 大學及以上 | 中彰投區 | 本省閩南人 | 05 | 05 | 05"
"男性","30至39歲","大學及以上","北北基宜蘭區","本省閩南人","05","05","05",7,8.02529748962548,0.00264250660626652,0.00304088974724464,"男性 | 30至39歲 | 大學及以上 | 北北基宜蘭區 | 本省閩南人 | 05 | 05 | 05"
"女性","40至49歲","大學及以上","北北基宜蘭區","本省閩南人","05","05","05",6,5.47786773565509,0.00226500566251416,0.00207563543353371,"女性 | 40至49歲 | 大學及以上 | 北北基宜蘭區 | 本省閩南人 | 05 | 05 | 05"
"女性","30至39歲","大學及以上","中彰投區","本省閩南人","05","05","05",5,6.27647923589638,0.0018875047187618,0.00237823973278302,"女性 | 30至39歲 | 大學及以上 | 中彰投區 | 本省閩南人 | 05 | 05 | 05"
"女性","30至39歲","大學及以上","北北基宜蘭區","本省閩南人","05","05","05",5,6.1296666393249,0.0018875047187618,0.00232261052772767,"女性 | 30至39歲 | 大學及以上 | 北北基宜蘭區 | 本省閩南人 | 05 | 05 | 05"
"女性","20至29歲","大學及以上","雲嘉南區","本省閩南人","05","05","05",4,5.29140405580039,0.00151000377500944,0.00200498191657229,"女性 | 20至29歲 | 大學及以上 | 雲嘉南區 | 本省閩南人 | 05 | 05 | 05"
"女性","40至49歲","高中、職","雲嘉南區","本省閩南人","05","05","05",4,4.48457604097189,0.00151000377500944,0.00169926427292688,"女性 | 40至49歲 | 高中、職 | 雲嘉南區 | 本省閩南人 | 05 | 05 | 05"
"男性","30至39歲","大學及以上","中彰投區","本省閩南人","05","05","05",4,4.69572150557774,0.00151000377500944,0.00177927003960745,"男性 | 30至39歲 | 大學及以上 | 中彰投區 | 本省閩南人 | 05 | 05 | 05"
"男性","40至49歲","大學及以上","桃竹苗區","本省閩南人","05","05","05",4,3.21525426555676,0.00151000377500944,0.00121830171947588,"男性 | 40至49歲 | 大學及以上 | 桃竹苗區 | 本省閩南人 | 05 | 05 | 05"
"男性","50至59歲","國、初中","北北基宜蘭區","本省閩南人","05","05","05",4,5.05388164517733,0.00151000377500944,0.00191498158148961,"男性 | 50至59歲 | 國、初中 | 北北基宜蘭區 | 本省閩南人 | 05 | 05 | 05"
"男性","60歲及以上","高中、職","中彰投區","本省閩南人","05","05","05",4,3.133914564,0.00151000377500944,0.00118748104711729,"男性 | 60歲及以上 | 高中、職 | 中彰投區 | 本省閩南人 | 05 | 05 | 05"
"女性","20至29歲","大學及以上","桃竹苗區","本省客家人","05","05","05",3,4.23488780376386,0.00113250283125708,0.00160465414769289,"女性 | 20至29歲 | 大學及以上 | 桃竹苗區 | 本省客家人 | 05 | 05 | 05"
"女性","30至39歲","大學及以上","雲嘉南區","本省閩南人","05","05","05",3,3.24471964846274,0.00113250283125708,0.00122946653684162,"女性 | 30至39歲 | 大學及以上 | 雲嘉南區 | 本省閩南人 | 05 | 05 | 05"
"女性","30至39歲","高中、職","桃竹苗區","本省閩南人","05","05","05",3,4.81946616535766,0.00113250283125708,0.00182615850295569,"女性 | 30至39歲 | 高中、職 | 桃竹苗區 | 本省閩南人 | 05 | 05 | 05"
"女性","40至49歲","大學及以上","中彰投區","本省閩南人","05","05","05",3,2.80453449778572,0.00113250283125708,0.00106267464989743,"女性 | 40至49歲 | 大學及以上 | 中彰投區 | 本省閩南人 | 05 | 05 | 05"
"女性","40至49歲","大學及以上","北北基宜蘭區","本省閩南人","00","08","00",3,2.73893386782754,0.00113250283125708,0.00103781771676685,"女性 | 40至49歲 | 大學及以上 | 北北基宜蘭區 | 本省閩南人 | 00 | 08 | 00"
"女性","40至49歲","專科","北北基宜蘭區","本省閩南人","05","03","06",3,2.96434630994944,0.00113250283125708,0.00112322942705373,"女性 | 40至49歲 | 專科 | 北北基宜蘭區 | 本省閩南人 | 05 | 03 | 06"
"女性","40至49歲","專科","桃竹苗區","本省閩南人","05","05","05",3,2.79079367837476,0.00113250283125708,0.00105746807445029,"女性 | 40至49歲 | 專科 | 桃竹苗區 | 本省閩南人 | 05 | 05 | 05"
"女性","40至49歲","高中、職","北北基宜蘭區","本省閩南人","05","05","05",3,3.81235718571189,0.00113250283125708,0.00144455179310826,"女性 | 40至49歲 | 高中、職 | 北北基宜蘭區 | 本省閩南人 | 05 | 05 | 05"
"女性","50至59歲","大學及以上","北北基宜蘭區","本省閩南人","05","05","05",3,2.4732215402152,0.00113250283125708,0.000937135854967037,"女性 | 50至59歲 | 大學及以上 | 北北基宜蘭區 | 本省閩南人 | 05 | 05 | 05"
"女性","50至59歲","專科","北北基宜蘭區","本省閩南人","05","05","05",3,2.67676603387272,0.00113250283125708,0.00101426151475365,"女性 | 50至59歲 | 專科 | 北北基宜蘭區 | 本省閩南人 | 05 | 05 | 05"
"女性","60歲及以上","國、初中","中彰投區","本省閩南人","05","05","05",3,2.95915144473518,0.00113250283125708,0.00112126102496162,"女性 | 60歲及以上 | 國、初中 | 中彰投區 | 本省閩南人 | 05 | 05 | 05"
"女性","60歲及以上","國、初中","北北基宜蘭區","本省閩南人","00","10","00",3,2.88993418280827,0.00113250283125708,0.00109503370287194,"女性 | 60歲及以上 | 國、初中 | 北北基宜蘭區 | 本省閩南人 | 00 | 10 | 00"
"女性","60歲及以上","國、初中","高屏區","本省閩南人","05","05","05",3,3.65174141559837,0.00113250283125708,0.00138369238581334,"女性 | 60歲及以上 | 國、初中 | 高屏區 | 本省閩南人 | 05 | 05 | 05"
"女性","60歲及以上","小學及以下","北北基宜蘭區","本省閩南人","00","09","00",3,2.79073802176651,0.00113250283125708,0.0010574469854365,"女性 | 60歲及以上 | 小學及以下 | 北北基宜蘭區 | 本省閩南人 | 00 | 09 | 00"
"女性","60歲及以上","小學及以下","北北基宜蘭區","本省閩南人","05","05","05",3,2.79073802176651,0.00113250283125708,0.0010574469854365,"女性 | 60歲及以上 | 小學及以下 | 北北基宜蘭區 | 本省閩南人 | 05 | 05 | 05"
"女性","60歲及以上","小學及以下","雲嘉南區","本省閩南人","05","05","05",3,2.4621139086761,0.00113250283125708,0.00093292702870146,"女性 | 60歲及以上 | 小學及以下 | 雲嘉南區 | 本省閩南人 | 05 | 05 | 05"
"女性","60歲及以上","小學及以下","高屏區","本省閩南人","00","10","00",3,3.52639644002783,0.00113250283125708,0.00133619754196814,"女性 | 60歲及以上 | 小學及以下 | 高屏區 | 本省閩南人 | 00 | 10 | 00"
"女性","60歲及以上","高中、職","中彰投區","本省閩南人","05","05","03",3,2.51334535103906,0.00113250283125708,0.000952339289495465,"女性 | 60歲及以上 | 高中、職 | 中彰投區 | 本省閩南人 | 05 | 05 | 03"
"女性","60歲及以上","高中、職","北北基宜蘭區","本省閩南人","00","10","00",3,2.45455590185925,0.00113250283125708,0.000930063201476526,"女性 | 60歲及以上 | 高中、職 | 北北基宜蘭區 | 本省閩南人 | 00 | 10 | 00"
"女性","60歲及以上","高中、職","北北基宜蘭區","本省閩南人","05","05","04",3,2.45455590185925,0.00113250283125708,0.000930063201476526,"女性 | 60歲及以上 | 高中、職 | 北北基宜蘭區 | 本省閩南人 | 05 | 05 | 04"
"男性","20至29歲","高中、職","中彰投區","本省閩南人","05","05","05",3,5.995572281896,0.00113250283125708,0.00227180042913681,"男性 | 20至29歲 | 高中、職 | 中彰投區 | 本省閩南人 | 05 | 05 | 05"
"男性","30至39歲","大學及以上","雲嘉南區","本省閩南人","05","05","05",3,3.03440417394314,0.00113250283125708,0.00114977526421524,"男性 | 30至39歲 | 大學及以上 | 雲嘉南區 | 本省閩南人 | 05 | 05 | 05"
"男性","40至49歲","大學及以上","中彰投區","本省閩南人","05","05","05",3,2.62275084076382,0.00113250283125708,0.000993794454544033,"男性 | 40至49歲 | 大學及以上 | 中彰投區 | 本省閩南人 | 05 | 05 | 05"
"男性","40至49歲","大學及以上","北北基宜蘭區","本省閩南人","05","05","05",3,2.56140229699896,0.00113250283125708,0.00097054869225496,"男性 | 40至49歲 | 大學及以上 | 北北基宜蘭區 | 本省閩南人 | 05 | 05 | 05"
"男性","50至59歲","專科","雲嘉南區","本省閩南人","05","05","05",3,2.20849150635788,0.00113250283125708,0.000836826197065247,"男性 | 50至59歲 | 專科 | 雲嘉南區 | 本省閩南人 | 05 | 05 | 05"
"男性","60歲及以上","國、初中","雲嘉南區","本省閩南人","05","05","05",3,2.38436793350647,0.00113250283125708,0.000903468066078767,"男性 | 60歲及以上 | 國、初中 | 雲嘉南區 | 本省閩南人 | 05 | 05 | 05"
"男性","60歲及以上","小學及以下","高屏區","本省閩南人","00","10","00",3,3.29782330552604,0.00113250283125708,0.00124958820417093,"男性 | 60歲及以上 | 小學及以下 | 高屏區 | 本省閩南人 | 00 | 10 | 00"
"男性","60歲及以上","高中、職","中彰投區","本省閩南人","00","10","00",3,2.350435923,0.00113250283125708,0.000890610785337971,"男性 | 60歲及以上 | 高中、職 | 中彰投區 | 本省閩南人 | 00 | 10 | 00"
"男性","60歲及以上","高中、職","雲嘉南區","本省閩南人","00","10","00",3,2.02515490429095,0.00113250283125708,0.000767357570607385,"男性 | 60歲及以上 | 高中、職 | 雲嘉南區 | 本省閩南人 | 00 | 10 | 00"
"女性","20至29歲","大學及以上","中彰投區","本省閩南人","05","05","05",2,3.07065552187571,0.000755001887504719,0.00116351137211584,"女性 | 20至29歲 | 大學及以上 | 中彰投區 | 本省閩南人 | 05 | 05 | 05"
"女性","20至29歲","大學及以上","北北基宜蘭區","本省閩南人","05","05","05",2,2.99883007748248,0.000755001887504719,0.00113629577571845,"女性 | 20至29歲 | 大學及以上 | 北北基宜蘭區 | 本省閩南人 | 05 | 05 | 05"
"女性","20至29歲","大學及以上","北北基宜蘭區","本省閩南人","05","05","06",2,2.99883007748248,0.000755001887504719,0.00113629577571845,"女性 | 20至29歲 | 大學及以上 | 北北基宜蘭區 | 本省閩南人 | 05 | 05 | 06"
"女性","20至29歲","大學及以上","高屏區","本省閩南人","05","05","05",2,3.78934304366867,0.000755001887504719,0.00143583143493197,"女性 | 20至29歲 | 大學及以上 | 高屏區 | 本省閩南人 | 05 | 05 | 05"
"女性","30至39歲","大學及以上","北北基宜蘭區","本省客家人","05","05","05",2,2.45186665572996,0.000755001887504719,0.000929044211091069,"女性 | 30至39歲 | 大學及以上 | 北北基宜蘭區 | 本省客家人 | 05 | 05 | 05"
"女性","30至39歲","大學及以上","北北基宜蘭區","本省閩南人","03","03","03",2,2.45186665572996,0.000755001887504719,0.000929044211091069,"女性 | 30至39歲 | 大學及以上 | 北北基宜蘭區 | 本省閩南人 | 03 | 03 | 03"
"女性","30至39歲","大學及以上","北北基宜蘭區","本省閩南人","03","05","04",2,2.45186665572996,0.000755001887504719,0.000929044211091069,"女性 | 30至39歲 | 大學及以上 | 北北基宜蘭區 | 本省閩南人 | 03 | 05 | 04"
"女性","30至39歲","大學及以上","桃竹苗區","本省閩南人","05","05","05",2,2.3083180059167,0.000755001887504719,0.000874651757974878,"女性 | 30至39歲 | 大學及以上 | 桃竹苗區 | 本省閩南人 | 05 | 05 | 05"
"女性","30至39歲","專科","北北基宜蘭區","本省閩南人","05","05","05",2,2.65365365654707,0.000755001887504719,0.00100550393394935,"女性 | 30至39歲 | 專科 | 北北基宜蘭區 | 本省閩南人 | 05 | 05 | 05"
"女性","30至39歲","高中、職","北北基宜蘭區","本省閩南人","05","05","05",2,3.41278465069097,0.000755001887504719,0.00129314855521005,"女性 | 30至39歲 | 高中、職 | 北北基宜蘭區 | 本省閩南人 | 05 | 05 | 05"
"女性","40至49歲","大學及以上","中彰投區","本省閩南人","04","07","02",2,1.86968966519048,0.000755001887504719,0.000708449766598288,"女性 | 40至49歲 | 大學及以上 | 中彰投區 | 本省閩南人 | 04 | 07 | 02"
"女性","40至49歲","大學及以上","北北基宜蘭區","本省閩南人","00","07","00",2,1.82595591188503,0.000755001887504719,0.00069187847784457,"女性 | 40至49歲 | 大學及以上 | 北北基宜蘭區 | 本省閩南人 | 00 | 07 | 00"
"女性","40至49歲","大學及以上","北北基宜蘭區","本省閩南人","03","06","02",2,1.82595591188503,0.000755001887504719,0.00069187847784457,"女性 | 40至49歲 | 大學及以上 | 北北基宜蘭區 | 本省閩南人 | 03 | 06 | 02"
"女性","40至49歲","大學及以上","北北基宜蘭區","本省閩南人","04","08","04",2,1.82595591188503,0.000755001887504719,0.00069187847784457,"女性 | 40至49歲 | 大學及以上 | 北北基宜蘭區 | 本省閩南人 | 04 | 08 | 04"
"女性","40至49歲","大學及以上","北北基宜蘭區","本省閩南人","05","05","03",2,1.82595591188503,0.000755001887504719,0.00069187847784457,"女性 | 40至49歲 | 大學及以上 | 北北基宜蘭區 | 本省閩南人 | 05 | 05 | 03"
"女性","40至49歲","大學及以上","北北基宜蘭區","本省閩南人","05","06","05",2,1.82595591188503,0.000755001887504719,0.00069187847784457,"女性 | 40至49歲 | 大學及以上 | 北北基宜蘭區 | 本省閩南人 | 05 | 06 | 05"
"女性","40至49歲","大學及以上","桃竹苗區","本省閩南人","05","05","05",2,1.71905225741545,0.000755001887504719,0.000651371290760259,"女性 | 40至49歲 | 大學及以上 | 桃竹苗區 | 本省閩南人 | 05 | 05 | 05"
"女性","40至49歲","大學及以上","桃竹苗區","本省閩南人","06","04","05",2,1.71905225741545,0.000755001887504719,0.000651371290760259,"女性 | 40至49歲 | 大學及以上 | 桃竹苗區 | 本省閩南人 | 06 | 04 | 05"
"女性","40至49歲","大學及以上","花東區","本省閩南人","00","07","00",2,1.44607498088177,0.000755001887504719,0.00054793664518916,"女性 | 40至49歲 | 大學及以上 | 花東區 | 本省閩南人 | 00 | 07 | 00"
"女性","40至49歲","大學及以上","雲嘉南區","本省閩南人","01","08","00",2,1.61093997796172,0.000755001887504719,0.000610406139927272,"女性 | 40至49歲 | 大學及以上 | 雲嘉南區 | 本省閩南人 | 01 | 08 | 00"
"女性","40至49歲","大學及以上","雲嘉南區","本省閩南人","02","06","05",2,1.61093997796172,0.000755001887504719,0.000610406139927272,"女性 | 40至49歲 | 大學及以上 | 雲嘉南區 | 本省閩南人 | 02 | 06 | 05"
"女性","40至49歲","高中、職","中彰投區","本省閩南人","00","10","00",2,2.60244502938433,0.000755001887504719,0.000986100318131871,"女性 | 40至49歲 | 高中、職 | 中彰投區 | 本省閩南人 | 00 | 10 | 00"
"女性","40至49歲","高中、職","雲嘉南區","本省閩南人","01","01","01",2,2.24228802048594,0.000755001887504719,0.000849632136463441,"女性 | 40至49歲 | 高中、職 | 雲嘉南區 | 本省閩南人 | 01 | 01 | 01"
"女性","50至59歲","大學及以上","北北基宜蘭區","本省客家人","05","05","05",2,1.64881436014346,0.000755001887504719,0.000624757236644692,"女性 | 50至59歲 | 大學及以上 | 北北基宜蘭區 | 本省客家人 | 05 | 05 | 05"
"女性","50至59歲","大學及以上","高屏區","本省閩南人","05","05","05",2,2.08345356838484,0.000755001887504719,0.000789447693764854,"女性 | 50至59歲 | 大學及以上 | 高屏區 | 本省閩南人 | 05 | 05 | 05"
"女性","50至59歲","專科","北北基宜蘭區","本省客家人","06","00","03",2,1.78451068924848,0.000755001887504719,0.000676174343169103,"女性 | 50至59歲 | 專科 | 北北基宜蘭區 | 本省客家人 | 06 | 00 | 03"
"女性","50至59歲","高中、職","中彰投區","本省閩南人","05","05","05",2,2.34997390024773,0.000755001887504719,0.000890435718899352,"女性 | 50至59歲 | 高中、職 | 中彰投區 | 本省閩南人 | 05 | 05 | 05"
"女性","50至59歲","高中、職","高屏區","本省閩南人","05","05","05",2,2.89998574840695,0.000755001887504719,0.00109884237199758,"女性 | 50至59歲 | 高中、職 | 高屏區 | 本省閩南人 | 05 | 05 | 05"
"女性","60歲及以上","國、初中","北北基宜蘭區","本省閩南人","03","08","00",2,1.92662278853885,0.000755001887504719,0.000730022468581296,"女性 | 60歲及以上 | 國、初中 | 北北基宜蘭區 | 本省閩南人 | 03 | 08 | 00"
"女性","60歲及以上","國、初中","雲嘉南區","本省閩南人","00","10","00",2,1.69975279923667,0.000755001887504719,0.000644058474683458,"女性 | 60歲及以上 | 國、初中 | 雲嘉南區 | 本省閩南人 | 00 | 10 | 00"
"女性","60歲及以上","國、初中","雲嘉南區","本省閩南人","05","05","05",2,1.69975279923667,0.000755001887504719,0.000644058474683458,"女性 | 60歲及以上 | 國、初中 | 雲嘉南區 | 本省閩南人 | 05 | 05 | 05"
"女性","60歲及以上","國、初中","高屏區","本省閩南人","00","10","00",2,2.43449427706558,0.000755001887504719,0.000922461590542229,"女性 | 60歲及以上 | 國、初中 | 高屏區 | 本省閩南人 | 00 | 10 | 00"
"女性","60歲及以上","大學及以上","北北基宜蘭區","本省閩南人","05","05","05",2,1.17562721479762,0.000755001887504719,0.000445460464073924,"女性 | 60歲及以上 | 大學及以上 | 北北基宜蘭區 | 本省閩南人 | 05 | 05 | 05"
"女性","60歲及以上","專科","北北基宜蘭區","大陸各省市","05","05","05",2,1.2723805554406,0.000755001887504719,0.000482121565042858,"女性 | 60歲及以上 | 專科 | 北北基宜蘭區 | 大陸各省市 | 05 | 05 | 05"
"女性","60歲及以上","專科","桃竹苗區","本省閩南人","05","03","04",2,1.19788689961503,0.000755001887504719,0.000453894948580654,"女性 | 60歲及以上 | 專科 | 桃竹苗區 | 本省閩南人 | 05 | 03 | 04"
"女性","60歲及以上","小學及以下","中彰投區","本省閩南人","05","05","05",2,1.90505294736803,0.000755001887504719,0.000721849374817377,"女性 | 60歲及以上 | 小學及以下 | 中彰投區 | 本省閩南人 | 05 | 05 | 05"
"女性","60歲及以上","小學及以下","北北基宜蘭區","本省閩南人","00","10","00",2,1.86049201451101,0.000755001887504719,0.000704964656957667,"女性 | 60歲及以上 | 小學及以下 | 北北基宜蘭區 | 本省閩南人 | 00 | 10 | 00"
"女性","60歲及以上","小學及以下","北北基宜蘭區","本省閩南人","03","08","02",2,1.86049201451101,0.000755001887504719,0.000704964656957667,"女性 | 60歲及以上 | 小學及以下 | 北北基宜蘭區 | 本省閩南人 | 03 | 08 | 02"
"女性","60歲及以上","小學及以下","北北基宜蘭區","本省閩南人","05","05","03",2,1.86049201451101,0.000755001887504719,0.000704964656957667,"女性 | 60歲及以上 | 小學及以下 | 北北基宜蘭區 | 本省閩南人 | 05 | 05 | 03"
"女性","60歲及以上","小學及以下","桃竹苗區","本省閩南人","05","05","04",2,1.751566386,0.000755001887504719,0.000663691317573115,"女性 | 60歲及以上 | 小學及以下 | 桃竹苗區 | 本省閩南人 | 05 | 05 | 04"
"女性","60歲及以上","小學及以下","雲嘉南區","本省閩南人","05","05","01",2,1.64140927245073,0.000755001887504719,0.00062195135246764,"女性 | 60歲及以上 | 小學及以下 | 雲嘉南區 | 本省閩南人 | 05 | 05 | 01"
"女性","60歲及以上","小學及以下","高屏區","本省閩南人","00","00","00",2,2.35093096001855,0.000755001887504719,0.000890798361312092,"女性 | 60歲及以上 | 小學及以下 | 高屏區 | 本省閩南人 | 00 | 00 | 00"
"女性","60歲及以上","小學及以下","高屏區","本省閩南人","01","08","00",2,2.35093096001855,0.000755001887504719,0.000890798361312092,"女性 | 60歲及以上 | 小學及以下 | 高屏區 | 本省閩南人 | 01 | 08 | 00"
"女性","60歲及以上","小學及以下","高屏區","本省閩南人","05","05","05",2,2.35093096001855,0.000755001887504719,0.000890798361312092,"女性 | 60歲及以上 | 小學及以下 | 高屏區 | 本省閩南人 | 05 | 05 | 05"
"女性","60歲及以上","高中、職","北北基宜蘭區","本省閩南人","00","09","00",2,1.6363706012395,0.000755001887504719,0.000620042134317684,"女性 | 60歲及以上 | 高中、職 | 北北基宜蘭區 | 本省閩南人 | 00 | 09 | 00"
"女性","60歲及以上","高中、職","北北基宜蘭區","本省閩南人","05","05","05",2,1.6363706012395,0.000755001887504719,0.000620042134317684,"女性 | 60歲及以上 | 高中、職 | 北北基宜蘭區 | 本省閩南人 | 05 | 05 | 05"
"女性","60歲及以上","高中、職","雲嘉南區","本省閩南人","05","05","04",2,1.443679338,0.000755001887504719,0.000547028904898329,"女性 | 60歲及以上 | 高中、職 | 雲嘉南區 | 本省閩南人 | 05 | 05 | 04"
"女性","60歲及以上","高中、職","高屏區","本省閩南人","00","10","00",2,2.06772954600894,0.000755001887504719,0.000783489656883341,"女性 | 60歲及以上 | 高中、職 | 高屏區 | 本省閩南人 | 00 | 10 | 00"
"男性","20至29歲","大學及以上","北北基宜蘭區","本省閩南人","06","04","07",2,2.80445261530383,0.000755001887504719,0.00106264362355854,"男性 | 20至29歲 | 大學及以上 | 北北基宜蘭區 | 本省閩南人 | 06 | 04 | 07"
"男性","20至29歲","大學及以上","桃竹苗區","本省閩南人","05","05","05",2,2.64026122852865,0.000755001887504719,0.00100042936853859,"男性 | 20至29歲 | 大學及以上 | 桃竹苗區 | 本省閩南人 | 05 | 05 | 05"
"男性","20至29歲","大學及以上","雲嘉南區","本省閩南人","04","04","04",2,2.47421353652963,0.000755001887504719,0.000937511735291197,"男性 | 20至29歲 | 大學及以上 | 雲嘉南區 | 本省閩南人 | 04 | 04 | 04"
"男性","20至29歲","大學及以上","高屏區","本省閩南人","05","05","05",2,3.54372629809735,0.000755001887504719,0.00134276405090976,"男性 | 20至29歲 | 大學及以上 | 高屏區 | 本省閩南人 | 05 | 05 | 05"
"男性","30至39歲","大學及以上","中彰投區","本省客家人","05","05","05",2,2.34786075278887,0.000755001887504719,0.000889635019803727,"男性 | 30至39歲 | 大學及以上 | 中彰投區 | 本省客家人 | 05 | 05 | 05"
"男性","30至39歲","大學及以上","中彰投區","本省閩南人","02","07","01",2,2.34786075278887,0.000755001887504719,0.000889635019803727,"男性 | 30至39歲 | 大學及以上 | 中彰投區 | 本省閩南人 | 02 | 07 | 01"
"男性","30至39歲","大學及以上","北北基宜蘭區","本省閩南人","05","03","05",2,2.29294213989299,0.000755001887504719,0.000868825642069897,"男性 | 30至39歲 | 大學及以上 | 北北基宜蘭區 | 本省閩南人 | 05 | 03 | 05"
"男性","30至39歲","大學及以上","雲嘉南區","本省閩南人","00","05","02",2,2.02293611596209,0.000755001887504719,0.00076651684281016,"男性 | 30至39歲 | 大學及以上 | 雲嘉南區 | 本省閩南人 | 00 | 05 | 02"
"男性","30至39歲","大學及以上","雲嘉南區","本省閩南人","00","08","02",2,2.02293611596209,0.000755001887504719,0.00076651684281016,"男性 | 30至39歲 | 大學及以上 | 雲嘉南區 | 本省閩南人 | 00 | 08 | 02"
"男性","30至39歲","大學及以上","雲嘉南區","本省閩南人","03","03","05",2,2.02293611596209,0.000755001887504719,0.00076651684281016,"男性 | 30至39歲 | 大學及以上 | 雲嘉南區 | 本省閩南人 | 03 | 03 | 05"
"男性","30至39歲","大學及以上","高屏區","本省閩南人","05","05","05",2,2.89737801837458,0.000755001887504719,0.00109785426912298,"男性 | 30至39歲 | 大學及以上 | 高屏區 | 本省閩南人 | 05 | 05 | 05"
"男性","30至39歲","專科","中彰投區","本省閩南人","05","05","05",2,2.54108813672278,0.000755001887504719,0.000962851392337095,"男性 | 30至39歲 | 專科 | 中彰投區 | 本省閩南人 | 05 | 05 | 05"
"男性","30至39歲","高中、職","中彰投區","本省閩南人","05","05","05",2,3.26801750019807,0.000755001887504719,0.00123829439631553,"男性 | 30至39歲 | 高中、職 | 中彰投區 | 本省閩南人 | 05 | 05 | 05"
"男性","30至39歲","高中、職","雲嘉南區","本省閩南人","05","05","05",2,2.815750730061,0.000755001887504719,0.00106692462639646,"男性 | 30至39歲 | 高中、職 | 雲嘉南區 | 本省閩南人 | 05 | 05 | 05"
"男性","30至39歲","高中、職","高屏區","本省閩南人","05","05","05",2,4.03289763138213,0.000755001887504719,0.0015281174404825,"男性 | 30至39歲 | 高中、職 | 高屏區 | 本省閩南人 | 05 | 05 | 05"
"男性","40至49歲","大學及以上","中彰投區","本省閩南人","00","08","00",2,1.74850056050921,0.000755001887504719,0.000662529636362689,"男性 | 40至49歲 | 大學及以上 | 中彰投區 | 本省閩南人 | 00 | 08 | 00"
"男性","40至49歲","大學及以上","中彰投區","本省閩南人","05","03","05",2,1.74850056050921,0.000755001887504719,0.000662529636362689,"男性 | 40至49歲 | 大學及以上 | 中彰投區 | 本省閩南人 | 05 | 03 | 05"
"男性","40至49歲","大學及以上","中彰投區","本省閩南人","07","03","06",2,1.74850056050921,0.000755001887504719,0.000662529636362689,"男性 | 40至49歲 | 大學及以上 | 中彰投區 | 本省閩南人 | 07 | 03 | 06"
"男性","40至49歲","大學及以上","北北基宜蘭區","本省閩南人","03","01","06",2,1.70760153133264,0.000755001887504719,0.000647032461503306,"男性 | 40至49歲 | 大學及以上 | 北北基宜蘭區 | 本省閩南人 | 03 | 01 | 06"
"男性","40至49歲","大學及以上","桃竹苗區","本省客家人","04","03","05",2,1.60762713277838,0.000755001887504719,0.000609150859737939,"男性 | 40至49歲 | 大學及以上 | 桃竹苗區 | 本省客家人 | 04 | 03 | 05"
"男性","40至49歲","大學及以上","雲嘉南區","本省閩南人","05","05","05",2,1.50652244960973,0.000755001887504719,0.000570840978410374,"男性 | 40至49歲 | 大學及以上 | 雲嘉南區 | 本省閩南人 | 05 | 05 | 05"
"男性","40至49歲","專科","雲嘉南區","本省閩南人","05","05","05",2,1.63050824878032,0.000755001887504719,0.000617820812614548,"男性 | 40至49歲 | 專科 | 雲嘉南區 | 本省閩南人 | 05 | 05 | 05"
"男性","40至49歲","高中、職","中彰投區","本省閩南人","05","00","05",2,2.43376035996291,0.000755001887504719,0.000922183499792854,"男性 | 40至49歲 | 高中、職 | 中彰投區 | 本省閩南人 | 05 | 00 | 05"
"男性","40至49歲","高中、職","中彰投區","本省閩南人","05","05","05",2,2.43376035996291,0.000755001887504719,0.000922183499792854,"男性 | 40至49歲 | 高中、職 | 中彰投區 | 本省閩南人 | 05 | 05 | 05"
"男性","40至49歲","高中、職","雲嘉南區","本省閩南人","05","05","05",2,2.09694792330327,0.000755001887504719,0.000794560880605615,"男性 | 40至49歲 | 高中、職 | 雲嘉南區 | 本省閩南人 | 05 | 05 | 05"
"男性","50至59歲","大學及以上","雲嘉南區","本省閩南人","02","08","05",2,1.36037011223929,0.000755001887504719,0.000515461954166083,"男性 | 50至59歲 | 大學及以上 | 雲嘉南區 | 本省閩南人 | 02 | 08 | 05"
"男性","50至59歲","大學及以上","雲嘉南區","本省閩南人","05","05","05",2,1.36037011223929,0.000755001887504719,0.000515461954166083,"男性 | 50至59歲 | 大學及以上 | 雲嘉南區 | 本省閩南人 | 05 | 05 | 05"
"男性","50至59歲","專科","北北基宜蘭區","本省閩南人","05","05","05",2,1.66884269538269,0.000755001887504719,0.000632346233733219,"男性 | 50至59歲 | 專科 | 北北基宜蘭區 | 本省閩南人 | 05 | 05 | 05"
"男性","50至59歲","高中、職","北北基宜蘭區","大陸各省市","08","00","05",2,2.14624870927227,0.000755001887504719,0.000813241590545406,"男性 | 50至59歲 | 高中、職 | 北北基宜蘭區 | 大陸各省市 | 08 | 00 | 05"
"男性","50至59歲","高中、職","雲嘉南區","本省閩南人","00","10","00",2,1.89351661007308,0.000755001887504719,0.000717478106357073,"男性 | 50至59歲 | 高中、職 | 雲嘉南區 | 本省閩南人 | 00 | 10 | 00"
"男性","50至59歲","高中、職","雲嘉南區","本省閩南人","05","05","05",2,1.89351661007308,0.000755001887504719,0.000717478106357073,"男性 | 50至59歲 | 高中、職 | 雲嘉南區 | 本省閩南人 | 05 | 05 | 05"
"男性","50至59歲","高中、職","高屏區","本省閩南人","05","05","05",2,2.71201515468702,0.000755001887504719,0.00102761786574527,"男性 | 50至59歲 | 高中、職 | 高屏區 | 本省閩南人 | 05 | 05 | 05"
"男性","60歲及以上","國、初中","中彰投區","本省閩南人","00","09","00",2,1.84489724189031,0.000755001887504719,0.000699055594491859,"男性 | 60歲及以上 | 國、初中 | 中彰投區 | 本省閩南人 | 00 | 09 | 00"
"男性","60歲及以上","國、初中","北北基宜蘭區","本省閩南人","00","10","00",2,1.80174340606777,0.000755001887504719,0.000682704044025761,"男性 | 60歲及以上 | 國、初中 | 北北基宜蘭區 | 本省閩南人 | 00 | 10 | 00"
"男性","60歲及以上","國、初中","高屏區","本省閩南人","00","10","00",2,2.27669579998024,0.000755001887504719,0.000862669692270553,"男性 | 60歲及以上 | 國、初中 | 高屏區 | 本省閩南人 | 00 | 10 | 00"
"男性","60歲及以上","大學及以上","北北基宜蘭區","本省閩南人","00","09","00",2,1.09942568667625,0.000755001887504719,0.000416586712554031,"男性 | 60歲及以上 | 大學及以上 | 北北基宜蘭區 | 本省閩南人 | 00 | 09 | 00"
"男性","60歲及以上","大學及以上","北北基宜蘭區","本省閩南人","02","08","01",2,1.09942568667625,0.000755001887504719,0.000416586712554031,"男性 | 60歲及以上 | 大學及以上 | 北北基宜蘭區 | 本省閩南人 | 02 | 08 | 01"
"男性","60歲及以上","大學及以上","北北基宜蘭區","本省閩南人","02","08","02",2,1.09942568667625,0.000755001887504719,0.000416586712554031,"男性 | 60歲及以上 | 大學及以上 | 北北基宜蘭區 | 本省閩南人 | 02 | 08 | 02"
"男性","60歲及以上","大學及以上","北北基宜蘭區","本省閩南人","08","03","05",2,1.09942568667625,0.000755001887504719,0.000416586712554031,"男性 | 60歲及以上 | 大學及以上 | 北北基宜蘭區 | 本省閩南人 | 08 | 03 | 05"
"男性","60歲及以上","大學及以上","桃竹苗區","本省閩南人","05","05","05",2,1.035057964,0.000755001887504719,0.00039219694405103,"男性 | 60歲及以上 | 大學及以上 | 桃竹苗區 | 本省閩南人 | 05 | 05 | 05"
"男性","60歲及以上","大學及以上","雲嘉南區","本省閩南人","00","09","00",2,0.969962516584739,0.000755001887504719,0.000367531431165898,"男性 | 60歲及以上 | 大學及以上 | 雲嘉南區 | 本省閩南人 | 00 | 09 | 00"
"男性","60歲及以上","大學及以上","雲嘉南區","本省閩南人","00","10","00",2,0.969962516584739,0.000755001887504719,0.000367531431165898,"男性 | 60歲及以上 | 大學及以上 | 雲嘉南區 | 本省閩南人 | 00 | 10 | 00"
"男性","60歲及以上","專科","中彰投區","本省閩南人","05","05","05",2,1.21840735577902,0.000755001887504719,0.000461670416697384,"男性 | 60歲及以上 | 專科 | 中彰投區 | 本省閩南人 | 05 | 05 | 05"
"男性","60歲及以上","專科","中彰投區","本省閩南人","07","05","06",2,1.21840735577902,0.000755001887504719,0.000461670416697384,"男性 | 60歲及以上 | 專科 | 中彰投區 | 本省閩南人 | 07 | 05 | 06"
"男性","60歲及以上","專科","北北基宜蘭區","本省閩南人","02","08","00",2,1.18990769205661,0.000755001887504719,0.00045087152290866,"男性 | 60歲及以上 | 專科 | 北北基宜蘭區 | 本省閩南人 | 02 | 08 | 00"
"男性","60歲及以上","專科","高屏區","本省閩南人","03","07","03",2,1.50357583424261,0.000755001887504719,0.000569724467468501,"男性 | 60歲及以上 | 專科 | 高屏區 | 本省閩南人 | 03 | 07 | 03"
"男性","60歲及以上","小學及以下","中彰投區","本省閩南人","05","05","05",2,1.781571674,0.000755001887504719,0.000675060712011175,"男性 | 60歲及以上 | 小學及以下 | 中彰投區 | 本省閩南人 | 05 | 05 | 05"
"男性","60歲及以上","小學及以下","北北基宜蘭區","本省閩南人","02","09","00",2,1.73989908098678,0.000755001887504719,0.000659270423738522,"男性 | 60歲及以上 | 小學及以下 | 北北基宜蘭區 | 本省閩南人 | 02 | 09 | 00"
"男性","60歲及以上","小學及以下","桃竹苗區","本省閩南人","05","05","05",2,1.63803376816347,0.000755001887504719,0.000620672329927705,"男性 | 60歲及以上 | 小學及以下 | 桃竹苗區 | 本省閩南人 | 05 | 05 | 05"
"男性","60歲及以上","小學及以下","雲嘉南區","本省閩南人","00","10","00",2,1.5350167925396,0.000755001887504719,0.000581637856081501,"男性 | 60歲及以上 | 小學及以下 | 雲嘉南區 | 本省閩南人 | 00 | 10 | 00"
"男性","60歲及以上","高中、職","北北基宜蘭區","本省閩南人","00","05","00",2,1.53030471673306,0.000755001887504719,0.000579852389184248,"男性 | 60歲及以上 | 高中、職 | 北北基宜蘭區 | 本省閩南人 | 00 | 05 | 00"
"男性","60歲及以上","高中、職","北北基宜蘭區","本省閩南人","00","10","00",2,1.53030471673306,0.000755001887504719,0.000579852389184248,"男性 | 60歲及以上 | 高中、職 | 北北基宜蘭區 | 本省閩南人 | 00 | 10 | 00"
"男性","60歲及以上","高中、職","北北基宜蘭區","本省閩南人","05","05","03",2,1.53030471673306,0.000755001887504719,0.000579852389184248,"男性 | 60歲及以上 | 高中、職 | 北北基宜蘭區 | 本省閩南人 | 05 | 05 | 03"
"男性","60歲及以上","高中、職","高屏區","本省閩南人","05","05","05",2,1.93370393894206,0.000755001887504719,0.000732705608700107,"男性 | 60歲及以上 | 高中、職 | 高屏區 | 本省閩南人 | 05 | 05 | 05"
"女性","18至19歲","大學及以上","中彰投區","本省閩南人","04","04","04",1,1.27101430787996,0.000377500943752359,0.000481603876046942,"女性 | 18至19歲 | 大學及以上 | 中彰投區 | 本省閩南人 | 04 | 04 | 04"
"女性","18至19歲","大學及以上","中彰投區","本省閩南人","04","04","05",1,1.27101430787996,0.000377500943752359,0.000481603876046942,"女性 | 18至19歲 | 大學及以上 | 中彰投區 | 本省閩南人 | 04 | 04 | 05"
"女性","18至19歲","大學及以上","中彰投區","本省閩南人","04","07","05",1,1.27101430787996,0.000377500943752359,0.000481603876046942,"女性 | 18至19歲 | 大學及以上 | 中彰投區 | 本省閩南人 | 04 | 07 | 05"
"女性","18至19歲","大學及以上","中彰投區","本省閩南人","05","00","05",1,1.27101430787996,0.000377500943752359,0.000481603876046942,"女性 | 18至19歲 | 大學及以上 | 中彰投區 | 本省閩南人 | 05 | 00 | 05"
"女性","18至19歲","大學及以上","中彰投區","本省閩南人","05","06","05",1,1.27101430787996,0.000377500943752359,0.000481603876046942,"女性 | 18至19歲 | 大學及以上 | 中彰投區 | 本省閩南人 | 05 | 06 | 05"
"女性","18至19歲","大學及以上","桃竹苗區","大陸各省市","05","04","06",1,1.16861105660858,0.000377500943752359,0.000442801950351575,"女性 | 18至19歲 | 大學及以上 | 桃竹苗區 | 大陸各省市 | 05 | 04 | 06"
"女性","18至19歲","大學及以上","雲嘉南區","本省閩南人","04","04","04",1,1.09511637104577,0.000377500943752359,0.000414953856733385,"女性 | 18至19歲 | 大學及以上 | 雲嘉南區 | 本省閩南人 | 04 | 04 | 04"
"女性","18至19歲","大學及以上","雲嘉南區","本省閩南人","05","05","05",1,1.09511637104577,0.000377500943752359,0.000414953856733385,"女性 | 18至19歲 | 大學及以上 | 雲嘉南區 | 本省閩南人 | 05 | 05 | 05"
"女性","18至19歲","大學及以上","高屏區","本省閩南人","03","04","04",1,1.56849545370894,0.000377500943752359,0.000594323356853643,"女性 | 18至19歲 | 大學及以上 | 高屏區 | 本省閩南人 | 03 | 04 | 04"
"女性","18至19歲","大學及以上","高屏區","本省閩南人","04","08","06",1,1.56849545370894,0.000377500943752359,0.000594323356853643,"女性 | 18至19歲 | 大學及以上 | 高屏區 | 本省閩南人 | 04 | 08 | 06"
"女性","18至19歲","大學及以上","高屏區","本省閩南人","05","05","05",1,1.56849545370894,0.000377500943752359,0.000594323356853643,"女性 | 18至19歲 | 大學及以上 | 高屏區 | 本省閩南人 | 05 | 05 | 05"
"女性","18至19歲","高中、職","北北基宜蘭區","本省閩南人","05","05","05",1,1.72775928897097,0.000377500943752359,0.000654670498424563,"女性 | 18至19歲 | 高中、職 | 北北基宜蘭區 | 本省閩南人 | 05 | 05 | 05"
"女性","18至19歲","高中、職","桃竹苗區","本省閩南人","06","01","07",1,1.62660472065279,0.000377500943752359,0.000616341714964094,"女性 | 18至19歲 | 高中、職 | 桃竹苗區 | 本省閩南人 | 06 | 01 | 07"
"女性","20至29歲","國、初中","中彰投區","本省閩南人","03","03","03",1,2.516101546,0.000377500943752359,0.000953383647665235,"女性 | 20至29歲 | 國、初中 | 中彰投區 | 本省閩南人 | 03 | 03 | 03"
"女性","20至29歲","國、初中","北北基宜蘭區","本省閩南人","05","05","05",1,2.457247626,0.000377500943752359,0.000931083130812805,"女性 | 20至29歲 | 國、初中 | 北北基宜蘭區 | 本省閩南人 | 05 | 05 | 05"
"女性","20至29歲","大學及以上","中彰投區","台灣人","00","01","00",1,1.53532776093785,0.000377500943752359,0.000581755686057922,"女性 | 20至29歲 | 大學及以上 | 中彰投區 | 台灣人 | 00 | 01 | 00"
"女性","20至29歲","大學及以上","中彰投區","大陸各省市","00","07","00",1,1.53532776093785,0.000377500943752359,0.000581755686057922,"女性 | 20至29歲 | 大學及以上 | 中彰投區 | 大陸各省市 | 00 | 07 | 00"
"女性","20至29歲","大學及以上","中彰投區","本省客家人","05","05","05",1,1.53532776093785,0.000377500943752359,0.000581755686057922,"女性 | 20至29歲 | 大學及以上 | 中彰投區 | 本省客家人 | 05 | 05 | 05"
"女性","20至29歲","大學及以上","中彰投區","本省客家人","06","05","06",1,1.53532776093785,0.000377500943752359,0.000581755686057922,"女性 | 20至29歲 | 大學及以上 | 中彰投區 | 本省客家人 | 06 | 05 | 06"
"女性","20至29歲","大學及以上","中彰投區","本省閩南人","00","07","00",1,1.53532776093785,0.000377500943752359,0.000581755686057922,"女性 | 20至29歲 | 大學及以上 | 中彰投區 | 本省閩南人 | 00 | 07 | 00"
"女性","20至29歲","大學及以上","中彰投區","本省閩南人","03","06","05",1,1.53532776093785,0.000377500943752359,0.000581755686057922,"女性 | 20至29歲 | 大學及以上 | 中彰投區 | 本省閩南人 | 03 | 06 | 05"
"女性","20至29歲","大學及以上","中彰投區","本省閩南人","04","03","04",1,1.53532776093785,0.000377500943752359,0.000581755686057922,"女性 | 20至29歲 | 大學及以上 | 中彰投區 | 本省閩南人 | 04 | 03 | 04"
"女性","20至29歲","大學及以上","中彰投區","本省閩南人","05","04","06",1,1.53532776093785,0.000377500943752359,0.000581755686057922,"女性 | 20至29歲 | 大學及以上 | 中彰投區 | 本省閩南人 | 05 | 04 | 06"
"女性","20至29歲","大學及以上","中彰投區","本省閩南人","05","07","04",1,1.53532776093785,0.000377500943752359,0.000581755686057922,"女性 | 20至29歲 | 大學及以上 | 中彰投區 | 本省閩南人 | 05 | 07 | 04"
"女性","20至29歲","大學及以上","中彰投區","本省閩南人","06","05","06",1,1.53532776093785,0.000377500943752359,0.000581755686057922,"女性 | 20至29歲 | 大學及以上 | 中彰投區 | 本省閩南人 | 06 | 05 | 06"
"女性","20至29歲","大學及以上","中彰投區","本省閩南人","07","03","05",1,1.53532776093785,0.000377500943752359,0.000581755686057922,"女性 | 20至29歲 | 大學及以上 | 中彰投區 | 本省閩南人 | 07 | 03 | 05"
"女性","20至29歲","大學及以上","北北基宜蘭區","外國新住民","03","04","05",1,1.49941503874124,0.000377500943752359,0.000568147887859225,"女性 | 20至29歲 | 大學及以上 | 北北基宜蘭區 | 外國新住民 | 03 | 04 | 05"
"女性","20至29歲","大學及以上","北北基宜蘭區","大陸各省市","06","05","04",1,1.49941503874124,0.000377500943752359,0.000568147887859225,"女性 | 20至29歲 | 大學及以上 | 北北基宜蘭區 | 大陸各省市 | 06 | 05 | 04"
"女性","20至29歲","大學及以上","北北基宜蘭區","本省客家人","03","04","04",1,1.49941503874124,0.000377500943752359,0.000568147887859225,"女性 | 20至29歲 | 大學及以上 | 北北基宜蘭區 | 本省客家人 | 03 | 04 | 04"
"女性","20至29歲","大學及以上","北北基宜蘭區","本省客家人","05","01","06",1,1.49941503874124,0.000377500943752359,0.000568147887859225,"女性 | 20至29歲 | 大學及以上 | 北北基宜蘭區 | 本省客家人 | 05 | 01 | 06"
"女性","20至29歲","大學及以上","北北基宜蘭區","本省客家人","06","04","07",1,1.49941503874124,0.000377500943752359,0.000568147887859225,"女性 | 20至29歲 | 大學及以上 | 北北基宜蘭區 | 本省客家人 | 06 | 04 | 07"
"女性","20至29歲","大學及以上","北北基宜蘭區","本省客家人","06","05","03",1,1.49941503874124,0.000377500943752359,0.000568147887859225,"女性 | 20至29歲 | 大學及以上 | 北北基宜蘭區 | 本省客家人 | 06 | 05 | 03"
"女性","20至29歲","大學及以上","北北基宜蘭區","本省閩南人","00","00","01",1,1.49941503874124,0.000377500943752359,0.000568147887859225,"女性 | 20至29歲 | 大學及以上 | 北北基宜蘭區 | 本省閩南人 | 00 | 00 | 01"
"女性","20至29歲","大學及以上","北北基宜蘭區","本省閩南人","00","07","00",1,1.49941503874124,0.000377500943752359,0.000568147887859225,"女性 | 20至29歲 | 大學及以上 | 北北基宜蘭區 | 本省閩南人 | 00 | 07 | 00"
"女性","20至29歲","大學及以上","北北基宜蘭區","本省閩南人","01","08","03",1,1.49941503874124,0.000377500943752359,0.000568147887859225,"女性 | 20至29歲 | 大學及以上 | 北北基宜蘭區 | 本省閩南人 | 01 | 08 | 03"
"女性","20至29歲","大學及以上","北北基宜蘭區","本省閩南人","02","02","02",1,1.49941503874124,0.000377500943752359,0.000568147887859225,"女性 | 20至29歲 | 大學及以上 | 北北基宜蘭區 | 本省閩南人 | 02 | 02 | 02"
"女性","20至29歲","大學及以上","北北基宜蘭區","本省閩南人","03","03","05",1,1.49941503874124,0.000377500943752359,0.000568147887859225,"女性 | 20至29歲 | 大學及以上 | 北北基宜蘭區 | 本省閩南人 | 03 | 03 | 05"
"女性","20至29歲","大學及以上","北北基宜蘭區","本省閩南人","03","04","04",1,1.49941503874124,0.000377500943752359,0.000568147887859225,"女性 | 20至29歲 | 大學及以上 | 北北基宜蘭區 | 本省閩南人 | 03 | 04 | 04"
"女性","20至29歲","大學及以上","北北基宜蘭區","本省閩南人","04","00","05",1,1.49941503874124,0.000377500943752359,0.000568147887859225,"女性 | 20至29歲 | 大學及以上 | 北北基宜蘭區 | 本省閩南人 | 04 | 00 | 05"
"女性","20至29歲","大學及以上","北北基宜蘭區","本省閩南人","04","06","03",1,1.49941503874124,0.000377500943752359,0.000568147887859225,"女性 | 20至29歲 | 大學及以上 | 北北基宜蘭區 | 本省閩南人 | 04 | 06 | 03"
"女性","20至29歲","大學及以上","北北基宜蘭區","本省閩南人","04","07","03",1,1.49941503874124,0.000377500943752359,0.000568147887859225,"女性 | 20至29歲 | 大學及以上 | 北北基宜蘭區 | 本省閩南人 | 04 | 07 | 03"
"女性","20至29歲","大學及以上","北北基宜蘭區","本省閩南人","05","05","02",1,1.49941503874124,0.000377500943752359,0.000568147887859225,"女性 | 20至29歲 | 大學及以上 | 北北基宜蘭區 | 本省閩南人 | 05 | 05 | 02"
"女性","20至29歲","大學及以上","北北基宜蘭區","本省閩南人","07","06","04",1,1.49941503874124,0.000377500943752359,0.000568147887859225,"女性 | 20至29歲 | 大學及以上 | 北北基宜蘭區 | 本省閩南人 | 07 | 06 | 04"
"女性","20至29歲","大學及以上","北北基宜蘭區","本省閩南人","08","07","00",1,1.49941503874124,0.000377500943752359,0.000568147887859225,"女性 | 20至29歲 | 大學及以上 | 北北基宜蘭區 | 本省閩南人 | 08 | 07 | 00"
"女性","20至29歲","大學及以上","桃竹苗區","本省客家人","05","05","06",1,1.41162926792129,0.000377500943752359,0.000534884715897631,"女性 | 20至29歲 | 大學及以上 | 桃竹苗區 | 本省客家人 | 05 | 05 | 06"
"女性","20至29歲","大學及以上","桃竹苗區","本省客家人","06","06","06",1,1.41162926792129,0.000377500943752359,0.000534884715897631,"女性 | 20至29歲 | 大學及以上 | 桃竹苗區 | 本省客家人 | 06 | 06 | 06"
"女性","20至29歲","大學及以上","桃竹苗區","本省閩南人","00","04","00",1,1.41162926792129,0.000377500943752359,0.000534884715897631,"女性 | 20至29歲 | 大學及以上 | 桃竹苗區 | 本省閩南人 | 00 | 04 | 00"
"女性","20至29歲","大學及以上","桃竹苗區","本省閩南人","00","06","00",1,1.41162926792129,0.000377500943752359,0.000534884715897631,"女性 | 20至29歲 | 大學及以上 | 桃竹苗區 | 本省閩南人 | 00 | 06 | 00"
"女性","20至29歲","大學及以上","桃竹苗區","本省閩南人","01","07","02",1,1.41162926792129,0.000377500943752359,0.000534884715897631,"女性 | 20至29歲 | 大學及以上 | 桃竹苗區 | 本省閩南人 | 01 | 07 | 02"
"女性","20至29歲","大學及以上","桃竹苗區","本省閩南人","04","06","05",1,1.41162926792129,0.000377500943752359,0.000534884715897631,"女性 | 20至29歲 | 大學及以上 | 桃竹苗區 | 本省閩南人 | 04 | 06 | 05"
"女性","20至29歲","大學及以上","桃竹苗區","本省閩南人","05","03","07",1,1.41162926792129,0.000377500943752359,0.000534884715897631,"女性 | 20至29歲 | 大學及以上 | 桃竹苗區 | 本省閩南人 | 05 | 03 | 07"
"女性","20至29歲","大學及以上","桃竹苗區","本省閩南人","05","05","05",1,1.41162926792129,0.000377500943752359,0.000534884715897631,"女性 | 20至29歲 | 大學及以上 | 桃竹苗區 | 本省閩南人 | 05 | 05 | 05"
"女性","20至29歲","大學及以上","桃竹苗區","本省閩南人","05","05","06",1,1.41162926792129,0.000377500943752359,0.000534884715897631,"女性 | 20至29歲 | 大學及以上 | 桃竹苗區 | 本省閩南人 | 05 | 05 | 06"
"女性","20至29歲","大學及以上","桃竹苗區","本省閩南人","06","07","06",1,1.41162926792129,0.000377500943752359,0.000534884715897631,"女性 | 20至29歲 | 大學及以上 | 桃竹苗區 | 本省閩南人 | 06 | 07 | 06"
"女性","20至29歲","大學及以上","花東區","大陸各省市","00","00","00",1,1.18746929176574,0.000377500943752359,0.00044994758127861,"女性 | 20至29歲 | 大學及以上 | 花東區 | 大陸各省市 | 00 | 00 | 00"
"女性","20至29歲","大學及以上","花東區","本省閩南人","06","05","05",1,1.18746929176574,0.000377500943752359,0.00044994758127861,"女性 | 20至29歲 | 大學及以上 | 花東區 | 本省閩南人 | 06 | 05 | 05"
"女性","20至29歲","大學及以上","雲嘉南區","台灣人","04","05","04",1,1.3228510139501,0.000377500943752359,0.000501245479143074,"女性 | 20至29歲 | 大學及以上 | 雲嘉南區 | 台灣人 | 04 | 05 | 04"
"女性","20至29歲","大學及以上","雲嘉南區","本省閩南人","00","07","02",1,1.3228510139501,0.000377500943752359,0.000501245479143074,"女性 | 20至29歲 | 大學及以上 | 雲嘉南區 | 本省閩南人 | 00 | 07 | 02"
"女性","20至29歲","大學及以上","雲嘉南區","本省閩南人","01","01","01",1,1.3228510139501,0.000377500943752359,0.000501245479143074,"女性 | 20至29歲 | 大學及以上 | 雲嘉南區 | 本省閩南人 | 01 | 01 | 01"
"女性","20至29歲","大學及以上","雲嘉南區","本省閩南人","03","05","03",1,1.3228510139501,0.000377500943752359,0.000501245479143074,"女性 | 20至29歲 | 大學及以上 | 雲嘉南區 | 本省閩南人 | 03 | 05 | 03"
"女性","20至29歲","大學及以上","雲嘉南區","本省閩南人","03","06","05",1,1.3228510139501,0.000377500943752359,0.000501245479143074,"女性 | 20至29歲 | 大學及以上 | 雲嘉南區 | 本省閩南人 | 03 | 06 | 05"
"女性","20至29歲","大學及以上","雲嘉南區","本省閩南人","04","02","06",1,1.3228510139501,0.000377500943752359,0.000501245479143074,"女性 | 20至29歲 | 大學及以上 | 雲嘉南區 | 本省閩南人 | 04 | 02 | 06"
"女性","20至29歲","大學及以上","雲嘉南區","本省閩南人","04","04","04",1,1.3228510139501,0.000377500943752359,0.000501245479143074,"女性 | 20至29歲 | 大學及以上 | 雲嘉南區 | 本省閩南人 | 04 | 04 | 04"
"女性","20至29歲","大學及以上","雲嘉南區","本省閩南人","04","06","04",1,1.3228510139501,0.000377500943752359,0.000501245479143074,"女性 | 20至29歲 | 大學及以上 | 雲嘉南區 | 本省閩南人 | 04 | 06 | 04"
"女性","20至29歲","大學及以上","雲嘉南區","本省閩南人","04","09","02",1,1.3228510139501,0.000377500943752359,0.000501245479143074,"女性 | 20至29歲 | 大學及以上 | 雲嘉南區 | 本省閩南人 | 04 | 09 | 02"
"女性","20至29歲","大學及以上","雲嘉南區","本省閩南人","05","00","08",1,1.3228510139501,0.000377500943752359,0.000501245479143074,"女性 | 20至29歲 | 大學及以上 | 雲嘉南區 | 本省閩南人 | 05 | 00 | 08"
"女性","20至29歲","大學及以上","雲嘉南區","本省閩南人","05","04","08",1,1.3228510139501,0.000377500943752359,0.000501245479143074,"女性 | 20至29歲 | 大學及以上 | 雲嘉南區 | 本省閩南人 | 05 | 04 | 08"
"女性","20至29歲","大學及以上","雲嘉南區","本省閩南人","05","05","06",1,1.3228510139501,0.000377500943752359,0.000501245479143074,"女性 | 20至29歲 | 大學及以上 | 雲嘉南區 | 本省閩南人 | 05 | 05 | 06"
"女性","20至29歲","大學及以上","雲嘉南區","本省閩南人","05","06","05",1,1.3228510139501,0.000377500943752359,0.000501245479143074,"女性 | 20至29歲 | 大學及以上 | 雲嘉南區 | 本省閩南人 | 05 | 06 | 05"
"女性","20至29歲","大學及以上","雲嘉南區","本省閩南人","05","06","06",1,1.3228510139501,0.000377500943752359,0.000501245479143074,"女性 | 20至29歲 | 大學及以上 | 雲嘉南區 | 本省閩南人 | 05 | 06 | 06"
"女性","20至29歲","大學及以上","雲嘉南區","本省閩南人","06","00","05",1,1.3228510139501,0.000377500943752359,0.000501245479143074,"女性 | 20至29歲 | 大學及以上 | 雲嘉南區 | 本省閩南人 | 06 | 00 | 05"
"女性","20至29歲","大學及以上","雲嘉南區","本省閩南人","06","05","05",1,1.3228510139501,0.000377500943752359,0.000501245479143074,"女性 | 20至29歲 | 大學及以上 | 雲嘉南區 | 本省閩南人 | 06 | 05 | 05"
"女性","20至29歲","大學及以上","雲嘉南區","本省閩南人","06","05","07",1,1.3228510139501,0.000377500943752359,0.000501245479143074,"女性 | 20至29歲 | 大學及以上 | 雲嘉南區 | 本省閩南人 | 06 | 05 | 07"
"女性","20至29歲","大學及以上","雲嘉南區","本省閩南人","06","07","05",1,1.3228510139501,0.000377500943752359,0.000501245479143074,"女性 | 20至29歲 | 大學及以上 | 雲嘉南區 | 本省閩南人 | 06 | 07 | 05"
"女性","20至29歲","大學及以上","高屏區","本省客家人","02","02","02",1,1.89467152183433,0.000377500943752359,0.000717915717465983,"女性 | 20至29歲 | 大學及以上 | 高屏區 | 本省客家人 | 02 | 02 | 02"
"女性","20至29歲","大學及以上","高屏區","本省閩南人","00","05","04",1,1.89467152183433,0.000377500943752359,0.000717915717465983,"女性 | 20至29歲 | 大學及以上 | 高屏區 | 本省閩南人 | 00 | 05 | 04"
"女性","20至29歲","大學及以上","高屏區","本省閩南人","00","07","00",1,1.89467152183433,0.000377500943752359,0.000717915717465983,"女性 | 20至29歲 | 大學及以上 | 高屏區 | 本省閩南人 | 00 | 07 | 00"
"女性","20至29歲","大學及以上","高屏區","本省閩南人","03","03","04",1,1.89467152183433,0.000377500943752359,0.000717915717465983,"女性 | 20至29歲 | 大學及以上 | 高屏區 | 本省閩南人 | 03 | 03 | 04"
"女性","20至29歲","大學及以上","高屏區","本省閩南人","04","04","04",1,1.89467152183433,0.000377500943752359,0.000717915717465983,"女性 | 20至29歲 | 大學及以上 | 高屏區 | 本省閩南人 | 04 | 04 | 04"
"女性","20至29歲","大學及以上","高屏區","本省閩南人","04","06","07",1,1.89467152183433,0.000377500943752359,0.000717915717465983,"女性 | 20至29歲 | 大學及以上 | 高屏區 | 本省閩南人 | 04 | 06 | 07"
"女性","20至29歲","大學及以上","高屏區","本省閩南人","05","01","06",1,1.89467152183433,0.000377500943752359,0.000717915717465983,"女性 | 20至29歲 | 大學及以上 | 高屏區 | 本省閩南人 | 05 | 01 | 06"
"女性","20至29歲","大學及以上","高屏區","本省閩南人","05","06","06",1,1.89467152183433,0.000377500943752359,0.000717915717465983,"女性 | 20至29歲 | 大學及以上 | 高屏區 | 本省閩南人 | 05 | 06 | 06"
"女性","20至29歲","專科","中彰投區","本省閩南人","05","05","04",1,1.66168421814032,0.000377500943752359,0.000629633793467879,"女性 | 20至29歲 | 專科 | 中彰投區 | 本省閩南人 | 05 | 05 | 04"
"女性","20至29歲","專科","中彰投區","本省閩南人","05","05","05",1,1.66168421814032,0.000377500943752359,0.000629633793467879,"女性 | 20至29歲 | 專科 | 中彰投區 | 本省閩南人 | 05 | 05 | 05"
"女性","20至29歲","專科","北北基宜蘭區","本省客家人","07","02","03",1,1.62281590270771,0.000377500943752359,0.000614906082495858,"女性 | 20至29歲 | 專科 | 北北基宜蘭區 | 本省客家人 | 07 | 02 | 03"
"女性","20至29歲","專科","北北基宜蘭區","本省閩南人","05","05","05",1,1.62281590270771,0.000377500943752359,0.000614906082495858,"女性 | 20至29歲 | 專科 | 北北基宜蘭區 | 本省閩南人 | 05 | 05 | 05"
"女性","20至29歲","專科","桃竹苗區","本省閩南人","05","05","05",1,1.5278054211284,0.000377500943752359,0.00057890537352665,"女性 | 20至29歲 | 專科 | 桃竹苗區 | 本省閩南人 | 05 | 05 | 05"
"女性","20至29歲","專科","高屏區","本省閩南人","01","06","04",1,2.05060173240719,0.000377500943752359,0.00077699970522216,"女性 | 20至29歲 | 專科 | 高屏區 | 本省閩南人 | 01 | 06 | 04"
"女性","20至29歲","專科","高屏區","本省閩南人","05","05","05",1,2.05060173240719,0.000377500943752359,0.00077699970522216,"女性 | 20至29歲 | 專科 | 高屏區 | 本省閩南人 | 05 | 05 | 05"
"女性","20至29歲","高中、職","花東區","原住民","10","02","05",1,1.65285374008175,0.000377500943752359,0.00062628781031569,"女性 | 20至29歲 | 高中、職 | 花東區 | 原住民 | 10 | 02 | 05"
"女性","20至29歲","高中、職","花東區","原住民","10","07","08",1,1.65285374008175,0.000377500943752359,0.00062628781031569,"女性 | 20至29歲 | 高中、職 | 花東區 | 原住民 | 10 | 07 | 08"
"女性","20至29歲","高中、職","雲嘉南區","本省閩南人","06","00","05",1,1.84129329586882,0.000377500943752359,0.000697690012403402,"女性 | 20至29歲 | 高中、職 | 雲嘉南區 | 本省閩南人 | 06 | 00 | 05"
"女性","20至29歲","高中、職","雲嘉南區","本省閩南人","10","01","01",1,1.84129329586882,0.000377500943752359,0.000697690012403402,"女性 | 20至29歲 | 高中、職 | 雲嘉南區 | 本省閩南人 | 10 | 01 | 01"
"女性","20至29歲","高中、職","高屏區","本省閩南人","05","05","07",1,2.63721759611452,0.000377500943752359,0.000999276096573968,"女性 | 20至29歲 | 高中、職 | 高屏區 | 本省閩南人 | 05 | 05 | 07"
"女性","20至29歲","高中、職","高屏區","本省閩南人","05","06","06",1,2.63721759611452,0.000377500943752359,0.000999276096573968,"女性 | 20至29歲 | 高中、職 | 高屏區 | 本省閩南人 | 05 | 06 | 06"
"女性","30至39歲","國、初中","桃竹苗區","本省閩南人","05","05","05",1,1.89144059333436,0.000377500943752359,0.000716691476574932,"女性 | 30至39歲 | 國、初中 | 桃竹苗區 | 本省閩南人 | 05 | 05 | 05"
"女性","30至39歲","國、初中","雲嘉南區","本省閩南人","03","07","09",1,1.77248670283185,0.000377500943752359,0.000671618298105029,"女性 | 30至39歲 | 國、初中 | 雲嘉南區 | 本省閩南人 | 03 | 07 | 09"
"女性","30至39歲","大學及以上","中彰投區","大陸各省市","00","03","00",1,1.25529584717928,0.000377500943752359,0.000475647946556605,"女性 | 30至39歲 | 大學及以上 | 中彰投區 | 大陸各省市 | 00 | 03 | 00"
"女性","30至39歲","大學及以上","中彰投區","本省客家人","00","01","01",1,1.25529584717928,0.000377500943752359,0.000475647946556605,"女性 | 30至39歲 | 大學及以上 | 中彰投區 | 本省客家人 | 00 | 01 | 01"
"女性","30至39歲","大學及以上","中彰投區","本省客家人","00","08","00",1,1.25529584717928,0.000377500943752359,0.000475647946556605,"女性 | 30至39歲 | 大學及以上 | 中彰投區 | 本省客家人 | 00 | 08 | 00"
"女性","30至39歲","大學及以上","中彰投區","本省客家人","00","08","05",1,1.25529584717928,0.000377500943752359,0.000475647946556605,"女性 | 30至39歲 | 大學及以上 | 中彰投區 | 本省客家人 | 00 | 08 | 05"
"女性","30至39歲","大學及以上","中彰投區","本省閩南人","00","03","00",1,1.25529584717928,0.000377500943752359,0.000475647946556605,"女性 | 30至39歲 | 大學及以上 | 中彰投區 | 本省閩南人 | 00 | 03 | 00"
"女性","30至39歲","大學及以上","中彰投區","本省閩南人","00","06","00",1,1.25529584717928,0.000377500943752359,0.000475647946556605,"女性 | 30至39歲 | 大學及以上 | 中彰投區 | 本省閩南人 | 00 | 06 | 00"
"女性","30至39歲","大學及以上","中彰投區","本省閩南人","01","06","00",1,1.25529584717928,0.000377500943752359,0.000475647946556605,"女性 | 30至39歲 | 大學及以上 | 中彰投區 | 本省閩南人 | 01 | 06 | 00"
"女性","30至39歲","大學及以上","中彰投區","本省閩南人","02","03","03",1,1.25529584717928,0.000377500943752359,0.000475647946556605,"女性 | 30至39歲 | 大學及以上 | 中彰投區 | 本省閩南人 | 02 | 03 | 03"
"女性","30至39歲","大學及以上","中彰投區","本省閩南人","02","04","04",1,1.25529584717928,0.000377500943752359,0.000475647946556605,"女性 | 30至39歲 | 大學及以上 | 中彰投區 | 本省閩南人 | 02 | 04 | 04"
"女性","30至39歲","大學及以上","中彰投區","本省閩南人","03","03","03",1,1.25529584717928,0.000377500943752359,0.000475647946556605,"女性 | 30至39歲 | 大學及以上 | 中彰投區 | 本省閩南人 | 03 | 03 | 03"
"女性","30至39歲","大學及以上","中彰投區","本省閩南人","03","07","02",1,1.25529584717928,0.000377500943752359,0.000475647946556605,"女性 | 30至39歲 | 大學及以上 | 中彰投區 | 本省閩南人 | 03 | 07 | 02"
"女性","30至39歲","大學及以上","中彰投區","本省閩南人","04","04","04",1,1.25529584717928,0.000377500943752359,0.000475647946556605,"女性 | 30至39歲 | 大學及以上 | 中彰投區 | 本省閩南人 | 04 | 04 | 04"
"女性","30至39歲","大學及以上","中彰投區","本省閩南人","04","04","06",1,1.25529584717928,0.000377500943752359,0.000475647946556605,"女性 | 30至39歲 | 大學及以上 | 中彰投區 | 本省閩南人 | 04 | 04 | 06"
"女性","30至39歲","大學及以上","中彰投區","本省閩南人","05","03","07",1,1.25529584717928,0.000377500943752359,0.000475647946556605,"女性 | 30至39歲 | 大學及以上 | 中彰投區 | 本省閩南人 | 05 | 03 | 07"
"女性","30至39歲","大學及以上","中彰投區","本省閩南人","05","05","04",1,1.25529584717928,0.000377500943752359,0.000475647946556605,"女性 | 30至39歲 | 大學及以上 | 中彰投區 | 本省閩南人 | 05 | 05 | 04"
"女性","30至39歲","大學及以上","中彰投區","本省閩南人","05","05","06",1,1.25529584717928,0.000377500943752359,0.000475647946556605,"女性 | 30至39歲 | 大學及以上 | 中彰投區 | 本省閩南人 | 05 | 05 | 06"
"女性","30至39歲","大學及以上","中彰投區","本省閩南人","05","06","05",1,1.25529584717928,0.000377500943752359,0.000475647946556605,"女性 | 30至39歲 | 大學及以上 | 中彰投區 | 本省閩南人 | 05 | 06 | 05"
"女性","30至39歲","大學及以上","中彰投區","本省閩南人","05","07","07",1,1.25529584717928,0.000377500943752359,0.000475647946556605,"女性 | 30至39歲 | 大學及以上 | 中彰投區 | 本省閩南人 | 05 | 07 | 07"
"女性","30至39歲","大學及以上","中彰投區","本省閩南人","06","04","04",1,1.25529584717928,0.000377500943752359,0.000475647946556605,"女性 | 30至39歲 | 大學及以上 | 中彰投區 | 本省閩南人 | 06 | 04 | 04"
"女性","30至39歲","大學及以上","中彰投區","本省閩南人","07","00","10",1,1.25529584717928,0.000377500943752359,0.000475647946556605,"女性 | 30至39歲 | 大學及以上 | 中彰投區 | 本省閩南人 | 07 | 00 | 10"
"女性","30至39歲","大學及以上","中彰投區","本省閩南人","07","03","08",1,1.25529584717928,0.000377500943752359,0.000475647946556605,"女性 | 30至39歲 | 大學及以上 | 中彰投區 | 本省閩南人 | 07 | 03 | 08"
"女性","30至39歲","大學及以上","中彰投區","本省閩南人","07","04","06",1,1.25529584717928,0.000377500943752359,0.000475647946556605,"女性 | 30至39歲 | 大學及以上 | 中彰投區 | 本省閩南人 | 07 | 04 | 06"
"女性","30至39歲","大學及以上","中彰投區","本省閩南人","07","06","06",1,1.25529584717928,0.000377500943752359,0.000475647946556605,"女性 | 30至39歲 | 大學及以上 | 中彰投區 | 本省閩南人 | 07 | 06 | 06"
"女性","30至39歲","大學及以上","中彰投區","本省閩南人","07","07","07",1,1.25529584717928,0.000377500943752359,0.000475647946556605,"女性 | 30至39歲 | 大學及以上 | 中彰投區 | 本省閩南人 | 07 | 07 | 07"
"女性","30至39歲","大學及以上","北北基宜蘭區","原住民","03","05","04",1,1.22593332786498,0.000377500943752359,0.000464522105545534,"女性 | 30至39歲 | 大學及以上 | 北北基宜蘭區 | 原住民 | 03 | 05 | 04"
"女性","30至39歲","大學及以上","北北基宜蘭區","大陸各省市","00","10","00",1,1.22593332786498,0.000377500943752359,0.000464522105545534,"女性 | 30至39歲 | 大學及以上 | 北北基宜蘭區 | 大陸各省市 | 00 | 10 | 00"
"女性","30至39歲","大學及以上","北北基宜蘭區","大陸各省市","03","02","05",1,1.22593332786498,0.000377500943752359,0.000464522105545534,"女性 | 30至39歲 | 大學及以上 | 北北基宜蘭區 | 大陸各省市 | 03 | 02 | 05"
"女性","30至39歲","大學及以上","北北基宜蘭區","大陸各省市","04","03","06",1,1.22593332786498,0.000377500943752359,0.000464522105545534,"女性 | 30至39歲 | 大學及以上 | 北北基宜蘭區 | 大陸各省市 | 04 | 03 | 06"
"女性","30至39歲","大學及以上","北北基宜蘭區","大陸各省市","05","05","05",1,1.22593332786498,0.000377500943752359,0.000464522105545534,"女性 | 30至39歲 | 大學及以上 | 北北基宜蘭區 | 大陸各省市 | 05 | 05 | 05"
"女性","30至39歲","大學及以上","北北基宜蘭區","大陸各省市","06","03","04",1,1.22593332786498,0.000377500943752359,0.000464522105545534,"女性 | 30至39歲 | 大學及以上 | 北北基宜蘭區 | 大陸各省市 | 06 | 03 | 04"
"女性","30至39歲","大學及以上","北北基宜蘭區","本省客家人","00","09","00",1,1.22593332786498,0.000377500943752359,0.000464522105545534,"女性 | 30至39歲 | 大學及以上 | 北北基宜蘭區 | 本省客家人 | 00 | 09 | 00"
"女性","30至39歲","大學及以上","北北基宜蘭區","本省客家人","03","05","05",1,1.22593332786498,0.000377500943752359,0.000464522105545534,"女性 | 30至39歲 | 大學及以上 | 北北基宜蘭區 | 本省客家人 | 03 | 05 | 05"
"女性","30至39歲","大學及以上","北北基宜蘭區","本省客家人","03","07","07",1,1.22593332786498,0.000377500943752359,0.000464522105545534,"女性 | 30至39歲 | 大學及以上 | 北北基宜蘭區 | 本省客家人 | 03 | 07 | 07"
"女性","30至39歲","大學及以上","北北基宜蘭區","本省客家人","05","05","08",1,1.22593332786498,0.000377500943752359,0.000464522105545534,"女性 | 30至39歲 | 大學及以上 | 北北基宜蘭區 | 本省客家人 | 05 | 05 | 08"
"女性","30至39歲","大學及以上","北北基宜蘭區","本省閩南人","00","06","00",1,1.22593332786498,0.000377500943752359,0.000464522105545534,"女性 | 30至39歲 | 大學及以上 | 北北基宜蘭區 | 本省閩南人 | 00 | 06 | 00"
"女性","30至39歲","大學及以上","北北基宜蘭區","本省閩南人","00","07","00",1,1.22593332786498,0.000377500943752359,0.000464522105545534,"女性 | 30至39歲 | 大學及以上 | 北北基宜蘭區 | 本省閩南人 | 00 | 07 | 00"
"女性","30至39歲","大學及以上","北北基宜蘭區","本省閩南人","00","08","00",1,1.22593332786498,0.000377500943752359,0.000464522105545534,"女性 | 30至39歲 | 大學及以上 | 北北基宜蘭區 | 本省閩南人 | 00 | 08 | 00"
"女性","30至39歲","大學及以上","北北基宜蘭區","本省閩南人","00","10","00",1,1.22593332786498,0.000377500943752359,0.000464522105545534,"女性 | 30至39歲 | 大學及以上 | 北北基宜蘭區 | 本省閩南人 | 00 | 10 | 00"
"女性","30至39歲","大學及以上","北北基宜蘭區","本省閩南人","01","04","01",1,1.22593332786498,0.000377500943752359,0.000464522105545534,"女性 | 30至39歲 | 大學及以上 | 北北基宜蘭區 | 本省閩南人 | 01 | 04 | 01"
"女性","30至39歲","大學及以上","北北基宜蘭區","本省閩南人","01","08","03",1,1.22593332786498,0.000377500943752359,0.000464522105545534,"女性 | 30至39歲 | 大學及以上 | 北北基宜蘭區 | 本省閩南人 | 01 | 08 | 03"
"女性","30至39歲","大學及以上","北北基宜蘭區","本省閩南人","02","00","07",1,1.22593332786498,0.000377500943752359,0.000464522105545534,"女性 | 30至39歲 | 大學及以上 | 北北基宜蘭區 | 本省閩南人 | 02 | 00 | 07"
"女性","30至39歲","大學及以上","北北基宜蘭區","本省閩南人","02","06","03",1,1.22593332786498,0.000377500943752359,0.000464522105545534,"女性 | 30至39歲 | 大學及以上 | 北北基宜蘭區 | 本省閩南人 | 02 | 06 | 03"
"女性","30至39歲","大學及以上","北北基宜蘭區","本省閩南人","03","02","04",1,1.22593332786498,0.000377500943752359,0.000464522105545534,"女性 | 30至39歲 | 大學及以上 | 北北基宜蘭區 | 本省閩南人 | 03 | 02 | 04"
"女性","30至39歲","大學及以上","北北基宜蘭區","本省閩南人","03","04","05",1,1.22593332786498,0.000377500943752359,0.000464522105545534,"女性 | 30至39歲 | 大學及以上 | 北北基宜蘭區 | 本省閩南人 | 03 | 04 | 05"
"女性","30至39歲","大學及以上","北北基宜蘭區","本省閩南人","03","07","00",1,1.22593332786498,0.000377500943752359,0.000464522105545534,"女性 | 30至39歲 | 大學及以上 | 北北基宜蘭區 | 本省閩南人 | 03 | 07 | 00"
"女性","30至39歲","大學及以上","北北基宜蘭區","本省閩南人","04","01","07",1,1.22593332786498,0.000377500943752359,0.000464522105545534,"女性 | 30至39歲 | 大學及以上 | 北北基宜蘭區 | 本省閩南人 | 04 | 01 | 07"
"女性","30至39歲","大學及以上","北北基宜蘭區","本省閩南人","04","03","04",1,1.22593332786498,0.000377500943752359,0.000464522105545534,"女性 | 30至39歲 | 大學及以上 | 北北基宜蘭區 | 本省閩南人 | 04 | 03 | 04"
"女性","30至39歲","大學及以上","北北基宜蘭區","本省閩南人","04","03","05",1,1.22593332786498,0.000377500943752359,0.000464522105545534,"女性 | 30至39歲 | 大學及以上 | 北北基宜蘭區 | 本省閩南人 | 04 | 03 | 05"
"女性","30至39歲","大學及以上","北北基宜蘭區","本省閩南人","04","04","05",1,1.22593332786498,0.000377500943752359,0.000464522105545534,"女性 | 30至39歲 | 大學及以上 | 北北基宜蘭區 | 本省閩南人 | 04 | 04 | 05"
"女性","30至39歲","大學及以上","北北基宜蘭區","本省閩南人","04","05","05",1,1.22593332786498,0.000377500943752359,0.000464522105545534,"女性 | 30至39歲 | 大學及以上 | 北北基宜蘭區 | 本省閩南人 | 04 | 05 | 05"
"女性","30至39歲","大學及以上","北北基宜蘭區","本省閩南人","04","06","01",1,1.22593332786498,0.000377500943752359,0.000464522105545534,"女性 | 30至39歲 | 大學及以上 | 北北基宜蘭區 | 本省閩南人 | 04 | 06 | 01"
"女性","30至39歲","大學及以上","北北基宜蘭區","本省閩南人","04","06","03",1,1.22593332786498,0.000377500943752359,0.000464522105545534,"女性 | 30至39歲 | 大學及以上 | 北北基宜蘭區 | 本省閩南人 | 04 | 06 | 03"
"女性","30至39歲","大學及以上","北北基宜蘭區","本省閩南人","04","06","04",1,1.22593332786498,0.000377500943752359,0.000464522105545534,"女性 | 30至39歲 | 大學及以上 | 北北基宜蘭區 | 本省閩南人 | 04 | 06 | 04"
"女性","30至39歲","大學及以上","北北基宜蘭區","本省閩南人","04","07","05",1,1.22593332786498,0.000377500943752359,0.000464522105545534,"女性 | 30至39歲 | 大學及以上 | 北北基宜蘭區 | 本省閩南人 | 04 | 07 | 05"
"女性","30至39歲","大學及以上","北北基宜蘭區","本省閩南人","05","00","02",1,1.22593332786498,0.000377500943752359,0.000464522105545534,"女性 | 30至39歲 | 大學及以上 | 北北基宜蘭區 | 本省閩南人 | 05 | 00 | 02"
"女性","30至39歲","大學及以上","北北基宜蘭區","本省閩南人","05","02","05",1,1.22593332786498,0.000377500943752359,0.000464522105545534,"女性 | 30至39歲 | 大學及以上 | 北北基宜蘭區 | 本省閩南人 | 05 | 02 | 05"
"女性","30至39歲","大學及以上","北北基宜蘭區","本省閩南人","05","03","06",1,1.22593332786498,0.000377500943752359,0.000464522105545534,"女性 | 30至39歲 | 大學及以上 | 北北基宜蘭區 | 本省閩南人 | 05 | 03 | 06"
"女性","30至39歲","大學及以上","北北基宜蘭區","本省閩南人","05","03","07",1,1.22593332786498,0.000377500943752359,0.000464522105545534,"女性 | 30至39歲 | 大學及以上 | 北北基宜蘭區 | 本省閩南人 | 05 | 03 | 07"
"女性","30至39歲","大學及以上","北北基宜蘭區","本省閩南人","05","04","05",1,1.22593332786498,0.000377500943752359,0.000464522105545534,"女性 | 30至39歲 | 大學及以上 | 北北基宜蘭區 | 本省閩南人 | 05 | 04 | 05"
"女性","30至39歲","大學及以上","北北基宜蘭區","本省閩南人","05","05","03",1,1.22593332786498,0.000377500943752359,0.000464522105545534,"女性 | 30至39歲 | 大學及以上 | 北北基宜蘭區 | 本省閩南人 | 05 | 05 | 03"
"女性","30至39歲","大學及以上","北北基宜蘭區","本省閩南人","05","06","04",1,1.22593332786498,0.000377500943752359,0.000464522105545534,"女性 | 30至39歲 | 大學及以上 | 北北基宜蘭區 | 本省閩南人 | 05 | 06 | 04"
"女性","30至39歲","大學及以上","北北基宜蘭區","本省閩南人","05","07","05",1,1.22593332786498,0.000377500943752359,0.000464522105545534,"女性 | 30至39歲 | 大學及以上 | 北北基宜蘭區 | 本省閩南人 | 05 | 07 | 05"
"女性","30至39歲","大學及以上","北北基宜蘭區","本省閩南人","06","06","06",1,1.22593332786498,0.000377500943752359,0.000464522105545534,"女性 | 30至39歲 | 大學及以上 | 北北基宜蘭區 | 本省閩南人 | 06 | 06 | 06"
"女性","30至39歲","大學及以上","北北基宜蘭區","本省閩南人","06","07","08",1,1.22593332786498,0.000377500943752359,0.000464522105545534,"女性 | 30至39歲 | 大學及以上 | 北北基宜蘭區 | 本省閩南人 | 06 | 07 | 08"
"女性","30至39歲","大學及以上","北北基宜蘭區","本省閩南人","07","00","07",1,1.22593332786498,0.000377500943752359,0.000464522105545534,"女性 | 30至39歲 | 大學及以上 | 北北基宜蘭區 | 本省閩南人 | 07 | 00 | 07"
"女性","30至39歲","大學及以上","北北基宜蘭區","本省閩南人","07","03","06",1,1.22593332786498,0.000377500943752359,0.000464522105545534,"女性 | 30至39歲 | 大學及以上 | 北北基宜蘭區 | 本省閩南人 | 07 | 03 | 06"
"女性","30至39歲","大學及以上","北北基宜蘭區","本省閩南人","08","03","07",1,1.22593332786498,0.000377500943752359,0.000464522105545534,"女性 | 30至39歲 | 大學及以上 | 北北基宜蘭區 | 本省閩南人 | 08 | 03 | 07"
"女性","30至39歲","大學及以上","桃竹苗區","原住民","06","00","05",1,1.15415900295835,0.000377500943752359,0.000437325878987439,"女性 | 30至39歲 | 大學及以上 | 桃竹苗區 | 原住民 | 06 | 00 | 05"
"女性","30至39歲","大學及以上","桃竹苗區","大陸各省市","05","05","05",1,1.15415900295835,0.000377500943752359,0.000437325878987439,"女性 | 30至39歲 | 大學及以上 | 桃竹苗區 | 大陸各省市 | 05 | 05 | 05"
"女性","30至39歲","大學及以上","桃竹苗區","大陸各省市","05","08","05",1,1.15415900295835,0.000377500943752359,0.000437325878987439,"女性 | 30至39歲 | 大學及以上 | 桃竹苗區 | 大陸各省市 | 05 | 08 | 05"
"女性","30至39歲","大學及以上","桃竹苗區","大陸各省市","06","01","05",1,1.15415900295835,0.000377500943752359,0.000437325878987439,"女性 | 30至39歲 | 大學及以上 | 桃竹苗區 | 大陸各省市 | 06 | 01 | 05"
"女性","30至39歲","大學及以上","桃竹苗區","大陸各省市","09","00","08",1,1.15415900295835,0.000377500943752359,0.000437325878987439,"女性 | 30至39歲 | 大學及以上 | 桃竹苗區 | 大陸各省市 | 09 | 00 | 08"
"女性","30至39歲","大學及以上","桃竹苗區","本省客家人","05","03","05",1,1.15415900295835,0.000377500943752359,0.000437325878987439,"女性 | 30至39歲 | 大學及以上 | 桃竹苗區 | 本省客家人 | 05 | 03 | 05"
"女性","30至39歲","大學及以上","桃竹苗區","本省客家人","05","04","04",1,1.15415900295835,0.000377500943752359,0.000437325878987439,"女性 | 30至39歲 | 大學及以上 | 桃竹苗區 | 本省客家人 | 05 | 04 | 04"
"女性","30至39歲","大學及以上","桃竹苗區","本省客家人","05","05","05",1,1.15415900295835,0.000377500943752359,0.000437325878987439,"女性 | 30至39歲 | 大學及以上 | 桃竹苗區 | 本省客家人 | 05 | 05 | 05"
"女性","30至39歲","大學及以上","桃竹苗區","本省客家人","07","01","05",1,1.15415900295835,0.000377500943752359,0.000437325878987439,"女性 | 30至39歲 | 大學及以上 | 桃竹苗區 | 本省客家人 | 07 | 01 | 05"
"女性","30至39歲","大學及以上","桃竹苗區","本省閩南人","02","05","04",1,1.15415900295835,0.000377500943752359,0.000437325878987439,"女性 | 30至39歲 | 大學及以上 | 桃竹苗區 | 本省閩南人 | 02 | 05 | 04"
"女性","30至39歲","大學及以上","桃竹苗區","本省閩南人","04","07","05",1,1.15415900295835,0.000377500943752359,0.000437325878987439,"女性 | 30至39歲 | 大學及以上 | 桃竹苗區 | 本省閩南人 | 04 | 07 | 05"
"女性","30至39歲","大學及以上","桃竹苗區","本省閩南人","05","03","02",1,1.15415900295835,0.000377500943752359,0.000437325878987439,"女性 | 30至39歲 | 大學及以上 | 桃竹苗區 | 本省閩南人 | 05 | 03 | 02"
"女性","30至39歲","大學及以上","桃竹苗區","本省閩南人","06","01","03",1,1.15415900295835,0.000377500943752359,0.000437325878987439,"女性 | 30至39歲 | 大學及以上 | 桃竹苗區 | 本省閩南人 | 06 | 01 | 03"
"女性","30至39歲","大學及以上","桃竹苗區","本省閩南人","07","00","07",1,1.15415900295835,0.000377500943752359,0.000437325878987439,"女性 | 30至39歲 | 大學及以上 | 桃竹苗區 | 本省閩南人 | 07 | 00 | 07"
"女性","30至39歲","大學及以上","桃竹苗區","本省閩南人","08","05","05",1,1.15415900295835,0.000377500943752359,0.000437325878987439,"女性 | 30至39歲 | 大學及以上 | 桃竹苗區 | 本省閩南人 | 08 | 05 | 05"
"女性","30至39歲","大學及以上","雲嘉南區","大陸各省市","05","05","05",1,1.08157321615425,0.000377500943752359,0.000409822178947207,"女性 | 30至39歲 | 大學及以上 | 雲嘉南區 | 大陸各省市 | 05 | 05 | 05"
"女性","30至39歲","大學及以上","雲嘉南區","本省客家人","01","07","01",1,1.08157321615425,0.000377500943752359,0.000409822178947207,"女性 | 30至39歲 | 大學及以上 | 雲嘉南區 | 本省客家人 | 01 | 07 | 01"
"女性","30至39歲","大學及以上","雲嘉南區","本省閩南人","00","06","00",1,1.08157321615425,0.000377500943752359,0.000409822178947207,"女性 | 30至39歲 | 大學及以上 | 雲嘉南區 | 本省閩南人 | 00 | 06 | 00"
"女性","30至39歲","大學及以上","雲嘉南區","本省閩南人","02","03","05",1,1.08157321615425,0.000377500943752359,0.000409822178947207,"女性 | 30至39歲 | 大學及以上 | 雲嘉南區 | 本省閩南人 | 02 | 03 | 05"
"女性","30至39歲","大學及以上","雲嘉南區","本省閩南人","02","08","05",1,1.08157321615425,0.000377500943752359,0.000409822178947207,"女性 | 30至39歲 | 大學及以上 | 雲嘉南區 | 本省閩南人 | 02 | 08 | 05"
"女性","30至39歲","大學及以上","雲嘉南區","本省閩南人","02","10","03",1,1.08157321615425,0.000377500943752359,0.000409822178947207,"女性 | 30至39歲 | 大學及以上 | 雲嘉南區 | 本省閩南人 | 02 | 10 | 03"
"女性","30至39歲","大學及以上","雲嘉南區","本省閩南人","03","05","05",1,1.08157321615425,0.000377500943752359,0.000409822178947207,"女性 | 30至39歲 | 大學及以上 | 雲嘉南區 | 本省閩南人 | 03 | 05 | 05"
"女性","30至39歲","大學及以上","雲嘉南區","本省閩南人","03","07","00",1,1.08157321615425,0.000377500943752359,0.000409822178947207,"女性 | 30至39歲 | 大學及以上 | 雲嘉南區 | 本省閩南人 | 03 | 07 | 00"
"女性","30至39歲","大學及以上","雲嘉南區","本省閩南人","03","07","03",1,1.08157321615425,0.000377500943752359,0.000409822178947207,"女性 | 30至39歲 | 大學及以上 | 雲嘉南區 | 本省閩南人 | 03 | 07 | 03"
"女性","30至39歲","大學及以上","雲嘉南區","本省閩南人","04","04","04",1,1.08157321615425,0.000377500943752359,0.000409822178947207,"女性 | 30至39歲 | 大學及以上 | 雲嘉南區 | 本省閩南人 | 04 | 04 | 04"
"女性","30至39歲","大學及以上","雲嘉南區","本省閩南人","04","06","04",1,1.08157321615425,0.000377500943752359,0.000409822178947207,"女性 | 30至39歲 | 大學及以上 | 雲嘉南區 | 本省閩南人 | 04 | 06 | 04"
"女性","30至39歲","大學及以上","雲嘉南區","本省閩南人","06","07","04",1,1.08157321615425,0.000377500943752359,0.000409822178947207,"女性 | 30至39歲 | 大學及以上 | 雲嘉南區 | 本省閩南人 | 06 | 07 | 04"
"女性","30至39歲","大學及以上","雲嘉南區","本省閩南人","08","06","03",1,1.08157321615425,0.000377500943752359,0.000409822178947207,"女性 | 30至39歲 | 大學及以上 | 雲嘉南區 | 本省閩南人 | 08 | 06 | 03"
"女性","30至39歲","大學及以上","高屏區","大陸各省市","02","02","04",1,1.54909808422578,0.000377500943752359,0.000586973440908333,"女性 | 30至39歲 | 大學及以上 | 高屏區 | 大陸各省市 | 02 | 02 | 04"
"女性","30至39歲","大學及以上","高屏區","本省客家人","03","04","04",1,1.54909808422578,0.000377500943752359,0.000586973440908333,"女性 | 30至39歲 | 大學及以上 | 高屏區 | 本省客家人 | 03 | 04 | 04"
"女性","30至39歲","大學及以上","高屏區","本省閩南人","00","07","00",1,1.54909808422578,0.000377500943752359,0.000586973440908333,"女性 | 30至39歲 | 大學及以上 | 高屏區 | 本省閩南人 | 00 | 07 | 00"
"女性","30至39歲","大學及以上","高屏區","本省閩南人","00","08","00",1,1.54909808422578,0.000377500943752359,0.000586973440908333,"女性 | 30至39歲 | 大學及以上 | 高屏區 | 本省閩南人 | 00 | 08 | 00"
"女性","30至39歲","大學及以上","高屏區","本省閩南人","01","06","05",1,1.54909808422578,0.000377500943752359,0.000586973440908333,"女性 | 30至39歲 | 大學及以上 | 高屏區 | 本省閩南人 | 01 | 06 | 05"
"女性","30至39歲","大學及以上","高屏區","本省閩南人","02","06","06",1,1.54909808422578,0.000377500943752359,0.000586973440908333,"女性 | 30至39歲 | 大學及以上 | 高屏區 | 本省閩南人 | 02 | 06 | 06"
"女性","30至39歲","大學及以上","高屏區","本省閩南人","02","07","05",1,1.54909808422578,0.000377500943752359,0.000586973440908333,"女性 | 30至39歲 | 大學及以上 | 高屏區 | 本省閩南人 | 02 | 07 | 05"
"女性","30至39歲","大學及以上","高屏區","本省閩南人","03","03","04",1,1.54909808422578,0.000377500943752359,0.000586973440908333,"女性 | 30至39歲 | 大學及以上 | 高屏區 | 本省閩南人 | 03 | 03 | 04"
"女性","30至39歲","大學及以上","高屏區","本省閩南人","05","05","05",1,1.54909808422578,0.000377500943752359,0.000586973440908333,"女性 | 30至39歲 | 大學及以上 | 高屏區 | 本省閩南人 | 05 | 05 | 05"
"女性","30至39歲","專科","中彰投區","本省閩南人","04","01","05",1,1.35860586346769,0.000377500943752359,0.000514793457327419,"女性 | 30至39歲 | 專科 | 中彰投區 | 本省閩南人 | 04 | 01 | 05"
"女性","30至39歲","專科","北北基宜蘭區","本省客家人","02","05","07",1,1.32682682827354,0.000377500943752359,0.000502751966974674,"女性 | 30至39歲 | 專科 | 北北基宜蘭區 | 本省客家人 | 02 | 05 | 07"
"女性","30至39歲","專科","北北基宜蘭區","本省客家人","06","03","05",1,1.32682682827354,0.000377500943752359,0.000502751966974674,"女性 | 30至39歲 | 專科 | 北北基宜蘭區 | 本省客家人 | 06 | 03 | 05"
"女性","30至39歲","專科","北北基宜蘭區","本省閩南人","04","04","04",1,1.32682682827354,0.000377500943752359,0.000502751966974674,"女性 | 30至39歲 | 專科 | 北北基宜蘭區 | 本省閩南人 | 04 | 04 | 04"
"女性","30至39歲","專科","北北基宜蘭區","本省閩南人","05","02","06",1,1.32682682827354,0.000377500943752359,0.000502751966974674,"女性 | 30至39歲 | 專科 | 北北基宜蘭區 | 本省閩南人 | 05 | 02 | 06"
"女性","30至39歲","專科","北北基宜蘭區","本省閩南人","06","02","08",1,1.32682682827354,0.000377500943752359,0.000502751966974674,"女性 | 30至39歲 | 專科 | 北北基宜蘭區 | 本省閩南人 | 06 | 02 | 08"
"女性","30至39歲","專科","桃竹苗區","本省閩南人","06","06","08",1,1.24914552399479,0.000377500943752359,0.000473317508994867,"女性 | 30至39歲 | 專科 | 桃竹苗區 | 本省閩南人 | 06 | 06 | 08"
"女性","30至39歲","專科","花東區","本省閩南人","05","05","05",1,1.05078718924178,0.000377500943752359,0.000398156952366192,"女性 | 30至39歲 | 專科 | 花東區 | 本省閩南人 | 05 | 05 | 05"
"女性","30至39歲","專科","高屏區","本省閩南人","01","06","02",1,1.6765878299087,0.000377500943752359,0.000635280966084465,"女性 | 30至39歲 | 專科 | 高屏區 | 本省閩南人 | 01 | 06 | 02"
"女性","30至39歲","專科","高屏區","本省閩南人","05","08","05",1,1.6765878299087,0.000377500943752359,0.000635280966084465,"女性 | 30至39歲 | 專科 | 高屏區 | 本省閩南人 | 05 | 08 | 05"
"女性","30至39歲","高中、職","北北基宜蘭區","大陸各省市","04","00","04",1,1.70639232534549,0.000377500943752359,0.000646574277605027,"女性 | 30至39歲 | 高中、職 | 北北基宜蘭區 | 大陸各省市 | 04 | 00 | 04"
"女性","30至39歲","高中、職","北北基宜蘭區","大陸各省市","06","03","06",1,1.70639232534549,0.000377500943752359,0.000646574277605027,"女性 | 30至39歲 | 高中、職 | 北北基宜蘭區 | 大陸各省市 | 06 | 03 | 06"
"女性","30至39歲","高中、職","北北基宜蘭區","本省閩南人","00","09","00",1,1.70639232534549,0.000377500943752359,0.000646574277605027,"女性 | 30至39歲 | 高中、職 | 北北基宜蘭區 | 本省閩南人 | 00 | 09 | 00"
"女性","30至39歲","高中、職","北北基宜蘭區","本省閩南人","05","05","08",1,1.70639232534549,0.000377500943752359,0.000646574277605027,"女性 | 30至39歲 | 高中、職 | 北北基宜蘭區 | 本省閩南人 | 05 | 05 | 08"
"女性","30至39歲","高中、職","北北基宜蘭區","本省閩南人","08","05","08",1,1.70639232534549,0.000377500943752359,0.000646574277605027,"女性 | 30至39歲 | 高中、職 | 北北基宜蘭區 | 本省閩南人 | 08 | 05 | 08"
"女性","30至39歲","高中、職","桃竹苗區","大陸各省市","07","04","04",1,1.60648872178589,0.000377500943752359,0.000608719500985231,"女性 | 30至39歲 | 高中、職 | 桃竹苗區 | 大陸各省市 | 07 | 04 | 04"
"女性","30至39歲","高中、職","桃竹苗區","本省閩南人","05","05","06",1,1.60648872178589,0.000377500943752359,0.000608719500985231,"女性 | 30至39歲 | 高中、職 | 桃竹苗區 | 本省閩南人 | 05 | 05 | 06"
"女性","30至39歲","高中、職","花東區","本省閩南人","00","07","03",1,1.35138599633732,0.000377500943752359,0.000512057755633919,"女性 | 30至39歲 | 高中、職 | 花東區 | 本省閩南人 | 00 | 07 | 03"
"女性","30至39歲","高中、職","花東區","本省閩南人","05","05","05",1,1.35138599633732,0.000377500943752359,0.000512057755633919,"女性 | 30至39歲 | 高中、職 | 花東區 | 本省閩南人 | 05 | 05 | 05"
"女性","30至39歲","高中、職","雲嘉南區","大陸各省市","10","00","10",1,1.50545563400174,0.000377500943752359,0.000570436748081376,"女性 | 30至39歲 | 高中、職 | 雲嘉南區 | 大陸各省市 | 10 | 00 | 10"
"女性","30至39歲","高中、職","雲嘉南區","本省閩南人","05","00","10",1,1.50545563400174,0.000377500943752359,0.000570436748081376,"女性 | 30至39歲 | 高中、職 | 雲嘉南區 | 本省閩南人 | 05 | 00 | 10"
"女性","30至39歲","高中、職","雲嘉南區","本省閩南人","06","08","04",1,1.50545563400174,0.000377500943752359,0.000570436748081376,"女性 | 30至39歲 | 高中、職 | 雲嘉南區 | 本省閩南人 | 06 | 08 | 04"
"女性","30至39歲","高中、職","高屏區","本省閩南人","04","05","02",1,2.15620949528618,0.000377500943752359,0.000817015862103984,"女性 | 30至39歲 | 高中、職 | 高屏區 | 本省閩南人 | 04 | 05 | 02"
"女性","30至39歲","高中、職","高屏區","本省閩南人","05","04","05",1,2.15620949528618,0.000377500943752359,0.000817015862103984,"女性 | 30至39歲 | 高中、職 | 高屏區 | 本省閩南人 | 05 | 04 | 05"
"女性","30至39歲","高中、職","高屏區","本省閩南人","05","05","03",1,2.15620949528618,0.000377500943752359,0.000817015862103984,"女性 | 30至39歲 | 高中、職 | 高屏區 | 本省閩南人 | 05 | 05 | 03"
"女性","40至49歲","國、初中","中彰投區","外國新住民","05","05","05",1,1.53202761517887,0.000377500943752359,0.000580505217845886,"女性 | 40至49歲 | 國、初中 | 中彰投區 | 外國新住民 | 05 | 05 | 05"
"女性","40至49歲","國、初中","中彰投區","本省閩南人","10","09","09",1,1.53202761517887,0.000377500943752359,0.000580505217845886,"女性 | 40至49歲 | 國、初中 | 中彰投區 | 本省閩南人 | 10 | 09 | 09"
"女性","40至49歲","國、初中","北北基宜蘭區","本省客家人","08","03","05",1,1.49619208641343,0.000377500943752359,0.000566926669243697,"女性 | 40至49歲 | 國、初中 | 北北基宜蘭區 | 本省客家人 | 08 | 03 | 05"
"女性","40至49歲","國、初中","北北基宜蘭區","本省閩南人","05","05","05",1,1.49619208641343,0.000377500943752359,0.000566926669243697,"女性 | 40至49歲 | 國、初中 | 北北基宜蘭區 | 本省閩南人 | 05 | 05 | 05"
"女性","40至49歲","國、初中","北北基宜蘭區","本省閩南人","09","00","05",1,1.49619208641343,0.000377500943752359,0.000566926669243697,"女性 | 40至49歲 | 國、初中 | 北北基宜蘭區 | 本省閩南人 | 09 | 00 | 05"
"女性","40至49歲","國、初中","桃竹苗區","本省客家人","05","02","00",1,1.40859500874854,0.000377500943752359,0.00053373499557626,"女性 | 40至49歲 | 國、初中 | 桃竹苗區 | 本省客家人 | 05 | 02 | 00"
"女性","40至49歲","國、初中","桃竹苗區","本省閩南人","05","04","05",1,1.40859500874854,0.000377500943752359,0.00053373499557626,"女性 | 40至49歲 | 國、初中 | 桃竹苗區 | 本省閩南人 | 05 | 04 | 05"
"女性","40至49歲","國、初中","桃竹苗區","本省閩南人","05","05","01",1,1.40859500874854,0.000377500943752359,0.00053373499557626,"女性 | 40至49歲 | 國、初中 | 桃竹苗區 | 本省閩南人 | 05 | 05 | 01"
"女性","40至49歲","大學及以上","中彰投區","台灣人","06","05","04",1,0.93484483259524,0.000377500943752359,0.000354224883299144,"女性 | 40至49歲 | 大學及以上 | 中彰投區 | 台灣人 | 06 | 05 | 04"
"女性","40至49歲","大學及以上","中彰投區","大陸各省市","03","08","02",1,0.93484483259524,0.000377500943752359,0.000354224883299144,"女性 | 40至49歲 | 大學及以上 | 中彰投區 | 大陸各省市 | 03 | 08 | 02"
"女性","40至49歲","大學及以上","中彰投區","本省閩南人","00","06","00",1,0.93484483259524,0.000377500943752359,0.000354224883299144,"女性 | 40至49歲 | 大學及以上 | 中彰投區 | 本省閩南人 | 00 | 06 | 00"
"女性","40至49歲","大學及以上","中彰投區","本省閩南人","02","04","03",1,0.93484483259524,0.000377500943752359,0.000354224883299144,"女性 | 40至49歲 | 大學及以上 | 中彰投區 | 本省閩南人 | 02 | 04 | 03"
"女性","40至49歲","大學及以上","中彰投區","本省閩南人","02","06","04",1,0.93484483259524,0.000377500943752359,0.000354224883299144,"女性 | 40至49歲 | 大學及以上 | 中彰投區 | 本省閩南人 | 02 | 06 | 04"
"女性","40至49歲","大學及以上","中彰投區","本省閩南人","02","07","00",1,0.93484483259524,0.000377500943752359,0.000354224883299144,"女性 | 40至49歲 | 大學及以上 | 中彰投區 | 本省閩南人 | 02 | 07 | 00"
"女性","40至49歲","大學及以上","中彰投區","本省閩南人","02","08","05",1,0.93484483259524,0.000377500943752359,0.000354224883299144,"女性 | 40至49歲 | 大學及以上 | 中彰投區 | 本省閩南人 | 02 | 08 | 05"
"女性","40至49歲","大學及以上","中彰投區","本省閩南人","03","00","10",1,0.93484483259524,0.000377500943752359,0.000354224883299144,"女性 | 40至49歲 | 大學及以上 | 中彰投區 | 本省閩南人 | 03 | 00 | 10"
"女性","40至49歲","大學及以上","中彰投區","本省閩南人","03","01","04",1,0.93484483259524,0.000377500943752359,0.000354224883299144,"女性 | 40至49歲 | 大學及以上 | 中彰投區 | 本省閩南人 | 03 | 01 | 04"
"女性","40至49歲","大學及以上","中彰投區","本省閩南人","03","07","03",1,0.93484483259524,0.000377500943752359,0.000354224883299144,"女性 | 40至49歲 | 大學及以上 | 中彰投區 | 本省閩南人 | 03 | 07 | 03"
"女性","40至49歲","大學及以上","中彰投區","本省閩南人","04","05","03",1,0.93484483259524,0.000377500943752359,0.000354224883299144,"女性 | 40至49歲 | 大學及以上 | 中彰投區 | 本省閩南人 | 04 | 05 | 03"
"女性","40至49歲","大學及以上","中彰投區","本省閩南人","04","05","04",1,0.93484483259524,0.000377500943752359,0.000354224883299144,"女性 | 40至49歲 | 大學及以上 | 中彰投區 | 本省閩南人 | 04 | 05 | 04"
"女性","40至49歲","大學及以上","中彰投區","本省閩南人","05","00","02",1,0.93484483259524,0.000377500943752359,0.000354224883299144,"女性 | 40至49歲 | 大學及以上 | 中彰投區 | 本省閩南人 | 05 | 00 | 02"
"女性","40至49歲","大學及以上","中彰投區","本省閩南人","05","03","04",1,0.93484483259524,0.000377500943752359,0.000354224883299144,"女性 | 40至49歲 | 大學及以上 | 中彰投區 | 本省閩南人 | 05 | 03 | 04"
"女性","40至49歲","大學及以上","中彰投區","本省閩南人","05","05","01",1,0.93484483259524,0.000377500943752359,0.000354224883299144,"女性 | 40至49歲 | 大學及以上 | 中彰投區 | 本省閩南人 | 05 | 05 | 01"
"女性","40至49歲","大學及以上","中彰投區","本省閩南人","05","05","03",1,0.93484483259524,0.000377500943752359,0.000354224883299144,"女性 | 40至49歲 | 大學及以上 | 中彰投區 | 本省閩南人 | 05 | 05 | 03"
"女性","40至49歲","大學及以上","中彰投區","本省閩南人","05","06","02",1,0.93484483259524,0.000377500943752359,0.000354224883299144,"女性 | 40至49歲 | 大學及以上 | 中彰投區 | 本省閩南人 | 05 | 06 | 02"
"女性","40至49歲","大學及以上","中彰投區","本省閩南人","05","07","03",1,0.93484483259524,0.000377500943752359,0.000354224883299144,"女性 | 40至49歲 | 大學及以上 | 中彰投區 | 本省閩南人 | 05 | 07 | 03"
"女性","40至49歲","大學及以上","中彰投區","本省閩南人","07","04","06",1,0.93484483259524,0.000377500943752359,0.000354224883299144,"女性 | 40至49歲 | 大學及以上 | 中彰投區 | 本省閩南人 | 07 | 04 | 06"
"女性","40至49歲","大學及以上","中彰投區","本省閩南人","08","02","06",1,0.93484483259524,0.000377500943752359,0.000354224883299144,"女性 | 40至49歲 | 大學及以上 | 中彰投區 | 本省閩南人 | 08 | 02 | 06"
"女性","40至49歲","大學及以上","中彰投區","本省閩南人","09","00","05",1,0.93484483259524,0.000377500943752359,0.000354224883299144,"女性 | 40至49歲 | 大學及以上 | 中彰投區 | 本省閩南人 | 09 | 00 | 05"
"女性","40至49歲","大學及以上","北北基宜蘭區","大陸各省市","02","00","08",1,0.912977955942515,0.000377500943752359,0.000345939238922285,"女性 | 40至49歲 | 大學及以上 | 北北基宜蘭區 | 大陸各省市 | 02 | 00 | 08"
"女性","40至49歲","大學及以上","北北基宜蘭區","大陸各省市","02","02","02",1,0.912977955942515,0.000377500943752359,0.000345939238922285,"女性 | 40至49歲 | 大學及以上 | 北北基宜蘭區 | 大陸各省市 | 02 | 02 | 02"
"女性","40至49歲","大學及以上","北北基宜蘭區","大陸各省市","02","04","07",1,0.912977955942515,0.000377500943752359,0.000345939238922285,"女性 | 40至49歲 | 大學及以上 | 北北基宜蘭區 | 大陸各省市 | 02 | 04 | 07"
"女性","40至49歲","大學及以上","北北基宜蘭區","大陸各省市","05","05","04",1,0.912977955942515,0.000377500943752359,0.000345939238922285,"女性 | 40至49歲 | 大學及以上 | 北北基宜蘭區 | 大陸各省市 | 05 | 05 | 04"
"女性","40至49歲","大學及以上","北北基宜蘭區","大陸各省市","05","05","05",1,0.912977955942515,0.000377500943752359,0.000345939238922285,"女性 | 40至49歲 | 大學及以上 | 北北基宜蘭區 | 大陸各省市 | 05 | 05 | 05"
"女性","40至49歲","大學及以上","北北基宜蘭區","大陸各省市","05","09","02",1,0.912977955942515,0.000377500943752359,0.000345939238922285,"女性 | 40至49歲 | 大學及以上 | 北北基宜蘭區 | 大陸各省市 | 05 | 09 | 02"
"女性","40至49歲","大學及以上","北北基宜蘭區","大陸各省市","06","00","10",1,0.912977955942515,0.000377500943752359,0.000345939238922285,"女性 | 40至49歲 | 大學及以上 | 北北基宜蘭區 | 大陸各省市 | 06 | 00 | 10"
"女性","40至49歲","大學及以上","北北基宜蘭區","大陸各省市","06","05","00",1,0.912977955942515,0.000377500943752359,0.000345939238922285,"女性 | 40至49歲 | 大學及以上 | 北北基宜蘭區 | 大陸各省市 | 06 | 05 | 00"
"女性","40至49歲","大學及以上","北北基宜蘭區","大陸各省市","07","01","06",1,0.912977955942515,0.000377500943752359,0.000345939238922285,"女性 | 40至49歲 | 大學及以上 | 北北基宜蘭區 | 大陸各省市 | 07 | 01 | 06"
"女性","40至49歲","大學及以上","北北基宜蘭區","本省客家人","04","03","04",1,0.912977955942515,0.000377500943752359,0.000345939238922285,"女性 | 40至49歲 | 大學及以上 | 北北基宜蘭區 | 本省客家人 | 04 | 03 | 04"
"女性","40至49歲","大學及以上","北北基宜蘭區","本省客家人","06","01","03",1,0.912977955942515,0.000377500943752359,0.000345939238922285,"女性 | 40至49歲 | 大學及以上 | 北北基宜蘭區 | 本省客家人 | 06 | 01 | 03"
"女性","40至49歲","大學及以上","北北基宜蘭區","本省閩南人","00","05","05",1,0.912977955942515,0.000377500943752359,0.000345939238922285,"女性 | 40至49歲 | 大學及以上 | 北北基宜蘭區 | 本省閩南人 | 00 | 05 | 05"
"女性","40至49歲","大學及以上","北北基宜蘭區","本省閩南人","00","08","01",1,0.912977955942515,0.000377500943752359,0.000345939238922285,"女性 | 40至49歲 | 大學及以上 | 北北基宜蘭區 | 本省閩南人 | 00 | 08 | 01"
"女性","40至49歲","大學及以上","北北基宜蘭區","本省閩南人","01","00","10",1,0.912977955942515,0.000377500943752359,0.000345939238922285,"女性 | 40至49歲 | 大學及以上 | 北北基宜蘭區 | 本省閩南人 | 01 | 00 | 10"
"女性","40至49歲","大學及以上","北北基宜蘭區","本省閩南人","01","02","02",1,0.912977955942515,0.000377500943752359,0.000345939238922285,"女性 | 40至49歲 | 大學及以上 | 北北基宜蘭區 | 本省閩南人 | 01 | 02 | 02"
"女性","40至49歲","大學及以上","北北基宜蘭區","本省閩南人","01","07","05",1,0.912977955942515,0.000377500943752359,0.000345939238922285,"女性 | 40至49歲 | 大學及以上 | 北北基宜蘭區 | 本省閩南人 | 01 | 07 | 05"
"女性","40至49歲","大學及以上","北北基宜蘭區","本省閩南人","02","01","01",1,0.912977955942515,0.000377500943752359,0.000345939238922285,"女性 | 40至49歲 | 大學及以上 | 北北基宜蘭區 | 本省閩南人 | 02 | 01 | 01"
"女性","40至49歲","大學及以上","北北基宜蘭區","本省閩南人","02","05","04",1,0.912977955942515,0.000377500943752359,0.000345939238922285,"女性 | 40至49歲 | 大學及以上 | 北北基宜蘭區 | 本省閩南人 | 02 | 05 | 04"
"女性","40至49歲","大學及以上","北北基宜蘭區","本省閩南人","03","00","07",1,0.912977955942515,0.000377500943752359,0.000345939238922285,"女性 | 40至49歲 | 大學及以上 | 北北基宜蘭區 | 本省閩南人 | 03 | 00 | 07"
"女性","40至49歲","大學及以上","北北基宜蘭區","本省閩南人","03","02","01",1,0.912977955942515,0.000377500943752359,0.000345939238922285,"女性 | 40至49歲 | 大學及以上 | 北北基宜蘭區 | 本省閩南人 | 03 | 02 | 01"
"女性","40至49歲","大學及以上","北北基宜蘭區","本省閩南人","03","05","01",1,0.912977955942515,0.000377500943752359,0.000345939238922285,"女性 | 40至49歲 | 大學及以上 | 北北基宜蘭區 | 本省閩南人 | 03 | 05 | 01"
"女性","40至49歲","大學及以上","北北基宜蘭區","本省閩南人","03","06","01",1,0.912977955942515,0.000377500943752359,0.000345939238922285,"女性 | 40至49歲 | 大學及以上 | 北北基宜蘭區 | 本省閩南人 | 03 | 06 | 01"
"女性","40至49歲","大學及以上","北北基宜蘭區","本省閩南人","03","07","00",1,0.912977955942515,0.000377500943752359,0.000345939238922285,"女性 | 40至49歲 | 大學及以上 | 北北基宜蘭區 | 本省閩南人 | 03 | 07 | 00"
"女性","40至49歲","大學及以上","北北基宜蘭區","本省閩南人","03","08","00",1,0.912977955942515,0.000377500943752359,0.000345939238922285,"女性 | 40至49歲 | 大學及以上 | 北北基宜蘭區 | 本省閩南人 | 03 | 08 | 00"
"女性","40至49歲","大學及以上","北北基宜蘭區","本省閩南人","04","00","07",1,0.912977955942515,0.000377500943752359,0.000345939238922285,"女性 | 40至49歲 | 大學及以上 | 北北基宜蘭區 | 本省閩南人 | 04 | 00 | 07"
"女性","40至49歲","大學及以上","北北基宜蘭區","本省閩南人","04","02","05",1,0.912977955942515,0.000377500943752359,0.000345939238922285,"女性 | 40至49歲 | 大學及以上 | 北北基宜蘭區 | 本省閩南人 | 04 | 02 | 05"
"女性","40至49歲","大學及以上","北北基宜蘭區","本省閩南人","04","03","06",1,0.912977955942515,0.000377500943752359,0.000345939238922285,"女性 | 40至49歲 | 大學及以上 | 北北基宜蘭區 | 本省閩南人 | 04 | 03 | 06"
"女性","40至49歲","大學及以上","北北基宜蘭區","本省閩南人","04","03","08",1,0.912977955942515,0.000377500943752359,0.000345939238922285,"女性 | 40至49歲 | 大學及以上 | 北北基宜蘭區 | 本省閩南人 | 04 | 03 | 08"
"女性","40至49歲","大學及以上","北北基宜蘭區","本省閩南人","04","04","04",1,0.912977955942515,0.000377500943752359,0.000345939238922285,"女性 | 40至49歲 | 大學及以上 | 北北基宜蘭區 | 本省閩南人 | 04 | 04 | 04"
"女性","40至49歲","大學及以上","北北基宜蘭區","本省閩南人","04","05","05",1,0.912977955942515,0.000377500943752359,0.000345939238922285,"女性 | 40至49歲 | 大學及以上 | 北北基宜蘭區 | 本省閩南人 | 04 | 05 | 05"
"女性","40至49歲","大學及以上","北北基宜蘭區","本省閩南人","05","06","06",1,0.912977955942515,0.000377500943752359,0.000345939238922285,"女性 | 40至49歲 | 大學及以上 | 北北基宜蘭區 | 本省閩南人 | 05 | 06 | 06"
"女性","40至49歲","大學及以上","北北基宜蘭區","本省閩南人","06","00","05",1,0.912977955942515,0.000377500943752359,0.000345939238922285,"女性 | 40至49歲 | 大學及以上 | 北北基宜蘭區 | 本省閩南人 | 06 | 00 | 05"
"女性","40至49歲","大學及以上","北北基宜蘭區","本省閩南人","06","01","07",1,0.912977955942515,0.000377500943752359,0.000345939238922285,"女性 | 40至49歲 | 大學及以上 | 北北基宜蘭區 | 本省閩南人 | 06 | 01 | 07"
"女性","40至49歲","大學及以上","北北基宜蘭區","本省閩南人","06","03","06",1,0.912977955942515,0.000377500943752359,0.000345939238922285,"女性 | 40至49歲 | 大學及以上 | 北北基宜蘭區 | 本省閩南人 | 06 | 03 | 06"
"女性","40至49歲","大學及以上","北北基宜蘭區","本省閩南人","06","07","04",1,0.912977955942515,0.000377500943752359,0.000345939238922285,"女性 | 40至49歲 | 大學及以上 | 北北基宜蘭區 | 本省閩南人 | 06 | 07 | 04"
"女性","40至49歲","大學及以上","北北基宜蘭區","本省閩南人","07","02","05",1,0.912977955942515,0.000377500943752359,0.000345939238922285,"女性 | 40至49歲 | 大學及以上 | 北北基宜蘭區 | 本省閩南人 | 07 | 02 | 05"
"女性","40至49歲","大學及以上","北北基宜蘭區","本省閩南人","07","02","08",1,0.912977955942515,0.000377500943752359,0.000345939238922285,"女性 | 40至49歲 | 大學及以上 | 北北基宜蘭區 | 本省閩南人 | 07 | 02 | 08"
"女性","40至49歲","大學及以上","北北基宜蘭區","本省閩南人","07","04","05",1,0.912977955942515,0.000377500943752359,0.000345939238922285,"女性 | 40至49歲 | 大學及以上 | 北北基宜蘭區 | 本省閩南人 | 07 | 04 | 05"
"女性","40至49歲","大學及以上","北北基宜蘭區","本省閩南人","07","06","08",1,0.912977955942515,0.000377500943752359,0.000345939238922285,"女性 | 40至49歲 | 大學及以上 | 北北基宜蘭區 | 本省閩南人 | 07 | 06 | 08"
"女性","40至49歲","大學及以上","北北基宜蘭區","本省閩南人","08","02","06",1,0.912977955942515,0.000377500943752359,0.000345939238922285,"女性 | 40至49歲 | 大學及以上 | 北北基宜蘭區 | 本省閩南人 | 08 | 02 | 06"
"女性","40至49歲","大學及以上","北北基宜蘭區","本省閩南人","08","05","06",1,0.912977955942515,0.000377500943752359,0.000345939238922285,"女性 | 40至49歲 | 大學及以上 | 北北基宜蘭區 | 本省閩南人 | 08 | 05 | 06"
"女性","40至49歲","大學及以上","北北基宜蘭區","本省閩南人","08","08","00",1,0.912977955942515,0.000377500943752359,0.000345939238922285,"女性 | 40至49歲 | 大學及以上 | 北北基宜蘭區 | 本省閩南人 | 08 | 08 | 00"
"女性","40至49歲","大學及以上","北北基宜蘭區","本省閩南人","08","08","08",1,0.912977955942515,0.000377500943752359,0.000345939238922285,"女性 | 40至49歲 | 大學及以上 | 北北基宜蘭區 | 本省閩南人 | 08 | 08 | 08"
"女性","40至49歲","大學及以上","桃竹苗區","大陸各省市","03","00","08",1,0.859526128707727,0.000377500943752359,0.000325685645380129,"女性 | 40至49歲 | 大學及以上 | 桃竹苗區 | 大陸各省市 | 03 | 00 | 08"
"女性","40至49歲","大學及以上","桃竹苗區","大陸各省市","04","04","04",1,0.859526128707727,0.000377500943752359,0.000325685645380129,"女性 | 40至49歲 | 大學及以上 | 桃竹苗區 | 大陸各省市 | 04 | 04 | 04"
"女性","40至49歲","大學及以上","桃竹苗區","大陸各省市","05","02","06",1,0.859526128707727,0.000377500943752359,0.000325685645380129,"女性 | 40至49歲 | 大學及以上 | 桃竹苗區 | 大陸各省市 | 05 | 02 | 06"
"女性","40至49歲","大學及以上","桃竹苗區","本省客家人","03","06","00",1,0.859526128707727,0.000377500943752359,0.000325685645380129,"女性 | 40至49歲 | 大學及以上 | 桃竹苗區 | 本省客家人 | 03 | 06 | 00"
"女性","40至49歲","大學及以上","桃竹苗區","本省客家人","04","04","04",1,0.859526128707727,0.000377500943752359,0.000325685645380129,"女性 | 40至49歲 | 大學及以上 | 桃竹苗區 | 本省客家人 | 04 | 04 | 04"
"女性","40至49歲","大學及以上","桃竹苗區","本省客家人","05","01","05",1,0.859526128707727,0.000377500943752359,0.000325685645380129,"女性 | 40至49歲 | 大學及以上 | 桃竹苗區 | 本省客家人 | 05 | 01 | 05"
"女性","40至49歲","大學及以上","桃竹苗區","本省客家人","05","04","04",1,0.859526128707727,0.000377500943752359,0.000325685645380129,"女性 | 40至49歲 | 大學及以上 | 桃竹苗區 | 本省客家人 | 05 | 04 | 04"
"女性","40至49歲","大學及以上","桃竹苗區","本省客家人","07","07","08",1,0.859526128707727,0.000377500943752359,0.000325685645380129,"女性 | 40至49歲 | 大學及以上 | 桃竹苗區 | 本省客家人 | 07 | 07 | 08"
"女性","40至49歲","大學及以上","桃竹苗區","本省閩南人","02","04","05",1,0.859526128707727,0.000377500943752359,0.000325685645380129,"女性 | 40至49歲 | 大學及以上 | 桃竹苗區 | 本省閩南人 | 02 | 04 | 05"
"女性","40至49歲","大學及以上","桃竹苗區","本省閩南人","03","05","02",1,0.859526128707727,0.000377500943752359,0.000325685645380129,"女性 | 40至49歲 | 大學及以上 | 桃竹苗區 | 本省閩南人 | 03 | 05 | 02"
"女性","40至49歲","大學及以上","桃竹苗區","本省閩南人","03","05","03",1,0.859526128707727,0.000377500943752359,0.000325685645380129,"女性 | 40至49歲 | 大學及以上 | 桃竹苗區 | 本省閩南人 | 03 | 05 | 03"
"女性","40至49歲","大學及以上","桃竹苗區","本省閩南人","03","07","03",1,0.859526128707727,0.000377500943752359,0.000325685645380129,"女性 | 40至49歲 | 大學及以上 | 桃竹苗區 | 本省閩南人 | 03 | 07 | 03"
"女性","40至49歲","大學及以上","桃竹苗區","本省閩南人","03","08","06",1,0.859526128707727,0.000377500943752359,0.000325685645380129,"女性 | 40至49歲 | 大學及以上 | 桃竹苗區 | 本省閩南人 | 03 | 08 | 06"
"女性","40至49歲","大學及以上","桃竹苗區","本省閩南人","04","02","06",1,0.859526128707727,0.000377500943752359,0.000325685645380129,"女性 | 40至49歲 | 大學及以上 | 桃竹苗區 | 本省閩南人 | 04 | 02 | 06"
"女性","40至49歲","大學及以上","桃竹苗區","本省閩南人","06","05","07",1,0.859526128707727,0.000377500943752359,0.000325685645380129,"女性 | 40至49歲 | 大學及以上 | 桃竹苗區 | 本省閩南人 | 06 | 05 | 07"
"女性","40至49歲","大學及以上","桃竹苗區","本省閩南人","07","05","06",1,0.859526128707727,0.000377500943752359,0.000325685645380129,"女性 | 40至49歲 | 大學及以上 | 桃竹苗區 | 本省閩南人 | 07 | 05 | 06"
"女性","40至49歲","大學及以上","桃竹苗區","本省閩南人","07","07","07",1,0.859526128707727,0.000377500943752359,0.000325685645380129,"女性 | 40至49歲 | 大學及以上 | 桃竹苗區 | 本省閩南人 | 07 | 07 | 07"
"女性","40至49歲","大學及以上","桃竹苗區","本省閩南人","07","08","04",1,0.859526128707727,0.000377500943752359,0.000325685645380129,"女性 | 40至49歲 | 大學及以上 | 桃竹苗區 | 本省閩南人 | 07 | 08 | 04"
"女性","40至49歲","大學及以上","花東區","大陸各省市","00","09","00",1,0.723037490440886,0.000377500943752359,0.00027396832259458,"女性 | 40至49歲 | 大學及以上 | 花東區 | 大陸各省市 | 00 | 09 | 00"
"女性","40至49歲","大學及以上","花東區","本省閩南人","03","05","05",1,0.723037490440886,0.000377500943752359,0.00027396832259458,"女性 | 40至49歲 | 大學及以上 | 花東區 | 本省閩南人 | 03 | 05 | 05"
"女性","40至49歲","大學及以上","花東區","本省閩南人","03","07","03",1,0.723037490440886,0.000377500943752359,0.00027396832259458,"女性 | 40至49歲 | 大學及以上 | 花東區 | 本省閩南人 | 03 | 07 | 03"
"女性","40至49歲","大學及以上","花東區","本省閩南人","07","08","09",1,0.723037490440886,0.000377500943752359,0.00027396832259458,"女性 | 40至49歲 | 大學及以上 | 花東區 | 本省閩南人 | 07 | 08 | 09"
"女性","40至49歲","大學及以上","雲嘉南區","大陸各省市","06","05","06",1,0.805469988980862,0.000377500943752359,0.000305203069963636,"女性 | 40至49歲 | 大學及以上 | 雲嘉南區 | 大陸各省市 | 06 | 05 | 06"
"女性","40至49歲","大學及以上","雲嘉南區","本省閩南人","00","06","01",1,0.805469988980862,0.000377500943752359,0.000305203069963636,"女性 | 40至49歲 | 大學及以上 | 雲嘉南區 | 本省閩南人 | 00 | 06 | 01"
"女性","40至49歲","大學及以上","雲嘉南區","本省閩南人","00","08","00",1,0.805469988980862,0.000377500943752359,0.000305203069963636,"女性 | 40至49歲 | 大學及以上 | 雲嘉南區 | 本省閩南人 | 00 | 08 | 00"
"女性","40至49歲","大學及以上","雲嘉南區","本省閩南人","01","09","03",1,0.805469988980862,0.000377500943752359,0.000305203069963636,"女性 | 40至49歲 | 大學及以上 | 雲嘉南區 | 本省閩南人 | 01 | 09 | 03"
"女性","40至49歲","大學及以上","雲嘉南區","本省閩南人","02","02","02",1,0.805469988980862,0.000377500943752359,0.000305203069963636,"女性 | 40至49歲 | 大學及以上 | 雲嘉南區 | 本省閩南人 | 02 | 02 | 02"
"女性","40至49歲","大學及以上","雲嘉南區","本省閩南人","03","05","00",1,0.805469988980862,0.000377500943752359,0.000305203069963636,"女性 | 40至49歲 | 大學及以上 | 雲嘉南區 | 本省閩南人 | 03 | 05 | 00"
"女性","40至49歲","大學及以上","雲嘉南區","本省閩南人","04","03","05",1,0.805469988980862,0.000377500943752359,0.000305203069963636,"女性 | 40至49歲 | 大學及以上 | 雲嘉南區 | 本省閩南人 | 04 | 03 | 05"
"女性","40至49歲","大學及以上","雲嘉南區","本省閩南人","04","08","07",1,0.805469988980862,0.000377500943752359,0.000305203069963636,"女性 | 40至49歲 | 大學及以上 | 雲嘉南區 | 本省閩南人 | 04 | 08 | 07"
"女性","40至49歲","大學及以上","雲嘉南區","本省閩南人","05","00","05",1,0.805469988980862,0.000377500943752359,0.000305203069963636,"女性 | 40至49歲 | 大學及以上 | 雲嘉南區 | 本省閩南人 | 05 | 00 | 05"
"女性","40至49歲","大學及以上","雲嘉南區","本省閩南人","05","04","05",1,0.805469988980862,0.000377500943752359,0.000305203069963636,"女性 | 40至49歲 | 大學及以上 | 雲嘉南區 | 本省閩南人 | 05 | 04 | 05"
"女性","40至49歲","大學及以上","雲嘉南區","本省閩南人","05","06","05",1,0.805469988980862,0.000377500943752359,0.000305203069963636,"女性 | 40至49歲 | 大學及以上 | 雲嘉南區 | 本省閩南人 | 05 | 06 | 05"
"女性","40至49歲","大學及以上","雲嘉南區","本省閩南人","05","09","06",1,0.805469988980862,0.000377500943752359,0.000305203069963636,"女性 | 40至49歲 | 大學及以上 | 雲嘉南區 | 本省閩南人 | 05 | 09 | 06"
"女性","40至49歲","大學及以上","雲嘉南區","本省閩南人","06","03","06",1,0.805469988980862,0.000377500943752359,0.000305203069963636,"女性 | 40至49歲 | 大學及以上 | 雲嘉南區 | 本省閩南人 | 06 | 03 | 06"
"女性","40至49歲","大學及以上","雲嘉南區","本省閩南人","06","07","05",1,0.805469988980862,0.000377500943752359,0.000305203069963636,"女性 | 40至49歲 | 大學及以上 | 雲嘉南區 | 本省閩南人 | 06 | 07 | 05"
"女性","40至49歲","大學及以上","雲嘉南區","本省閩南人","07","08","03",1,0.805469988980862,0.000377500943752359,0.000305203069963636,"女性 | 40至49歲 | 大學及以上 | 雲嘉南區 | 本省閩南人 | 07 | 08 | 03"
"女性","40至49歲","大學及以上","高屏區","本省客家人","01","10","02",1,1.15364544738658,0.000377500943752359,0.000437131286092302,"女性 | 40至49歲 | 大學及以上 | 高屏區 | 本省客家人 | 01 | 10 | 02"
"女性","40至49歲","大學及以上","高屏區","本省閩南人","02","07","00",1,1.15364544738658,0.000377500943752359,0.000437131286092302,"女性 | 40至49歲 | 大學及以上 | 高屏區 | 本省閩南人 | 02 | 07 | 00"
"女性","40至49歲","大學及以上","高屏區","本省閩南人","03","08","06",1,1.15364544738658,0.000377500943752359,0.000437131286092302,"女性 | 40至49歲 | 大學及以上 | 高屏區 | 本省閩南人 | 03 | 08 | 06"
"女性","40至49歲","大學及以上","高屏區","本省閩南人","04","04","06",1,1.15364544738658,0.000377500943752359,0.000437131286092302,"女性 | 40至49歲 | 大學及以上 | 高屏區 | 本省閩南人 | 04 | 04 | 06"
"女性","40至49歲","大學及以上","高屏區","本省閩南人","05","02","05",1,1.15364544738658,0.000377500943752359,0.000437131286092302,"女性 | 40至49歲 | 大學及以上 | 高屏區 | 本省閩南人 | 05 | 02 | 05"
"女性","40至49歲","大學及以上","高屏區","本省閩南人","05","03","02",1,1.15364544738658,0.000377500943752359,0.000437131286092302,"女性 | 40至49歲 | 大學及以上 | 高屏區 | 本省閩南人 | 05 | 03 | 02"
"女性","40至49歲","大學及以上","高屏區","本省閩南人","05","05","05",1,1.15364544738658,0.000377500943752359,0.000437131286092302,"女性 | 40至49歲 | 大學及以上 | 高屏區 | 本省閩南人 | 05 | 05 | 05"
"女性","40至49歲","大學及以上","高屏區","本省閩南人","06","06","03",1,1.15364544738658,0.000377500943752359,0.000437131286092302,"女性 | 40至49歲 | 大學及以上 | 高屏區 | 本省閩南人 | 06 | 06 | 03"
"女性","40至49歲","大學及以上","高屏區","本省閩南人","07","07","05",1,1.15364544738658,0.000377500943752359,0.000437131286092302,"女性 | 40至49歲 | 大學及以上 | 高屏區 | 本省閩南人 | 07 | 07 | 05"
"女性","40至49歲","大學及以上","高屏區","本省閩南人","07","09","06",1,1.15364544738658,0.000377500943752359,0.000437131286092302,"女性 | 40至49歲 | 大學及以上 | 高屏區 | 本省閩南人 | 07 | 09 | 06"
"女性","40至49歲","大學及以上","高屏區","本省閩南人","08","01","05",1,1.15364544738658,0.000377500943752359,0.000437131286092302,"女性 | 40至49歲 | 大學及以上 | 高屏區 | 本省閩南人 | 08 | 01 | 05"
"女性","40至49歲","專科","中彰投區","大陸各省市","05","03","05",1,1.01178194275901,0.000377500943752359,0.000383377356435758,"女性 | 40至49歲 | 專科 | 中彰投區 | 大陸各省市 | 05 | 03 | 05"
"女性","40至49歲","專科","中彰投區","本省閩南人","00","05","03",1,1.01178194275901,0.000377500943752359,0.000383377356435758,"女性 | 40至49歲 | 專科 | 中彰投區 | 本省閩南人 | 00 | 05 | 03"
"女性","40至49歲","專科","中彰投區","本省閩南人","02","05","04",1,1.01178194275901,0.000377500943752359,0.000383377356435758,"女性 | 40至49歲 | 專科 | 中彰投區 | 本省閩南人 | 02 | 05 | 04"
"女性","40至49歲","專科","中彰投區","本省閩南人","03","08","02",1,1.01178194275901,0.000377500943752359,0.000383377356435758,"女性 | 40至49歲 | 專科 | 中彰投區 | 本省閩南人 | 03 | 08 | 02"
"女性","40至49歲","專科","中彰投區","本省閩南人","03","09","06",1,1.01178194275901,0.000377500943752359,0.000383377356435758,"女性 | 40至49歲 | 專科 | 中彰投區 | 本省閩南人 | 03 | 09 | 06"
"女性","40至49歲","專科","中彰投區","本省閩南人","04","03","03",1,1.01178194275901,0.000377500943752359,0.000383377356435758,"女性 | 40至49歲 | 專科 | 中彰投區 | 本省閩南人 | 04 | 03 | 03"
"女性","40至49歲","專科","中彰投區","本省閩南人","06","00","07",1,1.01178194275901,0.000377500943752359,0.000383377356435758,"女性 | 40至49歲 | 專科 | 中彰投區 | 本省閩南人 | 06 | 00 | 07"
"女性","40至49歲","專科","中彰投區","本省閩南人","06","04","05",1,1.01178194275901,0.000377500943752359,0.000383377356435758,"女性 | 40至49歲 | 專科 | 中彰投區 | 本省閩南人 | 06 | 04 | 05"
"女性","40至49歲","專科","北北基宜蘭區","大陸各省市","05","05","05",1,0.988115436649813,0.000377500943752359,0.000374409809017909,"女性 | 40至49歲 | 專科 | 北北基宜蘭區 | 大陸各省市 | 05 | 05 | 05"
"女性","40至49歲","專科","北北基宜蘭區","本省客家人","05","04","06",1,0.988115436649813,0.000377500943752359,0.000374409809017909,"女性 | 40至49歲 | 專科 | 北北基宜蘭區 | 本省客家人 | 05 | 04 | 06"
"女性","40至49歲","專科","北北基宜蘭區","本省客家人","08","03","05",1,0.988115436649813,0.000377500943752359,0.000374409809017909,"女性 | 40至49歲 | 專科 | 北北基宜蘭區 | 本省客家人 | 08 | 03 | 05"
"女性","40至49歲","專科","北北基宜蘭區","本省閩南人","00","10","00",1,0.988115436649813,0.000377500943752359,0.000374409809017909,"女性 | 40至49歲 | 專科 | 北北基宜蘭區 | 本省閩南人 | 00 | 10 | 00"
"女性","40至49歲","專科","北北基宜蘭區","本省閩南人","01","05","01",1,0.988115436649813,0.000377500943752359,0.000374409809017909,"女性 | 40至49歲 | 專科 | 北北基宜蘭區 | 本省閩南人 | 01 | 05 | 01"
"女性","40至49歲","專科","北北基宜蘭區","本省閩南人","02","04","07",1,0.988115436649813,0.000377500943752359,0.000374409809017909,"女性 | 40至49歲 | 專科 | 北北基宜蘭區 | 本省閩南人 | 02 | 04 | 07"
"女性","40至49歲","專科","北北基宜蘭區","本省閩南人","02","08","01",1,0.988115436649813,0.000377500943752359,0.000374409809017909,"女性 | 40至49歲 | 專科 | 北北基宜蘭區 | 本省閩南人 | 02 | 08 | 01"
"女性","40至49歲","專科","北北基宜蘭區","本省閩南人","04","02","06",1,0.988115436649813,0.000377500943752359,0.000374409809017909,"女性 | 40至49歲 | 專科 | 北北基宜蘭區 | 本省閩南人 | 04 | 02 | 06"
"女性","40至49歲","專科","北北基宜蘭區","本省閩南人","05","04","05",1,0.988115436649813,0.000377500943752359,0.000374409809017909,"女性 | 40至49歲 | 專科 | 北北基宜蘭區 | 本省閩南人 | 05 | 04 | 05"
"女性","40至49歲","專科","北北基宜蘭區","本省閩南人","05","05","04",1,0.988115436649813,0.000377500943752359,0.000374409809017909,"女性 | 40至49歲 | 專科 | 北北基宜蘭區 | 本省閩南人 | 05 | 05 | 04"
"女性","40至49歲","專科","北北基宜蘭區","本省閩南人","05","05","05",1,0.988115436649813,0.000377500943752359,0.000374409809017909,"女性 | 40至49歲 | 專科 | 北北基宜蘭區 | 本省閩南人 | 05 | 05 | 05"
"女性","40至49歲","專科","北北基宜蘭區","本省閩南人","05","06","06",1,0.988115436649813,0.000377500943752359,0.000374409809017909,"女性 | 40至49歲 | 專科 | 北北基宜蘭區 | 本省閩南人 | 05 | 06 | 06"
"女性","40至49歲","專科","北北基宜蘭區","本省閩南人","06","03","05",1,0.988115436649813,0.000377500943752359,0.000374409809017909,"女性 | 40至49歲 | 專科 | 北北基宜蘭區 | 本省閩南人 | 06 | 03 | 05"
"女性","40至49歲","專科","北北基宜蘭區","本省閩南人","06","07","06",1,0.988115436649813,0.000377500943752359,0.000374409809017909,"女性 | 40至49歲 | 專科 | 北北基宜蘭區 | 本省閩南人 | 06 | 07 | 06"
"女性","40至49歲","專科","北北基宜蘭區","本省閩南人","07","04","03",1,0.988115436649813,0.000377500943752359,0.000374409809017909,"女性 | 40至49歲 | 專科 | 北北基宜蘭區 | 本省閩南人 | 07 | 04 | 03"
"女性","40至49歲","專科","北北基宜蘭區","本省閩南人","08","02","05",1,0.988115436649813,0.000377500943752359,0.000374409809017909,"女性 | 40至49歲 | 專科 | 北北基宜蘭區 | 本省閩南人 | 08 | 02 | 05"
"女性","40至49歲","專科","桃竹苗區","本省客家人","08","00","08",1,0.930264559458253,0.000377500943752359,0.000352489358150095,"女性 | 40至49歲 | 專科 | 桃竹苗區 | 本省客家人 | 08 | 00 | 08"
"女性","40至49歲","專科","桃竹苗區","本省閩南人","00","05","05",1,0.930264559458253,0.000377500943752359,0.000352489358150095,"女性 | 40至49歲 | 專科 | 桃竹苗區 | 本省閩南人 | 00 | 05 | 05"
"女性","40至49歲","專科","桃竹苗區","本省閩南人","04","06","02",1,0.930264559458253,0.000377500943752359,0.000352489358150095,"女性 | 40至49歲 | 專科 | 桃竹苗區 | 本省閩南人 | 04 | 06 | 02"
"女性","40至49歲","專科","桃竹苗區","本省閩南人","05","06","02",1,0.930264559458253,0.000377500943752359,0.000352489358150095,"女性 | 40至49歲 | 專科 | 桃竹苗區 | 本省閩南人 | 05 | 06 | 02"
"女性","40至49歲","專科","雲嘉南區","本省閩南人","00","07","04",1,0.871759635,0.000377500943752359,0.000330321080254053,"女性 | 40至49歲 | 專科 | 雲嘉南區 | 本省閩南人 | 00 | 07 | 04"
"女性","40至49歲","專科","雲嘉南區","本省閩南人","02","00","05",1,0.871759635,0.000377500943752359,0.000330321080254053,"女性 | 40至49歲 | 專科 | 雲嘉南區 | 本省閩南人 | 02 | 00 | 05"
"女性","40至49歲","專科","雲嘉南區","本省閩南人","02","05","04",1,0.871759635,0.000377500943752359,0.000330321080254053,"女性 | 40至49歲 | 專科 | 雲嘉南區 | 本省閩南人 | 02 | 05 | 04"
"女性","40至49歲","專科","雲嘉南區","本省閩南人","02","07","02",1,0.871759635,0.000377500943752359,0.000330321080254053,"女性 | 40至49歲 | 專科 | 雲嘉南區 | 本省閩南人 | 02 | 07 | 02"
"女性","40至49歲","專科","雲嘉南區","本省閩南人","03","08","03",1,0.871759635,0.000377500943752359,0.000330321080254053,"女性 | 40至49歲 | 專科 | 雲嘉南區 | 本省閩南人 | 03 | 08 | 03"
"女性","40至49歲","專科","雲嘉南區","本省閩南人","05","06","04",1,0.871759635,0.000377500943752359,0.000330321080254053,"女性 | 40至49歲 | 專科 | 雲嘉南區 | 本省閩南人 | 05 | 06 | 04"
"女性","40至49歲","專科","雲嘉南區","本省閩南人","06","07","05",1,0.871759635,0.000377500943752359,0.000330321080254053,"女性 | 40至49歲 | 專科 | 雲嘉南區 | 本省閩南人 | 06 | 07 | 05"
"女性","40至49歲","專科","高屏區","本省客家人","05","05","05",1,1.24858970313982,0.000377500943752359,0.000473106901233425,"女性 | 40至49歲 | 專科 | 高屏區 | 本省客家人 | 05 | 05 | 05"
"女性","40至49歲","專科","高屏區","本省閩南人","03","07","05",1,1.24858970313982,0.000377500943752359,0.000473106901233425,"女性 | 40至49歲 | 專科 | 高屏區 | 本省閩南人 | 03 | 07 | 05"
"女性","40至49歲","專科","高屏區","本省閩南人","04","06","00",1,1.24858970313982,0.000377500943752359,0.000473106901233425,"女性 | 40至49歲 | 專科 | 高屏區 | 本省閩南人 | 04 | 06 | 00"
"女性","40至49歲","專科","高屏區","本省閩南人","05","05","05",1,1.24858970313982,0.000377500943752359,0.000473106901233425,"女性 | 40至49歲 | 專科 | 高屏區 | 本省閩南人 | 05 | 05 | 05"
"女性","40至49歲","專科","高屏區","本省閩南人","06","07","06",1,1.24858970313982,0.000377500943752359,0.000473106901233425,"女性 | 40至49歲 | 專科 | 高屏區 | 本省閩南人 | 06 | 07 | 06"
"女性","40至49歲","小學及以下","桃竹苗區","外籍人士","00","05","00",1,1.36024538952135,0.000377500943752359,0.000515414695103756,"女性 | 40至49歲 | 小學及以下 | 桃竹苗區 | 外籍人士 | 00 | 05 | 00"
"女性","40至49歲","小學及以下","桃竹苗區","外籍人士","05","05","05",1,1.36024538952135,0.000377500943752359,0.000515414695103756,"女性 | 40至49歲 | 小學及以下 | 桃竹苗區 | 外籍人士 | 05 | 05 | 05"
"女性","40至49歲","小學及以下","雲嘉南區","外籍人士","06","07","09",1,1.27469870003403,0.000377500943752359,0.000482999940222834,"女性 | 40至49歲 | 小學及以下 | 雲嘉南區 | 外籍人士 | 06 | 07 | 09"
"女性","40至49歲","高中、職","中彰投區","原住民","04","04","04",1,1.30122251469217,0.000377500943752359,0.000493050159065936,"女性 | 40至49歲 | 高中、職 | 中彰投區 | 原住民 | 04 | 04 | 04"
"女性","40至49歲","高中、職","中彰投區","大陸各省市","01","01","00",1,1.30122251469217,0.000377500943752359,0.000493050159065936,"女性 | 40至49歲 | 高中、職 | 中彰投區 | 大陸各省市 | 01 | 01 | 00"
"女性","40至49歲","高中、職","中彰投區","本省客家人","04","08","05",1,1.30122251469217,0.000377500943752359,0.000493050159065936,"女性 | 40至49歲 | 高中、職 | 中彰投區 | 本省客家人 | 04 | 08 | 05"
"女性","40至49歲","高中、職","中彰投區","本省客家人","05","07","04",1,1.30122251469217,0.000377500943752359,0.000493050159065936,"女性 | 40至49歲 | 高中、職 | 中彰投區 | 本省客家人 | 05 | 07 | 04"
"女性","40至49歲","高中、職","中彰投區","本省閩南人","03","06","05",1,1.30122251469217,0.000377500943752359,0.000493050159065936,"女性 | 40至49歲 | 高中、職 | 中彰投區 | 本省閩南人 | 03 | 06 | 05"
"女性","40至49歲","高中、職","中彰投區","本省閩南人","04","02","03",1,1.30122251469217,0.000377500943752359,0.000493050159065936,"女性 | 40至49歲 | 高中、職 | 中彰投區 | 本省閩南人 | 04 | 02 | 03"
"女性","40至49歲","高中、職","中彰投區","本省閩南人","05","07","05",1,1.30122251469217,0.000377500943752359,0.000493050159065936,"女性 | 40至49歲 | 高中、職 | 中彰投區 | 本省閩南人 | 05 | 07 | 05"
"女性","40至49歲","高中、職","中彰投區","本省閩南人","06","01","05",1,1.30122251469217,0.000377500943752359,0.000493050159065936,"女性 | 40至49歲 | 高中、職 | 中彰投區 | 本省閩南人 | 06 | 01 | 05"
"女性","40至49歲","高中、職","中彰投區","本省閩南人","06","05","05",1,1.30122251469217,0.000377500943752359,0.000493050159065936,"女性 | 40至49歲 | 高中、職 | 中彰投區 | 本省閩南人 | 06 | 05 | 05"
"女性","40至49歲","高中、職","中彰投區","本省閩南人","06","06","06",1,1.30122251469217,0.000377500943752359,0.000493050159065936,"女性 | 40至49歲 | 高中、職 | 中彰投區 | 本省閩南人 | 06 | 06 | 06"
"女性","40至49歲","高中、職","中彰投區","本省閩南人","08","03","05",1,1.30122251469217,0.000377500943752359,0.000493050159065936,"女性 | 40至49歲 | 高中、職 | 中彰投區 | 本省閩南人 | 08 | 03 | 05"
"女性","40至49歲","高中、職","北北基宜蘭區","原住民","07","03","05",1,1.27078572857063,0.000377500943752359,0.000481517264369421,"女性 | 40至49歲 | 高中、職 | 北北基宜蘭區 | 原住民 | 07 | 03 | 05"
"女性","40至49歲","高中、職","北北基宜蘭區","大陸各省市","05","00","05",1,1.27078572857063,0.000377500943752359,0.000481517264369421,"女性 | 40至49歲 | 高中、職 | 北北基宜蘭區 | 大陸各省市 | 05 | 00 | 05"
"女性","40至49歲","高中、職","北北基宜蘭區","本省客家人","03","03","03",1,1.27078572857063,0.000377500943752359,0.000481517264369421,"女性 | 40至49歲 | 高中、職 | 北北基宜蘭區 | 本省客家人 | 03 | 03 | 03"
"女性","40至49歲","高中、職","北北基宜蘭區","本省閩南人","00","08","04",1,1.27078572857063,0.000377500943752359,0.000481517264369421,"女性 | 40至49歲 | 高中、職 | 北北基宜蘭區 | 本省閩南人 | 00 | 08 | 04"
"女性","40至49歲","高中、職","北北基宜蘭區","本省閩南人","09","00","08",1,1.27078572857063,0.000377500943752359,0.000481517264369421,"女性 | 40至49歲 | 高中、職 | 北北基宜蘭區 | 本省閩南人 | 09 | 00 | 08"
"女性","40至49歲","高中、職","桃竹苗區","外籍人士","05","05","05",1,1.19638544456173,0.000377500943752359,0.000453326027704708,"女性 | 40至49歲 | 高中、職 | 桃竹苗區 | 外籍人士 | 05 | 05 | 05"
"女性","40至49歲","高中、職","桃竹苗區","大陸各省市","08","05","05",1,1.19638544456173,0.000377500943752359,0.000453326027704708,"女性 | 40至49歲 | 高中、職 | 桃竹苗區 | 大陸各省市 | 08 | 05 | 05"
"女性","40至49歲","高中、職","桃竹苗區","本省客家人","07","05","06",1,1.19638544456173,0.000377500943752359,0.000453326027704708,"女性 | 40至49歲 | 高中、職 | 桃竹苗區 | 本省客家人 | 07 | 05 | 06"
"女性","40至49歲","高中、職","桃竹苗區","本省閩南人","03","08","02",1,1.19638544456173,0.000377500943752359,0.000453326027704708,"女性 | 40至49歲 | 高中、職 | 桃竹苗區 | 本省閩南人 | 03 | 08 | 02"
"女性","40至49歲","高中、職","桃竹苗區","本省閩南人","05","02","05",1,1.19638544456173,0.000377500943752359,0.000453326027704708,"女性 | 40至49歲 | 高中、職 | 桃竹苗區 | 本省閩南人 | 05 | 02 | 05"
"女性","40至49歲","高中、職","桃竹苗區","本省閩南人","05","05","03",1,1.19638544456173,0.000377500943752359,0.000453326027704708,"女性 | 40至49歲 | 高中、職 | 桃竹苗區 | 本省閩南人 | 05 | 05 | 03"
"女性","40至49歲","高中、職","桃竹苗區","本省閩南人","05","05","05",1,1.19638544456173,0.000377500943752359,0.000453326027704708,"女性 | 40至49歲 | 高中、職 | 桃竹苗區 | 本省閩南人 | 05 | 05 | 05"
"女性","40至49歲","高中、職","桃竹苗區","本省閩南人","06","02","06",1,1.19638544456173,0.000377500943752359,0.000453326027704708,"女性 | 40至49歲 | 高中、職 | 桃竹苗區 | 本省閩南人 | 06 | 02 | 06"
"女性","40至49歲","高中、職","桃竹苗區","本省閩南人","07","05","06",1,1.19638544456173,0.000377500943752359,0.000453326027704708,"女性 | 40至49歲 | 高中、職 | 桃竹苗區 | 本省閩南人 | 07 | 05 | 06"
"女性","40至49歲","高中、職","花東區","原住民","00","10","05",1,1.00640515807991,0.000377500943752359,0.000381340022688947,"女性 | 40至49歲 | 高中、職 | 花東區 | 原住民 | 00 | 10 | 05"
"女性","40至49歲","高中、職","雲嘉南區","大陸各省市","05","05","05",1,1.12114401024297,0.000377500943752359,0.000424816068231721,"女性 | 40至49歲 | 高中、職 | 雲嘉南區 | 大陸各省市 | 05 | 05 | 05"
"女性","40至49歲","高中、職","雲嘉南區","本省客家人","02","07","02",1,1.12114401024297,0.000377500943752359,0.000424816068231721,"女性 | 40至49歲 | 高中、職 | 雲嘉南區 | 本省客家人 | 02 | 07 | 02"
"女性","40至49歲","高中、職","雲嘉南區","本省閩南人","03","03","03",1,1.12114401024297,0.000377500943752359,0.000424816068231721,"女性 | 40至49歲 | 高中、職 | 雲嘉南區 | 本省閩南人 | 03 | 03 | 03"
"女性","40至49歲","高中、職","雲嘉南區","本省閩南人","04","08","03",1,1.12114401024297,0.000377500943752359,0.000424816068231721,"女性 | 40至49歲 | 高中、職 | 雲嘉南區 | 本省閩南人 | 04 | 08 | 03"
"女性","40至49歲","高中、職","雲嘉南區","本省閩南人","05","02","03",1,1.12114401024297,0.000377500943752359,0.000424816068231721,"女性 | 40至49歲 | 高中、職 | 雲嘉南區 | 本省閩南人 | 05 | 02 | 03"
"女性","40至49歲","高中、職","雲嘉南區","本省閩南人","05","05","07",1,1.12114401024297,0.000377500943752359,0.000424816068231721,"女性 | 40至49歲 | 高中、職 | 雲嘉南區 | 本省閩南人 | 05 | 05 | 07"
"女性","40至49歲","高中、職","雲嘉南區","本省閩南人","05","09","05",1,1.12114401024297,0.000377500943752359,0.000424816068231721,"女性 | 40至49歲 | 高中、職 | 雲嘉南區 | 本省閩南人 | 05 | 09 | 05"
"女性","40至49歲","高中、職","雲嘉南區","本省閩南人","06","05","05",1,1.12114401024297,0.000377500943752359,0.000424816068231721,"女性 | 40至49歲 | 高中、職 | 雲嘉南區 | 本省閩南人 | 06 | 05 | 05"
"女性","40至49歲","高中、職","雲嘉南區","本省閩南人","07","07","06",1,1.12114401024297,0.000377500943752359,0.000424816068231721,"女性 | 40至49歲 | 高中、職 | 雲嘉南區 | 本省閩南人 | 07 | 07 | 06"
"女性","40至49歲","高中、職","雲嘉南區","本省閩南人","08","07","05",1,1.12114401024297,0.000377500943752359,0.000424816068231721,"女性 | 40至49歲 | 高中、職 | 雲嘉南區 | 本省閩南人 | 08 | 07 | 05"
"女性","40至49歲","高中、職","高屏區","外籍人士","05","10","05",1,1.60577389719764,0.000377500943752359,0.00060844864463825,"女性 | 40至49歲 | 高中、職 | 高屏區 | 外籍人士 | 05 | 10 | 05"
"女性","40至49歲","高中、職","高屏區","大陸各省市","05","05","04",1,1.60577389719764,0.000377500943752359,0.00060844864463825,"女性 | 40至49歲 | 高中、職 | 高屏區 | 大陸各省市 | 05 | 05 | 04"
"女性","40至49歲","高中、職","高屏區","本省閩南人","00","02","01",1,1.60577389719764,0.000377500943752359,0.00060844864463825,"女性 | 40至49歲 | 高中、職 | 高屏區 | 本省閩南人 | 00 | 02 | 01"
"女性","40至49歲","高中、職","高屏區","本省閩南人","01","07","01",1,1.60577389719764,0.000377500943752359,0.00060844864463825,"女性 | 40至49歲 | 高中、職 | 高屏區 | 本省閩南人 | 01 | 07 | 01"
"女性","40至49歲","高中、職","高屏區","本省閩南人","02","08","02",1,1.60577389719764,0.000377500943752359,0.00060844864463825,"女性 | 40至49歲 | 高中、職 | 高屏區 | 本省閩南人 | 02 | 08 | 02"
"女性","40至49歲","高中、職","高屏區","本省閩南人","03","07","03",1,1.60577389719764,0.000377500943752359,0.00060844864463825,"女性 | 40至49歲 | 高中、職 | 高屏區 | 本省閩南人 | 03 | 07 | 03"
"女性","40至49歲","高中、職","高屏區","本省閩南人","04","07","00",1,1.60577389719764,0.000377500943752359,0.00060844864463825,"女性 | 40至49歲 | 高中、職 | 高屏區 | 本省閩南人 | 04 | 07 | 00"
"女性","40至49歲","高中、職","高屏區","本省閩南人","08","02","05",1,1.60577389719764,0.000377500943752359,0.00060844864463825,"女性 | 40至49歲 | 高中、職 | 高屏區 | 本省閩南人 | 08 | 02 | 05"
"女性","50至59歲","國、初中","中彰投區","大陸各省市","06","01","03",1,1.3834009439119,0.000377500943752359,0.000524188636260333,"女性 | 50至59歲 | 國、初中 | 中彰投區 | 大陸各省市 | 06 | 01 | 03"
"女性","50至59歲","國、初中","中彰投區","本省閩南人","00","05","00",1,1.3834009439119,0.000377500943752359,0.000524188636260333,"女性 | 50至59歲 | 國、初中 | 中彰投區 | 本省閩南人 | 00 | 05 | 00"
"女性","50至59歲","國、初中","中彰投區","本省閩南人","03","08","00",1,1.3834009439119,0.000377500943752359,0.000524188636260333,"女性 | 50至59歲 | 國、初中 | 中彰投區 | 本省閩南人 | 03 | 08 | 00"
"女性","50至59歲","國、初中","中彰投區","本省閩南人","05","03","08",1,1.3834009439119,0.000377500943752359,0.000524188636260333,"女性 | 50至59歲 | 國、初中 | 中彰投區 | 本省閩南人 | 05 | 03 | 08"
"女性","50至59歲","國、初中","中彰投區","本省閩南人","05","05","05",1,1.3834009439119,0.000377500943752359,0.000524188636260333,"女性 | 50至59歲 | 國、初中 | 中彰投區 | 本省閩南人 | 05 | 05 | 05"
"女性","50至59歲","國、初中","中彰投區","本省閩南人","06","00","10",1,1.3834009439119,0.000377500943752359,0.000524188636260333,"女性 | 50至59歲 | 國、初中 | 中彰投區 | 本省閩南人 | 06 | 00 | 10"
"女性","50至59歲","國、初中","北北基宜蘭區","大陸各省市","01","07","00",1,1.35104192908181,0.000377500943752359,0.000511927384069374,"女性 | 50至59歲 | 國、初中 | 北北基宜蘭區 | 大陸各省市 | 01 | 07 | 00"
"女性","50至59歲","國、初中","北北基宜蘭區","本省客家人","00","08","00",1,1.35104192908181,0.000377500943752359,0.000511927384069374,"女性 | 50至59歲 | 國、初中 | 北北基宜蘭區 | 本省客家人 | 00 | 08 | 00"
"女性","50至59歲","國、初中","北北基宜蘭區","本省閩南人","00","05","05",1,1.35104192908181,0.000377500943752359,0.000511927384069374,"女性 | 50至59歲 | 國、初中 | 北北基宜蘭區 | 本省閩南人 | 00 | 05 | 05"
"女性","50至59歲","國、初中","北北基宜蘭區","本省閩南人","00","06","00",1,1.35104192908181,0.000377500943752359,0.000511927384069374,"女性 | 50至59歲 | 國、初中 | 北北基宜蘭區 | 本省閩南人 | 00 | 06 | 00"
"女性","50至59歲","國、初中","北北基宜蘭區","本省閩南人","01","01","01",1,1.35104192908181,0.000377500943752359,0.000511927384069374,"女性 | 50至59歲 | 國、初中 | 北北基宜蘭區 | 本省閩南人 | 01 | 01 | 01"
"女性","50至59歲","國、初中","北北基宜蘭區","本省閩南人","05","05","05",1,1.35104192908181,0.000377500943752359,0.000511927384069374,"女性 | 50至59歲 | 國、初中 | 北北基宜蘭區 | 本省閩南人 | 05 | 05 | 05"
"女性","50至59歲","國、初中","北北基宜蘭區","本省閩南人","05","06","00",1,1.35104192908181,0.000377500943752359,0.000511927384069374,"女性 | 50至59歲 | 國、初中 | 北北基宜蘭區 | 本省閩南人 | 05 | 06 | 00"
"女性","50至59歲","國、初中","北北基宜蘭區","本省閩南人","06","03","04",1,1.35104192908181,0.000377500943752359,0.000511927384069374,"女性 | 50至59歲 | 國、初中 | 北北基宜蘭區 | 本省閩南人 | 06 | 03 | 04"
"女性","50至59歲","國、初中","桃竹苗區","本省客家人","07","02","02",1,1.27194291107136,0.000377500943752359,0.000481955735891096,"女性 | 50至59歲 | 國、初中 | 桃竹苗區 | 本省客家人 | 07 | 02 | 02"
"女性","50至59歲","國、初中","桃竹苗區","本省閩南人","03","03","03",1,1.27194291107136,0.000377500943752359,0.000481955735891096,"女性 | 50至59歲 | 國、初中 | 桃竹苗區 | 本省閩南人 | 03 | 03 | 03"
"女性","50至59歲","國、初中","桃竹苗區","本省閩南人","06","08","02",1,1.27194291107136,0.000377500943752359,0.000481955735891096,"女性 | 50至59歲 | 國、初中 | 桃竹苗區 | 本省閩南人 | 06 | 08 | 02"
"女性","50至59歲","國、初中","雲嘉南區","大陸各省市","10","00","10",1,1.1919496200834,0.000377500943752359,0.000451645236033851,"女性 | 50至59歲 | 國、初中 | 雲嘉南區 | 大陸各省市 | 10 | 00 | 10"
"女性","50至59歲","國、初中","雲嘉南區","本省閩南人","04","06","02",1,1.1919496200834,0.000377500943752359,0.000451645236033851,"女性 | 50至59歲 | 國、初中 | 雲嘉南區 | 本省閩南人 | 04 | 06 | 02"
"女性","50至59歲","國、初中","高屏區","本省閩南人","06","06","03",1,1.70718620375074,0.000377500943752359,0.000646875088472936,"女性 | 50至59歲 | 國、初中 | 高屏區 | 本省閩南人 | 06 | 06 | 03"
"女性","50至59歲","大學及以上","中彰投區","本省客家人","03","00","10",1,0.844152684331624,0.000377500943752359,0.000319860447068969,"女性 | 50至59歲 | 大學及以上 | 中彰投區 | 本省客家人 | 03 | 00 | 10"
"女性","50至59歲","大學及以上","中彰投區","本省閩南人","00","09","00",1,0.844152684331624,0.000377500943752359,0.000319860447068969,"女性 | 50至59歲 | 大學及以上 | 中彰投區 | 本省閩南人 | 00 | 09 | 00"
"女性","50至59歲","大學及以上","中彰投區","本省閩南人","05","01","04",1,0.844152684331624,0.000377500943752359,0.000319860447068969,"女性 | 50至59歲 | 大學及以上 | 中彰投區 | 本省閩南人 | 05 | 01 | 04"
"女性","50至59歲","大學及以上","中彰投區","本省閩南人","05","05","05",1,0.844152684331624,0.000377500943752359,0.000319860447068969,"女性 | 50至59歲 | 大學及以上 | 中彰投區 | 本省閩南人 | 05 | 05 | 05"
"女性","50至59歲","大學及以上","中彰投區","本省閩南人","05","07","06",1,0.844152684331624,0.000377500943752359,0.000319860447068969,"女性 | 50至59歲 | 大學及以上 | 中彰投區 | 本省閩南人 | 05 | 07 | 06"
"女性","50至59歲","大學及以上","中彰投區","本省閩南人","06","02","08",1,0.844152684331624,0.000377500943752359,0.000319860447068969,"女性 | 50至59歲 | 大學及以上 | 中彰投區 | 本省閩南人 | 06 | 02 | 08"
"女性","50至59歲","大學及以上","中彰投區","本省閩南人","06","05","06",1,0.844152684331624,0.000377500943752359,0.000319860447068969,"女性 | 50至59歲 | 大學及以上 | 中彰投區 | 本省閩南人 | 06 | 05 | 06"
"女性","50至59歲","大學及以上","中彰投區","本省閩南人","09","03","05",1,0.844152684331624,0.000377500943752359,0.000319860447068969,"女性 | 50至59歲 | 大學及以上 | 中彰投區 | 本省閩南人 | 09 | 03 | 05"
"女性","50至59歲","大學及以上","北北基宜蘭區","大陸各省市","05","03","02",1,0.824407180071732,0.000377500943752359,0.000312378618322346,"女性 | 50至59歲 | 大學及以上 | 北北基宜蘭區 | 大陸各省市 | 05 | 03 | 02"
"女性","50至59歲","大學及以上","北北基宜蘭區","大陸各省市","05","03","03",1,0.824407180071732,0.000377500943752359,0.000312378618322346,"女性 | 50至59歲 | 大學及以上 | 北北基宜蘭區 | 大陸各省市 | 05 | 03 | 03"
"女性","50至59歲","大學及以上","北北基宜蘭區","大陸各省市","05","05","04",1,0.824407180071732,0.000377500943752359,0.000312378618322346,"女性 | 50至59歲 | 大學及以上 | 北北基宜蘭區 | 大陸各省市 | 05 | 05 | 04"
"女性","50至59歲","大學及以上","北北基宜蘭區","大陸各省市","06","04","05",1,0.824407180071732,0.000377500943752359,0.000312378618322346,"女性 | 50至59歲 | 大學及以上 | 北北基宜蘭區 | 大陸各省市 | 06 | 04 | 05"
"女性","50至59歲","大學及以上","北北基宜蘭區","大陸各省市","07","00","04",1,0.824407180071732,0.000377500943752359,0.000312378618322346,"女性 | 50至59歲 | 大學及以上 | 北北基宜蘭區 | 大陸各省市 | 07 | 00 | 04"
"女性","50至59歲","大學及以上","北北基宜蘭區","大陸各省市","07","00","07",1,0.824407180071732,0.000377500943752359,0.000312378618322346,"女性 | 50至59歲 | 大學及以上 | 北北基宜蘭區 | 大陸各省市 | 07 | 00 | 07"
"女性","50至59歲","大學及以上","北北基宜蘭區","大陸各省市","07","02","04",1,0.824407180071732,0.000377500943752359,0.000312378618322346,"女性 | 50至59歲 | 大學及以上 | 北北基宜蘭區 | 大陸各省市 | 07 | 02 | 04"
"女性","50至59歲","大學及以上","北北基宜蘭區","大陸各省市","08","00","06",1,0.824407180071732,0.000377500943752359,0.000312378618322346,"女性 | 50至59歲 | 大學及以上 | 北北基宜蘭區 | 大陸各省市 | 08 | 00 | 06"
"女性","50至59歲","大學及以上","北北基宜蘭區","本省客家人","01","07","00",1,0.824407180071732,0.000377500943752359,0.000312378618322346,"女性 | 50至59歲 | 大學及以上 | 北北基宜蘭區 | 本省客家人 | 01 | 07 | 00"
"女性","50至59歲","大學及以上","北北基宜蘭區","本省客家人","05","00","09",1,0.824407180071732,0.000377500943752359,0.000312378618322346,"女性 | 50至59歲 | 大學及以上 | 北北基宜蘭區 | 本省客家人 | 05 | 00 | 09"
"女性","50至59歲","大學及以上","北北基宜蘭區","本省客家人","07","03","03",1,0.824407180071732,0.000377500943752359,0.000312378618322346,"女性 | 50至59歲 | 大學及以上 | 北北基宜蘭區 | 本省客家人 | 07 | 03 | 03"
"女性","50至59歲","大學及以上","北北基宜蘭區","本省客家人","08","00","05",1,0.824407180071732,0.000377500943752359,0.000312378618322346,"女性 | 50至59歲 | 大學及以上 | 北北基宜蘭區 | 本省客家人 | 08 | 00 | 05"
"女性","50至59歲","大學及以上","北北基宜蘭區","本省客家人","08","02","00",1,0.824407180071732,0.000377500943752359,0.000312378618322346,"女性 | 50至59歲 | 大學及以上 | 北北基宜蘭區 | 本省客家人 | 08 | 02 | 00"
"女性","50至59歲","大學及以上","北北基宜蘭區","本省閩南人","00","06","00",1,0.824407180071732,0.000377500943752359,0.000312378618322346,"女性 | 50至59歲 | 大學及以上 | 北北基宜蘭區 | 本省閩南人 | 00 | 06 | 00"
"女性","50至59歲","大學及以上","北北基宜蘭區","本省閩南人","00","06","05",1,0.824407180071732,0.000377500943752359,0.000312378618322346,"女性 | 50至59歲 | 大學及以上 | 北北基宜蘭區 | 本省閩南人 | 00 | 06 | 05"
"女性","50至59歲","大學及以上","北北基宜蘭區","本省閩南人","00","07","00",1,0.824407180071732,0.000377500943752359,0.000312378618322346,"女性 | 50至59歲 | 大學及以上 | 北北基宜蘭區 | 本省閩南人 | 00 | 07 | 00"
"女性","50至59歲","大學及以上","北北基宜蘭區","本省閩南人","01","07","01",1,0.824407180071732,0.000377500943752359,0.000312378618322346,"女性 | 50至59歲 | 大學及以上 | 北北基宜蘭區 | 本省閩南人 | 01 | 07 | 01"
"女性","50至59歲","大學及以上","北北基宜蘭區","本省閩南人","02","03","02",1,0.824407180071732,0.000377500943752359,0.000312378618322346,"女性 | 50至59歲 | 大學及以上 | 北北基宜蘭區 | 本省閩南人 | 02 | 03 | 02"
"女性","50至59歲","大學及以上","北北基宜蘭區","本省閩南人","02","05","00",1,0.824407180071732,0.000377500943752359,0.000312378618322346,"女性 | 50至59歲 | 大學及以上 | 北北基宜蘭區 | 本省閩南人 | 02 | 05 | 00"
"女性","50至59歲","大學及以上","北北基宜蘭區","本省閩南人","02","05","02",1,0.824407180071732,0.000377500943752359,0.000312378618322346,"女性 | 50至59歲 | 大學及以上 | 北北基宜蘭區 | 本省閩南人 | 02 | 05 | 02"
"女性","50至59歲","大學及以上","北北基宜蘭區","本省閩南人","03","07","00",1,0.824407180071732,0.000377500943752359,0.000312378618322346,"女性 | 50至59歲 | 大學及以上 | 北北基宜蘭區 | 本省閩南人 | 03 | 07 | 00"
"女性","50至59歲","大學及以上","北北基宜蘭區","本省閩南人","03","07","05",1,0.824407180071732,0.000377500943752359,0.000312378618322346,"女性 | 50至59歲 | 大學及以上 | 北北基宜蘭區 | 本省閩南人 | 03 | 07 | 05"
"女性","50至59歲","大學及以上","北北基宜蘭區","本省閩南人","04","01","05",1,0.824407180071732,0.000377500943752359,0.000312378618322346,"女性 | 50至59歲 | 大學及以上 | 北北基宜蘭區 | 本省閩南人 | 04 | 01 | 05"
"女性","50至59歲","大學及以上","北北基宜蘭區","本省閩南人","04","07","03",1,0.824407180071732,0.000377500943752359,0.000312378618322346,"女性 | 50至59歲 | 大學及以上 | 北北基宜蘭區 | 本省閩南人 | 04 | 07 | 03"
"女性","50至59歲","大學及以上","北北基宜蘭區","本省閩南人","05","02","05",1,0.824407180071732,0.000377500943752359,0.000312378618322346,"女性 | 50至59歲 | 大學及以上 | 北北基宜蘭區 | 本省閩南人 | 05 | 02 | 05"
"女性","50至59歲","大學及以上","北北基宜蘭區","本省閩南人","05","03","02",1,0.824407180071732,0.000377500943752359,0.000312378618322346,"女性 | 50至59歲 | 大學及以上 | 北北基宜蘭區 | 本省閩南人 | 05 | 03 | 02"
"女性","50至59歲","大學及以上","北北基宜蘭區","本省閩南人","05","03","03",1,0.824407180071732,0.000377500943752359,0.000312378618322346,"女性 | 50至59歲 | 大學及以上 | 北北基宜蘭區 | 本省閩南人 | 05 | 03 | 03"
"女性","50至59歲","大學及以上","北北基宜蘭區","本省閩南人","05","04","03",1,0.824407180071732,0.000377500943752359,0.000312378618322346,"女性 | 50至59歲 | 大學及以上 | 北北基宜蘭區 | 本省閩南人 | 05 | 04 | 03"
"女性","50至59歲","大學及以上","北北基宜蘭區","本省閩南人","05","04","07",1,0.824407180071732,0.000377500943752359,0.000312378618322346,"女性 | 50至59歲 | 大學及以上 | 北北基宜蘭區 | 本省閩南人 | 05 | 04 | 07"
"女性","50至59歲","大學及以上","北北基宜蘭區","本省閩南人","05","07","07",1,0.824407180071732,0.000377500943752359,0.000312378618322346,"女性 | 50至59歲 | 大學及以上 | 北北基宜蘭區 | 本省閩南人 | 05 | 07 | 07"
"女性","50至59歲","大學及以上","北北基宜蘭區","本省閩南人","06","00","06",1,0.824407180071732,0.000377500943752359,0.000312378618322346,"女性 | 50至59歲 | 大學及以上 | 北北基宜蘭區 | 本省閩南人 | 06 | 00 | 06"
"女性","50至59歲","大學及以上","北北基宜蘭區","本省閩南人","06","00","08",1,0.824407180071732,0.000377500943752359,0.000312378618322346,"女性 | 50至59歲 | 大學及以上 | 北北基宜蘭區 | 本省閩南人 | 06 | 00 | 08"
"女性","50至59歲","大學及以上","北北基宜蘭區","本省閩南人","06","03","05",1,0.824407180071732,0.000377500943752359,0.000312378618322346,"女性 | 50至59歲 | 大學及以上 | 北北基宜蘭區 | 本省閩南人 | 06 | 03 | 05"
"女性","50至59歲","大學及以上","北北基宜蘭區","本省閩南人","07","03","05",1,0.824407180071732,0.000377500943752359,0.000312378618322346,"女性 | 50至59歲 | 大學及以上 | 北北基宜蘭區 | 本省閩南人 | 07 | 03 | 05"
"女性","50至59歲","大學及以上","北北基宜蘭區","本省閩南人","07","06","05",1,0.824407180071732,0.000377500943752359,0.000312378618322346,"女性 | 50至59歲 | 大學及以上 | 北北基宜蘭區 | 本省閩南人 | 07 | 06 | 05"
"女性","50至59歲","大學及以上","北北基宜蘭區","本省閩南人","08","01","07",1,0.824407180071732,0.000377500943752359,0.000312378618322346,"女性 | 50至59歲 | 大學及以上 | 北北基宜蘭區 | 本省閩南人 | 08 | 01 | 07"
"女性","50至59歲","大學及以上","桃竹苗區","大陸各省市","04","06","05",1,0.776140877612304,0.000377500943752359,0.00029408988765834,"女性 | 50至59歲 | 大學及以上 | 桃竹苗區 | 大陸各省市 | 04 | 06 | 05"
"女性","50至59歲","大學及以上","桃竹苗區","大陸各省市","06","06","05",1,0.776140877612304,0.000377500943752359,0.00029408988765834,"女性 | 50至59歲 | 大學及以上 | 桃竹苗區 | 大陸各省市 | 06 | 06 | 05"
"女性","50至59歲","大學及以上","桃竹苗區","大陸各省市","08","02","06",1,0.776140877612304,0.000377500943752359,0.00029408988765834,"女性 | 50至59歲 | 大學及以上 | 桃竹苗區 | 大陸各省市 | 08 | 02 | 06"
"女性","50至59歲","大學及以上","桃竹苗區","本省客家人","05","05","03",1,0.776140877612304,0.000377500943752359,0.00029408988765834,"女性 | 50至59歲 | 大學及以上 | 桃竹苗區 | 本省客家人 | 05 | 05 | 03"
"女性","50至59歲","大學及以上","桃竹苗區","本省客家人","07","03","05",1,0.776140877612304,0.000377500943752359,0.00029408988765834,"女性 | 50至59歲 | 大學及以上 | 桃竹苗區 | 本省客家人 | 07 | 03 | 05"
"女性","50至59歲","大學及以上","桃竹苗區","本省閩南人","00","07","00",1,0.776140877612304,0.000377500943752359,0.00029408988765834,"女性 | 50至59歲 | 大學及以上 | 桃竹苗區 | 本省閩南人 | 00 | 07 | 00"
"女性","50至59歲","大學及以上","桃竹苗區","本省閩南人","03","04","01",1,0.776140877612304,0.000377500943752359,0.00029408988765834,"女性 | 50至59歲 | 大學及以上 | 桃竹苗區 | 本省閩南人 | 03 | 04 | 01"
"女性","50至59歲","大學及以上","桃竹苗區","本省閩南人","03","08","00",1,0.776140877612304,0.000377500943752359,0.00029408988765834,"女性 | 50至59歲 | 大學及以上 | 桃竹苗區 | 本省閩南人 | 03 | 08 | 00"
"女性","50至59歲","大學及以上","桃竹苗區","本省閩南人","06","04","06",1,0.776140877612304,0.000377500943752359,0.00029408988765834,"女性 | 50至59歲 | 大學及以上 | 桃竹苗區 | 本省閩南人 | 06 | 04 | 06"
"女性","50至59歲","大學及以上","桃竹苗區","本省閩南人","07","00","09",1,0.776140877612304,0.000377500943752359,0.00029408988765834,"女性 | 50至59歲 | 大學及以上 | 桃竹苗區 | 本省閩南人 | 07 | 00 | 09"
"女性","50至59歲","大學及以上","桃竹苗區","本省閩南人","07","05","07",1,0.776140877612304,0.000377500943752359,0.00029408988765834,"女性 | 50至59歲 | 大學及以上 | 桃竹苗區 | 本省閩南人 | 07 | 05 | 07"
"女性","50至59歲","大學及以上","花東區","原住民","08","00","03",1,0.65289341840149,0.000377500943752359,0.000247389820081704,"女性 | 50至59歲 | 大學及以上 | 花東區 | 原住民 | 08 | 00 | 03"
"女性","50至59歲","大學及以上","雲嘉南區","大陸各省市","08","06","03",1,0.727328888858662,0.000377500943752359,0.000275594389349965,"女性 | 50至59歲 | 大學及以上 | 雲嘉南區 | 大陸各省市 | 08 | 06 | 03"
"女性","50至59歲","大學及以上","雲嘉南區","本省閩南人","00","08","00",1,0.727328888858662,0.000377500943752359,0.000275594389349965,"女性 | 50至59歲 | 大學及以上 | 雲嘉南區 | 本省閩南人 | 00 | 08 | 00"
"女性","50至59歲","大學及以上","雲嘉南區","本省閩南人","02","06","01",1,0.727328888858662,0.000377500943752359,0.000275594389349965,"女性 | 50至59歲 | 大學及以上 | 雲嘉南區 | 本省閩南人 | 02 | 06 | 01"
"女性","50至59歲","大學及以上","雲嘉南區","本省閩南人","03","09","03",1,0.727328888858662,0.000377500943752359,0.000275594389349965,"女性 | 50至59歲 | 大學及以上 | 雲嘉南區 | 本省閩南人 | 03 | 09 | 03"
"女性","50至59歲","大學及以上","雲嘉南區","本省閩南人","04","02","02",1,0.727328888858662,0.000377500943752359,0.000275594389349965,"女性 | 50至59歲 | 大學及以上 | 雲嘉南區 | 本省閩南人 | 04 | 02 | 02"
"女性","50至59歲","大學及以上","雲嘉南區","本省閩南人","04","06","04",1,0.727328888858662,0.000377500943752359,0.000275594389349965,"女性 | 50至59歲 | 大學及以上 | 雲嘉南區 | 本省閩南人 | 04 | 06 | 04"
"女性","50至59歲","大學及以上","雲嘉南區","本省閩南人","05","05","05",1,0.727328888858662,0.000377500943752359,0.000275594389349965,"女性 | 50至59歲 | 大學及以上 | 雲嘉南區 | 本省閩南人 | 05 | 05 | 05"
"女性","50至59歲","大學及以上","高屏區","大陸各省市","04","04","04",1,1.04172678419242,0.000377500943752359,0.000394723846882427,"女性 | 50至59歲 | 大學及以上 | 高屏區 | 大陸各省市 | 04 | 04 | 04"
"女性","50至59歲","大學及以上","高屏區","大陸各省市","05","03","05",1,1.04172678419242,0.000377500943752359,0.000394723846882427,"女性 | 50至59歲 | 大學及以上 | 高屏區 | 大陸各省市 | 05 | 03 | 05"
"女性","50至59歲","大學及以上","高屏區","本省客家人","05","05","05",1,1.04172678419242,0.000377500943752359,0.000394723846882427,"女性 | 50至59歲 | 大學及以上 | 高屏區 | 本省客家人 | 05 | 05 | 05"
"女性","50至59歲","大學及以上","高屏區","本省閩南人","00","07","03",1,1.04172678419242,0.000377500943752359,0.000394723846882427,"女性 | 50至59歲 | 大學及以上 | 高屏區 | 本省閩南人 | 00 | 07 | 03"
"女性","50至59歲","大學及以上","高屏區","本省閩南人","00","10","00",1,1.04172678419242,0.000377500943752359,0.000394723846882427,"女性 | 50至59歲 | 大學及以上 | 高屏區 | 本省閩南人 | 00 | 10 | 00"
"女性","50至59歲","大學及以上","高屏區","本省閩南人","01","07","01",1,1.04172678419242,0.000377500943752359,0.000394723846882427,"女性 | 50至59歲 | 大學及以上 | 高屏區 | 本省閩南人 | 01 | 07 | 01"
"女性","50至59歲","大學及以上","高屏區","本省閩南人","03","06","03",1,1.04172678419242,0.000377500943752359,0.000394723846882427,"女性 | 50至59歲 | 大學及以上 | 高屏區 | 本省閩南人 | 03 | 06 | 03"
"女性","50至59歲","大學及以上","高屏區","本省閩南人","05","05","03",1,1.04172678419242,0.000377500943752359,0.000394723846882427,"女性 | 50至59歲 | 大學及以上 | 高屏區 | 本省閩南人 | 05 | 05 | 03"
"女性","50至59歲","大學及以上","高屏區","本省閩南人","06","00","03",1,1.04172678419242,0.000377500943752359,0.000394723846882427,"女性 | 50至59歲 | 大學及以上 | 高屏區 | 本省閩南人 | 06 | 00 | 03"
"女性","50至59歲","大學及以上","高屏區","本省閩南人","07","00","05",1,1.04172678419242,0.000377500943752359,0.000394723846882427,"女性 | 50至59歲 | 大學及以上 | 高屏區 | 本省閩南人 | 07 | 00 | 05"
"女性","50至59歲","大學及以上","高屏區","本省閩南人","07","08","04",1,1.04172678419242,0.000377500943752359,0.000394723846882427,"女性 | 50至59歲 | 大學及以上 | 高屏區 | 本省閩南人 | 07 | 08 | 04"
"女性","50至59歲","專科","中彰投區","大陸各省市","10","00","06",1,0.913625890798589,0.000377500943752359,0.000346184749878516,"女性 | 50至59歲 | 專科 | 中彰投區 | 大陸各省市 | 10 | 00 | 06"
"女性","50至59歲","專科","中彰投區","本省客家人","03","04","02",1,0.913625890798589,0.000377500943752359,0.000346184749878516,"女性 | 50至59歲 | 專科 | 中彰投區 | 本省客家人 | 03 | 04 | 02"
"女性","50至59歲","專科","中彰投區","本省客家人","07","04","05",1,0.913625890798589,0.000377500943752359,0.000346184749878516,"女性 | 50至59歲 | 專科 | 中彰投區 | 本省客家人 | 07 | 04 | 05"
"女性","50至59歲","專科","中彰投區","本省閩南人","05","01","03",1,0.913625890798589,0.000377500943752359,0.000346184749878516,"女性 | 50至59歲 | 專科 | 中彰投區 | 本省閩南人 | 05 | 01 | 03"
"女性","50至59歲","專科","中彰投區","本省閩南人","05","07","04",1,0.913625890798589,0.000377500943752359,0.000346184749878516,"女性 | 50至59歲 | 專科 | 中彰投區 | 本省閩南人 | 05 | 07 | 04"
"女性","50至59歲","專科","中彰投區","本省閩南人","07","03","03",1,0.913625890798589,0.000377500943752359,0.000346184749878516,"女性 | 50至59歲 | 專科 | 中彰投區 | 本省閩南人 | 07 | 03 | 03"
"女性","50至59歲","專科","北北基宜蘭區","大陸各省市","05","04","04",1,0.892255344624238,0.000377500943752359,0.000338087171584552,"女性 | 50至59歲 | 專科 | 北北基宜蘭區 | 大陸各省市 | 05 | 04 | 04"
"女性","50至59歲","專科","北北基宜蘭區","大陸各省市","07","00","05",1,0.892255344624238,0.000377500943752359,0.000338087171584552,"女性 | 50至59歲 | 專科 | 北北基宜蘭區 | 大陸各省市 | 07 | 00 | 05"
"女性","50至59歲","專科","北北基宜蘭區","大陸各省市","09","01","07",1,0.892255344624238,0.000377500943752359,0.000338087171584552,"女性 | 50至59歲 | 專科 | 北北基宜蘭區 | 大陸各省市 | 09 | 01 | 07"
"女性","50至59歲","專科","北北基宜蘭區","本省客家人","05","05","04",1,0.892255344624238,0.000377500943752359,0.000338087171584552,"女性 | 50至59歲 | 專科 | 北北基宜蘭區 | 本省客家人 | 05 | 05 | 04"
"女性","50至59歲","專科","北北基宜蘭區","本省閩南人","05","06","02",1,0.892255344624238,0.000377500943752359,0.000338087171584552,"女性 | 50至59歲 | 專科 | 北北基宜蘭區 | 本省閩南人 | 05 | 06 | 02"
"女性","50至59歲","專科","北北基宜蘭區","本省閩南人","05","06","05",1,0.892255344624238,0.000377500943752359,0.000338087171584552,"女性 | 50至59歲 | 專科 | 北北基宜蘭區 | 本省閩南人 | 05 | 06 | 05"
"女性","50至59歲","專科","北北基宜蘭區","本省閩南人","05","07","03",1,0.892255344624238,0.000377500943752359,0.000338087171584552,"女性 | 50至59歲 | 專科 | 北北基宜蘭區 | 本省閩南人 | 05 | 07 | 03"
"女性","50至59歲","專科","北北基宜蘭區","本省閩南人","06","05","06",1,0.892255344624238,0.000377500943752359,0.000338087171584552,"女性 | 50至59歲 | 專科 | 北北基宜蘭區 | 本省閩南人 | 06 | 05 | 06"
"女性","50至59歲","專科","北北基宜蘭區","本省閩南人","07","00","05",1,0.892255344624238,0.000377500943752359,0.000338087171584552,"女性 | 50至59歲 | 專科 | 北北基宜蘭區 | 本省閩南人 | 07 | 00 | 05"
"女性","50至59歲","專科","桃竹苗區","本省客家人","05","05","05",1,0.840016757460395,0.000377500943752359,0.000318293290507566,"女性 | 50至59歲 | 專科 | 桃竹苗區 | 本省客家人 | 05 | 05 | 05"
"女性","50至59歲","專科","桃竹苗區","本省客家人","05","06","02",1,0.840016757460395,0.000377500943752359,0.000318293290507566,"女性 | 50至59歲 | 專科 | 桃竹苗區 | 本省客家人 | 05 | 06 | 02"
"女性","50至59歲","專科","桃竹苗區","本省閩南人","00","05","05",1,0.840016757460395,0.000377500943752359,0.000318293290507566,"女性 | 50至59歲 | 專科 | 桃竹苗區 | 本省閩南人 | 00 | 05 | 05"
"女性","50至59歲","專科","桃竹苗區","本省閩南人","03","03","03",1,0.840016757460395,0.000377500943752359,0.000318293290507566,"女性 | 50至59歲 | 專科 | 桃竹苗區 | 本省閩南人 | 03 | 03 | 03"
"女性","50至59歲","專科","桃竹苗區","本省閩南人","04","03","02",1,0.840016757460395,0.000377500943752359,0.000318293290507566,"女性 | 50至59歲 | 專科 | 桃竹苗區 | 本省閩南人 | 04 | 03 | 02"
"女性","50至59歲","專科","桃竹苗區","本省閩南人","05","04","05",1,0.840016757460395,0.000377500943752359,0.000318293290507566,"女性 | 50至59歲 | 專科 | 桃竹苗區 | 本省閩南人 | 05 | 04 | 05"
"女性","50至59歲","專科","桃竹苗區","本省閩南人","07","07","06",1,0.840016757460395,0.000377500943752359,0.000318293290507566,"女性 | 50至59歲 | 專科 | 桃竹苗區 | 本省閩南人 | 07 | 07 | 06"
"女性","50至59歲","專科","花東區","本省閩南人","06","08","04",1,0.70662611403752,0.000377500943752359,0.000267749838319364,"女性 | 50至59歲 | 專科 | 花東區 | 本省閩南人 | 06 | 08 | 04"
"女性","50至59歲","專科","花東區","本省閩南人","08","00","05",1,0.70662611403752,0.000377500943752359,0.000267749838319364,"女性 | 50至59歲 | 專科 | 花東區 | 本省閩南人 | 08 | 00 | 05"
"女性","50至59歲","專科","雲嘉南區","本省閩南人","00","08","00",1,0.787187574381973,0.000377500943752359,0.000298275624946114,"女性 | 50至59歲 | 專科 | 雲嘉南區 | 本省閩南人 | 00 | 08 | 00"
"女性","50至59歲","專科","雲嘉南區","本省閩南人","01","07","01",1,0.787187574381973,0.000377500943752359,0.000298275624946114,"女性 | 50至59歲 | 專科 | 雲嘉南區 | 本省閩南人 | 01 | 07 | 01"
"女性","50至59歲","專科","雲嘉南區","本省閩南人","05","05","05",1,0.787187574381973,0.000377500943752359,0.000298275624946114,"女性 | 50至59歲 | 專科 | 雲嘉南區 | 本省閩南人 | 05 | 05 | 05"
"女性","50至59歲","專科","雲嘉南區","本省閩南人","06","06","05",1,0.787187574381973,0.000377500943752359,0.000298275624946114,"女性 | 50至59歲 | 專科 | 雲嘉南區 | 本省閩南人 | 06 | 06 | 05"
"女性","50至59歲","專科","高屏區","大陸各省市","05","05","05",1,1.12746020813772,0.000377500943752359,0.000427209357881673,"女性 | 50至59歲 | 專科 | 高屏區 | 大陸各省市 | 05 | 05 | 05"
"女性","50至59歲","專科","高屏區","本省客家人","02","03","00",1,1.12746020813772,0.000377500943752359,0.000427209357881673,"女性 | 50至59歲 | 專科 | 高屏區 | 本省客家人 | 02 | 03 | 00"
"女性","50至59歲","專科","高屏區","本省閩南人","03","07","00",1,1.12746020813772,0.000377500943752359,0.000427209357881673,"女性 | 50至59歲 | 專科 | 高屏區 | 本省閩南人 | 03 | 07 | 00"
"女性","50至59歲","專科","高屏區","本省閩南人","04","05","02",1,1.12746020813772,0.000377500943752359,0.000427209357881673,"女性 | 50至59歲 | 專科 | 高屏區 | 本省閩南人 | 04 | 05 | 02"
"女性","50至59歲","專科","高屏區","本省閩南人","05","05","05",1,1.12746020813772,0.000377500943752359,0.000427209357881673,"女性 | 50至59歲 | 專科 | 高屏區 | 本省閩南人 | 05 | 05 | 05"
"女性","50至59歲","專科","高屏區","本省閩南人","05","06","05",1,1.12746020813772,0.000377500943752359,0.000427209357881673,"女性 | 50至59歲 | 專科 | 高屏區 | 本省閩南人 | 05 | 06 | 05"
"女性","50至59歲","專科","高屏區","本省閩南人","05","07","02",1,1.12746020813772,0.000377500943752359,0.000427209357881673,"女性 | 50至59歲 | 專科 | 高屏區 | 本省閩南人 | 05 | 07 | 02"
"女性","50至59歲","專科","高屏區","本省閩南人","08","01","04",1,1.12746020813772,0.000377500943752359,0.000427209357881673,"女性 | 50至59歲 | 專科 | 高屏區 | 本省閩南人 | 08 | 01 | 04"
"女性","50至59歲","小學及以下","北北基宜蘭區","本省閩南人","05","07","00",1,1.30466780278902,0.000377500943752359,0.000494355623600252,"女性 | 50至59歲 | 小學及以下 | 北北基宜蘭區 | 本省閩南人 | 05 | 07 | 00"
"女性","50至59歲","小學及以下","桃竹苗區","本省閩南人","03","02","01",1,1.22828383586019,0.000377500943752359,0.000465412743639972,"女性 | 50至59歲 | 小學及以下 | 桃竹苗區 | 本省閩南人 | 03 | 02 | 01"
"女性","50至59歲","小學及以下","桃竹苗區","本省閩南人","06","06","05",1,1.22828383586019,0.000377500943752359,0.000465412743639972,"女性 | 50至59歲 | 小學及以下 | 桃竹苗區 | 本省閩南人 | 06 | 06 | 05"
"女性","50至59歲","高中、職","中彰投區","本省客家人","03","08","04",1,1.17498695012387,0.000377500943752359,0.000445217859449676,"女性 | 50至59歲 | 高中、職 | 中彰投區 | 本省客家人 | 03 | 08 | 04"
"女性","50至59歲","高中、職","中彰投區","本省閩南人","00","08","00",1,1.17498695012387,0.000377500943752359,0.000445217859449676,"女性 | 50至59歲 | 高中、職 | 中彰投區 | 本省閩南人 | 00 | 08 | 00"
"女性","50至59歲","高中、職","中彰投區","本省閩南人","02","08","00",1,1.17498695012387,0.000377500943752359,0.000445217859449676,"女性 | 50至59歲 | 高中、職 | 中彰投區 | 本省閩南人 | 02 | 08 | 00"
"女性","50至59歲","高中、職","中彰投區","本省閩南人","03","03","01",1,1.17498695012387,0.000377500943752359,0.000445217859449676,"女性 | 50至59歲 | 高中、職 | 中彰投區 | 本省閩南人 | 03 | 03 | 01"
"女性","50至59歲","高中、職","中彰投區","本省閩南人","05","00","05",1,1.17498695012387,0.000377500943752359,0.000445217859449676,"女性 | 50至59歲 | 高中、職 | 中彰投區 | 本省閩南人 | 05 | 00 | 05"
"女性","50至59歲","高中、職","中彰投區","本省閩南人","05","03","02",1,1.17498695012387,0.000377500943752359,0.000445217859449676,"女性 | 50至59歲 | 高中、職 | 中彰投區 | 本省閩南人 | 05 | 03 | 02"
"女性","50至59歲","高中、職","中彰投區","本省閩南人","05","05","03",1,1.17498695012387,0.000377500943752359,0.000445217859449676,"女性 | 50至59歲 | 高中、職 | 中彰投區 | 本省閩南人 | 05 | 05 | 03"
"女性","50至59歲","高中、職","中彰投區","本省閩南人","05","08","00",1,1.17498695012387,0.000377500943752359,0.000445217859449676,"女性 | 50至59歲 | 高中、職 | 中彰投區 | 本省閩南人 | 05 | 08 | 00"
"女性","50至59歲","高中、職","中彰投區","本省閩南人","05","08","05",1,1.17498695012387,0.000377500943752359,0.000445217859449676,"女性 | 50至59歲 | 高中、職 | 中彰投區 | 本省閩南人 | 05 | 08 | 05"
"女性","50至59歲","高中、職","中彰投區","本省閩南人","06","00","03",1,1.17498695012387,0.000377500943752359,0.000445217859449676,"女性 | 50至59歲 | 高中、職 | 中彰投區 | 本省閩南人 | 06 | 00 | 03"
"女性","50至59歲","高中、職","中彰投區","本省閩南人","06","00","06",1,1.17498695012387,0.000377500943752359,0.000445217859449676,"女性 | 50至59歲 | 高中、職 | 中彰投區 | 本省閩南人 | 06 | 00 | 06"
"女性","50至59歲","高中、職","中彰投區","本省閩南人","06","03","05",1,1.17498695012387,0.000377500943752359,0.000445217859449676,"女性 | 50至59歲 | 高中、職 | 中彰投區 | 本省閩南人 | 06 | 03 | 05"
"女性","50至59歲","高中、職","中彰投區","本省閩南人","07","00","03",1,1.17498695012387,0.000377500943752359,0.000445217859449676,"女性 | 50至59歲 | 高中、職 | 中彰投區 | 本省閩南人 | 07 | 00 | 03"
"女性","50至59歲","高中、職","中彰投區","本省閩南人","07","00","05",1,1.17498695012387,0.000377500943752359,0.000445217859449676,"女性 | 50至59歲 | 高中、職 | 中彰投區 | 本省閩南人 | 07 | 00 | 05"
"女性","50至59歲","高中、職","中彰投區","本省閩南人","07","00","08",1,1.17498695012387,0.000377500943752359,0.000445217859449676,"女性 | 50至59歲 | 高中、職 | 中彰投區 | 本省閩南人 | 07 | 00 | 08"
"女性","50至59歲","高中、職","中彰投區","本省閩南人","07","02","02",1,1.17498695012387,0.000377500943752359,0.000445217859449676,"女性 | 50至59歲 | 高中、職 | 中彰投區 | 本省閩南人 | 07 | 02 | 02"
"女性","50至59歲","高中、職","中彰投區","本省閩南人","07","05","05",1,1.17498695012387,0.000377500943752359,0.000445217859449676,"女性 | 50至59歲 | 高中、職 | 中彰投區 | 本省閩南人 | 07 | 05 | 05"
"女性","50至59歲","高中、職","中彰投區","本省閩南人","10","00","04",1,1.17498695012387,0.000377500943752359,0.000445217859449676,"女性 | 50至59歲 | 高中、職 | 中彰投區 | 本省閩南人 | 10 | 00 | 04"
"女性","50至59歲","高中、職","中彰投區","本省閩南人","10","00","05",1,1.17498695012387,0.000377500943752359,0.000445217859449676,"女性 | 50至59歲 | 高中、職 | 中彰投區 | 本省閩南人 | 10 | 00 | 05"
"女性","50至59歲","高中、職","北北基宜蘭區","原住民","08","00","06",1,1.14750292944891,0.000377500943752359,0.000434803806040246,"女性 | 50至59歲 | 高中、職 | 北北基宜蘭區 | 原住民 | 08 | 00 | 06"
"女性","50至59歲","高中、職","北北基宜蘭區","大陸各省市","01","10","02",1,1.14750292944891,0.000377500943752359,0.000434803806040246,"女性 | 50至59歲 | 高中、職 | 北北基宜蘭區 | 大陸各省市 | 01 | 10 | 02"
"女性","50至59歲","高中、職","北北基宜蘭區","大陸各省市","05","03","02",1,1.14750292944891,0.000377500943752359,0.000434803806040246,"女性 | 50至59歲 | 高中、職 | 北北基宜蘭區 | 大陸各省市 | 05 | 03 | 02"
"女性","50至59歲","高中、職","北北基宜蘭區","大陸各省市","07","07","05",1,1.14750292944891,0.000377500943752359,0.000434803806040246,"女性 | 50至59歲 | 高中、職 | 北北基宜蘭區 | 大陸各省市 | 07 | 07 | 05"
"女性","50至59歲","高中、職","北北基宜蘭區","大陸各省市","10","00","05",1,1.14750292944891,0.000377500943752359,0.000434803806040246,"女性 | 50至59歲 | 高中、職 | 北北基宜蘭區 | 大陸各省市 | 10 | 00 | 05"
"女性","50至59歲","高中、職","北北基宜蘭區","大陸各省市","10","00","10",1,1.14750292944891,0.000377500943752359,0.000434803806040246,"女性 | 50至59歲 | 高中、職 | 北北基宜蘭區 | 大陸各省市 | 10 | 00 | 10"
"女性","50至59歲","高中、職","北北基宜蘭區","本省客家人","00","08","00",1,1.14750292944891,0.000377500943752359,0.000434803806040246,"女性 | 50至59歲 | 高中、職 | 北北基宜蘭區 | 本省客家人 | 00 | 08 | 00"
"女性","50至59歲","高中、職","北北基宜蘭區","本省客家人","05","05","05",1,1.14750292944891,0.000377500943752359,0.000434803806040246,"女性 | 50至59歲 | 高中、職 | 北北基宜蘭區 | 本省客家人 | 05 | 05 | 05"
"女性","50至59歲","高中、職","北北基宜蘭區","本省客家人","07","00","05",1,1.14750292944891,0.000377500943752359,0.000434803806040246,"女性 | 50至59歲 | 高中、職 | 北北基宜蘭區 | 本省客家人 | 07 | 00 | 05"
"女性","50至59歲","高中、職","北北基宜蘭區","本省客家人","08","07","07",1,1.14750292944891,0.000377500943752359,0.000434803806040246,"女性 | 50至59歲 | 高中、職 | 北北基宜蘭區 | 本省客家人 | 08 | 07 | 07"
"女性","50至59歲","高中、職","北北基宜蘭區","本省客家人","09","00","05",1,1.14750292944891,0.000377500943752359,0.000434803806040246,"女性 | 50至59歲 | 高中、職 | 北北基宜蘭區 | 本省客家人 | 09 | 00 | 05"
"女性","50至59歲","高中、職","北北基宜蘭區","本省閩南人","00","07","00",1,1.14750292944891,0.000377500943752359,0.000434803806040246,"女性 | 50至59歲 | 高中、職 | 北北基宜蘭區 | 本省閩南人 | 00 | 07 | 00"
"女性","50至59歲","高中、職","北北基宜蘭區","本省閩南人","00","10","00",1,1.14750292944891,0.000377500943752359,0.000434803806040246,"女性 | 50至59歲 | 高中、職 | 北北基宜蘭區 | 本省閩南人 | 00 | 10 | 00"
"女性","50至59歲","高中、職","北北基宜蘭區","本省閩南人","03","06","01",1,1.14750292944891,0.000377500943752359,0.000434803806040246,"女性 | 50至59歲 | 高中、職 | 北北基宜蘭區 | 本省閩南人 | 03 | 06 | 01"
"女性","50至59歲","高中、職","北北基宜蘭區","本省閩南人","03","07","02",1,1.14750292944891,0.000377500943752359,0.000434803806040246,"女性 | 50至59歲 | 高中、職 | 北北基宜蘭區 | 本省閩南人 | 03 | 07 | 02"
"女性","50至59歲","高中、職","北北基宜蘭區","本省閩南人","03","08","00",1,1.14750292944891,0.000377500943752359,0.000434803806040246,"女性 | 50至59歲 | 高中、職 | 北北基宜蘭區 | 本省閩南人 | 03 | 08 | 00"
"女性","50至59歲","高中、職","北北基宜蘭區","本省閩南人","04","05","02",1,1.14750292944891,0.000377500943752359,0.000434803806040246,"女性 | 50至59歲 | 高中、職 | 北北基宜蘭區 | 本省閩南人 | 04 | 05 | 02"
"女性","50至59歲","高中、職","北北基宜蘭區","本省閩南人","04","05","04",1,1.14750292944891,0.000377500943752359,0.000434803806040246,"女性 | 50至59歲 | 高中、職 | 北北基宜蘭區 | 本省閩南人 | 04 | 05 | 04"
"女性","50至59歲","高中、職","北北基宜蘭區","本省閩南人","05","05","02",1,1.14750292944891,0.000377500943752359,0.000434803806040246,"女性 | 50至59歲 | 高中、職 | 北北基宜蘭區 | 本省閩南人 | 05 | 05 | 02"
"女性","50至59歲","高中、職","北北基宜蘭區","本省閩南人","05","05","05",1,1.14750292944891,0.000377500943752359,0.000434803806040246,"女性 | 50至59歲 | 高中、職 | 北北基宜蘭區 | 本省閩南人 | 05 | 05 | 05"
"女性","50至59歲","高中、職","北北基宜蘭區","本省閩南人","06","00","03",1,1.14750292944891,0.000377500943752359,0.000434803806040246,"女性 | 50至59歲 | 高中、職 | 北北基宜蘭區 | 本省閩南人 | 06 | 00 | 03"
"女性","50至59歲","高中、職","北北基宜蘭區","本省閩南人","06","00","07",1,1.14750292944891,0.000377500943752359,0.000434803806040246,"女性 | 50至59歲 | 高中、職 | 北北基宜蘭區 | 本省閩南人 | 06 | 00 | 07"
"女性","50至59歲","高中、職","北北基宜蘭區","本省閩南人","06","03","05",1,1.14750292944891,0.000377500943752359,0.000434803806040246,"女性 | 50至59歲 | 高中、職 | 北北基宜蘭區 | 本省閩南人 | 06 | 03 | 05"
"女性","50至59歲","高中、職","北北基宜蘭區","本省閩南人","06","07","04",1,1.14750292944891,0.000377500943752359,0.000434803806040246,"女性 | 50至59歲 | 高中、職 | 北北基宜蘭區 | 本省閩南人 | 06 | 07 | 04"
"女性","50至59歲","高中、職","北北基宜蘭區","本省閩南人","07","05","06",1,1.14750292944891,0.000377500943752359,0.000434803806040246,"女性 | 50至59歲 | 高中、職 | 北北基宜蘭區 | 本省閩南人 | 07 | 05 | 06"
"女性","50至59歲","高中、職","北北基宜蘭區","本省閩南人","08","02","03",1,1.14750292944891,0.000377500943752359,0.000434803806040246,"女性 | 50至59歲 | 高中、職 | 北北基宜蘭區 | 本省閩南人 | 08 | 02 | 03"
"女性","50至59歲","高中、職","桃竹苗區","大陸各省市","05","05","04",1,1.08032044389482,0.000377500943752359,0.000409347487220918,"女性 | 50至59歲 | 高中、職 | 桃竹苗區 | 大陸各省市 | 05 | 05 | 04"
"女性","50至59歲","高中、職","桃竹苗區","大陸各省市","05","05","05",1,1.08032044389482,0.000377500943752359,0.000409347487220918,"女性 | 50至59歲 | 高中、職 | 桃竹苗區 | 大陸各省市 | 05 | 05 | 05"
"女性","50至59歲","高中、職","桃竹苗區","大陸各省市","07","05","05",1,1.08032044389482,0.000377500943752359,0.000409347487220918,"女性 | 50至59歲 | 高中、職 | 桃竹苗區 | 大陸各省市 | 07 | 05 | 05"
"女性","50至59歲","高中、職","桃竹苗區","大陸各省市","08","03","05",1,1.08032044389482,0.000377500943752359,0.000409347487220918,"女性 | 50至59歲 | 高中、職 | 桃竹苗區 | 大陸各省市 | 08 | 03 | 05"
"女性","50至59歲","高中、職","桃竹苗區","大陸各省市","08","05","06",1,1.08032044389482,0.000377500943752359,0.000409347487220918,"女性 | 50至59歲 | 高中、職 | 桃竹苗區 | 大陸各省市 | 08 | 05 | 06"
"女性","50至59歲","高中、職","桃竹苗區","本省客家人","03","09","03",1,1.08032044389482,0.000377500943752359,0.000409347487220918,"女性 | 50至59歲 | 高中、職 | 桃竹苗區 | 本省客家人 | 03 | 09 | 03"
"女性","50至59歲","高中、職","桃竹苗區","本省客家人","05","05","05",1,1.08032044389482,0.000377500943752359,0.000409347487220918,"女性 | 50至59歲 | 高中、職 | 桃竹苗區 | 本省客家人 | 05 | 05 | 05"
"女性","50至59歲","高中、職","桃竹苗區","本省閩南人","00","00","00",1,1.08032044389482,0.000377500943752359,0.000409347487220918,"女性 | 50至59歲 | 高中、職 | 桃竹苗區 | 本省閩南人 | 00 | 00 | 00"
"女性","50至59歲","高中、職","桃竹苗區","本省閩南人","00","05","05",1,1.08032044389482,0.000377500943752359,0.000409347487220918,"女性 | 50至59歲 | 高中、職 | 桃竹苗區 | 本省閩南人 | 00 | 05 | 05"
"女性","50至59歲","高中、職","桃竹苗區","本省閩南人","03","03","03",1,1.08032044389482,0.000377500943752359,0.000409347487220918,"女性 | 50至59歲 | 高中、職 | 桃竹苗區 | 本省閩南人 | 03 | 03 | 03"
"女性","50至59歲","高中、職","桃竹苗區","本省閩南人","03","09","02",1,1.08032044389482,0.000377500943752359,0.000409347487220918,"女性 | 50至59歲 | 高中、職 | 桃竹苗區 | 本省閩南人 | 03 | 09 | 02"
"女性","50至59歲","高中、職","桃竹苗區","本省閩南人","05","08","03",1,1.08032044389482,0.000377500943752359,0.000409347487220918,"女性 | 50至59歲 | 高中、職 | 桃竹苗區 | 本省閩南人 | 05 | 08 | 03"
"女性","50至59歲","高中、職","桃竹苗區","本省閩南人","06","07","05",1,1.08032044389482,0.000377500943752359,0.000409347487220918,"女性 | 50至59歲 | 高中、職 | 桃竹苗區 | 本省閩南人 | 06 | 07 | 05"
"女性","50至59歲","高中、職","桃竹苗區","本省閩南人","07","00","09",1,1.08032044389482,0.000377500943752359,0.000409347487220918,"女性 | 50至59歲 | 高中、職 | 桃竹苗區 | 本省閩南人 | 07 | 00 | 09"
"女性","50至59歲","高中、職","桃竹苗區","本省閩南人","08","09","04",1,1.08032044389482,0.000377500943752359,0.000409347487220918,"女性 | 50至59歲 | 高中、職 | 桃竹苗區 | 本省閩南人 | 08 | 09 | 04"
"女性","50至59歲","高中、職","花東區","大陸各省市","05","07","00",1,0.90877072439912,0.000377500943752359,0.000344345064091865,"女性 | 50至59歲 | 高中、職 | 花東區 | 大陸各省市 | 05 | 07 | 00"
"女性","50至59歲","高中、職","花東區","大陸各省市","07","02","02",1,0.90877072439912,0.000377500943752359,0.000344345064091865,"女性 | 50至59歲 | 高中、職 | 花東區 | 大陸各省市 | 07 | 02 | 02"
"女性","50至59歲","高中、職","花東區","本省閩南人","05","08","04",1,0.90877072439912,0.000377500943752359,0.000344345064091865,"女性 | 50至59歲 | 高中、職 | 花東區 | 本省閩南人 | 05 | 08 | 04"
"女性","50至59歲","高中、職","花東區","本省閩南人","06","05","06",1,0.90877072439912,0.000377500943752359,0.000344345064091865,"女性 | 50至59歲 | 高中、職 | 花東區 | 本省閩南人 | 06 | 05 | 06"
"女性","50至59歲","高中、職","雲嘉南區","本省閩南人","00","08","00",1,1.01237841058773,0.000377500943752359,0.000383603365864975,"女性 | 50至59歲 | 高中、職 | 雲嘉南區 | 本省閩南人 | 00 | 08 | 00"
"女性","50至59歲","高中、職","雲嘉南區","本省閩南人","03","03","03",1,1.01237841058773,0.000377500943752359,0.000383603365864975,"女性 | 50至59歲 | 高中、職 | 雲嘉南區 | 本省閩南人 | 03 | 03 | 03"
"女性","50至59歲","高中、職","雲嘉南區","本省閩南人","05","03","05",1,1.01237841058773,0.000377500943752359,0.000383603365864975,"女性 | 50至59歲 | 高中、職 | 雲嘉南區 | 本省閩南人 | 05 | 03 | 05"
"女性","50至59歲","高中、職","雲嘉南區","本省閩南人","05","04","04",1,1.01237841058773,0.000377500943752359,0.000383603365864975,"女性 | 50至59歲 | 高中、職 | 雲嘉南區 | 本省閩南人 | 05 | 04 | 04"
"女性","50至59歲","高中、職","雲嘉南區","本省閩南人","05","05","05",1,1.01237841058773,0.000377500943752359,0.000383603365864975,"女性 | 50至59歲 | 高中、職 | 雲嘉南區 | 本省閩南人 | 05 | 05 | 05"
"女性","50至59歲","高中、職","雲嘉南區","本省閩南人","05","07","03",1,1.01237841058773,0.000377500943752359,0.000383603365864975,"女性 | 50至59歲 | 高中、職 | 雲嘉南區 | 本省閩南人 | 05 | 07 | 03"
"女性","50至59歲","高中、職","雲嘉南區","本省閩南人","05","07","05",1,1.01237841058773,0.000377500943752359,0.000383603365864975,"女性 | 50至59歲 | 高中、職 | 雲嘉南區 | 本省閩南人 | 05 | 07 | 05"
"女性","50至59歲","高中、職","雲嘉南區","本省閩南人","06","04","05",1,1.01237841058773,0.000377500943752359,0.000383603365864975,"女性 | 50至59歲 | 高中、職 | 雲嘉南區 | 本省閩南人 | 06 | 04 | 05"
"女性","50至59歲","高中、職","雲嘉南區","本省閩南人","06","06","06",1,1.01237841058773,0.000377500943752359,0.000383603365864975,"女性 | 50至59歲 | 高中、職 | 雲嘉南區 | 本省閩南人 | 06 | 06 | 06"
"女性","50至59歲","高中、職","雲嘉南區","本省閩南人","07","08","04",1,1.01237841058773,0.000377500943752359,0.000383603365864975,"女性 | 50至59歲 | 高中、職 | 雲嘉南區 | 本省閩南人 | 07 | 08 | 04"
"女性","50至59歲","高中、職","高屏區","大陸各省市","05","05","05",1,1.44999287420348,0.000377500943752359,0.00054942118599879,"女性 | 50至59歲 | 高中、職 | 高屏區 | 大陸各省市 | 05 | 05 | 05"
"女性","50至59歲","高中、職","高屏區","本省客家人","08","05","06",1,1.44999287420348,0.000377500943752359,0.00054942118599879,"女性 | 50至59歲 | 高中、職 | 高屏區 | 本省客家人 | 08 | 05 | 06"
"女性","50至59歲","高中、職","高屏區","本省閩南人","00","07","00",1,1.44999287420348,0.000377500943752359,0.00054942118599879,"女性 | 50至59歲 | 高中、職 | 高屏區 | 本省閩南人 | 00 | 07 | 00"
"女性","50至59歲","高中、職","高屏區","本省閩南人","00","08","00",1,1.44999287420348,0.000377500943752359,0.00054942118599879,"女性 | 50至59歲 | 高中、職 | 高屏區 | 本省閩南人 | 00 | 08 | 00"
"女性","50至59歲","高中、職","高屏區","本省閩南人","01","06","01",1,1.44999287420348,0.000377500943752359,0.00054942118599879,"女性 | 50至59歲 | 高中、職 | 高屏區 | 本省閩南人 | 01 | 06 | 01"
"女性","50至59歲","高中、職","高屏區","本省閩南人","02","00","05",1,1.44999287420348,0.000377500943752359,0.00054942118599879,"女性 | 50至59歲 | 高中、職 | 高屏區 | 本省閩南人 | 02 | 00 | 05"
"女性","50至59歲","高中、職","高屏區","本省閩南人","02","02","02",1,1.44999287420348,0.000377500943752359,0.00054942118599879,"女性 | 50至59歲 | 高中、職 | 高屏區 | 本省閩南人 | 02 | 02 | 02"
"女性","50至59歲","高中、職","高屏區","本省閩南人","02","03","00",1,1.44999287420348,0.000377500943752359,0.00054942118599879,"女性 | 50至59歲 | 高中、職 | 高屏區 | 本省閩南人 | 02 | 03 | 00"
"女性","50至59歲","高中、職","高屏區","本省閩南人","02","08","03",1,1.44999287420348,0.000377500943752359,0.00054942118599879,"女性 | 50至59歲 | 高中、職 | 高屏區 | 本省閩南人 | 02 | 08 | 03"
"女性","50至59歲","高中、職","高屏區","本省閩南人","02","08","05",1,1.44999287420348,0.000377500943752359,0.00054942118599879,"女性 | 50至59歲 | 高中、職 | 高屏區 | 本省閩南人 | 02 | 08 | 05"
"女性","50至59歲","高中、職","高屏區","本省閩南人","05","05","03",1,1.44999287420348,0.000377500943752359,0.00054942118599879,"女性 | 50至59歲 | 高中、職 | 高屏區 | 本省閩南人 | 05 | 05 | 03"
"女性","50至59歲","高中、職","高屏區","本省閩南人","05","06","04",1,1.44999287420348,0.000377500943752359,0.00054942118599879,"女性 | 50至59歲 | 高中、職 | 高屏區 | 本省閩南人 | 05 | 06 | 04"
"女性","50至59歲","高中、職","高屏區","本省閩南人","05","09","00",1,1.44999287420348,0.000377500943752359,0.00054942118599879,"女性 | 50至59歲 | 高中、職 | 高屏區 | 本省閩南人 | 05 | 09 | 00"
"女性","50至59歲","高中、職","高屏區","本省閩南人","06","07","03",1,1.44999287420348,0.000377500943752359,0.00054942118599879,"女性 | 50至59歲 | 高中、職 | 高屏區 | 本省閩南人 | 06 | 07 | 03"
"女性","50至59歲","高中、職","高屏區","本省閩南人","07","05","05",1,1.44999287420348,0.000377500943752359,0.00054942118599879,"女性 | 50至59歲 | 高中、職 | 高屏區 | 本省閩南人 | 07 | 05 | 05"
"女性","50至59歲","高中、職","高屏區","本省閩南人","08","00","05",1,1.44999287420348,0.000377500943752359,0.00054942118599879,"女性 | 50至59歲 | 高中、職 | 高屏區 | 本省閩南人 | 08 | 00 | 05"
"女性","60歲及以上","國、初中","中彰投區","本省客家人","00","10","08",1,0.986383814911727,0.000377500943752359,0.000373753674987207,"女性 | 60歲及以上 | 國、初中 | 中彰投區 | 本省客家人 | 00 | 10 | 08"
"女性","60歲及以上","國、初中","中彰投區","本省客家人","01","08","01",1,0.986383814911727,0.000377500943752359,0.000373753674987207,"女性 | 60歲及以上 | 國、初中 | 中彰投區 | 本省客家人 | 01 | 08 | 01"
"女性","60歲及以上","國、初中","中彰投區","本省客家人","02","10","01",1,0.986383814911727,0.000377500943752359,0.000373753674987207,"女性 | 60歲及以上 | 國、初中 | 中彰投區 | 本省客家人 | 02 | 10 | 01"
"女性","60歲及以上","國、初中","中彰投區","本省閩南人","01","05","00",1,0.986383814911727,0.000377500943752359,0.000373753674987207,"女性 | 60歲及以上 | 國、初中 | 中彰投區 | 本省閩南人 | 01 | 05 | 00"
"女性","60歲及以上","國、初中","中彰投區","本省閩南人","03","05","03",1,0.986383814911727,0.000377500943752359,0.000373753674987207,"女性 | 60歲及以上 | 國、初中 | 中彰投區 | 本省閩南人 | 03 | 05 | 03"
"女性","60歲及以上","國、初中","中彰投區","本省閩南人","03","07","03",1,0.986383814911727,0.000377500943752359,0.000373753674987207,"女性 | 60歲及以上 | 國、初中 | 中彰投區 | 本省閩南人 | 03 | 07 | 03"
"女性","60歲及以上","國、初中","中彰投區","本省閩南人","04","04","04",1,0.986383814911727,0.000377500943752359,0.000373753674987207,"女性 | 60歲及以上 | 國、初中 | 中彰投區 | 本省閩南人 | 04 | 04 | 04"
"女性","60歲及以上","國、初中","中彰投區","本省閩南人","05","03","02",1,0.986383814911727,0.000377500943752359,0.000373753674987207,"女性 | 60歲及以上 | 國、初中 | 中彰投區 | 本省閩南人 | 05 | 03 | 02"
"女性","60歲及以上","國、初中","中彰投區","本省閩南人","05","05","00",1,0.986383814911727,0.000377500943752359,0.000373753674987207,"女性 | 60歲及以上 | 國、初中 | 中彰投區 | 本省閩南人 | 05 | 05 | 00"
"女性","60歲及以上","國、初中","中彰投區","本省閩南人","05","05","01",1,0.986383814911727,0.000377500943752359,0.000373753674987207,"女性 | 60歲及以上 | 國、初中 | 中彰投區 | 本省閩南人 | 05 | 05 | 01"
"女性","60歲及以上","國、初中","中彰投區","本省閩南人","05","05","03",1,0.986383814911727,0.000377500943752359,0.000373753674987207,"女性 | 60歲及以上 | 國、初中 | 中彰投區 | 本省閩南人 | 05 | 05 | 03"
"女性","60歲及以上","國、初中","中彰投區","本省閩南人","06","03","04",1,0.986383814911727,0.000377500943752359,0.000373753674987207,"女性 | 60歲及以上 | 國、初中 | 中彰投區 | 本省閩南人 | 06 | 03 | 04"
"女性","60歲及以上","國、初中","中彰投區","本省閩南人","06","04","03",1,0.986383814911727,0.000377500943752359,0.000373753674987207,"女性 | 60歲及以上 | 國、初中 | 中彰投區 | 本省閩南人 | 06 | 04 | 03"
"女性","60歲及以上","國、初中","中彰投區","本省閩南人","06","06","01",1,0.986383814911727,0.000377500943752359,0.000373753674987207,"女性 | 60歲及以上 | 國、初中 | 中彰投區 | 本省閩南人 | 06 | 06 | 01"
"女性","60歲及以上","國、初中","中彰投區","本省閩南人","10","00","00",1,0.986383814911727,0.000377500943752359,0.000373753674987207,"女性 | 60歲及以上 | 國、初中 | 中彰投區 | 本省閩南人 | 10 | 00 | 00"
"女性","60歲及以上","國、初中","北北基宜蘭區","台灣僑胞/華僑","10","00","00",1,0.963311394269425,0.000377500943752359,0.000365011234290648,"女性 | 60歲及以上 | 國、初中 | 北北基宜蘭區 | 台灣僑胞/華僑 | 10 | 00 | 00"
"女性","60歲及以上","國、初中","北北基宜蘭區","大陸各省市","00","00","00",1,0.963311394269425,0.000377500943752359,0.000365011234290648,"女性 | 60歲及以上 | 國、初中 | 北北基宜蘭區 | 大陸各省市 | 00 | 00 | 00"
"女性","60歲及以上","國、初中","北北基宜蘭區","大陸各省市","05","08","00",1,0.963311394269425,0.000377500943752359,0.000365011234290648,"女性 | 60歲及以上 | 國、初中 | 北北基宜蘭區 | 大陸各省市 | 05 | 08 | 00"
"女性","60歲及以上","國、初中","北北基宜蘭區","大陸各省市","10","00","04",1,0.963311394269425,0.000377500943752359,0.000365011234290648,"女性 | 60歲及以上 | 國、初中 | 北北基宜蘭區 | 大陸各省市 | 10 | 00 | 04"
"女性","60歲及以上","國、初中","北北基宜蘭區","本省客家人","05","05","04",1,0.963311394269425,0.000377500943752359,0.000365011234290648,"女性 | 60歲及以上 | 國、初中 | 北北基宜蘭區 | 本省客家人 | 05 | 05 | 04"
"女性","60歲及以上","國、初中","北北基宜蘭區","本省客家人","05","05","05",1,0.963311394269425,0.000377500943752359,0.000365011234290648,"女性 | 60歲及以上 | 國、初中 | 北北基宜蘭區 | 本省客家人 | 05 | 05 | 05"
"女性","60歲及以上","國、初中","北北基宜蘭區","本省客家人","06","04","03",1,0.963311394269425,0.000377500943752359,0.000365011234290648,"女性 | 60歲及以上 | 國、初中 | 北北基宜蘭區 | 本省客家人 | 06 | 04 | 03"
"女性","60歲及以上","國、初中","北北基宜蘭區","本省閩南人","00","09","00",1,0.963311394269425,0.000377500943752359,0.000365011234290648,"女性 | 60歲及以上 | 國、初中 | 北北基宜蘭區 | 本省閩南人 | 00 | 09 | 00"
"女性","60歲及以上","國、初中","北北基宜蘭區","本省閩南人","02","08","00",1,0.963311394269425,0.000377500943752359,0.000365011234290648,"女性 | 60歲及以上 | 國、初中 | 北北基宜蘭區 | 本省閩南人 | 02 | 08 | 00"
"女性","60歲及以上","國、初中","北北基宜蘭區","本省閩南人","05","03","00",1,0.963311394269425,0.000377500943752359,0.000365011234290648,"女性 | 60歲及以上 | 國、初中 | 北北基宜蘭區 | 本省閩南人 | 05 | 03 | 00"
"女性","60歲及以上","國、初中","北北基宜蘭區","本省閩南人","05","05","03",1,0.963311394269425,0.000377500943752359,0.000365011234290648,"女性 | 60歲及以上 | 國、初中 | 北北基宜蘭區 | 本省閩南人 | 05 | 05 | 03"
"女性","60歲及以上","國、初中","北北基宜蘭區","本省閩南人","05","05","05",1,0.963311394269425,0.000377500943752359,0.000365011234290648,"女性 | 60歲及以上 | 國、初中 | 北北基宜蘭區 | 本省閩南人 | 05 | 05 | 05"
"女性","60歲及以上","國、初中","北北基宜蘭區","本省閩南人","05","08","00",1,0.963311394269425,0.000377500943752359,0.000365011234290648,"女性 | 60歲及以上 | 國、初中 | 北北基宜蘭區 | 本省閩南人 | 05 | 08 | 00"
"女性","60歲及以上","國、初中","北北基宜蘭區","本省閩南人","06","02","02",1,0.963311394269425,0.000377500943752359,0.000365011234290648,"女性 | 60歲及以上 | 國、初中 | 北北基宜蘭區 | 本省閩南人 | 06 | 02 | 02"
"女性","60歲及以上","國、初中","北北基宜蘭區","本省閩南人","06","05","05",1,0.963311394269425,0.000377500943752359,0.000365011234290648,"女性 | 60歲及以上 | 國、初中 | 北北基宜蘭區 | 本省閩南人 | 06 | 05 | 05"
"女性","60歲及以上","國、初中","北北基宜蘭區","本省閩南人","06","06","05",1,0.963311394269425,0.000377500943752359,0.000365011234290648,"女性 | 60歲及以上 | 國、初中 | 北北基宜蘭區 | 本省閩南人 | 06 | 06 | 05"
"女性","60歲及以上","國、初中","北北基宜蘭區","本省閩南人","06","09","02",1,0.963311394269425,0.000377500943752359,0.000365011234290648,"女性 | 60歲及以上 | 國、初中 | 北北基宜蘭區 | 本省閩南人 | 06 | 09 | 02"
"女性","60歲及以上","國、初中","北北基宜蘭區","本省閩南人","07","07","05",1,0.963311394269425,0.000377500943752359,0.000365011234290648,"女性 | 60歲及以上 | 國、初中 | 北北基宜蘭區 | 本省閩南人 | 07 | 07 | 05"
"女性","60歲及以上","國、初中","北北基宜蘭區","本省閩南人","09","00","05",1,0.963311394269425,0.000377500943752359,0.000365011234290648,"女性 | 60歲及以上 | 國、初中 | 北北基宜蘭區 | 本省閩南人 | 09 | 00 | 05"
"女性","60歲及以上","國、初中","北北基宜蘭區","本省閩南人","10","02","07",1,0.963311394269425,0.000377500943752359,0.000365011234290648,"女性 | 60歲及以上 | 國、初中 | 北北基宜蘭區 | 本省閩南人 | 10 | 02 | 07"
"女性","60歲及以上","國、初中","桃竹苗區","大陸各省市","06","05","07",1,0.906912711382679,0.000377500943752359,0.000343641038759565,"女性 | 60歲及以上 | 國、初中 | 桃竹苗區 | 大陸各省市 | 06 | 05 | 07"
"女性","60歲及以上","國、初中","桃竹苗區","大陸各省市","10","03","05",1,0.906912711382679,0.000377500943752359,0.000343641038759565,"女性 | 60歲及以上 | 國、初中 | 桃竹苗區 | 大陸各省市 | 10 | 03 | 05"
"女性","60歲及以上","國、初中","桃竹苗區","本省客家人","03","05","02",1,0.906912711382679,0.000377500943752359,0.000343641038759565,"女性 | 60歲及以上 | 國、初中 | 桃竹苗區 | 本省客家人 | 03 | 05 | 02"
"女性","60歲及以上","國、初中","桃竹苗區","本省客家人","05","05","02",1,0.906912711382679,0.000377500943752359,0.000343641038759565,"女性 | 60歲及以上 | 國、初中 | 桃竹苗區 | 本省客家人 | 05 | 05 | 02"
"女性","60歲及以上","國、初中","桃竹苗區","本省客家人","05","05","03",1,0.906912711382679,0.000377500943752359,0.000343641038759565,"女性 | 60歲及以上 | 國、初中 | 桃竹苗區 | 本省客家人 | 05 | 05 | 03"
"女性","60歲及以上","國、初中","桃竹苗區","本省客家人","05","05","05",1,0.906912711382679,0.000377500943752359,0.000343641038759565,"女性 | 60歲及以上 | 國、初中 | 桃竹苗區 | 本省客家人 | 05 | 05 | 05"
"女性","60歲及以上","國、初中","桃竹苗區","本省客家人","06","03","04",1,0.906912711382679,0.000377500943752359,0.000343641038759565,"女性 | 60歲及以上 | 國、初中 | 桃竹苗區 | 本省客家人 | 06 | 03 | 04"
"女性","60歲及以上","國、初中","桃竹苗區","本省客家人","08","08","07",1,0.906912711382679,0.000377500943752359,0.000343641038759565,"女性 | 60歲及以上 | 國、初中 | 桃竹苗區 | 本省客家人 | 08 | 08 | 07"
"女性","60歲及以上","國、初中","桃竹苗區","本省客家人","10","05","05",1,0.906912711382679,0.000377500943752359,0.000343641038759565,"女性 | 60歲及以上 | 國、初中 | 桃竹苗區 | 本省客家人 | 10 | 05 | 05"
"女性","60歲及以上","國、初中","桃竹苗區","本省閩南人","00","08","00",1,0.906912711382679,0.000377500943752359,0.000343641038759565,"女性 | 60歲及以上 | 國、初中 | 桃竹苗區 | 本省閩南人 | 00 | 08 | 00"
"女性","60歲及以上","國、初中","桃竹苗區","本省閩南人","00","09","00",1,0.906912711382679,0.000377500943752359,0.000343641038759565,"女性 | 60歲及以上 | 國、初中 | 桃竹苗區 | 本省閩南人 | 00 | 09 | 00"
"女性","60歲及以上","國、初中","桃竹苗區","本省閩南人","01","10","01",1,0.906912711382679,0.000377500943752359,0.000343641038759565,"女性 | 60歲及以上 | 國、初中 | 桃竹苗區 | 本省閩南人 | 01 | 10 | 01"
"女性","60歲及以上","國、初中","桃竹苗區","本省閩南人","03","07","05",1,0.906912711382679,0.000377500943752359,0.000343641038759565,"女性 | 60歲及以上 | 國、初中 | 桃竹苗區 | 本省閩南人 | 03 | 07 | 05"
"女性","60歲及以上","國、初中","桃竹苗區","本省閩南人","05","05","05",1,0.906912711382679,0.000377500943752359,0.000343641038759565,"女性 | 60歲及以上 | 國、初中 | 桃竹苗區 | 本省閩南人 | 05 | 05 | 05"
"女性","60歲及以上","國、初中","桃竹苗區","本省閩南人","05","05","06",1,0.906912711382679,0.000377500943752359,0.000343641038759565,"女性 | 60歲及以上 | 國、初中 | 桃竹苗區 | 本省閩南人 | 05 | 05 | 06"
"女性","60歲及以上","國、初中","桃竹苗區","本省閩南人","05","08","02",1,0.906912711382679,0.000377500943752359,0.000343641038759565,"女性 | 60歲及以上 | 國、初中 | 桃竹苗區 | 本省閩南人 | 05 | 08 | 02"
"女性","60歲及以上","國、初中","桃竹苗區","本省閩南人","09","01","03",1,0.906912711382679,0.000377500943752359,0.000343641038759565,"女性 | 60歲及以上 | 國、初中 | 桃竹苗區 | 本省閩南人 | 09 | 01 | 03"
"女性","60歲及以上","國、初中","花東區","本省客家人","07","05","04",1,0.762899310429278,0.000377500943752359,0.000289072485383051,"女性 | 60歲及以上 | 國、初中 | 花東區 | 本省客家人 | 07 | 05 | 04"
"女性","60歲及以上","國、初中","花東區","本省閩南人","01","09","03",1,0.762899310429278,0.000377500943752359,0.000289072485383051,"女性 | 60歲及以上 | 國、初中 | 花東區 | 本省閩南人 | 01 | 09 | 03"
"女性","60歲及以上","國、初中","雲嘉南區","本省客家人","05","05","05",1,0.849876399618336,0.000377500943752359,0.000322029237341729,"女性 | 60歲及以上 | 國、初中 | 雲嘉南區 | 本省客家人 | 05 | 05 | 05"
"女性","60歲及以上","國、初中","雲嘉南區","本省閩南人","00","06","00",1,0.849876399618336,0.000377500943752359,0.000322029237341729,"女性 | 60歲及以上 | 國、初中 | 雲嘉南區 | 本省閩南人 | 00 | 06 | 00"
"女性","60歲及以上","國、初中","雲嘉南區","本省閩南人","01","05","02",1,0.849876399618336,0.000377500943752359,0.000322029237341729,"女性 | 60歲及以上 | 國、初中 | 雲嘉南區 | 本省閩南人 | 01 | 05 | 02"
"女性","60歲及以上","國、初中","雲嘉南區","本省閩南人","02","05","02",1,0.849876399618336,0.000377500943752359,0.000322029237341729,"女性 | 60歲及以上 | 國、初中 | 雲嘉南區 | 本省閩南人 | 02 | 05 | 02"
"女性","60歲及以上","國、初中","雲嘉南區","本省閩南人","03","07","02",1,0.849876399618336,0.000377500943752359,0.000322029237341729,"女性 | 60歲及以上 | 國、初中 | 雲嘉南區 | 本省閩南人 | 03 | 07 | 02"
"女性","60歲及以上","國、初中","雲嘉南區","本省閩南人","03","10","02",1,0.849876399618336,0.000377500943752359,0.000322029237341729,"女性 | 60歲及以上 | 國、初中 | 雲嘉南區 | 本省閩南人 | 03 | 10 | 02"
"女性","60歲及以上","國、初中","雲嘉南區","本省閩南人","04","09","02",1,0.849876399618336,0.000377500943752359,0.000322029237341729,"女性 | 60歲及以上 | 國、初中 | 雲嘉南區 | 本省閩南人 | 04 | 09 | 02"
"女性","60歲及以上","國、初中","雲嘉南區","本省閩南人","05","08","00",1,0.849876399618336,0.000377500943752359,0.000322029237341729,"女性 | 60歲及以上 | 國、初中 | 雲嘉南區 | 本省閩南人 | 05 | 08 | 00"
"女性","60歲及以上","國、初中","雲嘉南區","本省閩南人","05","08","05",1,0.849876399618336,0.000377500943752359,0.000322029237341729,"女性 | 60歲及以上 | 國、初中 | 雲嘉南區 | 本省閩南人 | 05 | 08 | 05"
"女性","60歲及以上","國、初中","雲嘉南區","本省閩南人","06","06","06",1,0.849876399618336,0.000377500943752359,0.000322029237341729,"女性 | 60歲及以上 | 國、初中 | 雲嘉南區 | 本省閩南人 | 06 | 06 | 06"
"女性","60歲及以上","國、初中","雲嘉南區","本省閩南人","06","08","05",1,0.849876399618336,0.000377500943752359,0.000322029237341729,"女性 | 60歲及以上 | 國、初中 | 雲嘉南區 | 本省閩南人 | 06 | 08 | 05"
"女性","60歲及以上","國、初中","雲嘉南區","本省閩南人","07","02","01",1,0.849876399618336,0.000377500943752359,0.000322029237341729,"女性 | 60歲及以上 | 國、初中 | 雲嘉南區 | 本省閩南人 | 07 | 02 | 01"
"女性","60歲及以上","國、初中","雲嘉南區","本省閩南人","07","03","05",1,0.849876399618336,0.000377500943752359,0.000322029237341729,"女性 | 60歲及以上 | 國、初中 | 雲嘉南區 | 本省閩南人 | 07 | 03 | 05"
"女性","60歲及以上","國、初中","雲嘉南區","本省閩南人","07","09","06",1,0.849876399618336,0.000377500943752359,0.000322029237341729,"女性 | 60歲及以上 | 國、初中 | 雲嘉南區 | 本省閩南人 | 07 | 09 | 06"
"女性","60歲及以上","國、初中","高屏區","大陸各省市","09","00","06",1,1.21724713853279,0.000377500943752359,0.000461230795271115,"女性 | 60歲及以上 | 國、初中 | 高屏區 | 大陸各省市 | 09 | 00 | 06"
"女性","60歲及以上","國、初中","高屏區","大陸新住民","05","00","03",1,1.21724713853279,0.000377500943752359,0.000461230795271115,"女性 | 60歲及以上 | 國、初中 | 高屏區 | 大陸新住民 | 05 | 00 | 03"
"女性","60歲及以上","國、初中","高屏區","本省閩南人","00","07","00",1,1.21724713853279,0.000377500943752359,0.000461230795271115,"女性 | 60歲及以上 | 國、初中 | 高屏區 | 本省閩南人 | 00 | 07 | 00"
"女性","60歲及以上","國、初中","高屏區","本省閩南人","00","08","00",1,1.21724713853279,0.000377500943752359,0.000461230795271115,"女性 | 60歲及以上 | 國、初中 | 高屏區 | 本省閩南人 | 00 | 08 | 00"
"女性","60歲及以上","國、初中","高屏區","本省閩南人","00","09","00",1,1.21724713853279,0.000377500943752359,0.000461230795271115,"女性 | 60歲及以上 | 國、初中 | 高屏區 | 本省閩南人 | 00 | 09 | 00"
"女性","60歲及以上","國、初中","高屏區","本省閩南人","00","10","02",1,1.21724713853279,0.000377500943752359,0.000461230795271115,"女性 | 60歲及以上 | 國、初中 | 高屏區 | 本省閩南人 | 00 | 10 | 02"
"女性","60歲及以上","國、初中","高屏區","本省閩南人","03","02","01",1,1.21724713853279,0.000377500943752359,0.000461230795271115,"女性 | 60歲及以上 | 國、初中 | 高屏區 | 本省閩南人 | 03 | 02 | 01"
"女性","60歲及以上","國、初中","高屏區","本省閩南人","03","08","03",1,1.21724713853279,0.000377500943752359,0.000461230795271115,"女性 | 60歲及以上 | 國、初中 | 高屏區 | 本省閩南人 | 03 | 08 | 03"
"女性","60歲及以上","國、初中","高屏區","本省閩南人","05","05","06",1,1.21724713853279,0.000377500943752359,0.000461230795271115,"女性 | 60歲及以上 | 國、初中 | 高屏區 | 本省閩南人 | 05 | 05 | 06"
"女性","60歲及以上","國、初中","高屏區","本省閩南人","05","08","05",1,1.21724713853279,0.000377500943752359,0.000461230795271115,"女性 | 60歲及以上 | 國、初中 | 高屏區 | 本省閩南人 | 05 | 08 | 05"
"女性","60歲及以上","國、初中","高屏區","本省閩南人","07","09","04",1,1.21724713853279,0.000377500943752359,0.000461230795271115,"女性 | 60歲及以上 | 國、初中 | 高屏區 | 本省閩南人 | 07 | 09 | 04"
"女性","60歲及以上","國、初中","高屏區","本省閩南人","08","10","02",1,1.21724713853279,0.000377500943752359,0.000461230795271115,"女性 | 60歲及以上 | 國、初中 | 高屏區 | 本省閩南人 | 08 | 10 | 02"
"女性","60歲及以上","大學及以上","中彰投區","本省閩南人","03","02","04",1,0.601892422296937,0.000377500943752359,0.000228064878376541,"女性 | 60歲及以上 | 大學及以上 | 中彰投區 | 本省閩南人 | 03 | 02 | 04"
"女性","60歲及以上","大學及以上","中彰投區","本省閩南人","03","07","01",1,0.601892422296937,0.000377500943752359,0.000228064878376541,"女性 | 60歲及以上 | 大學及以上 | 中彰投區 | 本省閩南人 | 03 | 07 | 01"
"女性","60歲及以上","大學及以上","中彰投區","本省閩南人","03","08","02",1,0.601892422296937,0.000377500943752359,0.000228064878376541,"女性 | 60歲及以上 | 大學及以上 | 中彰投區 | 本省閩南人 | 03 | 08 | 02"
"女性","60歲及以上","大學及以上","中彰投區","本省閩南人","04","02","05",1,0.601892422296937,0.000377500943752359,0.000228064878376541,"女性 | 60歲及以上 | 大學及以上 | 中彰投區 | 本省閩南人 | 04 | 02 | 05"
"女性","60歲及以上","大學及以上","中彰投區","本省閩南人","05","02","01",1,0.601892422296937,0.000377500943752359,0.000228064878376541,"女性 | 60歲及以上 | 大學及以上 | 中彰投區 | 本省閩南人 | 05 | 02 | 01"
"女性","60歲及以上","大學及以上","中彰投區","本省閩南人","05","02","05",1,0.601892422296937,0.000377500943752359,0.000228064878376541,"女性 | 60歲及以上 | 大學及以上 | 中彰投區 | 本省閩南人 | 05 | 02 | 05"
"女性","60歲及以上","大學及以上","中彰投區","本省閩南人","05","04","05",1,0.601892422296937,0.000377500943752359,0.000228064878376541,"女性 | 60歲及以上 | 大學及以上 | 中彰投區 | 本省閩南人 | 05 | 04 | 05"
"女性","60歲及以上","大學及以上","中彰投區","本省閩南人","07","05","06",1,0.601892422296937,0.000377500943752359,0.000228064878376541,"女性 | 60歲及以上 | 大學及以上 | 中彰投區 | 本省閩南人 | 07 | 05 | 06"
"女性","60歲及以上","大學及以上","中彰投區","本省閩南人","09","00","09",1,0.601892422296937,0.000377500943752359,0.000228064878376541,"女性 | 60歲及以上 | 大學及以上 | 中彰投區 | 本省閩南人 | 09 | 00 | 09"
"女性","60歲及以上","大學及以上","北北基宜蘭區","大陸各省市","04","00","04",1,0.587813607398812,0.000377500943752359,0.000222730232036962,"女性 | 60歲及以上 | 大學及以上 | 北北基宜蘭區 | 大陸各省市 | 04 | 00 | 04"
"女性","60歲及以上","大學及以上","北北基宜蘭區","大陸各省市","04","02","03",1,0.587813607398812,0.000377500943752359,0.000222730232036962,"女性 | 60歲及以上 | 大學及以上 | 北北基宜蘭區 | 大陸各省市 | 04 | 02 | 03"
"女性","60歲及以上","大學及以上","北北基宜蘭區","大陸各省市","05","00","02",1,0.587813607398812,0.000377500943752359,0.000222730232036962,"女性 | 60歲及以上 | 大學及以上 | 北北基宜蘭區 | 大陸各省市 | 05 | 00 | 02"
"女性","60歲及以上","大學及以上","北北基宜蘭區","大陸各省市","05","00","04",1,0.587813607398812,0.000377500943752359,0.000222730232036962,"女性 | 60歲及以上 | 大學及以上 | 北北基宜蘭區 | 大陸各省市 | 05 | 00 | 04"
"女性","60歲及以上","大學及以上","北北基宜蘭區","大陸各省市","05","00","05",1,0.587813607398812,0.000377500943752359,0.000222730232036962,"女性 | 60歲及以上 | 大學及以上 | 北北基宜蘭區 | 大陸各省市 | 05 | 00 | 05"
"女性","60歲及以上","大學及以上","北北基宜蘭區","大陸各省市","05","00","06",1,0.587813607398812,0.000377500943752359,0.000222730232036962,"女性 | 60歲及以上 | 大學及以上 | 北北基宜蘭區 | 大陸各省市 | 05 | 00 | 06"
"女性","60歲及以上","大學及以上","北北基宜蘭區","大陸各省市","05","03","03",1,0.587813607398812,0.000377500943752359,0.000222730232036962,"女性 | 60歲及以上 | 大學及以上 | 北北基宜蘭區 | 大陸各省市 | 05 | 03 | 03"
"女性","60歲及以上","大學及以上","北北基宜蘭區","大陸各省市","05","05","05",1,0.587813607398812,0.000377500943752359,0.000222730232036962,"女性 | 60歲及以上 | 大學及以上 | 北北基宜蘭區 | 大陸各省市 | 05 | 05 | 05"
"女性","60歲及以上","大學及以上","北北基宜蘭區","大陸各省市","05","06","04",1,0.587813607398812,0.000377500943752359,0.000222730232036962,"女性 | 60歲及以上 | 大學及以上 | 北北基宜蘭區 | 大陸各省市 | 05 | 06 | 04"
"女性","60歲及以上","大學及以上","北北基宜蘭區","大陸各省市","06","00","05",1,0.587813607398812,0.000377500943752359,0.000222730232036962,"女性 | 60歲及以上 | 大學及以上 | 北北基宜蘭區 | 大陸各省市 | 06 | 00 | 05"
"女性","60歲及以上","大學及以上","北北基宜蘭區","大陸各省市","06","03","05",1,0.587813607398812,0.000377500943752359,0.000222730232036962,"女性 | 60歲及以上 | 大學及以上 | 北北基宜蘭區 | 大陸各省市 | 06 | 03 | 05"
"女性","60歲及以上","大學及以上","北北基宜蘭區","大陸各省市","08","02","10",1,0.587813607398812,0.000377500943752359,0.000222730232036962,"女性 | 60歲及以上 | 大學及以上 | 北北基宜蘭區 | 大陸各省市 | 08 | 02 | 10"
"女性","60歲及以上","大學及以上","北北基宜蘭區","大陸各省市","10","00","05",1,0.587813607398812,0.000377500943752359,0.000222730232036962,"女性 | 60歲及以上 | 大學及以上 | 北北基宜蘭區 | 大陸各省市 | 10 | 00 | 05"
"女性","60歲及以上","大學及以上","北北基宜蘭區","本省客家人","00","00","00",1,0.587813607398812,0.000377500943752359,0.000222730232036962,"女性 | 60歲及以上 | 大學及以上 | 北北基宜蘭區 | 本省客家人 | 00 | 00 | 00"
"女性","60歲及以上","大學及以上","北北基宜蘭區","本省閩南人","00","08","00",1,0.587813607398812,0.000377500943752359,0.000222730232036962,"女性 | 60歲及以上 | 大學及以上 | 北北基宜蘭區 | 本省閩南人 | 00 | 08 | 00"
"女性","60歲及以上","大學及以上","北北基宜蘭區","本省閩南人","01","06","00",1,0.587813607398812,0.000377500943752359,0.000222730232036962,"女性 | 60歲及以上 | 大學及以上 | 北北基宜蘭區 | 本省閩南人 | 01 | 06 | 00"
"女性","60歲及以上","大學及以上","北北基宜蘭區","本省閩南人","02","06","01",1,0.587813607398812,0.000377500943752359,0.000222730232036962,"女性 | 60歲及以上 | 大學及以上 | 北北基宜蘭區 | 本省閩南人 | 02 | 06 | 01"
"女性","60歲及以上","大學及以上","北北基宜蘭區","本省閩南人","03","07","03",1,0.587813607398812,0.000377500943752359,0.000222730232036962,"女性 | 60歲及以上 | 大學及以上 | 北北基宜蘭區 | 本省閩南人 | 03 | 07 | 03"
"女性","60歲及以上","大學及以上","北北基宜蘭區","本省閩南人","04","00","04",1,0.587813607398812,0.000377500943752359,0.000222730232036962,"女性 | 60歲及以上 | 大學及以上 | 北北基宜蘭區 | 本省閩南人 | 04 | 00 | 04"
"女性","60歲及以上","大學及以上","北北基宜蘭區","本省閩南人","05","03","08",1,0.587813607398812,0.000377500943752359,0.000222730232036962,"女性 | 60歲及以上 | 大學及以上 | 北北基宜蘭區 | 本省閩南人 | 05 | 03 | 08"
"女性","60歲及以上","大學及以上","北北基宜蘭區","本省閩南人","05","04","04",1,0.587813607398812,0.000377500943752359,0.000222730232036962,"女性 | 60歲及以上 | 大學及以上 | 北北基宜蘭區 | 本省閩南人 | 05 | 04 | 04"
"女性","60歲及以上","大學及以上","北北基宜蘭區","本省閩南人","05","05","03",1,0.587813607398812,0.000377500943752359,0.000222730232036962,"女性 | 60歲及以上 | 大學及以上 | 北北基宜蘭區 | 本省閩南人 | 05 | 05 | 03"
"女性","60歲及以上","大學及以上","北北基宜蘭區","本省閩南人","05","08","04",1,0.587813607398812,0.000377500943752359,0.000222730232036962,"女性 | 60歲及以上 | 大學及以上 | 北北基宜蘭區 | 本省閩南人 | 05 | 08 | 04"
"女性","60歲及以上","大學及以上","北北基宜蘭區","本省閩南人","06","01","06",1,0.587813607398812,0.000377500943752359,0.000222730232036962,"女性 | 60歲及以上 | 大學及以上 | 北北基宜蘭區 | 本省閩南人 | 06 | 01 | 06"
"女性","60歲及以上","大學及以上","北北基宜蘭區","本省閩南人","07","02","06",1,0.587813607398812,0.000377500943752359,0.000222730232036962,"女性 | 60歲及以上 | 大學及以上 | 北北基宜蘭區 | 本省閩南人 | 07 | 02 | 06"
"女性","60歲及以上","大學及以上","北北基宜蘭區","本省閩南人","08","00","05",1,0.587813607398812,0.000377500943752359,0.000222730232036962,"女性 | 60歲及以上 | 大學及以上 | 北北基宜蘭區 | 本省閩南人 | 08 | 00 | 05"
"女性","60歲及以上","大學及以上","北北基宜蘭區","本省閩南人","08","02","05",1,0.587813607398812,0.000377500943752359,0.000222730232036962,"女性 | 60歲及以上 | 大學及以上 | 北北基宜蘭區 | 本省閩南人 | 08 | 02 | 05"
"女性","60歲及以上","大學及以上","桃竹苗區","大陸各省市","00","05","00",1,0.553399072869879,0.000377500943752359,0.000209690116659244,"女性 | 60歲及以上 | 大學及以上 | 桃竹苗區 | 大陸各省市 | 00 | 05 | 00"
"女性","60歲及以上","大學及以上","桃竹苗區","大陸各省市","03","08","00",1,0.553399072869879,0.000377500943752359,0.000209690116659244,"女性 | 60歲及以上 | 大學及以上 | 桃竹苗區 | 大陸各省市 | 03 | 08 | 00"
"女性","60歲及以上","大學及以上","桃竹苗區","大陸各省市","05","03","04",1,0.553399072869879,0.000377500943752359,0.000209690116659244,"女性 | 60歲及以上 | 大學及以上 | 桃竹苗區 | 大陸各省市 | 05 | 03 | 04"
"女性","60歲及以上","大學及以上","桃竹苗區","大陸各省市","05","05","04",1,0.553399072869879,0.000377500943752359,0.000209690116659244,"女性 | 60歲及以上 | 大學及以上 | 桃竹苗區 | 大陸各省市 | 05 | 05 | 04"
"女性","60歲及以上","大學及以上","桃竹苗區","大陸各省市","07","00","04",1,0.553399072869879,0.000377500943752359,0.000209690116659244,"女性 | 60歲及以上 | 大學及以上 | 桃竹苗區 | 大陸各省市 | 07 | 00 | 04"
"女性","60歲及以上","大學及以上","桃竹苗區","本省客家人","05","00","05",1,0.553399072869879,0.000377500943752359,0.000209690116659244,"女性 | 60歲及以上 | 大學及以上 | 桃竹苗區 | 本省客家人 | 05 | 00 | 05"
"女性","60歲及以上","大學及以上","桃竹苗區","本省客家人","05","09","02",1,0.553399072869879,0.000377500943752359,0.000209690116659244,"女性 | 60歲及以上 | 大學及以上 | 桃竹苗區 | 本省客家人 | 05 | 09 | 02"
"女性","60歲及以上","大學及以上","桃竹苗區","本省客家人","07","00","06",1,0.553399072869879,0.000377500943752359,0.000209690116659244,"女性 | 60歲及以上 | 大學及以上 | 桃竹苗區 | 本省客家人 | 07 | 00 | 06"
"女性","60歲及以上","大學及以上","桃竹苗區","本省閩南人","00","00","06",1,0.553399072869879,0.000377500943752359,0.000209690116659244,"女性 | 60歲及以上 | 大學及以上 | 桃竹苗區 | 本省閩南人 | 00 | 00 | 06"
"女性","60歲及以上","大學及以上","桃竹苗區","本省閩南人","01","09","00",1,0.553399072869879,0.000377500943752359,0.000209690116659244,"女性 | 60歲及以上 | 大學及以上 | 桃竹苗區 | 本省閩南人 | 01 | 09 | 00"
"女性","60歲及以上","大學及以上","桃竹苗區","本省閩南人","05","02","01",1,0.553399072869879,0.000377500943752359,0.000209690116659244,"女性 | 60歲及以上 | 大學及以上 | 桃竹苗區 | 本省閩南人 | 05 | 02 | 01"
"女性","60歲及以上","大學及以上","桃竹苗區","本省閩南人","06","03","04",1,0.553399072869879,0.000377500943752359,0.000209690116659244,"女性 | 60歲及以上 | 大學及以上 | 桃竹苗區 | 本省閩南人 | 06 | 03 | 04"
"女性","60歲及以上","大學及以上","桃竹苗區","本省閩南人","08","00","03",1,0.553399072869879,0.000377500943752359,0.000209690116659244,"女性 | 60歲及以上 | 大學及以上 | 桃竹苗區 | 本省閩南人 | 08 | 00 | 03"
"女性","60歲及以上","大學及以上","花東區","本省客家人","04","08","00",1,0.465521946914786,0.000377500943752359,0.000176392329047057,"女性 | 60歲及以上 | 大學及以上 | 花東區 | 本省客家人 | 04 | 08 | 00"
"女性","60歲及以上","大學及以上","花東區","本省客家人","05","05","05",1,0.465521946914786,0.000377500943752359,0.000176392329047057,"女性 | 60歲及以上 | 大學及以上 | 花東區 | 本省客家人 | 05 | 05 | 05"
"女性","60歲及以上","大學及以上","花東區","本省客家人","05","07","04",1,0.465521946914786,0.000377500943752359,0.000176392329047057,"女性 | 60歲及以上 | 大學及以上 | 花東區 | 本省客家人 | 05 | 07 | 04"
"女性","60歲及以上","大學及以上","雲嘉南區","本省閩南人","05","01","03",1,0.518595457,0.000377500943752359,0.000196502573293709,"女性 | 60歲及以上 | 大學及以上 | 雲嘉南區 | 本省閩南人 | 05 | 01 | 03"
"女性","60歲及以上","大學及以上","高屏區","本省客家人","07","03","04",1,0.742765460736075,0.000377500943752359,0.000281443507493599,"女性 | 60歲及以上 | 大學及以上 | 高屏區 | 本省客家人 | 07 | 03 | 04"
"女性","60歲及以上","大學及以上","高屏區","本省閩南人","00","05","00",1,0.742765460736075,0.000377500943752359,0.000281443507493599,"女性 | 60歲及以上 | 大學及以上 | 高屏區 | 本省閩南人 | 00 | 05 | 00"
"女性","60歲及以上","大學及以上","高屏區","本省閩南人","03","05","01",1,0.742765460736075,0.000377500943752359,0.000281443507493599,"女性 | 60歲及以上 | 大學及以上 | 高屏區 | 本省閩南人 | 03 | 05 | 01"
"女性","60歲及以上","大學及以上","高屏區","本省閩南人","03","05","02",1,0.742765460736075,0.000377500943752359,0.000281443507493599,"女性 | 60歲及以上 | 大學及以上 | 高屏區 | 本省閩南人 | 03 | 05 | 02"
"女性","60歲及以上","大學及以上","高屏區","本省閩南人","03","09","01",1,0.742765460736075,0.000377500943752359,0.000281443507493599,"女性 | 60歲及以上 | 大學及以上 | 高屏區 | 本省閩南人 | 03 | 09 | 01"
"女性","60歲及以上","大學及以上","高屏區","本省閩南人","05","01","08",1,0.742765460736075,0.000377500943752359,0.000281443507493599,"女性 | 60歲及以上 | 大學及以上 | 高屏區 | 本省閩南人 | 05 | 01 | 08"
"女性","60歲及以上","大學及以上","高屏區","本省閩南人","06","02","04",1,0.742765460736075,0.000377500943752359,0.000281443507493599,"女性 | 60歲及以上 | 大學及以上 | 高屏區 | 本省閩南人 | 06 | 02 | 04"
"女性","60歲及以上","大學及以上","高屏區","本省閩南人","06","03","03",1,0.742765460736075,0.000377500943752359,0.000281443507493599,"女性 | 60歲及以上 | 大學及以上 | 高屏區 | 本省閩南人 | 06 | 03 | 03"
"女性","60歲及以上","專科","中彰投區","大陸各省市","06","03","03",1,0.65142776975395,0.000377500943752359,0.000246834466719273,"女性 | 60歲及以上 | 專科 | 中彰投區 | 大陸各省市 | 06 | 03 | 03"
"女性","60歲及以上","專科","中彰投區","本省閩南人","05","05","03",1,0.65142776975395,0.000377500943752359,0.000246834466719273,"女性 | 60歲及以上 | 專科 | 中彰投區 | 本省閩南人 | 05 | 05 | 03"
"女性","60歲及以上","專科","中彰投區","本省閩南人","05","08","05",1,0.65142776975395,0.000377500943752359,0.000246834466719273,"女性 | 60歲及以上 | 專科 | 中彰投區 | 本省閩南人 | 05 | 08 | 05"
"女性","60歲及以上","專科","中彰投區","本省閩南人","07","06","05",1,0.65142776975395,0.000377500943752359,0.000246834466719273,"女性 | 60歲及以上 | 專科 | 中彰投區 | 本省閩南人 | 07 | 06 | 05"
"女性","60歲及以上","專科","北北基宜蘭區","大陸各省市","04","04","02",1,0.636190277720298,0.000377500943752359,0.000241060782521429,"女性 | 60歲及以上 | 專科 | 北北基宜蘭區 | 大陸各省市 | 04 | 04 | 02"
"女性","60歲及以上","專科","北北基宜蘭區","大陸各省市","05","01","03",1,0.636190277720298,0.000377500943752359,0.000241060782521429,"女性 | 60歲及以上 | 專科 | 北北基宜蘭區 | 大陸各省市 | 05 | 01 | 03"
"女性","60歲及以上","專科","北北基宜蘭區","大陸各省市","05","03","03",1,0.636190277720298,0.000377500943752359,0.000241060782521429,"女性 | 60歲及以上 | 專科 | 北北基宜蘭區 | 大陸各省市 | 05 | 03 | 03"
"女性","60歲及以上","專科","北北基宜蘭區","大陸各省市","07","04","05",1,0.636190277720298,0.000377500943752359,0.000241060782521429,"女性 | 60歲及以上 | 專科 | 北北基宜蘭區 | 大陸各省市 | 07 | 04 | 05"
"女性","60歲及以上","專科","北北基宜蘭區","本省客家人","02","07","05",1,0.636190277720298,0.000377500943752359,0.000241060782521429,"女性 | 60歲及以上 | 專科 | 北北基宜蘭區 | 本省客家人 | 02 | 07 | 05"
"女性","60歲及以上","專科","北北基宜蘭區","本省客家人","03","04","00",1,0.636190277720298,0.000377500943752359,0.000241060782521429,"女性 | 60歲及以上 | 專科 | 北北基宜蘭區 | 本省客家人 | 03 | 04 | 00"
"女性","60歲及以上","專科","北北基宜蘭區","本省閩南人","00","01","00",1,0.636190277720298,0.000377500943752359,0.000241060782521429,"女性 | 60歲及以上 | 專科 | 北北基宜蘭區 | 本省閩南人 | 00 | 01 | 00"
"女性","60歲及以上","專科","北北基宜蘭區","本省閩南人","00","09","00",1,0.636190277720298,0.000377500943752359,0.000241060782521429,"女性 | 60歲及以上 | 專科 | 北北基宜蘭區 | 本省閩南人 | 00 | 09 | 00"
"女性","60歲及以上","專科","北北基宜蘭區","本省閩南人","03","06","01",1,0.636190277720298,0.000377500943752359,0.000241060782521429,"女性 | 60歲及以上 | 專科 | 北北基宜蘭區 | 本省閩南人 | 03 | 06 | 01"
"女性","60歲及以上","專科","北北基宜蘭區","本省閩南人","03","07","00",1,0.636190277720298,0.000377500943752359,0.000241060782521429,"女性 | 60歲及以上 | 專科 | 北北基宜蘭區 | 本省閩南人 | 03 | 07 | 00"
"女性","60歲及以上","專科","北北基宜蘭區","本省閩南人","05","07","04",1,0.636190277720298,0.000377500943752359,0.000241060782521429,"女性 | 60歲及以上 | 專科 | 北北基宜蘭區 | 本省閩南人 | 05 | 07 | 04"
"女性","60歲及以上","專科","北北基宜蘭區","本省閩南人","06","03","03",1,0.636190277720298,0.000377500943752359,0.000241060782521429,"女性 | 60歲及以上 | 專科 | 北北基宜蘭區 | 本省閩南人 | 06 | 03 | 03"
"女性","60歲及以上","專科","北北基宜蘭區","本省閩南人","06","05","06",1,0.636190277720298,0.000377500943752359,0.000241060782521429,"女性 | 60歲及以上 | 專科 | 北北基宜蘭區 | 本省閩南人 | 06 | 05 | 06"
"女性","60歲及以上","專科","北北基宜蘭區","本省閩南人","07","00","02",1,0.636190277720298,0.000377500943752359,0.000241060782521429,"女性 | 60歲及以上 | 專科 | 北北基宜蘭區 | 本省閩南人 | 07 | 00 | 02"
"女性","60歲及以上","專科","北北基宜蘭區","本省閩南人","08","06","08",1,0.636190277720298,0.000377500943752359,0.000241060782521429,"女性 | 60歲及以上 | 專科 | 北北基宜蘭區 | 本省閩南人 | 08 | 06 | 08"
"女性","60歲及以上","專科","北北基宜蘭區","本省閩南人","10","00","05",1,0.636190277720298,0.000377500943752359,0.000241060782521429,"女性 | 60歲及以上 | 專科 | 北北基宜蘭區 | 本省閩南人 | 10 | 00 | 05"
"女性","60歲及以上","專科","桃竹苗區","大陸各省市","06","02","05",1,0.598943449807514,0.000377500943752359,0.000226947474290327,"女性 | 60歲及以上 | 專科 | 桃竹苗區 | 大陸各省市 | 06 | 02 | 05"
"女性","60歲及以上","專科","桃竹苗區","大陸各省市","06","03","04",1,0.598943449807514,0.000377500943752359,0.000226947474290327,"女性 | 60歲及以上 | 專科 | 桃竹苗區 | 大陸各省市 | 06 | 03 | 04"
"女性","60歲及以上","專科","桃竹苗區","大陸各省市","08","00","03",1,0.598943449807514,0.000377500943752359,0.000226947474290327,"女性 | 60歲及以上 | 專科 | 桃竹苗區 | 大陸各省市 | 08 | 00 | 03"
"女性","60歲及以上","專科","桃竹苗區","大陸各省市","09","03","06",1,0.598943449807514,0.000377500943752359,0.000226947474290327,"女性 | 60歲及以上 | 專科 | 桃竹苗區 | 大陸各省市 | 09 | 03 | 06"
"女性","60歲及以上","專科","桃竹苗區","本省客家人","01","09","00",1,0.598943449807514,0.000377500943752359,0.000226947474290327,"女性 | 60歲及以上 | 專科 | 桃竹苗區 | 本省客家人 | 01 | 09 | 00"
"女性","60歲及以上","專科","桃竹苗區","本省客家人","02","02","02",1,0.598943449807514,0.000377500943752359,0.000226947474290327,"女性 | 60歲及以上 | 專科 | 桃竹苗區 | 本省客家人 | 02 | 02 | 02"
"女性","60歲及以上","專科","桃竹苗區","本省閩南人","05","00","05",1,0.598943449807514,0.000377500943752359,0.000226947474290327,"女性 | 60歲及以上 | 專科 | 桃竹苗區 | 本省閩南人 | 05 | 00 | 05"
"女性","60歲及以上","專科","桃竹苗區","本省閩南人","05","05","05",1,0.598943449807514,0.000377500943752359,0.000226947474290327,"女性 | 60歲及以上 | 專科 | 桃竹苗區 | 本省閩南人 | 05 | 05 | 05"
"女性","60歲及以上","專科","桃竹苗區","本省閩南人","08","00","05",1,0.598943449807514,0.000377500943752359,0.000226947474290327,"女性 | 60歲及以上 | 專科 | 桃竹苗區 | 本省閩南人 | 08 | 00 | 05"
"女性","60歲及以上","專科","桃竹苗區","本省閩南人","10","00","03",1,0.598943449807514,0.000377500943752359,0.000226947474290327,"女性 | 60歲及以上 | 專科 | 桃竹苗區 | 本省閩南人 | 10 | 00 | 03"
"女性","60歲及以上","專科","花東區","本省閩南人","00","10","00",1,0.503834095,0.000377500943752359,0.000190909300967145,"女性 | 60歲及以上 | 專科 | 花東區 | 本省閩南人 | 00 | 10 | 00"
"女性","60歲及以上","專科","雲嘉南區","大陸各省市","06","00","02",1,0.561275519,0.000377500943752359,0.000212674604687603,"女性 | 60歲及以上 | 專科 | 雲嘉南區 | 大陸各省市 | 06 | 00 | 02"
"女性","60歲及以上","專科","雲嘉南區","本省閩南人","00","08","01",1,0.561275519,0.000377500943752359,0.000212674604687603,"女性 | 60歲及以上 | 專科 | 雲嘉南區 | 本省閩南人 | 00 | 08 | 01"
"女性","60歲及以上","專科","雲嘉南區","本省閩南人","02","06","02",1,0.561275519,0.000377500943752359,0.000212674604687603,"女性 | 60歲及以上 | 專科 | 雲嘉南區 | 本省閩南人 | 02 | 06 | 02"
"女性","60歲及以上","專科","雲嘉南區","本省閩南人","05","02","03",1,0.561275519,0.000377500943752359,0.000212674604687603,"女性 | 60歲及以上 | 專科 | 雲嘉南區 | 本省閩南人 | 05 | 02 | 03"
"女性","60歲及以上","專科","雲嘉南區","本省閩南人","05","05","02",1,0.561275519,0.000377500943752359,0.000212674604687603,"女性 | 60歲及以上 | 專科 | 雲嘉南區 | 本省閩南人 | 05 | 05 | 02"
"女性","60歲及以上","專科","雲嘉南區","本省閩南人","05","08","03",1,0.561275519,0.000377500943752359,0.000212674604687603,"女性 | 60歲及以上 | 專科 | 雲嘉南區 | 本省閩南人 | 05 | 08 | 03"
"女性","60歲及以上","專科","高屏區","本省閩南人","03","00","02",1,0.803894565894468,0.000377500943752359,0.000304606121636527,"女性 | 60歲及以上 | 專科 | 高屏區 | 本省閩南人 | 03 | 00 | 02"
"女性","60歲及以上","專科","高屏區","本省閩南人","03","01","03",1,0.803894565894468,0.000377500943752359,0.000304606121636527,"女性 | 60歲及以上 | 專科 | 高屏區 | 本省閩南人 | 03 | 01 | 03"
"女性","60歲及以上","專科","高屏區","本省閩南人","06","02","05",1,0.803894565894468,0.000377500943752359,0.000304606121636527,"女性 | 60歲及以上 | 專科 | 高屏區 | 本省閩南人 | 06 | 02 | 05"
"女性","60歲及以上","專科","高屏區","本省閩南人","07","03","05",1,0.803894565894468,0.000377500943752359,0.000304606121636527,"女性 | 60歲及以上 | 專科 | 高屏區 | 本省閩南人 | 07 | 03 | 05"
"女性","60歲及以上","專科","高屏區","本省閩南人","10","00","03",1,0.803894565894468,0.000377500943752359,0.000304606121636527,"女性 | 60歲及以上 | 專科 | 高屏區 | 本省閩南人 | 10 | 00 | 03"
"女性","60歲及以上","小學及以下","中彰投區","本省客家人","05","05","05",1,0.952526473684014,0.000377500943752359,0.000360924687408689,"女性 | 60歲及以上 | 小學及以下 | 中彰投區 | 本省客家人 | 05 | 05 | 05"
"女性","60歲及以上","小學及以下","中彰投區","本省閩南人","00","06","02",1,0.952526473684014,0.000377500943752359,0.000360924687408689,"女性 | 60歲及以上 | 小學及以下 | 中彰投區 | 本省閩南人 | 00 | 06 | 02"
"女性","60歲及以上","小學及以下","中彰投區","本省閩南人","00","08","00",1,0.952526473684014,0.000377500943752359,0.000360924687408689,"女性 | 60歲及以上 | 小學及以下 | 中彰投區 | 本省閩南人 | 00 | 08 | 00"
"女性","60歲及以上","小學及以下","中彰投區","本省閩南人","03","05","05",1,0.952526473684014,0.000377500943752359,0.000360924687408689,"女性 | 60歲及以上 | 小學及以下 | 中彰投區 | 本省閩南人 | 03 | 05 | 05"
"女性","60歲及以上","小學及以下","中彰投區","本省閩南人","03","06","00",1,0.952526473684014,0.000377500943752359,0.000360924687408689,"女性 | 60歲及以上 | 小學及以下 | 中彰投區 | 本省閩南人 | 03 | 06 | 00"
"女性","60歲及以上","小學及以下","中彰投區","本省閩南人","03","08","02",1,0.952526473684014,0.000377500943752359,0.000360924687408689,"女性 | 60歲及以上 | 小學及以下 | 中彰投區 | 本省閩南人 | 03 | 08 | 02"
"女性","60歲及以上","小學及以下","中彰投區","本省閩南人","03","10","06",1,0.952526473684014,0.000377500943752359,0.000360924687408689,"女性 | 60歲及以上 | 小學及以下 | 中彰投區 | 本省閩南人 | 03 | 10 | 06"
"女性","60歲及以上","小學及以下","中彰投區","本省閩南人","04","08","07",1,0.952526473684014,0.000377500943752359,0.000360924687408689,"女性 | 60歲及以上 | 小學及以下 | 中彰投區 | 本省閩南人 | 04 | 08 | 07"
"女性","60歲及以上","小學及以下","中彰投區","本省閩南人","05","03","08",1,0.952526473684014,0.000377500943752359,0.000360924687408689,"女性 | 60歲及以上 | 小學及以下 | 中彰投區 | 本省閩南人 | 05 | 03 | 08"
"女性","60歲及以上","小學及以下","中彰投區","本省閩南人","05","04","06",1,0.952526473684014,0.000377500943752359,0.000360924687408689,"女性 | 60歲及以上 | 小學及以下 | 中彰投區 | 本省閩南人 | 05 | 04 | 06"
"女性","60歲及以上","小學及以下","中彰投區","本省閩南人","05","05","02",1,0.952526473684014,0.000377500943752359,0.000360924687408689,"女性 | 60歲及以上 | 小學及以下 | 中彰投區 | 本省閩南人 | 05 | 05 | 02"
"女性","60歲及以上","小學及以下","中彰投區","本省閩南人","05","05","03",1,0.952526473684014,0.000377500943752359,0.000360924687408689,"女性 | 60歲及以上 | 小學及以下 | 中彰投區 | 本省閩南人 | 05 | 05 | 03"
"女性","60歲及以上","小學及以下","中彰投區","本省閩南人","05","08","05",1,0.952526473684014,0.000377500943752359,0.000360924687408689,"女性 | 60歲及以上 | 小學及以下 | 中彰投區 | 本省閩南人 | 05 | 08 | 05"
"女性","60歲及以上","小學及以下","中彰投區","本省閩南人","05","10","10",1,0.952526473684014,0.000377500943752359,0.000360924687408689,"女性 | 60歲及以上 | 小學及以下 | 中彰投區 | 本省閩南人 | 05 | 10 | 10"
"女性","60歲及以上","小學及以下","中彰投區","本省閩南人","06","04","04",1,0.952526473684014,0.000377500943752359,0.000360924687408689,"女性 | 60歲及以上 | 小學及以下 | 中彰投區 | 本省閩南人 | 06 | 04 | 04"
"女性","60歲及以上","小學及以下","中彰投區","本省閩南人","06","05","06",1,0.952526473684014,0.000377500943752359,0.000360924687408689,"女性 | 60歲及以上 | 小學及以下 | 中彰投區 | 本省閩南人 | 06 | 05 | 06"
"女性","60歲及以上","小學及以下","中彰投區","本省閩南人","06","08","00",1,0.952526473684014,0.000377500943752359,0.000360924687408689,"女性 | 60歲及以上 | 小學及以下 | 中彰投區 | 本省閩南人 | 06 | 08 | 00"
"女性","60歲及以上","小學及以下","中彰投區","本省閩南人","07","04","04",1,0.952526473684014,0.000377500943752359,0.000360924687408689,"女性 | 60歲及以上 | 小學及以下 | 中彰投區 | 本省閩南人 | 07 | 04 | 04"
"女性","60歲及以上","小學及以下","中彰投區","本省閩南人","10","00","06",1,0.952526473684014,0.000377500943752359,0.000360924687408689,"女性 | 60歲及以上 | 小學及以下 | 中彰投區 | 本省閩南人 | 10 | 00 | 06"
"女性","60歲及以上","小學及以下","中彰投區","本省閩南人","10","01","04",1,0.952526473684014,0.000377500943752359,0.000360924687408689,"女性 | 60歲及以上 | 小學及以下 | 中彰投區 | 本省閩南人 | 10 | 01 | 04"
"女性","60歲及以上","小學及以下","中彰投區","本省閩南人","10","10","10",1,0.952526473684014,0.000377500943752359,0.000360924687408689,"女性 | 60歲及以上 | 小學及以下 | 中彰投區 | 本省閩南人 | 10 | 10 | 10"
"女性","60歲及以上","小學及以下","北北基宜蘭區","原住民","08","06","03",1,0.930246007255504,0.000377500943752359,0.000352482328478833,"女性 | 60歲及以上 | 小學及以下 | 北北基宜蘭區 | 原住民 | 08 | 06 | 03"
"女性","60歲及以上","小學及以下","北北基宜蘭區","大陸各省市","08","02","05",1,0.930246007255504,0.000377500943752359,0.000352482328478833,"女性 | 60歲及以上 | 小學及以下 | 北北基宜蘭區 | 大陸各省市 | 08 | 02 | 05"
"女性","60歲及以上","小學及以下","北北基宜蘭區","大陸各省市","10","01","05",1,0.930246007255504,0.000377500943752359,0.000352482328478833,"女性 | 60歲及以上 | 小學及以下 | 北北基宜蘭區 | 大陸各省市 | 10 | 01 | 05"
"女性","60歲及以上","小學及以下","北北基宜蘭區","本省客家人","00","07","00",1,0.930246007255504,0.000377500943752359,0.000352482328478833,"女性 | 60歲及以上 | 小學及以下 | 北北基宜蘭區 | 本省客家人 | 00 | 07 | 00"
"女性","60歲及以上","小學及以下","北北基宜蘭區","本省客家人","08","08","00",1,0.930246007255504,0.000377500943752359,0.000352482328478833,"女性 | 60歲及以上 | 小學及以下 | 北北基宜蘭區 | 本省客家人 | 08 | 08 | 00"
"女性","60歲及以上","小學及以下","北北基宜蘭區","本省客家人","10","00","00",1,0.930246007255504,0.000377500943752359,0.000352482328478833,"女性 | 60歲及以上 | 小學及以下 | 北北基宜蘭區 | 本省客家人 | 10 | 00 | 00"
"女性","60歲及以上","小學及以下","北北基宜蘭區","本省閩南人","00","03","00",1,0.930246007255504,0.000377500943752359,0.000352482328478833,"女性 | 60歲及以上 | 小學及以下 | 北北基宜蘭區 | 本省閩南人 | 00 | 03 | 00"
"女性","60歲及以上","小學及以下","北北基宜蘭區","本省閩南人","00","06","03",1,0.930246007255504,0.000377500943752359,0.000352482328478833,"女性 | 60歲及以上 | 小學及以下 | 北北基宜蘭區 | 本省閩南人 | 00 | 06 | 03"
"女性","60歲及以上","小學及以下","北北基宜蘭區","本省閩南人","00","07","00",1,0.930246007255504,0.000377500943752359,0.000352482328478833,"女性 | 60歲及以上 | 小學及以下 | 北北基宜蘭區 | 本省閩南人 | 00 | 07 | 00"
"女性","60歲及以上","小學及以下","北北基宜蘭區","本省閩南人","02","08","00",1,0.930246007255504,0.000377500943752359,0.000352482328478833,"女性 | 60歲及以上 | 小學及以下 | 北北基宜蘭區 | 本省閩南人 | 02 | 08 | 00"
"女性","60歲及以上","小學及以下","北北基宜蘭區","本省閩南人","02","09","05",1,0.930246007255504,0.000377500943752359,0.000352482328478833,"女性 | 60歲及以上 | 小學及以下 | 北北基宜蘭區 | 本省閩南人 | 02 | 09 | 05"
"女性","60歲及以上","小學及以下","北北基宜蘭區","本省閩南人","03","09","01",1,0.930246007255504,0.000377500943752359,0.000352482328478833,"女性 | 60歲及以上 | 小學及以下 | 北北基宜蘭區 | 本省閩南人 | 03 | 09 | 01"
"女性","60歲及以上","小學及以下","北北基宜蘭區","本省閩南人","04","03","02",1,0.930246007255504,0.000377500943752359,0.000352482328478833,"女性 | 60歲及以上 | 小學及以下 | 北北基宜蘭區 | 本省閩南人 | 04 | 03 | 02"
"女性","60歲及以上","小學及以下","北北基宜蘭區","本省閩南人","04","06","02",1,0.930246007255504,0.000377500943752359,0.000352482328478833,"女性 | 60歲及以上 | 小學及以下 | 北北基宜蘭區 | 本省閩南人 | 04 | 06 | 02"
"女性","60歲及以上","小學及以下","北北基宜蘭區","本省閩南人","04","07","03",1,0.930246007255504,0.000377500943752359,0.000352482328478833,"女性 | 60歲及以上 | 小學及以下 | 北北基宜蘭區 | 本省閩南人 | 04 | 07 | 03"
"女性","60歲及以上","小學及以下","北北基宜蘭區","本省閩南人","04","08","02",1,0.930246007255504,0.000377500943752359,0.000352482328478833,"女性 | 60歲及以上 | 小學及以下 | 北北基宜蘭區 | 本省閩南人 | 04 | 08 | 02"
"女性","60歲及以上","小學及以下","北北基宜蘭區","本省閩南人","04","09","00",1,0.930246007255504,0.000377500943752359,0.000352482328478833,"女性 | 60歲及以上 | 小學及以下 | 北北基宜蘭區 | 本省閩南人 | 04 | 09 | 00"
"女性","60歲及以上","小學及以下","北北基宜蘭區","本省閩南人","04","10","03",1,0.930246007255504,0.000377500943752359,0.000352482328478833,"女性 | 60歲及以上 | 小學及以下 | 北北基宜蘭區 | 本省閩南人 | 04 | 10 | 03"
"女性","60歲及以上","小學及以下","北北基宜蘭區","本省閩南人","05","05","02",1,0.930246007255504,0.000377500943752359,0.000352482328478833,"女性 | 60歲及以上 | 小學及以下 | 北北基宜蘭區 | 本省閩南人 | 05 | 05 | 02"
"女性","60歲及以上","小學及以下","北北基宜蘭區","本省閩南人","05","05","04",1,0.930246007255504,0.000377500943752359,0.000352482328478833,"女性 | 60歲及以上 | 小學及以下 | 北北基宜蘭區 | 本省閩南人 | 05 | 05 | 04"
"女性","60歲及以上","小學及以下","北北基宜蘭區","本省閩南人","06","02","01",1,0.930246007255504,0.000377500943752359,0.000352482328478833,"女性 | 60歲及以上 | 小學及以下 | 北北基宜蘭區 | 本省閩南人 | 06 | 02 | 01"
"女性","60歲及以上","小學及以下","北北基宜蘭區","本省閩南人","06","04","04",1,0.930246007255504,0.000377500943752359,0.000352482328478833,"女性 | 60歲及以上 | 小學及以下 | 北北基宜蘭區 | 本省閩南人 | 06 | 04 | 04"
"女性","60歲及以上","小學及以下","北北基宜蘭區","本省閩南人","06","04","06",1,0.930246007255504,0.000377500943752359,0.000352482328478833,"女性 | 60歲及以上 | 小學及以下 | 北北基宜蘭區 | 本省閩南人 | 06 | 04 | 06"
"女性","60歲及以上","小學及以下","北北基宜蘭區","本省閩南人","06","05","00",1,0.930246007255504,0.000377500943752359,0.000352482328478833,"女性 | 60歲及以上 | 小學及以下 | 北北基宜蘭區 | 本省閩南人 | 06 | 05 | 00"
"女性","60歲及以上","小學及以下","北北基宜蘭區","本省閩南人","07","00","05",1,0.930246007255504,0.000377500943752359,0.000352482328478833,"女性 | 60歲及以上 | 小學及以下 | 北北基宜蘭區 | 本省閩南人 | 07 | 00 | 05"
"女性","60歲及以上","小學及以下","北北基宜蘭區","本省閩南人","07","03","03",1,0.930246007255504,0.000377500943752359,0.000352482328478833,"女性 | 60歲及以上 | 小學及以下 | 北北基宜蘭區 | 本省閩南人 | 07 | 03 | 03"
"女性","60歲及以上","小學及以下","北北基宜蘭區","本省閩南人","08","05","00",1,0.930246007255504,0.000377500943752359,0.000352482328478833,"女性 | 60歲及以上 | 小學及以下 | 北北基宜蘭區 | 本省閩南人 | 08 | 05 | 00"
"女性","60歲及以上","小學及以下","北北基宜蘭區","本省閩南人","10","00","04",1,0.930246007255504,0.000377500943752359,0.000352482328478833,"女性 | 60歲及以上 | 小學及以下 | 北北基宜蘭區 | 本省閩南人 | 10 | 00 | 04"
"女性","60歲及以上","小學及以下","北北基宜蘭區","本省閩南人","10","02","05",1,0.930246007255504,0.000377500943752359,0.000352482328478833,"女性 | 60歲及以上 | 小學及以下 | 北北基宜蘭區 | 本省閩南人 | 10 | 02 | 05"
"女性","60歲及以上","小學及以下","桃竹苗區","大陸各省市","08","02","04",1,0.875783193,0.000377500943752359,0.000331845658786558,"女性 | 60歲及以上 | 小學及以下 | 桃竹苗區 | 大陸各省市 | 08 | 02 | 04"
"女性","60歲及以上","小學及以下","桃竹苗區","本省客家人","05","05","05",1,0.875783193,0.000377500943752359,0.000331845658786558,"女性 | 60歲及以上 | 小學及以下 | 桃竹苗區 | 本省客家人 | 05 | 05 | 05"
"女性","60歲及以上","小學及以下","桃竹苗區","本省客家人","05","07","04",1,0.875783193,0.000377500943752359,0.000331845658786558,"女性 | 60歲及以上 | 小學及以下 | 桃竹苗區 | 本省客家人 | 05 | 07 | 04"
"女性","60歲及以上","小學及以下","桃竹苗區","本省閩南人","00","08","00",1,0.875783193,0.000377500943752359,0.000331845658786558,"女性 | 60歲及以上 | 小學及以下 | 桃竹苗區 | 本省閩南人 | 00 | 08 | 00"
"女性","60歲及以上","小學及以下","桃竹苗區","本省閩南人","00","10","00",1,0.875783193,0.000377500943752359,0.000331845658786558,"女性 | 60歲及以上 | 小學及以下 | 桃竹苗區 | 本省閩南人 | 00 | 10 | 00"
"女性","60歲及以上","小學及以下","桃竹苗區","本省閩南人","02","10","02",1,0.875783193,0.000377500943752359,0.000331845658786558,"女性 | 60歲及以上 | 小學及以下 | 桃竹苗區 | 本省閩南人 | 02 | 10 | 02"
"女性","60歲及以上","小學及以下","桃竹苗區","本省閩南人","05","05","05",1,0.875783193,0.000377500943752359,0.000331845658786558,"女性 | 60歲及以上 | 小學及以下 | 桃竹苗區 | 本省閩南人 | 05 | 05 | 05"
"女性","60歲及以上","小學及以下","桃竹苗區","本省閩南人","05","07","02",1,0.875783193,0.000377500943752359,0.000331845658786558,"女性 | 60歲及以上 | 小學及以下 | 桃竹苗區 | 本省閩南人 | 05 | 07 | 02"
"女性","60歲及以上","小學及以下","桃竹苗區","本省閩南人","06","06","06",1,0.875783193,0.000377500943752359,0.000331845658786558,"女性 | 60歲及以上 | 小學及以下 | 桃竹苗區 | 本省閩南人 | 06 | 06 | 06"
"女性","60歲及以上","小學及以下","桃竹苗區","本省閩南人","07","06","05",1,0.875783193,0.000377500943752359,0.000331845658786558,"女性 | 60歲及以上 | 小學及以下 | 桃竹苗區 | 本省閩南人 | 07 | 06 | 05"
"女性","60歲及以上","小學及以下","桃竹苗區","本省閩南人","08","05","00",1,0.875783193,0.000377500943752359,0.000331845658786558,"女性 | 60歲及以上 | 小學及以下 | 桃竹苗區 | 本省閩南人 | 08 | 05 | 00"
"女性","60歲及以上","小學及以下","桃竹苗區","本省閩南人","09","01","03",1,0.875783193,0.000377500943752359,0.000331845658786558,"女性 | 60歲及以上 | 小學及以下 | 桃竹苗區 | 本省閩南人 | 09 | 01 | 03"
"女性","60歲及以上","小學及以下","桃竹苗區","本省閩南人","10","00","05",1,0.875783193,0.000377500943752359,0.000331845658786558,"女性 | 60歲及以上 | 小學及以下 | 桃竹苗區 | 本省閩南人 | 10 | 00 | 05"
"女性","60歲及以上","小學及以下","桃竹苗區","本省閩南人","10","00","09",1,0.875783193,0.000377500943752359,0.000331845658786558,"女性 | 60歲及以上 | 小學及以下 | 桃竹苗區 | 本省閩南人 | 10 | 00 | 09"
"女性","60歲及以上","小學及以下","花東區","原住民","06","04","06",1,0.736713010649102,0.000377500943752359,0.000279150155323293,"女性 | 60歲及以上 | 小學及以下 | 花東區 | 原住民 | 06 | 04 | 06"
"女性","60歲及以上","小學及以下","花東區","本省閩南人","05","07","03",1,0.736713010649102,0.000377500943752359,0.000279150155323293,"女性 | 60歲及以上 | 小學及以下 | 花東區 | 本省閩南人 | 05 | 07 | 03"
"女性","60歲及以上","小學及以下","花東區","本省閩南人","07","01","04",1,0.736713010649102,0.000377500943752359,0.000279150155323293,"女性 | 60歲及以上 | 小學及以下 | 花東區 | 本省閩南人 | 07 | 01 | 04"
"女性","60歲及以上","小學及以下","雲嘉南區","本省閩南人","00","05","00",1,0.820704636225367,0.000377500943752359,0.00031097567623382,"女性 | 60歲及以上 | 小學及以下 | 雲嘉南區 | 本省閩南人 | 00 | 05 | 00"
"女性","60歲及以上","小學及以下","雲嘉南區","本省閩南人","00","10","00",1,0.820704636225367,0.000377500943752359,0.00031097567623382,"女性 | 60歲及以上 | 小學及以下 | 雲嘉南區 | 本省閩南人 | 00 | 10 | 00"
"女性","60歲及以上","小學及以下","雲嘉南區","本省閩南人","01","04","04",1,0.820704636225367,0.000377500943752359,0.00031097567623382,"女性 | 60歲及以上 | 小學及以下 | 雲嘉南區 | 本省閩南人 | 01 | 04 | 04"
"女性","60歲及以上","小學及以下","雲嘉南區","本省閩南人","01","10","00",1,0.820704636225367,0.000377500943752359,0.00031097567623382,"女性 | 60歲及以上 | 小學及以下 | 雲嘉南區 | 本省閩南人 | 01 | 10 | 00"
"女性","60歲及以上","小學及以下","雲嘉南區","本省閩南人","02","05","05",1,0.820704636225367,0.000377500943752359,0.00031097567623382,"女性 | 60歲及以上 | 小學及以下 | 雲嘉南區 | 本省閩南人 | 02 | 05 | 05"
"女性","60歲及以上","小學及以下","雲嘉南區","本省閩南人","02","08","01",1,0.820704636225367,0.000377500943752359,0.00031097567623382,"女性 | 60歲及以上 | 小學及以下 | 雲嘉南區 | 本省閩南人 | 02 | 08 | 01"
"女性","60歲及以上","小學及以下","雲嘉南區","本省閩南人","03","03","03",1,0.820704636225367,0.000377500943752359,0.00031097567623382,"女性 | 60歲及以上 | 小學及以下 | 雲嘉南區 | 本省閩南人 | 03 | 03 | 03"
"女性","60歲及以上","小學及以下","雲嘉南區","本省閩南人","03","05","00",1,0.820704636225367,0.000377500943752359,0.00031097567623382,"女性 | 60歲及以上 | 小學及以下 | 雲嘉南區 | 本省閩南人 | 03 | 05 | 00"
"女性","60歲及以上","小學及以下","雲嘉南區","本省閩南人","03","05","02",1,0.820704636225367,0.000377500943752359,0.00031097567623382,"女性 | 60歲及以上 | 小學及以下 | 雲嘉南區 | 本省閩南人 | 03 | 05 | 02"
"女性","60歲及以上","小學及以下","雲嘉南區","本省閩南人","03","06","02",1,0.820704636225367,0.000377500943752359,0.00031097567623382,"女性 | 60歲及以上 | 小學及以下 | 雲嘉南區 | 本省閩南人 | 03 | 06 | 02"
"女性","60歲及以上","小學及以下","雲嘉南區","本省閩南人","03","07","00",1,0.820704636225367,0.000377500943752359,0.00031097567623382,"女性 | 60歲及以上 | 小學及以下 | 雲嘉南區 | 本省閩南人 | 03 | 07 | 00"
"女性","60歲及以上","小學及以下","雲嘉南區","本省閩南人","03","08","02",1,0.820704636225367,0.000377500943752359,0.00031097567623382,"女性 | 60歲及以上 | 小學及以下 | 雲嘉南區 | 本省閩南人 | 03 | 08 | 02"
"女性","60歲及以上","小學及以下","雲嘉南區","本省閩南人","03","08","06",1,0.820704636225367,0.000377500943752359,0.00031097567623382,"女性 | 60歲及以上 | 小學及以下 | 雲嘉南區 | 本省閩南人 | 03 | 08 | 06"
"女性","60歲及以上","小學及以下","雲嘉南區","本省閩南人","04","06","03",1,0.820704636225367,0.000377500943752359,0.00031097567623382,"女性 | 60歲及以上 | 小學及以下 | 雲嘉南區 | 本省閩南人 | 04 | 06 | 03"
"女性","60歲及以上","小學及以下","雲嘉南區","本省閩南人","04","08","01",1,0.820704636225367,0.000377500943752359,0.00031097567623382,"女性 | 60歲及以上 | 小學及以下 | 雲嘉南區 | 本省閩南人 | 04 | 08 | 01"
"女性","60歲及以上","小學及以下","雲嘉南區","本省閩南人","05","03","02",1,0.820704636225367,0.000377500943752359,0.00031097567623382,"女性 | 60歲及以上 | 小學及以下 | 雲嘉南區 | 本省閩南人 | 05 | 03 | 02"
"女性","60歲及以上","小學及以下","雲嘉南區","本省閩南人","05","05","03",1,0.820704636225367,0.000377500943752359,0.00031097567623382,"女性 | 60歲及以上 | 小學及以下 | 雲嘉南區 | 本省閩南人 | 05 | 05 | 03"
"女性","60歲及以上","小學及以下","雲嘉南區","本省閩南人","05","09","04",1,0.820704636225367,0.000377500943752359,0.00031097567623382,"女性 | 60歲及以上 | 小學及以下 | 雲嘉南區 | 本省閩南人 | 05 | 09 | 04"
"女性","60歲及以上","小學及以下","雲嘉南區","本省閩南人","05","10","00",1,0.820704636225367,0.000377500943752359,0.00031097567623382,"女性 | 60歲及以上 | 小學及以下 | 雲嘉南區 | 本省閩南人 | 05 | 10 | 00"
"女性","60歲及以上","小學及以下","雲嘉南區","本省閩南人","07","07","06",1,0.820704636225367,0.000377500943752359,0.00031097567623382,"女性 | 60歲及以上 | 小學及以下 | 雲嘉南區 | 本省閩南人 | 07 | 07 | 06"
"女性","60歲及以上","小學及以下","雲嘉南區","本省閩南人","07","09","10",1,0.820704636225367,0.000377500943752359,0.00031097567623382,"女性 | 60歲及以上 | 小學及以下 | 雲嘉南區 | 本省閩南人 | 07 | 09 | 10"
"女性","60歲及以上","小學及以下","雲嘉南區","本省閩南人","10","00","00",1,0.820704636225367,0.000377500943752359,0.00031097567623382,"女性 | 60歲及以上 | 小學及以下 | 雲嘉南區 | 本省閩南人 | 10 | 00 | 00"
"女性","60歲及以上","小學及以下","雲嘉南區","本省閩南人","10","00","05",1,0.820704636225367,0.000377500943752359,0.00031097567623382,"女性 | 60歲及以上 | 小學及以下 | 雲嘉南區 | 本省閩南人 | 10 | 00 | 05"
"女性","60歲及以上","小學及以下","雲嘉南區","本省閩南人","10","01","05",1,0.820704636225367,0.000377500943752359,0.00031097567623382,"女性 | 60歲及以上 | 小學及以下 | 雲嘉南區 | 本省閩南人 | 10 | 01 | 05"
"女性","60歲及以上","小學及以下","高屏區","大陸各省市","00","06","01",1,1.17546548000928,0.000377500943752359,0.000445399180656046,"女性 | 60歲及以上 | 小學及以下 | 高屏區 | 大陸各省市 | 00 | 06 | 01"
"女性","60歲及以上","小學及以下","高屏區","大陸各省市","05","10","00",1,1.17546548000928,0.000377500943752359,0.000445399180656046,"女性 | 60歲及以上 | 小學及以下 | 高屏區 | 大陸各省市 | 05 | 10 | 00"
"女性","60歲及以上","小學及以下","高屏區","本省閩南人","00","08","02",1,1.17546548000928,0.000377500943752359,0.000445399180656046,"女性 | 60歲及以上 | 小學及以下 | 高屏區 | 本省閩南人 | 00 | 08 | 02"
"女性","60歲及以上","小學及以下","高屏區","本省閩南人","00","10","05",1,1.17546548000928,0.000377500943752359,0.000445399180656046,"女性 | 60歲及以上 | 小學及以下 | 高屏區 | 本省閩南人 | 00 | 10 | 05"
"女性","60歲及以上","小學及以下","高屏區","本省閩南人","02","08","00",1,1.17546548000928,0.000377500943752359,0.000445399180656046,"女性 | 60歲及以上 | 小學及以下 | 高屏區 | 本省閩南人 | 02 | 08 | 00"
"女性","60歲及以上","小學及以下","高屏區","本省閩南人","02","09","01",1,1.17546548000928,0.000377500943752359,0.000445399180656046,"女性 | 60歲及以上 | 小學及以下 | 高屏區 | 本省閩南人 | 02 | 09 | 01"
"女性","60歲及以上","小學及以下","高屏區","本省閩南人","03","03","00",1,1.17546548000928,0.000377500943752359,0.000445399180656046,"女性 | 60歲及以上 | 小學及以下 | 高屏區 | 本省閩南人 | 03 | 03 | 00"
"女性","60歲及以上","小學及以下","高屏區","本省閩南人","05","06","03",1,1.17546548000928,0.000377500943752359,0.000445399180656046,"女性 | 60歲及以上 | 小學及以下 | 高屏區 | 本省閩南人 | 05 | 06 | 03"
"女性","60歲及以上","小學及以下","高屏區","本省閩南人","05","07","02",1,1.17546548000928,0.000377500943752359,0.000445399180656046,"女性 | 60歲及以上 | 小學及以下 | 高屏區 | 本省閩南人 | 05 | 07 | 02"
"女性","60歲及以上","小學及以下","高屏區","本省閩南人","09","01","03",1,1.17546548000928,0.000377500943752359,0.000445399180656046,"女性 | 60歲及以上 | 小學及以下 | 高屏區 | 本省閩南人 | 09 | 01 | 03"
"女性","60歲及以上","小學及以下","高屏區","本省閩南人","10","09","05",1,1.17546548000928,0.000377500943752359,0.000445399180656046,"女性 | 60歲及以上 | 小學及以下 | 高屏區 | 本省閩南人 | 10 | 09 | 05"
"女性","60歲及以上","高中、職","中彰投區","大陸各省市","05","05","05",1,0.837781783679687,0.000377500943752359,0.000317446429831822,"女性 | 60歲及以上 | 高中、職 | 中彰投區 | 大陸各省市 | 05 | 05 | 05"
"女性","60歲及以上","高中、職","中彰投區","大陸各省市","09","01","05",1,0.837781783679687,0.000377500943752359,0.000317446429831822,"女性 | 60歲及以上 | 高中、職 | 中彰投區 | 大陸各省市 | 09 | 01 | 05"
"女性","60歲及以上","高中、職","中彰投區","本省閩南人","00","08","00",1,0.837781783679687,0.000377500943752359,0.000317446429831822,"女性 | 60歲及以上 | 高中、職 | 中彰投區 | 本省閩南人 | 00 | 08 | 00"
"女性","60歲及以上","高中、職","中彰投區","本省閩南人","02","03","01",1,0.837781783679687,0.000377500943752359,0.000317446429831822,"女性 | 60歲及以上 | 高中、職 | 中彰投區 | 本省閩南人 | 02 | 03 | 01"
"女性","60歲及以上","高中、職","中彰投區","本省閩南人","02","08","00",1,0.837781783679687,0.000377500943752359,0.000317446429831822,"女性 | 60歲及以上 | 高中、職 | 中彰投區 | 本省閩南人 | 02 | 08 | 00"
"女性","60歲及以上","高中、職","中彰投區","本省閩南人","03","03","00",1,0.837781783679687,0.000377500943752359,0.000317446429831822,"女性 | 60歲及以上 | 高中、職 | 中彰投區 | 本省閩南人 | 03 | 03 | 00"
"女性","60歲及以上","高中、職","中彰投區","本省閩南人","03","08","00",1,0.837781783679687,0.000377500943752359,0.000317446429831822,"女性 | 60歲及以上 | 高中、職 | 中彰投區 | 本省閩南人 | 03 | 08 | 00"
"女性","60歲及以上","高中、職","中彰投區","本省閩南人","05","00","03",1,0.837781783679687,0.000377500943752359,0.000317446429831822,"女性 | 60歲及以上 | 高中、職 | 中彰投區 | 本省閩南人 | 05 | 00 | 03"
"女性","60歲及以上","高中、職","中彰投區","本省閩南人","05","00","06",1,0.837781783679687,0.000377500943752359,0.000317446429831822,"女性 | 60歲及以上 | 高中、職 | 中彰投區 | 本省閩南人 | 05 | 00 | 06"
"女性","60歲及以上","高中、職","中彰投區","本省閩南人","05","03","03",1,0.837781783679687,0.000377500943752359,0.000317446429831822,"女性 | 60歲及以上 | 高中、職 | 中彰投區 | 本省閩南人 | 05 | 03 | 03"
"女性","60歲及以上","高中、職","中彰投區","本省閩南人","05","04","03",1,0.837781783679687,0.000377500943752359,0.000317446429831822,"女性 | 60歲及以上 | 高中、職 | 中彰投區 | 本省閩南人 | 05 | 04 | 03"
"女性","60歲及以上","高中、職","中彰投區","本省閩南人","05","05","01",1,0.837781783679687,0.000377500943752359,0.000317446429831822,"女性 | 60歲及以上 | 高中、職 | 中彰投區 | 本省閩南人 | 05 | 05 | 01"
"女性","60歲及以上","高中、職","中彰投區","本省閩南人","05","07","03",1,0.837781783679687,0.000377500943752359,0.000317446429831822,"女性 | 60歲及以上 | 高中、職 | 中彰投區 | 本省閩南人 | 05 | 07 | 03"
"女性","60歲及以上","高中、職","中彰投區","本省閩南人","06","01","01",1,0.837781783679687,0.000377500943752359,0.000317446429831822,"女性 | 60歲及以上 | 高中、職 | 中彰投區 | 本省閩南人 | 06 | 01 | 01"
"女性","60歲及以上","高中、職","中彰投區","本省閩南人","06","02","03",1,0.837781783679687,0.000377500943752359,0.000317446429831822,"女性 | 60歲及以上 | 高中、職 | 中彰投區 | 本省閩南人 | 06 | 02 | 03"
"女性","60歲及以上","高中、職","中彰投區","本省閩南人","06","05","05",1,0.837781783679687,0.000377500943752359,0.000317446429831822,"女性 | 60歲及以上 | 高中、職 | 中彰投區 | 本省閩南人 | 06 | 05 | 05"
"女性","60歲及以上","高中、職","中彰投區","本省閩南人","06","07","05",1,0.837781783679687,0.000377500943752359,0.000317446429831822,"女性 | 60歲及以上 | 高中、職 | 中彰投區 | 本省閩南人 | 06 | 07 | 05"
"女性","60歲及以上","高中、職","中彰投區","本省閩南人","07","01","06",1,0.837781783679687,0.000377500943752359,0.000317446429831822,"女性 | 60歲及以上 | 高中、職 | 中彰投區 | 本省閩南人 | 07 | 01 | 06"
"女性","60歲及以上","高中、職","中彰投區","本省閩南人","07","02","05",1,0.837781783679687,0.000377500943752359,0.000317446429831822,"女性 | 60歲及以上 | 高中、職 | 中彰投區 | 本省閩南人 | 07 | 02 | 05"
"女性","60歲及以上","高中、職","中彰投區","本省閩南人","08","07","05",1,0.837781783679687,0.000377500943752359,0.000317446429831822,"女性 | 60歲及以上 | 高中、職 | 中彰投區 | 本省閩南人 | 08 | 07 | 05"
"女性","60歲及以上","高中、職","中彰投區","本省閩南人","09","08","08",1,0.837781783679687,0.000377500943752359,0.000317446429831822,"女性 | 60歲及以上 | 高中、職 | 中彰投區 | 本省閩南人 | 09 | 08 | 08"
"女性","60歲及以上","高中、職","北北基宜蘭區","原住民","10","09","05",1,0.818185300619748,0.000377500943752359,0.000310021067158842,"女性 | 60歲及以上 | 高中、職 | 北北基宜蘭區 | 原住民 | 10 | 09 | 05"
"女性","60歲及以上","高中、職","北北基宜蘭區","大陸各省市","02","00","01",1,0.818185300619748,0.000377500943752359,0.000310021067158842,"女性 | 60歲及以上 | 高中、職 | 北北基宜蘭區 | 大陸各省市 | 02 | 00 | 01"
"女性","60歲及以上","高中、職","北北基宜蘭區","大陸各省市","04","05","05",1,0.818185300619748,0.000377500943752359,0.000310021067158842,"女性 | 60歲及以上 | 高中、職 | 北北基宜蘭區 | 大陸各省市 | 04 | 05 | 05"
"女性","60歲及以上","高中、職","北北基宜蘭區","大陸各省市","05","00","05",1,0.818185300619748,0.000377500943752359,0.000310021067158842,"女性 | 60歲及以上 | 高中、職 | 北北基宜蘭區 | 大陸各省市 | 05 | 00 | 05"
"女性","60歲及以上","高中、職","北北基宜蘭區","大陸各省市","05","05","04",1,0.818185300619748,0.000377500943752359,0.000310021067158842,"女性 | 60歲及以上 | 高中、職 | 北北基宜蘭區 | 大陸各省市 | 05 | 05 | 04"
"女性","60歲及以上","高中、職","北北基宜蘭區","大陸各省市","05","05","05",1,0.818185300619748,0.000377500943752359,0.000310021067158842,"女性 | 60歲及以上 | 高中、職 | 北北基宜蘭區 | 大陸各省市 | 05 | 05 | 05"
"女性","60歲及以上","高中、職","北北基宜蘭區","大陸各省市","08","00","06",1,0.818185300619748,0.000377500943752359,0.000310021067158842,"女性 | 60歲及以上 | 高中、職 | 北北基宜蘭區 | 大陸各省市 | 08 | 00 | 06"
"女性","60歲及以上","高中、職","北北基宜蘭區","大陸各省市","08","03","01",1,0.818185300619748,0.000377500943752359,0.000310021067158842,"女性 | 60歲及以上 | 高中、職 | 北北基宜蘭區 | 大陸各省市 | 08 | 03 | 01"
"女性","60歲及以上","高中、職","北北基宜蘭區","大陸各省市","08","05","05",1,0.818185300619748,0.000377500943752359,0.000310021067158842,"女性 | 60歲及以上 | 高中、職 | 北北基宜蘭區 | 大陸各省市 | 08 | 05 | 05"
"女性","60歲及以上","高中、職","北北基宜蘭區","大陸各省市","09","00","08",1,0.818185300619748,0.000377500943752359,0.000310021067158842,"女性 | 60歲及以上 | 高中、職 | 北北基宜蘭區 | 大陸各省市 | 09 | 00 | 08"
"女性","60歲及以上","高中、職","北北基宜蘭區","大陸各省市","10","00","02",1,0.818185300619748,0.000377500943752359,0.000310021067158842,"女性 | 60歲及以上 | 高中、職 | 北北基宜蘭區 | 大陸各省市 | 10 | 00 | 02"
"女性","60歲及以上","高中、職","北北基宜蘭區","大陸各省市","10","01","05",1,0.818185300619748,0.000377500943752359,0.000310021067158842,"女性 | 60歲及以上 | 高中、職 | 北北基宜蘭區 | 大陸各省市 | 10 | 01 | 05"
"女性","60歲及以上","高中、職","北北基宜蘭區","大陸各省市","10","05","07",1,0.818185300619748,0.000377500943752359,0.000310021067158842,"女性 | 60歲及以上 | 高中、職 | 北北基宜蘭區 | 大陸各省市 | 10 | 05 | 07"
"女性","60歲及以上","高中、職","北北基宜蘭區","本省客家人","00","08","00",1,0.818185300619748,0.000377500943752359,0.000310021067158842,"女性 | 60歲及以上 | 高中、職 | 北北基宜蘭區 | 本省客家人 | 00 | 08 | 00"
"女性","60歲及以上","高中、職","北北基宜蘭區","本省客家人","00","10","00",1,0.818185300619748,0.000377500943752359,0.000310021067158842,"女性 | 60歲及以上 | 高中、職 | 北北基宜蘭區 | 本省客家人 | 00 | 10 | 00"
"女性","60歲及以上","高中、職","北北基宜蘭區","本省客家人","05","04","05",1,0.818185300619748,0.000377500943752359,0.000310021067158842,"女性 | 60歲及以上 | 高中、職 | 北北基宜蘭區 | 本省客家人 | 05 | 04 | 05"
"女性","60歲及以上","高中、職","北北基宜蘭區","本省客家人","05","05","05",1,0.818185300619748,0.000377500943752359,0.000310021067158842,"女性 | 60歲及以上 | 高中、職 | 北北基宜蘭區 | 本省客家人 | 05 | 05 | 05"
"女性","60歲及以上","高中、職","北北基宜蘭區","本省客家人","07","03","03",1,0.818185300619748,0.000377500943752359,0.000310021067158842,"女性 | 60歲及以上 | 高中、職 | 北北基宜蘭區 | 本省客家人 | 07 | 03 | 03"
"女性","60歲及以上","高中、職","北北基宜蘭區","本省客家人","10","00","08",1,0.818185300619748,0.000377500943752359,0.000310021067158842,"女性 | 60歲及以上 | 高中、職 | 北北基宜蘭區 | 本省客家人 | 10 | 00 | 08"
"女性","60歲及以上","高中、職","北北基宜蘭區","本省閩南人","00","05","00",1,0.818185300619748,0.000377500943752359,0.000310021067158842,"女性 | 60歲及以上 | 高中、職 | 北北基宜蘭區 | 本省閩南人 | 00 | 05 | 00"
"女性","60歲及以上","高中、職","北北基宜蘭區","本省閩南人","00","08","00",1,0.818185300619748,0.000377500943752359,0.000310021067158842,"女性 | 60歲及以上 | 高中、職 | 北北基宜蘭區 | 本省閩南人 | 00 | 08 | 00"
"女性","60歲及以上","高中、職","北北基宜蘭區","本省閩南人","01","05","02",1,0.818185300619748,0.000377500943752359,0.000310021067158842,"女性 | 60歲及以上 | 高中、職 | 北北基宜蘭區 | 本省閩南人 | 01 | 05 | 02"
"女性","60歲及以上","高中、職","北北基宜蘭區","本省閩南人","01","09","00",1,0.818185300619748,0.000377500943752359,0.000310021067158842,"女性 | 60歲及以上 | 高中、職 | 北北基宜蘭區 | 本省閩南人 | 01 | 09 | 00"
"女性","60歲及以上","高中、職","北北基宜蘭區","本省閩南人","01","10","05",1,0.818185300619748,0.000377500943752359,0.000310021067158842,"女性 | 60歲及以上 | 高中、職 | 北北基宜蘭區 | 本省閩南人 | 01 | 10 | 05"
"女性","60歲及以上","高中、職","北北基宜蘭區","本省閩南人","02","07","00",1,0.818185300619748,0.000377500943752359,0.000310021067158842,"女性 | 60歲及以上 | 高中、職 | 北北基宜蘭區 | 本省閩南人 | 02 | 07 | 00"
"女性","60歲及以上","高中、職","北北基宜蘭區","本省閩南人","02","09","00",1,0.818185300619748,0.000377500943752359,0.000310021067158842,"女性 | 60歲及以上 | 高中、職 | 北北基宜蘭區 | 本省閩南人 | 02 | 09 | 00"
"女性","60歲及以上","高中、職","北北基宜蘭區","本省閩南人","03","05","02",1,0.818185300619748,0.000377500943752359,0.000310021067158842,"女性 | 60歲及以上 | 高中、職 | 北北基宜蘭區 | 本省閩南人 | 03 | 05 | 02"
"女性","60歲及以上","高中、職","北北基宜蘭區","本省閩南人","03","06","04",1,0.818185300619748,0.000377500943752359,0.000310021067158842,"女性 | 60歲及以上 | 高中、職 | 北北基宜蘭區 | 本省閩南人 | 03 | 06 | 04"
"女性","60歲及以上","高中、職","北北基宜蘭區","本省閩南人","04","03","05",1,0.818185300619748,0.000377500943752359,0.000310021067158842,"女性 | 60歲及以上 | 高中、職 | 北北基宜蘭區 | 本省閩南人 | 04 | 03 | 05"
"女性","60歲及以上","高中、職","北北基宜蘭區","本省閩南人","04","07","03",1,0.818185300619748,0.000377500943752359,0.000310021067158842,"女性 | 60歲及以上 | 高中、職 | 北北基宜蘭區 | 本省閩南人 | 04 | 07 | 03"
"女性","60歲及以上","高中、職","北北基宜蘭區","本省閩南人","05","02","01",1,0.818185300619748,0.000377500943752359,0.000310021067158842,"女性 | 60歲及以上 | 高中、職 | 北北基宜蘭區 | 本省閩南人 | 05 | 02 | 01"
"女性","60歲及以上","高中、職","北北基宜蘭區","本省閩南人","05","02","05",1,0.818185300619748,0.000377500943752359,0.000310021067158842,"女性 | 60歲及以上 | 高中、職 | 北北基宜蘭區 | 本省閩南人 | 05 | 02 | 05"
"女性","60歲及以上","高中、職","北北基宜蘭區","本省閩南人","05","05","02",1,0.818185300619748,0.000377500943752359,0.000310021067158842,"女性 | 60歲及以上 | 高中、職 | 北北基宜蘭區 | 本省閩南人 | 05 | 05 | 02"
"女性","60歲及以上","高中、職","北北基宜蘭區","本省閩南人","05","06","01",1,0.818185300619748,0.000377500943752359,0.000310021067158842,"女性 | 60歲及以上 | 高中、職 | 北北基宜蘭區 | 本省閩南人 | 05 | 06 | 01"
"女性","60歲及以上","高中、職","北北基宜蘭區","本省閩南人","05","07","04",1,0.818185300619748,0.000377500943752359,0.000310021067158842,"女性 | 60歲及以上 | 高中、職 | 北北基宜蘭區 | 本省閩南人 | 05 | 07 | 04"
"女性","60歲及以上","高中、職","北北基宜蘭區","本省閩南人","06","04","05",1,0.818185300619748,0.000377500943752359,0.000310021067158842,"女性 | 60歲及以上 | 高中、職 | 北北基宜蘭區 | 本省閩南人 | 06 | 04 | 05"
"女性","60歲及以上","高中、職","北北基宜蘭區","本省閩南人","07","00","05",1,0.818185300619748,0.000377500943752359,0.000310021067158842,"女性 | 60歲及以上 | 高中、職 | 北北基宜蘭區 | 本省閩南人 | 07 | 00 | 05"
"女性","60歲及以上","高中、職","北北基宜蘭區","本省閩南人","07","03","03",1,0.818185300619748,0.000377500943752359,0.000310021067158842,"女性 | 60歲及以上 | 高中、職 | 北北基宜蘭區 | 本省閩南人 | 07 | 03 | 03"
"女性","60歲及以上","高中、職","北北基宜蘭區","本省閩南人","07","07","05",1,0.818185300619748,0.000377500943752359,0.000310021067158842,"女性 | 60歲及以上 | 高中、職 | 北北基宜蘭區 | 本省閩南人 | 07 | 07 | 05"
"女性","60歲及以上","高中、職","北北基宜蘭區","本省閩南人","08","00","03",1,0.818185300619748,0.000377500943752359,0.000310021067158842,"女性 | 60歲及以上 | 高中、職 | 北北基宜蘭區 | 本省閩南人 | 08 | 00 | 03"
"女性","60歲及以上","高中、職","北北基宜蘭區","本省閩南人","08","03","03",1,0.818185300619748,0.000377500943752359,0.000310021067158842,"女性 | 60歲及以上 | 高中、職 | 北北基宜蘭區 | 本省閩南人 | 08 | 03 | 03"
"女性","60歲及以上","高中、職","北北基宜蘭區","本省閩南人","08","03","05",1,0.818185300619748,0.000377500943752359,0.000310021067158842,"女性 | 60歲及以上 | 高中、職 | 北北基宜蘭區 | 本省閩南人 | 08 | 03 | 05"
"女性","60歲及以上","高中、職","桃竹苗區","大陸各省市","03","08","00",1,0.770283268538786,0.000377500943752359,0.00029187036328581,"女性 | 60歲及以上 | 高中、職 | 桃竹苗區 | 大陸各省市 | 03 | 08 | 00"
"女性","60歲及以上","高中、職","桃竹苗區","大陸各省市","05","05","05",1,0.770283268538786,0.000377500943752359,0.00029187036328581,"女性 | 60歲及以上 | 高中、職 | 桃竹苗區 | 大陸各省市 | 05 | 05 | 05"
"女性","60歲及以上","高中、職","桃竹苗區","大陸各省市","07","02","06",1,0.770283268538786,0.000377500943752359,0.00029187036328581,"女性 | 60歲及以上 | 高中、職 | 桃竹苗區 | 大陸各省市 | 07 | 02 | 06"
"女性","60歲及以上","高中、職","桃竹苗區","大陸各省市","07","03","04",1,0.770283268538786,0.000377500943752359,0.00029187036328581,"女性 | 60歲及以上 | 高中、職 | 桃竹苗區 | 大陸各省市 | 07 | 03 | 04"
"女性","60歲及以上","高中、職","桃竹苗區","大陸各省市","08","02","05",1,0.770283268538786,0.000377500943752359,0.00029187036328581,"女性 | 60歲及以上 | 高中、職 | 桃竹苗區 | 大陸各省市 | 08 | 02 | 05"
"女性","60歲及以上","高中、職","桃竹苗區","大陸各省市","08","05","04",1,0.770283268538786,0.000377500943752359,0.00029187036328581,"女性 | 60歲及以上 | 高中、職 | 桃竹苗區 | 大陸各省市 | 08 | 05 | 04"
"女性","60歲及以上","高中、職","桃竹苗區","大陸各省市","09","02","02",1,0.770283268538786,0.000377500943752359,0.00029187036328581,"女性 | 60歲及以上 | 高中、職 | 桃竹苗區 | 大陸各省市 | 09 | 02 | 02"
"女性","60歲及以上","高中、職","桃竹苗區","本省客家人","03","08","02",1,0.770283268538786,0.000377500943752359,0.00029187036328581,"女性 | 60歲及以上 | 高中、職 | 桃竹苗區 | 本省客家人 | 03 | 08 | 02"
"女性","60歲及以上","高中、職","桃竹苗區","本省客家人","05","04","04",1,0.770283268538786,0.000377500943752359,0.00029187036328581,"女性 | 60歲及以上 | 高中、職 | 桃竹苗區 | 本省客家人 | 05 | 04 | 04"
"女性","60歲及以上","高中、職","桃竹苗區","本省客家人","05","05","00",1,0.770283268538786,0.000377500943752359,0.00029187036328581,"女性 | 60歲及以上 | 高中、職 | 桃竹苗區 | 本省客家人 | 05 | 05 | 00"
"女性","60歲及以上","高中、職","桃竹苗區","本省客家人","05","05","04",1,0.770283268538786,0.000377500943752359,0.00029187036328581,"女性 | 60歲及以上 | 高中、職 | 桃竹苗區 | 本省客家人 | 05 | 05 | 04"
"女性","60歲及以上","高中、職","桃竹苗區","本省客家人","05","05","05",1,0.770283268538786,0.000377500943752359,0.00029187036328581,"女性 | 60歲及以上 | 高中、職 | 桃竹苗區 | 本省客家人 | 05 | 05 | 05"
"女性","60歲及以上","高中、職","桃竹苗區","本省客家人","06","05","07",1,0.770283268538786,0.000377500943752359,0.00029187036328581,"女性 | 60歲及以上 | 高中、職 | 桃竹苗區 | 本省客家人 | 06 | 05 | 07"
"女性","60歲及以上","高中、職","桃竹苗區","本省客家人","06","06","06",1,0.770283268538786,0.000377500943752359,0.00029187036328581,"女性 | 60歲及以上 | 高中、職 | 桃竹苗區 | 本省客家人 | 06 | 06 | 06"
"女性","60歲及以上","高中、職","桃竹苗區","本省客家人","07","00","03",1,0.770283268538786,0.000377500943752359,0.00029187036328581,"女性 | 60歲及以上 | 高中、職 | 桃竹苗區 | 本省客家人 | 07 | 00 | 03"
"女性","60歲及以上","高中、職","桃竹苗區","本省客家人","07","05","03",1,0.770283268538786,0.000377500943752359,0.00029187036328581,"女性 | 60歲及以上 | 高中、職 | 桃竹苗區 | 本省客家人 | 07 | 05 | 03"
"女性","60歲及以上","高中、職","桃竹苗區","本省客家人","09","01","05",1,0.770283268538786,0.000377500943752359,0.00029187036328581,"女性 | 60歲及以上 | 高中、職 | 桃竹苗區 | 本省客家人 | 09 | 01 | 05"
"女性","60歲及以上","高中、職","桃竹苗區","本省客家人","10","01","05",1,0.770283268538786,0.000377500943752359,0.00029187036328581,"女性 | 60歲及以上 | 高中、職 | 桃竹苗區 | 本省客家人 | 10 | 01 | 05"
"女性","60歲及以上","高中、職","桃竹苗區","本省閩南人","03","06","01",1,0.770283268538786,0.000377500943752359,0.00029187036328581,"女性 | 60歲及以上 | 高中、職 | 桃竹苗區 | 本省閩南人 | 03 | 06 | 01"
"女性","60歲及以上","高中、職","桃竹苗區","本省閩南人","05","02","05",1,0.770283268538786,0.000377500943752359,0.00029187036328581,"女性 | 60歲及以上 | 高中、職 | 桃竹苗區 | 本省閩南人 | 05 | 02 | 05"
"女性","60歲及以上","高中、職","桃竹苗區","本省閩南人","05","03","03",1,0.770283268538786,0.000377500943752359,0.00029187036328581,"女性 | 60歲及以上 | 高中、職 | 桃竹苗區 | 本省閩南人 | 05 | 03 | 03"
"女性","60歲及以上","高中、職","桃竹苗區","本省閩南人","05","04","05",1,0.770283268538786,0.000377500943752359,0.00029187036328581,"女性 | 60歲及以上 | 高中、職 | 桃竹苗區 | 本省閩南人 | 05 | 04 | 05"
"女性","60歲及以上","高中、職","桃竹苗區","本省閩南人","05","05","03",1,0.770283268538786,0.000377500943752359,0.00029187036328581,"女性 | 60歲及以上 | 高中、職 | 桃竹苗區 | 本省閩南人 | 05 | 05 | 03"
"女性","60歲及以上","高中、職","桃竹苗區","本省閩南人","05","05","05",1,0.770283268538786,0.000377500943752359,0.00029187036328581,"女性 | 60歲及以上 | 高中、職 | 桃竹苗區 | 本省閩南人 | 05 | 05 | 05"
"女性","60歲及以上","高中、職","桃竹苗區","本省閩南人","05","06","04",1,0.770283268538786,0.000377500943752359,0.00029187036328581,"女性 | 60歲及以上 | 高中、職 | 桃竹苗區 | 本省閩南人 | 05 | 06 | 04"
"女性","60歲及以上","高中、職","桃竹苗區","本省閩南人","05","06","05",1,0.770283268538786,0.000377500943752359,0.00029187036328581,"女性 | 60歲及以上 | 高中、職 | 桃竹苗區 | 本省閩南人 | 05 | 06 | 05"
"女性","60歲及以上","高中、職","桃竹苗區","本省閩南人","05","08","03",1,0.770283268538786,0.000377500943752359,0.00029187036328581,"女性 | 60歲及以上 | 高中、職 | 桃竹苗區 | 本省閩南人 | 05 | 08 | 03"
"女性","60歲及以上","高中、職","桃竹苗區","本省閩南人","05","08","06",1,0.770283268538786,0.000377500943752359,0.00029187036328581,"女性 | 60歲及以上 | 高中、職 | 桃竹苗區 | 本省閩南人 | 05 | 08 | 06"
"女性","60歲及以上","高中、職","桃竹苗區","本省閩南人","07","02","06",1,0.770283268538786,0.000377500943752359,0.00029187036328581,"女性 | 60歲及以上 | 高中、職 | 桃竹苗區 | 本省閩南人 | 07 | 02 | 06"
"女性","60歲及以上","高中、職","桃竹苗區","本省閩南人","07","03","03",1,0.770283268538786,0.000377500943752359,0.00029187036328581,"女性 | 60歲及以上 | 高中、職 | 桃竹苗區 | 本省閩南人 | 07 | 03 | 03"
"女性","60歲及以上","高中、職","桃竹苗區","本省閩南人","08","03","02",1,0.770283268538786,0.000377500943752359,0.00029187036328581,"女性 | 60歲及以上 | 高中、職 | 桃竹苗區 | 本省閩南人 | 08 | 03 | 02"
"女性","60歲及以上","高中、職","花東區","大陸各省市","09","00","05",1,0.647965969632867,0.000377500943752359,0.000245522745563912,"女性 | 60歲及以上 | 高中、職 | 花東區 | 大陸各省市 | 09 | 00 | 05"
"女性","60歲及以上","高中、職","花東區","本省閩南人","06","01","03",1,0.647965969632867,0.000377500943752359,0.000245522745563912,"女性 | 60歲及以上 | 高中、職 | 花東區 | 本省閩南人 | 06 | 01 | 03"
"女性","60歲及以上","高中、職","雲嘉南區","大陸各省市","00","10","00",1,0.721839669,0.000377500943752359,0.000273514452449164,"女性 | 60歲及以上 | 高中、職 | 雲嘉南區 | 大陸各省市 | 00 | 10 | 00"
"女性","60歲及以上","高中、職","雲嘉南區","大陸各省市","10","05","05",1,0.721839669,0.000377500943752359,0.000273514452449164,"女性 | 60歲及以上 | 高中、職 | 雲嘉南區 | 大陸各省市 | 10 | 05 | 05"
"女性","60歲及以上","高中、職","雲嘉南區","本省客家人","08","02","05",1,0.721839669,0.000377500943752359,0.000273514452449164,"女性 | 60歲及以上 | 高中、職 | 雲嘉南區 | 本省客家人 | 08 | 02 | 05"
"女性","60歲及以上","高中、職","雲嘉南區","本省閩南人","00","05","01",1,0.721839669,0.000377500943752359,0.000273514452449164,"女性 | 60歲及以上 | 高中、職 | 雲嘉南區 | 本省閩南人 | 00 | 05 | 01"
"女性","60歲及以上","高中、職","雲嘉南區","本省閩南人","00","08","00",1,0.721839669,0.000377500943752359,0.000273514452449164,"女性 | 60歲及以上 | 高中、職 | 雲嘉南區 | 本省閩南人 | 00 | 08 | 00"
"女性","60歲及以上","高中、職","雲嘉南區","本省閩南人","00","10","00",1,0.721839669,0.000377500943752359,0.000273514452449164,"女性 | 60歲及以上 | 高中、職 | 雲嘉南區 | 本省閩南人 | 00 | 10 | 00"
"女性","60歲及以上","高中、職","雲嘉南區","本省閩南人","01","07","01",1,0.721839669,0.000377500943752359,0.000273514452449164,"女性 | 60歲及以上 | 高中、職 | 雲嘉南區 | 本省閩南人 | 01 | 07 | 01"
"女性","60歲及以上","高中、職","雲嘉南區","本省閩南人","01","09","00",1,0.721839669,0.000377500943752359,0.000273514452449164,"女性 | 60歲及以上 | 高中、職 | 雲嘉南區 | 本省閩南人 | 01 | 09 | 00"
"女性","60歲及以上","高中、職","雲嘉南區","本省閩南人","02","02","00",1,0.721839669,0.000377500943752359,0.000273514452449164,"女性 | 60歲及以上 | 高中、職 | 雲嘉南區 | 本省閩南人 | 02 | 02 | 00"
"女性","60歲及以上","高中、職","雲嘉南區","本省閩南人","03","08","03",1,0.721839669,0.000377500943752359,0.000273514452449164,"女性 | 60歲及以上 | 高中、職 | 雲嘉南區 | 本省閩南人 | 03 | 08 | 03"
"女性","60歲及以上","高中、職","雲嘉南區","本省閩南人","05","03","03",1,0.721839669,0.000377500943752359,0.000273514452449164,"女性 | 60歲及以上 | 高中、職 | 雲嘉南區 | 本省閩南人 | 05 | 03 | 03"
"女性","60歲及以上","高中、職","雲嘉南區","本省閩南人","05","03","04",1,0.721839669,0.000377500943752359,0.000273514452449164,"女性 | 60歲及以上 | 高中、職 | 雲嘉南區 | 本省閩南人 | 05 | 03 | 04"
"女性","60歲及以上","高中、職","雲嘉南區","本省閩南人","05","05","02",1,0.721839669,0.000377500943752359,0.000273514452449164,"女性 | 60歲及以上 | 高中、職 | 雲嘉南區 | 本省閩南人 | 05 | 05 | 02"
"女性","60歲及以上","高中、職","雲嘉南區","本省閩南人","05","05","03",1,0.721839669,0.000377500943752359,0.000273514452449164,"女性 | 60歲及以上 | 高中、職 | 雲嘉南區 | 本省閩南人 | 05 | 05 | 03"
"女性","60歲及以上","高中、職","雲嘉南區","本省閩南人","05","05","05",1,0.721839669,0.000377500943752359,0.000273514452449164,"女性 | 60歲及以上 | 高中、職 | 雲嘉南區 | 本省閩南人 | 05 | 05 | 05"
"女性","60歲及以上","高中、職","雲嘉南區","本省閩南人","06","01","02",1,0.721839669,0.000377500943752359,0.000273514452449164,"女性 | 60歲及以上 | 高中、職 | 雲嘉南區 | 本省閩南人 | 06 | 01 | 02"
"女性","60歲及以上","高中、職","雲嘉南區","本省閩南人","06","03","04",1,0.721839669,0.000377500943752359,0.000273514452449164,"女性 | 60歲及以上 | 高中、職 | 雲嘉南區 | 本省閩南人 | 06 | 03 | 04"
"女性","60歲及以上","高中、職","雲嘉南區","本省閩南人","08","00","03",1,0.721839669,0.000377500943752359,0.000273514452449164,"女性 | 60歲及以上 | 高中、職 | 雲嘉南區 | 本省閩南人 | 08 | 00 | 03"
"女性","60歲及以上","高中、職","雲嘉南區","本省閩南人","08","03","00",1,0.721839669,0.000377500943752359,0.000273514452449164,"女性 | 60歲及以上 | 高中、職 | 雲嘉南區 | 本省閩南人 | 08 | 03 | 00"
"女性","60歲及以上","高中、職","高屏區","大陸各省市","05","07","04",1,1.03386477300447,0.000377500943752359,0.000391744828441671,"女性 | 60歲及以上 | 高中、職 | 高屏區 | 大陸各省市 | 05 | 07 | 04"
"女性","60歲及以上","高中、職","高屏區","大陸各省市","06","00","05",1,1.03386477300447,0.000377500943752359,0.000391744828441671,"女性 | 60歲及以上 | 高中、職 | 高屏區 | 大陸各省市 | 06 | 00 | 05"
"女性","60歲及以上","高中、職","高屏區","本省閩南人","01","07","01",1,1.03386477300447,0.000377500943752359,0.000391744828441671,"女性 | 60歲及以上 | 高中、職 | 高屏區 | 本省閩南人 | 01 | 07 | 01"
"女性","60歲及以上","高中、職","高屏區","本省閩南人","01","08","02",1,1.03386477300447,0.000377500943752359,0.000391744828441671,"女性 | 60歲及以上 | 高中、職 | 高屏區 | 本省閩南人 | 01 | 08 | 02"
"女性","60歲及以上","高中、職","高屏區","本省閩南人","02","09","02",1,1.03386477300447,0.000377500943752359,0.000391744828441671,"女性 | 60歲及以上 | 高中、職 | 高屏區 | 本省閩南人 | 02 | 09 | 02"
"女性","60歲及以上","高中、職","高屏區","本省閩南人","03","05","03",1,1.03386477300447,0.000377500943752359,0.000391744828441671,"女性 | 60歲及以上 | 高中、職 | 高屏區 | 本省閩南人 | 03 | 05 | 03"
"女性","60歲及以上","高中、職","高屏區","本省閩南人","03","06","01",1,1.03386477300447,0.000377500943752359,0.000391744828441671,"女性 | 60歲及以上 | 高中、職 | 高屏區 | 本省閩南人 | 03 | 06 | 01"
"女性","60歲及以上","高中、職","高屏區","本省閩南人","04","07","02",1,1.03386477300447,0.000377500943752359,0.000391744828441671,"女性 | 60歲及以上 | 高中、職 | 高屏區 | 本省閩南人 | 04 | 07 | 02"
"女性","60歲及以上","高中、職","高屏區","本省閩南人","04","08","02",1,1.03386477300447,0.000377500943752359,0.000391744828441671,"女性 | 60歲及以上 | 高中、職 | 高屏區 | 本省閩南人 | 04 | 08 | 02"
"女性","60歲及以上","高中、職","高屏區","本省閩南人","05","02","08",1,1.03386477300447,0.000377500943752359,0.000391744828441671,"女性 | 60歲及以上 | 高中、職 | 高屏區 | 本省閩南人 | 05 | 02 | 08"
"女性","60歲及以上","高中、職","高屏區","本省閩南人","05","03","01",1,1.03386477300447,0.000377500943752359,0.000391744828441671,"女性 | 60歲及以上 | 高中、職 | 高屏區 | 本省閩南人 | 05 | 03 | 01"
"女性","60歲及以上","高中、職","高屏區","本省閩南人","05","05","05",1,1.03386477300447,0.000377500943752359,0.000391744828441671,"女性 | 60歲及以上 | 高中、職 | 高屏區 | 本省閩南人 | 05 | 05 | 05"
"女性","60歲及以上","高中、職","高屏區","本省閩南人","05","07","03",1,1.03386477300447,0.000377500943752359,0.000391744828441671,"女性 | 60歲及以上 | 高中、職 | 高屏區 | 本省閩南人 | 05 | 07 | 03"
"女性","60歲及以上","高中、職","高屏區","本省閩南人","06","06","05",1,1.03386477300447,0.000377500943752359,0.000391744828441671,"女性 | 60歲及以上 | 高中、職 | 高屏區 | 本省閩南人 | 06 | 06 | 05"
"女性","60歲及以上","高中、職","高屏區","本省閩南人","07","06","06",1,1.03386477300447,0.000377500943752359,0.000391744828441671,"女性 | 60歲及以上 | 高中、職 | 高屏區 | 本省閩南人 | 07 | 06 | 06"
"男性","18至19歲","國、初中","中彰投區","本省閩南人","04","05","05",1,1.94793180985924,0.000377500943752359,0.000738096734306741,"男性 | 18至19歲 | 國、初中 | 中彰投區 | 本省閩南人 | 04 | 05 | 05"
"男性","18至19歲","大學及以上","中彰投區","本省閩南人","01","06","02",1,1.18863000160881,0.000377500943752359,0.000450387389356242,"男性 | 18至19歲 | 大學及以上 | 中彰投區 | 本省閩南人 | 01 | 06 | 02"
"男性","18至19歲","大學及以上","中彰投區","本省閩南人","06","04","06",1,1.18863000160881,0.000377500943752359,0.000450387389356242,"男性 | 18至19歲 | 大學及以上 | 中彰投區 | 本省閩南人 | 06 | 04 | 06"
"男性","18至19歲","大學及以上","北北基宜蘭區","大陸各省市","00","00","00",1,1.16082685746696,0.000377500943752359,0.000439852415908664,"男性 | 18至19歲 | 大學及以上 | 北北基宜蘭區 | 大陸各省市 | 00 | 00 | 00"
"男性","18至19歲","大學及以上","北北基宜蘭區","大陸各省市","02","01","01",1,1.16082685746696,0.000377500943752359,0.000439852415908664,"男性 | 18至19歲 | 大學及以上 | 北北基宜蘭區 | 大陸各省市 | 02 | 01 | 01"
"男性","18至19歲","大學及以上","北北基宜蘭區","本省閩南人","05","05","05",1,1.16082685746696,0.000377500943752359,0.000439852415908664,"男性 | 18至19歲 | 大學及以上 | 北北基宜蘭區 | 本省閩南人 | 05 | 05 | 05"
"男性","18至19歲","大學及以上","桃竹苗區","本省閩南人","05","03","05",1,1.09286430017743,0.000377500943752359,0.000414100517748448,"男性 | 18至19歲 | 大學及以上 | 桃竹苗區 | 本省閩南人 | 05 | 03 | 05"
"男性","18至19歲","大學及以上","花東區","原住民","06","03","06",1,0.919322676299252,0.000377500943752359,0.000348343336104586,"男性 | 18至19歲 | 大學及以上 | 花東區 | 原住民 | 06 | 03 | 06"
"男性","18至19歲","大學及以上","花東區","本省客家人","07","04","05",1,0.919322676299252,0.000377500943752359,0.000348343336104586,"男性 | 18至19歲 | 大學及以上 | 花東區 | 本省客家人 | 07 | 04 | 05"
"男性","18至19歲","大學及以上","雲嘉南區","本省客家人","06","07","04",1,1.02413337584623,0.000377500943752359,0.00038805747530827,"男性 | 18至19歲 | 大學及以上 | 雲嘉南區 | 本省客家人 | 06 | 07 | 04"
"男性","18至19歲","大學及以上","雲嘉南區","本省閩南人","03","03","04",1,1.02413337584623,0.000377500943752359,0.00038805747530827,"男性 | 18至19歲 | 大學及以上 | 雲嘉南區 | 本省閩南人 | 03 | 03 | 04"
"男性","18至19歲","大學及以上","雲嘉南區","本省閩南人","04","04","03",1,1.02413337584623,0.000377500943752359,0.00038805747530827,"男性 | 18至19歲 | 大學及以上 | 雲嘉南區 | 本省閩南人 | 04 | 04 | 03"
"男性","18至19歲","大學及以上","雲嘉南區","本省閩南人","04","04","05",1,1.02413337584623,0.000377500943752359,0.00038805747530827,"男性 | 18至19歲 | 大學及以上 | 雲嘉南區 | 本省閩南人 | 04 | 04 | 05"
"男性","18至19歲","大學及以上","雲嘉南區","本省閩南人","04","06","07",1,1.02413337584623,0.000377500943752359,0.00038805747530827,"男性 | 18至19歲 | 大學及以上 | 雲嘉南區 | 本省閩南人 | 04 | 06 | 07"
"男性","18至19歲","大學及以上","雲嘉南區","本省閩南人","05","04","08",1,1.02413337584623,0.000377500943752359,0.00038805747530827,"男性 | 18至19歲 | 大學及以上 | 雲嘉南區 | 本省閩南人 | 05 | 04 | 08"
"男性","18至19歲","大學及以上","高屏區","本省閩南人","04","05","05",1,1.46682908454052,0.000377500943752359,0.000555800645384881,"男性 | 18至19歲 | 大學及以上 | 高屏區 | 本省閩南人 | 04 | 05 | 05"
"男性","18至19歲","專科","中彰投區","本省閩南人","06","03","05",1,1.28645346298888,0.000377500943752359,0.000487453973010641,"男性 | 18至19歲 | 專科 | 中彰投區 | 本省閩南人 | 06 | 03 | 05"
"男性","18至19歲","專科","高屏區","本省閩南人","05","04","05",1,1.58754814607228,0.000377500943752359,0.000601542670148883,"男性 | 18至19歲 | 專科 | 高屏區 | 本省閩南人 | 05 | 04 | 05"
"男性","18至19歲","高中、職","中彰投區","本省閩南人","05","05","05",1,1.65446934700193,0.000377500943752359,0.000626899984820809,"男性 | 18至19歲 | 高中、職 | 中彰投區 | 本省閩南人 | 05 | 05 | 05"
"男性","18至19歲","高中、職","中彰投區","本省閩南人","05","06","08",1,1.65446934700193,0.000377500943752359,0.000626899984820809,"男性 | 18至19歲 | 高中、職 | 中彰投區 | 本省閩南人 | 05 | 06 | 08"
"男性","18至19歲","高中、職","北北基宜蘭區","本省閩南人","02","08","01",1,1.61576979401176,0.000377500943752359,0.000612236220136336,"男性 | 18至19歲 | 高中、職 | 北北基宜蘭區 | 本省閩南人 | 02 | 08 | 01"
"男性","18至19歲","高中、職","北北基宜蘭區","本省閩南人","04","06","05",1,1.61576979401176,0.000377500943752359,0.000612236220136336,"男性 | 18至19歲 | 高中、職 | 北北基宜蘭區 | 本省閩南人 | 04 | 06 | 05"
"男性","18至19歲","高中、職","北北基宜蘭區","本省閩南人","05","04","05",1,1.61576979401176,0.000377500943752359,0.000612236220136336,"男性 | 18至19歲 | 高中、職 | 北北基宜蘭區 | 本省閩南人 | 05 | 04 | 05"
"男性","18至19歲","高中、職","北北基宜蘭區","本省閩南人","05","05","05",1,1.61576979401176,0.000377500943752359,0.000612236220136336,"男性 | 18至19歲 | 高中、職 | 北北基宜蘭區 | 本省閩南人 | 05 | 05 | 05"
"男性","18至19歲","高中、職","北北基宜蘭區","本省閩南人","06","05","05",1,1.61576979401176,0.000377500943752359,0.000612236220136336,"男性 | 18至19歲 | 高中、職 | 北北基宜蘭區 | 本省閩南人 | 06 | 05 | 05"
"男性","18至19歲","高中、職","北北基宜蘭區","本省閩南人","06","06","07",1,1.61576979401176,0.000377500943752359,0.000612236220136336,"男性 | 18至19歲 | 高中、職 | 北北基宜蘭區 | 本省閩南人 | 06 | 06 | 07"
"男性","18至19歲","高中、職","桃竹苗區","本省客家人","00","08","01",1,1.5211718386958,0.000377500943752359,0.000576391822741415,"男性 | 18至19歲 | 高中、職 | 桃竹苗區 | 本省客家人 | 00 | 08 | 01"
"男性","18至19歲","高中、職","桃竹苗區","本省客家人","04","09","10",1,1.5211718386958,0.000377500943752359,0.000576391822741415,"男性 | 18至19歲 | 高中、職 | 桃竹苗區 | 本省客家人 | 04 | 09 | 10"
"男性","18至19歲","高中、職","雲嘉南區","本省閩南人","04","04","05",1,1.42550438343793,0.000377500943752359,0.00054014217788841,"男性 | 18至19歲 | 高中、職 | 雲嘉南區 | 本省閩南人 | 04 | 04 | 05"
"男性","20至29歲","國、初中","北北基宜蘭區","本省閩南人","05","04","07",1,2.29797432809169,0.000377500943752359,0.00087073240372196,"男性 | 20至29歲 | 國、初中 | 北北基宜蘭區 | 本省閩南人 | 05 | 04 | 07"
"男性","20至29歲","國、初中","高屏區","本省閩南人","05","05","05",1,2.90373672722185,0.000377500943752359,0.00110026366672654,"男性 | 20至29歲 | 國、初中 | 高屏區 | 本省閩南人 | 05 | 05 | 05"
"男性","20至29歲","大學及以上","中彰投區","本省客家人","06","01","06",1,1.43581124747336,0.000377500943752359,0.000544047582916957,"男性 | 20至29歲 | 大學及以上 | 中彰投區 | 本省客家人 | 06 | 01 | 06"
"男性","20至29歲","大學及以上","中彰投區","本省閩南人","00","03","00",1,1.43581124747336,0.000377500943752359,0.000544047582916957,"男性 | 20至29歲 | 大學及以上 | 中彰投區 | 本省閩南人 | 00 | 03 | 00"
"男性","20至29歲","大學及以上","中彰投區","本省閩南人","00","06","00",1,1.43581124747336,0.000377500943752359,0.000544047582916957,"男性 | 20至29歲 | 大學及以上 | 中彰投區 | 本省閩南人 | 00 | 06 | 00"
"男性","20至29歲","大學及以上","中彰投區","本省閩南人","02","01","05",1,1.43581124747336,0.000377500943752359,0.000544047582916957,"男性 | 20至29歲 | 大學及以上 | 中彰投區 | 本省閩南人 | 02 | 01 | 05"
"男性","20至29歲","大學及以上","中彰投區","本省閩南人","02","02","05",1,1.43581124747336,0.000377500943752359,0.000544047582916957,"男性 | 20至29歲 | 大學及以上 | 中彰投區 | 本省閩南人 | 02 | 02 | 05"
"男性","20至29歲","大學及以上","中彰投區","本省閩南人","02","03","03",1,1.43581124747336,0.000377500943752359,0.000544047582916957,"男性 | 20至29歲 | 大學及以上 | 中彰投區 | 本省閩南人 | 02 | 03 | 03"
"男性","20至29歲","大學及以上","中彰投區","本省閩南人","02","07","05",1,1.43581124747336,0.000377500943752359,0.000544047582916957,"男性 | 20至29歲 | 大學及以上 | 中彰投區 | 本省閩南人 | 02 | 07 | 05"
"男性","20至29歲","大學及以上","中彰投區","本省閩南人","03","03","04",1,1.43581124747336,0.000377500943752359,0.000544047582916957,"男性 | 20至29歲 | 大學及以上 | 中彰投區 | 本省閩南人 | 03 | 03 | 04"
"男性","20至29歲","大學及以上","中彰投區","本省閩南人","03","04","05",1,1.43581124747336,0.000377500943752359,0.000544047582916957,"男性 | 20至29歲 | 大學及以上 | 中彰投區 | 本省閩南人 | 03 | 04 | 05"
"男性","20至29歲","大學及以上","中彰投區","本省閩南人","03","07","07",1,1.43581124747336,0.000377500943752359,0.000544047582916957,"男性 | 20至29歲 | 大學及以上 | 中彰投區 | 本省閩南人 | 03 | 07 | 07"
"男性","20至29歲","大學及以上","中彰投區","本省閩南人","04","03","08",1,1.43581124747336,0.000377500943752359,0.000544047582916957,"男性 | 20至29歲 | 大學及以上 | 中彰投區 | 本省閩南人 | 04 | 03 | 08"
"男性","20至29歲","大學及以上","中彰投區","本省閩南人","04","06","04",1,1.43581124747336,0.000377500943752359,0.000544047582916957,"男性 | 20至29歲 | 大學及以上 | 中彰投區 | 本省閩南人 | 04 | 06 | 04"
"男性","20至29歲","大學及以上","中彰投區","本省閩南人","05","00","06",1,1.43581124747336,0.000377500943752359,0.000544047582916957,"男性 | 20至29歲 | 大學及以上 | 中彰投區 | 本省閩南人 | 05 | 00 | 06"
"男性","20至29歲","大學及以上","中彰投區","本省閩南人","05","04","05",1,1.43581124747336,0.000377500943752359,0.000544047582916957,"男性 | 20至29歲 | 大學及以上 | 中彰投區 | 本省閩南人 | 05 | 04 | 05"
"男性","20至29歲","大學及以上","中彰投區","本省閩南人","07","00","06",1,1.43581124747336,0.000377500943752359,0.000544047582916957,"男性 | 20至29歲 | 大學及以上 | 中彰投區 | 本省閩南人 | 07 | 00 | 06"
"男性","20至29歲","大學及以上","北北基宜蘭區","本省客家人","05","05","05",1,1.40222630765192,0.000377500943752359,0.000531321811779268,"男性 | 20至29歲 | 大學及以上 | 北北基宜蘭區 | 本省客家人 | 05 | 05 | 05"
"男性","20至29歲","大學及以上","北北基宜蘭區","本省閩南人","01","03","03",1,1.40222630765192,0.000377500943752359,0.000531321811779268,"男性 | 20至29歲 | 大學及以上 | 北北基宜蘭區 | 本省閩南人 | 01 | 03 | 03"
"男性","20至29歲","大學及以上","北北基宜蘭區","本省閩南人","01","06","01",1,1.40222630765192,0.000377500943752359,0.000531321811779268,"男性 | 20至29歲 | 大學及以上 | 北北基宜蘭區 | 本省閩南人 | 01 | 06 | 01"
"男性","20至29歲","大學及以上","北北基宜蘭區","本省閩南人","01","08","00",1,1.40222630765192,0.000377500943752359,0.000531321811779268,"男性 | 20至29歲 | 大學及以上 | 北北基宜蘭區 | 本省閩南人 | 01 | 08 | 00"
"男性","20至29歲","大學及以上","北北基宜蘭區","本省閩南人","02","06","00",1,1.40222630765192,0.000377500943752359,0.000531321811779268,"男性 | 20至29歲 | 大學及以上 | 北北基宜蘭區 | 本省閩南人 | 02 | 06 | 00"
"男性","20至29歲","大學及以上","北北基宜蘭區","本省閩南人","03","01","05",1,1.40222630765192,0.000377500943752359,0.000531321811779268,"男性 | 20至29歲 | 大學及以上 | 北北基宜蘭區 | 本省閩南人 | 03 | 01 | 05"
"男性","20至29歲","大學及以上","北北基宜蘭區","本省閩南人","03","03","03",1,1.40222630765192,0.000377500943752359,0.000531321811779268,"男性 | 20至29歲 | 大學及以上 | 北北基宜蘭區 | 本省閩南人 | 03 | 03 | 03"
"男性","20至29歲","大學及以上","北北基宜蘭區","本省閩南人","03","03","07",1,1.40222630765192,0.000377500943752359,0.000531321811779268,"男性 | 20至29歲 | 大學及以上 | 北北基宜蘭區 | 本省閩南人 | 03 | 03 | 07"
"男性","20至29歲","大學及以上","北北基宜蘭區","本省閩南人","03","07","06",1,1.40222630765192,0.000377500943752359,0.000531321811779268,"男性 | 20至29歲 | 大學及以上 | 北北基宜蘭區 | 本省閩南人 | 03 | 07 | 06"
"男性","20至29歲","大學及以上","北北基宜蘭區","本省閩南人","04","00","05",1,1.40222630765192,0.000377500943752359,0.000531321811779268,"男性 | 20至29歲 | 大學及以上 | 北北基宜蘭區 | 本省閩南人 | 04 | 00 | 05"
"男性","20至29歲","大學及以上","北北基宜蘭區","本省閩南人","04","03","07",1,1.40222630765192,0.000377500943752359,0.000531321811779268,"男性 | 20至29歲 | 大學及以上 | 北北基宜蘭區 | 本省閩南人 | 04 | 03 | 07"
"男性","20至29歲","大學及以上","北北基宜蘭區","本省閩南人","04","04","06",1,1.40222630765192,0.000377500943752359,0.000531321811779268,"男性 | 20至29歲 | 大學及以上 | 北北基宜蘭區 | 本省閩南人 | 04 | 04 | 06"
"男性","20至29歲","大學及以上","北北基宜蘭區","本省閩南人","04","05","06",1,1.40222630765192,0.000377500943752359,0.000531321811779268,"男性 | 20至29歲 | 大學及以上 | 北北基宜蘭區 | 本省閩南人 | 04 | 05 | 06"
"男性","20至29歲","大學及以上","北北基宜蘭區","本省閩南人","04","06","04",1,1.40222630765192,0.000377500943752359,0.000531321811779268,"男性 | 20至29歲 | 大學及以上 | 北北基宜蘭區 | 本省閩南人 | 04 | 06 | 04"
"男性","20至29歲","大學及以上","北北基宜蘭區","本省閩南人","05","01","05",1,1.40222630765192,0.000377500943752359,0.000531321811779268,"男性 | 20至29歲 | 大學及以上 | 北北基宜蘭區 | 本省閩南人 | 05 | 01 | 05"
"男性","20至29歲","大學及以上","北北基宜蘭區","本省閩南人","05","03","04",1,1.40222630765192,0.000377500943752359,0.000531321811779268,"男性 | 20至29歲 | 大學及以上 | 北北基宜蘭區 | 本省閩南人 | 05 | 03 | 04"
"男性","20至29歲","大學及以上","北北基宜蘭區","本省閩南人","05","03","05",1,1.40222630765192,0.000377500943752359,0.000531321811779268,"男性 | 20至29歲 | 大學及以上 | 北北基宜蘭區 | 本省閩南人 | 05 | 03 | 05"
"男性","20至29歲","大學及以上","北北基宜蘭區","本省閩南人","05","03","07",1,1.40222630765192,0.000377500943752359,0.000531321811779268,"男性 | 20至29歲 | 大學及以上 | 北北基宜蘭區 | 本省閩南人 | 05 | 03 | 07"
"男性","20至29歲","大學及以上","北北基宜蘭區","本省閩南人","05","04","05",1,1.40222630765192,0.000377500943752359,0.000531321811779268,"男性 | 20至29歲 | 大學及以上 | 北北基宜蘭區 | 本省閩南人 | 05 | 04 | 05"
"男性","20至29歲","大學及以上","北北基宜蘭區","本省閩南人","05","04","06",1,1.40222630765192,0.000377500943752359,0.000531321811779268,"男性 | 20至29歲 | 大學及以上 | 北北基宜蘭區 | 本省閩南人 | 05 | 04 | 06"
"男性","20至29歲","大學及以上","北北基宜蘭區","本省閩南人","05","05","05",1,1.40222630765192,0.000377500943752359,0.000531321811779268,"男性 | 20至29歲 | 大學及以上 | 北北基宜蘭區 | 本省閩南人 | 05 | 05 | 05"
"男性","20至29歲","大學及以上","北北基宜蘭區","本省閩南人","05","05","09",1,1.40222630765192,0.000377500943752359,0.000531321811779268,"男性 | 20至29歲 | 大學及以上 | 北北基宜蘭區 | 本省閩南人 | 05 | 05 | 09"
"男性","20至29歲","大學及以上","北北基宜蘭區","本省閩南人","05","06","05",1,1.40222630765192,0.000377500943752359,0.000531321811779268,"男性 | 20至29歲 | 大學及以上 | 北北基宜蘭區 | 本省閩南人 | 05 | 06 | 05"
"男性","20至29歲","大學及以上","北北基宜蘭區","本省閩南人","06","02","08",1,1.40222630765192,0.000377500943752359,0.000531321811779268,"男性 | 20至29歲 | 大學及以上 | 北北基宜蘭區 | 本省閩南人 | 06 | 02 | 08"
"男性","20至29歲","大學及以上","北北基宜蘭區","本省閩南人","07","01","09",1,1.40222630765192,0.000377500943752359,0.000531321811779268,"男性 | 20至29歲 | 大學及以上 | 北北基宜蘭區 | 本省閩南人 | 07 | 01 | 09"
"男性","20至29歲","大學及以上","北北基宜蘭區","本省閩南人","08","01","04",1,1.40222630765192,0.000377500943752359,0.000531321811779268,"男性 | 20至29歲 | 大學及以上 | 北北基宜蘭區 | 本省閩南人 | 08 | 01 | 04"
"男性","20至29歲","大學及以上","北北基宜蘭區","本省閩南人","09","08","10",1,1.40222630765192,0.000377500943752359,0.000531321811779268,"男性 | 20至29歲 | 大學及以上 | 北北基宜蘭區 | 本省閩南人 | 09 | 08 | 10"
"男性","20至29歲","大學及以上","桃竹苗區","大陸各省市","04","03","07",1,1.32013061426433,0.000377500943752359,0.000500214684269293,"男性 | 20至29歲 | 大學及以上 | 桃竹苗區 | 大陸各省市 | 04 | 03 | 07"
"男性","20至29歲","大學及以上","桃竹苗區","大陸各省市","04","05","04",1,1.32013061426433,0.000377500943752359,0.000500214684269293,"男性 | 20至29歲 | 大學及以上 | 桃竹苗區 | 大陸各省市 | 04 | 05 | 04"
"男性","20至29歲","大學及以上","桃竹苗區","本省客家人","03","01","01",1,1.32013061426433,0.000377500943752359,0.000500214684269293,"男性 | 20至29歲 | 大學及以上 | 桃竹苗區 | 本省客家人 | 03 | 01 | 01"
"男性","20至29歲","大學及以上","桃竹苗區","本省客家人","04","01","02",1,1.32013061426433,0.000377500943752359,0.000500214684269293,"男性 | 20至29歲 | 大學及以上 | 桃竹苗區 | 本省客家人 | 04 | 01 | 02"
"男性","20至29歲","大學及以上","桃竹苗區","本省客家人","05","00","08",1,1.32013061426433,0.000377500943752359,0.000500214684269293,"男性 | 20至29歲 | 大學及以上 | 桃竹苗區 | 本省客家人 | 05 | 00 | 08"
"男性","20至29歲","大學及以上","桃竹苗區","本省客家人","05","05","04",1,1.32013061426433,0.000377500943752359,0.000500214684269293,"男性 | 20至29歲 | 大學及以上 | 桃竹苗區 | 本省客家人 | 05 | 05 | 04"
"男性","20至29歲","大學及以上","桃竹苗區","本省客家人","05","05","05",1,1.32013061426433,0.000377500943752359,0.000500214684269293,"男性 | 20至29歲 | 大學及以上 | 桃竹苗區 | 本省客家人 | 05 | 05 | 05"
"男性","20至29歲","大學及以上","桃竹苗區","本省閩南人","00","00","03",1,1.32013061426433,0.000377500943752359,0.000500214684269293,"男性 | 20至29歲 | 大學及以上 | 桃竹苗區 | 本省閩南人 | 00 | 00 | 03"
"男性","20至29歲","大學及以上","桃竹苗區","本省閩南人","00","02","00",1,1.32013061426433,0.000377500943752359,0.000500214684269293,"男性 | 20至29歲 | 大學及以上 | 桃竹苗區 | 本省閩南人 | 00 | 02 | 00"
"男性","20至29歲","大學及以上","桃竹苗區","本省閩南人","01","08","01",1,1.32013061426433,0.000377500943752359,0.000500214684269293,"男性 | 20至29歲 | 大學及以上 | 桃竹苗區 | 本省閩南人 | 01 | 08 | 01"
"男性","20至29歲","大學及以上","桃竹苗區","本省閩南人","02","03","01",1,1.32013061426433,0.000377500943752359,0.000500214684269293,"男性 | 20至29歲 | 大學及以上 | 桃竹苗區 | 本省閩南人 | 02 | 03 | 01"
"男性","20至29歲","大學及以上","桃竹苗區","本省閩南人","03","04","03",1,1.32013061426433,0.000377500943752359,0.000500214684269293,"男性 | 20至29歲 | 大學及以上 | 桃竹苗區 | 本省閩南人 | 03 | 04 | 03"
"男性","20至29歲","大學及以上","桃竹苗區","本省閩南人","03","04","04",1,1.32013061426433,0.000377500943752359,0.000500214684269293,"男性 | 20至29歲 | 大學及以上 | 桃竹苗區 | 本省閩南人 | 03 | 04 | 04"
"男性","20至29歲","大學及以上","桃竹苗區","本省閩南人","03","05","00",1,1.32013061426433,0.000377500943752359,0.000500214684269293,"男性 | 20至29歲 | 大學及以上 | 桃竹苗區 | 本省閩南人 | 03 | 05 | 00"
"男性","20至29歲","大學及以上","桃竹苗區","本省閩南人","03","08","05",1,1.32013061426433,0.000377500943752359,0.000500214684269293,"男性 | 20至29歲 | 大學及以上 | 桃竹苗區 | 本省閩南人 | 03 | 08 | 05"
"男性","20至29歲","大學及以上","桃竹苗區","本省閩南人","04","07","05",1,1.32013061426433,0.000377500943752359,0.000500214684269293,"男性 | 20至29歲 | 大學及以上 | 桃竹苗區 | 本省閩南人 | 04 | 07 | 05"
"男性","20至29歲","大學及以上","桃竹苗區","本省閩南人","07","01","07",1,1.32013061426433,0.000377500943752359,0.000500214684269293,"男性 | 20至29歲 | 大學及以上 | 桃竹苗區 | 本省閩南人 | 07 | 01 | 07"
"男性","20至29歲","大學及以上","桃竹苗區","本省閩南人","07","03","07",1,1.32013061426433,0.000377500943752359,0.000500214684269293,"男性 | 20至29歲 | 大學及以上 | 桃竹苗區 | 本省閩南人 | 07 | 03 | 07"
"男性","20至29歲","大學及以上","花東區","原住民","02","08","06",1,1.11050018668651,0.000377500943752359,0.0004207829848518,"男性 | 20至29歲 | 大學及以上 | 花東區 | 原住民 | 02 | 08 | 06"
"男性","20至29歲","大學及以上","花東區","外國新住民","09","07","04",1,1.11050018668651,0.000377500943752359,0.0004207829848518,"男性 | 20至29歲 | 大學及以上 | 花東區 | 外國新住民 | 09 | 07 | 04"
"男性","20至29歲","大學及以上","花東區","本省閩南人","06","05","09",1,1.11050018668651,0.000377500943752359,0.0004207829848518,"男性 | 20至29歲 | 大學及以上 | 花東區 | 本省閩南人 | 06 | 05 | 09"
"男性","20至29歲","大學及以上","花東區","本省閩南人","08","01","10",1,1.11050018668651,0.000377500943752359,0.0004207829848518,"男性 | 20至29歲 | 大學及以上 | 花東區 | 本省閩南人 | 08 | 01 | 10"
"男性","20至29歲","大學及以上","雲嘉南區","台灣人","04","04","05",1,1.23710676826482,0.000377500943752359,0.000468755867645598,"男性 | 20至29歲 | 大學及以上 | 雲嘉南區 | 台灣人 | 04 | 04 | 05"
"男性","20至29歲","大學及以上","雲嘉南區","大陸各省市","00","00","00",1,1.23710676826482,0.000377500943752359,0.000468755867645598,"男性 | 20至29歲 | 大學及以上 | 雲嘉南區 | 大陸各省市 | 00 | 00 | 00"
"男性","20至29歲","大學及以上","雲嘉南區","大陸各省市","05","02","04",1,1.23710676826482,0.000377500943752359,0.000468755867645598,"男性 | 20至29歲 | 大學及以上 | 雲嘉南區 | 大陸各省市 | 05 | 02 | 04"
"男性","20至29歲","大學及以上","雲嘉南區","大陸新住民","04","05","04",1,1.23710676826482,0.000377500943752359,0.000468755867645598,"男性 | 20至29歲 | 大學及以上 | 雲嘉南區 | 大陸新住民 | 04 | 05 | 04"
"男性","20至29歲","大學及以上","雲嘉南區","本省閩南人","00","06","00",1,1.23710676826482,0.000377500943752359,0.000468755867645598,"男性 | 20至29歲 | 大學及以上 | 雲嘉南區 | 本省閩南人 | 00 | 06 | 00"
"男性","20至29歲","大學及以上","雲嘉南區","本省閩南人","01","01","01",1,1.23710676826482,0.000377500943752359,0.000468755867645598,"男性 | 20至29歲 | 大學及以上 | 雲嘉南區 | 本省閩南人 | 01 | 01 | 01"
"男性","20至29歲","大學及以上","雲嘉南區","本省閩南人","01","05","00",1,1.23710676826482,0.000377500943752359,0.000468755867645598,"男性 | 20至29歲 | 大學及以上 | 雲嘉南區 | 本省閩南人 | 01 | 05 | 00"
"男性","20至29歲","大學及以上","雲嘉南區","本省閩南人","02","01","09",1,1.23710676826482,0.000377500943752359,0.000468755867645598,"男性 | 20至29歲 | 大學及以上 | 雲嘉南區 | 本省閩南人 | 02 | 01 | 09"
"男性","20至29歲","大學及以上","雲嘉南區","本省閩南人","02","05","02",1,1.23710676826482,0.000377500943752359,0.000468755867645598,"男性 | 20至29歲 | 大學及以上 | 雲嘉南區 | 本省閩南人 | 02 | 05 | 02"
"男性","20至29歲","大學及以上","雲嘉南區","本省閩南人","03","03","03",1,1.23710676826482,0.000377500943752359,0.000468755867645598,"男性 | 20至29歲 | 大學及以上 | 雲嘉南區 | 本省閩南人 | 03 | 03 | 03"
"男性","20至29歲","大學及以上","雲嘉南區","本省閩南人","03","07","05",1,1.23710676826482,0.000377500943752359,0.000468755867645598,"男性 | 20至29歲 | 大學及以上 | 雲嘉南區 | 本省閩南人 | 03 | 07 | 05"
"男性","20至29歲","大學及以上","雲嘉南區","本省閩南人","04","00","06",1,1.23710676826482,0.000377500943752359,0.000468755867645598,"男性 | 20至29歲 | 大學及以上 | 雲嘉南區 | 本省閩南人 | 04 | 00 | 06"
"男性","20至29歲","大學及以上","雲嘉南區","本省閩南人","04","04","07",1,1.23710676826482,0.000377500943752359,0.000468755867645598,"男性 | 20至29歲 | 大學及以上 | 雲嘉南區 | 本省閩南人 | 04 | 04 | 07"
"男性","20至29歲","大學及以上","雲嘉南區","本省閩南人","05","04","06",1,1.23710676826482,0.000377500943752359,0.000468755867645598,"男性 | 20至29歲 | 大學及以上 | 雲嘉南區 | 本省閩南人 | 05 | 04 | 06"
"男性","20至29歲","大學及以上","雲嘉南區","本省閩南人","05","05","06",1,1.23710676826482,0.000377500943752359,0.000468755867645598,"男性 | 20至29歲 | 大學及以上 | 雲嘉南區 | 本省閩南人 | 05 | 05 | 06"
"男性","20至29歲","大學及以上","雲嘉南區","本省閩南人","06","04","07",1,1.23710676826482,0.000377500943752359,0.000468755867645598,"男性 | 20至29歲 | 大學及以上 | 雲嘉南區 | 本省閩南人 | 06 | 04 | 07"
"男性","20至29歲","大學及以上","雲嘉南區","本省閩南人","06","05","08",1,1.23710676826482,0.000377500943752359,0.000468755867645598,"男性 | 20至29歲 | 大學及以上 | 雲嘉南區 | 本省閩南人 | 06 | 05 | 08"
"男性","20至29歲","大學及以上","雲嘉南區","本省閩南人","06","07","03",1,1.23710676826482,0.000377500943752359,0.000468755867645598,"男性 | 20至29歲 | 大學及以上 | 雲嘉南區 | 本省閩南人 | 06 | 07 | 03"
"男性","20至29歲","大學及以上","高屏區","本省閩南人","00","00","00",1,1.77186314904868,0.000377500943752359,0.00067138202545488,"男性 | 20至29歲 | 大學及以上 | 高屏區 | 本省閩南人 | 00 | 00 | 00"
"男性","20至29歲","大學及以上","高屏區","本省閩南人","00","06","00",1,1.77186314904868,0.000377500943752359,0.00067138202545488,"男性 | 20至29歲 | 大學及以上 | 高屏區 | 本省閩南人 | 00 | 06 | 00"
"男性","20至29歲","大學及以上","高屏區","本省閩南人","03","04","04",1,1.77186314904868,0.000377500943752359,0.00067138202545488,"男性 | 20至29歲 | 大學及以上 | 高屏區 | 本省閩南人 | 03 | 04 | 04"
"男性","20至29歲","大學及以上","高屏區","本省閩南人","04","05","05",1,1.77186314904868,0.000377500943752359,0.00067138202545488,"男性 | 20至29歲 | 大學及以上 | 高屏區 | 本省閩南人 | 04 | 05 | 05"
"男性","20至29歲","大學及以上","高屏區","本省閩南人","06","02","05",1,1.77186314904868,0.000377500943752359,0.00067138202545488,"男性 | 20至29歲 | 大學及以上 | 高屏區 | 本省閩南人 | 06 | 02 | 05"
"男性","20至29歲","專科","中彰投區","本省閩南人","04","05","03",1,1.55397756157125,0.000377500943752359,0.000588822338429071,"男性 | 20至29歲 | 專科 | 中彰投區 | 本省閩南人 | 04 | 05 | 03"
"男性","20至29歲","專科","中彰投區","本省閩南人","05","00","05",1,1.55397756157125,0.000377500943752359,0.000588822338429071,"男性 | 20至29歲 | 專科 | 中彰投區 | 本省閩南人 | 05 | 00 | 05"
"男性","20至29歲","專科","中彰投區","本省閩南人","06","00","07",1,1.55397756157125,0.000377500943752359,0.000588822338429071,"男性 | 20至29歲 | 專科 | 中彰投區 | 本省閩南人 | 06 | 00 | 07"
"男性","20至29歲","專科","桃竹苗區","本省閩南人","06","00","08",1,1.42877648891526,0.000377500943752359,0.000541382021272508,"男性 | 20至29歲 | 專科 | 桃竹苗區 | 本省閩南人 | 06 | 00 | 08"
"男性","20至29歲","專科","雲嘉南區","本省閩南人","03","07","00",1,1.3389198354132,0.000377500943752359,0.000507334164889691,"男性 | 20至29歲 | 專科 | 雲嘉南區 | 本省閩南人 | 03 | 07 | 00"
"男性","20至29歲","專科","高屏區","本省閩南人","05","05","05",1,1.91768631193126,0.000377500943752359,0.00072663632119827,"男性 | 20至29歲 | 專科 | 高屏區 | 本省閩南人 | 05 | 05 | 05"
"男性","20至29歲","高中、職","中彰投區","本省閩南人","05","00","08",1,1.99852409396533,0.000377500943752359,0.000757266809712269,"男性 | 20至29歲 | 高中、職 | 中彰投區 | 本省閩南人 | 05 | 00 | 08"
"男性","20至29歲","高中、職","中彰投區","本省閩南人","06","03","06",1,1.99852409396533,0.000377500943752359,0.000757266809712269,"男性 | 20至29歲 | 高中、職 | 中彰投區 | 本省閩南人 | 06 | 03 | 06"
"男性","20至29歲","高中、職","中彰投區","本省閩南人","06","07","07",1,1.99852409396533,0.000377500943752359,0.000757266809712269,"男性 | 20至29歲 | 高中、職 | 中彰投區 | 本省閩南人 | 06 | 07 | 07"
"男性","20至29歲","高中、職","北北基宜蘭區","本省閩南人","03","06","09",1,1.95177678539978,0.000377500943752359,0.000739553645619345,"男性 | 20至29歲 | 高中、職 | 北北基宜蘭區 | 本省閩南人 | 03 | 06 | 09"
"男性","20至29歲","高中、職","北北基宜蘭區","本省閩南人","09","05","05",1,1.95177678539978,0.000377500943752359,0.000739553645619345,"男性 | 20至29歲 | 高中、職 | 北北基宜蘭區 | 本省閩南人 | 09 | 05 | 05"
"男性","20至29歲","高中、職","桃竹苗區","本省客家人","00","00","00",1,1.83750673664887,0.000377500943752359,0.000696255235795536,"男性 | 20至29歲 | 高中、職 | 桃竹苗區 | 本省客家人 | 00 | 00 | 00"
"男性","20至29歲","高中、職","桃竹苗區","本省客家人","03","03","04",1,1.83750673664887,0.000377500943752359,0.000696255235795536,"男性 | 20至29歲 | 高中、職 | 桃竹苗區 | 本省客家人 | 03 | 03 | 04"
"男性","20至29歲","高中、職","桃竹苗區","本省閩南人","03","04","05",1,1.83750673664887,0.000377500943752359,0.000696255235795536,"男性 | 20至29歲 | 高中、職 | 桃竹苗區 | 本省閩南人 | 03 | 04 | 05"
"男性","20至29歲","高中、職","桃竹苗區","本省閩南人","05","02","05",1,1.83750673664887,0.000377500943752359,0.000696255235795536,"男性 | 20至29歲 | 高中、職 | 桃竹苗區 | 本省閩南人 | 05 | 02 | 05"
"男性","20至29歲","高中、職","桃竹苗區","本省閩南人","05","04","06",1,1.83750673664887,0.000377500943752359,0.000696255235795536,"男性 | 20至29歲 | 高中、職 | 桃竹苗區 | 本省閩南人 | 05 | 04 | 06"
"男性","20至29歲","高中、職","桃竹苗區","本省閩南人","05","04","08",1,1.83750673664887,0.000377500943752359,0.000696255235795536,"男性 | 20至29歲 | 高中、職 | 桃竹苗區 | 本省閩南人 | 05 | 04 | 08"
"男性","20至29歲","高中、職","桃竹苗區","本省閩南人","05","05","05",1,1.83750673664887,0.000377500943752359,0.000696255235795536,"男性 | 20至29歲 | 高中、職 | 桃竹苗區 | 本省閩南人 | 05 | 05 | 05"
"男性","20至29歲","高中、職","桃竹苗區","本省閩南人","07","02","05",1,1.83750673664887,0.000377500943752359,0.000696255235795536,"男性 | 20至29歲 | 高中、職 | 桃竹苗區 | 本省閩南人 | 07 | 02 | 05"
"男性","20至29歲","高中、職","桃竹苗區","本省閩南人","10","05","05",1,1.83750673664887,0.000377500943752359,0.000696255235795536,"男性 | 20至29歲 | 高中、職 | 桃竹苗區 | 本省閩南人 | 10 | 05 | 05"
"男性","20至29歲","高中、職","花東區","原住民","02","01","03",1,1.54571945536119,0.000377500943752359,0.000585693234425354,"男性 | 20至29歲 | 高中、職 | 花東區 | 原住民 | 02 | 01 | 03"
"男性","20至29歲","高中、職","花東區","原住民","05","02","05",1,1.54571945536119,0.000377500943752359,0.000585693234425354,"男性 | 20至29歲 | 高中、職 | 花東區 | 原住民 | 05 | 02 | 05"
"男性","20至29歲","高中、職","雲嘉南區","本省閩南人","03","05","10",1,1.72194478037107,0.000377500943752359,0.000652467305382866,"男性 | 20至29歲 | 高中、職 | 雲嘉南區 | 本省閩南人 | 03 | 05 | 10"
"男性","20至29歲","高中、職","雲嘉南區","本省閩南人","05","03","06",1,1.72194478037107,0.000377500943752359,0.000652467305382866,"男性 | 20至29歲 | 高中、職 | 雲嘉南區 | 本省閩南人 | 05 | 03 | 06"
"男性","20至29歲","高中、職","雲嘉南區","本省閩南人","05","05","05",1,1.72194478037107,0.000377500943752359,0.000652467305382866,"男性 | 20至29歲 | 高中、職 | 雲嘉南區 | 本省閩南人 | 05 | 05 | 05"
"男性","20至29歲","高中、職","雲嘉南區","本省閩南人","06","05","07",1,1.72194478037107,0.000377500943752359,0.000652467305382866,"男性 | 20至29歲 | 高中、職 | 雲嘉南區 | 本省閩南人 | 06 | 05 | 07"
"男性","20至29歲","高中、職","高屏區","本省閩南人","00","00","03",1,2.46627904664661,0.000377500943752359,0.00093450525372885,"男性 | 20至29歲 | 高中、職 | 高屏區 | 本省閩南人 | 00 | 00 | 03"
"男性","20至29歲","高中、職","高屏區","本省閩南人","05","05","04",1,2.46627904664661,0.000377500943752359,0.00093450525372885,"男性 | 20至29歲 | 高中、職 | 高屏區 | 本省閩南人 | 05 | 05 | 04"
"男性","20至29歲","高中、職","高屏區","本省閩南人","05","05","05",1,2.46627904664661,0.000377500943752359,0.00093450525372885,"男性 | 20至29歲 | 高中、職 | 高屏區 | 本省閩南人 | 05 | 05 | 05"
"男性","20至29歲","高中、職","高屏區","本省閩南人","05","05","06",1,2.46627904664661,0.000377500943752359,0.00093450525372885,"男性 | 20至29歲 | 高中、職 | 高屏區 | 本省閩南人 | 05 | 05 | 06"
"男性","20至29歲","高中、職","高屏區","本省閩南人","06","01","10",1,2.46627904664661,0.000377500943752359,0.00093450525372885,"男性 | 20至29歲 | 高中、職 | 高屏區 | 本省閩南人 | 06 | 01 | 10"
"男性","20至29歲","高中、職","高屏區","本省閩南人","06","04","05",1,2.46627904664661,0.000377500943752359,0.00093450525372885,"男性 | 20至29歲 | 高中、職 | 高屏區 | 本省閩南人 | 06 | 04 | 05"
"男性","20至29歲","高中、職","高屏區","本省閩南人","06","04","06",1,2.46627904664661,0.000377500943752359,0.00093450525372885,"男性 | 20至29歲 | 高中、職 | 高屏區 | 本省閩南人 | 06 | 04 | 06"
"男性","30至39歲","國、初中","中彰投區","本省閩南人","00","00","00",1,1.92384200267842,0.000377500943752359,0.000728968792599415,"男性 | 30至39歲 | 國、初中 | 中彰投區 | 本省閩南人 | 00 | 00 | 00"
"男性","30至39歲","國、初中","桃竹苗區","本省閩南人","00","00","00",1,1.76884164211181,0.000377500943752359,0.000670237137121777,"男性 | 30至39歲 | 國、初中 | 桃竹苗區 | 本省閩南人 | 00 | 00 | 00"
"男性","30至39歲","大學及以上","中彰投區","台灣人","05","02","04",1,1.17393037639444,0.000377500943752359,0.000444817509901864,"男性 | 30至39歲 | 大學及以上 | 中彰投區 | 台灣人 | 05 | 02 | 04"
"男性","30至39歲","大學及以上","中彰投區","大陸各省市","04","04","04",1,1.17393037639444,0.000377500943752359,0.000444817509901864,"男性 | 30至39歲 | 大學及以上 | 中彰投區 | 大陸各省市 | 04 | 04 | 04"
"男性","30至39歲","大學及以上","中彰投區","本省客家人","01","01","02",1,1.17393037639444,0.000377500943752359,0.000444817509901864,"男性 | 30至39歲 | 大學及以上 | 中彰投區 | 本省客家人 | 01 | 01 | 02"
"男性","30至39歲","大學及以上","中彰投區","本省客家人","02","00","05",1,1.17393037639444,0.000377500943752359,0.000444817509901864,"男性 | 30至39歲 | 大學及以上 | 中彰投區 | 本省客家人 | 02 | 00 | 05"
"男性","30至39歲","大學及以上","中彰投區","本省客家人","04","07","06",1,1.17393037639444,0.000377500943752359,0.000444817509901864,"男性 | 30至39歲 | 大學及以上 | 中彰投區 | 本省客家人 | 04 | 07 | 06"
"男性","30至39歲","大學及以上","中彰投區","本省閩南人","00","04","00",1,1.17393037639444,0.000377500943752359,0.000444817509901864,"男性 | 30至39歲 | 大學及以上 | 中彰投區 | 本省閩南人 | 00 | 04 | 00"
"男性","30至39歲","大學及以上","中彰投區","本省閩南人","00","05","02",1,1.17393037639444,0.000377500943752359,0.000444817509901864,"男性 | 30至39歲 | 大學及以上 | 中彰投區 | 本省閩南人 | 00 | 05 | 02"
"男性","30至39歲","大學及以上","中彰投區","本省閩南人","00","08","01",1,1.17393037639444,0.000377500943752359,0.000444817509901864,"男性 | 30至39歲 | 大學及以上 | 中彰投區 | 本省閩南人 | 00 | 08 | 01"
"男性","30至39歲","大學及以上","中彰投區","本省閩南人","01","01","05",1,1.17393037639444,0.000377500943752359,0.000444817509901864,"男性 | 30至39歲 | 大學及以上 | 中彰投區 | 本省閩南人 | 01 | 01 | 05"
"男性","30至39歲","大學及以上","中彰投區","本省閩南人","01","05","01",1,1.17393037639444,0.000377500943752359,0.000444817509901864,"男性 | 30至39歲 | 大學及以上 | 中彰投區 | 本省閩南人 | 01 | 05 | 01"
"男性","30至39歲","大學及以上","中彰投區","本省閩南人","01","05","07",1,1.17393037639444,0.000377500943752359,0.000444817509901864,"男性 | 30至39歲 | 大學及以上 | 中彰投區 | 本省閩南人 | 01 | 05 | 07"
"男性","30至39歲","大學及以上","中彰投區","本省閩南人","02","02","02",1,1.17393037639444,0.000377500943752359,0.000444817509901864,"男性 | 30至39歲 | 大學及以上 | 中彰投區 | 本省閩南人 | 02 | 02 | 02"
"男性","30至39歲","大學及以上","中彰投區","本省閩南人","02","07","03",1,1.17393037639444,0.000377500943752359,0.000444817509901864,"男性 | 30至39歲 | 大學及以上 | 中彰投區 | 本省閩南人 | 02 | 07 | 03"
"男性","30至39歲","大學及以上","中彰投區","本省閩南人","03","03","01",1,1.17393037639444,0.000377500943752359,0.000444817509901864,"男性 | 30至39歲 | 大學及以上 | 中彰投區 | 本省閩南人 | 03 | 03 | 01"
"男性","30至39歲","大學及以上","中彰投區","本省閩南人","03","03","05",1,1.17393037639444,0.000377500943752359,0.000444817509901864,"男性 | 30至39歲 | 大學及以上 | 中彰投區 | 本省閩南人 | 03 | 03 | 05"
"男性","30至39歲","大學及以上","中彰投區","本省閩南人","03","05","09",1,1.17393037639444,0.000377500943752359,0.000444817509901864,"男性 | 30至39歲 | 大學及以上 | 中彰投區 | 本省閩南人 | 03 | 05 | 09"
"男性","30至39歲","大學及以上","中彰投區","本省閩南人","04","00","05",1,1.17393037639444,0.000377500943752359,0.000444817509901864,"男性 | 30至39歲 | 大學及以上 | 中彰投區 | 本省閩南人 | 04 | 00 | 05"
"男性","30至39歲","大學及以上","中彰投區","本省閩南人","04","01","09",1,1.17393037639444,0.000377500943752359,0.000444817509901864,"男性 | 30至39歲 | 大學及以上 | 中彰投區 | 本省閩南人 | 04 | 01 | 09"
"男性","30至39歲","大學及以上","中彰投區","本省閩南人","04","04","04",1,1.17393037639444,0.000377500943752359,0.000444817509901864,"男性 | 30至39歲 | 大學及以上 | 中彰投區 | 本省閩南人 | 04 | 04 | 04"
"男性","30至39歲","大學及以上","中彰投區","本省閩南人","05","01","09",1,1.17393037639444,0.000377500943752359,0.000444817509901864,"男性 | 30至39歲 | 大學及以上 | 中彰投區 | 本省閩南人 | 05 | 01 | 09"
"男性","30至39歲","大學及以上","中彰投區","本省閩南人","05","01","10",1,1.17393037639444,0.000377500943752359,0.000444817509901864,"男性 | 30至39歲 | 大學及以上 | 中彰投區 | 本省閩南人 | 05 | 01 | 10"
"男性","30至39歲","大學及以上","中彰投區","本省閩南人","06","06","05",1,1.17393037639444,0.000377500943752359,0.000444817509901864,"男性 | 30至39歲 | 大學及以上 | 中彰投區 | 本省閩南人 | 06 | 06 | 05"
"男性","30至39歲","大學及以上","中彰投區","本省閩南人","07","03","06",1,1.17393037639444,0.000377500943752359,0.000444817509901864,"男性 | 30至39歲 | 大學及以上 | 中彰投區 | 本省閩南人 | 07 | 03 | 06"
"男性","30至39歲","大學及以上","北北基宜蘭區","大陸各省市","00","00","05",1,1.1464710699465,0.000377500943752359,0.000434412821034949,"男性 | 30至39歲 | 大學及以上 | 北北基宜蘭區 | 大陸各省市 | 00 | 00 | 05"
"男性","30至39歲","大學及以上","北北基宜蘭區","大陸各省市","02","06","02",1,1.1464710699465,0.000377500943752359,0.000434412821034949,"男性 | 30至39歲 | 大學及以上 | 北北基宜蘭區 | 大陸各省市 | 02 | 06 | 02"
"男性","30至39歲","大學及以上","北北基宜蘭區","大陸各省市","04","00","07",1,1.1464710699465,0.000377500943752359,0.000434412821034949,"男性 | 30至39歲 | 大學及以上 | 北北基宜蘭區 | 大陸各省市 | 04 | 00 | 07"
"男性","30至39歲","大學及以上","北北基宜蘭區","本省客家人","00","00","07",1,1.1464710699465,0.000377500943752359,0.000434412821034949,"男性 | 30至39歲 | 大學及以上 | 北北基宜蘭區 | 本省客家人 | 00 | 00 | 07"
"男性","30至39歲","大學及以上","北北基宜蘭區","本省客家人","02","00","10",1,1.1464710699465,0.000377500943752359,0.000434412821034949,"男性 | 30至39歲 | 大學及以上 | 北北基宜蘭區 | 本省客家人 | 02 | 00 | 10"
"男性","30至39歲","大學及以上","北北基宜蘭區","本省客家人","02","03","02",1,1.1464710699465,0.000377500943752359,0.000434412821034949,"男性 | 30至39歲 | 大學及以上 | 北北基宜蘭區 | 本省客家人 | 02 | 03 | 02"
"男性","30至39歲","大學及以上","北北基宜蘭區","本省客家人","02","07","02",1,1.1464710699465,0.000377500943752359,0.000434412821034949,"男性 | 30至39歲 | 大學及以上 | 北北基宜蘭區 | 本省客家人 | 02 | 07 | 02"
"男性","30至39歲","大學及以上","北北基宜蘭區","本省客家人","03","06","04",1,1.1464710699465,0.000377500943752359,0.000434412821034949,"男性 | 30至39歲 | 大學及以上 | 北北基宜蘭區 | 本省客家人 | 03 | 06 | 04"
"男性","30至39歲","大學及以上","北北基宜蘭區","本省客家人","05","02","06",1,1.1464710699465,0.000377500943752359,0.000434412821034949,"男性 | 30至39歲 | 大學及以上 | 北北基宜蘭區 | 本省客家人 | 05 | 02 | 06"
"男性","30至39歲","大學及以上","北北基宜蘭區","本省客家人","05","03","05",1,1.1464710699465,0.000377500943752359,0.000434412821034949,"男性 | 30至39歲 | 大學及以上 | 北北基宜蘭區 | 本省客家人 | 05 | 03 | 05"
"男性","30至39歲","大學及以上","北北基宜蘭區","本省客家人","06","01","09",1,1.1464710699465,0.000377500943752359,0.000434412821034949,"男性 | 30至39歲 | 大學及以上 | 北北基宜蘭區 | 本省客家人 | 06 | 01 | 09"
"男性","30至39歲","大學及以上","北北基宜蘭區","本省閩南人","00","04","00",1,1.1464710699465,0.000377500943752359,0.000434412821034949,"男性 | 30至39歲 | 大學及以上 | 北北基宜蘭區 | 本省閩南人 | 00 | 04 | 00"
"男性","30至39歲","大學及以上","北北基宜蘭區","本省閩南人","00","04","02",1,1.1464710699465,0.000377500943752359,0.000434412821034949,"男性 | 30至39歲 | 大學及以上 | 北北基宜蘭區 | 本省閩南人 | 00 | 04 | 02"
"男性","30至39歲","大學及以上","北北基宜蘭區","本省閩南人","00","05","02",1,1.1464710699465,0.000377500943752359,0.000434412821034949,"男性 | 30至39歲 | 大學及以上 | 北北基宜蘭區 | 本省閩南人 | 00 | 05 | 02"
"男性","30至39歲","大學及以上","北北基宜蘭區","本省閩南人","00","06","01",1,1.1464710699465,0.000377500943752359,0.000434412821034949,"男性 | 30至39歲 | 大學及以上 | 北北基宜蘭區 | 本省閩南人 | 00 | 06 | 01"
"男性","30至39歲","大學及以上","北北基宜蘭區","本省閩南人","00","06","03",1,1.1464710699465,0.000377500943752359,0.000434412821034949,"男性 | 30至39歲 | 大學及以上 | 北北基宜蘭區 | 本省閩南人 | 00 | 06 | 03"
"男性","30至39歲","大學及以上","北北基宜蘭區","本省閩南人","00","07","00",1,1.1464710699465,0.000377500943752359,0.000434412821034949,"男性 | 30至39歲 | 大學及以上 | 北北基宜蘭區 | 本省閩南人 | 00 | 07 | 00"
"男性","30至39歲","大學及以上","北北基宜蘭區","本省閩南人","00","08","00",1,1.1464710699465,0.000377500943752359,0.000434412821034949,"男性 | 30至39歲 | 大學及以上 | 北北基宜蘭區 | 本省閩南人 | 00 | 08 | 00"
"男性","30至39歲","大學及以上","北北基宜蘭區","本省閩南人","01","00","04",1,1.1464710699465,0.000377500943752359,0.000434412821034949,"男性 | 30至39歲 | 大學及以上 | 北北基宜蘭區 | 本省閩南人 | 01 | 00 | 04"
"男性","30至39歲","大學及以上","北北基宜蘭區","本省閩南人","01","03","02",1,1.1464710699465,0.000377500943752359,0.000434412821034949,"男性 | 30至39歲 | 大學及以上 | 北北基宜蘭區 | 本省閩南人 | 01 | 03 | 02"
"男性","30至39歲","大學及以上","北北基宜蘭區","本省閩南人","01","06","00",1,1.1464710699465,0.000377500943752359,0.000434412821034949,"男性 | 30至39歲 | 大學及以上 | 北北基宜蘭區 | 本省閩南人 | 01 | 06 | 00"
"男性","30至39歲","大學及以上","北北基宜蘭區","本省閩南人","02","02","07",1,1.1464710699465,0.000377500943752359,0.000434412821034949,"男性 | 30至39歲 | 大學及以上 | 北北基宜蘭區 | 本省閩南人 | 02 | 02 | 07"
"男性","30至39歲","大學及以上","北北基宜蘭區","本省閩南人","02","03","01",1,1.1464710699465,0.000377500943752359,0.000434412821034949,"男性 | 30至39歲 | 大學及以上 | 北北基宜蘭區 | 本省閩南人 | 02 | 03 | 01"
"男性","30至39歲","大學及以上","北北基宜蘭區","本省閩南人","02","07","00",1,1.1464710699465,0.000377500943752359,0.000434412821034949,"男性 | 30至39歲 | 大學及以上 | 北北基宜蘭區 | 本省閩南人 | 02 | 07 | 00"
"男性","30至39歲","大學及以上","北北基宜蘭區","本省閩南人","02","08","02",1,1.1464710699465,0.000377500943752359,0.000434412821034949,"男性 | 30至39歲 | 大學及以上 | 北北基宜蘭區 | 本省閩南人 | 02 | 08 | 02"
"男性","30至39歲","大學及以上","北北基宜蘭區","本省閩南人","02","09","03",1,1.1464710699465,0.000377500943752359,0.000434412821034949,"男性 | 30至39歲 | 大學及以上 | 北北基宜蘭區 | 本省閩南人 | 02 | 09 | 03"
"男性","30至39歲","大學及以上","北北基宜蘭區","本省閩南人","03","00","09",1,1.1464710699465,0.000377500943752359,0.000434412821034949,"男性 | 30至39歲 | 大學及以上 | 北北基宜蘭區 | 本省閩南人 | 03 | 00 | 09"
"男性","30至39歲","大學及以上","北北基宜蘭區","本省閩南人","03","03","03",1,1.1464710699465,0.000377500943752359,0.000434412821034949,"男性 | 30至39歲 | 大學及以上 | 北北基宜蘭區 | 本省閩南人 | 03 | 03 | 03"
"男性","30至39歲","大學及以上","北北基宜蘭區","本省閩南人","03","03","04",1,1.1464710699465,0.000377500943752359,0.000434412821034949,"男性 | 30至39歲 | 大學及以上 | 北北基宜蘭區 | 本省閩南人 | 03 | 03 | 04"
"男性","30至39歲","大學及以上","北北基宜蘭區","本省閩南人","03","06","01",1,1.1464710699465,0.000377500943752359,0.000434412821034949,"男性 | 30至39歲 | 大學及以上 | 北北基宜蘭區 | 本省閩南人 | 03 | 06 | 01"
"男性","30至39歲","大學及以上","北北基宜蘭區","本省閩南人","03","07","04",1,1.1464710699465,0.000377500943752359,0.000434412821034949,"男性 | 30至39歲 | 大學及以上 | 北北基宜蘭區 | 本省閩南人 | 03 | 07 | 04"
"男性","30至39歲","大學及以上","北北基宜蘭區","本省閩南人","04","02","07",1,1.1464710699465,0.000377500943752359,0.000434412821034949,"男性 | 30至39歲 | 大學及以上 | 北北基宜蘭區 | 本省閩南人 | 04 | 02 | 07"
"男性","30至39歲","大學及以上","北北基宜蘭區","本省閩南人","04","03","06",1,1.1464710699465,0.000377500943752359,0.000434412821034949,"男性 | 30至39歲 | 大學及以上 | 北北基宜蘭區 | 本省閩南人 | 04 | 03 | 06"
"男性","30至39歲","大學及以上","北北基宜蘭區","本省閩南人","04","04","05",1,1.1464710699465,0.000377500943752359,0.000434412821034949,"男性 | 30至39歲 | 大學及以上 | 北北基宜蘭區 | 本省閩南人 | 04 | 04 | 05"
"男性","30至39歲","大學及以上","北北基宜蘭區","本省閩南人","04","06","04",1,1.1464710699465,0.000377500943752359,0.000434412821034949,"男性 | 30至39歲 | 大學及以上 | 北北基宜蘭區 | 本省閩南人 | 04 | 06 | 04"
"男性","30至39歲","大學及以上","北北基宜蘭區","本省閩南人","05","03","07",1,1.1464710699465,0.000377500943752359,0.000434412821034949,"男性 | 30至39歲 | 大學及以上 | 北北基宜蘭區 | 本省閩南人 | 05 | 03 | 07"
"男性","30至39歲","大學及以上","北北基宜蘭區","本省閩南人","05","05","07",1,1.1464710699465,0.000377500943752359,0.000434412821034949,"男性 | 30至39歲 | 大學及以上 | 北北基宜蘭區 | 本省閩南人 | 05 | 05 | 07"
"男性","30至39歲","大學及以上","北北基宜蘭區","本省閩南人","05","06","05",1,1.1464710699465,0.000377500943752359,0.000434412821034949,"男性 | 30至39歲 | 大學及以上 | 北北基宜蘭區 | 本省閩南人 | 05 | 06 | 05"
"男性","30至39歲","大學及以上","北北基宜蘭區","本省閩南人","05","07","07",1,1.1464710699465,0.000377500943752359,0.000434412821034949,"男性 | 30至39歲 | 大學及以上 | 北北基宜蘭區 | 本省閩南人 | 05 | 07 | 07"
"男性","30至39歲","大學及以上","北北基宜蘭區","本省閩南人","05","08","03",1,1.1464710699465,0.000377500943752359,0.000434412821034949,"男性 | 30至39歲 | 大學及以上 | 北北基宜蘭區 | 本省閩南人 | 05 | 08 | 03"
"男性","30至39歲","大學及以上","北北基宜蘭區","本省閩南人","06","05","06",1,1.1464710699465,0.000377500943752359,0.000434412821034949,"男性 | 30至39歲 | 大學及以上 | 北北基宜蘭區 | 本省閩南人 | 06 | 05 | 06"
"男性","30至39歲","大學及以上","北北基宜蘭區","本省閩南人","06","06","05",1,1.1464710699465,0.000377500943752359,0.000434412821034949,"男性 | 30至39歲 | 大學及以上 | 北北基宜蘭區 | 本省閩南人 | 06 | 06 | 05"
"男性","30至39歲","大學及以上","北北基宜蘭區","本省閩南人","06","06","07",1,1.1464710699465,0.000377500943752359,0.000434412821034949,"男性 | 30至39歲 | 大學及以上 | 北北基宜蘭區 | 本省閩南人 | 06 | 06 | 07"
"男性","30至39歲","大學及以上","北北基宜蘭區","本省閩南人","07","01","04",1,1.1464710699465,0.000377500943752359,0.000434412821034949,"男性 | 30至39歲 | 大學及以上 | 北北基宜蘭區 | 本省閩南人 | 07 | 01 | 04"
"男性","30至39歲","大學及以上","北北基宜蘭區","本省閩南人","07","04","05",1,1.1464710699465,0.000377500943752359,0.000434412821034949,"男性 | 30至39歲 | 大學及以上 | 北北基宜蘭區 | 本省閩南人 | 07 | 04 | 05"
"男性","30至39歲","大學及以上","北北基宜蘭區","本省閩南人","07","04","06",1,1.1464710699465,0.000377500943752359,0.000434412821034949,"男性 | 30至39歲 | 大學及以上 | 北北基宜蘭區 | 本省閩南人 | 07 | 04 | 06"
"男性","30至39歲","大學及以上","北北基宜蘭區","本省閩南人","07","08","05",1,1.1464710699465,0.000377500943752359,0.000434412821034949,"男性 | 30至39歲 | 大學及以上 | 北北基宜蘭區 | 本省閩南人 | 07 | 08 | 05"
"男性","30至39歲","大學及以上","北北基宜蘭區","本省閩南人","07","08","07",1,1.1464710699465,0.000377500943752359,0.000434412821034949,"男性 | 30至39歲 | 大學及以上 | 北北基宜蘭區 | 本省閩南人 | 07 | 08 | 07"
"男性","30至39歲","大學及以上","桃竹苗區","大陸各省市","00","08","00",1,1.07934899633937,0.000377500943752359,0.000408979393089183,"男性 | 30至39歲 | 大學及以上 | 桃竹苗區 | 大陸各省市 | 00 | 08 | 00"
"男性","30至39歲","大學及以上","桃竹苗區","本省客家人","00","05","03",1,1.07934899633937,0.000377500943752359,0.000408979393089183,"男性 | 30至39歲 | 大學及以上 | 桃竹苗區 | 本省客家人 | 00 | 05 | 03"
"男性","30至39歲","大學及以上","桃竹苗區","本省客家人","01","03","01",1,1.07934899633937,0.000377500943752359,0.000408979393089183,"男性 | 30至39歲 | 大學及以上 | 桃竹苗區 | 本省客家人 | 01 | 03 | 01"
"男性","30至39歲","大學及以上","桃竹苗區","本省客家人","03","06","00",1,1.07934899633937,0.000377500943752359,0.000408979393089183,"男性 | 30至39歲 | 大學及以上 | 桃竹苗區 | 本省客家人 | 03 | 06 | 00"
"男性","30至39歲","大學及以上","桃竹苗區","本省客家人","05","02","07",1,1.07934899633937,0.000377500943752359,0.000408979393089183,"男性 | 30至39歲 | 大學及以上 | 桃竹苗區 | 本省客家人 | 05 | 02 | 07"
"男性","30至39歲","大學及以上","桃竹苗區","本省客家人","05","05","05",1,1.07934899633937,0.000377500943752359,0.000408979393089183,"男性 | 30至39歲 | 大學及以上 | 桃竹苗區 | 本省客家人 | 05 | 05 | 05"
"男性","30至39歲","大學及以上","桃竹苗區","本省客家人","06","03","08",1,1.07934899633937,0.000377500943752359,0.000408979393089183,"男性 | 30至39歲 | 大學及以上 | 桃竹苗區 | 本省客家人 | 06 | 03 | 08"
"男性","30至39歲","大學及以上","桃竹苗區","本省客家人","06","06","06",1,1.07934899633937,0.000377500943752359,0.000408979393089183,"男性 | 30至39歲 | 大學及以上 | 桃竹苗區 | 本省客家人 | 06 | 06 | 06"
"男性","30至39歲","大學及以上","桃竹苗區","本省客家人","07","02","08",1,1.07934899633937,0.000377500943752359,0.000408979393089183,"男性 | 30至39歲 | 大學及以上 | 桃竹苗區 | 本省客家人 | 07 | 02 | 08"
"男性","30至39歲","大學及以上","桃竹苗區","本省閩南人","00","07","00",1,1.07934899633937,0.000377500943752359,0.000408979393089183,"男性 | 30至39歲 | 大學及以上 | 桃竹苗區 | 本省閩南人 | 00 | 07 | 00"
"男性","30至39歲","大學及以上","桃竹苗區","本省閩南人","02","07","09",1,1.07934899633937,0.000377500943752359,0.000408979393089183,"男性 | 30至39歲 | 大學及以上 | 桃竹苗區 | 本省閩南人 | 02 | 07 | 09"
"男性","30至39歲","大學及以上","桃竹苗區","本省閩南人","03","08","05",1,1.07934899633937,0.000377500943752359,0.000408979393089183,"男性 | 30至39歲 | 大學及以上 | 桃竹苗區 | 本省閩南人 | 03 | 08 | 05"
"男性","30至39歲","大學及以上","桃竹苗區","本省閩南人","04","03","04",1,1.07934899633937,0.000377500943752359,0.000408979393089183,"男性 | 30至39歲 | 大學及以上 | 桃竹苗區 | 本省閩南人 | 04 | 03 | 04"
"男性","30至39歲","大學及以上","桃竹苗區","本省閩南人","04","04","06",1,1.07934899633937,0.000377500943752359,0.000408979393089183,"男性 | 30至39歲 | 大學及以上 | 桃竹苗區 | 本省閩南人 | 04 | 04 | 06"
"男性","30至39歲","大學及以上","桃竹苗區","本省閩南人","05","03","05",1,1.07934899633937,0.000377500943752359,0.000408979393089183,"男性 | 30至39歲 | 大學及以上 | 桃竹苗區 | 本省閩南人 | 05 | 03 | 05"
"男性","30至39歲","大學及以上","桃竹苗區","本省閩南人","05","03","08",1,1.07934899633937,0.000377500943752359,0.000408979393089183,"男性 | 30至39歲 | 大學及以上 | 桃竹苗區 | 本省閩南人 | 05 | 03 | 08"
"男性","30至39歲","大學及以上","桃竹苗區","本省閩南人","05","05","05",1,1.07934899633937,0.000377500943752359,0.000408979393089183,"男性 | 30至39歲 | 大學及以上 | 桃竹苗區 | 本省閩南人 | 05 | 05 | 05"
"男性","30至39歲","大學及以上","桃竹苗區","本省閩南人","06","03","08",1,1.07934899633937,0.000377500943752359,0.000408979393089183,"男性 | 30至39歲 | 大學及以上 | 桃竹苗區 | 本省閩南人 | 06 | 03 | 08"
"男性","30至39歲","大學及以上","桃竹苗區","本省閩南人","07","07","07",1,1.07934899633937,0.000377500943752359,0.000408979393089183,"男性 | 30至39歲 | 大學及以上 | 桃竹苗區 | 本省閩南人 | 07 | 07 | 07"
"男性","30至39歲","大學及以上","花東區","本省客家人","01","01","06",1,0.9079535380692,0.000377500943752359,0.000344035421547716,"男性 | 30至39歲 | 大學及以上 | 花東區 | 本省客家人 | 01 | 01 | 06"
"男性","30至39歲","大學及以上","雲嘉南區","本省閩南人","00","00","05",1,1.01146805798105,0.000377500943752359,0.00038325842140508,"男性 | 30至39歲 | 大學及以上 | 雲嘉南區 | 本省閩南人 | 00 | 00 | 05"
"男性","30至39歲","大學及以上","雲嘉南區","本省閩南人","00","08","00",1,1.01146805798105,0.000377500943752359,0.00038325842140508,"男性 | 30至39歲 | 大學及以上 | 雲嘉南區 | 本省閩南人 | 00 | 08 | 00"
"男性","30至39歲","大學及以上","雲嘉南區","本省閩南人","00","09","00",1,1.01146805798105,0.000377500943752359,0.00038325842140508,"男性 | 30至39歲 | 大學及以上 | 雲嘉南區 | 本省閩南人 | 00 | 09 | 00"
"男性","30至39歲","大學及以上","雲嘉南區","本省閩南人","00","10","00",1,1.01146805798105,0.000377500943752359,0.00038325842140508,"男性 | 30至39歲 | 大學及以上 | 雲嘉南區 | 本省閩南人 | 00 | 10 | 00"
"男性","30至39歲","大學及以上","雲嘉南區","本省閩南人","03","04","01",1,1.01146805798105,0.000377500943752359,0.00038325842140508,"男性 | 30至39歲 | 大學及以上 | 雲嘉南區 | 本省閩南人 | 03 | 04 | 01"
"男性","30至39歲","大學及以上","雲嘉南區","本省閩南人","03","06","06",1,1.01146805798105,0.000377500943752359,0.00038325842140508,"男性 | 30至39歲 | 大學及以上 | 雲嘉南區 | 本省閩南人 | 03 | 06 | 06"
"男性","30至39歲","大學及以上","雲嘉南區","本省閩南人","04","03","04",1,1.01146805798105,0.000377500943752359,0.00038325842140508,"男性 | 30至39歲 | 大學及以上 | 雲嘉南區 | 本省閩南人 | 04 | 03 | 04"
"男性","30至39歲","大學及以上","雲嘉南區","本省閩南人","05","03","07",1,1.01146805798105,0.000377500943752359,0.00038325842140508,"男性 | 30至39歲 | 大學及以上 | 雲嘉南區 | 本省閩南人 | 05 | 03 | 07"
"男性","30至39歲","大學及以上","雲嘉南區","本省閩南人","05","04","06",1,1.01146805798105,0.000377500943752359,0.00038325842140508,"男性 | 30至39歲 | 大學及以上 | 雲嘉南區 | 本省閩南人 | 05 | 04 | 06"
"男性","30至39歲","大學及以上","雲嘉南區","本省閩南人","06","05","07",1,1.01146805798105,0.000377500943752359,0.00038325842140508,"男性 | 30至39歲 | 大學及以上 | 雲嘉南區 | 本省閩南人 | 06 | 05 | 07"
"男性","30至39歲","大學及以上","雲嘉南區","本省閩南人","07","00","09",1,1.01146805798105,0.000377500943752359,0.00038325842140508,"男性 | 30至39歲 | 大學及以上 | 雲嘉南區 | 本省閩南人 | 07 | 00 | 09"
"男性","30至39歲","大學及以上","雲嘉南區","本省閩南人","07","01","09",1,1.01146805798105,0.000377500943752359,0.00038325842140508,"男性 | 30至39歲 | 大學及以上 | 雲嘉南區 | 本省閩南人 | 07 | 01 | 09"
"男性","30至39歲","大學及以上","雲嘉南區","本省閩南人","07","02","09",1,1.01146805798105,0.000377500943752359,0.00038325842140508,"男性 | 30至39歲 | 大學及以上 | 雲嘉南區 | 本省閩南人 | 07 | 02 | 09"
"男性","30至39歲","大學及以上","雲嘉南區","本省閩南人","07","06","08",1,1.01146805798105,0.000377500943752359,0.00038325842140508,"男性 | 30至39歲 | 大學及以上 | 雲嘉南區 | 本省閩南人 | 07 | 06 | 08"
"男性","30至39歲","大學及以上","高屏區","大陸各省市","04","01","05",1,1.44868900918729,0.000377500943752359,0.000548927134561489,"男性 | 30至39歲 | 大學及以上 | 高屏區 | 大陸各省市 | 04 | 01 | 05"
"男性","30至39歲","大學及以上","高屏區","本省客家人","08","06","07",1,1.44868900918729,0.000377500943752359,0.000548927134561489,"男性 | 30至39歲 | 大學及以上 | 高屏區 | 本省客家人 | 08 | 06 | 07"
"男性","30至39歲","大學及以上","高屏區","本省閩南人","00","03","00",1,1.44868900918729,0.000377500943752359,0.000548927134561489,"男性 | 30至39歲 | 大學及以上 | 高屏區 | 本省閩南人 | 00 | 03 | 00"
"男性","30至39歲","大學及以上","高屏區","本省閩南人","00","07","01",1,1.44868900918729,0.000377500943752359,0.000548927134561489,"男性 | 30至39歲 | 大學及以上 | 高屏區 | 本省閩南人 | 00 | 07 | 01"
"男性","30至39歲","大學及以上","高屏區","本省閩南人","01","04","02",1,1.44868900918729,0.000377500943752359,0.000548927134561489,"男性 | 30至39歲 | 大學及以上 | 高屏區 | 本省閩南人 | 01 | 04 | 02"
"男性","30至39歲","大學及以上","高屏區","本省閩南人","01","06","04",1,1.44868900918729,0.000377500943752359,0.000548927134561489,"男性 | 30至39歲 | 大學及以上 | 高屏區 | 本省閩南人 | 01 | 06 | 04"
"男性","30至39歲","大學及以上","高屏區","本省閩南人","02","00","02",1,1.44868900918729,0.000377500943752359,0.000548927134561489,"男性 | 30至39歲 | 大學及以上 | 高屏區 | 本省閩南人 | 02 | 00 | 02"
"男性","30至39歲","大學及以上","高屏區","本省閩南人","02","06","05",1,1.44868900918729,0.000377500943752359,0.000548927134561489,"男性 | 30至39歲 | 大學及以上 | 高屏區 | 本省閩南人 | 02 | 06 | 05"
"男性","30至39歲","大學及以上","高屏區","本省閩南人","03","03","05",1,1.44868900918729,0.000377500943752359,0.000548927134561489,"男性 | 30至39歲 | 大學及以上 | 高屏區 | 本省閩南人 | 03 | 03 | 05"
"男性","30至39歲","大學及以上","高屏區","本省閩南人","04","00","06",1,1.44868900918729,0.000377500943752359,0.000548927134561489,"男性 | 30至39歲 | 大學及以上 | 高屏區 | 本省閩南人 | 04 | 00 | 06"
"男性","30至39歲","大學及以上","高屏區","本省閩南人","05","05","07",1,1.44868900918729,0.000377500943752359,0.000548927134561489,"男性 | 30至39歲 | 大學及以上 | 高屏區 | 本省閩南人 | 05 | 05 | 07"
"男性","30至39歲","大學及以上","高屏區","本省閩南人","06","02","05",1,1.44868900918729,0.000377500943752359,0.000548927134561489,"男性 | 30至39歲 | 大學及以上 | 高屏區 | 本省閩南人 | 06 | 02 | 05"
"男性","30至39歲","大學及以上","高屏區","本省閩南人","06","03","06",1,1.44868900918729,0.000377500943752359,0.000548927134561489,"男性 | 30至39歲 | 大學及以上 | 高屏區 | 本省閩南人 | 06 | 03 | 06"
"男性","30至39歲","專科","北北基宜蘭區","本省閩南人","00","03","00",1,1.24082487919116,0.000377500943752359,0.000470164708303486,"男性 | 30至39歲 | 專科 | 北北基宜蘭區 | 本省閩南人 | 00 | 03 | 00"
"男性","30至39歲","專科","北北基宜蘭區","本省閩南人","00","04","01",1,1.24082487919116,0.000377500943752359,0.000470164708303486,"男性 | 30至39歲 | 專科 | 北北基宜蘭區 | 本省閩南人 | 00 | 04 | 01"
"男性","30至39歲","專科","北北基宜蘭區","本省閩南人","04","04","05",1,1.24082487919116,0.000377500943752359,0.000470164708303486,"男性 | 30至39歲 | 專科 | 北北基宜蘭區 | 本省閩南人 | 04 | 04 | 05"
"男性","30至39歲","專科","北北基宜蘭區","本省閩南人","04","07","03",1,1.24082487919116,0.000377500943752359,0.000470164708303486,"男性 | 30至39歲 | 專科 | 北北基宜蘭區 | 本省閩南人 | 04 | 07 | 03"
"男性","30至39歲","專科","北北基宜蘭區","本省閩南人","05","05","05",1,1.24082487919116,0.000377500943752359,0.000470164708303486,"男性 | 30至39歲 | 專科 | 北北基宜蘭區 | 本省閩南人 | 05 | 05 | 05"
"男性","30至39歲","專科","北北基宜蘭區","本省閩南人","07","04","02",1,1.24082487919116,0.000377500943752359,0.000470164708303486,"男性 | 30至39歲 | 專科 | 北北基宜蘭區 | 本省閩南人 | 07 | 04 | 02"
"男性","30至39歲","專科","桃竹苗區","本省客家人","04","05","05",1,1.16817870341063,0.000377500943752359,0.000442638126093527,"男性 | 30至39歲 | 專科 | 桃竹苗區 | 本省客家人 | 04 | 05 | 05"
"男性","30至39歲","專科","桃竹苗區","本省閩南人","06","00","08",1,1.16817870341063,0.000377500943752359,0.000442638126093527,"男性 | 30至39歲 | 專科 | 桃竹苗區 | 本省閩南人 | 06 | 00 | 08"
"男性","30至39歲","專科","雲嘉南區","本省閩南人","05","04","05",1,1.09471120881281,0.000377500943752359,0.000414800335486133,"男性 | 30至39歲 | 專科 | 雲嘉南區 | 本省閩南人 | 05 | 04 | 05"
"男性","30至39歲","專科","雲嘉南區","本省閩南人","05","05","07",1,1.09471120881281,0.000377500943752359,0.000414800335486133,"男性 | 30至39歲 | 專科 | 雲嘉南區 | 本省閩南人 | 05 | 05 | 07"
"男性","30至39歲","專科","高屏區","本省客家人","05","05","06",1,1.567915155,0.000377500943752359,0.000594103474114515,"男性 | 30至39歲 | 專科 | 高屏區 | 本省客家人 | 05 | 05 | 06"
"男性","30至39歲","高中、職","中彰投區","本省閩南人","05","00","05",1,1.63400875009903,0.000377500943752359,0.000619147198157767,"男性 | 30至39歲 | 高中、職 | 中彰投區 | 本省閩南人 | 05 | 00 | 05"
"男性","30至39歲","高中、職","北北基宜蘭區","本省閩南人","00","00","00",1,1.59578778920577,0.000377500943752359,0.000604664778252411,"男性 | 30至39歲 | 高中、職 | 北北基宜蘭區 | 本省閩南人 | 00 | 00 | 00"
"男性","30至39歲","高中、職","北北基宜蘭區","本省閩南人","03","00","07",1,1.59578778920577,0.000377500943752359,0.000604664778252411,"男性 | 30至39歲 | 高中、職 | 北北基宜蘭區 | 本省閩南人 | 03 | 00 | 07"
"男性","30至39歲","高中、職","北北基宜蘭區","本省閩南人","05","05","05",1,1.59578778920577,0.000377500943752359,0.000604664778252411,"男性 | 30至39歲 | 高中、職 | 北北基宜蘭區 | 本省閩南人 | 05 | 05 | 05"
"男性","30至39歲","高中、職","北北基宜蘭區","本省閩南人","08","02","04",1,1.59578778920577,0.000377500943752359,0.000604664778252411,"男性 | 30至39歲 | 高中、職 | 北北基宜蘭區 | 本省閩南人 | 08 | 02 | 04"
"男性","30至39歲","高中、職","桃竹苗區","原住民","05","05","08",1,1.50235971390909,0.000377500943752359,0.000569263663634323,"男性 | 30至39歲 | 高中、職 | 桃竹苗區 | 原住民 | 05 | 05 | 08"
"男性","30至39歲","高中、職","桃竹苗區","本省客家人","00","00","00",1,1.50235971390909,0.000377500943752359,0.000569263663634323,"男性 | 30至39歲 | 高中、職 | 桃竹苗區 | 本省客家人 | 00 | 00 | 00"
"男性","30至39歲","高中、職","桃竹苗區","本省閩南人","00","00","00",1,1.50235971390909,0.000377500943752359,0.000569263663634323,"男性 | 30至39歲 | 高中、職 | 桃竹苗區 | 本省閩南人 | 00 | 00 | 00"
"男性","30至39歲","高中、職","桃竹苗區","本省閩南人","01","07","05",1,1.50235971390909,0.000377500943752359,0.000569263663634323,"男性 | 30至39歲 | 高中、職 | 桃竹苗區 | 本省閩南人 | 01 | 07 | 05"
"男性","30至39歲","高中、職","桃竹苗區","本省閩南人","05","06","05",1,1.50235971390909,0.000377500943752359,0.000569263663634323,"男性 | 30至39歲 | 高中、職 | 桃竹苗區 | 本省閩南人 | 05 | 06 | 05"
"男性","30至39歲","高中、職","花東區","大陸各省市","05","03","06",1,1.263792177,0.000377500943752359,0.000478867316589236,"男性 | 30至39歲 | 高中、職 | 花東區 | 大陸各省市 | 05 | 03 | 06"
"男性","30至39歲","高中、職","花東區","本省閩南人","08","03","05",1,1.263792177,0.000377500943752359,0.000478867316589236,"男性 | 30至39歲 | 高中、職 | 花東區 | 本省閩南人 | 08 | 03 | 05"
"男性","30至39歲","高中、職","雲嘉南區","本省閩南人","05","03","03",1,1.4078753650305,0.000377500943752359,0.000533462313198229,"男性 | 30至39歲 | 高中、職 | 雲嘉南區 | 本省閩南人 | 05 | 03 | 03"
"男性","30至39歲","高中、職","雲嘉南區","本省閩南人","05","05","03",1,1.4078753650305,0.000377500943752359,0.000533462313198229,"男性 | 30至39歲 | 高中、職 | 雲嘉南區 | 本省閩南人 | 05 | 05 | 03"
"男性","30至39歲","高中、職","高屏區","本省客家人","00","05","08",1,2.01644881569107,0.000377500943752359,0.00076405872024125,"男性 | 30至39歲 | 高中、職 | 高屏區 | 本省客家人 | 00 | 05 | 08"
"男性","30至39歲","高中、職","高屏區","本省閩南人","03","08","02",1,2.01644881569107,0.000377500943752359,0.00076405872024125,"男性 | 30至39歲 | 高中、職 | 高屏區 | 本省閩南人 | 03 | 08 | 02"
"男性","40至49歲","國、初中","中彰投區","本省閩南人","05","03","00",1,1.43272500978548,0.000377500943752359,0.000542878167259187,"男性 | 40至49歲 | 國、初中 | 中彰投區 | 本省閩南人 | 05 | 03 | 00"
"男性","40至49歲","國、初中","中彰投區","本省閩南人","05","05","05",1,1.43272500978548,0.000377500943752359,0.000542878167259187,"男性 | 40至49歲 | 國、初中 | 中彰投區 | 本省閩南人 | 05 | 05 | 05"
"男性","40至49歲","國、初中","北北基宜蘭區","本省閩南人","00","07","00",1,1.39921225988956,0.000377500943752359,0.000530179749824543,"男性 | 40至49歲 | 國、初中 | 北北基宜蘭區 | 本省閩南人 | 00 | 07 | 00"
"男性","40至49歲","國、初中","北北基宜蘭區","本省閩南人","02","09","00",1,1.39921225988956,0.000377500943752359,0.000530179749824543,"男性 | 40至49歲 | 國、初中 | 北北基宜蘭區 | 本省閩南人 | 02 | 09 | 00"
"男性","40至49歲","國、初中","北北基宜蘭區","本省閩南人","05","08","05",1,1.39921225988956,0.000377500943752359,0.000530179749824543,"男性 | 40至49歲 | 國、初中 | 北北基宜蘭區 | 本省閩南人 | 05 | 08 | 05"
"男性","40至49歲","國、初中","北北基宜蘭區","本省閩南人","06","04","07",1,1.39921225988956,0.000377500943752359,0.000530179749824543,"男性 | 40至49歲 | 國、初中 | 北北基宜蘭區 | 本省閩南人 | 06 | 04 | 07"
"男性","40至49歲","國、初中","北北基宜蘭區","本省閩南人","07","06","04",1,1.39921225988956,0.000377500943752359,0.000530179749824543,"男性 | 40至49歲 | 國、初中 | 北北基宜蘭區 | 本省閩南人 | 07 | 06 | 04"
"男性","40至49歲","國、初中","桃竹苗區","本省客家人","00","07","00",1,1.31729302898852,0.000377500943752359,0.000499139486249123,"男性 | 40至49歲 | 國、初中 | 桃竹苗區 | 本省客家人 | 00 | 07 | 00"
"男性","40至49歲","國、初中","桃竹苗區","本省閩南人","00","10","00",1,1.31729302898852,0.000377500943752359,0.000499139486249123,"男性 | 40至49歲 | 國、初中 | 桃竹苗區 | 本省閩南人 | 00 | 10 | 00"
"男性","40至49歲","國、初中","桃竹苗區","本省閩南人","04","05","02",1,1.31729302898852,0.000377500943752359,0.000499139486249123,"男性 | 40至49歲 | 國、初中 | 桃竹苗區 | 本省閩南人 | 04 | 05 | 02"
"男性","40至49歲","國、初中","桃竹苗區","本省閩南人","05","05","05",1,1.31729302898852,0.000377500943752359,0.000499139486249123,"男性 | 40至49歲 | 國、初中 | 桃竹苗區 | 本省閩南人 | 05 | 05 | 05"
"男性","40至49歲","國、初中","雲嘉南區","本省閩南人","08","00","04",1,1.23444764051466,0.000377500943752359,0.00046774828950628,"男性 | 40至49歲 | 國、初中 | 雲嘉南區 | 本省閩南人 | 08 | 00 | 04"
"男性","40至49歲","國、初中","高屏區","原住民","05","05","02",1,1.76805457683002,0.000377500943752359,0.00066993890783509,"男性 | 40至49歲 | 國、初中 | 高屏區 | 原住民 | 05 | 05 | 02"
"男性","40至49歲","大學及以上","中彰投區","大陸各省市","03","03","08",1,0.874250280254605,0.000377500943752359,0.000331264818181344,"男性 | 40至49歲 | 大學及以上 | 中彰投區 | 大陸各省市 | 03 | 03 | 08"
"男性","40至49歲","大學及以上","中彰投區","大陸各省市","05","03","04",1,0.874250280254605,0.000377500943752359,0.000331264818181344,"男性 | 40至49歲 | 大學及以上 | 中彰投區 | 大陸各省市 | 05 | 03 | 04"
"男性","40至49歲","大學及以上","中彰投區","大陸新住民","03","03","03",1,0.874250280254605,0.000377500943752359,0.000331264818181344,"男性 | 40至49歲 | 大學及以上 | 中彰投區 | 大陸新住民 | 03 | 03 | 03"
"男性","40至49歲","大學及以上","中彰投區","本省客家人","00","03","00",1,0.874250280254605,0.000377500943752359,0.000331264818181344,"男性 | 40至49歲 | 大學及以上 | 中彰投區 | 本省客家人 | 00 | 03 | 00"
"男性","40至49歲","大學及以上","中彰投區","本省客家人","07","03","07",1,0.874250280254605,0.000377500943752359,0.000331264818181344,"男性 | 40至49歲 | 大學及以上 | 中彰投區 | 本省客家人 | 07 | 03 | 07"
"男性","40至49歲","大學及以上","中彰投區","本省閩南人","01","04","07",1,0.874250280254605,0.000377500943752359,0.000331264818181344,"男性 | 40至49歲 | 大學及以上 | 中彰投區 | 本省閩南人 | 01 | 04 | 07"
"男性","40至49歲","大學及以上","中彰投區","本省閩南人","01","06","00",1,0.874250280254605,0.000377500943752359,0.000331264818181344,"男性 | 40至49歲 | 大學及以上 | 中彰投區 | 本省閩南人 | 01 | 06 | 00"
"男性","40至49歲","大學及以上","中彰投區","本省閩南人","02","02","02",1,0.874250280254605,0.000377500943752359,0.000331264818181344,"男性 | 40至49歲 | 大學及以上 | 中彰投區 | 本省閩南人 | 02 | 02 | 02"
"男性","40至49歲","大學及以上","中彰投區","本省閩南人","02","02","05",1,0.874250280254605,0.000377500943752359,0.000331264818181344,"男性 | 40至49歲 | 大學及以上 | 中彰投區 | 本省閩南人 | 02 | 02 | 05"
"男性","40至49歲","大學及以上","中彰投區","本省閩南人","02","08","06",1,0.874250280254605,0.000377500943752359,0.000331264818181344,"男性 | 40至49歲 | 大學及以上 | 中彰投區 | 本省閩南人 | 02 | 08 | 06"
"男性","40至49歲","大學及以上","中彰投區","本省閩南人","03","01","03",1,0.874250280254605,0.000377500943752359,0.000331264818181344,"男性 | 40至49歲 | 大學及以上 | 中彰投區 | 本省閩南人 | 03 | 01 | 03"
"男性","40至49歲","大學及以上","中彰投區","本省閩南人","03","08","05",1,0.874250280254605,0.000377500943752359,0.000331264818181344,"男性 | 40至49歲 | 大學及以上 | 中彰投區 | 本省閩南人 | 03 | 08 | 05"
"男性","40至49歲","大學及以上","中彰投區","本省閩南人","03","09","01",1,0.874250280254605,0.000377500943752359,0.000331264818181344,"男性 | 40至49歲 | 大學及以上 | 中彰投區 | 本省閩南人 | 03 | 09 | 01"
"男性","40至49歲","大學及以上","中彰投區","本省閩南人","04","04","05",1,0.874250280254605,0.000377500943752359,0.000331264818181344,"男性 | 40至49歲 | 大學及以上 | 中彰投區 | 本省閩南人 | 04 | 04 | 05"
"男性","40至49歲","大學及以上","中彰投區","本省閩南人","04","06","00",1,0.874250280254605,0.000377500943752359,0.000331264818181344,"男性 | 40至49歲 | 大學及以上 | 中彰投區 | 本省閩南人 | 04 | 06 | 00"
"男性","40至49歲","大學及以上","中彰投區","本省閩南人","05","04","06",1,0.874250280254605,0.000377500943752359,0.000331264818181344,"男性 | 40至49歲 | 大學及以上 | 中彰投區 | 本省閩南人 | 05 | 04 | 06"
"男性","40至49歲","大學及以上","中彰投區","本省閩南人","05","05","03",1,0.874250280254605,0.000377500943752359,0.000331264818181344,"男性 | 40至49歲 | 大學及以上 | 中彰投區 | 本省閩南人 | 05 | 05 | 03"
"男性","40至49歲","大學及以上","中彰投區","本省閩南人","05","08","03",1,0.874250280254605,0.000377500943752359,0.000331264818181344,"男性 | 40至49歲 | 大學及以上 | 中彰投區 | 本省閩南人 | 05 | 08 | 03"
"男性","40至49歲","大學及以上","中彰投區","本省閩南人","06","01","03",1,0.874250280254605,0.000377500943752359,0.000331264818181344,"男性 | 40至49歲 | 大學及以上 | 中彰投區 | 本省閩南人 | 06 | 01 | 03"
"男性","40至49歲","大學及以上","中彰投區","本省閩南人","06","03","07",1,0.874250280254605,0.000377500943752359,0.000331264818181344,"男性 | 40至49歲 | 大學及以上 | 中彰投區 | 本省閩南人 | 06 | 03 | 07"
"男性","40至49歲","大學及以上","中彰投區","本省閩南人","06","05","04",1,0.874250280254605,0.000377500943752359,0.000331264818181344,"男性 | 40至49歲 | 大學及以上 | 中彰投區 | 本省閩南人 | 06 | 05 | 04"
"男性","40至49歲","大學及以上","中彰投區","本省閩南人","06","06","03",1,0.874250280254605,0.000377500943752359,0.000331264818181344,"男性 | 40至49歲 | 大學及以上 | 中彰投區 | 本省閩南人 | 06 | 06 | 03"
"男性","40至49歲","大學及以上","中彰投區","本省閩南人","06","06","07",1,0.874250280254605,0.000377500943752359,0.000331264818181344,"男性 | 40至49歲 | 大學及以上 | 中彰投區 | 本省閩南人 | 06 | 06 | 07"
"男性","40至49歲","大學及以上","中彰投區","本省閩南人","07","04","08",1,0.874250280254605,0.000377500943752359,0.000331264818181344,"男性 | 40至49歲 | 大學及以上 | 中彰投區 | 本省閩南人 | 07 | 04 | 08"
"男性","40至49歲","大學及以上","中彰投區","本省閩南人","09","01","04",1,0.874250280254605,0.000377500943752359,0.000331264818181344,"男性 | 40至49歲 | 大學及以上 | 中彰投區 | 本省閩南人 | 09 | 01 | 04"
"男性","40至49歲","大學及以上","中彰投區","本省閩南人","10","05","06",1,0.874250280254605,0.000377500943752359,0.000331264818181344,"男性 | 40至49歲 | 大學及以上 | 中彰投區 | 本省閩南人 | 10 | 05 | 06"
"男性","40至49歲","大學及以上","北北基宜蘭區","台灣僑胞/華僑","06","03","06",1,0.853800765666321,0.000377500943752359,0.000323516230751653,"男性 | 40至49歲 | 大學及以上 | 北北基宜蘭區 | 台灣僑胞/華僑 | 06 | 03 | 06"
"男性","40至49歲","大學及以上","北北基宜蘭區","台灣僑胞/華僑","07","03","08",1,0.853800765666321,0.000377500943752359,0.000323516230751653,"男性 | 40至49歲 | 大學及以上 | 北北基宜蘭區 | 台灣僑胞/華僑 | 07 | 03 | 08"
"男性","40至49歲","大學及以上","北北基宜蘭區","大陸各省市","02","02","02",1,0.853800765666321,0.000377500943752359,0.000323516230751653,"男性 | 40至49歲 | 大學及以上 | 北北基宜蘭區 | 大陸各省市 | 02 | 02 | 02"
"男性","40至49歲","大學及以上","北北基宜蘭區","大陸各省市","03","01","08",1,0.853800765666321,0.000377500943752359,0.000323516230751653,"男性 | 40至49歲 | 大學及以上 | 北北基宜蘭區 | 大陸各省市 | 03 | 01 | 08"
"男性","40至49歲","大學及以上","北北基宜蘭區","大陸各省市","03","03","04",1,0.853800765666321,0.000377500943752359,0.000323516230751653,"男性 | 40至49歲 | 大學及以上 | 北北基宜蘭區 | 大陸各省市 | 03 | 03 | 04"
"男性","40至49歲","大學及以上","北北基宜蘭區","大陸各省市","05","02","04",1,0.853800765666321,0.000377500943752359,0.000323516230751653,"男性 | 40至49歲 | 大學及以上 | 北北基宜蘭區 | 大陸各省市 | 05 | 02 | 04"
"男性","40至49歲","大學及以上","北北基宜蘭區","大陸各省市","06","00","05",1,0.853800765666321,0.000377500943752359,0.000323516230751653,"男性 | 40至49歲 | 大學及以上 | 北北基宜蘭區 | 大陸各省市 | 06 | 00 | 05"
"男性","40至49歲","大學及以上","北北基宜蘭區","大陸各省市","06","06","03",1,0.853800765666321,0.000377500943752359,0.000323516230751653,"男性 | 40至49歲 | 大學及以上 | 北北基宜蘭區 | 大陸各省市 | 06 | 06 | 03"
"男性","40至49歲","大學及以上","北北基宜蘭區","大陸各省市","07","06","07",1,0.853800765666321,0.000377500943752359,0.000323516230751653,"男性 | 40至49歲 | 大學及以上 | 北北基宜蘭區 | 大陸各省市 | 07 | 06 | 07"
"男性","40至49歲","大學及以上","北北基宜蘭區","本省客家人","01","03","00",1,0.853800765666321,0.000377500943752359,0.000323516230751653,"男性 | 40至49歲 | 大學及以上 | 北北基宜蘭區 | 本省客家人 | 01 | 03 | 00"
"男性","40至49歲","大學及以上","北北基宜蘭區","本省客家人","01","07","02",1,0.853800765666321,0.000377500943752359,0.000323516230751653,"男性 | 40至49歲 | 大學及以上 | 北北基宜蘭區 | 本省客家人 | 01 | 07 | 02"
"男性","40至49歲","大學及以上","北北基宜蘭區","本省客家人","04","03","07",1,0.853800765666321,0.000377500943752359,0.000323516230751653,"男性 | 40至49歲 | 大學及以上 | 北北基宜蘭區 | 本省客家人 | 04 | 03 | 07"
"男性","40至49歲","大學及以上","北北基宜蘭區","本省客家人","05","03","05",1,0.853800765666321,0.000377500943752359,0.000323516230751653,"男性 | 40至49歲 | 大學及以上 | 北北基宜蘭區 | 本省客家人 | 05 | 03 | 05"
"男性","40至49歲","大學及以上","北北基宜蘭區","本省客家人","05","05","05",1,0.853800765666321,0.000377500943752359,0.000323516230751653,"男性 | 40至49歲 | 大學及以上 | 北北基宜蘭區 | 本省客家人 | 05 | 05 | 05"
"男性","40至49歲","大學及以上","北北基宜蘭區","本省閩南人","00","05","00",1,0.853800765666321,0.000377500943752359,0.000323516230751653,"男性 | 40至49歲 | 大學及以上 | 北北基宜蘭區 | 本省閩南人 | 00 | 05 | 00"
"男性","40至49歲","大學及以上","北北基宜蘭區","本省閩南人","00","07","00",1,0.853800765666321,0.000377500943752359,0.000323516230751653,"男性 | 40至49歲 | 大學及以上 | 北北基宜蘭區 | 本省閩南人 | 00 | 07 | 00"
"男性","40至49歲","大學及以上","北北基宜蘭區","本省閩南人","00","08","00",1,0.853800765666321,0.000377500943752359,0.000323516230751653,"男性 | 40至49歲 | 大學及以上 | 北北基宜蘭區 | 本省閩南人 | 00 | 08 | 00"
"男性","40至49歲","大學及以上","北北基宜蘭區","本省閩南人","00","09","00",1,0.853800765666321,0.000377500943752359,0.000323516230751653,"男性 | 40至49歲 | 大學及以上 | 北北基宜蘭區 | 本省閩南人 | 00 | 09 | 00"
"男性","40至49歲","大學及以上","北北基宜蘭區","本省閩南人","00","10","00",1,0.853800765666321,0.000377500943752359,0.000323516230751653,"男性 | 40至49歲 | 大學及以上 | 北北基宜蘭區 | 本省閩南人 | 00 | 10 | 00"
"男性","40至49歲","大學及以上","北北基宜蘭區","本省閩南人","01","00","08",1,0.853800765666321,0.000377500943752359,0.000323516230751653,"男性 | 40至49歲 | 大學及以上 | 北北基宜蘭區 | 本省閩南人 | 01 | 00 | 08"
"男性","40至49歲","大學及以上","北北基宜蘭區","本省閩南人","01","07","01",1,0.853800765666321,0.000377500943752359,0.000323516230751653,"男性 | 40至49歲 | 大學及以上 | 北北基宜蘭區 | 本省閩南人 | 01 | 07 | 01"
"男性","40至49歲","大學及以上","北北基宜蘭區","本省閩南人","02","00","01",1,0.853800765666321,0.000377500943752359,0.000323516230751653,"男性 | 40至49歲 | 大學及以上 | 北北基宜蘭區 | 本省閩南人 | 02 | 00 | 01"
"男性","40至49歲","大學及以上","北北基宜蘭區","本省閩南人","02","02","02",1,0.853800765666321,0.000377500943752359,0.000323516230751653,"男性 | 40至49歲 | 大學及以上 | 北北基宜蘭區 | 本省閩南人 | 02 | 02 | 02"
"男性","40至49歲","大學及以上","北北基宜蘭區","本省閩南人","02","02","03",1,0.853800765666321,0.000377500943752359,0.000323516230751653,"男性 | 40至49歲 | 大學及以上 | 北北基宜蘭區 | 本省閩南人 | 02 | 02 | 03"
"男性","40至49歲","大學及以上","北北基宜蘭區","本省閩南人","02","02","06",1,0.853800765666321,0.000377500943752359,0.000323516230751653,"男性 | 40至49歲 | 大學及以上 | 北北基宜蘭區 | 本省閩南人 | 02 | 02 | 06"
"男性","40至49歲","大學及以上","北北基宜蘭區","本省閩南人","02","06","04",1,0.853800765666321,0.000377500943752359,0.000323516230751653,"男性 | 40至49歲 | 大學及以上 | 北北基宜蘭區 | 本省閩南人 | 02 | 06 | 04"
"男性","40至49歲","大學及以上","北北基宜蘭區","本省閩南人","02","07","02",1,0.853800765666321,0.000377500943752359,0.000323516230751653,"男性 | 40至49歲 | 大學及以上 | 北北基宜蘭區 | 本省閩南人 | 02 | 07 | 02"
"男性","40至49歲","大學及以上","北北基宜蘭區","本省閩南人","02","07","03",1,0.853800765666321,0.000377500943752359,0.000323516230751653,"男性 | 40至49歲 | 大學及以上 | 北北基宜蘭區 | 本省閩南人 | 02 | 07 | 03"
"男性","40至49歲","大學及以上","北北基宜蘭區","本省閩南人","02","08","00",1,0.853800765666321,0.000377500943752359,0.000323516230751653,"男性 | 40至49歲 | 大學及以上 | 北北基宜蘭區 | 本省閩南人 | 02 | 08 | 00"
"男性","40至49歲","大學及以上","北北基宜蘭區","本省閩南人","02","09","01",1,0.853800765666321,0.000377500943752359,0.000323516230751653,"男性 | 40至49歲 | 大學及以上 | 北北基宜蘭區 | 本省閩南人 | 02 | 09 | 01"
"男性","40至49歲","大學及以上","北北基宜蘭區","本省閩南人","03","03","03",1,0.853800765666321,0.000377500943752359,0.000323516230751653,"男性 | 40至49歲 | 大學及以上 | 北北基宜蘭區 | 本省閩南人 | 03 | 03 | 03"
"男性","40至49歲","大學及以上","北北基宜蘭區","本省閩南人","03","03","04",1,0.853800765666321,0.000377500943752359,0.000323516230751653,"男性 | 40至49歲 | 大學及以上 | 北北基宜蘭區 | 本省閩南人 | 03 | 03 | 04"
"男性","40至49歲","大學及以上","北北基宜蘭區","本省閩南人","03","04","06",1,0.853800765666321,0.000377500943752359,0.000323516230751653,"男性 | 40至49歲 | 大學及以上 | 北北基宜蘭區 | 本省閩南人 | 03 | 04 | 06"
"男性","40至49歲","大學及以上","北北基宜蘭區","本省閩南人","03","08","00",1,0.853800765666321,0.000377500943752359,0.000323516230751653,"男性 | 40至49歲 | 大學及以上 | 北北基宜蘭區 | 本省閩南人 | 03 | 08 | 00"
"男性","40至49歲","大學及以上","北北基宜蘭區","本省閩南人","03","08","05",1,0.853800765666321,0.000377500943752359,0.000323516230751653,"男性 | 40至49歲 | 大學及以上 | 北北基宜蘭區 | 本省閩南人 | 03 | 08 | 05"
"男性","40至49歲","大學及以上","北北基宜蘭區","本省閩南人","04","05","06",1,0.853800765666321,0.000377500943752359,0.000323516230751653,"男性 | 40至49歲 | 大學及以上 | 北北基宜蘭區 | 本省閩南人 | 04 | 05 | 06"
"男性","40至49歲","大學及以上","北北基宜蘭區","本省閩南人","05","00","10",1,0.853800765666321,0.000377500943752359,0.000323516230751653,"男性 | 40至49歲 | 大學及以上 | 北北基宜蘭區 | 本省閩南人 | 05 | 00 | 10"
"男性","40至49歲","大學及以上","北北基宜蘭區","本省閩南人","05","02","04",1,0.853800765666321,0.000377500943752359,0.000323516230751653,"男性 | 40至49歲 | 大學及以上 | 北北基宜蘭區 | 本省閩南人 | 05 | 02 | 04"
"男性","40至49歲","大學及以上","北北基宜蘭區","本省閩南人","05","02","05",1,0.853800765666321,0.000377500943752359,0.000323516230751653,"男性 | 40至49歲 | 大學及以上 | 北北基宜蘭區 | 本省閩南人 | 05 | 02 | 05"
"男性","40至49歲","大學及以上","北北基宜蘭區","本省閩南人","05","03","07",1,0.853800765666321,0.000377500943752359,0.000323516230751653,"男性 | 40至49歲 | 大學及以上 | 北北基宜蘭區 | 本省閩南人 | 05 | 03 | 07"
"男性","40至49歲","大學及以上","北北基宜蘭區","本省閩南人","05","04","04",1,0.853800765666321,0.000377500943752359,0.000323516230751653,"男性 | 40至49歲 | 大學及以上 | 北北基宜蘭區 | 本省閩南人 | 05 | 04 | 04"
"男性","40至49歲","大學及以上","北北基宜蘭區","本省閩南人","05","04","05",1,0.853800765666321,0.000377500943752359,0.000323516230751653,"男性 | 40至49歲 | 大學及以上 | 北北基宜蘭區 | 本省閩南人 | 05 | 04 | 05"
"男性","40至49歲","大學及以上","北北基宜蘭區","本省閩南人","05","05","06",1,0.853800765666321,0.000377500943752359,0.000323516230751653,"男性 | 40至49歲 | 大學及以上 | 北北基宜蘭區 | 本省閩南人 | 05 | 05 | 06"
"男性","40至49歲","大學及以上","北北基宜蘭區","本省閩南人","06","02","07",1,0.853800765666321,0.000377500943752359,0.000323516230751653,"男性 | 40至49歲 | 大學及以上 | 北北基宜蘭區 | 本省閩南人 | 06 | 02 | 07"
"男性","40至49歲","大學及以上","北北基宜蘭區","本省閩南人","06","02","08",1,0.853800765666321,0.000377500943752359,0.000323516230751653,"男性 | 40至49歲 | 大學及以上 | 北北基宜蘭區 | 本省閩南人 | 06 | 02 | 08"
"男性","40至49歲","大學及以上","北北基宜蘭區","本省閩南人","06","02","09",1,0.853800765666321,0.000377500943752359,0.000323516230751653,"男性 | 40至49歲 | 大學及以上 | 北北基宜蘭區 | 本省閩南人 | 06 | 02 | 09"
"男性","40至49歲","大學及以上","北北基宜蘭區","本省閩南人","06","04","05",1,0.853800765666321,0.000377500943752359,0.000323516230751653,"男性 | 40至49歲 | 大學及以上 | 北北基宜蘭區 | 本省閩南人 | 06 | 04 | 05"
"男性","40至49歲","大學及以上","北北基宜蘭區","本省閩南人","06","06","06",1,0.853800765666321,0.000377500943752359,0.000323516230751653,"男性 | 40至49歲 | 大學及以上 | 北北基宜蘭區 | 本省閩南人 | 06 | 06 | 06"
"男性","40至49歲","大學及以上","北北基宜蘭區","本省閩南人","07","00","09",1,0.853800765666321,0.000377500943752359,0.000323516230751653,"男性 | 40至49歲 | 大學及以上 | 北北基宜蘭區 | 本省閩南人 | 07 | 00 | 09"
"男性","40至49歲","大學及以上","北北基宜蘭區","本省閩南人","07","03","03",1,0.853800765666321,0.000377500943752359,0.000323516230751653,"男性 | 40至49歲 | 大學及以上 | 北北基宜蘭區 | 本省閩南人 | 07 | 03 | 03"
"男性","40至49歲","大學及以上","北北基宜蘭區","本省閩南人","07","03","06",1,0.853800765666321,0.000377500943752359,0.000323516230751653,"男性 | 40至49歲 | 大學及以上 | 北北基宜蘭區 | 本省閩南人 | 07 | 03 | 06"
"男性","40至49歲","大學及以上","北北基宜蘭區","本省閩南人","07","03","07",1,0.853800765666321,0.000377500943752359,0.000323516230751653,"男性 | 40至49歲 | 大學及以上 | 北北基宜蘭區 | 本省閩南人 | 07 | 03 | 07"
"男性","40至49歲","大學及以上","北北基宜蘭區","本省閩南人","08","01","03",1,0.853800765666321,0.000377500943752359,0.000323516230751653,"男性 | 40至49歲 | 大學及以上 | 北北基宜蘭區 | 本省閩南人 | 08 | 01 | 03"
"男性","40至49歲","大學及以上","桃竹苗區","大陸各省市","01","07","00",1,0.803813566389191,0.000377500943752359,0.000304575429868969,"男性 | 40至49歲 | 大學及以上 | 桃竹苗區 | 大陸各省市 | 01 | 07 | 00"
"男性","40至49歲","大學及以上","桃竹苗區","大陸各省市","03","00","03",1,0.803813566389191,0.000377500943752359,0.000304575429868969,"男性 | 40至49歲 | 大學及以上 | 桃竹苗區 | 大陸各省市 | 03 | 00 | 03"
"男性","40至49歲","大學及以上","桃竹苗區","大陸各省市","03","07","05",1,0.803813566389191,0.000377500943752359,0.000304575429868969,"男性 | 40至49歲 | 大學及以上 | 桃竹苗區 | 大陸各省市 | 03 | 07 | 05"
"男性","40至49歲","大學及以上","桃竹苗區","大陸各省市","07","05","05",1,0.803813566389191,0.000377500943752359,0.000304575429868969,"男性 | 40至49歲 | 大學及以上 | 桃竹苗區 | 大陸各省市 | 07 | 05 | 05"
"男性","40至49歲","大學及以上","桃竹苗區","本省客家人","00","06","00",1,0.803813566389191,0.000377500943752359,0.000304575429868969,"男性 | 40至49歲 | 大學及以上 | 桃竹苗區 | 本省客家人 | 00 | 06 | 00"
"男性","40至49歲","大學及以上","桃竹苗區","本省客家人","02","02","08",1,0.803813566389191,0.000377500943752359,0.000304575429868969,"男性 | 40至49歲 | 大學及以上 | 桃竹苗區 | 本省客家人 | 02 | 02 | 08"
"男性","40至49歲","大學及以上","桃竹苗區","本省客家人","03","03","03",1,0.803813566389191,0.000377500943752359,0.000304575429868969,"男性 | 40至49歲 | 大學及以上 | 桃竹苗區 | 本省客家人 | 03 | 03 | 03"
"男性","40至49歲","大學及以上","桃竹苗區","本省客家人","04","02","05",1,0.803813566389191,0.000377500943752359,0.000304575429868969,"男性 | 40至49歲 | 大學及以上 | 桃竹苗區 | 本省客家人 | 04 | 02 | 05"
"男性","40至49歲","大學及以上","桃竹苗區","本省客家人","05","01","05",1,0.803813566389191,0.000377500943752359,0.000304575429868969,"男性 | 40至49歲 | 大學及以上 | 桃竹苗區 | 本省客家人 | 05 | 01 | 05"
"男性","40至49歲","大學及以上","桃竹苗區","本省客家人","05","04","05",1,0.803813566389191,0.000377500943752359,0.000304575429868969,"男性 | 40至49歲 | 大學及以上 | 桃竹苗區 | 本省客家人 | 05 | 04 | 05"
"男性","40至49歲","大學及以上","桃竹苗區","本省客家人","08","02","06",1,0.803813566389191,0.000377500943752359,0.000304575429868969,"男性 | 40至49歲 | 大學及以上 | 桃竹苗區 | 本省客家人 | 08 | 02 | 06"
"男性","40至49歲","大學及以上","桃竹苗區","本省閩南人","00","00","08",1,0.803813566389191,0.000377500943752359,0.000304575429868969,"男性 | 40至49歲 | 大學及以上 | 桃竹苗區 | 本省閩南人 | 00 | 00 | 08"
"男性","40至49歲","大學及以上","桃竹苗區","本省閩南人","00","05","01",1,0.803813566389191,0.000377500943752359,0.000304575429868969,"男性 | 40至49歲 | 大學及以上 | 桃竹苗區 | 本省閩南人 | 00 | 05 | 01"
"男性","40至49歲","大學及以上","桃竹苗區","本省閩南人","02","00","01",1,0.803813566389191,0.000377500943752359,0.000304575429868969,"男性 | 40至49歲 | 大學及以上 | 桃竹苗區 | 本省閩南人 | 02 | 00 | 01"
"男性","40至49歲","大學及以上","桃竹苗區","本省閩南人","02","02","05",1,0.803813566389191,0.000377500943752359,0.000304575429868969,"男性 | 40至49歲 | 大學及以上 | 桃竹苗區 | 本省閩南人 | 02 | 02 | 05"
"男性","40至49歲","大學及以上","桃竹苗區","本省閩南人","02","03","04",1,0.803813566389191,0.000377500943752359,0.000304575429868969,"男性 | 40至49歲 | 大學及以上 | 桃竹苗區 | 本省閩南人 | 02 | 03 | 04"
"男性","40至49歲","大學及以上","桃竹苗區","本省閩南人","02","08","00",1,0.803813566389191,0.000377500943752359,0.000304575429868969,"男性 | 40至49歲 | 大學及以上 | 桃竹苗區 | 本省閩南人 | 02 | 08 | 00"
"男性","40至49歲","大學及以上","桃竹苗區","本省閩南人","03","02","06",1,0.803813566389191,0.000377500943752359,0.000304575429868969,"男性 | 40至49歲 | 大學及以上 | 桃竹苗區 | 本省閩南人 | 03 | 02 | 06"
"男性","40至49歲","大學及以上","桃竹苗區","本省閩南人","03","03","03",1,0.803813566389191,0.000377500943752359,0.000304575429868969,"男性 | 40至49歲 | 大學及以上 | 桃竹苗區 | 本省閩南人 | 03 | 03 | 03"
"男性","40至49歲","大學及以上","桃竹苗區","本省閩南人","03","04","02",1,0.803813566389191,0.000377500943752359,0.000304575429868969,"男性 | 40至49歲 | 大學及以上 | 桃竹苗區 | 本省閩南人 | 03 | 04 | 02"
"男性","40至49歲","大學及以上","桃竹苗區","本省閩南人","04","04","04",1,0.803813566389191,0.000377500943752359,0.000304575429868969,"男性 | 40至49歲 | 大學及以上 | 桃竹苗區 | 本省閩南人 | 04 | 04 | 04"
"男性","40至49歲","大學及以上","桃竹苗區","本省閩南人","04","06","00",1,0.803813566389191,0.000377500943752359,0.000304575429868969,"男性 | 40至49歲 | 大學及以上 | 桃竹苗區 | 本省閩南人 | 04 | 06 | 00"
"男性","40至49歲","大學及以上","桃竹苗區","本省閩南人","04","07","03",1,0.803813566389191,0.000377500943752359,0.000304575429868969,"男性 | 40至49歲 | 大學及以上 | 桃竹苗區 | 本省閩南人 | 04 | 07 | 03"
"男性","40至49歲","大學及以上","桃竹苗區","本省閩南人","05","00","08",1,0.803813566389191,0.000377500943752359,0.000304575429868969,"男性 | 40至49歲 | 大學及以上 | 桃竹苗區 | 本省閩南人 | 05 | 00 | 08"
"男性","40至49歲","大學及以上","桃竹苗區","本省閩南人","05","01","05",1,0.803813566389191,0.000377500943752359,0.000304575429868969,"男性 | 40至49歲 | 大學及以上 | 桃竹苗區 | 本省閩南人 | 05 | 01 | 05"
"男性","40至49歲","大學及以上","桃竹苗區","本省閩南人","05","05","03",1,0.803813566389191,0.000377500943752359,0.000304575429868969,"男性 | 40至49歲 | 大學及以上 | 桃竹苗區 | 本省閩南人 | 05 | 05 | 03"
"男性","40至49歲","大學及以上","桃竹苗區","本省閩南人","05","05","06",1,0.803813566389191,0.000377500943752359,0.000304575429868969,"男性 | 40至49歲 | 大學及以上 | 桃竹苗區 | 本省閩南人 | 05 | 05 | 06"
"男性","40至49歲","大學及以上","桃竹苗區","本省閩南人","06","03","07",1,0.803813566389191,0.000377500943752359,0.000304575429868969,"男性 | 40至49歲 | 大學及以上 | 桃竹苗區 | 本省閩南人 | 06 | 03 | 07"
"男性","40至49歲","大學及以上","桃竹苗區","本省閩南人","06","05","06",1,0.803813566389191,0.000377500943752359,0.000304575429868969,"男性 | 40至49歲 | 大學及以上 | 桃竹苗區 | 本省閩南人 | 06 | 05 | 06"
"男性","40至49歲","大學及以上","桃竹苗區","本省閩南人","06","07","05",1,0.803813566389191,0.000377500943752359,0.000304575429868969,"男性 | 40至49歲 | 大學及以上 | 桃竹苗區 | 本省閩南人 | 06 | 07 | 05"
"男性","40至49歲","大學及以上","桃竹苗區","本省閩南人","07","03","05",1,0.803813566389191,0.000377500943752359,0.000304575429868969,"男性 | 40至49歲 | 大學及以上 | 桃竹苗區 | 本省閩南人 | 07 | 03 | 05"
"男性","40至49歲","大學及以上","桃竹苗區","本省閩南人","07","07","06",1,0.803813566389191,0.000377500943752359,0.000304575429868969,"男性 | 40至49歲 | 大學及以上 | 桃竹苗區 | 本省閩南人 | 07 | 07 | 06"
"男性","40至49歲","大學及以上","雲嘉南區","本省客家人","00","06","01",1,0.753261224804867,0.000377500943752359,0.000285420489205187,"男性 | 40至49歲 | 大學及以上 | 雲嘉南區 | 本省客家人 | 00 | 06 | 01"
"男性","40至49歲","大學及以上","雲嘉南區","本省客家人","02","01","01",1,0.753261224804867,0.000377500943752359,0.000285420489205187,"男性 | 40至49歲 | 大學及以上 | 雲嘉南區 | 本省客家人 | 02 | 01 | 01"
"男性","40至49歲","大學及以上","雲嘉南區","本省閩南人","00","03","00",1,0.753261224804867,0.000377500943752359,0.000285420489205187,"男性 | 40至49歲 | 大學及以上 | 雲嘉南區 | 本省閩南人 | 00 | 03 | 00"
"男性","40至49歲","大學及以上","雲嘉南區","本省閩南人","00","06","01",1,0.753261224804867,0.000377500943752359,0.000285420489205187,"男性 | 40至49歲 | 大學及以上 | 雲嘉南區 | 本省閩南人 | 00 | 06 | 01"
"男性","40至49歲","大學及以上","雲嘉南區","本省閩南人","00","10","00",1,0.753261224804867,0.000377500943752359,0.000285420489205187,"男性 | 40至49歲 | 大學及以上 | 雲嘉南區 | 本省閩南人 | 00 | 10 | 00"
"男性","40至49歲","大學及以上","雲嘉南區","本省閩南人","01","05","03",1,0.753261224804867,0.000377500943752359,0.000285420489205187,"男性 | 40至49歲 | 大學及以上 | 雲嘉南區 | 本省閩南人 | 01 | 05 | 03"
"男性","40至49歲","大學及以上","雲嘉南區","本省閩南人","01","08","03",1,0.753261224804867,0.000377500943752359,0.000285420489205187,"男性 | 40至49歲 | 大學及以上 | 雲嘉南區 | 本省閩南人 | 01 | 08 | 03"
"男性","40至49歲","大學及以上","雲嘉南區","本省閩南人","02","00","05",1,0.753261224804867,0.000377500943752359,0.000285420489205187,"男性 | 40至49歲 | 大學及以上 | 雲嘉南區 | 本省閩南人 | 02 | 00 | 05"
"男性","40至49歲","大學及以上","雲嘉南區","本省閩南人","02","04","03",1,0.753261224804867,0.000377500943752359,0.000285420489205187,"男性 | 40至49歲 | 大學及以上 | 雲嘉南區 | 本省閩南人 | 02 | 04 | 03"
"男性","40至49歲","大學及以上","雲嘉南區","本省閩南人","02","06","00",1,0.753261224804867,0.000377500943752359,0.000285420489205187,"男性 | 40至49歲 | 大學及以上 | 雲嘉南區 | 本省閩南人 | 02 | 06 | 00"
"男性","40至49歲","大學及以上","雲嘉南區","本省閩南人","02","06","08",1,0.753261224804867,0.000377500943752359,0.000285420489205187,"男性 | 40至49歲 | 大學及以上 | 雲嘉南區 | 本省閩南人 | 02 | 06 | 08"
"男性","40至49歲","大學及以上","雲嘉南區","本省閩南人","02","08","02",1,0.753261224804867,0.000377500943752359,0.000285420489205187,"男性 | 40至49歲 | 大學及以上 | 雲嘉南區 | 本省閩南人 | 02 | 08 | 02"
"男性","40至49歲","大學及以上","雲嘉南區","本省閩南人","03","04","06",1,0.753261224804867,0.000377500943752359,0.000285420489205187,"男性 | 40至49歲 | 大學及以上 | 雲嘉南區 | 本省閩南人 | 03 | 04 | 06"
"男性","40至49歲","大學及以上","雲嘉南區","本省閩南人","03","05","05",1,0.753261224804867,0.000377500943752359,0.000285420489205187,"男性 | 40至49歲 | 大學及以上 | 雲嘉南區 | 本省閩南人 | 03 | 05 | 05"
"男性","40至49歲","大學及以上","雲嘉南區","本省閩南人","03","07","03",1,0.753261224804867,0.000377500943752359,0.000285420489205187,"男性 | 40至49歲 | 大學及以上 | 雲嘉南區 | 本省閩南人 | 03 | 07 | 03"
"男性","40至49歲","大學及以上","雲嘉南區","本省閩南人","03","08","05",1,0.753261224804867,0.000377500943752359,0.000285420489205187,"男性 | 40至49歲 | 大學及以上 | 雲嘉南區 | 本省閩南人 | 03 | 08 | 05"
"男性","40至49歲","大學及以上","雲嘉南區","本省閩南人","04","04","03",1,0.753261224804867,0.000377500943752359,0.000285420489205187,"男性 | 40至49歲 | 大學及以上 | 雲嘉南區 | 本省閩南人 | 04 | 04 | 03"
"男性","40至49歲","大學及以上","雲嘉南區","本省閩南人","04","04","04",1,0.753261224804867,0.000377500943752359,0.000285420489205187,"男性 | 40至49歲 | 大學及以上 | 雲嘉南區 | 本省閩南人 | 04 | 04 | 04"
"男性","40至49歲","大學及以上","雲嘉南區","本省閩南人","04","05","05",1,0.753261224804867,0.000377500943752359,0.000285420489205187,"男性 | 40至49歲 | 大學及以上 | 雲嘉南區 | 本省閩南人 | 04 | 05 | 05"
"男性","40至49歲","大學及以上","雲嘉南區","本省閩南人","05","00","05",1,0.753261224804867,0.000377500943752359,0.000285420489205187,"男性 | 40至49歲 | 大學及以上 | 雲嘉南區 | 本省閩南人 | 05 | 00 | 05"
"男性","40至49歲","大學及以上","雲嘉南區","本省閩南人","05","01","02",1,0.753261224804867,0.000377500943752359,0.000285420489205187,"男性 | 40至49歲 | 大學及以上 | 雲嘉南區 | 本省閩南人 | 05 | 01 | 02"
"男性","40至49歲","大學及以上","雲嘉南區","本省閩南人","05","02","07",1,0.753261224804867,0.000377500943752359,0.000285420489205187,"男性 | 40至49歲 | 大學及以上 | 雲嘉南區 | 本省閩南人 | 05 | 02 | 07"
"男性","40至49歲","大學及以上","雲嘉南區","本省閩南人","06","05","04",1,0.753261224804867,0.000377500943752359,0.000285420489205187,"男性 | 40至49歲 | 大學及以上 | 雲嘉南區 | 本省閩南人 | 06 | 05 | 04"
"男性","40至49歲","大學及以上","雲嘉南區","本省閩南人","06","05","05",1,0.753261224804867,0.000377500943752359,0.000285420489205187,"男性 | 40至49歲 | 大學及以上 | 雲嘉南區 | 本省閩南人 | 06 | 05 | 05"
"男性","40至49歲","大學及以上","雲嘉南區","本省閩南人","07","05","06",1,0.753261224804867,0.000377500943752359,0.000285420489205187,"男性 | 40至49歲 | 大學及以上 | 雲嘉南區 | 本省閩南人 | 07 | 05 | 06"
"男性","40至49歲","大學及以上","高屏區","大陸各省市","07","03","05",1,1.07886872829178,0.000377500943752359,0.000408797413270525,"男性 | 40至49歲 | 大學及以上 | 高屏區 | 大陸各省市 | 07 | 03 | 05"
"男性","40至49歲","大學及以上","高屏區","本省閩南人","00","00","00",1,1.07886872829178,0.000377500943752359,0.000408797413270525,"男性 | 40至49歲 | 大學及以上 | 高屏區 | 本省閩南人 | 00 | 00 | 00"
"男性","40至49歲","大學及以上","高屏區","本省閩南人","00","00","05",1,1.07886872829178,0.000377500943752359,0.000408797413270525,"男性 | 40至49歲 | 大學及以上 | 高屏區 | 本省閩南人 | 00 | 00 | 05"
"男性","40至49歲","大學及以上","高屏區","本省閩南人","00","01","00",1,1.07886872829178,0.000377500943752359,0.000408797413270525,"男性 | 40至49歲 | 大學及以上 | 高屏區 | 本省閩南人 | 00 | 01 | 00"
"男性","40至49歲","大學及以上","高屏區","本省閩南人","00","08","00",1,1.07886872829178,0.000377500943752359,0.000408797413270525,"男性 | 40至49歲 | 大學及以上 | 高屏區 | 本省閩南人 | 00 | 08 | 00"
"男性","40至49歲","大學及以上","高屏區","本省閩南人","00","09","00",1,1.07886872829178,0.000377500943752359,0.000408797413270525,"男性 | 40至49歲 | 大學及以上 | 高屏區 | 本省閩南人 | 00 | 09 | 00"
"男性","40至49歲","大學及以上","高屏區","本省閩南人","00","10","00",1,1.07886872829178,0.000377500943752359,0.000408797413270525,"男性 | 40至49歲 | 大學及以上 | 高屏區 | 本省閩南人 | 00 | 10 | 00"
"男性","40至49歲","大學及以上","高屏區","本省閩南人","01","07","01",1,1.07886872829178,0.000377500943752359,0.000408797413270525,"男性 | 40至49歲 | 大學及以上 | 高屏區 | 本省閩南人 | 01 | 07 | 01"
"男性","40至49歲","大學及以上","高屏區","本省閩南人","02","06","00",1,1.07886872829178,0.000377500943752359,0.000408797413270525,"男性 | 40至49歲 | 大學及以上 | 高屏區 | 本省閩南人 | 02 | 06 | 00"
"男性","40至49歲","大學及以上","高屏區","本省閩南人","02","07","00",1,1.07886872829178,0.000377500943752359,0.000408797413270525,"男性 | 40至49歲 | 大學及以上 | 高屏區 | 本省閩南人 | 02 | 07 | 00"
"男性","40至49歲","大學及以上","高屏區","本省閩南人","02","08","00",1,1.07886872829178,0.000377500943752359,0.000408797413270525,"男性 | 40至49歲 | 大學及以上 | 高屏區 | 本省閩南人 | 02 | 08 | 00"
"男性","40至49歲","大學及以上","高屏區","本省閩南人","04","01","04",1,1.07886872829178,0.000377500943752359,0.000408797413270525,"男性 | 40至49歲 | 大學及以上 | 高屏區 | 本省閩南人 | 04 | 01 | 04"
"男性","40至49歲","大學及以上","高屏區","本省閩南人","04","06","07",1,1.07886872829178,0.000377500943752359,0.000408797413270525,"男性 | 40至49歲 | 大學及以上 | 高屏區 | 本省閩南人 | 04 | 06 | 07"
"男性","40至49歲","大學及以上","高屏區","本省閩南人","04","07","00",1,1.07886872829178,0.000377500943752359,0.000408797413270525,"男性 | 40至49歲 | 大學及以上 | 高屏區 | 本省閩南人 | 04 | 07 | 00"
"男性","40至49歲","大學及以上","高屏區","本省閩南人","04","08","00",1,1.07886872829178,0.000377500943752359,0.000408797413270525,"男性 | 40至49歲 | 大學及以上 | 高屏區 | 本省閩南人 | 04 | 08 | 00"
"男性","40至49歲","大學及以上","高屏區","本省閩南人","05","02","05",1,1.07886872829178,0.000377500943752359,0.000408797413270525,"男性 | 40至49歲 | 大學及以上 | 高屏區 | 本省閩南人 | 05 | 02 | 05"
"男性","40至49歲","大學及以上","高屏區","本省閩南人","05","05","05",1,1.07886872829178,0.000377500943752359,0.000408797413270525,"男性 | 40至49歲 | 大學及以上 | 高屏區 | 本省閩南人 | 05 | 05 | 05"
"男性","40至49歲","專科","中彰投區","本省客家人","09","03","06",1,0.946200498919159,0.000377500943752359,0.000358527693175311,"男性 | 40至49歲 | 專科 | 中彰投區 | 本省客家人 | 09 | 03 | 06"
"男性","40至49歲","專科","中彰投區","本省閩南人","00","05","00",1,0.946200498919159,0.000377500943752359,0.000358527693175311,"男性 | 40至49歲 | 專科 | 中彰投區 | 本省閩南人 | 00 | 05 | 00"
"男性","40至49歲","專科","中彰投區","本省閩南人","00","05","04",1,0.946200498919159,0.000377500943752359,0.000358527693175311,"男性 | 40至49歲 | 專科 | 中彰投區 | 本省閩南人 | 00 | 05 | 04"
"男性","40至49歲","專科","中彰投區","本省閩南人","04","09","05",1,0.946200498919159,0.000377500943752359,0.000358527693175311,"男性 | 40至49歲 | 專科 | 中彰投區 | 本省閩南人 | 04 | 09 | 05"
"男性","40至49歲","專科","中彰投區","本省閩南人","06","04","08",1,0.946200498919159,0.000377500943752359,0.000358527693175311,"男性 | 40至49歲 | 專科 | 中彰投區 | 本省閩南人 | 06 | 04 | 08"
"男性","40至49歲","專科","中彰投區","本省閩南人","07","00","06",1,0.946200498919159,0.000377500943752359,0.000358527693175311,"男性 | 40至49歲 | 專科 | 中彰投區 | 本省閩南人 | 07 | 00 | 06"
"男性","40至49歲","專科","北北基宜蘭區","本省客家人","00","07","00",1,0.924068002832965,0.000377500943752359,0.000350141402135453,"男性 | 40至49歲 | 專科 | 北北基宜蘭區 | 本省客家人 | 00 | 07 | 00"
"男性","40至49歲","專科","北北基宜蘭區","本省客家人","03","00","02",1,0.924068002832965,0.000377500943752359,0.000350141402135453,"男性 | 40至49歲 | 專科 | 北北基宜蘭區 | 本省客家人 | 03 | 00 | 02"
"男性","40至49歲","專科","北北基宜蘭區","本省客家人","05","04","05",1,0.924068002832965,0.000377500943752359,0.000350141402135453,"男性 | 40至49歲 | 專科 | 北北基宜蘭區 | 本省客家人 | 05 | 04 | 05"
"男性","40至49歲","專科","北北基宜蘭區","本省閩南人","00","10","00",1,0.924068002832965,0.000377500943752359,0.000350141402135453,"男性 | 40至49歲 | 專科 | 北北基宜蘭區 | 本省閩南人 | 00 | 10 | 00"
"男性","40至49歲","專科","北北基宜蘭區","本省閩南人","02","07","02",1,0.924068002832965,0.000377500943752359,0.000350141402135453,"男性 | 40至49歲 | 專科 | 北北基宜蘭區 | 本省閩南人 | 02 | 07 | 02"
"男性","40至49歲","專科","北北基宜蘭區","本省閩南人","03","05","03",1,0.924068002832965,0.000377500943752359,0.000350141402135453,"男性 | 40至49歲 | 專科 | 北北基宜蘭區 | 本省閩南人 | 03 | 05 | 03"
"男性","40至49歲","專科","北北基宜蘭區","本省閩南人","03","08","02",1,0.924068002832965,0.000377500943752359,0.000350141402135453,"男性 | 40至49歲 | 專科 | 北北基宜蘭區 | 本省閩南人 | 03 | 08 | 02"
"男性","40至49歲","專科","北北基宜蘭區","本省閩南人","04","03","06",1,0.924068002832965,0.000377500943752359,0.000350141402135453,"男性 | 40至49歲 | 專科 | 北北基宜蘭區 | 本省閩南人 | 04 | 03 | 06"
"男性","40至49歲","專科","北北基宜蘭區","本省閩南人","04","07","03",1,0.924068002832965,0.000377500943752359,0.000350141402135453,"男性 | 40至49歲 | 專科 | 北北基宜蘭區 | 本省閩南人 | 04 | 07 | 03"
"男性","40至49歲","專科","北北基宜蘭區","本省閩南人","05","00","01",1,0.924068002832965,0.000377500943752359,0.000350141402135453,"男性 | 40至49歲 | 專科 | 北北基宜蘭區 | 本省閩南人 | 05 | 00 | 01"
"男性","40至49歲","專科","北北基宜蘭區","本省閩南人","05","00","09",1,0.924068002832965,0.000377500943752359,0.000350141402135453,"男性 | 40至49歲 | 專科 | 北北基宜蘭區 | 本省閩南人 | 05 | 00 | 09"
"男性","40至49歲","專科","北北基宜蘭區","本省閩南人","07","04","05",1,0.924068002832965,0.000377500943752359,0.000350141402135453,"男性 | 40至49歲 | 專科 | 北北基宜蘭區 | 本省閩南人 | 07 | 04 | 05"
"男性","40至49歲","專科","北北基宜蘭區","本省閩南人","07","07","07",1,0.924068002832965,0.000377500943752359,0.000350141402135453,"男性 | 40至49歲 | 專科 | 北北基宜蘭區 | 本省閩南人 | 07 | 07 | 07"
"男性","40至49歲","專科","桃竹苗區","本省閩南人","03","06","00",1,0.86996689018383,0.000377500943752359,0.000329641785892945,"男性 | 40至49歲 | 專科 | 桃竹苗區 | 本省閩南人 | 03 | 06 | 00"
"男性","40至49歲","專科","桃竹苗區","本省閩南人","05","06","05",1,0.86996689018383,0.000377500943752359,0.000329641785892945,"男性 | 40至49歲 | 專科 | 桃竹苗區 | 本省閩南人 | 05 | 06 | 05"
"男性","40至49歲","專科","桃竹苗區","本省閩南人","08","00","07",1,0.86996689018383,0.000377500943752359,0.000329641785892945,"男性 | 40至49歲 | 專科 | 桃竹苗區 | 本省閩南人 | 08 | 00 | 07"
"男性","40至49歲","專科","桃竹苗區","本省閩南人","08","08","08",1,0.86996689018383,0.000377500943752359,0.000329641785892945,"男性 | 40至49歲 | 專科 | 桃竹苗區 | 本省閩南人 | 08 | 08 | 08"
"男性","40至49歲","專科","花東區","原住民","06","03","07",1,0.731820308931026,0.000377500943752359,0.000277296246915529,"男性 | 40至49歲 | 專科 | 花東區 | 原住民 | 06 | 03 | 07"
"男性","40至49歲","專科","雲嘉南區","本省閩南人","00","08","00",1,0.815254124390162,0.000377500943752359,0.000308910406307274,"男性 | 40至49歲 | 專科 | 雲嘉南區 | 本省閩南人 | 00 | 08 | 00"
"男性","40至49歲","專科","雲嘉南區","本省閩南人","02","05","04",1,0.815254124390162,0.000377500943752359,0.000308910406307274,"男性 | 40至49歲 | 專科 | 雲嘉南區 | 本省閩南人 | 02 | 05 | 04"
"男性","40至49歲","專科","雲嘉南區","本省閩南人","03","01","06",1,0.815254124390162,0.000377500943752359,0.000308910406307274,"男性 | 40至49歲 | 專科 | 雲嘉南區 | 本省閩南人 | 03 | 01 | 06"
"男性","40至49歲","專科","雲嘉南區","本省閩南人","07","02","05",1,0.815254124390162,0.000377500943752359,0.000308910406307274,"男性 | 40至49歲 | 專科 | 雲嘉南區 | 本省閩南人 | 07 | 02 | 05"
"男性","40至49歲","專科","雲嘉南區","本省閩南人","08","00","05",1,0.815254124390162,0.000377500943752359,0.000308910406307274,"男性 | 40至49歲 | 專科 | 雲嘉南區 | 本省閩南人 | 08 | 00 | 05"
"男性","40至49歲","專科","高屏區","大陸各省市","06","03","05",1,1.16765890962101,0.000377500943752359,0.000442441169456399,"男性 | 40至49歲 | 專科 | 高屏區 | 大陸各省市 | 06 | 03 | 05"
"男性","40至49歲","專科","高屏區","本省閩南人","01","00","01",1,1.16765890962101,0.000377500943752359,0.000442441169456399,"男性 | 40至49歲 | 專科 | 高屏區 | 本省閩南人 | 01 | 00 | 01"
"男性","40至49歲","專科","高屏區","本省閩南人","01","03","01",1,1.16765890962101,0.000377500943752359,0.000442441169456399,"男性 | 40至49歲 | 專科 | 高屏區 | 本省閩南人 | 01 | 03 | 01"
"男性","40至49歲","專科","高屏區","本省閩南人","01","07","04",1,1.16765890962101,0.000377500943752359,0.000442441169456399,"男性 | 40至49歲 | 專科 | 高屏區 | 本省閩南人 | 01 | 07 | 04"
"男性","40至49歲","專科","高屏區","本省閩南人","03","00","04",1,1.16765890962101,0.000377500943752359,0.000442441169456399,"男性 | 40至49歲 | 專科 | 高屏區 | 本省閩南人 | 03 | 00 | 04"
"男性","40至49歲","專科","高屏區","本省閩南人","03","02","03",1,1.16765890962101,0.000377500943752359,0.000442441169456399,"男性 | 40至49歲 | 專科 | 高屏區 | 本省閩南人 | 03 | 02 | 03"
"男性","40至49歲","專科","高屏區","本省閩南人","05","05","04",1,1.16765890962101,0.000377500943752359,0.000442441169456399,"男性 | 40至49歲 | 專科 | 高屏區 | 本省閩南人 | 05 | 05 | 04"
"男性","40至49歲","專科","高屏區","本省閩南人","05","06","04",1,1.16765890962101,0.000377500943752359,0.000442441169456399,"男性 | 40至49歲 | 專科 | 高屏區 | 本省閩南人 | 05 | 06 | 04"
"男性","40至49歲","專科","高屏區","本省閩南人","06","05","00",1,1.16765890962101,0.000377500943752359,0.000442441169456399,"男性 | 40至49歲 | 專科 | 高屏區 | 本省閩南人 | 06 | 05 | 00"
"男性","40至49歲","小學及以下","中彰投區","台灣人","05","05","05",1,1.3835471352011,0.000377500943752359,0.000524244030043934,"男性 | 40至49歲 | 小學及以下 | 中彰投區 | 台灣人 | 05 | 05 | 05"
"男性","40至49歲","小學及以下","中彰投區","本省客家人","07","04","05",1,1.3835471352011,0.000377500943752359,0.000524244030043934,"男性 | 40至49歲 | 小學及以下 | 中彰投區 | 本省客家人 | 07 | 04 | 05"
"男性","40至49歲","高中、職","中彰投區","大陸各省市","01","08","00",1,1.21688017998145,0.000377500943752359,0.000461091749896427,"男性 | 40至49歲 | 高中、職 | 中彰投區 | 大陸各省市 | 01 | 08 | 00"
"男性","40至49歲","高中、職","中彰投區","本省閩南人","00","05","05",1,1.21688017998145,0.000377500943752359,0.000461091749896427,"男性 | 40至49歲 | 高中、職 | 中彰投區 | 本省閩南人 | 00 | 05 | 05"
"男性","40至49歲","高中、職","中彰投區","本省閩南人","01","05","04",1,1.21688017998145,0.000377500943752359,0.000461091749896427,"男性 | 40至49歲 | 高中、職 | 中彰投區 | 本省閩南人 | 01 | 05 | 04"
"男性","40至49歲","高中、職","中彰投區","本省閩南人","03","03","03",1,1.21688017998145,0.000377500943752359,0.000461091749896427,"男性 | 40至49歲 | 高中、職 | 中彰投區 | 本省閩南人 | 03 | 03 | 03"
"男性","40至49歲","高中、職","中彰投區","本省閩南人","05","02","06",1,1.21688017998145,0.000377500943752359,0.000461091749896427,"男性 | 40至49歲 | 高中、職 | 中彰投區 | 本省閩南人 | 05 | 02 | 06"
"男性","40至49歲","高中、職","中彰投區","本省閩南人","05","03","06",1,1.21688017998145,0.000377500943752359,0.000461091749896427,"男性 | 40至49歲 | 高中、職 | 中彰投區 | 本省閩南人 | 05 | 03 | 06"
"男性","40至49歲","高中、職","中彰投區","本省閩南人","06","04","06",1,1.21688017998145,0.000377500943752359,0.000461091749896427,"男性 | 40至49歲 | 高中、職 | 中彰投區 | 本省閩南人 | 06 | 04 | 06"
"男性","40至49歲","高中、職","中彰投區","本省閩南人","06","05","05",1,1.21688017998145,0.000377500943752359,0.000461091749896427,"男性 | 40至49歲 | 高中、職 | 中彰投區 | 本省閩南人 | 06 | 05 | 05"
"男性","40至49歲","高中、職","中彰投區","本省閩南人","07","03","06",1,1.21688017998145,0.000377500943752359,0.000461091749896427,"男性 | 40至49歲 | 高中、職 | 中彰投區 | 本省閩南人 | 07 | 03 | 06"
"男性","40至49歲","高中、職","中彰投區","本省閩南人","07","05","08",1,1.21688017998145,0.000377500943752359,0.000461091749896427,"男性 | 40至49歲 | 高中、職 | 中彰投區 | 本省閩南人 | 07 | 05 | 08"
"男性","40至49歲","高中、職","中彰投區","本省閩南人","08","00","08",1,1.21688017998145,0.000377500943752359,0.000461091749896427,"男性 | 40至49歲 | 高中、職 | 中彰投區 | 本省閩南人 | 08 | 00 | 08"
"男性","40至49歲","高中、職","北北基宜蘭區","本省閩南人","00","00","00",1,1.18841623829936,0.000377500943752359,0.00045030639165405,"男性 | 40至49歲 | 高中、職 | 北北基宜蘭區 | 本省閩南人 | 00 | 00 | 00"
"男性","40至49歲","高中、職","北北基宜蘭區","本省閩南人","02","05","04",1,1.18841623829936,0.000377500943752359,0.00045030639165405,"男性 | 40至49歲 | 高中、職 | 北北基宜蘭區 | 本省閩南人 | 02 | 05 | 04"
"男性","40至49歲","高中、職","北北基宜蘭區","本省閩南人","03","00","00",1,1.18841623829936,0.000377500943752359,0.00045030639165405,"男性 | 40至49歲 | 高中、職 | 北北基宜蘭區 | 本省閩南人 | 03 | 00 | 00"
"男性","40至49歲","高中、職","北北基宜蘭區","本省閩南人","04","05","05",1,1.18841623829936,0.000377500943752359,0.00045030639165405,"男性 | 40至49歲 | 高中、職 | 北北基宜蘭區 | 本省閩南人 | 04 | 05 | 05"
"男性","40至49歲","高中、職","北北基宜蘭區","本省閩南人","05","00","10",1,1.18841623829936,0.000377500943752359,0.00045030639165405,"男性 | 40至49歲 | 高中、職 | 北北基宜蘭區 | 本省閩南人 | 05 | 00 | 10"
"男性","40至49歲","高中、職","北北基宜蘭區","本省閩南人","05","03","05",1,1.18841623829936,0.000377500943752359,0.00045030639165405,"男性 | 40至49歲 | 高中、職 | 北北基宜蘭區 | 本省閩南人 | 05 | 03 | 05"
"男性","40至49歲","高中、職","北北基宜蘭區","本省閩南人","05","05","05",1,1.18841623829936,0.000377500943752359,0.00045030639165405,"男性 | 40至49歲 | 高中、職 | 北北基宜蘭區 | 本省閩南人 | 05 | 05 | 05"
"男性","40至49歲","高中、職","北北基宜蘭區","本省閩南人","06","03","07",1,1.18841623829936,0.000377500943752359,0.00045030639165405,"男性 | 40至49歲 | 高中、職 | 北北基宜蘭區 | 本省閩南人 | 06 | 03 | 07"
"男性","40至49歲","高中、職","北北基宜蘭區","本省閩南人","07","08","06",1,1.18841623829936,0.000377500943752359,0.00045030639165405,"男性 | 40至49歲 | 高中、職 | 北北基宜蘭區 | 本省閩南人 | 07 | 08 | 06"
"男性","40至49歲","高中、職","桃竹苗區","大陸各省市","05","00","06",1,1.11883841438901,0.000377500943752359,0.000423942447932578,"男性 | 40至49歲 | 高中、職 | 桃竹苗區 | 大陸各省市 | 05 | 00 | 06"
"男性","40至49歲","高中、職","桃竹苗區","本省客家人","00","08","00",1,1.11883841438901,0.000377500943752359,0.000423942447932578,"男性 | 40至49歲 | 高中、職 | 桃竹苗區 | 本省客家人 | 00 | 08 | 00"
"男性","40至49歲","高中、職","桃竹苗區","本省客家人","00","10","00",1,1.11883841438901,0.000377500943752359,0.000423942447932578,"男性 | 40至49歲 | 高中、職 | 桃竹苗區 | 本省客家人 | 00 | 10 | 00"
"男性","40至49歲","高中、職","桃竹苗區","本省客家人","03","07","02",1,1.11883841438901,0.000377500943752359,0.000423942447932578,"男性 | 40至49歲 | 高中、職 | 桃竹苗區 | 本省客家人 | 03 | 07 | 02"
"男性","40至49歲","高中、職","桃竹苗區","本省客家人","07","05","03",1,1.11883841438901,0.000377500943752359,0.000423942447932578,"男性 | 40至49歲 | 高中、職 | 桃竹苗區 | 本省客家人 | 07 | 05 | 03"
"男性","40至49歲","高中、職","桃竹苗區","本省閩南人","02","05","06",1,1.11883841438901,0.000377500943752359,0.000423942447932578,"男性 | 40至49歲 | 高中、職 | 桃竹苗區 | 本省閩南人 | 02 | 05 | 06"
"男性","40至49歲","高中、職","桃竹苗區","本省閩南人","03","06","02",1,1.11883841438901,0.000377500943752359,0.000423942447932578,"男性 | 40至49歲 | 高中、職 | 桃竹苗區 | 本省閩南人 | 03 | 06 | 02"
"男性","40至49歲","高中、職","桃竹苗區","本省閩南人","05","00","09",1,1.11883841438901,0.000377500943752359,0.000423942447932578,"男性 | 40至49歲 | 高中、職 | 桃竹苗區 | 本省閩南人 | 05 | 00 | 09"
"男性","40至49歲","高中、職","桃竹苗區","本省閩南人","06","05","06",1,1.11883841438901,0.000377500943752359,0.000423942447932578,"男性 | 40至49歲 | 高中、職 | 桃竹苗區 | 本省閩南人 | 06 | 05 | 06"
"男性","40至49歲","高中、職","花東區","原住民","06","05","08",1,0.941172225403948,0.000377500943752359,0.000356622414847808,"男性 | 40至49歲 | 高中、職 | 花東區 | 原住民 | 06 | 05 | 08"
"男性","40至49歲","高中、職","花東區","大陸各省市","03","05","00",1,0.941172225403948,0.000377500943752359,0.000356622414847808,"男性 | 40至49歲 | 高中、職 | 花東區 | 大陸各省市 | 03 | 05 | 00"
"男性","40至49歲","高中、職","花東區","本省客家人","05","05","04",1,0.941172225403948,0.000377500943752359,0.000356622414847808,"男性 | 40至49歲 | 高中、職 | 花東區 | 本省客家人 | 05 | 05 | 04"
"男性","40至49歲","高中、職","雲嘉南區","本省閩南人","00","10","00",1,1.04847396165163,0.000377500943752359,0.000397280440302807,"男性 | 40至49歲 | 高中、職 | 雲嘉南區 | 本省閩南人 | 00 | 10 | 00"
"男性","40至49歲","高中、職","雲嘉南區","本省閩南人","03","00","02",1,1.04847396165163,0.000377500943752359,0.000397280440302807,"男性 | 40至49歲 | 高中、職 | 雲嘉南區 | 本省閩南人 | 03 | 00 | 02"
"男性","40至49歲","高中、職","雲嘉南區","本省閩南人","03","01","07",1,1.04847396165163,0.000377500943752359,0.000397280440302807,"男性 | 40至49歲 | 高中、職 | 雲嘉南區 | 本省閩南人 | 03 | 01 | 07"
"男性","40至49歲","高中、職","雲嘉南區","本省閩南人","03","03","00",1,1.04847396165163,0.000377500943752359,0.000397280440302807,"男性 | 40至49歲 | 高中、職 | 雲嘉南區 | 本省閩南人 | 03 | 03 | 00"
"男性","40至49歲","高中、職","雲嘉南區","本省閩南人","03","04","03",1,1.04847396165163,0.000377500943752359,0.000397280440302807,"男性 | 40至49歲 | 高中、職 | 雲嘉南區 | 本省閩南人 | 03 | 04 | 03"
"男性","40至49歲","高中、職","雲嘉南區","本省閩南人","05","03","03",1,1.04847396165163,0.000377500943752359,0.000397280440302807,"男性 | 40至49歲 | 高中、職 | 雲嘉南區 | 本省閩南人 | 05 | 03 | 03"
"男性","40至49歲","高中、職","雲嘉南區","本省閩南人","05","04","05",1,1.04847396165163,0.000377500943752359,0.000397280440302807,"男性 | 40至49歲 | 高中、職 | 雲嘉南區 | 本省閩南人 | 05 | 04 | 05"
"男性","40至49歲","高中、職","雲嘉南區","本省閩南人","05","04","08",1,1.04847396165163,0.000377500943752359,0.000397280440302807,"男性 | 40至49歲 | 高中、職 | 雲嘉南區 | 本省閩南人 | 05 | 04 | 08"
"男性","40至49歲","高中、職","雲嘉南區","本省閩南人","05","05","00",1,1.04847396165163,0.000377500943752359,0.000397280440302807,"男性 | 40至49歲 | 高中、職 | 雲嘉南區 | 本省閩南人 | 05 | 05 | 00"
"男性","40至49歲","高中、職","雲嘉南區","本省閩南人","06","00","04",1,1.04847396165163,0.000377500943752359,0.000397280440302807,"男性 | 40至49歲 | 高中、職 | 雲嘉南區 | 本省閩南人 | 06 | 00 | 04"
"男性","40至49歲","高中、職","雲嘉南區","本省閩南人","06","07","07",1,1.04847396165163,0.000377500943752359,0.000397280440302807,"男性 | 40至49歲 | 高中、職 | 雲嘉南區 | 本省閩南人 | 06 | 07 | 07"
"男性","40至49歲","高中、職","雲嘉南區","本省閩南人","07","09","06",1,1.04847396165163,0.000377500943752359,0.000397280440302807,"男性 | 40至49歲 | 高中、職 | 雲嘉南區 | 本省閩南人 | 07 | 09 | 06"
"男性","40至49歲","高中、職","高屏區","本省閩南人","00","05","00",1,1.50169122265277,0.000377500943752359,0.000569010363590294,"男性 | 40至49歲 | 高中、職 | 高屏區 | 本省閩南人 | 00 | 05 | 00"
"男性","40至49歲","高中、職","高屏區","本省閩南人","02","05","02",1,1.50169122265277,0.000377500943752359,0.000569010363590294,"男性 | 40至49歲 | 高中、職 | 高屏區 | 本省閩南人 | 02 | 05 | 02"
"男性","40至49歲","高中、職","高屏區","本省閩南人","05","00","04",1,1.50169122265277,0.000377500943752359,0.000569010363590294,"男性 | 40至49歲 | 高中、職 | 高屏區 | 本省閩南人 | 05 | 00 | 04"
"男性","40至49歲","高中、職","高屏區","本省閩南人","05","00","05",1,1.50169122265277,0.000377500943752359,0.000569010363590294,"男性 | 40至49歲 | 高中、職 | 高屏區 | 本省閩南人 | 05 | 00 | 05"
"男性","40至49歲","高中、職","高屏區","本省閩南人","05","05","05",1,1.50169122265277,0.000377500943752359,0.000569010363590294,"男性 | 40至49歲 | 高中、職 | 高屏區 | 本省閩南人 | 05 | 05 | 05"
"男性","40至49歲","高中、職","高屏區","本省閩南人","06","08","07",1,1.50169122265277,0.000377500943752359,0.000569010363590294,"男性 | 40至49歲 | 高中、職 | 高屏區 | 本省閩南人 | 06 | 08 | 07"
"男性","50至59歲","國、初中","中彰投區","本省閩南人","05","05","02",1,1.29373198711696,0.000377500943752359,0.000490211900604572,"男性 | 50至59歲 | 國、初中 | 中彰投區 | 本省閩南人 | 05 | 05 | 02"
"男性","50至59歲","國、初中","中彰投區","本省閩南人","06","00","05",1,1.29373198711696,0.000377500943752359,0.000490211900604572,"男性 | 50至59歲 | 國、初中 | 中彰投區 | 本省閩南人 | 06 | 00 | 05"
"男性","50至59歲","國、初中","中彰投區","本省閩南人","07","01","05",1,1.29373198711696,0.000377500943752359,0.000490211900604572,"男性 | 50至59歲 | 國、初中 | 中彰投區 | 本省閩南人 | 07 | 01 | 05"
"男性","50至59歲","國、初中","中彰投區","本省閩南人","08","00","00",1,1.29373198711696,0.000377500943752359,0.000490211900604572,"男性 | 50至59歲 | 國、初中 | 中彰投區 | 本省閩南人 | 08 | 00 | 00"
"男性","50至59歲","國、初中","北北基宜蘭區","本省閩南人","00","07","00",1,1.26347041129433,0.000377500943752359,0.000478745395372404,"男性 | 50至59歲 | 國、初中 | 北北基宜蘭區 | 本省閩南人 | 00 | 07 | 00"
"男性","50至59歲","國、初中","北北基宜蘭區","本省閩南人","02","05","02",1,1.26347041129433,0.000377500943752359,0.000478745395372404,"男性 | 50至59歲 | 國、初中 | 北北基宜蘭區 | 本省閩南人 | 02 | 05 | 02"
"男性","50至59歲","國、初中","北北基宜蘭區","本省閩南人","02","09","00",1,1.26347041129433,0.000377500943752359,0.000478745395372404,"男性 | 50至59歲 | 國、初中 | 北北基宜蘭區 | 本省閩南人 | 02 | 09 | 00"
"男性","50至59歲","國、初中","桃竹苗區","本省客家人","00","08","00",1,1.1894984148171,0.000377500943752359,0.000450716442431828,"男性 | 50至59歲 | 國、初中 | 桃竹苗區 | 本省客家人 | 00 | 08 | 00"
"男性","50至59歲","國、初中","桃竹苗區","本省閩南人","00","09","00",1,1.1894984148171,0.000377500943752359,0.000450716442431828,"男性 | 50至59歲 | 國、初中 | 桃竹苗區 | 本省閩南人 | 00 | 09 | 00"
"男性","50至59歲","國、初中","桃竹苗區","本省閩南人","02","09","02",1,1.1894984148171,0.000377500943752359,0.000450716442431828,"男性 | 50至59歲 | 國、初中 | 桃竹苗區 | 本省閩南人 | 02 | 09 | 02"
"男性","50至59歲","國、初中","桃竹苗區","本省閩南人","05","03","04",1,1.1894984148171,0.000377500943752359,0.000450716442431828,"男性 | 50至59歲 | 國、初中 | 桃竹苗區 | 本省閩南人 | 05 | 03 | 04"
"男性","50至59歲","國、初中","桃竹苗區","本省閩南人","05","05","04",1,1.1894984148171,0.000377500943752359,0.000450716442431828,"男性 | 50至59歲 | 國、初中 | 桃竹苗區 | 本省閩南人 | 05 | 05 | 04"
"男性","50至59歲","國、初中","雲嘉南區","本省閩南人","01","08","02",1,1.11469011013774,0.000377500943752359,0.000422370601420664,"男性 | 50至59歲 | 國、初中 | 雲嘉南區 | 本省閩南人 | 01 | 08 | 02"
"男性","50至59歲","國、初中","雲嘉南區","本省閩南人","01","10","03",1,1.11469011013774,0.000377500943752359,0.000422370601420664,"男性 | 50至59歲 | 國、初中 | 雲嘉南區 | 本省閩南人 | 01 | 10 | 03"
"男性","50至59歲","國、初中","雲嘉南區","本省閩南人","03","08","01",1,1.11469011013774,0.000377500943752359,0.000422370601420664,"男性 | 50至59歲 | 國、初中 | 雲嘉南區 | 本省閩南人 | 03 | 08 | 01"
"男性","50至59歲","國、初中","高屏區","本省閩南人","04","07","04",1,1.59653021018739,0.000377500943752359,0.000604946091232281,"男性 | 50至59歲 | 國、初中 | 高屏區 | 本省閩南人 | 04 | 07 | 04"
"男性","50至59歲","國、初中","高屏區","本省閩南人","05","05","00",1,1.59653021018739,0.000377500943752359,0.000604946091232281,"男性 | 50至59歲 | 國、初中 | 高屏區 | 本省閩南人 | 05 | 05 | 00"
"男性","50至59歲","國、初中","高屏區","本省閩南人","07","04","05",1,1.59653021018739,0.000377500943752359,0.000604946091232281,"男性 | 50至59歲 | 國、初中 | 高屏區 | 本省閩南人 | 07 | 04 | 05"
"男性","50至59歲","大學及以上","中彰投區","大陸各省市","05","04","05",1,0.789436594312472,0.000377500943752359,0.000299127807890964,"男性 | 50至59歲 | 大學及以上 | 中彰投區 | 大陸各省市 | 05 | 04 | 05"
"男性","50至59歲","大學及以上","中彰投區","本省閩南人","00","08","00",1,0.789436594312472,0.000377500943752359,0.000299127807890964,"男性 | 50至59歲 | 大學及以上 | 中彰投區 | 本省閩南人 | 00 | 08 | 00"
"男性","50至59歲","大學及以上","中彰投區","本省閩南人","01","06","00",1,0.789436594312472,0.000377500943752359,0.000299127807890964,"男性 | 50至59歲 | 大學及以上 | 中彰投區 | 本省閩南人 | 01 | 06 | 00"
"男性","50至59歲","大學及以上","中彰投區","本省閩南人","02","08","00",1,0.789436594312472,0.000377500943752359,0.000299127807890964,"男性 | 50至59歲 | 大學及以上 | 中彰投區 | 本省閩南人 | 02 | 08 | 00"
"男性","50至59歲","大學及以上","中彰投區","本省閩南人","03","03","03",1,0.789436594312472,0.000377500943752359,0.000299127807890964,"男性 | 50至59歲 | 大學及以上 | 中彰投區 | 本省閩南人 | 03 | 03 | 03"
"男性","50至59歲","大學及以上","中彰投區","本省閩南人","04","06","03",1,0.789436594312472,0.000377500943752359,0.000299127807890964,"男性 | 50至59歲 | 大學及以上 | 中彰投區 | 本省閩南人 | 04 | 06 | 03"
"男性","50至59歲","大學及以上","中彰投區","本省閩南人","05","03","06",1,0.789436594312472,0.000377500943752359,0.000299127807890964,"男性 | 50至59歲 | 大學及以上 | 中彰投區 | 本省閩南人 | 05 | 03 | 06"
"男性","50至59歲","大學及以上","中彰投區","本省閩南人","05","04","03",1,0.789436594312472,0.000377500943752359,0.000299127807890964,"男性 | 50至59歲 | 大學及以上 | 中彰投區 | 本省閩南人 | 05 | 04 | 03"
"男性","50至59歲","大學及以上","中彰投區","本省閩南人","05","05","04",1,0.789436594312472,0.000377500943752359,0.000299127807890964,"男性 | 50至59歲 | 大學及以上 | 中彰投區 | 本省閩南人 | 05 | 05 | 04"
"男性","50至59歲","大學及以上","中彰投區","本省閩南人","05","05","05",1,0.789436594312472,0.000377500943752359,0.000299127807890964,"男性 | 50至59歲 | 大學及以上 | 中彰投區 | 本省閩南人 | 05 | 05 | 05"
"男性","50至59歲","大學及以上","中彰投區","本省閩南人","06","01","05",1,0.789436594312472,0.000377500943752359,0.000299127807890964,"男性 | 50至59歲 | 大學及以上 | 中彰投區 | 本省閩南人 | 06 | 01 | 05"
"男性","50至59歲","大學及以上","中彰投區","本省閩南人","06","03","05",1,0.789436594312472,0.000377500943752359,0.000299127807890964,"男性 | 50至59歲 | 大學及以上 | 中彰投區 | 本省閩南人 | 06 | 03 | 05"
"男性","50至59歲","大學及以上","中彰投區","本省閩南人","07","06","09",1,0.789436594312472,0.000377500943752359,0.000299127807890964,"男性 | 50至59歲 | 大學及以上 | 中彰投區 | 本省閩南人 | 07 | 06 | 09"
"男性","50至59歲","大學及以上","中彰投區","本省閩南人","07","07","05",1,0.789436594312472,0.000377500943752359,0.000299127807890964,"男性 | 50至59歲 | 大學及以上 | 中彰投區 | 本省閩南人 | 07 | 07 | 05"
"男性","50至59歲","大學及以上","北北基宜蘭區","大陸各省市","00","09","00",1,0.770970949500534,0.000377500943752359,0.000292130934559169,"男性 | 50至59歲 | 大學及以上 | 北北基宜蘭區 | 大陸各省市 | 00 | 09 | 00"
"男性","50至59歲","大學及以上","北北基宜蘭區","大陸各省市","03","02","04",1,0.770970949500534,0.000377500943752359,0.000292130934559169,"男性 | 50至59歲 | 大學及以上 | 北北基宜蘭區 | 大陸各省市 | 03 | 02 | 04"
"男性","50至59歲","大學及以上","北北基宜蘭區","大陸各省市","05","02","05",1,0.770970949500534,0.000377500943752359,0.000292130934559169,"男性 | 50至59歲 | 大學及以上 | 北北基宜蘭區 | 大陸各省市 | 05 | 02 | 05"
"男性","50至59歲","大學及以上","北北基宜蘭區","大陸各省市","07","04","05",1,0.770970949500534,0.000377500943752359,0.000292130934559169,"男性 | 50至59歲 | 大學及以上 | 北北基宜蘭區 | 大陸各省市 | 07 | 04 | 05"
"男性","50至59歲","大學及以上","北北基宜蘭區","大陸各省市","08","00","06",1,0.770970949500534,0.000377500943752359,0.000292130934559169,"男性 | 50至59歲 | 大學及以上 | 北北基宜蘭區 | 大陸各省市 | 08 | 00 | 06"
"男性","50至59歲","大學及以上","北北基宜蘭區","大陸各省市","08","02","05",1,0.770970949500534,0.000377500943752359,0.000292130934559169,"男性 | 50至59歲 | 大學及以上 | 北北基宜蘭區 | 大陸各省市 | 08 | 02 | 05"
"男性","50至59歲","大學及以上","北北基宜蘭區","本省客家人","00","08","03",1,0.770970949500534,0.000377500943752359,0.000292130934559169,"男性 | 50至59歲 | 大學及以上 | 北北基宜蘭區 | 本省客家人 | 00 | 08 | 03"
"男性","50至59歲","大學及以上","北北基宜蘭區","本省客家人","02","05","10",1,0.770970949500534,0.000377500943752359,0.000292130934559169,"男性 | 50至59歲 | 大學及以上 | 北北基宜蘭區 | 本省客家人 | 02 | 05 | 10"
"男性","50至59歲","大學及以上","北北基宜蘭區","本省閩南人","00","05","03",1,0.770970949500534,0.000377500943752359,0.000292130934559169,"男性 | 50至59歲 | 大學及以上 | 北北基宜蘭區 | 本省閩南人 | 00 | 05 | 03"
"男性","50至59歲","大學及以上","北北基宜蘭區","本省閩南人","00","06","00",1,0.770970949500534,0.000377500943752359,0.000292130934559169,"男性 | 50至59歲 | 大學及以上 | 北北基宜蘭區 | 本省閩南人 | 00 | 06 | 00"
"男性","50至59歲","大學及以上","北北基宜蘭區","本省閩南人","00","07","00",1,0.770970949500534,0.000377500943752359,0.000292130934559169,"男性 | 50至59歲 | 大學及以上 | 北北基宜蘭區 | 本省閩南人 | 00 | 07 | 00"
"男性","50至59歲","大學及以上","北北基宜蘭區","本省閩南人","00","09","00",1,0.770970949500534,0.000377500943752359,0.000292130934559169,"男性 | 50至59歲 | 大學及以上 | 北北基宜蘭區 | 本省閩南人 | 00 | 09 | 00"
"男性","50至59歲","大學及以上","北北基宜蘭區","本省閩南人","01","09","00",1,0.770970949500534,0.000377500943752359,0.000292130934559169,"男性 | 50至59歲 | 大學及以上 | 北北基宜蘭區 | 本省閩南人 | 01 | 09 | 00"
"男性","50至59歲","大學及以上","北北基宜蘭區","本省閩南人","02","06","06",1,0.770970949500534,0.000377500943752359,0.000292130934559169,"男性 | 50至59歲 | 大學及以上 | 北北基宜蘭區 | 本省閩南人 | 02 | 06 | 06"
"男性","50至59歲","大學及以上","北北基宜蘭區","本省閩南人","02","08","02",1,0.770970949500534,0.000377500943752359,0.000292130934559169,"男性 | 50至59歲 | 大學及以上 | 北北基宜蘭區 | 本省閩南人 | 02 | 08 | 02"
"男性","50至59歲","大學及以上","北北基宜蘭區","本省閩南人","03","00","03",1,0.770970949500534,0.000377500943752359,0.000292130934559169,"男性 | 50至59歲 | 大學及以上 | 北北基宜蘭區 | 本省閩南人 | 03 | 00 | 03"
"男性","50至59歲","大學及以上","北北基宜蘭區","本省閩南人","03","03","03",1,0.770970949500534,0.000377500943752359,0.000292130934559169,"男性 | 50至59歲 | 大學及以上 | 北北基宜蘭區 | 本省閩南人 | 03 | 03 | 03"
"男性","50至59歲","大學及以上","北北基宜蘭區","本省閩南人","03","03","04",1,0.770970949500534,0.000377500943752359,0.000292130934559169,"男性 | 50至59歲 | 大學及以上 | 北北基宜蘭區 | 本省閩南人 | 03 | 03 | 04"
"男性","50至59歲","大學及以上","北北基宜蘭區","本省閩南人","03","08","00",1,0.770970949500534,0.000377500943752359,0.000292130934559169,"男性 | 50至59歲 | 大學及以上 | 北北基宜蘭區 | 本省閩南人 | 03 | 08 | 00"
"男性","50至59歲","大學及以上","北北基宜蘭區","本省閩南人","04","06","04",1,0.770970949500534,0.000377500943752359,0.000292130934559169,"男性 | 50至59歲 | 大學及以上 | 北北基宜蘭區 | 本省閩南人 | 04 | 06 | 04"
"男性","50至59歲","大學及以上","北北基宜蘭區","本省閩南人","04","08","04",1,0.770970949500534,0.000377500943752359,0.000292130934559169,"男性 | 50至59歲 | 大學及以上 | 北北基宜蘭區 | 本省閩南人 | 04 | 08 | 04"
"男性","50至59歲","大學及以上","北北基宜蘭區","本省閩南人","05","05","04",1,0.770970949500534,0.000377500943752359,0.000292130934559169,"男性 | 50至59歲 | 大學及以上 | 北北基宜蘭區 | 本省閩南人 | 05 | 05 | 04"
"男性","50至59歲","大學及以上","北北基宜蘭區","本省閩南人","05","05","05",1,0.770970949500534,0.000377500943752359,0.000292130934559169,"男性 | 50至59歲 | 大學及以上 | 北北基宜蘭區 | 本省閩南人 | 05 | 05 | 05"
"男性","50至59歲","大學及以上","北北基宜蘭區","本省閩南人","06","04","07",1,0.770970949500534,0.000377500943752359,0.000292130934559169,"男性 | 50至59歲 | 大學及以上 | 北北基宜蘭區 | 本省閩南人 | 06 | 04 | 07"
"男性","50至59歲","大學及以上","北北基宜蘭區","本省閩南人","07","00","06",1,0.770970949500534,0.000377500943752359,0.000292130934559169,"男性 | 50至59歲 | 大學及以上 | 北北基宜蘭區 | 本省閩南人 | 07 | 00 | 06"
"男性","50至59歲","大學及以上","北北基宜蘭區","本省閩南人","07","01","07",1,0.770970949500534,0.000377500943752359,0.000292130934559169,"男性 | 50至59歲 | 大學及以上 | 北北基宜蘭區 | 本省閩南人 | 07 | 01 | 07"
"男性","50至59歲","大學及以上","北北基宜蘭區","本省閩南人","08","00","06",1,0.770970949500534,0.000377500943752359,0.000292130934559169,"男性 | 50至59歲 | 大學及以上 | 北北基宜蘭區 | 本省閩南人 | 08 | 00 | 06"
"男性","50至59歲","大學及以上","北北基宜蘭區","本省閩南人","08","08","00",1,0.770970949500534,0.000377500943752359,0.000292130934559169,"男性 | 50至59歲 | 大學及以上 | 北北基宜蘭區 | 本省閩南人 | 08 | 08 | 00"
"男性","50至59歲","大學及以上","桃竹苗區","大陸各省市","03","04","05",1,0.725833160874302,0.000377500943752359,0.000275027638535035,"男性 | 50至59歲 | 大學及以上 | 桃竹苗區 | 大陸各省市 | 03 | 04 | 05"
"男性","50至59歲","大學及以上","桃竹苗區","大陸各省市","05","00","00",1,0.725833160874302,0.000377500943752359,0.000275027638535035,"男性 | 50至59歲 | 大學及以上 | 桃竹苗區 | 大陸各省市 | 05 | 00 | 00"
"男性","50至59歲","大學及以上","桃竹苗區","大陸各省市","07","01","06",1,0.725833160874302,0.000377500943752359,0.000275027638535035,"男性 | 50至59歲 | 大學及以上 | 桃竹苗區 | 大陸各省市 | 07 | 01 | 06"
"男性","50至59歲","大學及以上","桃竹苗區","大陸各省市","07","04","06",1,0.725833160874302,0.000377500943752359,0.000275027638535035,"男性 | 50至59歲 | 大學及以上 | 桃竹苗區 | 大陸各省市 | 07 | 04 | 06"
"男性","50至59歲","大學及以上","桃竹苗區","本省客家人","03","04","03",1,0.725833160874302,0.000377500943752359,0.000275027638535035,"男性 | 50至59歲 | 大學及以上 | 桃竹苗區 | 本省客家人 | 03 | 04 | 03"
"男性","50至59歲","大學及以上","桃竹苗區","本省客家人","04","04","04",1,0.725833160874302,0.000377500943752359,0.000275027638535035,"男性 | 50至59歲 | 大學及以上 | 桃竹苗區 | 本省客家人 | 04 | 04 | 04"
"男性","50至59歲","大學及以上","桃竹苗區","本省客家人","05","04","06",1,0.725833160874302,0.000377500943752359,0.000275027638535035,"男性 | 50至59歲 | 大學及以上 | 桃竹苗區 | 本省客家人 | 05 | 04 | 06"
"男性","50至59歲","大學及以上","桃竹苗區","本省客家人","06","05","05",1,0.725833160874302,0.000377500943752359,0.000275027638535035,"男性 | 50至59歲 | 大學及以上 | 桃竹苗區 | 本省客家人 | 06 | 05 | 05"
"男性","50至59歲","大學及以上","桃竹苗區","本省閩南人","00","07","01",1,0.725833160874302,0.000377500943752359,0.000275027638535035,"男性 | 50至59歲 | 大學及以上 | 桃竹苗區 | 本省閩南人 | 00 | 07 | 01"
"男性","50至59歲","大學及以上","桃竹苗區","本省閩南人","00","10","00",1,0.725833160874302,0.000377500943752359,0.000275027638535035,"男性 | 50至59歲 | 大學及以上 | 桃竹苗區 | 本省閩南人 | 00 | 10 | 00"
"男性","50至59歲","大學及以上","桃竹苗區","本省閩南人","01","08","02",1,0.725833160874302,0.000377500943752359,0.000275027638535035,"男性 | 50至59歲 | 大學及以上 | 桃竹苗區 | 本省閩南人 | 01 | 08 | 02"
"男性","50至59歲","大學及以上","桃竹苗區","本省閩南人","02","04","07",1,0.725833160874302,0.000377500943752359,0.000275027638535035,"男性 | 50至59歲 | 大學及以上 | 桃竹苗區 | 本省閩南人 | 02 | 04 | 07"
"男性","50至59歲","大學及以上","桃竹苗區","本省閩南人","02","08","02",1,0.725833160874302,0.000377500943752359,0.000275027638535035,"男性 | 50至59歲 | 大學及以上 | 桃竹苗區 | 本省閩南人 | 02 | 08 | 02"
"男性","50至59歲","大學及以上","桃竹苗區","本省閩南人","06","00","06",1,0.725833160874302,0.000377500943752359,0.000275027638535035,"男性 | 50至59歲 | 大學及以上 | 桃竹苗區 | 本省閩南人 | 06 | 00 | 06"
"男性","50至59歲","大學及以上","花東區","原住民","05","05","03",1,0.610574326467957,0.000377500943752359,0.000231354564947581,"男性 | 50至59歲 | 大學及以上 | 花東區 | 原住民 | 05 | 05 | 03"
"男性","50至59歲","大學及以上","花東區","本省閩南人","07","03","06",1,0.610574326467957,0.000377500943752359,0.000231354564947581,"男性 | 50至59歲 | 大學及以上 | 花東區 | 本省閩南人 | 07 | 03 | 06"
"男性","50至59歲","大學及以上","花東區","本省閩南人","08","00","06",1,0.610574326467957,0.000377500943752359,0.000231354564947581,"男性 | 50至59歲 | 大學及以上 | 花東區 | 本省閩南人 | 08 | 00 | 06"
"男性","50至59歲","大學及以上","雲嘉南區","大陸各省市","00","07","00",1,0.680185056119647,0.000377500943752359,0.000257730977083041,"男性 | 50至59歲 | 大學及以上 | 雲嘉南區 | 大陸各省市 | 00 | 07 | 00"
"男性","50至59歲","大學及以上","雲嘉南區","大陸各省市","06","06","06",1,0.680185056119647,0.000377500943752359,0.000257730977083041,"男性 | 50至59歲 | 大學及以上 | 雲嘉南區 | 大陸各省市 | 06 | 06 | 06"
"男性","50至59歲","大學及以上","雲嘉南區","大陸各省市","07","00","03",1,0.680185056119647,0.000377500943752359,0.000257730977083041,"男性 | 50至59歲 | 大學及以上 | 雲嘉南區 | 大陸各省市 | 07 | 00 | 03"
"男性","50至59歲","大學及以上","雲嘉南區","大陸各省市","10","00","09",1,0.680185056119647,0.000377500943752359,0.000257730977083041,"男性 | 50至59歲 | 大學及以上 | 雲嘉南區 | 大陸各省市 | 10 | 00 | 09"
"男性","50至59歲","大學及以上","雲嘉南區","本省閩南人","00","04","00",1,0.680185056119647,0.000377500943752359,0.000257730977083041,"男性 | 50至59歲 | 大學及以上 | 雲嘉南區 | 本省閩南人 | 00 | 04 | 00"
"男性","50至59歲","大學及以上","雲嘉南區","本省閩南人","00","06","02",1,0.680185056119647,0.000377500943752359,0.000257730977083041,"男性 | 50至59歲 | 大學及以上 | 雲嘉南區 | 本省閩南人 | 00 | 06 | 02"
"男性","50至59歲","大學及以上","雲嘉南區","本省閩南人","01","07","00",1,0.680185056119647,0.000377500943752359,0.000257730977083041,"男性 | 50至59歲 | 大學及以上 | 雲嘉南區 | 本省閩南人 | 01 | 07 | 00"
"男性","50至59歲","大學及以上","雲嘉南區","本省閩南人","02","08","03",1,0.680185056119647,0.000377500943752359,0.000257730977083041,"男性 | 50至59歲 | 大學及以上 | 雲嘉南區 | 本省閩南人 | 02 | 08 | 03"
"男性","50至59歲","大學及以上","雲嘉南區","本省閩南人","03","06","01",1,0.680185056119647,0.000377500943752359,0.000257730977083041,"男性 | 50至59歲 | 大學及以上 | 雲嘉南區 | 本省閩南人 | 03 | 06 | 01"
"男性","50至59歲","大學及以上","雲嘉南區","本省閩南人","05","05","03",1,0.680185056119647,0.000377500943752359,0.000257730977083041,"男性 | 50至59歲 | 大學及以上 | 雲嘉南區 | 本省閩南人 | 05 | 05 | 03"
"男性","50至59歲","大學及以上","雲嘉南區","本省閩南人","06","07","07",1,0.680185056119647,0.000377500943752359,0.000257730977083041,"男性 | 50至59歲 | 大學及以上 | 雲嘉南區 | 本省閩南人 | 06 | 07 | 07"
"男性","50至59歲","大學及以上","雲嘉南區","本省閩南人","08","05","05",1,0.680185056119647,0.000377500943752359,0.000257730977083041,"男性 | 50至59歲 | 大學及以上 | 雲嘉南區 | 本省閩南人 | 08 | 05 | 05"
"男性","50至59歲","大學及以上","高屏區","大陸各省市","05","03","02",1,0.974204382668143,0.000377500943752359,0.000369138729474638,"男性 | 50至59歲 | 大學及以上 | 高屏區 | 大陸各省市 | 05 | 03 | 02"
"男性","50至59歲","大學及以上","高屏區","本省客家人","03","00","02",1,0.974204382668143,0.000377500943752359,0.000369138729474638,"男性 | 50至59歲 | 大學及以上 | 高屏區 | 本省客家人 | 03 | 00 | 02"
"男性","50至59歲","大學及以上","高屏區","本省閩南人","00","09","00",1,0.974204382668143,0.000377500943752359,0.000369138729474638,"男性 | 50至59歲 | 大學及以上 | 高屏區 | 本省閩南人 | 00 | 09 | 00"
"男性","50至59歲","大學及以上","高屏區","本省閩南人","01","08","00",1,0.974204382668143,0.000377500943752359,0.000369138729474638,"男性 | 50至59歲 | 大學及以上 | 高屏區 | 本省閩南人 | 01 | 08 | 00"
"男性","50至59歲","大學及以上","高屏區","本省閩南人","02","07","04",1,0.974204382668143,0.000377500943752359,0.000369138729474638,"男性 | 50至59歲 | 大學及以上 | 高屏區 | 本省閩南人 | 02 | 07 | 04"
"男性","50至59歲","大學及以上","高屏區","本省閩南人","05","08","02",1,0.974204382668143,0.000377500943752359,0.000369138729474638,"男性 | 50至59歲 | 大學及以上 | 高屏區 | 本省閩南人 | 05 | 08 | 02"
"男性","50至59歲","大學及以上","高屏區","本省閩南人","06","02","00",1,0.974204382668143,0.000377500943752359,0.000369138729474638,"男性 | 50至59歲 | 大學及以上 | 高屏區 | 本省閩南人 | 06 | 02 | 00"
"男性","50至59歲","大學及以上","高屏區","本省閩南人","06","03","08",1,0.974204382668143,0.000377500943752359,0.000369138729474638,"男性 | 50至59歲 | 大學及以上 | 高屏區 | 本省閩南人 | 06 | 03 | 08"
"男性","50至59歲","大學及以上","高屏區","本省閩南人","06","04","05",1,0.974204382668143,0.000377500943752359,0.000369138729474638,"男性 | 50至59歲 | 大學及以上 | 高屏區 | 本省閩南人 | 06 | 04 | 05"
"男性","50至59歲","大學及以上","高屏區","本省閩南人","07","03","04",1,0.974204382668143,0.000377500943752359,0.000369138729474638,"男性 | 50至59歲 | 大學及以上 | 高屏區 | 本省閩南人 | 07 | 03 | 04"
"男性","50至59歲","專科","中彰投區","台灣人","00","04","06",1,0.854406702833387,0.000377500943752359,0.000323745828236505,"男性 | 50至59歲 | 專科 | 中彰投區 | 台灣人 | 00 | 04 | 06"
"男性","50至59歲","專科","中彰投區","大陸各省市","03","00","04",1,0.854406702833387,0.000377500943752359,0.000323745828236505,"男性 | 50至59歲 | 專科 | 中彰投區 | 大陸各省市 | 03 | 00 | 04"
"男性","50至59歲","專科","中彰投區","大陸各省市","05","00","08",1,0.854406702833387,0.000377500943752359,0.000323745828236505,"男性 | 50至59歲 | 專科 | 中彰投區 | 大陸各省市 | 05 | 00 | 08"
"男性","50至59歲","專科","中彰投區","大陸各省市","05","05","05",1,0.854406702833387,0.000377500943752359,0.000323745828236505,"男性 | 50至59歲 | 專科 | 中彰投區 | 大陸各省市 | 05 | 05 | 05"
"男性","50至59歲","專科","中彰投區","大陸各省市","07","05","06",1,0.854406702833387,0.000377500943752359,0.000323745828236505,"男性 | 50至59歲 | 專科 | 中彰投區 | 大陸各省市 | 07 | 05 | 06"
"男性","50至59歲","專科","中彰投區","本省閩南人","00","08","00",1,0.854406702833387,0.000377500943752359,0.000323745828236505,"男性 | 50至59歲 | 專科 | 中彰投區 | 本省閩南人 | 00 | 08 | 00"
"男性","50至59歲","專科","中彰投區","本省閩南人","06","05","03",1,0.854406702833387,0.000377500943752359,0.000323745828236505,"男性 | 50至59歲 | 專科 | 中彰投區 | 本省閩南人 | 06 | 05 | 03"
"男性","50至59歲","專科","中彰投區","本省閩南人","06","07","04",1,0.854406702833387,0.000377500943752359,0.000323745828236505,"男性 | 50至59歲 | 專科 | 中彰投區 | 本省閩南人 | 06 | 07 | 04"
"男性","50至59歲","專科","中彰投區","本省閩南人","06","07","05",1,0.854406702833387,0.000377500943752359,0.000323745828236505,"男性 | 50至59歲 | 專科 | 中彰投區 | 本省閩南人 | 06 | 07 | 05"
"男性","50至59歲","專科","北北基宜蘭區","原住民","06","07","05",1,0.834421347691344,0.000377500943752359,0.000316173116866609,"男性 | 50至59歲 | 專科 | 北北基宜蘭區 | 原住民 | 06 | 07 | 05"
"男性","50至59歲","專科","北北基宜蘭區","大陸各省市","05","05","05",1,0.834421347691344,0.000377500943752359,0.000316173116866609,"男性 | 50至59歲 | 專科 | 北北基宜蘭區 | 大陸各省市 | 05 | 05 | 05"
"男性","50至59歲","專科","北北基宜蘭區","本省客家人","01","05","01",1,0.834421347691344,0.000377500943752359,0.000316173116866609,"男性 | 50至59歲 | 專科 | 北北基宜蘭區 | 本省客家人 | 01 | 05 | 01"
"男性","50至59歲","專科","北北基宜蘭區","本省客家人","06","01","05",1,0.834421347691344,0.000377500943752359,0.000316173116866609,"男性 | 50至59歲 | 專科 | 北北基宜蘭區 | 本省客家人 | 06 | 01 | 05"
"男性","50至59歲","專科","北北基宜蘭區","本省客家人","07","03","05",1,0.834421347691344,0.000377500943752359,0.000316173116866609,"男性 | 50至59歲 | 專科 | 北北基宜蘭區 | 本省客家人 | 07 | 03 | 05"
"男性","50至59歲","專科","北北基宜蘭區","本省閩南人","00","09","00",1,0.834421347691344,0.000377500943752359,0.000316173116866609,"男性 | 50至59歲 | 專科 | 北北基宜蘭區 | 本省閩南人 | 00 | 09 | 00"
"男性","50至59歲","專科","北北基宜蘭區","本省閩南人","02","09","02",1,0.834421347691344,0.000377500943752359,0.000316173116866609,"男性 | 50至59歲 | 專科 | 北北基宜蘭區 | 本省閩南人 | 02 | 09 | 02"
"男性","50至59歲","專科","北北基宜蘭區","本省閩南人","03","03","05",1,0.834421347691344,0.000377500943752359,0.000316173116866609,"男性 | 50至59歲 | 專科 | 北北基宜蘭區 | 本省閩南人 | 03 | 03 | 05"
"男性","50至59歲","專科","北北基宜蘭區","本省閩南人","05","03","06",1,0.834421347691344,0.000377500943752359,0.000316173116866609,"男性 | 50至59歲 | 專科 | 北北基宜蘭區 | 本省閩南人 | 05 | 03 | 06"
"男性","50至59歲","專科","北北基宜蘭區","本省閩南人","05","06","05",1,0.834421347691344,0.000377500943752359,0.000316173116866609,"男性 | 50至59歲 | 專科 | 北北基宜蘭區 | 本省閩南人 | 05 | 06 | 05"
"男性","50至59歲","專科","北北基宜蘭區","本省閩南人","05","08","01",1,0.834421347691344,0.000377500943752359,0.000316173116866609,"男性 | 50至59歲 | 專科 | 北北基宜蘭區 | 本省閩南人 | 05 | 08 | 01"
"男性","50至59歲","專科","北北基宜蘭區","本省閩南人","06","04","05",1,0.834421347691344,0.000377500943752359,0.000316173116866609,"男性 | 50至59歲 | 專科 | 北北基宜蘭區 | 本省閩南人 | 06 | 04 | 05"
"男性","50至59歲","專科","桃竹苗區","大陸各省市","05","03","05",1,0.78556874897578,0.000377500943752359,0.000297662230914723,"男性 | 50至59歲 | 專科 | 桃竹苗區 | 大陸各省市 | 05 | 03 | 05"
"男性","50至59歲","專科","桃竹苗區","大陸各省市","06","00","05",1,0.78556874897578,0.000377500943752359,0.000297662230914723,"男性 | 50至59歲 | 專科 | 桃竹苗區 | 大陸各省市 | 06 | 00 | 05"
"男性","50至59歲","專科","桃竹苗區","大陸各省市","06","01","06",1,0.78556874897578,0.000377500943752359,0.000297662230914723,"男性 | 50至59歲 | 專科 | 桃竹苗區 | 大陸各省市 | 06 | 01 | 06"
"男性","50至59歲","專科","桃竹苗區","本省客家人","02","08","04",1,0.78556874897578,0.000377500943752359,0.000297662230914723,"男性 | 50至59歲 | 專科 | 桃竹苗區 | 本省客家人 | 02 | 08 | 04"
"男性","50至59歲","專科","桃竹苗區","本省客家人","03","05","02",1,0.78556874897578,0.000377500943752359,0.000297662230914723,"男性 | 50至59歲 | 專科 | 桃竹苗區 | 本省客家人 | 03 | 05 | 02"
"男性","50至59歲","專科","桃竹苗區","本省客家人","07","03","07",1,0.78556874897578,0.000377500943752359,0.000297662230914723,"男性 | 50至59歲 | 專科 | 桃竹苗區 | 本省客家人 | 07 | 03 | 07"
"男性","50至59歲","專科","桃竹苗區","本省客家人","10","10","10",1,0.78556874897578,0.000377500943752359,0.000297662230914723,"男性 | 50至59歲 | 專科 | 桃竹苗區 | 本省客家人 | 10 | 10 | 10"
"男性","50至59歲","專科","桃竹苗區","本省閩南人","00","09","01",1,0.78556874897578,0.000377500943752359,0.000297662230914723,"男性 | 50至59歲 | 專科 | 桃竹苗區 | 本省閩南人 | 00 | 09 | 01"
"男性","50至59歲","專科","桃竹苗區","本省閩南人","01","03","05",1,0.78556874897578,0.000377500943752359,0.000297662230914723,"男性 | 50至59歲 | 專科 | 桃竹苗區 | 本省閩南人 | 01 | 03 | 05"
"男性","50至59歲","專科","桃竹苗區","本省閩南人","04","06","05",1,0.78556874897578,0.000377500943752359,0.000297662230914723,"男性 | 50至59歲 | 專科 | 桃竹苗區 | 本省閩南人 | 04 | 06 | 05"
"男性","50至59歲","專科","桃竹苗區","本省閩南人","05","05","05",1,0.78556874897578,0.000377500943752359,0.000297662230914723,"男性 | 50至59歲 | 專科 | 桃竹苗區 | 本省閩南人 | 05 | 05 | 05"
"男性","50至59歲","專科","桃竹苗區","本省閩南人","06","03","04",1,0.78556874897578,0.000377500943752359,0.000297662230914723,"男性 | 50至59歲 | 專科 | 桃竹苗區 | 本省閩南人 | 06 | 03 | 04"
"男性","50至59歲","專科","桃竹苗區","本省閩南人","06","03","05",1,0.78556874897578,0.000377500943752359,0.000297662230914723,"男性 | 50至59歲 | 專科 | 桃竹苗區 | 本省閩南人 | 06 | 03 | 05"
"男性","50至59歲","專科","桃竹苗區","本省閩南人","06","04","05",1,0.78556874897578,0.000377500943752359,0.000297662230914723,"男性 | 50至59歲 | 專科 | 桃竹苗區 | 本省閩南人 | 06 | 04 | 05"
"男性","50至59歲","專科","桃竹苗區","本省閩南人","06","05","06",1,0.78556874897578,0.000377500943752359,0.000297662230914723,"男性 | 50至59歲 | 專科 | 桃竹苗區 | 本省閩南人 | 06 | 05 | 06"
"男性","50至59歲","專科","桃竹苗區","本省閩南人","07","01","06",1,0.78556874897578,0.000377500943752359,0.000297662230914723,"男性 | 50至59歲 | 專科 | 桃竹苗區 | 本省閩南人 | 07 | 01 | 06"
"男性","50至59歲","專科","桃竹苗區","本省閩南人","07","03","03",1,0.78556874897578,0.000377500943752359,0.000297662230914723,"男性 | 50至59歲 | 專科 | 桃竹苗區 | 本省閩南人 | 07 | 03 | 03"
"男性","50至59歲","專科","花東區","大陸各省市","08","00","06",1,0.660824189,0.000377500943752359,0.000250394892358705,"男性 | 50至59歲 | 專科 | 花東區 | 大陸各省市 | 08 | 00 | 06"
"男性","50至59歲","專科","花東區","本省客家人","08","03","06",1,0.660824189,0.000377500943752359,0.000250394892358705,"男性 | 50至59歲 | 專科 | 花東區 | 本省客家人 | 08 | 03 | 06"
"男性","50至59歲","專科","花東區","本省閩南人","00","01","00",1,0.660824189,0.000377500943752359,0.000250394892358705,"男性 | 50至59歲 | 專科 | 花東區 | 本省閩南人 | 00 | 01 | 00"
"男性","50至59歲","專科","花東區","本省閩南人","04","08","02",1,0.660824189,0.000377500943752359,0.000250394892358705,"男性 | 50至59歲 | 專科 | 花東區 | 本省閩南人 | 04 | 08 | 02"
"男性","50至59歲","專科","花東區","本省閩南人","06","00","03",1,0.660824189,0.000377500943752359,0.000250394892358705,"男性 | 50至59歲 | 專科 | 花東區 | 本省閩南人 | 06 | 00 | 03"
"男性","50至59歲","專科","花東區","本省閩南人","06","02","05",1,0.660824189,0.000377500943752359,0.000250394892358705,"男性 | 50至59歲 | 專科 | 花東區 | 本省閩南人 | 06 | 02 | 05"
"男性","50至59歲","專科","花東區","本省閩南人","09","02","06",1,0.660824189,0.000377500943752359,0.000250394892358705,"男性 | 50至59歲 | 專科 | 花東區 | 本省閩南人 | 09 | 02 | 06"
"男性","50至59歲","專科","雲嘉南區","大陸各省市","05","05","05",1,0.736163835452628,0.000377500943752359,0.000278942065688416,"男性 | 50至59歲 | 專科 | 雲嘉南區 | 大陸各省市 | 05 | 05 | 05"
"男性","50至59歲","專科","雲嘉南區","本省閩南人","00","06","00",1,0.736163835452628,0.000377500943752359,0.000278942065688416,"男性 | 50至59歲 | 專科 | 雲嘉南區 | 本省閩南人 | 00 | 06 | 00"
"男性","50至59歲","專科","雲嘉南區","本省閩南人","03","06","00",1,0.736163835452628,0.000377500943752359,0.000278942065688416,"男性 | 50至59歲 | 專科 | 雲嘉南區 | 本省閩南人 | 03 | 06 | 00"
"男性","50至59歲","專科","雲嘉南區","本省閩南人","03","07","01",1,0.736163835452628,0.000377500943752359,0.000278942065688416,"男性 | 50至59歲 | 專科 | 雲嘉南區 | 本省閩南人 | 03 | 07 | 01"
"男性","50至59歲","專科","雲嘉南區","本省閩南人","05","06","03",1,0.736163835452628,0.000377500943752359,0.000278942065688416,"男性 | 50至59歲 | 專科 | 雲嘉南區 | 本省閩南人 | 05 | 06 | 03"
"男性","50至59歲","專科","雲嘉南區","本省閩南人","06","03","07",1,0.736163835452628,0.000377500943752359,0.000278942065688416,"男性 | 50至59歲 | 專科 | 雲嘉南區 | 本省閩南人 | 06 | 03 | 07"
"男性","50至59歲","專科","雲嘉南區","本省閩南人","06","05","04",1,0.736163835452628,0.000377500943752359,0.000278942065688416,"男性 | 50至59歲 | 專科 | 雲嘉南區 | 本省閩南人 | 06 | 05 | 04"
"男性","50至59歲","專科","雲嘉南區","本省閩南人","07","03","05",1,0.736163835452628,0.000377500943752359,0.000278942065688416,"男性 | 50至59歲 | 專科 | 雲嘉南區 | 本省閩南人 | 07 | 03 | 05"
"男性","50至59歲","專科","雲嘉南區","本省閩南人","10","04","05",1,0.736163835452628,0.000377500943752359,0.000278942065688416,"男性 | 50至59歲 | 專科 | 雲嘉南區 | 本省閩南人 | 10 | 04 | 05"
"男性","50至59歲","專科","高屏區","大陸各省市","05","03","06",1,1.05438075771778,0.000377500943752359,0.000399518602267496,"男性 | 50至59歲 | 專科 | 高屏區 | 大陸各省市 | 05 | 03 | 06"
"男性","50至59歲","專科","高屏區","大陸各省市","06","02","04",1,1.05438075771778,0.000377500943752359,0.000399518602267496,"男性 | 50至59歲 | 專科 | 高屏區 | 大陸各省市 | 06 | 02 | 04"
"男性","50至59歲","專科","高屏區","本省閩南人","05","04","07",1,1.05438075771778,0.000377500943752359,0.000399518602267496,"男性 | 50至59歲 | 專科 | 高屏區 | 本省閩南人 | 05 | 04 | 07"
"男性","50至59歲","專科","高屏區","本省閩南人","06","00","04",1,1.05438075771778,0.000377500943752359,0.000399518602267496,"男性 | 50至59歲 | 專科 | 高屏區 | 本省閩南人 | 06 | 00 | 04"
"男性","50至59歲","專科","高屏區","本省閩南人","06","05","04",1,1.05438075771778,0.000377500943752359,0.000399518602267496,"男性 | 50至59歲 | 專科 | 高屏區 | 本省閩南人 | 06 | 05 | 04"
"男性","50至59歲","小學及以下","雲嘉南區","本省閩南人","04","08","01",1,1.07642869216682,0.000377500943752359,0.000407872851801633,"男性 | 50至59歲 | 小學及以下 | 雲嘉南區 | 本省閩南人 | 04 | 08 | 01"
"男性","50至59歲","高中、職","中彰投區","本省閩南人","00","00","00",1,1.09882692252742,0.000377500943752359,0.00041635983301922,"男性 | 50至59歲 | 高中、職 | 中彰投區 | 本省閩南人 | 00 | 00 | 00"
"男性","50至59歲","高中、職","中彰投區","本省閩南人","00","06","00",1,1.09882692252742,0.000377500943752359,0.00041635983301922,"男性 | 50至59歲 | 高中、職 | 中彰投區 | 本省閩南人 | 00 | 06 | 00"
"男性","50至59歲","高中、職","中彰投區","本省閩南人","00","07","00",1,1.09882692252742,0.000377500943752359,0.00041635983301922,"男性 | 50至59歲 | 高中、職 | 中彰投區 | 本省閩南人 | 00 | 07 | 00"
"男性","50至59歲","高中、職","中彰投區","本省閩南人","04","03","02",1,1.09882692252742,0.000377500943752359,0.00041635983301922,"男性 | 50至59歲 | 高中、職 | 中彰投區 | 本省閩南人 | 04 | 03 | 02"
"男性","50至59歲","高中、職","中彰投區","本省閩南人","05","04","03",1,1.09882692252742,0.000377500943752359,0.00041635983301922,"男性 | 50至59歲 | 高中、職 | 中彰投區 | 本省閩南人 | 05 | 04 | 03"
"男性","50至59歲","高中、職","中彰投區","本省閩南人","05","06","03",1,1.09882692252742,0.000377500943752359,0.00041635983301922,"男性 | 50至59歲 | 高中、職 | 中彰投區 | 本省閩南人 | 05 | 06 | 03"
"男性","50至59歲","高中、職","中彰投區","本省閩南人","06","03","05",1,1.09882692252742,0.000377500943752359,0.00041635983301922,"男性 | 50至59歲 | 高中、職 | 中彰投區 | 本省閩南人 | 06 | 03 | 05"
"男性","50至59歲","高中、職","北北基宜蘭區","大陸各省市","07","02","04",1,1.07312435463613,0.000377500943752359,0.000406620795272703,"男性 | 50至59歲 | 高中、職 | 北北基宜蘭區 | 大陸各省市 | 07 | 02 | 04"
"男性","50至59歲","高中、職","北北基宜蘭區","大陸各省市","07","03","05",1,1.07312435463613,0.000377500943752359,0.000406620795272703,"男性 | 50至59歲 | 高中、職 | 北北基宜蘭區 | 大陸各省市 | 07 | 03 | 05"
"男性","50至59歲","高中、職","北北基宜蘭區","大陸各省市","08","08","08",1,1.07312435463613,0.000377500943752359,0.000406620795272703,"男性 | 50至59歲 | 高中、職 | 北北基宜蘭區 | 大陸各省市 | 08 | 08 | 08"
"男性","50至59歲","高中、職","北北基宜蘭區","大陸各省市","10","00","07",1,1.07312435463613,0.000377500943752359,0.000406620795272703,"男性 | 50至59歲 | 高中、職 | 北北基宜蘭區 | 大陸各省市 | 10 | 00 | 07"
"男性","50至59歲","高中、職","北北基宜蘭區","本省客家人","00","05","00",1,1.07312435463613,0.000377500943752359,0.000406620795272703,"男性 | 50至59歲 | 高中、職 | 北北基宜蘭區 | 本省客家人 | 00 | 05 | 00"
"男性","50至59歲","高中、職","北北基宜蘭區","本省客家人","05","03","01",1,1.07312435463613,0.000377500943752359,0.000406620795272703,"男性 | 50至59歲 | 高中、職 | 北北基宜蘭區 | 本省客家人 | 05 | 03 | 01"
"男性","50至59歲","高中、職","北北基宜蘭區","本省客家人","05","05","05",1,1.07312435463613,0.000377500943752359,0.000406620795272703,"男性 | 50至59歲 | 高中、職 | 北北基宜蘭區 | 本省客家人 | 05 | 05 | 05"
"男性","50至59歲","高中、職","北北基宜蘭區","本省客家人","05","05","07",1,1.07312435463613,0.000377500943752359,0.000406620795272703,"男性 | 50至59歲 | 高中、職 | 北北基宜蘭區 | 本省客家人 | 05 | 05 | 07"
"男性","50至59歲","高中、職","北北基宜蘭區","本省客家人","07","00","02",1,1.07312435463613,0.000377500943752359,0.000406620795272703,"男性 | 50至59歲 | 高中、職 | 北北基宜蘭區 | 本省客家人 | 07 | 00 | 02"
"男性","50至59歲","高中、職","北北基宜蘭區","本省客家人","07","04","05",1,1.07312435463613,0.000377500943752359,0.000406620795272703,"男性 | 50至59歲 | 高中、職 | 北北基宜蘭區 | 本省客家人 | 07 | 04 | 05"
"男性","50至59歲","高中、職","北北基宜蘭區","本省閩南人","00","10","00",1,1.07312435463613,0.000377500943752359,0.000406620795272703,"男性 | 50至59歲 | 高中、職 | 北北基宜蘭區 | 本省閩南人 | 00 | 10 | 00"
"男性","50至59歲","高中、職","北北基宜蘭區","本省閩南人","03","02","03",1,1.07312435463613,0.000377500943752359,0.000406620795272703,"男性 | 50至59歲 | 高中、職 | 北北基宜蘭區 | 本省閩南人 | 03 | 02 | 03"
"男性","50至59歲","高中、職","北北基宜蘭區","本省閩南人","03","03","03",1,1.07312435463613,0.000377500943752359,0.000406620795272703,"男性 | 50至59歲 | 高中、職 | 北北基宜蘭區 | 本省閩南人 | 03 | 03 | 03"
"男性","50至59歲","高中、職","北北基宜蘭區","本省閩南人","03","06","04",1,1.07312435463613,0.000377500943752359,0.000406620795272703,"男性 | 50至59歲 | 高中、職 | 北北基宜蘭區 | 本省閩南人 | 03 | 06 | 04"
"男性","50至59歲","高中、職","北北基宜蘭區","本省閩南人","03","08","00",1,1.07312435463613,0.000377500943752359,0.000406620795272703,"男性 | 50至59歲 | 高中、職 | 北北基宜蘭區 | 本省閩南人 | 03 | 08 | 00"
"男性","50至59歲","高中、職","北北基宜蘭區","本省閩南人","04","01","04",1,1.07312435463613,0.000377500943752359,0.000406620795272703,"男性 | 50至59歲 | 高中、職 | 北北基宜蘭區 | 本省閩南人 | 04 | 01 | 04"
"男性","50至59歲","高中、職","北北基宜蘭區","本省閩南人","04","04","03",1,1.07312435463613,0.000377500943752359,0.000406620795272703,"男性 | 50至59歲 | 高中、職 | 北北基宜蘭區 | 本省閩南人 | 04 | 04 | 03"
"男性","50至59歲","高中、職","北北基宜蘭區","本省閩南人","05","00","05",1,1.07312435463613,0.000377500943752359,0.000406620795272703,"男性 | 50至59歲 | 高中、職 | 北北基宜蘭區 | 本省閩南人 | 05 | 00 | 05"
"男性","50至59歲","高中、職","北北基宜蘭區","本省閩南人","05","05","00",1,1.07312435463613,0.000377500943752359,0.000406620795272703,"男性 | 50至59歲 | 高中、職 | 北北基宜蘭區 | 本省閩南人 | 05 | 05 | 00"
"男性","50至59歲","高中、職","北北基宜蘭區","本省閩南人","05","05","01",1,1.07312435463613,0.000377500943752359,0.000406620795272703,"男性 | 50至59歲 | 高中、職 | 北北基宜蘭區 | 本省閩南人 | 05 | 05 | 01"
"男性","50至59歲","高中、職","北北基宜蘭區","本省閩南人","05","06","00",1,1.07312435463613,0.000377500943752359,0.000406620795272703,"男性 | 50至59歲 | 高中、職 | 北北基宜蘭區 | 本省閩南人 | 05 | 06 | 00"
"男性","50至59歲","高中、職","北北基宜蘭區","本省閩南人","06","01","04",1,1.07312435463613,0.000377500943752359,0.000406620795272703,"男性 | 50至59歲 | 高中、職 | 北北基宜蘭區 | 本省閩南人 | 06 | 01 | 04"
"男性","50至59歲","高中、職","北北基宜蘭區","本省閩南人","06","04","04",1,1.07312435463613,0.000377500943752359,0.000406620795272703,"男性 | 50至59歲 | 高中、職 | 北北基宜蘭區 | 本省閩南人 | 06 | 04 | 04"
"男性","50至59歲","高中、職","北北基宜蘭區","本省閩南人","06","04","05",1,1.07312435463613,0.000377500943752359,0.000406620795272703,"男性 | 50至59歲 | 高中、職 | 北北基宜蘭區 | 本省閩南人 | 06 | 04 | 05"
"男性","50至59歲","高中、職","北北基宜蘭區","本省閩南人","06","05","07",1,1.07312435463613,0.000377500943752359,0.000406620795272703,"男性 | 50至59歲 | 高中、職 | 北北基宜蘭區 | 本省閩南人 | 06 | 05 | 07"
"男性","50至59歲","高中、職","北北基宜蘭區","本省閩南人","07","04","06",1,1.07312435463613,0.000377500943752359,0.000406620795272703,"男性 | 50至59歲 | 高中、職 | 北北基宜蘭區 | 本省閩南人 | 07 | 04 | 06"
"男性","50至59歲","高中、職","北北基宜蘭區","本省閩南人","07","05","01",1,1.07312435463613,0.000377500943752359,0.000406620795272703,"男性 | 50至59歲 | 高中、職 | 北北基宜蘭區 | 本省閩南人 | 07 | 05 | 01"
"男性","50至59歲","高中、職","北北基宜蘭區","本省閩南人","08","02","06",1,1.07312435463613,0.000377500943752359,0.000406620795272703,"男性 | 50至59歲 | 高中、職 | 北北基宜蘭區 | 本省閩南人 | 08 | 02 | 06"
"男性","50至59歲","高中、職","桃竹苗區","大陸各省市","05","00","03",1,1.01029648761909,0.000377500943752359,0.000382814498135386,"男性 | 50至59歲 | 高中、職 | 桃竹苗區 | 大陸各省市 | 05 | 00 | 03"
"男性","50至59歲","高中、職","桃竹苗區","大陸各省市","05","03","04",1,1.01029648761909,0.000377500943752359,0.000382814498135386,"男性 | 50至59歲 | 高中、職 | 桃竹苗區 | 大陸各省市 | 05 | 03 | 04"
"男性","50至59歲","高中、職","桃竹苗區","大陸各省市","07","00","07",1,1.01029648761909,0.000377500943752359,0.000382814498135386,"男性 | 50至59歲 | 高中、職 | 桃竹苗區 | 大陸各省市 | 07 | 00 | 07"
"男性","50至59歲","高中、職","桃竹苗區","本省客家人","00","07","00",1,1.01029648761909,0.000377500943752359,0.000382814498135386,"男性 | 50至59歲 | 高中、職 | 桃竹苗區 | 本省客家人 | 00 | 07 | 00"
"男性","50至59歲","高中、職","桃竹苗區","本省客家人","03","07","01",1,1.01029648761909,0.000377500943752359,0.000382814498135386,"男性 | 50至59歲 | 高中、職 | 桃竹苗區 | 本省客家人 | 03 | 07 | 01"
"男性","50至59歲","高中、職","桃竹苗區","本省客家人","04","05","04",1,1.01029648761909,0.000377500943752359,0.000382814498135386,"男性 | 50至59歲 | 高中、職 | 桃竹苗區 | 本省客家人 | 04 | 05 | 04"
"男性","50至59歲","高中、職","桃竹苗區","本省客家人","05","05","04",1,1.01029648761909,0.000377500943752359,0.000382814498135386,"男性 | 50至59歲 | 高中、職 | 桃竹苗區 | 本省客家人 | 05 | 05 | 04"
"男性","50至59歲","高中、職","桃竹苗區","本省客家人","05","05","08",1,1.01029648761909,0.000377500943752359,0.000382814498135386,"男性 | 50至59歲 | 高中、職 | 桃竹苗區 | 本省客家人 | 05 | 05 | 08"
"男性","50至59歲","高中、職","桃竹苗區","本省客家人","06","01","04",1,1.01029648761909,0.000377500943752359,0.000382814498135386,"男性 | 50至59歲 | 高中、職 | 桃竹苗區 | 本省客家人 | 06 | 01 | 04"
"男性","50至59歲","高中、職","桃竹苗區","本省客家人","08","01","06",1,1.01029648761909,0.000377500943752359,0.000382814498135386,"男性 | 50至59歲 | 高中、職 | 桃竹苗區 | 本省客家人 | 08 | 01 | 06"
"男性","50至59歲","高中、職","桃竹苗區","本省客家人","08","03","02",1,1.01029648761909,0.000377500943752359,0.000382814498135386,"男性 | 50至59歲 | 高中、職 | 桃竹苗區 | 本省客家人 | 08 | 03 | 02"
"男性","50至59歲","高中、職","桃竹苗區","本省閩南人","00","07","03",1,1.01029648761909,0.000377500943752359,0.000382814498135386,"男性 | 50至59歲 | 高中、職 | 桃竹苗區 | 本省閩南人 | 00 | 07 | 03"
"男性","50至59歲","高中、職","桃竹苗區","本省閩南人","04","10","00",1,1.01029648761909,0.000377500943752359,0.000382814498135386,"男性 | 50至59歲 | 高中、職 | 桃竹苗區 | 本省閩南人 | 04 | 10 | 00"
"男性","50至59歲","高中、職","桃竹苗區","本省閩南人","05","00","05",1,1.01029648761909,0.000377500943752359,0.000382814498135386,"男性 | 50至59歲 | 高中、職 | 桃竹苗區 | 本省閩南人 | 05 | 00 | 05"
"男性","50至59歲","高中、職","桃竹苗區","本省閩南人","05","01","04",1,1.01029648761909,0.000377500943752359,0.000382814498135386,"男性 | 50至59歲 | 高中、職 | 桃竹苗區 | 本省閩南人 | 05 | 01 | 04"
"男性","50至59歲","高中、職","桃竹苗區","本省閩南人","05","02","03",1,1.01029648761909,0.000377500943752359,0.000382814498135386,"男性 | 50至59歲 | 高中、職 | 桃竹苗區 | 本省閩南人 | 05 | 02 | 03"
"男性","50至59歲","高中、職","桃竹苗區","本省閩南人","05","05","04",1,1.01029648761909,0.000377500943752359,0.000382814498135386,"男性 | 50至59歲 | 高中、職 | 桃竹苗區 | 本省閩南人 | 05 | 05 | 04"
"男性","50至59歲","高中、職","桃竹苗區","本省閩南人","06","00","09",1,1.01029648761909,0.000377500943752359,0.000382814498135386,"男性 | 50至59歲 | 高中、職 | 桃竹苗區 | 本省閩南人 | 06 | 00 | 09"
"男性","50至59歲","高中、職","桃竹苗區","本省閩南人","08","02","05",1,1.01029648761909,0.000377500943752359,0.000382814498135386,"男性 | 50至59歲 | 高中、職 | 桃竹苗區 | 本省閩南人 | 08 | 02 | 05"
"男性","50至59歲","高中、職","桃竹苗區","本省閩南人","10","01","05",1,1.01029648761909,0.000377500943752359,0.000382814498135386,"男性 | 50至59歲 | 高中、職 | 桃竹苗區 | 本省閩南人 | 10 | 01 | 05"
"男性","50至59歲","高中、職","花東區","大陸各省市","10","07","07",1,0.849866237,0.000377500943752359,0.000322025386593275,"男性 | 50至59歲 | 高中、職 | 花東區 | 大陸各省市 | 10 | 07 | 07"
"男性","50至59歲","高中、職","花東區","本省閩南人","00","08","00",1,0.849866237,0.000377500943752359,0.000322025386593275,"男性 | 50至59歲 | 高中、職 | 花東區 | 本省閩南人 | 00 | 08 | 00"
"男性","50至59歲","高中、職","雲嘉南區","大陸各省市","05","05","05",1,0.94675830503654,0.000377500943752359,0.000358739053178537,"男性 | 50至59歲 | 高中、職 | 雲嘉南區 | 大陸各省市 | 05 | 05 | 05"
"男性","50至59歲","高中、職","雲嘉南區","本省閩南人","01","06","00",1,0.94675830503654,0.000377500943752359,0.000358739053178537,"男性 | 50至59歲 | 高中、職 | 雲嘉南區 | 本省閩南人 | 01 | 06 | 00"
"男性","50至59歲","高中、職","雲嘉南區","本省閩南人","03","05","02",1,0.94675830503654,0.000377500943752359,0.000358739053178537,"男性 | 50至59歲 | 高中、職 | 雲嘉南區 | 本省閩南人 | 03 | 05 | 02"
"男性","50至59歲","高中、職","雲嘉南區","本省閩南人","05","07","05",1,0.94675830503654,0.000377500943752359,0.000358739053178537,"男性 | 50至59歲 | 高中、職 | 雲嘉南區 | 本省閩南人 | 05 | 07 | 05"
"男性","50至59歲","高中、職","雲嘉南區","本省閩南人","05","08","05",1,0.94675830503654,0.000377500943752359,0.000358739053178537,"男性 | 50至59歲 | 高中、職 | 雲嘉南區 | 本省閩南人 | 05 | 08 | 05"
"男性","50至59歲","高中、職","雲嘉南區","本省閩南人","08","03","06",1,0.94675830503654,0.000377500943752359,0.000358739053178537,"男性 | 50至59歲 | 高中、職 | 雲嘉南區 | 本省閩南人 | 08 | 03 | 06"
"男性","50至59歲","高中、職","高屏區","大陸各省市","07","00","05",1,1.35600757734351,0.000377500943752359,0.000513808932872637,"男性 | 50至59歲 | 高中、職 | 高屏區 | 大陸各省市 | 07 | 00 | 05"
"男性","50至59歲","高中、職","高屏區","本省客家人","05","05","05",1,1.35600757734351,0.000377500943752359,0.000513808932872637,"男性 | 50至59歲 | 高中、職 | 高屏區 | 本省客家人 | 05 | 05 | 05"
"男性","50至59歲","高中、職","高屏區","本省閩南人","00","10","00",1,1.35600757734351,0.000377500943752359,0.000513808932872637,"男性 | 50至59歲 | 高中、職 | 高屏區 | 本省閩南人 | 00 | 10 | 00"
"男性","50至59歲","高中、職","高屏區","本省閩南人","03","03","02",1,1.35600757734351,0.000377500943752359,0.000513808932872637,"男性 | 50至59歲 | 高中、職 | 高屏區 | 本省閩南人 | 03 | 03 | 02"
"男性","50至59歲","高中、職","高屏區","本省閩南人","03","04","03",1,1.35600757734351,0.000377500943752359,0.000513808932872637,"男性 | 50至59歲 | 高中、職 | 高屏區 | 本省閩南人 | 03 | 04 | 03"
"男性","50至59歲","高中、職","高屏區","本省閩南人","05","00","05",1,1.35600757734351,0.000377500943752359,0.000513808932872637,"男性 | 50至59歲 | 高中、職 | 高屏區 | 本省閩南人 | 05 | 00 | 05"
"男性","60歲及以上","國、初中","中彰投區","本省客家人","00","10","00",1,0.922448620945155,0.000377500943752359,0.00034952779724593,"男性 | 60歲及以上 | 國、初中 | 中彰投區 | 本省客家人 | 00 | 10 | 00"
"男性","60歲及以上","國、初中","中彰投區","本省閩南人","00","10","00",1,0.922448620945155,0.000377500943752359,0.00034952779724593,"男性 | 60歲及以上 | 國、初中 | 中彰投區 | 本省閩南人 | 00 | 10 | 00"
"男性","60歲及以上","國、初中","中彰投區","本省閩南人","00","10","01",1,0.922448620945155,0.000377500943752359,0.00034952779724593,"男性 | 60歲及以上 | 國、初中 | 中彰投區 | 本省閩南人 | 00 | 10 | 01"
"男性","60歲及以上","國、初中","中彰投區","本省閩南人","03","05","01",1,0.922448620945155,0.000377500943752359,0.00034952779724593,"男性 | 60歲及以上 | 國、初中 | 中彰投區 | 本省閩南人 | 03 | 05 | 01"
"男性","60歲及以上","國、初中","中彰投區","本省閩南人","04","06","01",1,0.922448620945155,0.000377500943752359,0.00034952779724593,"男性 | 60歲及以上 | 國、初中 | 中彰投區 | 本省閩南人 | 04 | 06 | 01"
"男性","60歲及以上","國、初中","中彰投區","本省閩南人","04","09","00",1,0.922448620945155,0.000377500943752359,0.00034952779724593,"男性 | 60歲及以上 | 國、初中 | 中彰投區 | 本省閩南人 | 04 | 09 | 00"
"男性","60歲及以上","國、初中","中彰投區","本省閩南人","05","02","02",1,0.922448620945155,0.000377500943752359,0.00034952779724593,"男性 | 60歲及以上 | 國、初中 | 中彰投區 | 本省閩南人 | 05 | 02 | 02"
"男性","60歲及以上","國、初中","中彰投區","本省閩南人","05","02","05",1,0.922448620945155,0.000377500943752359,0.00034952779724593,"男性 | 60歲及以上 | 國、初中 | 中彰投區 | 本省閩南人 | 05 | 02 | 05"
"男性","60歲及以上","國、初中","中彰投區","本省閩南人","05","04","04",1,0.922448620945155,0.000377500943752359,0.00034952779724593,"男性 | 60歲及以上 | 國、初中 | 中彰投區 | 本省閩南人 | 05 | 04 | 04"
"男性","60歲及以上","國、初中","中彰投區","本省閩南人","05","05","02",1,0.922448620945155,0.000377500943752359,0.00034952779724593,"男性 | 60歲及以上 | 國、初中 | 中彰投區 | 本省閩南人 | 05 | 05 | 02"
"男性","60歲及以上","國、初中","中彰投區","本省閩南人","05","05","05",1,0.922448620945155,0.000377500943752359,0.00034952779724593,"男性 | 60歲及以上 | 國、初中 | 中彰投區 | 本省閩南人 | 05 | 05 | 05"
"男性","60歲及以上","國、初中","中彰投區","本省閩南人","07","04","05",1,0.922448620945155,0.000377500943752359,0.00034952779724593,"男性 | 60歲及以上 | 國、初中 | 中彰投區 | 本省閩南人 | 07 | 04 | 05"
"男性","60歲及以上","國、初中","中彰投區","本省閩南人","08","00","06",1,0.922448620945155,0.000377500943752359,0.00034952779724593,"男性 | 60歲及以上 | 國、初中 | 中彰投區 | 本省閩南人 | 08 | 00 | 06"
"男性","60歲及以上","國、初中","北北基宜蘭區","本省客家人","00","10","00",1,0.900871703033883,0.000377500943752359,0.000341352022012881,"男性 | 60歲及以上 | 國、初中 | 北北基宜蘭區 | 本省客家人 | 00 | 10 | 00"
"男性","60歲及以上","國、初中","北北基宜蘭區","本省閩南人","00","09","01",1,0.900871703033883,0.000377500943752359,0.000341352022012881,"男性 | 60歲及以上 | 國、初中 | 北北基宜蘭區 | 本省閩南人 | 00 | 09 | 01"
"男性","60歲及以上","國、初中","北北基宜蘭區","本省閩南人","01","09","01",1,0.900871703033883,0.000377500943752359,0.000341352022012881,"男性 | 60歲及以上 | 國、初中 | 北北基宜蘭區 | 本省閩南人 | 01 | 09 | 01"
"男性","60歲及以上","國、初中","北北基宜蘭區","本省閩南人","02","07","01",1,0.900871703033883,0.000377500943752359,0.000341352022012881,"男性 | 60歲及以上 | 國、初中 | 北北基宜蘭區 | 本省閩南人 | 02 | 07 | 01"
"男性","60歲及以上","國、初中","北北基宜蘭區","本省閩南人","03","07","03",1,0.900871703033883,0.000377500943752359,0.000341352022012881,"男性 | 60歲及以上 | 國、初中 | 北北基宜蘭區 | 本省閩南人 | 03 | 07 | 03"
"男性","60歲及以上","國、初中","北北基宜蘭區","本省閩南人","04","07","03",1,0.900871703033883,0.000377500943752359,0.000341352022012881,"男性 | 60歲及以上 | 國、初中 | 北北基宜蘭區 | 本省閩南人 | 04 | 07 | 03"
"男性","60歲及以上","國、初中","北北基宜蘭區","本省閩南人","04","07","04",1,0.900871703033883,0.000377500943752359,0.000341352022012881,"男性 | 60歲及以上 | 國、初中 | 北北基宜蘭區 | 本省閩南人 | 04 | 07 | 04"
"男性","60歲及以上","國、初中","北北基宜蘭區","本省閩南人","05","03","07",1,0.900871703033883,0.000377500943752359,0.000341352022012881,"男性 | 60歲及以上 | 國、初中 | 北北基宜蘭區 | 本省閩南人 | 05 | 03 | 07"
"男性","60歲及以上","國、初中","北北基宜蘭區","本省閩南人","05","04","04",1,0.900871703033883,0.000377500943752359,0.000341352022012881,"男性 | 60歲及以上 | 國、初中 | 北北基宜蘭區 | 本省閩南人 | 05 | 04 | 04"
"男性","60歲及以上","國、初中","北北基宜蘭區","本省閩南人","05","05","03",1,0.900871703033883,0.000377500943752359,0.000341352022012881,"男性 | 60歲及以上 | 國、初中 | 北北基宜蘭區 | 本省閩南人 | 05 | 05 | 03"
"男性","60歲及以上","國、初中","北北基宜蘭區","本省閩南人","06","07","00",1,0.900871703033883,0.000377500943752359,0.000341352022012881,"男性 | 60歲及以上 | 國、初中 | 北北基宜蘭區 | 本省閩南人 | 06 | 07 | 00"
"男性","60歲及以上","國、初中","北北基宜蘭區","本省閩南人","07","03","05",1,0.900871703033883,0.000377500943752359,0.000341352022012881,"男性 | 60歲及以上 | 國、初中 | 北北基宜蘭區 | 本省閩南人 | 07 | 03 | 05"
"男性","60歲及以上","國、初中","北北基宜蘭區","本省閩南人","08","04","02",1,0.900871703033883,0.000377500943752359,0.000341352022012881,"男性 | 60歲及以上 | 國、初中 | 北北基宜蘭區 | 本省閩南人 | 08 | 04 | 02"
"男性","60歲及以上","國、初中","北北基宜蘭區","本省閩南人","08","08","08",1,0.900871703033883,0.000377500943752359,0.000341352022012881,"男性 | 60歲及以上 | 國、初中 | 北北基宜蘭區 | 本省閩南人 | 08 | 08 | 08"
"男性","60歲及以上","國、初中","北北基宜蘭區","本省閩南人","10","00","05",1,0.900871703033883,0.000377500943752359,0.000341352022012881,"男性 | 60歲及以上 | 國、初中 | 北北基宜蘭區 | 本省閩南人 | 10 | 00 | 05"
"男性","60歲及以上","國、初中","桃竹苗區","大陸各省市","10","00","05",1,0.848128656700891,0.000377500943752359,0.000321366994786192,"男性 | 60歲及以上 | 國、初中 | 桃竹苗區 | 大陸各省市 | 10 | 00 | 05"
"男性","60歲及以上","國、初中","桃竹苗區","大陸各省市","10","05","05",1,0.848128656700891,0.000377500943752359,0.000321366994786192,"男性 | 60歲及以上 | 國、初中 | 桃竹苗區 | 大陸各省市 | 10 | 05 | 05"
"男性","60歲及以上","國、初中","桃竹苗區","本省客家人","04","06","02",1,0.848128656700891,0.000377500943752359,0.000321366994786192,"男性 | 60歲及以上 | 國、初中 | 桃竹苗區 | 本省客家人 | 04 | 06 | 02"
"男性","60歲及以上","國、初中","桃竹苗區","本省客家人","06","03","05",1,0.848128656700891,0.000377500943752359,0.000321366994786192,"男性 | 60歲及以上 | 國、初中 | 桃竹苗區 | 本省客家人 | 06 | 03 | 05"
"男性","60歲及以上","國、初中","桃竹苗區","本省客家人","09","00","01",1,0.848128656700891,0.000377500943752359,0.000321366994786192,"男性 | 60歲及以上 | 國、初中 | 桃竹苗區 | 本省客家人 | 09 | 00 | 01"
"男性","60歲及以上","國、初中","桃竹苗區","本省閩南人","00","08","03",1,0.848128656700891,0.000377500943752359,0.000321366994786192,"男性 | 60歲及以上 | 國、初中 | 桃竹苗區 | 本省閩南人 | 00 | 08 | 03"
"男性","60歲及以上","國、初中","桃竹苗區","本省閩南人","00","10","04",1,0.848128656700891,0.000377500943752359,0.000321366994786192,"男性 | 60歲及以上 | 國、初中 | 桃竹苗區 | 本省閩南人 | 00 | 10 | 04"
"男性","60歲及以上","國、初中","桃竹苗區","本省閩南人","01","09","00",1,0.848128656700891,0.000377500943752359,0.000321366994786192,"男性 | 60歲及以上 | 國、初中 | 桃竹苗區 | 本省閩南人 | 01 | 09 | 00"
"男性","60歲及以上","國、初中","桃竹苗區","本省閩南人","02","07","03",1,0.848128656700891,0.000377500943752359,0.000321366994786192,"男性 | 60歲及以上 | 國、初中 | 桃竹苗區 | 本省閩南人 | 02 | 07 | 03"
"男性","60歲及以上","國、初中","桃竹苗區","本省閩南人","03","03","03",1,0.848128656700891,0.000377500943752359,0.000321366994786192,"男性 | 60歲及以上 | 國、初中 | 桃竹苗區 | 本省閩南人 | 03 | 03 | 03"
"男性","60歲及以上","國、初中","桃竹苗區","本省閩南人","05","05","02",1,0.848128656700891,0.000377500943752359,0.000321366994786192,"男性 | 60歲及以上 | 國、初中 | 桃竹苗區 | 本省閩南人 | 05 | 05 | 02"
"男性","60歲及以上","國、初中","桃竹苗區","本省閩南人","05","05","06",1,0.848128656700891,0.000377500943752359,0.000321366994786192,"男性 | 60歲及以上 | 國、初中 | 桃竹苗區 | 本省閩南人 | 05 | 05 | 06"
"男性","60歲及以上","國、初中","桃竹苗區","本省閩南人","05","10","00",1,0.848128656700891,0.000377500943752359,0.000321366994786192,"男性 | 60歲及以上 | 國、初中 | 桃竹苗區 | 本省閩南人 | 05 | 10 | 00"
"男性","60歲及以上","國、初中","桃竹苗區","本省閩南人","06","01","06",1,0.848128656700891,0.000377500943752359,0.000321366994786192,"男性 | 60歲及以上 | 國、初中 | 桃竹苗區 | 本省閩南人 | 06 | 01 | 06"
"男性","60歲及以上","國、初中","桃竹苗區","本省閩南人","06","03","02",1,0.848128656700891,0.000377500943752359,0.000321366994786192,"男性 | 60歲及以上 | 國、初中 | 桃竹苗區 | 本省閩南人 | 06 | 03 | 02"
"男性","60歲及以上","國、初中","桃竹苗區","本省閩南人","06","06","06",1,0.848128656700891,0.000377500943752359,0.000321366994786192,"男性 | 60歲及以上 | 國、初中 | 桃竹苗區 | 本省閩南人 | 06 | 06 | 06"
"男性","60歲及以上","國、初中","花東區","本省閩南人","00","05","00",1,0.713449882,0.000377500943752359,0.000270335452879012,"男性 | 60歲及以上 | 國、初中 | 花東區 | 本省閩南人 | 00 | 05 | 00"
"男性","60歲及以上","國、初中","花東區","本省閩南人","00","06","00",1,0.713449882,0.000377500943752359,0.000270335452879012,"男性 | 60歲及以上 | 國、初中 | 花東區 | 本省閩南人 | 00 | 06 | 00"
"男性","60歲及以上","國、初中","花東區","本省閩南人","03","08","01",1,0.713449882,0.000377500943752359,0.000270335452879012,"男性 | 60歲及以上 | 國、初中 | 花東區 | 本省閩南人 | 03 | 08 | 01"
"男性","60歲及以上","國、初中","花東區","本省閩南人","06","03","03",1,0.713449882,0.000377500943752359,0.000270335452879012,"男性 | 60歲及以上 | 國、初中 | 花東區 | 本省閩南人 | 06 | 03 | 03"
"男性","60歲及以上","國、初中","雲嘉南區","大陸各省市","03","09","01",1,0.794789311168823,0.000377500943752359,0.000301156022026256,"男性 | 60歲及以上 | 國、初中 | 雲嘉南區 | 大陸各省市 | 03 | 09 | 01"
"男性","60歲及以上","國、初中","雲嘉南區","本省客家人","05","05","03",1,0.794789311168823,0.000377500943752359,0.000301156022026256,"男性 | 60歲及以上 | 國、初中 | 雲嘉南區 | 本省客家人 | 05 | 05 | 03"
"男性","60歲及以上","國、初中","雲嘉南區","本省閩南人","00","05","00",1,0.794789311168823,0.000377500943752359,0.000301156022026256,"男性 | 60歲及以上 | 國、初中 | 雲嘉南區 | 本省閩南人 | 00 | 05 | 00"
"男性","60歲及以上","國、初中","雲嘉南區","本省閩南人","00","09","00",1,0.794789311168823,0.000377500943752359,0.000301156022026256,"男性 | 60歲及以上 | 國、初中 | 雲嘉南區 | 本省閩南人 | 00 | 09 | 00"
"男性","60歲及以上","國、初中","雲嘉南區","本省閩南人","00","10","00",1,0.794789311168823,0.000377500943752359,0.000301156022026256,"男性 | 60歲及以上 | 國、初中 | 雲嘉南區 | 本省閩南人 | 00 | 10 | 00"
"男性","60歲及以上","國、初中","雲嘉南區","本省閩南人","02","06","02",1,0.794789311168823,0.000377500943752359,0.000301156022026256,"男性 | 60歲及以上 | 國、初中 | 雲嘉南區 | 本省閩南人 | 02 | 06 | 02"
"男性","60歲及以上","國、初中","雲嘉南區","本省閩南人","02","10","01",1,0.794789311168823,0.000377500943752359,0.000301156022026256,"男性 | 60歲及以上 | 國、初中 | 雲嘉南區 | 本省閩南人 | 02 | 10 | 01"
"男性","60歲及以上","國、初中","雲嘉南區","本省閩南人","03","05","00",1,0.794789311168823,0.000377500943752359,0.000301156022026256,"男性 | 60歲及以上 | 國、初中 | 雲嘉南區 | 本省閩南人 | 03 | 05 | 00"
"男性","60歲及以上","國、初中","雲嘉南區","本省閩南人","03","05","02",1,0.794789311168823,0.000377500943752359,0.000301156022026256,"男性 | 60歲及以上 | 國、初中 | 雲嘉南區 | 本省閩南人 | 03 | 05 | 02"
"男性","60歲及以上","國、初中","雲嘉南區","本省閩南人","03","05","03",1,0.794789311168823,0.000377500943752359,0.000301156022026256,"男性 | 60歲及以上 | 國、初中 | 雲嘉南區 | 本省閩南人 | 03 | 05 | 03"
"男性","60歲及以上","國、初中","雲嘉南區","本省閩南人","03","06","03",1,0.794789311168823,0.000377500943752359,0.000301156022026256,"男性 | 60歲及以上 | 國、初中 | 雲嘉南區 | 本省閩南人 | 03 | 06 | 03"
"男性","60歲及以上","國、初中","雲嘉南區","本省閩南人","03","07","00",1,0.794789311168823,0.000377500943752359,0.000301156022026256,"男性 | 60歲及以上 | 國、初中 | 雲嘉南區 | 本省閩南人 | 03 | 07 | 00"
"男性","60歲及以上","國、初中","雲嘉南區","本省閩南人","03","08","05",1,0.794789311168823,0.000377500943752359,0.000301156022026256,"男性 | 60歲及以上 | 國、初中 | 雲嘉南區 | 本省閩南人 | 03 | 08 | 05"
"男性","60歲及以上","國、初中","雲嘉南區","本省閩南人","03","09","03",1,0.794789311168823,0.000377500943752359,0.000301156022026256,"男性 | 60歲及以上 | 國、初中 | 雲嘉南區 | 本省閩南人 | 03 | 09 | 03"
"男性","60歲及以上","國、初中","雲嘉南區","本省閩南人","04","07","05",1,0.794789311168823,0.000377500943752359,0.000301156022026256,"男性 | 60歲及以上 | 國、初中 | 雲嘉南區 | 本省閩南人 | 04 | 07 | 05"
"男性","60歲及以上","國、初中","雲嘉南區","本省閩南人","04","10","00",1,0.794789311168823,0.000377500943752359,0.000301156022026256,"男性 | 60歲及以上 | 國、初中 | 雲嘉南區 | 本省閩南人 | 04 | 10 | 00"
"男性","60歲及以上","國、初中","雲嘉南區","本省閩南人","05","00","03",1,0.794789311168823,0.000377500943752359,0.000301156022026256,"男性 | 60歲及以上 | 國、初中 | 雲嘉南區 | 本省閩南人 | 05 | 00 | 03"
"男性","60歲及以上","國、初中","雲嘉南區","本省閩南人","05","05","01",1,0.794789311168823,0.000377500943752359,0.000301156022026256,"男性 | 60歲及以上 | 國、初中 | 雲嘉南區 | 本省閩南人 | 05 | 05 | 01"
"男性","60歲及以上","國、初中","雲嘉南區","本省閩南人","05","06","01",1,0.794789311168823,0.000377500943752359,0.000301156022026256,"男性 | 60歲及以上 | 國、初中 | 雲嘉南區 | 本省閩南人 | 05 | 06 | 01"
"男性","60歲及以上","國、初中","雲嘉南區","本省閩南人","05","08","00",1,0.794789311168823,0.000377500943752359,0.000301156022026256,"男性 | 60歲及以上 | 國、初中 | 雲嘉南區 | 本省閩南人 | 05 | 08 | 00"
"男性","60歲及以上","國、初中","高屏區","大陸各省市","00","08","00",1,1.13834789999012,0.000377500943752359,0.000431334846135276,"男性 | 60歲及以上 | 國、初中 | 高屏區 | 大陸各省市 | 00 | 08 | 00"
"男性","60歲及以上","國、初中","高屏區","本省閩南人","00","08","00",1,1.13834789999012,0.000377500943752359,0.000431334846135276,"男性 | 60歲及以上 | 國、初中 | 高屏區 | 本省閩南人 | 00 | 08 | 00"
"男性","60歲及以上","國、初中","高屏區","本省閩南人","05","00","05",1,1.13834789999012,0.000377500943752359,0.000431334846135276,"男性 | 60歲及以上 | 國、初中 | 高屏區 | 本省閩南人 | 05 | 00 | 05"
"男性","60歲及以上","國、初中","高屏區","本省閩南人","05","05","00",1,1.13834789999012,0.000377500943752359,0.000431334846135276,"男性 | 60歲及以上 | 國、初中 | 高屏區 | 本省閩南人 | 05 | 05 | 00"
"男性","60歲及以上","國、初中","高屏區","本省閩南人","05","05","05",1,1.13834789999012,0.000377500943752359,0.000431334846135276,"男性 | 60歲及以上 | 國、初中 | 高屏區 | 本省閩南人 | 05 | 05 | 05"
"男性","60歲及以上","國、初中","高屏區","本省閩南人","05","08","02",1,1.13834789999012,0.000377500943752359,0.000431334846135276,"男性 | 60歲及以上 | 國、初中 | 高屏區 | 本省閩南人 | 05 | 08 | 02"
"男性","60歲及以上","國、初中","高屏區","本省閩南人","06","08","06",1,1.13834789999012,0.000377500943752359,0.000431334846135276,"男性 | 60歲及以上 | 國、初中 | 高屏區 | 本省閩南人 | 06 | 08 | 06"
"男性","60歲及以上","大學及以上","中彰投區","大陸各省市","06","00","06",1,0.562879100925673,0.000377500943752359,0.000213282222765681,"男性 | 60歲及以上 | 大學及以上 | 中彰投區 | 大陸各省市 | 06 | 00 | 06"
"男性","60歲及以上","大學及以上","中彰投區","大陸各省市","06","00","07",1,0.562879100925673,0.000377500943752359,0.000213282222765681,"男性 | 60歲及以上 | 大學及以上 | 中彰投區 | 大陸各省市 | 06 | 00 | 07"
"男性","60歲及以上","大學及以上","中彰投區","大陸各省市","07","03","02",1,0.562879100925673,0.000377500943752359,0.000213282222765681,"男性 | 60歲及以上 | 大學及以上 | 中彰投區 | 大陸各省市 | 07 | 03 | 02"
"男性","60歲及以上","大學及以上","中彰投區","大陸各省市","09","01","07",1,0.562879100925673,0.000377500943752359,0.000213282222765681,"男性 | 60歲及以上 | 大學及以上 | 中彰投區 | 大陸各省市 | 09 | 01 | 07"
"男性","60歲及以上","大學及以上","中彰投區","本省客家人","07","03","05",1,0.562879100925673,0.000377500943752359,0.000213282222765681,"男性 | 60歲及以上 | 大學及以上 | 中彰投區 | 本省客家人 | 07 | 03 | 05"
"男性","60歲及以上","大學及以上","中彰投區","本省客家人","07","06","05",1,0.562879100925673,0.000377500943752359,0.000213282222765681,"男性 | 60歲及以上 | 大學及以上 | 中彰投區 | 本省客家人 | 07 | 06 | 05"
"男性","60歲及以上","大學及以上","中彰投區","本省客家人","08","02","04",1,0.562879100925673,0.000377500943752359,0.000213282222765681,"男性 | 60歲及以上 | 大學及以上 | 中彰投區 | 本省客家人 | 08 | 02 | 04"
"男性","60歲及以上","大學及以上","中彰投區","本省閩南人","00","08","00",1,0.562879100925673,0.000377500943752359,0.000213282222765681,"男性 | 60歲及以上 | 大學及以上 | 中彰投區 | 本省閩南人 | 00 | 08 | 00"
"男性","60歲及以上","大學及以上","中彰投區","本省閩南人","00","10","00",1,0.562879100925673,0.000377500943752359,0.000213282222765681,"男性 | 60歲及以上 | 大學及以上 | 中彰投區 | 本省閩南人 | 00 | 10 | 00"
"男性","60歲及以上","大學及以上","中彰投區","本省閩南人","01","07","00",1,0.562879100925673,0.000377500943752359,0.000213282222765681,"男性 | 60歲及以上 | 大學及以上 | 中彰投區 | 本省閩南人 | 01 | 07 | 00"
"男性","60歲及以上","大學及以上","中彰投區","本省閩南人","02","08","00",1,0.562879100925673,0.000377500943752359,0.000213282222765681,"男性 | 60歲及以上 | 大學及以上 | 中彰投區 | 本省閩南人 | 02 | 08 | 00"
"男性","60歲及以上","大學及以上","中彰投區","本省閩南人","02","08","03",1,0.562879100925673,0.000377500943752359,0.000213282222765681,"男性 | 60歲及以上 | 大學及以上 | 中彰投區 | 本省閩南人 | 02 | 08 | 03"
"男性","60歲及以上","大學及以上","中彰投區","本省閩南人","03","09","01",1,0.562879100925673,0.000377500943752359,0.000213282222765681,"男性 | 60歲及以上 | 大學及以上 | 中彰投區 | 本省閩南人 | 03 | 09 | 01"
"男性","60歲及以上","大學及以上","中彰投區","本省閩南人","05","02","05",1,0.562879100925673,0.000377500943752359,0.000213282222765681,"男性 | 60歲及以上 | 大學及以上 | 中彰投區 | 本省閩南人 | 05 | 02 | 05"
"男性","60歲及以上","大學及以上","中彰投區","本省閩南人","06","02","07",1,0.562879100925673,0.000377500943752359,0.000213282222765681,"男性 | 60歲及以上 | 大學及以上 | 中彰投區 | 本省閩南人 | 06 | 02 | 07"
"男性","60歲及以上","大學及以上","中彰投區","本省閩南人","06","03","06",1,0.562879100925673,0.000377500943752359,0.000213282222765681,"男性 | 60歲及以上 | 大學及以上 | 中彰投區 | 本省閩南人 | 06 | 03 | 06"
"男性","60歲及以上","大學及以上","中彰投區","本省閩南人","07","00","05",1,0.562879100925673,0.000377500943752359,0.000213282222765681,"男性 | 60歲及以上 | 大學及以上 | 中彰投區 | 本省閩南人 | 07 | 00 | 05"
"男性","60歲及以上","大學及以上","北北基宜蘭區","台灣人","00","06","00",1,0.549712843338123,0.000377500943752359,0.000208293356277016,"男性 | 60歲及以上 | 大學及以上 | 北北基宜蘭區 | 台灣人 | 00 | 06 | 00"
"男性","60歲及以上","大學及以上","北北基宜蘭區","大陸各省市","04","00","04",1,0.549712843338123,0.000377500943752359,0.000208293356277016,"男性 | 60歲及以上 | 大學及以上 | 北北基宜蘭區 | 大陸各省市 | 04 | 00 | 04"
"男性","60歲及以上","大學及以上","北北基宜蘭區","大陸各省市","04","01","02",1,0.549712843338123,0.000377500943752359,0.000208293356277016,"男性 | 60歲及以上 | 大學及以上 | 北北基宜蘭區 | 大陸各省市 | 04 | 01 | 02"
"男性","60歲及以上","大學及以上","北北基宜蘭區","大陸各省市","04","05","05",1,0.549712843338123,0.000377500943752359,0.000208293356277016,"男性 | 60歲及以上 | 大學及以上 | 北北基宜蘭區 | 大陸各省市 | 04 | 05 | 05"
"男性","60歲及以上","大學及以上","北北基宜蘭區","大陸各省市","05","00","07",1,0.549712843338123,0.000377500943752359,0.000208293356277016,"男性 | 60歲及以上 | 大學及以上 | 北北基宜蘭區 | 大陸各省市 | 05 | 00 | 07"
"男性","60歲及以上","大學及以上","北北基宜蘭區","大陸各省市","05","03","04",1,0.549712843338123,0.000377500943752359,0.000208293356277016,"男性 | 60歲及以上 | 大學及以上 | 北北基宜蘭區 | 大陸各省市 | 05 | 03 | 04"
"男性","60歲及以上","大學及以上","北北基宜蘭區","大陸各省市","06","00","02",1,0.549712843338123,0.000377500943752359,0.000208293356277016,"男性 | 60歲及以上 | 大學及以上 | 北北基宜蘭區 | 大陸各省市 | 06 | 00 | 02"
"男性","60歲及以上","大學及以上","北北基宜蘭區","大陸各省市","06","00","04",1,0.549712843338123,0.000377500943752359,0.000208293356277016,"男性 | 60歲及以上 | 大學及以上 | 北北基宜蘭區 | 大陸各省市 | 06 | 00 | 04"
"男性","60歲及以上","大學及以上","北北基宜蘭區","大陸各省市","06","01","03",1,0.549712843338123,0.000377500943752359,0.000208293356277016,"男性 | 60歲及以上 | 大學及以上 | 北北基宜蘭區 | 大陸各省市 | 06 | 01 | 03"
"男性","60歲及以上","大學及以上","北北基宜蘭區","大陸各省市","06","02","05",1,0.549712843338123,0.000377500943752359,0.000208293356277016,"男性 | 60歲及以上 | 大學及以上 | 北北基宜蘭區 | 大陸各省市 | 06 | 02 | 05"
"男性","60歲及以上","大學及以上","北北基宜蘭區","大陸各省市","06","04","03",1,0.549712843338123,0.000377500943752359,0.000208293356277016,"男性 | 60歲及以上 | 大學及以上 | 北北基宜蘭區 | 大陸各省市 | 06 | 04 | 03"
"男性","60歲及以上","大學及以上","北北基宜蘭區","大陸各省市","07","00","01",1,0.549712843338123,0.000377500943752359,0.000208293356277016,"男性 | 60歲及以上 | 大學及以上 | 北北基宜蘭區 | 大陸各省市 | 07 | 00 | 01"
"男性","60歲及以上","大學及以上","北北基宜蘭區","大陸各省市","07","00","04",1,0.549712843338123,0.000377500943752359,0.000208293356277016,"男性 | 60歲及以上 | 大學及以上 | 北北基宜蘭區 | 大陸各省市 | 07 | 00 | 04"
"男性","60歲及以上","大學及以上","北北基宜蘭區","大陸各省市","07","02","05",1,0.549712843338123,0.000377500943752359,0.000208293356277016,"男性 | 60歲及以上 | 大學及以上 | 北北基宜蘭區 | 大陸各省市 | 07 | 02 | 05"
"男性","60歲及以上","大學及以上","北北基宜蘭區","大陸各省市","08","00","03",1,0.549712843338123,0.000377500943752359,0.000208293356277016,"男性 | 60歲及以上 | 大學及以上 | 北北基宜蘭區 | 大陸各省市 | 08 | 00 | 03"
"男性","60歲及以上","大學及以上","北北基宜蘭區","大陸各省市","08","00","05",1,0.549712843338123,0.000377500943752359,0.000208293356277016,"男性 | 60歲及以上 | 大學及以上 | 北北基宜蘭區 | 大陸各省市 | 08 | 00 | 05"
"男性","60歲及以上","大學及以上","北北基宜蘭區","大陸各省市","08","01","06",1,0.549712843338123,0.000377500943752359,0.000208293356277016,"男性 | 60歲及以上 | 大學及以上 | 北北基宜蘭區 | 大陸各省市 | 08 | 01 | 06"
"男性","60歲及以上","大學及以上","北北基宜蘭區","大陸各省市","08","02","04",1,0.549712843338123,0.000377500943752359,0.000208293356277016,"男性 | 60歲及以上 | 大學及以上 | 北北基宜蘭區 | 大陸各省市 | 08 | 02 | 04"
"男性","60歲及以上","大學及以上","北北基宜蘭區","本省客家人","01","08","02",1,0.549712843338123,0.000377500943752359,0.000208293356277016,"男性 | 60歲及以上 | 大學及以上 | 北北基宜蘭區 | 本省客家人 | 01 | 08 | 02"
"男性","60歲及以上","大學及以上","北北基宜蘭區","本省客家人","07","05","05",1,0.549712843338123,0.000377500943752359,0.000208293356277016,"男性 | 60歲及以上 | 大學及以上 | 北北基宜蘭區 | 本省客家人 | 07 | 05 | 05"
"男性","60歲及以上","大學及以上","北北基宜蘭區","本省客家人","08","00","05",1,0.549712843338123,0.000377500943752359,0.000208293356277016,"男性 | 60歲及以上 | 大學及以上 | 北北基宜蘭區 | 本省客家人 | 08 | 00 | 05"
"男性","60歲及以上","大學及以上","北北基宜蘭區","本省閩南人","00","08","00",1,0.549712843338123,0.000377500943752359,0.000208293356277016,"男性 | 60歲及以上 | 大學及以上 | 北北基宜蘭區 | 本省閩南人 | 00 | 08 | 00"
"男性","60歲及以上","大學及以上","北北基宜蘭區","本省閩南人","00","08","01",1,0.549712843338123,0.000377500943752359,0.000208293356277016,"男性 | 60歲及以上 | 大學及以上 | 北北基宜蘭區 | 本省閩南人 | 00 | 08 | 01"
"男性","60歲及以上","大學及以上","北北基宜蘭區","本省閩南人","00","10","02",1,0.549712843338123,0.000377500943752359,0.000208293356277016,"男性 | 60歲及以上 | 大學及以上 | 北北基宜蘭區 | 本省閩南人 | 00 | 10 | 02"
"男性","60歲及以上","大學及以上","北北基宜蘭區","本省閩南人","02","07","01",1,0.549712843338123,0.000377500943752359,0.000208293356277016,"男性 | 60歲及以上 | 大學及以上 | 北北基宜蘭區 | 本省閩南人 | 02 | 07 | 01"
"男性","60歲及以上","大學及以上","北北基宜蘭區","本省閩南人","03","09","01",1,0.549712843338123,0.000377500943752359,0.000208293356277016,"男性 | 60歲及以上 | 大學及以上 | 北北基宜蘭區 | 本省閩南人 | 03 | 09 | 01"
"男性","60歲及以上","大學及以上","北北基宜蘭區","本省閩南人","04","04","09",1,0.549712843338123,0.000377500943752359,0.000208293356277016,"男性 | 60歲及以上 | 大學及以上 | 北北基宜蘭區 | 本省閩南人 | 04 | 04 | 09"
"男性","60歲及以上","大學及以上","北北基宜蘭區","本省閩南人","04","08","00",1,0.549712843338123,0.000377500943752359,0.000208293356277016,"男性 | 60歲及以上 | 大學及以上 | 北北基宜蘭區 | 本省閩南人 | 04 | 08 | 00"
"男性","60歲及以上","大學及以上","北北基宜蘭區","本省閩南人","04","08","02",1,0.549712843338123,0.000377500943752359,0.000208293356277016,"男性 | 60歲及以上 | 大學及以上 | 北北基宜蘭區 | 本省閩南人 | 04 | 08 | 02"
"男性","60歲及以上","大學及以上","北北基宜蘭區","本省閩南人","05","02","02",1,0.549712843338123,0.000377500943752359,0.000208293356277016,"男性 | 60歲及以上 | 大學及以上 | 北北基宜蘭區 | 本省閩南人 | 05 | 02 | 02"
"男性","60歲及以上","大學及以上","北北基宜蘭區","本省閩南人","05","03","05",1,0.549712843338123,0.000377500943752359,0.000208293356277016,"男性 | 60歲及以上 | 大學及以上 | 北北基宜蘭區 | 本省閩南人 | 05 | 03 | 05"
"男性","60歲及以上","大學及以上","北北基宜蘭區","本省閩南人","05","05","05",1,0.549712843338123,0.000377500943752359,0.000208293356277016,"男性 | 60歲及以上 | 大學及以上 | 北北基宜蘭區 | 本省閩南人 | 05 | 05 | 05"
"男性","60歲及以上","大學及以上","北北基宜蘭區","本省閩南人","06","01","05",1,0.549712843338123,0.000377500943752359,0.000208293356277016,"男性 | 60歲及以上 | 大學及以上 | 北北基宜蘭區 | 本省閩南人 | 06 | 01 | 05"
"男性","60歲及以上","大學及以上","北北基宜蘭區","本省閩南人","06","03","06",1,0.549712843338123,0.000377500943752359,0.000208293356277016,"男性 | 60歲及以上 | 大學及以上 | 北北基宜蘭區 | 本省閩南人 | 06 | 03 | 06"
"男性","60歲及以上","大學及以上","北北基宜蘭區","本省閩南人","06","05","04",1,0.549712843338123,0.000377500943752359,0.000208293356277016,"男性 | 60歲及以上 | 大學及以上 | 北北基宜蘭區 | 本省閩南人 | 06 | 05 | 04"
"男性","60歲及以上","大學及以上","北北基宜蘭區","本省閩南人","06","06","04",1,0.549712843338123,0.000377500943752359,0.000208293356277016,"男性 | 60歲及以上 | 大學及以上 | 北北基宜蘭區 | 本省閩南人 | 06 | 06 | 04"
"男性","60歲及以上","大學及以上","北北基宜蘭區","本省閩南人","07","02","05",1,0.549712843338123,0.000377500943752359,0.000208293356277016,"男性 | 60歲及以上 | 大學及以上 | 北北基宜蘭區 | 本省閩南人 | 07 | 02 | 05"
"男性","60歲及以上","大學及以上","北北基宜蘭區","本省閩南人","07","03","05",1,0.549712843338123,0.000377500943752359,0.000208293356277016,"男性 | 60歲及以上 | 大學及以上 | 北北基宜蘭區 | 本省閩南人 | 07 | 03 | 05"
"男性","60歲及以上","大學及以上","北北基宜蘭區","本省閩南人","07","04","02",1,0.549712843338123,0.000377500943752359,0.000208293356277016,"男性 | 60歲及以上 | 大學及以上 | 北北基宜蘭區 | 本省閩南人 | 07 | 04 | 02"
"男性","60歲及以上","大學及以上","北北基宜蘭區","本省閩南人","08","00","05",1,0.549712843338123,0.000377500943752359,0.000208293356277016,"男性 | 60歲及以上 | 大學及以上 | 北北基宜蘭區 | 本省閩南人 | 08 | 00 | 05"
"男性","60歲及以上","大學及以上","北北基宜蘭區","本省閩南人","08","01","02",1,0.549712843338123,0.000377500943752359,0.000208293356277016,"男性 | 60歲及以上 | 大學及以上 | 北北基宜蘭區 | 本省閩南人 | 08 | 01 | 02"
"男性","60歲及以上","大學及以上","北北基宜蘭區","本省閩南人","08","01","05",1,0.549712843338123,0.000377500943752359,0.000208293356277016,"男性 | 60歲及以上 | 大學及以上 | 北北基宜蘭區 | 本省閩南人 | 08 | 01 | 05"
"男性","60歲及以上","大學及以上","北北基宜蘭區","本省閩南人","08","02","08",1,0.549712843338123,0.000377500943752359,0.000208293356277016,"男性 | 60歲及以上 | 大學及以上 | 北北基宜蘭區 | 本省閩南人 | 08 | 02 | 08"
"男性","60歲及以上","大學及以上","北北基宜蘭區","本省閩南人","10","02","05",1,0.549712843338123,0.000377500943752359,0.000208293356277016,"男性 | 60歲及以上 | 大學及以上 | 北北基宜蘭區 | 本省閩南人 | 10 | 02 | 05"
"男性","60歲及以上","大學及以上","桃竹苗區","大陸各省市","03","03","03",1,0.517528982,0.000377500943752359,0.000196098472025515,"男性 | 60歲及以上 | 大學及以上 | 桃竹苗區 | 大陸各省市 | 03 | 03 | 03"
"男性","60歲及以上","大學及以上","桃竹苗區","大陸各省市","05","01","06",1,0.517528982,0.000377500943752359,0.000196098472025515,"男性 | 60歲及以上 | 大學及以上 | 桃竹苗區 | 大陸各省市 | 05 | 01 | 06"
"男性","60歲及以上","大學及以上","桃竹苗區","大陸各省市","07","03","04",1,0.517528982,0.000377500943752359,0.000196098472025515,"男性 | 60歲及以上 | 大學及以上 | 桃竹苗區 | 大陸各省市 | 07 | 03 | 04"
"男性","60歲及以上","大學及以上","桃竹苗區","大陸各省市","07","05","05",1,0.517528982,0.000377500943752359,0.000196098472025515,"男性 | 60歲及以上 | 大學及以上 | 桃竹苗區 | 大陸各省市 | 07 | 05 | 05"
"男性","60歲及以上","大學及以上","桃竹苗區","大陸各省市","08","00","05",1,0.517528982,0.000377500943752359,0.000196098472025515,"男性 | 60歲及以上 | 大學及以上 | 桃竹苗區 | 大陸各省市 | 08 | 00 | 05"
"男性","60歲及以上","大學及以上","桃竹苗區","大陸各省市","08","03","04",1,0.517528982,0.000377500943752359,0.000196098472025515,"男性 | 60歲及以上 | 大學及以上 | 桃竹苗區 | 大陸各省市 | 08 | 03 | 04"
"男性","60歲及以上","大學及以上","桃竹苗區","本省客家人","00","07","00",1,0.517528982,0.000377500943752359,0.000196098472025515,"男性 | 60歲及以上 | 大學及以上 | 桃竹苗區 | 本省客家人 | 00 | 07 | 00"
"男性","60歲及以上","大學及以上","桃竹苗區","本省客家人","03","08","00",1,0.517528982,0.000377500943752359,0.000196098472025515,"男性 | 60歲及以上 | 大學及以上 | 桃竹苗區 | 本省客家人 | 03 | 08 | 00"
"男性","60歲及以上","大學及以上","桃竹苗區","本省客家人","07","01","02",1,0.517528982,0.000377500943752359,0.000196098472025515,"男性 | 60歲及以上 | 大學及以上 | 桃竹苗區 | 本省客家人 | 07 | 01 | 02"
"男性","60歲及以上","大學及以上","桃竹苗區","本省客家人","07","01","03",1,0.517528982,0.000377500943752359,0.000196098472025515,"男性 | 60歲及以上 | 大學及以上 | 桃竹苗區 | 本省客家人 | 07 | 01 | 03"
"男性","60歲及以上","大學及以上","桃竹苗區","本省閩南人","00","06","02",1,0.517528982,0.000377500943752359,0.000196098472025515,"男性 | 60歲及以上 | 大學及以上 | 桃竹苗區 | 本省閩南人 | 00 | 06 | 02"
"男性","60歲及以上","大學及以上","桃竹苗區","本省閩南人","01","10","00",1,0.517528982,0.000377500943752359,0.000196098472025515,"男性 | 60歲及以上 | 大學及以上 | 桃竹苗區 | 本省閩南人 | 01 | 10 | 00"
"男性","60歲及以上","大學及以上","桃竹苗區","本省閩南人","03","01","02",1,0.517528982,0.000377500943752359,0.000196098472025515,"男性 | 60歲及以上 | 大學及以上 | 桃竹苗區 | 本省閩南人 | 03 | 01 | 02"
"男性","60歲及以上","大學及以上","桃竹苗區","本省閩南人","05","00","07",1,0.517528982,0.000377500943752359,0.000196098472025515,"男性 | 60歲及以上 | 大學及以上 | 桃竹苗區 | 本省閩南人 | 05 | 00 | 07"
"男性","60歲及以上","大學及以上","桃竹苗區","本省閩南人","06","00","05",1,0.517528982,0.000377500943752359,0.000196098472025515,"男性 | 60歲及以上 | 大學及以上 | 桃竹苗區 | 本省閩南人 | 06 | 00 | 05"
"男性","60歲及以上","大學及以上","桃竹苗區","本省閩南人","06","04","04",1,0.517528982,0.000377500943752359,0.000196098472025515,"男性 | 60歲及以上 | 大學及以上 | 桃竹苗區 | 本省閩南人 | 06 | 04 | 04"
"男性","60歲及以上","大學及以上","桃竹苗區","本省閩南人","06","05","04",1,0.517528982,0.000377500943752359,0.000196098472025515,"男性 | 60歲及以上 | 大學及以上 | 桃竹苗區 | 本省閩南人 | 06 | 05 | 04"
"男性","60歲及以上","大學及以上","桃竹苗區","本省閩南人","07","04","03",1,0.517528982,0.000377500943752359,0.000196098472025515,"男性 | 60歲及以上 | 大學及以上 | 桃竹苗區 | 本省閩南人 | 07 | 04 | 03"
"男性","60歲及以上","大學及以上","桃竹苗區","本省閩南人","08","00","04",1,0.517528982,0.000377500943752359,0.000196098472025515,"男性 | 60歲及以上 | 大學及以上 | 桃竹苗區 | 本省閩南人 | 08 | 00 | 04"
"男性","60歲及以上","大學及以上","花東區","原住民","08","01","05",1,0.435347854921644,0.000377500943752359,0.000164958972577346,"男性 | 60歲及以上 | 大學及以上 | 花東區 | 原住民 | 08 | 01 | 05"
"男性","60歲及以上","大學及以上","花東區","大陸各省市","01","08","00",1,0.435347854921644,0.000377500943752359,0.000164958972577346,"男性 | 60歲及以上 | 大學及以上 | 花東區 | 大陸各省市 | 01 | 08 | 00"
"男性","60歲及以上","大學及以上","花東區","本省客家人","01","09","01",1,0.435347854921644,0.000377500943752359,0.000164958972577346,"男性 | 60歲及以上 | 大學及以上 | 花東區 | 本省客家人 | 01 | 09 | 01"
"男性","60歲及以上","大學及以上","花東區","本省客家人","04","08","05",1,0.435347854921644,0.000377500943752359,0.000164958972577346,"男性 | 60歲及以上 | 大學及以上 | 花東區 | 本省客家人 | 04 | 08 | 05"
"男性","60歲及以上","大學及以上","花東區","本省客家人","05","00","03",1,0.435347854921644,0.000377500943752359,0.000164958972577346,"男性 | 60歲及以上 | 大學及以上 | 花東區 | 本省客家人 | 05 | 00 | 03"
"男性","60歲及以上","大學及以上","花東區","本省客家人","05","02","07",1,0.435347854921644,0.000377500943752359,0.000164958972577346,"男性 | 60歲及以上 | 大學及以上 | 花東區 | 本省客家人 | 05 | 02 | 07"
"男性","60歲及以上","大學及以上","花東區","本省客家人","06","03","00",1,0.435347854921644,0.000377500943752359,0.000164958972577346,"男性 | 60歲及以上 | 大學及以上 | 花東區 | 本省客家人 | 06 | 03 | 00"
"男性","60歲及以上","大學及以上","花東區","本省客家人","09","01","02",1,0.435347854921644,0.000377500943752359,0.000164958972577346,"男性 | 60歲及以上 | 大學及以上 | 花東區 | 本省客家人 | 09 | 01 | 02"
"男性","60歲及以上","大學及以上","花東區","本省閩南人","07","00","05",1,0.435347854921644,0.000377500943752359,0.000164958972577346,"男性 | 60歲及以上 | 大學及以上 | 花東區 | 本省閩南人 | 07 | 00 | 05"
"男性","60歲及以上","大學及以上","雲嘉南區","本省閩南人","05","03","04",1,0.484981258292369,0.000377500943752359,0.000183765715582949,"男性 | 60歲及以上 | 大學及以上 | 雲嘉南區 | 本省閩南人 | 05 | 03 | 04"
"男性","60歲及以上","大學及以上","雲嘉南區","本省閩南人","05","05","03",1,0.484981258292369,0.000377500943752359,0.000183765715582949,"男性 | 60歲及以上 | 大學及以上 | 雲嘉南區 | 本省閩南人 | 05 | 05 | 03"
"男性","60歲及以上","大學及以上","雲嘉南區","本省閩南人","05","05","05",1,0.484981258292369,0.000377500943752359,0.000183765715582949,"男性 | 60歲及以上 | 大學及以上 | 雲嘉南區 | 本省閩南人 | 05 | 05 | 05"
"男性","60歲及以上","大學及以上","雲嘉南區","本省閩南人","05","05","08",1,0.484981258292369,0.000377500943752359,0.000183765715582949,"男性 | 60歲及以上 | 大學及以上 | 雲嘉南區 | 本省閩南人 | 05 | 05 | 08"
"男性","60歲及以上","大學及以上","雲嘉南區","本省閩南人","06","03","04",1,0.484981258292369,0.000377500943752359,0.000183765715582949,"男性 | 60歲及以上 | 大學及以上 | 雲嘉南區 | 本省閩南人 | 06 | 03 | 04"
"男性","60歲及以上","大學及以上","雲嘉南區","本省閩南人","06","07","03",1,0.484981258292369,0.000377500943752359,0.000183765715582949,"男性 | 60歲及以上 | 大學及以上 | 雲嘉南區 | 本省閩南人 | 06 | 07 | 03"
"男性","60歲及以上","大學及以上","雲嘉南區","本省閩南人","07","00","10",1,0.484981258292369,0.000377500943752359,0.000183765715582949,"男性 | 60歲及以上 | 大學及以上 | 雲嘉南區 | 本省閩南人 | 07 | 00 | 10"
"男性","60歲及以上","大學及以上","雲嘉南區","本省閩南人","07","03","06",1,0.484981258292369,0.000377500943752359,0.000183765715582949,"男性 | 60歲及以上 | 大學及以上 | 雲嘉南區 | 本省閩南人 | 07 | 03 | 06"
"男性","60歲及以上","大學及以上","雲嘉南區","本省閩南人","07","06","05",1,0.484981258292369,0.000377500943752359,0.000183765715582949,"男性 | 60歲及以上 | 大學及以上 | 雲嘉南區 | 本省閩南人 | 07 | 06 | 05"
"男性","60歲及以上","大學及以上","雲嘉南區","本省閩南人","08","02","05",1,0.484981258292369,0.000377500943752359,0.000183765715582949,"男性 | 60歲及以上 | 大學及以上 | 雲嘉南區 | 本省閩南人 | 08 | 02 | 05"
"男性","60歲及以上","大學及以上","高屏區","大陸各省市","04","03","03",1,0.694621063914153,0.000377500943752359,0.000263200968463449,"男性 | 60歲及以上 | 大學及以上 | 高屏區 | 大陸各省市 | 04 | 03 | 03"
"男性","60歲及以上","大學及以上","高屏區","本省閩南人","00","09","00",1,0.694621063914153,0.000377500943752359,0.000263200968463449,"男性 | 60歲及以上 | 大學及以上 | 高屏區 | 本省閩南人 | 00 | 09 | 00"
"男性","60歲及以上","大學及以上","高屏區","本省閩南人","01","05","01",1,0.694621063914153,0.000377500943752359,0.000263200968463449,"男性 | 60歲及以上 | 大學及以上 | 高屏區 | 本省閩南人 | 01 | 05 | 01"
"男性","60歲及以上","大學及以上","高屏區","本省閩南人","03","05","04",1,0.694621063914153,0.000377500943752359,0.000263200968463449,"男性 | 60歲及以上 | 大學及以上 | 高屏區 | 本省閩南人 | 03 | 05 | 04"
"男性","60歲及以上","大學及以上","高屏區","本省閩南人","05","04","04",1,0.694621063914153,0.000377500943752359,0.000263200968463449,"男性 | 60歲及以上 | 大學及以上 | 高屏區 | 本省閩南人 | 05 | 04 | 04"
"男性","60歲及以上","大學及以上","高屏區","本省閩南人","05","04","05",1,0.694621063914153,0.000377500943752359,0.000263200968463449,"男性 | 60歲及以上 | 大學及以上 | 高屏區 | 本省閩南人 | 05 | 04 | 05"
"男性","60歲及以上","大學及以上","高屏區","本省閩南人","05","05","03",1,0.694621063914153,0.000377500943752359,0.000263200968463449,"男性 | 60歲及以上 | 大學及以上 | 高屏區 | 本省閩南人 | 05 | 05 | 03"
"男性","60歲及以上","大學及以上","高屏區","本省閩南人","05","05","05",1,0.694621063914153,0.000377500943752359,0.000263200968463449,"男性 | 60歲及以上 | 大學及以上 | 高屏區 | 本省閩南人 | 05 | 05 | 05"
"男性","60歲及以上","大學及以上","高屏區","本省閩南人","06","03","04",1,0.694621063914153,0.000377500943752359,0.000263200968463449,"男性 | 60歲及以上 | 大學及以上 | 高屏區 | 本省閩南人 | 06 | 03 | 04"
"男性","60歲及以上","大學及以上","高屏區","本省閩南人","06","04","08",1,0.694621063914153,0.000377500943752359,0.000263200968463449,"男性 | 60歲及以上 | 大學及以上 | 高屏區 | 本省閩南人 | 06 | 04 | 08"
"男性","60歲及以上","專科","中彰投區","大陸各省市","03","08","02",1,0.609203677889509,0.000377500943752359,0.000230835208348692,"男性 | 60歲及以上 | 專科 | 中彰投區 | 大陸各省市 | 03 | 08 | 02"
"男性","60歲及以上","專科","中彰投區","大陸各省市","07","01","06",1,0.609203677889509,0.000377500943752359,0.000230835208348692,"男性 | 60歲及以上 | 專科 | 中彰投區 | 大陸各省市 | 07 | 01 | 06"
"男性","60歲及以上","專科","中彰投區","本省客家人","02","08","02",1,0.609203677889509,0.000377500943752359,0.000230835208348692,"男性 | 60歲及以上 | 專科 | 中彰投區 | 本省客家人 | 02 | 08 | 02"
"男性","60歲及以上","專科","中彰投區","本省客家人","05","00","04",1,0.609203677889509,0.000377500943752359,0.000230835208348692,"男性 | 60歲及以上 | 專科 | 中彰投區 | 本省客家人 | 05 | 00 | 04"
"男性","60歲及以上","專科","中彰投區","本省客家人","07","03","04",1,0.609203677889509,0.000377500943752359,0.000230835208348692,"男性 | 60歲及以上 | 專科 | 中彰投區 | 本省客家人 | 07 | 03 | 04"
"男性","60歲及以上","專科","中彰投區","本省閩南人","00","09","00",1,0.609203677889509,0.000377500943752359,0.000230835208348692,"男性 | 60歲及以上 | 專科 | 中彰投區 | 本省閩南人 | 00 | 09 | 00"
"男性","60歲及以上","專科","中彰投區","本省閩南人","00","10","00",1,0.609203677889509,0.000377500943752359,0.000230835208348692,"男性 | 60歲及以上 | 專科 | 中彰投區 | 本省閩南人 | 00 | 10 | 00"
"男性","60歲及以上","專科","中彰投區","本省閩南人","03","07","01",1,0.609203677889509,0.000377500943752359,0.000230835208348692,"男性 | 60歲及以上 | 專科 | 中彰投區 | 本省閩南人 | 03 | 07 | 01"
"男性","60歲及以上","專科","中彰投區","本省閩南人","03","08","00",1,0.609203677889509,0.000377500943752359,0.000230835208348692,"男性 | 60歲及以上 | 專科 | 中彰投區 | 本省閩南人 | 03 | 08 | 00"
"男性","60歲及以上","專科","中彰投區","本省閩南人","04","02","01",1,0.609203677889509,0.000377500943752359,0.000230835208348692,"男性 | 60歲及以上 | 專科 | 中彰投區 | 本省閩南人 | 04 | 02 | 01"
"男性","60歲及以上","專科","中彰投區","本省閩南人","05","02","02",1,0.609203677889509,0.000377500943752359,0.000230835208348692,"男性 | 60歲及以上 | 專科 | 中彰投區 | 本省閩南人 | 05 | 02 | 02"
"男性","60歲及以上","專科","中彰投區","本省閩南人","05","03","05",1,0.609203677889509,0.000377500943752359,0.000230835208348692,"男性 | 60歲及以上 | 專科 | 中彰投區 | 本省閩南人 | 05 | 03 | 05"
"男性","60歲及以上","專科","中彰投區","本省閩南人","05","07","03",1,0.609203677889509,0.000377500943752359,0.000230835208348692,"男性 | 60歲及以上 | 專科 | 中彰投區 | 本省閩南人 | 05 | 07 | 03"
"男性","60歲及以上","專科","中彰投區","本省閩南人","07","00","00",1,0.609203677889509,0.000377500943752359,0.000230835208348692,"男性 | 60歲及以上 | 專科 | 中彰投區 | 本省閩南人 | 07 | 00 | 00"
"男性","60歲及以上","專科","中彰投區","本省閩南人","07","03","07",1,0.609203677889509,0.000377500943752359,0.000230835208348692,"男性 | 60歲及以上 | 專科 | 中彰投區 | 本省閩南人 | 07 | 03 | 07"
"男性","60歲及以上","專科","中彰投區","本省閩南人","08","00","02",1,0.609203677889509,0.000377500943752359,0.000230835208348692,"男性 | 60歲及以上 | 專科 | 中彰投區 | 本省閩南人 | 08 | 00 | 02"
"男性","60歲及以上","專科","北北基宜蘭區","大陸各省市","05","02","07",1,0.594953846028305,0.000377500943752359,0.00022543576145433,"男性 | 60歲及以上 | 專科 | 北北基宜蘭區 | 大陸各省市 | 05 | 02 | 07"
"男性","60歲及以上","專科","北北基宜蘭區","大陸各省市","05","05","05",1,0.594953846028305,0.000377500943752359,0.00022543576145433,"男性 | 60歲及以上 | 專科 | 北北基宜蘭區 | 大陸各省市 | 05 | 05 | 05"
"男性","60歲及以上","專科","北北基宜蘭區","大陸各省市","06","00","03",1,0.594953846028305,0.000377500943752359,0.00022543576145433,"男性 | 60歲及以上 | 專科 | 北北基宜蘭區 | 大陸各省市 | 06 | 00 | 03"
"男性","60歲及以上","專科","北北基宜蘭區","大陸各省市","06","04","06",1,0.594953846028305,0.000377500943752359,0.00022543576145433,"男性 | 60歲及以上 | 專科 | 北北基宜蘭區 | 大陸各省市 | 06 | 04 | 06"
"男性","60歲及以上","專科","北北基宜蘭區","大陸各省市","07","03","05",1,0.594953846028305,0.000377500943752359,0.00022543576145433,"男性 | 60歲及以上 | 專科 | 北北基宜蘭區 | 大陸各省市 | 07 | 03 | 05"
"男性","60歲及以上","專科","北北基宜蘭區","本省客家人","07","01","05",1,0.594953846028305,0.000377500943752359,0.00022543576145433,"男性 | 60歲及以上 | 專科 | 北北基宜蘭區 | 本省客家人 | 07 | 01 | 05"
"男性","60歲及以上","專科","北北基宜蘭區","本省閩南人","00","07","00",1,0.594953846028305,0.000377500943752359,0.00022543576145433,"男性 | 60歲及以上 | 專科 | 北北基宜蘭區 | 本省閩南人 | 00 | 07 | 00"
"男性","60歲及以上","專科","北北基宜蘭區","本省閩南人","00","08","01",1,0.594953846028305,0.000377500943752359,0.00022543576145433,"男性 | 60歲及以上 | 專科 | 北北基宜蘭區 | 本省閩南人 | 00 | 08 | 01"
"男性","60歲及以上","專科","北北基宜蘭區","本省閩南人","00","09","00",1,0.594953846028305,0.000377500943752359,0.00022543576145433,"男性 | 60歲及以上 | 專科 | 北北基宜蘭區 | 本省閩南人 | 00 | 09 | 00"
"男性","60歲及以上","專科","北北基宜蘭區","本省閩南人","00","10","00",1,0.594953846028305,0.000377500943752359,0.00022543576145433,"男性 | 60歲及以上 | 專科 | 北北基宜蘭區 | 本省閩南人 | 00 | 10 | 00"
"男性","60歲及以上","專科","北北基宜蘭區","本省閩南人","01","02","02",1,0.594953846028305,0.000377500943752359,0.00022543576145433,"男性 | 60歲及以上 | 專科 | 北北基宜蘭區 | 本省閩南人 | 01 | 02 | 02"
"男性","60歲及以上","專科","北北基宜蘭區","本省閩南人","02","08","01",1,0.594953846028305,0.000377500943752359,0.00022543576145433,"男性 | 60歲及以上 | 專科 | 北北基宜蘭區 | 本省閩南人 | 02 | 08 | 01"
"男性","60歲及以上","專科","北北基宜蘭區","本省閩南人","02","08","03",1,0.594953846028305,0.000377500943752359,0.00022543576145433,"男性 | 60歲及以上 | 專科 | 北北基宜蘭區 | 本省閩南人 | 02 | 08 | 03"
"男性","60歲及以上","專科","北北基宜蘭區","本省閩南人","03","07","04",1,0.594953846028305,0.000377500943752359,0.00022543576145433,"男性 | 60歲及以上 | 專科 | 北北基宜蘭區 | 本省閩南人 | 03 | 07 | 04"
"男性","60歲及以上","專科","北北基宜蘭區","本省閩南人","03","08","05",1,0.594953846028305,0.000377500943752359,0.00022543576145433,"男性 | 60歲及以上 | 專科 | 北北基宜蘭區 | 本省閩南人 | 03 | 08 | 05"
"男性","60歲及以上","專科","北北基宜蘭區","本省閩南人","03","09","00",1,0.594953846028305,0.000377500943752359,0.00022543576145433,"男性 | 60歲及以上 | 專科 | 北北基宜蘭區 | 本省閩南人 | 03 | 09 | 00"
"男性","60歲及以上","專科","北北基宜蘭區","本省閩南人","04","02","02",1,0.594953846028305,0.000377500943752359,0.00022543576145433,"男性 | 60歲及以上 | 專科 | 北北基宜蘭區 | 本省閩南人 | 04 | 02 | 02"
"男性","60歲及以上","專科","北北基宜蘭區","本省閩南人","05","03","05",1,0.594953846028305,0.000377500943752359,0.00022543576145433,"男性 | 60歲及以上 | 專科 | 北北基宜蘭區 | 本省閩南人 | 05 | 03 | 05"
"男性","60歲及以上","專科","北北基宜蘭區","本省閩南人","05","05","05",1,0.594953846028305,0.000377500943752359,0.00022543576145433,"男性 | 60歲及以上 | 專科 | 北北基宜蘭區 | 本省閩南人 | 05 | 05 | 05"
"男性","60歲及以上","專科","北北基宜蘭區","本省閩南人","06","05","06",1,0.594953846028305,0.000377500943752359,0.00022543576145433,"男性 | 60歲及以上 | 專科 | 北北基宜蘭區 | 本省閩南人 | 06 | 05 | 06"
"男性","60歲及以上","專科","北北基宜蘭區","本省閩南人","07","02","05",1,0.594953846028305,0.000377500943752359,0.00022543576145433,"男性 | 60歲及以上 | 專科 | 北北基宜蘭區 | 本省閩南人 | 07 | 02 | 05"
"男性","60歲及以上","專科","北北基宜蘭區","本省閩南人","07","05","06",1,0.594953846028305,0.000377500943752359,0.00022543576145433,"男性 | 60歲及以上 | 專科 | 北北基宜蘭區 | 本省閩南人 | 07 | 05 | 06"
"男性","60歲及以上","專科","北北基宜蘭區","本省閩南人","07","07","00",1,0.594953846028305,0.000377500943752359,0.00022543576145433,"男性 | 60歲及以上 | 專科 | 北北基宜蘭區 | 本省閩南人 | 07 | 07 | 00"
"男性","60歲及以上","專科","北北基宜蘭區","本省閩南人","08","02","05",1,0.594953846028305,0.000377500943752359,0.00022543576145433,"男性 | 60歲及以上 | 專科 | 北北基宜蘭區 | 本省閩南人 | 08 | 02 | 05"
"男性","60歲及以上","專科","北北基宜蘭區","本省閩南人","08","02","06",1,0.594953846028305,0.000377500943752359,0.00022543576145433,"男性 | 60歲及以上 | 專科 | 北北基宜蘭區 | 本省閩南人 | 08 | 02 | 06"
"男性","60歲及以上","專科","北北基宜蘭區","本省閩南人","08","03","05",1,0.594953846028305,0.000377500943752359,0.00022543576145433,"男性 | 60歲及以上 | 專科 | 北北基宜蘭區 | 本省閩南人 | 08 | 03 | 05"
"男性","60歲及以上","專科","桃竹苗區","本省客家人","00","08","00",1,0.56012127424102,0.000377500943752359,0.000212237246314542,"男性 | 60歲及以上 | 專科 | 桃竹苗區 | 本省客家人 | 00 | 08 | 00"
"男性","60歲及以上","專科","桃竹苗區","本省客家人","00","10","00",1,0.56012127424102,0.000377500943752359,0.000212237246314542,"男性 | 60歲及以上 | 專科 | 桃竹苗區 | 本省客家人 | 00 | 10 | 00"
"男性","60歲及以上","專科","桃竹苗區","本省客家人","02","08","02",1,0.56012127424102,0.000377500943752359,0.000212237246314542,"男性 | 60歲及以上 | 專科 | 桃竹苗區 | 本省客家人 | 02 | 08 | 02"
"男性","60歲及以上","專科","桃竹苗區","本省客家人","05","08","05",1,0.56012127424102,0.000377500943752359,0.000212237246314542,"男性 | 60歲及以上 | 專科 | 桃竹苗區 | 本省客家人 | 05 | 08 | 05"
"男性","60歲及以上","專科","桃竹苗區","本省客家人","06","05","06",1,0.56012127424102,0.000377500943752359,0.000212237246314542,"男性 | 60歲及以上 | 專科 | 桃竹苗區 | 本省客家人 | 06 | 05 | 06"
"男性","60歲及以上","專科","桃竹苗區","本省客家人","08","00","01",1,0.56012127424102,0.000377500943752359,0.000212237246314542,"男性 | 60歲及以上 | 專科 | 桃竹苗區 | 本省客家人 | 08 | 00 | 01"
"男性","60歲及以上","專科","桃竹苗區","本省客家人","09","01","07",1,0.56012127424102,0.000377500943752359,0.000212237246314542,"男性 | 60歲及以上 | 專科 | 桃竹苗區 | 本省客家人 | 09 | 01 | 07"
"男性","60歲及以上","專科","桃竹苗區","本省閩南人","04","07","00",1,0.56012127424102,0.000377500943752359,0.000212237246314542,"男性 | 60歲及以上 | 專科 | 桃竹苗區 | 本省閩南人 | 04 | 07 | 00"
"男性","60歲及以上","專科","桃竹苗區","本省閩南人","07","00","05",1,0.56012127424102,0.000377500943752359,0.000212237246314542,"男性 | 60歲及以上 | 專科 | 桃竹苗區 | 本省閩南人 | 07 | 00 | 05"
"男性","60歲及以上","專科","桃竹苗區","本省閩南人","08","03","06",1,0.56012127424102,0.000377500943752359,0.000212237246314542,"男性 | 60歲及以上 | 專科 | 桃竹苗區 | 本省閩南人 | 08 | 03 | 06"
"男性","60歲及以上","專科","花東區","大陸各省市","10","00","05",1,0.471176694859372,0.000377500943752359,0.000178534986695595,"男性 | 60歲及以上 | 專科 | 花東區 | 大陸各省市 | 10 | 00 | 05"
"男性","60歲及以上","專科","花東區","本省客家人","02","05","00",1,0.471176694859372,0.000377500943752359,0.000178534986695595,"男性 | 60歲及以上 | 專科 | 花東區 | 本省客家人 | 02 | 05 | 00"
"男性","60歲及以上","專科","花東區","本省閩南人","07","03","07",1,0.471176694859372,0.000377500943752359,0.000178534986695595,"男性 | 60歲及以上 | 專科 | 花東區 | 本省閩南人 | 07 | 03 | 07"
"男性","60歲及以上","專科","雲嘉南區","本省客家人","00","08","00",1,0.52489489443348,0.000377500943752359,0.000198889512186584,"男性 | 60歲及以上 | 專科 | 雲嘉南區 | 本省客家人 | 00 | 08 | 00"
"男性","60歲及以上","專科","雲嘉南區","本省閩南人","00","00","00",1,0.52489489443348,0.000377500943752359,0.000198889512186584,"男性 | 60歲及以上 | 專科 | 雲嘉南區 | 本省閩南人 | 00 | 00 | 00"
"男性","60歲及以上","專科","雲嘉南區","本省閩南人","00","07","00",1,0.52489489443348,0.000377500943752359,0.000198889512186584,"男性 | 60歲及以上 | 專科 | 雲嘉南區 | 本省閩南人 | 00 | 07 | 00"
"男性","60歲及以上","專科","雲嘉南區","本省閩南人","02","06","00",1,0.52489489443348,0.000377500943752359,0.000198889512186584,"男性 | 60歲及以上 | 專科 | 雲嘉南區 | 本省閩南人 | 02 | 06 | 00"
"男性","60歲及以上","專科","雲嘉南區","本省閩南人","06","03","04",1,0.52489489443348,0.000377500943752359,0.000198889512186584,"男性 | 60歲及以上 | 專科 | 雲嘉南區 | 本省閩南人 | 06 | 03 | 04"
"男性","60歲及以上","專科","雲嘉南區","本省閩南人","06","03","06",1,0.52489489443348,0.000377500943752359,0.000198889512186584,"男性 | 60歲及以上 | 專科 | 雲嘉南區 | 本省閩南人 | 06 | 03 | 06"
"男性","60歲及以上","專科","雲嘉南區","本省閩南人","06","04","05",1,0.52489489443348,0.000377500943752359,0.000198889512186584,"男性 | 60歲及以上 | 專科 | 雲嘉南區 | 本省閩南人 | 06 | 04 | 05"
"男性","60歲及以上","專科","雲嘉南區","本省閩南人","07","06","05",1,0.52489489443348,0.000377500943752359,0.000198889512186584,"男性 | 60歲及以上 | 專科 | 雲嘉南區 | 本省閩南人 | 07 | 06 | 05"
"男性","60歲及以上","專科","雲嘉南區","本省閩南人","08","06","06",1,0.52489489443348,0.000377500943752359,0.000198889512186584,"男性 | 60歲及以上 | 專科 | 雲嘉南區 | 本省閩南人 | 08 | 06 | 06"
"男性","60歲及以上","專科","高屏區","大陸各省市","00","08","00",1,0.751787917121307,0.000377500943752359,0.00028486223373425,"男性 | 60歲及以上 | 專科 | 高屏區 | 大陸各省市 | 00 | 08 | 00"
"男性","60歲及以上","專科","高屏區","大陸各省市","05","03","04",1,0.751787917121307,0.000377500943752359,0.00028486223373425,"男性 | 60歲及以上 | 專科 | 高屏區 | 大陸各省市 | 05 | 03 | 04"
"男性","60歲及以上","專科","高屏區","大陸各省市","08","02","05",1,0.751787917121307,0.000377500943752359,0.00028486223373425,"男性 | 60歲及以上 | 專科 | 高屏區 | 大陸各省市 | 08 | 02 | 05"
"男性","60歲及以上","專科","高屏區","本省閩南人","01","09","01",1,0.751787917121307,0.000377500943752359,0.00028486223373425,"男性 | 60歲及以上 | 專科 | 高屏區 | 本省閩南人 | 01 | 09 | 01"
"男性","60歲及以上","專科","高屏區","本省閩南人","05","05","03",1,0.751787917121307,0.000377500943752359,0.00028486223373425,"男性 | 60歲及以上 | 專科 | 高屏區 | 本省閩南人 | 05 | 05 | 03"
"男性","60歲及以上","專科","高屏區","本省閩南人","05","05","05",1,0.751787917121307,0.000377500943752359,0.00028486223373425,"男性 | 60歲及以上 | 專科 | 高屏區 | 本省閩南人 | 05 | 05 | 05"
"男性","60歲及以上","專科","高屏區","本省閩南人","05","06","03",1,0.751787917121307,0.000377500943752359,0.00028486223373425,"男性 | 60歲及以上 | 專科 | 高屏區 | 本省閩南人 | 05 | 06 | 03"
"男性","60歲及以上","專科","高屏區","本省閩南人","05","08","04",1,0.751787917121307,0.000377500943752359,0.00028486223373425,"男性 | 60歲及以上 | 專科 | 高屏區 | 本省閩南人 | 05 | 08 | 04"
"男性","60歲及以上","專科","高屏區","本省閩南人","07","04","06",1,0.751787917121307,0.000377500943752359,0.00028486223373425,"男性 | 60歲及以上 | 專科 | 高屏區 | 本省閩南人 | 07 | 04 | 06"
"男性","60歲及以上","小學及以下","中彰投區","大陸各省市","02","00","00",1,0.890785837,0.000377500943752359,0.000337530356005588,"男性 | 60歲及以上 | 小學及以下 | 中彰投區 | 大陸各省市 | 02 | 00 | 00"
"男性","60歲及以上","小學及以下","中彰投區","大陸各省市","10","00","05",1,0.890785837,0.000377500943752359,0.000337530356005588,"男性 | 60歲及以上 | 小學及以下 | 中彰投區 | 大陸各省市 | 10 | 00 | 05"
"男性","60歲及以上","小學及以下","中彰投區","本省閩南人","00","08","01",1,0.890785837,0.000377500943752359,0.000337530356005588,"男性 | 60歲及以上 | 小學及以下 | 中彰投區 | 本省閩南人 | 00 | 08 | 01"
"男性","60歲及以上","小學及以下","中彰投區","本省閩南人","00","10","00",1,0.890785837,0.000377500943752359,0.000337530356005588,"男性 | 60歲及以上 | 小學及以下 | 中彰投區 | 本省閩南人 | 00 | 10 | 00"
"男性","60歲及以上","小學及以下","中彰投區","本省閩南人","00","10","02",1,0.890785837,0.000377500943752359,0.000337530356005588,"男性 | 60歲及以上 | 小學及以下 | 中彰投區 | 本省閩南人 | 00 | 10 | 02"
"男性","60歲及以上","小學及以下","中彰投區","本省閩南人","02","03","02",1,0.890785837,0.000377500943752359,0.000337530356005588,"男性 | 60歲及以上 | 小學及以下 | 中彰投區 | 本省閩南人 | 02 | 03 | 02"
"男性","60歲及以上","小學及以下","中彰投區","本省閩南人","03","03","03",1,0.890785837,0.000377500943752359,0.000337530356005588,"男性 | 60歲及以上 | 小學及以下 | 中彰投區 | 本省閩南人 | 03 | 03 | 03"
"男性","60歲及以上","小學及以下","中彰投區","本省閩南人","04","06","01",1,0.890785837,0.000377500943752359,0.000337530356005588,"男性 | 60歲及以上 | 小學及以下 | 中彰投區 | 本省閩南人 | 04 | 06 | 01"
"男性","60歲及以上","小學及以下","中彰投區","本省閩南人","05","00","10",1,0.890785837,0.000377500943752359,0.000337530356005588,"男性 | 60歲及以上 | 小學及以下 | 中彰投區 | 本省閩南人 | 05 | 00 | 10"
"男性","60歲及以上","小學及以下","中彰投區","本省閩南人","08","00","02",1,0.890785837,0.000377500943752359,0.000337530356005588,"男性 | 60歲及以上 | 小學及以下 | 中彰投區 | 本省閩南人 | 08 | 00 | 02"
"男性","60歲及以上","小學及以下","中彰投區","本省閩南人","08","01","05",1,0.890785837,0.000377500943752359,0.000337530356005588,"男性 | 60歲及以上 | 小學及以下 | 中彰投區 | 本省閩南人 | 08 | 01 | 05"
"男性","60歲及以上","小學及以下","北北基宜蘭區","大陸各省市","09","02","06",1,0.869949540493392,0.000377500943752359,0.000329635211869261,"男性 | 60歲及以上 | 小學及以下 | 北北基宜蘭區 | 大陸各省市 | 09 | 02 | 06"
"男性","60歲及以上","小學及以下","北北基宜蘭區","本省客家人","05","05","04",1,0.869949540493392,0.000377500943752359,0.000329635211869261,"男性 | 60歲及以上 | 小學及以下 | 北北基宜蘭區 | 本省客家人 | 05 | 05 | 04"
"男性","60歲及以上","小學及以下","北北基宜蘭區","本省閩南人","00","06","05",1,0.869949540493392,0.000377500943752359,0.000329635211869261,"男性 | 60歲及以上 | 小學及以下 | 北北基宜蘭區 | 本省閩南人 | 00 | 06 | 05"
"男性","60歲及以上","小學及以下","北北基宜蘭區","本省閩南人","00","08","00",1,0.869949540493392,0.000377500943752359,0.000329635211869261,"男性 | 60歲及以上 | 小學及以下 | 北北基宜蘭區 | 本省閩南人 | 00 | 08 | 00"
"男性","60歲及以上","小學及以下","北北基宜蘭區","本省閩南人","00","10","00",1,0.869949540493392,0.000377500943752359,0.000329635211869261,"男性 | 60歲及以上 | 小學及以下 | 北北基宜蘭區 | 本省閩南人 | 00 | 10 | 00"
"男性","60歲及以上","小學及以下","北北基宜蘭區","本省閩南人","00","10","01",1,0.869949540493392,0.000377500943752359,0.000329635211869261,"男性 | 60歲及以上 | 小學及以下 | 北北基宜蘭區 | 本省閩南人 | 00 | 10 | 01"
"男性","60歲及以上","小學及以下","北北基宜蘭區","本省閩南人","00","10","10",1,0.869949540493392,0.000377500943752359,0.000329635211869261,"男性 | 60歲及以上 | 小學及以下 | 北北基宜蘭區 | 本省閩南人 | 00 | 10 | 10"
"男性","60歲及以上","小學及以下","北北基宜蘭區","本省閩南人","01","06","02",1,0.869949540493392,0.000377500943752359,0.000329635211869261,"男性 | 60歲及以上 | 小學及以下 | 北北基宜蘭區 | 本省閩南人 | 01 | 06 | 02"
"男性","60歲及以上","小學及以下","北北基宜蘭區","本省閩南人","02","08","03",1,0.869949540493392,0.000377500943752359,0.000329635211869261,"男性 | 60歲及以上 | 小學及以下 | 北北基宜蘭區 | 本省閩南人 | 02 | 08 | 03"
"男性","60歲及以上","小學及以下","北北基宜蘭區","本省閩南人","03","00","05",1,0.869949540493392,0.000377500943752359,0.000329635211869261,"男性 | 60歲及以上 | 小學及以下 | 北北基宜蘭區 | 本省閩南人 | 03 | 00 | 05"
"男性","60歲及以上","小學及以下","北北基宜蘭區","本省閩南人","03","02","02",1,0.869949540493392,0.000377500943752359,0.000329635211869261,"男性 | 60歲及以上 | 小學及以下 | 北北基宜蘭區 | 本省閩南人 | 03 | 02 | 02"
"男性","60歲及以上","小學及以下","北北基宜蘭區","本省閩南人","03","07","04",1,0.869949540493392,0.000377500943752359,0.000329635211869261,"男性 | 60歲及以上 | 小學及以下 | 北北基宜蘭區 | 本省閩南人 | 03 | 07 | 04"
"男性","60歲及以上","小學及以下","北北基宜蘭區","本省閩南人","03","08","00",1,0.869949540493392,0.000377500943752359,0.000329635211869261,"男性 | 60歲及以上 | 小學及以下 | 北北基宜蘭區 | 本省閩南人 | 03 | 08 | 00"
"男性","60歲及以上","小學及以下","北北基宜蘭區","本省閩南人","03","09","01",1,0.869949540493392,0.000377500943752359,0.000329635211869261,"男性 | 60歲及以上 | 小學及以下 | 北北基宜蘭區 | 本省閩南人 | 03 | 09 | 01"
"男性","60歲及以上","小學及以下","北北基宜蘭區","本省閩南人","03","09","02",1,0.869949540493392,0.000377500943752359,0.000329635211869261,"男性 | 60歲及以上 | 小學及以下 | 北北基宜蘭區 | 本省閩南人 | 03 | 09 | 02"
"男性","60歲及以上","小學及以下","北北基宜蘭區","本省閩南人","05","05","00",1,0.869949540493392,0.000377500943752359,0.000329635211869261,"男性 | 60歲及以上 | 小學及以下 | 北北基宜蘭區 | 本省閩南人 | 05 | 05 | 00"
"男性","60歲及以上","小學及以下","北北基宜蘭區","本省閩南人","05","05","02",1,0.869949540493392,0.000377500943752359,0.000329635211869261,"男性 | 60歲及以上 | 小學及以下 | 北北基宜蘭區 | 本省閩南人 | 05 | 05 | 02"
"男性","60歲及以上","小學及以下","北北基宜蘭區","本省閩南人","05","05","03",1,0.869949540493392,0.000377500943752359,0.000329635211869261,"男性 | 60歲及以上 | 小學及以下 | 北北基宜蘭區 | 本省閩南人 | 05 | 05 | 03"
"男性","60歲及以上","小學及以下","北北基宜蘭區","本省閩南人","06","05","04",1,0.869949540493392,0.000377500943752359,0.000329635211869261,"男性 | 60歲及以上 | 小學及以下 | 北北基宜蘭區 | 本省閩南人 | 06 | 05 | 04"
"男性","60歲及以上","小學及以下","桃竹苗區","本省客家人","00","06","01",1,0.819016884081736,0.000377500943752359,0.000310336164963853,"男性 | 60歲及以上 | 小學及以下 | 桃竹苗區 | 本省客家人 | 00 | 06 | 01"
"男性","60歲及以上","小學及以下","桃竹苗區","本省客家人","00","10","00",1,0.819016884081736,0.000377500943752359,0.000310336164963853,"男性 | 60歲及以上 | 小學及以下 | 桃竹苗區 | 本省客家人 | 00 | 10 | 00"
"男性","60歲及以上","小學及以下","桃竹苗區","本省客家人","05","04","04",1,0.819016884081736,0.000377500943752359,0.000310336164963853,"男性 | 60歲及以上 | 小學及以下 | 桃竹苗區 | 本省客家人 | 05 | 04 | 04"
"男性","60歲及以上","小學及以下","桃竹苗區","本省客家人","05","05","05",1,0.819016884081736,0.000377500943752359,0.000310336164963853,"男性 | 60歲及以上 | 小學及以下 | 桃竹苗區 | 本省客家人 | 05 | 05 | 05"
"男性","60歲及以上","小學及以下","桃竹苗區","本省閩南人","00","05","00",1,0.819016884081736,0.000377500943752359,0.000310336164963853,"男性 | 60歲及以上 | 小學及以下 | 桃竹苗區 | 本省閩南人 | 00 | 05 | 00"
"男性","60歲及以上","小學及以下","桃竹苗區","本省閩南人","00","10","00",1,0.819016884081736,0.000377500943752359,0.000310336164963853,"男性 | 60歲及以上 | 小學及以下 | 桃竹苗區 | 本省閩南人 | 00 | 10 | 00"
"男性","60歲及以上","小學及以下","桃竹苗區","本省閩南人","01","07","02",1,0.819016884081736,0.000377500943752359,0.000310336164963853,"男性 | 60歲及以上 | 小學及以下 | 桃竹苗區 | 本省閩南人 | 01 | 07 | 02"
"男性","60歲及以上","小學及以下","桃竹苗區","本省閩南人","02","07","03",1,0.819016884081736,0.000377500943752359,0.000310336164963853,"男性 | 60歲及以上 | 小學及以下 | 桃竹苗區 | 本省閩南人 | 02 | 07 | 03"
"男性","60歲及以上","小學及以下","桃竹苗區","本省閩南人","02","08","00",1,0.819016884081736,0.000377500943752359,0.000310336164963853,"男性 | 60歲及以上 | 小學及以下 | 桃竹苗區 | 本省閩南人 | 02 | 08 | 00"
"男性","60歲及以上","小學及以下","桃竹苗區","本省閩南人","03","10","00",1,0.819016884081736,0.000377500943752359,0.000310336164963853,"男性 | 60歲及以上 | 小學及以下 | 桃竹苗區 | 本省閩南人 | 03 | 10 | 00"
"男性","60歲及以上","小學及以下","桃竹苗區","本省閩南人","05","05","02",1,0.819016884081736,0.000377500943752359,0.000310336164963853,"男性 | 60歲及以上 | 小學及以下 | 桃竹苗區 | 本省閩南人 | 05 | 05 | 02"
"男性","60歲及以上","小學及以下","桃竹苗區","本省閩南人","07","07","02",1,0.819016884081736,0.000377500943752359,0.000310336164963853,"男性 | 60歲及以上 | 小學及以下 | 桃竹苗區 | 本省閩南人 | 07 | 07 | 02"
"男性","60歲及以上","小學及以下","桃竹苗區","本省閩南人","10","10","08",1,0.819016884081736,0.000377500943752359,0.000310336164963853,"男性 | 60歲及以上 | 小學及以下 | 桃竹苗區 | 本省閩南人 | 10 | 10 | 08"
"男性","60歲及以上","小學及以下","花東區","原住民","10","00","03",1,0.688960920112456,0.000377500943752359,0.000261056266254371,"男性 | 60歲及以上 | 小學及以下 | 花東區 | 原住民 | 10 | 00 | 03"
"男性","60歲及以上","小學及以下","花東區","本省閩南人","06","05","02",1,0.688960920112456,0.000377500943752359,0.000261056266254371,"男性 | 60歲及以上 | 小學及以下 | 花東區 | 本省閩南人 | 06 | 05 | 02"
"男性","60歲及以上","小學及以下","雲嘉南區","大陸各省市","00","10","00",1,0.767508396269798,0.000377500943752359,0.00029081892804075,"男性 | 60歲及以上 | 小學及以下 | 雲嘉南區 | 大陸各省市 | 00 | 10 | 00"
"男性","60歲及以上","小學及以下","雲嘉南區","本省閩南人","00","00","00",1,0.767508396269798,0.000377500943752359,0.00029081892804075,"男性 | 60歲及以上 | 小學及以下 | 雲嘉南區 | 本省閩南人 | 00 | 00 | 00"
"男性","60歲及以上","小學及以下","雲嘉南區","本省閩南人","03","03","02",1,0.767508396269798,0.000377500943752359,0.00029081892804075,"男性 | 60歲及以上 | 小學及以下 | 雲嘉南區 | 本省閩南人 | 03 | 03 | 02"
"男性","60歲及以上","小學及以下","雲嘉南區","本省閩南人","03","07","00",1,0.767508396269798,0.000377500943752359,0.00029081892804075,"男性 | 60歲及以上 | 小學及以下 | 雲嘉南區 | 本省閩南人 | 03 | 07 | 00"
"男性","60歲及以上","小學及以下","雲嘉南區","本省閩南人","03","07","02",1,0.767508396269798,0.000377500943752359,0.00029081892804075,"男性 | 60歲及以上 | 小學及以下 | 雲嘉南區 | 本省閩南人 | 03 | 07 | 02"
"男性","60歲及以上","小學及以下","雲嘉南區","本省閩南人","03","09","02",1,0.767508396269798,0.000377500943752359,0.00029081892804075,"男性 | 60歲及以上 | 小學及以下 | 雲嘉南區 | 本省閩南人 | 03 | 09 | 02"
"男性","60歲及以上","小學及以下","雲嘉南區","本省閩南人","03","09","04",1,0.767508396269798,0.000377500943752359,0.00029081892804075,"男性 | 60歲及以上 | 小學及以下 | 雲嘉南區 | 本省閩南人 | 03 | 09 | 04"
"男性","60歲及以上","小學及以下","雲嘉南區","本省閩南人","04","06","03",1,0.767508396269798,0.000377500943752359,0.00029081892804075,"男性 | 60歲及以上 | 小學及以下 | 雲嘉南區 | 本省閩南人 | 04 | 06 | 03"
"男性","60歲及以上","小學及以下","雲嘉南區","本省閩南人","04","09","01",1,0.767508396269798,0.000377500943752359,0.00029081892804075,"男性 | 60歲及以上 | 小學及以下 | 雲嘉南區 | 本省閩南人 | 04 | 09 | 01"
"男性","60歲及以上","小學及以下","雲嘉南區","本省閩南人","05","02","05",1,0.767508396269798,0.000377500943752359,0.00029081892804075,"男性 | 60歲及以上 | 小學及以下 | 雲嘉南區 | 本省閩南人 | 05 | 02 | 05"
"男性","60歲及以上","小學及以下","雲嘉南區","本省閩南人","05","05","05",1,0.767508396269798,0.000377500943752359,0.00029081892804075,"男性 | 60歲及以上 | 小學及以下 | 雲嘉南區 | 本省閩南人 | 05 | 05 | 05"
"男性","60歲及以上","小學及以下","雲嘉南區","本省閩南人","06","03","05",1,0.767508396269798,0.000377500943752359,0.00029081892804075,"男性 | 60歲及以上 | 小學及以下 | 雲嘉南區 | 本省閩南人 | 06 | 03 | 05"
"男性","60歲及以上","小學及以下","雲嘉南區","本省閩南人","06","04","05",1,0.767508396269798,0.000377500943752359,0.00029081892804075,"男性 | 60歲及以上 | 小學及以下 | 雲嘉南區 | 本省閩南人 | 06 | 04 | 05"
"男性","60歲及以上","小學及以下","雲嘉南區","本省閩南人","06","08","03",1,0.767508396269798,0.000377500943752359,0.00029081892804075,"男性 | 60歲及以上 | 小學及以下 | 雲嘉南區 | 本省閩南人 | 06 | 08 | 03"
"男性","60歲及以上","小學及以下","雲嘉南區","本省閩南人","08","02","05",1,0.767508396269798,0.000377500943752359,0.00029081892804075,"男性 | 60歲及以上 | 小學及以下 | 雲嘉南區 | 本省閩南人 | 08 | 02 | 05"
"男性","60歲及以上","小學及以下","高屏區","本省閩南人","02","08","01",1,1.09927443517535,0.000377500943752359,0.000416529401390309,"男性 | 60歲及以上 | 小學及以下 | 高屏區 | 本省閩南人 | 02 | 08 | 01"
"男性","60歲及以上","小學及以下","高屏區","本省閩南人","03","09","00",1,1.09927443517535,0.000377500943752359,0.000416529401390309,"男性 | 60歲及以上 | 小學及以下 | 高屏區 | 本省閩南人 | 03 | 09 | 00"
"男性","60歲及以上","小學及以下","高屏區","本省閩南人","04","06","03",1,1.09927443517535,0.000377500943752359,0.000416529401390309,"男性 | 60歲及以上 | 小學及以下 | 高屏區 | 本省閩南人 | 04 | 06 | 03"
"男性","60歲及以上","小學及以下","高屏區","本省閩南人","05","05","05",1,1.09927443517535,0.000377500943752359,0.000416529401390309,"男性 | 60歲及以上 | 小學及以下 | 高屏區 | 本省閩南人 | 05 | 05 | 05"
"男性","60歲及以上","小學及以下","高屏區","本省閩南人","10","10","10",1,1.09927443517535,0.000377500943752359,0.000416529401390309,"男性 | 60歲及以上 | 小學及以下 | 高屏區 | 本省閩南人 | 10 | 10 | 10"
"男性","60歲及以上","高中、職","中彰投區","大陸各省市","04","00","03",1,0.783478641,0.000377500943752359,0.000296870261779324,"男性 | 60歲及以上 | 高中、職 | 中彰投區 | 大陸各省市 | 04 | 00 | 03"
"男性","60歲及以上","高中、職","中彰投區","大陸各省市","06","00","06",1,0.783478641,0.000377500943752359,0.000296870261779324,"男性 | 60歲及以上 | 高中、職 | 中彰投區 | 大陸各省市 | 06 | 00 | 06"
"男性","60歲及以上","高中、職","中彰投區","大陸各省市","09","01","02",1,0.783478641,0.000377500943752359,0.000296870261779324,"男性 | 60歲及以上 | 高中、職 | 中彰投區 | 大陸各省市 | 09 | 01 | 02"
"男性","60歲及以上","高中、職","中彰投區","本省客家人","03","07","04",1,0.783478641,0.000377500943752359,0.000296870261779324,"男性 | 60歲及以上 | 高中、職 | 中彰投區 | 本省客家人 | 03 | 07 | 04"
"男性","60歲及以上","高中、職","中彰投區","本省閩南人","00","07","03",1,0.783478641,0.000377500943752359,0.000296870261779324,"男性 | 60歲及以上 | 高中、職 | 中彰投區 | 本省閩南人 | 00 | 07 | 03"
"男性","60歲及以上","高中、職","中彰投區","本省閩南人","00","09","02",1,0.783478641,0.000377500943752359,0.000296870261779324,"男性 | 60歲及以上 | 高中、職 | 中彰投區 | 本省閩南人 | 00 | 09 | 02"
"男性","60歲及以上","高中、職","中彰投區","本省閩南人","00","10","01",1,0.783478641,0.000377500943752359,0.000296870261779324,"男性 | 60歲及以上 | 高中、職 | 中彰投區 | 本省閩南人 | 00 | 10 | 01"
"男性","60歲及以上","高中、職","中彰投區","本省閩南人","02","03","00",1,0.783478641,0.000377500943752359,0.000296870261779324,"男性 | 60歲及以上 | 高中、職 | 中彰投區 | 本省閩南人 | 02 | 03 | 00"
"男性","60歲及以上","高中、職","中彰投區","本省閩南人","02","08","01",1,0.783478641,0.000377500943752359,0.000296870261779324,"男性 | 60歲及以上 | 高中、職 | 中彰投區 | 本省閩南人 | 02 | 08 | 01"
"男性","60歲及以上","高中、職","中彰投區","本省閩南人","02","08","02",1,0.783478641,0.000377500943752359,0.000296870261779324,"男性 | 60歲及以上 | 高中、職 | 中彰投區 | 本省閩南人 | 02 | 08 | 02"
"男性","60歲及以上","高中、職","中彰投區","本省閩南人","03","06","02",1,0.783478641,0.000377500943752359,0.000296870261779324,"男性 | 60歲及以上 | 高中、職 | 中彰投區 | 本省閩南人 | 03 | 06 | 02"
"男性","60歲及以上","高中、職","中彰投區","本省閩南人","04","05","03",1,0.783478641,0.000377500943752359,0.000296870261779324,"男性 | 60歲及以上 | 高中、職 | 中彰投區 | 本省閩南人 | 04 | 05 | 03"
"男性","60歲及以上","高中、職","中彰投區","本省閩南人","05","04","05",1,0.783478641,0.000377500943752359,0.000296870261779324,"男性 | 60歲及以上 | 高中、職 | 中彰投區 | 本省閩南人 | 05 | 04 | 05"
"男性","60歲及以上","高中、職","中彰投區","本省閩南人","05","05","02",1,0.783478641,0.000377500943752359,0.000296870261779324,"男性 | 60歲及以上 | 高中、職 | 中彰投區 | 本省閩南人 | 05 | 05 | 02"
"男性","60歲及以上","高中、職","中彰投區","本省閩南人","05","05","06",1,0.783478641,0.000377500943752359,0.000296870261779324,"男性 | 60歲及以上 | 高中、職 | 中彰投區 | 本省閩南人 | 05 | 05 | 06"
"男性","60歲及以上","高中、職","中彰投區","本省閩南人","05","06","05",1,0.783478641,0.000377500943752359,0.000296870261779324,"男性 | 60歲及以上 | 高中、職 | 中彰投區 | 本省閩南人 | 05 | 06 | 05"
"男性","60歲及以上","高中、職","中彰投區","本省閩南人","06","02","04",1,0.783478641,0.000377500943752359,0.000296870261779324,"男性 | 60歲及以上 | 高中、職 | 中彰投區 | 本省閩南人 | 06 | 02 | 04"
"男性","60歲及以上","高中、職","中彰投區","本省閩南人","06","04","04",1,0.783478641,0.000377500943752359,0.000296870261779324,"男性 | 60歲及以上 | 高中、職 | 中彰投區 | 本省閩南人 | 06 | 04 | 04"
"男性","60歲及以上","高中、職","中彰投區","本省閩南人","06","04","05",1,0.783478641,0.000377500943752359,0.000296870261779324,"男性 | 60歲及以上 | 高中、職 | 中彰投區 | 本省閩南人 | 06 | 04 | 05"
"男性","60歲及以上","高中、職","中彰投區","本省閩南人","07","01","03",1,0.783478641,0.000377500943752359,0.000296870261779324,"男性 | 60歲及以上 | 高中、職 | 中彰投區 | 本省閩南人 | 07 | 01 | 03"
"男性","60歲及以上","高中、職","中彰投區","本省閩南人","07","02","08",1,0.783478641,0.000377500943752359,0.000296870261779324,"男性 | 60歲及以上 | 高中、職 | 中彰投區 | 本省閩南人 | 07 | 02 | 08"
"男性","60歲及以上","高中、職","中彰投區","本省閩南人","08","00","07",1,0.783478641,0.000377500943752359,0.000296870261779324,"男性 | 60歲及以上 | 高中、職 | 中彰投區 | 本省閩南人 | 08 | 00 | 07"
"男性","60歲及以上","高中、職","中彰投區","本省閩南人","08","06","05",1,0.783478641,0.000377500943752359,0.000296870261779324,"男性 | 60歲及以上 | 高中、職 | 中彰投區 | 本省閩南人 | 08 | 06 | 05"
"男性","60歲及以上","高中、職","中彰投區","本省閩南人","09","00","03",1,0.783478641,0.000377500943752359,0.000296870261779324,"男性 | 60歲及以上 | 高中、職 | 中彰投區 | 本省閩南人 | 09 | 00 | 03"
"男性","60歲及以上","高中、職","中彰投區","本省閩南人","10","00","10",1,0.783478641,0.000377500943752359,0.000296870261779324,"男性 | 60歲及以上 | 高中、職 | 中彰投區 | 本省閩南人 | 10 | 00 | 10"
"男性","60歲及以上","高中、職","北北基宜蘭區","大陸各省市","06","04","05",1,0.765152358366531,0.000377500943752359,0.000289926194592124,"男性 | 60歲及以上 | 高中、職 | 北北基宜蘭區 | 大陸各省市 | 06 | 04 | 05"
"男性","60歲及以上","高中、職","北北基宜蘭區","大陸各省市","06","05","02",1,0.765152358366531,0.000377500943752359,0.000289926194592124,"男性 | 60歲及以上 | 高中、職 | 北北基宜蘭區 | 大陸各省市 | 06 | 05 | 02"
"男性","60歲及以上","高中、職","北北基宜蘭區","大陸各省市","06","06","06",1,0.765152358366531,0.000377500943752359,0.000289926194592124,"男性 | 60歲及以上 | 高中、職 | 北北基宜蘭區 | 大陸各省市 | 06 | 06 | 06"
"男性","60歲及以上","高中、職","北北基宜蘭區","大陸各省市","08","00","08",1,0.765152358366531,0.000377500943752359,0.000289926194592124,"男性 | 60歲及以上 | 高中、職 | 北北基宜蘭區 | 大陸各省市 | 08 | 00 | 08"
"男性","60歲及以上","高中、職","北北基宜蘭區","大陸各省市","08","06","05",1,0.765152358366531,0.000377500943752359,0.000289926194592124,"男性 | 60歲及以上 | 高中、職 | 北北基宜蘭區 | 大陸各省市 | 08 | 06 | 05"
"男性","60歲及以上","高中、職","北北基宜蘭區","本省客家人","00","08","00",1,0.765152358366531,0.000377500943752359,0.000289926194592124,"男性 | 60歲及以上 | 高中、職 | 北北基宜蘭區 | 本省客家人 | 00 | 08 | 00"
"男性","60歲及以上","高中、職","北北基宜蘭區","本省客家人","05","06","01",1,0.765152358366531,0.000377500943752359,0.000289926194592124,"男性 | 60歲及以上 | 高中、職 | 北北基宜蘭區 | 本省客家人 | 05 | 06 | 01"
"男性","60歲及以上","高中、職","北北基宜蘭區","本省閩南人","00","08","02",1,0.765152358366531,0.000377500943752359,0.000289926194592124,"男性 | 60歲及以上 | 高中、職 | 北北基宜蘭區 | 本省閩南人 | 00 | 08 | 02"
"男性","60歲及以上","高中、職","北北基宜蘭區","本省閩南人","00","10","02",1,0.765152358366531,0.000377500943752359,0.000289926194592124,"男性 | 60歲及以上 | 高中、職 | 北北基宜蘭區 | 本省閩南人 | 00 | 10 | 02"
"男性","60歲及以上","高中、職","北北基宜蘭區","本省閩南人","00","10","03",1,0.765152358366531,0.000377500943752359,0.000289926194592124,"男性 | 60歲及以上 | 高中、職 | 北北基宜蘭區 | 本省閩南人 | 00 | 10 | 03"
"男性","60歲及以上","高中、職","北北基宜蘭區","本省閩南人","01","01","01",1,0.765152358366531,0.000377500943752359,0.000289926194592124,"男性 | 60歲及以上 | 高中、職 | 北北基宜蘭區 | 本省閩南人 | 01 | 01 | 01"
"男性","60歲及以上","高中、職","北北基宜蘭區","本省閩南人","01","06","02",1,0.765152358366531,0.000377500943752359,0.000289926194592124,"男性 | 60歲及以上 | 高中、職 | 北北基宜蘭區 | 本省閩南人 | 01 | 06 | 02"
"男性","60歲及以上","高中、職","北北基宜蘭區","本省閩南人","01","07","03",1,0.765152358366531,0.000377500943752359,0.000289926194592124,"男性 | 60歲及以上 | 高中、職 | 北北基宜蘭區 | 本省閩南人 | 01 | 07 | 03"
"男性","60歲及以上","高中、職","北北基宜蘭區","本省閩南人","01","08","01",1,0.765152358366531,0.000377500943752359,0.000289926194592124,"男性 | 60歲及以上 | 高中、職 | 北北基宜蘭區 | 本省閩南人 | 01 | 08 | 01"
"男性","60歲及以上","高中、職","北北基宜蘭區","本省閩南人","02","07","00",1,0.765152358366531,0.000377500943752359,0.000289926194592124,"男性 | 60歲及以上 | 高中、職 | 北北基宜蘭區 | 本省閩南人 | 02 | 07 | 00"
"男性","60歲及以上","高中、職","北北基宜蘭區","本省閩南人","02","07","02",1,0.765152358366531,0.000377500943752359,0.000289926194592124,"男性 | 60歲及以上 | 高中、職 | 北北基宜蘭區 | 本省閩南人 | 02 | 07 | 02"
"男性","60歲及以上","高中、職","北北基宜蘭區","本省閩南人","02","08","02",1,0.765152358366531,0.000377500943752359,0.000289926194592124,"男性 | 60歲及以上 | 高中、職 | 北北基宜蘭區 | 本省閩南人 | 02 | 08 | 02"
"男性","60歲及以上","高中、職","北北基宜蘭區","本省閩南人","02","10","00",1,0.765152358366531,0.000377500943752359,0.000289926194592124,"男性 | 60歲及以上 | 高中、職 | 北北基宜蘭區 | 本省閩南人 | 02 | 10 | 00"
"男性","60歲及以上","高中、職","北北基宜蘭區","本省閩南人","03","03","03",1,0.765152358366531,0.000377500943752359,0.000289926194592124,"男性 | 60歲及以上 | 高中、職 | 北北基宜蘭區 | 本省閩南人 | 03 | 03 | 03"
"男性","60歲及以上","高中、職","北北基宜蘭區","本省閩南人","03","03","05",1,0.765152358366531,0.000377500943752359,0.000289926194592124,"男性 | 60歲及以上 | 高中、職 | 北北基宜蘭區 | 本省閩南人 | 03 | 03 | 05"
"男性","60歲及以上","高中、職","北北基宜蘭區","本省閩南人","03","07","05",1,0.765152358366531,0.000377500943752359,0.000289926194592124,"男性 | 60歲及以上 | 高中、職 | 北北基宜蘭區 | 本省閩南人 | 03 | 07 | 05"
"男性","60歲及以上","高中、職","北北基宜蘭區","本省閩南人","03","08","03",1,0.765152358366531,0.000377500943752359,0.000289926194592124,"男性 | 60歲及以上 | 高中、職 | 北北基宜蘭區 | 本省閩南人 | 03 | 08 | 03"
"男性","60歲及以上","高中、職","北北基宜蘭區","本省閩南人","04","00","06",1,0.765152358366531,0.000377500943752359,0.000289926194592124,"男性 | 60歲及以上 | 高中、職 | 北北基宜蘭區 | 本省閩南人 | 04 | 00 | 06"
"男性","60歲及以上","高中、職","北北基宜蘭區","本省閩南人","04","05","03",1,0.765152358366531,0.000377500943752359,0.000289926194592124,"男性 | 60歲及以上 | 高中、職 | 北北基宜蘭區 | 本省閩南人 | 04 | 05 | 03"
"男性","60歲及以上","高中、職","北北基宜蘭區","本省閩南人","04","06","03",1,0.765152358366531,0.000377500943752359,0.000289926194592124,"男性 | 60歲及以上 | 高中、職 | 北北基宜蘭區 | 本省閩南人 | 04 | 06 | 03"
"男性","60歲及以上","高中、職","北北基宜蘭區","本省閩南人","04","07","03",1,0.765152358366531,0.000377500943752359,0.000289926194592124,"男性 | 60歲及以上 | 高中、職 | 北北基宜蘭區 | 本省閩南人 | 04 | 07 | 03"
"男性","60歲及以上","高中、職","北北基宜蘭區","本省閩南人","04","08","05",1,0.765152358366531,0.000377500943752359,0.000289926194592124,"男性 | 60歲及以上 | 高中、職 | 北北基宜蘭區 | 本省閩南人 | 04 | 08 | 05"
"男性","60歲及以上","高中、職","北北基宜蘭區","本省閩南人","05","03","06",1,0.765152358366531,0.000377500943752359,0.000289926194592124,"男性 | 60歲及以上 | 高中、職 | 北北基宜蘭區 | 本省閩南人 | 05 | 03 | 06"
"男性","60歲及以上","高中、職","北北基宜蘭區","本省閩南人","05","05","05",1,0.765152358366531,0.000377500943752359,0.000289926194592124,"男性 | 60歲及以上 | 高中、職 | 北北基宜蘭區 | 本省閩南人 | 05 | 05 | 05"
"男性","60歲及以上","高中、職","北北基宜蘭區","本省閩南人","05","06","03",1,0.765152358366531,0.000377500943752359,0.000289926194592124,"男性 | 60歲及以上 | 高中、職 | 北北基宜蘭區 | 本省閩南人 | 05 | 06 | 03"
"男性","60歲及以上","高中、職","北北基宜蘭區","本省閩南人","05","08","03",1,0.765152358366531,0.000377500943752359,0.000289926194592124,"男性 | 60歲及以上 | 高中、職 | 北北基宜蘭區 | 本省閩南人 | 05 | 08 | 03"
"男性","60歲及以上","高中、職","北北基宜蘭區","本省閩南人","05","09","00",1,0.765152358366531,0.000377500943752359,0.000289926194592124,"男性 | 60歲及以上 | 高中、職 | 北北基宜蘭區 | 本省閩南人 | 05 | 09 | 00"
"男性","60歲及以上","高中、職","北北基宜蘭區","本省閩南人","06","01","03",1,0.765152358366531,0.000377500943752359,0.000289926194592124,"男性 | 60歲及以上 | 高中、職 | 北北基宜蘭區 | 本省閩南人 | 06 | 01 | 03"
"男性","60歲及以上","高中、職","北北基宜蘭區","本省閩南人","06","03","02",1,0.765152358366531,0.000377500943752359,0.000289926194592124,"男性 | 60歲及以上 | 高中、職 | 北北基宜蘭區 | 本省閩南人 | 06 | 03 | 02"
"男性","60歲及以上","高中、職","北北基宜蘭區","本省閩南人","06","03","04",1,0.765152358366531,0.000377500943752359,0.000289926194592124,"男性 | 60歲及以上 | 高中、職 | 北北基宜蘭區 | 本省閩南人 | 06 | 03 | 04"
"男性","60歲及以上","高中、職","北北基宜蘭區","本省閩南人","06","04","05",1,0.765152358366531,0.000377500943752359,0.000289926194592124,"男性 | 60歲及以上 | 高中、職 | 北北基宜蘭區 | 本省閩南人 | 06 | 04 | 05"
"男性","60歲及以上","高中、職","北北基宜蘭區","本省閩南人","06","08","00",1,0.765152358366531,0.000377500943752359,0.000289926194592124,"男性 | 60歲及以上 | 高中、職 | 北北基宜蘭區 | 本省閩南人 | 06 | 08 | 00"
"男性","60歲及以上","高中、職","北北基宜蘭區","本省閩南人","06","08","05",1,0.765152358366531,0.000377500943752359,0.000289926194592124,"男性 | 60歲及以上 | 高中、職 | 北北基宜蘭區 | 本省閩南人 | 06 | 08 | 05"
"男性","60歲及以上","高中、職","北北基宜蘭區","本省閩南人","07","00","03",1,0.765152358366531,0.000377500943752359,0.000289926194592124,"男性 | 60歲及以上 | 高中、職 | 北北基宜蘭區 | 本省閩南人 | 07 | 00 | 03"
"男性","60歲及以上","高中、職","北北基宜蘭區","本省閩南人","07","03","05",1,0.765152358366531,0.000377500943752359,0.000289926194592124,"男性 | 60歲及以上 | 高中、職 | 北北基宜蘭區 | 本省閩南人 | 07 | 03 | 05"
"男性","60歲及以上","高中、職","北北基宜蘭區","本省閩南人","08","01","04",1,0.765152358366531,0.000377500943752359,0.000289926194592124,"男性 | 60歲及以上 | 高中、職 | 北北基宜蘭區 | 本省閩南人 | 08 | 01 | 04"
"男性","60歲及以上","高中、職","北北基宜蘭區","本省閩南人","08","03","06",1,0.765152358366531,0.000377500943752359,0.000289926194592124,"男性 | 60歲及以上 | 高中、職 | 北北基宜蘭區 | 本省閩南人 | 08 | 03 | 06"
"男性","60歲及以上","高中、職","北北基宜蘭區","本省閩南人","10","02","02",1,0.765152358366531,0.000377500943752359,0.000289926194592124,"男性 | 60歲及以上 | 高中、職 | 北北基宜蘭區 | 本省閩南人 | 10 | 02 | 02"
"男性","60歲及以上","高中、職","桃竹苗區","大陸各省市","05","04","01",1,0.720355228927107,0.000377500943752359,0.000272951978770912,"男性 | 60歲及以上 | 高中、職 | 桃竹苗區 | 大陸各省市 | 05 | 04 | 01"
"男性","60歲及以上","高中、職","桃竹苗區","大陸各省市","07","00","03",1,0.720355228927107,0.000377500943752359,0.000272951978770912,"男性 | 60歲及以上 | 高中、職 | 桃竹苗區 | 大陸各省市 | 07 | 00 | 03"
"男性","60歲及以上","高中、職","桃竹苗區","大陸各省市","07","05","06",1,0.720355228927107,0.000377500943752359,0.000272951978770912,"男性 | 60歲及以上 | 高中、職 | 桃竹苗區 | 大陸各省市 | 07 | 05 | 06"
"男性","60歲及以上","高中、職","桃竹苗區","本省客家人","00","00","00",1,0.720355228927107,0.000377500943752359,0.000272951978770912,"男性 | 60歲及以上 | 高中、職 | 桃竹苗區 | 本省客家人 | 00 | 00 | 00"
"男性","60歲及以上","高中、職","桃竹苗區","本省客家人","00","08","00",1,0.720355228927107,0.000377500943752359,0.000272951978770912,"男性 | 60歲及以上 | 高中、職 | 桃竹苗區 | 本省客家人 | 00 | 08 | 00"
"男性","60歲及以上","高中、職","桃竹苗區","本省客家人","03","07","01",1,0.720355228927107,0.000377500943752359,0.000272951978770912,"男性 | 60歲及以上 | 高中、職 | 桃竹苗區 | 本省客家人 | 03 | 07 | 01"
"男性","60歲及以上","高中、職","桃竹苗區","本省客家人","05","04","05",1,0.720355228927107,0.000377500943752359,0.000272951978770912,"男性 | 60歲及以上 | 高中、職 | 桃竹苗區 | 本省客家人 | 05 | 04 | 05"
"男性","60歲及以上","高中、職","桃竹苗區","本省客家人","06","08","04",1,0.720355228927107,0.000377500943752359,0.000272951978770912,"男性 | 60歲及以上 | 高中、職 | 桃竹苗區 | 本省客家人 | 06 | 08 | 04"
"男性","60歲及以上","高中、職","桃竹苗區","本省客家人","08","00","05",1,0.720355228927107,0.000377500943752359,0.000272951978770912,"男性 | 60歲及以上 | 高中、職 | 桃竹苗區 | 本省客家人 | 08 | 00 | 05"
"男性","60歲及以上","高中、職","桃竹苗區","本省客家人","08","02","06",1,0.720355228927107,0.000377500943752359,0.000272951978770912,"男性 | 60歲及以上 | 高中、職 | 桃竹苗區 | 本省客家人 | 08 | 02 | 06"
"男性","60歲及以上","高中、職","桃竹苗區","本省客家人","10","02","08",1,0.720355228927107,0.000377500943752359,0.000272951978770912,"男性 | 60歲及以上 | 高中、職 | 桃竹苗區 | 本省客家人 | 10 | 02 | 08"
"男性","60歲及以上","高中、職","桃竹苗區","本省閩南人","02","05","02",1,0.720355228927107,0.000377500943752359,0.000272951978770912,"男性 | 60歲及以上 | 高中、職 | 桃竹苗區 | 本省閩南人 | 02 | 05 | 02"
"男性","60歲及以上","高中、職","桃竹苗區","本省閩南人","03","08","00",1,0.720355228927107,0.000377500943752359,0.000272951978770912,"男性 | 60歲及以上 | 高中、職 | 桃竹苗區 | 本省閩南人 | 03 | 08 | 00"
"男性","60歲及以上","高中、職","桃竹苗區","本省閩南人","05","03","00",1,0.720355228927107,0.000377500943752359,0.000272951978770912,"男性 | 60歲及以上 | 高中、職 | 桃竹苗區 | 本省閩南人 | 05 | 03 | 00"
"男性","60歲及以上","高中、職","桃竹苗區","本省閩南人","05","04","05",1,0.720355228927107,0.000377500943752359,0.000272951978770912,"男性 | 60歲及以上 | 高中、職 | 桃竹苗區 | 本省閩南人 | 05 | 04 | 05"
"男性","60歲及以上","高中、職","桃竹苗區","本省閩南人","05","05","02",1,0.720355228927107,0.000377500943752359,0.000272951978770912,"男性 | 60歲及以上 | 高中、職 | 桃竹苗區 | 本省閩南人 | 05 | 05 | 02"
"男性","60歲及以上","高中、職","桃竹苗區","本省閩南人","05","07","03",1,0.720355228927107,0.000377500943752359,0.000272951978770912,"男性 | 60歲及以上 | 高中、職 | 桃竹苗區 | 本省閩南人 | 05 | 07 | 03"
"男性","60歲及以上","高中、職","桃竹苗區","本省閩南人","06","04","05",1,0.720355228927107,0.000377500943752359,0.000272951978770912,"男性 | 60歲及以上 | 高中、職 | 桃竹苗區 | 本省閩南人 | 06 | 04 | 05"
"男性","60歲及以上","高中、職","桃竹苗區","本省閩南人","07","03","05",1,0.720355228927107,0.000377500943752359,0.000272951978770912,"男性 | 60歲及以上 | 高中、職 | 桃竹苗區 | 本省閩南人 | 07 | 03 | 05"
"男性","60歲及以上","高中、職","桃竹苗區","本省閩南人","07","04","06",1,0.720355228927107,0.000377500943752359,0.000272951978770912,"男性 | 60歲及以上 | 高中、職 | 桃竹苗區 | 本省閩南人 | 07 | 04 | 06"
"男性","60歲及以上","高中、職","花東區","大陸各省市","08","00","05",1,0.60596626391393,0.000377500943752359,0.000229608510026462,"男性 | 60歲及以上 | 高中、職 | 花東區 | 大陸各省市 | 08 | 00 | 05"
"男性","60歲及以上","高中、職","花東區","大陸各省市","09","02","05",1,0.60596626391393,0.000377500943752359,0.000229608510026462,"男性 | 60歲及以上 | 高中、職 | 花東區 | 大陸各省市 | 09 | 02 | 05"
"男性","60歲及以上","高中、職","花東區","本省閩南人","05","05","05",1,0.60596626391393,0.000377500943752359,0.000229608510026462,"男性 | 60歲及以上 | 高中、職 | 花東區 | 本省閩南人 | 05 | 05 | 05"
"男性","60歲及以上","高中、職","花東區","本省閩南人","05","08","05",1,0.60596626391393,0.000377500943752359,0.000229608510026462,"男性 | 60歲及以上 | 高中、職 | 花東區 | 本省閩南人 | 05 | 08 | 05"
"男性","60歲及以上","高中、職","花東區","本省閩南人","06","00","05",1,0.60596626391393,0.000377500943752359,0.000229608510026462,"男性 | 60歲及以上 | 高中、職 | 花東區 | 本省閩南人 | 06 | 00 | 05"
"男性","60歲及以上","高中、職","雲嘉南區","大陸各省市","04","08","01",1,0.67505163476365,0.000377500943752359,0.000255785856869128,"男性 | 60歲及以上 | 高中、職 | 雲嘉南區 | 大陸各省市 | 04 | 08 | 01"
"男性","60歲及以上","高中、職","雲嘉南區","本省閩南人","00","05","00",1,0.67505163476365,0.000377500943752359,0.000255785856869128,"男性 | 60歲及以上 | 高中、職 | 雲嘉南區 | 本省閩南人 | 00 | 05 | 00"
"男性","60歲及以上","高中、職","雲嘉南區","本省閩南人","00","08","00",1,0.67505163476365,0.000377500943752359,0.000255785856869128,"男性 | 60歲及以上 | 高中、職 | 雲嘉南區 | 本省閩南人 | 00 | 08 | 00"
"男性","60歲及以上","高中、職","雲嘉南區","本省閩南人","01","06","00",1,0.67505163476365,0.000377500943752359,0.000255785856869128,"男性 | 60歲及以上 | 高中、職 | 雲嘉南區 | 本省閩南人 | 01 | 06 | 00"
"男性","60歲及以上","高中、職","雲嘉南區","本省閩南人","02","07","03",1,0.67505163476365,0.000377500943752359,0.000255785856869128,"男性 | 60歲及以上 | 高中、職 | 雲嘉南區 | 本省閩南人 | 02 | 07 | 03"
"男性","60歲及以上","高中、職","雲嘉南區","本省閩南人","02","08","01",1,0.67505163476365,0.000377500943752359,0.000255785856869128,"男性 | 60歲及以上 | 高中、職 | 雲嘉南區 | 本省閩南人 | 02 | 08 | 01"
"男性","60歲及以上","高中、職","雲嘉南區","本省閩南人","03","06","04",1,0.67505163476365,0.000377500943752359,0.000255785856869128,"男性 | 60歲及以上 | 高中、職 | 雲嘉南區 | 本省閩南人 | 03 | 06 | 04"
"男性","60歲及以上","高中、職","雲嘉南區","本省閩南人","03","07","06",1,0.67505163476365,0.000377500943752359,0.000255785856869128,"男性 | 60歲及以上 | 高中、職 | 雲嘉南區 | 本省閩南人 | 03 | 07 | 06"
"男性","60歲及以上","高中、職","雲嘉南區","本省閩南人","03","09","03",1,0.67505163476365,0.000377500943752359,0.000255785856869128,"男性 | 60歲及以上 | 高中、職 | 雲嘉南區 | 本省閩南人 | 03 | 09 | 03"
"男性","60歲及以上","高中、職","雲嘉南區","本省閩南人","03","10","01",1,0.67505163476365,0.000377500943752359,0.000255785856869128,"男性 | 60歲及以上 | 高中、職 | 雲嘉南區 | 本省閩南人 | 03 | 10 | 01"
"男性","60歲及以上","高中、職","雲嘉南區","本省閩南人","05","00","00",1,0.67505163476365,0.000377500943752359,0.000255785856869128,"男性 | 60歲及以上 | 高中、職 | 雲嘉南區 | 本省閩南人 | 05 | 00 | 00"
"男性","60歲及以上","高中、職","雲嘉南區","本省閩南人","05","00","05",1,0.67505163476365,0.000377500943752359,0.000255785856869128,"男性 | 60歲及以上 | 高中、職 | 雲嘉南區 | 本省閩南人 | 05 | 00 | 05"
"男性","60歲及以上","高中、職","雲嘉南區","本省閩南人","05","02","05",1,0.67505163476365,0.000377500943752359,0.000255785856869128,"男性 | 60歲及以上 | 高中、職 | 雲嘉南區 | 本省閩南人 | 05 | 02 | 05"
"男性","60歲及以上","高中、職","雲嘉南區","本省閩南人","06","01","05",1,0.67505163476365,0.000377500943752359,0.000255785856869128,"男性 | 60歲及以上 | 高中、職 | 雲嘉南區 | 本省閩南人 | 06 | 01 | 05"
"男性","60歲及以上","高中、職","雲嘉南區","本省閩南人","06","04","05",1,0.67505163476365,0.000377500943752359,0.000255785856869128,"男性 | 60歲及以上 | 高中、職 | 雲嘉南區 | 本省閩南人 | 06 | 04 | 05"
"男性","60歲及以上","高中、職","雲嘉南區","本省閩南人","07","03","05",1,0.67505163476365,0.000377500943752359,0.000255785856869128,"男性 | 60歲及以上 | 高中、職 | 雲嘉南區 | 本省閩南人 | 07 | 03 | 05"
"男性","60歲及以上","高中、職","高屏區","大陸各省市","05","05","05",1,0.966851969471028,0.000377500943752359,0.000366352804350053,"男性 | 60歲及以上 | 高中、職 | 高屏區 | 大陸各省市 | 05 | 05 | 05"
"男性","60歲及以上","高中、職","高屏區","本省閩南人","00","08","00",1,0.966851969471028,0.000377500943752359,0.000366352804350053,"男性 | 60歲及以上 | 高中、職 | 高屏區 | 本省閩南人 | 00 | 08 | 00"
"男性","60歲及以上","高中、職","高屏區","本省閩南人","00","08","01",1,0.966851969471028,0.000377500943752359,0.000366352804350053,"男性 | 60歲及以上 | 高中、職 | 高屏區 | 本省閩南人 | 00 | 08 | 01"
"男性","60歲及以上","高中、職","高屏區","本省閩南人","00","10","00",1,0.966851969471028,0.000377500943752359,0.000366352804350053,"男性 | 60歲及以上 | 高中、職 | 高屏區 | 本省閩南人 | 00 | 10 | 00"
"男性","60歲及以上","高中、職","高屏區","本省閩南人","00","10","01",1,0.966851969471028,0.000377500943752359,0.000366352804350053,"男性 | 60歲及以上 | 高中、職 | 高屏區 | 本省閩南人 | 00 | 10 | 01"
"男性","60歲及以上","高中、職","高屏區","本省閩南人","00","10","05",1,0.966851969471028,0.000377500943752359,0.000366352804350053,"男性 | 60歲及以上 | 高中、職 | 高屏區 | 本省閩南人 | 00 | 10 | 05"
"男性","60歲及以上","高中、職","高屏區","本省閩南人","01","08","00",1,0.966851969471028,0.000377500943752359,0.000366352804350053,"男性 | 60歲及以上 | 高中、職 | 高屏區 | 本省閩南人 | 01 | 08 | 00"
"男性","60歲及以上","高中、職","高屏區","本省閩南人","02","07","01",1,0.966851969471028,0.000377500943752359,0.000366352804350053,"男性 | 60歲及以上 | 高中、職 | 高屏區 | 本省閩南人 | 02 | 07 | 01"
"男性","60歲及以上","高中、職","高屏區","本省閩南人","02","07","03",1,0.966851969471028,0.000377500943752359,0.000366352804350053,"男性 | 60歲及以上 | 高中、職 | 高屏區 | 本省閩南人 | 02 | 07 | 03"
"男性","60歲及以上","高中、職","高屏區","本省閩南人","02","08","02",1,0.966851969471028,0.000377500943752359,0.000366352804350053,"男性 | 60歲及以上 | 高中、職 | 高屏區 | 本省閩南人 | 02 | 08 | 02"
"男性","60歲及以上","高中、職","高屏區","本省閩南人","03","05","03",1,0.966851969471028,0.000377500943752359,0.000366352804350053,"男性 | 60歲及以上 | 高中、職 | 高屏區 | 本省閩南人 | 03 | 05 | 03"
"男性","60歲及以上","高中、職","高屏區","本省閩南人","03","06","00",1,0.966851969471028,0.000377500943752359,0.000366352804350053,"男性 | 60歲及以上 | 高中、職 | 高屏區 | 本省閩南人 | 03 | 06 | 00"
"男性","60歲及以上","高中、職","高屏區","本省閩南人","03","08","00",1,0.966851969471028,0.000377500943752359,0.000366352804350053,"男性 | 60歲及以上 | 高中、職 | 高屏區 | 本省閩南人 | 03 | 08 | 00"
"男性","60歲及以上","高中、職","高屏區","本省閩南人","03","10","00",1,0.966851969471028,0.000377500943752359,0.000366352804350053,"男性 | 60歲及以上 | 高中、職 | 高屏區 | 本省閩南人 | 03 | 10 | 00"
"男性","60歲及以上","高中、職","高屏區","本省閩南人","04","09","00",1,0.966851969471028,0.000377500943752359,0.000366352804350053,"男性 | 60歲及以上 | 高中、職 | 高屏區 | 本省閩南人 | 04 | 09 | 00"
"男性","60歲及以上","高中、職","高屏區","本省閩南人","05","06","04",1,0.966851969471028,0.000377500943752359,0.000366352804350053,"男性 | 60歲及以上 | 高中、職 | 高屏區 | 本省閩南人 | 05 | 06 | 04"
"男性","60歲及以上","高中、職","高屏區","本省閩南人","05","07","03",1,0.966851969471028,0.000377500943752359,0.000366352804350053,"男性 | 60歲及以上 | 高中、職 | 高屏區 | 本省閩南人 | 05 | 07 | 03"
"男性","60歲及以上","高中、職","高屏區","本省閩南人","06","05","06",1,0.966851969471028,0.000377500943752359,0.000366352804350053,"男性 | 60歲及以上 | 高中、職 | 高屏區 | 本省閩南人 | 06 | 05 | 06"
"男性","60歲及以上","高中、職","高屏區","本省閩南人","06","09","07",1,0.966851969471028,0.000377500943752359,0.000366352804350053,"男性 | 60歲及以上 | 高中、職 | 高屏區 | 本省閩南人 | 06 | 09 | 07"
"男性","60歲及以上","高中、職","高屏區","本省閩南人","08","02","05",1,0.966851969471028,0.000377500943752359,0.000366352804350053,"男性 | 60歲及以上 | 高中、職 | 高屏區 | 本省閩南人 | 08 | 02 | 05"
